run_id,entity_id,source_url,room_id,name,details,area_m2,max_adults,max_children,bed_description,view,extra_bed_allowed,extra_bed_count,image_urls
80c248dd5eb3,025416558ee11fc3f41814a0,https://www.bestprice.vn/khach-san/muong-thanh-holiday-da-lat-212.html,room_detail_6538_2_,Phòng Superior,"[""28m 2"", ""2 người lớn, 2 trẻ em"", ""Hướng vườn"", ""2 giường đơn / 1 giường đôi""]",28.0,2,2,2 giường đơn / 1 giường đôi,Hướng vườn,True,1,"[""https://owa.bestprice.vn/images/hotels/uploads/muong-thanh-holiday-da-lat-64e7294590dcf.jpg"", ""https://owa.bestprice.vn/images/hotels/uploads/muong-thanh-holiday-da-lat-64e7294590d44.jpg"", ""https://owa.bestprice.vn/images/hotels/uploads/muong-thanh-holiday-da-lat-64e7294590cb9.jpg"", ""https://owa.bestprice.vn/images/hotels/uploads/muong-thanh-holiday-da-lat-64e7294590c2b.jpg"", ""https://owa.bestprice.vn/images/hotels/uploads/muong-thanh-holiday-da-lat-64e7294590b8f.jpg""]"
80c248dd5eb3,025416558ee11fc3f41814a0,https://www.bestprice.vn/khach-san/muong-thanh-holiday-da-lat-212.html,room_detail_6539_2_,Phòng Deluxe,"[""0m 2"", ""2 người lớn, 2 trẻ em"", ""Hướng vườn"", ""2 giường đơn / 1 giường đôi""]",0.0,2,2,2 giường đơn / 1 giường đôi,Hướng vườn,True,1,"[""https://owa.bestprice.vn/images/hotels/uploads/muong-thanh-holiday-da-lat-64e7295721104.jpg"", ""https://owa.bestprice.vn/images/hotels/uploads/muong-thanh-holiday-da-lat-64e7295721191.jpg"", ""https://owa.bestprice.vn/images/hotels/uploads/muong-thanh-holiday-da-lat-64e7295721067.jpg"", ""https://owa.bestprice.vn/images/hotels/uploads/muong-thanh-holiday-da-lat-64e729572121d.jpg""]"
80c248dd5eb3,025416558ee11fc3f41814a0,https://www.bestprice.vn/khach-san/muong-thanh-holiday-da-lat-212.html,room_detail_6540_3_,Phòng Deluxe Triple,"[""54m 2"", ""3 người lớn, 2 trẻ em"", ""Hướng vườn"", ""1 Giường đôi & 2 Giường đơn""]",54.0,3,2,1 Giường đôi & 2 Giường đơn,Hướng vườn,True,1,"[""https://owa.bestprice.vn/images/hotels/uploads/muong-thanh-holiday-da-lat-64e72965d45bd.jpg"", ""https://owa.bestprice.vn/images/hotels/uploads/muong-thanh-holiday-da-lat-64e72965d4658.jpg"", ""https://owa.bestprice.vn/images/hotels/uploads/muong-thanh-holiday-da-lat-64e72965d46e5.jpg"", ""https://owa.bestprice.vn/images/hotels/uploads/muong-thanh-holiday-da-lat-64e72965d4771.jpg""]"
80c248dd5eb3,025416558ee11fc3f41814a0,https://www.bestprice.vn/khach-san/muong-thanh-holiday-da-lat-212.html,room_detail_6541_2_,Phòng Excutive Suite,"[""70m 2"", ""2 người lớn, 2 trẻ em"", ""Hướng thành phố"", ""1 giường lớn""]",70.0,2,2,1 giường lớn,Hướng thành phố,True,1,"[""https://owa.bestprice.vn/images/hotels/uploads/muong-thanh-holiday-da-lat-64e7297529592.jpg"", ""https://owa.bestprice.vn/images/hotels/uploads/muong-thanh-holiday-da-lat-64e729752962c.jpg"", ""https://owa.bestprice.vn/images/hotels/uploads/muong-thanh-holiday-da-lat-64e72975296b9.jpg"", ""https://owa.bestprice.vn/images/hotels/uploads/muong-thanh-holiday-da-lat-64e7297529745.jpg""]"
80c248dd5eb3,02f55a1f429997e624b5defa,https://www.bestprice.vn/khach-san/melia-vinpearl-ha-tinh-1401.html,room_detail_6066_2_,Deluxe Room,"[""30m 2"", ""2 người lớn, 2 trẻ em"", ""Hướng thành phố"", ""2 giường đơn / 1 giường đôi""]",30.0,2,2,2 giường đơn / 1 giường đôi,Hướng thành phố,True,1,"[""https://owa.bestprice.vn/images/hotels/uploads/vinpearl-hotel-ha-tinh-5f3f2efb8062a.jpg""]"
80c248dd5eb3,02f55a1f429997e624b5defa,https://www.bestprice.vn/khach-san/melia-vinpearl-ha-tinh-1401.html,room_detail_18652_2_,Deluxe Corner Room,"[""30m 2"", ""2 người lớn, 2 trẻ em"", ""Hướng thành phố"", ""2 giường đơn / 1 giường đôi""]",30.0,2,2,2 giường đơn / 1 giường đôi,Hướng thành phố,True,1,"[""https://owa.bestprice.vn/images/hotels/uploads/vinpearl-hotel-ha-tinh-5f3f2efb806b1.jpg""]"
80c248dd5eb3,02f55a1f429997e624b5defa,https://www.bestprice.vn/khach-san/melia-vinpearl-ha-tinh-1401.html,room_detail_6441_2_,Premium Room,"[""39m 2"", ""2 người lớn, 2 trẻ em"", ""Hướng thành phố"", ""2 giường đơn / 1 giường đôi""]",39.0,2,2,2 giường đơn / 1 giường đôi,Hướng thành phố,True,1,"[""https://owa.bestprice.vn/images/hotels/uploads/vinpearl-hotel-ha-tinh-5f3f2f5535e0b.jpg"", ""https://owa.bestprice.vn/images/hotels/uploads/vinpearl-hotel-ha-tinh-5f3f2f5535ebe.jpg""]"
80c248dd5eb3,02f55a1f429997e624b5defa,https://www.bestprice.vn/khach-san/melia-vinpearl-ha-tinh-1401.html,room_detail_18653_2_,Premium Corner Room,"[""39m 2"", ""2 người lớn, 2 trẻ em"", ""Hướng thành phố"", ""2 giường đơn / 1 giường đôi""]",39.0,2,2,2 giường đơn / 1 giường đôi,Hướng thành phố,True,1,"[""https://owa.bestprice.vn/images/hotels/uploads/vinpearl-hotel-ha-tinh-5f3f2f5535f3e.jpg"", ""https://owa.bestprice.vn/images/hotels/uploads/vinpearl-hotel-ha-tinh-5f3f2f5535ebe.jpg""]"
80c248dd5eb3,02f55a1f429997e624b5defa,https://www.bestprice.vn/khach-san/melia-vinpearl-ha-tinh-1401.html,room_detail_6067_2_,Suite Room,"[""73m 2"", ""2 người lớn, 2 trẻ em"", ""Hướng thành phố"", ""1 giường lớn""]",73.0,2,2,1 giường lớn,Hướng thành phố,True,1,"[""https://owa.bestprice.vn/images/hotels/uploads/vinpearl-hotel-ha-tinh-5f3f3177549f8.jpg"", ""https://owa.bestprice.vn/images/hotels/uploads/vinpearl-hotel-ha-tinh-5f3f317754aa5.jpg""]"
80c248dd5eb3,03df2e1042d51c21ba040502,https://www.bestprice.vn/khach-san/vinpearl-resort-nha-trang-13.html,room_detail_20279_2_,Deluxe Queen Room,"[""35m 2"", ""2 người lớn, 2 trẻ em"", ""Hướng vườn"", ""1 giường đôi""]",35.0,2,2,1 giường đôi,Hướng vườn,True,1,"[""https://owa.bestprice.vn/images/hotels/uploads/vinpearl-resort-nha-trang-65cf0f89b34f4.jpg"", ""https://owa.bestprice.vn/images/hotels/uploads/vinpearl-resort-nha-trang-65cf0f89b3681.jpg""]"
80c248dd5eb3,03df2e1042d51c21ba040502,https://www.bestprice.vn/khach-san/vinpearl-resort-nha-trang-13.html,room_detail_42_2_,Deluxe Twin Room,"[""32m 2"", ""2 người lớn, 2 trẻ em"", ""Hướng núi"", ""2 giường đơn""]",32.0,2,2,2 giường đơn,Hướng núi,True,1,"[""https://owa.bestprice.vn/images/hotels/uploads/vinpearl-resort-nha-trang-65cf0f89b3578.jpg"", ""https://owa.bestprice.vn/images/hotels/uploads/vinpearl-resort-nha-trang-65cf0f89b325d.jpg""]"
80c248dd5eb3,03df2e1042d51c21ba040502,https://www.bestprice.vn/khach-san/vinpearl-resort-nha-trang-13.html,room_detail_20282_2_,Deluxe Queen Ocean View,"[""32m 2"", ""2 người lớn, 2 trẻ em"", ""Hướng biển"", ""1 giường lớn""]",32.0,2,2,1 giường lớn,Hướng biển,True,1,"[""https://owa.bestprice.vn/images/hotels/uploads/vinpearl-resort-nha-trang-634293ad34037.jpg""]"
80c248dd5eb3,03df2e1042d51c21ba040502,https://www.bestprice.vn/khach-san/vinpearl-resort-nha-trang-13.html,room_detail_6659_2_,Deluxe Twin Ocean View,"[""32m 2"", ""2 người lớn, 2 trẻ em"", ""Hướng biển"", ""2 giường đơn""]",32.0,2,2,2 giường đơn,Hướng biển,True,1,"[""https://owa.bestprice.vn/images/hotels/uploads/vinpearl-resort-nha-trang-634293ad33f92.jpg"", ""https://owa.bestprice.vn/images/hotels/uploads/vinpearl-resort-nha-trang-65cf0f89b3892.jpg""]"
80c248dd5eb3,03df2e1042d51c21ba040502,https://www.bestprice.vn/khach-san/vinpearl-resort-nha-trang-13.html,room_detail_43_2_,Deluxe Suite King Ocean View,"[""52m 2"", ""2 người lớn, 2 trẻ em"", ""Hướng biển"", ""1 giường lớn""]",52.0,2,2,1 giường lớn,Hướng biển,True,1,"[""https://owa.bestprice.vn/images/hotels/uploads/vinpearl-resort-nha-trang-6342935e7ab76.jpg"", ""https://owa.bestprice.vn/images/hotels/uploads/vinpearl-resort-nha-trang-6342935e7aae2.jpg""]"
80c248dd5eb3,03df2e1042d51c21ba040502,https://www.bestprice.vn/khach-san/vinpearl-resort-nha-trang-13.html,room_detail_46_2_,Grand Deluxe Twin,"[""42m 2"", ""2 người lớn, 2 trẻ em"", ""Hướng vườn"", ""2 giường đơn""]",42.0,2,2,2 giường đơn,Hướng vườn,True,1,"[""https://owa.bestprice.vn/images/hotels/uploads/vinpearl-resort-nha-trang-65cf0f89b3151.jpg"", ""https://owa.bestprice.vn/images/hotels/uploads/vinpearl-resort-nha-trang-65cf0f89b32e2.jpg""]"
80c248dd5eb3,03df2e1042d51c21ba040502,https://www.bestprice.vn/khach-san/vinpearl-resort-nha-trang-13.html,room_detail_20280_2_,Grand Deluxe Queen,"[""42m 2"", ""2 người lớn, 2 trẻ em"", ""Hướng vườn"", ""1 giường lớn""]",42.0,2,2,1 giường lớn,Hướng vườn,True,1,"[""https://owa.bestprice.vn/images/hotels/uploads/vinpearl-resort-nha-trang-65cf0f89b3073.jpg"", ""https://owa.bestprice.vn/images/hotels/uploads/vinpearl-resort-nha-trang-65cf0f89b35fc.jpg""]"
80c248dd5eb3,03df2e1042d51c21ba040502,https://www.bestprice.vn/khach-san/vinpearl-resort-nha-trang-13.html,room_detail_47_2_,Grand Deluxe Twin Ocean View,"[""42m 2"", ""2 người lớn, 2 trẻ em"", ""Hướng vườn"", ""2 giường đơn""]",42.0,2,2,2 giường đơn,Hướng vườn,True,1,"[""https://owa.bestprice.vn/images/hotels/uploads/vinpearl-resort-nha-trang-65cf0f89b378a.jpg"", ""https://owa.bestprice.vn/images/hotels/uploads/vinpearl-resort-nha-trang-65cf0f89b33eb.jpg""]"
80c248dd5eb3,03df2e1042d51c21ba040502,https://www.bestprice.vn/khach-san/vinpearl-resort-nha-trang-13.html,room_detail_49_2_,Grand Deluxe Queen Ocean View,"[""42m 2"", ""2 người lớn, 2 trẻ em"", ""Hướng biển"", ""1 giường đôi""]",42.0,2,2,1 giường đôi,Hướng biển,True,1,"[""https://owa.bestprice.vn/images/hotels/uploads/vinpearl-resort-nha-trang-65cf0f89b3705.jpg"", ""https://owa.bestprice.vn/images/hotels/uploads/vinpearl-resort-nha-trang-65cf0f89b3916.jpg""]"
80c248dd5eb3,03df2e1042d51c21ba040502,https://www.bestprice.vn/khach-san/vinpearl-resort-nha-trang-13.html,room_detail_53_2_,Grand Deluxe Suite King Ocean View,"[""73m 2"", ""2 người lớn, 2 trẻ em"", ""Hướng biển"", ""1 giường lớn""]",73.0,2,2,1 giường lớn,Hướng biển,True,1,"[""https://owa.bestprice.vn/images/hotels/uploads/vinpearl-resort-nha-trang-634299ac83c7e.jpg"", ""https://owa.bestprice.vn/images/hotels/uploads/vinpearl-resort-nha-trang-63429a55729a9.jpg""]"
80c248dd5eb3,03df2e1042d51c21ba040502,https://www.bestprice.vn/khach-san/vinpearl-resort-nha-trang-13.html,room_detail_44_2_,Junior Suite King Hill View,"[""52m 2"", ""2 người lớn, 2 trẻ em"", ""Hướng núi"", ""1 giường lớn""]",52.0,2,2,1 giường lớn,Hướng núi,True,1,"[""https://owa.bestprice.vn/images/hotels/uploads/vinpearl-resort-nha-trang-65cf0f89b380d.jpg"", ""https://owa.bestprice.vn/images/hotels/uploads/vinpearl-resort-nha-trang-65cf0f89b3367.jpg""]"
80c248dd5eb3,03df2e1042d51c21ba040502,https://www.bestprice.vn/khach-san/vinpearl-resort-nha-trang-13.html,room_detail_20281_2_,Grand Junior Suite King Hill View,"[""52m 2"", ""2 người lớn, 2 trẻ em"", ""Hướng núi"", ""1 giường lớn""]",52.0,2,2,1 giường lớn,Hướng núi,True,1,"[""https://owa.bestprice.vn/images/hotels/uploads/vinpearl-resort-nha-trang-65cf0f89b31d8.jpg"", ""https://owa.bestprice.vn/images/hotels/uploads/vinpearl-resort-nha-trang-65cf0f89b346f.jpg""]"
80c248dd5eb3,03df2e1042d51c21ba040502,https://www.bestprice.vn/khach-san/vinpearl-resort-nha-trang-13.html,room_detail_6660_6_,Villa 3-Bedroom Ocean View,"[""240m 2"", ""6 người lớn, 4 trẻ em"", ""Hướng biển"", ""3 giường đôi""]",240.0,6,4,3 giường đôi,Hướng biển,,,"[""https://owa.bestprice.vn/images/hotels/uploads/vinpearl-resort-nha-trang-6342923176b04.jpg"", ""https://owa.bestprice.vn/images/hotels/uploads/vinpearl-resort-nha-trang-634292317664d.jpg"", ""https://owa.bestprice.vn/images/hotels/uploads/vinpearl-resort-nha-trang-634292317685d.jpg""]"
80c248dd5eb3,03df2e1042d51c21ba040502,https://www.bestprice.vn/khach-san/vinpearl-resort-nha-trang-13.html,room_detail_14169_6_,Tropicana Villa 3-Bedroom Beachfront,"[""240m 2"", ""6 người lớn, 4 trẻ em"", ""Hướng biển"", ""3 giường đôi""]",240.0,6,4,3 giường đôi,Hướng biển,,,"[""https://owa.bestprice.vn/images/hotels/uploads/vinpearl-resort-nha-trang-63429b263dae4.jpg"", ""https://owa.bestprice.vn/images/hotels/uploads/vinpearl-resort-nha-trang-63429b263db7b.jpg""]"
80c248dd5eb3,06c58f5715c56821f479fd69,https://www.bestprice.vn/khach-san/flc-grand-hotel-ha-long-1515.html,room_detail_6946_2_,Deluxe Golf View,"[""42m 2"", ""2 người lớn, 2 trẻ em"", ""Hướng công viên"", ""2 giường đơn / 1 giường đôi""]",42.0,2,2,2 giường đơn / 1 giường đôi,Hướng công viên,True,1,"[""https://owa.bestprice.vn/images/hotels/uploads/flc-grand-hotel-ha-long-646dd4c615667.jpg"", ""https://owa.bestprice.vn/images/hotels/uploads/flc-grand-hotel-ha-long-646dd4c6155e7.jpg""]"
80c248dd5eb3,06c58f5715c56821f479fd69,https://www.bestprice.vn/khach-san/flc-grand-hotel-ha-long-1515.html,room_detail_6947_2_,Deluxe Bay View,"[""42m 2"", ""2 người lớn, 2 trẻ em"", ""Hướng biển"", ""2 giường đơn / 1 giường đôi""]",42.0,2,2,2 giường đơn / 1 giường đôi,Hướng biển,True,1,"[""https://owa.bestprice.vn/images/hotels/uploads/flc-grand-hotel-ha-long-646dd4c615568.jpg"", ""https://owa.bestprice.vn/images/hotels/uploads/flc-grand-hotel-ha-long-646dd4c615a78.jpg""]"
80c248dd5eb3,06c58f5715c56821f479fd69,https://www.bestprice.vn/khach-san/flc-grand-hotel-ha-long-1515.html,room_detail_8893_2_,Premium Deluxe Golf View,"[""42m 2"", ""2 người lớn, 2 trẻ em"", ""Hướng công viên"", ""2 giường đơn / 1 giường đôi""]",42.0,2,2,2 giường đơn / 1 giường đôi,Hướng công viên,True,1,"[""https://owa.bestprice.vn/images/hotels/uploads/flc-grand-hotel-ha-long-646dd4c615bf6.jpg"", ""https://owa.bestprice.vn/images/hotels/uploads/flc-grand-hotel-ha-long-646dd4c615469.jpg""]"
80c248dd5eb3,06c58f5715c56821f479fd69,https://www.bestprice.vn/khach-san/flc-grand-hotel-ha-long-1515.html,room_detail_8895_2_,Premium Deluxe Bay View,"[""42m 2"", ""2 người lớn, 2 trẻ em"", ""Hướng biển"", ""2 giường đơn / 1 giường đôi""]",42.0,2,2,2 giường đơn / 1 giường đôi,Hướng biển,True,1,"[""https://owa.bestprice.vn/images/hotels/uploads/flc-grand-hotel-ha-long-646dd4c615b77.jpg"", ""https://owa.bestprice.vn/images/hotels/uploads/flc-grand-hotel-ha-long-646dd4c615af7.jpg""]"
80c248dd5eb3,06c58f5715c56821f479fd69,https://www.bestprice.vn/khach-san/flc-grand-hotel-ha-long-1515.html,room_detail_8897_4_,Grand Suite Golf View,"[""88m 2"", ""4 người lớn, 2 trẻ em"", ""Hướng công viên"", ""1 Giường đôi & 2 Giường đơn""]",88.0,4,2,1 Giường đôi & 2 Giường đơn,Hướng công viên,True,1,"[""https://owa.bestprice.vn/images/hotels/uploads/flc-grand-hotel-ha-long-646dd4c615872.jpg"", ""https://owa.bestprice.vn/images/hotels/uploads/flc-grand-hotel-ha-long-646dd4c615360.jpg""]"
80c248dd5eb3,06c58f5715c56821f479fd69,https://www.bestprice.vn/khach-san/flc-grand-hotel-ha-long-1515.html,room_detail_8899_4_,Grand Suite Bay View,"[""88m 2"", ""4 người lớn, 2 trẻ em"", ""Hướng biển"", ""1 Giường đôi & 2 Giường đơn""]",88.0,4,2,1 Giường đôi & 2 Giường đơn,Hướng biển,True,1,"[""https://owa.bestprice.vn/images/hotels/uploads/flc-grand-hotel-ha-long-646dd4c61597a.jpg"", ""https://owa.bestprice.vn/images/hotels/uploads/flc-grand-hotel-ha-long-646dd4c6157e4.jpg""]"
80c248dd5eb3,06c58f5715c56821f479fd69,https://www.bestprice.vn/khach-san/flc-grand-hotel-ha-long-1515.html,room_detail_8903_2_,Club Deluxe Golf View,"[""42m 2"", ""2 người lớn, 2 trẻ em"", ""Hướng công viên"", ""2 giường đơn / 1 giường đôi""]",42.0,2,2,2 giường đơn / 1 giường đôi,Hướng công viên,True,1,"[""https://owa.bestprice.vn/images/hotels/uploads/flc-grand-hotel-ha-long-646dd4c6154e9.jpg"", ""https://owa.bestprice.vn/images/hotels/uploads/flc-grand-hotel-ha-long-646dd4c6159f9.jpg""]"
80c248dd5eb3,06c58f5715c56821f479fd69,https://www.bestprice.vn/khach-san/flc-grand-hotel-ha-long-1515.html,room_detail_8905_2_,Club Deluxe Bay View,"[""42m 2"", ""2 người lớn, 2 trẻ em"", ""Hướng biển"", ""2 giường đơn / 1 giường đôi""]",42.0,2,2,2 giường đơn / 1 giường đôi,Hướng biển,True,1,"[""https://owa.bestprice.vn/images/hotels/uploads/flc-grand-hotel-ha-long-646dd942b1961.jpg"", ""https://owa.bestprice.vn/images/hotels/uploads/flc-grand-hotel-ha-long-646dd942b18d2.jpg""]"
80c248dd5eb3,06c58f5715c56821f479fd69,https://www.bestprice.vn/khach-san/flc-grand-hotel-ha-long-1515.html,room_detail_8907_4_,Club Suite Bay View,"[""88m 2"", ""4 người lớn, 2 trẻ em"", ""Hướng biển"", ""2 giường đôi / 1 Giường đôi & 2 Giường đơn""]",88.0,4,2,2 giường đôi / 1 Giường đôi & 2 Giường đơn,Hướng biển,True,1,"[""https://owa.bestprice.vn/images/hotels/uploads/flc-grand-hotel-ha-long-646dd942b18d2.jpg"", ""https://owa.bestprice.vn/images/hotels/uploads/flc-grand-hotel-ha-long-646dd942b1961.jpg""]"
80c248dd5eb3,06c58f5715c56821f479fd69,https://www.bestprice.vn/khach-san/flc-grand-hotel-ha-long-1515.html,room_detail_8901_6_,Presitige Suite Bay View,"[""137m 2"", ""6 người lớn, 3 trẻ em"", ""Hướng biển"", ""3 giường đôi""]",137.0,6,3,3 giường đôi,Hướng biển,True,1,"[""https://owa.bestprice.vn/images/hotels/uploads/flc-grand-hotel-ha-long-646dd4c615872.jpg"", ""https://owa.bestprice.vn/images/hotels/uploads/flc-grand-hotel-ha-long-646dd942b1be4.jpg""]"
80c248dd5eb3,07b7e33887bae4f2c6d50f89,https://www.bestprice.vn/khach-san/muong-thanh-luxury-can-tho-1468.html,room_detail_6611_2_,Deluxe King/Twin,"[""32m 2"", ""2 người lớn, 1 trẻ em"", ""Hướng thành phố"", ""2 giường đơn / 1 giường lớn""]",32.0,2,1,2 giường đơn / 1 giường lớn,Hướng thành phố,True,1,"[""https://owa.bestprice.vn/images/hotels/uploads/khach-san-muong-thanh-luxury-can-tho-5ba0b76fc81e0.jpg""]"
80c248dd5eb3,07b7e33887bae4f2c6d50f89,https://www.bestprice.vn/khach-san/muong-thanh-luxury-can-tho-1468.html,room_detail_6612_2_,Deluxe Triple/ Family Triple,"[""38m 2"", ""2 người lớn, 1 trẻ em"", ""Hướng sông"", ""1 Giường đôi & 1 Giường đơn""]",38.0,2,1,1 Giường đôi & 1 Giường đơn,Hướng sông,True,1,"[""https://owa.bestprice.vn/images/hotels/uploads/khach-san-muong-thanh-luxury-can-tho-5ba0b81b113e9.jpg""]"
80c248dd5eb3,07b7e33887bae4f2c6d50f89,https://www.bestprice.vn/khach-san/muong-thanh-luxury-can-tho-1468.html,room_detail_6613_2_,Executive Suite,"[""68m 2"", ""2 người lớn, 1 trẻ em"", ""Hướng sông"", ""1 giường lớn""]",68.0,2,1,1 giường lớn,Hướng sông,True,1,"[""https://owa.bestprice.vn/images/hotels/uploads/khach-san-muong-thanh-luxury-can-tho-5ba0b86107cd7.jpg""]"
80c248dd5eb3,07b7e33887bae4f2c6d50f89,https://www.bestprice.vn/khach-san/muong-thanh-luxury-can-tho-1468.html,room_detail_6614_2_,Royal Suite,"[""350m 2"", ""2 người lớn, 1 trẻ em"", ""Hướng sông"", ""1 giường lớn""]",350.0,2,1,1 giường lớn,Hướng sông,True,1,"[""https://owa.bestprice.vn/images/hotels/uploads/khach-san-muong-thanh-luxury-can-tho-5ba0b81b11494.jpg""]"
80c248dd5eb3,07b7e33887bae4f2c6d50f89,https://www.bestprice.vn/khach-san/muong-thanh-luxury-can-tho-1468.html,room_detail_6615_2_,Presidential Suite,"[""600m 2"", ""2 người lớn, 1 trẻ em"", ""Hướng sông"", ""1 giường lớn""]",600.0,2,1,1 giường lớn,Hướng sông,True,1,"[""https://owa.bestprice.vn/images/hotels/uploads/khach-san-muong-thanh-luxury-can-tho-5ba0b8ee53fc0.jpg""]"
80c248dd5eb3,0901a08cf769286a475b4060,https://www.bestprice.vn/khach-san/fivitel-da-nang-1436.html,room_detail_6364_2_,Superior Twin/ Double (River/City View),"[""30m 2"", ""2 người lớn, 1 trẻ em"", ""Hướng thành phố"", ""1 giường đôi""]",30.0,2,1,1 giường đôi,Hướng thành phố,True,1,"[""https://owa.bestprice.vn/images/hotels/uploads/khach-san-fivitel-5f38f01ca7f7a.jpg"", ""https://owa.bestprice.vn/images/hotels/uploads/khach-san-fivitel-5f38f19820b73.jpg""]"
80c248dd5eb3,0901a08cf769286a475b4060,https://www.bestprice.vn/khach-san/fivitel-da-nang-1436.html,room_detail_6365_2_,Deluxe Twin/Double (River/City View),"[""35m 2"", ""2 người lớn, 1 trẻ em"", ""Hướng thành phố"", ""2 giường đơn""]",35.0,2,1,2 giường đơn,Hướng thành phố,True,1,"[""https://owa.bestprice.vn/images/hotels/uploads/khach-san-fivitel-5c8c79c458cb3.jpg"", ""https://owa.bestprice.vn/images/hotels/uploads/khach-san-fivitel-5c8c79c458ecc.jpg""]"
80c248dd5eb3,0901a08cf769286a475b4060,https://www.bestprice.vn/khach-san/fivitel-da-nang-1436.html,room_detail_6366_2_,Suite River View,"[""36m 2"", ""2 người lớn, 1 trẻ em"", ""Hướng sông"", ""1 giường đôi""]",36.0,2,1,1 giường đôi,Hướng sông,True,1,"[""https://owa.bestprice.vn/images/hotels/uploads/khach-san-fivitel-5f335f486fcef.jpg""]"
80c248dd5eb3,0901a08cf769286a475b4060,https://www.bestprice.vn/khach-san/fivitel-da-nang-1436.html,room_detail_6367_4_,Family River/City View,"[""38m 2"", ""4 người lớn, 1 trẻ em"", ""Hướng thành phố"", ""1 giường đơn / 1 giường đôi""]",38.0,4,1,1 giường đơn / 1 giường đôi,Hướng thành phố,True,1,"[""https://owa.bestprice.vn/images/hotels/uploads/khach-san-fivitel-5c8c79c458e1a.jpg""]"
80c248dd5eb3,0901a08cf769286a475b4060,https://www.bestprice.vn/khach-san/fivitel-da-nang-1436.html,room_detail_6368_2_,President,"[""90m 2"", ""2 người lớn, 1 trẻ em"", ""Hướng thành phố"", ""1 giường đôi""]",90.0,2,1,1 giường đôi,Hướng thành phố,True,1,"[""https://owa.bestprice.vn/images/hotels/uploads/fivitel-da-nang-64803fdfedd40.jpg""]"
80c248dd5eb3,0901a08cf769286a475b4060,https://www.bestprice.vn/khach-san/fivitel-da-nang-1436.html,room_detail_6370_2_,Apartment (1 bedroom),"[""65m 2"", ""2 người lớn, 1 trẻ em"", ""Hướng thành phố"", ""1 giường đơn / 1 giường đôi""]",65.0,2,1,1 giường đơn / 1 giường đôi,Hướng thành phố,True,1,"[""https://owa.bestprice.vn/images/hotels/uploads/khach-san-fivitel-5f335c4251b3e.jpg""]"
80c248dd5eb3,0901a08cf769286a475b4060,https://www.bestprice.vn/khach-san/fivitel-da-nang-1436.html,room_detail_6369_4_,Apartment (2 bedroom),"[""100m 2"", ""4 người lớn, 1 trẻ em"", ""Hướng thành phố"", ""1 giường đôi""]",100.0,4,1,1 giường đôi,Hướng thành phố,True,1,"[""https://owa.bestprice.vn/images/hotels/uploads/khach-san-fivitel-5f33592a604e3.jpg""]"
80c248dd5eb3,0999f5b11e5432190dd27d2f,https://www.bestprice.vn/khach-san/banyan-tree-lang-co-hotels-resort-530.html,room_detail_10295_2_,Phòng Lagoon Pool Villa (1 PN),"[""131m 2"", ""2 người lớn, 1 trẻ em"", ""Hướng hồ bơi"", ""1 giường lớn""]",131.0,2,1,1 giường lớn,Hướng hồ bơi,True,1,"[""https://owa.bestprice.vn/images/hotels/uploads/banyan-tree-lang-co-hotels-resort-633f9614ee8bd.jpg"", ""https://owa.bestprice.vn/images/hotels/uploads/banyan-tree-lang-co-hotels-resort-633f9628a5770.jpg"", ""https://owa.bestprice.vn/images/hotels/uploads/banyan-tree-lang-co-hotels-resort-633f9646d0540.jpg""]"
80c248dd5eb3,0999f5b11e5432190dd27d2f,https://www.bestprice.vn/khach-san/banyan-tree-lang-co-hotels-resort-530.html,room_detail_10297_2_,Phòng Beach Pool Villa (1 PN),"[""124m 2"", ""2 người lớn, 1 trẻ em"", ""Hướng bãi biển"", ""1 giường lớn""]",124.0,2,1,1 giường lớn,Hướng bãi biển,True,1,"[""https://owa.bestprice.vn/images/hotels/uploads/banyan-tree-lang-co-hotels-resort-633f9660e9d61.jpg"", ""https://owa.bestprice.vn/images/hotels/uploads/banyan-tree-lang-co-hotels-resort-633f9675eb8ea.jpg"", ""https://owa.bestprice.vn/images/hotels/uploads/banyan-tree-lang-co-hotels-resort-633f9688cddb2.jpg""]"
80c248dd5eb3,0999f5b11e5432190dd27d2f,https://www.bestprice.vn/khach-san/banyan-tree-lang-co-hotels-resort-530.html,room_detail_18666_2_,Phòng Wellbeing Pool Villa,"[""124m 2"", ""2 người lớn, 1 trẻ em"", ""Hướng hồ bơi"", ""2 giường đơn / 1 giường lớn""]",124.0,2,1,2 giường đơn / 1 giường lớn,Hướng hồ bơi,True,1,"[""https://owa.bestprice.vn/images/hotels/uploads/banyan-tree-lang-co-hotels-resort-633f9ac692288.jpg"", ""https://owa.bestprice.vn/images/hotels/uploads/banyan-tree-lang-co-hotels-resort-633f974a8ad1d.jpg"", ""https://owa.bestprice.vn/images/hotels/uploads/banyan-tree-lang-co-hotels-resort-633f978263e72.jpg"", ""https://owa.bestprice.vn/images/hotels/uploads/banyan-tree-lang-co-hotels-resort-633f9ad75b6d3.jpg""]"
80c248dd5eb3,0999f5b11e5432190dd27d2f,https://www.bestprice.vn/khach-san/banyan-tree-lang-co-hotels-resort-530.html,room_detail_14897_2_,Phòng One Bedroom Seaview Hill Pool Villa,"[""152m 2"", ""2 người lớn, 1 trẻ em"", ""Hướng biển"", ""1 giường lớn""]",152.0,2,1,1 giường lớn,Hướng biển,True,1,"[""https://owa.bestprice.vn/images/hotels/uploads/banyan-tree-lang-co-hotels-resort-633f9c4124e79.jpg"", ""https://owa.bestprice.vn/images/hotels/uploads/banyan-tree-lang-co-hotels-resort-633f9c5045f27.jpg""]"
80c248dd5eb3,0999f5b11e5432190dd27d2f,https://www.bestprice.vn/khach-san/banyan-tree-lang-co-hotels-resort-530.html,room_detail_18667_4_,Phòng Two-Bedroom Seaview Hill Pool Villa,"[""237m 2"", ""4 người lớn, 2 trẻ em"", ""Hướng biển"", ""2 giường đôi""]",237.0,4,2,2 giường đôi,Hướng biển,True,1,"[""https://owa.bestprice.vn/images/hotels/uploads/banyan-tree-lang-co-hotels-resort-633f9b2cadeee.jpg"", ""https://owa.bestprice.vn/images/hotels/uploads/banyan-tree-lang-co-hotels-resort-633f9c5e0795b.jpg"", ""https://owa.bestprice.vn/images/hotels/uploads/banyan-tree-lang-co-hotels-resort-633f96d1bff1e.jpg""]"
80c248dd5eb3,0999f5b11e5432190dd27d2f,https://www.bestprice.vn/khach-san/banyan-tree-lang-co-hotels-resort-530.html,room_detail_18668_6_,Phòng Three-Bedroom Seaview Hill Pool Villa,"[""260m 2"", ""6 người lớn, 3 trẻ em"", ""Hướng biển"", ""3 giường đôi""]",260.0,6,3,3 giường đôi,Hướng biển,True,1,"[""https://owa.bestprice.vn/images/hotels/uploads/banyan-tree-lang-co-hotels-resort-633f9739c43b4.jpg"", ""https://owa.bestprice.vn/images/hotels/uploads/banyan-tree-lang-co-hotels-resort-633f9aee27c82.jpg"", ""https://owa.bestprice.vn/images/hotels/uploads/banyan-tree-lang-co-hotels-resort-633f9ae55a9ad.jpg""]"
80c248dd5eb3,0a6ec47f2855cd5c1dbde47d,https://www.bestprice.vn/khach-san/khach-san-sai-gon-kim-lien-446.html,room_detail_2010_2_,Phòng Deluxe,"[""26m 2"", ""2 người lớn, 2 trẻ em"", ""Hướng thành phố"", ""1 giường đôi""]",26.0,2,2,1 giường đôi,Hướng thành phố,True,1,"[""https://owa.bestprice.vn/images/hotels/uploads/khach-san-sai-gon-kim-lien-5363577f4d92e.jpg""]"
80c248dd5eb3,0a6ec47f2855cd5c1dbde47d,https://www.bestprice.vn/khach-san/khach-san-sai-gon-kim-lien-446.html,room_detail_2008_2_,Executive Deluxe,"[""26m 2"", ""2 người lớn, 2 trẻ em"", ""Hướng thành phố"", ""1 giường đôi""]",26.0,2,2,1 giường đôi,Hướng thành phố,True,1,"[""https://owa.bestprice.vn/images/hotels/uploads/khach-san-sai-gon-kim-lien-5363577f52f33.jpg""]"
80c248dd5eb3,0a6ec47f2855cd5c1dbde47d,https://www.bestprice.vn/khach-san/khach-san-sai-gon-kim-lien-446.html,room_detail_2007_2_,Phòng Suite,"[""48m 2"", ""2 người lớn, 2 trẻ em"", ""Hướng thành phố"", ""1 giường đôi""]",48.0,2,2,1 giường đôi,Hướng thành phố,True,1,"[""https://owa.bestprice.vn/images/hotels/uploads/khach-san-sai-gon-kim-lien-5363577f4e7f7.jpg""]"
80c248dd5eb3,0a6ec47f2855cd5c1dbde47d,https://www.bestprice.vn/khach-san/khach-san-sai-gon-kim-lien-446.html,room_detail_2006_2_,Executive Suite,"[""48m 2"", ""2 người lớn, 2 trẻ em"", ""Hướng thành phố"", ""1 giường đôi""]",48.0,2,2,1 giường đôi,Hướng thành phố,True,1,"[""https://owa.bestprice.vn/images/hotels/uploads/khach-san-sai-gon-kim-lien-5363577f498a3.jpg""]"
80c248dd5eb3,0a6ec47f2855cd5c1dbde47d,https://www.bestprice.vn/khach-san/khach-san-sai-gon-kim-lien-446.html,room_detail_2005_2_,Phòng Vip,"[""62m 2"", ""2 người lớn, 2 trẻ em"", ""Hướng thành phố"", ""1 giường đôi""]",62.0,2,2,1 giường đôi,Hướng thành phố,True,1,"[""https://owa.bestprice.vn/images/hotels/uploads/khach-san-sai-gon-kim-lien-5363577f4b54e.jpg""]"
80c248dd5eb3,0a99d190a9884de80d284bf7,https://www.bestprice.vn/khach-san/white-house-dai-lai-villa-1629.html,room_detail_7673_10_,Villa,"[""150m 2"", ""10 người lớn, 2 trẻ em"", ""Hướng vườn"", ""3 giường đôi / 2 giường lớn""]",150.0,10,2,3 giường đôi / 2 giường lớn,Hướng vườn,,,"[""https://owa.bestprice.vn/images/hotels/uploads/white-house-dai-lai-villa-5db1657e5ab52.jpg""]"
80c248dd5eb3,118c5319a6f25153aae34646,https://www.bestprice.vn/khach-san/the-cliff-resort-residences-phan-thiet-277.html,room_detail_1221_2_,Azul Garden View,"[""45m 2"", ""2 người lớn, 2 trẻ em"", ""Hướng vườn"", ""2 giường đơn / 1 giường đôi""]",45.0,2,2,2 giường đơn / 1 giường đôi,Hướng vườn,True,1,"[""https://owa.bestprice.vn/images/hotels/uploads/the-cliff-resort-residences-phan-thiet-64f84da53f0f2.jpg"", ""https://owa.bestprice.vn/images/hotels/uploads/the-cliff-resort-residences-phan-thiet-64f84d9385182.jpg"", ""https://owa.bestprice.vn/images/hotels/uploads/the-cliff-resort-residences-phan-thiet-64f84d93850ca.jpg""]"
80c248dd5eb3,118c5319a6f25153aae34646,https://www.bestprice.vn/khach-san/the-cliff-resort-residences-phan-thiet-277.html,room_detail_1222_2_,Azul Pool View,"[""45m 2"", ""2 người lớn, 2 trẻ em"", ""Hướng hồ bơi"", ""2 giường đơn / 1 giường đôi""]",45.0,2,2,2 giường đơn / 1 giường đôi,Hướng hồ bơi,True,1,"[""https://owa.bestprice.vn/images/hotels/uploads/the-cliff-resort-residences-phan-thiet-64f84da53f1ac.jpg"", ""https://owa.bestprice.vn/images/hotels/uploads/the-cliff-resort-residences-phan-thiet-64f84da53f255.jpg""]"
80c248dd5eb3,118c5319a6f25153aae34646,https://www.bestprice.vn/khach-san/the-cliff-resort-residences-phan-thiet-277.html,room_detail_1223_2_,Azul Sea View,"[""45m 2"", ""2 người lớn, 2 trẻ em"", ""Hướng biển"", ""2 giường đơn / 1 giường đôi""]",45.0,2,2,2 giường đơn / 1 giường đôi,Hướng biển,True,1,"[""https://owa.bestprice.vn/images/hotels/uploads/the-cliff-resort-residences-phan-thiet-64f84db9bfa07.jpg"", ""https://owa.bestprice.vn/images/hotels/uploads/the-cliff-resort-residences-phan-thiet-64f84db9bfab0.jpg"", ""https://owa.bestprice.vn/images/hotels/uploads/the-cliff-resort-residences-phan-thiet-64f84db9bf950.jpg""]"
80c248dd5eb3,118c5319a6f25153aae34646,https://www.bestprice.vn/khach-san/the-cliff-resort-residences-phan-thiet-277.html,room_detail_1224_2_,Verde Louge,"[""72m 2"", ""2 người lớn, 2 trẻ em"", ""Hướng vườn"", ""1 giường lớn""]",72.0,2,2,1 giường lớn,Hướng vườn,True,1,"[""https://owa.bestprice.vn/images/hotels/uploads/the-cliff-resort-residences-phan-thiet-64f84dd3aa901.jpg"", ""https://owa.bestprice.vn/images/hotels/uploads/the-cliff-resort-residences-phan-thiet-64f84deb835ff.jpg"", ""https://owa.bestprice.vn/images/hotels/uploads/the-cliff-resort-residences-phan-thiet-64f84dd3aac7e.jpg""]"
80c248dd5eb3,118c5319a6f25153aae34646,https://www.bestprice.vn/khach-san/the-cliff-resort-residences-phan-thiet-277.html,room_detail_10209_2_,Verde Garden,"[""72m 2"", ""2 người lớn, 2 trẻ em"", ""Hướng vườn"", ""1 giường đôi""]",72.0,2,2,1 giường đôi,Hướng vườn,True,1,"[""https://owa.bestprice.vn/images/hotels/uploads/the-cliff-resort-residences-phan-thiet-64f922a3ebbfc.jpg"", ""https://owa.bestprice.vn/images/hotels/uploads/the-cliff-resort-residences-phan-thiet-64f84deb836c4.jpg"", ""https://owa.bestprice.vn/images/hotels/uploads/the-cliff-resort-residences-phan-thiet-64f84deb8376e.jpg""]"
80c248dd5eb3,118c5319a6f25153aae34646,https://www.bestprice.vn/khach-san/the-cliff-resort-residences-phan-thiet-277.html,room_detail_1226_2_,Bungalow Garden View,"[""72m 2"", ""2 người lớn, 2 trẻ em"", ""Hướng vườn"", ""1 giường lớn""]",72.0,2,2,1 giường lớn,Hướng vườn,True,1,"[""https://owa.bestprice.vn/images/hotels/uploads/the-cliff-resort-residences-phan-thiet-64f922a3ebcb6.jpg"", ""https://owa.bestprice.vn/images/hotels/uploads/the-cliff-resort-residences-phan-thiet-64f922a3ebd5f.jpg""]"
80c248dd5eb3,118c5319a6f25153aae34646,https://www.bestprice.vn/khach-san/the-cliff-resort-residences-phan-thiet-277.html,room_detail_1228_2_,Beach Front Bungalow,"[""72m 2"", ""2 người lớn, 2 trẻ em"", ""Hướng biển"", ""2 giường đơn / 1 giường đôi""]",72.0,2,2,2 giường đơn / 1 giường đôi,Hướng biển,True,1,"[""https://owa.bestprice.vn/images/hotels/uploads/the-cliff-resort-residences-phan-thiet-64f922b552e72.jpg"", ""https://owa.bestprice.vn/images/hotels/uploads/the-cliff-resort-residences-phan-thiet-64f922b552f1d.jpg""]"
80c248dd5eb3,118c5319a6f25153aae34646,https://www.bestprice.vn/khach-san/the-cliff-resort-residences-phan-thiet-277.html,room_detail_1225_2_,Terra Garden View 1bedroom,"[""140m 2"", ""2 người lớn, 2 trẻ em"", ""Hướng biển"", ""1 giường lớn""]",140.0,2,2,1 giường lớn,Hướng biển,True,1,"[""https://owa.bestprice.vn/images/hotels/uploads/the-cliff-resort-residences-phan-thiet-64f922d3bb998.jpg"", ""https://owa.bestprice.vn/images/hotels/uploads/the-cliff-resort-residences-phan-thiet-64f922d3bba50.jpg""]"
80c248dd5eb3,118c5319a6f25153aae34646,https://www.bestprice.vn/khach-san/the-cliff-resort-residences-phan-thiet-277.html,room_detail_10215_4_,Terra Garden View 2bedroom,"[""142m 2"", ""4 người lớn, 2 trẻ em"", ""Hướng biển"", ""1 giường lớn / 1 Giường đôi & 2 Giường đơn""]",142.0,4,2,1 giường lớn / 1 Giường đôi & 2 Giường đơn,Hướng biển,True,1,"[""https://owa.bestprice.vn/images/hotels/uploads/the-cliff-resort-residences-phan-thiet-64f922ecbecb9.jpg"", ""https://owa.bestprice.vn/images/hotels/uploads/the-cliff-resort-residences-phan-thiet-64f922ecbeda7.jpg"", ""https://owa.bestprice.vn/images/hotels/uploads/the-cliff-resort-residences-phan-thiet-64f923015b9dc.jpg""]"
80c248dd5eb3,118c5319a6f25153aae34646,https://www.bestprice.vn/khach-san/the-cliff-resort-residences-phan-thiet-277.html,room_detail_10217_2_,Terra Ocean View 1bedroom,"[""106m 2"", ""2 người lớn, 2 trẻ em"", ""Hướng biển"", ""1 giường lớn""]",106.0,2,2,1 giường lớn,Hướng biển,True,1,"[""https://owa.bestprice.vn/images/hotels/uploads/the-cliff-resort-residences-phan-thiet-64f923015ba9a.jpg"", ""https://owa.bestprice.vn/images/hotels/uploads/the-cliff-resort-residences-phan-thiet-64f923015bb43.jpg""]"
80c248dd5eb3,118c5319a6f25153aae34646,https://www.bestprice.vn/khach-san/the-cliff-resort-residences-phan-thiet-277.html,room_detail_1227_4_,Terra Ocean View 2bedroom,"[""150m 2"", ""4 người lớn, 2 trẻ em"", ""Hướng biển"", ""1 Giường đôi & 2 Giường đơn""]",150.0,4,2,1 Giường đôi & 2 Giường đơn,Hướng biển,True,1,"[""https://owa.bestprice.vn/images/hotels/uploads/the-cliff-resort-residences-phan-thiet-64f92310a34a1.jpg"", ""https://owa.bestprice.vn/images/hotels/uploads/the-cliff-resort-residences-phan-thiet-64f92310a3559.jpg"", ""https://owa.bestprice.vn/images/hotels/uploads/the-cliff-resort-residences-phan-thiet-64f92310a3603.jpg""]"
80c248dd5eb3,118c5319a6f25153aae34646,https://www.bestprice.vn/khach-san/the-cliff-resort-residences-phan-thiet-277.html,room_detail_1229_2_,Duplex Ocean 1bedroom,"[""106m 2"", ""2 người lớn, 2 trẻ em"", ""Hướng biển"", ""1 giường lớn""]",106.0,2,2,1 giường lớn,Hướng biển,True,1,"[""https://owa.bestprice.vn/images/hotels/uploads/the-cliff-resort-residences-phan-thiet-64f9232fd7cb0.jpg"", ""https://owa.bestprice.vn/images/hotels/uploads/the-cliff-resort-residences-phan-thiet-64f9232fd7d9e.jpg"", ""https://owa.bestprice.vn/images/hotels/uploads/the-cliff-resort-residences-phan-thiet-64f9232fd7e53.jpg""]"
80c248dd5eb3,118c5319a6f25153aae34646,https://www.bestprice.vn/khach-san/the-cliff-resort-residences-phan-thiet-277.html,room_detail_20021_4_,Duplex Ocean 2bedroom,"[""150m 2"", ""4 người lớn, 2 trẻ em"", ""1 Giường đôi & 2 Giường đơn""]",150.0,4,2,1 Giường đôi & 2 Giường đơn,,True,1,"[""https://owa.bestprice.vn/images/hotels/uploads/the-cliff-resort-residences-phan-thiet-64f92342ee9a4.jpg"", ""https://owa.bestprice.vn/images/hotels/uploads/the-cliff-resort-residences-phan-thiet-64f92342eea5e.jpg"", ""https://owa.bestprice.vn/images/hotels/uploads/the-cliff-resort-residences-phan-thiet-64f92342eeb07.jpg"", ""https://owa.bestprice.vn/images/hotels/uploads/the-cliff-resort-residences-phan-thiet-64f92342eebae.jpg""]"
80c248dd5eb3,118c5319a6f25153aae34646,https://www.bestprice.vn/khach-san/the-cliff-resort-residences-phan-thiet-277.html,room_detail_20022_6_,Villa Ocean Front 3bedroom,"[""470m 2"", ""6 người lớn, 2 trẻ em"", ""Hướng vườn"", ""2 giường đơn / 2 giường lớn""]",470.0,6,2,2 giường đơn / 2 giường lớn,Hướng vườn,True,1,"[""https://owa.bestprice.vn/images/hotels/uploads/the-cliff-resort-residences-phan-thiet-64f9235314382.jpg"", ""https://owa.bestprice.vn/images/hotels/uploads/the-cliff-resort-residences-phan-thiet-64f923531445b.jpg"", ""https://owa.bestprice.vn/images/hotels/uploads/the-cliff-resort-residences-phan-thiet-64f9235314512.jpg"", ""https://owa.bestprice.vn/images/hotels/uploads/the-cliff-resort-residences-phan-thiet-64f9236da9a93.jpg"", ""https://owa.bestprice.vn/images/hotels/uploads/the-cliff-resort-residences-phan-thiet-64f9236da9b4d.jpg""]"
80c248dd5eb3,12303701fbed7b3ba95c93cb,https://www.bestprice.vn/khach-san/belle-maison-parosand-da-nang-1418.html,room_detail_6240_2_,Phòng Deluxe,"[""24m 2"", ""2 người lớn, 2 trẻ em"", ""Hướng thành phố"", ""2 giường đơn / 1 giường đôi""]",24.0,2,2,2 giường đơn / 1 giường đôi,Hướng thành phố,True,1,"[""https://owa.bestprice.vn/images/hotels/uploads/belle-maison-parosand-da-nang-648690a7cb590.jpg"", ""https://owa.bestprice.vn/images/hotels/uploads/belle-maison-parosand-da-nang-648690a7cb4ee.jpg""]"
80c248dd5eb3,12303701fbed7b3ba95c93cb,https://www.bestprice.vn/khach-san/belle-maison-parosand-da-nang-1418.html,room_detail_6241_2_,Phòng Senior Deluxe,"[""22m 2"", ""2 người lớn, 2 trẻ em"", ""Hướng biển"", ""2 giường đơn / 1 giường đôi""]",22.0,2,2,2 giường đơn / 1 giường đôi,Hướng biển,True,1,"[""https://owa.bestprice.vn/images/hotels/uploads/belle-maison-parosand-da-nang-648690a7cbb34.jpg"", ""https://owa.bestprice.vn/images/hotels/uploads/belle-maison-parosand-da-nang-648690a7cbbc3.jpg""]"
80c248dd5eb3,12303701fbed7b3ba95c93cb,https://www.bestprice.vn/khach-san/belle-maison-parosand-da-nang-1418.html,room_detail_6242_4_,Phòng Family,"[""32m 2"", ""4 người lớn, 2 trẻ em"", ""Hướng biển"", ""1 Giường đôi & 2 Giường đơn""]",32.0,4,2,1 Giường đôi & 2 Giường đơn,Hướng biển,True,1,"[""https://owa.bestprice.vn/images/hotels/uploads/belle-maison-parosand-da-nang-648690a7cb74c.jpg"", ""https://owa.bestprice.vn/images/hotels/uploads/belle-maison-parosand-da-nang-648690a7cb7dc.jpg""]"
80c248dd5eb3,12303701fbed7b3ba95c93cb,https://www.bestprice.vn/khach-san/belle-maison-parosand-da-nang-1418.html,room_detail_6243_4_,Phòng Executive Family,"[""36m 2"", ""4 người lớn, 2 trẻ em"", ""Hướng biển"", ""1 Giường đôi & 2 Giường đơn""]",36.0,4,2,1 Giường đôi & 2 Giường đơn,Hướng biển,True,1,"[""https://owa.bestprice.vn/images/hotels/uploads/belle-maison-parosand-da-nang-648690a7cb62c.jpg"", ""https://owa.bestprice.vn/images/hotels/uploads/belle-maison-parosand-da-nang-648690a7cb6bc.jpg""]"
80c248dd5eb3,12303701fbed7b3ba95c93cb,https://www.bestprice.vn/khach-san/belle-maison-parosand-da-nang-1418.html,room_detail_6244_2_,Phòng Residence,"[""35m 2"", ""2 người lớn, 2 trẻ em"", ""Hướng thành phố"", ""1 giường đôi""]",35.0,2,2,1 giường đôi,Hướng thành phố,True,1,"[""https://owa.bestprice.vn/images/hotels/uploads/belle-maison-parosand-da-nang-648690a7cb8f9.jpg"", ""https://owa.bestprice.vn/images/hotels/uploads/belle-maison-parosand-da-nang-648690a7cbaa5.jpg""]"
80c248dd5eb3,12303701fbed7b3ba95c93cb,https://www.bestprice.vn/khach-san/belle-maison-parosand-da-nang-1418.html,room_detail_6333_2_,Phòng Residence Ocean,"[""136m 2"", ""2 người lớn, 2 trẻ em"", ""Hướng bãi biển"", ""3 giường đôi""]",136.0,2,2,3 giường đôi,Hướng bãi biển,True,1,"[""https://owa.bestprice.vn/images/hotels/uploads/belle-maison-parosand-da-nang-648690a7cb987.jpg"", ""https://owa.bestprice.vn/images/hotels/uploads/belle-maison-parosand-da-nang-648690a7cba16.jpg""]"
80c248dd5eb3,1262a571d0d2899a3171d41d,https://www.bestprice.vn/khach-san/tms-hotel-da-nang-1532.html,room_detail_7108_2_,Premier Suite City View,"[""45m 2"", ""2 người lớn, 2 trẻ em"", ""Hướng thành phố"", ""2 giường đơn / 1 giường đôi""]",45.0,2,2,2 giường đơn / 1 giường đôi,Hướng thành phố,True,1,"[""https://owa.bestprice.vn/images/hotels/uploads/tms-hotel-da-nang-beach-6481359ea5c13.jpg"", ""https://owa.bestprice.vn/images/hotels/uploads/tms-hotel-da-nang-beach-6481359ea5c95.jpg""]"
80c248dd5eb3,1262a571d0d2899a3171d41d,https://www.bestprice.vn/khach-san/tms-hotel-da-nang-1532.html,room_detail_7109_2_,Premier Suite Partial Ocean,"[""45m 2"", ""2 người lớn, 2 trẻ em"", ""Hướng biển"", ""2 giường đơn / 1 giường đôi""]",45.0,2,2,2 giường đơn / 1 giường đôi,Hướng biển,True,1,"[""https://owa.bestprice.vn/images/hotels/uploads/tms-hotel-da-nang-beach-6481359ea5d98.jpg"", ""https://owa.bestprice.vn/images/hotels/uploads/tms-hotel-da-nang-beach-6481359ea5d17.jpg""]"
80c248dd5eb3,1262a571d0d2899a3171d41d,https://www.bestprice.vn/khach-san/tms-hotel-da-nang-1532.html,room_detail_19714_2_,Premier Suite Oceanfront,"[""45m 2"", ""2 người lớn, 2 trẻ em"", ""Hướng biển"", ""2 giường đơn / 1 giường đôi""]",45.0,2,2,2 giường đơn / 1 giường đôi,Hướng biển,True,1,"[""https://owa.bestprice.vn/images/hotels/uploads/tms-hotel-da-nang-beach-6481359ea5e1a.jpg"", ""https://owa.bestprice.vn/images/hotels/uploads/tms-hotel-da-nang-beach-6481359ea5e9c.jpg""]"
80c248dd5eb3,1262a571d0d2899a3171d41d,https://www.bestprice.vn/khach-san/tms-hotel-da-nang-1532.html,room_detail_7110_4_,Family Suite 2-Bedroom Ocean View,"[""70m 2"", ""4 người lớn, 2 trẻ em"", ""Hướng biển"", ""2 giường đơn / 1 giường đôi""]",70.0,4,2,2 giường đơn / 1 giường đôi,Hướng biển,True,1,"[""https://owa.bestprice.vn/images/hotels/uploads/tms-hotel-da-nang-beach-6481359ea5f1f.jpg"", ""https://owa.bestprice.vn/images/hotels/uploads/tms-hotel-da-nang-beach-6481359ea5fa0.jpg""]"
80c248dd5eb3,1262a571d0d2899a3171d41d,https://www.bestprice.vn/khach-san/tms-hotel-da-nang-1532.html,room_detail_7111_4_,Grand Suite 2-bedroom Connecting Ocean View,"[""80m 2"", ""4 người lớn, 2 trẻ em"", ""2 giường đơn / 1 giường đôi""]",80.0,4,2,2 giường đơn / 1 giường đôi,,True,1,"[""https://owa.bestprice.vn/images/hotels/uploads/tms-hotel-da-nang-beach-6481359ea6023.jpg"", ""https://owa.bestprice.vn/images/hotels/uploads/tms-hotel-da-nang-beach-6481359ea60a6.jpg""]"
80c248dd5eb3,142b0d7e225d10057abc8dd4,https://www.bestprice.vn/khach-san/queen-ann-nha-trang-hotel-1670.html,room_detail_7917_2_,Phòng Deluxe,"[""32m 2"", ""2 người lớn, 2 trẻ em"", ""Hướng thành phố"", ""2 giường đơn / 1 giường đôi""]",32.0,2,2,2 giường đơn / 1 giường đôi,Hướng thành phố,True,1,"[""https://owa.bestprice.vn/images/hotels/uploads/queen-ann-nha-trang-hotel-6448eea775015.jpg"", ""https://owa.bestprice.vn/images/hotels/uploads/queen-ann-nha-trang-hotel-6448eea77519f.jpg"", ""https://owa.bestprice.vn/images/hotels/uploads/queen-ann-nha-trang-hotel-6448eed35ce56.jpg""]"
80c248dd5eb3,142b0d7e225d10057abc8dd4,https://www.bestprice.vn/khach-san/queen-ann-nha-trang-hotel-1670.html,room_detail_7918_2_,Phòng Grand Deluxe,"[""32m 2"", ""2 người lớn, 2 trẻ em"", ""Hướng bãi biển"", ""2 giường đơn / 1 giường đôi""]",32.0,2,2,2 giường đơn / 1 giường đôi,Hướng bãi biển,True,1,"[""https://owa.bestprice.vn/images/hotels/uploads/queen-ann-nha-trang-hotel-6448eea77511c.jpg"", ""https://owa.bestprice.vn/images/hotels/uploads/queen-ann-nha-trang-hotel-6448eed35c912.jpg""]"
80c248dd5eb3,142b0d7e225d10057abc8dd4,https://www.bestprice.vn/khach-san/queen-ann-nha-trang-hotel-1670.html,room_detail_7919_2_,Phòng Premier,"[""35m 2"", ""2 người lớn, 2 trẻ em"", ""Hướng biển"", ""2 giường đơn / 1 giường đôi""]",35.0,2,2,2 giường đơn / 1 giường đôi,Hướng biển,True,1,"[""https://owa.bestprice.vn/images/hotels/uploads/queen-ann-nha-trang-hotel-6448eea775099.jpg"", ""https://owa.bestprice.vn/images/hotels/uploads/queen-ann-nha-trang-hotel-6448eed35ccb7.jpg""]"
80c248dd5eb3,142b0d7e225d10057abc8dd4,https://www.bestprice.vn/khach-san/queen-ann-nha-trang-hotel-1670.html,room_detail_7920_2_,Phòng Executive,"[""40m 2"", ""2 người lớn, 2 trẻ em"", ""Hướng biển"", ""1 giường đôi""]",40.0,2,2,1 giường đôi,Hướng biển,True,1,"[""https://owa.bestprice.vn/images/hotels/uploads/queen-ann-nha-trang-hotel-6448eed35c772.jpg"", ""https://owa.bestprice.vn/images/hotels/uploads/queen-ann-nha-trang-hotel-6448eed35c806.jpg""]"
80c248dd5eb3,142b0d7e225d10057abc8dd4,https://www.bestprice.vn/khach-san/queen-ann-nha-trang-hotel-1670.html,room_detail_7923_3_,Phòng Suite Tripple,"[""50m 2"", ""3 người lớn, 2 trẻ em"", ""Hướng thành phố"", ""3 giường đơn""]",50.0,3,2,3 giường đơn,Hướng thành phố,True,1,"[""https://owa.bestprice.vn/images/hotels/uploads/queen-ann-nha-trang-hotel-6448eea774be5.jpg"", ""https://owa.bestprice.vn/images/hotels/uploads/queen-ann-nha-trang-hotel-6448eed35cedb.jpg"", ""https://owa.bestprice.vn/images/hotels/uploads/queen-ann-nha-trang-hotel-6448eed35cdd2.jpg""]"
80c248dd5eb3,142b0d7e225d10057abc8dd4,https://www.bestprice.vn/khach-san/queen-ann-nha-trang-hotel-1670.html,room_detail_7922_3_,Phòng Family Suite,"[""50m 2"", ""3 người lớn, 2 trẻ em"", ""Hướng biển"", ""1 Giường đôi & 1 Giường đơn""]",50.0,3,2,1 Giường đôi & 1 Giường đơn,Hướng biển,True,1,"[""https://owa.bestprice.vn/images/hotels/uploads/queen-ann-nha-trang-hotel-6448eed35c88e.jpg"", ""https://owa.bestprice.vn/images/hotels/uploads/queen-ann-nha-trang-hotel-6448eed35cc33.jpg""]"
80c248dd5eb3,142b0d7e225d10057abc8dd4,https://www.bestprice.vn/khach-san/queen-ann-nha-trang-hotel-1670.html,room_detail_7921_2_,Phòng Grand Suite,"[""50m 2"", ""2 người lớn, 2 trẻ em"", ""Hướng biển"", ""1 giường đôi""]",50.0,2,2,1 giường đôi,Hướng biển,True,1,"[""https://owa.bestprice.vn/images/hotels/uploads/queen-ann-nha-trang-hotel-6448eed35c998.jpg"", ""https://owa.bestprice.vn/images/hotels/uploads/queen-ann-nha-trang-hotel-6448eea774b5f.jpg""]"
80c248dd5eb3,142b0d7e225d10057abc8dd4,https://www.bestprice.vn/khach-san/queen-ann-nha-trang-hotel-1670.html,room_detail_7924_2_,Phòng Queen Ann Suite,"[""73m 2"", ""2 người lớn, 2 trẻ em"", ""Hướng biển"", ""1 giường đôi""]",73.0,2,2,1 giường đôi,Hướng biển,True,1,"[""https://owa.bestprice.vn/images/hotels/uploads/queen-ann-nha-trang-hotel-6448eed35cbaf.jpg"", ""https://owa.bestprice.vn/images/hotels/uploads/queen-ann-nha-trang-hotel-6448eea774a31.jpg"", ""https://owa.bestprice.vn/images/hotels/uploads/queen-ann-nha-trang-hotel-6448eed35cd3b.jpg""]"
80c248dd5eb3,145fb933340479688b1adfab,https://www.bestprice.vn/khach-san/vinpearl-discovery-rockside-nha-trang-1387.html,room_detail_5956_2_,Deluxe Room,"[""42m 2"", ""2 người lớn, 2 trẻ em"", ""Hướng vườn"", ""2 giường đơn / 1 giường đôi""]",42.0,2,2,2 giường đơn / 1 giường đôi,Hướng vườn,True,1,"[""https://owa.bestprice.vn/images/hotels/uploads/vinpearl-golf-land-resort-and-villas-58ec635d23cfe.jpg""]"
80c248dd5eb3,145fb933340479688b1adfab,https://www.bestprice.vn/khach-san/vinpearl-discovery-rockside-nha-trang-1387.html,room_detail_5957_2_,Deluxe Ocean View,"[""42m 2"", ""2 người lớn, 2 trẻ em"", ""Hướng biển"", ""2 giường đơn / 1 giường đôi""]",42.0,2,2,2 giường đơn / 1 giường đôi,Hướng biển,True,1,"[""https://owa.bestprice.vn/images/hotels/uploads/vinpearl-golf-land-resort-and-villas-58ec635d23aff.jpg"", ""https://owa.bestprice.vn/images/hotels/uploads/vinpearl-golf-land-resort-and-villas-58ec635d23cfe.jpg""]"
80c248dd5eb3,145fb933340479688b1adfab,https://www.bestprice.vn/khach-san/vinpearl-discovery-rockside-nha-trang-1387.html,room_detail_5958_2_,Executive Suite,"[""84m 2"", ""2 người lớn, 2 trẻ em"", ""Hướng vườn"", ""1 giường đôi""]",84.0,2,2,1 giường đôi,Hướng vườn,True,1,"[""https://owa.bestprice.vn/images/hotels/uploads/vinpearl-golf-land-resort-and-villas-58ec635d23aff.jpg""]"
80c248dd5eb3,145fb933340479688b1adfab,https://www.bestprice.vn/khach-san/vinpearl-discovery-rockside-nha-trang-1387.html,room_detail_5959_4_,Family Suite,"[""90m 2"", ""4 người lớn, 2 trẻ em"", ""Hướng vườn"", ""2 giường đôi""]",90.0,4,2,2 giường đôi,Hướng vườn,,,"[""https://owa.bestprice.vn/images/hotels/uploads/vinpearl-golf-land-resort-and-villas-58ec635d23a07.jpg"", ""https://owa.bestprice.vn/images/hotels/uploads/vinpearl-golf-land-resort-and-villas-58ec903b7638d.jpg""]"
80c248dd5eb3,145fb933340479688b1adfab,https://www.bestprice.vn/khach-san/vinpearl-discovery-rockside-nha-trang-1387.html,room_detail_6655_4_,Villa 2-Bedroom,"[""190m 2"", ""4 người lớn, 2 trẻ em"", ""Hướng vườn"", ""1 Giường đôi & 1 Giường đơn""]",190.0,4,2,1 Giường đôi & 1 Giường đơn,Hướng vườn,,,"[""https://owa.bestprice.vn/images/hotels/uploads/vinpearl-golf-land-resort-and-villas-58ec635d24491.jpg""]"
80c248dd5eb3,145fb933340479688b1adfab,https://www.bestprice.vn/khach-san/vinpearl-discovery-rockside-nha-trang-1387.html,room_detail_6656_6_,Villa 3-Bedroom,"[""220m 2"", ""6 người lớn, 3 trẻ em""]",220.0,6,3,,,,,"[""https://owa.bestprice.vn/images/hotels/uploads/vinpearl-golf-land-resort-and-villas-58ec63c8db723.jpg""]"
80c248dd5eb3,145fb933340479688b1adfab,https://www.bestprice.vn/khach-san/vinpearl-discovery-rockside-nha-trang-1387.html,room_detail_5963_6_,Villa 3-Bedroom Ocean View,"[""220m 2"", ""6 người lớn, 3 trẻ em"", ""Hướng bãi biển"", ""3 giường đôi""]",220.0,6,3,3 giường đôi,Hướng bãi biển,,,"[""https://owa.bestprice.vn/images/hotels/uploads/vinpearl-golf-land-resort-and-villas-58ec63c8db7fa.jpg""]"
80c248dd5eb3,145fb933340479688b1adfab,https://www.bestprice.vn/khach-san/vinpearl-discovery-rockside-nha-trang-1387.html,room_detail_6493_8_,Villa 4-Bedroom,"[""320m 2"", ""8 người lớn, 4 trẻ em"", ""Hướng hồ bơi"", ""2 giường đơn / 1 giường đôi / 1 giường lớn""]",320.0,8,4,2 giường đơn / 1 giường đôi / 1 giường lớn,Hướng hồ bơi,,,"[""https://owa.bestprice.vn/images/hotels/uploads/vinpearl-discovery-1-nha-trang-5f1a57c3bc432.jpg""]"
80c248dd5eb3,145fb933340479688b1adfab,https://www.bestprice.vn/khach-san/vinpearl-discovery-rockside-nha-trang-1387.html,room_detail_5964_8_,Villa 4-Bedroom Ocean View,"[""290m 2"", ""8 người lớn, 4 trẻ em"", ""Hướng bãi biển"", ""2 giường đơn / 3 giường đôi""]",290.0,8,4,2 giường đơn / 3 giường đôi,Hướng bãi biển,,,"[""https://owa.bestprice.vn/images/hotels/uploads/vinpearl-discovery-1-nha-trang-5f1a57ec94d22.jpg""]"
80c248dd5eb3,15a8ba2773bebca5268cc473,https://www.bestprice.vn/khach-san/melia-vinpearl-hotel-hue-1466.html,room_detail_6597_2_,Deluxe Room,"[""35m 2"", ""2 người lớn, 1 trẻ em"", ""Hướng thành phố"", ""1 giường lớn""]",35.0,2,1,1 giường lớn,Hướng thành phố,True,1,"[""https://owa.bestprice.vn/images/hotels/uploads/melia-vinpearl-hotel-hue-635574b91bd12.jpg""]"
80c248dd5eb3,15a8ba2773bebca5268cc473,https://www.bestprice.vn/khach-san/melia-vinpearl-hotel-hue-1466.html,room_detail_6598_2_,Premium Room,"[""48m 2"", ""2 người lớn, 1 trẻ em"", ""Hướng thành phố"", ""1 giường lớn""]",48.0,2,1,1 giường lớn,Hướng thành phố,True,1,"[""https://owa.bestprice.vn/images/hotels/uploads/melia-vinpearl-hotel-hue-635574b91bd95.jpg"", ""https://owa.bestprice.vn/images/hotels/uploads/melia-vinpearl-hotel-hue-635574b91bfb0.jpg"", ""https://owa.bestprice.vn/images/hotels/uploads/melia-vinpearl-hotel-hue-635574b91be18.jpg""]"
80c248dd5eb3,15a8ba2773bebca5268cc473,https://www.bestprice.vn/khach-san/melia-vinpearl-hotel-hue-1466.html,room_detail_18758_2_,Premium View Room,"[""48m 2"", ""2 người lớn, 1 trẻ em"", ""Hướng thành phố"", ""1 giường lớn""]",48.0,2,1,1 giường lớn,Hướng thành phố,True,1,"[""https://owa.bestprice.vn/images/hotels/uploads/melia-vinpearl-hotel-hue-635574b91c033.jpg"", ""https://owa.bestprice.vn/images/hotels/uploads/melia-vinpearl-hotel-hue-635574b91bf2c.jpg""]"
80c248dd5eb3,15a8ba2773bebca5268cc473,https://www.bestprice.vn/khach-san/melia-vinpearl-hotel-hue-1466.html,room_detail_6599_2_,Suite Room,"[""83m 2"", ""2 người lớn, 1 trẻ em"", ""Hướng thành phố"", ""1 giường lớn""]",83.0,2,1,1 giường lớn,Hướng thành phố,True,1,"[""https://owa.bestprice.vn/images/hotels/uploads/melia-vinpearl-hotel-hue-635574b91be9b.jpg"", ""https://owa.bestprice.vn/images/hotels/uploads/melia-vinpearl-hotel-hue-635574b91c139.jpg""]"
80c248dd5eb3,15a8ba2773bebca5268cc473,https://www.bestprice.vn/khach-san/melia-vinpearl-hotel-hue-1466.html,room_detail_20258_2_,The Level Deluxe,"[""36m 2"", ""2 người lớn, 1 trẻ em"", ""Hướng thành phố"", ""2 giường đơn / 1 giường đôi""]",36.0,2,1,2 giường đơn / 1 giường đôi,Hướng thành phố,True,1,"[""https://owa.bestprice.vn/images/hotels/uploads/melia-vinpearl-hotel-hue-659f717a4c5fa.jpg"", ""https://owa.bestprice.vn/images/hotels/uploads/melia-vinpearl-hotel-hue-659f717a4c681.jpg""]"
80c248dd5eb3,15a8ba2773bebca5268cc473,https://www.bestprice.vn/khach-san/melia-vinpearl-hotel-hue-1466.html,room_detail_20259_2_,The Level Premium With View,"[""47m 2"", ""2 người lớn, 1 trẻ em"", ""Hướng thành phố"", ""2 giường đơn / 1 giường đôi""]",47.0,2,1,2 giường đơn / 1 giường đôi,Hướng thành phố,True,1,"[""https://owa.bestprice.vn/images/hotels/uploads/melia-vinpearl-hotel-hue-659f717a4c564.jpg"", ""https://owa.bestprice.vn/images/hotels/uploads/melia-vinpearl-hotel-hue-659f717a4c705.jpg""]"
80c248dd5eb3,15a8ba2773bebca5268cc473,https://www.bestprice.vn/khach-san/melia-vinpearl-hotel-hue-1466.html,room_detail_20260_2_,The Level Suite,"[""81m 2"", ""2 người lớn, 1 trẻ em"", ""Hướng thành phố"", ""1 giường đôi""]",81.0,2,1,1 giường đôi,Hướng thành phố,True,1,"[""https://owa.bestprice.vn/images/hotels/uploads/melia-vinpearl-hotel-hue-659f717a4c4ca.jpg"", ""https://owa.bestprice.vn/images/hotels/uploads/melia-vinpearl-hotel-hue-659f717a4c787.jpg""]"
80c248dd5eb3,17fd0937cd2828e8333629f8,https://www.bestprice.vn/khach-san/liberty-central-nha-trang-1363.html,room_detail_5804_2_,Deluxe,"[""27m 2"", ""2 người lớn, 2 trẻ em"", ""Hướng thành phố"", ""2 giường đơn / 1 giường đôi""]",27.0,2,2,2 giường đơn / 1 giường đôi,Hướng thành phố,True,1,"[""https://owa.bestprice.vn/images/hotels/uploads/liberty-central-nha-trang-6485d5de15228.jpg"", ""https://owa.bestprice.vn/images/hotels/uploads/liberty-central-nha-trang-6485d5de152ad.jpg""]"
80c248dd5eb3,17fd0937cd2828e8333629f8,https://www.bestprice.vn/khach-san/liberty-central-nha-trang-1363.html,room_detail_5805_2_,Premier Ocean View,"[""27m 2"", ""2 người lớn, 2 trẻ em"", ""Hướng biển"", ""2 giường đơn""]",27.0,2,2,2 giường đơn,Hướng biển,True,1,"[""https://owa.bestprice.vn/images/hotels/uploads/liberty-central-nha-trang-6485d5de151a2.jpg"", ""https://owa.bestprice.vn/images/hotels/uploads/liberty-central-nha-trang-6485d5de1510c.jpg""]"
80c248dd5eb3,17fd0937cd2828e8333629f8,https://www.bestprice.vn/khach-san/liberty-central-nha-trang-1363.html,room_detail_5806_2_,Executive Club,"[""30m 2"", ""2 người lớn, 2 trẻ em"", ""Hướng thành phố"", ""2 giường đơn / 1 giường đôi""]",30.0,2,2,2 giường đơn / 1 giường đôi,Hướng thành phố,True,1,"[""https://owa.bestprice.vn/images/hotels/uploads/liberty-central-nha-trang-6485d7437fac0.jpg"", ""https://owa.bestprice.vn/images/hotels/uploads/liberty-central-nha-trang-6485d7437fa3d.jpg""]"
80c248dd5eb3,17fd0937cd2828e8333629f8,https://www.bestprice.vn/khach-san/liberty-central-nha-trang-1363.html,room_detail_5807_2_,Signature,"[""35m 2"", ""2 người lớn, 2 trẻ em"", ""Hướng thành phố"", ""1 giường lớn""]",35.0,2,2,1 giường lớn,Hướng thành phố,True,1,"[""https://owa.bestprice.vn/images/hotels/uploads/liberty-central-nha-trang-6485d7437f933.jpg"", ""https://owa.bestprice.vn/images/hotels/uploads/liberty-central-nha-trang-6485d7437f9b8.jpg""]"
80c248dd5eb3,17fd0937cd2828e8333629f8,https://www.bestprice.vn/khach-san/liberty-central-nha-trang-1363.html,room_detail_5808_2_,Liberty Central Suite,"[""45m 2"", ""2 người lớn, 2 trẻ em"", ""Hướng thành phố"", ""1 giường lớn""]",45.0,2,2,1 giường lớn,Hướng thành phố,True,1,"[""https://owa.bestprice.vn/images/hotels/uploads/liberty-central-nha-trang-6485d7437f8ac.jpg"", ""https://owa.bestprice.vn/images/hotels/uploads/liberty-central-nha-trang-6485d7437f817.jpg""]"
80c248dd5eb3,18b5501f9d64a42aa179f51f,https://www.bestprice.vn/khach-san/song-hong-resort-vinh-phuc-1202.html,room_detail_4971_2_,Phòng 1 giường đôi,"[""0m 2"", ""2 người lớn, 1 trẻ em"", ""1 giường đôi""]",0.0,2,1,1 giường đôi,,True,1,"[""https://owa.bestprice.vn/images/hotels/uploads/song-hong-resort-53c78f16ca5cc.JPG""]"
80c248dd5eb3,18b5501f9d64a42aa179f51f,https://www.bestprice.vn/khach-san/song-hong-resort-vinh-phuc-1202.html,room_detail_4972_2_,Phòng 2 giường đơn,"[""0m 2"", ""2 người lớn, 1 trẻ em"", ""2 giường đơn""]",0.0,2,1,2 giường đơn,,True,1,"[""https://owa.bestprice.vn/images/hotels/uploads/song-hong-resort-vinh-phuc-5ff295143d1ad.jpg""]"
80c248dd5eb3,18b5501f9d64a42aa179f51f,https://www.bestprice.vn/khach-san/song-hong-resort-vinh-phuc-1202.html,room_detail_4973_3_,Phòng 3 giường đơn,"[""0m 2"", ""3 người lớn, 1 trẻ em"", ""3 giường đơn / 1 Giường đôi & 2 Giường đơn""]",0.0,3,1,3 giường đơn / 1 Giường đôi & 2 Giường đơn,,True,1,"[""https://owa.bestprice.vn/images/hotels/uploads/song-hong-resort-53c78f16cbe17.JPG""]"
80c248dd5eb3,18b5501f9d64a42aa179f51f,https://www.bestprice.vn/khach-san/song-hong-resort-vinh-phuc-1202.html,room_detail_4974_2_,Phòng Vip,"[""0m 2"", ""2 người lớn, 1 trẻ em"", ""1 giường đôi""]",0.0,2,1,1 giường đôi,,True,1,"[""https://owa.bestprice.vn/images/hotels/uploads/song-hong-resort-53c78f16cadcd.JPG""]"
80c248dd5eb3,18e4e1658bfccb4afd440fc1,https://www.bestprice.vn/khach-san/terracotta-hotel-resort-da-lat-1371.html,room_detail_5836_2_,Phòng Standard,"[""35m 2"", ""2 người lớn, 1 trẻ em"", ""Hướng vườn"", ""2 giường đơn""]",35.0,2,1,2 giường đơn,Hướng vườn,True,1,"[""https://owa.bestprice.vn/images/hotels/uploads/terracotta-hotel-resort-da-lat-64ca1080b41c5.jpg"", ""https://owa.bestprice.vn/images/hotels/uploads/terracotta-hotel-resort-da-lat-64ca1080b425c.jpg"", ""https://owa.bestprice.vn/images/hotels/uploads/terracotta-hotel-resort-da-lat-64ca1080b412f.jpg""]"
80c248dd5eb3,18e4e1658bfccb4afd440fc1,https://www.bestprice.vn/khach-san/terracotta-hotel-resort-da-lat-1371.html,room_detail_5837_2_,Phòng Superior,"[""35m 2"", ""2 người lớn, 1 trẻ em"", ""Hướng vườn"", ""2 giường đơn / 1 giường lớn""]",35.0,2,1,2 giường đơn / 1 giường lớn,Hướng vườn,True,1,"[""https://owa.bestprice.vn/images/hotels/uploads/terracotta-hotel-resort-da-lat-64ca1080b441d.jpg"", ""https://owa.bestprice.vn/images/hotels/uploads/terracotta-hotel-resort-da-lat-64ca1080b4387.jpg"", ""https://owa.bestprice.vn/images/hotels/uploads/terracotta-hotel-resort-da-lat-64ca1080b42f1.jpg""]"
80c248dd5eb3,18e4e1658bfccb4afd440fc1,https://www.bestprice.vn/khach-san/terracotta-hotel-resort-da-lat-1371.html,room_detail_5838_2_,Phòng Deluxe,"[""50m 2"", ""2 người lớn, 1 trẻ em"", ""Hướng vườn"", ""2 giường đơn / 1 giường lớn""]",50.0,2,1,2 giường đơn / 1 giường lớn,Hướng vườn,True,1,"[""https://owa.bestprice.vn/images/hotels/uploads/terracotta-hotel-resort-da-lat-64ca1014ca3e2.jpg"", ""https://owa.bestprice.vn/images/hotels/uploads/terracotta-hotel-resort-da-lat-64ca1014ca50e.jpg"", ""https://owa.bestprice.vn/images/hotels/uploads/terracotta-hotel-resort-da-lat-64ca1014ca2ac.jpg"", ""https://owa.bestprice.vn/images/hotels/uploads/terracotta-hotel-resort-da-lat-64ca1014ca77c.jpg"", ""https://owa.bestprice.vn/images/hotels/uploads/terracotta-hotel-resort-da-lat-64ca1014ca6e2.jpg""]"
80c248dd5eb3,18e4e1658bfccb4afd440fc1,https://www.bestprice.vn/khach-san/terracotta-hotel-resort-da-lat-1371.html,room_detail_9883_2_,Phòng Classic,"[""22m 2"", ""2 người lớn, 1 trẻ em"", ""Hướng hồ"", ""1 giường đôi""]",22.0,2,1,1 giường đôi,Hướng hồ,True,1,"[""https://owa.bestprice.vn/images/hotels/uploads/terracotta-hotel-resort-da-lat-64ca1014ca207.jpg"", ""https://owa.bestprice.vn/images/hotels/uploads/terracotta-hotel-resort-da-lat-64ca1014ca031.jpg"", ""https://owa.bestprice.vn/images/hotels/uploads/terracotta-hotel-resort-da-lat-64ca1014ca0d8.jpg""]"
80c248dd5eb3,18e4e1658bfccb4afd440fc1,https://www.bestprice.vn/khach-san/terracotta-hotel-resort-da-lat-1371.html,room_detail_5842_2_,Phòng Premium,"[""30m 2"", ""2 người lớn, 1 trẻ em"", ""Hướng vườn"", ""2 giường đơn / 1 giường đôi""]",30.0,2,1,2 giường đơn / 1 giường đôi,Hướng vườn,True,1,"[""https://owa.bestprice.vn/images/hotels/uploads/terracotta-hotel-resort-da-lat-64ca1080b3ffd.jpg"", ""https://owa.bestprice.vn/images/hotels/uploads/terracotta-hotel-resort-da-lat-64ca1080b4098.jpg"", ""https://owa.bestprice.vn/images/hotels/uploads/terracotta-hotel-resort-da-lat-64ca1080b3cbb.jpg""]"
80c248dd5eb3,18e4e1658bfccb4afd440fc1,https://www.bestprice.vn/khach-san/terracotta-hotel-resort-da-lat-1371.html,room_detail_5844_6_,Villa 3 phòng ngủ,"[""160m 2"", ""6 người lớn, 3 trẻ em"", ""Hướng hồ""]",160.0,6,3,Phòng cho phép kê thêm 2 giường phụ.,Hướng hồ,True,2,"[""https://owa.bestprice.vn/images/hotels/uploads/terracotta-hotel-resort-da-lat-64ca10e5df68e.jpg"", ""https://owa.bestprice.vn/images/hotels/uploads/terracotta-hotel-resort-da-lat-64ca10e5df381.jpg"", ""https://owa.bestprice.vn/images/hotels/uploads/terracotta-hotel-resort-da-lat-64ca10e5df431.jpg"", ""https://owa.bestprice.vn/images/hotels/uploads/terracotta-hotel-resort-da-lat-64ca10e5df4ca.jpg"", ""https://owa.bestprice.vn/images/hotels/uploads/terracotta-hotel-resort-da-lat-64ca10e5df561.jpg"", ""https://owa.bestprice.vn/images/hotels/uploads/terracotta-hotel-resort-da-lat-64ca10e5df5f7.jpg""]"
80c248dd5eb3,18e4e1658bfccb4afd440fc1,https://www.bestprice.vn/khach-san/terracotta-hotel-resort-da-lat-1371.html,room_detail_5845_8_,Villa 4 phòng ngủ,"[""250m 2"", ""8 người lớn, 4 trẻ em"", ""Hướng hồ""]",250.0,8,4,Phòng cho phép kê thêm 2 giường phụ.,Hướng hồ,True,2,"[""https://owa.bestprice.vn/images/hotels/uploads/terracotta-hotel-resort-da-lat-64ca10e5dfaa5.jpg"", ""https://owa.bestprice.vn/images/hotels/uploads/terracotta-hotel-resort-da-lat-64ca10e5df723.jpg"", ""https://owa.bestprice.vn/images/hotels/uploads/terracotta-hotel-resort-da-lat-64ca10e5df97a.jpg"", ""https://owa.bestprice.vn/images/hotels/uploads/terracotta-hotel-resort-da-lat-64ca10e5df7b9.jpg"", ""https://owa.bestprice.vn/images/hotels/uploads/terracotta-hotel-resort-da-lat-64ca10e5df84f.jpg"", ""https://owa.bestprice.vn/images/hotels/uploads/terracotta-hotel-resort-da-lat-64ca10e5df8e4.jpg"", ""https://owa.bestprice.vn/images/hotels/uploads/terracotta-hotel-resort-da-lat-64ca10e5dfa10.jpg"", ""https://owa.bestprice.vn/images/hotels/uploads/terracotta-hotel-resort-da-lat-64ca10e5dfbe5.jpg"", ""https://owa.bestprice.vn/images/hotels/uploads/terracotta-hotel-resort-da-lat-64ca10e5dfc7a.jpg""]"
80c248dd5eb3,18e4e1658bfccb4afd440fc1,https://www.bestprice.vn/khach-san/terracotta-hotel-resort-da-lat-1371.html,room_detail_5846_10_,Villa 5 phòng ngủ,"[""350m 2"", ""10 người lớn, 5 trẻ em"", ""Hướng hồ""]",350.0,10,5,Phòng cho phép kê thêm 2 giường phụ.,Hướng hồ,True,2,"[""https://owa.bestprice.vn/images/hotels/uploads/terracotta-hotel-resort-da-lat-64ca10e5dfb3b.jpg"", ""https://owa.bestprice.vn/images/hotels/uploads/terracotta-hotel-resort-da-lat-64ca114871767.jpg"", ""https://owa.bestprice.vn/images/hotels/uploads/terracotta-hotel-resort-da-lat-64ca10e5dfd20.jpg"", ""https://owa.bestprice.vn/images/hotels/uploads/terracotta-hotel-resort-da-lat-64ca114871299.jpg"", ""https://owa.bestprice.vn/images/hotels/uploads/terracotta-hotel-resort-da-lat-64ca114871340.jpg"", ""https://owa.bestprice.vn/images/hotels/uploads/terracotta-hotel-resort-da-lat-64ca1148713d9.jpg"", ""https://owa.bestprice.vn/images/hotels/uploads/terracotta-hotel-resort-da-lat-64ca11487146f.jpg"", ""https://owa.bestprice.vn/images/hotels/uploads/terracotta-hotel-resort-da-lat-64ca114871506.jpg"", ""https://owa.bestprice.vn/images/hotels/uploads/terracotta-hotel-resort-da-lat-64ca11487159c.jpg"", ""https://owa.bestprice.vn/images/hotels/uploads/terracotta-hotel-resort-da-lat-64ca11487163c.jpg"", ""https://owa.bestprice.vn/images/hotels/uploads/terracotta-hotel-resort-da-lat-64ca1148716d2.jpg""]"
80c248dd5eb3,1e2c08f5ab532bc6ed9258ff,https://www.bestprice.vn/khach-san/royal-huy-tam-dao-1490.html,room_detail_6800_2_,Superior Double City View,"[""22m 2"", ""2 người lớn, 2 trẻ em"", ""Hướng thành phố"", ""1 giường đôi""]",22.0,2,2,1 giường đôi,Hướng thành phố,True,1,"[""https://owa.bestprice.vn/images/hotels/uploads/khach-san-royal-huy-tam-dao-5f34b6e3e989b.jpg""]"
80c248dd5eb3,1e2c08f5ab532bc6ed9258ff,https://www.bestprice.vn/khach-san/royal-huy-tam-dao-1490.html,room_detail_6801_2_,Deluxe Twin Mountain View,"[""25m 2"", ""2 người lớn, 2 trẻ em"", ""Hướng núi"", ""1 Giường đôi & 1 Giường đơn""]",25.0,2,2,1 Giường đôi & 1 Giường đơn,Hướng núi,True,1,"[""https://owa.bestprice.vn/images/hotels/uploads/khach-san-royal-huy-tam-dao-5f34b669b0ec4.jpg""]"
80c248dd5eb3,1e2c08f5ab532bc6ed9258ff,https://www.bestprice.vn/khach-san/royal-huy-tam-dao-1490.html,room_detail_6802_2_,Junior Deluxe Mountain View,"[""28m 2"", ""2 người lớn, 2 trẻ em"", ""Hướng núi"", ""1 giường đôi""]",28.0,2,2,1 giường đôi,Hướng núi,True,1,"[""https://owa.bestprice.vn/images/hotels/uploads/khach-san-royal-huy-tam-dao-5f34b682d62bf.jpg""]"
80c248dd5eb3,1e2c08f5ab532bc6ed9258ff,https://www.bestprice.vn/khach-san/royal-huy-tam-dao-1490.html,room_detail_6803_2_,Premium Deluxe City View,"[""32m 2"", ""2 người lớn, 2 trẻ em"", ""Hướng thành phố"", ""1 giường lớn""]",32.0,2,2,1 giường lớn,Hướng thành phố,True,1,"[""https://owa.bestprice.vn/images/hotels/uploads/khach-san-royal-huy-tam-dao-5f34b690501c5.jpg""]"
80c248dd5eb3,1e2c08f5ab532bc6ed9258ff,https://www.bestprice.vn/khach-san/royal-huy-tam-dao-1490.html,room_detail_6804_2_,Executive Suite,"[""35m 2"", ""2 người lớn, 2 trẻ em"", ""Hướng thành phố"", ""1 giường lớn""]",35.0,2,2,1 giường lớn,Hướng thành phố,True,1,"[""https://owa.bestprice.vn/images/hotels/uploads/khach-san-royal-huy-tam-dao-5f34b675c7971.jpg""]"
80c248dd5eb3,1e2c08f5ab532bc6ed9258ff,https://www.bestprice.vn/khach-san/royal-huy-tam-dao-1490.html,room_detail_6805_2_,Royal Honeymoon Suite,"[""40m 2"", ""2 người lớn, 2 trẻ em"", ""Hướng thành phố"", ""1 giường lớn""]",40.0,2,2,1 giường lớn,Hướng thành phố,True,1,"[""https://owa.bestprice.vn/images/hotels/uploads/khach-san-royal-huy-tam-dao-5f34b675c7a0f.jpg""]"
80c248dd5eb3,1e2c08f5ab532bc6ed9258ff,https://www.bestprice.vn/khach-san/royal-huy-tam-dao-1490.html,room_detail_6806_2_,Royal Suite,"[""45m 2"", ""2 người lớn, 2 trẻ em"", ""Hướng thành phố"", ""1 giường lớn""]",45.0,2,2,1 giường lớn,Hướng thành phố,True,1,"[""https://owa.bestprice.vn/images/hotels/uploads/khach-san-royal-huy-tam-dao-5f34b6e3e96bc.jpg""]"
80c248dd5eb3,1f4b1fec430382d1eb4e359c,https://www.bestprice.vn/khach-san/belvedere-resort-tam-dao-1189.html,room_detail_7404_2_,Phòng Grand Suite,"[""50m 2"", ""2 người lớn, 2 trẻ em"", ""Hướng núi"", ""1 giường đôi""]",50.0,2,2,1 giường đôi,Hướng núi,True,1,"[""https://owa.bestprice.vn/images/hotels/uploads/belvedere-resort-tam-dao-64ad16f19e9c7.jpg"", ""https://owa.bestprice.vn/images/hotels/uploads/belvedere-resort-tam-dao-64ad16f19e943.jpg""]"
80c248dd5eb3,1f4b1fec430382d1eb4e359c,https://www.bestprice.vn/khach-san/belvedere-resort-tam-dao-1189.html,room_detail_10153_4_,Phòng Family Suite,"[""55m 2"", ""4 người lớn, 2 trẻ em"", ""Hướng thành phố"", ""2 giường đôi""]",55.0,4,2,2 giường đôi,Hướng thành phố,True,1,"[""https://owa.bestprice.vn/images/hotels/uploads/belvedere-resort-tam-dao-64ad16f19eacf.jpg"", ""https://owa.bestprice.vn/images/hotels/uploads/belvedere-resort-tam-dao-64ad16f19ea4b.jpg"", ""https://owa.bestprice.vn/images/hotels/uploads/belvedere-resort-tam-dao-64ad16f19eb52.jpg""]"
80c248dd5eb3,1f4b1fec430382d1eb4e359c,https://www.bestprice.vn/khach-san/belvedere-resort-tam-dao-1189.html,room_detail_7403_4_,Phòng Family,"[""55m 2"", ""4 người lớn, 2 trẻ em"", ""Hướng núi"", ""2 giường đôi""]",55.0,4,2,2 giường đôi,Hướng núi,True,1,"[""https://owa.bestprice.vn/images/hotels/uploads/belvedere-resort-tam-dao-64ad16f19ebd6.jpg"", ""https://owa.bestprice.vn/images/hotels/uploads/belvedere-resort-tam-dao-64ad16f19ec59.jpg""]"
80c248dd5eb3,1f4b1fec430382d1eb4e359c,https://www.bestprice.vn/khach-san/belvedere-resort-tam-dao-1189.html,room_detail_7402_2_,Phòng Deluxe,"[""50m 2"", ""2 người lớn, 2 trẻ em"", ""Hướng núi"", ""2 giường đơn / 1 giường đôi""]",50.0,2,2,2 giường đơn / 1 giường đôi,Hướng núi,True,1,"[""https://owa.bestprice.vn/images/hotels/uploads/belvedere-resort-tam-dao-64ad16f19ed6b.jpg"", ""https://owa.bestprice.vn/images/hotels/uploads/belvedere-resort-tam-dao-64ad16f19ecdd.jpg""]"
80c248dd5eb3,1f4b1fec430382d1eb4e359c,https://www.bestprice.vn/khach-san/belvedere-resort-tam-dao-1189.html,room_detail_7401_2_,Phòng Superior,"[""50m 2"", ""2 người lớn, 2 trẻ em"", ""Hướng núi"", ""2 giường đơn / 1 giường đôi""]",50.0,2,2,2 giường đơn / 1 giường đôi,Hướng núi,True,1,"[""https://owa.bestprice.vn/images/hotels/uploads/belvedere-resort-tam-dao-64ad16f19eef6.jpg"", ""https://owa.bestprice.vn/images/hotels/uploads/belvedere-resort-tam-dao-64ad16f19edef.jpg"", ""https://owa.bestprice.vn/images/hotels/uploads/belvedere-resort-tam-dao-64ad16f19ee72.jpg""]"
80c248dd5eb3,1f4b1fec430382d1eb4e359c,https://www.bestprice.vn/khach-san/belvedere-resort-tam-dao-1189.html,room_detail_4914_2_,Phòng Standard,"[""40m 2"", ""2 người lớn, 2 trẻ em"", ""Hướng vườn"", ""2 giường đơn / 1 giường đôi""]",40.0,2,2,2 giường đơn / 1 giường đôi,Hướng vườn,True,1,"[""https://owa.bestprice.vn/images/hotels/uploads/belvedere-resort-tam-dao-64ad16f19ef79.jpg"", ""https://owa.bestprice.vn/images/hotels/uploads/belvedere-resort-tam-dao-64ad16f19effd.jpg"", ""https://owa.bestprice.vn/images/hotels/uploads/belvedere-resort-tam-dao-64ad16f19f080.jpg""]"
80c248dd5eb3,1fcb7800e516f1d342a7ae48,https://www.bestprice.vn/khach-san/hoi-an-memories-resort-spa-2657.html,room_detail_13745_2_,Phòng Deluxe King,"[""38m 2"", ""2 người lớn, 2 trẻ em"", ""Hướng vườn"", ""1 giường lớn""]",38.0,2,2,1 giường lớn,Hướng vườn,True,1,"[""https://owa.bestprice.vn/images/hotels/uploads/hoi-an-memories-resort-spa-64197190bb26d.jpg"", ""https://owa.bestprice.vn/images/hotels/uploads/hoi-an-memories-resort-spa-64197190bad47.jpg"", ""https://owa.bestprice.vn/images/hotels/uploads/hoi-an-memories-resort-spa-64e43e7c0d141.jpg"", ""https://owa.bestprice.vn/images/hotels/uploads/hoi-an-memories-resort-spa-64e43e7c0d1d0.jpg""]"
80c248dd5eb3,1fcb7800e516f1d342a7ae48,https://www.bestprice.vn/khach-san/hoi-an-memories-resort-spa-2657.html,room_detail_19417_2_,Phòng Deluxe Twin,"[""38m 2"", ""2 người lớn, 2 trẻ em"", ""Hướng vườn"", ""2 giường đơn""]",38.0,2,2,2 giường đơn,Hướng vườn,True,1,"[""https://owa.bestprice.vn/images/hotels/uploads/hoi-an-memories-resort-spa-64197190bae60.jpg"", ""https://owa.bestprice.vn/images/hotels/uploads/hoi-an-memories-resort-spa-64197190badd3.jpg""]"
80c248dd5eb3,1fcb7800e516f1d342a7ae48,https://www.bestprice.vn/khach-san/hoi-an-memories-resort-spa-2657.html,room_detail_13747_4_,Phòng Family,"[""55m 2"", ""4 người lớn, 2 trẻ em"", ""Hướng vườn"", ""1 Giường đôi & 2 Giường đơn""]",55.0,4,2,1 Giường đôi & 2 Giường đơn,Hướng vườn,True,1,"[""https://owa.bestprice.vn/images/hotels/uploads/hoi-an-memories-resort-spa-641971e85da9e.jpg"", ""https://owa.bestprice.vn/images/hotels/uploads/hoi-an-memories-resort-spa-641971e85d9fe.jpg""]"
80c248dd5eb3,1fcb7800e516f1d342a7ae48,https://www.bestprice.vn/khach-san/hoi-an-memories-resort-spa-2657.html,room_detail_19418_4_,Phòng Connecting,"[""55m 2"", ""4 người lớn, 4 trẻ em"", ""Hướng vườn"", ""2 giường đơn / 1 giường đôi""]",55.0,4,4,2 giường đơn / 1 giường đôi,Hướng vườn,True,1,"[""https://owa.bestprice.vn/images/hotels/uploads/hoi-an-memories-resort-spa-64197190bac2f.jpg""]"
80c248dd5eb3,1fcb7800e516f1d342a7ae48,https://www.bestprice.vn/khach-san/hoi-an-memories-resort-spa-2657.html,room_detail_13751_4_,Villa 2 phòng ngủ,"[""120m 2"", ""4 người lớn, 2 trẻ em"", ""Hướng sông"", ""1 Giường đôi & 2 Giường đơn""]",120.0,4,2,1 Giường đôi & 2 Giường đơn,Hướng sông,True,1,"[""https://owa.bestprice.vn/images/hotels/uploads/hoi-an-memories-resort-spa-641971e85dd95.jpg"", ""https://owa.bestprice.vn/images/hotels/uploads/hoi-an-memories-resort-spa-641971e85de22.jpg"", ""https://owa.bestprice.vn/images/hotels/uploads/hoi-an-memories-resort-spa-64e43e7c0d25d.jpg"", ""https://owa.bestprice.vn/images/hotels/uploads/hoi-an-memories-resort-spa-64e43e7c0d2ea.jpg""]"
80c248dd5eb3,1fcb7800e516f1d342a7ae48,https://www.bestprice.vn/khach-san/hoi-an-memories-resort-spa-2657.html,room_detail_13753_6_,Villa 3 phòng ngủ,"[""130m 2"", ""6 người lớn, 3 trẻ em"", ""Hướng sông"", ""3 giường đôi""]",130.0,6,3,3 giường đôi,Hướng sông,True,1,"[""https://owa.bestprice.vn/images/hotels/uploads/hoi-an-memories-resort-spa-641971e85deae.jpg"", ""https://owa.bestprice.vn/images/hotels/uploads/hoi-an-memories-resort-spa-641971e85df3a.jpg"", ""https://owa.bestprice.vn/images/hotels/uploads/hoi-an-memories-resort-spa-641971e85db2c.jpg"", ""https://owa.bestprice.vn/images/hotels/uploads/hoi-an-memories-resort-spa-64e43e7c0d376.jpg"", ""https://owa.bestprice.vn/images/hotels/uploads/hoi-an-memories-resort-spa-64e43e7c0d402.jpg""]"
80c248dd5eb3,2090a8abe7521e6484af3ee3,https://www.bestprice.vn/khach-san/muong-thanh-grand-cua-lo-1687.html,room_detail_7937_2_,Deluxe Double/Twin,"[""36m 2"", ""2 người lớn, 2 trẻ em"", ""Hướng thành phố"", ""2 giường đơn / 1 giường đôi""]",36.0,2,2,2 giường đơn / 1 giường đôi,Hướng thành phố,True,1,"[""https://owa.bestprice.vn/images/hotels/uploads/muong-thanh-grand-cua-lo-5e393106366c2.jpg""]"
80c248dd5eb3,2090a8abe7521e6484af3ee3,https://www.bestprice.vn/khach-san/muong-thanh-grand-cua-lo-1687.html,room_detail_7938_3_,Deluxe Triple,"[""46m 2"", ""3 người lớn, 2 trẻ em"", ""Hướng thành phố"", ""3 giường đơn""]",46.0,3,2,3 giường đơn,Hướng thành phố,True,1,"[""https://owa.bestprice.vn/images/hotels/uploads/muong-thanh-grand-cua-lo-5e3930f045f14.jpg""]"
80c248dd5eb3,2090a8abe7521e6484af3ee3,https://www.bestprice.vn/khach-san/muong-thanh-grand-cua-lo-1687.html,room_detail_7939_2_,Executive Suite,"[""78m 2"", ""2 người lớn, 2 trẻ em"", ""Hướng bãi biển"", ""2 giường đơn / 1 giường đôi""]",78.0,2,2,2 giường đơn / 1 giường đôi,Hướng bãi biển,True,1,"[""https://owa.bestprice.vn/images/hotels/uploads/khach-san-muong-thanh-grand-cua-lo-5f408a7cda8c7.jpg""]"
80c248dd5eb3,2090a8abe7521e6484af3ee3,https://www.bestprice.vn/khach-san/muong-thanh-grand-cua-lo-1687.html,room_detail_7940_2_,Grand Suite,"[""95m 2"", ""2 người lớn, 2 trẻ em"", ""Hướng bãi biển"", ""2 giường đơn / 1 giường đôi""]",95.0,2,2,2 giường đơn / 1 giường đôi,Hướng bãi biển,True,1,"[""https://owa.bestprice.vn/images/hotels/uploads/muong-thanh-grand-cua-lo-5e39310636748.jpg"", ""https://owa.bestprice.vn/images/hotels/uploads/muong-thanh-grand-cua-lo-5e39312136314.jpg""]"
80c248dd5eb3,2090a8abe7521e6484af3ee3,https://www.bestprice.vn/khach-san/muong-thanh-grand-cua-lo-1687.html,room_detail_7941_4_,Royal Suite,"[""95m 2"", ""4 người lớn, 2 trẻ em"", ""Hướng bãi biển"", ""2 giường đơn / 1 giường đôi""]",95.0,4,2,2 giường đơn / 1 giường đôi,Hướng bãi biển,True,1,"[""https://owa.bestprice.vn/images/hotels/uploads/muong-thanh-grand-cua-lo-5e39312136283.jpg""]"
80c248dd5eb3,2090a8abe7521e6484af3ee3,https://www.bestprice.vn/khach-san/muong-thanh-grand-cua-lo-1687.html,room_detail_7942_2_,Presidential Suite,"[""288m 2"", ""2 người lớn, 2 trẻ em"", ""Hướng thành phố"", ""2 giường lớn""]",288.0,2,2,2 giường lớn,Hướng thành phố,True,1,"[""https://owa.bestprice.vn/images/hotels/uploads/muong-thanh-grand-cua-lo-5e393106367cc.jpg""]"
80c248dd5eb3,20caf55ffdf91bf42321d49a,https://www.bestprice.vn/khach-san/sea-stars-hotel-1726.html,room_detail_8200_2_,Superior,"[""30m 2"", ""2 người lớn, 2 trẻ em"", ""Hướng thành phố"", ""1 giường đôi""]",30.0,2,2,1 giường đôi,Hướng thành phố,True,1,"[""https://owa.bestprice.vn/images/hotels/uploads/khach-san-sea-stars-hotel-5e43806c9da4c.jpg""]"
80c248dd5eb3,20caf55ffdf91bf42321d49a,https://www.bestprice.vn/khach-san/sea-stars-hotel-1726.html,room_detail_8201_2_,Deluxe,"[""35m 2"", ""2 người lớn, 2 trẻ em"", ""Hướng thành phố"", ""1 giường đôi""]",35.0,2,2,1 giường đôi,Hướng thành phố,True,1,"[""https://owa.bestprice.vn/images/hotels/uploads/khach-san-sea-stars-hotel-5e438037d2659.jpg"", ""https://owa.bestprice.vn/images/hotels/uploads/khach-san-sea-stars-hotel-5e438037d26dc.jpg""]"
80c248dd5eb3,20caf55ffdf91bf42321d49a,https://www.bestprice.vn/khach-san/sea-stars-hotel-1726.html,room_detail_8202_2_,Executive,"[""35m 2"", ""2 người lớn, 2 trẻ em"", ""Hướng thành phố"", ""1 giường đôi""]",35.0,2,2,1 giường đôi,Hướng thành phố,True,1,"[""https://owa.bestprice.vn/images/hotels/uploads/khach-san-sea-stars-hotel-5e43806c9d94b.jpg""]"
80c248dd5eb3,2229c40987932d643addf3e4,https://www.bestprice.vn/khach-san/flc-luxury-resort-vinh-phuc-1405.html,room_detail_6095_2_,Phòng Deluxe,"[""25m 2"", ""2 người lớn, 2 trẻ em"", ""Hướng thành phố"", ""2 giường đơn / 1 giường đôi""]",25.0,2,2,2 giường đơn / 1 giường đôi,Hướng thành phố,True,1,"[""https://owa.bestprice.vn/images/hotels/uploads/flc-luxury-resort-vinh-phuc-64ae1fba3bd64.jpg"", ""https://owa.bestprice.vn/images/hotels/uploads/flc-luxury-resort-vinh-phuc-64ae1fba3bcda.jpg"", ""https://owa.bestprice.vn/images/hotels/uploads/flc-luxury-resort-vinh-phuc-64ae1fba3bc4f.jpg""]"
80c248dd5eb3,2229c40987932d643addf3e4,https://www.bestprice.vn/khach-san/flc-luxury-resort-vinh-phuc-1405.html,room_detail_6096_2_,Phòng Bungalow,"[""50m 2"", ""2 người lớn, 2 trẻ em"", ""Hướng vườn"", ""1 giường đôi""]",50.0,2,2,1 giường đôi,Hướng vườn,True,1,"[""https://owa.bestprice.vn/images/hotels/uploads/flc-luxury-resort-vinh-phuc-64ae1fba3c01d.jpg"", ""https://owa.bestprice.vn/images/hotels/uploads/flc-luxury-resort-vinh-phuc-64ae1fba3bf93.jpg"", ""https://owa.bestprice.vn/images/hotels/uploads/flc-luxury-resort-vinh-phuc-64ae1fba3bf06.jpg""]"
80c248dd5eb3,2229c40987932d643addf3e4,https://www.bestprice.vn/khach-san/flc-luxury-resort-vinh-phuc-1405.html,room_detail_6097_2_,Phòng Suite,"[""54m 2"", ""2 người lớn, 2 trẻ em"", ""Hướng hồ bơi"", ""1 giường đôi""]",54.0,2,2,1 giường đôi,Hướng hồ bơi,True,1,"[""https://owa.bestprice.vn/images/hotels/uploads/flc-luxury-resort-vinh-phuc-64ae1fba3c0a7.jpg"", ""https://owa.bestprice.vn/images/hotels/uploads/flc-luxury-resort-vinh-phuc-64ae1fba3c1ba.jpg"", ""https://owa.bestprice.vn/images/hotels/uploads/flc-luxury-resort-vinh-phuc-64ae1fba3c131.jpg""]"
80c248dd5eb3,2229c40987932d643addf3e4,https://www.bestprice.vn/khach-san/flc-luxury-resort-vinh-phuc-1405.html,room_detail_9193_6_,Villa Queen,"[""180m 2"", ""6 người lớn, 4 trẻ em"", ""Hướng vườn"", ""3 giường đôi / Giường Sofa""]",180.0,6,4,3 giường đôi / Giường Sofa,Hướng vườn,,,"[""https://owa.bestprice.vn/images/hotels/uploads/flc-luxury-resort-vinh-phuc-64ae1fba3c243.jpg"", ""https://owa.bestprice.vn/images/hotels/uploads/flc-luxury-resort-vinh-phuc-64ae1fba3c2cd.jpg"", ""https://owa.bestprice.vn/images/hotels/uploads/flc-luxury-resort-vinh-phuc-64ae1fba3c357.jpg"", ""https://owa.bestprice.vn/images/hotels/uploads/flc-luxury-resort-vinh-phuc-64ae1fba3c3e2.jpg""]"
80c248dd5eb3,2368408f5339b64d882f1995,https://www.bestprice.vn/khach-san/la-siesta-hoi-an-resort-spa-1762.html,room_detail_8378_2_,Deluxe Room,"[""30m 2"", ""2 người lớn, 1 trẻ em"", ""Hướng thành phố"", ""2 giường đơn / 1 giường đôi""]",30.0,2,1,2 giường đơn / 1 giường đôi,Hướng thành phố,True,1,"[""https://owa.bestprice.vn/images/hotels/uploads/la-siesta-hoi-an-resort-spa-64e4625b388d2.jpg"", ""https://owa.bestprice.vn/images/hotels/uploads/la-siesta-hoi-an-resort-spa-64e4625b38961.jpg""]"
80c248dd5eb3,2368408f5339b64d882f1995,https://www.bestprice.vn/khach-san/la-siesta-hoi-an-resort-spa-1762.html,room_detail_8379_2_,Phòng Deluxe Balcony,"[""30m 2"", ""2 người lớn, 1 trẻ em"", ""Hướng hồ bơi"", ""2 giường đơn / 1 giường đôi""]",30.0,2,1,2 giường đơn / 1 giường đôi,Hướng hồ bơi,True,1,"[""https://owa.bestprice.vn/images/hotels/uploads/la-siesta-hoi-an-resort-spa-64e4625b38713.jpg"", ""https://owa.bestprice.vn/images/hotels/uploads/la-siesta-hoi-an-resort-spa-64e4625b38842.jpg"", ""https://owa.bestprice.vn/images/hotels/uploads/la-siesta-hoi-an-resort-spa-64e4625b387b1.jpg""]"
80c248dd5eb3,2368408f5339b64d882f1995,https://www.bestprice.vn/khach-san/la-siesta-hoi-an-resort-spa-1762.html,room_detail_8381_4_,Family Room,"[""35m 2"", ""4 người lớn, 1 trẻ em"", ""Hướng vườn"", ""2 giường đôi""]",35.0,4,1,2 giường đôi,Hướng vườn,,,"[""https://owa.bestprice.vn/images/hotels/uploads/la-siesta-hoi-an-resort-spa-64e4625b38c04.jpg"", ""https://owa.bestprice.vn/images/hotels/uploads/la-siesta-hoi-an-resort-spa-64e4625b38b74.jpg""]"
80c248dd5eb3,2368408f5339b64d882f1995,https://www.bestprice.vn/khach-san/la-siesta-hoi-an-resort-spa-1762.html,room_detail_8382_2_,Grand Suite,"[""50m 2"", ""2 người lớn, 1 trẻ em"", ""Hướng thành phố"", ""1 giường lớn""]",50.0,2,1,1 giường lớn,Hướng thành phố,True,1,"[""https://owa.bestprice.vn/images/hotels/uploads/la-siesta-hoi-an-resort-spa-64e4625b38d22.jpg"", ""https://owa.bestprice.vn/images/hotels/uploads/la-siesta-hoi-an-resort-spa-64e4625b38c93.jpg""]"
80c248dd5eb3,2368408f5339b64d882f1995,https://www.bestprice.vn/khach-san/la-siesta-hoi-an-resort-spa-1762.html,room_detail_8383_2_,La Siesta Suite,"[""60m 2"", ""2 người lớn, 1 trẻ em"", ""Hướng hồ bơi"", ""1 giường lớn""]",60.0,2,1,1 giường lớn,Hướng hồ bơi,True,1,"[""https://owa.bestprice.vn/images/hotels/uploads/la-siesta-hoi-an-resort-spa-64e4625b38ecd.jpg"", ""https://owa.bestprice.vn/images/hotels/uploads/la-siesta-hoi-an-resort-spa-64e4625b38f5c.jpg""]"
80c248dd5eb3,2368408f5339b64d882f1995,https://www.bestprice.vn/khach-san/la-siesta-hoi-an-resort-spa-1762.html,room_detail_8384_2_,Veranda Suite Pool View,"[""55m 2"", ""2 người lớn, 1 trẻ em"", ""Hướng vườn"", ""1 giường lớn""]",55.0,2,1,1 giường lớn,Hướng vườn,,,"[""https://owa.bestprice.vn/images/hotels/uploads/la-siesta-hoi-an-resort-spa-64e4625b39107.jpg"", ""https://owa.bestprice.vn/images/hotels/uploads/la-siesta-hoi-an-resort-spa-64e4625b39196.jpg""]"
80c248dd5eb3,2368408f5339b64d882f1995,https://www.bestprice.vn/khach-san/la-siesta-hoi-an-resort-spa-1762.html,room_detail_8385_2_,Phòng Junior Suite Balcony,"[""45m 2"", ""2 người lớn, 1 trẻ em"", ""Hướng vườn"", ""2 giường đơn / 1 giường lớn""]",45.0,2,1,2 giường đơn / 1 giường lớn,Hướng vườn,,,"[""https://owa.bestprice.vn/images/hotels/uploads/la-siesta-hoi-an-resort-spa-64e4625b38db1.jpg"", ""https://owa.bestprice.vn/images/hotels/uploads/la-siesta-hoi-an-resort-spa-64e4625b38e3f.jpg""]"
80c248dd5eb3,2368408f5339b64d882f1995,https://www.bestprice.vn/khach-san/la-siesta-hoi-an-resort-spa-1762.html,room_detail_8380_2_,Phòng Executive Suite,"[""60m 2"", ""2 người lớn, 1 trẻ em"", ""Hướng vườn"", ""2 giường đơn / 1 giường lớn""]",60.0,2,1,2 giường đơn / 1 giường lớn,Hướng vườn,True,1,"[""https://owa.bestprice.vn/images/hotels/uploads/la-siesta-hoi-an-resort-spa-64e4625b38b0d.jpg"", ""https://owa.bestprice.vn/images/hotels/uploads/la-siesta-hoi-an-resort-spa-64e4625b389f0.jpg"", ""https://owa.bestprice.vn/images/hotels/uploads/la-siesta-hoi-an-resort-spa-64e4625b38a7e.jpg""]"
80c248dd5eb3,2368408f5339b64d882f1995,https://www.bestprice.vn/khach-san/la-siesta-hoi-an-resort-spa-1762.html,room_detail_8386_2_,Phòng Premium Suite Terrace,"[""76m 2"", ""2 người lớn, 1 trẻ em"", ""Hướng hồ bơi"", ""1 giường lớn""]",76.0,2,1,1 giường lớn,Hướng hồ bơi,,,"[""https://owa.bestprice.vn/images/hotels/uploads/la-siesta-hoi-an-resort-spa-64e4625b38fea.jpg"", ""https://owa.bestprice.vn/images/hotels/uploads/la-siesta-hoi-an-resort-spa-64e4625b39079.jpg""]"
80c248dd5eb3,2368408f5339b64d882f1995,https://www.bestprice.vn/khach-san/la-siesta-hoi-an-resort-spa-1762.html,room_detail_14961_2_,Phòng Executive Duplex Suite,"[""50m 2"", ""2 người lớn, 1 trẻ em"", ""Hướng hồ bơi"", ""2 giường đơn / 1 giường lớn""]",50.0,2,1,2 giường đơn / 1 giường lớn,Hướng hồ bơi,,,"[""https://owa.bestprice.vn/images/hotels/uploads/la-siesta-hoi-an-resort-spa-64e466f7173ce.jpg"", ""https://owa.bestprice.vn/images/hotels/uploads/la-siesta-hoi-an-resort-spa-64e466f71745d.jpg"", ""https://owa.bestprice.vn/images/hotels/uploads/la-siesta-hoi-an-resort-spa-64e466f7174ed.jpg""]"
80c248dd5eb3,2368408f5339b64d882f1995,https://www.bestprice.vn/khach-san/la-siesta-hoi-an-resort-spa-1762.html,room_detail_8387_4_,Phòng Duplex Suite Balcony,"[""70m 2"", ""4 người lớn, 1 trẻ em"", ""Hướng hồ bơi"", ""1 Giường đôi & 2 Giường đơn""]",70.0,4,1,1 Giường đôi & 2 Giường đơn,Hướng hồ bơi,,,"[""https://owa.bestprice.vn/images/hotels/uploads/la-siesta-hoi-an-resort-spa-64e466f717221.jpg"", ""https://owa.bestprice.vn/images/hotels/uploads/la-siesta-hoi-an-resort-spa-64e466f7172b0.jpg"", ""https://owa.bestprice.vn/images/hotels/uploads/la-siesta-hoi-an-resort-spa-64e466f717340.jpg""]"
80c248dd5eb3,2499ad01615f4a93d94959e7,https://www.bestprice.vn/khach-san/vinpearl-resort-spa-nha-trang-bay-1376.html,room_detail_5861_2_,Deluxe King Room,"[""45m 2"", ""2 người lớn, 2 trẻ em"", ""Hướng vườn"", ""1 giường đôi""]",45.0,2,2,1 giường đôi,Hướng vườn,True,1,"[""https://owa.bestprice.vn/images/hotels/uploads/vinpearl-resort-spa-nha-trang-bay-633bdb65d2483.jpg"", ""https://owa.bestprice.vn/images/hotels/uploads/vinpearl-resort-spa-nha-trang-bay-633bdb65d20cb.jpg""]"
80c248dd5eb3,2499ad01615f4a93d94959e7,https://www.bestprice.vn/khach-san/vinpearl-resort-spa-nha-trang-bay-1376.html,room_detail_20274_2_,Deluxe Twin Room,"[""45m 2"", ""2 người lớn, 2 trẻ em"", ""Hướng vườn"", ""2 giường đơn""]",45.0,2,2,2 giường đơn,Hướng vườn,True,1,"[""https://owa.bestprice.vn/images/hotels/uploads/vinpearl-resort-spa-nha-trang-bay-65cedc2a317e8.jpg"", ""https://owa.bestprice.vn/images/hotels/uploads/vinpearl-resort-spa-nha-trang-bay-65cedc2a3156b.jpg""]"
80c248dd5eb3,2499ad01615f4a93d94959e7,https://www.bestprice.vn/khach-san/vinpearl-resort-spa-nha-trang-bay-1376.html,room_detail_5862_2_,Deluxe King Ocean View,"[""45m 2"", ""2 người lớn, 2 trẻ em"", ""Hướng biển"", ""1 giường đôi""]",45.0,2,2,1 giường đôi,Hướng biển,True,1,"[""https://owa.bestprice.vn/images/hotels/uploads/vinpearl-resort-spa-nha-trang-bay-633bdb65d23e8.jpg"", ""https://owa.bestprice.vn/images/hotels/uploads/vinpearl-resort-spa-nha-trang-bay-633bdb65d2026.jpg""]"
80c248dd5eb3,2499ad01615f4a93d94959e7,https://www.bestprice.vn/khach-san/vinpearl-resort-spa-nha-trang-bay-1376.html,room_detail_20275_2_,Deluxe Twin Ocean View,"[""45m 2"", ""2 người lớn, 2 trẻ em"", ""Hướng biển"", ""2 giường đơn""]",45.0,2,2,2 giường đơn,Hướng biển,True,1,"[""https://owa.bestprice.vn/images/hotels/uploads/vinpearl-resort-spa-nha-trang-bay-65cedc2a314bf.jpg"", ""https://owa.bestprice.vn/images/hotels/uploads/vinpearl-resort-spa-nha-trang-bay-65cedc2a316a5.jpg""]"
80c248dd5eb3,2499ad01615f4a93d94959e7,https://www.bestprice.vn/khach-san/vinpearl-resort-spa-nha-trang-bay-1376.html,room_detail_5863_2_,Executive Suite King Ocean View,"[""90m 2"", ""2 người lớn, 2 trẻ em"", ""Hướng biển"", ""1 giường lớn""]",90.0,2,2,1 giường lớn,Hướng biển,True,1,"[""https://owa.bestprice.vn/images/hotels/uploads/vinpearl-resort-spa-nha-trang-bay-633bdb65d2167.jpg"", ""https://owa.bestprice.vn/images/hotels/uploads/vinpearl-resort-spa-nha-trang-bay-633bdb65d1d00.jpg""]"
80c248dd5eb3,2499ad01615f4a93d94959e7,https://www.bestprice.vn/khach-san/vinpearl-resort-spa-nha-trang-bay-1376.html,room_detail_5864_4_,Villa 2-Bedroom Pool View,"[""330m 2"", ""4 người lớn, 4 trẻ em"", ""Hướng hồ bơi"", ""1 Giường đôi & 2 Giường đơn""]",330.0,4,4,1 Giường đôi & 2 Giường đơn,Hướng hồ bơi,True,2,"[""https://owa.bestprice.vn/images/hotels/uploads/vinpearl-resort-spa-nha-trang-bay-633d4892d9667.jpg"", ""https://owa.bestprice.vn/images/hotels/uploads/vinpearl-resort-spa-nha-trang-bay-633bdb65d265c.jpg""]"
80c248dd5eb3,2499ad01615f4a93d94959e7,https://www.bestprice.vn/khach-san/vinpearl-resort-spa-nha-trang-bay-1376.html,room_detail_5865_4_,Villa 2-Bedroom Beachfront,"[""330m 2"", ""4 người lớn, 4 trẻ em"", ""Hướng biển"", ""1 Giường đôi & 2 Giường đơn""]",330.0,4,4,1 Giường đôi & 2 Giường đơn,Hướng biển,True,2,"[""https://owa.bestprice.vn/images/hotels/uploads/vinpearl-resort-spa-nha-trang-bay-633bdb65d2338.jpg"", ""https://owa.bestprice.vn/images/hotels/uploads/vinpearl-resort-spa-nha-trang-bay-633bdb65d229d.jpg""]"
80c248dd5eb3,2499ad01615f4a93d94959e7,https://www.bestprice.vn/khach-san/vinpearl-resort-spa-nha-trang-bay-1376.html,room_detail_5866_6_,Villa 3-Bedroom Pool View,"[""240m 2"", ""6 người lớn, 4 trẻ em"", ""Hướng hồ bơi"", ""3 giường đôi""]",240.0,6,4,3 giường đôi,Hướng hồ bơi,True,3,"[""https://owa.bestprice.vn/images/hotels/uploads/vinpearl-resort-spa-nha-trang-bay-633d4892d9714.jpg""]"
80c248dd5eb3,2499ad01615f4a93d94959e7,https://www.bestprice.vn/khach-san/vinpearl-resort-spa-nha-trang-bay-1376.html,room_detail_5867_6_,Villa 3-Bedroom Ocean View,"[""290m 2"", ""6 người lớn, 4 trẻ em"", ""Hướng biển"", ""3 giường đôi""]",290.0,6,4,3 giường đôi,Hướng biển,True,3,"[""https://owa.bestprice.vn/images/hotels/uploads/vinpearl-resort-spa-nha-trang-bay-64ae1795b634d.jpg"", ""https://owa.bestprice.vn/images/hotels/uploads/vinpearl-resort-spa-nha-trang-bay-633bdb65d25c1.jpg""]"
80c248dd5eb3,2499ad01615f4a93d94959e7,https://www.bestprice.vn/khach-san/vinpearl-resort-spa-nha-trang-bay-1376.html,room_detail_14170_6_,Villa 3-Bedroom Beachfront,"[""290m 2"", ""6 người lớn, 4 trẻ em"", ""Hướng bãi biển"", ""3 giường đôi""]",290.0,6,4,3 giường đôi,Hướng bãi biển,True,3,"[""https://owa.bestprice.vn/images/hotels/uploads/vinpearl-resort-spa-nha-trang-bay-633bdb65d26f6.jpg"", ""https://owa.bestprice.vn/images/hotels/uploads/vinpearl-resort-spa-nha-trang-bay-633bdb65d1c66.jpg""]"
80c248dd5eb3,2499ad01615f4a93d94959e7,https://www.bestprice.vn/khach-san/vinpearl-resort-spa-nha-trang-bay-1376.html,room_detail_20276_6_,Tropicana Villa 3-Bedroom Beachfront,"[""220m 2"", ""6 người lớn, 4 trẻ em"", ""Hướng biển"", ""3 giường đôi""]",220.0,6,4,3 giường đôi,Hướng biển,True,3,"[""https://owa.bestprice.vn/images/hotels/uploads/vinpearl-resort-spa-nha-trang-bay-65cedc2a3191f.jpg"", ""https://owa.bestprice.vn/images/hotels/uploads/vinpearl-resort-spa-nha-trang-bay-65cedc2a31609.jpg""]"
80c248dd5eb3,2499ad01615f4a93d94959e7,https://www.bestprice.vn/khach-san/vinpearl-resort-spa-nha-trang-bay-1376.html,room_detail_5868_8_,Villa 4-Bedroom Pool View,"[""430m 2"", ""8 người lớn, 4 trẻ em"", ""Hướng hồ bơi"", ""3 giường đôi""]",430.0,8,4,3 giường đôi,Hướng hồ bơi,True,4,"[""https://owa.bestprice.vn/images/hotels/uploads/vinpearl-resort-spa-nha-trang-bay-65cedc2a31740.jpg"", ""https://owa.bestprice.vn/images/hotels/uploads/vinpearl-resort-spa-nha-trang-bay-65cedc2a31884.jpg"", ""https://owa.bestprice.vn/images/hotels/uploads/vinpearl-resort-spa-nha-trang-bay-65cedc2a319ba.jpg""]"
80c248dd5eb3,27c7b7679fc43aff56955c2d,https://www.bestprice.vn/khach-san/novotel-phu-quoc-resort-1361.html,room_detail_5798_2_,Superior,"[""29m 2"", ""2 người lớn, 2 trẻ em"", ""Hướng vườn"", ""2 giường đơn / 1 giường lớn""]",29.0,2,2,2 giường đơn / 1 giường lớn,Hướng vườn,True,1,"[""https://owa.bestprice.vn/images/hotels/uploads/novotel-phu-quoc-resort-668e410b65cb5.jpg""]"
80c248dd5eb3,27c7b7679fc43aff56955c2d,https://www.bestprice.vn/khach-san/novotel-phu-quoc-resort-1361.html,room_detail_5799_2_,Superior Ocean View,"[""29m 2"", ""2 người lớn, 2 trẻ em"", ""Hướng biển"", ""2 giường đơn / 1 giường lớn""]",29.0,2,2,2 giường đơn / 1 giường lớn,Hướng biển,True,1,"[""https://owa.bestprice.vn/images/hotels/uploads/novotel-phu-quoc-resort-668e410b65cc2.jpg""]"
80c248dd5eb3,27c7b7679fc43aff56955c2d,https://www.bestprice.vn/khach-san/novotel-phu-quoc-resort-1361.html,room_detail_8835_2_,Deluxe Twin,"[""40m 2"", ""2 người lớn, 1 trẻ em"", ""Hướng vườn"", ""2 giường đơn""]",40.0,2,1,2 giường đơn,Hướng vườn,True,1,"[""https://owa.bestprice.vn/images/hotels/uploads/novotel-phu-quoc-resort-668e410b65ccf.jpg"", ""https://owa.bestprice.vn/images/hotels/uploads/novotel-phu-quoc-resort-668e410b65cba.jpg""]"
80c248dd5eb3,27c7b7679fc43aff56955c2d,https://www.bestprice.vn/khach-san/novotel-phu-quoc-resort-1361.html,room_detail_8837_2_,Superior Suite,"[""51m 2"", ""2 người lớn, 1 trẻ em"", ""Hướng biển"", ""1 giường lớn""]",51.0,2,1,1 giường lớn,Hướng biển,True,1,"[""https://owa.bestprice.vn/images/hotels/uploads/novotel-phu-quoc-resort-668e410b65cbe.jpg""]"
80c248dd5eb3,27c7b7679fc43aff56955c2d,https://www.bestprice.vn/khach-san/novotel-phu-quoc-resort-1361.html,room_detail_8839_2_,Deluxe Bungalow,"[""39m 2"", ""2 người lớn, 2 trẻ em"", ""Hướng vườn"", ""1 giường lớn""]",39.0,2,2,1 giường lớn,Hướng vườn,True,1,"[""https://owa.bestprice.vn/images/hotels/uploads/novotel-phu-quoc-resort-668e410b65ce5.jpg""]"
80c248dd5eb3,28de7dba658faad74c3e3b44,https://www.bestprice.vn/khach-san/bamboo-sapa-hotel-54.html,room_detail_20247_2_,Phòng Standard,"[""25m 2"", ""2 người lớn, 1 trẻ em"", ""Hướng thành phố"", ""2 giường đơn / 1 giường đôi""]",25.0,2,1,2 giường đơn / 1 giường đôi,Hướng thành phố,True,1,"[""https://owa.bestprice.vn/images/hotels/uploads/bamboo-sapa-hotel-64dde44515b9f.jpg""]"
80c248dd5eb3,28de7dba658faad74c3e3b44,https://www.bestprice.vn/khach-san/bamboo-sapa-hotel-54.html,room_detail_246_2_,Phòng Superior Window,"[""26m 2"", ""2 người lớn, 2 trẻ em"", ""Hướng thành phố"", ""2 giường đơn / 1 giường đôi""]",26.0,2,2,2 giường đơn / 1 giường đôi,Hướng thành phố,True,1,"[""https://owa.bestprice.vn/images/hotels/uploads/bamboo-sapa-hotel-64dde44515b9f.jpg"", ""https://owa.bestprice.vn/images/hotels/uploads/bamboo-sapa-hotel-64dde44515c11.jpg""]"
80c248dd5eb3,28de7dba658faad74c3e3b44,https://www.bestprice.vn/khach-san/bamboo-sapa-hotel-54.html,room_detail_247_2_,Phòng Superior Balcony,"[""26m 2"", ""2 người lớn, 2 trẻ em"", ""2 giường đơn / 1 giường đôi""]",26.0,2,2,2 giường đơn / 1 giường đôi,,True,1,"[""https://owa.bestprice.vn/images/hotels/uploads/bamboo-sapa-hotel-64dde44515959.jpg"", ""https://owa.bestprice.vn/images/hotels/uploads/bamboo-sapa-hotel-64dde445158d2.jpg"", ""https://owa.bestprice.vn/images/hotels/uploads/bamboo-sapa-hotel-64dde44515859.jpg"", ""https://owa.bestprice.vn/images/hotels/uploads/bamboo-sapa-hotel-64dde445159cf.jpg""]"
80c248dd5eb3,28de7dba658faad74c3e3b44,https://www.bestprice.vn/khach-san/bamboo-sapa-hotel-54.html,room_detail_245_2_,Phòng Superior Mountain View,"[""30m 2"", ""2 người lớn, 2 trẻ em"", ""Hướng núi"", ""2 giường đơn / 1 giường đôi""]",30.0,2,2,2 giường đơn / 1 giường đôi,Hướng núi,True,1,"[""https://owa.bestprice.vn/images/hotels/uploads/bamboo-sapa-hotel-64dde44515a49.jpg"", ""https://owa.bestprice.vn/images/hotels/uploads/bamboo-sapa-hotel-64dde44515abb.jpg"", ""https://owa.bestprice.vn/images/hotels/uploads/bamboo-sapa-hotel-64dde44515b2d.jpg""]"
80c248dd5eb3,28de7dba658faad74c3e3b44,https://www.bestprice.vn/khach-san/bamboo-sapa-hotel-54.html,room_detail_244_2_,Phòng Deluxe Mountain View,"[""36m 2"", ""2 người lớn, 2 trẻ em"", ""Hướng núi"", ""2 giường đơn / 1 giường đôi""]",36.0,2,2,2 giường đơn / 1 giường đôi,Hướng núi,True,1,"[""https://owa.bestprice.vn/images/hotels/uploads/bamboo-sapa-hotel-64dde445153ac.jpg"", ""https://owa.bestprice.vn/images/hotels/uploads/bamboo-sapa-hotel-64dde4451543d.jpg"", ""https://owa.bestprice.vn/images/hotels/uploads/bamboo-sapa-hotel-64dde445154b4.jpg""]"
80c248dd5eb3,28de7dba658faad74c3e3b44,https://www.bestprice.vn/khach-san/bamboo-sapa-hotel-54.html,room_detail_7346_2_,Phòng Grand Deluxe Mountain View,"[""40m 2"", ""2 người lớn, 2 trẻ em"", ""Hướng núi"", ""2 giường đơn / 1 giường đôi""]",40.0,2,2,2 giường đơn / 1 giường đôi,Hướng núi,True,1,"[""https://owa.bestprice.vn/images/hotels/uploads/bamboo-sapa-hotel-64dde445156f8.jpg"", ""https://owa.bestprice.vn/images/hotels/uploads/bamboo-sapa-hotel-64dde44515686.jpg"", ""https://owa.bestprice.vn/images/hotels/uploads/bamboo-sapa-hotel-64dde445157e7.jpg"", ""https://owa.bestprice.vn/images/hotels/uploads/bamboo-sapa-hotel-64dde4451576a.jpg""]"
80c248dd5eb3,28de7dba658faad74c3e3b44,https://www.bestprice.vn/khach-san/bamboo-sapa-hotel-54.html,room_detail_18088_4_,Phòng Family Classic,"[""80m 2"", ""4 người lớn, 2 trẻ em"", ""Hướng núi"", ""2 giường đôi""]",80.0,4,2,2 giường đôi,Hướng núi,True,1,"[""https://owa.bestprice.vn/images/hotels/uploads/bamboo-sapa-hotel-64dde445155a2.jpg"", ""https://owa.bestprice.vn/images/hotels/uploads/bamboo-sapa-hotel-64dde44515614.jpg"", ""https://owa.bestprice.vn/images/hotels/uploads/bamboo-sapa-hotel-64dde4451552d.jpg""]"
80c248dd5eb3,28de7dba658faad74c3e3b44,https://www.bestprice.vn/khach-san/bamboo-sapa-hotel-54.html,room_detail_7347_4_,Phòng Family Connecting,"[""80m 2"", ""4 người lớn, 2 trẻ em"", ""Hướng núi"", ""2 giường đôi""]",80.0,4,2,2 giường đôi,Hướng núi,True,1,"[""https://owa.bestprice.vn/images/hotels/uploads/bamboo-sapa-hotel-64dde8a76628c.jpg"", ""https://owa.bestprice.vn/images/hotels/uploads/bamboo-sapa-hotel-64dde8a7662fe.jpg"", ""https://owa.bestprice.vn/images/hotels/uploads/bamboo-sapa-hotel-64dde8a766370.jpg""]"
80c248dd5eb3,28de7dba658faad74c3e3b44,https://www.bestprice.vn/khach-san/bamboo-sapa-hotel-54.html,room_detail_9349_2_,Phòng Suite,"[""40m 2"", ""2 người lớn, 2 trẻ em"", ""Hướng núi"", ""1 giường đôi""]",40.0,2,2,1 giường đôi,Hướng núi,True,1,"[""https://owa.bestprice.vn/images/hotels/uploads/bamboo-sapa-hotel-64dde8a7665b0.jpg"", ""https://owa.bestprice.vn/images/hotels/uploads/bamboo-sapa-hotel-64dde8a766623.jpg"", ""https://owa.bestprice.vn/images/hotels/uploads/bamboo-sapa-hotel-64dde8a766695.jpg""]"
80c248dd5eb3,2a1e94b96c5a0e4175bc3c67,https://www.bestprice.vn/khach-san/cozy-villa-tam-dao-1632.html,room_detail_7682_10_,VILLA,"[""150m 2"", ""10 người lớn, 5 trẻ em"", ""Hướng núi"", ""3 giường đôi / 1 giường lớn""]",150.0,10,5,3 giường đôi / 1 giường lớn,Hướng núi,,,"[""https://owa.bestprice.vn/images/hotels/uploads/cozy-villa-tam-dao-5db2a9e85346c.jpg""]"
80c248dd5eb3,2abc30040f758c909b0abc4c,https://www.bestprice.vn/khach-san/fleur-de-lys-hotel-quy-nhon-2125.html,room_detail_11083_2_,Deluxe Ocean View,"[""34m 2"", ""2 người lớn, 2 trẻ em"", ""Hướng biển"", ""2 giường đơn / 1 giường lớn""]",34.0,2,2,2 giường đơn / 1 giường lớn,Hướng biển,True,1,"[""https://owa.bestprice.vn/images/hotels/uploads/fleur-de-lys-hotel-quy-nhon-647064d7a157c.jpg"", ""https://owa.bestprice.vn/images/hotels/uploads/fleur-de-lys-hotel-quy-nhon-647064e87a46c.jpg""]"
80c248dd5eb3,2abc30040f758c909b0abc4c,https://www.bestprice.vn/khach-san/fleur-de-lys-hotel-quy-nhon-2125.html,room_detail_11085_2_,Executive Deluxe Ocean View,"[""46m 2"", ""2 người lớn, 2 trẻ em"", ""Hướng biển"", ""1 giường lớn""]",46.0,2,2,1 giường lớn,Hướng biển,True,1,"[""https://owa.bestprice.vn/images/hotels/uploads/fleur-de-lys-hotel-quy-nhon-647064d7a16a3.jpg"", ""https://owa.bestprice.vn/images/hotels/uploads/fleur-de-lys-hotel-quy-nhon-647064e87a57e.jpg""]"
80c248dd5eb3,2abc30040f758c909b0abc4c,https://www.bestprice.vn/khach-san/fleur-de-lys-hotel-quy-nhon-2125.html,room_detail_11087_2_,Panorama Deluxe Ocean View,"[""46m 2"", ""2 người lớn, 2 trẻ em"", ""Hướng biển"", ""1 giường lớn / 1 giường lớn""]",46.0,2,2,1 giường lớn / 1 giường lớn,Hướng biển,True,1,"[""https://owa.bestprice.vn/images/hotels/uploads/fleur-de-lys-hotel-quy-nhon-647064e87a35b.jpg"", ""https://owa.bestprice.vn/images/hotels/uploads/fleur-de-lys-hotel-quy-nhon-647064e87a3e4.jpg"", ""https://owa.bestprice.vn/images/hotels/uploads/fleur-de-lys-hotel-quy-nhon-647064e87a693.jpg""]"
80c248dd5eb3,2abc30040f758c909b0abc4c,https://www.bestprice.vn/khach-san/fleur-de-lys-hotel-quy-nhon-2125.html,room_detail_11089_2_,Executive Suite Ocean View,"[""70m 2"", ""2 người lớn, 2 trẻ em"", ""Hướng biển"", ""1 giường lớn""]",70.0,2,2,1 giường lớn,Hướng biển,True,1,"[""https://owa.bestprice.vn/images/hotels/uploads/fleur-de-lys-hotel-quy-nhon-647064d7a172d.jpg"", ""https://owa.bestprice.vn/images/hotels/uploads/fleur-de-lys-hotel-quy-nhon-647064e87a606.jpg"", ""https://owa.bestprice.vn/images/hotels/uploads/fleur-de-lys-hotel-quy-nhon-647065032ed61.jpg""]"
80c248dd5eb3,2abc30040f758c909b0abc4c,https://www.bestprice.vn/khach-san/fleur-de-lys-hotel-quy-nhon-2125.html,room_detail_11091_4_,Presidential Suite Ocean View,"[""260m 2"", ""4 người lớn, 2 trẻ em"", ""Hướng biển"", ""1 giường lớn / 1 giường lớn""]",260.0,4,2,1 giường lớn / 1 giường lớn,Hướng biển,True,1,"[""https://owa.bestprice.vn/images/hotels/uploads/fleur-de-lys-hotel-quy-nhon-647064e87a08b.jpg"", ""https://owa.bestprice.vn/images/hotels/uploads/fleur-de-lys-hotel-quy-nhon-647064e87a4f5.jpg"", ""https://owa.bestprice.vn/images/hotels/uploads/fleur-de-lys-hotel-quy-nhon-647064e87a7a6.jpg""]"
80c248dd5eb3,2aeaa4f44e9152a44575189b,https://www.bestprice.vn/khach-san/hoi-an-silk-village-resort-spa-by-embrace-1675.html,room_detail_7880_2_,Deluxe Window,"[""54m 2"", ""2 người lớn, 2 trẻ em"", ""Hướng vườn"", ""2 giường đơn / 1 giường đôi""]",54.0,2,2,2 giường đơn / 1 giường đôi,Hướng vườn,True,1,"[""https://owa.bestprice.vn/images/hotels/uploads/hoi-an-silk-village-resort-spa-by-embrace-5e09ce3868589.jpg""]"
80c248dd5eb3,2aeaa4f44e9152a44575189b,https://www.bestprice.vn/khach-san/hoi-an-silk-village-resort-spa-by-embrace-1675.html,room_detail_7881_2_,Deluxe Balcony,"[""48m 2"", ""2 người lớn, 2 trẻ em"", ""Hướng hồ bơi"", ""2 giường đơn / 1 giường đôi""]",48.0,2,2,2 giường đơn / 1 giường đôi,Hướng hồ bơi,True,1,"[""https://owa.bestprice.vn/images/hotels/uploads/hoi-an-silk-village-resort-spa-by-embrace-5e09cb957fc1b.jpg""]"
80c248dd5eb3,2aeaa4f44e9152a44575189b,https://www.bestprice.vn/khach-san/hoi-an-silk-village-resort-spa-by-embrace-1675.html,room_detail_7882_2_,Premium Deluxe,"[""100m 2"", ""2 người lớn, 2 trẻ em"", ""1 Giường đôi & 2 Giường đơn""]",100.0,2,2,1 Giường đôi & 2 Giường đơn,,True,1,"[""https://owa.bestprice.vn/images/hotels/uploads/hoi-an-silk-village-resort-spa-by-embrace-5e09ce6559824.jpg""]"
80c248dd5eb3,2aeaa4f44e9152a44575189b,https://www.bestprice.vn/khach-san/hoi-an-silk-village-resort-spa-by-embrace-1675.html,room_detail_7883_4_,Family Interconnecting,"[""25m 2"", ""4 người lớn, 2 trẻ em"", ""2 giường đơn / 1 giường đôi""]",25.0,4,2,2 giường đơn / 1 giường đôi,,True,1,"[""https://owa.bestprice.vn/images/hotels/uploads/hoi-an-silk-village-resort-spa-by-embrace-5e09cc531ce7e.jpg"", ""https://owa.bestprice.vn/images/hotels/uploads/hoi-an-silk-village-resort-spa-by-embrace-5e09cc531d156.jpg""]"
80c248dd5eb3,2aeaa4f44e9152a44575189b,https://www.bestprice.vn/khach-san/hoi-an-silk-village-resort-spa-by-embrace-1675.html,room_detail_7884_2_,Villa Garden View,"[""30m 2"", ""2 người lớn, 2 trẻ em"", ""Hướng hồ bơi"", ""2 giường đơn / 1 giường đôi""]",30.0,2,2,2 giường đơn / 1 giường đôi,Hướng hồ bơi,True,1,"[""https://owa.bestprice.vn/images/hotels/uploads/hoi-an-silk-village-resort-spa-by-embrace-5e09d02b2f8a6.jpg""]"
80c248dd5eb3,2aeaa4f44e9152a44575189b,https://www.bestprice.vn/khach-san/hoi-an-silk-village-resort-spa-by-embrace-1675.html,room_detail_7885_2_,Villa Suite Pool view,"[""40m 2"", ""2 người lớn, 2 trẻ em"", ""Hướng hồ bơi"", ""1 giường đôi""]",40.0,2,2,1 giường đôi,Hướng hồ bơi,True,1,"[""https://owa.bestprice.vn/images/hotels/uploads/hoi-an-silk-village-resort-spa-by-embrace-5e09cce3d547a.jpg""]"
80c248dd5eb3,2aeaa4f44e9152a44575189b,https://www.bestprice.vn/khach-san/hoi-an-silk-village-resort-spa-by-embrace-1675.html,room_detail_7887_4_,Charm Interconnecting room,"[""80m 2"", ""4 người lớn, 2 trẻ em"", ""Hướng hồ bơi"", ""1 Giường đôi & 2 Giường đơn""]",80.0,4,2,1 Giường đôi & 2 Giường đơn,Hướng hồ bơi,True,1,"[""https://owa.bestprice.vn/images/hotels/uploads/hoi-an-silk-village-resort-spa-by-embrace-5e09cce3d5604.jpg"", ""https://owa.bestprice.vn/images/hotels/uploads/hoi-an-silk-village-resort-spa-by-embrace-5e09d02b2f7fc.jpg""]"
80c248dd5eb3,2b485273f3f511e407897634,https://www.bestprice.vn/khach-san/eldora-hue-104.html,room_detail_481_2_,Deluxe City,"[""35m 2"", ""2 người lớn, 2 trẻ em"", ""Hướng thành phố"", ""2 giường đơn / 1 giường đôi""]",35.0,2,2,2 giường đơn / 1 giường đôi,Hướng thành phố,True,1,"[""https://owa.bestprice.vn/images/hotels/uploads/eldora-hue-64d3441812c8f.jpg"", ""https://owa.bestprice.vn/images/hotels/uploads/eldora-hue-64d3441812e25.jpg""]"
80c248dd5eb3,2b485273f3f511e407897634,https://www.bestprice.vn/khach-san/eldora-hue-104.html,room_detail_482_2_,Deluxe Panorama,"[""35m 2"", ""2 người lớn, 2 trẻ em"", ""Hướng thành phố"", ""2 giường đơn / 1 giường đôi""]",35.0,2,2,2 giường đơn / 1 giường đôi,Hướng thành phố,True,1,"[""https://owa.bestprice.vn/images/hotels/uploads/eldora-hue-64d3441812cf1.jpg"", ""https://owa.bestprice.vn/images/hotels/uploads/eldora-hue-64d3441812d53.jpg"", ""https://owa.bestprice.vn/images/hotels/uploads/eldora-hue-64d3441812db5.jpg"", ""https://owa.bestprice.vn/images/hotels/uploads/eldora-hue-64d3441812e88.jpg""]"
80c248dd5eb3,2b485273f3f511e407897634,https://www.bestprice.vn/khach-san/eldora-hue-104.html,room_detail_480_2_,Deluxe Premier,"[""37m 2"", ""2 người lớn, 2 trẻ em"", ""Hướng sông"", ""2 giường đơn / 1 giường đôi""]",37.0,2,2,2 giường đơn / 1 giường đôi,Hướng sông,True,1,"[""https://owa.bestprice.vn/images/hotels/uploads/eldora-hue-64d3441812eeb.jpg"", ""https://owa.bestprice.vn/images/hotels/uploads/eldora-hue-64d3598247140.jpg""]"
80c248dd5eb3,2d261d874f916528fae9772c,https://www.bestprice.vn/khach-san/melia-vinpearl-tay-ninh-1496.html,room_detail_6829_2_,Deluxe Room,"[""35m 2"", ""2 người lớn, 2 trẻ em"", ""Hướng thành phố"", ""2 giường đơn / 1 giường đôi""]",35.0,2,2,2 giường đơn / 1 giường đôi,Hướng thành phố,True,1,"[""https://owa.bestprice.vn/images/hotels/uploads/melia-vinpearl-hotel-tay-ninh-63845f98d4e13.jpg"", ""https://owa.bestprice.vn/images/hotels/uploads/melia-vinpearl-hotel-tay-ninh-63845f489bbfe.jpg""]"
80c248dd5eb3,2d261d874f916528fae9772c,https://www.bestprice.vn/khach-san/melia-vinpearl-tay-ninh-1496.html,room_detail_6830_2_,Premium Room,"[""39m 2"", ""2 người lớn, 2 trẻ em"", ""Hướng núi"", ""2 giường đơn / 1 giường đôi""]",39.0,2,2,2 giường đơn / 1 giường đôi,Hướng núi,True,1,"[""https://owa.bestprice.vn/images/hotels/uploads/melia-vinpearl-hotel-tay-ninh-63845f489c0fd.jpg""]"
80c248dd5eb3,2d261d874f916528fae9772c,https://www.bestprice.vn/khach-san/melia-vinpearl-tay-ninh-1496.html,room_detail_6831_2_,Suite Room,"[""71m 2"", ""2 người lớn, 2 trẻ em"", ""Hướng thành phố"", ""1 giường lớn""]",71.0,2,2,1 giường lớn,Hướng thành phố,True,1,"[""https://owa.bestprice.vn/images/hotels/uploads/melia-vinpearl-hotel-tay-ninh-63845f98d4d69.jpg"", ""https://owa.bestprice.vn/images/hotels/uploads/melia-vinpearl-hotel-tay-ninh-63845f489be37.jpg"", ""https://owa.bestprice.vn/images/hotels/uploads/melia-vinpearl-hotel-tay-ninh-63845f98d5023.jpg"", ""https://owa.bestprice.vn/images/hotels/uploads/melia-vinpearl-hotel-tay-ninh-63845f98d4ebc.jpg""]"
80c248dd5eb3,2d261d874f916528fae9772c,https://www.bestprice.vn/khach-san/melia-vinpearl-tay-ninh-1496.html,room_detail_18751_4_,2- Bedroom Premium,"[""78m 2"", ""4 người lớn, 2 trẻ em"", ""Hướng núi"", ""1 Giường đôi & 2 Giường đơn""]",78.0,4,2,1 Giường đôi & 2 Giường đơn,Hướng núi,True,2,"[""https://owa.bestprice.vn/images/hotels/uploads/melia-vinpearl-hotel-tay-ninh-63845f489c06f.jpg"", ""https://owa.bestprice.vn/images/hotels/uploads/melia-vinpearl-hotel-tay-ninh-63845f489bf52.jpg"", ""https://owa.bestprice.vn/images/hotels/uploads/melia-vinpearl-hotel-tay-ninh-63845f489bfe1.jpg""]"
80c248dd5eb3,2d261d874f916528fae9772c,https://www.bestprice.vn/khach-san/melia-vinpearl-tay-ninh-1496.html,room_detail_20352_0_,2- Bedroom Suite,"[""70m 2"", ""0 người lớn"", ""1 Giường đôi & 2 Giường đơn""]",70.0,0,,1 Giường đôi & 2 Giường đơn,,,,"[""https://owa.bestprice.vn/images/hotels/uploads/melia-vinpearl-tay-ninh-65dff7d70965d.jpg""]"
80c248dd5eb3,2d997810f0e16c1d8e8127c1,https://www.bestprice.vn/khach-san/melia-vinpearl-da-nang-riverfront-1419.html,room_detail_6245_2_,Deluxe Room,"[""41m 2"", ""2 người lớn, 2 trẻ em"", ""Hướng thành phố"", ""2 giường đơn / 1 giường đôi""]",41.0,2,2,2 giường đơn / 1 giường đôi,Hướng thành phố,True,1,"[""https://owa.bestprice.vn/images/hotels/uploads/melia-vinpearl-da-nang-riverfront-637c85dc6dd5f.jpg"", ""https://owa.bestprice.vn/images/hotels/uploads/melia-vinpearl-da-nang-riverfront-637c85dc6dcb4.jpg""]"
80c248dd5eb3,2d997810f0e16c1d8e8127c1,https://www.bestprice.vn/khach-san/melia-vinpearl-da-nang-riverfront-1419.html,room_detail_6246_2_,Deluxe Room Horizon View,"[""40m 2"", ""2 người lớn, 2 trẻ em"", ""Hướng thành phố"", ""2 giường đơn / 1 giường đôi""]",40.0,2,2,2 giường đơn / 1 giường đôi,Hướng thành phố,True,1,"[""https://owa.bestprice.vn/images/hotels/uploads/melia-vinpearl-da-nang-riverfront-637c85fed9989.jpg"", ""https://owa.bestprice.vn/images/hotels/uploads/melia-vinpearl-da-nang-riverfront-637c85fed9a36.jpg""]"
80c248dd5eb3,2d997810f0e16c1d8e8127c1,https://www.bestprice.vn/khach-san/melia-vinpearl-da-nang-riverfront-1419.html,room_detail_6247_2_,Grand Premium Room,"[""40m 2"", ""2 người lớn, 2 trẻ em"", ""Hướng thành phố"", ""1 giường đôi""]",40.0,2,2,1 giường đôi,Hướng thành phố,True,1,"[""https://owa.bestprice.vn/images/hotels/uploads/melia-vinpearl-da-nang-riverfront-637c86aa249c5.jpg"", ""https://owa.bestprice.vn/images/hotels/uploads/melia-vinpearl-da-nang-riverfront-637c86aa24a72.jpg""]"
80c248dd5eb3,2d997810f0e16c1d8e8127c1,https://www.bestprice.vn/khach-san/melia-vinpearl-da-nang-riverfront-1419.html,room_detail_18671_2_,Junior Suite,"[""40m 2"", ""2 người lớn, 2 trẻ em"", ""Hướng thành phố"", ""1 giường lớn""]",40.0,2,2,1 giường lớn,Hướng thành phố,True,1,"[""https://owa.bestprice.vn/images/hotels/uploads/melia-vinpearl-da-nang-riverfront-637c86c74e140.jpg"", ""https://owa.bestprice.vn/images/hotels/uploads/melia-vinpearl-da-nang-riverfront-637c86c74e0a3.jpg"", ""https://owa.bestprice.vn/images/hotels/uploads/melia-vinpearl-da-nang-riverfront-637c86c74dff3.jpg""]"
80c248dd5eb3,2d997810f0e16c1d8e8127c1,https://www.bestprice.vn/khach-san/melia-vinpearl-da-nang-riverfront-1419.html,room_detail_18672_2_,Suite,"[""40m 2"", ""2 người lớn, 2 trẻ em"", ""Hướng thành phố"", ""1 giường lớn""]",40.0,2,2,1 giường lớn,Hướng thành phố,True,1,"[""https://owa.bestprice.vn/images/hotels/uploads/melia-vinpearl-da-nang-riverfront-637c874e57765.jpg"", ""https://owa.bestprice.vn/images/hotels/uploads/melia-vinpearl-da-nang-riverfront-637c877b0b578.jpg""]"
80c248dd5eb3,2d997810f0e16c1d8e8127c1,https://www.bestprice.vn/khach-san/melia-vinpearl-da-nang-riverfront-1419.html,room_detail_18673_2_,Suite Panoramic Riverview,"[""40m 2"", ""2 người lớn, 2 trẻ em"", ""Hướng sông"", ""1 giường lớn""]",40.0,2,2,1 giường lớn,Hướng sông,True,1,"[""https://owa.bestprice.vn/images/hotels/uploads/melia-vinpearl-da-nang-riverfront-637c874e576b4.jpg"", ""https://owa.bestprice.vn/images/hotels/uploads/melia-vinpearl-da-nang-riverfront-637c88b40fd2f.jpg"", ""https://owa.bestprice.vn/images/hotels/uploads/melia-vinpearl-da-nang-riverfront-637c88b40fdda.jpg""]"
80c248dd5eb3,2d997810f0e16c1d8e8127c1,https://www.bestprice.vn/khach-san/melia-vinpearl-da-nang-riverfront-1419.html,room_detail_7787_2_,Family Suite,"[""53m 2"", ""2 người lớn, 2 trẻ em"", ""1 Giường đôi & 1 Giường đơn""]",53.0,2,2,1 Giường đôi & 1 Giường đơn,,True,1,"[""https://owa.bestprice.vn/images/hotels/uploads/melia-vinpearl-da-nang-riverfront-637c88cb623ba.jpg"", ""https://owa.bestprice.vn/images/hotels/uploads/melia-vinpearl-da-nang-riverfront-637c88cb62468.jpg"", ""https://owa.bestprice.vn/images/hotels/uploads/melia-vinpearl-da-nang-riverfront-637c88cb62504.jpg""]"
80c248dd5eb3,2e6c0bd2c6dc481595f392a1,https://www.bestprice.vn/khach-san/serena-resort-kim-boi-hoa-binh-1481.html,room_detail_6734_2_,Deluxe Nature View,"[""40m 2"", ""2 người lớn, 1 trẻ em"", ""Hướng vườn"", ""2 giường đơn / 1 giường đôi""]",40.0,2,1,2 giường đơn / 1 giường đôi,Hướng vườn,,,"[""https://owa.bestprice.vn/images/hotels/uploads/serena-resort-kim-boi-hoa-binh-644b839dc3699.jpg"", ""https://owa.bestprice.vn/images/hotels/uploads/serena-resort-kim-boi-hoa-binh-644b839dc35e2.jpg"", ""https://owa.bestprice.vn/images/hotels/uploads/serena-resort-kim-boi-hoa-binh-644b8374d4953.jpg""]"
80c248dd5eb3,2e6c0bd2c6dc481595f392a1,https://www.bestprice.vn/khach-san/serena-resort-kim-boi-hoa-binh-1481.html,room_detail_14190_2_,ZEN House,"[""45m 2"", ""2 người lớn, 1 trẻ em"", ""Hướng vườn"", ""1 giường đôi""]",45.0,2,1,1 giường đôi,Hướng vườn,,,"[""https://owa.bestprice.vn/images/hotels/uploads/serena-resort-kim-boi-hoa-binh-644b839dc372e.jpg"", ""https://owa.bestprice.vn/images/hotels/uploads/serena-resort-kim-boi-hoa-binh-644b839dc3aa3.jpg""]"
80c248dd5eb3,2e6c0bd2c6dc481595f392a1,https://www.bestprice.vn/khach-san/serena-resort-kim-boi-hoa-binh-1481.html,room_detail_6735_2_,ZEN Suite,"[""70m 2"", ""2 người lớn, 1 trẻ em"", ""Hướng vườn"", ""1 giường đôi""]",70.0,2,1,1 giường đôi,Hướng vườn,,,"[""https://owa.bestprice.vn/images/hotels/uploads/serena-resort-kim-boi-hoa-binh-644b838685c19.jpg"", ""https://owa.bestprice.vn/images/hotels/uploads/serena-resort-kim-boi-hoa-binh-644b839dc3a0e.jpg"", ""https://owa.bestprice.vn/images/hotels/uploads/serena-resort-kim-boi-hoa-binh-644b839dc3b35.jpg""]"
80c248dd5eb3,2e6c0bd2c6dc481595f392a1,https://www.bestprice.vn/khach-san/serena-resort-kim-boi-hoa-binh-1481.html,room_detail_6736_2_,Bungalow,"[""80m 2"", ""2 người lớn, 1 trẻ em"", ""Hướng vườn"", ""1 giường đôi""]",80.0,2,1,1 giường đôi,Hướng vườn,,,"[""https://owa.bestprice.vn/images/hotels/uploads/serena-resort-kim-boi-hoa-binh-644b839dc37c1.jpg"", ""https://owa.bestprice.vn/images/hotels/uploads/serena-resort-kim-boi-hoa-binh-644b8374d4a77.jpg"", ""https://owa.bestprice.vn/images/hotels/uploads/serena-resort-kim-boi-hoa-binh-644b838685d3b.jpg""]"
80c248dd5eb3,2e6c0bd2c6dc481595f392a1,https://www.bestprice.vn/khach-san/serena-resort-kim-boi-hoa-binh-1481.html,room_detail_6737_2_,Garden Villa,"[""70m 2"", ""2 người lớn, 1 trẻ em"", ""Hướng vườn"", ""1 giường đôi""]",70.0,2,1,1 giường đôi,Hướng vườn,,,"[""https://owa.bestprice.vn/images/hotels/uploads/serena-resort-kim-boi-hoa-binh-644b838685b86.jpg"", ""https://owa.bestprice.vn/images/hotels/uploads/serena-resort-kim-boi-hoa-binh-644b838685caa.jpg"", ""https://owa.bestprice.vn/images/hotels/uploads/serena-resort-kim-boi-hoa-binh-644b838685a4f.jpg""]"
80c248dd5eb3,2e6c0bd2c6dc481595f392a1,https://www.bestprice.vn/khach-san/serena-resort-kim-boi-hoa-binh-1481.html,room_detail_6738_4_,Onsen Villa,"[""180m 2"", ""4 người lớn, 2 trẻ em"", ""Hướng vườn"", ""1 giường đôi""]",180.0,4,2,1 giường đôi,Hướng vườn,,,"[""https://owa.bestprice.vn/images/hotels/uploads/serena-resort-kim-boi-hoa-binh-644b838685af2.jpg"", ""https://owa.bestprice.vn/images/hotels/uploads/serena-resort-kim-boi-hoa-binh-644b838685f8f.jpg""]"
80c248dd5eb3,2edc389640fa4ede02f56a43,https://www.bestprice.vn/khach-san/ha-long-palace-469.html,room_detail_2125_2_,Deluxe Room,"[""30m 2"", ""2 người lớn, 2 trẻ em"", ""Hướng biển"", ""2 giường đơn / 1 giường đôi""]",30.0,2,2,2 giường đơn / 1 giường đôi,Hướng biển,True,1,"[""https://owa.bestprice.vn/images/hotels/uploads/khach-san-ha-long-palace-6476ee07a2c95.jpg"", ""https://owa.bestprice.vn/images/hotels/uploads/khach-san-ha-long-palace-6476ee07a2d98.jpg""]"
80c248dd5eb3,2edc389640fa4ede02f56a43,https://www.bestprice.vn/khach-san/ha-long-palace-469.html,room_detail_2127_2_,Premium Room,"[""33m 2"", ""2 người lớn, 2 trẻ em"", ""Hướng biển"", ""2 giường đơn""]",33.0,2,2,2 giường đơn,Hướng biển,True,1,"[""https://owa.bestprice.vn/images/hotels/uploads/khach-san-ha-long-palace-6476ee07a2f1c.jpg"", ""https://owa.bestprice.vn/images/hotels/uploads/khach-san-ha-long-palace-6476ee07a301e.jpg""]"
80c248dd5eb3,2edc389640fa4ede02f56a43,https://www.bestprice.vn/khach-san/ha-long-palace-469.html,room_detail_2126_2_,Suite Room,"[""54m 2"", ""2 người lớn, 2 trẻ em"", ""Hướng biển"", ""1 giường đôi""]",54.0,2,2,1 giường đôi,Hướng biển,True,1,"[""https://owa.bestprice.vn/images/hotels/uploads/khach-san-ha-long-palace-6476ee07a2b92.jpg"", ""https://owa.bestprice.vn/images/hotels/uploads/khach-san-ha-long-palace-6476ee07a28f7.jpg""]"
80c248dd5eb3,30f6e9af12de649edc768989,https://www.bestprice.vn/khach-san/imperial-ha-noi-338.html,room_detail_7482_2_,Deluxe Room,"[""25m 2"", ""2 người lớn, 1 trẻ em"", ""2 giường đơn / 1 giường đôi""]",25.0,2,1,2 giường đơn / 1 giường đôi,,,,"[""https://owa.bestprice.vn/images/hotels/uploads/imperial-hotel-spa-ha-noi-650416a66ebed.jpg"", ""https://owa.bestprice.vn/images/hotels/uploads/imperial-hotel-spa-ha-noi-650416bcc7b75.jpg"", ""https://owa.bestprice.vn/images/hotels/uploads/imperial-hotel-spa-ha-noi-650416bcc8791.jpg""]"
80c248dd5eb3,30f6e9af12de649edc768989,https://www.bestprice.vn/khach-san/imperial-ha-noi-338.html,room_detail_7483_2_,Executive Room,"[""28m 2"", ""2 người lớn, 1 trẻ em"", ""Hướng thành phố"", ""2 giường đơn / 1 giường đôi""]",28.0,2,1,2 giường đơn / 1 giường đôi,Hướng thành phố,,,"[""https://owa.bestprice.vn/images/hotels/uploads/imperial-hotel-spa-ha-noi-650416bcc8322.jpg"", ""https://owa.bestprice.vn/images/hotels/uploads/imperial-hotel-spa-ha-noi-650416bcc7fdb.jpg""]"
80c248dd5eb3,30f6e9af12de649edc768989,https://www.bestprice.vn/khach-san/imperial-ha-noi-338.html,room_detail_7484_2_,Premium Room,"[""32m 2"", ""2 người lớn, 2 trẻ em"", ""Hướng thành phố"", ""2 giường đơn / 1 giường đôi""]",32.0,2,2,2 giường đơn / 1 giường đôi,Hướng thành phố,True,1,"[""https://owa.bestprice.vn/images/hotels/uploads/imperial-hotel-spa-ha-noi-650416bcc85f3.jpg"", ""https://owa.bestprice.vn/images/hotels/uploads/imperial-hotel-spa-ha-noi-650416a66ef58.jpg"", ""https://owa.bestprice.vn/images/hotels/uploads/imperial-hotel-spa-ha-noi-650416a66efe8.jpg""]"
80c248dd5eb3,30f6e9af12de649edc768989,https://www.bestprice.vn/khach-san/imperial-ha-noi-338.html,room_detail_7485_2_,Juninor Suite Room,"[""35m 2"", ""2 người lớn, 2 trẻ em"", ""Hướng thành phố"", ""2 giường đơn / 1 giường đôi""]",35.0,2,2,2 giường đơn / 1 giường đôi,Hướng thành phố,True,1,"[""https://owa.bestprice.vn/images/hotels/uploads/imperial-hotel-spa-ha-noi-650416bcc820e.jpg"", ""https://owa.bestprice.vn/images/hotels/uploads/imperial-hotel-spa-ha-noi-650416a66f075.jpg"", ""https://owa.bestprice.vn/images/hotels/uploads/imperial-hotel-spa-ha-noi-650416bcc8568.jpg""]"
80c248dd5eb3,30f6e9af12de649edc768989,https://www.bestprice.vn/khach-san/imperial-ha-noi-338.html,room_detail_7486_2_,Imperial Suite Room,"[""40m 2"", ""2 người lớn, 2 trẻ em"", ""Hướng thành phố"", ""2 giường đơn / 1 giường đôi""]",40.0,2,2,2 giường đơn / 1 giường đôi,Hướng thành phố,True,1,"[""https://owa.bestprice.vn/images/hotels/uploads/imperial-hotel-spa-ha-noi-650416bcc8183.jpg"", ""https://owa.bestprice.vn/images/hotels/uploads/imperial-hotel-spa-ha-noi-650416a66f0ff.jpg""]"
80c248dd5eb3,30f6e9af12de649edc768989,https://www.bestprice.vn/khach-san/imperial-ha-noi-338.html,room_detail_7487_2_,Suite Balcony Room,"[""40m 2"", ""2 người lớn, 2 trẻ em"", ""Hướng thành phố"", ""1 giường lớn""]",40.0,2,2,1 giường lớn,Hướng thành phố,True,1,"[""https://owa.bestprice.vn/images/hotels/uploads/imperial-hotel-spa-ha-noi-650416a66f19b.jpg"", ""https://owa.bestprice.vn/images/hotels/uploads/imperial-hotel-spa-ha-noi-650416bcc8708.jpg""]"
80c248dd5eb3,30f6e9af12de649edc768989,https://www.bestprice.vn/khach-san/imperial-ha-noi-338.html,room_detail_7488_3_,Family Suite Room,"[""42m 2"", ""3 người lớn, 2 trẻ em"", ""Hướng thành phố"", ""1 Giường đôi & 1 Giường đơn""]",42.0,3,2,1 Giường đôi & 1 Giường đơn,Hướng thành phố,True,1,"[""https://owa.bestprice.vn/images/hotels/uploads/imperial-hotel-spa-ha-noi-650416bcc806d.jpg"", ""https://owa.bestprice.vn/images/hotels/uploads/imperial-hotel-spa-ha-noi-650416a66f226.jpg""]"
80c248dd5eb3,30f6e9af12de649edc768989,https://www.bestprice.vn/khach-san/imperial-ha-noi-338.html,room_detail_7489_4_,Connecting Room,"[""72m 2"", ""4 người lớn, 2 trẻ em"", ""Hướng thành phố"", ""2 giường đôi / 1 Giường đôi & 2 Giường đơn""]",72.0,4,2,2 giường đôi / 1 Giường đôi & 2 Giường đơn,Hướng thành phố,True,1,"[""https://owa.bestprice.vn/images/hotels/uploads/imperial-hotel-spa-ha-noi-650416a66f2b1.jpg"", ""https://owa.bestprice.vn/images/hotels/uploads/imperial-hotel-spa-ha-noi-650416a66f33b.jpg""]"
80c248dd5eb3,3169ede5ef9a549d242d0a83,https://www.bestprice.vn/khach-san/muong-thanh-ha-noi-centre-hotel-3050.html,room_detail_15897_2_,Phòng Superior,"[""22m 2"", ""2 người lớn, 2 trẻ em"", ""Hướng thành phố"", ""2 giường đơn / 1 giường đôi""]",22.0,2,2,2 giường đơn / 1 giường đôi,Hướng thành phố,True,1,"[""https://owa.bestprice.vn/images/hotels/uploads/muong-thanh-ha-noi-centre-hotel-628b0abf3d7a8.jpg"", ""https://owa.bestprice.vn/images/hotels/uploads/muong-thanh-ha-noi-centre-hotel-628b0ada039f1.jpg"", ""https://owa.bestprice.vn/images/hotels/uploads/muong-thanh-ha-noi-centre-hotel-628b0aed5f06c.jpg"", ""https://owa.bestprice.vn/images/hotels/uploads/muong-thanh-ha-noi-centre-hotel-628b0b0044604.jpg""]"
80c248dd5eb3,3169ede5ef9a549d242d0a83,https://www.bestprice.vn/khach-san/muong-thanh-ha-noi-centre-hotel-3050.html,room_detail_15898_2_,Phòng Deluxe,"[""26m 2"", ""2 người lớn, 2 trẻ em"", ""Hướng thành phố"", ""2 giường đơn / 1 giường lớn""]",26.0,2,2,2 giường đơn / 1 giường lớn,Hướng thành phố,True,1,"[""https://owa.bestprice.vn/images/hotels/uploads/muong-thanh-ha-noi-centre-hotel-628b09bd32955.jpg"", ""https://owa.bestprice.vn/images/hotels/uploads/muong-thanh-ha-noi-centre-hotel-628b09e786ba4.jpg"", ""https://owa.bestprice.vn/images/hotels/uploads/muong-thanh-ha-noi-centre-hotel-628b09f811885.jpg"", ""https://owa.bestprice.vn/images/hotels/uploads/muong-thanh-ha-noi-centre-hotel-628b0a0b8d2a9.jpg"", ""https://owa.bestprice.vn/images/hotels/uploads/muong-thanh-ha-noi-centre-hotel-628b0a1bdd9ed.jpg""]"
80c248dd5eb3,3169ede5ef9a549d242d0a83,https://www.bestprice.vn/khach-san/muong-thanh-ha-noi-centre-hotel-3050.html,room_detail_15900_2_,Phòng Executive Suite,"[""53m 2"", ""2 người lớn, 2 trẻ em"", ""Hướng thành phố"", ""1 giường lớn""]",53.0,2,2,1 giường lớn,Hướng thành phố,True,1,"[""https://owa.bestprice.vn/images/hotels/uploads/muong-thanh-ha-noi-centre-hotel-628b0a4c31863.jpg"", ""https://owa.bestprice.vn/images/hotels/uploads/muong-thanh-ha-noi-centre-hotel-628b0a65108b9.jpg"", ""https://owa.bestprice.vn/images/hotels/uploads/muong-thanh-ha-noi-centre-hotel-628b0a85b5c6c.jpg"", ""https://owa.bestprice.vn/images/hotels/uploads/muong-thanh-ha-noi-centre-hotel-628b0a97e3a54.jpg""]"
80c248dd5eb3,32dfcae566b3c9c7753ba279,https://www.bestprice.vn/khach-san/best-western-premier-sonasea-phu-quoc-resort-1518.html,room_detail_6978_2_,Phòng Deluxe King or Twin,"[""37m 2"", ""2 người lớn, 2 trẻ em"", ""Hướng vườn"", ""1 giường đơn / 2 giường đơn / 1 giường đôi""]",37.0,2,2,1 giường đơn / 2 giường đơn / 1 giường đôi,Hướng vườn,True,1,"[""https://owa.bestprice.vn/images/hotels/uploads/best-western-premier-sonasea-phu-quoc-resort-6478543df304a.jpg"", ""https://owa.bestprice.vn/images/hotels/uploads/best-western-premier-sonasea-phu-quoc-resort-6478543df2db7.jpg"", ""https://owa.bestprice.vn/images/hotels/uploads/best-western-premier-sonasea-phu-quoc-resort-6478543df2f98.jpg"", ""https://owa.bestprice.vn/images/hotels/uploads/best-western-premier-sonasea-phu-quoc-resort-6478543df2ec9.jpg""]"
80c248dd5eb3,32dfcae566b3c9c7753ba279,https://www.bestprice.vn/khach-san/best-western-premier-sonasea-phu-quoc-resort-1518.html,room_detail_6980_2_,Phòng Premier Deluxe King or Twin,"[""45m 2"", ""2 người lớn, 2 trẻ em"", ""Hướng biển"", ""1 giường đơn / 2 giường đơn / 1 giường lớn""]",45.0,2,2,1 giường đơn / 2 giường đơn / 1 giường lớn,Hướng biển,True,1,"[""https://owa.bestprice.vn/images/hotels/uploads/best-western-premier-sonasea-phu-quoc-resort-647855232e7fb.jpg"", ""https://owa.bestprice.vn/images/hotels/uploads/best-western-premier-sonasea-phu-quoc-resort-647855232e970.jpg"", ""https://owa.bestprice.vn/images/hotels/uploads/best-western-premier-sonasea-phu-quoc-resort-647855232e8ba.jpg""]"
80c248dd5eb3,32dfcae566b3c9c7753ba279,https://www.bestprice.vn/khach-san/best-western-premier-sonasea-phu-quoc-resort-1518.html,room_detail_6979_2_,Phòng Executive Deluxe Double,"[""56m 2"", ""2 người lớn, 2 trẻ em"", ""Hướng biển"", ""1 giường đơn / 1 giường lớn""]",56.0,2,2,1 giường đơn / 1 giường lớn,Hướng biển,True,1,"[""https://owa.bestprice.vn/images/hotels/uploads/best-western-premier-sonasea-phu-quoc-resort-6478562914ca4.jpg"", ""https://owa.bestprice.vn/images/hotels/uploads/best-western-premier-sonasea-phu-quoc-resort-6478562914e30.jpg"", ""https://owa.bestprice.vn/images/hotels/uploads/best-western-premier-sonasea-phu-quoc-resort-6478562914d71.jpg""]"
80c248dd5eb3,32dfcae566b3c9c7753ba279,https://www.bestprice.vn/khach-san/best-western-premier-sonasea-phu-quoc-resort-1518.html,room_detail_6981_4_,Phòng Executive Suite 02 phòng ngủ,"[""86m 2"", ""4 người lớn, 2 trẻ em"", ""Hướng biển"", ""1 giường đơn / 2 giường lớn""]",86.0,4,2,1 giường đơn / 2 giường lớn,Hướng biển,True,1,"[""https://owa.bestprice.vn/images/hotels/uploads/best-western-premier-sonasea-phu-quoc-resort-64785705aa400.jpg"", ""https://owa.bestprice.vn/images/hotels/uploads/best-western-premier-sonasea-phu-quoc-resort-64785705aa4b3.jpg"", ""https://owa.bestprice.vn/images/hotels/uploads/best-western-premier-sonasea-phu-quoc-resort-64785705aa306.jpg""]"
80c248dd5eb3,32dfcae566b3c9c7753ba279,https://www.bestprice.vn/khach-san/best-western-premier-sonasea-phu-quoc-resort-1518.html,room_detail_6982_6_,Phòng Grande Suite 03 phòng ngủ,"[""110m 2"", ""6 người lớn, 3 trẻ em"", ""Hướng biển"", ""1 giường đơn / 3 giường đôi""]",110.0,6,3,1 giường đơn / 3 giường đôi,Hướng biển,True,1,"[""https://owa.bestprice.vn/images/hotels/uploads/best-western-premier-sonasea-phu-quoc-resort-6478585328285.jpg"", ""https://owa.bestprice.vn/images/hotels/uploads/best-western-premier-sonasea-phu-quoc-resort-64785853281a2.jpg"", ""https://owa.bestprice.vn/images/hotels/uploads/best-western-premier-sonasea-phu-quoc-resort-64785853280ee.jpg"", ""https://owa.bestprice.vn/images/hotels/uploads/best-western-premier-sonasea-phu-quoc-resort-647858532802d.jpg""]"
80c248dd5eb3,32dfcae566b3c9c7753ba279,https://www.bestprice.vn/khach-san/best-western-premier-sonasea-phu-quoc-resort-1518.html,room_detail_6984_6_,Căn Deluxe Villa 03 phòng ngủ,"[""106m 2"", ""6 người lớn, 3 trẻ em"", ""Hướng biển"", ""1 giường đơn""]",106.0,6,3,1 giường đơn,Hướng biển,True,1,"[""https://owa.bestprice.vn/images/hotels/uploads/best-western-premier-sonasea-phu-quoc-resort-6478592fc1cd3.jpg"", ""https://owa.bestprice.vn/images/hotels/uploads/best-western-premier-sonasea-phu-quoc-resort-6478592fc1d84.jpg"", ""https://owa.bestprice.vn/images/hotels/uploads/best-western-premier-sonasea-phu-quoc-resort-6478592fc1b5c.jpg"", ""https://owa.bestprice.vn/images/hotels/uploads/best-western-premier-sonasea-phu-quoc-resort-6478592fc1c1f.jpg""]"
80c248dd5eb3,32dfcae566b3c9c7753ba279,https://www.bestprice.vn/khach-san/best-western-premier-sonasea-phu-quoc-resort-1518.html,room_detail_6983_6_,Căn Luxury Villa 05 phòng ngủ,"[""106m 2"", ""6 người lớn, 3 trẻ em"", ""Hướng biển"", ""1 giường đơn""]",106.0,6,3,1 giường đơn,Hướng biển,True,1,"[""https://owa.bestprice.vn/images/hotels/uploads/best-western-premier-sonasea-phu-quoc-resort-647859df8a3ec.jpg"", ""https://owa.bestprice.vn/images/hotels/uploads/best-western-premier-sonasea-phu-quoc-resort-647859df8a33b.jpg"", ""https://owa.bestprice.vn/images/hotels/uploads/best-western-premier-sonasea-phu-quoc-resort-647859df8a1c7.jpg"", ""https://owa.bestprice.vn/images/hotels/uploads/best-western-premier-sonasea-phu-quoc-resort-647859df8a288.jpg""]"
80c248dd5eb3,32dfcae566b3c9c7753ba279,https://www.bestprice.vn/khach-san/best-western-premier-sonasea-phu-quoc-resort-1518.html,room_detail_6985_10_,Căn Presidential Villa 05 phòng phủ sát biển,"[""169m 2"", ""10 người lớn, 5 trẻ em"", ""Hướng biển"", ""1 giường đơn""]",169.0,10,5,1 giường đơn,Hướng biển,True,1,"[""https://owa.bestprice.vn/images/hotels/uploads/best-western-premier-sonasea-phu-quoc-resort-64785addcc523.jpg"", ""https://owa.bestprice.vn/images/hotels/uploads/best-western-premier-sonasea-phu-quoc-resort-64785addcc5e6.jpg"", ""https://owa.bestprice.vn/images/hotels/uploads/best-western-premier-sonasea-phu-quoc-resort-64785addcc69a.jpg""]"
80c248dd5eb3,3334bc27d2172b66d341a2d8,https://www.bestprice.vn/khach-san/comodo-nha-trang-1684.html,room_detail_8570_2_,Senior Deluxe,"[""35m 2"", ""2 người lớn, 1 trẻ em"", ""Hướng thành phố"", ""2 giường đơn / 1 giường đôi""]",35.0,2,1,2 giường đơn / 1 giường đôi,Hướng thành phố,True,1,"[""https://owa.bestprice.vn/images/hotels/uploads/comodo-hotel-nha-trang-64891965021e4.jpg"", ""https://owa.bestprice.vn/images/hotels/uploads/comodo-hotel-nha-trang-648919650229d.jpg""]"
80c248dd5eb3,3334bc27d2172b66d341a2d8,https://www.bestprice.vn/khach-san/comodo-nha-trang-1684.html,room_detail_8571_2_,Premier Deluxe,"[""40m 2"", ""2 người lớn, 1 trẻ em"", ""Hướng biển"", ""2 giường đơn / 1 giường đôi""]",40.0,2,1,2 giường đơn / 1 giường đôi,Hướng biển,True,1,"[""https://owa.bestprice.vn/images/hotels/uploads/comodo-hotel-nha-trang-648919f78fdf7.jpg"", ""https://owa.bestprice.vn/images/hotels/uploads/comodo-hotel-nha-trang-648919f78fe83.jpg""]"
80c248dd5eb3,3334bc27d2172b66d341a2d8,https://www.bestprice.vn/khach-san/comodo-nha-trang-1684.html,room_detail_8572_2_,Asteria Suite,"[""40m 2"", ""2 người lớn, 1 trẻ em"", ""Hướng biển"", ""1 giường lớn""]",40.0,2,1,1 giường lớn,Hướng biển,True,1,"[""https://owa.bestprice.vn/images/hotels/uploads/comodo-hotel-nha-trang-64891addcf255.jpg"", ""https://owa.bestprice.vn/images/hotels/uploads/comodo-hotel-nha-trang-64891addcf2e2.jpg""]"
80c248dd5eb3,3334bc27d2172b66d341a2d8,https://www.bestprice.vn/khach-san/comodo-nha-trang-1684.html,room_detail_8573_2_,Asteria Grand Suite,"[""60m 2"", ""2 người lớn, 1 trẻ em"", ""Hướng biển"", ""1 giường lớn""]",60.0,2,1,1 giường lớn,Hướng biển,True,1,"[""https://owa.bestprice.vn/images/hotels/uploads/comodo-hotel-nha-trang-64891cdfde787.jpg"", ""https://owa.bestprice.vn/images/hotels/uploads/comodo-hotel-nha-trang-64891cdfde813.jpg""]"
80c248dd5eb3,3334bc27d2172b66d341a2d8,https://www.bestprice.vn/khach-san/comodo-nha-trang-1684.html,room_detail_8574_4_,Asteria Luxury Suite (3 persons),"[""65m 2"", ""4 người lớn, 1 trẻ em"", ""Hướng biển"", ""1 giường lớn""]",65.0,4,1,1 giường lớn,Hướng biển,True,1,"[""https://owa.bestprice.vn/images/hotels/uploads/comodo-hotel-nha-trang-64891dd34af03.jpg"", ""https://owa.bestprice.vn/images/hotels/uploads/comodo-hotel-nha-trang-64891dd34af95.jpg""]"
80c248dd5eb3,3334bc27d2172b66d341a2d8,https://www.bestprice.vn/khach-san/comodo-nha-trang-1684.html,room_detail_19652_4_,Asteria Luxury Suite (4 persons),"[""80m 2"", ""4 người lớn, 1 trẻ em"", ""Hướng biển"", ""1 giường lớn""]",80.0,4,1,1 giường lớn,Hướng biển,True,1,"[""https://owa.bestprice.vn/images/hotels/uploads/comodo-hotel-nha-trang-64891edc043a2.jpg"", ""https://owa.bestprice.vn/images/hotels/uploads/comodo-hotel-nha-trang-64891edc04431.jpg""]"
80c248dd5eb3,361dcff28f6f5320a5c02b20,https://www.bestprice.vn/khach-san/fusion-original-saigon-center-3321.html,room_detail_17482_2_,Original Room,"[""27m 2"", ""2 người lớn, 1 trẻ em"", ""Hướng thành phố"", ""2 giường đơn / 1 giường lớn""]",27.0,2,1,2 giường đơn / 1 giường lớn,Hướng thành phố,,,"[""https://owa.bestprice.vn/images/hotels/uploads/fusion-original-saigon-centre-6513a060003c7.jpg"", ""https://owa.bestprice.vn/images/hotels/uploads/fusion-original-saigon-centre-6513a06000338.jpg"", ""https://owa.bestprice.vn/images/hotels/uploads/fusion-original-saigon-centre-6513a0600029c.jpg""]"
80c248dd5eb3,361dcff28f6f5320a5c02b20,https://www.bestprice.vn/khach-san/fusion-original-saigon-center-3321.html,room_detail_17483_2_,Deluxe Room,"[""31m 2"", ""2 người lớn, 1 trẻ em"", ""Hướng thành phố"", ""2 giường đơn / 1 giường lớn""]",31.0,2,1,2 giường đơn / 1 giường lớn,Hướng thành phố,,,"[""https://owa.bestprice.vn/images/hotels/uploads/fusion-original-saigon-centre-6513a06c719dd.jpg"", ""https://owa.bestprice.vn/images/hotels/uploads/fusion-original-saigon-centre-6513a06c7194e.jpg"", ""https://owa.bestprice.vn/images/hotels/uploads/fusion-original-saigon-centre-6513a06c718ad.jpg""]"
80c248dd5eb3,361dcff28f6f5320a5c02b20,https://www.bestprice.vn/khach-san/fusion-original-saigon-center-3321.html,room_detail_17484_2_,Premium Deluxe Room,"[""33m 2"", ""2 người lớn, 1 trẻ em"", ""Hướng thành phố"", ""2 giường đơn / 1 giường lớn""]",33.0,2,1,2 giường đơn / 1 giường lớn,Hướng thành phố,,,"[""https://owa.bestprice.vn/images/hotels/uploads/fusion-original-saigon-centre-6513a09b15808.jpg"", ""https://owa.bestprice.vn/images/hotels/uploads/fusion-original-saigon-centre-6513a09b159cf.jpg"", ""https://owa.bestprice.vn/images/hotels/uploads/fusion-original-saigon-centre-6513a09b15941.jpg"", ""https://owa.bestprice.vn/images/hotels/uploads/fusion-original-saigon-centre-6513a09b158a8.jpg""]"
80c248dd5eb3,361dcff28f6f5320a5c02b20,https://www.bestprice.vn/khach-san/fusion-original-saigon-center-3321.html,room_detail_17488_4_,Two Bedroom Executive Suite,"[""70m 2"", ""4 người lớn, 2 trẻ em"", ""Hướng thành phố"", ""2 giường đơn / 1 giường lớn""]",70.0,4,2,2 giường đơn / 1 giường lớn,Hướng thành phố,,,"[""https://owa.bestprice.vn/images/hotels/uploads/fusion-original-saigon-centre-6513a0abc875d.jpg"", ""https://owa.bestprice.vn/images/hotels/uploads/fusion-original-saigon-centre-6513a0abc863f.jpg"", ""https://owa.bestprice.vn/images/hotels/uploads/fusion-original-saigon-centre-6513a0abc86cf.jpg"", ""https://owa.bestprice.vn/images/hotels/uploads/fusion-original-saigon-centre-6513a0abc85a0.jpg""]"
80c248dd5eb3,366939aa3b415be121775369,https://www.bestprice.vn/khach-san/lalya-ninh-van-bay-nha-trang-509.html,room_detail_2305_2_,Hill Rock Pool Villa,"[""90m 2"", ""2 người lớn, 1 trẻ em"", ""Hướng vườn"", ""2 giường lớn""]",90.0,2,1,2 giường lớn,Hướng vườn,,,"[""https://owa.bestprice.vn/images/hotels/uploads/lalya-ninh-van-bay-nha-trang-649a4a7114bd9.jpg"", ""https://owa.bestprice.vn/images/hotels/uploads/lalya-ninh-van-bay-nha-trang-649a4a7114c6d.jpg"", ""https://owa.bestprice.vn/images/hotels/uploads/lalya-ninh-van-bay-nha-trang-649a4a7114d00.jpg""]"
80c248dd5eb3,366939aa3b415be121775369,https://www.bestprice.vn/khach-san/lalya-ninh-van-bay-nha-trang-509.html,room_detail_2306_2_,Lagoon Pool Villa,"[""120m 2"", ""2 người lớn, 1 trẻ em"", ""Hướng đầm phá"", ""2 giường lớn""]",120.0,2,1,2 giường lớn,Hướng đầm phá,True,1,"[""https://owa.bestprice.vn/images/hotels/uploads/lalya-ninh-van-bay-nha-trang-649a4a7114d92.jpg"", ""https://owa.bestprice.vn/images/hotels/uploads/lalya-ninh-van-bay-nha-trang-649a4a7114e23.jpg""]"
80c248dd5eb3,366939aa3b415be121775369,https://www.bestprice.vn/khach-san/lalya-ninh-van-bay-nha-trang-509.html,room_detail_2307_4_,Beach front Pool Villa,"[""180m 2"", ""4 người lớn, 1 trẻ em"", ""Hướng biển"", ""3 giường đôi / 2 giường lớn""]",180.0,4,1,3 giường đôi / 2 giường lớn,Hướng biển,True,1,"[""https://owa.bestprice.vn/images/hotels/uploads/lalya-ninh-van-bay-nha-trang-649a4a7114f47.jpg"", ""https://owa.bestprice.vn/images/hotels/uploads/lalya-ninh-van-bay-nha-trang-649a4a7114eb5.jpg""]"
80c248dd5eb3,366939aa3b415be121775369,https://www.bestprice.vn/khach-san/lalya-ninh-van-bay-nha-trang-509.html,room_detail_2308_4_,Grand Lagoon Pool Villa,"[""236m 2"", ""4 người lớn, 1 trẻ em"", ""Hướng đầm phá"", ""3 giường đôi""]",236.0,4,1,3 giường đôi,Hướng đầm phá,True,1,"[""https://owa.bestprice.vn/images/hotels/uploads/lalya-ninh-van-bay-nha-trang-649a4a711507e.jpg"", ""https://owa.bestprice.vn/images/hotels/uploads/lalya-ninh-van-bay-nha-trang-649a4a7114fde.jpg""]"
80c248dd5eb3,39136fe03c4b7f52d53753aa,https://www.bestprice.vn/khach-san/hotel-colline-da-lat-1594.html,room_detail_7589_2_,Phòng Superior,"[""22m 2"", ""2 người lớn, 1 trẻ em"", ""1 giường đôi""]",22.0,2,1,1 giường đôi,,,,"[""https://owa.bestprice.vn/images/hotels/uploads/hotel-colline-da-lat-64bfa3b3b2a23.jpg"", ""https://owa.bestprice.vn/images/hotels/uploads/hotel-colline-da-lat-64bfa3b3b260b.jpg""]"
80c248dd5eb3,39136fe03c4b7f52d53753aa,https://www.bestprice.vn/khach-san/hotel-colline-da-lat-1594.html,room_detail_7590_2_,Phòng Deluxe,"[""25m 2"", ""2 người lớn, 1 trẻ em"", ""Hướng thành phố"", ""2 giường đơn / 1 giường đôi""]",25.0,2,1,2 giường đơn / 1 giường đôi,Hướng thành phố,,,"[""https://owa.bestprice.vn/images/hotels/uploads/hotel-colline-da-lat-64bfa3b3b2f16.jpg"", ""https://owa.bestprice.vn/images/hotels/uploads/hotel-colline-da-lat-64bfa3b3b2e1b.jpg""]"
80c248dd5eb3,39136fe03c4b7f52d53753aa,https://www.bestprice.vn/khach-san/hotel-colline-da-lat-1594.html,room_detail_7592_2_,Phòng Premier Deluxe,"[""29m 2"", ""2 người lớn, 1 trẻ em"", ""Hướng thành phố"", ""1 giường đôi""]",29.0,2,1,1 giường đôi,Hướng thành phố,True,1,"[""https://owa.bestprice.vn/images/hotels/uploads/hotel-colline-da-lat-64bfa3b3b2b9b.jpg"", ""https://owa.bestprice.vn/images/hotels/uploads/hotel-colline-da-lat-64bfa3ec170c8.jpg""]"
80c248dd5eb3,39136fe03c4b7f52d53753aa,https://www.bestprice.vn/khach-san/hotel-colline-da-lat-1594.html,room_detail_7591_2_,Phòng Deluxe Family,"[""42m 2"", ""2 người lớn, 2 trẻ em"", ""Hướng thành phố"", ""2 giường lớn""]",42.0,2,2,2 giường lớn,Hướng thành phố,,,"[""https://owa.bestprice.vn/images/hotels/uploads/hotel-colline-da-lat-64bfa3b3b2e9a.jpg"", ""https://owa.bestprice.vn/images/hotels/uploads/hotel-colline-da-lat-64bfa3ec1704c.jpg""]"
80c248dd5eb3,39136fe03c4b7f52d53753aa,https://www.bestprice.vn/khach-san/hotel-colline-da-lat-1594.html,room_detail_7593_2_,Phòng Studio,"[""35m 2"", ""2 người lớn, 1 trẻ em"", ""Hướng thành phố"", ""1 giường lớn""]",35.0,2,1,1 giường lớn,Hướng thành phố,True,1,"[""https://owa.bestprice.vn/images/hotels/uploads/hotel-colline-da-lat-64bfa3b3b2aa0.jpg"", ""https://owa.bestprice.vn/images/hotels/uploads/hotel-colline-da-lat-64bfa3ec16fd0.jpg""]"
80c248dd5eb3,39136fe03c4b7f52d53753aa,https://www.bestprice.vn/khach-san/hotel-colline-da-lat-1594.html,room_detail_7594_2_,Phòng Signature Suite,"[""55m 2"", ""2 người lớn, 1 trẻ em"", ""Hướng hồ"", ""1 giường lớn""]",55.0,2,1,1 giường lớn,Hướng hồ,True,1,"[""https://owa.bestprice.vn/images/hotels/uploads/hotel-colline-da-lat-64bfa3ec16f54.jpg"", ""https://owa.bestprice.vn/images/hotels/uploads/hotel-colline-da-lat-64bfa3b3b2b1c.jpg"", ""https://owa.bestprice.vn/images/hotels/uploads/hotel-colline-da-lat-64bfa3b3b29a7.jpg""]"
80c248dd5eb3,39136fe03c4b7f52d53753aa,https://www.bestprice.vn/khach-san/hotel-colline-da-lat-1594.html,room_detail_19410_2_,Colline Junior Suite,"[""80m 2"", ""2 người lớn, 1 trẻ em"", ""Hướng hồ"", ""1 giường đôi""]",80.0,2,1,1 giường đôi,Hướng hồ,True,1,"[""https://owa.bestprice.vn/images/hotels/uploads/hotel-colline-da-lat-64bfa3d7db9c2.jpg"", ""https://owa.bestprice.vn/images/hotels/uploads/hotel-colline-da-lat-64bfa3ec16d4d.jpg""]"
80c248dd5eb3,39136fe03c4b7f52d53753aa,https://www.bestprice.vn/khach-san/hotel-colline-da-lat-1594.html,room_detail_19411_2_,Colline Suite,"[""120m 2"", ""2 người lớn, 1 trẻ em"", ""Hướng hồ"", ""1 giường đôi""]",120.0,2,1,1 giường đôi,Hướng hồ,True,1,"[""https://owa.bestprice.vn/images/hotels/uploads/hotel-colline-da-lat-64bfa3ec16cbf.jpg"", ""https://owa.bestprice.vn/images/hotels/uploads/hotel-colline-da-lat-64bfa3ec16e57.jpg""]"
80c248dd5eb3,39136fe03c4b7f52d53753aa,https://www.bestprice.vn/khach-san/hotel-colline-da-lat-1594.html,room_detail_11899_4_,Studio Condotel 2 Bedrooms 1 Bathrooms,"[""90m 2"", ""4 người lớn, 2 trẻ em"", ""Hướng thành phố"", ""2 giường đôi""]",90.0,4,2,2 giường đôi,Hướng thành phố,,,"[""https://owa.bestprice.vn/images/hotels/uploads/hotel-colline-da-lat-64bfa3b3b2c21.jpg"", ""https://owa.bestprice.vn/images/hotels/uploads/hotel-colline-da-lat-64bfa3b3b28a0.jpg""]"
80c248dd5eb3,39136fe03c4b7f52d53753aa,https://www.bestprice.vn/khach-san/hotel-colline-da-lat-1594.html,room_detail_11903_6_,Studio Condotel 3 Bedrooms,"[""90m 2"", ""6 người lớn, 3 trẻ em"", ""Hướng thành phố"", ""3 giường đôi""]",90.0,6,3,3 giường đôi,Hướng thành phố,,,"[""https://owa.bestprice.vn/images/hotels/uploads/hotel-colline-da-lat-64bfa3b3b279a.jpg"", ""https://owa.bestprice.vn/images/hotels/uploads/hotel-colline-da-lat-64bfa3b3b2ca0.jpg""]"
80c248dd5eb3,39465b6367d05c3312aedbf4,https://www.bestprice.vn/khach-san/bakhan-village-resort-hoa-binh-1546.html,room_detail_7199_2_,Phòng ROH (Round-house/Deluxe/Bungalow),"[""26m 2"", ""2 người lớn, 2 trẻ em"", ""Hướng vườn"", ""2 giường đơn / 1 giường đôi""]",26.0,2,2,2 giường đơn / 1 giường đôi,Hướng vườn,,,"[""https://owa.bestprice.vn/images/hotels/uploads/bakhan-village-resort-hoa-binh-66b843fa4738c.jpg"", ""https://owa.bestprice.vn/images/hotels/uploads/bakhan-village-resort-hoa-binh-66b843fa473dd.jpg"", ""https://owa.bestprice.vn/images/hotels/uploads/bakhan-village-resort-hoa-binh-66b843fa473e7.jpg""]"
80c248dd5eb3,39465b6367d05c3312aedbf4,https://www.bestprice.vn/khach-san/bakhan-village-resort-hoa-binh-1546.html,room_detail_7202_2_,Junior Suite King-sized Bed,"[""42m 2"", ""2 người lớn, 2 trẻ em"", ""Hướng vườn"", ""1 giường lớn""]",42.0,2,2,1 giường lớn,Hướng vườn,True,1,"[""https://owa.bestprice.vn/images/hotels/uploads/bakhan-village-resort-hoa-binh-63f44e206f61a.jpg"", ""https://owa.bestprice.vn/images/hotels/uploads/bakhan-village-resort-hoa-binh-63f44e206f98a.jpg""]"
80c248dd5eb3,3a51e6ef12301ea4031c0dda,https://www.bestprice.vn/khach-san/vinpearl-resort-spa-da-nang-1392.html,room_detail_6022_4_,2 Bedroom Garden Villa,"[""370m 2"", ""4 người lớn, 4 trẻ em"", ""Hướng vườn"", ""2 giường đơn / 1 giường đôi""]",370.0,4,4,2 giường đơn / 1 giường đôi,Hướng vườn,,,"[""https://owa.bestprice.vn/images/hotels/uploads/vinpearl-resort-spa-da-nang-637ed3faa66a4.jpg"", ""https://owa.bestprice.vn/images/hotels/uploads/vinpearl-resort-spa-da-nang-637ed485aa409.jpg"", ""https://owa.bestprice.vn/images/hotels/uploads/vinpearl-resort-spa-da-nang-637ed3b63130d.jpg"", ""https://owa.bestprice.vn/images/hotels/uploads/vinpearl-resort-spa-da-nang-637ed3faa6610.jpg""]"
80c248dd5eb3,3a51e6ef12301ea4031c0dda,https://www.bestprice.vn/khach-san/vinpearl-resort-spa-da-nang-1392.html,room_detail_6023_6_,3 Bedroom Garden Villa,"[""422m 2"", ""6 người lớn, 4 trẻ em"", ""Hướng vườn"", ""2 giường đơn / 2 giường đôi""]",422.0,6,4,2 giường đơn / 2 giường đôi,Hướng vườn,,,"[""https://owa.bestprice.vn/images/hotels/uploads/vinpearl-resort-spa-da-nang-637ed485aa1cb.jpg"", ""https://owa.bestprice.vn/images/hotels/uploads/vinpearl-resort-spa-da-nang-637ed3b63114d.jpg"", ""https://owa.bestprice.vn/images/hotels/uploads/vinpearl-resort-spa-da-nang-637ed485aa25a.jpg"", ""https://owa.bestprice.vn/images/hotels/uploads/vinpearl-resort-spa-da-nang-637ed3b630a49.jpg""]"
80c248dd5eb3,3a51e6ef12301ea4031c0dda,https://www.bestprice.vn/khach-san/vinpearl-resort-spa-da-nang-1392.html,room_detail_6024_6_,3 Bedroom Ocean Villa,"[""567m 2"", ""6 người lớn, 4 trẻ em"", ""Hướng biển"", ""2 giường đơn / 2 giường đôi""]",567.0,6,4,2 giường đơn / 2 giường đôi,Hướng biển,,,"[""https://owa.bestprice.vn/images/hotels/uploads/vinpearl-resort-spa-da-nang-637ed3faa656f.jpg"", ""https://owa.bestprice.vn/images/hotels/uploads/vinpearl-resort-spa-da-nang-637ed485aa13a.jpg"", ""https://owa.bestprice.vn/images/hotels/uploads/vinpearl-resort-spa-da-nang-637ed485aa379.jpg"", ""https://owa.bestprice.vn/images/hotels/uploads/vinpearl-resort-spa-da-nang-637ed485aa0aa.jpg""]"
80c248dd5eb3,3a51e6ef12301ea4031c0dda,https://www.bestprice.vn/khach-san/vinpearl-resort-spa-da-nang-1392.html,room_detail_6025_8_,4 Bedroom Garden Villa,"[""425m 2"", ""8 người lớn, 4 trẻ em"", ""Hướng vườn"", ""2 giường đơn / 3 giường đôi""]",425.0,8,4,2 giường đơn / 3 giường đôi,Hướng vườn,,,"[""https://owa.bestprice.vn/images/hotels/uploads/vinpearl-resort-spa-da-nang-637ed485aa2e9.jpg"", ""https://owa.bestprice.vn/images/hotels/uploads/vinpearl-resort-spa-da-nang-637ed49e810f6.jpg""]"
80c248dd5eb3,3aa8ca4a7469e080bbb26d66,https://www.bestprice.vn/khach-san/four-points-by-sheraton-lang-son-1464.html,room_detail_6590_2_,Deluxe City View,"[""35m 2"", ""2 người lớn, 1 trẻ em"", ""Hướng thành phố"", ""2 giường đơn / 1 giường đôi""]",35.0,2,1,2 giường đơn / 1 giường đôi,Hướng thành phố,True,1,"[""https://owa.bestprice.vn/images/hotels/uploads/four-points-by-sheraton-lang-son-637b458632d9d.jpg"", ""https://owa.bestprice.vn/images/hotels/uploads/four-points-by-sheraton-lang-son-637b456f133cc.jpg"", ""https://owa.bestprice.vn/images/hotels/uploads/four-points-by-sheraton-lang-son-637b455517c25.jpg""]"
80c248dd5eb3,3aa8ca4a7469e080bbb26d66,https://www.bestprice.vn/khach-san/four-points-by-sheraton-lang-son-1464.html,room_detail_6588_2_,Deluxe Skyline View,"[""35m 2"", ""2 người lớn, 1 trẻ em"", ""2 giường đơn / 1 giường đôi""]",35.0,2,1,2 giường đơn / 1 giường đôi,,True,1,"[""https://owa.bestprice.vn/images/hotels/uploads/four-points-by-sheraton-lang-son-637b45a90974e.jpg"", ""https://owa.bestprice.vn/images/hotels/uploads/four-points-by-sheraton-lang-son-637b45951a081.jpg""]"
80c248dd5eb3,3aa8ca4a7469e080bbb26d66,https://www.bestprice.vn/khach-san/four-points-by-sheraton-lang-son-1464.html,room_detail_6591_2_,Suite,"[""66m 2"", ""2 người lớn, 1 trẻ em"", ""Hướng thành phố"", ""1 giường lớn""]",66.0,2,1,1 giường lớn,Hướng thành phố,True,1,"[""https://owa.bestprice.vn/images/hotels/uploads/four-points-by-sheraton-lang-son-637b45db8b707.jpg"", ""https://owa.bestprice.vn/images/hotels/uploads/four-points-by-sheraton-lang-son-637b45e9e763a.jpg"", ""https://owa.bestprice.vn/images/hotels/uploads/four-points-by-sheraton-lang-son-637b45f79929d.jpg""]"
80c248dd5eb3,3ab8d6c0883d4abedcad68d1,https://www.bestprice.vn/khach-san/lake-view-quy-nhon-1555.html,room_detail_7300_2_,Superior Room,"[""20m 2"", ""2 người lớn, 2 trẻ em"", ""2 giường đơn / 1 giường đôi""]",20.0,2,2,2 giường đơn / 1 giường đôi,,True,1,"[""https://owa.bestprice.vn/images/hotels/uploads/lake-view-quy-nhon-6476b0742986f.jpg"", ""https://owa.bestprice.vn/images/hotels/uploads/lake-view-quy-nhon-6476ae1e121bf.jpg""]"
80c248dd5eb3,3ab8d6c0883d4abedcad68d1,https://www.bestprice.vn/khach-san/lake-view-quy-nhon-1555.html,room_detail_7301_2_,Deluxe,"[""23m 2"", ""2 người lớn, 2 trẻ em"", ""1 giường đôi""]",23.0,2,2,1 giường đôi,,True,1,"[""https://owa.bestprice.vn/images/hotels/uploads/lake-view-quy-nhon-6476b074297f9.jpg"", ""https://owa.bestprice.vn/images/hotels/uploads/lake-view-quy-nhon-6476ac0991eed.jpg""]"
80c248dd5eb3,3ab8d6c0883d4abedcad68d1,https://www.bestprice.vn/khach-san/lake-view-quy-nhon-1555.html,room_detail_7302_2_,Premium,"[""28m 2"", ""2 người lớn, 2 trẻ em"", ""Hướng hồ"", ""2 giường đơn / 1 giường đôi""]",28.0,2,2,2 giường đơn / 1 giường đôi,Hướng hồ,True,1,"[""https://owa.bestprice.vn/images/hotels/uploads/lake-view-quy-nhon-6476acd33d1b6.jpg"", ""https://owa.bestprice.vn/images/hotels/uploads/lake-view-quy-nhon-6476ae1e12236.jpg"", ""https://owa.bestprice.vn/images/hotels/uploads/lake-view-quy-nhon-6476ae1e122ac.jpg"", ""https://owa.bestprice.vn/images/hotels/uploads/lake-view-quy-nhon-6476acd33d2b2.jpg""]"
80c248dd5eb3,3ab8d6c0883d4abedcad68d1,https://www.bestprice.vn/khach-san/lake-view-quy-nhon-1555.html,room_detail_7303_3_,Premium Plus,"[""42m 2"", ""3 người lớn, 2 trẻ em"", ""Hướng hồ"", ""1 Giường đôi & 1 Giường đơn""]",42.0,3,2,1 Giường đôi & 1 Giường đơn,Hướng hồ,True,1,"[""https://owa.bestprice.vn/images/hotels/uploads/lake-view-quy-nhon-6476acd33d23b.jpg"", ""https://owa.bestprice.vn/images/hotels/uploads/lake-view-quy-nhon-6476b07429781.jpg""]"
80c248dd5eb3,3ab8d6c0883d4abedcad68d1,https://www.bestprice.vn/khach-san/lake-view-quy-nhon-1555.html,room_detail_7304_2_,Lake View Luxury,"[""42m 2"", ""2 người lớn, 2 trẻ em"", ""Hướng hồ"", ""1 giường đôi""]",42.0,2,2,1 giường đôi,Hướng hồ,True,1,"[""https://owa.bestprice.vn/images/hotels/uploads/lake-view-quy-nhon-6476b074296d0.jpg"", ""https://owa.bestprice.vn/images/hotels/uploads/lake-view-quy-nhon-6476ac0991f65.jpg""]"
80c248dd5eb3,3aeedd2582d1c3321642aa25,https://www.bestprice.vn/khach-san/family-yen-bai-resort-ba-vi-1227.html,room_detail_7172_6_,Biệt thự Green Villas Deluxe,"[""90m 2"", ""6 người lớn, 5 trẻ em"", ""Hướng vườn"", ""3 giường đôi""]",90.0,6,5,3 giường đôi,Hướng vườn,,,"[""https://owa.bestprice.vn/images/hotels/uploads/family-yen-bai-resort-ba-vi-62676dcc3c7e2.jpg"", ""https://owa.bestprice.vn/images/hotels/uploads/family-yen-bai-resort-ba-vi-62676dcc3ca38.jpg""]"
80c248dd5eb3,3aeedd2582d1c3321642aa25,https://www.bestprice.vn/khach-san/family-yen-bai-resort-ba-vi-1227.html,room_detail_7173_4_,Biệt Thự Điền Viên Phú Ông,"[""90m 2"", ""4 người lớn, 5 trẻ em"", ""Hướng vườn"", ""3 giường đôi""]",90.0,4,5,3 giường đôi,Hướng vườn,,,"[""https://owa.bestprice.vn/images/hotels/uploads/family-yen-bai-resort-ba-vi-62676dcc3cd6d.jpg""]"
80c248dd5eb3,3aeedd2582d1c3321642aa25,https://www.bestprice.vn/khach-san/family-yen-bai-resort-ba-vi-1227.html,room_detail_7175_2_,Khách sạn White Ocean (phòng 01 gường đôi 1m8),"[""50m 2"", ""2 người lớn, 2 trẻ em"", ""1 giường đôi""]",50.0,2,2,1 giường đôi,,,,"[""https://owa.bestprice.vn/images/hotels/uploads/family-yen-bai-resort-ba-vi-62676dcc3c9b1.jpg""]"
80c248dd5eb3,3aeedd2582d1c3321642aa25,https://www.bestprice.vn/khach-san/family-yen-bai-resort-ba-vi-1227.html,room_detail_7176_4_,"Khách sạn White Ocean (phòng 1 giường đôi, 1 giường đơn)","[""0m 2"", ""4 người lớn, 2 trẻ em"", ""1 Giường đôi & 1 Giường đơn""]",0.0,4,2,1 Giường đôi & 1 Giường đơn,,,,"[""https://owa.bestprice.vn/images/hotels/uploads/family-yen-bai-resort-ba-vi-62676dcc3cb4e.jpg""]"
80c248dd5eb3,3aeedd2582d1c3321642aa25,https://www.bestprice.vn/khach-san/family-yen-bai-resort-ba-vi-1227.html,room_detail_7177_4_,Khách sạn White Ocean (phòng 02 gường đôi 1m8) vip P 305,"[""90m 2"", ""4 người lớn, 2 trẻ em"", ""Hướng vườn"", ""3 giường đôi""]",90.0,4,2,3 giường đôi,Hướng vườn,,,"[""https://owa.bestprice.vn/images/hotels/uploads/family-yen-bai-resort-ba-vi-62676dcc3cac2.jpg""]"
80c248dd5eb3,3aeedd2582d1c3321642aa25,https://www.bestprice.vn/khach-san/family-yen-bai-resort-ba-vi-1227.html,room_detail_14306_6_,Khách sạn White Ocean(phòng 02 gường đôi 1m8) P 404,"[""90m 2"", ""6 người lớn, 2 trẻ em"", ""Hướng biển"", ""2 giường đôi""]",90.0,6,2,2 giường đôi,Hướng biển,,,"[""https://owa.bestprice.vn/images/hotels/uploads/family-yen-bai-resort-ba-vi-62676dcc3ce62.jpg""]"
80c248dd5eb3,3aeedd2582d1c3321642aa25,https://www.bestprice.vn/khach-san/family-yen-bai-resort-ba-vi-1227.html,room_detail_18722_10_,Nhà sàn,"[""30m 2"", ""10 người lớn"", ""3 giường đơn""]",30.0,10,,3 giường đơn,,,,[]
80c248dd5eb3,3aeedd2582d1c3321642aa25,https://www.bestprice.vn/khach-san/family-yen-bai-resort-ba-vi-1227.html,room_detail_18723_10_,Phòng nghỉ tập thể 2 & 3,"[""50m 2"", ""10 người lớn"", ""3 giường đơn""]",50.0,10,,3 giường đơn,,,,[]
80c248dd5eb3,3aeedd2582d1c3321642aa25,https://www.bestprice.vn/khach-san/family-yen-bai-resort-ba-vi-1227.html,room_detail_18724_10_,Phòng nghỉ tập thể 4,"[""30m 2"", ""10 người lớn"", ""2 giường đôi / 3 giường đôi""]",30.0,10,,2 giường đôi / 3 giường đôi,,,,[]
80c248dd5eb3,3d3644dd3a1ed8072ce66202,https://www.bestprice.vn/khach-san/holiday-two-can-tho-1319.html,room_detail_5521_2_,Superior Double( không bồn tắm),"[""20m 2"", ""2 người lớn, 2 trẻ em"", ""Hướng thành phố"", ""1 giường đôi""]",20.0,2,2,1 giường đôi,Hướng thành phố,True,1,"[""https://owa.bestprice.vn/images/hotels/uploads/khach-san-holiday-can-tho-5f2fcb0633799.jpg""]"
80c248dd5eb3,3d3644dd3a1ed8072ce66202,https://www.bestprice.vn/khach-san/holiday-two-can-tho-1319.html,room_detail_20305_2_,Suprerior Double (có bồn tắm),"[""20m 2"", ""2 người lớn, 1 trẻ em"", ""1 giường đôi""]",20.0,2,1,1 giường đôi,,True,1,[]
80c248dd5eb3,3d3644dd3a1ed8072ce66202,https://www.bestprice.vn/khach-san/holiday-two-can-tho-1319.html,room_detail_10673_2_,Superior Twin,"[""28m 2"", ""2 người lớn, 2 trẻ em"", ""2 giường đơn""]",28.0,2,2,2 giường đơn,,True,1,"[""https://owa.bestprice.vn/images/hotels/uploads/khach-san-holiday-can-tho-5e719e6f0cdcd.jpg""]"
80c248dd5eb3,3d3644dd3a1ed8072ce66202,https://www.bestprice.vn/khach-san/holiday-two-can-tho-1319.html,room_detail_10675_3_,Superior Triple,"[""30m 2"", ""3 người lớn, 2 trẻ em"", ""3 giường đơn""]",30.0,3,2,3 giường đơn,,True,1,"[""https://owa.bestprice.vn/images/hotels/uploads/khach-san-holiday-can-tho-5f51e63683506.jpg""]"
80c248dd5eb3,3d3644dd3a1ed8072ce66202,https://www.bestprice.vn/khach-san/holiday-two-can-tho-1319.html,room_detail_10677_2_,Deluxe Double,"[""32m 2"", ""2 người lớn, 2 trẻ em"", ""Hướng thành phố"", ""1 giường đôi""]",32.0,2,2,1 giường đôi,Hướng thành phố,True,1,"[""https://owa.bestprice.vn/images/hotels/uploads/khach-san-holiday-can-tho-5f2fcb0633864.jpg""]"
80c248dd5eb3,3d3644dd3a1ed8072ce66202,https://www.bestprice.vn/khach-san/holiday-two-can-tho-1319.html,room_detail_10679_2_,Deluxe Twin,"[""34m 2"", ""2 người lớn, 2 trẻ em"", ""Hướng sông"", ""2 giường đơn""]",34.0,2,2,2 giường đơn,Hướng sông,True,1,"[""https://owa.bestprice.vn/images/hotels/uploads/khach-san-holiday-can-tho-5e719e6f0cdcd.jpg""]"
80c248dd5eb3,3d3644dd3a1ed8072ce66202,https://www.bestprice.vn/khach-san/holiday-two-can-tho-1319.html,room_detail_5520_3_,Deluxe Triple,"[""40m 2"", ""3 người lớn, 2 trẻ em"", ""1 Giường đôi & 1 Giường đơn""]",40.0,3,2,1 Giường đôi & 1 Giường đơn,,True,1,"[""https://owa.bestprice.vn/images/hotels/uploads/khach-san-holiday-can-tho-5e719e6f0cd48.jpg""]"
80c248dd5eb3,3f9f58310963df6e0e16522f,https://www.bestprice.vn/khach-san/haian-beach-hotel-spa-1479.html,room_detail_19594_2_,Junior Room,"[""28m 2"", ""2 người lớn, 1 trẻ em"", ""2 giường đơn / 1 giường đôi""]",28.0,2,1,2 giường đơn / 1 giường đôi,,True,1,"[""https://owa.bestprice.vn/images/hotels/uploads/haian-beach-hotel-spa-646db42801b66.jpg"", ""https://owa.bestprice.vn/images/hotels/uploads/haian-beach-hotel-spa-646db42801be6.jpg"", ""https://owa.bestprice.vn/images/hotels/uploads/haian-beach-hotel-spa-646db42801c73.jpg""]"
80c248dd5eb3,3f9f58310963df6e0e16522f,https://www.bestprice.vn/khach-san/haian-beach-hotel-spa-1479.html,room_detail_6723_2_,City View Oasis,"[""26m 2"", ""2 người lớn, 1 trẻ em"", ""Hướng thành phố"", ""2 giường đơn / 1 giường đôi""]",26.0,2,1,2 giường đơn / 1 giường đôi,Hướng thành phố,True,1,"[""https://owa.bestprice.vn/images/hotels/uploads/haian-beach-hotel-spa-646db42801959.jpg"", ""https://owa.bestprice.vn/images/hotels/uploads/haian-beach-hotel-spa-646db428019e6.jpg"", ""https://owa.bestprice.vn/images/hotels/uploads/haian-beach-hotel-spa-646db42801ae6.jpg"", ""https://owa.bestprice.vn/images/hotels/uploads/haian-beach-hotel-spa-646db42801a67.jpg""]"
80c248dd5eb3,3f9f58310963df6e0e16522f,https://www.bestprice.vn/khach-san/haian-beach-hotel-spa-1479.html,room_detail_6724_2_,Partial Sea View Oasis,"[""28m 2"", ""2 người lớn, 1 trẻ em"", ""2 giường đơn / 1 giường đôi""]",28.0,2,1,2 giường đơn / 1 giường đôi,,True,1,"[""https://owa.bestprice.vn/images/hotels/uploads/haian-beach-hotel-spa-646db42801cf4.jpg"", ""https://owa.bestprice.vn/images/hotels/uploads/haian-beach-hotel-spa-646db42801d73.jpg"", ""https://owa.bestprice.vn/images/hotels/uploads/haian-beach-hotel-spa-646db42801df3.jpg""]"
80c248dd5eb3,3f9f58310963df6e0e16522f,https://www.bestprice.vn/khach-san/haian-beach-hotel-spa-1479.html,room_detail_14195_2_,Partial Sea View Triple,"[""32m 2"", ""2 người lớn, 1 trẻ em"", ""Hướng biển"", ""2 giường đơn / 1 giường đôi""]",32.0,2,1,2 giường đơn / 1 giường đôi,Hướng biển,True,1,"[""https://owa.bestprice.vn/images/hotels/uploads/haian-beach-hotel-spa-646db42801e72.jpg"", ""https://owa.bestprice.vn/images/hotels/uploads/haian-beach-hotel-spa-646db42801ef1.jpg"", ""https://owa.bestprice.vn/images/hotels/uploads/haian-beach-hotel-spa-646db42801f75.jpg""]"
80c248dd5eb3,3f9f58310963df6e0e16522f,https://www.bestprice.vn/khach-san/haian-beach-hotel-spa-1479.html,room_detail_6725_2_,Beach Front Oasis,"[""28m 2"", ""2 người lớn, 1 trẻ em"", ""Hướng bãi biển"", ""2 giường đơn / 1 giường đôi""]",28.0,2,1,2 giường đơn / 1 giường đôi,Hướng bãi biển,True,1,"[""https://owa.bestprice.vn/images/hotels/uploads/haian-beach-hotel-spa-646db4280185b.jpg"", ""https://owa.bestprice.vn/images/hotels/uploads/haian-beach-hotel-spa-646db428018da.jpg""]"
80c248dd5eb3,3f9f58310963df6e0e16522f,https://www.bestprice.vn/khach-san/haian-beach-hotel-spa-1479.html,room_detail_6726_2_,Beach Front Diamond,"[""45m 2"", ""2 người lớn, 1 trẻ em"", ""Hướng bãi biển"", ""1 giường đôi""]",45.0,2,1,1 giường đôi,Hướng bãi biển,True,1,"[""https://owa.bestprice.vn/images/hotels/uploads/haian-beach-hotel-spa-646db428017db.jpg"", ""https://owa.bestprice.vn/images/hotels/uploads/haian-beach-hotel-spa-646db4280175c.jpg""]"
80c248dd5eb3,3f9f58310963df6e0e16522f,https://www.bestprice.vn/khach-san/haian-beach-hotel-spa-1479.html,room_detail_19595_2_,Beach Front 1 Bedroom Apartment,"[""50m 2"", ""2 người lớn, 1 trẻ em"", ""Hướng bãi biển"", ""1 giường lớn""]",50.0,2,1,1 giường lớn,Hướng bãi biển,True,1,"[""https://owa.bestprice.vn/images/hotels/uploads/haian-beach-hotel-spa-646db44ce19ad.jpg"", ""https://owa.bestprice.vn/images/hotels/uploads/haian-beach-hotel-spa-646db44ce1a30.jpg""]"
80c248dd5eb3,3f9f58310963df6e0e16522f,https://www.bestprice.vn/khach-san/haian-beach-hotel-spa-1479.html,room_detail_6727_2_,1-Bedroom Royal Pent House,"[""50m 2"", ""2 người lớn, 1 trẻ em"", ""Hướng biển"", ""1 giường đôi""]",50.0,2,1,1 giường đôi,Hướng biển,True,1,"[""https://owa.bestprice.vn/images/hotels/uploads/haian-beach-hotel-spa-646db46653df6.jpg"", ""https://owa.bestprice.vn/images/hotels/uploads/haian-beach-hotel-spa-646db46653e88.jpg""]"
80c248dd5eb3,3f9f58310963df6e0e16522f,https://www.bestprice.vn/khach-san/haian-beach-hotel-spa-1479.html,room_detail_19596_4_,2 Bedroom Royal Penthouse (City View),"[""75m 2"", ""4 người lớn, 1 trẻ em"", ""Hướng thành phố"", ""2 giường đôi""]",75.0,4,1,2 giường đôi,Hướng thành phố,True,1,"[""https://owa.bestprice.vn/images/hotels/uploads/haian-beach-hotel-spa-646db44ce1699.jpg"", ""https://owa.bestprice.vn/images/hotels/uploads/haian-beach-hotel-spa-646db46653f0a.jpg""]"
80c248dd5eb3,3f9f58310963df6e0e16522f,https://www.bestprice.vn/khach-san/haian-beach-hotel-spa-1479.html,room_detail_6728_4_,2 Bedroom Royal Penthouse (Partial Sea View),"[""75m 2"", ""4 người lớn, 1 trẻ em"", ""Hướng biển"", ""1 Giường đôi & 2 Giường đơn""]",75.0,4,1,1 Giường đôi & 2 Giường đơn,Hướng biển,True,1,"[""https://owa.bestprice.vn/images/hotels/uploads/haian-beach-hotel-spa-646db44ce1728.jpg"", ""https://owa.bestprice.vn/images/hotels/uploads/haian-beach-hotel-spa-646db44ce17ab.jpg""]"
80c248dd5eb3,3f9f58310963df6e0e16522f,https://www.bestprice.vn/khach-san/haian-beach-hotel-spa-1479.html,room_detail_6729_6_,3-Bedroom Royal Pent House,"[""85m 2"", ""6 người lớn, 1 trẻ em"", ""Hướng biển"", ""3 giường đôi""]",85.0,6,1,3 giường đôi,Hướng biển,True,1,"[""https://owa.bestprice.vn/images/hotels/uploads/haian-beach-hotel-spa-646db44ce182c.jpg"", ""https://owa.bestprice.vn/images/hotels/uploads/haian-beach-hotel-spa-646db44ce18ad.jpg""]"
80c248dd5eb3,40b904209bebb9695bd3733e,https://www.bestprice.vn/khach-san/pullman-sai-gon-centre-1258.html,room_detail_5207_2_,Phòng Superior,"[""35m 2"", ""2 người lớn, 2 trẻ em"", ""Hướng thành phố"", ""1 giường đôi""]",35.0,2,2,1 giường đôi,Hướng thành phố,True,1,"[""https://owa.bestprice.vn/images/hotels/uploads/khach-san-pullman-sai-gon-centre-6419848d40295.jpg"", ""https://owa.bestprice.vn/images/hotels/uploads/khach-san-pullman-sai-gon-centre-6419848d40357.jpg""]"
80c248dd5eb3,40b904209bebb9695bd3733e,https://www.bestprice.vn/khach-san/pullman-sai-gon-centre-1258.html,room_detail_5208_2_,Phòng Deluxe,"[""40m 2"", ""2 người lớn, 2 trẻ em"", ""Hướng thành phố"", ""1 giường đôi""]",40.0,2,2,1 giường đôi,Hướng thành phố,True,1,"[""https://owa.bestprice.vn/images/hotels/uploads/khach-san-pullman-sai-gon-centre-6419848d40484.jpg"", ""https://owa.bestprice.vn/images/hotels/uploads/khach-san-pullman-sai-gon-centre-6419848d40518.jpg""]"
80c248dd5eb3,40b904209bebb9695bd3733e,https://www.bestprice.vn/khach-san/pullman-sai-gon-centre-1258.html,room_detail_5209_2_,Phòng Executive,"[""50m 2"", ""2 người lớn, 2 trẻ em"", ""Hướng thành phố"", ""2 giường đơn""]",50.0,2,2,2 giường đơn,Hướng thành phố,True,1,"[""https://owa.bestprice.vn/images/hotels/uploads/khach-san-pullman-sai-gon-centre-6419848d406d3.jpg""]"
80c248dd5eb3,40b904209bebb9695bd3733e,https://www.bestprice.vn/khach-san/pullman-sai-gon-centre-1258.html,room_detail_5211_2_,Phòng Excutive Suite,"[""70m 2"", ""2 người lớn, 2 trẻ em"", ""Hướng thành phố"", ""1 giường đôi""]",70.0,2,2,1 giường đôi,Hướng thành phố,True,1,"[""https://owa.bestprice.vn/images/hotels/uploads/khach-san-pullman-sai-gon-centre-6419848d40807.jpg"", ""https://owa.bestprice.vn/images/hotels/uploads/khach-san-pullman-sai-gon-centre-6419848d40876.jpg""]"
80c248dd5eb3,40b904209bebb9695bd3733e,https://www.bestprice.vn/khach-san/pullman-sai-gon-centre-1258.html,room_detail_5210_2_,Phòng Pullman Suite,"[""70m 2"", ""2 người lớn, 2 trẻ em"", ""Hướng thành phố"", ""1 giường đôi""]",70.0,2,2,1 giường đôi,Hướng thành phố,True,1,"[""https://owa.bestprice.vn/images/hotels/uploads/khach-san-pullman-sai-gon-centre-6419848d409f4.jpg"", ""https://owa.bestprice.vn/images/hotels/uploads/khach-san-pullman-sai-gon-centre-6419848d40a89.jpg""]"
80c248dd5eb3,40c30b51d7b8905ef33048d1,https://www.bestprice.vn/khach-san/a-la-carte-ha-long-bay-3608.html,room_detail_19144_2_,Premier City View,"[""40m 2"", ""2 người lớn, 2 trẻ em"", ""Hướng thành phố"", ""2 giường đơn""]",40.0,2,2,2 giường đơn,Hướng thành phố,True,1,"[""https://owa.bestprice.vn/images/hotels/uploads/a-la-carte-ha-long-bay-63c7f66c42c38.jpg"", ""https://owa.bestprice.vn/images/hotels/uploads/a-la-carte-ha-long-bay-64828d6f0071e.jpg""]"
80c248dd5eb3,40c30b51d7b8905ef33048d1,https://www.bestprice.vn/khach-san/a-la-carte-ha-long-bay-3608.html,room_detail_19143_2_,Premier Bay View,"[""40m 2"", ""2 người lớn, 2 trẻ em"", ""Hướng biển"", ""2 giường đơn""]",40.0,2,2,2 giường đơn,Hướng biển,True,1,"[""https://owa.bestprice.vn/images/hotels/uploads/a-la-carte-ha-long-bay-64828d6f0069d.jpg"", ""https://owa.bestprice.vn/images/hotels/uploads/a-la-carte-ha-long-bay-63c7f69427d52.jpg""]"
80c248dd5eb3,40c30b51d7b8905ef33048d1,https://www.bestprice.vn/khach-san/a-la-carte-ha-long-bay-3608.html,room_detail_19146_2_,Executive Bay View,"[""45m 2"", ""2 người lớn, 2 trẻ em"", ""Hướng biển"", ""1 giường lớn""]",45.0,2,2,1 giường lớn,Hướng biển,True,1,"[""https://owa.bestprice.vn/images/hotels/uploads/a-la-carte-ha-long-bay-63c7f66c42b39.jpg"", ""https://owa.bestprice.vn/images/hotels/uploads/a-la-carte-ha-long-bay-63c7f6942805c.jpg"", ""https://owa.bestprice.vn/images/hotels/uploads/a-la-carte-ha-long-bay-64828d6f0079d.jpg""]"
80c248dd5eb3,40c30b51d7b8905ef33048d1,https://www.bestprice.vn/khach-san/a-la-carte-ha-long-bay-3608.html,room_detail_19145_6_,Suite City Vista,"[""69m 2"", ""6 người lớn, 2 trẻ em"", ""Hướng thành phố"", ""1 Giường đôi & 2 Giường đơn""]",69.0,6,2,1 Giường đôi & 2 Giường đơn,Hướng thành phố,,,"[""https://owa.bestprice.vn/images/hotels/uploads/a-la-carte-ha-long-bay-63c7f66c426ba.jpg"", ""https://owa.bestprice.vn/images/hotels/uploads/a-la-carte-ha-long-bay-63c7f66c42bb8.jpg""]"
80c248dd5eb3,40c30b51d7b8905ef33048d1,https://www.bestprice.vn/khach-san/a-la-carte-ha-long-bay-3608.html,room_detail_19149_6_,Suite Bay Vista,"[""69m 2"", ""6 người lớn, 2 trẻ em"", ""Hướng biển"", ""2 giường đôi / 1 Giường đôi & 2 Giường đơn""]",69.0,6,2,2 giường đôi / 1 Giường đôi & 2 Giường đơn,Hướng biển,,,"[""https://owa.bestprice.vn/images/hotels/uploads/a-la-carte-ha-long-bay-63c7f66c42cb6.jpg"", ""https://owa.bestprice.vn/images/hotels/uploads/a-la-carte-ha-long-bay-63c7f66c42db3.jpg"", ""https://owa.bestprice.vn/images/hotels/uploads/a-la-carte-ha-long-bay-64828d6f0089c.jpg""]"
80c248dd5eb3,40c30b51d7b8905ef33048d1,https://www.bestprice.vn/khach-san/a-la-carte-ha-long-bay-3608.html,room_detail_19424_6_,Executive Suite Bay Vista,"[""83m 2"", ""6 người lớn, 2 trẻ em"", ""Hướng biển"", ""1 Giường đôi & 2 Giường đơn""]",83.0,6,2,1 Giường đôi & 2 Giường đơn,Hướng biển,,,"[""https://owa.bestprice.vn/images/hotels/uploads/a-la-carte-ha-long-bay-63c7f66c426ba.jpg"", ""https://owa.bestprice.vn/images/hotels/uploads/a-la-carte-ha-long-bay-63c7f66c42bb8.jpg""]"
80c248dd5eb3,40c30b51d7b8905ef33048d1,https://www.bestprice.vn/khach-san/a-la-carte-ha-long-bay-3608.html,room_detail_19147_2_,Deluxe City View,"[""45m 2"", ""2 người lớn, 2 trẻ em"", ""Hướng thành phố"", ""2 giường đơn""]",45.0,2,2,2 giường đơn,Hướng thành phố,True,1,"[""https://owa.bestprice.vn/images/hotels/uploads/a-la-carte-ha-long-bay-63c7f66c42a3a.jpg"", ""https://owa.bestprice.vn/images/hotels/uploads/a-la-carte-ha-long-bay-63c7f69427bd0.jpg""]"
80c248dd5eb3,40c30b51d7b8905ef33048d1,https://www.bestprice.vn/khach-san/a-la-carte-ha-long-bay-3608.html,room_detail_19148_2_,Deluxe Bay View,"[""45m 2"", ""2 người lớn, 2 trẻ em"", ""Hướng biển"", ""2 giường đơn""]",45.0,2,2,2 giường đơn,Hướng biển,True,1,"[""https://owa.bestprice.vn/images/hotels/uploads/a-la-carte-ha-long-bay-63c7f66c42aba.jpg"", ""https://owa.bestprice.vn/images/hotels/uploads/a-la-carte-ha-long-bay-64828d6f0081d.jpg""]"
80c248dd5eb3,40c30b51d7b8905ef33048d1,https://www.bestprice.vn/khach-san/a-la-carte-ha-long-bay-3608.html,room_detail_19426_6_,Residence City Vista,"[""71m 2"", ""6 người lớn, 2 trẻ em"", ""Hướng biển"", ""1 Giường đôi & 2 Giường đơn""]",71.0,6,2,1 Giường đôi & 2 Giường đơn,Hướng biển,,,"[""https://owa.bestprice.vn/images/hotels/uploads/a-la-carte-ha-long-bay-63c7f66c42cb6.jpg"", ""https://owa.bestprice.vn/images/hotels/uploads/a-la-carte-ha-long-bay-63c7f66c42db3.jpg"", ""https://owa.bestprice.vn/images/hotels/uploads/a-la-carte-ha-long-bay-64828d6f0089c.jpg""]"
80c248dd5eb3,40c30b51d7b8905ef33048d1,https://www.bestprice.vn/khach-san/a-la-carte-ha-long-bay-3608.html,room_detail_19427_6_,Residence Executive Bay Vista,"[""76m 2"", ""6 người lớn, 2 trẻ em"", ""Hướng biển"", ""1 Giường đôi & 2 Giường đơn""]",76.0,6,2,1 Giường đôi & 2 Giường đơn,Hướng biển,,,"[""https://owa.bestprice.vn/images/hotels/uploads/a-la-carte-ha-long-bay-63c7f66c429bb.jpg""]"
80c248dd5eb3,41ce114c56ae5158334ea28d,https://www.bestprice.vn/khach-san/chen-sea-resort-spa-phu-quoc-224.html,room_detail_1006_2_,Sea View Villa,"[""86m 2"", ""2 người lớn, 2 trẻ em"", ""Hướng biển"", ""2 giường đơn / 1 giường lớn""]",86.0,2,2,2 giường đơn / 1 giường lớn,Hướng biển,True,1,"[""https://owa.bestprice.vn/images/hotels/uploads/chen-sea-resort-spa-phu-quoc-64742f11a8b45.jpg"", ""https://owa.bestprice.vn/images/hotels/uploads/chen-sea-resort-spa-phu-quoc-64742f11a8ab2.jpg"", ""https://owa.bestprice.vn/images/hotels/uploads/chen-sea-resort-spa-phu-quoc-64742f11a8a1d.jpg"", ""https://owa.bestprice.vn/images/hotels/uploads/chen-sea-resort-spa-phu-quoc-64742f11a897a.jpg""]"
80c248dd5eb3,41ce114c56ae5158334ea28d,https://www.bestprice.vn/khach-san/chen-sea-resort-spa-phu-quoc-224.html,room_detail_1007_2_,Beach Front Villa,"[""78m 2"", ""2 người lớn, 2 trẻ em"", ""Hướng bãi biển"", ""2 giường đơn / 1 giường lớn""]",78.0,2,2,2 giường đơn / 1 giường lớn,Hướng bãi biển,True,1,"[""https://owa.bestprice.vn/images/hotels/uploads/chen-sea-resort-spa-phu-quoc-647430bfd283c.jpg"", ""https://owa.bestprice.vn/images/hotels/uploads/chen-sea-resort-spa-phu-quoc-647430e338a2b.jpg"", ""https://owa.bestprice.vn/images/hotels/uploads/chen-sea-resort-spa-phu-quoc-647430f146cc7.jpg"", ""https://owa.bestprice.vn/images/hotels/uploads/chen-sea-resort-spa-phu-quoc-647430bfd28e2.jpg""]"
80c248dd5eb3,41ce114c56ae5158334ea28d,https://www.bestprice.vn/khach-san/chen-sea-resort-spa-phu-quoc-224.html,room_detail_1008_2_,Jacuzzi Villa,"[""150m 2"", ""2 người lớn, 2 trẻ em"", ""Hướng bãi biển"", ""1 giường lớn""]",150.0,2,2,1 giường lớn,Hướng bãi biển,True,1,"[""https://owa.bestprice.vn/images/hotels/uploads/chen-sea-resort-spa-phu-quoc-6474323ca477b.jpg"", ""https://owa.bestprice.vn/images/hotels/uploads/chen-sea-resort-spa-phu-quoc-6474323ca4842.jpg"", ""https://owa.bestprice.vn/images/hotels/uploads/chen-sea-resort-spa-phu-quoc-6474323ca48d8.jpg"", ""https://owa.bestprice.vn/images/hotels/uploads/chen-sea-resort-spa-phu-quoc-6474323ca496b.jpg""]"
80c248dd5eb3,41ce114c56ae5158334ea28d,https://www.bestprice.vn/khach-san/chen-sea-resort-spa-phu-quoc-224.html,room_detail_1009_4_,Two Bedrooms Pool Villa,"[""240m 2"", ""4 người lớn, 2 trẻ em"", ""Hướng hồ bơi"", ""1 Giường đôi & 2 Giường đơn""]",240.0,4,2,1 Giường đôi & 2 Giường đơn,Hướng hồ bơi,True,1,"[""https://owa.bestprice.vn/images/hotels/uploads/chen-sea-resort-spa-phu-quoc-64743c528ed6c.jpg"", ""https://owa.bestprice.vn/images/hotels/uploads/chen-sea-resort-spa-phu-quoc-64743c528ee12.jpg"", ""https://owa.bestprice.vn/images/hotels/uploads/chen-sea-resort-spa-phu-quoc-64743c528eea7.jpg"", ""https://owa.bestprice.vn/images/hotels/uploads/chen-sea-resort-spa-phu-quoc-64743c528ef3a.jpg""]"
80c248dd5eb3,430b4e4b5ea52ac790bbdd27,https://www.bestprice.vn/khach-san/vinpearl-discovery-sealink-nha-trang-1508.html,room_detail_14142_2_,Deluxe Room,"[""42m 2"", ""2 người lớn, 1 trẻ em"", ""Hướng vườn"", ""2 giường đơn / 1 giường đôi""]",42.0,2,1,2 giường đơn / 1 giường đôi,Hướng vườn,True,1,"[""https://owa.bestprice.vn/images/hotels/uploads/vinpearl-discovery-sealink-nha-trang-633664877a557.jpg"", ""https://owa.bestprice.vn/images/hotels/uploads/vinpearl-discovery-sealink-nha-trang-633664877a48c.jpg"", ""https://owa.bestprice.vn/images/hotels/uploads/vinpearl-discovery-sealink-nha-trang-6379d5ab243fd.jpg""]"
80c248dd5eb3,430b4e4b5ea52ac790bbdd27,https://www.bestprice.vn/khach-san/vinpearl-discovery-sealink-nha-trang-1508.html,room_detail_14143_2_,Deluxe Ocean View,"[""42m 2"", ""2 người lớn, 1 trẻ em"", ""Hướng biển"", ""2 giường đơn / 1 giường đôi""]",42.0,2,1,2 giường đơn / 1 giường đôi,Hướng biển,True,1,"[""https://owa.bestprice.vn/images/hotels/uploads/vinpearl-discovery-sealink-nha-trang-63366462792fc.jpg"", ""https://owa.bestprice.vn/images/hotels/uploads/vinpearl-discovery-sealink-nha-trang-6379d58d703b5.jpg"", ""https://owa.bestprice.vn/images/hotels/uploads/vinpearl-discovery-sealink-nha-trang-633664627924f.jpg""]"
80c248dd5eb3,430b4e4b5ea52ac790bbdd27,https://www.bestprice.vn/khach-san/vinpearl-discovery-sealink-nha-trang-1508.html,room_detail_14144_2_,Executive Suite Garden View,"[""84m 2"", ""2 người lớn, 1 trẻ em"", ""Hướng vườn"", ""1 giường đôi""]",84.0,2,1,1 giường đôi,Hướng vườn,True,1,"[""https://owa.bestprice.vn/images/hotels/uploads/vinpearl-discovery-sealink-nha-trang-63366c65b9815.jpg"", ""https://owa.bestprice.vn/images/hotels/uploads/vinpearl-discovery-sealink-nha-trang-63366c65b9768.jpg""]"
80c248dd5eb3,430b4e4b5ea52ac790bbdd27,https://www.bestprice.vn/khach-san/vinpearl-discovery-sealink-nha-trang-1508.html,room_detail_6908_8_,Excutive Suite Ocean View,"[""190m 2"", ""8 người lớn, 5 trẻ em"", ""Hướng biển"", ""3 giường đôi""]",190.0,8,5,3 giường đôi,Hướng biển,,,"[""https://owa.bestprice.vn/images/hotels/uploads/vinpearl-discovery-sealink-nha-trang-6336646278ea7.jpg"", ""https://owa.bestprice.vn/images/hotels/uploads/vinpearl-discovery-sealink-nha-trang-6336646278c35.jpg"", ""https://owa.bestprice.vn/images/hotels/uploads/vinpearl-discovery-sealink-nha-trang-6336646278cd1.jpg""]"
80c248dd5eb3,430b4e4b5ea52ac790bbdd27,https://www.bestprice.vn/khach-san/vinpearl-discovery-sealink-nha-trang-1508.html,room_detail_6904_4_,Villa 2-Bedroom Garden View,"[""190m 2"", ""4 người lớn, 4 trẻ em"", ""Hướng hồ bơi"", ""1 Giường đôi & 2 Giường đơn""]",190.0,4,4,1 Giường đôi & 2 Giường đơn,Hướng hồ bơi,,,"[""https://owa.bestprice.vn/images/hotels/uploads/vinpearl-discovery-sealink-nha-trang-633664627907b.jpg"", ""https://owa.bestprice.vn/images/hotels/uploads/vinpearl-discovery-sealink-nha-trang-6379d5d097f8a.jpg""]"
80c248dd5eb3,430b4e4b5ea52ac790bbdd27,https://www.bestprice.vn/khach-san/vinpearl-discovery-sealink-nha-trang-1508.html,room_detail_6905_6_,Villa 3-Bedroom Garden View,"[""190m 2"", ""6 người lớn, 5 trẻ em"", ""Hướng hồ bơi"", ""3 giường đôi""]",190.0,6,5,3 giường đôi,Hướng hồ bơi,,,"[""https://owa.bestprice.vn/images/hotels/uploads/vinpearl-discovery-sealink-nha-trang-6336646278e0a.jpg"", ""https://owa.bestprice.vn/images/hotels/uploads/vinpearl-discovery-sealink-nha-trang-6336646278f43.jpg""]"
80c248dd5eb3,430b4e4b5ea52ac790bbdd27,https://www.bestprice.vn/khach-san/vinpearl-discovery-sealink-nha-trang-1508.html,room_detail_6907_6_,Villa 3-Bedroom Ocean View,"[""190m 2"", ""6 người lớn, 5 trẻ em"", ""Hướng biển"", ""3 giường đôi""]",190.0,6,5,3 giường đôi,Hướng biển,,,"[""https://owa.bestprice.vn/images/hotels/uploads/vinpearl-discovery-sealink-nha-trang-6379d5d9a1331.jpg""]"
80c248dd5eb3,430b4e4b5ea52ac790bbdd27,https://www.bestprice.vn/khach-san/vinpearl-discovery-sealink-nha-trang-1508.html,room_detail_6906_8_,Villa 4-Bedroom Garden View,"[""190m 2"", ""8 người lớn, 5 trẻ em"", ""Hướng hồ bơi"", ""3 giường đôi""]",190.0,8,5,3 giường đôi,Hướng hồ bơi,,,"[""https://owa.bestprice.vn/images/hotels/uploads/vinpearl-discovery-sealink-nha-trang-6336646279117.jpg"", ""https://owa.bestprice.vn/images/hotels/uploads/vinpearl-discovery-sealink-nha-trang-6336646278d6d.jpg""]"
80c248dd5eb3,433acf8a884103a801618cc9,https://www.bestprice.vn/khach-san/melia-vinpearl-phu-quoc-1390.html,room_detail_18748_2_,Biệt thự 1 phòng ngủ hướng hồ,"[""220m 2"", ""2 người lớn, 2 trẻ em"", ""Hướng hồ"", ""1 giường đôi""]",220.0,2,2,1 giường đôi,Hướng hồ,,,"[""https://owa.bestprice.vn/images/hotels/uploads/melia-vinpearl-phu-quoc-64804d20001ee.jpg"", ""https://owa.bestprice.vn/images/hotels/uploads/melia-vinpearl-phu-quoc-64804d907e6f4.jpg""]"
80c248dd5eb3,433acf8a884103a801618cc9,https://www.bestprice.vn/khach-san/melia-vinpearl-phu-quoc-1390.html,room_detail_5988_4_,Biệt thự 2 phòng ngủ hướng hồ,"[""220m 2"", ""4 người lớn, 4 trẻ em"", ""Hướng hồ"", ""1 Giường đôi & 2 Giường đơn""]",220.0,4,4,1 Giường đôi & 2 Giường đơn,Hướng hồ,,,"[""https://owa.bestprice.vn/images/hotels/uploads/melia-vinpearl-phu-quoc-64804d200036d.jpg"", ""https://owa.bestprice.vn/images/hotels/uploads/melia-vinpearl-phu-quoc-64804d907e673.jpg""]"
80c248dd5eb3,433acf8a884103a801618cc9,https://www.bestprice.vn/khach-san/melia-vinpearl-phu-quoc-1390.html,room_detail_5993_6_,Biệt thự 3 phòng ngủ hướng vườn,"[""270m 2"", ""6 người lớn, 5 trẻ em"", ""Hướng vườn"", ""3 giường đôi""]",270.0,6,5,3 giường đôi,Hướng vườn,,,"[""https://owa.bestprice.vn/images/hotels/uploads/melia-vinpearl-phu-quoc-64804d907e2e9.jpg"", ""https://owa.bestprice.vn/images/hotels/uploads/melia-vinpearl-phu-quoc-64804d907e0dc.jpg"", ""https://owa.bestprice.vn/images/hotels/uploads/melia-vinpearl-phu-quoc-64804d907e4ef.jpg""]"
80c248dd5eb3,433acf8a884103a801618cc9,https://www.bestprice.vn/khach-san/melia-vinpearl-phu-quoc-1390.html,room_detail_18749_6_,Biệt thự 3 phòng ngủ hướng hồ,"[""270m 2"", ""6 người lớn, 5 trẻ em"", ""Hướng hồ"", ""3 giường đôi""]",270.0,6,5,3 giường đôi,Hướng hồ,,,"[""https://owa.bestprice.vn/images/hotels/uploads/melia-vinpearl-phu-quoc-64804d2000421.jpg"", ""https://owa.bestprice.vn/images/hotels/uploads/melia-vinpearl-phu-quoc-64804d907e570.jpg""]"
80c248dd5eb3,433acf8a884103a801618cc9,https://www.bestprice.vn/khach-san/melia-vinpearl-phu-quoc-1390.html,room_detail_5991_8_,Biệt thự 4 phòng ngủ hướng vườn,"[""330m 2"", ""8 người lớn, 5 trẻ em"", ""Hướng vườn"", ""3 giường đôi""]",330.0,8,5,3 giường đôi,Hướng vườn,,,"[""https://owa.bestprice.vn/images/hotels/uploads/melia-vinpearl-phu-quoc-64804d907e3ec.jpg"", ""https://owa.bestprice.vn/images/hotels/uploads/melia-vinpearl-phu-quoc-64804d35436bc.jpg""]"
80c248dd5eb3,433acf8a884103a801618cc9,https://www.bestprice.vn/khach-san/melia-vinpearl-phu-quoc-1390.html,room_detail_18750_8_,Biệt thự 4 phòng ngủ hướng hồ,"[""330m 2"", ""8 người lớn, 5 trẻ em"", ""Hướng hồ"", ""3 giường đôi""]",330.0,8,5,3 giường đôi,Hướng hồ,,,"[""https://owa.bestprice.vn/images/hotels/uploads/melia-vinpearl-phu-quoc-64804d907e1e2.jpg"", ""https://owa.bestprice.vn/images/hotels/uploads/melia-vinpearl-phu-quoc-64804d907e46e.jpg"", ""https://owa.bestprice.vn/images/hotels/uploads/melia-vinpearl-phu-quoc-64804d20002b6.jpg""]"
80c248dd5eb3,434903a6b4d33e49f3abda51,https://www.bestprice.vn/khach-san/da-nang-marriott-resort-spa-118.html,room_detail_538_2_,Deluxe Garden View,"[""54m 2"", ""2 người lớn, 2 trẻ em"", ""Hướng vườn"", ""2 giường đơn / 1 giường đôi""]",54.0,2,2,2 giường đơn / 1 giường đôi,Hướng vườn,True,1,"[""https://owa.bestprice.vn/images/hotels/uploads/marriott-resort-spa-da-nang-637da63304399.jpg"", ""https://owa.bestprice.vn/images/hotels/uploads/marriott-resort-spa-da-nang-637da633042f7.jpg"", ""https://owa.bestprice.vn/images/hotels/uploads/marriott-resort-spa-da-nang-637da6330442c.jpg""]"
80c248dd5eb3,434903a6b4d33e49f3abda51,https://www.bestprice.vn/khach-san/da-nang-marriott-resort-spa-118.html,room_detail_5761_2_,Deluxe Ocean View,"[""54m 2"", ""2 người lớn, 2 trẻ em"", ""Hướng biển"", ""2 giường đơn / 1 giường đôi""]",54.0,2,2,2 giường đơn / 1 giường đôi,Hướng biển,True,1,"[""https://owa.bestprice.vn/images/hotels/uploads/marriott-resort-spa-da-nang-637da657a5385.jpg"", ""https://owa.bestprice.vn/images/hotels/uploads/marriott-resort-spa-da-nang-637da657a52e1.jpg"", ""https://owa.bestprice.vn/images/hotels/uploads/marriott-resort-spa-da-nang-637da6784bda0.jpg""]"
80c248dd5eb3,434903a6b4d33e49f3abda51,https://www.bestprice.vn/khach-san/da-nang-marriott-resort-spa-118.html,room_detail_543_2_,Premier Suite Ocean View,"[""69m 2"", ""2 người lớn, 2 trẻ em"", ""Hướng vườn"", ""1 giường đôi""]",69.0,2,2,1 giường đôi,Hướng vườn,True,1,"[""https://owa.bestprice.vn/images/hotels/uploads/marriott-resort-spa-da-nang-637da6784bc7d.jpg"", ""https://owa.bestprice.vn/images/hotels/uploads/marriott-resort-spa-da-nang-637da6784bbd8.jpg"", ""https://owa.bestprice.vn/images/hotels/uploads/marriott-resort-spa-da-nang-637da6784bd0f.jpg""]"
80c248dd5eb3,434903a6b4d33e49f3abda51,https://www.bestprice.vn/khach-san/da-nang-marriott-resort-spa-118.html,room_detail_544_2_,Executive Suite Ocean View,"[""107m 2"", ""2 người lớn, 2 trẻ em"", ""Hướng vườn"", ""1 giường đôi""]",107.0,2,2,1 giường đôi,Hướng vườn,True,1,"[""https://owa.bestprice.vn/images/hotels/uploads/marriott-resort-spa-da-nang-637da6a20e730.jpg"", ""https://owa.bestprice.vn/images/hotels/uploads/marriott-resort-spa-da-nang-637da6a20e7d2.jpg""]"
80c248dd5eb3,434903a6b4d33e49f3abda51,https://www.bestprice.vn/khach-san/da-nang-marriott-resort-spa-118.html,room_detail_20407_1_,Presidential Suite,"[""70m 2"", ""1 người lớn, 2 trẻ em"", ""Hướng bãi biển"", ""1 giường lớn""]",70.0,1,2,1 giường lớn,Hướng bãi biển,,,"[""https://owa.bestprice.vn/images/hotels/uploads/da-nang-marriott-resort-spa-6662811641641.jpeg""]"
80c248dd5eb3,434903a6b4d33e49f3abda51,https://www.bestprice.vn/khach-san/da-nang-marriott-resort-spa-118.html,room_detail_20408_2_,Villa 2BR,"[""70m 2"", ""2 người lớn, 2 trẻ em"", ""Hướng vườn"", ""2 giường đơn""]",70.0,2,2,2 giường đơn,Hướng vườn,,,"[""https://owa.bestprice.vn/images/hotels/uploads/da-nang-marriott-resort-spa-6662819d7e2de.jpeg""]"
80c248dd5eb3,434903a6b4d33e49f3abda51,https://www.bestprice.vn/khach-san/da-nang-marriott-resort-spa-118.html,room_detail_5884_6_,3BR Villa Garden View,"[""575m 2"", ""6 người lớn, 3 trẻ em"", ""Hướng vườn"", ""2 giường đơn / 2 giường đôi""]",575.0,6,3,2 giường đơn / 2 giường đôi,Hướng vườn,,,"[""https://owa.bestprice.vn/images/hotels/uploads/marriott-resort-spa-da-nang-637da6dba0316.jpg"", ""https://owa.bestprice.vn/images/hotels/uploads/marriott-resort-spa-da-nang-637da6bbe504c.jpg"", ""https://owa.bestprice.vn/images/hotels/uploads/marriott-resort-spa-da-nang-637da76a8f172.jpg""]"
80c248dd5eb3,434903a6b4d33e49f3abda51,https://www.bestprice.vn/khach-san/da-nang-marriott-resort-spa-118.html,room_detail_5886_6_,3BR Villa Ocean View,"[""575m 2"", ""6 người lớn, 3 trẻ em"", ""Hướng biển"", ""2 giường đơn / 2 giường đôi""]",575.0,6,3,2 giường đơn / 2 giường đôi,Hướng biển,,,"[""https://owa.bestprice.vn/images/hotels/uploads/marriott-resort-spa-da-nang-637da6bbe4fba.jpg"", ""https://owa.bestprice.vn/images/hotels/uploads/marriott-resort-spa-da-nang-637da6dba026f.jpg""]"
80c248dd5eb3,434903a6b4d33e49f3abda51,https://www.bestprice.vn/khach-san/da-nang-marriott-resort-spa-118.html,room_detail_5885_8_,4BR Villa Garden View,"[""628m 2"", ""8 người lớn, 4 trẻ em"", ""Hướng vườn"", ""2 giường đơn / 3 giường đôi""]",628.0,8,4,2 giường đơn / 3 giường đôi,Hướng vườn,,,"[""https://owa.bestprice.vn/images/hotels/uploads/marriott-resort-spa-da-nang-637da6bbe4e84.jpg"", ""https://owa.bestprice.vn/images/hotels/uploads/marriott-resort-spa-da-nang-637da6dba03be.jpg"", ""https://owa.bestprice.vn/images/hotels/uploads/marriott-resort-spa-da-nang-637da76a8f205.jpg""]"
80c248dd5eb3,434903a6b4d33e49f3abda51,https://www.bestprice.vn/khach-san/da-nang-marriott-resort-spa-118.html,room_detail_5887_8_,4BR Villa Ocean View,"[""628m 2"", ""8 người lớn, 4 trẻ em"", ""Hướng biển"", ""2 giường đơn / 3 giường đôi""]",628.0,8,4,2 giường đơn / 3 giường đôi,Hướng biển,,,"[""https://owa.bestprice.vn/images/hotels/uploads/marriott-resort-spa-da-nang-637da76a8f0d0.jpg"", ""https://owa.bestprice.vn/images/hotels/uploads/marriott-resort-spa-da-nang-637da6dba0451.jpg"", ""https://owa.bestprice.vn/images/hotels/uploads/marriott-resort-spa-da-nang-637da6bbe4f26.jpg"", ""https://owa.bestprice.vn/images/hotels/uploads/marriott-resort-spa-da-nang-637da76a8f298.jpg""]"
80c248dd5eb3,437d218174892f34245669a3,https://www.bestprice.vn/khach-san/manoir-des-arts-1646.html,room_detail_18131_2_,Phòng Deluxe,"[""24m 2"", ""2 người lớn, 1 trẻ em"", ""Hướng vườn"", ""2 giường đơn / 1 giường đôi""]",24.0,2,1,2 giường đơn / 1 giường đôi,Hướng vườn,,,"[""https://owa.bestprice.vn/images/hotels/uploads/manoir-des-arts-hotel-hai-phong-62d96ed1a76fb.jpg"", ""https://owa.bestprice.vn/images/hotels/uploads/manoir-des-arts-hotel-hai-phong-62d96ed1a779d.jpg"", ""https://owa.bestprice.vn/images/hotels/uploads/manoir-des-arts-hotel-hai-phong-62d96ed1a7832.jpg"", ""https://owa.bestprice.vn/images/hotels/uploads/manoir-des-arts-hotel-hai-phong-62d96ed1a78c4.jpg""]"
80c248dd5eb3,437d218174892f34245669a3,https://www.bestprice.vn/khach-san/manoir-des-arts-1646.html,room_detail_18132_2_,Phòng Suite,"[""47m 2"", ""2 người lớn, 1 trẻ em"", ""Hướng thành phố"", ""2 giường đơn / 1 giường đôi""]",47.0,2,1,2 giường đơn / 1 giường đôi,Hướng thành phố,,,"[""https://owa.bestprice.vn/images/hotels/uploads/manoir-des-arts-hotel-hai-phong-62d9725d60f90.jpg"", ""https://owa.bestprice.vn/images/hotels/uploads/manoir-des-arts-hotel-hai-phong-62d9725d61043.jpg"", ""https://owa.bestprice.vn/images/hotels/uploads/manoir-des-arts-hotel-hai-phong-62d9725d610d9.jpg"", ""https://owa.bestprice.vn/images/hotels/uploads/manoir-des-arts-hotel-hai-phong-62d9725d6116c.jpg"", ""https://owa.bestprice.vn/images/hotels/uploads/manoir-des-arts-hotel-hai-phong-62d9725d611ff.jpg""]"
80c248dd5eb3,437d218174892f34245669a3,https://www.bestprice.vn/khach-san/manoir-des-arts-1646.html,room_detail_18133_4_,Phòng Premium Connecting,"[""47m 2"", ""4 người lớn, 1 trẻ em"", ""Hướng thành phố"", ""1 Giường đôi & 2 Giường đơn""]",47.0,4,1,1 Giường đôi & 2 Giường đơn,Hướng thành phố,,,"[""https://owa.bestprice.vn/images/hotels/uploads/manoir-des-arts-hotel-hai-phong-62d9725d6129e.jpg"", ""https://owa.bestprice.vn/images/hotels/uploads/manoir-des-arts-hotel-hai-phong-62d9725d61336.jpg"", ""https://owa.bestprice.vn/images/hotels/uploads/manoir-des-arts-hotel-hai-phong-62d9725d613c9.jpg""]"
80c248dd5eb3,46ea8e082f6dec1609ba20d9,https://www.bestprice.vn/khach-san/sunshine-hoi-an-344.html,room_detail_1529_2_,Phòng Superior,"[""35m 2"", ""2 người lớn, 1 trẻ em"", ""Hướng hồ bơi"", ""2 giường đơn / 1 giường đôi""]",35.0,2,1,2 giường đơn / 1 giường đôi,Hướng hồ bơi,,,"[""https://owa.bestprice.vn/images/hotels/uploads/khach-san-sunshine-hoi-an-534f8bebca2bb.jpg""]"
80c248dd5eb3,46ea8e082f6dec1609ba20d9,https://www.bestprice.vn/khach-san/sunshine-hoi-an-344.html,room_detail_1528_3_,Phòng Standard Family,"[""35m 2"", ""3 người lớn, 1 trẻ em"", ""Hướng vườn"", ""2 giường đơn / 1 giường đôi""]",35.0,3,1,2 giường đơn / 1 giường đôi,Hướng vườn,,,"[""https://owa.bestprice.vn/images/hotels/uploads/khach-san-sunshine-hoi-an-534f8bebcc2fb.jpg""]"
80c248dd5eb3,46ea8e082f6dec1609ba20d9,https://www.bestprice.vn/khach-san/sunshine-hoi-an-344.html,room_detail_1531_3_,Phòng Deluxe,"[""40m 2"", ""3 người lớn, 1 trẻ em"", ""Hướng vườn"", ""1 giường đôi""]",40.0,3,1,1 giường đôi,Hướng vườn,,,"[""https://owa.bestprice.vn/images/hotels/uploads/khach-san-sunshine-hoi-an-534f8bebcd287.jpg""]"
80c248dd5eb3,476ec13cc3822f4f395bf8d0,https://www.bestprice.vn/khach-san/paos-sapa-leisure-hotel-1396.html,room_detail_14146_2_,Phòng Classic,"[""30m 2"", ""2 người lớn, 2 trẻ em"", ""Hướng núi"", ""2 giường đơn / 1 giường đôi""]",30.0,2,2,2 giường đơn / 1 giường đôi,Hướng núi,True,1,"[""https://owa.bestprice.vn/images/hotels/uploads/paos-sapa-leisure-hotel-64265c599ec3b.jpg"", ""https://owa.bestprice.vn/images/hotels/uploads/paos-sapa-leisure-hotel-64265c599ebb9.jpg""]"
80c248dd5eb3,476ec13cc3822f4f395bf8d0,https://www.bestprice.vn/khach-san/paos-sapa-leisure-hotel-1396.html,room_detail_6038_2_,Phòng Deluxe Garden View,"[""30m 2"", ""2 người lớn, 2 trẻ em"", ""Hướng vườn"", ""2 giường đơn / 1 giường đôi""]",30.0,2,2,2 giường đơn / 1 giường đôi,Hướng vườn,True,1,"[""https://owa.bestprice.vn/images/hotels/uploads/paos-sapa-leisure-hotel-64265c599ecbd.jpg"", ""https://owa.bestprice.vn/images/hotels/uploads/paos-sapa-leisure-hotel-64265c599ed3e.jpg""]"
80c248dd5eb3,476ec13cc3822f4f395bf8d0,https://www.bestprice.vn/khach-san/paos-sapa-leisure-hotel-1396.html,room_detail_6522_2_,Phòng Deluxe Valley View,"[""30m 2"", ""2 người lớn, 2 trẻ em"", ""Hướng hồ"", ""2 giường đơn / 1 giường đôi""]",30.0,2,2,2 giường đơn / 1 giường đôi,Hướng hồ,True,1,"[""https://owa.bestprice.vn/images/hotels/uploads/paos-sapa-leisure-hotel-64265c599ee41.jpg"", ""https://owa.bestprice.vn/images/hotels/uploads/paos-sapa-leisure-hotel-64265c599edbf.jpg""]"
80c248dd5eb3,476ec13cc3822f4f395bf8d0,https://www.bestprice.vn/khach-san/paos-sapa-leisure-hotel-1396.html,room_detail_6523_2_,Phòng Super Deluxe,"[""30m 2"", ""2 người lớn, 2 trẻ em"", ""Hướng hồ"", ""2 giường đơn / 1 giường đôi""]",30.0,2,2,2 giường đơn / 1 giường đôi,Hướng hồ,True,1,"[""https://owa.bestprice.vn/images/hotels/uploads/paos-sapa-leisure-hotel-64265c599ef44.jpg"", ""https://owa.bestprice.vn/images/hotels/uploads/paos-sapa-leisure-hotel-64265c599eec3.jpg""]"
80c248dd5eb3,476ec13cc3822f4f395bf8d0,https://www.bestprice.vn/khach-san/paos-sapa-leisure-hotel-1396.html,room_detail_6040_2_,Phòng Premium Deluxe,"[""45m 2"", ""2 người lớn, 2 trẻ em"", ""Hướng hồ"", ""2 giường đơn / 1 giường đôi""]",45.0,2,2,2 giường đơn / 1 giường đôi,Hướng hồ,True,1,"[""https://owa.bestprice.vn/images/hotels/uploads/paos-sapa-leisure-hotel-64265c599efc5.jpg"", ""https://owa.bestprice.vn/images/hotels/uploads/paos-sapa-leisure-hotel-64265c599f046.jpg""]"
80c248dd5eb3,476ec13cc3822f4f395bf8d0,https://www.bestprice.vn/khach-san/paos-sapa-leisure-hotel-1396.html,room_detail_9299_2_,Phòng H'mong Suite,"[""64m 2"", ""2 người lớn, 2 trẻ em"", ""Hướng hồ"", ""1 giường đôi""]",64.0,2,2,1 giường đôi,Hướng hồ,True,1,"[""https://owa.bestprice.vn/images/hotels/uploads/paos-sapa-leisure-hotel-64265c599f0c7.jpg"", ""https://owa.bestprice.vn/images/hotels/uploads/paos-sapa-leisure-hotel-64265c599f148.jpg"", ""https://owa.bestprice.vn/images/hotels/uploads/paos-sapa-leisure-hotel-64265c599f1c9.jpg""]"
80c248dd5eb3,476ec13cc3822f4f395bf8d0,https://www.bestprice.vn/khach-san/paos-sapa-leisure-hotel-1396.html,room_detail_9301_2_,Phòng Red Dao Suite,"[""84m 2"", ""2 người lớn, 2 trẻ em"", ""Hướng hồ"", ""1 giường đôi""]",84.0,2,2,1 giường đôi,Hướng hồ,True,1,"[""https://owa.bestprice.vn/images/hotels/uploads/paos-sapa-leisure-hotel-64265c599f24a.jpg"", ""https://owa.bestprice.vn/images/hotels/uploads/paos-sapa-leisure-hotel-64265c599f2ce.jpg"", ""https://owa.bestprice.vn/images/hotels/uploads/paos-sapa-leisure-hotel-64265c599f34f.jpg""]"
80c248dd5eb3,47845160fa1a1f115c952c02,https://www.bestprice.vn/khach-san/muong-thanh-luxury-phu-quoc-1410.html,room_detail_6118_2_,Deluxe King/Twin,"[""37m 2"", ""2 người lớn, 2 trẻ em"", ""Hướng bãi biển"", ""2 giường đơn / 1 giường đôi""]",37.0,2,2,2 giường đơn / 1 giường đôi,Hướng bãi biển,True,1,"[""https://owa.bestprice.vn/images/hotels/uploads/muong-thanh-luxury-phu-quoc-64703cadce8c2.jpg"", ""https://owa.bestprice.vn/images/hotels/uploads/muong-thanh-luxury-phu-quoc-64703cadce831.jpg""]"
80c248dd5eb3,47845160fa1a1f115c952c02,https://www.bestprice.vn/khach-san/muong-thanh-luxury-phu-quoc-1410.html,room_detail_6119_3_,Deluxe Triple,"[""40m 2"", ""3 người lớn, 2 trẻ em"", ""Hướng núi"", ""3 giường đơn""]",40.0,3,2,3 giường đơn,Hướng núi,True,1,"[""https://owa.bestprice.vn/images/hotels/uploads/muong-thanh-luxury-phu-quoc-647054bf6395a.jpg"", ""https://owa.bestprice.vn/images/hotels/uploads/muong-thanh-luxury-phu-quoc-6470560052b46.jpg""]"
80c248dd5eb3,47845160fa1a1f115c952c02,https://www.bestprice.vn/khach-san/muong-thanh-luxury-phu-quoc-1410.html,room_detail_6120_2_,Executive Suite,"[""77m 2"", ""2 người lớn, 2 trẻ em"", ""Hướng bãi biển"", ""1 giường lớn""]",77.0,2,2,1 giường lớn,Hướng bãi biển,True,1,"[""https://owa.bestprice.vn/images/hotels/uploads/muong-thanh-luxury-phu-quoc-6470560052f68.jpg"", ""https://owa.bestprice.vn/images/hotels/uploads/muong-thanh-luxury-phu-quoc-647056005302a.jpg""]"
80c248dd5eb3,47845160fa1a1f115c952c02,https://www.bestprice.vn/khach-san/muong-thanh-luxury-phu-quoc-1410.html,room_detail_6455_2_,Presidential Suite,"[""600m 2"", ""2 người lớn, 2 trẻ em"", ""Hướng bãi biển"", ""1 Giường đôi & 2 Giường đơn""]",600.0,2,2,1 Giường đôi & 2 Giường đơn,Hướng bãi biển,,,"[""https://owa.bestprice.vn/images/hotels/uploads/muong-thanh-luxury-phu-quoc-6470573795fd7.jpg"", ""https://owa.bestprice.vn/images/hotels/uploads/muong-thanh-luxury-phu-quoc-6470573796074.jpg""]"
80c248dd5eb3,48fe23f5fcaca7148ecb596c,https://www.bestprice.vn/khach-san/saphir-da-lat-243.html,room_detail_1077_2_,Standard City View,"[""16m 2"", ""2 người lớn, 2 trẻ em"", ""Hướng thành phố"", ""1 giường đôi""]",16.0,2,2,1 giường đôi,Hướng thành phố,,,"[""https://owa.bestprice.vn/images/hotels/uploads/khach-san-saphir-da-lat-5f51ac9a6bf14.jpg""]"
80c248dd5eb3,48fe23f5fcaca7148ecb596c,https://www.bestprice.vn/khach-san/saphir-da-lat-243.html,room_detail_7775_2_,Standard Corner,"[""20m 2"", ""2 người lớn, 2 trẻ em"", ""Hướng thành phố"", ""1 giường đôi""]",20.0,2,2,1 giường đôi,Hướng thành phố,True,1,"[""https://owa.bestprice.vn/images/hotels/uploads/khach-san-saphir-da-lat-5f51abce58eee.jpg""]"
80c248dd5eb3,48fe23f5fcaca7148ecb596c,https://www.bestprice.vn/khach-san/saphir-da-lat-243.html,room_detail_1078_2_,Superior Double,"[""25m 2"", ""2 người lớn, 2 trẻ em"", ""Hướng thành phố"", ""1 giường đôi""]",25.0,2,2,1 giường đôi,Hướng thành phố,True,1,"[""https://owa.bestprice.vn/images/hotels/uploads/khach-san-saphir-da-lat-5f51ac218e71d.jpg""]"
80c248dd5eb3,48fe23f5fcaca7148ecb596c,https://www.bestprice.vn/khach-san/saphir-da-lat-243.html,room_detail_7776_2_,Superior Twin,"[""25m 2"", ""2 người lớn, 2 trẻ em"", ""Hướng thành phố"", ""2 giường đơn""]",25.0,2,2,2 giường đơn,Hướng thành phố,True,1,"[""https://owa.bestprice.vn/images/hotels/uploads/khach-san-saphir-da-lat-5dbbec8336a79.jpg""]"
80c248dd5eb3,48fe23f5fcaca7148ecb596c,https://www.bestprice.vn/khach-san/saphir-da-lat-243.html,room_detail_1079_2_,Deluxe Double,"[""26m 2"", ""2 người lớn, 2 trẻ em"", ""Hướng thành phố"", ""1 giường đôi""]",26.0,2,2,1 giường đôi,Hướng thành phố,True,1,"[""https://owa.bestprice.vn/images/hotels/uploads/khach-san-saphir-da-lat-5f51ad3db9ab5.jpg""]"
80c248dd5eb3,48fe23f5fcaca7148ecb596c,https://www.bestprice.vn/khach-san/saphir-da-lat-243.html,room_detail_7777_2_,Deluxe Twin,"[""28m 2"", ""2 người lớn, 2 trẻ em"", ""Hướng thành phố"", ""2 giường đơn""]",28.0,2,2,2 giường đơn,Hướng thành phố,True,1,"[""https://owa.bestprice.vn/images/hotels/uploads/khach-san-saphir-da-lat-5f51ab91125fc.jpg""]"
80c248dd5eb3,48fe23f5fcaca7148ecb596c,https://www.bestprice.vn/khach-san/saphir-da-lat-243.html,room_detail_7778_2_,Grand Deluxe,"[""30m 2"", ""2 người lớn, 2 trẻ em"", ""Hướng thành phố"", ""1 giường lớn""]",30.0,2,2,1 giường lớn,Hướng thành phố,True,1,"[""https://owa.bestprice.vn/images/hotels/uploads/khach-san-saphir-da-lat-5f51ab9112682.jpg""]"
80c248dd5eb3,49abf0b70ae864ebc8129269,https://www.bestprice.vn/khach-san/vinpearl-resort-spa-hoi-an-1386.html,room_detail_5965_2_,Deluxe,"[""40m 2"", ""2 người lớn, 2 trẻ em"", ""Hướng vườn"", ""2 giường đơn / 1 giường đôi""]",40.0,2,2,2 giường đơn / 1 giường đôi,Hướng vườn,True,1,"[""https://owa.bestprice.vn/images/hotels/uploads/vinpearl-resort-spa-hoi-an-6347ddd233bec.jpg"", ""https://owa.bestprice.vn/images/hotels/uploads/vinpearl-resort-spa-hoi-an-6347de2145d89.jpg"", ""https://owa.bestprice.vn/images/hotels/uploads/vinpearl-resort-spa-hoi-an-6347de21457e1.jpg""]"
80c248dd5eb3,49abf0b70ae864ebc8129269,https://www.bestprice.vn/khach-san/vinpearl-resort-spa-hoi-an-1386.html,room_detail_6719_2_,Deluxe Ocean View,"[""40m 2"", ""2 người lớn, 2 trẻ em"", ""Hướng biển"", ""2 giường đơn / 1 giường đôi""]",40.0,2,2,2 giường đơn / 1 giường đôi,Hướng biển,True,1,"[""https://owa.bestprice.vn/images/hotels/uploads/vinpearl-resort-spa-hoi-an-6347ddd233788.jpg"", ""https://owa.bestprice.vn/images/hotels/uploads/vinpearl-resort-spa-hoi-an-6347ddd233c79.jpg"", ""https://owa.bestprice.vn/images/hotels/uploads/vinpearl-resort-spa-hoi-an-6347de2145be3.jpg"", ""https://owa.bestprice.vn/images/hotels/uploads/vinpearl-resort-spa-hoi-an-6347ddd2331f5.jpg""]"
80c248dd5eb3,49abf0b70ae864ebc8129269,https://www.bestprice.vn/khach-san/vinpearl-resort-spa-hoi-an-1386.html,room_detail_20172_2_,Presidential Suite,"[""80m 2"", ""2 người lớn, 2 trẻ em"", ""Hướng biển"", ""1 giường lớn""]",80.0,2,2,1 giường lớn,Hướng biển,True,1,"[""https://owa.bestprice.vn/images/hotels/uploads/renaissance-hoi-an-resort-spa-65377c54ef3e5.jpg"", ""https://owa.bestprice.vn/images/hotels/uploads/renaissance-hoi-an-resort-spa-65377c54ef48d.jpg"", ""https://owa.bestprice.vn/images/hotels/uploads/renaissance-hoi-an-resort-spa-65377c54ef522.jpg""]"
80c248dd5eb3,49abf0b70ae864ebc8129269,https://www.bestprice.vn/khach-san/vinpearl-resort-spa-hoi-an-1386.html,room_detail_5968_6_,Villa 3-Bedroom Ocean View,"[""382m 2"", ""6 người lớn, 3 trẻ em"", ""Hướng biển"", ""3 giường đôi""]",382.0,6,3,3 giường đôi,Hướng biển,,,"[""https://owa.bestprice.vn/images/hotels/uploads/vinpearl-resort-spa-hoi-an-6347de214590f.jpg"", ""https://owa.bestprice.vn/images/hotels/uploads/vinpearl-resort-spa-hoi-an-6347ddd2335e3.jpg"", ""https://owa.bestprice.vn/images/hotels/uploads/vinpearl-resort-spa-hoi-an-6347ddd233a46.jpg"", ""https://owa.bestprice.vn/images/hotels/uploads/vinpearl-resort-spa-hoi-an-6347de2145c70.jpg"", ""https://owa.bestprice.vn/images/hotels/uploads/vinpearl-resort-spa-hoi-an-6347ddd233294.jpg"", ""https://owa.bestprice.vn/images/hotels/uploads/vinpearl-resort-spa-hoi-an-6347de2145eb2.jpg""]"
80c248dd5eb3,49abf0b70ae864ebc8129269,https://www.bestprice.vn/khach-san/vinpearl-resort-spa-hoi-an-1386.html,room_detail_5969_8_,Villa 4-Bedroom Ocean View,"[""423m 2"", ""8 người lớn, 4 trẻ em"", ""Hướng biển"", ""3 giường đôi""]",423.0,8,4,3 giường đôi,Hướng biển,,,"[""https://owa.bestprice.vn/images/hotels/uploads/vinpearl-resort-spa-hoi-an-6347de21459ac.jpg"", ""https://owa.bestprice.vn/images/hotels/uploads/vinpearl-resort-spa-hoi-an-6347de2145a3b.jpg"", ""https://owa.bestprice.vn/images/hotels/uploads/vinpearl-resort-spa-hoi-an-6347de2145fcc.jpg"", ""https://owa.bestprice.vn/images/hotels/uploads/vinpearl-resort-spa-hoi-an-6347ddd2333b0.jpg"", ""https://owa.bestprice.vn/images/hotels/uploads/vinpearl-resort-spa-hoi-an-6347de2145ac9.jpg""]"
80c248dd5eb3,49abf0b70ae864ebc8129269,https://www.bestprice.vn/khach-san/vinpearl-resort-spa-hoi-an-1386.html,room_detail_5970_10_,Villa 5-Bedroom Ocean View,"[""468m 2"", ""10 người lớn, 5 trẻ em"", ""Hướng biển"", ""3 giường đôi""]",468.0,10,5,3 giường đôi,Hướng biển,,,"[""https://owa.bestprice.vn/images/hotels/uploads/vinpearl-resort-spa-hoi-an-6347de2146059.jpg"", ""https://owa.bestprice.vn/images/hotels/uploads/vinpearl-resort-spa-hoi-an-6347ddd2336fc.jpg"", ""https://owa.bestprice.vn/images/hotels/uploads/vinpearl-resort-spa-hoi-an-6347ddd233b5f.jpg"", ""https://owa.bestprice.vn/images/hotels/uploads/vinpearl-resort-spa-hoi-an-6347de2145b55.jpg""]"
80c248dd5eb3,4c0c9016aef530f447c64f80,https://www.bestprice.vn/khach-san/binh-chau-hot-spring-resort-1939.html,room_detail_9367_2_,Executive Garden Deluxe,"[""35m 2"", ""2 người lớn, 2 trẻ em"", ""Hướng vườn"", ""2 giường đơn / 1 giường đôi""]",35.0,2,2,2 giường đơn / 1 giường đôi,Hướng vườn,True,1,"[""https://owa.bestprice.vn/images/hotels/uploads/minera-hot-springs-binh-chau-resort-640ae367a4a42.jpg"", ""https://owa.bestprice.vn/images/hotels/uploads/minera-hot-springs-binh-chau-resort-640ae367a4975.jpg""]"
80c248dd5eb3,4c0c9016aef530f447c64f80,https://www.bestprice.vn/khach-san/binh-chau-hot-spring-resort-1939.html,room_detail_9369_2_,Premium Garden Deluxe,"[""35m 2"", ""2 người lớn, 2 trẻ em"", ""Hướng vườn"", ""2 giường đơn / 1 giường đôi""]",35.0,2,2,2 giường đơn / 1 giường đôi,Hướng vườn,True,1,"[""https://owa.bestprice.vn/images/hotels/uploads/minera-hot-springs-binh-chau-resort-640ae367a4bb9.jpg"", ""https://owa.bestprice.vn/images/hotels/uploads/minera-hot-springs-binh-chau-resort-642a363d000ab.jpg""]"
80c248dd5eb3,4c0c9016aef530f447c64f80,https://www.bestprice.vn/khach-san/binh-chau-hot-spring-resort-1939.html,room_detail_9371_2_,Premium Wooden Deluxe,"[""40m 2"", ""2 người lớn, 2 trẻ em"", ""Hướng vườn"", ""2 giường đơn / 1 giường đôi""]",40.0,2,2,2 giường đơn / 1 giường đôi,Hướng vườn,True,1,"[""https://owa.bestprice.vn/images/hotels/uploads/minera-hot-springs-binh-chau-resort-640ae367a4de7.jpg"", ""https://owa.bestprice.vn/images/hotels/uploads/minera-hot-springs-binh-chau-resort-640ae367a4d2a.jpg""]"
80c248dd5eb3,4c0c9016aef530f447c64f80,https://www.bestprice.vn/khach-san/binh-chau-hot-spring-resort-1939.html,room_detail_9375_4_,Family Room - 4 pax,"[""50m 2"", ""4 người lớn, 2 trẻ em"", ""Hướng vườn"", ""2 giường đôi""]",50.0,4,2,2 giường đôi,Hướng vườn,True,1,"[""https://owa.bestprice.vn/images/hotels/uploads/minera-hot-springs-binh-chau-resort-640ae367a4f5b.jpg"", ""https://owa.bestprice.vn/images/hotels/uploads/minera-hot-springs-binh-chau-resort-640ae367a4e9e.jpg""]"
80c248dd5eb3,4c0c9016aef530f447c64f80,https://www.bestprice.vn/khach-san/binh-chau-hot-spring-resort-1939.html,room_detail_9373_4_,Premium Suite - 2 bedrooms,"[""50m 2"", ""4 người lớn, 2 trẻ em"", ""Hướng vườn"", ""2 giường đôi""]",50.0,4,2,2 giường đôi,Hướng vườn,True,1,"[""https://owa.bestprice.vn/images/hotels/uploads/minera-hot-springs-binh-chau-resort-640ae367a501b.jpg"", ""https://owa.bestprice.vn/images/hotels/uploads/minera-hot-springs-binh-chau-resort-640ae367a50dc.jpg""]"
80c248dd5eb3,4c0c9016aef530f447c64f80,https://www.bestprice.vn/khach-san/binh-chau-hot-spring-resort-1939.html,room_detail_9377_2_,Aqua Villa - 1 bedroom,"[""240m 2"", ""2 người lớn, 2 trẻ em"", ""Hướng hồ bơi"", ""1 giường đôi""]",240.0,2,2,1 giường đôi,Hướng hồ bơi,True,1,"[""https://owa.bestprice.vn/images/hotels/uploads/minera-hot-springs-binh-chau-resort-640ae367a51a5.jpg"", ""https://owa.bestprice.vn/images/hotels/uploads/minera-hot-springs-binh-chau-resort-640ae367a527a.jpg""]"
80c248dd5eb3,4c0c9016aef530f447c64f80,https://www.bestprice.vn/khach-san/binh-chau-hot-spring-resort-1939.html,room_detail_14206_6_,Family Room - 6 pax,"[""50m 2"", ""6 người lớn, 3 trẻ em"", ""Hướng vườn"", ""3 giường đôi""]",50.0,6,3,3 giường đôi,Hướng vườn,True,1,"[""https://owa.bestprice.vn/images/hotels/uploads/minera-hot-springs-binh-chau-resort-640ae367a5330.jpg"", ""https://owa.bestprice.vn/images/hotels/uploads/minera-hot-springs-binh-chau-resort-640ae367a53ea.jpg""]"
80c248dd5eb3,4c0c9016aef530f447c64f80,https://www.bestprice.vn/khach-san/binh-chau-hot-spring-resort-1939.html,room_detail_9379_4_,Grand Villa - 2 bedrooms,"[""420m 2"", ""4 người lớn, 2 trẻ em"", ""Hướng hồ bơi"", ""2 giường đôi""]",420.0,4,2,2 giường đôi,Hướng hồ bơi,True,1,"[""https://owa.bestprice.vn/images/hotels/uploads/minera-hot-springs-binh-chau-resort-640ae367a54a4.jpg"", ""https://owa.bestprice.vn/images/hotels/uploads/minera-hot-springs-binh-chau-resort-640ae367a5562.jpg"", ""https://owa.bestprice.vn/images/hotels/uploads/minera-hot-springs-binh-chau-resort-640ae367a5622.jpg""]"
80c248dd5eb3,4d224bc14754f5eb596e0b99,https://www.bestprice.vn/khach-san/anya-hotel-quy-nhon-1634.html,room_detail_7686_2_,Phòng Deluxe,"[""30m 2"", ""2 người lớn, 1 trẻ em"", ""Hướng thành phố"", ""2 giường đơn / 1 giường đôi""]",30.0,2,1,2 giường đơn / 1 giường đôi,Hướng thành phố,True,1,"[""https://owa.bestprice.vn/images/hotels/uploads/anya-hotel-quy-nhon-646b3ab4ecf95.jpg"", ""https://owa.bestprice.vn/images/hotels/uploads/anya-hotel-quy-nhon-646b3ab4ecd3b.jpg""]"
80c248dd5eb3,4d224bc14754f5eb596e0b99,https://www.bestprice.vn/khach-san/anya-hotel-quy-nhon-1634.html,room_detail_7685_2_,Phòng Deluxe Plus,"[""30m 2"", ""2 người lớn, 1 trẻ em"", ""Hướng thành phố"", ""2 giường đơn / 1 giường đôi""]",30.0,2,1,2 giường đơn / 1 giường đôi,Hướng thành phố,True,1,"[""https://owa.bestprice.vn/images/hotels/uploads/anya-hotel-quy-nhon-646b3ab4ecdb2.jpg"", ""https://owa.bestprice.vn/images/hotels/uploads/anya-hotel-quy-nhon-646b3ab4ecea1.jpg""]"
80c248dd5eb3,4d224bc14754f5eb596e0b99,https://www.bestprice.vn/khach-san/anya-hotel-quy-nhon-1634.html,room_detail_7687_2_,Phòng Deluxe Pool Terrace,"[""38m 2"", ""2 người lớn, 1 trẻ em"", ""Hướng biển"", ""2 giường đơn / 1 giường đôi""]",38.0,2,1,2 giường đơn / 1 giường đôi,Hướng biển,True,1,"[""https://owa.bestprice.vn/images/hotels/uploads/anya-hotel-quy-nhon-646b3ad1a5126.jpg"", ""https://owa.bestprice.vn/images/hotels/uploads/anya-hotel-quy-nhon-646b3ab4ecf1c.jpg"", ""https://owa.bestprice.vn/images/hotels/uploads/anya-hotel-quy-nhon-646b3ab4ec870.jpg""]"
80c248dd5eb3,4d224bc14754f5eb596e0b99,https://www.bestprice.vn/khach-san/anya-hotel-quy-nhon-1634.html,room_detail_7688_2_,Phòng Deluxe Executive,"[""50m 2"", ""2 người lớn, 1 trẻ em"", ""Hướng thành phố"", ""2 giường đơn / 1 giường đôi""]",50.0,2,1,2 giường đơn / 1 giường đôi,Hướng thành phố,True,1,"[""https://owa.bestprice.vn/images/hotels/uploads/anya-hotel-quy-nhon-646b3ab4ece2a.jpg"", ""https://owa.bestprice.vn/images/hotels/uploads/anya-hotel-quy-nhon-646b3ad1a5496.jpg""]"
80c248dd5eb3,4d224bc14754f5eb596e0b99,https://www.bestprice.vn/khach-san/anya-hotel-quy-nhon-1634.html,room_detail_7689_2_,Phòng Suite,"[""50m 2"", ""2 người lớn, 1 trẻ em"", ""Hướng bãi biển"", ""1 giường đôi""]",50.0,2,1,1 giường đôi,Hướng bãi biển,True,1,"[""https://owa.bestprice.vn/images/hotels/uploads/anya-hotel-quy-nhon-646b3ad1a5266.jpg"", ""https://owa.bestprice.vn/images/hotels/uploads/anya-hotel-quy-nhon-646b3ad1a52ef.jpg"", ""https://owa.bestprice.vn/images/hotels/uploads/anya-hotel-quy-nhon-646b3ab4ec8f8.jpg""]"
80c248dd5eb3,4df720b17de6021e3f2cb203,https://www.bestprice.vn/khach-san/lu-na-diamond-riverside-hoi-an-162.html,room_detail_753_2_,Deluxe Garden,"[""32m 2"", ""2 người lớn, 1 trẻ em"", ""Hướng vườn"", ""2 giường đơn / 1 giường đôi""]",32.0,2,1,2 giường đơn / 1 giường đôi,Hướng vườn,True,1,"[""https://owa.bestprice.vn/images/hotels/uploads/khach-san-indochine-53339a2ede1f5.jpg""]"
80c248dd5eb3,4df720b17de6021e3f2cb203,https://www.bestprice.vn/khach-san/lu-na-diamond-riverside-hoi-an-162.html,room_detail_754_2_,Deluxe River,"[""32m 2"", ""2 người lớn, 1 trẻ em"", ""Hướng sông"", ""2 giường đơn / 1 giường đôi""]",32.0,2,1,2 giường đơn / 1 giường đôi,Hướng sông,True,1,"[""https://owa.bestprice.vn/images/hotels/uploads/khach-san-indochine-53339a2ede5c7.jpg""]"
80c248dd5eb3,4df720b17de6021e3f2cb203,https://www.bestprice.vn/khach-san/lu-na-diamond-riverside-hoi-an-162.html,room_detail_755_2_,Suite River,"[""45m 2"", ""2 người lớn, 1 trẻ em"", ""Hướng sông"", ""1 giường đôi""]",45.0,2,1,1 giường đôi,Hướng sông,True,1,"[""https://owa.bestprice.vn/images/hotels/uploads/khach-san-indochine-53339a2ee188f.jpg""]"
80c248dd5eb3,4df720b17de6021e3f2cb203,https://www.bestprice.vn/khach-san/lu-na-diamond-riverside-hoi-an-162.html,room_detail_5754_2_,Superior,"[""32m 2"", ""2 người lớn, 1 trẻ em"", ""2 giường đơn / 1 giường đôi""]",32.0,2,1,2 giường đơn / 1 giường đôi,,True,1,"[""https://owa.bestprice.vn/images/hotels/uploads/khach-san-indochine-hoi-an-5e709264f181c.jpg""]"
80c248dd5eb3,4df720b17de6021e3f2cb203,https://www.bestprice.vn/khach-san/lu-na-diamond-riverside-hoi-an-162.html,room_detail_5755_2_,Deluxe Pool,"[""0m 2"", ""2 người lớn, 1 trẻ em"", ""Hướng hồ bơi"", ""2 giường đơn / 1 giường đôi""]",0.0,2,1,2 giường đơn / 1 giường đôi,Hướng hồ bơi,True,1,"[""https://owa.bestprice.vn/images/hotels/uploads/khach-san-indochine-hoi-an-53b11a076689b.jpg""]"
80c248dd5eb3,523e54297e4481eb3be959a7,https://www.bestprice.vn/khach-san/luu-ngai-condotel-quy-nhon-2335.html,room_detail_12317_2_,Phòng Superior Double,"[""27m 2"", ""2 người lớn, 2 trẻ em"", ""2 giường đơn / 1 giường đôi""]",27.0,2,2,2 giường đơn / 1 giường đôi,,True,1,"[""https://owa.bestprice.vn/images/hotels/uploads/luu-ngai-condotel-quy-nhon-647d49ca68064.jpg"", ""https://owa.bestprice.vn/images/hotels/uploads/luu-ngai-condotel-quy-nhon-647d4aeeba5e0.jpg""]"
80c248dd5eb3,523e54297e4481eb3be959a7,https://www.bestprice.vn/khach-san/luu-ngai-condotel-quy-nhon-2335.html,room_detail_19692_2_,Superior Twin Room,"[""27m 2"", ""2 người lớn, 2 trẻ em"", ""2 giường đơn""]",27.0,2,2,2 giường đơn,,True,1,"[""https://owa.bestprice.vn/images/hotels/uploads/luu-ngai-condotel-quy-nhon-647d4aeeba705.jpg"", ""https://owa.bestprice.vn/images/hotels/uploads/luu-ngai-condotel-quy-nhon-647d4aeeba67a.jpg""]"
80c248dd5eb3,523e54297e4481eb3be959a7,https://www.bestprice.vn/khach-san/luu-ngai-condotel-quy-nhon-2335.html,room_detail_12313_2_,Phòng Junior Suite,"[""42m 2"", ""2 người lớn, 2 trẻ em"", ""2 giường đơn / 1 giường đôi""]",42.0,2,2,2 giường đơn / 1 giường đôi,,True,1,"[""https://owa.bestprice.vn/images/hotels/uploads/luu-ngai-condotel-quy-nhon-647d49ca680fc.jpg"", ""https://owa.bestprice.vn/images/hotels/uploads/luu-ngai-condotel-quy-nhon-647d4aeeba78e.jpg""]"
80c248dd5eb3,523e54297e4481eb3be959a7,https://www.bestprice.vn/khach-san/luu-ngai-condotel-quy-nhon-2335.html,room_detail_12307_2_,Phòng Deluxe Double/Twin,"[""40m 2"", ""2 người lớn, 2 trẻ em"", ""2 giường đơn / 1 giường đôi""]",40.0,2,2,2 giường đơn / 1 giường đôi,,True,1,"[""https://owa.bestprice.vn/images/hotels/uploads/luu-ngai-condotel-quy-nhon-647d480bb2372.jpg"", ""https://owa.bestprice.vn/images/hotels/uploads/luu-ngai-condotel-quy-nhon-647d480bb23fc.jpg"", ""https://owa.bestprice.vn/images/hotels/uploads/luu-ngai-condotel-quy-nhon-647d480bb2484.jpg""]"
80c248dd5eb3,523e54297e4481eb3be959a7,https://www.bestprice.vn/khach-san/luu-ngai-condotel-quy-nhon-2335.html,room_detail_12309_3_,Phòng Deluxe Triple,"[""40m 2"", ""3 người lớn, 2 trẻ em"", ""2 giường đơn / 1 giường đôi""]",40.0,3,2,2 giường đơn / 1 giường đôi,,True,1,"[""https://owa.bestprice.vn/images/hotels/uploads/luu-ngai-condotel-quy-nhon-647d481a72c20.jpg"", ""https://owa.bestprice.vn/images/hotels/uploads/luu-ngai-condotel-quy-nhon-647d481a72cb9.jpg"", ""https://owa.bestprice.vn/images/hotels/uploads/luu-ngai-condotel-quy-nhon-647d481a72d43.jpg""]"
80c248dd5eb3,523e54297e4481eb3be959a7,https://www.bestprice.vn/khach-san/luu-ngai-condotel-quy-nhon-2335.html,room_detail_12311_3_,Phòng Family,"[""40m 2"", ""3 người lớn, 2 trẻ em"", ""2 giường đơn / 1 giường đôi""]",40.0,3,2,2 giường đơn / 1 giường đôi,,True,1,"[""https://owa.bestprice.vn/images/hotels/uploads/luu-ngai-condotel-quy-nhon-647d49ca6820f.jpg"", ""https://owa.bestprice.vn/images/hotels/uploads/luu-ngai-condotel-quy-nhon-647d49ca68186.jpg"", ""https://owa.bestprice.vn/images/hotels/uploads/luu-ngai-condotel-quy-nhon-647d480bb22da.jpg""]"
80c248dd5eb3,57c084c35383ceed3c1af9b1,https://www.bestprice.vn/khach-san/citadines-marina-halong-2746.html,room_detail_14339_2_,Deluxe Twin/Executive Room,"[""25m 2"", ""2 người lớn"", ""Hướng vườn"", ""2 giường đơn / 1 giường đôi""]",25.0,2,,2 giường đơn / 1 giường đôi,Hướng vườn,,,"[""https://owa.bestprice.vn/images/hotels/uploads/citadines-marina-halong-hotel-6465f27b2fe3d.jpg"", ""https://owa.bestprice.vn/images/hotels/uploads/citadines-marina-halong-hotel-6465f27b302c0.jpg""]"
80c248dd5eb3,57c084c35383ceed3c1af9b1,https://www.bestprice.vn/khach-san/citadines-marina-halong-2746.html,room_detail_14340_2_,Studio King/Twin,"[""31m 2"", ""2 người lớn, 2 trẻ em"", ""Hướng vườn"", ""1 giường lớn""]",31.0,2,2,1 giường lớn,Hướng vườn,True,1,"[""https://owa.bestprice.vn/images/hotels/uploads/citadines-marina-halong-hotel-6465f27b303d7.jpg"", ""https://owa.bestprice.vn/images/hotels/uploads/citadines-marina-halong-hotel-6465f27b307bb.jpg""]"
80c248dd5eb3,57c084c35383ceed3c1af9b1,https://www.bestprice.vn/khach-san/citadines-marina-halong-2746.html,room_detail_14341_2_,1 Bedroom Executive,"[""52m 2"", ""2 người lớn, 2 trẻ em"", ""Hướng thành phố"", ""1 giường lớn""]",52.0,2,2,1 giường lớn,Hướng thành phố,True,1,"[""https://owa.bestprice.vn/images/hotels/uploads/citadines-marina-halong-hotel-6465f27b3011c.jpg"", ""https://owa.bestprice.vn/images/hotels/uploads/citadines-marina-halong-hotel-6465f251ca959.jpg""]"
80c248dd5eb3,57c084c35383ceed3c1af9b1,https://www.bestprice.vn/khach-san/citadines-marina-halong-2746.html,room_detail_19302_2_,2 Bedroom Deluxe,"[""49m 2"", ""2 người lớn, 2 trẻ em"", ""Hướng thành phố"", ""2 giường đơn / 1 giường đôi""]",49.0,2,2,2 giường đơn / 1 giường đôi,Hướng thành phố,,,"[""https://owa.bestprice.vn/images/hotels/uploads/citadines-marina-halong-hotel-6465f251ca9f5.jpg"", ""https://owa.bestprice.vn/images/hotels/uploads/citadines-marina-halong-hotel-6465f27b3034c.jpg""]"
80c248dd5eb3,57c084c35383ceed3c1af9b1,https://www.bestprice.vn/khach-san/citadines-marina-halong-2746.html,room_detail_19303_4_,2 Bedroom Premier,"[""84m 2"", ""4 người lớn, 2 trẻ em"", ""2 giường đơn / 2 giường lớn""]",84.0,4,2,2 giường đơn / 2 giường lớn,,True,2,"[""https://owa.bestprice.vn/images/hotels/uploads/citadines-marina-halong-hotel-6465f27b2ff6c.jpg"", ""https://owa.bestprice.vn/images/hotels/uploads/citadines-marina-halong-hotel-6465f251cab18.jpg""]"
80c248dd5eb3,57c084c35383ceed3c1af9b1,https://www.bestprice.vn/khach-san/citadines-marina-halong-2746.html,room_detail_14342_4_,2 Bedroom Executive,"[""59m 2"", ""4 người lớn, 2 trẻ em"", ""Hướng thành phố"", ""1 Giường đôi & 2 Giường đơn""]",59.0,4,2,1 Giường đôi & 2 Giường đơn,Hướng thành phố,True,1,"[""https://owa.bestprice.vn/images/hotels/uploads/citadines-marina-halong-hotel-6465f251caa83.jpg"", ""https://owa.bestprice.vn/images/hotels/uploads/citadines-marina-halong-hotel-6465f27b30615.jpg""]"
80c248dd5eb3,57c084c35383ceed3c1af9b1,https://www.bestprice.vn/khach-san/citadines-marina-halong-2746.html,room_detail_14343_6_,3 Bedroom Deluxe,"[""90m 2"", ""6 người lớn, 4 trẻ em"", ""Hướng thành phố"", ""3 giường đôi""]",90.0,6,4,3 giường đôi,Hướng thành phố,True,2,"[""https://owa.bestprice.vn/images/hotels/uploads/citadines-marina-halong-hotel-6465f251caba9.jpg"", ""https://owa.bestprice.vn/images/hotels/uploads/citadines-marina-halong-hotel-6465f27b304ef.jpg""]"
80c248dd5eb3,598a12a0757a4837fab6125e,https://www.bestprice.vn/khach-san/the-maron-hotel-1761.html,room_detail_19345_2_,Phòng Standard,"[""25m 2"", ""2 người lớn, 2 trẻ em"", ""2 giường đơn / 1 giường đôi""]",25.0,2,2,2 giường đơn / 1 giường đôi,,True,1,"[""https://owa.bestprice.vn/images/hotels/uploads/the-marron-hotel-63ec5171afb0d.jpg"", ""https://owa.bestprice.vn/images/hotels/uploads/the-marron-hotel-63ec5191cb5ca.jpg""]"
80c248dd5eb3,598a12a0757a4837fab6125e,https://www.bestprice.vn/khach-san/the-maron-hotel-1761.html,room_detail_8366_2_,Phòng Superior,"[""25m 2"", ""2 người lớn, 2 trẻ em"", ""2 giường đơn / 1 giường đôi""]",25.0,2,2,2 giường đơn / 1 giường đôi,,True,1,"[""https://owa.bestprice.vn/images/hotels/uploads/the-marron-hotel-63ec5171af8d5.jpg"", ""https://owa.bestprice.vn/images/hotels/uploads/the-marron-hotel-63ec5171afb7d.jpg""]"
80c248dd5eb3,598a12a0757a4837fab6125e,https://www.bestprice.vn/khach-san/the-maron-hotel-1761.html,room_detail_8368_2_,Phòng Deluxe Seaview,"[""30m 2"", ""2 người lớn, 2 trẻ em"", ""Hướng bãi biển"", ""2 giường đơn / 1 giường đôi""]",30.0,2,2,2 giường đơn / 1 giường đôi,Hướng bãi biển,True,1,"[""https://owa.bestprice.vn/images/hotels/uploads/the-marron-hotel-63ec5171af5a8.jpg"", ""https://owa.bestprice.vn/images/hotels/uploads/the-marron-hotel-63ec5171af945.jpg""]"
80c248dd5eb3,598a12a0757a4837fab6125e,https://www.bestprice.vn/khach-san/the-maron-hotel-1761.html,room_detail_8370_2_,Phòng Executive,"[""25m 2"", ""2 người lớn, 2 trẻ em"", ""Hướng bãi biển"", ""1 giường lớn""]",25.0,2,2,1 giường lớn,Hướng bãi biển,True,1,"[""https://owa.bestprice.vn/images/hotels/uploads/the-marron-hotel-63ec5171af9ba.jpg"", ""https://owa.bestprice.vn/images/hotels/uploads/the-marron-hotel-63ec5171af4bd.jpg""]"
80c248dd5eb3,598a12a0757a4837fab6125e,https://www.bestprice.vn/khach-san/the-maron-hotel-1761.html,room_detail_8371_2_,Phòng Suite,"[""70m 2"", ""2 người lớn, 2 trẻ em"", ""Hướng bãi biển"", ""1 giường lớn""]",70.0,2,2,1 giường lớn,Hướng bãi biển,True,1,"[""https://owa.bestprice.vn/images/hotels/uploads/the-marron-hotel-63ec5171afa9c.jpg"", ""https://owa.bestprice.vn/images/hotels/uploads/the-marron-hotel-63ec5191cb4e7.jpg""]"
80c248dd5eb3,598a12a0757a4837fab6125e,https://www.bestprice.vn/khach-san/the-maron-hotel-1761.html,room_detail_8372_4_,Phòng Family Suite,"[""150m 2"", ""4 người lớn, 2 trẻ em"", ""Hướng bãi biển"", ""1 Giường đôi & 2 Giường đơn""]",150.0,4,2,1 Giường đôi & 2 Giường đơn,Hướng bãi biển,True,1,"[""https://owa.bestprice.vn/images/hotels/uploads/the-marron-hotel-63ec5171af535.jpg"", ""https://owa.bestprice.vn/images/hotels/uploads/the-marron-hotel-63ec5171afa2c.jpg""]"
80c248dd5eb3,59c531c20ecf41c07a31f611,https://www.bestprice.vn/khach-san/little-riverside-hoi-an-1807.html,room_detail_8625_2_,Little Suites Town,"[""46m 2"", ""2 người lớn, 1 trẻ em"", ""Hướng thành phố"", ""2 giường đơn / 1 giường đôi""]",46.0,2,1,2 giường đơn / 1 giường đôi,Hướng thành phố,True,1,"[""https://owa.bestprice.vn/images/hotels/uploads/little-riverside-hoi-an-5e782eb601aee.jpg"", ""https://owa.bestprice.vn/images/hotels/uploads/little-riverside-hoi-an-5e782e7b0fd8b.jpg""]"
80c248dd5eb3,59c531c20ecf41c07a31f611,https://www.bestprice.vn/khach-san/little-riverside-hoi-an-1807.html,room_detail_8626_2_,Little Suites River,"[""46m 2"", ""2 người lớn, 1 trẻ em"", ""Hướng sông"", ""2 giường đơn / 1 giường đôi""]",46.0,2,1,2 giường đơn / 1 giường đôi,Hướng sông,True,1,"[""https://owa.bestprice.vn/images/hotels/uploads/little-riverside-hoi-an-5e782eb601cbb.jpg"", ""https://owa.bestprice.vn/images/hotels/uploads/little-riverside-hoi-an-5e782eb601d3c.jpg""]"
80c248dd5eb3,59c531c20ecf41c07a31f611,https://www.bestprice.vn/khach-san/little-riverside-hoi-an-1807.html,room_detail_8627_4_,Connecting Suites,"[""92m 2"", ""4 người lớn, 1 trẻ em"", ""Hướng thành phố"", ""1 Giường đôi & 2 Giường đơn""]",92.0,4,1,1 Giường đôi & 2 Giường đơn,Hướng thành phố,True,1,"[""https://owa.bestprice.vn/images/hotels/uploads/little-riverside-hoi-an-5e782eb601dc5.jpg""]"
80c248dd5eb3,59f3b734b58157d53b2d25ef,https://www.bestprice.vn/khach-san/melia-ho-tram-beach-resort-1529.html,room_detail_7450_2_,Deluxe Room,"[""47m 2"", ""2 người lớn, 2 trẻ em"", ""Hướng vườn"", ""2 giường đơn / 1 giường đôi""]",47.0,2,2,2 giường đơn / 1 giường đôi,Hướng vườn,True,1,"[""https://owa.bestprice.vn/images/hotels/uploads/melia-ho-tram-beach-resort-63fc8370cd110.jpg"", ""https://owa.bestprice.vn/images/hotels/uploads/melia-ho-tram-beach-resort-63fc8370cd089.jpg"", ""https://owa.bestprice.vn/images/hotels/uploads/melia-ho-tram-beach-resort-63fc83cf391ca.jpg""]"
80c248dd5eb3,59f3b734b58157d53b2d25ef,https://www.bestprice.vn/khach-san/melia-ho-tram-beach-resort-1529.html,room_detail_7092_2_,Deluxe Ocean View,"[""47m 2"", ""2 người lớn, 2 trẻ em"", ""Hướng biển"", ""2 giường đơn / 1 giường lớn""]",47.0,2,2,2 giường đơn / 1 giường lớn,Hướng biển,True,1,"[""https://owa.bestprice.vn/images/hotels/uploads/melia-ho-tram-beach-resort-63fc8370ccb41.jpg"", ""https://owa.bestprice.vn/images/hotels/uploads/melia-ho-tram-beach-resort-63fc83cf39315.jpg"", ""https://owa.bestprice.vn/images/hotels/uploads/melia-ho-tram-beach-resort-63fc83cf39658.jpg""]"
80c248dd5eb3,59f3b734b58157d53b2d25ef,https://www.bestprice.vn/khach-san/melia-ho-tram-beach-resort-1529.html,room_detail_7093_2_,Junior Suite Ocean View,"[""66m 2"", ""2 người lớn, 2 trẻ em"", ""Hướng biển"", ""1 giường lớn""]",66.0,2,2,1 giường lớn,Hướng biển,True,1,"[""https://owa.bestprice.vn/images/hotels/uploads/melia-ho-tram-beach-resort-63fc83cf3928b.jpg"", ""https://owa.bestprice.vn/images/hotels/uploads/melia-ho-tram-beach-resort-63fc83cf395d3.jpg""]"
80c248dd5eb3,59f3b734b58157d53b2d25ef,https://www.bestprice.vn/khach-san/melia-ho-tram-beach-resort-1529.html,room_detail_7094_2_,02-Bedroom Suite Ocean View,"[""88m 2"", ""2 người lớn, 2 trẻ em"", ""Hướng biển"", ""1 Giường đôi & 2 Giường đơn""]",88.0,2,2,1 Giường đôi & 2 Giường đơn,Hướng biển,True,1,"[""https://owa.bestprice.vn/images/hotels/uploads/melia-ho-tram-beach-resort-63fc8370ccef4.jpg"", ""https://owa.bestprice.vn/images/hotels/uploads/melia-ho-tram-beach-resort-63fc8370cce6d.jpg""]"
80c248dd5eb3,59f3b734b58157d53b2d25ef,https://www.bestprice.vn/khach-san/melia-ho-tram-beach-resort-1529.html,room_detail_9965_4_,2-Bedroom Family Suite Ocean View,"[""113m 2"", ""4 người lớn, 2 trẻ em"", ""Hướng biển"", ""1 Giường đôi & 2 Giường đơn""]",113.0,4,2,1 Giường đôi & 2 Giường đơn,Hướng biển,True,1,"[""https://owa.bestprice.vn/images/hotels/uploads/melia-ho-tram-beach-resort-63fc8370ccbca.jpg"", ""https://owa.bestprice.vn/images/hotels/uploads/melia-ho-tram-beach-resort-63fc83cf397ea.jpg"", ""https://owa.bestprice.vn/images/hotels/uploads/melia-ho-tram-beach-resort-63fc83cf398f6.jpg""]"
80c248dd5eb3,59f3b734b58157d53b2d25ef,https://www.bestprice.vn/khach-san/melia-ho-tram-beach-resort-1529.html,room_detail_7095_2_,The Level 01-Bedroom Private Pool Villa,"[""120m 2"", ""2 người lớn, 2 trẻ em"", ""Hướng biển"", ""1 giường đôi""]",120.0,2,2,1 giường đôi,Hướng biển,,,"[""https://owa.bestprice.vn/images/hotels/uploads/melia-ho-tram-beach-resort-63fc8370ccde6.jpg"", ""https://owa.bestprice.vn/images/hotels/uploads/melia-ho-tram-beach-resort-63fc83cf3939c.jpg"", ""https://owa.bestprice.vn/images/hotels/uploads/melia-ho-tram-beach-resort-63fc83cf396de.jpg""]"
80c248dd5eb3,59f3b734b58157d53b2d25ef,https://www.bestprice.vn/khach-san/melia-ho-tram-beach-resort-1529.html,room_detail_7096_4_,The Level 02-Bedroom Private Pool Villa,"[""220m 2"", ""4 người lớn, 2 trẻ em"", ""Hướng biển"", ""2 giường đôi / 1 Giường đôi & 2 Giường đơn""]",220.0,4,2,2 giường đôi / 1 Giường đôi & 2 Giường đơn,Hướng biển,,,"[""https://owa.bestprice.vn/images/hotels/uploads/melia-ho-tram-beach-resort-63fc83cf394c6.jpg"", ""https://owa.bestprice.vn/images/hotels/uploads/melia-ho-tram-beach-resort-63fc83cf3954d.jpg"", ""https://owa.bestprice.vn/images/hotels/uploads/melia-ho-tram-beach-resort-63fc83cf39764.jpg""]"
80c248dd5eb3,59f3b734b58157d53b2d25ef,https://www.bestprice.vn/khach-san/melia-ho-tram-beach-resort-1529.html,room_detail_7097_6_,The Level 03-Bedroom Private Pool Villa,"[""350m 2"", ""6 người lớn, 2 trẻ em"", ""Hướng biển"", ""3 giường đôi""]",350.0,6,2,3 giường đôi,Hướng biển,,,"[""https://owa.bestprice.vn/images/hotels/uploads/melia-ho-tram-beach-resort-63fc8370cd002.jpg"", ""https://owa.bestprice.vn/images/hotels/uploads/melia-ho-tram-beach-resort-63fc83cf39870.jpg""]"
80c248dd5eb3,59f3b734b58157d53b2d25ef,https://www.bestprice.vn/khach-san/melia-ho-tram-beach-resort-1529.html,room_detail_7451_6_,The Level 03-Bedroom Beachfront Villa,"[""350m 2"", ""6 người lớn, 2 trẻ em"", ""Hướng bãi biển"", ""3 giường đôi""]",350.0,6,2,3 giường đôi,Hướng bãi biển,,,"[""https://owa.bestprice.vn/images/hotels/uploads/melia-ho-tram-beach-resort-63fc8370ccf7b.jpg"", ""https://owa.bestprice.vn/images/hotels/uploads/melia-ho-tram-beach-resort-63fc83cf39422.jpg""]"
80c248dd5eb3,5c5e699d49e4d4df7e762bab,https://www.bestprice.vn/khach-san/viet-4-seasons-hotel-hai-phong-1507.html,room_detail_6898_2_,Superior Double,"[""25m 2"", ""2 người lớn, 2 trẻ em"", ""Hướng thành phố"", ""1 giường đôi""]",25.0,2,2,1 giường đôi,Hướng thành phố,True,1,"[""https://owa.bestprice.vn/images/hotels/uploads/viet-four-seasons-hotel-5e74724d1729f.jpg""]"
80c248dd5eb3,5c5e699d49e4d4df7e762bab,https://www.bestprice.vn/khach-san/viet-4-seasons-hotel-hai-phong-1507.html,room_detail_6899_2_,Duluxe Double/Twin,"[""30m 2"", ""2 người lớn, 2 trẻ em"", ""Hướng thành phố"", ""2 giường đơn / 1 giường đôi""]",30.0,2,2,2 giường đơn / 1 giường đôi,Hướng thành phố,True,1,"[""https://owa.bestprice.vn/images/hotels/uploads/viet-four-seasons-hotel-5e7472d04a8cf.jpg"", ""https://owa.bestprice.vn/images/hotels/uploads/viet-four-seasons-hotel-5f48d77469dc2.jpg""]"
80c248dd5eb3,5cd0d6babebe91ee9250a5c1,https://www.bestprice.vn/khach-san/vinpearl-landmark-81-autograph-collection-1483.html,room_detail_6742_2_,Premier Room Sky View,"[""36m 2"", ""2 người lớn, 2 trẻ em"", ""Hướng thành phố"", ""2 giường đơn / 1 giường lớn""]",36.0,2,2,2 giường đơn / 1 giường lớn,Hướng thành phố,True,1,"[""https://owa.bestprice.vn/images/hotels/uploads/vinpearl-landmark-81-autograph-collection-634537229140b.jpg"", ""https://owa.bestprice.vn/images/hotels/uploads/vinpearl-landmark-81-autograph-collection-634536ef684b3.jpg"", ""https://owa.bestprice.vn/images/hotels/uploads/vinpearl-landmark-81-autograph-collection-6345372291363.jpg""]"
80c248dd5eb3,5cd0d6babebe91ee9250a5c1,https://www.bestprice.vn/khach-san/vinpearl-landmark-81-autograph-collection-1483.html,room_detail_20411_2_,Premier Panoramic View,"[""36m 2"", ""2 người lớn, 2 trẻ em"", ""Hướng thành phố"", ""2 giường đơn / 1 giường đôi""]",36.0,2,2,2 giường đơn / 1 giường đôi,Hướng thành phố,True,1,"[""https://owa.bestprice.vn/images/hotels/uploads/vinpearl-landmark-81-autograph-collection-65ebc74ab9fc9.jpg""]"
80c248dd5eb3,5cd0d6babebe91ee9250a5c1,https://www.bestprice.vn/khach-san/vinpearl-landmark-81-autograph-collection-1483.html,room_detail_6743_2_,Club Room,"[""36m 2"", ""2 người lớn, 2 trẻ em"", ""Hướng thành phố"", ""2 giường đơn / 1 giường lớn""]",36.0,2,2,2 giường đơn / 1 giường lớn,Hướng thành phố,True,1,"[""https://owa.bestprice.vn/images/hotels/uploads/vinpearl-landmark-81-autograph-collection-634536ef682c0.jpg"", ""https://owa.bestprice.vn/images/hotels/uploads/vinpearl-landmark-81-autograph-collection-6345372291019.jpg"", ""https://owa.bestprice.vn/images/hotels/uploads/vinpearl-landmark-81-autograph-collection-63453722910c3.jpg""]"
80c248dd5eb3,5cd0d6babebe91ee9250a5c1,https://www.bestprice.vn/khach-san/vinpearl-landmark-81-autograph-collection-1483.html,room_detail_6746_2_,Landmark Panoramic Suite,"[""72m 2"", ""2 người lớn, 2 trẻ em"", ""Hướng thành phố"", ""1 giường lớn""]",72.0,2,2,1 giường lớn,Hướng thành phố,True,1,"[""https://owa.bestprice.vn/images/hotels/uploads/vinpearl-landmark-81-autograph-collection-634536ef67f80.jpg"", ""https://owa.bestprice.vn/images/hotels/uploads/vinpearl-landmark-81-autograph-collection-634536ef68173.jpg"", ""https://owa.bestprice.vn/images/hotels/uploads/vinpearl-landmark-81-autograph-collection-6345372291214.jpg"", ""https://owa.bestprice.vn/images/hotels/uploads/vinpearl-landmark-81-autograph-collection-63453722912bc.jpg""]"
80c248dd5eb3,5f0d7cce97db84433900f198,https://www.bestprice.vn/khach-san/rosaleen-boutique-hotel-1723.html,room_detail_8174_2_,Phòng Superior,"[""30m 2"", ""2 người lớn, 2 trẻ em"", ""Hướng thành phố"", ""2 giường đơn / 1 giường đôi""]",30.0,2,2,2 giường đơn / 1 giường đôi,Hướng thành phố,True,1,"[""https://owa.bestprice.vn/images/hotels/uploads/rosaleen-boutique-hotel-6565902893cd4.jpg"", ""https://owa.bestprice.vn/images/hotels/uploads/rosaleen-boutique-hotel-6565902893d88.jpg"", ""https://owa.bestprice.vn/images/hotels/uploads/rosaleen-boutique-hotel-656590369aa3f.jpg""]"
80c248dd5eb3,5f0d7cce97db84433900f198,https://www.bestprice.vn/khach-san/rosaleen-boutique-hotel-1723.html,room_detail_19231_2_,Phòng Superior Triple,"[""30m 2"", ""2 người lớn, 2 trẻ em"", ""Hướng thành phố"", ""1 Giường đôi & 1 Giường đơn""]",30.0,2,2,1 Giường đôi & 1 Giường đơn,Hướng thành phố,True,1,"[""https://owa.bestprice.vn/images/hotels/uploads/rosaleen-boutique-hotel-6565905564f6f.jpg"", ""https://owa.bestprice.vn/images/hotels/uploads/rosaleen-boutique-hotel-6565905564e8f.jpg"", ""https://owa.bestprice.vn/images/hotels/uploads/rosaleen-boutique-hotel-6565905564ff3.jpg""]"
80c248dd5eb3,5f0d7cce97db84433900f198,https://www.bestprice.vn/khach-san/rosaleen-boutique-hotel-1723.html,room_detail_8175_2_,Phòng Deluxe,"[""30m 2"", ""2 người lớn, 2 trẻ em"", ""Hướng thành phố"", ""2 giường đơn / 1 giường đôi""]",30.0,2,2,2 giường đơn / 1 giường đôi,Hướng thành phố,True,1,"[""https://owa.bestprice.vn/images/hotels/uploads/rosaleen-boutique-hotel-65659070e6e2c.jpg"", ""https://owa.bestprice.vn/images/hotels/uploads/rosaleen-boutique-hotel-65659070e6ece.jpg"", ""https://owa.bestprice.vn/images/hotels/uploads/rosaleen-boutique-hotel-65659070e7074.jpg""]"
80c248dd5eb3,5f0d7cce97db84433900f198,https://www.bestprice.vn/khach-san/rosaleen-boutique-hotel-1723.html,room_detail_8176_3_,Phòng Deluxe Triple,"[""30m 2"", ""3 người lớn, 2 trẻ em"", ""Hướng thành phố"", ""1 Giường đôi & 1 Giường đơn""]",30.0,3,2,1 Giường đôi & 1 Giường đơn,Hướng thành phố,True,1,"[""https://owa.bestprice.vn/images/hotels/uploads/rosaleen-boutique-hotel-65659070e6f60.jpg"", ""https://owa.bestprice.vn/images/hotels/uploads/rosaleen-boutique-hotel-65659070e6fea.jpg""]"
80c248dd5eb3,5f0d7cce97db84433900f198,https://www.bestprice.vn/khach-san/rosaleen-boutique-hotel-1723.html,room_detail_8177_4_,Phòng Family Suite,"[""45m 2"", ""4 người lớn, 2 trẻ em"", ""Hướng thành phố"", ""2 giường đôi""]",45.0,4,2,2 giường đôi,Hướng thành phố,True,1,"[""https://owa.bestprice.vn/images/hotels/uploads/rosaleen-boutique-hotel-66724d25db81c.jpeg""]"
80c248dd5eb3,5f0d7cce97db84433900f198,https://www.bestprice.vn/khach-san/rosaleen-boutique-hotel-1723.html,room_detail_20567_4_,Deluxe Family Suite,"[""80m 2"", ""4 người lớn, 2 trẻ em"", ""1 Giường đôi & 2 Giường đơn""]",80.0,4,2,1 Giường đôi & 2 Giường đơn,,True,1,"[""https://owa.bestprice.vn/images/hotels/uploads/rosaleen-boutique-hotel-66724d25db825.jpeg"", ""https://owa.bestprice.vn/images/hotels/uploads/rosaleen-boutique-hotel-66724d25db7a1.jpeg""]"
80c248dd5eb3,5f5abec6d034629fce7c639e,https://www.bestprice.vn/khach-san/wyndham-legend-ha-long-1367.html,room_detail_9495_2_,Superior Premier (Tower 2),"[""35m 2"", ""2 người lớn, 2 trẻ em"", ""Hướng bãi biển"", ""2 giường đơn / 1 giường đôi""]",35.0,2,2,2 giường đơn / 1 giường đôi,Hướng bãi biển,True,1,"[""https://owa.bestprice.vn/images/hotels/uploads/khach-san-wyndham-legend-ha-long-63ef032178bad.jpg"", ""https://owa.bestprice.vn/images/hotels/uploads/khach-san-wyndham-legend-ha-long-63ef032178cd9.jpg""]"
80c248dd5eb3,5f5abec6d034629fce7c639e,https://www.bestprice.vn/khach-san/wyndham-legend-ha-long-1367.html,room_detail_5823_2_,Phòng Superior,"[""33m 2"", ""2 người lớn, 2 trẻ em"", ""Hướng thành phố"", ""2 giường đơn / 1 giường đôi""]",33.0,2,2,2 giường đơn / 1 giường đôi,Hướng thành phố,True,1,"[""https://owa.bestprice.vn/images/hotels/uploads/khach-san-wyndham-legend-ha-long-63ef034a51bf7.jpg"", ""https://owa.bestprice.vn/images/hotels/uploads/khach-san-wyndham-legend-ha-long-63ef034a51c9f.jpg""]"
80c248dd5eb3,5f5abec6d034629fce7c639e,https://www.bestprice.vn/khach-san/wyndham-legend-ha-long-1367.html,room_detail_5825_2_,Phòng Deluxe,"[""42m 2"", ""2 người lớn, 2 trẻ em"", ""Hướng biển"", ""2 giường đơn / 1 giường lớn""]",42.0,2,2,2 giường đơn / 1 giường lớn,Hướng biển,True,1,"[""https://owa.bestprice.vn/images/hotels/uploads/khach-san-wyndham-legend-ha-long-63ef032178543.jpg"", ""https://owa.bestprice.vn/images/hotels/uploads/khach-san-wyndham-legend-ha-long-63ef0321784af.jpg""]"
80c248dd5eb3,5f5abec6d034629fce7c639e,https://www.bestprice.vn/khach-san/wyndham-legend-ha-long-1367.html,room_detail_5826_2_,Phòng Deluxe Executive,"[""42m 2"", ""2 người lớn, 2 trẻ em"", ""Hướng biển"", ""1 giường lớn""]",42.0,2,2,1 giường lớn,Hướng biển,True,1,"[""https://owa.bestprice.vn/images/hotels/uploads/khach-san-wyndham-legend-ha-long-63ef032178669.jpg"", ""https://owa.bestprice.vn/images/hotels/uploads/khach-san-wyndham-legend-ha-long-63ef0321785d6.jpg""]"
80c248dd5eb3,5f5abec6d034629fce7c639e,https://www.bestprice.vn/khach-san/wyndham-legend-ha-long-1367.html,room_detail_5827_2_,Phòng Junior Suite,"[""60m 2"", ""2 người lớn, 2 trẻ em"", ""Hướng biển"", ""1 giường lớn""]",60.0,2,2,1 giường lớn,Hướng biển,True,1,"[""https://owa.bestprice.vn/images/hotels/uploads/khach-san-wyndham-legend-ha-long-63ef032178a86.jpg"", ""https://owa.bestprice.vn/images/hotels/uploads/khach-san-wyndham-legend-ha-long-63ef032178b19.jpg""]"
80c248dd5eb3,5fd058400cfdf78ee72d45a2,https://www.bestprice.vn/khach-san/the-secret-con-dao-2041.html,room_detail_10995_2_,Deluxe City View (King/ Twin),"[""32m 2"", ""2 người lớn, 2 trẻ em"", ""Hướng thành phố"", ""2 giường đơn / 1 giường lớn""]",32.0,2,2,2 giường đơn / 1 giường lớn,Hướng thành phố,,,"[""https://owa.bestprice.vn/images/hotels/uploads/the-secret-con-dao-649b94abf116a.jpg"", ""https://owa.bestprice.vn/images/hotels/uploads/the-secret-con-dao-649b94abf10ef.jpg"", ""https://owa.bestprice.vn/images/hotels/uploads/the-secret-con-dao-649b94abf11e3.jpg""]"
80c248dd5eb3,5fd058400cfdf78ee72d45a2,https://www.bestprice.vn/khach-san/the-secret-con-dao-2041.html,room_detail_10997_2_,Deluxe Balcony City View (King/ Twin),"[""32m 2"", ""2 người lớn, 2 trẻ em"", ""Hướng thành phố"", ""2 giường đơn / 1 giường lớn""]",32.0,2,2,2 giường đơn / 1 giường lớn,Hướng thành phố,,,"[""https://owa.bestprice.vn/images/hotels/uploads/the-secret-con-dao-649b94abf12d3.jpg"", ""https://owa.bestprice.vn/images/hotels/uploads/the-secret-con-dao-649b94abf134c.jpg"", ""https://owa.bestprice.vn/images/hotels/uploads/the-secret-con-dao-649b94abf125b.jpg""]"
80c248dd5eb3,5fd058400cfdf78ee72d45a2,https://www.bestprice.vn/khach-san/the-secret-con-dao-2041.html,room_detail_19803_2_,Deluxe Garden View (King/ Twin),"[""40m 2"", ""2 người lớn, 2 trẻ em"", ""Hướng vườn"", ""1 giường đơn / 1 Giường đôi & 1 Giường đơn""]",40.0,2,2,1 giường đơn / 1 Giường đôi & 1 Giường đơn,Hướng vườn,,,"[""https://owa.bestprice.vn/images/hotels/uploads/the-secret-con-dao-649b94abf13c3.jpg"", ""https://owa.bestprice.vn/images/hotels/uploads/the-secret-con-dao-649b94abf143b.jpg""]"
80c248dd5eb3,5fd058400cfdf78ee72d45a2,https://www.bestprice.vn/khach-san/the-secret-con-dao-2041.html,room_detail_19804_2_,Deluxe Balcony Garden View (King/ Twin),"[""40m 2"", ""2 người lớn, 2 trẻ em"", ""Hướng vườn"", ""1 giường đơn / 1 Giường đôi & 1 Giường đơn""]",40.0,2,2,1 giường đơn / 1 Giường đôi & 1 Giường đơn,Hướng vườn,,,"[""https://owa.bestprice.vn/images/hotels/uploads/the-secret-con-dao-649b94abf149e.jpg"", ""https://owa.bestprice.vn/images/hotels/uploads/the-secret-con-dao-649b94abf1517.jpg""]"
80c248dd5eb3,5fd058400cfdf78ee72d45a2,https://www.bestprice.vn/khach-san/the-secret-con-dao-2041.html,room_detail_10999_2_,Deluxe Ocean View (King/ Twin),"[""32m 2"", ""2 người lớn, 2 trẻ em"", ""Hướng biển"", ""2 giường đơn / 1 giường lớn""]",32.0,2,2,2 giường đơn / 1 giường lớn,Hướng biển,,,"[""https://owa.bestprice.vn/images/hotels/uploads/the-secret-con-dao-649b94abf1590.jpg"", ""https://owa.bestprice.vn/images/hotels/uploads/the-secret-con-dao-649b94abf1608.jpg"", ""https://owa.bestprice.vn/images/hotels/uploads/the-secret-con-dao-649b94abf1680.jpg""]"
80c248dd5eb3,5fd058400cfdf78ee72d45a2,https://www.bestprice.vn/khach-san/the-secret-con-dao-2041.html,room_detail_11001_2_,Deluxe Balcony Ocean View (King/ Twin),"[""32m 2"", ""2 người lớn, 2 trẻ em"", ""Hướng biển"", ""2 giường đơn / 1 giường lớn""]",32.0,2,2,2 giường đơn / 1 giường lớn,Hướng biển,,,"[""https://owa.bestprice.vn/images/hotels/uploads/the-secret-con-dao-649b94abf1704.jpg"", ""https://owa.bestprice.vn/images/hotels/uploads/the-secret-con-dao-649b94abf1780.jpg"", ""https://owa.bestprice.vn/images/hotels/uploads/the-secret-con-dao-649b94abf17f8.jpg""]"
80c248dd5eb3,5fd058400cfdf78ee72d45a2,https://www.bestprice.vn/khach-san/the-secret-con-dao-2041.html,room_detail_11003_2_,Premium Deluxe Balcony Ocean View (King),"[""39m 2"", ""2 người lớn, 2 trẻ em"", ""Hướng biển"", ""1 giường lớn""]",39.0,2,2,1 giường lớn,Hướng biển,True,1,"[""https://owa.bestprice.vn/images/hotels/uploads/the-secret-con-dao-649b94abf1870.jpg"", ""https://owa.bestprice.vn/images/hotels/uploads/the-secret-con-dao-649b94abf18e7.jpg"", ""https://owa.bestprice.vn/images/hotels/uploads/the-secret-con-dao-649b94abf195f.jpg""]"
80c248dd5eb3,5fd058400cfdf78ee72d45a2,https://www.bestprice.vn/khach-san/the-secret-con-dao-2041.html,room_detail_11005_2_,Zen Suite Ocean View (King),"[""36m 2"", ""2 người lớn, 2 trẻ em"", ""Hướng biển"", ""1 giường lớn""]",36.0,2,2,1 giường lớn,Hướng biển,True,1,"[""https://owa.bestprice.vn/images/hotels/uploads/the-secret-con-dao-649b94ec24e18.jpg"", ""https://owa.bestprice.vn/images/hotels/uploads/the-secret-con-dao-649b94ec24ecf.jpg"", ""https://owa.bestprice.vn/images/hotels/uploads/the-secret-con-dao-649b94ec24f76.jpg""]"
80c248dd5eb3,5fd058400cfdf78ee72d45a2,https://www.bestprice.vn/khach-san/the-secret-con-dao-2041.html,room_detail_11007_2_,The Secret Suite Ocean View (King),"[""63m 2"", ""2 người lớn, 2 trẻ em"", ""Hướng biển"", ""1 giường lớn""]",63.0,2,2,1 giường lớn,Hướng biển,True,1,"[""https://owa.bestprice.vn/images/hotels/uploads/the-secret-con-dao-649b94ec25019.jpg"", ""https://owa.bestprice.vn/images/hotels/uploads/the-secret-con-dao-649b94ec250bb.jpg"", ""https://owa.bestprice.vn/images/hotels/uploads/the-secret-con-dao-649b94ec2515e.jpg""]"
80c248dd5eb3,60c476ee54d862827b773b20,https://www.bestprice.vn/khach-san/sunny-beach-resort-mui-ne-phan-thiet-327.html,room_detail_1396_2_,Deluxe Cozy,"[""25m 2"", ""2 người lớn, 2 trẻ em"", ""Hướng vườn"", ""1 giường đôi""]",25.0,2,2,1 giường đôi,Hướng vườn,,,"[""https://owa.bestprice.vn/images/hotels/uploads/sunny-beach-resort-mui-ne-phan-thiet-64950c3230d57.jpg"", ""https://owa.bestprice.vn/images/hotels/uploads/sunny-beach-resort-mui-ne-phan-thiet-649510b9a33e9.jpg""]"
80c248dd5eb3,60c476ee54d862827b773b20,https://www.bestprice.vn/khach-san/sunny-beach-resort-mui-ne-phan-thiet-327.html,room_detail_1399_2_,Deluxe Hill,"[""40m 2"", ""2 người lớn, 2 trẻ em"", ""Hướng hồ bơi"", ""2 giường đơn / 1 giường đôi""]",40.0,2,2,2 giường đơn / 1 giường đôi,Hướng hồ bơi,True,1,"[""https://owa.bestprice.vn/images/hotels/uploads/sunny-beach-resort-mui-ne-phan-thiet-64950c3230e09.jpg"", ""https://owa.bestprice.vn/images/hotels/uploads/sunny-beach-resort-mui-ne-phan-thiet-649510b9a3329.jpg""]"
80c248dd5eb3,60c476ee54d862827b773b20,https://www.bestprice.vn/khach-san/sunny-beach-resort-mui-ne-phan-thiet-327.html,room_detail_1397_2_,Deluxe Garden View,"[""40m 2"", ""2 người lớn, 2 trẻ em"", ""Hướng vườn"", ""2 giường đơn / 1 giường đôi""]",40.0,2,2,2 giường đơn / 1 giường đôi,Hướng vườn,True,1,"[""https://owa.bestprice.vn/images/hotels/uploads/sunny-beach-resort-mui-ne-phan-thiet-64950c3230ec9.jpg"", ""https://owa.bestprice.vn/images/hotels/uploads/sunny-beach-resort-mui-ne-phan-thiet-64951171b2600.jpg""]"
80c248dd5eb3,60c476ee54d862827b773b20,https://www.bestprice.vn/khach-san/sunny-beach-resort-mui-ne-phan-thiet-327.html,room_detail_1400_2_,Deluxe Sea view,"[""40m 2"", ""2 người lớn, 2 trẻ em"", ""Hướng biển"", ""2 giường đơn / 1 giường đôi""]",40.0,2,2,2 giường đơn / 1 giường đôi,Hướng biển,True,1,"[""https://owa.bestprice.vn/images/hotels/uploads/sunny-beach-resort-mui-ne-phan-thiet-64950c3230f6b.jpg"", ""https://owa.bestprice.vn/images/hotels/uploads/sunny-beach-resort-mui-ne-phan-thiet-64951171b2550.jpg""]"
80c248dd5eb3,60c476ee54d862827b773b20,https://www.bestprice.vn/khach-san/sunny-beach-resort-mui-ne-phan-thiet-327.html,room_detail_6632_2_,Deluxe Suite,"[""60m 2"", ""2 người lớn, 2 trẻ em"", ""Hướng vườn"", ""1 giường đôi""]",60.0,2,2,1 giường đôi,Hướng vườn,True,1,"[""https://owa.bestprice.vn/images/hotels/uploads/sunny-beach-resort-mui-ne-phan-thiet-64950cec393e6.jpg"", ""https://owa.bestprice.vn/images/hotels/uploads/sunny-beach-resort-mui-ne-phan-thiet-649512398a688.jpg""]"
80c248dd5eb3,60c476ee54d862827b773b20,https://www.bestprice.vn/khach-san/sunny-beach-resort-mui-ne-phan-thiet-327.html,room_detail_1401_2_,Bungalow Garden,"[""45m 2"", ""2 người lớn, 2 trẻ em"", ""Hướng vườn"", ""2 giường đơn / 1 giường lớn""]",45.0,2,2,2 giường đơn / 1 giường lớn,Hướng vườn,True,1,"[""https://owa.bestprice.vn/images/hotels/uploads/sunny-beach-resort-mui-ne-phan-thiet-64950c32316de.jpg"", ""https://owa.bestprice.vn/images/hotels/uploads/sunny-beach-resort-mui-ne-phan-thiet-649512398a599.jpg""]"
80c248dd5eb3,60c476ee54d862827b773b20,https://www.bestprice.vn/khach-san/sunny-beach-resort-mui-ne-phan-thiet-327.html,room_detail_1402_2_,Bungalow Beach Front,"[""45m 2"", ""2 người lớn, 2 trẻ em"", ""Hướng bãi biển"", ""2 giường đơn / 1 giường lớn""]",45.0,2,2,2 giường đơn / 1 giường lớn,Hướng bãi biển,True,1,"[""https://owa.bestprice.vn/images/hotels/uploads/sunny-beach-resort-mui-ne-phan-thiet-64950c32313c9.jpg"", ""https://owa.bestprice.vn/images/hotels/uploads/sunny-beach-resort-mui-ne-phan-thiet-6495134667359.jpg""]"
80c248dd5eb3,60c476ee54d862827b773b20,https://www.bestprice.vn/khach-san/sunny-beach-resort-mui-ne-phan-thiet-327.html,room_detail_6634_2_,Beach Front Villa,"[""130m 2"", ""2 người lớn, 2 trẻ em"", ""Hướng vườn"", ""2 giường lớn""]",130.0,2,2,2 giường lớn,Hướng vườn,True,1,"[""https://owa.bestprice.vn/images/hotels/uploads/sunny-beach-resort-mui-ne-phan-thiet-64950c3231467.jpg"", ""https://owa.bestprice.vn/images/hotels/uploads/sunny-beach-resort-mui-ne-phan-thiet-6495134667409.jpg""]"
80c248dd5eb3,60c476ee54d862827b773b20,https://www.bestprice.vn/khach-san/sunny-beach-resort-mui-ne-phan-thiet-327.html,room_detail_1403_2_,Beach Front Suite Villa,"[""70m 2"", ""2 người lớn, 2 trẻ em"", ""Hướng bãi biển"", ""1 giường lớn""]",70.0,2,2,1 giường lớn,Hướng bãi biển,True,1,"[""https://owa.bestprice.vn/images/hotels/uploads/sunny-beach-resort-mui-ne-phan-thiet-64950c3231506.jpg"", ""https://owa.bestprice.vn/images/hotels/uploads/sunny-beach-resort-mui-ne-phan-thiet-64951346674ac.jpg""]"
80c248dd5eb3,62b563d91617be657b9e81e0,https://www.bestprice.vn/khach-san/sapa-charm-1406.html,room_detail_6099_2_,Phòng Superior,"[""30m 2"", ""2 người lớn, 2 trẻ em"", ""Hướng vườn"", ""2 giường đơn / 1 giường đôi""]",30.0,2,2,2 giường đơn / 1 giường đôi,Hướng vườn,True,1,"[""https://owa.bestprice.vn/images/hotels/uploads/sapa-charm-hotel-64dd95f69b354.jpg"", ""https://owa.bestprice.vn/images/hotels/uploads/sapa-charm-hotel-64dd95f69b3c3.jpg""]"
80c248dd5eb3,62b563d91617be657b9e81e0,https://www.bestprice.vn/khach-san/sapa-charm-1406.html,room_detail_6100_2_,Phòng Deluxe,"[""35m 2"", ""2 người lớn, 2 trẻ em"", ""Hướng núi"", ""2 giường đơn / 1 giường đôi""]",35.0,2,2,2 giường đơn / 1 giường đôi,Hướng núi,True,1,"[""https://owa.bestprice.vn/images/hotels/uploads/sapa-charm-hotel-64dd95f69afd4.jpg"", ""https://owa.bestprice.vn/images/hotels/uploads/sapa-charm-hotel-64dd95f69af64.jpg""]"
80c248dd5eb3,62b563d91617be657b9e81e0,https://www.bestprice.vn/khach-san/sapa-charm-1406.html,room_detail_6101_2_,Phòng Panorama View,"[""35m 2"", ""2 người lớn, 2 trẻ em"", ""Hướng núi"", ""2 giường đơn / 1 giường đôi""]",35.0,2,2,2 giường đơn / 1 giường đôi,Hướng núi,True,1,"[""https://owa.bestprice.vn/images/hotels/uploads/sapa-charm-hotel-64dd95f69b124.jpg"", ""https://owa.bestprice.vn/images/hotels/uploads/sapa-charm-hotel-64dd95f69b194.jpg""]"
80c248dd5eb3,62b563d91617be657b9e81e0,https://www.bestprice.vn/khach-san/sapa-charm-1406.html,room_detail_14563_4_,Phòng Charm Connecting,"[""75m 2"", ""4 người lớn, 2 trẻ em"", ""Hướng núi"", ""2 giường đôi""]",75.0,4,2,2 giường đôi,Hướng núi,True,1,"[""https://owa.bestprice.vn/images/hotels/uploads/sapa-charm-hotel-64dd95f69aef5.jpg""]"
80c248dd5eb3,62b563d91617be657b9e81e0,https://www.bestprice.vn/khach-san/sapa-charm-1406.html,room_detail_6102_4_,Phòng Family Suite,"[""75m 2"", ""4 người lớn, 2 trẻ em"", ""Hướng núi"", ""2 giường đôi / 1 Giường đôi & 2 Giường đơn""]",75.0,4,2,2 giường đôi / 1 Giường đôi & 2 Giường đơn,Hướng núi,True,1,"[""https://owa.bestprice.vn/images/hotels/uploads/sapa-charm-hotel-64dd95f69b0b3.jpg"", ""https://owa.bestprice.vn/images/hotels/uploads/sapa-charm-hotel-64dd95f69b043.jpg""]"
80c248dd5eb3,6331916d05bf0b2fd85281d1,https://www.bestprice.vn/khach-san/avani-harbour-view-403.html,room_detail_1818_2_,Deluxe Room,"[""30m 2"", ""2 người lớn, 1 trẻ em"", ""Hướng thành phố"", ""2 giường đơn / 1 giường lớn""]",30.0,2,1,2 giường đơn / 1 giường lớn,Hướng thành phố,True,1,"[""https://owa.bestprice.vn/images/hotels/uploads/khach-san-avani-harbour-view-5358d5d061aa8.jpg"", ""https://owa.bestprice.vn/images/hotels/uploads/khach-san-avani-harbour-view-5358d5d062b7a.jpg""]"
80c248dd5eb3,6331916d05bf0b2fd85281d1,https://www.bestprice.vn/khach-san/avani-harbour-view-403.html,room_detail_1819_2_,Executive Room,"[""30m 2"", ""2 người lớn, 1 trẻ em"", ""Hướng thành phố"", ""2 giường đơn / 1 giường lớn""]",30.0,2,1,2 giường đơn / 1 giường lớn,Hướng thành phố,True,1,"[""https://owa.bestprice.vn/images/hotels/uploads/khach-san-avani-harbour-view-5358d5d063241.jpg""]"
80c248dd5eb3,6331916d05bf0b2fd85281d1,https://www.bestprice.vn/khach-san/avani-harbour-view-403.html,room_detail_1817_2_,Club Executive,"[""30m 2"", ""2 người lớn, 1 trẻ em"", ""Hướng thành phố"", ""2 giường đơn / 1 giường lớn""]",30.0,2,1,2 giường đơn / 1 giường lớn,Hướng thành phố,True,1,"[""https://owa.bestprice.vn/images/hotels/uploads/khach-san-avani-harbour-view-5358d5d06795f.jpg""]"
80c248dd5eb3,6331916d05bf0b2fd85281d1,https://www.bestprice.vn/khach-san/avani-harbour-view-403.html,room_detail_1820_2_,Suite Room,"[""60m 2"", ""2 người lớn, 1 trẻ em"", ""Hướng thành phố"", ""1 giường lớn""]",60.0,2,1,1 giường lớn,Hướng thành phố,True,1,"[""https://owa.bestprice.vn/images/hotels/uploads/khach-san-avani-harbour-view-5358d5d063905.jpg""]"
80c248dd5eb3,6331916d05bf0b2fd85281d1,https://www.bestprice.vn/khach-san/avani-harbour-view-403.html,room_detail_16297_2_,Royal Suite,"[""40m 2"", ""2 người lớn, 1 trẻ em"", ""1 giường đôi""]",40.0,2,1,1 giường đôi,,True,1,"[""https://owa.bestprice.vn/images/hotels/uploads/khach-san-avani-harbour-view-65ead3f3d47e7.jpg""]"
80c248dd5eb3,64ffeb688f9a953368ecd0ba,https://www.bestprice.vn/khach-san/novotel-ha-long-139.html,room_detail_654_2_,Phòng Standard,"[""32m 2"", ""2 người lớn, 1 trẻ em"", ""Hướng biển"", ""2 giường đơn / 1 giường lớn""]",32.0,2,1,2 giường đơn / 1 giường lớn,Hướng biển,True,1,"[""https://owa.bestprice.vn/images/hotels/uploads/novotel-ha-long-hotel-646dd0faa2f80.jpg"", ""https://owa.bestprice.vn/images/hotels/uploads/novotel-ha-long-hotel-646dd0faa2f06.jpg""]"
80c248dd5eb3,64ffeb688f9a953368ecd0ba,https://www.bestprice.vn/khach-san/novotel-ha-long-139.html,room_detail_19626_2_,Phòng Superior,"[""32m 2"", ""2 người lớn, 1 trẻ em"", ""2 giường đơn / 1 giường lớn""]",32.0,2,1,2 giường đơn / 1 giường lớn,,True,1,"[""https://owa.bestprice.vn/images/hotels/uploads/novotel-ha-long-hotel-647a92656f617.jpg"", ""https://owa.bestprice.vn/images/hotels/uploads/novotel-ha-long-hotel-646dd0faa2e11.jpg""]"
80c248dd5eb3,64ffeb688f9a953368ecd0ba,https://www.bestprice.vn/khach-san/novotel-ha-long-139.html,room_detail_655_2_,Phòng Superior Bay View,"[""32m 2"", ""2 người lớn, 1 trẻ em"", ""Hướng biển"", ""2 giường đơn / 1 giường lớn""]",32.0,2,1,2 giường đơn / 1 giường lớn,Hướng biển,True,1,"[""https://owa.bestprice.vn/images/hotels/uploads/novotel-ha-long-hotel-646dd0faa2d97.jpg"", ""https://owa.bestprice.vn/images/hotels/uploads/novotel-ha-long-hotel-646dd0faa2d1c.jpg""]"
80c248dd5eb3,64ffeb688f9a953368ecd0ba,https://www.bestprice.vn/khach-san/novotel-ha-long-139.html,room_detail_19627_2_,Phòng Executive,"[""42m 2"", ""2 người lớn, 1 trẻ em"", ""1 giường đôi""]",42.0,2,1,1 giường đôi,,True,1,"[""https://owa.bestprice.vn/images/hotels/uploads/novotel-ha-long-hotel-646dd0faa2ca1.jpg"", ""https://owa.bestprice.vn/images/hotels/uploads/novotel-ha-long-hotel-646dd5fb7e07f.jpg""]"
80c248dd5eb3,650b20094d8f9694be5c7eb7,https://www.bestprice.vn/khach-san/bb-sapa-1288.html,room_detail_5342_2_,Phòng Superior,"[""30m 2"", ""2 người lớn, 2 trẻ em"", ""Hướng thành phố"", ""2 giường đơn / 1 giường đôi""]",30.0,2,2,2 giường đơn / 1 giường đôi,Hướng thành phố,True,1,"[""https://owa.bestprice.vn/images/hotels/uploads/bb-hotel-sapa-64df3a1d4be75.jpg"", ""https://owa.bestprice.vn/images/hotels/uploads/bb-hotel-sapa-64df3a1d4bd9f.jpg"", ""https://owa.bestprice.vn/images/hotels/uploads/bb-hotel-sapa-64df3a1d4bf47.jpg"", ""https://owa.bestprice.vn/images/hotels/uploads/bb-hotel-sapa-64df3a1d4bede.jpg""]"
80c248dd5eb3,650b20094d8f9694be5c7eb7,https://www.bestprice.vn/khach-san/bb-sapa-1288.html,room_detail_5343_2_,Phòng Deluxe,"[""30m 2"", ""2 người lớn, 2 trẻ em"", ""Hướng thành phố"", ""2 giường đơn / 1 giường đôi""]",30.0,2,2,2 giường đơn / 1 giường đôi,Hướng thành phố,True,1,"[""https://owa.bestprice.vn/images/hotels/uploads/bb-hotel-sapa-64df3a350fab4.jpg"", ""https://owa.bestprice.vn/images/hotels/uploads/bb-hotel-sapa-64df3a350fb20.jpg"", ""https://owa.bestprice.vn/images/hotels/uploads/bb-hotel-sapa-64df3a350fc07.jpg"", ""https://owa.bestprice.vn/images/hotels/uploads/bb-hotel-sapa-64df3a350fc70.jpg"", ""https://owa.bestprice.vn/images/hotels/uploads/bb-hotel-sapa-64df3a350fcda.jpg""]"
80c248dd5eb3,650b20094d8f9694be5c7eb7,https://www.bestprice.vn/khach-san/bb-sapa-1288.html,room_detail_9271_2_,Phòng Executive Suite,"[""45m 2"", ""2 người lớn, 2 trẻ em"", ""Hướng thành phố"", ""1 giường lớn""]",45.0,2,2,1 giường lớn,Hướng thành phố,True,1,"[""https://owa.bestprice.vn/images/hotels/uploads/bb-hotel-sapa-64df3a4637408.jpg"", ""https://owa.bestprice.vn/images/hotels/uploads/bb-hotel-sapa-64df3a4637484.jpg"", ""https://owa.bestprice.vn/images/hotels/uploads/bb-hotel-sapa-64df3a46374f0.jpg"", ""https://owa.bestprice.vn/images/hotels/uploads/bb-hotel-sapa-64df3a463755a.jpg"", ""https://owa.bestprice.vn/images/hotels/uploads/bb-hotel-sapa-64df3a46375c3.jpg""]"
80c248dd5eb3,650b20094d8f9694be5c7eb7,https://www.bestprice.vn/khach-san/bb-sapa-1288.html,room_detail_9273_2_,Phòng Corner Suite,"[""50m 2"", ""2 người lớn, 2 trẻ em"", ""Hướng thành phố"", ""1 giường lớn""]",50.0,2,2,1 giường lớn,Hướng thành phố,True,1,"[""https://owa.bestprice.vn/images/hotels/uploads/bb-hotel-sapa-64df3a62155e1.jpg"", ""https://owa.bestprice.vn/images/hotels/uploads/bb-hotel-sapa-64df3a621565c.jpg"", ""https://owa.bestprice.vn/images/hotels/uploads/bb-hotel-sapa-64df3a62156c8.jpg"", ""https://owa.bestprice.vn/images/hotels/uploads/bb-hotel-sapa-64df3a621579b.jpg"", ""https://owa.bestprice.vn/images/hotels/uploads/bb-hotel-sapa-64df3a6215804.jpg""]"
80c248dd5eb3,650b20094d8f9694be5c7eb7,https://www.bestprice.vn/khach-san/bb-sapa-1288.html,room_detail_9275_4_,Phòng Family,"[""50m 2"", ""4 người lớn, 2 trẻ em"", ""Hướng thành phố"", ""1 Giường đôi & 2 Giường đơn""]",50.0,4,2,1 Giường đôi & 2 Giường đơn,Hướng thành phố,True,1,"[""https://owa.bestprice.vn/images/hotels/uploads/bb-hotel-sapa-64df3a760aef5.jpg"", ""https://owa.bestprice.vn/images/hotels/uploads/bb-hotel-sapa-64df3a760af75.jpg"", ""https://owa.bestprice.vn/images/hotels/uploads/bb-hotel-sapa-64df3a760b0b4.jpg"", ""https://owa.bestprice.vn/images/hotels/uploads/bb-hotel-sapa-64df3a760b11d.jpg"", ""https://owa.bestprice.vn/images/hotels/uploads/bb-hotel-sapa-64df3a760b186.jpg""]"
80c248dd5eb3,651bae3ec8f3d7935592ba61,https://www.bestprice.vn/khach-san/amazing-sapa-1350.html,room_detail_5700_2_,Phòng Superior,"[""20m 2"", ""2 người lớn, 2 trẻ em"", ""Hướng thành phố"", ""2 giường đơn / 1 giường đôi""]",20.0,2,2,2 giường đơn / 1 giường đôi,Hướng thành phố,True,1,"[""https://owa.bestprice.vn/images/hotels/uploads/amazing-hotel-sapa-64d21a0fb6413.jpg"", ""https://owa.bestprice.vn/images/hotels/uploads/amazing-hotel-sapa-64ec504c9ac60.jpg"", ""https://owa.bestprice.vn/images/hotels/uploads/amazing-hotel-sapa-64ec504c9abd9.jpg""]"
80c248dd5eb3,651bae3ec8f3d7935592ba61,https://www.bestprice.vn/khach-san/amazing-sapa-1350.html,room_detail_5701_2_,Phòng Deluxe,"[""22m 2"", ""2 người lớn, 2 trẻ em"", ""Hướng núi"", ""2 giường đơn / 1 giường đôi""]",22.0,2,2,2 giường đơn / 1 giường đôi,Hướng núi,True,1,"[""https://owa.bestprice.vn/images/hotels/uploads/amazing-hotel-sapa-64d21a0fb6242.jpg"", ""https://owa.bestprice.vn/images/hotels/uploads/amazing-sapa-hotel-64be42ae47bf9.jpg"", ""https://owa.bestprice.vn/images/hotels/uploads/amazing-hotel-sapa-64d21a0fb60e1.jpg""]"
80c248dd5eb3,651bae3ec8f3d7935592ba61,https://www.bestprice.vn/khach-san/amazing-sapa-1350.html,room_detail_5702_3_,Phòng Deluxe Family,"[""30m 2"", ""3 người lớn, 2 trẻ em"", ""Hướng núi"", ""1 Giường đôi & 1 Giường đơn""]",30.0,3,2,1 Giường đôi & 1 Giường đơn,Hướng núi,,,"[""https://owa.bestprice.vn/images/hotels/uploads/amazing-hotel-sapa-64d21a0fb6158.jpg"", ""https://owa.bestprice.vn/images/hotels/uploads/amazing-hotel-sapa-64d5f0721edf3.jpg""]"
80c248dd5eb3,651bae3ec8f3d7935592ba61,https://www.bestprice.vn/khach-san/amazing-sapa-1350.html,room_detail_9413_2_,Phòng Junior Suite,"[""50m 2"", ""2 người lớn, 2 trẻ em"", ""Hướng núi"", ""1 giường lớn""]",50.0,2,2,1 giường lớn,Hướng núi,True,1,"[""https://owa.bestprice.vn/images/hotels/uploads/amazing-hotel-sapa-64d5e660684da.jpg"", ""https://owa.bestprice.vn/images/hotels/uploads/amazing-hotel-sapa-64ec504c9acd8.jpg"", ""https://owa.bestprice.vn/images/hotels/uploads/amazing-hotel-sapa-64ec504c9ad4d.jpg""]"
80c248dd5eb3,651bae3ec8f3d7935592ba61,https://www.bestprice.vn/khach-san/amazing-sapa-1350.html,room_detail_19889_4_,Phòng Connecting,"[""40m 2"", ""4 người lớn, 2 trẻ em"", ""Hướng núi"", ""1 giường đơn / 1 giường đôi""]",40.0,4,2,1 giường đơn / 1 giường đôi,Hướng núi,,,"[""https://owa.bestprice.vn/images/hotels/uploads/amazing-hotel-sapa-64d5f0721ed6f.jpg"", ""https://owa.bestprice.vn/images/hotels/uploads/amazing-hotel-sapa-64d44387d01d4.jpg"", ""https://owa.bestprice.vn/images/hotels/uploads/amazing-hotel-sapa-64d44387d0258.jpg"", ""https://owa.bestprice.vn/images/hotels/uploads/amazing-hotel-sapa-64d44387d0343.jpg""]"
80c248dd5eb3,657f335d02657a6b91efe0db,https://www.bestprice.vn/khach-san/dendro-gold-nha-trang-1351.html,room_detail_5708_2_,Phòng Superior City View,"[""32m 2"", ""2 người lớn, 2 trẻ em"", ""Hướng thành phố"", ""2 giường đơn / 1 giường đôi""]",32.0,2,2,2 giường đơn / 1 giường đôi,Hướng thành phố,True,1,"[""https://owa.bestprice.vn/images/hotels/uploads/dendro-gold-nha-trang-6482ed96e3e00.jpg"", ""https://owa.bestprice.vn/images/hotels/uploads/dendro-gold-nha-trang-6482ed89a53a6.jpg""]"
80c248dd5eb3,657f335d02657a6b91efe0db,https://www.bestprice.vn/khach-san/dendro-gold-nha-trang-1351.html,room_detail_5709_2_,Phòng Deluxe City View With Balcony,"[""32m 2"", ""2 người lớn, 2 trẻ em"", ""Hướng thành phố"", ""2 giường đơn / 1 giường đôi""]",32.0,2,2,2 giường đơn / 1 giường đôi,Hướng thành phố,True,1,"[""https://owa.bestprice.vn/images/hotels/uploads/dendro-gold-nha-trang-6482f211a5f7f.jpg"", ""https://owa.bestprice.vn/images/hotels/uploads/dendro-gold-nha-trang-6482ed89a532c.jpg""]"
80c248dd5eb3,657f335d02657a6b91efe0db,https://www.bestprice.vn/khach-san/dendro-gold-nha-trang-1351.html,room_detail_5710_2_,Phòng Deluxe Sea View With Balcony,"[""32m 2"", ""2 người lớn, 2 trẻ em"", ""Hướng biển"", ""2 giường đơn / 1 giường đôi""]",32.0,2,2,2 giường đơn / 1 giường đôi,Hướng biển,True,1,"[""https://owa.bestprice.vn/images/hotels/uploads/dendro-gold-nha-trang-6482ed89a5230.jpg"", ""https://owa.bestprice.vn/images/hotels/uploads/dendro-gold-nha-trang-6482ed89a52b0.jpg"", ""https://owa.bestprice.vn/images/hotels/uploads/dendro-gold-nha-trang-6482ed89a5158.jpg"", ""https://owa.bestprice.vn/images/hotels/uploads/dendro-gold-nha-trang-6482f0db695cf.jpg""]"
80c248dd5eb3,657f335d02657a6b91efe0db,https://www.bestprice.vn/khach-san/dendro-gold-nha-trang-1351.html,room_detail_5711_2_,Phòng Senior Ocean View,"[""32m 2"", ""2 người lớn, 2 trẻ em"", ""Hướng biển"", ""2 giường đơn / 1 giường đôi""]",32.0,2,2,2 giường đơn / 1 giường đôi,Hướng biển,True,1,"[""https://owa.bestprice.vn/images/hotels/uploads/dendro-gold-nha-trang-6482f0db69548.jpg"", ""https://owa.bestprice.vn/images/hotels/uploads/dendro-gold-nha-trang-6482f6eeefcc8.jpg""]"
80c248dd5eb3,657f335d02657a6b91efe0db,https://www.bestprice.vn/khach-san/dendro-gold-nha-trang-1351.html,room_detail_5712_2_,Phòng Senior Ocean View With Balcony,"[""32m 2"", ""2 người lớn, 2 trẻ em"", ""Hướng biển"", ""2 giường đơn / 1 giường đôi""]",32.0,2,2,2 giường đơn / 1 giường đôi,Hướng biển,True,1,"[""https://owa.bestprice.vn/images/hotels/uploads/dendro-gold-nha-trang-6482f0db694cd.jpg"", ""https://owa.bestprice.vn/images/hotels/uploads/dendro-gold-nha-trang-6482f6eeefbbc.jpg""]"
80c248dd5eb3,657f335d02657a6b91efe0db,https://www.bestprice.vn/khach-san/dendro-gold-nha-trang-1351.html,room_detail_5714_4_,Phòng Family Sea View With Balcony,"[""42m 2"", ""4 người lớn, 2 trẻ em"", ""Hướng biển"", ""2 giường đôi""]",42.0,4,2,2 giường đôi,Hướng biển,,,"[""https://owa.bestprice.vn/images/hotels/uploads/dendro-gold-nha-trang-6482f0db693c4.jpg"", ""https://owa.bestprice.vn/images/hotels/uploads/dendro-gold-nha-trang-6482f0ce4bcbb.jpg""]"
80c248dd5eb3,661bff1fc2b511e0d341f4bf,https://www.bestprice.vn/khach-san/vinholidays-fiesta-phu-quoc-2013.html,room_detail_10077_2_,Standard Room,"[""25m 2"", ""2 người lớn, 2 trẻ em"", ""Hướng vườn"", ""2 giường đơn / 1 giường lớn""]",25.0,2,2,2 giường đơn / 1 giường lớn,Hướng vườn,True,1,"[""https://owa.bestprice.vn/images/hotels/uploads/vinholidays-fiesta-phu-quoc-633bf3bb38570.jpg"", ""https://owa.bestprice.vn/images/hotels/uploads/vinholidays-fiesta-phu-quoc-633bf3bb383d1.jpg"", ""https://owa.bestprice.vn/images/hotels/uploads/vinholidays-fiesta-phu-quoc-633bf3bb38684.jpg"", ""https://owa.bestprice.vn/images/hotels/uploads/vinholidays-fiesta-phu-quoc-633bf3bb38719.jpg"", ""https://owa.bestprice.vn/images/hotels/uploads/vinholidays-fiesta-phu-quoc-633bf3bb37ddc.jpg"", ""https://owa.bestprice.vn/images/hotels/uploads/vinholidays-fiesta-phu-quoc-633bf3bb387a3.jpg""]"
80c248dd5eb3,661bff1fc2b511e0d341f4bf,https://www.bestprice.vn/khach-san/vinholidays-fiesta-phu-quoc-2013.html,room_detail_10079_2_,Studio Suite,"[""40m 2"", ""2 người lớn, 2 trẻ em"", ""Hướng vườn"", ""1 giường lớn""]",40.0,2,2,1 giường lớn,Hướng vườn,True,1,"[""https://owa.bestprice.vn/images/hotels/uploads/vinholidays-fiesta-phu-quoc-633bf3bb384e5.jpg"", ""https://owa.bestprice.vn/images/hotels/uploads/vinholidays-fiesta-phu-quoc-633bf3bb3845a.jpg"", ""https://owa.bestprice.vn/images/hotels/uploads/vinholidays-fiesta-phu-quoc-633bf3bb37ef6.jpg"", ""https://owa.bestprice.vn/images/hotels/uploads/vinholidays-fiesta-phu-quoc-633bf3bb385f9.jpg""]"
80c248dd5eb3,664d6003d78040f4fcb480a5,https://www.bestprice.vn/khach-san/premier-residences-phu-quoc-emerald-bay-1541.html,room_detail_7722_2_,Phòng Standard,"[""45m 2"", ""2 người lớn, 1 trẻ em"", ""Hướng vườn"", ""1 giường đơn / 1 giường lớn""]",45.0,2,1,1 giường đơn / 1 giường lớn,Hướng vườn,True,1,"[""https://owa.bestprice.vn/images/hotels/uploads/premier-residences-phu-quoc-emerald-bay-641bca3ba5308.jpg"", ""https://owa.bestprice.vn/images/hotels/uploads/premier-residences-phu-quoc-emerald-bay-641bca3ba524f.jpg""]"
80c248dd5eb3,664d6003d78040f4fcb480a5,https://www.bestprice.vn/khach-san/premier-residences-phu-quoc-emerald-bay-1541.html,room_detail_7723_2_,Phòng Superior Suite 1 King Bed,"[""57m 2"", ""2 người lớn, 1 trẻ em"", ""Hướng hồ bơi"", ""1 giường đơn / 1 giường lớn""]",57.0,2,1,1 giường đơn / 1 giường lớn,Hướng hồ bơi,True,1,"[""https://owa.bestprice.vn/images/hotels/uploads/premier-residences-phu-quoc-emerald-bay-6426887daeaec.jpg"", ""https://owa.bestprice.vn/images/hotels/uploads/premier-residences-phu-quoc-emerald-bay-641bca3ba5458.jpg""]"
80c248dd5eb3,664d6003d78040f4fcb480a5,https://www.bestprice.vn/khach-san/premier-residences-phu-quoc-emerald-bay-1541.html,room_detail_7724_4_,Phòng Superior Suite 2 King Beds,"[""80m 2"", ""4 người lớn, 2 trẻ em"", ""Hướng hồ bơi"", ""1 giường đơn / 2 giường lớn""]",80.0,4,2,1 giường đơn / 2 giường lớn,Hướng hồ bơi,True,1,"[""https://owa.bestprice.vn/images/hotels/uploads/premier-residences-phu-quoc-emerald-bay-641bca3ba54fe.jpg"", ""https://owa.bestprice.vn/images/hotels/uploads/premier-residences-phu-quoc-emerald-bay-6426887daebae.jpg""]"
80c248dd5eb3,664d6003d78040f4fcb480a5,https://www.bestprice.vn/khach-san/premier-residences-phu-quoc-emerald-bay-1541.html,room_detail_7725_4_,Phòng Family Executive,"[""107m 2"", ""4 người lớn, 4 trẻ em"", ""Hướng biển"", ""1 giường đơn / 1 Giường đôi & 1 Giường đơn""]",107.0,4,4,1 giường đơn / 1 Giường đôi & 1 Giường đơn,Hướng biển,True,1,"[""https://owa.bestprice.vn/images/hotels/uploads/premier-residences-phu-quoc-emerald-bay-641bca3ba55a4.jpg"", ""https://owa.bestprice.vn/images/hotels/uploads/premier-residences-phu-quoc-emerald-bay-6426887daec5b.jpg""]"
80c248dd5eb3,664d6003d78040f4fcb480a5,https://www.bestprice.vn/khach-san/premier-residences-phu-quoc-emerald-bay-1541.html,room_detail_7726_4_,Apartment 2 Bedroom Standard,"[""132m 2"", ""4 người lớn, 4 trẻ em"", ""Hướng hồ bơi"", ""1 giường đơn / 2 giường lớn""]",132.0,4,4,1 giường đơn / 2 giường lớn,Hướng hồ bơi,True,1,"[""https://owa.bestprice.vn/images/hotels/uploads/premier-residences-phu-quoc-emerald-bay-641bca3ba56f0.jpg"", ""https://owa.bestprice.vn/images/hotels/uploads/premier-residences-phu-quoc-emerald-bay-641bca3ba564a.jpg""]"
80c248dd5eb3,664d6003d78040f4fcb480a5,https://www.bestprice.vn/khach-san/premier-residences-phu-quoc-emerald-bay-1541.html,room_detail_19428_4_,Apartment 2 Bedrooms with Private Pool,"[""125m 2"", ""4 người lớn, 5 trẻ em"", ""2 giường đôi""]",125.0,4,5,2 giường đôi,,True,1,"[""https://owa.bestprice.vn/images/hotels/uploads/premier-residences-phu-quoc-emerald-bay-641bca3ba5795.jpg"", ""https://owa.bestprice.vn/images/hotels/uploads/premier-residences-phu-quoc-emerald-bay-641bca3ba583a.jpg""]"
80c248dd5eb3,664d6003d78040f4fcb480a5,https://www.bestprice.vn/khach-san/premier-residences-phu-quoc-emerald-bay-1541.html,room_detail_7728_6_,Apartment 3 Bedrooms with Private Pool,"[""170m 2"", ""6 người lớn, 5 trẻ em"", ""Hướng vườn"", ""3 giường đôi""]",170.0,6,5,3 giường đôi,Hướng vườn,True,1,"[""https://owa.bestprice.vn/images/hotels/uploads/premier-residences-phu-quoc-emerald-bay-6426887daed02.jpg"", ""https://owa.bestprice.vn/images/hotels/uploads/premier-residences-phu-quoc-emerald-bay-6426887daeda8.jpg""]"
80c248dd5eb3,664d6003d78040f4fcb480a5,https://www.bestprice.vn/khach-san/premier-residences-phu-quoc-emerald-bay-1541.html,room_detail_10477_4_,Penthouse 2 Bedrooms,"[""256m 2"", ""4 người lớn, 4 trẻ em"", ""Hướng biển"", ""1 giường đơn / 2 giường lớn""]",256.0,4,4,1 giường đơn / 2 giường lớn,Hướng biển,True,1,"[""https://owa.bestprice.vn/images/hotels/uploads/premier-residences-phu-quoc-emerald-bay-641bca3ba58df.jpg"", ""https://owa.bestprice.vn/images/hotels/uploads/premier-residences-phu-quoc-emerald-bay-641bca3ba5984.jpg""]"
80c248dd5eb3,664d6003d78040f4fcb480a5,https://www.bestprice.vn/khach-san/premier-residences-phu-quoc-emerald-bay-1541.html,room_detail_20410_6_,Garden Villa 3 Bedrooms with private pool,"[""0m 2"", ""6 người lớn, 2 trẻ em"", ""Hướng thành phố"", ""3 giường đôi""]",0.0,6,2,3 giường đôi,Hướng thành phố,True,1,[]
80c248dd5eb3,691895e4e92a9fc226fc9b88,https://www.bestprice.vn/khach-san/golden-sea-3-da-nang-1372.html,room_detail_5847_2_,Phòng Superior Twin,"[""35m 2"", ""2 người lớn, 2 trẻ em"", ""Hướng thành phố"", ""2 giường đơn / 1 giường đôi""]",35.0,2,2,2 giường đơn / 1 giường đôi,Hướng thành phố,True,1,"[""https://owa.bestprice.vn/images/hotels/uploads/golden-sea-3-da-nang-6454d78758d19.jpg"", ""https://owa.bestprice.vn/images/hotels/uploads/golden-sea-3-da-nang-6454d7875879a.jpg"", ""https://owa.bestprice.vn/images/hotels/uploads/golden-sea-3-da-nang-6454d78758d95.jpg""]"
80c248dd5eb3,691895e4e92a9fc226fc9b88,https://www.bestprice.vn/khach-san/golden-sea-3-da-nang-1372.html,room_detail_14185_2_,Phòng Superior Triple,"[""37m 2"", ""2 người lớn, 2 trẻ em"", ""1 Giường đôi & 1 Giường đơn""]",37.0,2,2,1 Giường đôi & 1 Giường đơn,,True,1,"[""https://owa.bestprice.vn/images/hotels/uploads/golden-sea-3-da-nang-6454d78758c9a.jpg"", ""https://owa.bestprice.vn/images/hotels/uploads/golden-sea-3-da-nang-6454d78758b9b.jpg""]"
80c248dd5eb3,691895e4e92a9fc226fc9b88,https://www.bestprice.vn/khach-san/golden-sea-3-da-nang-1372.html,room_detail_5848_2_,Phòng Deluxe Double,"[""35m 2"", ""2 người lớn, 2 trẻ em"", ""Hướng biển"", ""2 giường đơn / 1 giường đôi""]",35.0,2,2,2 giường đơn / 1 giường đôi,Hướng biển,True,1,"[""https://owa.bestprice.vn/images/hotels/uploads/golden-sea-3-da-nang-6454d78758a13.jpg"", ""https://owa.bestprice.vn/images/hotels/uploads/golden-sea-3-da-nang-6454d78758c1e.jpg"", ""https://owa.bestprice.vn/images/hotels/uploads/golden-sea-3-da-nang-6454d78758b17.jpg""]"
80c248dd5eb3,691895e4e92a9fc226fc9b88,https://www.bestprice.vn/khach-san/golden-sea-3-da-nang-1372.html,room_detail_5849_2_,Apartment city view,"[""47m 2"", ""2 người lớn, 2 trẻ em"", ""Hướng thành phố"", ""1 giường đôi""]",47.0,2,2,1 giường đôi,Hướng thành phố,True,1,"[""https://owa.bestprice.vn/images/hotels/uploads/golden-sea-3-da-nang-6454d7875881a.jpg"", ""https://owa.bestprice.vn/images/hotels/uploads/golden-sea-3-da-nang-6454d78758996.jpg"", ""https://owa.bestprice.vn/images/hotels/uploads/golden-sea-3-da-nang-6454d76d65888.jpg""]"
80c248dd5eb3,69b5b8ea41a246e8af7bfe5c,https://www.bestprice.vn/khach-san/silk-path-grand-sapa-resort-spa-1453.html,room_detail_6499_2_,Phòng Classic Garden,"[""33m 2"", ""2 người lớn, 2 trẻ em"", ""Hướng vườn"", ""2 giường đơn / 1 giường đôi""]",33.0,2,2,2 giường đơn / 1 giường đôi,Hướng vườn,True,1,"[""https://owa.bestprice.vn/images/hotels/uploads/silk-path-grand-sapa-resort-spa-640e9ed6a7cc9.jpg"", ""https://owa.bestprice.vn/images/hotels/uploads/silk-path-grand-sapa-resort-spa-640e9ed6a7d5e.jpg"", ""https://owa.bestprice.vn/images/hotels/uploads/silk-path-grand-sapa-resort-spa-640e9ed6a7df4.jpg""]"
80c248dd5eb3,69b5b8ea41a246e8af7bfe5c,https://www.bestprice.vn/khach-san/silk-path-grand-sapa-resort-spa-1453.html,room_detail_9463_2_,Phòng Classic Mountain,"[""33m 2"", ""2 người lớn, 2 trẻ em"", ""Hướng núi"", ""2 giường đơn / 1 giường đôi""]",33.0,2,2,2 giường đơn / 1 giường đôi,Hướng núi,True,1,"[""https://owa.bestprice.vn/images/hotels/uploads/silk-path-grand-sapa-resort-spa-640e9ed6a7afe.jpg"", ""https://owa.bestprice.vn/images/hotels/uploads/silk-path-grand-sapa-resort-spa-640e9ed6a7b9c.jpg"", ""https://owa.bestprice.vn/images/hotels/uploads/silk-path-grand-sapa-resort-spa-640e9ed6a7c33.jpg""]"
80c248dd5eb3,69b5b8ea41a246e8af7bfe5c,https://www.bestprice.vn/khach-san/silk-path-grand-sapa-resort-spa-1453.html,room_detail_6500_2_,Phòng Premium Classic,"[""33m 2"", ""2 người lớn, 2 trẻ em"", ""Hướng núi"", ""1 giường đôi""]",33.0,2,2,1 giường đôi,Hướng núi,True,1,"[""https://owa.bestprice.vn/images/hotels/uploads/silk-path-grand-sapa-resort-spa-640e9ed6a818e.jpg"", ""https://owa.bestprice.vn/images/hotels/uploads/silk-path-grand-sapa-resort-spa-640e9ed6a8223.jpg""]"
80c248dd5eb3,69b5b8ea41a246e8af7bfe5c,https://www.bestprice.vn/khach-san/silk-path-grand-sapa-resort-spa-1453.html,room_detail_6501_2_,Phòng Junior Suite,"[""60m 2"", ""2 người lớn, 2 trẻ em"", ""Hướng núi"", ""1 giường lớn""]",60.0,2,2,1 giường lớn,Hướng núi,True,1,"[""https://owa.bestprice.vn/images/hotels/uploads/silk-path-grand-sapa-resort-spa-640e9ed6a7749.jpg"", ""https://owa.bestprice.vn/images/hotels/uploads/silk-path-grand-sapa-resort-spa-640e9ed6a80f8.jpg"", ""https://owa.bestprice.vn/images/hotels/uploads/silk-path-grand-sapa-resort-spa-640e9ed6a7887.jpg""]"
80c248dd5eb3,69b5b8ea41a246e8af7bfe5c,https://www.bestprice.vn/khach-san/silk-path-grand-sapa-resort-spa-1453.html,room_detail_6502_2_,Phòng Executive Suite,"[""70m 2"", ""2 người lớn, 2 trẻ em"", ""Hướng núi"", ""1 giường lớn""]",70.0,2,2,1 giường lớn,Hướng núi,True,1,"[""https://owa.bestprice.vn/images/hotels/uploads/silk-path-grand-sapa-resort-spa-640e9ed6a79b2.jpg"", ""https://owa.bestprice.vn/images/hotels/uploads/silk-path-grand-sapa-resort-spa-640e9ed6a7a47.jpg"", ""https://owa.bestprice.vn/images/hotels/uploads/silk-path-grand-sapa-resort-spa-640e9ed6a804c.jpg""]"
80c248dd5eb3,69b5b8ea41a246e8af7bfe5c,https://www.bestprice.vn/khach-san/silk-path-grand-sapa-resort-spa-1453.html,room_detail_6503_2_,Phòng Duplex,"[""65m 2"", ""2 người lớn, 2 trẻ em"", ""Hướng núi"", ""2 giường đơn / 1 giường đôi""]",65.0,2,2,2 giường đơn / 1 giường đôi,Hướng núi,True,1,"[""https://owa.bestprice.vn/images/hotels/uploads/silk-path-grand-sapa-resort-spa-640e9ed6a7e89.jpg"", ""https://owa.bestprice.vn/images/hotels/uploads/silk-path-grand-sapa-resort-spa-640e9ed6a7f1f.jpg"", ""https://owa.bestprice.vn/images/hotels/uploads/silk-path-grand-sapa-resort-spa-640e9ed6a7fb6.jpg""]"
80c248dd5eb3,69b5b8ea41a246e8af7bfe5c,https://www.bestprice.vn/khach-san/silk-path-grand-sapa-resort-spa-1453.html,room_detail_6504_4_,Bungalow,"[""90m 2"", ""4 người lớn, 2 trẻ em"", ""Hướng núi"", ""2 giường đơn / 1 giường lớn""]",90.0,4,2,2 giường đơn / 1 giường lớn,Hướng núi,True,1,"[""https://owa.bestprice.vn/images/hotels/uploads/silk-path-grand-sapa-resort-spa-640e9efad23a1.jpg"", ""https://owa.bestprice.vn/images/hotels/uploads/silk-path-grand-sapa-resort-spa-640e9efad244b.jpg"", ""https://owa.bestprice.vn/images/hotels/uploads/silk-path-grand-sapa-resort-spa-640e9efad24e8.jpg"", ""https://owa.bestprice.vn/images/hotels/uploads/silk-path-grand-sapa-resort-spa-640e9efad2593.jpg""]"
80c248dd5eb3,69ed33a8388c6084ecab5bd8,https://www.bestprice.vn/khach-san/vinpearl-condotel-beachfront-nha-trang-1469.html,room_detail_6616_2_,Studio King City View,"[""41m 2"", ""2 người lớn, 2 trẻ em"", ""Hướng thành phố"", ""1 giường lớn""]",41.0,2,2,1 giường lớn,Hướng thành phố,True,1,"[""https://owa.bestprice.vn/images/hotels/uploads/vinpearl-condotel-beachfront-nha-trang-65cee26c4087a.jpg"", ""https://owa.bestprice.vn/images/hotels/uploads/vinpearl-condotel-beachfront-nha-trang-65cee27c9fb03.jpg""]"
80c248dd5eb3,69ed33a8388c6084ecab5bd8,https://www.bestprice.vn/khach-san/vinpearl-condotel-beachfront-nha-trang-1469.html,room_detail_20277_2_,Studio Twin City View,"[""41m 2"", ""2 người lớn, 2 trẻ em"", ""Hướng thành phố"", ""2 giường đơn""]",41.0,2,2,2 giường đơn,Hướng thành phố,True,1,"[""https://owa.bestprice.vn/images/hotels/uploads/vinpearl-condotel-beachfront-nha-trang-633b93954a3e5.jpg"", ""https://owa.bestprice.vn/images/hotels/uploads/vinpearl-condotel-beachfront-nha-trang-633b93c2db5bf.jpg"", ""https://owa.bestprice.vn/images/hotels/uploads/vinpearl-condotel-beachfront-nha-trang-633b93c2dba41.jpg""]"
80c248dd5eb3,69ed33a8388c6084ecab5bd8,https://www.bestprice.vn/khach-san/vinpearl-condotel-beachfront-nha-trang-1469.html,room_detail_6617_2_,Studio King Ocean View,"[""42m 2"", ""2 người lớn, 2 trẻ em"", ""Hướng biển"", ""1 giường lớn""]",42.0,2,2,1 giường lớn,Hướng biển,True,1,"[""https://owa.bestprice.vn/images/hotels/uploads/vinpearl-condotel-beachfront-nha-trang-633b93954a495.jpg"", ""https://owa.bestprice.vn/images/hotels/uploads/vinpearl-condotel-beachfront-nha-trang-633b93dd7bf36.jpg"", ""https://owa.bestprice.vn/images/hotels/uploads/vinpearl-condotel-beachfront-nha-trang-633b93dd7bfe7.jpg""]"
80c248dd5eb3,69ed33a8388c6084ecab5bd8,https://www.bestprice.vn/khach-san/vinpearl-condotel-beachfront-nha-trang-1469.html,room_detail_20278_2_,Studio Twin Ocean View,"[""42m 2"", ""2 người lớn, 2 trẻ em"", ""Hướng biển"", ""2 giường đơn""]",42.0,2,2,2 giường đơn,Hướng biển,True,1,"[""https://owa.bestprice.vn/images/hotels/uploads/vinpearl-condotel-beachfront-nha-trang-65cee25b914b3.jpg"", ""https://owa.bestprice.vn/images/hotels/uploads/vinpearl-condotel-beachfront-nha-trang-65cee26c4092d.jpg""]"
80c248dd5eb3,69ed33a8388c6084ecab5bd8,https://www.bestprice.vn/khach-san/vinpearl-condotel-beachfront-nha-trang-1469.html,room_detail_6618_2_,Grand Studio Ocean View,"[""54m 2"", ""2 người lớn, 2 trẻ em"", ""Hướng biển"", ""1 giường lớn""]",54.0,2,2,1 giường lớn,Hướng biển,True,1,"[""https://owa.bestprice.vn/images/hotels/uploads/vinpearl-condotel-beachfront-nha-trang-633b93954aa7b.jpg"", ""https://owa.bestprice.vn/images/hotels/uploads/vinpearl-condotel-beachfront-nha-trang-65cee443ae3c9.jpg""]"
80c248dd5eb3,69ed33a8388c6084ecab5bd8,https://www.bestprice.vn/khach-san/vinpearl-condotel-beachfront-nha-trang-1469.html,room_detail_6619_4_,2-Bedroom Ocean View,"[""63m 2"", ""4 người lớn, 2 trẻ em"", ""Hướng biển"", ""1 Giường đôi & 2 Giường đơn""]",63.0,4,2,1 Giường đôi & 2 Giường đơn,Hướng biển,,,"[""https://owa.bestprice.vn/images/hotels/uploads/vinpearl-condotel-beachfront-nha-trang-633b93954a699.jpg"", ""https://owa.bestprice.vn/images/hotels/uploads/vinpearl-condotel-beachfront-nha-trang-633b93c2db9a0.jpg""]"
80c248dd5eb3,69ed33a8388c6084ecab5bd8,https://www.bestprice.vn/khach-san/vinpearl-condotel-beachfront-nha-trang-1469.html,room_detail_10039_4_,Grand 2-Bedroom Ocean View,"[""75m 2"", ""4 người lớn, 2 trẻ em"", ""Hướng biển"", ""1 Giường đôi & 2 Giường đơn""]",75.0,4,2,1 Giường đôi & 2 Giường đơn,Hướng biển,,,"[""https://owa.bestprice.vn/images/hotels/uploads/vinpearl-condotel-beachfront-nha-trang-633b93954a73a.jpg"", ""https://owa.bestprice.vn/images/hotels/uploads/vinpearl-condotel-beachfront-nha-trang-633b93c2db853.jpg"", ""https://owa.bestprice.vn/images/hotels/uploads/vinpearl-condotel-beachfront-nha-trang-633b93dd7c08a.jpg""]"
80c248dd5eb3,6aebdeb3ec518189da69c9a6,https://www.bestprice.vn/khach-san/gaia-phu-quoc-1494.html,room_detail_6821_2_,Phòng Standard,"[""25m 2"", ""2 người lớn, 2 trẻ em"", ""Hướng thành phố"", ""2 giường đơn / 1 giường đôi""]",25.0,2,2,2 giường đơn / 1 giường đôi,Hướng thành phố,True,1,"[""https://owa.bestprice.vn/images/hotels/uploads/gaia-phu-quoc-hotel-646ebd3d361fc.jpg"", ""https://owa.bestprice.vn/images/hotels/uploads/gaia-phu-quoc-hotel-646ebcdf6a9fc.jpg""]"
80c248dd5eb3,6aebdeb3ec518189da69c9a6,https://www.bestprice.vn/khach-san/gaia-phu-quoc-1494.html,room_detail_6822_2_,Phòng Deluxe,"[""29m 2"", ""2 người lớn, 2 trẻ em"", ""Hướng thành phố"", ""1 giường đôi""]",29.0,2,2,1 giường đôi,Hướng thành phố,True,1,"[""https://owa.bestprice.vn/images/hotels/uploads/gaia-phu-quoc-hotel-646ec04364cf9.jpg"", ""https://owa.bestprice.vn/images/hotels/uploads/gaia-phu-quoc-hotel-646ebfe787762.jpg"", ""https://owa.bestprice.vn/images/hotels/uploads/gaia-phu-quoc-hotel-646ec0aedc3cd.jpg"", ""https://owa.bestprice.vn/images/hotels/uploads/gaia-phu-quoc-hotel-646ebf39d90ad.jpg"", ""https://owa.bestprice.vn/images/hotels/uploads/gaia-phu-quoc-hotel-646ec0fe15818.jpg""]"
80c248dd5eb3,6aebdeb3ec518189da69c9a6,https://www.bestprice.vn/khach-san/gaia-phu-quoc-1494.html,room_detail_6824_2_,Phòng Premium,"[""32m 2"", ""2 người lớn, 2 trẻ em"", ""Hướng thành phố"", ""1 Giường đôi & 1 Giường đơn""]",32.0,2,2,1 Giường đôi & 1 Giường đơn,Hướng thành phố,True,1,"[""https://owa.bestprice.vn/images/hotels/uploads/gaia-phu-quoc-hotel-646ec44fb58cc.jpg"", ""https://owa.bestprice.vn/images/hotels/uploads/gaia-phu-quoc-hotel-646ec4d9e827c.jpg""]"
80c248dd5eb3,6aebdeb3ec518189da69c9a6,https://www.bestprice.vn/khach-san/gaia-phu-quoc-1494.html,room_detail_6825_2_,Phòng Executive,"[""36m 2"", ""2 người lớn, 2 trẻ em"", ""Hướng biển"", ""1 Giường đôi & 1 Giường đơn""]",36.0,2,2,1 Giường đôi & 1 Giường đơn,Hướng biển,True,1,"[""https://owa.bestprice.vn/images/hotels/uploads/gaia-phu-quoc-hotel-646ec24f27d8b.jpg"", ""https://owa.bestprice.vn/images/hotels/uploads/gaia-phu-quoc-hotel-646ec1d47505c.jpg"", ""https://owa.bestprice.vn/images/hotels/uploads/gaia-phu-quoc-hotel-646ec2a9044c8.jpg""]"
80c248dd5eb3,6aebdeb3ec518189da69c9a6,https://www.bestprice.vn/khach-san/gaia-phu-quoc-1494.html,room_detail_19435_4_,Apartment 2-bedroom with ocean view,"[""90m 2"", ""4 người lớn, 2 trẻ em"", ""Hướng biển"", ""2 giường đôi""]",90.0,4,2,2 giường đôi,Hướng biển,,,"[""https://owa.bestprice.vn/images/hotels/uploads/gaia-phu-quoc-hotel-646ec57ed9cf1.jpg"", ""https://owa.bestprice.vn/images/hotels/uploads/gaia-phu-quoc-hotel-646ec51f4f8c6.jpg"", ""https://owa.bestprice.vn/images/hotels/uploads/gaia-phu-quoc-hotel-646ec5b52a11b.jpg""]"
80c248dd5eb3,6e291bc861c60ac1ce06d1ef,https://www.bestprice.vn/khach-san/diamond-sea-hotel-da-nang-1365.html,room_detail_5812_2_,Superior,"[""28m 2"", ""2 người lớn, 1 trẻ em"", ""2 giường đơn / 1 giường đôi""]",28.0,2,1,2 giường đơn / 1 giường đôi,,True,1,"[""https://owa.bestprice.vn/images/hotels/uploads/diamond-sea-hotel-da-nang-6487cd53633c7.jpg"", ""https://owa.bestprice.vn/images/hotels/uploads/diamond-sea-hotel-da-nang-6487cd5363341.jpg"", ""https://owa.bestprice.vn/images/hotels/uploads/diamond-sea-hotel-da-nang-6487cd53632b9.jpg"", ""https://owa.bestprice.vn/images/hotels/uploads/diamond-sea-hotel-da-nang-6487cd5363233.jpg""]"
80c248dd5eb3,6e291bc861c60ac1ce06d1ef,https://www.bestprice.vn/khach-san/diamond-sea-hotel-da-nang-1365.html,room_detail_5814_2_,Ocean Premier,"[""36m 2"", ""2 người lớn, 1 trẻ em"", ""Hướng biển"", ""2 giường đơn / 1 giường lớn""]",36.0,2,1,2 giường đơn / 1 giường lớn,Hướng biển,True,1,"[""https://owa.bestprice.vn/images/hotels/uploads/diamond-sea-hotel-da-nang-6487cd5362f90.jpg"", ""https://owa.bestprice.vn/images/hotels/uploads/diamond-sea-hotel-da-nang-6487cd5362f0a.jpg"", ""https://owa.bestprice.vn/images/hotels/uploads/diamond-sea-hotel-da-nang-6487cd5363017.jpg"", ""https://owa.bestprice.vn/images/hotels/uploads/diamond-sea-hotel-da-nang-6487cd5362e83.jpg"", ""https://owa.bestprice.vn/images/hotels/uploads/diamond-sea-hotel-da-nang-6487cd5362dfc.jpg""]"
80c248dd5eb3,6e3d3b6bd5fbc561317c8bb1,https://www.bestprice.vn/khach-san/topas-ecolodge-resort-sapa-1287.html,room_detail_5341_2_,Premium Executive Bungalow,"[""29m 2"", ""2 người lớn, 1 trẻ em"", ""Hướng núi"", ""2 giường đơn / 1 giường đôi""]",29.0,2,1,2 giường đơn / 1 giường đôi,Hướng núi,True,1,"[""https://owa.bestprice.vn/images/hotels/uploads/topas-ecolodge-resort-sapa-6272131b0390f.jpg"", ""https://owa.bestprice.vn/images/hotels/uploads/topas-ecolodge-resort-sapa-6272131b03abc.jpg"", ""https://owa.bestprice.vn/images/hotels/uploads/topas-ecolodge-resort-sapa-6272131b03bc5.jpg"", ""https://owa.bestprice.vn/images/hotels/uploads/topas-ecolodge-resort-sapa-627213483c15e.jpg""]"
80c248dd5eb3,6e3d3b6bd5fbc561317c8bb1,https://www.bestprice.vn/khach-san/topas-ecolodge-resort-sapa-1287.html,room_detail_9617_2_,Suite Bungalow,"[""56m 2"", ""2 người lớn, 1 trẻ em"", ""Hướng núi"", ""1 giường đôi""]",56.0,2,1,1 giường đôi,Hướng núi,True,1,"[""https://owa.bestprice.vn/images/hotels/uploads/topas-ecolodge-resort-sapa-6272131b03a37.jpg"", ""https://owa.bestprice.vn/images/hotels/uploads/topas-ecolodge-resort-sapa-6272131b03c49.jpg"", ""https://owa.bestprice.vn/images/hotels/uploads/topas-ecolodge-resort-sapa-6272131b03edf.jpg"", ""https://owa.bestprice.vn/images/hotels/uploads/topas-ecolodge-resort-sapa-627213483c0dc.jpg""]"
80c248dd5eb3,6e3d3b6bd5fbc561317c8bb1,https://www.bestprice.vn/khach-san/topas-ecolodge-resort-sapa-1287.html,room_detail_10467_3_,Deluxe Suite Bungalow,"[""60m 2"", ""3 người lớn, 1 trẻ em"", ""Hướng núi"", ""2 giường đơn / 1 giường lớn""]",60.0,3,1,2 giường đơn / 1 giường lớn,Hướng núi,True,2,"[""https://owa.bestprice.vn/images/hotels/uploads/topas-ecolodge-resort-sapa-627213483bdb6.jpg"", ""https://owa.bestprice.vn/images/hotels/uploads/topas-ecolodge-resort-sapa-627213483be36.jpg""]"
80c248dd5eb3,6e3d3b6bd5fbc561317c8bb1,https://www.bestprice.vn/khach-san/topas-ecolodge-resort-sapa-1287.html,room_detail_10469_2_,Pool Villa,"[""87m 2"", ""2 người lớn, 1 trẻ em"", ""Hướng núi"", ""1 giường lớn""]",87.0,2,1,1 giường lớn,Hướng núi,True,1,"[""https://owa.bestprice.vn/images/hotels/uploads/topas-ecolodge-resort-sapa-6272131b03b3f.jpg"", ""https://owa.bestprice.vn/images/hotels/uploads/topas-ecolodge-resort-sapa-6272131b03cce.jpg"", ""https://owa.bestprice.vn/images/hotels/uploads/topas-ecolodge-resort-sapa-6272131b03d51.jpg"", ""https://owa.bestprice.vn/images/hotels/uploads/topas-ecolodge-resort-sapa-6272131b03dd4.jpg""]"
80c248dd5eb3,6f6173c7e1db7f4d3e007314,https://www.bestprice.vn/khach-san/hoang-minh-chau-ba-trieu-da-lat-1581.html,room_detail_7410_2_,Standard,"[""17m 2"", ""2 người lớn, 2 trẻ em"", ""1 giường đôi""]",17.0,2,2,1 giường đôi,,True,1,"[""https://owa.bestprice.vn/images/hotels/uploads/hoang-minh-chau-ba-trieu-5d71bc929d32d.jpg""]"
80c248dd5eb3,6f6173c7e1db7f4d3e007314,https://www.bestprice.vn/khach-san/hoang-minh-chau-ba-trieu-da-lat-1581.html,room_detail_7411_4_,Standard Family,"[""21m 2"", ""4 người lớn, 2 trẻ em"", ""2 giường đôi""]",21.0,4,2,2 giường đôi,,True,1,"[""https://owa.bestprice.vn/images/hotels/uploads/hoang-minh-chau-ba-trieu-5d71bc929d2a6.jpg""]"
80c248dd5eb3,6f6173c7e1db7f4d3e007314,https://www.bestprice.vn/khach-san/hoang-minh-chau-ba-trieu-da-lat-1581.html,room_detail_7412_2_,Superior,"[""22m 2"", ""2 người lớn, 2 trẻ em"", ""1 giường đôi""]",22.0,2,2,1 giường đôi,,True,1,"[""https://owa.bestprice.vn/images/hotels/uploads/hoang-minh-chau-ba-trieu-5d71bc929d54a.jpg""]"
80c248dd5eb3,6f6173c7e1db7f4d3e007314,https://www.bestprice.vn/khach-san/hoang-minh-chau-ba-trieu-da-lat-1581.html,room_detail_7413_2_,Superior City View,"[""22m 2"", ""2 người lớn, 2 trẻ em"", ""1 giường đôi""]",22.0,2,2,1 giường đôi,,True,1,"[""https://owa.bestprice.vn/images/hotels/uploads/hoang-minh-chau-ba-trieu-5d71bc929d4c3.jpg""]"
80c248dd5eb3,6f6173c7e1db7f4d3e007314,https://www.bestprice.vn/khach-san/hoang-minh-chau-ba-trieu-da-lat-1581.html,room_detail_7414_4_,Superior Family,"[""26m 2"", ""4 người lớn, 2 trẻ em"", ""2 giường đôi""]",26.0,4,2,2 giường đôi,,True,1,"[""https://owa.bestprice.vn/images/hotels/uploads/hoang-minh-chau-ba-trieu-5d71bc929d43c.jpg""]"
80c248dd5eb3,6f6173c7e1db7f4d3e007314,https://www.bestprice.vn/khach-san/hoang-minh-chau-ba-trieu-da-lat-1581.html,room_detail_7415_2_,Superior Family City View,"[""26m 2"", ""2 người lớn, 2 trẻ em"", ""2 giường đôi""]",26.0,2,2,2 giường đôi,,True,1,"[""https://owa.bestprice.vn/images/hotels/uploads/hoang-minh-chau-ba-trieu-5d71bc929d3b5.jpg""]"
80c248dd5eb3,702301e3c4b5dbeade0a902c,https://www.bestprice.vn/khach-san/flc-luxury-hotel-resort-sam-son-1404.html,room_detail_6957_2_,Studio Suite,"[""43m 2"", ""2 người lớn, 1 trẻ em"", ""Hướng vườn"", ""2 giường đơn / 1 giường đôi""]",43.0,2,1,2 giường đơn / 1 giường đôi,Hướng vườn,True,1,"[""https://owa.bestprice.vn/images/hotels/uploads/flc-luxury-hotel-resort-sam-son-6492b6f5bcb96.jpg"", ""https://owa.bestprice.vn/images/hotels/uploads/flc-luxury-hotel-resort-sam-son-6492b6f5bcafb.jpg""]"
80c248dd5eb3,702301e3c4b5dbeade0a902c,https://www.bestprice.vn/khach-san/flc-luxury-hotel-resort-sam-son-1404.html,room_detail_9207_2_,Couple Suite,"[""60m 2"", ""2 người lớn, 2 trẻ em"", ""Hướng biển"", ""1 giường đôi""]",60.0,2,2,1 giường đôi,Hướng biển,True,1,"[""https://owa.bestprice.vn/images/hotels/uploads/flc-luxury-hotel-resort-sam-son-6492b6f5bcd58.jpg"", ""https://owa.bestprice.vn/images/hotels/uploads/flc-luxury-hotel-resort-sam-son-6492b6f5bcdef.jpg""]"
80c248dd5eb3,702301e3c4b5dbeade0a902c,https://www.bestprice.vn/khach-san/flc-luxury-hotel-resort-sam-son-1404.html,room_detail_6960_4_,Family Suite,"[""66m 2"", ""4 người lớn, 1 trẻ em"", ""Hướng vườn"", ""2 giường đôi""]",66.0,4,1,2 giường đôi,Hướng vườn,True,1,"[""https://owa.bestprice.vn/images/hotels/uploads/flc-luxury-hotel-resort-sam-son-6492b6f5bd055.jpg"", ""https://owa.bestprice.vn/images/hotels/uploads/flc-luxury-hotel-resort-sam-son-6492b6f5bcfbe.jpg""]"
80c248dd5eb3,702301e3c4b5dbeade0a902c,https://www.bestprice.vn/khach-san/flc-luxury-hotel-resort-sam-son-1404.html,room_detail_6961_5_,Family Suite Plus,"[""109m 2"", ""5 người lớn, 1 trẻ em"", ""Hướng vườn"", ""2 giường đôi / 1 Giường đôi & 2 Giường đơn""]",109.0,5,1,2 giường đôi / 1 Giường đôi & 2 Giường đơn,Hướng vườn,True,1,"[""https://owa.bestprice.vn/images/hotels/uploads/flc-luxury-hotel-resort-sam-son-6492b6f5bd182.jpg"", ""https://owa.bestprice.vn/images/hotels/uploads/flc-luxury-hotel-resort-sam-son-6492b6f5bd0eb.jpg""]"
80c248dd5eb3,702301e3c4b5dbeade0a902c,https://www.bestprice.vn/khach-san/flc-luxury-hotel-resort-sam-son-1404.html,room_detail_6090_2_,Pool Villa,"[""292m 2"", ""2 người lớn, 1 trẻ em"", ""Hướng vườn"", ""1 giường đôi""]",292.0,2,1,1 giường đôi,Hướng vườn,,,"[""https://owa.bestprice.vn/images/hotels/uploads/flc-luxury-hotel-resort-sam-son-6492b6f5bd3e1.jpg"", ""https://owa.bestprice.vn/images/hotels/uploads/flc-luxury-hotel-resort-sam-son-6492b6f5bd346.jpg"", ""https://owa.bestprice.vn/images/hotels/uploads/flc-luxury-hotel-resort-sam-son-6492b6f5bd47a.jpg""]"
80c248dd5eb3,702301e3c4b5dbeade0a902c,https://www.bestprice.vn/khach-san/flc-luxury-hotel-resort-sam-son-1404.html,room_detail_6091_2_,Pool Suite,"[""157m 2"", ""2 người lớn, 1 trẻ em"", ""Hướng biển"", ""1 giường đôi""]",157.0,2,1,1 giường đôi,Hướng biển,,,"[""https://owa.bestprice.vn/images/hotels/uploads/flc-luxury-hotel-resort-sam-son-6492b71a08a34.jpg"", ""https://owa.bestprice.vn/images/hotels/uploads/flc-luxury-hotel-resort-sam-son-6492b6f5bd510.jpg"", ""https://owa.bestprice.vn/images/hotels/uploads/flc-luxury-hotel-resort-sam-son-6492b71a08ade.jpg""]"
80c248dd5eb3,702301e3c4b5dbeade0a902c,https://www.bestprice.vn/khach-san/flc-luxury-hotel-resort-sam-son-1404.html,room_detail_6092_4_,Seaview Villa 2 Bedroom,"[""523m 2"", ""4 người lớn, 2 trẻ em"", ""Hướng biển"", ""2 giường đôi""]",523.0,4,2,2 giường đôi,Hướng biển,,,"[""https://owa.bestprice.vn/images/hotels/uploads/flc-luxury-hotel-resort-sam-son-6492b71a08c0f.jpg"", ""https://owa.bestprice.vn/images/hotels/uploads/flc-luxury-hotel-resort-sam-son-6492b71a08ca6.jpg"", ""https://owa.bestprice.vn/images/hotels/uploads/flc-luxury-hotel-resort-sam-son-6492b71a08b77.jpg""]"
80c248dd5eb3,712e948c65c02817c391915d,https://www.bestprice.vn/khach-san/champa-resort-spa-phan-thiet-323.html,room_detail_1350_2_,Deluxe Garden view,"[""40m 2"", ""2 người lớn, 2 trẻ em"", ""Hướng vườn"", ""2 giường đơn / 1 giường lớn""]",40.0,2,2,2 giường đơn / 1 giường lớn,Hướng vườn,True,1,"[""https://owa.bestprice.vn/images/hotels/uploads/champa-resort-spa-phan-thiet-5e70592be4a57.jpg""]"
80c248dd5eb3,712e948c65c02817c391915d,https://www.bestprice.vn/khach-san/champa-resort-spa-phan-thiet-323.html,room_detail_1351_2_,Deluxe Sea view,"[""40m 2"", ""2 người lớn, 2 trẻ em"", ""Hướng biển"", ""2 giường đơn / 1 giường lớn""]",40.0,2,2,2 giường đơn / 1 giường lớn,Hướng biển,True,1,"[""https://owa.bestprice.vn/images/hotels/uploads/champa-resort-spa-phan-thiet-5f44c8f39af83.jpg"", ""https://owa.bestprice.vn/images/hotels/uploads/champa-resort-spa-phan-thiet-53a7ab6a14b32.jpg""]"
80c248dd5eb3,712e948c65c02817c391915d,https://www.bestprice.vn/khach-san/champa-resort-spa-phan-thiet-323.html,room_detail_1352_2_,Garden view Bungalows,"[""48m 2"", ""2 người lớn, 2 trẻ em"", ""Hướng vườn"", ""1 giường lớn""]",48.0,2,2,1 giường lớn,Hướng vườn,True,1,"[""https://owa.bestprice.vn/images/hotels/uploads/champa-resort-spa-phan-thiet-5e70547408cc3.jpg""]"
80c248dd5eb3,712e948c65c02817c391915d,https://www.bestprice.vn/khach-san/champa-resort-spa-phan-thiet-323.html,room_detail_1353_2_,Beach front Bungalows,"[""52m 2"", ""2 người lớn, 2 trẻ em"", ""Hướng bãi biển"", ""1 giường lớn""]",52.0,2,2,1 giường lớn,Hướng bãi biển,True,1,"[""https://owa.bestprice.vn/images/hotels/uploads/champa-resort-spa-phan-thiet-5f44c88a487ad.jpg""]"
80c248dd5eb3,712e948c65c02817c391915d,https://www.bestprice.vn/khach-san/champa-resort-spa-phan-thiet-323.html,room_detail_1355_2_,VIP room,"[""52m 2"", ""2 người lớn, 2 trẻ em"", ""Hướng bãi biển"", ""1 giường lớn""]",52.0,2,2,1 giường lớn,Hướng bãi biển,True,1,"[""https://owa.bestprice.vn/images/hotels/uploads/champa-resort-spa-phan-thiet-5e70556aa17cd.jpg""]"
80c248dd5eb3,712e948c65c02817c391915d,https://www.bestprice.vn/khach-san/champa-resort-spa-phan-thiet-323.html,room_detail_1354_4_,Familly Villa,"[""127m 2"", ""4 người lớn, 2 trẻ em"", ""Hướng biển"", ""3 giường đôi""]",127.0,4,2,3 giường đôi,Hướng biển,True,1,"[""https://owa.bestprice.vn/images/hotels/uploads/champa-resort-spa-phan-thiet-5f44c8442dab2.jpg""]"
80c248dd5eb3,718442f102fc0ccd95df0381,https://www.bestprice.vn/khach-san/mithrin-ha-long-149.html,room_detail_690_2_,Phòng Superior,"[""28m 2"", ""2 người lớn, 2 trẻ em"", ""Hướng biển"", ""2 giường đơn / 1 giường lớn""]",28.0,2,2,2 giường đơn / 1 giường lớn,Hướng biển,True,1,"[""https://owa.bestprice.vn/images/hotels/uploads/mithrin-hotel-ha-long-646f274b02069.jpg"", ""https://owa.bestprice.vn/images/hotels/uploads/mithrin-hotel-ha-long-646f274b020e8.jpg"", ""https://owa.bestprice.vn/images/hotels/uploads/mithrin-hotel-ha-long-646f274b02173.jpg""]"
80c248dd5eb3,718442f102fc0ccd95df0381,https://www.bestprice.vn/khach-san/mithrin-ha-long-149.html,room_detail_691_2_,Phòng Deluxe,"[""36m 2"", ""2 người lớn, 2 trẻ em"", ""Hướng biển"", ""2 giường đơn / 1 giường lớn""]",36.0,2,2,2 giường đơn / 1 giường lớn,Hướng biển,True,1,"[""https://owa.bestprice.vn/images/hotels/uploads/mithrin-hotel-ha-long-646f274b01f2a.jpg"", ""https://owa.bestprice.vn/images/hotels/uploads/mithrin-hotel-ha-long-646f274b01fa4.jpg""]"
80c248dd5eb3,718442f102fc0ccd95df0381,https://www.bestprice.vn/khach-san/mithrin-ha-long-149.html,room_detail_19633_2_,Phòng Triple,"[""36m 2"", ""2 người lớn, 1 trẻ em"", ""Hướng biển"", ""1 Giường đôi & 1 Giường đơn""]",36.0,2,1,1 Giường đôi & 1 Giường đơn,Hướng biển,True,1,"[""https://owa.bestprice.vn/images/hotels/uploads/mithrin-hotel-ha-long-646f274b0201f.jpg""]"
80c248dd5eb3,718442f102fc0ccd95df0381,https://www.bestprice.vn/khach-san/mithrin-ha-long-149.html,room_detail_19634_2_,Phòng Suite,"[""64m 2"", ""2 người lớn, 1 trẻ em"", ""Hướng biển"", ""1 giường lớn""]",64.0,2,1,1 giường lớn,Hướng biển,True,1,"[""https://owa.bestprice.vn/images/hotels/uploads/mithrin-hotel-ha-long-646f274b01e32.jpg""]"
80c248dd5eb3,72133eb01b0c484136b04023,https://www.bestprice.vn/khach-san/melia-vinpearl-thanh-hoa-1465.html,room_detail_6593_2_,Deluxe Room,"[""32m 2"", ""2 người lớn, 1 trẻ em"", ""Hướng thành phố"", ""2 giường đơn / 1 giường đôi""]",32.0,2,1,2 giường đơn / 1 giường đôi,Hướng thành phố,True,1,"[""https://owa.bestprice.vn/images/hotels/uploads/melia-vinpearl-hotel-thanh-hoa-637d992cb20e2.jpg"", ""https://owa.bestprice.vn/images/hotels/uploads/melia-vinpearl-hotel-thanh-hoa-637d992cb232c.jpg""]"
80c248dd5eb3,72133eb01b0c484136b04023,https://www.bestprice.vn/khach-san/melia-vinpearl-thanh-hoa-1465.html,room_detail_6595_2_,Premium Corner,"[""42m 2"", ""2 người lớn, 1 trẻ em"", ""Hướng thành phố"", ""1 giường lớn""]",42.0,2,1,1 giường lớn,Hướng thành phố,True,1,"[""https://owa.bestprice.vn/images/hotels/uploads/melia-vinpearl-hotel-thanh-hoa-637d992cb1e11.jpg"", ""https://owa.bestprice.vn/images/hotels/uploads/melia-vinpearl-hotel-thanh-hoa-637d992cb229a.jpg""]"
80c248dd5eb3,72133eb01b0c484136b04023,https://www.bestprice.vn/khach-san/melia-vinpearl-thanh-hoa-1465.html,room_detail_6596_2_,Suite Room,"[""92m 2"", ""2 người lớn, 1 trẻ em"", ""Hướng thành phố"", ""1 giường lớn""]",92.0,2,1,1 giường lớn,Hướng thành phố,True,1,"[""https://owa.bestprice.vn/images/hotels/uploads/melia-vinpearl-hotel-thanh-hoa-637d992cb23bd.jpg"", ""https://owa.bestprice.vn/images/hotels/uploads/melia-vinpearl-hotel-thanh-hoa-637d992cb1d80.jpg"", ""https://owa.bestprice.vn/images/hotels/uploads/melia-vinpearl-hotel-thanh-hoa-637d992cb2205.jpg""]"
80c248dd5eb3,72133eb01b0c484136b04023,https://www.bestprice.vn/khach-san/melia-vinpearl-thanh-hoa-1465.html,room_detail_6594_2_,THE LEVEL - Premium Room,"[""34m 2"", ""2 người lớn, 1 trẻ em"", ""Hướng thành phố"", ""2 giường đơn / 1 giường đôi""]",34.0,2,1,2 giường đơn / 1 giường đôi,Hướng thành phố,True,1,"[""https://owa.bestprice.vn/images/hotels/uploads/melia-vinpearl-hotel-thanh-hoa-637d992cb1fc1.jpg"", ""https://owa.bestprice.vn/images/hotels/uploads/melia-vinpearl-hotel-thanh-hoa-637d992cb2052.jpg""]"
80c248dd5eb3,72133eb01b0c484136b04023,https://www.bestprice.vn/khach-san/melia-vinpearl-thanh-hoa-1465.html,room_detail_19308_4_,THE LEVEL - Premium Corner Room,"[""64m 2"", ""4 người lớn, 4 trẻ em"", ""Hướng thành phố"", ""2 giường lớn""]",64.0,4,4,2 giường lớn,Hướng thành phố,True,1,"[""https://owa.bestprice.vn/images/hotels/uploads/melia-vinpearl-hotel-thanh-hoa-637d99905d036.jpg""]"
80c248dd5eb3,72133eb01b0c484136b04023,https://www.bestprice.vn/khach-san/melia-vinpearl-thanh-hoa-1465.html,room_detail_20351_4_,THE LEVEL - Suite,"[""85m 2"", ""4 người lớn"", ""1 giường đôi""]",85.0,4,,1 giường đôi,,True,1,"[""https://owa.bestprice.vn/images/hotels/uploads/melia-vinpearl-hotel-thanh-hoa-637d992cb2205.jpg"", ""https://owa.bestprice.vn/images/hotels/uploads/melia-vinpearl-hotel-thanh-hoa-637d992cb229a.jpg"", ""https://owa.bestprice.vn/images/hotels/uploads/melia-vinpearl-hotel-thanh-hoa-637d992cb23bd.jpg"", ""https://owa.bestprice.vn/images/hotels/uploads/melia-vinpearl-hotel-thanh-hoa-637d992cb1d80.jpg""]"
80c248dd5eb3,72c975eeb15fc49b9b638ed8,https://www.bestprice.vn/khach-san/vinpearl-resort-golf-nam-hoi-an-1416.html,room_detail_6233_2_,Deluxe King Room,"[""48m 2"", ""2 người lớn, 2 trẻ em"", ""Hướng vườn"", ""1 giường đôi""]",48.0,2,2,1 giường đôi,Hướng vườn,True,1,"[""https://owa.bestprice.vn/images/hotels/uploads/vinpearl-resort-golf-nam-hoi-an-637f2bda95fb3.jpg"", ""https://owa.bestprice.vn/images/hotels/uploads/vinpearl-resort-golf-nam-hoi-an-637f2bda958fd.jpg""]"
80c248dd5eb3,72c975eeb15fc49b9b638ed8,https://www.bestprice.vn/khach-san/vinpearl-resort-golf-nam-hoi-an-1416.html,room_detail_20290_2_,Deluxe Twin Room,"[""48m 2"", ""2 người lớn, 2 trẻ em"", ""Hướng vườn"", ""2 giường đơn""]",48.0,2,2,2 giường đơn,Hướng vườn,True,1,"[""https://owa.bestprice.vn/images/hotels/uploads/vinpearl-resort-golf-nam-hoi-an-65cf291452fa2.jpg"", ""https://owa.bestprice.vn/images/hotels/uploads/vinpearl-resort-golf-nam-hoi-an-65cf291452eb7.jpg"", ""https://owa.bestprice.vn/images/hotels/uploads/vinpearl-resort-golf-nam-hoi-an-65cf29145318b.jpg""]"
80c248dd5eb3,72c975eeb15fc49b9b638ed8,https://www.bestprice.vn/khach-san/vinpearl-resort-golf-nam-hoi-an-1416.html,room_detail_6234_2_,Deluxe King Ocean View,"[""48m 2"", ""2 người lớn, 2 trẻ em"", ""Hướng biển"", ""1 giường đôi""]",48.0,2,2,1 giường đôi,Hướng biển,True,1,"[""https://owa.bestprice.vn/images/hotels/uploads/vinpearl-resort-golf-nam-hoi-an-637f2cdcb75f3.jpg"", ""https://owa.bestprice.vn/images/hotels/uploads/vinpearl-resort-golf-nam-hoi-an-637f2bda95861.jpg""]"
80c248dd5eb3,72c975eeb15fc49b9b638ed8,https://www.bestprice.vn/khach-san/vinpearl-resort-golf-nam-hoi-an-1416.html,room_detail_20291_2_,Deluxe Twin Ocean View,"[""48m 2"", ""2 người lớn, 2 trẻ em"", ""Hướng biển"", ""2 giường đơn""]",48.0,2,2,2 giường đơn,Hướng biển,True,1,"[""https://owa.bestprice.vn/images/hotels/uploads/vinpearl-resort-golf-nam-hoi-an-65cf29145307b.jpg"", ""https://owa.bestprice.vn/images/hotels/uploads/vinpearl-resort-golf-nam-hoi-an-65cf291453264.jpg"", ""https://owa.bestprice.vn/images/hotels/uploads/vinpearl-resort-golf-nam-hoi-an-637f2bda95a2f.jpg""]"
80c248dd5eb3,72c975eeb15fc49b9b638ed8,https://www.bestprice.vn/khach-san/vinpearl-resort-golf-nam-hoi-an-1416.html,room_detail_6235_2_,Executive Suite King,"[""83m 2"", ""2 người lớn, 2 trẻ em"", ""Hướng vườn"", ""1 giường lớn""]",83.0,2,2,1 giường lớn,Hướng vườn,True,1,"[""https://owa.bestprice.vn/images/hotels/uploads/vinpearl-resort-golf-nam-hoi-an-637f2bda9604b.jpg"", ""https://owa.bestprice.vn/images/hotels/uploads/vinpearl-resort-golf-nam-hoi-an-637f2bda95b77.jpg"", ""https://owa.bestprice.vn/images/hotels/uploads/vinpearl-resort-golf-nam-hoi-an-637f2bda95997.jpg""]"
80c248dd5eb3,72c975eeb15fc49b9b638ed8,https://www.bestprice.vn/khach-san/vinpearl-resort-golf-nam-hoi-an-1416.html,room_detail_6237_4_,Villa 2-Bedroom,"[""288m 2"", ""4 người lớn, 4 trẻ em"", ""1 Giường đôi & 2 Giường đơn""]",288.0,4,4,1 Giường đôi & 2 Giường đơn,,,,"[""https://owa.bestprice.vn/images/hotels/uploads/vinpearl-resort-golf-nam-hoi-an-637f2bda96214.jpg"", ""https://owa.bestprice.vn/images/hotels/uploads/vinpearl-resort-golf-nam-hoi-an-637f2bda95cae.jpg""]"
80c248dd5eb3,72c975eeb15fc49b9b638ed8,https://www.bestprice.vn/khach-san/vinpearl-resort-golf-nam-hoi-an-1416.html,room_detail_6238_6_,Villa 3-Bedroom,"[""349m 2"", ""6 người lớn, 5 trẻ em"", ""Hướng vườn"", ""3 giường đôi""]",349.0,6,5,3 giường đôi,Hướng vườn,,,"[""https://owa.bestprice.vn/images/hotels/uploads/vinpearl-resort-golf-nam-hoi-an-637f2bda9617b.jpg"", ""https://owa.bestprice.vn/images/hotels/uploads/vinpearl-resort-golf-nam-hoi-an-637f2bda95ac9.jpg"", ""https://owa.bestprice.vn/images/hotels/uploads/vinpearl-resort-golf-nam-hoi-an-637f2fe86063f.jpg""]"
80c248dd5eb3,72c975eeb15fc49b9b638ed8,https://www.bestprice.vn/khach-san/vinpearl-resort-golf-nam-hoi-an-1416.html,room_detail_6239_6_,Villa 3-Bedroom Ocean View,"[""349m 2"", ""6 người lớn, 5 trẻ em"", ""Hướng biển"", ""3 giường đôi""]",349.0,6,5,3 giường đôi,Hướng biển,,,"[""https://owa.bestprice.vn/images/hotels/uploads/vinpearl-resort-golf-nam-hoi-an-637f2bda95e82.jpg"", ""https://owa.bestprice.vn/images/hotels/uploads/vinpearl-resort-golf-nam-hoi-an-637f2bda95d50.jpg"", ""https://owa.bestprice.vn/images/hotels/uploads/vinpearl-resort-golf-nam-hoi-an-637f2fe86050a.jpg"", ""https://owa.bestprice.vn/images/hotels/uploads/vinpearl-resort-golf-nam-hoi-an-637f2bda960e3.jpg""]"
80c248dd5eb3,754e31b60c434da818ae20ff,https://www.bestprice.vn/khach-san/melia-vinpearl-cua-hoi-beach-resort-1393.html,room_detail_6026_2_,Deluxe Room Garden View,"[""36m 2"", ""2 người lớn, 2 trẻ em"", ""Hướng vườn"", ""2 giường đơn / 1 giường đôi""]",36.0,2,2,2 giường đơn / 1 giường đôi,Hướng vườn,True,1,"[""https://owa.bestprice.vn/images/hotels/uploads/melia-vinpearl-cua-hoi-beach-resort-6357a120ebcd4.jpg"", ""https://owa.bestprice.vn/images/hotels/uploads/melia-vinpearl-cua-hoi-beach-resort-6357a0ea0fe22.jpg""]"
80c248dd5eb3,754e31b60c434da818ae20ff,https://www.bestprice.vn/khach-san/melia-vinpearl-cua-hoi-beach-resort-1393.html,room_detail_18755_2_,Deluxe Room Lake View,"[""36m 2"", ""2 người lớn, 2 trẻ em"", ""Hướng hồ"", ""2 giường đơn / 1 giường đôi""]",36.0,2,2,2 giường đơn / 1 giường đôi,Hướng hồ,True,1,"[""https://owa.bestprice.vn/images/hotels/uploads/melia-vinpearl-cua-hoi-beach-resort-65df080e5ff23.jpg""]"
80c248dd5eb3,754e31b60c434da818ae20ff,https://www.bestprice.vn/khach-san/melia-vinpearl-cua-hoi-beach-resort-1393.html,room_detail_6027_2_,Deluxe Room Ocean View,"[""36m 2"", ""2 người lớn, 2 trẻ em"", ""Hướng biển"", ""2 giường đơn / 1 giường đôi""]",36.0,2,2,2 giường đơn / 1 giường đôi,Hướng biển,True,1,"[""https://owa.bestprice.vn/images/hotels/uploads/melia-vinpearl-cua-hoi-beach-resort-6357a0ea0fd81.jpg"", ""https://owa.bestprice.vn/images/hotels/uploads/melia-vinpearl-cua-hoi-beach-resort-6357a0ea0fccd.jpg""]"
80c248dd5eb3,754e31b60c434da818ae20ff,https://www.bestprice.vn/khach-san/melia-vinpearl-cua-hoi-beach-resort-1393.html,room_detail_6028_2_,Suite Garden View,"[""59m 2"", ""2 người lớn, 2 trẻ em"", ""Hướng vườn"", ""1 giường đôi""]",59.0,2,2,1 giường đôi,Hướng vườn,True,1,"[""https://owa.bestprice.vn/images/hotels/uploads/melia-vinpearl-cua-hoi-beach-resort-6357a0ea0ff72.jpg""]"
80c248dd5eb3,754e31b60c434da818ae20ff,https://www.bestprice.vn/khach-san/melia-vinpearl-cua-hoi-beach-resort-1393.html,room_detail_6029_2_,Suite Ocean View,"[""59m 2"", ""2 người lớn, 2 trẻ em"", ""Hướng biển"", ""1 giường đôi""]",59.0,2,2,1 giường đôi,Hướng biển,True,1,"[""https://owa.bestprice.vn/images/hotels/uploads/melia-vinpearl-cua-hoi-beach-resort-6357a0ff47a14.jpg"", ""https://owa.bestprice.vn/images/hotels/uploads/melia-vinpearl-cua-hoi-beach-resort-6357a120ebc33.jpg""]"
80c248dd5eb3,754e31b60c434da818ae20ff,https://www.bestprice.vn/khach-san/melia-vinpearl-cua-hoi-beach-resort-1393.html,room_detail_18756_2_,Grand Suite Ocean View,"[""72m 2"", ""2 người lớn, 2 trẻ em"", ""Hướng biển"", ""1 giường đôi""]",72.0,2,2,1 giường đôi,Hướng biển,True,1,"[""https://owa.bestprice.vn/images/hotels/uploads/melia-vinpearl-cua-hoi-beach-resort-65df08e0ba7c2.jpg""]"
80c248dd5eb3,754e31b60c434da818ae20ff,https://www.bestprice.vn/khach-san/melia-vinpearl-cua-hoi-beach-resort-1393.html,room_detail_18757_4_,Two Bedroom Deluxe Ocean View,"[""72m 2"", ""4 người lớn, 4 trẻ em"", ""Hướng biển"", ""2 giường đôi""]",72.0,4,4,2 giường đôi,Hướng biển,,,"[""https://owa.bestprice.vn/images/hotels/uploads/melia-vinpearl-cua-hoi-beach-resort-65df093542195.jpg""]"
80c248dd5eb3,754e31b60c434da818ae20ff,https://www.bestprice.vn/khach-san/melia-vinpearl-cua-hoi-beach-resort-1393.html,room_detail_6030_4_,2-Bedrooom Villa with Private Pool,"[""141m 2"", ""4 người lớn, 4 trẻ em"", ""Hướng vườn"", ""1 Giường đôi & 2 Giường đơn""]",141.0,4,4,1 Giường đôi & 2 Giường đơn,Hướng vườn,,,"[""https://owa.bestprice.vn/images/hotels/uploads/melia-vinpearl-cua-hoi-beach-resort-6357a13b9e382.jpg"", ""https://owa.bestprice.vn/images/hotels/uploads/melia-vinpearl-cua-hoi-beach-resort-6357a0ff47c05.jpg"", ""https://owa.bestprice.vn/images/hotels/uploads/melia-vinpearl-cua-hoi-beach-resort-6357a0ff47ac4.jpg"", ""https://owa.bestprice.vn/images/hotels/uploads/melia-vinpearl-cua-hoi-beach-resort-6357a0ff47ca4.jpg"", ""https://owa.bestprice.vn/images/hotels/uploads/melia-vinpearl-cua-hoi-beach-resort-6357a120ebd74.jpg""]"
80c248dd5eb3,754e31b60c434da818ae20ff,https://www.bestprice.vn/khach-san/melia-vinpearl-cua-hoi-beach-resort-1393.html,room_detail_6031_8_,4-Bedrooom Villa Ocean View,"[""267m 2"", ""8 người lớn, 5 trẻ em"", ""Hướng biển"", ""2 giường đơn / 3 giường đôi""]",267.0,8,5,2 giường đơn / 3 giường đôi,Hướng biển,,,"[""https://owa.bestprice.vn/images/hotels/uploads/melia-vinpearl-cua-hoi-beach-resort-6357a0badb684.jpg"", ""https://owa.bestprice.vn/images/hotels/uploads/melia-vinpearl-cua-hoi-beach-resort-6357a0ff47b65.jpg"", ""https://owa.bestprice.vn/images/hotels/uploads/melia-vinpearl-cua-hoi-beach-resort-6357a120ebb87.jpg"", ""https://owa.bestprice.vn/images/hotels/uploads/melia-vinpearl-cua-hoi-beach-resort-6357a0badb4a4.jpg"", ""https://owa.bestprice.vn/images/hotels/uploads/melia-vinpearl-cua-hoi-beach-resort-6357a120ebe1b.jpg""]"
80c248dd5eb3,7641e3707c99e624854a1221,https://www.bestprice.vn/khach-san/silk-path-boutique-ha-noi-1756.html,room_detail_8344_2_,Deluxe,"[""24m 2"", ""2 người lớn, 2 trẻ em"", ""Hướng thành phố"", ""2 giường đơn / 1 giường đôi""]",24.0,2,2,2 giường đơn / 1 giường đôi,Hướng thành phố,,,"[""https://owa.bestprice.vn/images/hotels/uploads/silk-path-boutique-hotel-ha-noi-65051984205aa.jpg"", ""https://owa.bestprice.vn/images/hotels/uploads/silk-path-boutique-hotel-ha-noi-650519842064e.jpg""]"
80c248dd5eb3,7641e3707c99e624854a1221,https://www.bestprice.vn/khach-san/silk-path-boutique-ha-noi-1756.html,room_detail_8345_2_,Premium Deluxe,"[""26m 2"", ""2 người lớn, 2 trẻ em"", ""Hướng thành phố"", ""2 giường đơn / 1 giường đôi""]",26.0,2,2,2 giường đơn / 1 giường đôi,Hướng thành phố,,,"[""https://owa.bestprice.vn/images/hotels/uploads/silk-path-boutique-hotel-ha-noi-6505198ed89e0.jpg"", ""https://owa.bestprice.vn/images/hotels/uploads/silk-path-boutique-hotel-ha-noi-6505198ed8a84.jpg""]"
80c248dd5eb3,7641e3707c99e624854a1221,https://www.bestprice.vn/khach-san/silk-path-boutique-ha-noi-1756.html,room_detail_8346_2_,Executive,"[""27m 2"", ""2 người lớn, 2 trẻ em"", ""Hướng hồ"", ""2 giường đơn / 1 giường đôi""]",27.0,2,2,2 giường đơn / 1 giường đôi,Hướng hồ,True,1,"[""https://owa.bestprice.vn/images/hotels/uploads/silk-path-boutique-hotel-ha-noi-6505199992c4b.jpg"", ""https://owa.bestprice.vn/images/hotels/uploads/silk-path-boutique-hotel-ha-noi-650519a46f2d9.jpg""]"
80c248dd5eb3,7641e3707c99e624854a1221,https://www.bestprice.vn/khach-san/silk-path-boutique-ha-noi-1756.html,room_detail_8347_2_,Grand Executive,"[""42m 2"", ""2 người lớn, 2 trẻ em"", ""Hướng hồ"", ""2 giường đơn / 1 giường lớn""]",42.0,2,2,2 giường đơn / 1 giường lớn,Hướng hồ,True,1,"[""https://owa.bestprice.vn/images/hotels/uploads/silk-path-boutique-hotel-ha-noi-650519d51fb9e.jpg"", ""https://owa.bestprice.vn/images/hotels/uploads/silk-path-boutique-hotel-ha-noi-650519d51fc42.jpg"", ""https://owa.bestprice.vn/images/hotels/uploads/silk-path-boutique-hotel-ha-noi-650519f06c517.jpg""]"
80c248dd5eb3,76a69dd9ac2fb0fc4106f354,https://www.bestprice.vn/khach-san/royal-lotus-da-nang-1354.html,room_detail_5741_2_,Classic Room,"[""24m 2"", ""2 người lớn, 2 trẻ em"", ""Hướng thành phố"", ""1 giường đôi""]",24.0,2,2,1 giường đôi,Hướng thành phố,True,1,"[""https://owa.bestprice.vn/images/hotels/uploads/royal-lotus-da-nang-648abf8608788.jpg"", ""https://owa.bestprice.vn/images/hotels/uploads/royal-lotus-da-nang-648abf86080e6.jpg"", ""https://owa.bestprice.vn/images/hotels/uploads/royal-lotus-da-nang-648abf8608253.jpg""]"
80c248dd5eb3,76a69dd9ac2fb0fc4106f354,https://www.bestprice.vn/khach-san/royal-lotus-da-nang-1354.html,room_detail_5742_2_,Premium Room,"[""39m 2"", ""2 người lớn, 2 trẻ em"", ""Hướng thành phố"", ""1 giường đôi""]",39.0,2,2,1 giường đôi,Hướng thành phố,True,1,"[""https://owa.bestprice.vn/images/hotels/uploads/royal-lotus-da-nang-648abf8608788.jpg"", ""https://owa.bestprice.vn/images/hotels/uploads/royal-lotus-da-nang-648abf8608160.jpg"", ""https://owa.bestprice.vn/images/hotels/uploads/royal-lotus-da-nang-648abf86081d9.jpg""]"
80c248dd5eb3,76a69dd9ac2fb0fc4106f354,https://www.bestprice.vn/khach-san/royal-lotus-da-nang-1354.html,room_detail_5743_2_,Deluxe Room,"[""32m 2"", ""2 người lớn, 2 trẻ em"", ""Hướng biển"", ""1 giường đôi""]",32.0,2,2,1 giường đôi,Hướng biển,True,1,"[""https://owa.bestprice.vn/images/hotels/uploads/royal-lotus-da-nang-648abf8608788.jpg"", ""https://owa.bestprice.vn/images/hotels/uploads/royal-lotus-da-nang-648abf86082cc.jpg"", ""https://owa.bestprice.vn/images/hotels/uploads/royal-lotus-da-nang-648abf86083be.jpg""]"
80c248dd5eb3,76a69dd9ac2fb0fc4106f354,https://www.bestprice.vn/khach-san/royal-lotus-da-nang-1354.html,room_detail_5744_2_,Suite,"[""60m 2"", ""2 người lớn, 2 trẻ em"", ""Hướng biển"", ""1 giường đôi""]",60.0,2,2,1 giường đôi,Hướng biển,True,1,"[""https://owa.bestprice.vn/images/hotels/uploads/royal-lotus-da-nang-648abf86084b1.jpg"", ""https://owa.bestprice.vn/images/hotels/uploads/royal-lotus-da-nang-648abf8608438.jpg""]"
80c248dd5eb3,76a69dd9ac2fb0fc4106f354,https://www.bestprice.vn/khach-san/royal-lotus-da-nang-1354.html,room_detail_5745_2_,Executive suite,"[""55m 2"", ""2 người lớn, 2 trẻ em"", ""Hướng biển"", ""1 giường đôi""]",55.0,2,2,1 giường đôi,Hướng biển,True,1,"[""https://owa.bestprice.vn/images/hotels/uploads/royal-lotus-da-nang-648abf86084b1.jpg"", ""https://owa.bestprice.vn/images/hotels/uploads/royal-lotus-da-nang-648abf8608345.jpg""]"
80c248dd5eb3,79a1e9226601f349361c5c49,https://www.bestprice.vn/khach-san/grand-tourane-da-nang-1415.html,room_detail_6227_2_,Superior Double & Twin City View,"[""32m 2"", ""2 người lớn, 2 trẻ em"", ""Hướng thành phố"", ""2 giường đơn / 1 giường đôi""]",32.0,2,2,2 giường đơn / 1 giường đôi,Hướng thành phố,,,"[""https://owa.bestprice.vn/images/hotels/uploads/grand-tourane-da-nang-6481528e9f595.jpg"", ""https://owa.bestprice.vn/images/hotels/uploads/grand-tourane-da-nang-6481528e9f613.jpg""]"
80c248dd5eb3,79a1e9226601f349361c5c49,https://www.bestprice.vn/khach-san/grand-tourane-da-nang-1415.html,room_detail_6228_2_,Superior Double & Twin Sea View,"[""32m 2"", ""2 người lớn, 2 trẻ em"", ""Hướng biển"", ""2 giường đơn / 1 giường đôi""]",32.0,2,2,2 giường đơn / 1 giường đôi,Hướng biển,,,"[""https://owa.bestprice.vn/images/hotels/uploads/grand-tourane-da-nang-6481528e9f690.jpg"", ""https://owa.bestprice.vn/images/hotels/uploads/grand-tourane-da-nang-6481528e9f78b.jpg""]"
80c248dd5eb3,79a1e9226601f349361c5c49,https://www.bestprice.vn/khach-san/grand-tourane-da-nang-1415.html,room_detail_6230_2_,Deluxe City View,"[""40m 2"", ""2 người lớn, 2 trẻ em"", ""Hướng thành phố"", ""1 giường lớn""]",40.0,2,2,1 giường lớn,Hướng thành phố,True,1,"[""https://owa.bestprice.vn/images/hotels/uploads/grand-tourane-da-nang-6481528e9f70e.jpg"", ""https://owa.bestprice.vn/images/hotels/uploads/grand-tourane-da-nang-6481528e9f885.jpg""]"
80c248dd5eb3,79a1e9226601f349361c5c49,https://www.bestprice.vn/khach-san/grand-tourane-da-nang-1415.html,room_detail_6229_2_,Premier Deluxe Ocean View,"[""52m 2"", ""2 người lớn, 2 trẻ em"", ""Hướng thành phố"", ""3 giường đơn""]",52.0,2,2,3 giường đơn,Hướng thành phố,,,"[""https://owa.bestprice.vn/images/hotels/uploads/grand-tourane-da-nang-6481528e9f902.jpg"", ""https://owa.bestprice.vn/images/hotels/uploads/grand-tourane-da-nang-6481528e9f808.jpg""]"
80c248dd5eb3,79a1e9226601f349361c5c49,https://www.bestprice.vn/khach-san/grand-tourane-da-nang-1415.html,room_detail_6231_2_,Grand Tourane Suite,"[""64m 2"", ""2 người lớn, 2 trẻ em"", ""Hướng biển"", ""1 giường đôi""]",64.0,2,2,1 giường đôi,Hướng biển,,,"[""https://owa.bestprice.vn/images/hotels/uploads/grand-tourane-da-nang-648152e31715b.jpg"", ""https://owa.bestprice.vn/images/hotels/uploads/grand-tourane-da-nang-648152e3170aa.jpg""]"
80c248dd5eb3,79a1e9226601f349361c5c49,https://www.bestprice.vn/khach-san/grand-tourane-da-nang-1415.html,room_detail_6232_2_,Presidential Suite,"[""145m 2"", ""2 người lớn, 2 trẻ em"", ""Hướng biển"", ""1 giường lớn""]",145.0,2,2,1 giường lớn,Hướng biển,,,"[""https://owa.bestprice.vn/images/hotels/uploads/grand-tourane-da-nang-648152e3171f9.jpg"", ""https://owa.bestprice.vn/images/hotels/uploads/grand-tourane-da-nang-648152e317295.jpg"", ""https://owa.bestprice.vn/images/hotels/uploads/grand-tourane-da-nang-648152e31732a.jpg""]"
80c248dd5eb3,79babf85477e6dd2ec3d88be,https://www.bestprice.vn/khach-san/v-resort-hoa-binh-1331.html,room_detail_5585_2_,Phòng Mountain View,"[""35m 2"", ""2 người lớn, 1 trẻ em"", ""Hướng núi"", ""1 giường đôi""]",35.0,2,1,1 giường đôi,Hướng núi,True,1,"[""https://owa.bestprice.vn/images/hotels/uploads/vresort-hoa-binh-64ad2ea67f27b.jpg"", ""https://owa.bestprice.vn/images/hotels/uploads/vresort-hoa-binh-64ae0a312f2e2.jpg""]"
80c248dd5eb3,79babf85477e6dd2ec3d88be,https://www.bestprice.vn/khach-san/v-resort-hoa-binh-1331.html,room_detail_5586_2_,Phòng Pool View,"[""25m 2"", ""2 người lớn, 1 trẻ em"", ""Hướng hồ bơi"", ""1 giường đôi""]",25.0,2,1,1 giường đôi,Hướng hồ bơi,True,1,"[""https://owa.bestprice.vn/images/hotels/uploads/vresort-hoa-binh-64ad2ea67f19b.jpg"", ""https://owa.bestprice.vn/images/hotels/uploads/vresort-hoa-binh-64ad2ea67f20b.jpg""]"
80c248dd5eb3,79babf85477e6dd2ec3d88be,https://www.bestprice.vn/khach-san/v-resort-hoa-binh-1331.html,room_detail_5588_2_,Phòng Deluxe,"[""40m 2"", ""2 người lớn, 1 trẻ em"", ""Hướng hồ bơi"", ""1 giường đôi""]",40.0,2,1,1 giường đôi,Hướng hồ bơi,True,1,"[""https://owa.bestprice.vn/images/hotels/uploads/vresort-hoa-binh-64ad2ea67f12b.jpg"", ""https://owa.bestprice.vn/images/hotels/uploads/vresort-hoa-binh-64ad2ea67f0ba.jpg""]"
80c248dd5eb3,79babf85477e6dd2ec3d88be,https://www.bestprice.vn/khach-san/v-resort-hoa-binh-1331.html,room_detail_5587_2_,Phòng Villa Hoa Gạo,"[""28m 2"", ""2 người lớn, 2 trẻ em"", ""Hướng vườn"", ""2 giường đơn / 1 giường đôi""]",28.0,2,2,2 giường đơn / 1 giường đôi,Hướng vườn,True,1,"[""https://owa.bestprice.vn/images/hotels/uploads/vresort-hoa-binh-64ad2ea67f031.jpg"", ""https://owa.bestprice.vn/images/hotels/uploads/vresort-hoa-binh-64ad2ea67efc1.jpg""]"
80c248dd5eb3,79babf85477e6dd2ec3d88be,https://www.bestprice.vn/khach-san/v-resort-hoa-binh-1331.html,room_detail_5592_3_,Phòng Villa Hoa Gạo Tripple,"[""35m 2"", ""3 người lớn, 2 trẻ em"", ""Hướng vườn"", ""1 Giường đôi & 2 Giường đơn""]",35.0,3,2,1 Giường đôi & 2 Giường đơn,Hướng vườn,True,1,"[""https://owa.bestprice.vn/images/hotels/uploads/vresort-hoa-binh-64ae10f302659.jpg"", ""https://owa.bestprice.vn/images/hotels/uploads/vresort-hoa-binh-64ae10f3026da.jpg""]"
80c248dd5eb3,79babf85477e6dd2ec3d88be,https://www.bestprice.vn/khach-san/v-resort-hoa-binh-1331.html,room_detail_19842_2_,Phòng Villa Hoa Bưởi,"[""35m 2"", ""2 người lớn, 2 trẻ em"", ""2 giường đơn / 1 giường đôi""]",35.0,2,2,2 giường đơn / 1 giường đôi,,True,1,[]
80c248dd5eb3,79babf85477e6dd2ec3d88be,https://www.bestprice.vn/khach-san/v-resort-hoa-binh-1331.html,room_detail_19844_3_,Phòng Villa Hoa Bưởi Tripple,"[""35m 2"", ""3 người lớn, 2 trẻ em"", ""1 Giường đôi & 1 Giường đơn""]",35.0,3,2,1 Giường đôi & 1 Giường đơn,,True,1,[]
80c248dd5eb3,79babf85477e6dd2ec3d88be,https://www.bestprice.vn/khach-san/v-resort-hoa-binh-1331.html,room_detail_19843_2_,Phòng Villa Ngọc Lan,"[""35m 2"", ""2 người lớn, 2 trẻ em"", ""2 giường đơn / 1 giường đôi""]",35.0,2,2,2 giường đơn / 1 giường đôi,,True,1,[]
80c248dd5eb3,79babf85477e6dd2ec3d88be,https://www.bestprice.vn/khach-san/v-resort-hoa-binh-1331.html,room_detail_19845_3_,Phòng Villa Ngọc Lan Tripple,"[""35m 2"", ""3 người lớn, 2 trẻ em"", ""1 Giường đôi & 1 Giường đơn""]",35.0,3,2,1 Giường đôi & 1 Giường đơn,,True,1,[]
80c248dd5eb3,79babf85477e6dd2ec3d88be,https://www.bestprice.vn/khach-san/v-resort-hoa-binh-1331.html,room_detail_19846_2_,Phòng Villa Hoa Cau,"[""28m 2"", ""2 người lớn, 2 trẻ em"", ""2 giường đơn / 1 giường đôi""]",28.0,2,2,2 giường đơn / 1 giường đôi,,True,1,[]
80c248dd5eb3,79babf85477e6dd2ec3d88be,https://www.bestprice.vn/khach-san/v-resort-hoa-binh-1331.html,room_detail_19847_3_,Phòng Villa Hoa Cau Tripple,"[""35m 2"", ""3 người lớn, 2 trẻ em"", ""1 Giường đôi & 1 Giường đơn""]",35.0,3,2,1 Giường đôi & 1 Giường đơn,,True,1,[]
80c248dd5eb3,79babf85477e6dd2ec3d88be,https://www.bestprice.vn/khach-san/v-resort-hoa-binh-1331.html,room_detail_19848_2_,Phòng Villa Hoàng Lan,"[""28m 2"", ""2 người lớn, 2 trẻ em"", ""2 giường đơn / 1 giường đôi""]",28.0,2,2,2 giường đơn / 1 giường đôi,,True,1,[]
80c248dd5eb3,79babf85477e6dd2ec3d88be,https://www.bestprice.vn/khach-san/v-resort-hoa-binh-1331.html,room_detail_19849_3_,Phòng Villa Hoàng Lan Tripple,"[""35m 2"", ""3 người lớn, 2 trẻ em"", ""1 Giường đôi & 1 Giường đơn""]",35.0,3,2,1 Giường đôi & 1 Giường đơn,,True,1,[]
80c248dd5eb3,79babf85477e6dd2ec3d88be,https://www.bestprice.vn/khach-san/v-resort-hoa-binh-1331.html,room_detail_19850_2_,Phòng Villa Hoa Phượng,"[""28m 2"", ""2 người lớn, 2 trẻ em"", ""2 giường đơn / 1 giường đôi""]",28.0,2,2,2 giường đơn / 1 giường đôi,,True,1,[]
80c248dd5eb3,79babf85477e6dd2ec3d88be,https://www.bestprice.vn/khach-san/v-resort-hoa-binh-1331.html,room_detail_19851_3_,Phòng Villa Hoa Phượng Tripple,"[""35m 2"", ""3 người lớn, 2 trẻ em"", ""1 Giường đôi & 1 Giường đơn""]",35.0,3,2,1 Giường đôi & 1 Giường đơn,,True,1,[]
80c248dd5eb3,79babf85477e6dd2ec3d88be,https://www.bestprice.vn/khach-san/v-resort-hoa-binh-1331.html,room_detail_19852_2_,Phòng Villa Bằng Lăng,"[""28m 2"", ""2 người lớn, 2 trẻ em"", ""2 giường đơn / 1 giường đôi""]",28.0,2,2,2 giường đơn / 1 giường đôi,,True,1,[]
80c248dd5eb3,79babf85477e6dd2ec3d88be,https://www.bestprice.vn/khach-san/v-resort-hoa-binh-1331.html,room_detail_19853_3_,Phòng Villa Bằng Lăng Tripple,"[""35m 2"", ""3 người lớn, 2 trẻ em"", ""1 Giường đôi & 1 Giường đơn""]",35.0,3,2,1 Giường đôi & 1 Giường đơn,,True,1,[]
80c248dd5eb3,79babf85477e6dd2ec3d88be,https://www.bestprice.vn/khach-san/v-resort-hoa-binh-1331.html,room_detail_19854_2_,Phòng Villa Hoa Ban,"[""28m 2"", ""2 người lớn, 2 trẻ em"", ""1 giường đôi""]",28.0,2,2,1 giường đôi,,True,1,[]
80c248dd5eb3,79babf85477e6dd2ec3d88be,https://www.bestprice.vn/khach-san/v-resort-hoa-binh-1331.html,room_detail_19855_2_,Phòng Villa Hoa Mai 1,"[""28m 2"", ""2 người lớn, 2 trẻ em"", ""1 giường đôi""]",28.0,2,2,1 giường đôi,,True,1,[]
80c248dd5eb3,79babf85477e6dd2ec3d88be,https://www.bestprice.vn/khach-san/v-resort-hoa-binh-1331.html,room_detail_19856_3_,Phòng Villa Hoa Mai 2,"[""35m 2"", ""3 người lớn, 2 trẻ em"", ""1 Giường đôi & 1 Giường đơn""]",35.0,3,2,1 Giường đôi & 1 Giường đơn,,True,1,[]
80c248dd5eb3,79babf85477e6dd2ec3d88be,https://www.bestprice.vn/khach-san/v-resort-hoa-binh-1331.html,room_detail_19857_3_,Phòng Villa Hoa Mai 3,"[""35m 2"", ""3 người lớn, 2 trẻ em"", ""1 Giường đôi & 1 Giường đơn""]",35.0,3,2,1 Giường đôi & 1 Giường đơn,,True,1,[]
80c248dd5eb3,7b244f707be52cb2d49b2a35,https://www.bestprice.vn/khach-san/sheraton-hai-phong-1509.html,room_detail_6917_2_,Deluxe Room,"[""36m 2"", ""2 người lớn, 2 trẻ em"", ""Hướng thành phố"", ""2 giường đơn / 1 giường đôi""]",36.0,2,2,2 giường đơn / 1 giường đôi,Hướng thành phố,True,1,"[""https://owa.bestprice.vn/images/hotels/uploads/sheraton-vinpearl-hotel-imperia-hai-phong-637f3c18f1ddd.jpg"", ""https://owa.bestprice.vn/images/hotels/uploads/sheraton-vinpearl-hotel-imperia-hai-phong-637f3c18f1f33.jpg"", ""https://owa.bestprice.vn/images/hotels/uploads/sheraton-vinpearl-hotel-imperia-hai-phong-637f3c18f1e89.jpg"", ""https://owa.bestprice.vn/images/hotels/uploads/sheraton-vinpearl-hotel-imperia-hai-phong-637f3c18f1d23.jpg""]"
80c248dd5eb3,7b244f707be52cb2d49b2a35,https://www.bestprice.vn/khach-san/sheraton-hai-phong-1509.html,room_detail_6918_2_,Business Panoramic,"[""43m 2"", ""2 người lớn, 2 trẻ em"", ""Hướng thành phố"", ""1 giường đôi""]",43.0,2,2,1 giường đôi,Hướng thành phố,True,1,"[""https://owa.bestprice.vn/images/hotels/uploads/sheraton-vinpearl-hotel-imperia-hai-phong-637f3c6428bdc.jpg"", ""https://owa.bestprice.vn/images/hotels/uploads/sheraton-vinpearl-hotel-imperia-hai-phong-637f3c6428a89.jpg"", ""https://owa.bestprice.vn/images/hotels/uploads/sheraton-vinpearl-hotel-imperia-hai-phong-637f3c64289e0.jpg"", ""https://owa.bestprice.vn/images/hotels/uploads/sheraton-vinpearl-hotel-imperia-hai-phong-637f3c6428b33.jpg""]"
80c248dd5eb3,7b244f707be52cb2d49b2a35,https://www.bestprice.vn/khach-san/sheraton-hai-phong-1509.html,room_detail_6919_2_,Executive Suite Panoramic,"[""80m 2"", ""2 người lớn, 2 trẻ em"", ""1 giường đôi""]",80.0,2,2,1 giường đôi,,True,1,"[""https://owa.bestprice.vn/images/hotels/uploads/sheraton-vinpearl-hotel-imperia-hai-phong-637f3c64287e3.jpg"", ""https://owa.bestprice.vn/images/hotels/uploads/sheraton-vinpearl-hotel-imperia-hai-phong-637f3c642888c.jpg"", ""https://owa.bestprice.vn/images/hotels/uploads/sheraton-vinpearl-hotel-imperia-hai-phong-637f3c6428936.jpg""]"
80c248dd5eb3,7b244f707be52cb2d49b2a35,https://www.bestprice.vn/khach-san/sheraton-hai-phong-1509.html,room_detail_6920_6_,Presidential Suite Panoramic,"[""301m 2"", ""6 người lớn, 5 trẻ em"", ""Hướng thành phố"", ""3 giường đôi""]",301.0,6,5,3 giường đôi,Hướng thành phố,True,1,"[""https://owa.bestprice.vn/images/hotels/uploads/sheraton-vinpearl-hotel-imperia-hai-phong-637f3c642867e.jpg"", ""https://owa.bestprice.vn/images/hotels/uploads/sheraton-vinpearl-hotel-imperia-hai-phong-637f3c6428737.jpg""]"
80c248dd5eb3,7b9adbb0f32ff1e704d91d30,https://www.bestprice.vn/khach-san/thao-vien-resort-1543.html,room_detail_7183_2_,KHU XÓM NHỎ,"[""40m 2"", ""2 người lớn, 2 trẻ em"", ""1 giường đôi""]",40.0,2,2,1 giường đôi,,True,1,"[""https://owa.bestprice.vn/images/hotels/uploads/thao-vien-resort-62738f517ae78.jpg"", ""https://owa.bestprice.vn/images/hotels/uploads/thao-vien-resort-62738f517b124.jpg""]"
80c248dd5eb3,7b9adbb0f32ff1e704d91d30,https://www.bestprice.vn/khach-san/thao-vien-resort-1543.html,room_detail_7184_2_,KHU XÓM ĐỒI,"[""35m 2"", ""2 người lớn, 2 trẻ em"", ""2 giường đơn / 1 giường đôi""]",35.0,2,2,2 giường đơn / 1 giường đôi,,True,1,"[""https://owa.bestprice.vn/images/hotels/uploads/thao-vien-resort-62738f517af55.jpg""]"
80c248dd5eb3,7b9adbb0f32ff1e704d91d30,https://www.bestprice.vn/khach-san/thao-vien-resort-1543.html,room_detail_7185_2_,KHU XÓM NHÀ NỔI TRÊN HỒ,"[""170m 2"", ""2 người lớn, 2 trẻ em"", ""1 Giường đôi & 2 Giường đơn""]",170.0,2,2,1 Giường đôi & 2 Giường đơn,,True,1,"[""https://owa.bestprice.vn/images/hotels/uploads/thao-vien-resort-62738f517b048.jpg"", ""https://owa.bestprice.vn/images/hotels/uploads/thao-vien-resort-62738f517b0b6.jpg""]"
80c248dd5eb3,7b9adbb0f32ff1e704d91d30,https://www.bestprice.vn/khach-san/thao-vien-resort-1543.html,room_detail_7186_2_,KHU PHỐ NHỎ,"[""50m 2"", ""2 người lớn, 2 trẻ em"", ""1 Giường đôi & 2 Giường đơn""]",50.0,2,2,1 Giường đôi & 2 Giường đơn,,True,1,"[""https://owa.bestprice.vn/images/hotels/uploads/thao-vien-resort-62738f517aee8.jpg""]"
80c248dd5eb3,7b9adbb0f32ff1e704d91d30,https://www.bestprice.vn/khach-san/thao-vien-resort-1543.html,room_detail_7187_2_,KHU XÓM VƯỜN HỒNG,"[""50m 2"", ""2 người lớn, 2 trẻ em"", ""2 giường đơn""]",50.0,2,2,2 giường đơn,,True,1,"[""https://owa.bestprice.vn/images/hotels/uploads/thao-vien-resort-62738f517b3b8.jpg""]"
80c248dd5eb3,7c8c109cbc48f427904d3fa2,https://www.bestprice.vn/khach-san/mai-chau-hideaway-resort-1550.html,room_detail_9765_2_,Phòng Standard,"[""20m 2"", ""2 người lớn, 2 trẻ em"", ""Hướng hồ"", ""1 giường đôi""]",20.0,2,2,1 giường đôi,Hướng hồ,,,"[""https://owa.bestprice.vn/images/hotels/uploads/mai-chau-hideaway-resort-64ae81023e6a2.jpg"", ""https://owa.bestprice.vn/images/hotels/uploads/mai-chau-hideaway-resort-64ae81023e620.jpg""]"
80c248dd5eb3,7c8c109cbc48f427904d3fa2,https://www.bestprice.vn/khach-san/mai-chau-hideaway-resort-1550.html,room_detail_7224_2_,Phòng Superior,"[""26m 2"", ""2 người lớn, 2 trẻ em"", ""Hướng hồ"", ""2 giường đơn / 1 giường đôi""]",26.0,2,2,2 giường đơn / 1 giường đôi,Hướng hồ,,,"[""https://owa.bestprice.vn/images/hotels/uploads/mai-chau-hideaway-resort-64ae81023e7a5.jpg"", ""https://owa.bestprice.vn/images/hotels/uploads/mai-chau-hideaway-resort-64ae81023e724.jpg""]"
80c248dd5eb3,7c8c109cbc48f427904d3fa2,https://www.bestprice.vn/khach-san/mai-chau-hideaway-resort-1550.html,room_detail_7220_2_,Phòng Deluxe,"[""35m 2"", ""2 người lớn, 2 trẻ em"", ""Hướng hồ"", ""2 giường đơn / 1 giường đôi""]",35.0,2,2,2 giường đơn / 1 giường đôi,Hướng hồ,True,1,"[""https://owa.bestprice.vn/images/hotels/uploads/mai-chau-hideaway-resort-64ae81023e92d.jpg"", ""https://owa.bestprice.vn/images/hotels/uploads/mai-chau-hideaway-resort-64ae81023e8a8.jpg"", ""https://owa.bestprice.vn/images/hotels/uploads/mai-chau-hideaway-resort-64ae81023e827.jpg""]"
80c248dd5eb3,7c8c109cbc48f427904d3fa2,https://www.bestprice.vn/khach-san/mai-chau-hideaway-resort-1550.html,room_detail_7221_2_,Phòng Executive Suite,"[""65m 2"", ""2 người lớn, 2 trẻ em"", ""Hướng hồ"", ""1 giường đôi""]",65.0,2,2,1 giường đôi,Hướng hồ,True,1,"[""https://owa.bestprice.vn/images/hotels/uploads/mai-chau-hideaway-resort-64ae81023eb32.jpg"", ""https://owa.bestprice.vn/images/hotels/uploads/mai-chau-hideaway-resort-64ae81023eab1.jpg""]"
80c248dd5eb3,7c8c109cbc48f427904d3fa2,https://www.bestprice.vn/khach-san/mai-chau-hideaway-resort-1550.html,room_detail_7223_2_,Phòng Bungalow,"[""65m 2"", ""2 người lớn, 2 trẻ em"", ""Hướng vườn"", ""1 giường đôi""]",65.0,2,2,1 giường đôi,Hướng vườn,True,1,"[""https://owa.bestprice.vn/images/hotels/uploads/mai-chau-hideaway-resort-64ae81023ebb3.jpg"", ""https://owa.bestprice.vn/images/hotels/uploads/mai-chau-hideaway-resort-64ae81023ec34.jpg""]"
80c248dd5eb3,7c8c109cbc48f427904d3fa2,https://www.bestprice.vn/khach-san/mai-chau-hideaway-resort-1550.html,room_detail_7222_3_,Phòng Family Suite,"[""63m 2"", ""3 người lớn, 2 trẻ em"", ""Hướng hồ"", ""1 Giường đôi & 1 Giường đơn""]",63.0,3,2,1 Giường đôi & 1 Giường đơn,Hướng hồ,True,1,"[""https://owa.bestprice.vn/images/hotels/uploads/mai-chau-hideaway-resort-64ae81023e9af.jpg"", ""https://owa.bestprice.vn/images/hotels/uploads/mai-chau-hideaway-resort-64ae81023ea30.jpg""]"
80c248dd5eb3,7d380aeb642318d925ff304b,https://www.bestprice.vn/khach-san/kim-hoa-resort-phu-quoc-1703.html,room_detail_10051_2_,Standard Garden View,"[""26m 2"", ""2 người lớn, 2 trẻ em"", ""Hướng vườn"", ""1 giường đôi""]",26.0,2,2,1 giường đôi,Hướng vườn,True,1,"[""https://owa.bestprice.vn/images/hotels/uploads/kim-hoa-resort-phu-quoc-646efd32443da.jpg"", ""https://owa.bestprice.vn/images/hotels/uploads/kim-hoa-resort-phu-quoc-646efd324446c.jpg"", ""https://owa.bestprice.vn/images/hotels/uploads/kim-hoa-resort-phu-quoc-646efd32444f1.jpg""]"
80c248dd5eb3,7d380aeb642318d925ff304b,https://www.bestprice.vn/khach-san/kim-hoa-resort-phu-quoc-1703.html,room_detail_8034_2_,Superior Garden View,"[""28m 2"", ""2 người lớn, 2 trẻ em"", ""Hướng vườn"", ""2 giường đơn / 1 giường đôi""]",28.0,2,2,2 giường đơn / 1 giường đôi,Hướng vườn,True,1,"[""https://owa.bestprice.vn/images/hotels/uploads/kim-hoa-resort-phu-quoc-646efebde42fe.jpg"", ""https://owa.bestprice.vn/images/hotels/uploads/kim-hoa-resort-phu-quoc-646efebde41d7.jpg"", ""https://owa.bestprice.vn/images/hotels/uploads/kim-hoa-resort-phu-quoc-646efebde4279.jpg""]"
80c248dd5eb3,7d380aeb642318d925ff304b,https://www.bestprice.vn/khach-san/kim-hoa-resort-phu-quoc-1703.html,room_detail_8036_2_,Bungalow Garden View,"[""30m 2"", ""2 người lớn, 2 trẻ em"", ""Hướng vườn"", ""1 giường lớn""]",30.0,2,2,1 giường lớn,Hướng vườn,True,1,"[""https://owa.bestprice.vn/images/hotels/uploads/kim-hoa-resort-phu-quoc-646f00f366acc.jpg"", ""https://owa.bestprice.vn/images/hotels/uploads/kim-hoa-resort-phu-quoc-646f003acee5e.jpg""]"
80c248dd5eb3,7d380aeb642318d925ff304b,https://www.bestprice.vn/khach-san/kim-hoa-resort-phu-quoc-1703.html,room_detail_8035_2_,Superior Ocean View,"[""28m 2"", ""2 người lớn, 2 trẻ em"", ""Hướng biển"", ""2 giường đơn / 1 giường đôi""]",28.0,2,2,2 giường đơn / 1 giường đôi,Hướng biển,True,1,"[""https://owa.bestprice.vn/images/hotels/uploads/kim-hoa-resort-phu-quoc-647401d72923c.jpg"", ""https://owa.bestprice.vn/images/hotels/uploads/kim-hoa-resort-phu-quoc-646f025d51995.jpg""]"
80c248dd5eb3,7d380aeb642318d925ff304b,https://www.bestprice.vn/khach-san/kim-hoa-resort-phu-quoc-1703.html,room_detail_8037_2_,Bungalow Pool View,"[""30m 2"", ""2 người lớn, 2 trẻ em"", ""Hướng hồ bơi"", ""1 Giường đôi & 1 Giường đơn""]",30.0,2,2,1 Giường đôi & 1 Giường đơn,Hướng hồ bơi,True,1,"[""https://owa.bestprice.vn/images/hotels/uploads/kim-hoa-resort-phu-quoc-646f041943a4d.jpg"", ""https://owa.bestprice.vn/images/hotels/uploads/kim-hoa-resort-phu-quoc-646f03616ce71.jpg"", ""https://owa.bestprice.vn/images/hotels/uploads/kim-hoa-resort-phu-quoc-646f03616cddd.jpg""]"
80c248dd5eb3,7d380aeb642318d925ff304b,https://www.bestprice.vn/khach-san/kim-hoa-resort-phu-quoc-1703.html,room_detail_8038_4_,Family View,"[""30m 2"", ""4 người lớn, 2 trẻ em"", ""2 giường lớn""]",30.0,4,2,2 giường lớn,,True,1,"[""https://owa.bestprice.vn/images/hotels/uploads/kim-hoa-resort-phu-quoc-646f05a712407.jpg"", ""https://owa.bestprice.vn/images/hotels/uploads/kim-hoa-resort-phu-quoc-647401d729187.jpg"", ""https://owa.bestprice.vn/images/hotels/uploads/kim-hoa-resort-phu-quoc-647401d7290d2.jpg""]"
80c248dd5eb3,7d380aeb642318d925ff304b,https://www.bestprice.vn/khach-san/kim-hoa-resort-phu-quoc-1703.html,room_detail_8039_2_,Bungalow Beach Front View,"[""30m 2"", ""2 người lớn, 2 trẻ em"", ""Hướng bãi biển"", ""1 Giường đôi & 1 Giường đơn""]",30.0,2,2,1 Giường đôi & 1 Giường đơn,Hướng bãi biển,True,1,"[""https://owa.bestprice.vn/images/hotels/uploads/kim-hoa-resort-phu-quoc-646f0769480b7.jpg"", ""https://owa.bestprice.vn/images/hotels/uploads/kim-hoa-resort-phu-quoc-646f07694814a.jpg""]"
80c248dd5eb3,817e76b476aadbdba5e15649,https://www.bestprice.vn/khach-san/cochin-zen-hotel-spa-sai-gon-538.html,room_detail_2425_2_,Phòng Deluxe,"[""25m 2"", ""2 người lớn, 1 trẻ em"", ""2 giường đơn / 1 giường đôi""]",25.0,2,1,2 giường đơn / 1 giường đôi,,,,"[""https://owa.bestprice.vn/images/hotels/uploads/cochin-zen-hotel-6513f0c41aa65.jpg"", ""https://owa.bestprice.vn/images/hotels/uploads/cochin-zen-hotel-6513f0c41ab57.jpg"", ""https://owa.bestprice.vn/images/hotels/uploads/cochin-zen-hotel-6513f0c41aae5.jpg""]"
80c248dd5eb3,817e76b476aadbdba5e15649,https://www.bestprice.vn/khach-san/cochin-zen-hotel-spa-sai-gon-538.html,room_detail_2429_2_,Phòng Premier Window,"[""25m 2"", ""2 người lớn, 1 trẻ em"", ""Hướng thành phố"", ""2 giường đơn / 1 giường đôi""]",25.0,2,1,2 giường đơn / 1 giường đôi,Hướng thành phố,,,"[""https://owa.bestprice.vn/images/hotels/uploads/cochin-zen-hotel-6513f0e656d99.jpg"", ""https://owa.bestprice.vn/images/hotels/uploads/cochin-zen-hotel-6513f0e656d16.jpg"", ""https://owa.bestprice.vn/images/hotels/uploads/cochin-zen-hotel-6513f0dbbbed4.jpg""]"
80c248dd5eb3,817e76b476aadbdba5e15649,https://www.bestprice.vn/khach-san/cochin-zen-hotel-spa-sai-gon-538.html,room_detail_2427_3_,Phòng Family Triple,"[""32m 2"", ""3 người lớn, 1 trẻ em"", ""Hướng thành phố"", ""1 Giường đôi & 1 Giường đơn""]",32.0,3,1,1 Giường đôi & 1 Giường đơn,Hướng thành phố,,,"[""https://owa.bestprice.vn/images/hotels/uploads/cochin-zen-hotel-6513f112a4041.jpg"", ""https://owa.bestprice.vn/images/hotels/uploads/cochin-zen-hotel-6513f0fdcfcb8.jpg""]"
80c248dd5eb3,817e76b476aadbdba5e15649,https://www.bestprice.vn/khach-san/cochin-zen-hotel-spa-sai-gon-538.html,room_detail_5930_2_,Phòng Zen Suite,"[""50m 2"", ""2 người lớn, 1 trẻ em"", ""Hướng thành phố"", ""1 giường đôi""]",50.0,2,1,1 giường đôi,Hướng thành phố,,,"[""https://owa.bestprice.vn/images/hotels/uploads/cochin-zen-hotel-6513f12252fce.jpg"", ""https://owa.bestprice.vn/images/hotels/uploads/cochin-zen-hotel-6513f12252f5b.jpg"", ""https://owa.bestprice.vn/images/hotels/uploads/cochin-zen-hotel-6513f12252e83.jpg""]"
80c248dd5eb3,817e76b476aadbdba5e15649,https://www.bestprice.vn/khach-san/cochin-zen-hotel-spa-sai-gon-538.html,room_detail_5931_2_,Phòng Signature,"[""60m 2"", ""2 người lớn, 1 trẻ em"", ""Hướng thành phố"", ""1 giường đôi""]",60.0,2,1,1 giường đôi,Hướng thành phố,,,"[""https://owa.bestprice.vn/images/hotels/uploads/cochin-zen-hotel-6513f12cbd80d.jpg"", ""https://owa.bestprice.vn/images/hotels/uploads/cochin-zen-hotel-6513f12cbd8cc.jpg"", ""https://owa.bestprice.vn/images/hotels/uploads/cochin-zen-hotel-6513f12cbd940.jpg""]"
80c248dd5eb3,81bf608a06c953a3e5fa419f,https://www.bestprice.vn/khach-san/dusit-le-palais-tu-hoa-3776.html,room_detail_20585_2_,Superior,"[""28m 2"", ""2 người lớn, 1 trẻ em"", ""1 giường lớn""]",28.0,2,1,1 giường lớn,,True,1,"[""https://owa.bestprice.vn/images/hotels/uploads/dusit-le-palais-tu-hoa-682d7f800af1d.jpg"", ""https://owa.bestprice.vn/images/hotels/uploads/dusit-le-palais-tu-hoa-682d7ebd649ec.jpg"", ""https://owa.bestprice.vn/images/hotels/uploads/dusit-le-palais-tu-hoa-682d7ebd649e8.jpg"", ""https://owa.bestprice.vn/images/hotels/uploads/dusit-le-palais-tu-hoa-682d7f800af02.jpg""]"
80c248dd5eb3,81bf608a06c953a3e5fa419f,https://www.bestprice.vn/khach-san/dusit-le-palais-tu-hoa-3776.html,room_detail_20589_2_,Superior Balcony,"[""28m 2"", ""2 người lớn, 2 trẻ em"", ""1 giường lớn""]",28.0,2,2,1 giường lớn,,True,1,"[""https://owa.bestprice.vn/images/hotels/uploads/dusit-le-palais-tu-hoa-682d7f800af02.jpg"", ""https://owa.bestprice.vn/images/hotels/uploads/dusit-le-palais-tu-hoa-682d7f800af1d.jpg"", ""https://owa.bestprice.vn/images/hotels/uploads/dusit-le-palais-tu-hoa-682d7ebd649ec.jpg"", ""https://owa.bestprice.vn/images/hotels/uploads/dusit-le-palais-tu-hoa-682d7ebd649e8.jpg""]"
80c248dd5eb3,81bf608a06c953a3e5fa419f,https://www.bestprice.vn/khach-san/dusit-le-palais-tu-hoa-3776.html,room_detail_20586_2_,Deluxe,"[""34m 2"", ""2 người lớn, 2 trẻ em"", ""1 giường lớn""]",34.0,2,2,1 giường lớn,,True,1,"[""https://owa.bestprice.vn/images/hotels/uploads/dusit-le-palais-tu-hoa-682d7ebd649cb.jpg"", ""https://owa.bestprice.vn/images/hotels/uploads/dusit-le-palais-tu-hoa-682d7ebd649be.jpg"", ""https://owa.bestprice.vn/images/hotels/uploads/dusit-le-palais-tu-hoa-682d7ebd649db.jpg"", ""https://owa.bestprice.vn/images/hotels/uploads/dusit-le-palais-tu-hoa-682d7f800af17.jpg"", ""https://owa.bestprice.vn/images/hotels/uploads/dusit-le-palais-tu-hoa-682d7ebd649c3.jpg""]"
80c248dd5eb3,81bf608a06c953a3e5fa419f,https://www.bestprice.vn/khach-san/dusit-le-palais-tu-hoa-3776.html,room_detail_20590_2_,Deluxe Balcony,"[""34m 2"", ""2 người lớn, 2 trẻ em"", ""1 giường đôi / 1 giường lớn""]",34.0,2,2,1 giường đôi / 1 giường lớn,,True,1,"[""https://owa.bestprice.vn/images/hotels/uploads/dusit-le-palais-tu-hoa-682d7ebd649be.jpg"", ""https://owa.bestprice.vn/images/hotels/uploads/dusit-le-palais-tu-hoa-682d7ebd649db.jpg"", ""https://owa.bestprice.vn/images/hotels/uploads/dusit-le-palais-tu-hoa-682d7ebd649cb.jpg"", ""https://owa.bestprice.vn/images/hotels/uploads/dusit-le-palais-tu-hoa-682d7f800af17.jpg"", ""https://owa.bestprice.vn/images/hotels/uploads/dusit-le-palais-tu-hoa-682d7ebd649c3.jpg""]"
80c248dd5eb3,81bf608a06c953a3e5fa419f,https://www.bestprice.vn/khach-san/dusit-le-palais-tu-hoa-3776.html,room_detail_20593_2_,Deluxe Corner,"[""34m 2"", ""2 người lớn, 2 trẻ em"", ""1 giường lớn""]",34.0,2,2,1 giường lớn,,True,1,"[""https://owa.bestprice.vn/images/hotels/uploads/dusit-le-palais-tu-hoa-682d7ebd649be.jpg"", ""https://owa.bestprice.vn/images/hotels/uploads/dusit-le-palais-tu-hoa-682d7ebd649db.jpg"", ""https://owa.bestprice.vn/images/hotels/uploads/dusit-le-palais-tu-hoa-682d7ebd649cb.jpg"", ""https://owa.bestprice.vn/images/hotels/uploads/dusit-le-palais-tu-hoa-682d7f800af17.jpg"", ""https://owa.bestprice.vn/images/hotels/uploads/dusit-le-palais-tu-hoa-682d7ebd649c3.jpg""]"
80c248dd5eb3,81bf608a06c953a3e5fa419f,https://www.bestprice.vn/khach-san/dusit-le-palais-tu-hoa-3776.html,room_detail_20587_2_,Junior Suite,"[""50m 2"", ""2 người lớn, 2 trẻ em"", ""1 giường lớn""]",50.0,2,2,1 giường lớn,,True,1,"[""https://owa.bestprice.vn/images/hotels/uploads/dusit-le-palais-tu-hoa-682d7ebd649c7.jpg"", ""https://owa.bestprice.vn/images/hotels/uploads/dusit-le-palais-tu-hoa-682d7ebd649d3.jpg"", ""https://owa.bestprice.vn/images/hotels/uploads/dusit-le-palais-tu-hoa-682d7ebd649b6.jpg"", ""https://owa.bestprice.vn/images/hotels/uploads/dusit-le-palais-tu-hoa-682d7ebd649ba.jpg"", ""https://owa.bestprice.vn/images/hotels/uploads/dusit-le-palais-tu-hoa-682d7ebd649b2.jpg"", ""https://owa.bestprice.vn/images/hotels/uploads/dusit-le-palais-tu-hoa-682d7ebd649cf.jpg""]"
80c248dd5eb3,81bf608a06c953a3e5fa419f,https://www.bestprice.vn/khach-san/dusit-le-palais-tu-hoa-3776.html,room_detail_20591_2_,Junior Suite Balcony,"[""50m 2"", ""2 người lớn, 2 trẻ em"", ""1 giường lớn""]",50.0,2,2,1 giường lớn,,True,1,"[""https://owa.bestprice.vn/images/hotels/uploads/dusit-le-palais-tu-hoa-682d7ebd649c7.jpg"", ""https://owa.bestprice.vn/images/hotels/uploads/dusit-le-palais-tu-hoa-682d7ebd649d3.jpg"", ""https://owa.bestprice.vn/images/hotels/uploads/dusit-le-palais-tu-hoa-682d7ebd649b6.jpg"", ""https://owa.bestprice.vn/images/hotels/uploads/dusit-le-palais-tu-hoa-682d7ebd649ba.jpg"", ""https://owa.bestprice.vn/images/hotels/uploads/dusit-le-palais-tu-hoa-682d7ebd649b2.jpg"", ""https://owa.bestprice.vn/images/hotels/uploads/dusit-le-palais-tu-hoa-682d7ebd649cf.jpg""]"
80c248dd5eb3,81bf608a06c953a3e5fa419f,https://www.bestprice.vn/khach-san/dusit-le-palais-tu-hoa-3776.html,room_detail_20588_2_,One Bedroom Suite,"[""51m 2"", ""2 người lớn, 2 trẻ em"", ""1 giường lớn""]",51.0,2,2,1 giường lớn,,True,1,"[""https://owa.bestprice.vn/images/hotels/uploads/dusit-le-palais-tu-hoa-682d7ebd649df.jpg"", ""https://owa.bestprice.vn/images/hotels/uploads/dusit-le-palais-tu-hoa-682d7ebd6499e.jpg"", ""https://owa.bestprice.vn/images/hotels/uploads/dusit-le-palais-tu-hoa-682d7ebd649a6.jpg"", ""https://owa.bestprice.vn/images/hotels/uploads/dusit-le-palais-tu-hoa-682d7ebd649aa.jpg"", ""https://owa.bestprice.vn/images/hotels/uploads/dusit-le-palais-tu-hoa-682d7ebd649ae.jpg"", ""https://owa.bestprice.vn/images/hotels/uploads/dusit-le-palais-tu-hoa-682d7ebd64929.jpg""]"
80c248dd5eb3,81bf608a06c953a3e5fa419f,https://www.bestprice.vn/khach-san/dusit-le-palais-tu-hoa-3776.html,room_detail_20592_2_,One Bedroom Balcony Suite,"[""51m 2"", ""2 người lớn, 2 trẻ em"", ""1 giường lớn""]",51.0,2,2,1 giường lớn,,True,1,"[""https://owa.bestprice.vn/images/hotels/uploads/dusit-le-palais-tu-hoa-682d7ebd649df.jpg"", ""https://owa.bestprice.vn/images/hotels/uploads/dusit-le-palais-tu-hoa-682d7ebd6499e.jpg"", ""https://owa.bestprice.vn/images/hotels/uploads/dusit-le-palais-tu-hoa-682d7ebd649a6.jpg"", ""https://owa.bestprice.vn/images/hotels/uploads/dusit-le-palais-tu-hoa-682d7ebd649aa.jpg"", ""https://owa.bestprice.vn/images/hotels/uploads/dusit-le-palais-tu-hoa-682d7ebd649ae.jpg"", ""https://owa.bestprice.vn/images/hotels/uploads/dusit-le-palais-tu-hoa-682d7ebd64929.jpg""]"
80c248dd5eb3,8225784b7869814abfba6bea,https://www.bestprice.vn/khach-san/vinh-hung-emerald-resort-hoi-an-87.html,room_detail_19583_2_,Deluxe Garden view (BB),"[""30m 2"", ""2 người lớn, 1 trẻ em"", ""Hướng vườn"", ""2 giường đơn / 1 giường đôi""]",30.0,2,1,2 giường đơn / 1 giường đôi,Hướng vườn,True,1,"[""https://owa.bestprice.vn/images/hotels/uploads/emerald-hoi-an-riverside-resort-6465f2188b1db.jpg"", ""https://owa.bestprice.vn/images/hotels/uploads/emerald-hoi-an-riverside-resort-6465f2188b010.jpg""]"
80c248dd5eb3,8225784b7869814abfba6bea,https://www.bestprice.vn/khach-san/vinh-hung-emerald-resort-hoi-an-87.html,room_detail_402_2_,Deluxe Pool View (BB),"[""30m 2"", ""2 người lớn, 1 trẻ em"", ""Hướng hồ bơi"", ""2 giường đơn / 1 giường đôi""]",30.0,2,1,2 giường đơn / 1 giường đôi,Hướng hồ bơi,True,1,"[""https://owa.bestprice.vn/images/hotels/uploads/vinh-hung-emerald-resort-532d410e99496.jpg"", ""https://owa.bestprice.vn/images/hotels/uploads/vinh-hung-emerald-resort-532d410e99530.jpg"", ""https://owa.bestprice.vn/images/hotels/uploads/vinh-hung-emerald-resort-532d410e995ca.jpg"", ""https://owa.bestprice.vn/images/hotels/uploads/vinh-hung-emerald-resort-532d410e99678.jpg""]"
80c248dd5eb3,8225784b7869814abfba6bea,https://www.bestprice.vn/khach-san/vinh-hung-emerald-resort-hoi-an-87.html,room_detail_19584_2_,Deluxe River view (BB),"[""30m 2"", ""2 người lớn, 1 trẻ em"", ""Hướng sông"", ""2 giường đơn / 1 giường đôi""]",30.0,2,1,2 giường đơn / 1 giường đôi,Hướng sông,True,1,"[""https://owa.bestprice.vn/images/hotels/uploads/emerald-hoi-an-riverside-resort-6465f2188b391.jpg"", ""https://owa.bestprice.vn/images/hotels/uploads/emerald-hoi-an-riverside-resort-6465f2188b1db.jpg"", ""https://owa.bestprice.vn/images/hotels/uploads/emerald-hoi-an-riverside-resort-6465f2188b0b2.jpg"", ""https://owa.bestprice.vn/images/hotels/uploads/emerald-hoi-an-riverside-resort-6465f2188b010.jpg""]"
80c248dd5eb3,8225784b7869814abfba6bea,https://www.bestprice.vn/khach-san/vinh-hung-emerald-resort-hoi-an-87.html,room_detail_19585_2_,Premium (BB),"[""50m 2"", ""2 người lớn, 1 trẻ em"", ""Hướng sông"", ""2 giường đơn / 1 giường đôi""]",50.0,2,1,2 giường đơn / 1 giường đôi,Hướng sông,True,1,"[""https://owa.bestprice.vn/images/hotels/uploads/emerald-hoi-an-riverside-resort-6465f2188b2fe.jpg"", ""https://owa.bestprice.vn/images/hotels/uploads/emerald-hoi-an-riverside-resort-6465f2188b26d.jpg"", ""https://owa.bestprice.vn/images/hotels/uploads/emerald-hoi-an-riverside-resort-6465f2188b147.jpg""]"
80c248dd5eb3,8225784b7869814abfba6bea,https://www.bestprice.vn/khach-san/vinh-hung-emerald-resort-hoi-an-87.html,room_detail_20621_2_,Deluxe Garden view (BB + SPA),"[""30m 2"", ""2 người lớn, 1 trẻ em"", ""Hướng vườn"", ""2 giường đơn / 1 giường đôi""]",30.0,2,1,2 giường đơn / 1 giường đôi,Hướng vườn,True,1,"[""https://owa.bestprice.vn/images/hotels/uploads/emerald-hoi-an-riverside-resort-6465f2188b1db.jpg"", ""https://owa.bestprice.vn/images/hotels/uploads/emerald-hoi-an-riverside-resort-68425bd86fd59.jpg"", ""https://owa.bestprice.vn/images/hotels/uploads/emerald-hoi-an-riverside-resort-68425bd86fd60.jpg""]"
80c248dd5eb3,8225784b7869814abfba6bea,https://www.bestprice.vn/khach-san/vinh-hung-emerald-resort-hoi-an-87.html,room_detail_20622_2_,Deluxe Pool View (BB + SPA),"[""30m 2"", ""2 người lớn, 1 trẻ em"", ""Hướng hồ bơi"", ""2 giường đơn / 1 giường đôi""]",30.0,2,1,2 giường đơn / 1 giường đôi,Hướng hồ bơi,True,1,"[""https://owa.bestprice.vn/images/hotels/uploads/vinh-hung-emerald-resort-532d410e99496.jpg"", ""https://owa.bestprice.vn/images/hotels/uploads/emerald-hoi-an-riverside-resort-68425bd86fd39.jpg"", ""https://owa.bestprice.vn/images/hotels/uploads/emerald-hoi-an-riverside-resort-68425bd86fd66.jpg""]"
80c248dd5eb3,8225784b7869814abfba6bea,https://www.bestprice.vn/khach-san/vinh-hung-emerald-resort-hoi-an-87.html,room_detail_20623_2_,Deluxe River view (BB + SPA),"[""30m 2"", ""2 người lớn, 1 trẻ em"", ""Hướng sông"", ""2 giường đơn / 1 giường đôi""]",30.0,2,1,2 giường đơn / 1 giường đôi,Hướng sông,True,1,"[""https://owa.bestprice.vn/images/hotels/uploads/emerald-hoi-an-riverside-resort-6465f2188b391.jpg"", ""https://owa.bestprice.vn/images/hotels/uploads/emerald-hoi-an-riverside-resort-68425dc74db41.jpg""]"
80c248dd5eb3,8225784b7869814abfba6bea,https://www.bestprice.vn/khach-san/vinh-hung-emerald-resort-hoi-an-87.html,room_detail_20624_2_,Premium (BB + SPA),"[""50m 2"", ""2 người lớn, 1 trẻ em"", ""Hướng sông"", ""2 giường đơn / 1 giường đôi""]",50.0,2,1,2 giường đơn / 1 giường đôi,Hướng sông,True,1,"[""https://owa.bestprice.vn/images/hotels/uploads/emerald-hoi-an-riverside-resort-6465f2188b147.jpg"", ""https://owa.bestprice.vn/images/hotels/uploads/emerald-hoi-an-riverside-resort-6465f2188b2fe.jpg"", ""https://owa.bestprice.vn/images/hotels/uploads/emerald-hoi-an-riverside-resort-68425bd86fd6b.jpg""]"
80c248dd5eb3,83127ffb331576b7aafc4916,https://www.bestprice.vn/khach-san/tuan-chau-resort-ha-long-2285.html,room_detail_12091_2_,Biệt thự đồi thông (Classic Pine Hill),"[""36m 2"", ""2 người lớn"", ""Hướng vườn"", ""2 giường đơn / 1 giường đôi / 3 giường đơn""]",36.0,2,,2 giường đơn / 1 giường đôi / 3 giường đơn,Hướng vườn,,,"[""https://owa.bestprice.vn/images/hotels/uploads/tuan-chau-resort-ha-long-6461ea3d14d28.jpg"", ""https://owa.bestprice.vn/images/hotels/uploads/tuan-chau-resort-ha-long-6461ea3d14b88.jpg"", ""https://owa.bestprice.vn/images/hotels/uploads/tuan-chau-resort-ha-long-6461ea3d15035.jpg"", ""https://owa.bestprice.vn/images/hotels/uploads/tuan-chau-resort-ha-long-6461ea5c997a2.jpg""]"
80c248dd5eb3,83127ffb331576b7aafc4916,https://www.bestprice.vn/khach-san/tuan-chau-resort-ha-long-2285.html,room_detail_12093_2_,Biệt thự sườn đồi (Deluxe Promenade),"[""42m 2"", ""2 người lớn"", ""Hướng vườn"", ""2 giường đơn / 1 giường đôi""]",42.0,2,,2 giường đơn / 1 giường đôi,Hướng vườn,,,"[""https://owa.bestprice.vn/images/hotels/uploads/tuan-chau-resort-ha-long-6461ea3d14c0c.jpg"", ""https://owa.bestprice.vn/images/hotels/uploads/tuan-chau-resort-ha-long-6461ea3d14f31.jpg"", ""https://owa.bestprice.vn/images/hotels/uploads/tuan-chau-resort-ha-long-6461ea3d14fb4.jpg""]"
80c248dd5eb3,83127ffb331576b7aafc4916,https://www.bestprice.vn/khach-san/tuan-chau-resort-ha-long-2285.html,room_detail_12099_2_,Biệt thự ven biển (Premium Beachfront),"[""42m 2"", ""2 người lớn"", ""Hướng bãi biển"", ""2 giường đơn / 1 giường đôi""]",42.0,2,,2 giường đơn / 1 giường đôi,Hướng bãi biển,,,"[""https://owa.bestprice.vn/images/hotels/uploads/tuan-chau-resort-ha-long-6461ea3d14dac.jpg"", ""https://owa.bestprice.vn/images/hotels/uploads/tuan-chau-resort-ha-long-6461ea3d150ba.jpg"", ""https://owa.bestprice.vn/images/hotels/uploads/tuan-chau-resort-ha-long-6461ea5c99835.jpg"", ""https://owa.bestprice.vn/images/hotels/uploads/tuan-chau-resort-ha-long-6461ea6b548f9.jpg""]"
80c248dd5eb3,849db25100db7ba8dc37026e,https://www.bestprice.vn/khach-san/bai-dinh-hotel-ninh-binh-1036.html,room_detail_4347_2_,Phòng Deluxe,"[""36m 2"", ""2 người lớn, 1 trẻ em"", ""2 giường đơn / 1 giường đôi""]",36.0,2,1,2 giường đơn / 1 giường đôi,,True,1,"[""https://owa.bestprice.vn/images/hotels/uploads/bai-dinh-hotel-5f3a2df20f5b3.jpg""]"
80c248dd5eb3,849db25100db7ba8dc37026e,https://www.bestprice.vn/khach-san/bai-dinh-hotel-ninh-binh-1036.html,room_detail_4348_3_,Phòng Deluxe Triple,"[""58m 2"", ""3 người lớn, 1 trẻ em"", ""Hướng vườn"", ""3 giường đơn""]",58.0,3,1,3 giường đơn,Hướng vườn,,,"[""https://owa.bestprice.vn/images/hotels/uploads/bai-dinh-hotel-5f3a2d56b7bcb.jpg""]"
80c248dd5eb3,849db25100db7ba8dc37026e,https://www.bestprice.vn/khach-san/bai-dinh-hotel-ninh-binh-1036.html,room_detail_7248_2_,Phòng Executive Suite,"[""66m 2"", ""2 người lớn, 1 trẻ em"", ""Hướng núi"", ""1 giường đôi""]",66.0,2,1,1 giường đôi,Hướng núi,True,1,"[""https://owa.bestprice.vn/images/hotels/uploads/bai-dinh-hotel-5f3a2d68e2d45.jpg""]"
80c248dd5eb3,849db25100db7ba8dc37026e,https://www.bestprice.vn/khach-san/bai-dinh-hotel-ninh-binh-1036.html,room_detail_10687_3_,Phòng presidential Suite,"[""58m 2"", ""3 người lớn"", ""Hướng vườn"", ""3 giường đơn""]",58.0,3,,3 giường đơn,Hướng vườn,,,"[""https://owa.bestprice.vn/images/hotels/uploads/bai-dinh-hotel-5f3a2d68e2cc9.jpg""]"
80c248dd5eb3,85dcddf4360c85d867dbd8e1,https://www.bestprice.vn/khach-san/sai-gon-con-dao-resort-1056.html,room_detail_19139_2_,Building Superior DBL.,"[""40m 2"", ""2 người lớn, 2 trẻ em"", ""Hướng vườn"", ""1 giường lớn""]",40.0,2,2,1 giường lớn,Hướng vườn,True,1,"[""https://owa.bestprice.vn/images/hotels/uploads/sai-gon-con-dao-resort-63dc84c697b43.jpg"", ""https://owa.bestprice.vn/images/hotels/uploads/sai-gon-con-dao-resort-64a61a8974809.jpg""]"
80c248dd5eb3,85dcddf4360c85d867dbd8e1,https://www.bestprice.vn/khach-san/sai-gon-con-dao-resort-1056.html,room_detail_9383_2_,Building Superior Twn,"[""25m 2"", ""2 người lớn, 2 trẻ em"", ""Hướng vườn"", ""2 giường đơn""]",25.0,2,2,2 giường đơn,Hướng vườn,True,1,"[""https://owa.bestprice.vn/images/hotels/uploads/sai-gon-con-dao-resort-63dc84c6977b0.jpg"", ""https://owa.bestprice.vn/images/hotels/uploads/sai-gon-con-dao-resort-63dc84c697717.jpg""]"
80c248dd5eb3,85dcddf4360c85d867dbd8e1,https://www.bestprice.vn/khach-san/sai-gon-con-dao-resort-1056.html,room_detail_9385_2_,Building Suite DBL,"[""45m 2"", ""2 người lớn, 2 trẻ em"", ""Hướng biển"", ""1 giường lớn""]",45.0,2,2,1 giường lớn,Hướng biển,True,1,"[""https://owa.bestprice.vn/images/hotels/uploads/sai-gon-con-dao-resort-63dc84c697c76.jpg"", ""https://owa.bestprice.vn/images/hotels/uploads/sai-gon-con-dao-resort-63dc84c697d11.jpg""]"
80c248dd5eb3,85dcddf4360c85d867dbd8e1,https://www.bestprice.vn/khach-san/sai-gon-con-dao-resort-1056.html,room_detail_19140_2_,Building Suite Balcony,"[""45m 2"", ""2 người lớn, 2 trẻ em"", ""Hướng hồ bơi"", ""1 giường lớn""]",45.0,2,2,1 giường lớn,Hướng hồ bơi,True,1,"[""https://owa.bestprice.vn/images/hotels/uploads/sai-gon-con-dao-resort-63dc84c697bda.jpg"", ""https://owa.bestprice.vn/images/hotels/uploads/sai-gon-con-dao-resort-64a61b1640d23.jpg""]"
80c248dd5eb3,85dcddf4360c85d867dbd8e1,https://www.bestprice.vn/khach-san/sai-gon-con-dao-resort-1056.html,room_detail_19141_2_,Sup Villa DBL,"[""25m 2"", ""2 người lớn, 2 trẻ em"", ""Hướng vườn"", ""1 giường lớn""]",25.0,2,2,1 giường lớn,Hướng vườn,True,1,"[""https://owa.bestprice.vn/images/hotels/uploads/sai-gon-con-dao-resort-63f428391e56d.jpg"", ""https://owa.bestprice.vn/images/hotels/uploads/sai-gon-con-dao-resort-63dc84c6978e2.jpg""]"
80c248dd5eb3,85dcddf4360c85d867dbd8e1,https://www.bestprice.vn/khach-san/sai-gon-con-dao-resort-1056.html,room_detail_20337_2_,Sup Twn Villa,"[""25m 2"", ""2 người lớn, 1 trẻ em"", ""2 giường đơn""]",25.0,2,1,2 giường đơn,,True,1,"[""https://owa.bestprice.vn/images/hotels/uploads/sai-gon-con-dao-resort-65d87103d6d78.jpg""]"
80c248dd5eb3,85dcddf4360c85d867dbd8e1,https://www.bestprice.vn/khach-san/sai-gon-con-dao-resort-1056.html,room_detail_19142_2_,Villa Deluxe DBL,"[""30m 2"", ""2 người lớn, 2 trẻ em"", ""Hướng vườn"", ""1 giường lớn""]",30.0,2,2,1 giường lớn,Hướng vườn,True,1,"[""https://owa.bestprice.vn/images/hotels/uploads/sai-gon-con-dao-resort-63f428391e4e8.jpg"", ""https://owa.bestprice.vn/images/hotels/uploads/sai-gon-con-dao-resort-63dc84c6974af.jpg""]"
80c248dd5eb3,85dcddf4360c85d867dbd8e1,https://www.bestprice.vn/khach-san/sai-gon-con-dao-resort-1056.html,room_detail_10415_2_,Villa Condore Deluxe DBL,"[""25m 2"", ""2 người lớn, 2 trẻ em"", ""Hướng vườn"", ""1 giường lớn""]",25.0,2,2,1 giường lớn,Hướng vườn,True,1,"[""https://owa.bestprice.vn/images/hotels/uploads/sai-gon-con-dao-resort-63dc84c697a0d.jpg"", ""https://owa.bestprice.vn/images/hotels/uploads/sai-gon-con-dao-resort-63dc84c697979.jpg""]"
80c248dd5eb3,85dcddf4360c85d867dbd8e1,https://www.bestprice.vn/khach-san/sai-gon-con-dao-resort-1056.html,room_detail_20338_2_,Villa Condore Deluxe Twn,"[""25m 2"", ""2 người lớn, 2 trẻ em"", ""2 giường đơn""]",25.0,2,2,2 giường đơn,,True,1,"[""https://owa.bestprice.vn/images/hotels/uploads/sai-gon-con-dao-resort-65d8726e0aa7c.jpg""]"
80c248dd5eb3,85dcddf4360c85d867dbd8e1,https://www.bestprice.vn/khach-san/sai-gon-con-dao-resort-1056.html,room_detail_9391_2_,Villa Condore Suite DBL,"[""45m 2"", ""2 người lớn, 2 trẻ em"", ""Hướng biển"", ""1 giường lớn""]",45.0,2,2,1 giường lớn,Hướng biển,True,1,"[""https://owa.bestprice.vn/images/hotels/uploads/sai-gon-con-dao-resort-63dc84c6975f5.jpg"", ""https://owa.bestprice.vn/images/hotels/uploads/sai-gon-con-dao-resort-63dc84c697691.jpg""]"
80c248dd5eb3,85dcddf4360c85d867dbd8e1,https://www.bestprice.vn/khach-san/sai-gon-con-dao-resort-1056.html,room_detail_20339_2_,Villa Sup Squad,"[""60m 2"", ""2 người lớn, 1 trẻ em"", ""3 giường đôi""]",60.0,2,1,3 giường đôi,,True,1,"[""https://owa.bestprice.vn/images/hotels/uploads/sai-gon-con-dao-resort-65d872f48d977.jpg"", ""https://owa.bestprice.vn/images/hotels/uploads/sai-gon-con-dao-resort-65d8738539247.jpg""]"
80c248dd5eb3,87353d5e7d0aa5b1efd0188e,https://www.bestprice.vn/khach-san/an-lam-retreats-saigon-river-2067.html,room_detail_10315_2_,Garden View Suite,"[""64m 2"", ""2 người lớn, 1 trẻ em"", ""Hướng vườn"", ""1 giường đôi""]",64.0,2,1,1 giường đôi,Hướng vườn,True,1,"[""https://owa.bestprice.vn/images/hotels/uploads/an-lam-retreats-saigon-river-63e062eb8fdaa.jpg"", ""https://owa.bestprice.vn/images/hotels/uploads/an-lam-retreats-saigon-river-63e0629735505.jpg""]"
80c248dd5eb3,87353d5e7d0aa5b1efd0188e,https://www.bestprice.vn/khach-san/an-lam-retreats-saigon-river-2067.html,room_detail_10317_2_,River View Suite,"[""64m 2"", ""2 người lớn, 1 trẻ em"", ""Hướng sông"", ""1 giường đôi""]",64.0,2,1,1 giường đôi,Hướng sông,True,1,"[""https://owa.bestprice.vn/images/hotels/uploads/an-lam-retreats-saigon-river-63e06378484df.jpg"", ""https://owa.bestprice.vn/images/hotels/uploads/an-lam-retreats-saigon-river-63e063213f972.jpg"", ""https://owa.bestprice.vn/images/hotels/uploads/an-lam-retreats-saigon-river-63e063cab7826.jpg""]"
80c248dd5eb3,87353d5e7d0aa5b1efd0188e,https://www.bestprice.vn/khach-san/an-lam-retreats-saigon-river-2067.html,room_detail_10319_2_,River View Executive Suite,"[""85m 2"", ""2 người lớn, 1 trẻ em"", ""Hướng sông"", ""1 giường đôi""]",85.0,2,1,1 giường đôi,Hướng sông,True,1,"[""https://owa.bestprice.vn/images/hotels/uploads/an-lam-retreats-saigon-river-63e06455b8600.jpg"", ""https://owa.bestprice.vn/images/hotels/uploads/an-lam-retreats-saigon-river-63e0641429e64.jpg""]"
80c248dd5eb3,87353d5e7d0aa5b1efd0188e,https://www.bestprice.vn/khach-san/an-lam-retreats-saigon-river-2067.html,room_detail_17873_2_,Garden Pool Suite,"[""107m 2"", ""2 người lớn, 1 trẻ em"", ""Hướng vườn"", ""1 giường đôi""]",107.0,2,1,1 giường đôi,Hướng vườn,True,1,"[""https://owa.bestprice.vn/images/hotels/uploads/an-lam-retreats-saigon-river-63e065895ba29.jpg"", ""https://owa.bestprice.vn/images/hotels/uploads/an-lam-retreats-saigon-river-63e06519e725f.jpg"", ""https://owa.bestprice.vn/images/hotels/uploads/an-lam-retreats-saigon-river-63e06550627ec.jpg"", ""https://owa.bestprice.vn/images/hotels/uploads/an-lam-retreats-saigon-river-63e065ad849cc.jpg""]"
80c248dd5eb3,87353d5e7d0aa5b1efd0188e,https://www.bestprice.vn/khach-san/an-lam-retreats-saigon-river-2067.html,room_detail_17874_4_,Garden View Two Bedroom Suite,"[""121m 2"", ""4 người lớn, 1 trẻ em"", ""Hướng vườn"", ""1 Giường đôi & 2 Giường đơn""]",121.0,4,1,1 Giường đôi & 2 Giường đơn,Hướng vườn,True,1,"[""https://owa.bestprice.vn/images/hotels/uploads/an-lam-retreats-saigon-river-63e0755b6d197.jpg"", ""https://owa.bestprice.vn/images/hotels/uploads/an-lam-retreats-saigon-river-63e07640ab1eb.jpg"", ""https://owa.bestprice.vn/images/hotels/uploads/an-lam-retreats-saigon-river-63e07654a2963.jpg""]"
80c248dd5eb3,87353d5e7d0aa5b1efd0188e,https://www.bestprice.vn/khach-san/an-lam-retreats-saigon-river-2067.html,room_detail_10321_2_,Garden Pool Villa,"[""100m 2"", ""2 người lớn, 1 trẻ em"", ""Hướng vườn"", ""1 giường đôi""]",100.0,2,1,1 giường đôi,Hướng vườn,True,1,"[""https://owa.bestprice.vn/images/hotels/uploads/an-lam-retreats-saigon-river-63e065da5dda8.jpg"", ""https://owa.bestprice.vn/images/hotels/uploads/an-lam-retreats-saigon-river-63e0664cb0270.jpg"", ""https://owa.bestprice.vn/images/hotels/uploads/an-lam-retreats-saigon-river-63e066709d785.jpg""]"
80c248dd5eb3,87353d5e7d0aa5b1efd0188e,https://www.bestprice.vn/khach-san/an-lam-retreats-saigon-river-2067.html,room_detail_17875_2_,River View Signature Suite,"[""206m 2"", ""2 người lớn, 1 trẻ em"", ""Hướng sông"", ""1 giường đôi""]",206.0,2,1,1 giường đôi,Hướng sông,True,1,"[""https://owa.bestprice.vn/images/hotels/uploads/an-lam-retreats-saigon-river-63e066b8bf590.jpg"", ""https://owa.bestprice.vn/images/hotels/uploads/an-lam-retreats-saigon-river-63e06d742b279.jpg"", ""https://owa.bestprice.vn/images/hotels/uploads/an-lam-retreats-saigon-river-63e06df2a8353.jpg"", ""https://owa.bestprice.vn/images/hotels/uploads/an-lam-retreats-saigon-river-63e06e53a84d3.jpg""]"
80c248dd5eb3,87353d5e7d0aa5b1efd0188e,https://www.bestprice.vn/khach-san/an-lam-retreats-saigon-river-2067.html,room_detail_10323_2_,Riverfront Pool Villa,"[""130m 2"", ""2 người lớn, 1 trẻ em"", ""Hướng sông"", ""1 giường đôi""]",130.0,2,1,1 giường đôi,Hướng sông,True,1,"[""https://owa.bestprice.vn/images/hotels/uploads/an-lam-retreats-saigon-river-63e06eceed65a.jpg"", ""https://owa.bestprice.vn/images/hotels/uploads/an-lam-retreats-saigon-river-63e06f3f38d6c.jpg"", ""https://owa.bestprice.vn/images/hotels/uploads/an-lam-retreats-saigon-river-63e06f7eb7a15.jpg"", ""https://owa.bestprice.vn/images/hotels/uploads/an-lam-retreats-saigon-river-63e06fb1e9d8d.jpg""]"
80c248dd5eb3,87353d5e7d0aa5b1efd0188e,https://www.bestprice.vn/khach-san/an-lam-retreats-saigon-river-2067.html,room_detail_17876_4_,Garden Two Bedroom Pool Villa,"[""174m 2"", ""4 người lớn, 1 trẻ em"", ""Hướng vườn"", ""1 Giường đôi & 2 Giường đơn""]",174.0,4,1,1 Giường đôi & 2 Giường đơn,Hướng vườn,True,1,"[""https://owa.bestprice.vn/images/hotels/uploads/an-lam-retreats-saigon-river-63e078e3cef20.jpg"", ""https://owa.bestprice.vn/images/hotels/uploads/an-lam-retreats-saigon-river-63e074f140f2a.jpg"", ""https://owa.bestprice.vn/images/hotels/uploads/an-lam-retreats-saigon-river-63e074bd39fcf.jpg""]"
80c248dd5eb3,87353d5e7d0aa5b1efd0188e,https://www.bestprice.vn/khach-san/an-lam-retreats-saigon-river-2067.html,room_detail_10325_4_,Riverfront Two Bedroom Pool Villa,"[""177m 2"", ""4 người lớn, 1 trẻ em"", ""Hướng sông"", ""1 Giường đôi & 2 Giường đơn""]",177.0,4,1,1 Giường đôi & 2 Giường đơn,Hướng sông,True,1,"[""https://owa.bestprice.vn/images/hotels/uploads/an-lam-retreats-saigon-river-63e070065b941.jpg"", ""https://owa.bestprice.vn/images/hotels/uploads/an-lam-retreats-saigon-river-63e0703dda64c.jpg"", ""https://owa.bestprice.vn/images/hotels/uploads/an-lam-retreats-saigon-river-63e077736aa2d.jpg"", ""https://owa.bestprice.vn/images/hotels/uploads/an-lam-retreats-saigon-river-63e0779d67555.jpg""]"
80c248dd5eb3,87b076d03a8f15a9bcd54fe7,https://www.bestprice.vn/khach-san/lady-hill-sapa-resort-3697.html,room_detail_20003_2_,Phòng Superior,"[""29m 2"", ""2 người lớn, 2 trẻ em"", ""Hướng vườn"", ""2 giường đơn / 1 giường đôi""]",29.0,2,2,2 giường đơn / 1 giường đôi,Hướng vườn,True,1,"[""https://owa.bestprice.vn/images/hotels/uploads/lady-hill-sapa-resort-64edb1c1cc123.jpg"", ""https://owa.bestprice.vn/images/hotels/uploads/lady-hill-sapa-resort-64edb196cd240.jpg""]"
80c248dd5eb3,87b076d03a8f15a9bcd54fe7,https://www.bestprice.vn/khach-san/lady-hill-sapa-resort-3697.html,room_detail_20004_2_,Phòng Deluxe,"[""30m 2"", ""2 người lớn, 2 trẻ em"", ""Hướng núi"", ""2 giường đơn / 1 giường đôi""]",30.0,2,2,2 giường đơn / 1 giường đôi,Hướng núi,True,1,"[""https://owa.bestprice.vn/images/hotels/uploads/lady-hill-sapa-resort-64edb1c1cc0a6.jpg"", ""https://owa.bestprice.vn/images/hotels/uploads/lady-hill-sapa-resort-64edb196cd79f.jpg"", ""https://owa.bestprice.vn/images/hotels/uploads/lady-hill-sapa-resort-64edb1c1cbebc.jpg""]"
80c248dd5eb3,87b076d03a8f15a9bcd54fe7,https://www.bestprice.vn/khach-san/lady-hill-sapa-resort-3697.html,room_detail_20005_2_,Phòng Premier,"[""32m 2"", ""2 người lớn, 2 trẻ em"", ""Hướng núi"", ""2 giường đơn / 1 giường đôi""]",32.0,2,2,2 giường đơn / 1 giường đôi,Hướng núi,True,1,"[""https://owa.bestprice.vn/images/hotels/uploads/lady-hill-sapa-resort-64edb1c1cc02b.jpg"", ""https://owa.bestprice.vn/images/hotels/uploads/lady-hill-sapa-resort-64edb196cd34c.jpg""]"
80c248dd5eb3,87b076d03a8f15a9bcd54fe7,https://www.bestprice.vn/khach-san/lady-hill-sapa-resort-3697.html,room_detail_20006_3_,Phòng Premier Triple,"[""45m 2"", ""3 người lớn, 2 trẻ em"", ""Hướng núi"", ""1 Giường đôi & 1 Giường đơn""]",45.0,3,2,1 Giường đôi & 1 Giường đơn,Hướng núi,True,1,"[""https://owa.bestprice.vn/images/hotels/uploads/lady-hill-sapa-resort-64edb196cd1c5.jpg"", ""https://owa.bestprice.vn/images/hotels/uploads/lady-hill-sapa-resort-64edb196cd3c7.jpg""]"
80c248dd5eb3,87b076d03a8f15a9bcd54fe7,https://www.bestprice.vn/khach-san/lady-hill-sapa-resort-3697.html,room_detail_20007_2_,Phòng Suite,"[""46m 2"", ""2 người lớn, 2 trẻ em"", ""Hướng núi"", ""1 giường đôi""]",46.0,2,2,1 giường đôi,Hướng núi,True,1,"[""https://owa.bestprice.vn/images/hotels/uploads/lady-hill-sapa-resort-64edb196cd2d0.jpg"", ""https://owa.bestprice.vn/images/hotels/uploads/lady-hill-sapa-resort-64edb1c1cbbd6.jpg""]"
80c248dd5eb3,87b076d03a8f15a9bcd54fe7,https://www.bestprice.vn/khach-san/lady-hill-sapa-resort-3697.html,room_detail_20008_2_,Phòng Executive Suite,"[""65m 2"", ""2 người lớn, 2 trẻ em"", ""Hướng núi"", ""1 giường đôi""]",65.0,2,2,1 giường đôi,Hướng núi,True,1,"[""https://owa.bestprice.vn/images/hotels/uploads/lady-hill-sapa-resort-64edb196cd6a9.jpg"", ""https://owa.bestprice.vn/images/hotels/uploads/lady-hill-sapa-resort-64edb196cd442.jpg""]"
80c248dd5eb3,87b076d03a8f15a9bcd54fe7,https://www.bestprice.vn/khach-san/lady-hill-sapa-resort-3697.html,room_detail_20009_2_,Phòng Garden Residence,"[""95m 2"", ""2 người lớn, 2 trẻ em"", ""Hướng núi"", ""1 giường đôi""]",95.0,2,2,1 giường đôi,Hướng núi,True,1,"[""https://owa.bestprice.vn/images/hotels/uploads/lady-hill-sapa-resort-64edb196cd62d.jpg"", ""https://owa.bestprice.vn/images/hotels/uploads/lady-hill-sapa-resort-64edb196cd538.jpg""]"
80c248dd5eb3,87b076d03a8f15a9bcd54fe7,https://www.bestprice.vn/khach-san/lady-hill-sapa-resort-3697.html,room_detail_20010_2_,Phòng Lady Hill Grand Suite,"[""100m 2"", ""2 người lớn, 2 trẻ em"", ""Hướng núi"", ""1 giường đôi""]",100.0,2,2,1 giường đôi,Hướng núi,True,1,"[""https://owa.bestprice.vn/images/hotels/uploads/lady-hill-sapa-resort-64edb196cd724.jpg"", ""https://owa.bestprice.vn/images/hotels/uploads/lady-hill-sapa-resort-64edb196cd4bd.jpg""]"
80c248dd5eb3,87b076d03a8f15a9bcd54fe7,https://www.bestprice.vn/khach-san/lady-hill-sapa-resort-3697.html,room_detail_20011_2_,Sa Mộc Bungalow,"[""46m 2"", ""2 người lớn, 2 trẻ em"", ""Hướng núi"", ""1 giường đôi""]",46.0,2,2,1 giường đôi,Hướng núi,True,1,"[""https://owa.bestprice.vn/images/hotels/uploads/lady-hill-sapa-resort-64edb196cd0ce.jpg"", ""https://owa.bestprice.vn/images/hotels/uploads/lady-hill-sapa-resort-64edb1c1cbfb1.jpg""]"
80c248dd5eb3,87b076d03a8f15a9bcd54fe7,https://www.bestprice.vn/khach-san/lady-hill-sapa-resort-3697.html,room_detail_20012_4_,Thổ Cẩm Bungalow,"[""71m 2"", ""4 người lớn, 2 trẻ em"", ""Hướng núi"", ""2 giường đôi""]",71.0,4,2,2 giường đôi,Hướng núi,True,1,"[""https://owa.bestprice.vn/images/hotels/uploads/lady-hill-sapa-resort-64edb1c1cbf36.jpg"", ""https://owa.bestprice.vn/images/hotels/uploads/lady-hill-sapa-resort-64edb196ccf59.jpg"", ""https://owa.bestprice.vn/images/hotels/uploads/lady-hill-sapa-resort-64edb196cd5b3.jpg""]"
80c248dd5eb3,8878db2f54011c8be78e4182,https://www.bestprice.vn/khach-san/sandals-flora-hotel-da-lat-3368.html,room_detail_17761_2_,Phòng Deluxe Double,"[""20m 2"", ""2 người lớn, 1 trẻ em"", ""Hướng thành phố"", ""1 giường đôi""]",20.0,2,1,1 giường đôi,Hướng thành phố,True,1,"[""https://owa.bestprice.vn/images/hotels/uploads/sandals-flora-hotel-da-lat-64e6fbe2724a9.jpg"", ""https://owa.bestprice.vn/images/hotels/uploads/sandals-flora-hotel-da-lat-64e6fbe272556.jpg"", ""https://owa.bestprice.vn/images/hotels/uploads/sandals-flora-hotel-da-lat-64e6fbe2725e4.jpg""]"
80c248dd5eb3,8878db2f54011c8be78e4182,https://www.bestprice.vn/khach-san/sandals-flora-hotel-da-lat-3368.html,room_detail_17762_2_,Phòng Deluxe Twin,"[""20m 2"", ""2 người lớn, 1 trẻ em"", ""2 giường đơn""]",20.0,2,1,2 giường đơn,,True,1,"[""https://owa.bestprice.vn/images/hotels/uploads/sandals-flora-hotel-da-lat-64e6fbe27291c.jpg"", ""https://owa.bestprice.vn/images/hotels/uploads/sandals-flora-hotel-da-lat-64e6fbe2726f8.jpg"", ""https://owa.bestprice.vn/images/hotels/uploads/sandals-flora-hotel-da-lat-64e6fbe27266e.jpg""]"
80c248dd5eb3,8878db2f54011c8be78e4182,https://www.bestprice.vn/khach-san/sandals-flora-hotel-da-lat-3368.html,room_detail_17763_2_,Phòng Deluxe Twin View,"[""25m 2"", ""2 người lớn, 1 trẻ em"", ""Hướng thành phố"", ""2 giường đơn""]",25.0,2,1,2 giường đơn,Hướng thành phố,True,1,"[""https://owa.bestprice.vn/images/hotels/uploads/sandals-flora-hotel-da-lat-64e6fbe272894.jpg"", ""https://owa.bestprice.vn/images/hotels/uploads/sandals-flora-hotel-da-lat-64e6fbe27280b.jpg"", ""https://owa.bestprice.vn/images/hotels/uploads/sandals-flora-hotel-da-lat-64e6fbe272781.jpg""]"
80c248dd5eb3,8878db2f54011c8be78e4182,https://www.bestprice.vn/khach-san/sandals-flora-hotel-da-lat-3368.html,room_detail_17764_2_,Phòng Suite Double,"[""25m 2"", ""2 người lớn, 1 trẻ em"", ""Hướng thành phố"", ""1 giường đôi""]",25.0,2,1,1 giường đôi,Hướng thành phố,True,1,"[""https://owa.bestprice.vn/images/hotels/uploads/sandals-flora-hotel-da-lat-64e6fbe272d61.jpg"", ""https://owa.bestprice.vn/images/hotels/uploads/sandals-flora-hotel-da-lat-64e6fbe272c50.jpg"", ""https://owa.bestprice.vn/images/hotels/uploads/sandals-flora-hotel-da-lat-64e6fbe272cd9.jpg""]"
80c248dd5eb3,8878db2f54011c8be78e4182,https://www.bestprice.vn/khach-san/sandals-flora-hotel-da-lat-3368.html,room_detail_17765_4_,Phòng Suite Family,"[""40m 2"", ""4 người lớn, 1 trẻ em"", ""Hướng thành phố"", ""2 giường đôi""]",40.0,4,1,2 giường đôi,Hướng thành phố,True,1,"[""https://owa.bestprice.vn/images/hotels/uploads/sandals-flora-hotel-da-lat-64e6fbe272deb.jpg"", ""https://owa.bestprice.vn/images/hotels/uploads/sandals-flora-hotel-da-lat-64e6fbe272e74.jpg"", ""https://owa.bestprice.vn/images/hotels/uploads/sandals-flora-hotel-da-lat-64e6fbe272f00.jpg""]"
80c248dd5eb3,8878db2f54011c8be78e4182,https://www.bestprice.vn/khach-san/sandals-flora-hotel-da-lat-3368.html,room_detail_17766_2_,Phòng Queen,"[""40m 2"", ""2 người lớn, 1 trẻ em"", ""Hướng thành phố"", ""1 giường đôi""]",40.0,2,1,1 giường đôi,Hướng thành phố,True,1,"[""https://owa.bestprice.vn/images/hotels/uploads/sandals-flora-hotel-da-lat-64e6fbe272bc8.jpg"", ""https://owa.bestprice.vn/images/hotels/uploads/sandals-flora-hotel-da-lat-64e6fbe272b3f.jpg""]"
80c248dd5eb3,8878db2f54011c8be78e4182,https://www.bestprice.vn/khach-san/sandals-flora-hotel-da-lat-3368.html,room_detail_17767_2_,Phòng King,"[""40m 2"", ""2 người lớn, 1 trẻ em"", ""Hướng thành phố"", ""1 giường đôi""]",40.0,2,1,1 giường đôi,Hướng thành phố,True,1,"[""https://owa.bestprice.vn/images/hotels/uploads/sandals-flora-hotel-da-lat-64e6fbe272ab6.jpg"", ""https://owa.bestprice.vn/images/hotels/uploads/sandals-flora-hotel-da-lat-64e6fbe272a2e.jpg"", ""https://owa.bestprice.vn/images/hotels/uploads/sandals-flora-hotel-da-lat-64e6fbe2729a5.jpg""]"
80c248dd5eb3,8ae2f02cdb1877aa83c908e8,https://www.bestprice.vn/khach-san/amiana-resort-nha-trang-506.html,room_detail_18589_2_,Deluxe Room Garden View With Children Themed Room,"[""55m 2"", ""2 người lớn, 1 trẻ em"", ""Hướng vườn"", ""2 giường đơn / 1 giường đôi""]",55.0,2,1,2 giường đơn / 1 giường đôi,Hướng vườn,True,1,"[""https://owa.bestprice.vn/images/hotels/uploads/amiana-resort-nha-trang-631ae3eff0453.jpg"", ""https://owa.bestprice.vn/images/hotels/uploads/amiana-resort-nha-trang-631ae3a6cd85c.jpg"", ""https://owa.bestprice.vn/images/hotels/uploads/amiana-resort-nha-trang-631ae3c65c402.jpg""]"
80c248dd5eb3,8ae2f02cdb1877aa83c908e8,https://www.bestprice.vn/khach-san/amiana-resort-nha-trang-506.html,room_detail_18590_2_,Deluxe Room Mountain View With Children Themed Room,"[""55m 2"", ""2 người lớn, 1 trẻ em"", ""Hướng núi"", ""2 giường đơn / 1 giường đôi""]",55.0,2,1,2 giường đơn / 1 giường đôi,Hướng núi,True,1,"[""https://owa.bestprice.vn/images/hotels/uploads/amiana-resort-nha-trang-631ae40c1d4f6.jpg"", ""https://owa.bestprice.vn/images/hotels/uploads/amiana-resort-nha-trang-631ae3db2cfbb.jpg""]"
80c248dd5eb3,8ae2f02cdb1877aa83c908e8,https://www.bestprice.vn/khach-san/amiana-resort-nha-trang-506.html,room_detail_18591_2_,Deluxe Room Ocean View With Children Themed Room,"[""55m 2"", ""2 người lớn, 1 trẻ em"", ""Hướng biển"", ""2 giường đơn / 1 giường đôi""]",55.0,2,1,2 giường đơn / 1 giường đôi,Hướng biển,True,1,"[""https://owa.bestprice.vn/images/hotels/uploads/amiana-resort-nha-trang-631ae45056eb9.jpg"", ""https://owa.bestprice.vn/images/hotels/uploads/amiana-resort-nha-trang-631ae45f4a153.jpg""]"
80c248dd5eb3,8ae2f02cdb1877aa83c908e8,https://www.bestprice.vn/khach-san/amiana-resort-nha-trang-506.html,room_detail_18592_4_,Family Room 2-bedroom Garden View,"[""100m 2"", ""4 người lớn, 1 trẻ em"", ""Hướng vườn"", ""1 Giường đôi & 2 Giường đơn""]",100.0,4,1,1 Giường đôi & 2 Giường đơn,Hướng vườn,True,1,"[""https://owa.bestprice.vn/images/hotels/uploads/amiana-resort-nha-trang-631ae472eabfc.jpg"", ""https://owa.bestprice.vn/images/hotels/uploads/amiana-resort-nha-trang-631ae48fa7d46.jpg""]"
80c248dd5eb3,8ae2f02cdb1877aa83c908e8,https://www.bestprice.vn/khach-san/amiana-resort-nha-trang-506.html,room_detail_18593_4_,Family Room 2-bedroom Ocean View,"[""100m 2"", ""4 người lớn, 1 trẻ em"", ""Hướng biển"", ""1 Giường đôi & 2 Giường đơn""]",100.0,4,1,1 Giường đôi & 2 Giường đơn,Hướng biển,True,1,"[""https://owa.bestprice.vn/images/hotels/uploads/amiana-resort-nha-trang-631ae4a24e758.jpg"", ""https://owa.bestprice.vn/images/hotels/uploads/amiana-resort-nha-trang-631ae4b575674.jpg""]"
80c248dd5eb3,8ae2f02cdb1877aa83c908e8,https://www.bestprice.vn/khach-san/amiana-resort-nha-trang-506.html,room_detail_18594_2_,Deluxe Villa Garden View,"[""65m 2"", ""2 người lớn"", ""Hướng vườn"", ""1 giường đôi""]",65.0,2,,1 giường đôi,Hướng vườn,,,"[""https://owa.bestprice.vn/images/hotels/uploads/amiana-resort-nha-trang-63f2e7808686d.jpg"", ""https://owa.bestprice.vn/images/hotels/uploads/amiana-resort-nha-trang-631ae4dad764f.jpg"", ""https://owa.bestprice.vn/images/hotels/uploads/amiana-resort-nha-trang-631ae50a872ad.jpg"", ""https://owa.bestprice.vn/images/hotels/uploads/amiana-resort-nha-trang-631ae4f33af2c.jpg""]"
80c248dd5eb3,8ae2f02cdb1877aa83c908e8,https://www.bestprice.vn/khach-san/amiana-resort-nha-trang-506.html,room_detail_19358_2_,Premier Deluxe Villa Garden View,"[""70m 2"", ""2 người lớn"", ""Hướng vườn"", ""1 giường đôi""]",70.0,2,,1 giường đôi,Hướng vườn,,,"[""https://owa.bestprice.vn/images/hotels/uploads/amiana-resort-nha-trang-64421181a164d.jpg"", ""https://owa.bestprice.vn/images/hotels/uploads/amiana-resort-nha-trang-64421181a15b9.jpg""]"
80c248dd5eb3,8ae2f02cdb1877aa83c908e8,https://www.bestprice.vn/khach-san/amiana-resort-nha-trang-506.html,room_detail_19681_2_,Premier Deluxe Villa Ocean View,"[""70m 2"", ""2 người lớn"", ""Hướng biển"", ""2 giường đơn / 1 giường đôi""]",70.0,2,,2 giường đơn / 1 giường đôi,Hướng biển,,,"[""https://owa.bestprice.vn/images/hotels/uploads/amiana-resort-nha-trang-631ae549d66c4.jpg"", ""https://owa.bestprice.vn/images/hotels/uploads/amiana-resort-nha-trang-631ae55e31d4c.jpg"", ""https://owa.bestprice.vn/images/hotels/uploads/amiana-resort-nha-trang-631ae56f745ac.jpg""]"
80c248dd5eb3,8ae2f02cdb1877aa83c908e8,https://www.bestprice.vn/khach-san/amiana-resort-nha-trang-506.html,room_detail_19682_2_,Signature Deluxe Villa Ocean View,"[""80m 2"", ""2 người lớn"", ""Hướng biển"", ""1 giường lớn""]",80.0,2,,1 giường lớn,Hướng biển,,,"[""https://owa.bestprice.vn/images/hotels/uploads/amiana-resort-nha-trang-6479a452e841e.jpg"", ""https://owa.bestprice.vn/images/hotels/uploads/amiana-resort-nha-trang-6479a452e87fa.jpg""]"
80c248dd5eb3,8ae2f02cdb1877aa83c908e8,https://www.bestprice.vn/khach-san/amiana-resort-nha-trang-506.html,room_detail_18597_2_,Pool Villa 1-bedroom Ocean View,"[""100m 2"", ""2 người lớn"", ""Hướng biển"", ""1 giường lớn""]",100.0,2,,1 giường lớn,Hướng biển,,,"[""https://owa.bestprice.vn/images/hotels/uploads/amiana-resort-nha-trang-6442314e746b7.jpg"", ""https://owa.bestprice.vn/images/hotels/uploads/amiana-resort-nha-trang-631ae5b4397f0.jpg"", ""https://owa.bestprice.vn/images/hotels/uploads/amiana-resort-nha-trang-631ae5c20b7ee.jpg""]"
80c248dd5eb3,8ae2f02cdb1877aa83c908e8,https://www.bestprice.vn/khach-san/amiana-resort-nha-trang-506.html,room_detail_18598_4_,Family Villa 2-bedroom Garden View,"[""230m 2"", ""4 người lớn, 1 trẻ em"", ""Hướng vườn"", ""1 Giường đôi & 2 Giường đơn""]",230.0,4,1,1 Giường đôi & 2 Giường đơn,Hướng vườn,True,1,"[""https://owa.bestprice.vn/images/hotels/uploads/amiana-resort-nha-trang-631ae5e1a8f19.jpg"", ""https://owa.bestprice.vn/images/hotels/uploads/amiana-resort-nha-trang-631ae5f31fd24.jpg""]"
80c248dd5eb3,8ae2f02cdb1877aa83c908e8,https://www.bestprice.vn/khach-san/amiana-resort-nha-trang-506.html,room_detail_18599_6_,Pool Villa 3-bedroom Ocean View,"[""450m 2"", ""6 người lớn, 1 trẻ em"", ""Hướng biển"", ""3 giường đôi""]",450.0,6,1,3 giường đôi,Hướng biển,True,1,"[""https://owa.bestprice.vn/images/hotels/uploads/amiana-resort-nha-trang-6442307b2a22f.jpg"", ""https://owa.bestprice.vn/images/hotels/uploads/amiana-resort-nha-trang-6442308939442.jpg"", ""https://owa.bestprice.vn/images/hotels/uploads/amiana-resort-nha-trang-64423089394f0.jpg"", ""https://owa.bestprice.vn/images/hotels/uploads/amiana-resort-nha-trang-6442307b2a1a0.jpg""]"
80c248dd5eb3,8ae37c6b768a87391eb87805,https://www.bestprice.vn/khach-san/yen-bay-resort-ngoc-suong-resort-30.html,room_detail_149_2_,Superior Bungalow,"[""70m 2"", ""2 người lớn, 1 trẻ em"", ""Hướng biển"", ""1 giường đôi""]",70.0,2,1,1 giường đôi,Hướng biển,,,"[""https://owa.bestprice.vn/images/hotels/uploads/yen-bay-resort-ngoc-suong-resort-5dae7ab7580d2.jpg""]"
80c248dd5eb3,8ae37c6b768a87391eb87805,https://www.bestprice.vn/khach-san/yen-bay-resort-ngoc-suong-resort-30.html,room_detail_148_2_,Standard Bungalow,"[""70m 2"", ""2 người lớn, 1 trẻ em"", ""Hướng biển"", ""1 giường đôi""]",70.0,2,1,1 giường đôi,Hướng biển,,,"[""https://owa.bestprice.vn/images/hotels/uploads/yen-bay-resort-ngoc-suong-resort-5dae7f169b5eb.jpg""]"
80c248dd5eb3,8ae37c6b768a87391eb87805,https://www.bestprice.vn/khach-san/yen-bay-resort-ngoc-suong-resort-30.html,room_detail_150_2_,Villa 1 phòng ngủ,"[""150m 2"", ""2 người lớn, 2 trẻ em"", ""Hướng biển"", ""1 giường đôi""]",150.0,2,2,1 giường đôi,Hướng biển,,,"[""https://owa.bestprice.vn/images/hotels/uploads/yen-bay-resort-ngoc-suong-resort-5dae7c6b800fe.jpg""]"
80c248dd5eb3,8ae37c6b768a87391eb87805,https://www.bestprice.vn/khach-san/yen-bay-resort-ngoc-suong-resort-30.html,room_detail_6270_2_,Villa 2 phòng ngủ,"[""200m 2"", ""2 người lớn, 2 trẻ em"", ""Hướng bãi biển"", ""2 giường đôi""]",200.0,2,2,2 giường đôi,Hướng bãi biển,,,"[""https://owa.bestprice.vn/images/hotels/uploads/yen-bay-resort-ngoc-suong-resort-5dae7f169b721.jpg""]"
80c248dd5eb3,8b0c5e6b3c2054b74ff08bba,https://www.bestprice.vn/khach-san/con-son-blue-sea-con-dao-1680.html,room_detail_7910_2_,Superior City View,"[""24m 2"", ""2 người lớn, 2 trẻ em"", ""Hướng biển"", ""2 giường đơn / 1 giường đôi""]",24.0,2,2,2 giường đơn / 1 giường đôi,Hướng biển,True,1,"[""https://owa.bestprice.vn/images/hotels/uploads/con-son-blue-sea-con-dao-64a23952c825f.jpg"", ""https://owa.bestprice.vn/images/hotels/uploads/con-son-blue-sea-con-dao-64a236f725ac7.jpg""]"
80c248dd5eb3,8b0c5e6b3c2054b74ff08bba,https://www.bestprice.vn/khach-san/con-son-blue-sea-con-dao-1680.html,room_detail_7907_2_,Superior Sea View,"[""24m 2"", ""2 người lớn, 2 trẻ em"", ""Hướng biển"", ""2 giường đơn / 1 giường đôi""]",24.0,2,2,2 giường đơn / 1 giường đôi,Hướng biển,True,1,"[""https://owa.bestprice.vn/images/hotels/uploads/con-son-blue-sea-con-dao-64a23952c81d9.jpg"", ""https://owa.bestprice.vn/images/hotels/uploads/con-son-blue-sea-con-dao-64a236f725794.jpg""]"
80c248dd5eb3,8b0c5e6b3c2054b74ff08bba,https://www.bestprice.vn/khach-san/con-son-blue-sea-con-dao-1680.html,room_detail_7906_2_,Deluxe Sea View,"[""26m 2"", ""2 người lớn, 2 trẻ em"", ""Hướng biển"", ""1 giường đôi""]",26.0,2,2,1 giường đôi,Hướng biển,True,1,"[""https://owa.bestprice.vn/images/hotels/uploads/con-son-blue-sea-con-dao-64a23952c8152.jpg"", ""https://owa.bestprice.vn/images/hotels/uploads/con-son-blue-sea-con-dao-64a236f72592e.jpg""]"
80c248dd5eb3,8b0c5e6b3c2054b74ff08bba,https://www.bestprice.vn/khach-san/con-son-blue-sea-con-dao-1680.html,room_detail_7911_3_,Superior Moutain View -Triple,"[""28m 2"", ""3 người lớn, 2 trẻ em"", ""Hướng núi"", ""1 Giường đôi & 1 Giường đơn""]",28.0,3,2,1 Giường đôi & 1 Giường đơn,Hướng núi,True,1,"[""https://owa.bestprice.vn/images/hotels/uploads/con-son-blue-sea-con-dao-64a236f725821.jpg"", ""https://owa.bestprice.vn/images/hotels/uploads/con-son-blue-sea-con-dao-64a23952c80ca.jpg""]"
80c248dd5eb3,8b0c5e6b3c2054b74ff08bba,https://www.bestprice.vn/khach-san/con-son-blue-sea-con-dao-1680.html,room_detail_7912_4_,Superior Moutain View - Quad,"[""30m 2"", ""4 người lớn, 2 trẻ em"", ""Hướng núi"", ""2 giường đôi""]",30.0,4,2,2 giường đôi,Hướng núi,True,1,"[""https://owa.bestprice.vn/images/hotels/uploads/con-son-blue-sea-con-dao-64a23952c8032.jpg"", ""https://owa.bestprice.vn/images/hotels/uploads/con-son-blue-sea-con-dao-64a236f7258a8.jpg""]"
80c248dd5eb3,8caa00d1be19b2ce778fef1a,https://www.bestprice.vn/khach-san/melia-vinpearl-cua-sot-beach-resort-1394.html,room_detail_6032_4_,2-Bedroom Villa with Private Pool,"[""180m 2"", ""4 người lớn, 4 trẻ em"", ""Hướng vườn"", ""1 Giường đôi & 2 Giường đơn""]",180.0,4,4,1 Giường đôi & 2 Giường đơn,Hướng vườn,True,1,"[""https://owa.bestprice.vn/images/hotels/uploads/melia-vinpearl-cua-sot-beach-resort-635b4c9bd2112.jpg"", ""https://owa.bestprice.vn/images/hotels/uploads/melia-vinpearl-cua-sot-beach-resort-635b4cd2b8b5e.jpg"", ""https://owa.bestprice.vn/images/hotels/uploads/melia-vinpearl-cua-sot-beach-resort-635b4c9bd1e8e.jpg"", ""https://owa.bestprice.vn/images/hotels/uploads/melia-vinpearl-cua-sot-beach-resort-635b4c9bd1d4b.jpg"", ""https://owa.bestprice.vn/images/hotels/uploads/melia-vinpearl-cua-sot-beach-resort-635b4c9bd238d.jpg"", ""https://owa.bestprice.vn/images/hotels/uploads/melia-vinpearl-cua-sot-beach-resort-635b4cd2b8def.jpg"", ""https://owa.bestprice.vn/images/hotels/uploads/melia-vinpearl-cua-sot-beach-resort-635b4c9bd24c8.jpg"", ""https://owa.bestprice.vn/images/hotels/uploads/melia-vinpearl-cua-sot-beach-resort-635b4c9bd242b.jpg""]"
80c248dd5eb3,8caa00d1be19b2ce778fef1a,https://www.bestprice.vn/khach-san/melia-vinpearl-cua-sot-beach-resort-1394.html,room_detail_6033_6_,3-Bedroom Villa with Private Pool,"[""250m 2"", ""6 người lớn, 5 trẻ em"", ""Hướng vườn"", ""3 giường đôi""]",250.0,6,5,3 giường đôi,Hướng vườn,True,1,"[""https://owa.bestprice.vn/images/hotels/uploads/melia-vinpearl-cua-sot-beach-resort-635b4c9bd2604.jpg"", ""https://owa.bestprice.vn/images/hotels/uploads/melia-vinpearl-cua-sot-beach-resort-635b4c9bd1f2c.jpg"", ""https://owa.bestprice.vn/images/hotels/uploads/melia-vinpearl-cua-sot-beach-resort-635b4c9bd2567.jpg"", ""https://owa.bestprice.vn/images/hotels/uploads/melia-vinpearl-cua-sot-beach-resort-635b4cd2b8d50.jpg""]"
80c248dd5eb3,8caa00d1be19b2ce778fef1a,https://www.bestprice.vn/khach-san/melia-vinpearl-cua-sot-beach-resort-1394.html,room_detail_9709_8_,4-Bedroom Villa with Private Pool,"[""350m 2"", ""8 người lớn, 5 trẻ em"", ""Hướng biển"", ""3 giường đôi""]",350.0,8,5,3 giường đôi,Hướng biển,True,1,"[""https://owa.bestprice.vn/images/hotels/uploads/melia-vinpearl-cua-sot-beach-resort-635b4cd2b8e8e.jpg"", ""https://owa.bestprice.vn/images/hotels/uploads/melia-vinpearl-cua-sot-beach-resort-635b4c9bd26a2.jpg"", ""https://owa.bestprice.vn/images/hotels/uploads/melia-vinpearl-cua-sot-beach-resort-635b4cd2b8f2b.jpg""]"
80c248dd5eb3,8cb111d715d8a25797d26cb0,https://www.bestprice.vn/khach-san/da-nang-mikazuki-resorts-and-spa-2585.html,room_detail_15744_2_,Premium Deluxe Ocean View,"[""90m 2"", ""2 người lớn, 2 trẻ em"", ""Hướng biển"", ""2 giường đơn / 1 giường đôi""]",90.0,2,2,2 giường đơn / 1 giường đôi,Hướng biển,True,1,"[""https://owa.bestprice.vn/images/hotels/uploads/da-nang-mikazuki-japanese-resorts-and-spa-6453619835110.jpg"", ""https://owa.bestprice.vn/images/hotels/uploads/da-nang-mikazuki-japanese-resorts-and-spa-6453619835508.jpg"", ""https://owa.bestprice.vn/images/hotels/uploads/da-nang-mikazuki-japanese-resorts-and-spa-64536198355b2.jpg""]"
80c248dd5eb3,8cb111d715d8a25797d26cb0,https://www.bestprice.vn/khach-san/da-nang-mikazuki-resorts-and-spa-2585.html,room_detail_13417_5_,Family Ocean View,"[""70m 2"", ""5 người lớn, 1 trẻ em"", ""Hướng biển"", ""1 Giường đôi & 2 Giường đơn""]",70.0,5,1,1 Giường đôi & 2 Giường đơn,Hướng biển,,,"[""https://owa.bestprice.vn/images/hotels/uploads/da-nang-mikazuki-japanese-resorts-and-spa-64536156ecd3e.jpg"", ""https://owa.bestprice.vn/images/hotels/uploads/da-nang-mikazuki-japanese-resorts-and-spa-64536156ecffe.jpg""]"
80c248dd5eb3,8cb111d715d8a25797d26cb0,https://www.bestprice.vn/khach-san/da-nang-mikazuki-resorts-and-spa-2585.html,room_detail_15746_5_,Premium Family Ocean View,"[""90m 2"", ""5 người lớn, 1 trẻ em"", ""Hướng biển"", ""1 Giường đôi & 2 Giường đơn""]",90.0,5,1,1 Giường đôi & 2 Giường đơn,Hướng biển,,,"[""https://owa.bestprice.vn/images/hotels/uploads/da-nang-mikazuki-japanese-resorts-and-spa-645361983545f.jpg"", ""https://owa.bestprice.vn/images/hotels/uploads/da-nang-mikazuki-japanese-resorts-and-spa-645361983565b.jpg"", ""https://owa.bestprice.vn/images/hotels/uploads/da-nang-mikazuki-japanese-resorts-and-spa-645361c7724d5.jpg""]"
80c248dd5eb3,8cb111d715d8a25797d26cb0,https://www.bestprice.vn/khach-san/da-nang-mikazuki-resorts-and-spa-2585.html,room_detail_15747_5_,Senior Suite,"[""140m 2"", ""5 người lớn, 2 trẻ em"", ""Hướng biển"", ""2 giường đơn / 1 giường đôi""]",140.0,5,2,2 giường đơn / 1 giường đôi,Hướng biển,True,1,"[""https://owa.bestprice.vn/images/hotels/uploads/da-nang-mikazuki-japanese-resorts-and-spa-64536198359ab.jpg"", ""https://owa.bestprice.vn/images/hotels/uploads/da-nang-mikazuki-japanese-resorts-and-spa-645361c77242b.jpg""]"
80c248dd5eb3,8cb111d715d8a25797d26cb0,https://www.bestprice.vn/khach-san/da-nang-mikazuki-resorts-and-spa-2585.html,room_detail_15748_5_,Executive Suite,"[""200m 2"", ""5 người lớn, 1 trẻ em"", ""Hướng biển"", ""1 Giường đôi & 2 Giường đơn""]",200.0,5,1,1 Giường đôi & 2 Giường đơn,Hướng biển,True,1,"[""https://owa.bestprice.vn/images/hotels/uploads/da-nang-mikazuki-japanese-resorts-and-spa-64536156ecc93.jpg"", ""https://owa.bestprice.vn/images/hotels/uploads/da-nang-mikazuki-japanese-resorts-and-spa-64536156ed152.jpg"", ""https://owa.bestprice.vn/images/hotels/uploads/da-nang-mikazuki-japanese-resorts-and-spa-6453619834fbc.jpg""]"
80c248dd5eb3,8cb111d715d8a25797d26cb0,https://www.bestprice.vn/khach-san/da-nang-mikazuki-resorts-and-spa-2585.html,room_detail_15749_5_,Ambassador Suite,"[""200m 2"", ""5 người lớn, 1 trẻ em"", ""Hướng biển"", ""1 Giường đôi & 2 Giường đơn""]",200.0,5,1,1 Giường đôi & 2 Giường đơn,Hướng biển,True,1,"[""https://owa.bestprice.vn/images/hotels/uploads/da-nang-mikazuki-japanese-resorts-and-spa-6453610eea388.jpg"", ""https://owa.bestprice.vn/images/hotels/uploads/da-nang-mikazuki-japanese-resorts-and-spa-64536198353b5.jpg""]"
80c248dd5eb3,8cb111d715d8a25797d26cb0,https://www.bestprice.vn/khach-san/da-nang-mikazuki-resorts-and-spa-2585.html,room_detail_13411_5_,Japanese Suite,"[""200m 2"", ""5 người lớn, 1 trẻ em"", ""Hướng biển"", ""1 giường lớn / 1 giường lớn""]",200.0,5,1,1 giường lớn / 1 giường lớn,Hướng biển,True,1,"[""https://owa.bestprice.vn/images/hotels/uploads/da-nang-mikazuki-japanese-resorts-and-spa-64536156ed1fc.jpg"", ""https://owa.bestprice.vn/images/hotels/uploads/da-nang-mikazuki-japanese-resorts-and-spa-645361983530b.jpg"", ""https://owa.bestprice.vn/images/hotels/uploads/da-nang-mikazuki-japanese-resorts-and-spa-6453619835704.jpg""]"
80c248dd5eb3,8daa22e40de94a378f237c52,https://www.bestprice.vn/khach-san/merperle-beach-nha-trang-1758.html,room_detail_20568_0_,Standard Room,"[""25m 2"", ""0 người lớn"", ""2 giường đơn / 1 giường đôi""]",25.0,0,,2 giường đơn / 1 giường đôi,,,,"[""https://owa.bestprice.vn/images/hotels/uploads/merperle-beach-nha-trang-668b4b64909d5.jpg""]"
80c248dd5eb3,8daa22e40de94a378f237c52,https://www.bestprice.vn/khach-san/merperle-beach-nha-trang-1758.html,room_detail_8352_2_,Superior Room,"[""25m 2"", ""2 người lớn, 2 trẻ em"", ""2 giường đơn / 1 giường đôi""]",25.0,2,2,2 giường đơn / 1 giường đôi,,True,1,"[""https://owa.bestprice.vn/images/hotels/uploads/merperle-beach-nha-trang-6486ce14a6676.jpg"", ""https://owa.bestprice.vn/images/hotels/uploads/merperle-beach-nha-trang-6486ca003c052.jpg""]"
80c248dd5eb3,8daa22e40de94a378f237c52,https://www.bestprice.vn/khach-san/merperle-beach-nha-trang-1758.html,room_detail_8353_2_,Deluxe Ocean View,"[""25m 2"", ""2 người lớn, 2 trẻ em"", ""Hướng thành phố"", ""2 giường đơn / 1 giường đôi""]",25.0,2,2,2 giường đơn / 1 giường đôi,Hướng thành phố,True,1,"[""https://owa.bestprice.vn/images/hotels/uploads/merperle-beach-nha-trang-668b4e1af0763.jpg"", ""https://owa.bestprice.vn/images/hotels/uploads/merperle-beach-nha-trang-6486ce14a678d.jpg""]"
80c248dd5eb3,8daa22e40de94a378f237c52,https://www.bestprice.vn/khach-san/merperle-beach-nha-trang-1758.html,room_detail_20569_0_,Family City View,"[""50m 2"", ""0 người lớn"", ""Hướng thành phố"", ""2 giường đôi""]",50.0,0,,2 giường đôi,Hướng thành phố,,,"[""https://owa.bestprice.vn/images/hotels/uploads/merperle-beach-nha-trang-6486ca003c0d4.jpg""]"
80c248dd5eb3,8daa22e40de94a378f237c52,https://www.bestprice.vn/khach-san/merperle-beach-nha-trang-1758.html,room_detail_8354_2_,Family Ocean View,"[""25m 2"", ""2 người lớn, 2 trẻ em"", ""Hướng biển"", ""2 giường đơn / 1 giường đôi""]",25.0,2,2,2 giường đơn / 1 giường đôi,Hướng biển,True,1,"[""https://owa.bestprice.vn/images/hotels/uploads/merperle-beach-nha-trang-668b4ce44ad5c.jpg"", ""https://owa.bestprice.vn/images/hotels/uploads/merperle-beach-nha-trang-6486ca003c155.jpg"", ""https://owa.bestprice.vn/images/hotels/uploads/merperle-beach-nha-trang-6486ce14a6709.jpg""]"
80c248dd5eb3,8daa22e40de94a378f237c52,https://www.bestprice.vn/khach-san/merperle-beach-nha-trang-1758.html,room_detail_8355_2_,Family Suite,"[""50m 2"", ""2 người lớn, 2 trẻ em"", ""Hướng biển"", ""1 Giường đôi & 2 Giường đơn""]",50.0,2,2,1 Giường đôi & 2 Giường đơn,Hướng biển,True,1,"[""https://owa.bestprice.vn/images/hotels/uploads/merperle-beach-nha-trang-668b4bf3e3cd7.jpg""]"
80c248dd5eb3,8daa22e40de94a378f237c52,https://www.bestprice.vn/khach-san/merperle-beach-nha-trang-1758.html,room_detail_8356_2_,Luxury Suite,"[""50m 2"", ""2 người lớn, 2 trẻ em"", ""Hướng biển"", ""2 giường đơn / 1 giường đôi""]",50.0,2,2,2 giường đơn / 1 giường đôi,Hướng biển,True,1,"[""https://owa.bestprice.vn/images/hotels/uploads/merperle-beach-nha-trang-6486ca003c1d7.jpg"", ""https://owa.bestprice.vn/images/hotels/uploads/merperle-beach-nha-trang-6486ca003c258.jpg"", ""https://owa.bestprice.vn/images/hotels/uploads/merperle-beach-nha-trang-6486ca003c35a.jpg"", ""https://owa.bestprice.vn/images/hotels/uploads/merperle-beach-nha-trang-6486ca003c2d9.jpg""]"
80c248dd5eb3,8ecf5b72d4ca209153080203,https://www.bestprice.vn/khach-san/thai-binh-duong-cua-lo-439.html,room_detail_1966_2_,Phòng Deluxe Double,"[""40m 2"", ""2 người lớn, 1 trẻ em"", ""1 giường đôi""]",40.0,2,1,1 giường đôi,,,,"[""https://owa.bestprice.vn/images/hotels/uploads/khach-san-thai-binh-duong-cua-lo-5daeba376b1fd.jpg""]"
80c248dd5eb3,8ecf5b72d4ca209153080203,https://www.bestprice.vn/khach-san/thai-binh-duong-cua-lo-439.html,room_detail_1967_2_,Phòng Deluxe Twin,"[""40m 2"", ""2 người lớn, 1 trẻ em"", ""Hướng biển"", ""2 giường đơn""]",40.0,2,1,2 giường đơn,Hướng biển,,,"[""https://owa.bestprice.vn/images/hotels/uploads/khach-san-thai-binh-duong-cua-lo-5daeba376b30b.jpg""]"
80c248dd5eb3,8ecf5b72d4ca209153080203,https://www.bestprice.vn/khach-san/thai-binh-duong-cua-lo-439.html,room_detail_1968_3_,Phòng Deluxe Triple,"[""50m 2"", ""3 người lớn, 1 trẻ em"", ""Hướng thành phố"", ""3 giường đơn / 1 Giường đôi & 1 Giường đơn""]",50.0,3,1,3 giường đơn / 1 Giường đôi & 1 Giường đơn,Hướng thành phố,,,"[""https://owa.bestprice.vn/images/hotels/uploads/khach-san-thai-binh-duong-cua-lo-5daeb7866237a.jpg""]"
80c248dd5eb3,8ecf5b72d4ca209153080203,https://www.bestprice.vn/khach-san/thai-binh-duong-cua-lo-439.html,room_detail_1969_4_,Phòng Deluxe Quad,"[""50m 2"", ""4 người lớn, 1 trẻ em"", ""Hướng thành phố"", ""2 giường đôi""]",50.0,4,1,2 giường đôi,Hướng thành phố,,,"[""https://owa.bestprice.vn/images/hotels/uploads/khach-san-thai-binh-duong-cua-lo-6268a2bbc7f5e.jpg""]"
80c248dd5eb3,8ecf5b72d4ca209153080203,https://www.bestprice.vn/khach-san/thai-binh-duong-cua-lo-439.html,room_detail_1972_3_,Phòng Vip,"[""60m 2"", ""3 người lớn, 1 trẻ em"", ""Hướng biển"", ""1 Giường đôi & 1 Giường đơn""]",60.0,3,1,1 Giường đôi & 1 Giường đơn,Hướng biển,,,"[""https://owa.bestprice.vn/images/hotels/uploads/khach-san-thai-binh-duong-cua-lo-5daeb78662497.jpg""]"
80c248dd5eb3,8ecf5b72d4ca209153080203,https://www.bestprice.vn/khach-san/thai-binh-duong-cua-lo-439.html,room_detail_1974_2_,Phòng Vip Double,"[""100m 2"", ""2 người lớn, 1 trẻ em"", ""Hướng biển"", ""1 giường đôi""]",100.0,2,1,1 giường đôi,Hướng biển,,,"[""https://owa.bestprice.vn/images/hotels/uploads/khach-san-thai-binh-duong-cua-lo-6268a2bbc7e30.jpg""]"
80c248dd5eb3,8ecf5b72d4ca209153080203,https://www.bestprice.vn/khach-san/thai-binh-duong-cua-lo-439.html,room_detail_1976_4_,Phòng Vip Aparment,"[""100m 2"", ""4 người lớn, 2 trẻ em"", ""Hướng biển"", ""1 Giường đôi & 2 Giường đơn""]",100.0,4,2,1 Giường đôi & 2 Giường đơn,Hướng biển,,,"[""https://owa.bestprice.vn/images/hotels/uploads/khach-san-thai-binh-duong-cua-lo-6268a2bbc7bd0.jpg""]"
80c248dd5eb3,91482f93bc71815534ecbc79,https://www.bestprice.vn/khach-san/venus-tam-dao-1528.html,room_detail_7866_2_,Superior Room,"[""27m 2"", ""2 người lớn, 1 trẻ em"", ""Hướng thành phố"", ""2 giường đơn / 1 giường đôi""]",27.0,2,1,2 giường đơn / 1 giường đôi,Hướng thành phố,True,1,"[""https://owa.bestprice.vn/images/hotels/uploads/khach-san-venus-tam-dao-63eadff899c05.jpg"", ""https://owa.bestprice.vn/images/hotels/uploads/khach-san-venus-tam-dao-63eae01e87349.jpg""]"
80c248dd5eb3,91482f93bc71815534ecbc79,https://www.bestprice.vn/khach-san/venus-tam-dao-1528.html,room_detail_7088_2_,Deluxe Mountain View,"[""30m 2"", ""2 người lớn, 1 trẻ em"", ""Hướng thành phố"", ""1 giường đôi""]",30.0,2,1,1 giường đôi,Hướng thành phố,True,1,"[""https://owa.bestprice.vn/images/hotels/uploads/khach-san-venus-tam-dao-63eadff899a81.jpg"", ""https://owa.bestprice.vn/images/hotels/uploads/khach-san-venus-tam-dao-63eae01e87799.jpg""]"
80c248dd5eb3,91482f93bc71815534ecbc79,https://www.bestprice.vn/khach-san/venus-tam-dao-1528.html,room_detail_20574_3_,Deluxe Triple,"[""35m 2"", ""3 người lớn, 1 trẻ em"", ""Hướng vườn"", ""1 Giường đôi & 1 Giường đơn""]",35.0,3,1,1 Giường đôi & 1 Giường đơn,Hướng vườn,True,1,"[""https://owa.bestprice.vn/images/hotels/uploads/khach-san-venus-tam-dao-63eadff8997f6.jpg""]"
80c248dd5eb3,91482f93bc71815534ecbc79,https://www.bestprice.vn/khach-san/venus-tam-dao-1528.html,room_detail_7089_2_,Suite Room,"[""60m 2"", ""2 người lớn, 1 trẻ em"", ""Hướng thành phố"", ""1 giường lớn""]",60.0,2,1,1 giường lớn,Hướng thành phố,True,1,"[""https://owa.bestprice.vn/images/hotels/uploads/khach-san-venus-tam-dao-63eadff899fa1.jpg"", ""https://owa.bestprice.vn/images/hotels/uploads/khach-san-venus-tam-dao-63eadff899d08.jpg"", ""https://owa.bestprice.vn/images/hotels/uploads/khach-san-venus-tam-dao-63eadff899e1b.jpg""]"
80c248dd5eb3,91482f93bc71815534ecbc79,https://www.bestprice.vn/khach-san/venus-tam-dao-1528.html,room_detail_20575_3_,Deluxe Triple Balcony,"[""35m 2"", ""3 người lớn, 1 trẻ em"", ""Hướng thành phố"", ""1 Giường đôi & 1 Giường đơn""]",35.0,3,1,1 Giường đôi & 1 Giường đơn,Hướng thành phố,True,1,"[""https://owa.bestprice.vn/images/hotels/uploads/khach-san-venus-tam-dao-63eadff899627.jpg""]"
80c248dd5eb3,91482f93bc71815534ecbc79,https://www.bestprice.vn/khach-san/venus-tam-dao-1528.html,room_detail_7867_3_,Family Suite,"[""30m 2"", ""3 người lớn, 1 trẻ em"", ""Hướng thành phố"", ""1 Giường đôi & 1 Giường đơn""]",30.0,3,1,1 Giường đôi & 1 Giường đơn,Hướng thành phố,True,1,"[""https://owa.bestprice.vn/images/hotels/uploads/khach-san-venus-tam-dao-63eadff8996da.jpg"", ""https://owa.bestprice.vn/images/hotels/uploads/khach-san-venus-tam-dao-63eadff89975f.jpg"", ""https://owa.bestprice.vn/images/hotels/uploads/khach-san-venus-tam-dao-63eadff89a022.jpg"", ""https://owa.bestprice.vn/images/hotels/uploads/khach-san-venus-tam-dao-63eadff899b02.jpg""]"
80c248dd5eb3,91482f93bc71815534ecbc79,https://www.bestprice.vn/khach-san/venus-tam-dao-1528.html,room_detail_7090_2_,Senior Suite,"[""65m 2"", ""2 người lớn, 1 trẻ em"", ""Hướng núi"", ""1 giường đôi""]",65.0,2,1,1 giường đôi,Hướng núi,True,1,"[""https://owa.bestprice.vn/images/hotels/uploads/khach-san-venus-tam-dao-63eadff899e9d.jpg"", ""https://owa.bestprice.vn/images/hotels/uploads/khach-san-venus-tam-dao-63eadff899f1f.jpg"", ""https://owa.bestprice.vn/images/hotels/uploads/khach-san-venus-tam-dao-63eadff899d98.jpg""]"
80c248dd5eb3,91482f93bc71815534ecbc79,https://www.bestprice.vn/khach-san/venus-tam-dao-1528.html,room_detail_7091_2_,Grand Suite,"[""95m 2"", ""2 người lớn, 1 trẻ em"", ""Hướng núi"", ""1 giường đôi""]",95.0,2,1,1 giường đôi,Hướng núi,True,1,"[""https://owa.bestprice.vn/images/hotels/uploads/khach-san-venus-tam-dao-63eadff899b84.jpg"", ""https://owa.bestprice.vn/images/hotels/uploads/khach-san-venus-tam-dao-63eadff8998fb.jpg"", ""https://owa.bestprice.vn/images/hotels/uploads/khach-san-venus-tam-dao-63eadff8999ff.jpg"", ""https://owa.bestprice.vn/images/hotels/uploads/khach-san-venus-tam-dao-63eadff89997d.jpg"", ""https://owa.bestprice.vn/images/hotels/uploads/khach-san-venus-tam-dao-63eadff899879.jpg""]"
80c248dd5eb3,91a97591fc68c5e24fd14299,https://www.bestprice.vn/khach-san/le-pavillon-hoi-an-luxury-resort-spa-1909.html,room_detail_9149_2_,Phòng Deluxe Garden View Window,"[""38m 2"", ""2 người lớn, 2 trẻ em"", ""Hướng vườn"", ""2 giường đơn / 1 giường lớn""]",38.0,2,2,2 giường đơn / 1 giường lớn,Hướng vườn,True,1,"[""https://owa.bestprice.vn/images/hotels/uploads/le-pavillon-hoi-an-luxury-resort-spa-64e56df28b970.jpg"", ""https://owa.bestprice.vn/images/hotels/uploads/le-pavillon-hoi-an-luxury-resort-spa-64e56df28b8cd.jpg""]"
80c248dd5eb3,91a97591fc68c5e24fd14299,https://www.bestprice.vn/khach-san/le-pavillon-hoi-an-luxury-resort-spa-1909.html,room_detail_9151_2_,Phòng Deluxe Balcony,"[""40m 2"", ""2 người lớn, 2 trẻ em"", ""Hướng thành phố"", ""2 giường đơn / 1 giường lớn""]",40.0,2,2,2 giường đơn / 1 giường lớn,Hướng thành phố,True,1,"[""https://owa.bestprice.vn/images/hotels/uploads/le-pavillon-hoi-an-luxury-resort-spa-64e56df28b6e3.jpg"", ""https://owa.bestprice.vn/images/hotels/uploads/le-pavillon-hoi-an-luxury-resort-spa-64e56df28b63f.jpg""]"
80c248dd5eb3,91a97591fc68c5e24fd14299,https://www.bestprice.vn/khach-san/le-pavillon-hoi-an-luxury-resort-spa-1909.html,room_detail_9153_2_,Phòng Deluxe Garden View Balcony,"[""40m 2"", ""2 người lớn, 2 trẻ em"", ""Hướng vườn"", ""2 giường đơn / 1 giường lớn""]",40.0,2,2,2 giường đơn / 1 giường lớn,Hướng vườn,True,1,"[""https://owa.bestprice.vn/images/hotels/uploads/le-pavillon-hoi-an-luxury-resort-spa-64e56df28b786.jpg"", ""https://owa.bestprice.vn/images/hotels/uploads/le-pavillon-hoi-an-luxury-resort-spa-64e56df28b82a.jpg""]"
80c248dd5eb3,91a97591fc68c5e24fd14299,https://www.bestprice.vn/khach-san/le-pavillon-hoi-an-luxury-resort-spa-1909.html,room_detail_9155_2_,Phòng Premium Deluxe Palm View Balcony,"[""44m 2"", ""2 người lớn, 2 trẻ em"", ""Hướng vườn"", ""2 giường đơn / 1 giường lớn""]",44.0,2,2,2 giường đơn / 1 giường lớn,Hướng vườn,True,1,"[""https://owa.bestprice.vn/images/hotels/uploads/le-pavillon-hoi-an-luxury-resort-spa-64e56df28be04.jpg"", ""https://owa.bestprice.vn/images/hotels/uploads/le-pavillon-hoi-an-luxury-resort-spa-64e56df28bea8.jpg""]"
80c248dd5eb3,91a97591fc68c5e24fd14299,https://www.bestprice.vn/khach-san/le-pavillon-hoi-an-luxury-resort-spa-1909.html,room_detail_9157_4_,Phòng Family Suite,"[""90m 2"", ""4 người lớn, 2 trẻ em"", ""Hướng thành phố"", ""1 Giường đôi & 2 Giường đơn""]",90.0,4,2,1 Giường đôi & 2 Giường đơn,Hướng thành phố,,,"[""https://owa.bestprice.vn/images/hotels/uploads/le-pavillon-hoi-an-luxury-resort-spa-64e56df28bb5a.jpg"", ""https://owa.bestprice.vn/images/hotels/uploads/le-pavillon-hoi-an-luxury-resort-spa-64e56df28bab7.jpg""]"
80c248dd5eb3,91f32839d8503febe33c4ed8,https://www.bestprice.vn/khach-san/paracel-da-nang-1431.html,room_detail_6335_2_,Silver Room,"[""26m 2"", ""2 người lớn, 2 trẻ em"", ""Hướng thành phố"", ""2 giường đơn / 1 giường đôi""]",26.0,2,2,2 giường đơn / 1 giường đôi,Hướng thành phố,True,1,"[""https://owa.bestprice.vn/images/hotels/uploads/paracel-da-nang-64869e2a406d4.jpg"", ""https://owa.bestprice.vn/images/hotels/uploads/paracel-da-nang-64869e2a40744.jpg""]"
80c248dd5eb3,91f32839d8503febe33c4ed8,https://www.bestprice.vn/khach-san/paracel-da-nang-1431.html,room_detail_6336_2_,Sapphire Room,"[""28m 2"", ""2 người lớn, 2 trẻ em"", ""Hướng bãi biển"", ""2 giường đơn / 1 giường đôi""]",28.0,2,2,2 giường đơn / 1 giường đôi,Hướng bãi biển,True,1,"[""https://owa.bestprice.vn/images/hotels/uploads/paracel-da-nang-64869e2a40664.jpg"", ""https://owa.bestprice.vn/images/hotels/uploads/paracel-da-nang-64869e2a405f5.jpg""]"
80c248dd5eb3,91f32839d8503febe33c4ed8,https://www.bestprice.vn/khach-san/paracel-da-nang-1431.html,room_detail_6337_2_,Platinum Ocean View Room,"[""32m 2"", ""2 người lớn, 2 trẻ em"", ""Hướng biển"", ""2 giường đơn / 1 giường đôi""]",32.0,2,2,2 giường đơn / 1 giường đôi,Hướng biển,True,1,"[""https://owa.bestprice.vn/images/hotels/uploads/paracel-da-nang-64869e2a403c5.jpg"", ""https://owa.bestprice.vn/images/hotels/uploads/paracel-da-nang-64869e2a40356.jpg"", ""https://owa.bestprice.vn/images/hotels/uploads/paracel-da-nang-64869e2a404a5.jpg"", ""https://owa.bestprice.vn/images/hotels/uploads/paracel-da-nang-64869e2a40435.jpg""]"
80c248dd5eb3,91f32839d8503febe33c4ed8,https://www.bestprice.vn/khach-san/paracel-da-nang-1431.html,room_detail_6338_2_,Diamond Ocean View Room,"[""48m 2"", ""2 người lớn, 2 trẻ em"", ""Hướng biển"", ""1 giường đôi""]",48.0,2,2,1 giường đôi,Hướng biển,True,1,"[""https://owa.bestprice.vn/images/hotels/uploads/paracel-da-nang-64869e2a40195.jpg"", ""https://owa.bestprice.vn/images/hotels/uploads/paracel-da-nang-64869e2a40125.jpg"", ""https://owa.bestprice.vn/images/hotels/uploads/paracel-da-nang-64869e2a402e6.jpg""]"
80c248dd5eb3,92ce3ff193cd5db8bc737d19,https://www.bestprice.vn/khach-san/minh-toan-ocean-hotel-da-nang-1740.html,room_detail_20678_2_,Deluxe,"[""0m 2"", ""2 người lớn, 1 trẻ em"", ""1 giường đôi""]",0.0,2,1,1 giường đôi,,True,1,"[""https://owa.bestprice.vn/images/hotels/uploads/minh-toan-safi-ocean-hotel-da-nang-6451de187b8c2.jpg""]"
80c248dd5eb3,92ce3ff193cd5db8bc737d19,https://www.bestprice.vn/khach-san/minh-toan-ocean-hotel-da-nang-1740.html,room_detail_8265_2_,Premier Deluxe,"[""30m 2"", ""2 người lớn, 1 trẻ em"", ""Hướng biển"", ""2 giường đơn / 1 giường đôi""]",30.0,2,1,2 giường đơn / 1 giường đôi,Hướng biển,True,1,"[""https://owa.bestprice.vn/images/hotels/uploads/minh-toan-safi-ocean-hotel-da-nang-6451de187b827.jpg"", ""https://owa.bestprice.vn/images/hotels/uploads/minh-toan-safi-ocean-hotel-da-nang-6451de187bd0b.jpg"", ""https://owa.bestprice.vn/images/hotels/uploads/minh-toan-safi-ocean-hotel-da-nang-6451de187bedb.jpg""]"
80c248dd5eb3,92ce3ff193cd5db8bc737d19,https://www.bestprice.vn/khach-san/minh-toan-ocean-hotel-da-nang-1740.html,room_detail_8266_3_,Premier Deluxe Triple,"[""35m 2"", ""3 người lớn, 1 trẻ em"", ""Hướng biển"", ""1 Giường đôi & 1 Giường đơn""]",35.0,3,1,1 Giường đôi & 1 Giường đơn,Hướng biển,True,1,"[""https://owa.bestprice.vn/images/hotels/uploads/minh-toan-safi-ocean-hotel-da-nang-6451de187b95d.jpg"", ""https://owa.bestprice.vn/images/hotels/uploads/minh-toan-safi-ocean-hotel-da-nang-6451de187bc61.jpg"", ""https://owa.bestprice.vn/images/hotels/uploads/minh-toan-safi-ocean-hotel-da-nang-6451de187bf75.jpg""]"
80c248dd5eb3,92ce3ff193cd5db8bc737d19,https://www.bestprice.vn/khach-san/minh-toan-ocean-hotel-da-nang-1740.html,room_detail_8267_2_,Delight Ocean King,"[""32m 2"", ""2 người lớn, 1 trẻ em"", ""Hướng biển"", ""1 giường lớn""]",32.0,2,1,1 giường lớn,Hướng biển,True,1,"[""https://owa.bestprice.vn/images/hotels/uploads/minh-toan-safi-ocean-hotel-da-nang-6451de187b786.jpg"", ""https://owa.bestprice.vn/images/hotels/uploads/minh-toan-safi-ocean-hotel-da-nang-6451de187b8c2.jpg"", ""https://owa.bestprice.vn/images/hotels/uploads/minh-toan-safi-ocean-hotel-da-nang-6451de187be40.jpg""]"
80c248dd5eb3,92ce3ff193cd5db8bc737d19,https://www.bestprice.vn/khach-san/minh-toan-ocean-hotel-da-nang-1740.html,room_detail_8268_4_,Executive Family,"[""50m 2"", ""4 người lớn, 1 trẻ em"", ""Hướng biển"", ""2 giường đôi""]",50.0,4,1,2 giường đôi,Hướng biển,True,1,"[""https://owa.bestprice.vn/images/hotels/uploads/minh-toan-safi-ocean-hotel-da-nang-6451de187b9f8.jpg"", ""https://owa.bestprice.vn/images/hotels/uploads/minh-toan-safi-ocean-hotel-da-nang-6451dda7832e5.jpg"", ""https://owa.bestprice.vn/images/hotels/uploads/minh-toan-safi-ocean-hotel-da-nang-6451de187bb2c.jpg""]"
80c248dd5eb3,92ce3ff193cd5db8bc737d19,https://www.bestprice.vn/khach-san/minh-toan-ocean-hotel-da-nang-1740.html,room_detail_8269_2_,Grand Suites,"[""60m 2"", ""2 người lớn, 1 trẻ em"", ""Hướng biển"", ""1 giường lớn""]",60.0,2,1,1 giường lớn,Hướng biển,True,1,"[""https://owa.bestprice.vn/images/hotels/uploads/minh-toan-safi-ocean-hotel-da-nang-6451de187ba92.jpg"", ""https://owa.bestprice.vn/images/hotels/uploads/minh-toan-safi-ocean-hotel-da-nang-6451dda78341b.jpg"", ""https://owa.bestprice.vn/images/hotels/uploads/minh-toan-safi-ocean-hotel-da-nang-6451de187bda6.jpg""]"
80c248dd5eb3,92ce3ff193cd5db8bc737d19,https://www.bestprice.vn/khach-san/minh-toan-ocean-hotel-da-nang-1740.html,room_detail_8270_6_,Ocean Penthouse,"[""250m 2"", ""6 người lớn, 1 trẻ em"", ""Hướng biển"", ""3 giường đôi""]",250.0,6,1,3 giường đôi,Hướng biển,True,1,"[""https://owa.bestprice.vn/images/hotels/uploads/minh-toan-safi-ocean-hotel-da-nang-6451de187bbc7.jpg"", ""https://owa.bestprice.vn/images/hotels/uploads/minh-toan-safi-ocean-hotel-da-nang-6451dda783380.jpg"", ""https://owa.bestprice.vn/images/hotels/uploads/minh-toan-safi-ocean-hotel-da-nang-6451de187b6d1.jpg""]"
80c248dd5eb3,934c7e01a73db05360c1be79,https://www.bestprice.vn/khach-san/paddington-hotel-halong-bayview-2451.html,room_detail_12855_2_,Deluxe Room,"[""32m 2"", ""2 người lớn, 2 trẻ em"", ""Hướng thành phố"", ""2 giường đơn / 1 giường đôi""]",32.0,2,2,2 giường đơn / 1 giường đôi,Hướng thành phố,True,1,"[""https://owa.bestprice.vn/images/hotels/uploads/paddington-hotel-halong-bayview-65a0f08560cdb.jpg"", ""https://owa.bestprice.vn/images/hotels/uploads/paddington-hotel-halong-bayview-65a0f08560d6b.jpg""]"
80c248dd5eb3,934c7e01a73db05360c1be79,https://www.bestprice.vn/khach-san/paddington-hotel-halong-bayview-2451.html,room_detail_12857_2_,Premium Room,"[""36m 2"", ""2 người lớn, 2 trẻ em"", ""Hướng biển"", ""2 giường đơn / 1 giường đôi""]",36.0,2,2,2 giường đơn / 1 giường đôi,Hướng biển,True,1,"[""https://owa.bestprice.vn/images/hotels/uploads/paddington-hotel-halong-bayview-65a0f0ab8a122.jpg"", ""https://owa.bestprice.vn/images/hotels/uploads/paddington-hotel-halong-bayview-65a0f0ab8a24b.jpg""]"
80c248dd5eb3,934c7e01a73db05360c1be79,https://www.bestprice.vn/khach-san/paddington-hotel-halong-bayview-2451.html,room_detail_12859_2_,Club Deluxe Room,"[""38m 2"", ""2 người lớn, 2 trẻ em"", ""Hướng biển"", ""2 giường đơn / 1 giường đôi""]",38.0,2,2,2 giường đơn / 1 giường đôi,Hướng biển,True,1,"[""https://owa.bestprice.vn/images/hotels/uploads/paddington-hotel-halong-bayview-65a0f08560bae.jpg"", ""https://owa.bestprice.vn/images/hotels/uploads/paddington-hotel-halong-bayview-65a0f085607b5.jpg""]"
80c248dd5eb3,934c7e01a73db05360c1be79,https://www.bestprice.vn/khach-san/paddington-hotel-halong-bayview-2451.html,room_detail_12861_3_,Club Family Room,"[""42m 2"", ""3 người lớn, 2 trẻ em"", ""Hướng biển"", ""1 giường đơn / 1 giường đôi""]",42.0,3,2,1 giường đơn / 1 giường đôi,Hướng biển,True,1,"[""https://owa.bestprice.vn/images/hotels/uploads/paddington-hotel-halong-bayview-65a0f08560c49.jpg"", ""https://owa.bestprice.vn/images/hotels/uploads/paddington-hotel-halong-bayview-65a0f0ab8a2df.jpg""]"
80c248dd5eb3,934c7e01a73db05360c1be79,https://www.bestprice.vn/khach-san/paddington-hotel-halong-bayview-2451.html,room_detail_20265_2_,Junior Suite Room,"[""60m 2"", ""2 người lớn, 2 trẻ em"", ""Hướng thành phố"", ""1 giường đôi""]",60.0,2,2,1 giường đôi,Hướng thành phố,True,1,"[""https://owa.bestprice.vn/images/hotels/uploads/paddington-hotel-halong-bayview-65a0f0ab89ffb.jpg"", ""https://owa.bestprice.vn/images/hotels/uploads/paddington-hotel-halong-bayview-65a0f08560a8b.jpg""]"
80c248dd5eb3,934c7e01a73db05360c1be79,https://www.bestprice.vn/khach-san/paddington-hotel-halong-bayview-2451.html,room_detail_12863_2_,Grand Suite Room,"[""80m 2"", ""2 người lớn, 2 trẻ em"", ""Hướng biển"", ""1 giường lớn""]",80.0,2,2,1 giường lớn,Hướng biển,True,1,"[""https://owa.bestprice.vn/images/hotels/uploads/paddington-hotel-halong-bayview-65a0f08560dfc.jpg"", ""https://owa.bestprice.vn/images/hotels/uploads/paddington-hotel-halong-bayview-65a0f08560846.jpg""]"
80c248dd5eb3,934c7e01a73db05360c1be79,https://www.bestprice.vn/khach-san/paddington-hotel-halong-bayview-2451.html,room_detail_12865_2_,President Suite Room,"[""160m 2"", ""2 người lớn, 2 trẻ em"", ""Hướng biển"", ""1 giường lớn""]",160.0,2,2,1 giường lớn,Hướng biển,True,1,"[""https://owa.bestprice.vn/images/hotels/uploads/paddington-hotel-halong-bayview-65a0f0ab8a08f.jpg"", ""https://owa.bestprice.vn/images/hotels/uploads/paddington-hotel-halong-bayview-65a0f0ab8a1b4.jpg""]"
80c248dd5eb3,93f3ccb3183f7adeb376f5e4,https://www.bestprice.vn/khach-san/vinpearl-discovery-wonderworld-phu-quoc-1391.html,room_detail_5984_4_,Villa 2-Bedroom,"[""233m 2"", ""4 người lớn, 4 trẻ em"", ""Hướng vườn"", ""1 Giường đôi & 2 Giường đơn""]",233.0,4,4,1 Giường đôi & 2 Giường đơn,Hướng vườn,,,"[""https://owa.bestprice.vn/images/hotels/uploads/vinpearl-discovery-wonderworld-phu-quoc-633fb0da72226.jpg"", ""https://owa.bestprice.vn/images/hotels/uploads/vinpearl-discovery-wonderworld-phu-quoc-633fb18779110.jpg"", ""https://owa.bestprice.vn/images/hotels/uploads/vinpearl-discovery-wonderworld-phu-quoc-633fb09b66e45.jpg"", ""https://owa.bestprice.vn/images/hotels/uploads/vinpearl-discovery-wonderworld-phu-quoc-633fb1877931b.jpg""]"
80c248dd5eb3,93f3ccb3183f7adeb376f5e4,https://www.bestprice.vn/khach-san/vinpearl-discovery-wonderworld-phu-quoc-1391.html,room_detail_7448_4_,Villa 2-Bedroom Ocean View,"[""129m 2"", ""4 người lớn, 2 trẻ em"", ""Hướng biển"", ""1 Giường đôi & 2 Giường đơn""]",129.0,4,2,1 Giường đôi & 2 Giường đơn,Hướng biển,,,"[""https://owa.bestprice.vn/images/hotels/uploads/vinpearl-discovery-wonderworld-phu-quoc-633fb18778dcb.jpg"", ""https://owa.bestprice.vn/images/hotels/uploads/vinpearl-discovery-wonderworld-phu-quoc-633fb0ab3d0c8.jpg"", ""https://owa.bestprice.vn/images/hotels/uploads/vinpearl-discovery-wonderworld-phu-quoc-633fb187791b6.jpg"", ""https://owa.bestprice.vn/images/hotels/uploads/vinpearl-discovery-wonderworld-phu-quoc-633fb187797a4.jpg""]"
80c248dd5eb3,93f3ccb3183f7adeb376f5e4,https://www.bestprice.vn/khach-san/vinpearl-discovery-wonderworld-phu-quoc-1391.html,room_detail_5985_6_,Villa 3-Bedroom,"[""390m 2"", ""6 người lớn, 5 trẻ em"", ""Hướng vườn"", ""3 giường đôi""]",390.0,6,5,3 giường đôi,Hướng vườn,,,"[""https://owa.bestprice.vn/images/hotels/uploads/vinpearl-discovery-wonderworld-phu-quoc-633fb18779996.jpg"", ""https://owa.bestprice.vn/images/hotels/uploads/vinpearl-discovery-wonderworld-phu-quoc-633fb09b66ce4.jpg"", ""https://owa.bestprice.vn/images/hotels/uploads/vinpearl-discovery-wonderworld-phu-quoc-633fb0ab3d011.jpg"", ""https://owa.bestprice.vn/images/hotels/uploads/vinpearl-discovery-wonderworld-phu-quoc-633fb1877950d.jpg""]"
80c248dd5eb3,93f3ccb3183f7adeb376f5e4,https://www.bestprice.vn/khach-san/vinpearl-discovery-wonderworld-phu-quoc-1391.html,room_detail_19433_6_,Deluxe Family Villa 3-Bedroom Safari,"[""390m 2"", ""6 người lớn, 5 trẻ em"", ""Hướng vườn"", ""3 giường đôi""]",390.0,6,5,3 giường đôi,Hướng vườn,,,"[""https://owa.bestprice.vn/images/hotels/uploads/vinpearl-discovery-wonderworld-phu-quoc-643a13254ed94.jpg"", ""https://owa.bestprice.vn/images/hotels/uploads/vinpearl-discovery-wonderworld-phu-quoc-643a1353c78a8.jpg"", ""https://owa.bestprice.vn/images/hotels/uploads/vinpearl-discovery-wonderworld-phu-quoc-643a1353c7951.jpg"", ""https://owa.bestprice.vn/images/hotels/uploads/vinpearl-discovery-wonderworld-phu-quoc-643a14064e864.jpg""]"
80c248dd5eb3,93f3ccb3183f7adeb376f5e4,https://www.bestprice.vn/khach-san/vinpearl-discovery-wonderworld-phu-quoc-1391.html,room_detail_7447_6_,Villa 3-Bedroom Ocean View,"[""390m 2"", ""6 người lớn, 3 trẻ em"", ""Hướng biển"", ""3 giường đôi""]",390.0,6,3,3 giường đôi,Hướng biển,,,"[""https://owa.bestprice.vn/images/hotels/uploads/vinpearl-discovery-wonderworld-phu-quoc-633fb0e8db2a9.jpg"", ""https://owa.bestprice.vn/images/hotels/uploads/vinpearl-discovery-wonderworld-phu-quoc-633fb1877925c.jpg"", ""https://owa.bestprice.vn/images/hotels/uploads/vinpearl-discovery-wonderworld-phu-quoc-633fb09b66d9d.jpg""]"
80c248dd5eb3,93f3ccb3183f7adeb376f5e4,https://www.bestprice.vn/khach-san/vinpearl-discovery-wonderworld-phu-quoc-1391.html,room_detail_5987_8_,Villa 4-Bedroom,"[""392m 2"", ""8 người lớn, 5 trẻ em"", ""Hướng vườn"", ""3 giường đôi""]",392.0,8,5,3 giường đôi,Hướng vườn,,,"[""https://owa.bestprice.vn/images/hotels/uploads/vinpearl-discovery-wonderworld-phu-quoc-633fb187796fe.jpg"", ""https://owa.bestprice.vn/images/hotels/uploads/vinpearl-discovery-wonderworld-phu-quoc-633fb187795b3.jpg""]"
80c248dd5eb3,93f3ccb3183f7adeb376f5e4,https://www.bestprice.vn/khach-san/vinpearl-discovery-wonderworld-phu-quoc-1391.html,room_detail_19434_6_,Deluxe Family Villa 4-Bedroom Nautilus,"[""392m 2"", ""6 người lớn, 5 trẻ em"", ""Hướng vườn"", ""3 giường đôi""]",392.0,6,5,3 giường đôi,Hướng vườn,,,"[""https://owa.bestprice.vn/images/hotels/uploads/vinpearl-discovery-wonderworld-phu-quoc-643a13254ee4f.jpg"", ""https://owa.bestprice.vn/images/hotels/uploads/vinpearl-discovery-wonderworld-phu-quoc-643a13b2f1d1b.jpg"", ""https://owa.bestprice.vn/images/hotels/uploads/vinpearl-discovery-wonderworld-phu-quoc-643a1353c77f2.jpg"", ""https://owa.bestprice.vn/images/hotels/uploads/vinpearl-discovery-wonderworld-phu-quoc-643a1353c79f7.jpg""]"
80c248dd5eb3,93f3ccb3183f7adeb376f5e4,https://www.bestprice.vn/khach-san/vinpearl-discovery-wonderworld-phu-quoc-1391.html,room_detail_7449_8_,Villa 4-Bedroom Ocean View,"[""179m 2"", ""8 người lớn, 4 trẻ em"", ""Hướng biển"", ""3 giường đôi""]",179.0,8,4,3 giường đôi,Hướng biển,,,"[""https://owa.bestprice.vn/images/hotels/uploads/vinpearl-discovery-wonderworld-phu-quoc-633fb13f38580.jpg"", ""https://owa.bestprice.vn/images/hotels/uploads/vinpearl-discovery-wonderworld-phu-quoc-633fb08bda22e.jpg"", ""https://owa.bestprice.vn/images/hotels/uploads/vinpearl-discovery-wonderworld-phu-quoc-633fb18779659.jpg""]"
80c248dd5eb3,944ce0f8f2dc6e94f621be96,https://www.bestprice.vn/khach-san/cicilia-hotel-spa-da-nang-1347.html,room_detail_5684_2_,Deluxe Twin/Double,"[""25m 2"", ""2 người lớn, 2 trẻ em"", ""Hướng thành phố"", ""2 giường đơn / 1 giường lớn""]",25.0,2,2,2 giường đơn / 1 giường lớn,Hướng thành phố,True,1,"[""https://owa.bestprice.vn/images/hotels/uploads/khach-san-cicilia-hotel-spa-da-nang-55badcb3e8ef4.jpg""]"
80c248dd5eb3,944ce0f8f2dc6e94f621be96,https://www.bestprice.vn/khach-san/cicilia-hotel-spa-da-nang-1347.html,room_detail_5685_2_,Deluxe Partial Ocean,"[""40m 2"", ""2 người lớn, 2 trẻ em"", ""Hướng thành phố"", ""2 giường đơn / 1 giường lớn""]",40.0,2,2,2 giường đơn / 1 giường lớn,Hướng thành phố,True,1,"[""https://owa.bestprice.vn/images/hotels/uploads/khach-san-cicilia-hotel-spa-da-nang-55badcb3e9171.jpg""]"
80c248dd5eb3,944ce0f8f2dc6e94f621be96,https://www.bestprice.vn/khach-san/cicilia-hotel-spa-da-nang-1347.html,room_detail_19700_3_,Deluxe Triple,"[""30m 2"", ""3 người lớn, 2 trẻ em"", ""Hướng thành phố"", ""1 giường đôi""]",30.0,3,2,1 giường đôi,Hướng thành phố,True,1,"[""https://owa.bestprice.vn/images/hotels/uploads/khach-san-cicilia-hotel-spa-da-nang-55badcb3e94cf.jpg""]"
80c248dd5eb3,944ce0f8f2dc6e94f621be96,https://www.bestprice.vn/khach-san/cicilia-hotel-spa-da-nang-1347.html,room_detail_5896_2_,Junior Ocean Suite,"[""40m 2"", ""2 người lớn, 2 trẻ em"", ""Hướng biển"", ""1 giường đôi""]",40.0,2,2,1 giường đôi,Hướng biển,True,1,"[""https://owa.bestprice.vn/images/hotels/uploads/khach-san-cicilia-hotel-spa-da-nang-55badcb3e8fca.jpg""]"
80c248dd5eb3,944ce0f8f2dc6e94f621be96,https://www.bestprice.vn/khach-san/cicilia-hotel-spa-da-nang-1347.html,room_detail_8031_2_,Family Suite,"[""70m 2"", ""2 người lớn, 2 trẻ em"", ""Hướng thành phố"", ""1 Giường đôi & 1 Giường đơn""]",70.0,2,2,1 Giường đôi & 1 Giường đơn,Hướng thành phố,True,1,"[""https://owa.bestprice.vn/images/hotels/uploads/khach-san-cicilia-hotel-spa-da-nang-5ff5820b70af9.jpg""]"
80c248dd5eb3,944ce0f8f2dc6e94f621be96,https://www.bestprice.vn/khach-san/cicilia-hotel-spa-da-nang-1347.html,room_detail_8032_4_,Family Ocean Suite,"[""70m 2"", ""4 người lớn, 2 trẻ em"", ""Hướng biển"", ""1 Giường đôi & 1 Giường đơn""]",70.0,4,2,1 Giường đôi & 1 Giường đơn,Hướng biển,True,1,"[""https://owa.bestprice.vn/images/hotels/uploads/khach-san-cicilia-hotel-spa-da-nang-5ff5821d720ec.jpg""]"
80c248dd5eb3,944ce0f8f2dc6e94f621be96,https://www.bestprice.vn/khach-san/cicilia-hotel-spa-da-nang-1347.html,room_detail_5686_2_,Duplex,"[""70m 2"", ""2 người lớn, 2 trẻ em"", ""Hướng thành phố"", ""1 giường lớn""]",70.0,2,2,1 giường lớn,Hướng thành phố,True,1,"[""https://owa.bestprice.vn/images/hotels/uploads/khach-san-cicilia-hotel-spa-da-nang-55badcb3e93f3.jpg"", ""https://owa.bestprice.vn/images/hotels/uploads/khach-san-cicilia-hotel-spa-da-nang-55badcb3e99e4.jpg"", ""https://owa.bestprice.vn/images/hotels/uploads/khach-san-cicilia-hotel-spa-da-nang-5e3bd6e8bd0ef.jpg""]"
80c248dd5eb3,944ce0f8f2dc6e94f621be96,https://www.bestprice.vn/khach-san/cicilia-hotel-spa-da-nang-1347.html,room_detail_8033_4_,Penthouse,"[""110m 2"", ""4 người lớn, 2 trẻ em"", ""Hướng biển"", ""1 Giường đôi & 2 Giường đơn""]",110.0,4,2,1 Giường đôi & 2 Giường đơn,Hướng biển,True,1,"[""https://owa.bestprice.vn/images/hotels/uploads/khach-san-cicilia-hotel-spa-da-nang-5e3bd7224e88e.jpg"", ""https://owa.bestprice.vn/images/hotels/uploads/khach-san-cicilia-hotel-spa-da-nang-5e3bd7224e4de.jpg""]"
80c248dd5eb3,98f13555f6834a906b61bc58,https://www.bestprice.vn/khach-san/melia-vinpearl-hai-phong-rivera-1649.html,room_detail_7788_2_,Deluxe Room,"[""44m 2"", ""2 người lớn, 2 trẻ em"", ""Hướng thành phố"", ""2 giường đơn / 1 giường đôi""]",44.0,2,2,2 giường đơn / 1 giường đôi,Hướng thành phố,True,1,"[""https://owa.bestprice.vn/images/hotels/uploads/melia-vinpearl-hotel-rivera-hai-phong-637df20507c8b.jpg"", ""https://owa.bestprice.vn/images/hotels/uploads/melia-vinpearl-hotel-rivera-hai-phong-637df20507dcb.jpg""]"
80c248dd5eb3,98f13555f6834a906b61bc58,https://www.bestprice.vn/khach-san/melia-vinpearl-hai-phong-rivera-1649.html,room_detail_7789_4_,THE LEVEL - Premium Room,"[""88m 2"", ""4 người lớn, 4 trẻ em"", ""Hướng thành phố"", ""1 Giường đôi & 2 Giường đơn""]",88.0,4,4,1 Giường đôi & 2 Giường đơn,Hướng thành phố,True,1,"[""https://owa.bestprice.vn/images/hotels/uploads/melia-vinpearl-hotel-rivera-hai-phong-637df20507d2b.jpg"", ""https://owa.bestprice.vn/images/hotels/uploads/melia-vinpearl-hotel-rivera-hai-phong-637df20507beb.jpg""]"
80c248dd5eb3,98f13555f6834a906b61bc58,https://www.bestprice.vn/khach-san/melia-vinpearl-hai-phong-rivera-1649.html,room_detail_7790_2_,Suite Room,"[""87m 2"", ""2 người lớn, 2 trẻ em"", ""Hướng thành phố"", ""1 giường lớn""]",87.0,2,2,1 giường lớn,Hướng thành phố,True,1,"[""https://owa.bestprice.vn/images/hotels/uploads/melia-vinpearl-hotel-rivera-hai-phong-637df20507fc5.jpg"", ""https://owa.bestprice.vn/images/hotels/uploads/melia-vinpearl-hotel-rivera-hai-phong-637df20507aa7.jpg"", ""https://owa.bestprice.vn/images/hotels/uploads/melia-vinpearl-hotel-rivera-hai-phong-637df20508065.jpg""]"
80c248dd5eb3,98f13555f6834a906b61bc58,https://www.bestprice.vn/khach-san/melia-vinpearl-hai-phong-rivera-1649.html,room_detail_19306_4_,THE LEVEL - Suite,"[""174m 2"", ""4 người lớn, 4 trẻ em"", ""Hướng thành phố"", ""2 giường lớn""]",174.0,4,4,2 giường lớn,Hướng thành phố,True,1,"[""https://owa.bestprice.vn/images/hotels/uploads/melia-vinpearl-hai-phong-rivera-65dff3fa55e78.jpg""]"
80c248dd5eb3,99e06c3202abc02c00193f91,https://www.bestprice.vn/khach-san/mai-chau-ecolodge-1542.html,room_detail_7178_2_,Phòng Superior,"[""25m 2"", ""2 người lớn, 2 trẻ em"", ""Hướng vườn"", ""1 giường đôi""]",25.0,2,2,1 giường đôi,Hướng vườn,,,"[""https://owa.bestprice.vn/images/hotels/uploads/mai-chau-ecolodge-5f23d8e15a6a7.jpg""]"
80c248dd5eb3,99e06c3202abc02c00193f91,https://www.bestprice.vn/khach-san/mai-chau-ecolodge-1542.html,room_detail_7179_2_,Phòng Junior Deluxe,"[""40m 2"", ""2 người lớn, 2 trẻ em"", ""Hướng núi"", ""2 giường đơn / 1 giường đôi""]",40.0,2,2,2 giường đơn / 1 giường đôi,Hướng núi,True,1,"[""https://owa.bestprice.vn/images/hotels/uploads/mai-chau-ecolodge-5d255bd5da150.jpeg""]"
80c248dd5eb3,99e06c3202abc02c00193f91,https://www.bestprice.vn/khach-san/mai-chau-ecolodge-1542.html,room_detail_7180_2_,Phòng Deluxe,"[""40m 2"", ""2 người lớn, 2 trẻ em"", ""Hướng vườn"", ""2 giường đơn / 1 giường đôi""]",40.0,2,2,2 giường đơn / 1 giường đôi,Hướng vườn,True,1,"[""https://owa.bestprice.vn/images/hotels/uploads/mai-chau-ecolodge-5d255bd5d9f52.jpeg""]"
80c248dd5eb3,99e06c3202abc02c00193f91,https://www.bestprice.vn/khach-san/mai-chau-ecolodge-1542.html,room_detail_7181_2_,Phòng Suite,"[""40m 2"", ""2 người lớn, 2 trẻ em"", ""Hướng núi"", ""2 giường đơn / 1 giường đôi""]",40.0,2,2,2 giường đơn / 1 giường đôi,Hướng núi,True,1,"[""https://owa.bestprice.vn/images/hotels/uploads/mai-chau-ecolodge-5d255bd5da28d.jpeg""]"
80c248dd5eb3,99e06c3202abc02c00193f91,https://www.bestprice.vn/khach-san/mai-chau-ecolodge-1542.html,room_detail_7182_2_,Phòng President,"[""80m 2"", ""2 người lớn, 2 trẻ em"", ""Hướng núi"", ""1 giường đôi""]",80.0,2,2,1 giường đôi,Hướng núi,True,1,"[""https://owa.bestprice.vn/images/hotels/uploads/mai-chau-ecolodge-5d255bd5da1ef.jpeg""]"
80c248dd5eb3,9a232885418132c73a13ee3f,https://www.bestprice.vn/khach-san/da-lat-wonder-resort-1491.html,room_detail_6807_2_,Superior Garden View,"[""25m 2"", ""2 người lớn, 1 trẻ em"", ""Hướng vườn"", ""2 giường đơn / 1 giường đôi""]",25.0,2,1,2 giường đơn / 1 giường đôi,Hướng vườn,True,1,"[""https://owa.bestprice.vn/images/hotels/uploads/da-lat-wonder-resort-64c21da06dfe3.jpg"", ""https://owa.bestprice.vn/images/hotels/uploads/da-lat-wonder-resort-64c21d53d4cc7.jpg""]"
80c248dd5eb3,9a232885418132c73a13ee3f,https://www.bestprice.vn/khach-san/da-lat-wonder-resort-1491.html,room_detail_6808_2_,Deluxe Garden View,"[""30m 2"", ""2 người lớn, 1 trẻ em"", ""Hướng vườn"", ""2 giường đơn / 1 giường đôi""]",30.0,2,1,2 giường đơn / 1 giường đôi,Hướng vườn,True,1,"[""https://owa.bestprice.vn/images/hotels/uploads/da-lat-wonder-resort-64c21d8e453d8.jpg"", ""https://owa.bestprice.vn/images/hotels/uploads/da-lat-wonder-resort-64c21d53d4f41.jpg""]"
80c248dd5eb3,9a232885418132c73a13ee3f,https://www.bestprice.vn/khach-san/da-lat-wonder-resort-1491.html,room_detail_6809_2_,Deluxe Lake View,"[""35m 2"", ""2 người lớn, 2 trẻ em"", ""Hướng hồ"", ""2 giường đơn / 1 giường đôi""]",35.0,2,2,2 giường đơn / 1 giường đôi,Hướng hồ,True,1,"[""https://owa.bestprice.vn/images/hotels/uploads/da-lat-wonder-resort-64c21d8e4535c.jpg"", ""https://owa.bestprice.vn/images/hotels/uploads/da-lat-wonder-resort-64c21da06df67.jpg""]"
80c248dd5eb3,9a232885418132c73a13ee3f,https://www.bestprice.vn/khach-san/da-lat-wonder-resort-1491.html,room_detail_6810_2_,Premier Lake View,"[""40m 2"", ""2 người lớn, 2 trẻ em"", ""Hướng hồ"", ""2 giường đơn / 1 giường đôi""]",40.0,2,2,2 giường đơn / 1 giường đôi,Hướng hồ,True,1,"[""https://owa.bestprice.vn/images/hotels/uploads/da-lat-wonder-resort-64c21da06deeb.jpg"", ""https://owa.bestprice.vn/images/hotels/uploads/da-lat-wonder-resort-64c21d53d4eb8.jpg""]"
80c248dd5eb3,9a232885418132c73a13ee3f,https://www.bestprice.vn/khach-san/da-lat-wonder-resort-1491.html,room_detail_6811_3_,Deluxe Triple Lake View,"[""45m 2"", ""3 người lớn, 2 trẻ em"", ""Hướng hồ"", ""1 Giường đôi & 2 Giường đơn""]",45.0,3,2,1 Giường đôi & 2 Giường đơn,Hướng hồ,True,1,"[""https://owa.bestprice.vn/images/hotels/uploads/da-lat-wonder-resort-64c21d53d5047.jpg"", ""https://owa.bestprice.vn/images/hotels/uploads/da-lat-wonder-resort-64c21d8e452e0.jpg""]"
80c248dd5eb3,9a232885418132c73a13ee3f,https://www.bestprice.vn/khach-san/da-lat-wonder-resort-1491.html,room_detail_9887_4_,Suite Lake View,"[""60m 2"", ""4 người lớn, 2 trẻ em"", ""Hướng hồ"", ""1 Giường đôi & 2 Giường đơn""]",60.0,4,2,1 Giường đôi & 2 Giường đơn,Hướng hồ,True,1,"[""https://owa.bestprice.vn/images/hotels/uploads/da-lat-wonder-resort-64c21d53d4d43.jpg"", ""https://owa.bestprice.vn/images/hotels/uploads/da-lat-wonder-resort-64c21da06de70.jpg""]"
80c248dd5eb3,9a232885418132c73a13ee3f,https://www.bestprice.vn/khach-san/da-lat-wonder-resort-1491.html,room_detail_19902_4_,Family Lake View,"[""40m 2"", ""4 người lớn, 2 trẻ em"", ""Hướng hồ"", ""1 Giường đôi & 2 Giường đơn""]",40.0,4,2,1 Giường đôi & 2 Giường đơn,Hướng hồ,True,1,"[""https://owa.bestprice.vn/images/hotels/uploads/da-lat-wonder-resort-64c21d8e4519a.jpg"", ""https://owa.bestprice.vn/images/hotels/uploads/da-lat-wonder-resort-64c21da06ddf5.jpg""]"
80c248dd5eb3,9a232885418132c73a13ee3f,https://www.bestprice.vn/khach-san/da-lat-wonder-resort-1491.html,room_detail_6812_8_,Villa 4 Bedrooms,"[""140m 2"", ""8 người lớn, 2 trẻ em"", ""Hướng hồ"", ""1 giường đôi / 1 Giường đôi & 2 Giường đơn""]",140.0,8,2,1 giường đôi / 1 Giường đôi & 2 Giường đơn,Hướng hồ,True,1,"[""https://owa.bestprice.vn/images/hotels/uploads/da-lat-wonder-resort-64c21d53d48df.jpg"", ""https://owa.bestprice.vn/images/hotels/uploads/da-lat-wonder-resort-64c21d53d4bcf.jpg"", ""https://owa.bestprice.vn/images/hotels/uploads/da-lat-wonder-resort-64c21d53d50c2.jpg""]"
80c248dd5eb3,9a232885418132c73a13ee3f,https://www.bestprice.vn/khach-san/da-lat-wonder-resort-1491.html,room_detail_9889_10_,Villa 6 Bedrooms Garden View,"[""150m 2"", ""10 người lớn, 3 trẻ em"", ""Hướng vườn"", ""2 giường đôi / 2 giường lớn / 2 giường lớn""]",150.0,10,3,2 giường đôi / 2 giường lớn / 2 giường lớn,Hướng vườn,True,1,"[""https://owa.bestprice.vn/images/hotels/uploads/da-lat-wonder-resort-64c21d53d495c.jpg"", ""https://owa.bestprice.vn/images/hotels/uploads/da-lat-wonder-resort-64c21d53d4b54.jpg""]"
80c248dd5eb3,9a232885418132c73a13ee3f,https://www.bestprice.vn/khach-san/da-lat-wonder-resort-1491.html,room_detail_9891_10_,Villa 6 Bedrooms Lake View,"[""200m 2"", ""10 người lớn, 3 trẻ em"", ""Hướng hồ"", ""2 giường đôi / 2 giường lớn / 2 giường lớn""]",200.0,10,3,2 giường đôi / 2 giường lớn / 2 giường lớn,Hướng hồ,True,1,"[""https://owa.bestprice.vn/images/hotels/uploads/da-lat-wonder-resort-64c21d53d4ad8.jpg"", ""https://owa.bestprice.vn/images/hotels/uploads/da-lat-wonder-resort-64c21da06dc82.jpg""]"
80c248dd5eb3,9a232885418132c73a13ee3f,https://www.bestprice.vn/khach-san/da-lat-wonder-resort-1491.html,room_detail_9893_10_,Villa 8 Bedrooms,"[""310m 2"", ""10 người lớn, 4 trẻ em"", ""Hướng vườn"", ""2 giường đôi / 3 giường đôi / 1 giường lớn / 2 giường lớn""]",310.0,10,4,2 giường đôi / 3 giường đôi / 1 giường lớn / 2 giường lớn,Hướng vườn,True,1,"[""https://owa.bestprice.vn/images/hotels/uploads/da-lat-wonder-resort-64c21d53d4a5a.jpg"", ""https://owa.bestprice.vn/images/hotels/uploads/da-lat-wonder-resort-64c21d78e44b0.jpg""]"
80c248dd5eb3,9a232885418132c73a13ee3f,https://www.bestprice.vn/khach-san/da-lat-wonder-resort-1491.html,room_detail_9895_10_,Villa 11 Bedrooms,"[""425m 2"", ""10 người lớn, 5 trẻ em"", ""Hướng vườn"", ""2 giường đôi / 3 giường đôi / 1 giường lớn / 2 giường lớn / 1 giường lớn / 2 giường lớn""]",425.0,10,5,2 giường đôi / 3 giường đôi / 1 giường lớn / 2 giường lớn / 1 giường lớn / 2 giường lớn,Hướng vườn,True,1,"[""https://owa.bestprice.vn/images/hotels/uploads/da-lat-wonder-resort-64c21d53d49d8.jpg"", ""https://owa.bestprice.vn/images/hotels/uploads/da-lat-wonder-resort-64c21da06dc05.jpg""]"
80c248dd5eb3,9a232885418132c73a13ee3f,https://www.bestprice.vn/khach-san/da-lat-wonder-resort-1491.html,room_detail_19903_4_,Villa VIP 2 Bedrooms,"[""210m 2"", ""4 người lớn, 4 trẻ em"", ""Hướng hồ"", ""1 Giường đôi & 2 Giường đơn""]",210.0,4,4,1 Giường đôi & 2 Giường đơn,Hướng hồ,True,2,"[""https://owa.bestprice.vn/images/hotels/uploads/da-lat-wonder-resort-64c21d53d4860.jpg"", ""https://owa.bestprice.vn/images/hotels/uploads/da-lat-wonder-resort-64c21d53d513e.jpg"", ""https://owa.bestprice.vn/images/hotels/uploads/da-lat-wonder-resort-64c21d78e4240.jpg""]"
80c248dd5eb3,9a232885418132c73a13ee3f,https://www.bestprice.vn/khach-san/da-lat-wonder-resort-1491.html,room_detail_19904_8_,Luxury Villa 4 Bedrooms,"[""220m 2"", ""8 người lớn, 5 trẻ em"", ""Hướng hồ"", ""2 giường đôi / 1 Giường đôi & 2 Giường đơn""]",220.0,8,5,2 giường đôi / 1 Giường đôi & 2 Giường đơn,Hướng hồ,True,4,"[""https://owa.bestprice.vn/images/hotels/uploads/da-lat-wonder-resort-64c21d78e42bb.jpg"", ""https://owa.bestprice.vn/images/hotels/uploads/da-lat-wonder-resort-64c21d78e43b7.jpg"", ""https://owa.bestprice.vn/images/hotels/uploads/da-lat-wonder-resort-64c21da06dd79.jpg""]"
80c248dd5eb3,9a232885418132c73a13ee3f,https://www.bestprice.vn/khach-san/da-lat-wonder-resort-1491.html,room_detail_19905_10_,Luxury Villa 6 Bedrooms,"[""250m 2"", ""10 người lớn, 5 trẻ em"", ""Hướng vườn"", ""2 giường đôi / 3 giường đôi / 1 Giường đôi & 2 Giường đơn""]",250.0,10,5,2 giường đôi / 3 giường đôi / 1 Giường đôi & 2 Giường đơn,Hướng vườn,True,5,"[""https://owa.bestprice.vn/images/hotels/uploads/da-lat-wonder-resort-64c21d53d4fca.jpg"", ""https://owa.bestprice.vn/images/hotels/uploads/da-lat-wonder-resort-64c21d78e433c.jpg""]"
80c248dd5eb3,9a5bdd9d6eb1c61e6cd8e6ea,https://www.bestprice.vn/khach-san/sai-gon-ha-long-119.html,room_detail_551_2_,Phòng Superior,"[""37m 2"", ""2 người lớn, 2 trẻ em"", ""Hướng núi"", ""2 giường đơn / 1 giường đôi""]",37.0,2,2,2 giường đơn / 1 giường đôi,Hướng núi,True,1,"[""https://owa.bestprice.vn/images/hotels/uploads/sai-gon-ha-long-hotel-647422d75a5ce.jpg"", ""https://owa.bestprice.vn/images/hotels/uploads/sai-gon-ha-long-hotel-647422d75a22b.jpg"", ""https://owa.bestprice.vn/images/hotels/uploads/sai-gon-ha-long-hotel-647422f521d0b.jpg""]"
80c248dd5eb3,9a5bdd9d6eb1c61e6cd8e6ea,https://www.bestprice.vn/khach-san/sai-gon-ha-long-119.html,room_detail_552_2_,Phòng Deluxe,"[""41m 2"", ""2 người lớn, 2 trẻ em"", ""Hướng biển"", ""2 giường đơn / 1 giường đôi""]",41.0,2,2,2 giường đơn / 1 giường đôi,Hướng biển,True,1,"[""https://owa.bestprice.vn/images/hotels/uploads/sai-gon-ha-long-hotel-647422d759e2f.jpg"", ""https://owa.bestprice.vn/images/hotels/uploads/sai-gon-ha-long-hotel-647422d75a3a3.jpg"", ""https://owa.bestprice.vn/images/hotels/uploads/sai-gon-ha-long-hotel-647422d75a2a5.jpg""]"
80c248dd5eb3,9a5bdd9d6eb1c61e6cd8e6ea,https://www.bestprice.vn/khach-san/sai-gon-ha-long-119.html,room_detail_553_2_,Executive Suite,"[""82m 2"", ""2 người lớn, 1 trẻ em"", ""Hướng biển"", ""2 giường đơn / 1 giường đôi""]",82.0,2,1,2 giường đơn / 1 giường đôi,Hướng biển,True,1,"[""https://owa.bestprice.vn/images/hotels/uploads/sai-gon-ha-long-hotel-647422d759ec4.jpg"", ""https://owa.bestprice.vn/images/hotels/uploads/sai-gon-ha-long-hotel-647422d75a323.jpg"", ""https://owa.bestprice.vn/images/hotels/uploads/sai-gon-ha-long-hotel-647422d75a1b0.jpg""]"
80c248dd5eb3,9be2d8f878d2aee3747f880e,https://www.bestprice.vn/khach-san/nagar-nha-trang-1425.html,room_detail_6288_2_,Deluxe City View,"[""24m 2"", ""2 người lớn, 1 trẻ em"", ""Hướng thành phố"", ""1 giường đôi""]",24.0,2,1,1 giường đôi,Hướng thành phố,True,1,"[""https://owa.bestprice.vn/images/hotels/uploads/nagar-hotel-nha-trang-6482e67977c48.jpg"", ""https://owa.bestprice.vn/images/hotels/uploads/khach-san-nagar-nha-trang-6482da9a59b0f.jpg""]"
80c248dd5eb3,9be2d8f878d2aee3747f880e,https://www.bestprice.vn/khach-san/nagar-nha-trang-1425.html,room_detail_6287_2_,Senior Deluxe City View,"[""26m 2"", ""2 người lớn, 1 trẻ em"", ""Hướng thành phố"", ""2 giường đơn / 1 giường đôi""]",26.0,2,1,2 giường đơn / 1 giường đôi,Hướng thành phố,True,1,"[""https://owa.bestprice.vn/images/hotels/uploads/khach-san-nagar-nha-trang-6482da8c56233.jpg"", ""https://owa.bestprice.vn/images/hotels/uploads/khach-san-nagar-nha-trang-6482da8c562b7.jpg""]"
80c248dd5eb3,9be2d8f878d2aee3747f880e,https://www.bestprice.vn/khach-san/nagar-nha-trang-1425.html,room_detail_6289_2_,Premium Ocean View,"[""28m 2"", ""2 người lớn, 1 trẻ em"", ""Hướng bãi biển"", ""2 giường đơn / 1 giường đôi""]",28.0,2,1,2 giường đơn / 1 giường đôi,Hướng bãi biển,True,1,"[""https://owa.bestprice.vn/images/hotels/uploads/nagar-hotel-nha-trang-6482e67977bca.jpg"", ""https://owa.bestprice.vn/images/hotels/uploads/khach-san-nagar-nha-trang-6482da8c561af.jpg""]"
80c248dd5eb3,9be2d8f878d2aee3747f880e,https://www.bestprice.vn/khach-san/nagar-nha-trang-1425.html,room_detail_6292_2_,Nagar Ocean View,"[""40m 2"", ""2 người lớn, 1 trẻ em"", ""Hướng bãi biển"", ""1 giường đôi""]",40.0,2,1,1 giường đôi,Hướng bãi biển,True,1,"[""https://owa.bestprice.vn/images/hotels/uploads/khach-san-nagar-nha-trang-6482da8c56096.jpg"", ""https://owa.bestprice.vn/images/hotels/uploads/khach-san-nagar-nha-trang-6482da8c56129.jpg""]"
80c248dd5eb3,9be2d8f878d2aee3747f880e,https://www.bestprice.vn/khach-san/nagar-nha-trang-1425.html,room_detail_6290_2_,Family Ocean View,"[""40m 2"", ""2 người lớn, 1 trẻ em"", ""Hướng biển"", ""1 giường đơn / 1 giường đôi""]",40.0,2,1,1 giường đơn / 1 giường đôi,Hướng biển,True,1,"[""https://owa.bestprice.vn/images/hotels/uploads/khach-san-nagar-nha-trang-6482e2544f710.jpg"", ""https://owa.bestprice.vn/images/hotels/uploads/khach-san-nagar-nha-trang-6482e2544f68a.jpg""]"
80c248dd5eb3,9be2d8f878d2aee3747f880e,https://www.bestprice.vn/khach-san/nagar-nha-trang-1425.html,room_detail_6291_2_,Junior Suite Ocean View,"[""67m 2"", ""2 người lớn, 1 trẻ em"", ""Hướng biển"", ""2 giường đôi""]",67.0,2,1,2 giường đôi,Hướng biển,True,1,"[""https://owa.bestprice.vn/images/hotels/uploads/khach-san-nagar-nha-trang-6482e2544f570.jpg"", ""https://owa.bestprice.vn/images/hotels/uploads/khach-san-nagar-nha-trang-6482e2544f5f5.jpg""]"
80c248dd5eb3,9be2d8f878d2aee3747f880e,https://www.bestprice.vn/khach-san/nagar-nha-trang-1425.html,room_detail_16104_2_,Presidential Suite Ocean View,"[""122m 2"", ""2 người lớn, 1 trẻ em"", ""Hướng biển"", ""1 giường đôi""]",122.0,2,1,1 giường đôi,Hướng biển,True,1,"[""https://owa.bestprice.vn/images/hotels/uploads/khach-san-nagar-nha-trang-6482e2544f4eb.jpg"", ""https://owa.bestprice.vn/images/hotels/uploads/nagar-hotel-nha-trang-6482e67977b2a.jpg""]"
80c248dd5eb3,9ce6261dd135f1654dca54c7,https://www.bestprice.vn/khach-san/sofitel-legend-metropole-ha-noi-781.html,room_detail_3379_2_,Premium Room,"[""32m 2"", ""2 người lớn"", ""Hướng thành phố"", ""2 giường đơn / 1 giường đôi""]",32.0,2,,2 giường đơn / 1 giường đôi,Hướng thành phố,,,"[""https://owa.bestprice.vn/images/hotels/uploads/sofitel-legend-metropole-hanoi-6502d769ce631.jpg"", ""https://owa.bestprice.vn/images/hotels/uploads/sofitel-legend-metropole-hanoi-6502d74f1521f.jpg"", ""https://owa.bestprice.vn/images/hotels/uploads/sofitel-legend-metropole-hanoi-6502d769ce599.jpg""]"
80c248dd5eb3,9ce6261dd135f1654dca54c7,https://www.bestprice.vn/khach-san/sofitel-legend-metropole-ha-noi-781.html,room_detail_3383_2_,Grand Premium Room,"[""48m 2"", ""2 người lớn, 1 trẻ em"", ""Hướng vườn"", ""2 giường đơn / 1 giường đôi""]",48.0,2,1,2 giường đơn / 1 giường đôi,Hướng vườn,True,1,"[""https://owa.bestprice.vn/images/hotels/uploads/sofitel-legend-metropole-hanoi-6502d74f14e36.jpg"", ""https://owa.bestprice.vn/images/hotels/uploads/sofitel-legend-metropole-hanoi-6502d74f152ad.jpg"", ""https://owa.bestprice.vn/images/hotels/uploads/sofitel-legend-metropole-hanoi-6502d769ce904.jpg""]"
80c248dd5eb3,9ce6261dd135f1654dca54c7,https://www.bestprice.vn/khach-san/sofitel-legend-metropole-ha-noi-781.html,room_detail_3380_2_,Prestige Suite Room,"[""64m 2"", ""2 người lớn, 2 trẻ em"", ""Hướng thành phố"", ""1 giường đôi""]",64.0,2,2,1 giường đôi,Hướng thành phố,True,1,"[""https://owa.bestprice.vn/images/hotels/uploads/sofitel-legend-metropole-hanoi-6502d769ce875.jpg"", ""https://owa.bestprice.vn/images/hotels/uploads/sofitel-legend-metropole-hanoi-6502d74f14b9d.jpg"", ""https://owa.bestprice.vn/images/hotels/uploads/sofitel-legend-metropole-hanoi-6502d769ce6c4.jpg""]"
80c248dd5eb3,9ce6261dd135f1654dca54c7,https://www.bestprice.vn/khach-san/sofitel-legend-metropole-ha-noi-781.html,room_detail_20346_2_,Grand Luxury Room,"[""37m 2"", ""2 người lớn, 1 trẻ em"", ""Hướng thành phố"", ""1 giường đôi""]",37.0,2,1,1 giường đôi,Hướng thành phố,True,1,"[""https://owa.bestprice.vn/images/hotels/uploads/sofitel-legend-metropole-hanoi-6502d769ce904.jpg"", ""https://owa.bestprice.vn/images/hotels/uploads/sofitel-legend-metropole-hanoi-6502d74f14e36.jpg"", ""https://owa.bestprice.vn/images/hotels/uploads/sofitel-legend-metropole-hanoi-6502d74f152ad.jpg""]"
80c248dd5eb3,9ce6261dd135f1654dca54c7,https://www.bestprice.vn/khach-san/sofitel-legend-metropole-ha-noi-781.html,room_detail_20347_2_,Metropole Suite,"[""69m 2"", ""2 người lớn, 3 trẻ em"", ""Hướng thành phố"", ""1 giường đôi""]",69.0,2,3,1 giường đôi,Hướng thành phố,True,1,"[""https://owa.bestprice.vn/images/hotels/uploads/sofitel-legend-metropole-hanoi-6502d769ce6c4.jpg"", ""https://owa.bestprice.vn/images/hotels/uploads/sofitel-legend-metropole-hanoi-6502d74f14b9d.jpg"", ""https://owa.bestprice.vn/images/hotels/uploads/sofitel-legend-metropole-hanoi-6502d769ce875.jpg""]"
80c248dd5eb3,9d262720296ff5b1782131f0,https://www.bestprice.vn/khach-san/crown-retreat-quy-nhon-resort-1669.html,room_detail_7858_2_,Standard Garden Bungalow,"[""36m 2"", ""2 người lớn, 2 trẻ em"", ""Hướng vườn"", ""2 giường đơn / 1 giường đôi""]",36.0,2,2,2 giường đơn / 1 giường đôi,Hướng vườn,True,1,"[""https://owa.bestprice.vn/images/hotels/uploads/crown-retreat-quy-nhon-resort-646dce7d5e766.jpg"", ""https://owa.bestprice.vn/images/hotels/uploads/crown-retreat-quy-nhon-resort-646dce8f4b461.jpg"", ""https://owa.bestprice.vn/images/hotels/uploads/crown-retreat-quy-nhon-resort-646dce8f4b910.jpg""]"
80c248dd5eb3,9d262720296ff5b1782131f0,https://www.bestprice.vn/khach-san/crown-retreat-quy-nhon-resort-1669.html,room_detail_7857_2_,Standard Seaview Bungalow,"[""36m 2"", ""2 người lớn, 2 trẻ em"", ""Hướng bãi biển"", ""1 giường đôi""]",36.0,2,2,1 giường đôi,Hướng bãi biển,True,1,"[""https://owa.bestprice.vn/images/hotels/uploads/crown-retreat-quy-nhon-resort-646dce8f4b1b3.jpg"", ""https://owa.bestprice.vn/images/hotels/uploads/crown-retreat-quy-nhon-resort-646dce7d5e7f4.jpg"", ""https://owa.bestprice.vn/images/hotels/uploads/crown-retreat-quy-nhon-resort-646dce7d5e881.jpg""]"
80c248dd5eb3,9d262720296ff5b1782131f0,https://www.bestprice.vn/khach-san/crown-retreat-quy-nhon-resort-1669.html,room_detail_7856_2_,Executive Seaview Bungalow,"[""36m 2"", ""2 người lớn, 2 trẻ em"", ""Hướng bãi biển"", ""1 giường đôi""]",36.0,2,2,1 giường đôi,Hướng bãi biển,True,1,"[""https://owa.bestprice.vn/images/hotels/uploads/crown-retreat-quy-nhon-resort-646dce7d5e6cf.jpg"", ""https://owa.bestprice.vn/images/hotels/uploads/crown-retreat-quy-nhon-resort-646dce8f4ba64.jpg""]"
80c248dd5eb3,9d262720296ff5b1782131f0,https://www.bestprice.vn/khach-san/crown-retreat-quy-nhon-resort-1669.html,room_detail_14713_2_,Deluxe Beachfront Bungalow,"[""36m 2"", ""2 người lớn, 2 trẻ em"", ""Hướng bãi biển"", ""1 giường đôi""]",36.0,2,2,1 giường đôi,Hướng bãi biển,True,1,"[""https://owa.bestprice.vn/images/hotels/uploads/crown-retreat-quy-nhon-resort-646dce8f4b31f.jpg"", ""https://owa.bestprice.vn/images/hotels/uploads/crown-retreat-quy-nhon-resort-646dce8f4b9ba.jpg"", ""https://owa.bestprice.vn/images/hotels/uploads/crown-retreat-quy-nhon-resort-646dcea974996.jpg""]"
80c248dd5eb3,9d262720296ff5b1782131f0,https://www.bestprice.vn/khach-san/crown-retreat-quy-nhon-resort-1669.html,room_detail_14714_2_,Junior Suite Beachfront,"[""44m 2"", ""2 người lớn, 2 trẻ em"", ""Hướng bãi biển"", ""1 giường đôi""]",44.0,2,2,1 giường đôi,Hướng bãi biển,True,1,"[""https://owa.bestprice.vn/images/hotels/uploads/crown-retreat-quy-nhon-resort-646dce7d5e62c.jpg"", ""https://owa.bestprice.vn/images/hotels/uploads/crown-retreat-quy-nhon-resort-646dce8f4b86e.jpg"", ""https://owa.bestprice.vn/images/hotels/uploads/crown-retreat-quy-nhon-resort-646dcea974b49.jpg""]"
80c248dd5eb3,9d7b909fd0d349cfd36f379f,https://www.bestprice.vn/khach-san/palace-sai-gon-414.html,room_detail_1857_2_,Phòng Deluxe,"[""17m 2"", ""2 người lớn, 2 trẻ em"", ""1 giường đôi""]",17.0,2,2,1 giường đôi,,,,"[""https://owa.bestprice.vn/images/hotels/uploads/khach-san-palace-sai-gon-5f6882dbee600.jpg""]"
80c248dd5eb3,9d7b909fd0d349cfd36f379f,https://www.bestprice.vn/khach-san/palace-sai-gon-414.html,room_detail_1859_2_,Phòng Deluxe City View,"[""24m 2"", ""2 người lớn, 2 trẻ em"", ""Hướng thành phố"", ""2 giường đơn / 1 giường đôi""]",24.0,2,2,2 giường đơn / 1 giường đôi,Hướng thành phố,,,"[""https://owa.bestprice.vn/images/hotels/uploads/khach-san-palace-sai-gon-5f6882dbee533.jpg""]"
80c248dd5eb3,9d7b909fd0d349cfd36f379f,https://www.bestprice.vn/khach-san/palace-sai-gon-414.html,room_detail_1858_3_,Phòng Family Suite,"[""37m 2"", ""3 người lớn, 2 trẻ em"", ""Hướng thành phố"", ""2 giường đôi / 1 Giường đôi & 1 Giường đơn""]",37.0,3,2,2 giường đôi / 1 Giường đôi & 1 Giường đơn,Hướng thành phố,True,1,"[""https://owa.bestprice.vn/images/hotels/uploads/khach-san-palace-sai-gon-5f6882f742ee7.jpg""]"
80c248dd5eb3,9d7b909fd0d349cfd36f379f,https://www.bestprice.vn/khach-san/palace-sai-gon-414.html,room_detail_9985_2_,Phòng Palace Suite,"[""51m 2"", ""2 người lớn, 2 trẻ em"", ""Hướng thành phố"", ""1 giường đôi""]",51.0,2,2,1 giường đôi,Hướng thành phố,,,"[""https://owa.bestprice.vn/images/hotels/uploads/khach-san-palace-sai-gon-5f6882f743024.jpg""]"
80c248dd5eb3,9e6dea79b716fc61b0042449,https://www.bestprice.vn/khach-san/da-lat-plaza-189.html,room_detail_858_2_,Phòng Standard Double,"[""22m 2"", ""2 người lớn, 2 trẻ em"", ""1 giường đôi""]",22.0,2,2,1 giường đôi,,,,"[""https://owa.bestprice.vn/images/hotels/uploads/khach-san-park-hotel-da-lat-60b06462d8f6f.jpg"", ""https://owa.bestprice.vn/images/hotels/uploads/khach-san-park-hotel-da-lat-60b06462d8ee5.jpg""]"
80c248dd5eb3,9e6dea79b716fc61b0042449,https://www.bestprice.vn/khach-san/da-lat-plaza-189.html,room_detail_860_3_,Phòng Standard Triple,"[""30m 2"", ""3 người lớn, 2 trẻ em"", ""Hướng thành phố"", ""3 giường đơn""]",30.0,3,2,3 giường đơn,Hướng thành phố,True,1,"[""https://owa.bestprice.vn/images/hotels/uploads/khach-san-park-hotel-da-lat-60b064b4a3ec0.jpg"", ""https://owa.bestprice.vn/images/hotels/uploads/khach-san-park-hotel-da-lat-60b06462d8ff8.jpg""]"
80c248dd5eb3,9e6dea79b716fc61b0042449,https://www.bestprice.vn/khach-san/da-lat-plaza-189.html,room_detail_859_2_,Phòng Superior Double,"[""30m 2"", ""2 người lớn, 2 trẻ em"", ""1 giường đôi""]",30.0,2,2,1 giường đôi,,True,1,"[""https://owa.bestprice.vn/images/hotels/uploads/khach-san-park-hotel-da-lat-60b064b4a3f58.jpg""]"
80c248dd5eb3,9e6dea79b716fc61b0042449,https://www.bestprice.vn/khach-san/da-lat-plaza-189.html,room_detail_12025_3_,Phòng Superior Triple,"[""32m 2"", ""3 người lớn, 2 trẻ em"", ""1 Giường đôi & 1 Giường đơn""]",32.0,3,2,1 Giường đôi & 1 Giường đơn,,True,1,"[""https://owa.bestprice.vn/images/hotels/uploads/khach-san-park-hotel-da-lat-60b065c43a17f.jpg"", ""https://owa.bestprice.vn/images/hotels/uploads/khach-san-park-hotel-da-lat-60b065c43a20a.jpg""]"
80c248dd5eb3,9e6dea79b716fc61b0042449,https://www.bestprice.vn/khach-san/da-lat-plaza-189.html,room_detail_862_4_,Phòng Superior Family,"[""34m 2"", ""4 người lớn, 2 trẻ em"", ""Hướng thành phố"", ""2 giường đôi""]",34.0,4,2,2 giường đôi,Hướng thành phố,True,1,"[""https://owa.bestprice.vn/images/hotels/uploads/khach-san-park-hotel-da-lat-60b064b4a406e.jpg"", ""https://owa.bestprice.vn/images/hotels/uploads/khach-san-park-hotel-da-lat-60b064b4a3fe4.jpg""]"
80c248dd5eb3,9e6dea79b716fc61b0042449,https://www.bestprice.vn/khach-san/da-lat-plaza-189.html,room_detail_861_2_,Phòng Deluxe Double,"[""35m 2"", ""2 người lớn, 2 trẻ em"", ""Hướng hồ"", ""1 giường đôi""]",35.0,2,2,1 giường đôi,Hướng hồ,True,1,"[""https://owa.bestprice.vn/images/hotels/uploads/khach-san-park-hotel-da-lat-60b065156629b.jpg"", ""https://owa.bestprice.vn/images/hotels/uploads/khach-san-park-hotel-da-lat-60b06515661bd.jpg""]"
80c248dd5eb3,9e6dea79b716fc61b0042449,https://www.bestprice.vn/khach-san/da-lat-plaza-189.html,room_detail_863_3_,Phòng Deluxe Triple,"[""35m 2"", ""3 người lớn, 2 trẻ em"", ""Hướng hồ"", ""1 Giường đôi & 1 Giường đơn""]",35.0,3,2,1 Giường đôi & 1 Giường đơn,Hướng hồ,True,1,"[""https://owa.bestprice.vn/images/hotels/uploads/khach-san-park-hotel-da-lat-60b0654b5635b.jpg"", ""https://owa.bestprice.vn/images/hotels/uploads/khach-san-park-hotel-da-lat-60b0654b562cf.jpg""]"
80c248dd5eb3,9e6dea79b716fc61b0042449,https://www.bestprice.vn/khach-san/da-lat-plaza-189.html,room_detail_864_2_,Phòng Junior Suite,"[""55m 2"", ""2 người lớn, 2 trẻ em"", ""Hướng hồ"", ""1 giường lớn""]",55.0,2,2,1 giường lớn,Hướng hồ,True,1,"[""https://owa.bestprice.vn/images/hotels/uploads/khach-san-park-hotel-da-lat-60b0651566326.jpg"", ""https://owa.bestprice.vn/images/hotels/uploads/khach-san-park-hotel-da-lat-60b0659bd86be.jpg"", ""https://owa.bestprice.vn/images/hotels/uploads/khach-san-park-hotel-da-lat-60b06515663ae.jpg""]"
80c248dd5eb3,9eeb95ae6b2847063a774ad7,https://www.bestprice.vn/khach-san/legacy-yen-tu-mgallery-by-sofitel-1552.html,room_detail_7229_2_,Superior Forest View Twin,"[""40m 2"", ""2 người lớn, 1 trẻ em"", ""Hướng núi"", ""2 giường đơn""]",40.0,2,1,2 giường đơn,Hướng núi,True,1,"[""https://owa.bestprice.vn/images/hotels/uploads/legacy-yen-tu-mgallery-by-sofitel-625f6ec420704.jpg"", ""https://owa.bestprice.vn/images/hotels/uploads/legacy-yen-tu-mgallery-by-sofitel-625f6ee035fe5.jpg"", ""https://owa.bestprice.vn/images/hotels/uploads/legacy-yen-tu-mgallery-by-sofitel-625f6ef7bee54.jpg""]"
80c248dd5eb3,9eeb95ae6b2847063a774ad7,https://www.bestprice.vn/khach-san/legacy-yen-tu-mgallery-by-sofitel-1552.html,room_detail_10939_2_,Superior Village View Twin,"[""37m 2"", ""2 người lớn, 1 trẻ em"", ""Hướng thành phố"", ""2 giường đơn""]",37.0,2,1,2 giường đơn,Hướng thành phố,True,1,"[""https://owa.bestprice.vn/images/hotels/uploads/legacy-yen-tu-mgallery-by-sofitel-625f6ec420837.jpg""]"
80c248dd5eb3,9eeb95ae6b2847063a774ad7,https://www.bestprice.vn/khach-san/legacy-yen-tu-mgallery-by-sofitel-1552.html,room_detail_7230_2_,Deluxe Forest View Twin/King,"[""53m 2"", ""2 người lớn, 1 trẻ em"", ""Hướng núi"", ""1 giường lớn""]",53.0,2,1,1 giường lớn,Hướng núi,,,"[""https://owa.bestprice.vn/images/hotels/uploads/legacy-yen-tu-mgallery-by-sofitel-625f6ec4208cb.jpg"", ""https://owa.bestprice.vn/images/hotels/uploads/legacy-yen-tu-mgallery-by-sofitel-625f6ef7beda9.jpg"", ""https://owa.bestprice.vn/images/hotels/uploads/legacy-yen-tu-mgallery-by-sofitel-625f6ef7bf168.jpg""]"
80c248dd5eb3,9eeb95ae6b2847063a774ad7,https://www.bestprice.vn/khach-san/legacy-yen-tu-mgallery-by-sofitel-1552.html,room_detail_10947_2_,Deluxe Village View Twin/King,"[""49m 2"", ""2 người lớn, 1 trẻ em"", ""Hướng thành phố"", ""2 giường đơn / 1 giường lớn""]",49.0,2,1,2 giường đơn / 1 giường lớn,Hướng thành phố,,,"[""https://owa.bestprice.vn/images/hotels/uploads/legacy-yen-tu-mgallery-by-sofitel-625f6ec4209fe.jpg"", ""https://owa.bestprice.vn/images/hotels/uploads/legacy-yen-tu-mgallery-by-sofitel-625f6ef7bef8d.jpg""]"
80c248dd5eb3,9eeb95ae6b2847063a774ad7,https://www.bestprice.vn/khach-san/legacy-yen-tu-mgallery-by-sofitel-1552.html,room_detail_10949_2_,Deluxe Garden Pool View King,"[""53m 2"", ""2 người lớn, 1 trẻ em"", ""Hướng hồ bơi"", ""1 giường lớn""]",53.0,2,1,1 giường lớn,Hướng hồ bơi,,,"[""https://owa.bestprice.vn/images/hotels/uploads/legacy-yen-tu-mgallery-by-sofitel-625f6ec420a9a.jpg""]"
80c248dd5eb3,9eeb95ae6b2847063a774ad7,https://www.bestprice.vn/khach-san/legacy-yen-tu-mgallery-by-sofitel-1552.html,room_detail_7232_2_,Junior Suite Forest View Twin,"[""53m 2"", ""2 người lớn, 1 trẻ em"", ""Hướng núi"", ""2 giường đơn / 1 giường lớn""]",53.0,2,1,2 giường đơn / 1 giường lớn,Hướng núi,True,1,"[""https://owa.bestprice.vn/images/hotels/uploads/legacy-yen-tu-mgallery-by-sofitel-625f6ee035e13.jpg""]"
80c248dd5eb3,9eeb95ae6b2847063a774ad7,https://www.bestprice.vn/khach-san/legacy-yen-tu-mgallery-by-sofitel-1552.html,room_detail_7233_2_,Junior Suite Garden Pool View King,"[""74m 2"", ""2 người lớn, 1 trẻ em"", ""Hướng núi"", ""1 giường đôi""]",74.0,2,1,1 giường đôi,Hướng núi,True,1,"[""https://owa.bestprice.vn/images/hotels/uploads/legacy-yen-tu-mgallery-by-sofitel-625f6ee035f48.jpg""]"
80c248dd5eb3,9f9b216becd68d8417e1b9d1,https://www.bestprice.vn/khach-san/merperle-hon-tam-resort-nha-trang-142.html,room_detail_14174_2_,Deluxe Double Garden,"[""52m 2"", ""2 người lớn, 1 trẻ em"", ""Hướng vườn"", ""1 giường đôi""]",52.0,2,1,1 giường đôi,Hướng vườn,True,1,"[""https://owa.bestprice.vn/images/hotels/uploads/merperle-hon-tam-resort-nha-trang-648d11c161f5e.jpg"", ""https://owa.bestprice.vn/images/hotels/uploads/merperle-hon-tam-resort-nha-trang-648d11c161ec6.jpg""]"
80c248dd5eb3,9f9b216becd68d8417e1b9d1,https://www.bestprice.vn/khach-san/merperle-hon-tam-resort-nha-trang-142.html,room_detail_14175_4_,Deluxe Quadruple Garden,"[""52m 2"", ""4 người lớn, 2 trẻ em"", ""Hướng vườn"", ""2 giường lớn""]",52.0,4,2,2 giường lớn,Hướng vườn,True,1,"[""https://owa.bestprice.vn/images/hotels/uploads/merperle-hon-tam-resort-nha-trang-648d11c16208c.jpg"", ""https://owa.bestprice.vn/images/hotels/uploads/merperle-hon-tam-resort-nha-trang-648d11c161ff5.jpg""]"
80c248dd5eb3,9f9b216becd68d8417e1b9d1,https://www.bestprice.vn/khach-san/merperle-hon-tam-resort-nha-trang-142.html,room_detail_663_2_,Tropical Deluxe Double Garden View,"[""56m 2"", ""2 người lớn, 1 trẻ em"", ""Hướng vườn"", ""1 giường đôi""]",56.0,2,1,1 giường đôi,Hướng vườn,True,1,"[""https://owa.bestprice.vn/images/hotels/uploads/merperle-hon-tam-resort-nha-trang-648d11c162543.jpg"", ""https://owa.bestprice.vn/images/hotels/uploads/merperle-hon-tam-resort-nha-trang-648d11c1624ad.jpg""]"
80c248dd5eb3,9f9b216becd68d8417e1b9d1,https://www.bestprice.vn/khach-san/merperle-hon-tam-resort-nha-trang-142.html,room_detail_665_2_,Tropical Deluxe Twin Garden View,"[""56m 2"", ""2 người lớn, 1 trẻ em"", ""Hướng vườn"", ""2 giường đơn""]",56.0,2,1,2 giường đơn,Hướng vườn,True,1,"[""https://owa.bestprice.vn/images/hotels/uploads/merperle-hon-tam-resort-nha-trang-648d11c1621b8.jpg"", ""https://owa.bestprice.vn/images/hotels/uploads/merperle-hon-tam-resort-nha-trang-648d11c162122.jpg""]"
80c248dd5eb3,9f9b216becd68d8417e1b9d1,https://www.bestprice.vn/khach-san/merperle-hon-tam-resort-nha-trang-142.html,room_detail_8333_2_,Tropical Deluxe Double Sea View,"[""56m 2"", ""2 người lớn, 1 trẻ em"", ""Hướng biển"", ""1 giường đôi""]",56.0,2,1,1 giường đôi,Hướng biển,True,1,"[""https://owa.bestprice.vn/images/hotels/uploads/merperle-hon-tam-resort-nha-trang-648d11c1622e8.jpg"", ""https://owa.bestprice.vn/images/hotels/uploads/merperle-hon-tam-resort-nha-trang-648d11c162250.jpg""]"
80c248dd5eb3,9f9b216becd68d8417e1b9d1,https://www.bestprice.vn/khach-san/merperle-hon-tam-resort-nha-trang-142.html,room_detail_8336_2_,Tropical Deluxe Twin Sea View,"[""56m 2"", ""2 người lớn, 1 trẻ em"", ""Hướng biển"", ""2 giường đơn""]",56.0,2,1,2 giường đơn,Hướng biển,True,1,"[""https://owa.bestprice.vn/images/hotels/uploads/merperle-hon-tam-resort-nha-trang-648d11c162416.jpg"", ""https://owa.bestprice.vn/images/hotels/uploads/merperle-hon-tam-resort-nha-trang-648d11c16237f.jpg""]"
80c248dd5eb3,9f9b216becd68d8417e1b9d1,https://www.bestprice.vn/khach-san/merperle-hon-tam-resort-nha-trang-142.html,room_detail_8335_3_,Premier Family Garden View,"[""65m 2"", ""3 người lớn, 2 trẻ em"", ""Hướng vườn"", ""1 Giường đôi & 1 Giường đơn""]",65.0,3,2,1 Giường đôi & 1 Giường đơn,Hướng vườn,True,1,"[""https://owa.bestprice.vn/images/hotels/uploads/merperle-hon-tam-resort-nha-trang-648d11c1625da.jpg"", ""https://owa.bestprice.vn/images/hotels/uploads/merperle-hon-tam-resort-nha-trang-648d11c162671.jpg""]"
80c248dd5eb3,9f9b216becd68d8417e1b9d1,https://www.bestprice.vn/khach-san/merperle-hon-tam-resort-nha-trang-142.html,room_detail_666_3_,Premier Family Sea View,"[""65m 2"", ""3 người lớn, 2 trẻ em"", ""Hướng biển"", ""1 Giường đôi & 1 Giường đơn""]",65.0,3,2,1 Giường đôi & 1 Giường đơn,Hướng biển,True,1,"[""https://owa.bestprice.vn/images/hotels/uploads/merperle-hon-tam-resort-nha-trang-648d11c16279e.jpg"", ""https://owa.bestprice.vn/images/hotels/uploads/merperle-hon-tam-resort-nha-trang-648d11c162707.jpg""]"
80c248dd5eb3,9f9b216becd68d8417e1b9d1,https://www.bestprice.vn/khach-san/merperle-hon-tam-resort-nha-trang-142.html,room_detail_664_2_,Forestall Deluxe,"[""56m 2"", ""2 người lớn, 1 trẻ em"", ""Hướng vườn"", ""2 giường đơn""]",56.0,2,1,2 giường đơn,Hướng vườn,True,1,"[""https://owa.bestprice.vn/images/hotels/uploads/merperle-hon-tam-resort-nha-trang-648d11c1628cc.jpg"", ""https://owa.bestprice.vn/images/hotels/uploads/merperle-hon-tam-resort-nha-trang-648d11c162835.jpg""]"
80c248dd5eb3,9f9b216becd68d8417e1b9d1,https://www.bestprice.vn/khach-san/merperle-hon-tam-resort-nha-trang-142.html,room_detail_8334_2_,Executive Suite,"[""72m 2"", ""2 người lớn, 1 trẻ em"", ""Hướng biển"", ""1 giường lớn""]",72.0,2,1,1 giường lớn,Hướng biển,True,1,"[""https://owa.bestprice.vn/images/hotels/uploads/merperle-hon-tam-resort-nha-trang-648d11e096787.jpg"", ""https://owa.bestprice.vn/images/hotels/uploads/merperle-hon-tam-resort-nha-trang-648d11e096830.jpg""]"
80c248dd5eb3,9fdd7e1b4176db651db3d333,https://www.bestprice.vn/khach-san/da-lat-iris-1455.html,room_detail_6515_2_,Phòng Standard,"[""30m 2"", ""2 người lớn, 2 trẻ em"", ""Hướng thành phố"", ""2 giường đơn / 1 giường đôi""]",30.0,2,2,2 giường đơn / 1 giường đôi,Hướng thành phố,True,1,"[""https://owa.bestprice.vn/images/hotels/uploads/iris-da-lat-hotel-63ef02a9227ed.jpg"", ""https://owa.bestprice.vn/images/hotels/uploads/iris-da-lat-hotel-63ef02a922b8f.jpg""]"
80c248dd5eb3,9fdd7e1b4176db651db3d333,https://www.bestprice.vn/khach-san/da-lat-iris-1455.html,room_detail_6517_2_,Phòng Superior,"[""30m 2"", ""2 người lớn, 2 trẻ em"", ""Hướng thành phố"", ""2 giường đơn / 1 giường đôi""]",30.0,2,2,2 giường đơn / 1 giường đôi,Hướng thành phố,True,1,"[""https://owa.bestprice.vn/images/hotels/uploads/iris-da-lat-hotel-63ef02a922c77.jpg"", ""https://owa.bestprice.vn/images/hotels/uploads/iris-da-lat-hotel-63ef02a922ceb.jpg""]"
80c248dd5eb3,9fdd7e1b4176db651db3d333,https://www.bestprice.vn/khach-san/da-lat-iris-1455.html,room_detail_6518_2_,Phòng Superior Living,"[""35m 2"", ""2 người lớn, 2 trẻ em"", ""Hướng thành phố"", ""1 giường lớn""]",35.0,2,2,1 giường lớn,Hướng thành phố,True,1,"[""https://owa.bestprice.vn/images/hotels/uploads/iris-da-lat-hotel-63ef02a922704.jpg"", ""https://owa.bestprice.vn/images/hotels/uploads/iris-da-lat-hotel-63ef02a922861.jpg"", ""https://owa.bestprice.vn/images/hotels/uploads/iris-da-lat-hotel-63ef02a922c03.jpg""]"
80c248dd5eb3,9fdd7e1b4176db651db3d333,https://www.bestprice.vn/khach-san/da-lat-iris-1455.html,room_detail_6521_2_,Phòng Deluxe Window,"[""35m 2"", ""2 người lớn, 2 trẻ em"", ""Hướng thành phố"", ""1 giường lớn""]",35.0,2,2,1 giường lớn,Hướng thành phố,True,1,"[""https://owa.bestprice.vn/images/hotels/uploads/iris-da-lat-hotel-63ef02a922a33.jpg"", ""https://owa.bestprice.vn/images/hotels/uploads/iris-da-lat-hotel-63ef02a922b1b.jpg""]"
80c248dd5eb3,9fdd7e1b4176db651db3d333,https://www.bestprice.vn/khach-san/da-lat-iris-1455.html,room_detail_6520_2_,Phòng Deluxe Balcony,"[""40m 2"", ""2 người lớn, 2 trẻ em"", ""Hướng thành phố"", ""1 giường lớn""]",40.0,2,2,1 giường lớn,Hướng thành phố,True,1,"[""https://owa.bestprice.vn/images/hotels/uploads/iris-da-lat-hotel-63ef02a922485.jpg"", ""https://owa.bestprice.vn/images/hotels/uploads/iris-da-lat-hotel-64c3212718f34.jpg"", ""https://owa.bestprice.vn/images/hotels/uploads/iris-da-lat-hotel-63ef02a922aa7.jpg""]"
80c248dd5eb3,9fdd7e1b4176db651db3d333,https://www.bestprice.vn/khach-san/da-lat-iris-1455.html,room_detail_6519_4_,Phòng Deluxe Family,"[""40m 2"", ""4 người lớn, 2 trẻ em"", ""Hướng thành phố"", ""2 giường đôi""]",40.0,4,2,2 giường đôi,Hướng thành phố,True,1,"[""https://owa.bestprice.vn/images/hotels/uploads/iris-da-lat-hotel-63ef02a9225a0.jpg"", ""https://owa.bestprice.vn/images/hotels/uploads/iris-da-lat-hotel-64c3218358481.jpg""]"
80c248dd5eb3,a002ae88dd60ceb2b90c2f5b,https://www.bestprice.vn/khach-san/sol-an-bang-beach-resort-spa-1538.html,room_detail_7158_2_,Phòng Deluxe Street View,"[""35m 2"", ""2 người lớn, 2 trẻ em"", ""Hướng thành phố"", ""2 giường đơn / 1 giường đôi""]",35.0,2,2,2 giường đơn / 1 giường đôi,Hướng thành phố,True,1,"[""https://owa.bestprice.vn/images/hotels/uploads/sol-an-bang-beach-resort-spa-64e4907158513.jpg"", ""https://owa.bestprice.vn/images/hotels/uploads/sol-an-bang-beach-resort-spa-64e49071585a2.jpg"", ""https://owa.bestprice.vn/images/hotels/uploads/sol-an-bang-beach-resort-spa-64e4907158632.jpg""]"
80c248dd5eb3,a002ae88dd60ceb2b90c2f5b,https://www.bestprice.vn/khach-san/sol-an-bang-beach-resort-spa-1538.html,room_detail_7159_2_,Phòng Deluxe Sea View/ Forest View,"[""35m 2"", ""2 người lớn, 2 trẻ em"", ""Hướng biển"", ""2 giường đơn / 1 giường đôi""]",35.0,2,2,2 giường đơn / 1 giường đôi,Hướng biển,True,1,"[""https://owa.bestprice.vn/images/hotels/uploads/sol-an-bang-beach-resort-spa-64e4907158484.jpg"", ""https://owa.bestprice.vn/images/hotels/uploads/sol-an-bang-beach-resort-spa-64e49071583f4.jpg""]"
80c248dd5eb3,a002ae88dd60ceb2b90c2f5b,https://www.bestprice.vn/khach-san/sol-an-bang-beach-resort-spa-1538.html,room_detail_7160_2_,Phòng Art Suite,"[""42m 2"", ""2 người lớn, 2 trẻ em"", ""Hướng vườn"", ""1 giường đôi""]",42.0,2,2,1 giường đôi,Hướng vườn,True,1,"[""https://owa.bestprice.vn/images/hotels/uploads/sol-an-bang-beach-resort-spa-64e4907158244.jpg"", ""https://owa.bestprice.vn/images/hotels/uploads/sol-an-bang-beach-resort-spa-64e4907158364.jpg"", ""https://owa.bestprice.vn/images/hotels/uploads/sol-an-bang-beach-resort-spa-64e49071582d4.jpg""]"
80c248dd5eb3,a0a7a34ae1b94a0a197d5c58,https://www.bestprice.vn/khach-san/star-city-nha-trang-hotel-1833.html,room_detail_8721_2_,Phòng Superior,"[""30m 2"", ""2 người lớn, 2 trẻ em"", ""Hướng thành phố"", ""2 giường đơn / 1 giường đôi""]",30.0,2,2,2 giường đơn / 1 giường đôi,Hướng thành phố,True,1,"[""https://owa.bestprice.vn/images/hotels/uploads/starcity-hotel-condotel-beachfront-nha-trang-64869c4c6b25b.jpg"", ""https://owa.bestprice.vn/images/hotels/uploads/starcity-hotel-condotel-beachfront-nha-trang-64869c4c6b30e.jpg""]"
80c248dd5eb3,a0a7a34ae1b94a0a197d5c58,https://www.bestprice.vn/khach-san/star-city-nha-trang-hotel-1833.html,room_detail_8723_2_,Phòng Deluxe,"[""35m 2"", ""2 người lớn, 2 trẻ em"", ""Hướng thành phố"", ""2 giường đơn / 1 giường đôi""]",35.0,2,2,2 giường đơn / 1 giường đôi,Hướng thành phố,True,1,"[""https://owa.bestprice.vn/images/hotels/uploads/starcity-hotel-condotel-beachfront-nha-trang-64869c4c6b1a0.jpg"", ""https://owa.bestprice.vn/images/hotels/uploads/starcity-hotel-condotel-beachfront-nha-trang-64869c4c6b0ed.jpg""]"
80c248dd5eb3,a0a7a34ae1b94a0a197d5c58,https://www.bestprice.vn/khach-san/star-city-nha-trang-hotel-1833.html,room_detail_8729_2_,Phòng Premium Deluxe,"[""40m 2"", ""2 người lớn, 2 trẻ em"", ""Hướng biển"", ""2 giường đơn / 1 giường đôi""]",40.0,2,2,2 giường đơn / 1 giường đôi,Hướng biển,True,1,"[""https://owa.bestprice.vn/images/hotels/uploads/starcity-hotel-condotel-beachfront-nha-trang-64869c4c6b036.jpg"", ""https://owa.bestprice.vn/images/hotels/uploads/starcity-hotel-condotel-beachfront-nha-trang-64869c4c6af39.jpg""]"
80c248dd5eb3,a33f73f2ee29ef8baaec7ed0,https://www.bestprice.vn/khach-san/le-bleu-tam-dao-floating-clouds-1626.html,room_detail_7662_3_,Villa,"[""150m 2"", ""3 người lớn, 2 trẻ em"", ""Hướng núi"", ""3 giường đôi""]",150.0,3,2,3 giường đôi,Hướng núi,,,"[""https://owa.bestprice.vn/images/hotels/uploads/le-bleu-tam-dao-floating-clouds-64b795a0edc0c.jpg"", ""https://owa.bestprice.vn/images/hotels/uploads/le-bleu-tam-dao-floating-clouds-6492bab51cdef.jpg"", ""https://owa.bestprice.vn/images/hotels/uploads/le-bleu-tam-dao-floating-clouds-64b795a0edb42.jpg""]"
80c248dd5eb3,a419297c24b5ba029b2a4a1a,https://www.bestprice.vn/khach-san/dana-marina-da-nang-1447.html,room_detail_6463_2_,Superior King/Twin,"[""26m 2"", ""2 người lớn, 2 trẻ em"", ""Hướng thành phố"", ""2 giường đơn""]",26.0,2,2,2 giường đơn,Hướng thành phố,True,1,"[""https://owa.bestprice.vn/images/hotels/uploads/dana-marina-hotel-da-nang-6459b6b3f3c8e.jpg"", ""https://owa.bestprice.vn/images/hotels/uploads/dana-marina-hotel-da-nang-6459b6b40023c.jpg""]"
80c248dd5eb3,a419297c24b5ba029b2a4a1a,https://www.bestprice.vn/khach-san/dana-marina-da-nang-1447.html,room_detail_6464_2_,Superior Triple,"[""28m 2"", ""2 người lớn, 2 trẻ em"", ""Hướng thành phố"", ""1 giường đơn / 1 giường đôi""]",28.0,2,2,1 giường đơn / 1 giường đôi,Hướng thành phố,True,1,"[""https://owa.bestprice.vn/images/hotels/uploads/dana-marina-hotel-da-nang-6459b6b4002c2.jpg"", ""https://owa.bestprice.vn/images/hotels/uploads/dana-marina-hotel-da-nang-6459b6b3f3fcc.jpg""]"
80c248dd5eb3,a419297c24b5ba029b2a4a1a,https://www.bestprice.vn/khach-san/dana-marina-da-nang-1447.html,room_detail_6465_2_,Deluxe Queen/King,"[""32m 2"", ""2 người lớn, 2 trẻ em"", ""Hướng biển"", ""1 giường đôi""]",32.0,2,2,1 giường đôi,Hướng biển,True,1,"[""https://owa.bestprice.vn/images/hotels/uploads/dana-marina-hotel-da-nang-6459b6b3f41ea.jpg"", ""https://owa.bestprice.vn/images/hotels/uploads/dana-marina-hotel-da-nang-6459b6d004bd4.jpg""]"
80c248dd5eb3,a419297c24b5ba029b2a4a1a,https://www.bestprice.vn/khach-san/dana-marina-da-nang-1447.html,room_detail_6466_2_,Deluxe Triple,"[""32m 2"", ""2 người lớn, 2 trẻ em"", ""Hướng biển"", ""1 giường đơn / 1 giường đôi""]",32.0,2,2,1 giường đơn / 1 giường đôi,Hướng biển,True,1,"[""https://owa.bestprice.vn/images/hotels/uploads/dana-marina-hotel-da-nang-6459b6b3f3e36.jpg"", ""https://owa.bestprice.vn/images/hotels/uploads/dana-marina-hotel-da-nang-6459b6b400031.jpg"", ""https://owa.bestprice.vn/images/hotels/uploads/dana-marina-hotel-da-nang-6459b6b400349.jpg""]"
80c248dd5eb3,a419297c24b5ba029b2a4a1a,https://www.bestprice.vn/khach-san/dana-marina-da-nang-1447.html,room_detail_6467_2_,Luxury Apartment,"[""45m 2"", ""2 người lớn, 2 trẻ em"", ""Hướng thành phố"", ""1 giường đôi""]",45.0,2,2,1 giường đôi,Hướng thành phố,True,1,"[""https://owa.bestprice.vn/images/hotels/uploads/dana-marina-hotel-da-nang-6459b6b40012f.jpg"", ""https://owa.bestprice.vn/images/hotels/uploads/dana-marina-hotel-da-nang-6459b6b3f40dc.jpg"", ""https://owa.bestprice.vn/images/hotels/uploads/dana-marina-hotel-da-nang-6459b692c0575.jpg""]"
80c248dd5eb3,a45e41b180002aca53abe27d,https://www.bestprice.vn/khach-san/bai-lu-resort-1272.html,room_detail_5277_2_,Bungalow Deluxe garden view,"[""35m 2"", ""2 người lớn, 2 trẻ em"", ""Hướng vườn"", ""1 giường đôi""]",35.0,2,2,1 giường đôi,Hướng vườn,True,1,"[""https://owa.bestprice.vn/images/hotels/uploads/bai-lu-resort-5f437674dcd71.jpg""]"
80c248dd5eb3,a45e41b180002aca53abe27d,https://www.bestprice.vn/khach-san/bai-lu-resort-1272.html,room_detail_5389_2_,Bungalow Deluxe Sea View,"[""35m 2"", ""2 người lớn, 2 trẻ em"", ""2 giường đơn""]",35.0,2,2,2 giường đơn,,True,1,"[""https://owa.bestprice.vn/images/hotels/uploads/bai-lu-resort-5f43317492a3b.jpeg""]"
80c248dd5eb3,a45e41b180002aca53abe27d,https://www.bestprice.vn/khach-san/bai-lu-resort-1272.html,room_detail_5390_2_,Bungalow Premium Suite,"[""55m 2"", ""2 người lớn, 2 trẻ em"", ""Hướng biển"", ""2 giường đơn""]",55.0,2,2,2 giường đơn,Hướng biển,True,1,"[""https://owa.bestprice.vn/images/hotels/uploads/bai-lu-resort-5f437e79ded0f.jpg""]"
80c248dd5eb3,a45e41b180002aca53abe27d,https://www.bestprice.vn/khach-san/bai-lu-resort-1272.html,room_detail_5391_2_,Deluxe Twin/Double Mountain View,"[""35m 2"", ""2 người lớn, 2 trẻ em"", ""Hướng biển"", ""1 giường đôi""]",35.0,2,2,1 giường đôi,Hướng biển,True,1,"[""https://owa.bestprice.vn/images/hotels/uploads/bai-lu-resort-5daed81980d6e.jpg""]"
80c248dd5eb3,a45e41b180002aca53abe27d,https://www.bestprice.vn/khach-san/bai-lu-resort-1272.html,room_detail_9753_2_,Deluxe Twin Ocean View,"[""35m 2"", ""2 người lớn, 2 trẻ em"", ""Hướng biển"", ""2 giường đơn""]",35.0,2,2,2 giường đơn,Hướng biển,True,1,"[""https://owa.bestprice.vn/images/hotels/uploads/bai-lu-resort-5f437fd30b9fc.jpg""]"
80c248dd5eb3,a45e41b180002aca53abe27d,https://www.bestprice.vn/khach-san/bai-lu-resort-1272.html,room_detail_5276_2_,Junior Suite,"[""65m 2"", ""2 người lớn, 2 trẻ em"", ""Hướng biển"", ""1 giường đôi""]",65.0,2,2,1 giường đôi,Hướng biển,True,1,"[""https://owa.bestprice.vn/images/hotels/uploads/bai-lu-resort-5f437fd30ba75.jpg""]"
80c248dd5eb3,a5fddac11792447edc645d12,https://www.bestprice.vn/khach-san/melia-vinpearl-nha-trang-empire-1413.html,room_detail_6209_2_,Deluxe Room,"[""32m 2"", ""2 người lớn, 2 trẻ em"", ""Hướng thành phố"", ""1 giường lớn""]",32.0,2,2,1 giường lớn,Hướng thành phố,True,1,"[""https://owa.bestprice.vn/images/hotels/uploads/melia-vinpearl-empire-nha-trang-633e52f98e135.jpg"", ""https://owa.bestprice.vn/images/hotels/uploads/melia-vinpearl-empire-nha-trang-633e52f98e0a3.jpg"", ""https://owa.bestprice.vn/images/hotels/uploads/melia-vinpearl-empire-nha-trang-633e52f98e41b.jpg"", ""https://owa.bestprice.vn/images/hotels/uploads/melia-vinpearl-empire-nha-trang-633e52d4cd09c.jpg""]"
80c248dd5eb3,a5fddac11792447edc645d12,https://www.bestprice.vn/khach-san/melia-vinpearl-nha-trang-empire-1413.html,room_detail_6210_2_,Suite Room,"[""60m 2"", ""2 người lớn, 2 trẻ em"", ""Hướng thành phố"", ""1 giường lớn""]",60.0,2,2,1 giường lớn,Hướng thành phố,True,1,"[""https://owa.bestprice.vn/images/hotels/uploads/melia-vinpearl-empire-nha-trang-633e52f98e265.jpg"", ""https://owa.bestprice.vn/images/hotels/uploads/melia-vinpearl-empire-nha-trang-633e52d4ccf79.jpg"", ""https://owa.bestprice.vn/images/hotels/uploads/melia-vinpearl-empire-nha-trang-633e52f98e2f8.jpg""]"
80c248dd5eb3,a5fddac11792447edc645d12,https://www.bestprice.vn/khach-san/melia-vinpearl-nha-trang-empire-1413.html,room_detail_6211_4_,Two-bedroom Suite,"[""84m 2"", ""4 người lớn, 2 trẻ em"", ""Hướng thành phố"", ""2 giường đôi""]",84.0,4,2,2 giường đôi,Hướng thành phố,,,"[""https://owa.bestprice.vn/images/hotels/uploads/melia-vinpearl-empire-nha-trang-633e52f98e1c6.jpg"", ""https://owa.bestprice.vn/images/hotels/uploads/melia-vinpearl-empire-nha-trang-633e52f98e782.jpg"", ""https://owa.bestprice.vn/images/hotels/uploads/melia-vinpearl-empire-nha-trang-633e52f98e38a.jpg"", ""https://owa.bestprice.vn/images/hotels/uploads/melia-vinpearl-empire-nha-trang-633e52f98e00f.jpg""]"
80c248dd5eb3,a72d29021d13d694934d1be6,https://www.bestprice.vn/khach-san/iris-can-tho-1297.html,room_detail_5430_2_,Phòng Vip,"[""60m 2"", ""2 người lớn, 1 trẻ em"", ""1 Giường đôi & 1 Giường đơn""]",60.0,2,1,1 Giường đôi & 1 Giường đơn,,True,1,"[""https://owa.bestprice.vn/images/hotels/uploads/khach-san-iris-can-tho-53e977a0191c0.jpg""]"
80c248dd5eb3,a72d29021d13d694934d1be6,https://www.bestprice.vn/khach-san/iris-can-tho-1297.html,room_detail_5429_2_,Phòng Suite,"[""55m 2"", ""2 người lớn, 1 trẻ em"", ""1 Giường đôi & 1 Giường đơn""]",55.0,2,1,1 Giường đôi & 1 Giường đơn,,True,1,"[""https://owa.bestprice.vn/images/hotels/uploads/khach-san-iris-can-tho-53e9789f58c82.jpg""]"
80c248dd5eb3,a72d29021d13d694934d1be6,https://www.bestprice.vn/khach-san/iris-can-tho-1297.html,room_detail_5428_2_,Phòng Deluxe,"[""45m 2"", ""2 người lớn, 1 trẻ em"", ""1 giường lớn""]",45.0,2,1,1 giường lớn,,True,1,"[""https://owa.bestprice.vn/images/hotels/uploads/khach-san-iris-can-tho-53e977578b79e.jpg""]"
80c248dd5eb3,a72d29021d13d694934d1be6,https://www.bestprice.vn/khach-san/iris-can-tho-1297.html,room_detail_5426_2_,Superior Executive,"[""40m 2"", ""2 người lớn, 1 trẻ em"", ""Hướng thành phố"", ""2 giường đơn / 1 giường đôi""]",40.0,2,1,2 giường đơn / 1 giường đôi,Hướng thành phố,True,1,"[""https://owa.bestprice.vn/images/hotels/uploads/khach-san-iris-can-tho-53e9775792cb6.jpg""]"
80c248dd5eb3,a72d29021d13d694934d1be6,https://www.bestprice.vn/khach-san/iris-can-tho-1297.html,room_detail_5423_2_,Superior Premium,"[""40m 2"", ""2 người lớn, 1 trẻ em"", ""Hướng thành phố"", ""2 giường đơn / 1 giường đôi""]",40.0,2,1,2 giường đơn / 1 giường đôi,Hướng thành phố,True,1,"[""https://owa.bestprice.vn/images/hotels/uploads/khach-san-iris-can-tho-53e977a0195b7.jpg""]"
80c248dd5eb3,a72d29021d13d694934d1be6,https://www.bestprice.vn/khach-san/iris-can-tho-1297.html,room_detail_20311_2_,Superior,"[""0m 2"", ""2 người lớn, 1 trẻ em"", ""1 giường đôi""]",0.0,2,1,1 giường đôi,,True,1,"[""https://owa.bestprice.vn/images/hotels/uploads/khach-san-iris-can-tho-65d84797c6b22.jpg""]"
80c248dd5eb3,a8e2e6b46104f1b2dfc94833,https://www.bestprice.vn/khach-san/vuon-co-thom-villa-1628.html,room_detail_7667_6_,Villa,"[""150m 2"", ""6 người lớn, 5 trẻ em"", ""Hướng núi"", ""1 giường đơn / 2 giường đơn / 1 giường đôi / 1 giường lớn / Giường Sofa""]",150.0,6,5,1 giường đơn / 2 giường đơn / 1 giường đôi / 1 giường lớn / Giường Sofa,Hướng núi,,,"[""https://owa.bestprice.vn/images/hotels/uploads/vuon-co-thom-villa-5db1298e7e137.jpg""]"
80c248dd5eb3,a930fc470f6f262779958a7a,https://www.bestprice.vn/khach-san/anya-premier-hotel-quy-nhon-1881.html,room_detail_19374_2_,Premier City View,"[""28m 2"", ""2 người lớn, 2 trẻ em"", ""Hướng thành phố"", ""2 giường đơn / 1 giường đôi""]",28.0,2,2,2 giường đơn / 1 giường đôi,Hướng thành phố,True,1,"[""https://owa.bestprice.vn/images/hotels/uploads/anya-premier-hotel-quy-nhon-647027e5df799.jpg"", ""https://owa.bestprice.vn/images/hotels/uploads/anya-premier-hotel-quy-nhon-647027e5df09f.jpg""]"
80c248dd5eb3,a930fc470f6f262779958a7a,https://www.bestprice.vn/khach-san/anya-premier-hotel-quy-nhon-1881.html,room_detail_8939_2_,Premier Ocean View,"[""34m 2"", ""2 người lớn, 2 trẻ em"", ""Hướng biển"", ""2 giường đơn / 1 giường đôi""]",34.0,2,2,2 giường đơn / 1 giường đôi,Hướng biển,True,1,"[""https://owa.bestprice.vn/images/hotels/uploads/anya-premier-hotel-quy-nhon-647027c52fa8c.jpg"", ""https://owa.bestprice.vn/images/hotels/uploads/anya-premier-hotel-quy-nhon-647027e5df2fa.jpg""]"
80c248dd5eb3,a930fc470f6f262779958a7a,https://www.bestprice.vn/khach-san/anya-premier-hotel-quy-nhon-1881.html,room_detail_8979_2_,Premier Terrace Ocean View,"[""34m 2"", ""2 người lớn, 2 trẻ em"", ""Hướng biển"", ""2 giường đơn / 1 giường đôi""]",34.0,2,2,2 giường đơn / 1 giường đôi,Hướng biển,True,1,"[""https://owa.bestprice.vn/images/hotels/uploads/anya-premier-hotel-quy-nhon-647027c52f740.jpg"", ""https://owa.bestprice.vn/images/hotels/uploads/anya-premier-hotel-quy-nhon-647027c52fe53.jpg"", ""https://owa.bestprice.vn/images/hotels/uploads/anya-premier-hotel-quy-nhon-647027e5df549.jpg""]"
80c248dd5eb3,a930fc470f6f262779958a7a,https://www.bestprice.vn/khach-san/anya-premier-hotel-quy-nhon-1881.html,room_detail_20560_0_,Premier Signature Ocean View,"[""34m 2"", ""0 người lớn"", ""Hướng biển"", ""2 giường đơn / 1 giường đôi""]",34.0,0,,2 giường đơn / 1 giường đôi,Hướng biển,,,"[""https://owa.bestprice.vn/images/hotels/uploads/anya-premier-hotel-quy-nhon-66696887d946a.jpeg"", ""https://owa.bestprice.vn/images/hotels/uploads/anya-premier-hotel-quy-nhon-66696955b3091.jpeg""]"
80c248dd5eb3,a930fc470f6f262779958a7a,https://www.bestprice.vn/khach-san/anya-premier-hotel-quy-nhon-1881.html,room_detail_8941_2_,Premier Deluxe Ocean View,"[""40m 2"", ""2 người lớn, 2 trẻ em"", ""Hướng biển"", ""2 giường đơn / 1 giường đôi""]",40.0,2,2,2 giường đơn / 1 giường đôi,Hướng biển,True,1,"[""https://owa.bestprice.vn/images/hotels/uploads/anya-premier-hotel-quy-nhon-647027e5df16a.jpg"", ""https://owa.bestprice.vn/images/hotels/uploads/anya-premier-hotel-quy-nhon-647027c52fcba.jpg""]"
80c248dd5eb3,a930fc470f6f262779958a7a,https://www.bestprice.vn/khach-san/anya-premier-hotel-quy-nhon-1881.html,room_detail_8937_2_,Premier Executive Ocean View,"[""34m 2"", ""2 người lớn, 2 trẻ em"", ""Hướng biển"", ""1 giường đôi""]",34.0,2,2,1 giường đôi,Hướng biển,True,1,"[""https://owa.bestprice.vn/images/hotels/uploads/anya-premier-hotel-quy-nhon-647027e5defd7.jpg"", ""https://owa.bestprice.vn/images/hotels/uploads/anya-premier-hotel-quy-nhon-647027e5df232.jpg""]"
80c248dd5eb3,a930fc470f6f262779958a7a,https://www.bestprice.vn/khach-san/anya-premier-hotel-quy-nhon-1881.html,room_detail_8947_2_,Premier Suite Ocean View,"[""62m 2"", ""2 người lớn, 2 trẻ em"", ""Hướng biển"", ""1 giường đôi""]",62.0,2,2,1 giường đôi,Hướng biển,True,1,"[""https://owa.bestprice.vn/images/hotels/uploads/anya-premier-hotel-quy-nhon-647027c52f7dd.jpg"", ""https://owa.bestprice.vn/images/hotels/uploads/anya-premier-hotel-quy-nhon-647027c52fa03.jpg"", ""https://owa.bestprice.vn/images/hotels/uploads/anya-premier-hotel-quy-nhon-647027e5df487.jpg""]"
80c248dd5eb3,a930fc470f6f262779958a7a,https://www.bestprice.vn/khach-san/anya-premier-hotel-quy-nhon-1881.html,room_detail_8949_2_,Executive Suite,"[""92m 2"", ""2 người lớn, 2 trẻ em"", ""Hướng biển"", ""1 giường đôi""]",92.0,2,2,1 giường đôi,Hướng biển,True,1,"[""https://owa.bestprice.vn/images/hotels/uploads/anya-premier-hotel-quy-nhon-647027c52f97b.jpg"", ""https://owa.bestprice.vn/images/hotels/uploads/anya-premier-hotel-quy-nhon-647027e5dee29.jpg""]"
80c248dd5eb3,a930fc470f6f262779958a7a,https://www.bestprice.vn/khach-san/anya-premier-hotel-quy-nhon-1881.html,room_detail_8953_2_,Presidental Suite,"[""125m 2"", ""2 người lớn, 2 trẻ em"", ""Hướng biển"", ""1 giường lớn""]",125.0,2,2,1 giường lớn,Hướng biển,True,1,"[""https://owa.bestprice.vn/images/hotels/uploads/anya-premier-hotel-quy-nhon-647027e5df60d.jpg"", ""https://owa.bestprice.vn/images/hotels/uploads/anya-premier-hotel-quy-nhon-647027e5def0c.jpg""]"
80c248dd5eb3,aafc8061e515b13785e903a2,https://www.bestprice.vn/khach-san/the-mansion-hoi-an-1586.html,room_detail_7443_2_,Studio Trần Ái và Thi Du,"[""20m 2"", ""2 người lớn, 1 trẻ em"", ""Hướng vườn"", ""2 giường đơn / 1 giường đôi""]",20.0,2,1,2 giường đơn / 1 giường đôi,Hướng vườn,True,1,"[""https://owa.bestprice.vn/images/hotels/uploads/the-mansion-hoi-an-5e017c205f45f.jpg"", ""https://owa.bestprice.vn/images/hotels/uploads/the-mansion-hoi-an-5e017c205f320.jpg"", ""https://owa.bestprice.vn/images/hotels/uploads/the-mansion-hoi-an-5e017c205f63e.jpg"", ""https://owa.bestprice.vn/images/hotels/uploads/the-mansion-hoi-an-5e017c205f281.jpg""]"
80c248dd5eb3,aafc8061e515b13785e903a2,https://www.bestprice.vn/khach-san/the-mansion-hoi-an-1586.html,room_detail_7444_2_,Deluxe Vu Gia và An Hà,"[""20m 2"", ""2 người lớn, 1 trẻ em"", ""Hướng vườn"", ""1 giường lớn""]",20.0,2,1,1 giường lớn,Hướng vườn,,,"[""https://owa.bestprice.vn/images/hotels/uploads/the-mansion-hoi-an-5e017c205ed7e.jpg"", ""https://owa.bestprice.vn/images/hotels/uploads/the-mansion-hoi-an-5e017c205ee23.jpg"", ""https://owa.bestprice.vn/images/hotels/uploads/the-mansion-hoi-an-5e017c205eec3.jpg"", ""https://owa.bestprice.vn/images/hotels/uploads/the-mansion-hoi-an-5e017c205ecb4.jpg""]"
80c248dd5eb3,aafc8061e515b13785e903a2,https://www.bestprice.vn/khach-san/the-mansion-hoi-an-1586.html,room_detail_7442_4_,Family Twin An,"[""30m 2"", ""4 người lớn, 1 trẻ em"", ""Hướng vườn"", ""2 giường đôi""]",30.0,4,1,2 giường đôi,Hướng vườn,True,1,"[""https://owa.bestprice.vn/images/hotels/uploads/the-mansion-hoi-an-5e017c205ef62.jpg"", ""https://owa.bestprice.vn/images/hotels/uploads/the-mansion-hoi-an-5e017c205f0a1.jpg""]"
80c248dd5eb3,aafc8061e515b13785e903a2,https://www.bestprice.vn/khach-san/the-mansion-hoi-an-1586.html,room_detail_7445_2_,Premium Alex,"[""73m 2"", ""2 người lớn, 1 trẻ em"", ""Hướng hồ bơi"", ""1 giường lớn""]",73.0,2,1,1 giường lớn,Hướng hồ bơi,True,1,"[""https://owa.bestprice.vn/images/hotels/uploads/the-mansion-hoi-an-5d7ef0b5b54d8.jpg"", ""https://owa.bestprice.vn/images/hotels/uploads/the-mansion-hoi-an-5e017b60ba3b7.jpg"", ""https://owa.bestprice.vn/images/hotels/uploads/the-mansion-hoi-an-5d7ef0b5b57c6.jpg"", ""https://owa.bestprice.vn/images/hotels/uploads/the-mansion-hoi-an-5e017c205f833.jpg""]"
80c248dd5eb3,ab26d85f066b09aa26f1311e,https://www.bestprice.vn/khach-san/ha-long-plaza-136.html,room_detail_640_2_,Phòng Superior,"[""38m 2"", ""2 người lớn, 1 trẻ em"", ""Hướng biển"", ""2 giường đơn / 1 giường đôi""]",38.0,2,1,2 giường đơn / 1 giường đôi,Hướng biển,True,1,"[""https://owa.bestprice.vn/images/hotels/uploads/khach-san-ha-long-plaza-63eef8e2958ba.jpg"", ""https://owa.bestprice.vn/images/hotels/uploads/khach-san-ha-long-plaza-63eef90669576.jpg""]"
80c248dd5eb3,ab26d85f066b09aa26f1311e,https://www.bestprice.vn/khach-san/ha-long-plaza-136.html,room_detail_641_2_,Phòng Deluxe,"[""42m 2"", ""2 người lớn, 1 trẻ em"", ""Hướng biển"", ""2 giường đơn / 1 giường đôi""]",42.0,2,1,2 giường đơn / 1 giường đôi,Hướng biển,True,1,"[""https://owa.bestprice.vn/images/hotels/uploads/khach-san-ha-long-plaza-63eef8e2955b5.jpg"", ""https://owa.bestprice.vn/images/hotels/uploads/khach-san-ha-long-plaza-63eef8e295537.jpg""]"
80c248dd5eb3,ab26d85f066b09aa26f1311e,https://www.bestprice.vn/khach-san/ha-long-plaza-136.html,room_detail_643_2_,Phòng Junior Suite,"[""78m 2"", ""2 người lớn, 1 trẻ em"", ""Hướng biển"", ""1 giường đôi""]",78.0,2,1,1 giường đôi,Hướng biển,True,1,"[""https://owa.bestprice.vn/images/hotels/uploads/khach-san-ha-long-plaza-63eef8e29583b.jpg"", ""https://owa.bestprice.vn/images/hotels/uploads/khach-san-ha-long-plaza-63eef8e2957b2.jpg""]"
80c248dd5eb3,ab26d85f066b09aa26f1311e,https://www.bestprice.vn/khach-san/ha-long-plaza-136.html,room_detail_1461_2_,Phòng Executive Suite,"[""80m 2"", ""2 người lớn, 1 trẻ em"", ""Hướng biển"", ""1 giường đôi""]",80.0,2,1,1 giường đôi,Hướng biển,True,1,"[""https://owa.bestprice.vn/images/hotels/uploads/khach-san-ha-long-plaza-63eef8e2956b3.jpg"", ""https://owa.bestprice.vn/images/hotels/uploads/khach-san-ha-long-plaza-63eef8e295634.jpg""]"
80c248dd5eb3,ab26d85f066b09aa26f1311e,https://www.bestprice.vn/khach-san/ha-long-plaza-136.html,room_detail_1462_2_,Phòng Plaza Suite,"[""102m 2"", ""2 người lớn, 1 trẻ em"", ""Hướng biển"", ""1 giường đôi""]",102.0,2,1,1 giường đôi,Hướng biển,True,1,"[""https://owa.bestprice.vn/images/hotels/uploads/khach-san-ha-long-plaza-63eef906695f8.jpg"", ""https://owa.bestprice.vn/images/hotels/uploads/khach-san-ha-long-plaza-63eef8e295b36.jpg"", ""https://owa.bestprice.vn/images/hotels/uploads/khach-san-ha-long-plaza-63eef906694e6.jpg""]"
80c248dd5eb3,ab843b77bc65d3438eba12de,https://www.bestprice.vn/khach-san/swiss-village-resort-spa-mui-ne-898.html,room_detail_3821_2_,Phòng Superior,"[""30m 2"", ""2 người lớn, 2 trẻ em"", ""Hướng vườn"", ""2 giường đơn / 1 giường đôi""]",30.0,2,2,2 giường đơn / 1 giường đôi,Hướng vườn,True,1,"[""https://owa.bestprice.vn/images/hotels/uploads/swiss-village-resort-spa-mui-ne-64f7e5accdc0e.jpg"", ""https://owa.bestprice.vn/images/hotels/uploads/swiss-village-resort-spa-mui-ne-64f7e5accdcb7.jpg""]"
80c248dd5eb3,ab843b77bc65d3438eba12de,https://www.bestprice.vn/khach-san/swiss-village-resort-spa-mui-ne-898.html,room_detail_3822_2_,Phòng Deluxe,"[""32m 2"", ""2 người lớn, 2 trẻ em"", ""Hướng vườn"", ""2 giường đơn / 1 giường đôi""]",32.0,2,2,2 giường đơn / 1 giường đôi,Hướng vườn,True,1,"[""https://owa.bestprice.vn/images/hotels/uploads/swiss-village-resort-spa-mui-ne-64f7e5c679d34.jpg"", ""https://owa.bestprice.vn/images/hotels/uploads/swiss-village-resort-spa-mui-ne-64f7e5c679c99.jpg"", ""https://owa.bestprice.vn/images/hotels/uploads/swiss-village-resort-spa-mui-ne-64f7e5c679bef.jpg""]"
80c248dd5eb3,ab843b77bc65d3438eba12de,https://www.bestprice.vn/khach-san/swiss-village-resort-spa-mui-ne-898.html,room_detail_3825_2_,Phòng Deluxe Villa,"[""24m 2"", ""2 người lớn, 2 trẻ em"", ""Hướng vườn"", ""2 giường đơn / 1 giường đôi""]",24.0,2,2,2 giường đơn / 1 giường đôi,Hướng vườn,,,"[""https://owa.bestprice.vn/images/hotels/uploads/swiss-village-resort-spa-mui-ne-64f7e5db9fc24.jpg"", ""https://owa.bestprice.vn/images/hotels/uploads/swiss-village-resort-spa-mui-ne-64f7e5db9fb7b.jpg""]"
80c248dd5eb3,ab843b77bc65d3438eba12de,https://www.bestprice.vn/khach-san/swiss-village-resort-spa-mui-ne-898.html,room_detail_16296_2_,Phòng Deluxe Seaview,"[""32m 2"", ""2 người lớn, 2 trẻ em"", ""Hướng biển"", ""1 giường đôi""]",32.0,2,2,1 giường đôi,Hướng biển,True,1,"[""https://owa.bestprice.vn/images/hotels/uploads/swiss-village-resort-spa-mui-ne-64f7e5f63bb93.jpg"", ""https://owa.bestprice.vn/images/hotels/uploads/swiss-village-resort-spa-mui-ne-64f7e5f63bc3c.jpg""]"
80c248dd5eb3,ab843b77bc65d3438eba12de,https://www.bestprice.vn/khach-san/swiss-village-resort-spa-mui-ne-898.html,room_detail_3826_2_,Phòng Bungalow,"[""36m 2"", ""2 người lớn, 2 trẻ em"", ""Hướng vườn"", ""2 giường đơn / 1 giường đôi""]",36.0,2,2,2 giường đơn / 1 giường đôi,Hướng vườn,True,1,"[""https://owa.bestprice.vn/images/hotels/uploads/swiss-village-resort-spa-mui-ne-64f7e60b3a634.jpg"", ""https://owa.bestprice.vn/images/hotels/uploads/swiss-village-resort-spa-mui-ne-64f7e60b3a6dd.jpg"", ""https://owa.bestprice.vn/images/hotels/uploads/swiss-village-resort-spa-mui-ne-64f7e60b3a777.jpg"", ""https://owa.bestprice.vn/images/hotels/uploads/swiss-village-resort-spa-mui-ne-64f7e60b3a80e.jpg""]"
80c248dd5eb3,ab843b77bc65d3438eba12de,https://www.bestprice.vn/khach-san/swiss-village-resort-spa-mui-ne-898.html,room_detail_3827_2_,Phòng Studio,"[""47m 2"", ""2 người lớn, 2 trẻ em"", ""Hướng biển"", ""2 giường đơn / 1 giường đôi""]",47.0,2,2,2 giường đơn / 1 giường đôi,Hướng biển,True,1,"[""https://owa.bestprice.vn/images/hotels/uploads/swiss-village-resort-spa-mui-ne-64f7e61ab2b06.jpg"", ""https://owa.bestprice.vn/images/hotels/uploads/swiss-village-resort-spa-mui-ne-64f7e62919e27.jpg"", ""https://owa.bestprice.vn/images/hotels/uploads/swiss-village-resort-spa-mui-ne-64f7e62919ed0.jpg""]"
80c248dd5eb3,ab843b77bc65d3438eba12de,https://www.bestprice.vn/khach-san/swiss-village-resort-spa-mui-ne-898.html,room_detail_3829_2_,Phòng Junior Suite,"[""48m 2"", ""2 người lớn, 2 trẻ em"", ""Hướng vườn"", ""1 giường đôi""]",48.0,2,2,1 giường đôi,Hướng vườn,True,1,"[""https://owa.bestprice.vn/images/hotels/uploads/swiss-village-resort-spa-mui-ne-64f7e649de927.jpg"", ""https://owa.bestprice.vn/images/hotels/uploads/swiss-village-resort-spa-mui-ne-64f7e649de9ce.jpg"", ""https://owa.bestprice.vn/images/hotels/uploads/swiss-village-resort-spa-mui-ne-64f7e649dea68.jpg""]"
80c248dd5eb3,ab843b77bc65d3438eba12de,https://www.bestprice.vn/khach-san/swiss-village-resort-spa-mui-ne-898.html,room_detail_3830_4_,Phòng Executive Suite,"[""78m 2"", ""4 người lớn, 2 trẻ em"", ""Hướng biển"", ""1 Giường đôi & 1 Giường đơn""]",78.0,4,2,1 Giường đôi & 1 Giường đơn,Hướng biển,True,1,"[""https://owa.bestprice.vn/images/hotels/uploads/swiss-village-resort-spa-mui-ne-64f7e65a6e68a.jpg"", ""https://owa.bestprice.vn/images/hotels/uploads/swiss-village-resort-spa-mui-ne-64f7e65a6e7ae.jpg"", ""https://owa.bestprice.vn/images/hotels/uploads/swiss-village-resort-spa-mui-ne-64f7e65a6e849.jpg"", ""https://owa.bestprice.vn/images/hotels/uploads/swiss-village-resort-spa-mui-ne-64f7e65a6e8e1.jpg""]"
80c248dd5eb3,ab843b77bc65d3438eba12de,https://www.bestprice.vn/khach-san/swiss-village-resort-spa-mui-ne-898.html,room_detail_3831_6_,Family Villa,"[""140m 2"", ""6 người lớn, 2 trẻ em"", ""Hướng biển""]",140.0,6,2,Phòng cho phép kê thêm 1 giường phụ.,Hướng biển,True,1,"[""https://owa.bestprice.vn/images/hotels/uploads/swiss-village-resort-spa-mui-ne-64f7e66b28290.jpg"", ""https://owa.bestprice.vn/images/hotels/uploads/swiss-village-resort-spa-mui-ne-64f7e66b2833a.jpg""]"
80c248dd5eb3,ab843b77bc65d3438eba12de,https://www.bestprice.vn/khach-san/swiss-village-resort-spa-mui-ne-898.html,room_detail_3833_6_,Executive Family Villa,"[""154m 2"", ""6 người lớn, 2 trẻ em"", ""Hướng biển"", ""3 giường đôi""]",154.0,6,2,3 giường đôi,Hướng biển,True,1,"[""https://owa.bestprice.vn/images/hotels/uploads/swiss-village-resort-spa-mui-ne-64f7e68626b80.jpg"", ""https://owa.bestprice.vn/images/hotels/uploads/swiss-village-resort-spa-mui-ne-64f7e68626c2a.jpg"", ""https://owa.bestprice.vn/images/hotels/uploads/swiss-village-resort-spa-mui-ne-64f7e68626cc4.jpg""]"
80c248dd5eb3,acd378223ef67155cf64ab56,https://www.bestprice.vn/khach-san/chicland-hotel-da-nang-1681.html,room_detail_8111_2_,Cúc Tần,"[""27m 2"", ""2 người lớn, 2 trẻ em"", ""Hướng bãi biển"", ""2 giường đơn / 1 giường đôi""]",27.0,2,2,2 giường đơn / 1 giường đôi,Hướng bãi biển,,,"[""https://owa.bestprice.vn/images/hotels/uploads/chicland-hotel-da-nang-64547d2220145.jpg"", ""https://owa.bestprice.vn/images/hotels/uploads/chicland-hotel-da-nang-64547d2220245.jpg""]"
80c248dd5eb3,acd378223ef67155cf64ab56,https://www.bestprice.vn/khach-san/chicland-hotel-da-nang-1681.html,room_detail_8112_2_,Cúc Tần Ban Công,"[""30m 2"", ""2 người lớn, 2 trẻ em"", ""Hướng bãi biển"", ""2 giường đơn / 1 giường đôi""]",30.0,2,2,2 giường đơn / 1 giường đôi,Hướng bãi biển,,,"[""https://owa.bestprice.vn/images/hotels/uploads/chicland-hotel-da-nang-64547d22201c5.jpg"", ""https://owa.bestprice.vn/images/hotels/uploads/chicland-hotel-da-nang-64547cdd38e77.jpg""]"
80c248dd5eb3,acd378223ef67155cf64ab56,https://www.bestprice.vn/khach-san/chicland-hotel-da-nang-1681.html,room_detail_8113_2_,The Sứ,"[""27m 2"", ""2 người lớn, 2 trẻ em"", ""Hướng bãi biển"", ""2 giường đơn / 1 giường đôi""]",27.0,2,2,2 giường đơn / 1 giường đôi,Hướng bãi biển,,,"[""https://owa.bestprice.vn/images/hotels/uploads/chicland-hotel-da-nang-64547cdd3894d.jpg"", ""https://owa.bestprice.vn/images/hotels/uploads/chicland-hotel-da-nang-64547d22207f1.jpg""]"
80c248dd5eb3,acd378223ef67155cf64ab56,https://www.bestprice.vn/khach-san/chicland-hotel-da-nang-1681.html,room_detail_8114_2_,The Sứ Ban Công,"[""30m 2"", ""2 người lớn, 2 trẻ em"", ""Hướng bãi biển"", ""2 giường đơn / 1 giường đôi""]",30.0,2,2,2 giường đơn / 1 giường đôi,Hướng bãi biển,,,"[""https://owa.bestprice.vn/images/hotels/uploads/chicland-hotel-da-nang-64547cdd38ad7.jpg"", ""https://owa.bestprice.vn/images/hotels/uploads/chicland-hotel-da-nang-64547d22206f1.jpg""]"
80c248dd5eb3,acd378223ef67155cf64ab56,https://www.bestprice.vn/khach-san/chicland-hotel-da-nang-1681.html,room_detail_14774_2_,The Sứ Ocean,"[""29m 2"", ""2 người lớn, 2 trẻ em"", ""Hướng biển"", ""1 giường đôi""]",29.0,2,2,1 giường đôi,Hướng biển,,,"[""https://owa.bestprice.vn/images/hotels/uploads/chicland-hotel-da-nang-64547cdd388bf.jpg"", ""https://owa.bestprice.vn/images/hotels/uploads/chicland-hotel-da-nang-64547d2220771.jpg""]"
80c248dd5eb3,acd378223ef67155cf64ab56,https://www.bestprice.vn/khach-san/chicland-hotel-da-nang-1681.html,room_detail_14767_2_,Thiên Điểu,"[""44m 2"", ""2 người lớn, 2 trẻ em"", ""Hướng biển"", ""1 giường đôi""]",44.0,2,2,1 giường đôi,Hướng biển,,,"[""https://owa.bestprice.vn/images/hotels/uploads/chicland-hotel-da-nang-64547cdd38a58.jpg"", ""https://owa.bestprice.vn/images/hotels/uploads/chicland-hotel-da-nang-64547d2220871.jpg""]"
80c248dd5eb3,acd378223ef67155cf64ab56,https://www.bestprice.vn/khach-san/chicland-hotel-da-nang-1681.html,room_detail_14768_2_,Bàng Biển,"[""44m 2"", ""2 người lớn, 2 trẻ em"", ""Hướng biển"", ""1 giường đôi""]",44.0,2,2,1 giường đôi,Hướng biển,True,1,"[""https://owa.bestprice.vn/images/hotels/uploads/chicland-hotel-da-nang-64547d22200c3.jpg"", ""https://owa.bestprice.vn/images/hotels/uploads/chicland-hotel-da-nang-64547cdd38f75.jpg""]"
80c248dd5eb3,acd378223ef67155cf64ab56,https://www.bestprice.vn/khach-san/chicland-hotel-da-nang-1681.html,room_detail_14769_2_,Bàng Biển Ban Công,"[""58m 2"", ""2 người lớn, 2 trẻ em"", ""Hướng biển"", ""1 giường đôi""]",58.0,2,2,1 giường đôi,Hướng biển,True,1,"[""https://owa.bestprice.vn/images/hotels/uploads/chicland-hotel-da-nang-64547cdd38ef6.jpg"", ""https://owa.bestprice.vn/images/hotels/uploads/chicland-hotel-da-nang-64547d22204d4.jpg""]"
80c248dd5eb3,acd378223ef67155cf64ab56,https://www.bestprice.vn/khach-san/chicland-hotel-da-nang-1681.html,room_detail_14770_2_,Trúc Mây,"[""60m 2"", ""2 người lớn, 2 trẻ em"", ""Hướng biển"", ""1 giường đôi""]",60.0,2,2,1 giường đôi,Hướng biển,True,1,"[""https://owa.bestprice.vn/images/hotels/uploads/chicland-hotel-da-nang-64547cdd38be7.jpg"", ""https://owa.bestprice.vn/images/hotels/uploads/chicland-hotel-da-nang-64547d2220443.jpg"", ""https://owa.bestprice.vn/images/hotels/uploads/chicland-hotel-da-nang-64547d22208f1.jpg""]"
80c248dd5eb3,acd378223ef67155cf64ab56,https://www.bestprice.vn/khach-san/chicland-hotel-da-nang-1681.html,room_detail_14771_2_,Phong Ba,"[""82m 2"", ""2 người lớn, 2 trẻ em"", ""Hướng biển"", ""1 giường đôi""]",82.0,2,2,1 giường đôi,Hướng biển,True,1,"[""https://owa.bestprice.vn/images/hotels/uploads/chicland-hotel-da-nang-64547d2220034.jpg"", ""https://owa.bestprice.vn/images/hotels/uploads/chicland-hotel-da-nang-64547d22202c4.jpg"", ""https://owa.bestprice.vn/images/hotels/uploads/chicland-hotel-da-nang-64547d2220653.jpg""]"
80c248dd5eb3,acd378223ef67155cf64ab56,https://www.bestprice.vn/khach-san/chicland-hotel-da-nang-1681.html,room_detail_14772_4_,Nho Biển,"[""100m 2"", ""4 người lớn, 2 trẻ em"", ""Hướng biển"", ""2 giường đôi""]",100.0,4,2,2 giường đôi,Hướng biển,True,1,"[""https://owa.bestprice.vn/images/hotels/uploads/chicland-hotel-da-nang-64547cbc87834.jpg"", ""https://owa.bestprice.vn/images/hotels/uploads/chicland-hotel-da-nang-645480fb81bf1.jpg""]"
80c248dd5eb3,acd378223ef67155cf64ab56,https://www.bestprice.vn/khach-san/chicland-hotel-da-nang-1681.html,room_detail_14773_4_,Nho Biển Ocean,"[""115m 2"", ""4 người lớn, 2 trẻ em"", ""Hướng biển"", ""2 giường đôi""]",115.0,4,2,2 giường đôi,Hướng biển,True,1,"[""https://owa.bestprice.vn/images/hotels/uploads/chicland-hotel-da-nang-64547cdd389d6.jpg"", ""https://owa.bestprice.vn/images/hotels/uploads/chicland-hotel-da-nang-64547d2220555.jpg""]"
80c248dd5eb3,ad27511cab22865bfc6b3250,https://www.bestprice.vn/khach-san/xanh-villas-resort-spa-1540.html,room_detail_7169_8_,Deluxe Garden - 4 bedroom villa,"[""300m 2"", ""8 người lớn, 4 trẻ em"", ""Hướng vườn"", ""3 giường đôi""]",300.0,8,4,3 giường đôi,Hướng vườn,True,1,"[""https://owa.bestprice.vn/images/hotels/uploads/xanh-villas-resort-spa-64b6628ac85ef.jpg"", ""https://owa.bestprice.vn/images/hotels/uploads/xanh-villas-resort-spa-64b6628ac856d.jpg""]"
80c248dd5eb3,ad27511cab22865bfc6b3250,https://www.bestprice.vn/khach-san/xanh-villas-resort-spa-1540.html,room_detail_7171_6_,Executive Pool – 3 bedroom villa,"[""350m 2"", ""6 người lớn, 3 trẻ em"", ""Hướng vườn"", ""3 giường đôi""]",350.0,6,3,3 giường đôi,Hướng vườn,True,1,"[""https://owa.bestprice.vn/images/hotels/uploads/xanh-villas-resort-spa-64b6628ac8064.jpg"", ""https://owa.bestprice.vn/images/hotels/uploads/xanh-villas-resort-spa-64b6628ac80e6.jpg""]"
80c248dd5eb3,ada6832ee8d5818964f4fa57,https://www.bestprice.vn/khach-san/galliot-nha-trang-29.html,room_detail_5670_2_,Phòng Standard,"[""28m 2"", ""2 người lớn, 1 trẻ em"", ""1 giường đơn / 2 giường đơn / 1 giường đôi""]",28.0,2,1,1 giường đơn / 2 giường đơn / 1 giường đôi,,True,1,"[""https://owa.bestprice.vn/images/hotels/uploads/galliot-nha-trang-6482afcdd2c0c.jpg"", ""https://owa.bestprice.vn/images/hotels/uploads/galliot-nha-trang-6482afcdd2c81.jpg""]"
80c248dd5eb3,ada6832ee8d5818964f4fa57,https://www.bestprice.vn/khach-san/galliot-nha-trang-29.html,room_detail_144_2_,Phòng Superior,"[""28m 2"", ""2 người lớn, 1 trẻ em"", ""1 giường đơn / 2 giường đơn / 1 giường đôi""]",28.0,2,1,1 giường đơn / 2 giường đơn / 1 giường đôi,,True,1,"[""https://owa.bestprice.vn/images/hotels/uploads/galliot-nha-trang-6482b10e514f9.jpg"", ""https://owa.bestprice.vn/images/hotels/uploads/galliot-nha-trang-6482b10e5156e.jpg""]"
80c248dd5eb3,ada6832ee8d5818964f4fa57,https://www.bestprice.vn/khach-san/galliot-nha-trang-29.html,room_detail_145_2_,Phòng Deluxe City View,"[""30m 2"", ""2 người lớn, 1 trẻ em"", ""Hướng thành phố"", ""1 giường đơn / 2 giường đơn / 1 giường đôi""]",30.0,2,1,1 giường đơn / 2 giường đơn / 1 giường đôi,Hướng thành phố,True,1,"[""https://owa.bestprice.vn/images/hotels/uploads/galliot-nha-trang-6482b1de6d02f.jpg"", ""https://owa.bestprice.vn/images/hotels/uploads/galliot-nha-trang-6482b1de6cf92.jpg""]"
80c248dd5eb3,ada6832ee8d5818964f4fa57,https://www.bestprice.vn/khach-san/galliot-nha-trang-29.html,room_detail_146_2_,Phòng Senior Deluxe City View,"[""32m 2"", ""2 người lớn, 1 trẻ em"", ""Hướng thành phố"", ""1 giường đơn / 2 giường đơn / 1 giường đôi""]",32.0,2,1,1 giường đơn / 2 giường đơn / 1 giường đôi,Hướng thành phố,True,1,"[""https://owa.bestprice.vn/images/hotels/uploads/galliot-nha-trang-6482b2ad770da.jpg"", ""https://owa.bestprice.vn/images/hotels/uploads/galliot-nha-trang-6482b2ad77066.jpg""]"
80c248dd5eb3,ae1b39f487749deccf81154e,https://www.bestprice.vn/khach-san/pistachio-sapa-1510.html,room_detail_6922_2_,Superior City View,"[""38m 2"", ""2 người lớn, 2 trẻ em"", ""Hướng thành phố"", ""2 giường đơn / 1 giường đôi""]",38.0,2,2,2 giường đơn / 1 giường đôi,Hướng thành phố,True,1,"[""https://owa.bestprice.vn/images/hotels/uploads/khach-san-pistachio-sapa-64e4189a45ffe.jpg"", ""https://owa.bestprice.vn/images/hotels/uploads/khach-san-pistachio-sapa-64e4189a45ef6.jpg"", ""https://owa.bestprice.vn/images/hotels/uploads/khach-san-pistachio-sapa-64e4189a45f7b.jpg"", ""https://owa.bestprice.vn/images/hotels/uploads/khach-san-pistachio-sapa-64e4189a45e65.jpg""]"
80c248dd5eb3,ae1b39f487749deccf81154e,https://www.bestprice.vn/khach-san/pistachio-sapa-1510.html,room_detail_10035_2_,Superior Moutain View,"[""38m 2"", ""2 người lớn, 2 trẻ em"", ""Hướng núi"", ""2 giường đơn / 1 giường đôi""]",38.0,2,2,2 giường đơn / 1 giường đôi,Hướng núi,True,1,"[""https://owa.bestprice.vn/images/hotels/uploads/khach-san-pistachio-sapa-64e418c66f443.jpg"", ""https://owa.bestprice.vn/images/hotels/uploads/khach-san-pistachio-sapa-64e418c66f33c.jpg"", ""https://owa.bestprice.vn/images/hotels/uploads/khach-san-pistachio-sapa-64e418c66f3c0.jpg"", ""https://owa.bestprice.vn/images/hotels/uploads/khach-san-pistachio-sapa-64e418c66f2a2.jpg""]"
80c248dd5eb3,ae1b39f487749deccf81154e,https://www.bestprice.vn/khach-san/pistachio-sapa-1510.html,room_detail_6923_2_,Deluxe,"[""38m 2"", ""2 người lớn, 2 trẻ em"", ""Hướng núi"", ""2 giường đơn / 1 giường đôi""]",38.0,2,2,2 giường đơn / 1 giường đôi,Hướng núi,True,1,"[""https://owa.bestprice.vn/images/hotels/uploads/khach-san-pistachio-sapa-64e418d837ccf.jpg"", ""https://owa.bestprice.vn/images/hotels/uploads/khach-san-pistachio-sapa-64e4190c757f2.jpg"", ""https://owa.bestprice.vn/images/hotels/uploads/khach-san-pistachio-sapa-64e418d837c4a.jpg"", ""https://owa.bestprice.vn/images/hotels/uploads/khach-san-pistachio-sapa-64e418d837baa.jpg""]"
80c248dd5eb3,ae1b39f487749deccf81154e,https://www.bestprice.vn/khach-san/pistachio-sapa-1510.html,room_detail_6924_2_,Premier Deluxe,"[""38m 2"", ""2 người lớn, 2 trẻ em"", ""Hướng núi"", ""2 giường đơn / 1 giường đôi""]",38.0,2,2,2 giường đơn / 1 giường đôi,Hướng núi,True,1,"[""https://owa.bestprice.vn/images/hotels/uploads/khach-san-pistachio-sapa-64e41924b9611.jpg"", ""https://owa.bestprice.vn/images/hotels/uploads/khach-san-pistachio-sapa-64e41937363f0.jpg"", ""https://owa.bestprice.vn/images/hotels/uploads/khach-san-pistachio-sapa-64e419373648b.jpg"", ""https://owa.bestprice.vn/images/hotels/uploads/khach-san-pistachio-sapa-64e419373651e.jpg"", ""https://owa.bestprice.vn/images/hotels/uploads/khach-san-pistachio-sapa-64e4193736629.jpg""]"
80c248dd5eb3,ae1b39f487749deccf81154e,https://www.bestprice.vn/khach-san/pistachio-sapa-1510.html,room_detail_6926_2_,Executive Suite,"[""52m 2"", ""2 người lớn, 2 trẻ em"", ""Hướng núi"", ""1 giường lớn""]",52.0,2,2,1 giường lớn,Hướng núi,True,1,"[""https://owa.bestprice.vn/images/hotels/uploads/khach-san-pistachio-sapa-64e4194722c82.jpg"", ""https://owa.bestprice.vn/images/hotels/uploads/khach-san-pistachio-sapa-64e4194722d26.jpg"", ""https://owa.bestprice.vn/images/hotels/uploads/khach-san-pistachio-sapa-64e4194722e49.jpg"", ""https://owa.bestprice.vn/images/hotels/uploads/khach-san-pistachio-sapa-64e4194722ed8.jpg""]"
80c248dd5eb3,ae1b39f487749deccf81154e,https://www.bestprice.vn/khach-san/pistachio-sapa-1510.html,room_detail_7386_4_,Family Suite,"[""55m 2"", ""4 người lớn, 2 trẻ em"", ""Hướng vườn"", ""1 Giường đôi & 2 Giường đơn""]",55.0,4,2,1 Giường đôi & 2 Giường đơn,Hướng vườn,True,1,"[""https://owa.bestprice.vn/images/hotels/uploads/khach-san-pistachio-sapa-64e4195b50f95.jpg"", ""https://owa.bestprice.vn/images/hotels/uploads/khach-san-pistachio-sapa-64e4195b51042.jpg"", ""https://owa.bestprice.vn/images/hotels/uploads/khach-san-pistachio-sapa-64e4195b510c7.jpg"", ""https://owa.bestprice.vn/images/hotels/uploads/khach-san-pistachio-sapa-64e4195b51149.jpg"", ""https://owa.bestprice.vn/images/hotels/uploads/khach-san-pistachio-sapa-64e4195b511cd.jpg""]"
80c248dd5eb3,ae1b39f487749deccf81154e,https://www.bestprice.vn/khach-san/pistachio-sapa-1510.html,room_detail_7387_2_,Presidential Suite,"[""127m 2"", ""2 người lớn, 2 trẻ em"", ""Hướng núi"", ""1 giường lớn""]",127.0,2,2,1 giường lớn,Hướng núi,True,1,"[""https://owa.bestprice.vn/images/hotels/uploads/khach-san-pistachio-sapa-64e4196c63561.jpg"", ""https://owa.bestprice.vn/images/hotels/uploads/khach-san-pistachio-sapa-64e4196c635f4.jpg"", ""https://owa.bestprice.vn/images/hotels/uploads/khach-san-pistachio-sapa-64e4196c63678.jpg"", ""https://owa.bestprice.vn/images/hotels/uploads/khach-san-pistachio-sapa-64e4196c636fa.jpg"", ""https://owa.bestprice.vn/images/hotels/uploads/khach-san-pistachio-sapa-64e4196c63782.jpg"", ""https://owa.bestprice.vn/images/hotels/uploads/khach-san-pistachio-sapa-64e4196c63806.jpg""]"
80c248dd5eb3,ae355c74108af80d90c3c5f7,https://www.bestprice.vn/khach-san/lazure-resort-and-spa-phu-quoc-1664.html,room_detail_7840_2_,Deluxe Garden View,"[""31m 2"", ""2 người lớn, 2 trẻ em"", ""Hướng vườn"", ""2 giường đơn / 1 giường lớn""]",31.0,2,2,2 giường đơn / 1 giường lớn,Hướng vườn,True,1,"[""https://owa.bestprice.vn/images/hotels/uploads/lazure-resort-and-spa-phu-quoc-646eecd1f2680.jpg"", ""https://owa.bestprice.vn/images/hotels/uploads/lazure-resort-and-spa-phu-quoc-646eecd1f25d9.jpg""]"
80c248dd5eb3,ae355c74108af80d90c3c5f7,https://www.bestprice.vn/khach-san/lazure-resort-and-spa-phu-quoc-1664.html,room_detail_7841_2_,Deluxe Beach Front,"[""31m 2"", ""2 người lớn, 2 trẻ em"", ""Hướng bãi biển"", ""2 giường đơn / 1 giường lớn""]",31.0,2,2,2 giường đơn / 1 giường lớn,Hướng bãi biển,True,1,"[""https://owa.bestprice.vn/images/hotels/uploads/lazure-resort-and-spa-phu-quoc-646eede1536d9.jpg"", ""https://owa.bestprice.vn/images/hotels/uploads/lazure-resort-and-spa-phu-quoc-646eede15377c.jpg""]"
80c248dd5eb3,ae355c74108af80d90c3c5f7,https://www.bestprice.vn/khach-san/lazure-resort-and-spa-phu-quoc-1664.html,room_detail_7844_2_,Bungalow Garden View,"[""55m 2"", ""2 người lớn, 2 trẻ em"", ""Hướng vườn"", ""1 giường lớn""]",55.0,2,2,1 giường lớn,Hướng vườn,True,1,"[""https://owa.bestprice.vn/images/hotels/uploads/lazure-resort-and-spa-phu-quoc-646f024976e71.jpg"", ""https://owa.bestprice.vn/images/hotels/uploads/lazure-resort-and-spa-phu-quoc-646f024976f16.jpg""]"
80c248dd5eb3,ae355c74108af80d90c3c5f7,https://www.bestprice.vn/khach-san/lazure-resort-and-spa-phu-quoc-1664.html,room_detail_7842_2_,Executive Suite Garden View,"[""58m 2"", ""2 người lớn, 2 trẻ em"", ""Hướng vườn"", ""1 giường lớn""]",58.0,2,2,1 giường lớn,Hướng vườn,True,1,"[""https://owa.bestprice.vn/images/hotels/uploads/lazure-resort-and-spa-phu-quoc-646f047971233.jpg"", ""https://owa.bestprice.vn/images/hotels/uploads/lazure-resort-and-spa-phu-quoc-646f0479712d8.jpg""]"
80c248dd5eb3,ae355c74108af80d90c3c5f7,https://www.bestprice.vn/khach-san/lazure-resort-and-spa-phu-quoc-1664.html,room_detail_7843_2_,Bungalow With Jacuzzi,"[""55m 2"", ""2 người lớn, 2 trẻ em"", ""Hướng vườn"", ""1 giường lớn""]",55.0,2,2,1 giường lớn,Hướng vườn,True,1,"[""https://owa.bestprice.vn/images/hotels/uploads/lazure-resort-and-spa-phu-quoc-646f05b1b1240.jpg"", ""https://owa.bestprice.vn/images/hotels/uploads/lazure-resort-and-spa-phu-quoc-646f05b1b130f.jpg""]"
80c248dd5eb3,ae355c74108af80d90c3c5f7,https://www.bestprice.vn/khach-san/lazure-resort-and-spa-phu-quoc-1664.html,room_detail_11659_2_,Executive Suite Beach Front,"[""58m 2"", ""2 người lớn, 2 trẻ em"", ""Hướng bãi biển"", ""1 giường lớn""]",58.0,2,2,1 giường lớn,Hướng bãi biển,True,1,"[""https://owa.bestprice.vn/images/hotels/uploads/lazure-resort-and-spa-phu-quoc-646f06f9f14a9.jpg"", ""https://owa.bestprice.vn/images/hotels/uploads/lazure-resort-and-spa-phu-quoc-646f06f9f154f.jpg""]"
80c248dd5eb3,ae355c74108af80d90c3c5f7,https://www.bestprice.vn/khach-san/lazure-resort-and-spa-phu-quoc-1664.html,room_detail_7845_2_,Beach Front Villa With Private Pool,"[""93m 2"", ""2 người lớn, 2 trẻ em"", ""Hướng bãi biển"", ""1 giường lớn""]",93.0,2,2,1 giường lớn,Hướng bãi biển,,,"[""https://owa.bestprice.vn/images/hotels/uploads/lazure-resort-and-spa-phu-quoc-646f07e4c31dc.jpg"", ""https://owa.bestprice.vn/images/hotels/uploads/lazure-resort-and-spa-phu-quoc-646f07e4c3280.jpg""]"
80c248dd5eb3,ae7fe656e286af20aaaf32e0,https://www.bestprice.vn/khach-san/seahorse-resort-spa-phan-thiet-120.html,room_detail_555_2_,Deluxe Room,"[""34m 2"", ""2 người lớn, 1 trẻ em"", ""Hướng vườn"", ""2 giường đơn / 1 giường lớn""]",34.0,2,1,2 giường đơn / 1 giường lớn,Hướng vườn,True,1,[]
80c248dd5eb3,ae7fe656e286af20aaaf32e0,https://www.bestprice.vn/khach-san/seahorse-resort-spa-phan-thiet-120.html,room_detail_561_2_,Deluxe Garden View,"[""34m 2"", ""2 người lớn, 1 trẻ em"", ""Hướng vườn"", ""2 giường đơn / 1 giường lớn""]",34.0,2,1,2 giường đơn / 1 giường lớn,Hướng vườn,True,1,"[""https://owa.bestprice.vn/images/hotels/uploads/seahorse-resort-spa-phan-thiet-5f449816b7182.jpg""]"
80c248dd5eb3,ae7fe656e286af20aaaf32e0,https://www.bestprice.vn/khach-san/seahorse-resort-spa-phan-thiet-120.html,room_detail_556_2_,Deluxe Sea View,"[""32m 2"", ""2 người lớn, 1 trẻ em"", ""Hướng vườn"", ""1 giường lớn""]",32.0,2,1,1 giường lớn,Hướng vườn,True,1,"[""https://owa.bestprice.vn/images/hotels/uploads/seahorse-resort-spa-phan-thiet-5f4497d9b157d.jpg""]"
80c248dd5eb3,ae7fe656e286af20aaaf32e0,https://www.bestprice.vn/khach-san/seahorse-resort-spa-phan-thiet-120.html,room_detail_14305_2_,Deluxe Family,"[""64m 2"", ""2 người lớn, 1 trẻ em"", ""2 giường lớn""]",64.0,2,1,2 giường lớn,,True,1,"[""https://owa.bestprice.vn/images/hotels/uploads/seahorse-resort-spa-phan-thiet-5f449816b7212.jpg""]"
80c248dd5eb3,ae7fe656e286af20aaaf32e0,https://www.bestprice.vn/khach-san/seahorse-resort-spa-phan-thiet-120.html,room_detail_557_4_,Deluxe Family Garden View,"[""64m 2"", ""4 người lớn, 1 trẻ em"", ""Hướng vườn"", ""2 giường lớn""]",64.0,4,1,2 giường lớn,Hướng vườn,True,1,"[""https://owa.bestprice.vn/images/hotels/uploads/seahorse-resort-spa-phan-thiet-5f4497d9b1611.jpg""]"
80c248dd5eb3,ae7fe656e286af20aaaf32e0,https://www.bestprice.vn/khach-san/seahorse-resort-spa-phan-thiet-120.html,room_detail_558_4_,Deluxe Family Sea View,"[""64m 2"", ""4 người lớn, 1 trẻ em"", ""Hướng biển"", ""2 giường lớn""]",64.0,4,1,2 giường lớn,Hướng biển,True,1,"[""https://owa.bestprice.vn/images/hotels/uploads/seahorse-resort-spa-phan-thiet-5f449816b704e.jpg""]"
80c248dd5eb3,ae7fe656e286af20aaaf32e0,https://www.bestprice.vn/khach-san/seahorse-resort-spa-phan-thiet-120.html,room_detail_563_2_,Premium Deluxe Sea View,"[""64m 2"", ""2 người lớn, 1 trẻ em"", ""2 giường đơn / 1 giường đôi""]",64.0,2,1,2 giường đơn / 1 giường đôi,,True,1,"[""https://owa.bestprice.vn/images/hotels/uploads/seahorse-resort-spa-phan-thiet-5f449816b70ef.jpg""]"
80c248dd5eb3,ae7fe656e286af20aaaf32e0,https://www.bestprice.vn/khach-san/seahorse-resort-spa-phan-thiet-120.html,room_detail_559_2_,Bungalow Garden View,"[""32m 2"", ""2 người lớn, 1 trẻ em"", ""Hướng vườn"", ""1 giường lớn""]",32.0,2,1,1 giường lớn,Hướng vườn,True,1,"[""https://owa.bestprice.vn/images/hotels/uploads/seahorse-resort-spa-phan-thiet-5f4497aa7e5c9.jpg""]"
80c248dd5eb3,ae7fe656e286af20aaaf32e0,https://www.bestprice.vn/khach-san/seahorse-resort-spa-phan-thiet-120.html,room_detail_560_2_,Bungalow Pool View,"[""35m 2"", ""2 người lớn, 1 trẻ em"", ""Hướng hồ bơi"", ""1 giường lớn""]",35.0,2,1,1 giường lớn,Hướng hồ bơi,True,1,"[""https://owa.bestprice.vn/images/hotels/uploads/seahorse-resort-spa-phan-thiet-5f4497aa7e65e.jpg""]"
80c248dd5eb3,ae7fe656e286af20aaaf32e0,https://www.bestprice.vn/khach-san/seahorse-resort-spa-phan-thiet-120.html,room_detail_562_2_,Bungalow Sea View,"[""32m 2"", ""2 người lớn, 1 trẻ em"", ""Hướng biển"", ""1 giường lớn""]",32.0,2,1,1 giường lớn,Hướng biển,True,1,"[""https://owa.bestprice.vn/images/hotels/uploads/seahorse-resort-spa-phan-thiet-5f4497d9b13f8.jpg""]"
80c248dd5eb3,ae7fe656e286af20aaaf32e0,https://www.bestprice.vn/khach-san/seahorse-resort-spa-phan-thiet-120.html,room_detail_564_2_,Bungalow Beach Front,"[""40m 2"", ""2 người lớn, 1 trẻ em"", ""Hướng biển"", ""1 giường lớn""]",40.0,2,1,1 giường lớn,Hướng biển,True,1,"[""https://owa.bestprice.vn/images/hotels/uploads/seahorse-resort-spa-phan-thiet-5f4497aa7e535.jpg""]"
80c248dd5eb3,b186b02d348c37d8414291e7,https://www.bestprice.vn/khach-san/radisson-blu-resort-phu-quoc-1895.html,room_detail_9073_2_,Deluxe Room,"[""45m 2"", ""2 người lớn, 2 trẻ em"", ""Hướng vườn"", ""2 giường đơn / 1 giường lớn""]",45.0,2,2,2 giường đơn / 1 giường lớn,Hướng vườn,,,"[""https://owa.bestprice.vn/images/hotels/uploads/radisson-blu-resort-phu-quoc-647d4b68f41ae.jpg"", ""https://owa.bestprice.vn/images/hotels/uploads/radisson-blu-resort-phu-quoc-647d4b68f411d.jpg""]"
80c248dd5eb3,b186b02d348c37d8414291e7,https://www.bestprice.vn/khach-san/radisson-blu-resort-phu-quoc-1895.html,room_detail_20558_2_,Deluxe mountain view,"[""45m 2"", ""2 người lớn, 2 trẻ em"", ""Hướng núi"", ""2 giường đơn / 1 giường đôi""]",45.0,2,2,2 giường đơn / 1 giường đôi,Hướng núi,,,"[""https://owa.bestprice.vn/images/hotels/uploads/radisson-blu-resort-phu-quoc-6666d002a05b5.jpeg""]"
80c248dd5eb3,b186b02d348c37d8414291e7,https://www.bestprice.vn/khach-san/radisson-blu-resort-phu-quoc-1895.html,room_detail_20559_2_,Deluxe pool view,"[""45m 2"", ""2 người lớn, 2 trẻ em"", ""Hướng hồ bơi"", ""2 giường đơn / 1 giường đôi""]",45.0,2,2,2 giường đơn / 1 giường đôi,Hướng hồ bơi,,,"[""https://owa.bestprice.vn/images/hotels/uploads/radisson-blu-resort-phu-quoc-6666cfd4c69a4.jpeg""]"
80c248dd5eb3,b186b02d348c37d8414291e7,https://www.bestprice.vn/khach-san/radisson-blu-resort-phu-quoc-1895.html,room_detail_9075_2_,Deluxe Seaview,"[""45m 2"", ""2 người lớn, 2 trẻ em"", ""Hướng biển"", ""2 giường đơn / 1 giường lớn""]",45.0,2,2,2 giường đơn / 1 giường lớn,Hướng biển,,,"[""https://owa.bestprice.vn/images/hotels/uploads/radisson-blu-resort-phu-quoc-647d4b68f423e.jpg"", ""https://owa.bestprice.vn/images/hotels/uploads/radisson-blu-resort-phu-quoc-647d4b6900097.jpg""]"
80c248dd5eb3,b186b02d348c37d8414291e7,https://www.bestprice.vn/khach-san/radisson-blu-resort-phu-quoc-1895.html,room_detail_9079_2_,One Bedroom Suite,"[""90m 2"", ""2 người lớn, 2 trẻ em"", ""Hướng hồ bơi"", ""1 giường lớn""]",90.0,2,2,1 giường lớn,Hướng hồ bơi,,,"[""https://owa.bestprice.vn/images/hotels/uploads/radisson-blu-resort-phu-quoc-647d4b6900135.jpg"", ""https://owa.bestprice.vn/images/hotels/uploads/radisson-blu-resort-phu-quoc-647d4b69001d0.jpg""]"
80c248dd5eb3,b186b02d348c37d8414291e7,https://www.bestprice.vn/khach-san/radisson-blu-resort-phu-quoc-1895.html,room_detail_9081_2_,Sea view Suite,"[""105m 2"", ""2 người lớn, 2 trẻ em"", ""Hướng hồ bơi"", ""1 giường lớn""]",105.0,2,2,1 giường lớn,Hướng hồ bơi,,,"[""https://owa.bestprice.vn/images/hotels/uploads/radisson-blu-resort-phu-quoc-647d4db12df95.jpg"", ""https://owa.bestprice.vn/images/hotels/uploads/radisson-blu-resort-phu-quoc-647d4db12e035.jpg""]"
80c248dd5eb3,b186b02d348c37d8414291e7,https://www.bestprice.vn/khach-san/radisson-blu-resort-phu-quoc-1895.html,room_detail_19693_3_,One bedroom Apartment,"[""105m 2"", ""3 người lớn, 2 trẻ em"", ""1 Giường đôi & 2 Giường đơn""]",105.0,3,2,1 Giường đôi & 2 Giường đơn,,,,"[""https://owa.bestprice.vn/images/hotels/uploads/radisson-blu-resort-phu-quoc-647d4db12e2fd.jpg"", ""https://owa.bestprice.vn/images/hotels/uploads/radisson-blu-resort-phu-quoc-647d4db12e389.jpg""]"
80c248dd5eb3,b186b02d348c37d8414291e7,https://www.bestprice.vn/khach-san/radisson-blu-resort-phu-quoc-1895.html,room_detail_9083_4_,Two Bedroom Villa,"[""165m 2"", ""4 người lớn, 4 trẻ em"", ""Hướng bãi biển"", ""1 Giường đôi & 2 Giường đơn""]",165.0,4,4,1 Giường đôi & 2 Giường đơn,Hướng bãi biển,,,"[""https://owa.bestprice.vn/images/hotels/uploads/radisson-blu-resort-phu-quoc-647d4edf97ef6.jpg"", ""https://owa.bestprice.vn/images/hotels/uploads/radisson-blu-resort-phu-quoc-647d4edf97f96.jpg""]"
80c248dd5eb3,b186b02d348c37d8414291e7,https://www.bestprice.vn/khach-san/radisson-blu-resort-phu-quoc-1895.html,room_detail_9085_6_,Three Bedroom Villa,"[""252m 2"", ""6 người lớn, 4 trẻ em"", ""Hướng bãi biển"", ""1 Giường đôi & 2 Giường đơn""]",252.0,6,4,1 Giường đôi & 2 Giường đơn,Hướng bãi biển,,,"[""https://owa.bestprice.vn/images/hotels/uploads/radisson-blu-resort-phu-quoc-647d4edf98026.jpg"", ""https://owa.bestprice.vn/images/hotels/uploads/radisson-blu-resort-phu-quoc-647d4edf980b4.jpg""]"
80c248dd5eb3,b186b02d348c37d8414291e7,https://www.bestprice.vn/khach-san/radisson-blu-resort-phu-quoc-1895.html,room_detail_9087_10_,Six Bedroom Villa,"[""635m 2"", ""10 người lớn, 5 trẻ em"", ""Hướng vườn"", ""3 giường đôi""]",635.0,10,5,3 giường đôi,Hướng vườn,,,"[""https://owa.bestprice.vn/images/hotels/uploads/radisson-blu-resort-phu-quoc-647d4edf98141.jpg"", ""https://owa.bestprice.vn/images/hotels/uploads/radisson-blu-resort-phu-quoc-647d4edf981ce.jpg""]"
80c248dd5eb3,b45e0e00a1296b1eb2c1a24a,https://www.bestprice.vn/khach-san/hoi-an-beach-resort-10.html,room_detail_5751_2_,Phòng Standard,"[""40m 2"", ""2 người lớn, 2 trẻ em"", ""Hướng vườn"", ""2 giường đơn""]",40.0,2,2,2 giường đơn,Hướng vườn,True,1,"[""https://owa.bestprice.vn/images/hotels/uploads/hoi-an-beach-resort-5f3a9290757d1.jpg""]"
80c248dd5eb3,b45e0e00a1296b1eb2c1a24a,https://www.bestprice.vn/khach-san/hoi-an-beach-resort-10.html,room_detail_5752_2_,Phòng Superior,"[""40m 2"", ""2 người lớn, 2 trẻ em"", ""Hướng vườn"", ""2 giường đơn / 1 giường đôi""]",40.0,2,2,2 giường đơn / 1 giường đôi,Hướng vườn,True,1,"[""https://owa.bestprice.vn/images/hotels/uploads/hoi-an-beach-resort-5f3a944cc0c55.jpg"", ""https://owa.bestprice.vn/images/hotels/uploads/hoi-an-beach-resort-5f3a94a953435.jpg""]"
80c248dd5eb3,b45e0e00a1296b1eb2c1a24a,https://www.bestprice.vn/khach-san/hoi-an-beach-resort-10.html,room_detail_33_2_,Phòng Deluxe Hướng Vườn,"[""36m 2"", ""2 người lớn, 2 trẻ em"", ""Hướng vườn"", ""1 giường đôi""]",36.0,2,2,1 giường đôi,Hướng vườn,True,1,"[""https://owa.bestprice.vn/images/hotels/uploads/hoi-an-beach-resort-5f3a950dd05dd.jpg""]"
80c248dd5eb3,b45e0e00a1296b1eb2c1a24a,https://www.bestprice.vn/khach-san/hoi-an-beach-resort-10.html,room_detail_34_2_,Phòng Deluxe Hướng Sông,"[""45m 2"", ""2 người lớn, 2 trẻ em"", ""Hướng sông"", ""2 giường đơn / 1 giường đôi""]",45.0,2,2,2 giường đơn / 1 giường đôi,Hướng sông,True,1,"[""https://owa.bestprice.vn/images/hotels/uploads/hoi-an-beach-resort-5f3a978f5db8b.jpg"", ""https://owa.bestprice.vn/images/hotels/uploads/hoi-an-beach-resort-5f3a96e18d3e6.jpg""]"
80c248dd5eb3,b45e0e00a1296b1eb2c1a24a,https://www.bestprice.vn/khach-san/hoi-an-beach-resort-10.html,room_detail_5753_2_,Phòng Grand Deluxe,"[""55m 2"", ""2 người lớn, 2 trẻ em"", ""Hướng vườn"", ""2 giường đơn""]",55.0,2,2,2 giường đơn,Hướng vườn,True,1,"[""https://owa.bestprice.vn/images/hotels/uploads/hoi-an-beach-resort-62c8ff2219d1d.jpg""]"
80c248dd5eb3,b45e0e00a1296b1eb2c1a24a,https://www.bestprice.vn/khach-san/hoi-an-beach-resort-10.html,room_detail_36_2_,Phòng Grand Deluxe Hướng Sông,"[""55m 2"", ""2 người lớn, 2 trẻ em"", ""Hướng sông"", ""1 giường đôi""]",55.0,2,2,1 giường đôi,Hướng sông,True,1,"[""https://owa.bestprice.vn/images/hotels/uploads/hoi-an-beach-resort-62c8ff2219ca6.jpg""]"
80c248dd5eb3,b45e0e00a1296b1eb2c1a24a,https://www.bestprice.vn/khach-san/hoi-an-beach-resort-10.html,room_detail_38_2_,Phòng Family Suite Hướng Sông,"[""110m 2"", ""2 người lớn, 2 trẻ em"", ""Hướng sông"", ""1 Giường đôi & 2 Giường đơn""]",110.0,2,2,1 Giường đôi & 2 Giường đơn,Hướng sông,,,"[""https://owa.bestprice.vn/images/hotels/uploads/hoi-an-beach-resort-5f3aa0752ddf9.jpg""]"
80c248dd5eb3,b4a94048dda375c215f6f795,https://www.bestprice.vn/khach-san/sea-hamony-quy-nhon-1777.html,room_detail_8451_2_,Standard Double,"[""24m 2"", ""2 người lớn, 1 trẻ em"", ""1 giường đôi""]",24.0,2,1,1 giường đôi,,True,1,"[""https://owa.bestprice.vn/images/hotels/uploads/sea-harmony-hotel-quy-nhon-64915ab975b65.jpg"", ""https://owa.bestprice.vn/images/hotels/uploads/sea-harmony-hotel-quy-nhon-64915ab975c0a.jpg""]"
80c248dd5eb3,b4a94048dda375c215f6f795,https://www.bestprice.vn/khach-san/sea-hamony-quy-nhon-1777.html,room_detail_19672_2_,Standard Twin,"[""24m 2"", ""2 người lớn, 1 trẻ em"", ""2 giường đơn""]",24.0,2,1,2 giường đơn,,True,1,"[""https://owa.bestprice.vn/images/hotels/uploads/sea-harmony-hotel-quy-nhon-64915bec3c214.jpg"", ""https://owa.bestprice.vn/images/hotels/uploads/sea-harmony-hotel-quy-nhon-64915bec3c16c.jpg""]"
80c248dd5eb3,b4a94048dda375c215f6f795,https://www.bestprice.vn/khach-san/sea-hamony-quy-nhon-1777.html,room_detail_8452_2_,Deluxe Double,"[""30m 2"", ""2 người lớn, 1 trẻ em"", ""1 giường lớn""]",30.0,2,1,1 giường lớn,,True,1,"[""https://owa.bestprice.vn/images/hotels/uploads/sea-harmony-hotel-quy-nhon-6491575e94dd8.jpg"", ""https://owa.bestprice.vn/images/hotels/uploads/sea-harmony-hotel-quy-nhon-6491575e94e70.jpg""]"
80c248dd5eb3,b4a94048dda375c215f6f795,https://www.bestprice.vn/khach-san/sea-hamony-quy-nhon-1777.html,room_detail_8453_2_,Deluxe Twin,"[""35m 2"", ""2 người lớn, 1 trẻ em"", ""2 giường đơn""]",35.0,2,1,2 giường đơn,,True,1,"[""https://owa.bestprice.vn/images/hotels/uploads/sea-harmony-hotel-quy-nhon-6491594c8aaa6.jpg"", ""https://owa.bestprice.vn/images/hotels/uploads/sea-harmony-hotel-quy-nhon-6491594c8aa02.jpg""]"
80c248dd5eb3,b4a94048dda375c215f6f795,https://www.bestprice.vn/khach-san/sea-hamony-quy-nhon-1777.html,room_detail_19673_3_,Family,"[""35m 2"", ""3 người lớn, 1 trẻ em"", ""3 giường đơn""]",35.0,3,1,3 giường đơn,,True,1,"[""https://owa.bestprice.vn/images/hotels/uploads/sea-harmony-hotel-quy-nhon-6478047536aa5.jpg"", ""https://owa.bestprice.vn/images/hotels/uploads/sea-harmony-hotel-quy-nhon-64915c8e02c3e.jpg""]"
80c248dd5eb3,b6738e59b347b3fc1f657671,https://www.bestprice.vn/khach-san/seaside-boutique-resort-quy-nhon-1642.html,room_detail_7729_2_,Phòng Deluxe,"[""35m 2"", ""2 người lớn, 2 trẻ em"", ""Hướng biển"", ""1 giường đôi""]",35.0,2,2,1 giường đôi,Hướng biển,True,1,"[""https://owa.bestprice.vn/images/hotels/uploads/seaside-boutique-resort-quy-nhon-6478241d36222.jpg"", ""https://owa.bestprice.vn/images/hotels/uploads/seaside-boutique-resort-quy-nhon-6478241d35f1c.jpg""]"
80c248dd5eb3,b6738e59b347b3fc1f657671,https://www.bestprice.vn/khach-san/seaside-boutique-resort-quy-nhon-1642.html,room_detail_7731_2_,Phòng Grand Deluxe,"[""38m 2"", ""2 người lớn, 2 trẻ em"", ""Hướng biển"", ""2 giường đơn / 1 giường đôi""]",38.0,2,2,2 giường đơn / 1 giường đôi,Hướng biển,True,1,"[""https://owa.bestprice.vn/images/hotels/uploads/seaside-boutique-resort-quy-nhon-64782444156ef.jpg"", ""https://owa.bestprice.vn/images/hotels/uploads/seaside-boutique-resort-quy-nhon-64782444158b1.jpg""]"
80c248dd5eb3,b6738e59b347b3fc1f657671,https://www.bestprice.vn/khach-san/seaside-boutique-resort-quy-nhon-1642.html,room_detail_7733_2_,Phòng Executive,"[""40m 2"", ""2 người lớn, 2 trẻ em"", ""Hướng biển"", ""1 giường đôi""]",40.0,2,2,1 giường đôi,Hướng biển,True,1,"[""https://owa.bestprice.vn/images/hotels/uploads/seaside-boutique-resort-quy-nhon-6478241d36503.jpg"", ""https://owa.bestprice.vn/images/hotels/uploads/seaside-boutique-resort-quy-nhon-647824441564a.jpg"", ""https://owa.bestprice.vn/images/hotels/uploads/seaside-boutique-resort-quy-nhon-64782460ba02b.jpg""]"
80c248dd5eb3,b6738e59b347b3fc1f657671,https://www.bestprice.vn/khach-san/seaside-boutique-resort-quy-nhon-1642.html,room_detail_7735_2_,Phòng VIP Suite,"[""78m 2"", ""2 người lớn, 2 trẻ em"", ""Hướng bãi biển"", ""1 giường đôi""]",78.0,2,2,1 giường đôi,Hướng bãi biển,,,"[""https://owa.bestprice.vn/images/hotels/uploads/seaside-boutique-resort-quy-nhon-6478241d360ea.jpg"", ""https://owa.bestprice.vn/images/hotels/uploads/seaside-boutique-resort-quy-nhon-6478244415786.jpg"", ""https://owa.bestprice.vn/images/hotels/uploads/seaside-boutique-resort-quy-nhon-647824441595a.jpg""]"
80c248dd5eb3,b6738e59b347b3fc1f657671,https://www.bestprice.vn/khach-san/seaside-boutique-resort-quy-nhon-1642.html,room_detail_7736_2_,Boutique Villa One Bedroom,"[""85m 2"", ""2 người lớn, 2 trẻ em"", ""Hướng vườn"", ""1 giường đôi""]",85.0,2,2,1 giường đôi,Hướng vườn,,,"[""https://owa.bestprice.vn/images/hotels/uploads/seaside-boutique-resort-quy-nhon-6478241d36055.jpg"", ""https://owa.bestprice.vn/images/hotels/uploads/seaside-boutique-resort-quy-nhon-64782460ba0c0.jpg""]"
80c248dd5eb3,b6738e59b347b3fc1f657671,https://www.bestprice.vn/khach-san/seaside-boutique-resort-quy-nhon-1642.html,room_detail_7738_4_,Premier Villa Two Bedroom,"[""95m 2"", ""4 người lớn, 2 trẻ em"", ""Hướng vườn"", ""1 Giường đôi & 2 Giường đơn""]",95.0,4,2,1 Giường đôi & 2 Giường đơn,Hướng vườn,,,"[""https://owa.bestprice.vn/images/hotels/uploads/seaside-boutique-resort-quy-nhon-64782460ba153.jpg"", ""https://owa.bestprice.vn/images/hotels/uploads/seaside-boutique-resort-quy-nhon-64782460b9ed5.jpg"", ""https://owa.bestprice.vn/images/hotels/uploads/seaside-boutique-resort-quy-nhon-6478244415a26.jpg""]"
80c248dd5eb3,b6738e59b347b3fc1f657671,https://www.bestprice.vn/khach-san/seaside-boutique-resort-quy-nhon-1642.html,room_detail_7739_4_,Renaissance Villa Two Bedroom,"[""100m 2"", ""4 người lớn, 2 trẻ em"", ""Hướng vườn"", ""1 Giường đôi & 2 Giường đơn""]",100.0,4,2,1 Giường đôi & 2 Giường đơn,Hướng vườn,,,"[""https://owa.bestprice.vn/images/hotels/uploads/seaside-boutique-resort-quy-nhon-6478241d3618d.jpg"", ""https://owa.bestprice.vn/images/hotels/uploads/seaside-boutique-resort-quy-nhon-6478244415abc.jpg""]"
80c248dd5eb3,b732e10ed1048eb8e5490117,https://www.bestprice.vn/khach-san/melia-vinpearl-cam-ranh-beach-resort-1389.html,room_detail_18753_2_,Bedroom Villa 1 with Private Pool (Lake view),"[""90m 2"", ""2 người lớn, 2 trẻ em"", ""Hướng hồ"", ""2 giường đơn / 1 giường đôi""]",90.0,2,2,2 giường đơn / 1 giường đôi,Hướng hồ,,,"[""https://owa.bestprice.vn/images/hotels/uploads/melia-vinpearl-cam-ranh-beach-resort-6379da0192386.jpg""]"
80c248dd5eb3,b732e10ed1048eb8e5490117,https://www.bestprice.vn/khach-san/melia-vinpearl-cam-ranh-beach-resort-1389.html,room_detail_5980_4_,Bedroom Villa 2 with Private Pool (Garden view),"[""188m 2"", ""4 người lớn, 4 trẻ em"", ""Hướng vườn"", ""1 Giường đôi & 2 Giường đơn""]",188.0,4,4,1 Giường đôi & 2 Giường đơn,Hướng vườn,,,"[""https://owa.bestprice.vn/images/hotels/uploads/melia-vinpearl-cam-ranh-beach-resort-633d35dcb2554.jpg"", ""https://owa.bestprice.vn/images/hotels/uploads/melia-vinpearl-cam-ranh-beach-resort-633d35fc28f4e.jpg"", ""https://owa.bestprice.vn/images/hotels/uploads/melia-vinpearl-cam-ranh-beach-resort-633d35dcb28fd.jpg""]"
80c248dd5eb3,b732e10ed1048eb8e5490117,https://www.bestprice.vn/khach-san/melia-vinpearl-cam-ranh-beach-resort-1389.html,room_detail_5981_6_,Bedroom Villa 3 with Private Pool (Garden view),"[""152m 2"", ""6 người lớn, 5 trẻ em"", ""Hướng vườn"", ""3 giường đôi""]",152.0,6,5,3 giường đôi,Hướng vườn,,,"[""https://owa.bestprice.vn/images/hotels/uploads/melia-vinpearl-cam-ranh-beach-resort-6379dae88f53c.jpg""]"
80c248dd5eb3,b732e10ed1048eb8e5490117,https://www.bestprice.vn/khach-san/melia-vinpearl-cam-ranh-beach-resort-1389.html,room_detail_18754_6_,Bedroom Villa 3 with Private Pool (Lake view),"[""152m 2"", ""6 người lớn, 5 trẻ em"", ""Hướng hồ"", ""3 giường đôi""]",152.0,6,5,3 giường đôi,Hướng hồ,,,"[""https://owa.bestprice.vn/images/hotels/uploads/melia-vinpearl-cam-ranh-beach-resort-633d364e65ac8.jpg""]"
80c248dd5eb3,b732e10ed1048eb8e5490117,https://www.bestprice.vn/khach-san/melia-vinpearl-cam-ranh-beach-resort-1389.html,room_detail_5982_6_,THE LEVEL-3 Bedroom Villa with Private Pool ( Ocean View),"[""206m 2"", ""6 người lớn, 5 trẻ em"", ""Hướng biển"", ""3 giường đôi""]",206.0,6,5,3 giường đôi,Hướng biển,,,"[""https://owa.bestprice.vn/images/hotels/uploads/melia-vinpearl-cam-ranh-beach-resort-6379da8814350.jpg"", ""https://owa.bestprice.vn/images/hotels/uploads/melia-vinpearl-cam-ranh-beach-resort-633d35dcb236a.jpg""]"
80c248dd5eb3,b732e10ed1048eb8e5490117,https://www.bestprice.vn/khach-san/melia-vinpearl-cam-ranh-beach-resort-1389.html,room_detail_20350_8_,THE LEVEL-3 Bedroom Villa with Private Pool ( Beachfront),"[""200m 2"", ""8 người lớn, 5 trẻ em"", ""3 giường đơn""]",200.0,8,5,3 giường đơn,,,,[]
80c248dd5eb3,b732e10ed1048eb8e5490117,https://www.bestprice.vn/khach-san/melia-vinpearl-cam-ranh-beach-resort-1389.html,room_detail_5983_8_,Bedroom Villa 4 with Private Pool(Lake view),"[""162m 2"", ""8 người lớn, 5 trẻ em"", ""Hướng hồ"", ""3 giường đôi""]",162.0,8,5,3 giường đôi,Hướng hồ,,,"[""https://owa.bestprice.vn/images/hotels/uploads/melia-vinpearl-cam-ranh-beach-resort-633d35fc29086.jpg"", ""https://owa.bestprice.vn/images/hotels/uploads/melia-vinpearl-cam-ranh-beach-resort-633d35dcb268d.jpg"", ""https://owa.bestprice.vn/images/hotels/uploads/melia-vinpearl-cam-ranh-beach-resort-633d35fc28eb0.jpg""]"
80c248dd5eb3,b893362b559eb5046965f365,https://www.bestprice.vn/khach-san/vinpearl-resort-spa-phu-quoc-1342.html,room_detail_5662_2_,Deluxe King Room,"[""46m 2"", ""2 người lớn, 2 trẻ em"", ""Hướng vườn"", ""1 giường đôi""]",46.0,2,2,1 giường đôi,Hướng vườn,True,1,"[""https://owa.bestprice.vn/images/hotels/uploads/vinpearl-resort-spa-phu-quoc-65cf25eba98e4.jpg"", ""https://owa.bestprice.vn/images/hotels/uploads/vinpearl-resort-spa-phu-quoc-65cf25eba9ab3.jpg""]"
80c248dd5eb3,b893362b559eb5046965f365,https://www.bestprice.vn/khach-san/vinpearl-resort-spa-phu-quoc-1342.html,room_detail_20288_2_,Deluxe Twin Room,"[""46m 2"", ""2 người lớn, 2 trẻ em"", ""Hướng vườn"", ""2 giường đơn""]",46.0,2,2,2 giường đơn,Hướng vườn,True,1,"[""https://owa.bestprice.vn/images/hotels/uploads/vinpearl-resort-spa-phu-quoc-65cf25eba998b.jpg"", ""https://owa.bestprice.vn/images/hotels/uploads/vinpearl-resort-spa-phu-quoc-65cf25eba9bd7.jpg""]"
80c248dd5eb3,b893362b559eb5046965f365,https://www.bestprice.vn/khach-san/vinpearl-resort-spa-phu-quoc-1342.html,room_detail_5664_2_,Deluxe King Ocean View,"[""46m 2"", ""2 người lớn, 2 trẻ em"", ""Hướng biển"", ""1 giường đôi""]",46.0,2,2,1 giường đôi,Hướng biển,True,1,"[""https://owa.bestprice.vn/images/hotels/uploads/vinpearl-resort-spa-phu-quoc-65cf25eba9a1f.jpg"", ""https://owa.bestprice.vn/images/hotels/uploads/vinpearl-resort-spa-phu-quoc-65cf25eba9c69.jpg""]"
80c248dd5eb3,b893362b559eb5046965f365,https://www.bestprice.vn/khach-san/vinpearl-resort-spa-phu-quoc-1342.html,room_detail_20289_2_,Deluxe Twin Ocean View,"[""46m 2"", ""2 người lớn, 2 trẻ em"", ""Hướng biển"", ""2 giường đơn""]",46.0,2,2,2 giường đơn,Hướng biển,True,1,"[""https://owa.bestprice.vn/images/hotels/uploads/vinpearl-resort-spa-phu-quoc-65cf25eba9b45.jpg"", ""https://owa.bestprice.vn/images/hotels/uploads/vinpearl-resort-spa-phu-quoc-65cf25eba9cfa.jpg""]"
80c248dd5eb3,b893362b559eb5046965f365,https://www.bestprice.vn/khach-san/vinpearl-resort-spa-phu-quoc-1342.html,room_detail_5667_2_,Junior Suite King,"[""86m 2"", ""2 người lớn, 2 trẻ em"", ""Hướng vườn"", ""1 giường lớn""]",86.0,2,2,1 giường lớn,Hướng vườn,True,1,"[""https://owa.bestprice.vn/images/hotels/uploads/vinpearl-resort-spa-phu-quoc-634fc83724467.jpg"", ""https://owa.bestprice.vn/images/hotels/uploads/vinpearl-resort-spa-phu-quoc-634fc837243be.jpg""]"
80c248dd5eb3,b893362b559eb5046965f365,https://www.bestprice.vn/khach-san/vinpearl-resort-spa-phu-quoc-1342.html,room_detail_5669_2_,Executive Suite King Ocean View,"[""96m 2"", ""2 người lớn, 2 trẻ em"", ""Hướng biển"", ""1 giường lớn""]",96.0,2,2,1 giường lớn,Hướng biển,True,1,"[""https://owa.bestprice.vn/images/hotels/uploads/vinpearl-resort-spa-phu-quoc-634fc56f641f2.jpg"", ""https://owa.bestprice.vn/images/hotels/uploads/vinpearl-resort-spa-phu-quoc-634fc56f64316.jpg""]"
80c248dd5eb3,b893362b559eb5046965f365,https://www.bestprice.vn/khach-san/vinpearl-resort-spa-phu-quoc-1342.html,room_detail_6012_6_,Villa 3-Bedroom,"[""340m 2"", ""6 người lớn, 5 trẻ em"", ""Hướng vườn"", ""3 giường đôi""]",340.0,6,5,3 giường đôi,Hướng vườn,,,"[""https://owa.bestprice.vn/images/hotels/uploads/vinpearl-resort-spa-phu-quoc-634fc56f644cc.jpg"", ""https://owa.bestprice.vn/images/hotels/uploads/vinpearl-resort-spa-phu-quoc-634fc8feab840.jpg""]"
80c248dd5eb3,b893362b559eb5046965f365,https://www.bestprice.vn/khach-san/vinpearl-resort-spa-phu-quoc-1342.html,room_detail_5924_6_,Villa 3 - Bedroom Ocean View,"[""340m 2"", ""6 người lớn, 5 trẻ em"", ""Hướng biển"", ""3 giường đôi""]",340.0,6,5,3 giường đôi,Hướng biển,,,"[""https://owa.bestprice.vn/images/hotels/uploads/vinpearl-resort-spa-phu-quoc-634fc56f64284.jpg"", ""https://owa.bestprice.vn/images/hotels/uploads/vinpearl-resort-spa-phu-quoc-634fc56f643a7.jpg""]"
80c248dd5eb3,bb2fbeba3cfd147a83d2319a,https://www.bestprice.vn/khach-san/ana-villas-da-lat-resort-spa-191.html,room_detail_871_2_,Villa Room,"[""28m 2"", ""2 người lớn, 1 trẻ em"", ""Hướng vườn"", ""1 giường đôi""]",28.0,2,1,1 giường đôi,Hướng vườn,,,"[""https://owa.bestprice.vn/images/hotels/uploads/ana-mandara-villas-dalat-resort-spa-64e6d1a6ddb3e.jpg"", ""https://owa.bestprice.vn/images/hotels/uploads/ana-mandara-villas-dalat-resort-spa-64e6d1a6ddbed.jpg"", ""https://owa.bestprice.vn/images/hotels/uploads/ana-mandara-villas-dalat-resort-spa-64e6d1a6ddcb1.jpg""]"
80c248dd5eb3,bb2fbeba3cfd147a83d2319a,https://www.bestprice.vn/khach-san/ana-villas-da-lat-resort-spa-191.html,room_detail_872_2_,Villa Studio,"[""40m 2"", ""2 người lớn, 2 trẻ em"", ""Hướng vườn"", ""2 giường đơn / 1 giường đôi""]",40.0,2,2,2 giường đơn / 1 giường đôi,Hướng vườn,True,1,"[""https://owa.bestprice.vn/images/hotels/uploads/ana-mandara-villas-dalat-resort-spa-64e6d1b6b7487.jpg"", ""https://owa.bestprice.vn/images/hotels/uploads/ana-mandara-villas-dalat-resort-spa-64e6d1b6b759a.jpg"", ""https://owa.bestprice.vn/images/hotels/uploads/ana-mandara-villas-dalat-resort-spa-64e6d1b6b764e.jpg"", ""https://owa.bestprice.vn/images/hotels/uploads/ana-mandara-villas-dalat-resort-spa-64e6d1b6b76f3.jpg"", ""https://owa.bestprice.vn/images/hotels/uploads/ana-mandara-villas-dalat-resort-spa-64e6d1b6b7792.jpg"", ""https://owa.bestprice.vn/images/hotels/uploads/ana-mandara-villas-dalat-resort-spa-64e6d1b6b7831.jpg""]"
80c248dd5eb3,bb2fbeba3cfd147a83d2319a,https://www.bestprice.vn/khach-san/ana-villas-da-lat-resort-spa-191.html,room_detail_873_2_,Villa Suite,"[""51m 2"", ""2 người lớn, 2 trẻ em"", ""Hướng vườn"", ""2 giường đơn / 1 giường đôi""]",51.0,2,2,2 giường đơn / 1 giường đôi,Hướng vườn,True,1,"[""https://owa.bestprice.vn/images/hotels/uploads/ana-mandara-villas-dalat-resort-spa-64e6d1ca7b522.jpg"", ""https://owa.bestprice.vn/images/hotels/uploads/ana-mandara-villas-dalat-resort-spa-64e6d1ca7b60e.jpg"", ""https://owa.bestprice.vn/images/hotels/uploads/ana-mandara-villas-dalat-resort-spa-64e6d1ca7b6b0.jpg"", ""https://owa.bestprice.vn/images/hotels/uploads/ana-mandara-villas-dalat-resort-spa-64e6d1d7b88a6.jpg"", ""https://owa.bestprice.vn/images/hotels/uploads/ana-mandara-villas-dalat-resort-spa-64e6d1d7b8997.jpg"", ""https://owa.bestprice.vn/images/hotels/uploads/ana-mandara-villas-dalat-resort-spa-64e6d1d7b8a39.jpg"", ""https://owa.bestprice.vn/images/hotels/uploads/ana-mandara-villas-dalat-resort-spa-64e6d1d7b8aef.jpg"", ""https://owa.bestprice.vn/images/hotels/uploads/ana-mandara-villas-dalat-resort-spa-64e6d1e952e77.jpg""]"
80c248dd5eb3,bc8f1054a7b076b4cf5bf9d8,https://www.bestprice.vn/khach-san/amour-resort-bavi-3553.html,room_detail_18859_2_,Superior room,"[""32m 2"", ""2 người lớn, 2 trẻ em"", ""Hướng núi"", ""2 giường đơn / 1 giường đôi""]",32.0,2,2,2 giường đơn / 1 giường đôi,Hướng núi,True,1,"[""https://owa.bestprice.vn/images/hotels/uploads/amour-resort-bavi-63bb848837e6e.jpg"", ""https://owa.bestprice.vn/images/hotels/uploads/amour-resort-bavi-63bb848837fe8.jpg"", ""https://owa.bestprice.vn/images/hotels/uploads/amour-resort-bavi-63fcab68e4a9c.jpg""]"
80c248dd5eb3,bc8f1054a7b076b4cf5bf9d8,https://www.bestprice.vn/khach-san/amour-resort-bavi-3553.html,room_detail_18860_2_,Premium Room,"[""44m 2"", ""2 người lớn, 2 trẻ em"", ""Hướng núi"", ""2 giường đơn / 1 giường đôi""]",44.0,2,2,2 giường đơn / 1 giường đôi,Hướng núi,True,1,"[""https://owa.bestprice.vn/images/hotels/uploads/amour-resort-bavi-63bb848838065.jpg"", ""https://owa.bestprice.vn/images/hotels/uploads/amour-resort-bavi-63fcab68e4935.jpg""]"
80c248dd5eb3,bc8f1054a7b076b4cf5bf9d8,https://www.bestprice.vn/khach-san/amour-resort-bavi-3553.html,room_detail_18862_2_,Deluxe Room,"[""44m 2"", ""2 người lớn, 2 trẻ em"", ""Hướng núi"", ""2 giường đơn / 1 giường đôi""]",44.0,2,2,2 giường đơn / 1 giường đôi,Hướng núi,True,1,"[""https://owa.bestprice.vn/images/hotels/uploads/amour-resort-bavi-63fcab68e49b7.jpg"", ""https://owa.bestprice.vn/images/hotels/uploads/amour-resort-bavi-63bb848837d74.jpg""]"
80c248dd5eb3,bc8f1054a7b076b4cf5bf9d8,https://www.bestprice.vn/khach-san/amour-resort-bavi-3553.html,room_detail_18863_2_,Classy Suite,"[""32m 2"", ""2 người lớn, 2 trẻ em"", ""Hướng núi"", ""2 giường đơn / 1 giường đôi""]",32.0,2,2,2 giường đơn / 1 giường đôi,Hướng núi,True,1,"[""https://owa.bestprice.vn/images/hotels/uploads/amour-resort-bavi-63fcab68e48b1.jpg"", ""https://owa.bestprice.vn/images/hotels/uploads/amour-resort-bavi-63bb8488382d5.jpg""]"
80c248dd5eb3,bc8f1054a7b076b4cf5bf9d8,https://www.bestprice.vn/khach-san/amour-resort-bavi-3553.html,room_detail_18865_2_,Executive Room,"[""53m 2"", ""2 người lớn, 2 trẻ em"", ""Hướng núi"", ""2 giường đơn / 1 giường đôi""]",53.0,2,2,2 giường đơn / 1 giường đôi,Hướng núi,True,1,"[""https://owa.bestprice.vn/images/hotels/uploads/amour-resort-bavi-63bb848837eeb.jpg"", ""https://owa.bestprice.vn/images/hotels/uploads/amour-resort-bavi-63fcab68e4b0e.jpg""]"
80c248dd5eb3,bf5be34b6469440c0f128c25,https://www.bestprice.vn/khach-san/chez-carole-resort-phu-quoc-635.html,room_detail_7015_2_,Standard Double Room,"[""40m 2"", ""2 người lớn, 2 trẻ em"", ""Hướng vườn"", ""1 giường đôi""]",40.0,2,2,1 giường đôi,Hướng vườn,True,1,"[""https://owa.bestprice.vn/images/hotels/uploads/chez-carole-resort-phu-quoc-6476a7bc3bb89.jpg"", ""https://owa.bestprice.vn/images/hotels/uploads/chez-carole-resort-phu-quoc-6476a7bc3bafb.jpg""]"
80c248dd5eb3,bf5be34b6469440c0f128c25,https://www.bestprice.vn/khach-san/chez-carole-resort-phu-quoc-635.html,room_detail_7016_2_,Superior Double Room,"[""40m 2"", ""2 người lớn, 2 trẻ em"", ""Hướng vườn"", ""1 giường đôi""]",40.0,2,2,1 giường đôi,Hướng vườn,True,1,"[""https://owa.bestprice.vn/images/hotels/uploads/chez-carole-resort-phu-quoc-64a38c4eb9539.jpg"", ""https://owa.bestprice.vn/images/hotels/uploads/chez-carole-resort-phu-quoc-6476a7bc3bc15.jpg""]"
80c248dd5eb3,bf5be34b6469440c0f128c25,https://www.bestprice.vn/khach-san/chez-carole-resort-phu-quoc-635.html,room_detail_7017_3_,Superior Triple Room,"[""45m 2"", ""3 người lớn, 2 trẻ em"", ""Hướng vườn"", ""1 Giường đôi & 1 Giường đơn""]",45.0,3,2,1 Giường đôi & 1 Giường đơn,Hướng vườn,,,"[""https://owa.bestprice.vn/images/hotels/uploads/chez-carole-resort-phu-quoc-6476a99e536fa.jpg"", ""https://owa.bestprice.vn/images/hotels/uploads/chez-carole-resort-phu-quoc-6476a99e53641.jpg""]"
80c248dd5eb3,bf5be34b6469440c0f128c25,https://www.bestprice.vn/khach-san/chez-carole-resort-phu-quoc-635.html,room_detail_7018_2_,Deluxe Bungalow River View,"[""45m 2"", ""2 người lớn, 2 trẻ em"", ""Hướng sông"", ""1 giường lớn""]",45.0,2,2,1 giường lớn,Hướng sông,True,1,"[""https://owa.bestprice.vn/images/hotels/uploads/chez-carole-resort-phu-quoc-6476a99e53788.jpg"", ""https://owa.bestprice.vn/images/hotels/uploads/chez-carole-resort-phu-quoc-6476a99e53823.jpg""]"
80c248dd5eb3,bf5be34b6469440c0f128c25,https://www.bestprice.vn/khach-san/chez-carole-resort-phu-quoc-635.html,room_detail_7019_2_,Deluxe Bungalow Sea View,"[""45m 2"", ""2 người lớn, 2 trẻ em"", ""Hướng biển"", ""1 giường lớn""]",45.0,2,2,1 giường lớn,Hướng biển,True,1,"[""https://owa.bestprice.vn/images/hotels/uploads/chez-carole-resort-phu-quoc-6476a99e538af.jpg"", ""https://owa.bestprice.vn/images/hotels/uploads/chez-carole-resort-phu-quoc-6476a99e5393a.jpg""]"
80c248dd5eb3,bf5be34b6469440c0f128c25,https://www.bestprice.vn/khach-san/chez-carole-resort-phu-quoc-635.html,room_detail_7020_2_,Deluxe Bungalow Ocean View,"[""40m 2"", ""2 người lớn, 2 trẻ em"", ""Hướng biển"", ""1 giường đôi""]",40.0,2,2,1 giường đôi,Hướng biển,True,1,"[""https://owa.bestprice.vn/images/hotels/uploads/chez-carole-resort-phu-quoc-6476aba3d5198.jpg"", ""https://owa.bestprice.vn/images/hotels/uploads/chez-carole-resort-phu-quoc-6476aba3d631a.jpg""]"
80c248dd5eb3,bf5be34b6469440c0f128c25,https://www.bestprice.vn/khach-san/chez-carole-resort-phu-quoc-635.html,room_detail_7021_4_,Superior Family 2 Bedrooms,"[""90m 2"", ""4 người lớn, 2 trẻ em"", ""Hướng vườn""]",90.0,4,2,,Hướng vườn,,,"[""https://owa.bestprice.vn/images/hotels/uploads/chez-carole-resort-phu-quoc-6476aba3d63b5.jpg"", ""https://owa.bestprice.vn/images/hotels/uploads/chez-carole-resort-phu-quoc-6476aba3d6442.jpg""]"
80c248dd5eb3,bf5be34b6469440c0f128c25,https://www.bestprice.vn/khach-san/chez-carole-resort-phu-quoc-635.html,room_detail_7022_4_,Deluxe Family 2 Bedrooms,"[""40m 2"", ""4 người lớn, 2 trẻ em"", ""Hướng vườn"", ""1 giường đôi""]",40.0,4,2,1 giường đôi,Hướng vườn,True,1,"[""https://owa.bestprice.vn/images/hotels/uploads/chez-carole-resort-phu-quoc-6476aba3d64d8.jpg"", ""https://owa.bestprice.vn/images/hotels/uploads/chez-carole-resort-phu-quoc-6476aba3d6565.jpg""]"
80c248dd5eb3,bf5be34b6469440c0f128c25,https://www.bestprice.vn/khach-san/chez-carole-resort-phu-quoc-635.html,room_detail_10435_4_,Connecting Family 2 Bedrooms Villa,"[""90m 2"", ""4 người lớn, 2 trẻ em"", ""Hướng vườn"", ""2 giường lớn""]",90.0,4,2,2 giường lớn,Hướng vườn,True,1,"[""https://owa.bestprice.vn/images/hotels/uploads/chez-carole-resort-phu-quoc-6476ad9c848b3.jpg"", ""https://owa.bestprice.vn/images/hotels/uploads/chez-carole-resort-phu-quoc-6476ad9c84817.jpg""]"
80c248dd5eb3,bf5be34b6469440c0f128c25,https://www.bestprice.vn/khach-san/chez-carole-resort-phu-quoc-635.html,room_detail_10437_2_,Double Beach Front Villa,"[""40m 2"", ""2 người lớn, 2 trẻ em"", ""Hướng bãi biển"", ""1 giường lớn""]",40.0,2,2,1 giường lớn,Hướng bãi biển,True,1,"[""https://owa.bestprice.vn/images/hotels/uploads/chez-carole-resort-phu-quoc-6476ad9c84942.jpg"", ""https://owa.bestprice.vn/images/hotels/uploads/chez-carole-resort-phu-quoc-6476ad9c849cd.jpg""]"
80c248dd5eb3,bf5be34b6469440c0f128c25,https://www.bestprice.vn/khach-san/chez-carole-resort-phu-quoc-635.html,room_detail_10439_2_,Double Beach Front Suit Villa,"[""50m 2"", ""2 người lớn, 2 trẻ em"", ""Hướng bãi biển"", ""1 giường lớn""]",50.0,2,2,1 giường lớn,Hướng bãi biển,True,1,"[""https://owa.bestprice.vn/images/hotels/uploads/chez-carole-resort-phu-quoc-6476ad9c84a59.jpg"", ""https://owa.bestprice.vn/images/hotels/uploads/chez-carole-resort-phu-quoc-6476ad9c84ae4.jpg""]"
80c248dd5eb3,bf5be34b6469440c0f128c25,https://www.bestprice.vn/khach-san/chez-carole-resort-phu-quoc-635.html,room_detail_10441_2_,Beach Front Penthouse Private Pool,"[""180m 2"", ""2 người lớn, 2 trẻ em"", ""Hướng bãi biển"", ""1 Giường đôi & 2 Giường đơn""]",180.0,2,2,1 Giường đôi & 2 Giường đơn,Hướng bãi biển,True,1,"[""https://owa.bestprice.vn/images/hotels/uploads/chez-carole-resort-phu-quoc-6476af31325f0.jpg"", ""https://owa.bestprice.vn/images/hotels/uploads/chez-carole-resort-phu-quoc-6476af313268d.jpg""]"
80c248dd5eb3,c1061314cfc471c7f6400cc7,https://www.bestprice.vn/khach-san/bb-nha-trang-1422.html,room_detail_16002_2_,Phòng Superior No View,"[""24m 2"", ""2 người lớn, 1 trẻ em"", ""1 giường đôi""]",24.0,2,1,1 giường đôi,,True,1,"[""https://owa.bestprice.vn/images/hotels/uploads/bb-hotel-nha-trang-628c9248bbe48.jpg"", ""https://owa.bestprice.vn/images/hotels/uploads/bb-hotel-nha-trang-628c9248bc01f.jpg"", ""https://owa.bestprice.vn/images/hotels/uploads/bb-hotel-nha-trang-628c9248bbf91.jpg"", ""https://owa.bestprice.vn/images/hotels/uploads/bb-hotel-nha-trang-628c9248bbedb.jpg""]"
80c248dd5eb3,c1061314cfc471c7f6400cc7,https://www.bestprice.vn/khach-san/bb-nha-trang-1422.html,room_detail_16003_2_,Phòng Superior City View,"[""26m 2"", ""2 người lớn, 1 trẻ em"", ""Hướng thành phố"", ""2 giường đơn""]",26.0,2,1,2 giường đơn,Hướng thành phố,True,1,"[""https://owa.bestprice.vn/images/hotels/uploads/bb-hotel-nha-trang-628c9346eff9d.jpg"", ""https://owa.bestprice.vn/images/hotels/uploads/bb-hotel-nha-trang-628c9346f0030.jpg"", ""https://owa.bestprice.vn/images/hotels/uploads/bb-hotel-nha-trang-628c9346f00b6.jpg""]"
80c248dd5eb3,c1061314cfc471c7f6400cc7,https://www.bestprice.vn/khach-san/bb-nha-trang-1422.html,room_detail_16004_2_,Phòng Deluxe City View,"[""24m 2"", ""2 người lớn, 1 trẻ em"", ""Hướng thành phố"", ""1 giường đôi""]",24.0,2,1,1 giường đôi,Hướng thành phố,True,1,"[""https://owa.bestprice.vn/images/hotels/uploads/bb-hotel-nha-trang-628c93c136877.jpg"", ""https://owa.bestprice.vn/images/hotels/uploads/bb-hotel-nha-trang-628c93c136909.jpg""]"
80c248dd5eb3,c1061314cfc471c7f6400cc7,https://www.bestprice.vn/khach-san/bb-nha-trang-1422.html,room_detail_16005_2_,Phòng Deluxe Sea View,"[""36m 2"", ""2 người lớn, 1 trẻ em"", ""Hướng biển"", ""2 giường đơn""]",36.0,2,1,2 giường đơn,Hướng biển,True,1,"[""https://owa.bestprice.vn/images/hotels/uploads/bb-hotel-nha-trang-628c94fd93d40.jpg"", ""https://owa.bestprice.vn/images/hotels/uploads/bb-hotel-nha-trang-628c94fd93dc3.jpg""]"
80c248dd5eb3,c1061314cfc471c7f6400cc7,https://www.bestprice.vn/khach-san/bb-nha-trang-1422.html,room_detail_16006_3_,Phòng Premier Suite,"[""45m 2"", ""3 người lớn, 1 trẻ em"", ""Hướng thành phố"", ""1 Giường đôi & 1 Giường đơn""]",45.0,3,1,1 Giường đôi & 1 Giường đơn,Hướng thành phố,True,1,"[""https://owa.bestprice.vn/images/hotels/uploads/bb-hotel-nha-trang-628c958953bbc.jpg"", ""https://owa.bestprice.vn/images/hotels/uploads/bb-hotel-nha-trang-628c958953c4d.jpg"", ""https://owa.bestprice.vn/images/hotels/uploads/bb-hotel-nha-trang-628c958953cd2.jpg"", ""https://owa.bestprice.vn/images/hotels/uploads/bb-hotel-nha-trang-628c958953d53.jpg""]"
80c248dd5eb3,c1061314cfc471c7f6400cc7,https://www.bestprice.vn/khach-san/bb-nha-trang-1422.html,room_detail_16007_3_,Phòng President Suite,"[""60m 2"", ""3 người lớn, 1 trẻ em"", ""Hướng thành phố"", ""1 Giường đôi & 1 Giường đơn""]",60.0,3,1,1 Giường đôi & 1 Giường đơn,Hướng thành phố,True,1,"[""https://owa.bestprice.vn/images/hotels/uploads/bb-hotel-nha-trang-628c96789ae13.jpg"", ""https://owa.bestprice.vn/images/hotels/uploads/bb-hotel-nha-trang-628c96789ad8d.jpg"", ""https://owa.bestprice.vn/images/hotels/uploads/bb-hotel-nha-trang-628c96789ae8a.jpg"", ""https://owa.bestprice.vn/images/hotels/uploads/bb-hotel-nha-trang-628c96789af00.jpg"", ""https://owa.bestprice.vn/images/hotels/uploads/bb-hotel-nha-trang-628c96789af75.jpg""]"
80c248dd5eb3,c1abd84212f6871398ce14dc,https://www.bestprice.vn/khach-san/vinpearl-resort-spa-ha-long-1344.html,room_detail_5675_2_,Deluxe King,"[""38m 2"", ""2 người lớn, 2 trẻ em"", ""Hướng vườn"", ""1 giường đôi""]",38.0,2,2,1 giường đôi,Hướng vườn,True,1,"[""https://owa.bestprice.vn/images/hotels/uploads/vinpearl-resort-spa-ha-long-63351ff6467cb.jpg"", ""https://owa.bestprice.vn/images/hotels/uploads/vinpearl-resort-spa-ha-long-63351ff6466b1.jpg""]"
80c248dd5eb3,c1abd84212f6871398ce14dc,https://www.bestprice.vn/khach-san/vinpearl-resort-spa-ha-long-1344.html,room_detail_20292_2_,Deluxe Twin,"[""38m 2"", ""2 người lớn, 2 trẻ em"", ""Hướng vườn"", ""2 giường đơn""]",38.0,2,2,2 giường đơn,Hướng vườn,True,1,"[""https://owa.bestprice.vn/images/hotels/uploads/vinpearl-resort-spa-ha-long-65d02ee3f019d.jpg"", ""https://owa.bestprice.vn/images/hotels/uploads/vinpearl-resort-spa-ha-long-65d02f844b0ec.jpg""]"
80c248dd5eb3,c1abd84212f6871398ce14dc,https://www.bestprice.vn/khach-san/vinpearl-resort-spa-ha-long-1344.html,room_detail_5677_2_,Deluxe King Ocean View,"[""38m 2"", ""2 người lớn, 2 trẻ em"", ""Hướng biển"", ""1 giường đôi""]",38.0,2,2,1 giường đôi,Hướng biển,True,1,"[""https://owa.bestprice.vn/images/hotels/uploads/vinpearl-resort-spa-ha-long-63351ff64673f.jpg"", ""https://owa.bestprice.vn/images/hotels/uploads/vinpearl-resort-spa-ha-long-63351ff64660e.jpg""]"
80c248dd5eb3,c1abd84212f6871398ce14dc,https://www.bestprice.vn/khach-san/vinpearl-resort-spa-ha-long-1344.html,room_detail_20293_2_,Deluxe Twin Ocean View,"[""38m 2"", ""2 người lớn, 2 trẻ em"", ""Hướng biển"", ""2 giường đơn""]",38.0,2,2,2 giường đơn,Hướng biển,True,1,"[""https://owa.bestprice.vn/images/hotels/uploads/vinpearl-resort-spa-ha-long-65d02ee3f0239.jpg"", ""https://owa.bestprice.vn/images/hotels/uploads/vinpearl-resort-spa-ha-long-65d02ee3f0375.jpg""]"
80c248dd5eb3,c1abd84212f6871398ce14dc,https://www.bestprice.vn/khach-san/vinpearl-resort-spa-ha-long-1344.html,room_detail_10049_2_,Deluxe King Terrace,"[""38m 2"", ""2 người lớn, 2 trẻ em"", ""Hướng vườn"", ""1 giường đôi""]",38.0,2,2,1 giường đôi,Hướng vườn,True,1,"[""https://owa.bestprice.vn/images/hotels/uploads/vinpearl-resort-spa-ha-long-65d02ee3f040f.jpg"", ""https://owa.bestprice.vn/images/hotels/uploads/vinpearl-resort-spa-ha-long-65d02f844b18d.jpg""]"
80c248dd5eb3,c1abd84212f6871398ce14dc,https://www.bestprice.vn/khach-san/vinpearl-resort-spa-ha-long-1344.html,room_detail_20294_2_,Deluxe Twin Terrace,"[""38m 2"", ""2 người lớn, 2 trẻ em"", ""Hướng vườn"", ""2 giường đơn""]",38.0,2,2,2 giường đơn,Hướng vườn,True,1,"[""https://owa.bestprice.vn/images/hotels/uploads/vinpearl-resort-spa-ha-long-65d02ee3f00e5.jpg"", ""https://owa.bestprice.vn/images/hotels/uploads/vinpearl-resort-spa-ha-long-65d02ee3f02d6.jpg""]"
80c248dd5eb3,c1abd84212f6871398ce14dc,https://www.bestprice.vn/khach-san/vinpearl-resort-spa-ha-long-1344.html,room_detail_5679_2_,Executive Suite King,"[""76m 2"", ""2 người lớn, 2 trẻ em"", ""Hướng vườn"", ""1 giường đôi""]",76.0,2,2,1 giường đôi,Hướng vườn,True,1,"[""https://owa.bestprice.vn/images/hotels/uploads/vinpearl-resort-spa-ha-long-63351ff6463c7.jpg"", ""https://owa.bestprice.vn/images/hotels/uploads/vinpearl-resort-spa-ha-long-63351ff646465.jpg"", ""https://owa.bestprice.vn/images/hotels/uploads/vinpearl-resort-spa-ha-long-63351ff6464f4.jpg""]"
80c248dd5eb3,c1abd84212f6871398ce14dc,https://www.bestprice.vn/khach-san/vinpearl-resort-spa-ha-long-1344.html,room_detail_5678_4_,Family Suite,"[""76m 2"", ""4 người lớn, 4 trẻ em"", ""Hướng vườn"", ""1 Giường đôi & 2 Giường đơn""]",76.0,4,4,1 Giường đôi & 2 Giường đơn,Hướng vườn,,,"[""https://owa.bestprice.vn/images/hotels/uploads/vinpearl-resort-spa-ha-long-63352135454f3.jpg"", ""https://owa.bestprice.vn/images/hotels/uploads/vinpearl-resort-spa-ha-long-6335213545582.jpg""]"
80c248dd5eb3,c251907cf77882ce81d83f34,https://www.bestprice.vn/khach-san/citadines-bayfront-nha-trang-1423.html,room_detail_10827_2_,Studio Twin,"[""28m 2"", ""2 người lớn, 1 trẻ em"", ""2 giường đơn""]",28.0,2,1,2 giường đơn,,True,1,"[""https://owa.bestprice.vn/images/hotels/uploads/citadines-bayfront-nha-trang-6440b96bc282b.jpg"", ""https://owa.bestprice.vn/images/hotels/uploads/citadines-bayfront-nha-trang-6440ba0c668e6.jpg""]"
80c248dd5eb3,c251907cf77882ce81d83f34,https://www.bestprice.vn/khach-san/citadines-bayfront-nha-trang-1423.html,room_detail_6271_2_,Studio Deluxe,"[""28m 2"", ""2 người lớn, 2 trẻ em"", ""Hướng bãi biển"", ""2 giường đơn / 1 giường đôi""]",28.0,2,2,2 giường đơn / 1 giường đôi,Hướng bãi biển,True,1,"[""https://owa.bestprice.vn/images/hotels/uploads/citadines-bayfront-nha-trang-6440b944b0440.jpg"", ""https://owa.bestprice.vn/images/hotels/uploads/citadines-bayfront-nha-trang-6440b9588d527.jpg"", ""https://owa.bestprice.vn/images/hotels/uploads/citadines-bayfront-nha-trang-6440b94e67b6f.jpg""]"
80c248dd5eb3,c251907cf77882ce81d83f34,https://www.bestprice.vn/khach-san/citadines-bayfront-nha-trang-1423.html,room_detail_6272_2_,Studio Executive,"[""32m 2"", ""2 người lớn, 2 trẻ em"", ""Hướng bãi biển"", ""2 giường đơn / 2 giường đôi""]",32.0,2,2,2 giường đơn / 2 giường đôi,Hướng bãi biển,True,1,"[""https://owa.bestprice.vn/images/hotels/uploads/citadines-bayfront-nha-trang-6440b9fba49da.jpg"", ""https://owa.bestprice.vn/images/hotels/uploads/citadines-bayfront-nha-trang-6440ba191633a.jpg"", ""https://owa.bestprice.vn/images/hotels/uploads/citadines-bayfront-nha-trang-6440ba2e87ca7.jpg""]"
80c248dd5eb3,c251907cf77882ce81d83f34,https://www.bestprice.vn/khach-san/citadines-bayfront-nha-trang-1423.html,room_detail_6273_2_,Studio Premier Twin,"[""32m 2"", ""2 người lớn, 1 trẻ em"", ""Hướng bãi biển"", ""2 giường đơn""]",32.0,2,1,2 giường đơn,Hướng bãi biển,True,1,"[""https://owa.bestprice.vn/images/hotels/uploads/citadines-bayfront-nha-trang-6440ba3e2ee26.jpg"", ""https://owa.bestprice.vn/images/hotels/uploads/citadines-bayfront-nha-trang-6440ba5ad196d.jpg""]"
80c248dd5eb3,c251907cf77882ce81d83f34,https://www.bestprice.vn/khach-san/citadines-bayfront-nha-trang-1423.html,room_detail_6274_2_,One Bed Room Deluxe,"[""56m 2"", ""2 người lớn, 2 trẻ em"", ""Hướng bãi biển"", ""1 giường đôi""]",56.0,2,2,1 giường đôi,Hướng bãi biển,True,1,"[""https://owa.bestprice.vn/images/hotels/uploads/citadines-bayfront-nha-trang-6440b91978380.jpg"", ""https://owa.bestprice.vn/images/hotels/uploads/citadines-bayfront-nha-trang-6440b9228ddb8.jpg"", ""https://owa.bestprice.vn/images/hotels/uploads/citadines-bayfront-nha-trang-6440b92b27546.jpg"", ""https://owa.bestprice.vn/images/hotels/uploads/citadines-bayfront-nha-trang-6440b933d80ac.jpg""]"
80c248dd5eb3,c251907cf77882ce81d83f34,https://www.bestprice.vn/khach-san/citadines-bayfront-nha-trang-1423.html,room_detail_6275_2_,One Bedroom Executive,"[""64m 2"", ""2 người lớn, 2 trẻ em"", ""Hướng thành phố"", ""1 giường đôi""]",64.0,2,2,1 giường đôi,Hướng thành phố,True,1,"[""https://owa.bestprice.vn/images/hotels/uploads/citadines-bayfront-nha-trang-6440b98115e1e.jpg"", ""https://owa.bestprice.vn/images/hotels/uploads/citadines-bayfront-nha-trang-6440b98a07e4f.jpg"", ""https://owa.bestprice.vn/images/hotels/uploads/citadines-bayfront-nha-trang-6440b9940d736.jpg""]"
80c248dd5eb3,c2702fba916283b16e1e003e,https://www.bestprice.vn/khach-san/kk-sapa-hotel-1539.html,room_detail_7161_2_,Phòng Superior,"[""40m 2"", ""2 người lớn, 2 trẻ em"", ""Hướng thành phố"", ""2 giường đơn / 1 giường đôi""]",40.0,2,2,2 giường đơn / 1 giường đôi,Hướng thành phố,True,1,"[""https://owa.bestprice.vn/images/hotels/uploads/kk-sapa-hotel-64e0e45727ca0.jpg"", ""https://owa.bestprice.vn/images/hotels/uploads/kk-sapa-hotel-64e0e45727c25.jpg"", ""https://owa.bestprice.vn/images/hotels/uploads/kk-sapa-hotel-64e0e45727d77.jpg"", ""https://owa.bestprice.vn/images/hotels/uploads/kk-sapa-hotel-64e0e45727d0c.jpg""]"
80c248dd5eb3,c2702fba916283b16e1e003e,https://www.bestprice.vn/khach-san/kk-sapa-hotel-1539.html,room_detail_7162_2_,Phòng Deluxe,"[""40m 2"", ""2 người lớn, 2 trẻ em"", ""Hướng núi"", ""2 giường đơn / 1 giường đôi""]",40.0,2,2,2 giường đơn / 1 giường đôi,Hướng núi,True,1,"[""https://owa.bestprice.vn/images/hotels/uploads/kk-sapa-hotel-64e0e47148d71.jpg"", ""https://owa.bestprice.vn/images/hotels/uploads/kk-sapa-hotel-64e0e47148e47.jpg"", ""https://owa.bestprice.vn/images/hotels/uploads/kk-sapa-hotel-64e0e47148ddd.jpg"", ""https://owa.bestprice.vn/images/hotels/uploads/kk-sapa-hotel-64e0e47148cf4.jpg""]"
80c248dd5eb3,c2702fba916283b16e1e003e,https://www.bestprice.vn/khach-san/kk-sapa-hotel-1539.html,room_detail_7163_2_,Phòng Premier,"[""48m 2"", ""2 người lớn, 2 trẻ em"", ""Hướng núi"", ""1 giường lớn""]",48.0,2,2,1 giường lớn,Hướng núi,True,1,"[""https://owa.bestprice.vn/images/hotels/uploads/kk-sapa-hotel-64e0e483df23d.jpg"", ""https://owa.bestprice.vn/images/hotels/uploads/kk-sapa-hotel-64e0e483df2b6.jpg"", ""https://owa.bestprice.vn/images/hotels/uploads/kk-sapa-hotel-64e0e483df322.jpg"", ""https://owa.bestprice.vn/images/hotels/uploads/kk-sapa-hotel-64e0e4908d7c0.jpg""]"
80c248dd5eb3,c2702fba916283b16e1e003e,https://www.bestprice.vn/khach-san/kk-sapa-hotel-1539.html,room_detail_7164_4_,Phòng Family,"[""80m 2"", ""4 người lớn, 2 trẻ em"", ""Hướng thành phố"", ""1 Giường đôi & 2 Giường đơn""]",80.0,4,2,1 Giường đôi & 2 Giường đơn,Hướng thành phố,True,1,"[""https://owa.bestprice.vn/images/hotels/uploads/kk-sapa-hotel-64e0e4b62d933.jpg"", ""https://owa.bestprice.vn/images/hotels/uploads/kk-sapa-hotel-64e0e4b62d9b0.jpg"", ""https://owa.bestprice.vn/images/hotels/uploads/kk-sapa-hotel-64e0e4b62da1c.jpg"", ""https://owa.bestprice.vn/images/hotels/uploads/kk-sapa-hotel-64e0e4b62da87.jpg"", ""https://owa.bestprice.vn/images/hotels/uploads/kk-sapa-hotel-64e0e4b62daf4.jpg""]"
80c248dd5eb3,c2702fba916283b16e1e003e,https://www.bestprice.vn/khach-san/kk-sapa-hotel-1539.html,room_detail_9265_2_,Phòng Mountain Suite,"[""55m 2"", ""2 người lớn, 2 trẻ em"", ""Hướng núi"", ""1 giường lớn""]",55.0,2,2,1 giường lớn,Hướng núi,True,1,"[""https://owa.bestprice.vn/images/hotels/uploads/kk-sapa-hotel-64e0e501c5d51.jpg"", ""https://owa.bestprice.vn/images/hotels/uploads/kk-sapa-hotel-64e0e501c5dbb.jpg"", ""https://owa.bestprice.vn/images/hotels/uploads/kk-sapa-hotel-64e0e501c5e24.jpg""]"
80c248dd5eb3,c2702fba916283b16e1e003e,https://www.bestprice.vn/khach-san/kk-sapa-hotel-1539.html,room_detail_19970_2_,Phòng President Suite,"[""200m 2"", ""2 người lớn, 2 trẻ em"", ""Hướng núi"", ""1 giường lớn""]",200.0,2,2,1 giường lớn,Hướng núi,True,1,"[""https://owa.bestprice.vn/images/hotels/uploads/kk-sapa-hotel-64e0e534b6325.jpg"", ""https://owa.bestprice.vn/images/hotels/uploads/kk-sapa-hotel-64e0e534b63c3.jpg"", ""https://owa.bestprice.vn/images/hotels/uploads/kk-sapa-hotel-64e0e534b6430.jpg""]"
80c248dd5eb3,c32478a64131b3bda1598bbc,https://www.bestprice.vn/khach-san/sapa-diamond-2145.html,room_detail_11223_2_,Spacious Deluxe City View,"[""28m 2"", ""2 người lớn, 1 trẻ em"", ""Hướng thành phố"", ""1 giường đôi""]",28.0,2,1,1 giường đôi,Hướng thành phố,True,1,"[""https://owa.bestprice.vn/images/hotels/uploads/khach-san-sapa-diamond-625789101cd96.jpg""]"
80c248dd5eb3,c32478a64131b3bda1598bbc,https://www.bestprice.vn/khach-san/sapa-diamond-2145.html,room_detail_11225_2_,Deluxe Mountain View,"[""28m 2"", ""2 người lớn, 1 trẻ em"", ""Hướng núi"", ""1 giường đôi""]",28.0,2,1,1 giường đôi,Hướng núi,True,1,"[""https://owa.bestprice.vn/images/hotels/uploads/khach-san-sapa-diamond-6257892727dc1.jpg""]"
80c248dd5eb3,c32478a64131b3bda1598bbc,https://www.bestprice.vn/khach-san/sapa-diamond-2145.html,room_detail_11227_3_,Family Deluxe Mountain View,"[""31m 2"", ""3 người lớn, 1 trẻ em"", ""Hướng núi"", ""1 Giường đôi & 1 Giường đơn""]",31.0,3,1,1 Giường đôi & 1 Giường đơn,Hướng núi,True,1,"[""https://owa.bestprice.vn/images/hotels/uploads/khach-san-sapa-diamond-625789101ce9f.jpg"", ""https://owa.bestprice.vn/images/hotels/uploads/khach-san-sapa-diamond-625789015db94.jpg""]"
80c248dd5eb3,c32478a64131b3bda1598bbc,https://www.bestprice.vn/khach-san/sapa-diamond-2145.html,room_detail_11229_4_,Family Suite Mountain View,"[""45m 2"", ""4 người lớn, 1 trẻ em"", ""Hướng núi"", ""2 giường đôi""]",45.0,4,1,2 giường đôi,Hướng núi,True,1,"[""https://owa.bestprice.vn/images/hotels/uploads/khach-san-sapa-diamond-6257892727fca.jpg""]"
80c248dd5eb3,c32478a64131b3bda1598bbc,https://www.bestprice.vn/khach-san/sapa-diamond-2145.html,room_detail_11231_2_,Upper Deluxe,"[""26m 2"", ""2 người lớn, 1 trẻ em"", ""Hướng núi"", ""1 giường đôi""]",26.0,2,1,1 giường đôi,Hướng núi,True,1,"[""https://owa.bestprice.vn/images/hotels/uploads/khach-san-sapa-diamond-62578935e9f37.jpg""]"
80c248dd5eb3,c32478a64131b3bda1598bbc,https://www.bestprice.vn/khach-san/sapa-diamond-2145.html,room_detail_11233_2_,Diamond Suite with Stunning View,"[""45m 2"", ""2 người lớn, 1 trẻ em"", ""Hướng núi"", ""1 giường đôi""]",45.0,2,1,1 giường đôi,Hướng núi,True,1,"[""https://owa.bestprice.vn/images/hotels/uploads/khach-san-sapa-diamond-625789015db15.jpg""]"
80c248dd5eb3,c32478a64131b3bda1598bbc,https://www.bestprice.vn/khach-san/sapa-diamond-2145.html,room_detail_11235_2_,Premium Deluxe,"[""30m 2"", ""2 người lớn, 1 trẻ em"", ""Hướng núi"", ""1 giường đôi""]",30.0,2,1,1 giường đôi,Hướng núi,True,1,"[""https://owa.bestprice.vn/images/hotels/uploads/khach-san-sapa-diamond-625789015dc8d.jpg""]"
80c248dd5eb3,c42baea393a3443398d28673,https://www.bestprice.vn/khach-san/tan-son-nhat-con-dao-resort-1060.html,room_detail_7908_2_,Standard Room,"[""30m 2"", ""2 người lớn, 1 trẻ em"", ""Hướng vườn"", ""2 giường đơn / 1 giường đôi""]",30.0,2,1,2 giường đơn / 1 giường đôi,Hướng vườn,,,"[""https://owa.bestprice.vn/images/hotels/uploads/tan-son-nhat-con-dao-resort-63d9f55e1445d.jpg"", ""https://owa.bestprice.vn/images/hotels/uploads/tan-son-nhat-con-dao-resort-63d9f55e143c0.jpg""]"
80c248dd5eb3,c42baea393a3443398d28673,https://www.bestprice.vn/khach-san/tan-son-nhat-con-dao-resort-1060.html,room_detail_4449_2_,Bungalow Garden View,"[""40m 2"", ""2 người lớn, 1 trẻ em"", ""Hướng vườn"", ""2 giường đơn / 1 giường đôi""]",40.0,2,1,2 giường đơn / 1 giường đôi,Hướng vườn,True,1,"[""https://owa.bestprice.vn/images/hotels/uploads/tan-son-nhat-con-dao-resort-63d9f55e14720.jpg"", ""https://owa.bestprice.vn/images/hotels/uploads/tan-son-nhat-con-dao-resort-63d9f55e14607.jpg""]"
80c248dd5eb3,c42baea393a3443398d28673,https://www.bestprice.vn/khach-san/tan-son-nhat-con-dao-resort-1060.html,room_detail_4448_2_,Bungalow Beach Front,"[""40m 2"", ""2 người lớn, 1 trẻ em"", ""Hướng bãi biển"", ""2 giường đơn / 1 giường đôi""]",40.0,2,1,2 giường đơn / 1 giường đôi,Hướng bãi biển,True,1,"[""https://owa.bestprice.vn/images/hotels/uploads/tan-son-nhat-con-dao-resort-63d9f55e1457a.jpg"", ""https://owa.bestprice.vn/images/hotels/uploads/tan-son-nhat-con-dao-resort-63d9f55e14838.jpg""]"
80c248dd5eb3,c42baea393a3443398d28673,https://www.bestprice.vn/khach-san/tan-son-nhat-con-dao-resort-1060.html,room_detail_7909_3_,Standard Room (Triple),"[""38m 2"", ""3 người lớn, 1 trẻ em"", ""Hướng vườn"", ""1 Giường đôi & 1 Giường đơn""]",38.0,3,1,1 Giường đôi & 1 Giường đơn,Hướng vườn,,,"[""https://owa.bestprice.vn/images/hotels/uploads/tan-son-nhat-con-dao-resort-63d9f55e14af1.jpg""]"
80c248dd5eb3,c48db4db29725aea9f7664c0,https://www.bestprice.vn/khach-san/a-la-carte-da-nang-1324.html,room_detail_5548_2_,Light Studio City View,"[""44m 2"", ""2 người lớn, 2 trẻ em"", ""Hướng thành phố"", ""1 giường đôi""]",44.0,2,2,1 giường đôi,Hướng thành phố,True,1,"[""https://owa.bestprice.vn/images/hotels/uploads/a-la-carte-da-nang-6486e6adcf2b6.jpg"", ""https://owa.bestprice.vn/images/hotels/uploads/a-la-carte-da-nang-6486e6adcf223.jpg""]"
80c248dd5eb3,c48db4db29725aea9f7664c0,https://www.bestprice.vn/khach-san/a-la-carte-da-nang-1324.html,room_detail_5549_2_,Light Plus Ocean Front view,"[""46m 2"", ""2 người lớn, 2 trẻ em"", ""Hướng biển"", ""1 giường đôi""]",46.0,2,2,1 giường đôi,Hướng biển,True,1,"[""https://owa.bestprice.vn/images/hotels/uploads/a-la-carte-da-nang-6486e6adcf3dc.jpg"", ""https://owa.bestprice.vn/images/hotels/uploads/a-la-carte-da-nang-6486e6adcf34c.jpg""]"
80c248dd5eb3,c48db4db29725aea9f7664c0,https://www.bestprice.vn/khach-san/a-la-carte-da-nang-1324.html,room_detail_5550_2_,Delight City View,"[""69m 2"", ""2 người lớn, 2 trẻ em"", ""Hướng thành phố"", ""2 giường đơn / 1 giường lớn""]",69.0,2,2,2 giường đơn / 1 giường lớn,Hướng thành phố,True,1,"[""https://owa.bestprice.vn/images/hotels/uploads/a-la-carte-da-nang-6486e6adcf4f4.jpg"", ""https://owa.bestprice.vn/images/hotels/uploads/a-la-carte-da-nang-6486e6adcf46a.jpg""]"
80c248dd5eb3,c48db4db29725aea9f7664c0,https://www.bestprice.vn/khach-san/a-la-carte-da-nang-1324.html,room_detail_14192_2_,Delight Plus City View for 2 pax,"[""69m 2"", ""2 người lớn, 2 trẻ em"", ""Hướng thành phố"", ""1 giường đôi""]",69.0,2,2,1 giường đôi,Hướng thành phố,True,1,"[""https://owa.bestprice.vn/images/hotels/uploads/a-la-carte-da-nang-6486e6adcf6a5.jpg"", ""https://owa.bestprice.vn/images/hotels/uploads/a-la-carte-da-nang-6486e6adcf617.jpg""]"
80c248dd5eb3,c48db4db29725aea9f7664c0,https://www.bestprice.vn/khach-san/a-la-carte-da-nang-1324.html,room_detail_9853_4_,Delight Plus City View for 4 pax,"[""69m 2"", ""4 người lớn, 2 trẻ em"", ""Hướng biển"", ""1 giường lớn / 1 giường lớn""]",69.0,4,2,1 giường lớn / 1 giường lớn,Hướng biển,True,1,"[""https://owa.bestprice.vn/images/hotels/uploads/a-la-carte-da-nang-6486ea506d94b.jpg"", ""https://owa.bestprice.vn/images/hotels/uploads/a-la-carte-da-nang-6486ea506d8ce.jpg""]"
80c248dd5eb3,c56fcc8d1fdca1c836771f2e,https://www.bestprice.vn/khach-san/michelia-nha-trang-25.html,room_detail_123_2_,Phòng Superior,"[""25m 2"", ""2 người lớn"", ""Hướng thành phố"", ""2 giường đơn / 1 giường đôi""]",25.0,2,,2 giường đơn / 1 giường đôi,Hướng thành phố,,,"[""https://owa.bestprice.vn/images/hotels/uploads/michelia-hotel-5329ad3f59f70.jpg"", ""https://owa.bestprice.vn/images/hotels/uploads/21613291.jpg""]"
80c248dd5eb3,c56fcc8d1fdca1c836771f2e,https://www.bestprice.vn/khach-san/michelia-nha-trang-25.html,room_detail_124_2_,Phòng Deluxe,"[""32m 2"", ""2 người lớn, 1 trẻ em"", ""Hướng thành phố"", ""2 giường đơn / 1 giường đôi""]",32.0,2,1,2 giường đơn / 1 giường đôi,Hướng thành phố,True,1,"[""https://owa.bestprice.vn/images/hotels/uploads/19093034.jpg""]"
80c248dd5eb3,c56fcc8d1fdca1c836771f2e,https://www.bestprice.vn/khach-san/michelia-nha-trang-25.html,room_detail_125_2_,Phòng Junior Deluxe,"[""34m 2"", ""2 người lớn, 1 trẻ em"", ""Hướng thành phố"", ""2 giường đơn / 1 giường đôi""]",34.0,2,1,2 giường đơn / 1 giường đôi,Hướng thành phố,True,1,"[""https://owa.bestprice.vn/images/hotels/uploads/27070189.jpg"", ""https://owa.bestprice.vn/images/hotels/uploads/19094075.jpg""]"
80c248dd5eb3,c56fcc8d1fdca1c836771f2e,https://www.bestprice.vn/khach-san/michelia-nha-trang-25.html,room_detail_126_2_,Phòng Deluxe Premier,"[""45m 2"", ""2 người lớn, 1 trẻ em"", ""Hướng biển"", ""2 giường đơn / 1 giường đôi""]",45.0,2,1,2 giường đơn / 1 giường đôi,Hướng biển,True,1,"[""https://owa.bestprice.vn/images/hotels/uploads/michelia-hotel-5329ad3f59df5.jpg"", ""https://owa.bestprice.vn/images/hotels/uploads/michelia-hotel-5329ad3f59e72.jpg""]"
80c248dd5eb3,c56fcc8d1fdca1c836771f2e,https://www.bestprice.vn/khach-san/michelia-nha-trang-25.html,room_detail_127_2_,Phòng Suite Premier,"[""55m 2"", ""2 người lớn, 1 trẻ em"", ""Hướng biển"", ""1 giường đôi""]",55.0,2,1,1 giường đôi,Hướng biển,True,1,"[""https://owa.bestprice.vn/images/hotels/uploads/michelia-hotel-5329ad3f59ef4.jpg"", ""https://owa.bestprice.vn/images/hotels/uploads/19094049.jpg""]"
80c248dd5eb3,c56fcc8d1fdca1c836771f2e,https://www.bestprice.vn/khach-san/michelia-nha-trang-25.html,room_detail_128_2_,Phòng TTC Suite,"[""65m 2"", ""2 người lớn, 1 trẻ em"", ""Hướng biển"", ""1 giường đôi""]",65.0,2,1,1 giường đôi,Hướng biển,True,1,"[""https://owa.bestprice.vn/images/hotels/uploads/michelia-hotel-5329ad3f59d5d.jpg"", ""https://owa.bestprice.vn/images/hotels/uploads/19093182.jpg"", ""https://owa.bestprice.vn/images/hotels/uploads/22315883.jpg""]"
80c248dd5eb3,c7316f4d6fd4885d518a4bf1,https://www.bestprice.vn/khach-san/central-hotel-thanh-hoa-1637.html,room_detail_7699_2_,Premium King,"[""32m 2"", ""2 người lớn, 1 trẻ em"", ""1 giường đôi""]",32.0,2,1,1 giường đôi,,True,1,"[""https://owa.bestprice.vn/images/hotels/uploads/central-hotel-thanh-hoa-649506aae00ea.jpg"", ""https://owa.bestprice.vn/images/hotels/uploads/central-hotel-thanh-hoa-649506aae0068.jpg""]"
80c248dd5eb3,c7316f4d6fd4885d518a4bf1,https://www.bestprice.vn/khach-san/central-hotel-thanh-hoa-1637.html,room_detail_7700_2_,Premium Twin,"[""32m 2"", ""2 người lớn, 1 trẻ em"", ""2 giường đơn""]",32.0,2,1,2 giường đơn,,True,1,"[""https://owa.bestprice.vn/images/hotels/uploads/central-hotel-thanh-hoa-649506aae01ec.jpg"", ""https://owa.bestprice.vn/images/hotels/uploads/central-hotel-thanh-hoa-649506aae016b.jpg""]"
80c248dd5eb3,c7316f4d6fd4885d518a4bf1,https://www.bestprice.vn/khach-san/central-hotel-thanh-hoa-1637.html,room_detail_7701_2_,Central Suite,"[""64m 2"", ""2 người lớn, 1 trẻ em"", ""1 giường lớn""]",64.0,2,1,1 giường lớn,,True,1,"[""https://owa.bestprice.vn/images/hotels/uploads/central-hotel-thanh-hoa-649506aae036b.jpg"", ""https://owa.bestprice.vn/images/hotels/uploads/central-hotel-thanh-hoa-649506aae02ec.jpg"", ""https://owa.bestprice.vn/images/hotels/uploads/central-hotel-thanh-hoa-649506aae026c.jpg""]"
80c248dd5eb3,c732806bad45c0be959c1254,https://www.bestprice.vn/khach-san/ttc-hotel-premium-can-tho-1677.html,room_detail_7894_2_,Deluxe City View,"[""35m 2"", ""2 người lớn, 1 trẻ em"", ""Hướng thành phố"", ""2 giường đơn / 1 giường đôi""]",35.0,2,1,2 giường đơn / 1 giường đôi,Hướng thành phố,True,1,"[""https://owa.bestprice.vn/images/hotels/uploads/ttc-hotel-premium-can-tho-65d713dd99775.jpg""]"
80c248dd5eb3,c732806bad45c0be959c1254,https://www.bestprice.vn/khach-san/ttc-hotel-premium-can-tho-1677.html,room_detail_7895_2_,Deluxe River View,"[""37m 2"", ""2 người lớn, 1 trẻ em"", ""Hướng sông"", ""2 giường đơn / 1 giường đôi""]",37.0,2,1,2 giường đơn / 1 giường đôi,Hướng sông,True,1,"[""https://owa.bestprice.vn/images/hotels/uploads/ttc-hotel-premium-can-tho-65d714418e124.jpg""]"
80c248dd5eb3,c732806bad45c0be959c1254,https://www.bestprice.vn/khach-san/ttc-hotel-premium-can-tho-1677.html,room_detail_20307_2_,Deluxe City View Triple,"[""35m 2"", ""2 người lớn, 1 trẻ em"", ""Hướng thành phố"", ""3 giường đơn""]",35.0,2,1,3 giường đơn,Hướng thành phố,True,1,"[""https://owa.bestprice.vn/images/hotels/uploads/ttc-hotel-premium-can-tho-65d715416a9ff.jpg""]"
80c248dd5eb3,c732806bad45c0be959c1254,https://www.bestprice.vn/khach-san/ttc-hotel-premium-can-tho-1677.html,room_detail_20308_2_,Deluxe River View Triple,"[""39m 2"", ""2 người lớn, 1 trẻ em"", ""Hướng sông"", ""3 giường đơn""]",39.0,2,1,3 giường đơn,Hướng sông,True,1,"[""https://owa.bestprice.vn/images/hotels/uploads/ttc-hotel-premium-can-tho-65d714d228eeb.jpg""]"
80c248dd5eb3,c732806bad45c0be959c1254,https://www.bestprice.vn/khach-san/ttc-hotel-premium-can-tho-1677.html,room_detail_7896_2_,Executive River View,"[""37m 2"", ""2 người lớn, 1 trẻ em"", ""Hướng sông"", ""1 giường lớn""]",37.0,2,1,1 giường lớn,Hướng sông,True,1,"[""https://owa.bestprice.vn/images/hotels/uploads/ttc-hotel-premium-can-tho-62dfb5cf2ede3.jpg"", ""https://owa.bestprice.vn/images/hotels/uploads/ttc-hotel-premium-can-tho-62dfb5cf2ee8e.jpg""]"
80c248dd5eb3,c732806bad45c0be959c1254,https://www.bestprice.vn/khach-san/ttc-hotel-premium-can-tho-1677.html,room_detail_7897_2_,Suite River View,"[""75m 2"", ""2 người lớn, 1 trẻ em"", ""Hướng sông"", ""1 giường lớn""]",75.0,2,1,1 giường lớn,Hướng sông,True,1,"[""https://owa.bestprice.vn/images/hotels/uploads/ttc-hotel-premium-can-tho-62dfb5cf2f483.jpg"", ""https://owa.bestprice.vn/images/hotels/uploads/ttc-hotel-premium-can-tho-62dfb5cf2f530.jpg""]"
80c248dd5eb3,c732806bad45c0be959c1254,https://www.bestprice.vn/khach-san/ttc-hotel-premium-can-tho-1677.html,room_detail_7898_4_,President River View,"[""115m 2"", ""4 người lớn, 2 trẻ em"", ""Hướng sông"", ""1 giường lớn""]",115.0,4,2,1 giường lớn,Hướng sông,True,1,"[""https://owa.bestprice.vn/images/hotels/uploads/ttc-hotel-premium-can-tho-62dfb5cf2f086.jpg"", ""https://owa.bestprice.vn/images/hotels/uploads/ttc-hotel-premium-can-tho-65d715dd73581.jpg""]"
80c248dd5eb3,c85aa08a011ad8347fc79290,https://www.bestprice.vn/khach-san/seashells-phu-quoc-hotel-spa-1487.html,room_detail_6783_2_,Classic City View Room,"[""33m 2"", ""2 người lớn, 2 trẻ em"", ""Hướng thành phố"", ""2 giường đơn / 1 giường đôi""]",33.0,2,2,2 giường đơn / 1 giường đôi,Hướng thành phố,True,1,"[""https://owa.bestprice.vn/images/hotels/uploads/seashells-phu-quoc-hotel-spa-63e4b64532a21.jpg"", ""https://owa.bestprice.vn/images/hotels/uploads/seashells-phu-quoc-hotel-spa-63e4b64532587.jpg"", ""https://owa.bestprice.vn/images/hotels/uploads/seashells-phu-quoc-hotel-spa-63e4b645324f5.jpg""]"
80c248dd5eb3,c85aa08a011ad8347fc79290,https://www.bestprice.vn/khach-san/seashells-phu-quoc-hotel-spa-1487.html,room_detail_6784_2_,Premium City View Room,"[""33m 2"", ""2 người lớn, 2 trẻ em"", ""Hướng biển"", ""2 giường đơn / 1 giường lớn""]",33.0,2,2,2 giường đơn / 1 giường lớn,Hướng biển,True,1,"[""https://owa.bestprice.vn/images/hotels/uploads/seashells-phu-quoc-hotel-spa-63e4b645321d6.jpg"", ""https://owa.bestprice.vn/images/hotels/uploads/seashells-phu-quoc-hotel-spa-63e4b6453286b.jpg"", ""https://owa.bestprice.vn/images/hotels/uploads/seashells-phu-quoc-hotel-spa-63e4b645328fd.jpg""]"
80c248dd5eb3,c85aa08a011ad8347fc79290,https://www.bestprice.vn/khach-san/seashells-phu-quoc-hotel-spa-1487.html,room_detail_6785_2_,Classic Ocean View Room,"[""33m 2"", ""2 người lớn, 2 trẻ em"", ""Hướng biển"", ""2 giường đơn / 1 giường lớn""]",33.0,2,2,2 giường đơn / 1 giường lớn,Hướng biển,True,1,"[""https://owa.bestprice.vn/images/hotels/uploads/seashells-phu-quoc-hotel-spa-63e4b64532118.jpg"", ""https://owa.bestprice.vn/images/hotels/uploads/seashells-phu-quoc-hotel-spa-63e4b64532619.jpg"", ""https://owa.bestprice.vn/images/hotels/uploads/seashells-phu-quoc-hotel-spa-63e4b645326ad.jpg""]"
80c248dd5eb3,c85aa08a011ad8347fc79290,https://www.bestprice.vn/khach-san/seashells-phu-quoc-hotel-spa-1487.html,room_detail_6786_2_,Premium Ocean View Room,"[""33m 2"", ""2 người lớn, 2 trẻ em"", ""Hướng biển"", ""2 giường đơn / 1 giường lớn""]",33.0,2,2,2 giường đơn / 1 giường lớn,Hướng biển,True,1,"[""https://owa.bestprice.vn/images/hotels/uploads/seashells-phu-quoc-hotel-spa-63e4b645323cc.jpg"", ""https://owa.bestprice.vn/images/hotels/uploads/seashells-phu-quoc-hotel-spa-63e4b6453298f.jpg""]"
80c248dd5eb3,c85aa08a011ad8347fc79290,https://www.bestprice.vn/khach-san/seashells-phu-quoc-hotel-spa-1487.html,room_detail_6787_2_,Junior Suite Ocean View Bedroom,"[""40m 2"", ""2 người lớn, 2 trẻ em"", ""Hướng biển"", ""1 giường lớn""]",40.0,2,2,1 giường lớn,Hướng biển,True,1,"[""https://owa.bestprice.vn/images/hotels/uploads/seashells-phu-quoc-hotel-spa-63e4b64532463.jpg"", ""https://owa.bestprice.vn/images/hotels/uploads/seashells-phu-quoc-hotel-spa-63e4b645327d8.jpg""]"
80c248dd5eb3,c85aa08a011ad8347fc79290,https://www.bestprice.vn/khach-san/seashells-phu-quoc-hotel-spa-1487.html,room_detail_20416_0_,Family Ocean View Two-Bedroom,"[""0m 2"", ""0 người lớn"", ""1 giường lớn""]",0.0,0,,1 giường lớn,,,,[]
80c248dd5eb3,c85aa08a011ad8347fc79290,https://www.bestprice.vn/khach-san/seashells-phu-quoc-hotel-spa-1487.html,room_detail_6788_2_,Executive Suite Ocean View,"[""33m 2"", ""2 người lớn, 2 trẻ em"", ""Hướng biển"", ""1 giường đôi""]",33.0,2,2,1 giường đôi,Hướng biển,True,1,"[""https://owa.bestprice.vn/images/hotels/uploads/seashells-phu-quoc-hotel-spa-63e4b6453226c.jpg"", ""https://owa.bestprice.vn/images/hotels/uploads/seashells-phu-quoc-hotel-spa-63e4b64532740.jpg""]"
80c248dd5eb3,c85aa08a011ad8347fc79290,https://www.bestprice.vn/khach-san/seashells-phu-quoc-hotel-spa-1487.html,room_detail_9191_4_,Phú Quốc Suite 2 Bedroom,"[""65m 2"", ""4 người lớn, 2 trẻ em"", ""Hướng biển"", ""2 giường lớn""]",65.0,4,2,2 giường lớn,Hướng biển,True,1,"[""https://owa.bestprice.vn/images/hotels/uploads/seashells-phu-quoc-hotel-spa-63e4b6453230f.jpg"", ""https://owa.bestprice.vn/images/hotels/uploads/seashells-phu-quoc-hotel-spa-63e4b64532ab3.jpg""]"
80c248dd5eb3,c8d701875409f9201ae130e9,https://www.bestprice.vn/khach-san/front-pool-villa-1633.html,room_detail_7683_10_,Villa,"[""150m 2"", ""10 người lớn, 5 trẻ em"", ""Hướng hồ"", ""3 giường đôi / 1 giường lớn / 1 Giường đôi & 2 Giường đơn""]",150.0,10,5,3 giường đôi / 1 giường lớn / 1 Giường đôi & 2 Giường đơn,Hướng hồ,,,"[""https://owa.bestprice.vn/images/hotels/uploads/front-pool-villa-5db3a988b3268.jpg"", ""https://owa.bestprice.vn/images/hotels/uploads/front-pool-villa-5db3a988b2fc3.jpg"", ""https://owa.bestprice.vn/images/hotels/uploads/front-pool-villa-5db9326c69913.jpg""]"
80c248dd5eb3,c8f8153306e86fd78feb53c7,https://www.bestprice.vn/khach-san/emeralda-resort-ninh-binh-1032.html,room_detail_4330_2_,Phòng Superior,"[""50m 2"", ""2 người lớn, 2 trẻ em"", ""Hướng vườn"", ""2 giường đơn / 1 giường đôi""]",50.0,2,2,2 giường đơn / 1 giường đôi,Hướng vườn,True,1,"[""https://owa.bestprice.vn/images/hotels/uploads/emeralda-resort-ninh-binh-63c4f94cd4d14.jpg"", ""https://owa.bestprice.vn/images/hotels/uploads/emeralda-resort-ninh-binh-63c4f94cd4d99.jpg""]"
80c248dd5eb3,c8f8153306e86fd78feb53c7,https://www.bestprice.vn/khach-san/emeralda-resort-ninh-binh-1032.html,room_detail_4331_2_,Phòng Deluxe,"[""77m 2"", ""2 người lớn, 2 trẻ em"", ""Hướng vườn"", ""2 giường đơn / 1 giường đôi""]",77.0,2,2,2 giường đơn / 1 giường đôi,Hướng vườn,True,1,"[""https://owa.bestprice.vn/images/hotels/uploads/emeralda-resort-ninh-binh-63c4f94cd4ea2.jpg"", ""https://owa.bestprice.vn/images/hotels/uploads/emeralda-resort-ninh-binh-63c4f94cd4e1d.jpg""]"
80c248dd5eb3,c8f8153306e86fd78feb53c7,https://www.bestprice.vn/khach-san/emeralda-resort-ninh-binh-1032.html,room_detail_4332_4_,Phòng Duplex Family,"[""107m 2"", ""4 người lớn, 2 trẻ em"", ""Hướng vườn"", ""1 Giường đôi & 2 Giường đơn""]",107.0,4,2,1 Giường đôi & 2 Giường đơn,Hướng vườn,True,1,"[""https://owa.bestprice.vn/images/hotels/uploads/emeralda-resort-ninh-binh-63c4f94cd4c90.jpg"", ""https://owa.bestprice.vn/images/hotels/uploads/emeralda-resort-ninh-binh-63c4f94cd4c0b.jpg"", ""https://owa.bestprice.vn/images/hotels/uploads/emeralda-resort-ninh-binh-63c4f94cd4b86.jpg""]"
80c248dd5eb3,cae3d84e7cf27a67f0e7ff54,https://www.bestprice.vn/khach-san/mango-bay-resort-phu-quoc-158.html,room_detail_14152_2_,Superior Seaview Veranda Room,"[""30m 2"", ""2 người lớn, 2 trẻ em"", ""Hướng biển"", ""2 giường đơn / 1 giường đôi""]",30.0,2,2,2 giường đơn / 1 giường đôi,Hướng biển,True,1,"[""https://owa.bestprice.vn/images/hotels/uploads/mango-bay-resort-phu-quoc-6475cb9de8da5.jpg"", ""https://owa.bestprice.vn/images/hotels/uploads/mango-bay-resort-phu-quoc-6475cb9de8e2f.jpg""]"
80c248dd5eb3,cae3d84e7cf27a67f0e7ff54,https://www.bestprice.vn/khach-san/mango-bay-resort-phu-quoc-158.html,room_detail_14153_2_,Superior Gardenview Rammed Earth Bungalow,"[""30m 2"", ""2 người lớn, 2 trẻ em"", ""Hướng vườn"", ""1 giường đôi""]",30.0,2,2,1 giường đôi,Hướng vườn,True,1,"[""https://owa.bestprice.vn/images/hotels/uploads/mango-bay-resort-phu-quoc-6475cb9de8eb6.jpg"", ""https://owa.bestprice.vn/images/hotels/uploads/mango-bay-resort-phu-quoc-6475cb9de8f3c.jpg""]"
80c248dd5eb3,cae3d84e7cf27a67f0e7ff54,https://www.bestprice.vn/khach-san/mango-bay-resort-phu-quoc-158.html,room_detail_14154_2_,Superior Seaview Fisherman Bungalow,"[""35m 2"", ""2 người lớn, 2 trẻ em"", ""Hướng biển"", ""1 giường lớn""]",35.0,2,2,1 giường lớn,Hướng biển,True,1,"[""https://owa.bestprice.vn/images/hotels/uploads/mango-bay-resort-phu-quoc-6475cd7e390ed.jpg"", ""https://owa.bestprice.vn/images/hotels/uploads/mango-bay-resort-phu-quoc-6475cd7e39182.jpg""]"
80c248dd5eb3,cae3d84e7cf27a67f0e7ff54,https://www.bestprice.vn/khach-san/mango-bay-resort-phu-quoc-158.html,room_detail_14155_2_,Deluxe Private Garden Plantation Bungalow,"[""60m 2"", ""2 người lớn, 2 trẻ em"", ""Hướng vườn"", ""1 giường lớn""]",60.0,2,2,1 giường lớn,Hướng vườn,True,1,"[""https://owa.bestprice.vn/images/hotels/uploads/mango-bay-resort-phu-quoc-6475cd7e3920b.jpg"", ""https://owa.bestprice.vn/images/hotels/uploads/mango-bay-resort-phu-quoc-6475cd7e39292.jpg""]"
80c248dd5eb3,cae3d84e7cf27a67f0e7ff54,https://www.bestprice.vn/khach-san/mango-bay-resort-phu-quoc-158.html,room_detail_14156_2_,Deluxe Seaview Plantation Bungalow,"[""60m 2"", ""2 người lớn, 2 trẻ em"", ""Hướng biển"", ""1 giường lớn""]",60.0,2,2,1 giường lớn,Hướng biển,True,1,"[""https://owa.bestprice.vn/images/hotels/uploads/mango-bay-resort-phu-quoc-6475cd7e39318.jpg"", ""https://owa.bestprice.vn/images/hotels/uploads/mango-bay-resort-phu-quoc-64a283e2b4cee.jpg""]"
80c248dd5eb3,cae3d84e7cf27a67f0e7ff54,https://www.bestprice.vn/khach-san/mango-bay-resort-phu-quoc-158.html,room_detail_14157_2_,Superior Seaview Family Bungalow,"[""65m 2"", ""2 người lớn, 2 trẻ em"", ""Hướng biển"", ""1 Giường đôi & 2 Giường đơn""]",65.0,2,2,1 Giường đôi & 2 Giường đơn,Hướng biển,True,1,"[""https://owa.bestprice.vn/images/hotels/uploads/mango-bay-resort-phu-quoc-6475ce39a431d.jpg"", ""https://owa.bestprice.vn/images/hotels/uploads/mango-bay-resort-phu-quoc-6475ce39a43b5.jpg""]"
80c248dd5eb3,cae3d84e7cf27a67f0e7ff54,https://www.bestprice.vn/khach-san/mango-bay-resort-phu-quoc-158.html,room_detail_14158_2_,Private Bay View Villa,"[""240m 2"", ""2 người lớn, 2 trẻ em"", ""Hướng biển"", ""1 giường đôi""]",240.0,2,2,1 giường đôi,Hướng biển,True,1,"[""https://owa.bestprice.vn/images/hotels/uploads/mango-bay-resort-phu-quoc-6475ce39a443e.jpg"", ""https://owa.bestprice.vn/images/hotels/uploads/mango-bay-resort-phu-quoc-6475ce39a44c4.jpg""]"
80c248dd5eb3,cae3d84e7cf27a67f0e7ff54,https://www.bestprice.vn/khach-san/mango-bay-resort-phu-quoc-158.html,room_detail_14159_2_,Deluxe Seaview Reef House,"[""120m 2"", ""2 người lớn, 2 trẻ em"", ""Hướng biển"", ""2 giường đôi""]",120.0,2,2,2 giường đôi,Hướng biển,True,1,"[""https://owa.bestprice.vn/images/hotels/uploads/mango-bay-resort-phu-quoc-6475cf84973d7.jpg"", ""https://owa.bestprice.vn/images/hotels/uploads/mango-bay-resort-phu-quoc-6475cf849746d.jpg""]"
80c248dd5eb3,cd58036cb19e384f7ad5cb87,https://www.bestprice.vn/khach-san/thanh-binh-riverside-hoi-an-68.html,room_detail_317_2_,Phòng Deluxe Hướng Vườn & Phố,"[""40m 2"", ""2 người lớn, 1 trẻ em"", ""Hướng vườn"", ""2 giường đơn / 1 giường đôi""]",40.0,2,1,2 giường đơn / 1 giường đôi,Hướng vườn,True,1,"[""https://owa.bestprice.vn/images/hotels/uploads/khach-san-thanh-binh-riverside-hoi-an-62cb7c9957873.jpg"", ""https://owa.bestprice.vn/images/hotels/uploads/khach-san-thanh-binh-riverside-hoi-an-62cb7c9957afb.jpg"", ""https://owa.bestprice.vn/images/hotels/uploads/khach-san-thanh-binh-riverside-hoi-an-62cb7c9957b9d.jpg""]"
80c248dd5eb3,cd58036cb19e384f7ad5cb87,https://www.bestprice.vn/khach-san/thanh-binh-riverside-hoi-an-68.html,room_detail_318_2_,Phòng Deluxe Hướng Sông,"[""45m 2"", ""2 người lớn, 1 trẻ em"", ""Hướng sông"", ""2 giường đơn / 1 giường đôi""]",45.0,2,1,2 giường đơn / 1 giường đôi,Hướng sông,True,1,"[""https://owa.bestprice.vn/images/hotels/uploads/khach-san-thanh-binh-riverside-hoi-an-62cb7c9957917.jpg"", ""https://owa.bestprice.vn/images/hotels/uploads/khach-san-thanh-binh-riverside-hoi-an-62cb7c99579b9.jpg"", ""https://owa.bestprice.vn/images/hotels/uploads/khach-san-thanh-binh-riverside-hoi-an-62cb7c9957a5a.jpg""]"
80c248dd5eb3,cd58036cb19e384f7ad5cb87,https://www.bestprice.vn/khach-san/thanh-binh-riverside-hoi-an-68.html,room_detail_319_2_,Phòng King Suite,"[""52m 2"", ""2 người lớn, 1 trẻ em"", ""Hướng sông"", ""1 giường lớn""]",52.0,2,1,1 giường lớn,Hướng sông,True,1,"[""https://owa.bestprice.vn/images/hotels/uploads/khach-san-thanh-binh-riverside-hoi-an-62cb7c9957cdf.jpg"", ""https://owa.bestprice.vn/images/hotels/uploads/khach-san-thanh-binh-riverside-hoi-an-62cb7c9957d80.jpg""]"
80c248dd5eb3,ce4ac06ab4836d3acc94e729,https://www.bestprice.vn/khach-san/seava-ho-tram-resort-1771.html,room_detail_8425_2_,Exe Garden Deluxe,"[""32m 2"", ""2 người lớn, 1 trẻ em"", ""Hướng vườn"", ""2 giường đơn / 1 giường lớn""]",32.0,2,1,2 giường đơn / 1 giường lớn,Hướng vườn,True,1,"[""https://owa.bestprice.vn/images/hotels/uploads/ho-coc-beach-resort-5f27732456e7c.jpg""]"
80c248dd5eb3,ce4ac06ab4836d3acc94e729,https://www.bestprice.vn/khach-san/seava-ho-tram-resort-1771.html,room_detail_14283_2_,Premium Garden Deluxe,"[""35m 2"", ""2 người lớn, 1 trẻ em"", ""Hướng vườn"", ""1 giường đôi""]",35.0,2,1,1 giường đôi,Hướng vườn,True,1,"[""https://owa.bestprice.vn/images/hotels/uploads/ho-coc-beach-resort-5f2770ffc89ed.jpg""]"
80c248dd5eb3,ce4ac06ab4836d3acc94e729,https://www.bestprice.vn/khach-san/seava-ho-tram-resort-1771.html,room_detail_8426_2_,Premium Wooden Deluxe,"[""40m 2"", ""2 người lớn, 1 trẻ em"", ""Hướng vườn"", ""2 giường đơn / 1 giường đôi""]",40.0,2,1,2 giường đơn / 1 giường đôi,Hướng vườn,True,1,"[""https://owa.bestprice.vn/images/hotels/uploads/ho-coc-beach-resort-5f277250e92ba.jpg""]"
80c248dd5eb3,ce4ac06ab4836d3acc94e729,https://www.bestprice.vn/khach-san/seava-ho-tram-resort-1771.html,room_detail_8428_2_,Premium Suite,"[""50m 2"", ""2 người lớn, 1 trẻ em"", ""Hướng bãi biển"", ""2 giường đôi""]",50.0,2,1,2 giường đôi,Hướng bãi biển,True,1,"[""https://owa.bestprice.vn/images/hotels/uploads/ho-coc-beach-resort-5f2770ffc8941.jpg""]"
80c248dd5eb3,ce4ac06ab4836d3acc94e729,https://www.bestprice.vn/khach-san/seava-ho-tram-resort-1771.html,room_detail_8427_2_,Family Room - 4 pax,"[""50m 2"", ""2 người lớn, 1 trẻ em"", ""Hướng bãi biển"", ""2 giường đơn / 1 giường lớn""]",50.0,2,1,2 giường đơn / 1 giường lớn,Hướng bãi biển,True,1,"[""https://owa.bestprice.vn/images/hotels/uploads/ho-coc-beach-resort-5f2771b732fed.jpg""]"
80c248dd5eb3,ce4ac06ab4836d3acc94e729,https://www.bestprice.vn/khach-san/seava-ho-tram-resort-1771.html,room_detail_8429_2_,Family Room - 6 pax,"[""50m 2"", ""2 người lớn, 1 trẻ em"", ""Hướng bãi biển"", ""2 giường lớn""]",50.0,2,1,2 giường lớn,Hướng bãi biển,True,1,"[""https://owa.bestprice.vn/images/hotels/uploads/ho-coc-beach-resort-5f276f47a727c.jpg""]"
80c248dd5eb3,ce4ac06ab4836d3acc94e729,https://www.bestprice.vn/khach-san/seava-ho-tram-resort-1771.html,room_detail_14281_2_,Aqua Villa - 1 bedroom,"[""240m 2"", ""2 người lớn, 1 trẻ em"", ""1 giường đôi""]",240.0,2,1,1 giường đôi,,True,1,"[""https://owa.bestprice.vn/images/hotels/uploads/ho-coc-beach-resort-5f2771b732f35.jpg""]"
80c248dd5eb3,ce4ac06ab4836d3acc94e729,https://www.bestprice.vn/khach-san/seava-ho-tram-resort-1771.html,room_detail_14282_2_,Grand Villa - 2 bedrooms,"[""420m 2"", ""2 người lớn, 1 trẻ em"", ""2 giường đôi""]",420.0,2,1,2 giường đôi,,True,1,"[""https://owa.bestprice.vn/images/hotels/uploads/ho-coc-beach-resort-5f27732456f29.jpg""]"
80c248dd5eb3,d18a79caab5d01dab6882419,https://www.bestprice.vn/khach-san/melia-ba-vi-mountain-retreat-1544.html,room_detail_7188_2_,Deluxe,"[""45m 2"", ""2 người lớn, 2 trẻ em"", ""1 giường đôi""]",45.0,2,2,1 giường đôi,,True,1,"[""https://owa.bestprice.vn/images/hotels/uploads/melia-ba-vi-mountain-retreat-63e07e6576fe8.jpg"", ""https://owa.bestprice.vn/images/hotels/uploads/melia-ba-vi-mountain-retreat-63e07e6576f5d.jpg""]"
80c248dd5eb3,d18a79caab5d01dab6882419,https://www.bestprice.vn/khach-san/melia-ba-vi-mountain-retreat-1544.html,room_detail_7189_2_,Premium,"[""48m 2"", ""2 người lớn, 2 trẻ em"", ""2 giường đơn / 1 giường đôi""]",48.0,2,2,2 giường đơn / 1 giường đôi,,True,1,"[""https://owa.bestprice.vn/images/hotels/uploads/melia-ba-vi-mountain-retreat-63e07e657729f.jpg"", ""https://owa.bestprice.vn/images/hotels/uploads/melia-ba-vi-mountain-retreat-63e07e657692f.jpg""]"
80c248dd5eb3,d18a79caab5d01dab6882419,https://www.bestprice.vn/khach-san/melia-ba-vi-mountain-retreat-1544.html,room_detail_7190_2_,Junior Suite,"[""60m 2"", ""2 người lớn, 2 trẻ em"", ""2 giường đơn / 1 giường đôi""]",60.0,2,2,2 giường đơn / 1 giường đôi,,True,1,"[""https://owa.bestprice.vn/images/hotels/uploads/melia-ba-vi-mountain-retreat-63e07e6577214.jpg"", ""https://owa.bestprice.vn/images/hotels/uploads/melia-ba-vi-mountain-retreat-63e07e6576ed2.jpg""]"
80c248dd5eb3,d18a79caab5d01dab6882419,https://www.bestprice.vn/khach-san/melia-ba-vi-mountain-retreat-1544.html,room_detail_7191_2_,Suite,"[""65m 2"", ""2 người lớn, 2 trẻ em"", ""2 giường đơn / 1 giường đôi""]",65.0,2,2,2 giường đơn / 1 giường đôi,,True,1,"[""https://owa.bestprice.vn/images/hotels/uploads/melia-ba-vi-mountain-retreat-63e07e65773c7.jpg"", ""https://owa.bestprice.vn/images/hotels/uploads/melia-ba-vi-mountain-retreat-63e07e6576c18.jpg""]"
80c248dd5eb3,d18a79caab5d01dab6882419,https://www.bestprice.vn/khach-san/melia-ba-vi-mountain-retreat-1544.html,room_detail_10883_2_,Grand Suite,"[""95m 2"", ""2 người lớn, 2 trẻ em"", ""Hướng vườn"", ""1 giường lớn""]",95.0,2,2,1 giường lớn,Hướng vườn,True,1,"[""https://owa.bestprice.vn/images/hotels/uploads/melia-ba-vi-mountain-retreat-63e07e6577189.jpg"", ""https://owa.bestprice.vn/images/hotels/uploads/melia-ba-vi-mountain-retreat-63e07e65769e8.jpg""]"
80c248dd5eb3,d18a79caab5d01dab6882419,https://www.bestprice.vn/khach-san/melia-ba-vi-mountain-retreat-1544.html,room_detail_10885_4_,Family Master Suite,"[""82m 2"", ""4 người lớn, 4 trẻ em"", ""Hướng vườn"", ""2 giường đôi""]",82.0,4,4,2 giường đôi,Hướng vườn,True,1,"[""https://owa.bestprice.vn/images/hotels/uploads/melia-ba-vi-mountain-retreat-63e07e6577073.jpg"", ""https://owa.bestprice.vn/images/hotels/uploads/melia-ba-vi-mountain-retreat-63e07e65770fe.jpg""]"
80c248dd5eb3,d18a79caab5d01dab6882419,https://www.bestprice.vn/khach-san/melia-ba-vi-mountain-retreat-1544.html,room_detail_7192_6_,Villa 3 Bedroom with Pool,"[""126m 2"", ""6 người lớn, 5 trẻ em"", ""Hướng núi"", ""3 giường đôi""]",126.0,6,5,3 giường đôi,Hướng núi,True,1,"[""https://owa.bestprice.vn/images/hotels/uploads/melia-ba-vi-mountain-retreat-63e1f3e2a7dff.jpg"", ""https://owa.bestprice.vn/images/hotels/uploads/melia-ba-vi-mountain-retreat-63e1f3e2a7f2b.jpg""]"
80c248dd5eb3,d18a79caab5d01dab6882419,https://www.bestprice.vn/khach-san/melia-ba-vi-mountain-retreat-1544.html,room_detail_10887_10_,Villa 5 Bedroom with Pool,"[""375m 2"", ""10 người lớn, 5 trẻ em"", ""Hướng núi"", ""3 giường đôi""]",375.0,10,5,3 giường đôi,Hướng núi,True,1,"[""https://owa.bestprice.vn/images/hotels/uploads/melia-ba-vi-mountain-retreat-63e1f3e2a7d63.jpg"", ""https://owa.bestprice.vn/images/hotels/uploads/melia-ba-vi-mountain-retreat-63e1f3e2a7e9e.jpg""]"
80c248dd5eb3,d585a3557aeecadf750346f1,https://www.bestprice.vn/khach-san/melia-vinpearl-phu-ly-1495.html,room_detail_6826_2_,Deluxe Room,"[""31m 2"", ""2 người lớn, 2 trẻ em"", ""Hướng thành phố"", ""2 giường đơn / 1 giường lớn""]",31.0,2,2,2 giường đơn / 1 giường lớn,Hướng thành phố,True,1,"[""https://owa.bestprice.vn/images/hotels/uploads/vinpearl-condotel-phu-ly-5bff639b8180c.jpg""]"
80c248dd5eb3,d585a3557aeecadf750346f1,https://www.bestprice.vn/khach-san/melia-vinpearl-phu-ly-1495.html,room_detail_6827_2_,Premium Room,"[""38m 2"", ""2 người lớn, 2 trẻ em"", ""Hướng thành phố"", ""2 giường đơn / 1 giường lớn""]",38.0,2,2,2 giường đơn / 1 giường lớn,Hướng thành phố,True,1,"[""https://owa.bestprice.vn/images/hotels/uploads/vinpearl-condotel-phu-ly-5bff639b81905.jpg""]"
80c248dd5eb3,d585a3557aeecadf750346f1,https://www.bestprice.vn/khach-san/melia-vinpearl-phu-ly-1495.html,room_detail_6828_2_,Suite Room,"[""71m 2"", ""2 người lớn, 2 trẻ em"", ""Hướng thành phố"", ""1 giường lớn""]",71.0,2,2,1 giường lớn,Hướng thành phố,True,1,"[""https://owa.bestprice.vn/images/hotels/uploads/vinpearl-condotel-phu-ly-5bff639b81ae9.jpg""]"
80c248dd5eb3,d6df4f7842aa07e53b726a0d,https://www.bestprice.vn/khach-san/tam-coc-la-montagne-resort-spa-1558.html,room_detail_7271_2_,Phòng Classic,"[""25m 2"", ""2 người lớn, 1 trẻ em"", ""Hướng vườn"", ""1 giường đôi""]",25.0,2,1,1 giường đôi,Hướng vườn,True,1,"[""https://owa.bestprice.vn/images/hotels/uploads/tam-coc-la-montagne-resort-spa-5f39f1033a5a9.jpg""]"
80c248dd5eb3,d6df4f7842aa07e53b726a0d,https://www.bestprice.vn/khach-san/tam-coc-la-montagne-resort-spa-1558.html,room_detail_7770_2_,Phòng Classic Premium,"[""28m 2"", ""2 người lớn, 1 trẻ em"", ""Hướng vườn"", ""2 giường đơn / 1 giường đôi""]",28.0,2,1,2 giường đơn / 1 giường đôi,Hướng vườn,True,1,"[""https://owa.bestprice.vn/images/hotels/uploads/tam-coc-la-montagne-resort-spa-5dbaa3e04c561.jpg""]"
80c248dd5eb3,d6df4f7842aa07e53b726a0d,https://www.bestprice.vn/khach-san/tam-coc-la-montagne-resort-spa-1558.html,room_detail_7272_2_,Phòng Deluxe,"[""30m 2"", ""2 người lớn, 1 trẻ em"", ""Hướng hồ"", ""2 giường đơn / 1 giường đôi""]",30.0,2,1,2 giường đơn / 1 giường đôi,Hướng hồ,True,1,"[""https://owa.bestprice.vn/images/hotels/uploads/tam-coc-la-montagne-resort-spa-5dbaa3e04c8a6.jpg"", ""https://owa.bestprice.vn/images/hotels/uploads/tam-coc-la-montagne-resort-spa-5d4a556657f2f.jpg""]"
80c248dd5eb3,d6df4f7842aa07e53b726a0d,https://www.bestprice.vn/khach-san/tam-coc-la-montagne-resort-spa-1558.html,room_detail_7273_2_,Phòng Studio,"[""35m 2"", ""2 người lớn, 1 trẻ em"", ""Hướng hồ"", ""1 giường đôi""]",35.0,2,1,1 giường đôi,Hướng hồ,True,1,"[""https://owa.bestprice.vn/images/hotels/uploads/tam-coc-la-montagne-resort-spa-5f39f0673245c.jpg"", ""https://owa.bestprice.vn/images/hotels/uploads/tam-coc-la-montagne-resort-spa-5d4a556657ea2.jpg""]"
80c248dd5eb3,d6df4f7842aa07e53b726a0d,https://www.bestprice.vn/khach-san/tam-coc-la-montagne-resort-spa-1558.html,room_detail_7274_4_,Phòng Classic Premium Gia Đình,"[""60m 2"", ""4 người lớn, 1 trẻ em"", ""Hướng vườn"", ""2 giường đôi / 1 Giường đôi & 2 Giường đơn""]",60.0,4,1,2 giường đôi / 1 Giường đôi & 2 Giường đơn,Hướng vườn,True,1,"[""https://owa.bestprice.vn/images/hotels/uploads/tam-coc-la-montagne-resort-spa-5d4a556658383.jpg""]"
80c248dd5eb3,d6df4f7842aa07e53b726a0d,https://www.bestprice.vn/khach-san/tam-coc-la-montagne-resort-spa-1558.html,room_detail_7771_2_,Phòng Lotus Junior Suite,"[""45m 2"", ""2 người lớn, 1 trẻ em"", ""Hướng hồ"", ""2 giường đơn / 1 giường đôi""]",45.0,2,1,2 giường đơn / 1 giường đôi,Hướng hồ,True,1,"[""https://owa.bestprice.vn/images/hotels/uploads/tam-coc-la-montagne-resort-spa-5dbaa3e04cab0.jpg""]"
80c248dd5eb3,d7adac3857f42ad2a64a4d71,https://www.bestprice.vn/khach-san/palm-garden-beach-resort-spa-hoi-an-11.html,room_detail_55_2_,Phòng Superior Hướng Vườn,"[""40m 2"", ""2 người lớn, 2 trẻ em"", ""Hướng vườn"", ""2 giường đơn / 1 giường đôi""]",40.0,2,2,2 giường đơn / 1 giường đôi,Hướng vườn,True,1,"[""https://owa.bestprice.vn/images/hotels/uploads/palm-garden-beach-resort-spa-hoi-an-62cbf37e0b3b2.jpg"", ""https://owa.bestprice.vn/images/hotels/uploads/palm-garden-beach-resort-spa-hoi-an-62cbf37e0b452.jpg""]"
80c248dd5eb3,d7adac3857f42ad2a64a4d71,https://www.bestprice.vn/khach-san/palm-garden-beach-resort-spa-hoi-an-11.html,room_detail_17827_2_,Phòng Superior Hướng Biển,"[""40m 2"", ""2 người lớn, 2 trẻ em"", ""Hướng biển"", ""2 giường đơn / 1 giường đôi""]",40.0,2,2,2 giường đơn / 1 giường đôi,Hướng biển,,,"[""https://owa.bestprice.vn/images/hotels/uploads/palm-garden-beach-resort-spa-hoi-an-62cbf37e0b4f2.jpg"", ""https://owa.bestprice.vn/images/hotels/uploads/palm-garden-beach-resort-spa-hoi-an-62cbf427d5e90.jpg""]"
80c248dd5eb3,d7adac3857f42ad2a64a4d71,https://www.bestprice.vn/khach-san/palm-garden-beach-resort-spa-hoi-an-11.html,room_detail_57_2_,Phòng Deluxe Hướng Vườn,"[""48m 2"", ""2 người lớn, 2 trẻ em"", ""Hướng vườn"", ""2 giường đơn / 1 giường đôi""]",48.0,2,2,2 giường đơn / 1 giường đôi,Hướng vườn,True,1,"[""https://owa.bestprice.vn/images/hotels/uploads/palm-garden-beach-resort-spa-hoi-an-62cbf37e0ae0e.jpg""]"
80c248dd5eb3,d7adac3857f42ad2a64a4d71,https://www.bestprice.vn/khach-san/palm-garden-beach-resort-spa-hoi-an-11.html,room_detail_58_2_,Phòng Deluxe Hướng Biển,"[""48m 2"", ""2 người lớn, 2 trẻ em"", ""Hướng biển"", ""2 giường đơn / 1 giường đôi""]",48.0,2,2,2 giường đơn / 1 giường đôi,Hướng biển,True,1,"[""https://owa.bestprice.vn/images/hotels/uploads/palm-garden-beach-resort-spa-hoi-an-62cbf37e0aeaf.jpg"", ""https://owa.bestprice.vn/images/hotels/uploads/palm-garden-beach-resort-spa-hoi-an-62cbf37e0af4f.jpg""]"
80c248dd5eb3,d7adac3857f42ad2a64a4d71,https://www.bestprice.vn/khach-san/palm-garden-beach-resort-spa-hoi-an-11.html,room_detail_59_2_,Bungalow Garden View,"[""58m 2"", ""2 người lớn, 2 trẻ em"", ""Hướng vườn"", ""2 giường đơn / 1 giường đôi""]",58.0,2,2,2 giường đơn / 1 giường đôi,Hướng vườn,True,1,"[""https://owa.bestprice.vn/images/hotels/uploads/palm-garden-beach-resort-spa-hoi-an-62cbf37e0ab77.jpg"", ""https://owa.bestprice.vn/images/hotels/uploads/palm-garden-beach-resort-spa-hoi-an-62cbf37e0aad6.jpg""]"
80c248dd5eb3,d7adac3857f42ad2a64a4d71,https://www.bestprice.vn/khach-san/palm-garden-beach-resort-spa-hoi-an-11.html,room_detail_61_2_,Bungalow Beach Front,"[""58m 2"", ""2 người lớn, 2 trẻ em"", ""Hướng bãi biển"", ""2 giường đơn / 1 giường đôi""]",58.0,2,2,2 giường đơn / 1 giường đôi,Hướng bãi biển,True,1,"[""https://owa.bestprice.vn/images/hotels/uploads/palm-garden-beach-resort-spa-hoi-an-62cbf37e0aa34.jpg""]"
80c248dd5eb3,d7adac3857f42ad2a64a4d71,https://www.bestprice.vn/khach-san/palm-garden-beach-resort-spa-hoi-an-11.html,room_detail_5757_2_,Phòng Palm Suite,"[""104m 2"", ""2 người lớn, 2 trẻ em"", ""Hướng vườn"", ""2 giường đơn / 1 giường đôi""]",104.0,2,2,2 giường đơn / 1 giường đôi,Hướng vườn,True,1,"[""https://owa.bestprice.vn/images/hotels/uploads/palm-garden-beach-resort-spa-hoi-an-62cbf37e0b130.jpg"", ""https://owa.bestprice.vn/images/hotels/uploads/palm-garden-beach-resort-spa-hoi-an-62cbf37e0b312.jpg""]"
80c248dd5eb3,d7adac3857f42ad2a64a4d71,https://www.bestprice.vn/khach-san/palm-garden-beach-resort-spa-hoi-an-11.html,room_detail_17828_4_,Phòng Palm Suite With Private Pool,"[""125m 2"", ""4 người lớn, 2 trẻ em"", ""Hướng hồ bơi"", ""1 Giường đôi & 2 Giường đơn""]",125.0,4,2,1 Giường đôi & 2 Giường đơn,Hướng hồ bơi,True,1,"[""https://owa.bestprice.vn/images/hotels/uploads/palm-garden-beach-resort-spa-hoi-an-62cbf37e0b1d0.jpg"", ""https://owa.bestprice.vn/images/hotels/uploads/palm-garden-beach-resort-spa-hoi-an-62cbf37e0b270.jpg""]"
80c248dd5eb3,d7da4ff081398d87bc751eb5,https://www.bestprice.vn/khach-san/vinpearl-luxury-nha-trang-14.html,room_detail_69_2_,Premier Garden King/Twin,"[""60m 2"", ""2 người lớn, 1 trẻ em"", ""Hướng vườn"", ""2 giường đơn / 1 giường đôi""]",60.0,2,1,2 giường đơn / 1 giường đôi,Hướng vườn,True,1,"[""https://owa.bestprice.vn/images/hotels/uploads/vinpearl-luxury-nha-trang-634637a3777e4.jpg"", ""https://owa.bestprice.vn/images/hotels/uploads/vinpearl-luxury-nha-trang-634637a3776db.jpg"", ""https://owa.bestprice.vn/images/hotels/uploads/vinpearl-luxury-nha-trang-63463787acbf1.jpg""]"
80c248dd5eb3,d7da4ff081398d87bc751eb5,https://www.bestprice.vn/khach-san/vinpearl-luxury-nha-trang-14.html,room_detail_70_2_,Premier King/Twin Pool,"[""60m 2"", ""2 người lớn, 1 trẻ em"", ""Hướng hồ bơi"", ""1 giường đôi""]",60.0,2,1,1 giường đôi,Hướng hồ bơi,True,1,"[""https://owa.bestprice.vn/images/hotels/uploads/vinpearl-luxury-nha-trang-634637a377550.jpg"", ""https://owa.bestprice.vn/images/hotels/uploads/vinpearl-luxury-nha-trang-63463787acae8.jpg"", ""https://owa.bestprice.vn/images/hotels/uploads/vinpearl-luxury-nha-trang-634637a377868.jpg""]"
80c248dd5eb3,d7da4ff081398d87bc751eb5,https://www.bestprice.vn/khach-san/vinpearl-luxury-nha-trang-14.html,room_detail_71_2_,Premier King/Twin Beachfront,"[""75m 2"", ""2 người lớn, 1 trẻ em"", ""Hướng biển"", ""1 giường đôi""]",75.0,2,1,1 giường đôi,Hướng biển,True,1,"[""https://owa.bestprice.vn/images/hotels/uploads/vinpearl-luxury-nha-trang-63463787aca60.jpg"", ""https://owa.bestprice.vn/images/hotels/uploads/vinpearl-luxury-nha-trang-634637a377c1d.jpg"", ""https://owa.bestprice.vn/images/hotels/uploads/vinpearl-luxury-nha-trang-634637a37775f.jpg""]"
80c248dd5eb3,d7da4ff081398d87bc751eb5,https://www.bestprice.vn/khach-san/vinpearl-luxury-nha-trang-14.html,room_detail_72_2_,Duplex King/Twin Villa,"[""110m 2"", ""2 người lớn, 1 trẻ em"", ""Hướng biển"", ""1 giường đôi""]",110.0,2,1,1 giường đôi,Hướng biển,True,1,"[""https://owa.bestprice.vn/images/hotels/uploads/vinpearl-luxury-nha-trang-63463787ace1f.jpg"", ""https://owa.bestprice.vn/images/hotels/uploads/vinpearl-luxury-nha-trang-634637a377658.jpg""]"
80c248dd5eb3,d7da4ff081398d87bc751eb5,https://www.bestprice.vn/khach-san/vinpearl-luxury-nha-trang-14.html,room_detail_73_2_,Grand Duplex King/Twin Villa,"[""134m 2"", ""2 người lớn, 1 trẻ em"", ""Hướng biển"", ""1 giường đôi""]",134.0,2,1,1 giường đôi,Hướng biển,True,1,"[""https://owa.bestprice.vn/images/hotels/uploads/vinpearl-luxury-nha-trang-634637a377658.jpg"", ""https://owa.bestprice.vn/images/hotels/uploads/vinpearl-luxury-nha-trang-634637a377b99.jpg""]"
80c248dd5eb3,d948b872f3abc0d43b28a80a,https://www.bestprice.vn/khach-san/muong-thanh-luxury-da-nang-1430.html,room_detail_6329_2_,Phòng Superior,"[""33m 2"", ""2 người lớn, 2 trẻ em"", ""2 giường đơn""]",33.0,2,2,2 giường đơn,,True,1,"[""https://owa.bestprice.vn/images/hotels/uploads/muong-thanh-luxury-da-nang-6483e5a9a1d48.jpg"", ""https://owa.bestprice.vn/images/hotels/uploads/muong-thanh-luxury-da-nang-6483e5a9a1e8f.jpg"", ""https://owa.bestprice.vn/images/hotels/uploads/muong-thanh-luxury-da-nang-6483e5a9a1dd8.jpg""]"
80c248dd5eb3,d948b872f3abc0d43b28a80a,https://www.bestprice.vn/khach-san/muong-thanh-luxury-da-nang-1430.html,room_detail_6330_2_,Phòng Deluxe City View,"[""35m 2"", ""2 người lớn, 2 trẻ em"", ""Hướng thành phố"", ""2 giường đơn / 1 giường đôi""]",35.0,2,2,2 giường đơn / 1 giường đôi,Hướng thành phố,True,1,"[""https://owa.bestprice.vn/images/hotels/uploads/muong-thanh-luxury-da-nang-6483e5a9a2061.jpg"", ""https://owa.bestprice.vn/images/hotels/uploads/muong-thanh-luxury-da-nang-6483e5a9a1fd6.jpg"", ""https://owa.bestprice.vn/images/hotels/uploads/muong-thanh-luxury-da-nang-6483e5a9a1f47.jpg""]"
80c248dd5eb3,d948b872f3abc0d43b28a80a,https://www.bestprice.vn/khach-san/muong-thanh-luxury-da-nang-1430.html,room_detail_6331_2_,Phòng Deluxe Ocean View,"[""35m 2"", ""2 người lớn, 2 trẻ em"", ""Hướng biển"", ""2 giường đơn / 1 giường đôi""]",35.0,2,2,2 giường đơn / 1 giường đôi,Hướng biển,True,1,"[""https://owa.bestprice.vn/images/hotels/uploads/muong-thanh-luxury-da-nang-6483e5a9a2178.jpg"", ""https://owa.bestprice.vn/images/hotels/uploads/muong-thanh-luxury-da-nang-6483e5a9a2203.jpg"", ""https://owa.bestprice.vn/images/hotels/uploads/muong-thanh-luxury-da-nang-6483e5a9a20ed.jpg""]"
80c248dd5eb3,d948b872f3abc0d43b28a80a,https://www.bestprice.vn/khach-san/muong-thanh-luxury-da-nang-1430.html,room_detail_6332_2_,Phòng Grand Suite,"[""89m 2"", ""2 người lớn, 2 trẻ em"", ""Hướng biển"", ""1 giường lớn""]",89.0,2,2,1 giường lớn,Hướng biển,True,1,"[""https://owa.bestprice.vn/images/hotels/uploads/muong-thanh-luxury-da-nang-6483e5a9a2301.jpg"", ""https://owa.bestprice.vn/images/hotels/uploads/muong-thanh-luxury-da-nang-6483e5a9a228d.jpg""]"
80c248dd5eb3,da07728107686d021a52ca12,https://www.bestprice.vn/khach-san/tien-dat-blue-waves-resort-spa-phan-thiet-107.html,room_detail_491_2_,Khu phía đồi - Deluxe Sea View,"[""36m 2"", ""2 người lớn, 2 trẻ em"", ""Hướng bãi biển"", ""1 giường lớn""]",36.0,2,2,1 giường lớn,Hướng bãi biển,True,1,"[""https://owa.bestprice.vn/images/hotels/uploads/tien-dat-blue-waves-resort-spa-phan-thiet-6493fb92f229e.jpg"", ""https://owa.bestprice.vn/images/hotels/uploads/tien-dat-blue-waves-resort-spa-phan-thiet-6493fb92f2354.jpg""]"
80c248dd5eb3,da07728107686d021a52ca12,https://www.bestprice.vn/khach-san/tien-dat-blue-waves-resort-spa-phan-thiet-107.html,room_detail_488_2_,Khu phía đồi - Deluxe Pool View,"[""36m 2"", ""2 người lớn, 2 trẻ em"", ""Hướng hồ bơi"", ""1 giường lớn""]",36.0,2,2,1 giường lớn,Hướng hồ bơi,True,1,"[""https://owa.bestprice.vn/images/hotels/uploads/tien-dat-blue-waves-resort-spa-phan-thiet-6494022d82725.jpg"", ""https://owa.bestprice.vn/images/hotels/uploads/tien-dat-blue-waves-resort-spa-phan-thiet-6494022d82671.jpg""]"
80c248dd5eb3,da07728107686d021a52ca12,https://www.bestprice.vn/khach-san/tien-dat-blue-waves-resort-spa-phan-thiet-107.html,room_detail_484_2_,Khu phía đồi - Deluxe Hill Side,"[""36m 2"", ""2 người lớn, 2 trẻ em"", ""Hướng núi"", ""1 giường lớn""]",36.0,2,2,1 giường lớn,Hướng núi,True,1,"[""https://owa.bestprice.vn/images/hotels/uploads/tien-dat-blue-waves-resort-spa-phan-thiet-6494022d825bd.jpg"", ""https://owa.bestprice.vn/images/hotels/uploads/tien-dat-blue-waves-resort-spa-phan-thiet-6494022d82508.jpg""]"
80c248dd5eb3,da07728107686d021a52ca12,https://www.bestprice.vn/khach-san/tien-dat-blue-waves-resort-spa-phan-thiet-107.html,room_detail_5762_2_,Khu phía đồi - Superior,"[""32m 2"", ""2 người lớn, 2 trẻ em"", ""Hướng thành phố"", ""2 giường đơn / 1 giường đôi""]",32.0,2,2,2 giường đơn / 1 giường đôi,Hướng thành phố,True,1,"[""https://owa.bestprice.vn/images/hotels/uploads/tien-dat-blue-waves-resort-spa-phan-thiet-6493fb92f207e.jpg"", ""https://owa.bestprice.vn/images/hotels/uploads/tien-dat-blue-waves-resort-spa-phan-thiet-6493fb92f21e9.jpg""]"
80c248dd5eb3,da07728107686d021a52ca12,https://www.bestprice.vn/khach-san/tien-dat-blue-waves-resort-spa-phan-thiet-107.html,room_detail_483_2_,Khu phía đồi - Standard,"[""28m 2"", ""2 người lớn, 2 trẻ em"", ""Hướng núi"", ""1 giường lớn""]",28.0,2,2,1 giường lớn,Hướng núi,True,1,"[""https://owa.bestprice.vn/images/hotels/uploads/tien-dat-blue-waves-resort-spa-phan-thiet-64940a22160c8.jpg"", ""https://owa.bestprice.vn/images/hotels/uploads/tien-dat-blue-waves-resort-spa-phan-thiet-64940a2216003.jpg""]"
80c248dd5eb3,da07728107686d021a52ca12,https://www.bestprice.vn/khach-san/tien-dat-blue-waves-resort-spa-phan-thiet-107.html,room_detail_494_2_,Khu phía biển - Ocean Bungalow,"[""36m 2"", ""2 người lớn, 2 trẻ em"", ""Hướng bãi biển"", ""1 giường lớn""]",36.0,2,2,1 giường lớn,Hướng bãi biển,True,1,"[""https://owa.bestprice.vn/images/hotels/uploads/tien-dat-blue-waves-resort-spa-phan-thiet-6493fb92f1e5c.jpg"", ""https://owa.bestprice.vn/images/hotels/uploads/tien-dat-blue-waves-resort-spa-phan-thiet-6493fb92f2133.jpg""]"
80c248dd5eb3,da07728107686d021a52ca12,https://www.bestprice.vn/khach-san/tien-dat-blue-waves-resort-spa-phan-thiet-107.html,room_detail_5750_2_,Khu phía biển - Beach Front Senior,"[""36m 2"", ""2 người lớn, 2 trẻ em"", ""Hướng bãi biển"", ""1 giường đôi""]",36.0,2,2,1 giường đôi,Hướng bãi biển,True,1,"[""https://owa.bestprice.vn/images/hotels/uploads/tien-dat-blue-waves-resort-spa-phan-thiet-6494022d8239c.jpg"", ""https://owa.bestprice.vn/images/hotels/uploads/tien-dat-blue-waves-resort-spa-phan-thiet-6494022d82453.jpg""]"
80c248dd5eb3,da07728107686d021a52ca12,https://www.bestprice.vn/khach-san/tien-dat-blue-waves-resort-spa-phan-thiet-107.html,room_detail_493_2_,Khu phía biển - Beach Front Deluxe (Non smoking),"[""36m 2"", ""2 người lớn, 2 trẻ em"", ""Hướng hồ bơi"", ""1 giường lớn""]",36.0,2,2,1 giường lớn,Hướng hồ bơi,True,1,"[""https://owa.bestprice.vn/images/hotels/uploads/tien-dat-blue-waves-resort-spa-phan-thiet-6494088415c8d.jpg"", ""https://owa.bestprice.vn/images/hotels/uploads/tien-dat-blue-waves-resort-spa-phan-thiet-6494088415d54.jpg""]"
80c248dd5eb3,da07728107686d021a52ca12,https://www.bestprice.vn/khach-san/tien-dat-blue-waves-resort-spa-phan-thiet-107.html,room_detail_492_2_,Khu phía biển - Beach Front Deluxe,"[""36m 2"", ""2 người lớn, 2 trẻ em"", ""Hướng biển"", ""1 giường lớn""]",36.0,2,2,1 giường lớn,Hướng biển,True,1,"[""https://owa.bestprice.vn/images/hotels/uploads/tien-dat-blue-waves-resort-spa-phan-thiet-6494022d822d6.jpg"", ""https://owa.bestprice.vn/images/hotels/uploads/tien-dat-blue-waves-resort-spa-phan-thiet-6494088415ec1.jpg""]"
80c248dd5eb3,da07728107686d021a52ca12,https://www.bestprice.vn/khach-san/tien-dat-blue-waves-resort-spa-phan-thiet-107.html,room_detail_489_2_,Khu phía biển - Deluxe (Non-smoking),"[""36m 2"", ""2 người lớn, 2 trẻ em"", ""Hướng thành phố"", ""1 giường lớn""]",36.0,2,2,1 giường lớn,Hướng thành phố,True,1,"[""https://owa.bestprice.vn/images/hotels/uploads/tien-dat-blue-waves-resort-spa-phan-thiet-6493fb92f1fc9.jpg"", ""https://owa.bestprice.vn/images/hotels/uploads/tien-dat-blue-waves-resort-spa-phan-thiet-6493fb92f1f13.jpg""]"
80c248dd5eb3,da07728107686d021a52ca12,https://www.bestprice.vn/khach-san/tien-dat-blue-waves-resort-spa-phan-thiet-107.html,room_detail_486_2_,Khu phía biển - Deluxe,"[""36m 2"", ""2 người lớn, 2 trẻ em"", ""Hướng thành phố"", ""1 giường lớn""]",36.0,2,2,1 giường lớn,Hướng thành phố,True,1,"[""https://owa.bestprice.vn/images/hotels/uploads/tien-dat-blue-waves-resort-spa-phan-thiet-6493fb92f1cdd.jpg"", ""https://owa.bestprice.vn/images/hotels/uploads/tien-dat-blue-waves-resort-spa-phan-thiet-6493fb92f1da3.jpg""]"
80c248dd5eb3,da12481ee5fe9923126837b6,https://www.bestprice.vn/khach-san/amarin-resort-phu-quoc-1408.html,room_detail_6109_2_,Deluxe Hill View,"[""40m 2"", ""2 người lớn, 2 trẻ em"", ""Hướng núi"", ""2 giường đơn / 1 giường đôi""]",40.0,2,2,2 giường đơn / 1 giường đôi,Hướng núi,True,1,"[""https://owa.bestprice.vn/images/hotels/uploads/amarin-resort-phu-quoc-643e197a3e6b3.jpg"", ""https://owa.bestprice.vn/images/hotels/uploads/amarin-resort-phu-quoc-643e18c1f139e.jpg"", ""https://owa.bestprice.vn/images/hotels/uploads/amarin-resort-phu-quoc-643e19eaac28c.jpg""]"
80c248dd5eb3,da12481ee5fe9923126837b6,https://www.bestprice.vn/khach-san/amarin-resort-phu-quoc-1408.html,room_detail_6110_2_,Deluxe Ocean View,"[""40m 2"", ""2 người lớn, 2 trẻ em"", ""Hướng biển"", ""2 giường đơn / 1 giường đôi""]",40.0,2,2,2 giường đơn / 1 giường đôi,Hướng biển,True,1,"[""https://owa.bestprice.vn/images/hotels/uploads/amarin-resort-phu-quoc-643e1a6b3711b.jpg"", ""https://owa.bestprice.vn/images/hotels/uploads/amarin-resort-phu-quoc-643e18c1f129e.jpg"", ""https://owa.bestprice.vn/images/hotels/uploads/amarin-resort-phu-quoc-643e18dae750d.jpg""]"
80c248dd5eb3,da12481ee5fe9923126837b6,https://www.bestprice.vn/khach-san/amarin-resort-phu-quoc-1408.html,room_detail_6112_2_,Sky Ocean View,"[""50m 2"", ""2 người lớn, 2 trẻ em"", ""Hướng biển"", ""1 giường lớn""]",50.0,2,2,1 giường lớn,Hướng biển,True,1,"[""https://owa.bestprice.vn/images/hotels/uploads/amarin-resort-phu-quoc-643e18c1f1598.jpg"", ""https://owa.bestprice.vn/images/hotels/uploads/amarin-resort-phu-quoc-643e18dae748b.jpg"", ""https://owa.bestprice.vn/images/hotels/uploads/amarin-resort-phu-quoc-643e18dae7716.jpg""]"
80c248dd5eb3,da12481ee5fe9923126837b6,https://www.bestprice.vn/khach-san/amarin-resort-phu-quoc-1408.html,room_detail_6111_2_,Amarin Suite,"[""80m 2"", ""2 người lớn, 2 trẻ em"", ""Hướng biển"", ""1 giường lớn""]",80.0,2,2,1 giường lớn,Hướng biển,True,1,"[""https://owa.bestprice.vn/images/hotels/uploads/amarin-resort-phu-quoc-643e18c1f131e.jpg"", ""https://owa.bestprice.vn/images/hotels/uploads/amarin-resort-phu-quoc-643e18dae73f7.jpg"", ""https://owa.bestprice.vn/images/hotels/uploads/amarin-resort-phu-quoc-643e18c1f1519.jpg""]"
80c248dd5eb3,da18ca8534d6ba1d25c4b76c,https://www.bestprice.vn/khach-san/royal-lotus-ha-long-resort-villa-1441.html,room_detail_6418_2_,Garden View Room,"[""30m 2"", ""2 người lớn, 1 trẻ em"", ""Hướng vườn"", ""1 giường đôi""]",30.0,2,1,1 giường đôi,Hướng vườn,True,1,"[""https://owa.bestprice.vn/images/hotels/uploads/royal-lotus-ha-long-resort-villa-64818c1720cb4.jpg"", ""https://owa.bestprice.vn/images/hotels/uploads/royal-lotus-ha-long-resort-villa-64818c1720d4d.jpg""]"
80c248dd5eb3,da18ca8534d6ba1d25c4b76c,https://www.bestprice.vn/khach-san/royal-lotus-ha-long-resort-villa-1441.html,room_detail_6419_2_,Lake View Room,"[""30m 2"", ""2 người lớn, 1 trẻ em"", ""Hướng hồ"", ""1 giường đôi""]",30.0,2,1,1 giường đôi,Hướng hồ,True,1,"[""https://owa.bestprice.vn/images/hotels/uploads/royal-lotus-ha-long-resort-villa-64818c1720e8f.jpg"", ""https://owa.bestprice.vn/images/hotels/uploads/royal-lotus-ha-long-resort-villa-64818c1720df6.jpg""]"
80c248dd5eb3,da18ca8534d6ba1d25c4b76c,https://www.bestprice.vn/khach-san/royal-lotus-ha-long-resort-villa-1441.html,room_detail_6420_2_,Ocean View Room,"[""35m 2"", ""2 người lớn, 1 trẻ em"", ""Hướng bãi biển"", ""1 giường đôi""]",35.0,2,1,1 giường đôi,Hướng bãi biển,True,1,"[""https://owa.bestprice.vn/images/hotels/uploads/royal-lotus-ha-long-resort-villa-64818c1720fc1.jpg"", ""https://owa.bestprice.vn/images/hotels/uploads/royal-lotus-ha-long-resort-villa-64818c1720f28.jpg""]"
80c248dd5eb3,da18ca8534d6ba1d25c4b76c,https://www.bestprice.vn/khach-san/royal-lotus-ha-long-resort-villa-1441.html,room_detail_6421_2_,Garden View Villa,"[""90m 2"", ""2 người lớn, 1 trẻ em"", ""3 giường đôi""]",90.0,2,1,3 giường đôi,,True,1,"[""https://owa.bestprice.vn/images/hotels/uploads/royal-lotus-ha-long-resort-villa-64818c17210f1.jpg"", ""https://owa.bestprice.vn/images/hotels/uploads/royal-lotus-ha-long-resort-villa-64818c1721059.jpg""]"
80c248dd5eb3,da18ca8534d6ba1d25c4b76c,https://www.bestprice.vn/khach-san/royal-lotus-ha-long-resort-villa-1441.html,room_detail_6422_2_,Lake View Villa,"[""90m 2"", ""2 người lớn, 1 trẻ em"", ""Hướng hồ"", ""2 giường đôi""]",90.0,2,1,2 giường đôi,Hướng hồ,True,1,"[""https://owa.bestprice.vn/images/hotels/uploads/royal-lotus-ha-long-resort-villa-64818c172118a.jpg"", ""https://owa.bestprice.vn/images/hotels/uploads/royal-lotus-ha-long-resort-villa-64818c1721223.jpg""]"
80c248dd5eb3,da18ca8534d6ba1d25c4b76c,https://www.bestprice.vn/khach-san/royal-lotus-ha-long-resort-villa-1441.html,room_detail_6423_2_,Ocean View Villa,"[""100m 2"", ""2 người lớn, 1 trẻ em"", ""Hướng bãi biển"", ""2 giường đơn / 3 giường đôi""]",100.0,2,1,2 giường đơn / 3 giường đôi,Hướng bãi biển,True,1,"[""https://owa.bestprice.vn/images/hotels/uploads/royal-lotus-ha-long-resort-villa-64818c17212bc.jpg"", ""https://owa.bestprice.vn/images/hotels/uploads/royal-lotus-ha-long-resort-villa-64818c17213ed.jpg"", ""https://owa.bestprice.vn/images/hotels/uploads/royal-lotus-ha-long-resort-villa-64818c1721354.jpg""]"
80c248dd5eb3,db15d4d25c21da740fa3d055,https://www.bestprice.vn/khach-san/flc-grand-hotel-quy-nhon-2159.html,room_detail_11321_2_,Deluxe Hill View,"[""44m 2"", ""2 người lớn, 1 trẻ em"", ""Hướng vườn"", ""2 giường đơn / 1 giường đôi""]",44.0,2,1,2 giường đơn / 1 giường đôi,Hướng vườn,True,1,"[""https://owa.bestprice.vn/images/hotels/uploads/flc-grand-hotel-quy-nhon-64707cc6b2123.jpg"", ""https://owa.bestprice.vn/images/hotels/uploads/flc-grand-hotel-quy-nhon-6470796668a25.jpg"", ""https://owa.bestprice.vn/images/hotels/uploads/flc-grand-hotel-quy-nhon-64707c7c903f2.jpg""]"
80c248dd5eb3,db15d4d25c21da740fa3d055,https://www.bestprice.vn/khach-san/flc-grand-hotel-quy-nhon-2159.html,room_detail_11323_2_,Deluxe Ocean View,"[""44m 2"", ""2 người lớn, 1 trẻ em"", ""Hướng biển"", ""2 giường đơn / 1 giường đôi""]",44.0,2,1,2 giường đơn / 1 giường đôi,Hướng biển,True,1,"[""https://owa.bestprice.vn/images/hotels/uploads/flc-grand-hotel-quy-nhon-6470796668993.jpg"", ""https://owa.bestprice.vn/images/hotels/uploads/flc-grand-hotel-quy-nhon-64707dc0e5cf6.jpg""]"
80c248dd5eb3,db15d4d25c21da740fa3d055,https://www.bestprice.vn/khach-san/flc-grand-hotel-quy-nhon-2159.html,room_detail_11325_3_,Grand Suite Hill View,"[""71m 2"", ""3 người lớn, 1 trẻ em"", ""Hướng vườn"", ""1 Giường đôi & 2 Giường đơn""]",71.0,3,1,1 Giường đôi & 2 Giường đơn,Hướng vườn,True,1,"[""https://owa.bestprice.vn/images/hotels/uploads/flc-grand-hotel-quy-nhon-64707f012a568.jpg"", ""https://owa.bestprice.vn/images/hotels/uploads/flc-grand-hotel-quy-nhon-64707b2f1b3a8.jpg"", ""https://owa.bestprice.vn/images/hotels/uploads/flc-grand-hotel-quy-nhon-64707f012a4d4.jpg""]"
80c248dd5eb3,db15d4d25c21da740fa3d055,https://www.bestprice.vn/khach-san/flc-grand-hotel-quy-nhon-2159.html,room_detail_11327_4_,Grand Suite Ocean View,"[""71m 2"", ""4 người lớn, 1 trẻ em"", ""Hướng biển"", ""2 giường đôi""]",71.0,4,1,2 giường đôi,Hướng biển,,,"[""https://owa.bestprice.vn/images/hotels/uploads/flc-grand-hotel-quy-nhon-647074b105aaf.jpg"", ""https://owa.bestprice.vn/images/hotels/uploads/flc-grand-hotel-quy-nhon-64707b2f1b326.jpg""]"
80c248dd5eb3,db15d4d25c21da740fa3d055,https://www.bestprice.vn/khach-san/flc-grand-hotel-quy-nhon-2159.html,room_detail_11329_4_,Executive Suite Ocean View,"[""71m 2"", ""4 người lớn, 1 trẻ em"", ""Hướng biển"", ""2 giường đôi""]",71.0,4,1,2 giường đôi,Hướng biển,,,"[""https://owa.bestprice.vn/images/hotels/uploads/flc-grand-hotel-quy-nhon-64708007db17e.jpg"", ""https://owa.bestprice.vn/images/hotels/uploads/flc-grand-hotel-quy-nhon-64707971642dd.jpg"", ""https://owa.bestprice.vn/images/hotels/uploads/flc-grand-hotel-quy-nhon-64708007db221.jpg""]"
80c248dd5eb3,dc53f81431048a5060e9b156,https://www.bestprice.vn/khach-san/melia-vinpearl-quang-binh-1467.html,room_detail_6601_2_,Deluxe City View,"[""35m 2"", ""2 người lớn, 1 trẻ em"", ""Hướng thành phố"", ""2 giường đơn / 1 giường đôi""]",35.0,2,1,2 giường đơn / 1 giường đôi,Hướng thành phố,True,1,"[""https://owa.bestprice.vn/images/hotels/uploads/melia-vinpearl-quang-binh-638469887779a.jpg"", ""https://owa.bestprice.vn/images/hotels/uploads/melia-vinpearl-quang-binh-638469a2422be.jpg"", ""https://owa.bestprice.vn/images/hotels/uploads/melia-vinpearl-quang-binh-63846988773f3.jpg""]"
80c248dd5eb3,dc53f81431048a5060e9b156,https://www.bestprice.vn/khach-san/melia-vinpearl-quang-binh-1467.html,room_detail_6602_2_,Deluxe River View,"[""40m 2"", ""2 người lớn, 1 trẻ em"", ""Hướng sông"", ""2 giường đơn / 1 giường đôi""]",40.0,2,1,2 giường đơn / 1 giường đôi,Hướng sông,True,1,"[""https://owa.bestprice.vn/images/hotels/uploads/melia-vinpearl-quang-binh-638469a242239.jpg"", ""https://owa.bestprice.vn/images/hotels/uploads/melia-vinpearl-quang-binh-638469a24256a.jpg"", ""https://owa.bestprice.vn/images/hotels/uploads/melia-vinpearl-quang-binh-638469887781f.jpg""]"
80c248dd5eb3,dc53f81431048a5060e9b156,https://www.bestprice.vn/khach-san/melia-vinpearl-quang-binh-1467.html,room_detail_6603_2_,Executive Suite,"[""73m 2"", ""2 người lớn, 1 trẻ em"", ""Hướng sông"", ""1 giường lớn""]",73.0,2,1,1 giường lớn,Hướng sông,True,1,"[""https://owa.bestprice.vn/images/hotels/uploads/melia-vinpearl-quang-binh-638469a242129.jpg"", ""https://owa.bestprice.vn/images/hotels/uploads/melia-vinpearl-quang-binh-6384698877ab9.jpg"", ""https://owa.bestprice.vn/images/hotels/uploads/melia-vinpearl-quang-binh-638469887792a.jpg""]"
80c248dd5eb3,dc53f81431048a5060e9b156,https://www.bestprice.vn/khach-san/melia-vinpearl-quang-binh-1467.html,room_detail_18759_6_,Two Bedroom Deluxe City View,"[""50m 2"", ""6 người lớn, 2 trẻ em"", ""Hướng thành phố"", ""1 Giường đôi & 2 Giường đơn""]",50.0,6,2,1 Giường đôi & 2 Giường đơn,Hướng thành phố,,,"[""https://owa.bestprice.vn/images/hotels/uploads/melia-vinpearl-quang-binh-65df037baa34a.jpg""]"
80c248dd5eb3,df231d3db5767ee9817a9337,https://www.bestprice.vn/khach-san/bamboo-village-resort-spa-phan-thiet-1003.html,room_detail_4211_2_,Deluxe,"[""32m 2"", ""2 người lớn, 2 trẻ em"", ""Hướng vườn"", ""2 giường đơn / 1 giường đôi""]",32.0,2,2,2 giường đơn / 1 giường đôi,Hướng vườn,True,1,"[""https://owa.bestprice.vn/images/hotels/uploads/bamboo-village-resort-spa-phan-thiet-64f9996fc850d.jpg"", ""https://owa.bestprice.vn/images/hotels/uploads/bamboo-village-resort-spa-phan-thiet-64f9996fc85be.jpg""]"
80c248dd5eb3,df231d3db5767ee9817a9337,https://www.bestprice.vn/khach-san/bamboo-village-resort-spa-phan-thiet-1003.html,room_detail_4213_2_,Cozy Deluxe,"[""35m 2"", ""2 người lớn, 2 trẻ em"", ""Hướng vườn"", ""2 giường đơn / 1 giường đôi""]",35.0,2,2,2 giường đơn / 1 giường đôi,Hướng vườn,True,1,"[""https://owa.bestprice.vn/images/hotels/uploads/bamboo-village-resort-spa-phan-thiet-64f9998943b2a.jpg"", ""https://owa.bestprice.vn/images/hotels/uploads/bamboo-village-resort-spa-phan-thiet-64f9998943a78.jpg""]"
80c248dd5eb3,df231d3db5767ee9817a9337,https://www.bestprice.vn/khach-san/bamboo-village-resort-spa-phan-thiet-1003.html,room_detail_4214_2_,Nova Deluxe,"[""35m 2"", ""2 người lớn, 2 trẻ em"", ""Hướng vườn"", ""2 giường đơn / 1 giường đôi""]",35.0,2,2,2 giường đơn / 1 giường đôi,Hướng vườn,True,1,"[""https://owa.bestprice.vn/images/hotels/uploads/bamboo-village-resort-spa-phan-thiet-64f9999dbee44.jpg"", ""https://owa.bestprice.vn/images/hotels/uploads/bamboo-village-resort-spa-phan-thiet-64f9999dbef9a.jpg"", ""https://owa.bestprice.vn/images/hotels/uploads/bamboo-village-resort-spa-phan-thiet-64f9999dbeef6.jpg""]"
80c248dd5eb3,df231d3db5767ee9817a9337,https://www.bestprice.vn/khach-san/bamboo-village-resort-spa-phan-thiet-1003.html,room_detail_4217_2_,Garden View Bungalow,"[""34m 2"", ""2 người lớn, 2 trẻ em"", ""Hướng vườn"", ""2 giường đơn / 1 giường đôi""]",34.0,2,2,2 giường đơn / 1 giường đôi,Hướng vườn,True,1,"[""https://owa.bestprice.vn/images/hotels/uploads/bamboo-village-resort-spa-phan-thiet-64f99a3eb2430.jpg"", ""https://owa.bestprice.vn/images/hotels/uploads/bamboo-village-resort-spa-phan-thiet-64f99a3eb24e3.jpg"", ""https://owa.bestprice.vn/images/hotels/uploads/bamboo-village-resort-spa-phan-thiet-64f99a5184789.jpg""]"
80c248dd5eb3,df231d3db5767ee9817a9337,https://www.bestprice.vn/khach-san/bamboo-village-resort-spa-phan-thiet-1003.html,room_detail_20027_2_,Sea Breeze Deluxe,"[""50m 2"", ""2 người lớn, 2 trẻ em"", ""Hướng thành phố"", ""2 giường đơn / 1 giường đôi""]",50.0,2,2,2 giường đơn / 1 giường đôi,Hướng thành phố,True,1,"[""https://owa.bestprice.vn/images/hotels/uploads/bamboo-village-resort-spa-phan-thiet-64f99a5a09fde.jpg"", ""https://owa.bestprice.vn/images/hotels/uploads/bamboo-village-resort-spa-phan-thiet-64f99a5a0a094.jpg""]"
80c248dd5eb3,df231d3db5767ee9817a9337,https://www.bestprice.vn/khach-san/bamboo-village-resort-spa-phan-thiet-1003.html,room_detail_20273_2_,Superior Garden View Bungalow,"[""50m 2"", ""2 người lớn, 1 trẻ em"", ""Hướng vườn"", ""2 giường đơn / 1 giường đôi""]",50.0,2,1,2 giường đơn / 1 giường đôi,Hướng vườn,True,1,"[""https://owa.bestprice.vn/images/hotels/uploads/bamboo-village-resort-spa-phan-thiet-65a8cb0e97d47.jpg"", ""https://owa.bestprice.vn/images/hotels/uploads/bamboo-village-resort-spa-phan-thiet-65a8cafac1c53.jpg""]"
80c248dd5eb3,df231d3db5767ee9817a9337,https://www.bestprice.vn/khach-san/bamboo-village-resort-spa-phan-thiet-1003.html,room_detail_4216_4_,Junior Suite ( 04 khách),"[""56m 2"", ""4 người lớn, 2 trẻ em"", ""Hướng hồ bơi"", ""2 giường đôi""]",56.0,4,2,2 giường đôi,Hướng hồ bơi,True,1,"[""https://owa.bestprice.vn/images/hotels/uploads/bamboo-village-resort-spa-phan-thiet-64f99a329477c.jpg"", ""https://owa.bestprice.vn/images/hotels/uploads/bamboo-village-resort-spa-phan-thiet-64f99a3294847.jpg""]"
80c248dd5eb3,df231d3db5767ee9817a9337,https://www.bestprice.vn/khach-san/bamboo-village-resort-spa-phan-thiet-1003.html,room_detail_4218_2_,Beach Front Bungalow,"[""44m 2"", ""2 người lớn, 2 trẻ em"", ""Hướng biển"", ""2 giường đơn / 1 giường đôi""]",44.0,2,2,2 giường đơn / 1 giường đôi,Hướng biển,True,1,"[""https://owa.bestprice.vn/images/hotels/uploads/bamboo-village-resort-spa-phan-thiet-64f99a6bd9fdf.jpg"", ""https://owa.bestprice.vn/images/hotels/uploads/bamboo-village-resort-spa-phan-thiet-64f99a6bda137.jpg"", ""https://owa.bestprice.vn/images/hotels/uploads/bamboo-village-resort-spa-phan-thiet-64f99a6bda1da.jpg""]"
80c248dd5eb3,df2daec9ff9b7ab54b4268c2,https://www.bestprice.vn/khach-san/heritage-hue-328.html,room_detail_1407_2_,Standard city view,"[""20m 2"", ""2 người lớn, 1 trẻ em"", ""Hướng thành phố"", ""2 giường đơn / 1 giường đôi""]",20.0,2,1,2 giường đơn / 1 giường đôi,Hướng thành phố,True,1,"[""https://owa.bestprice.vn/images/hotels/uploads/khch-sn-heritage-hu-534b423c54dbe.jpg""]"
80c248dd5eb3,df2daec9ff9b7ab54b4268c2,https://www.bestprice.vn/khach-san/heritage-hue-328.html,room_detail_1408_2_,Deluxe garden view,"[""25m 2"", ""2 người lớn, 1 trẻ em"", ""Hướng vườn"", ""2 giường đơn / 1 giường đôi""]",25.0,2,1,2 giường đơn / 1 giường đôi,Hướng vườn,True,1,"[""https://owa.bestprice.vn/images/hotels/uploads/khch-sn-heritage-hu-534b423c545a5.jpg""]"
80c248dd5eb3,df2daec9ff9b7ab54b4268c2,https://www.bestprice.vn/khach-san/heritage-hue-328.html,room_detail_1409_2_,Suite garden view,"[""30m 2"", ""2 người lớn, 1 trẻ em"", ""Hướng vườn"", ""1 giường lớn""]",30.0,2,1,1 giường lớn,Hướng vườn,True,1,"[""https://owa.bestprice.vn/images/hotels/uploads/khch-sn-heritage-hu-534b423c5536d.jpg""]"
80c248dd5eb3,df2daec9ff9b7ab54b4268c2,https://www.bestprice.vn/khach-san/heritage-hue-328.html,room_detail_1410_3_,Suite Family,"[""30m 2"", ""3 người lớn, 2 trẻ em"", ""Hướng vườn"", ""1 Giường đôi & 1 Giường đơn""]",30.0,3,2,1 Giường đôi & 1 Giường đơn,Hướng vườn,True,1,"[""https://owa.bestprice.vn/images/hotels/uploads/khch-sn-heritage-hu-534b423c51b90.jpg"", ""https://owa.bestprice.vn/images/hotels/uploads/khch-sn-heritage-hu-534b423c4f9d4.JPG""]"
80c248dd5eb3,e1ec4301a0453c772c06972f,https://www.bestprice.vn/khach-san/intercontinental-phu-quoc-long-beach-resort-1774.html,room_detail_8440_2_,Classic Room,"[""49m 2"", ""2 người lớn, 2 trẻ em"", ""Hướng vườn"", ""2 giường đơn / 1 giường đôi""]",49.0,2,2,2 giường đơn / 1 giường đôi,Hướng vườn,,,"[""https://owa.bestprice.vn/images/hotels/uploads/intercontinental-phu-quoc-long-beach-resort-64ab62f5b6ace.jpg"", ""https://owa.bestprice.vn/images/hotels/uploads/intercontinental-phu-quoc-long-beach-resort-647aa76e8d595.jpg""]"
80c248dd5eb3,e1ec4301a0453c772c06972f,https://www.bestprice.vn/khach-san/intercontinental-phu-quoc-long-beach-resort-1774.html,room_detail_9681_2_,Classic Ocean View,"[""49m 2"", ""2 người lớn, 2 trẻ em"", ""Hướng biển"", ""2 giường đơn / 1 giường đôi""]",49.0,2,2,2 giường đơn / 1 giường đôi,Hướng biển,,,"[""https://owa.bestprice.vn/images/hotels/uploads/intercontinental-phu-quoc-long-beach-resort-64ab63be737fc.jpg"", ""https://owa.bestprice.vn/images/hotels/uploads/intercontinental-phu-quoc-long-beach-resort-64ab6b7931cc9.jpg""]"
80c248dd5eb3,e1ec4301a0453c772c06972f,https://www.bestprice.vn/khach-san/intercontinental-phu-quoc-long-beach-resort-1774.html,room_detail_8441_2_,Junior Suite,"[""102m 2"", ""2 người lớn, 2 trẻ em"", ""Hướng vườn"", ""2 giường đơn / 1 giường đôi""]",102.0,2,2,2 giường đơn / 1 giường đôi,Hướng vườn,,,"[""https://owa.bestprice.vn/images/hotels/uploads/intercontinental-phu-quoc-long-beach-resort-64ab644cc04e3.jpg"", ""https://owa.bestprice.vn/images/hotels/uploads/intercontinental-phu-quoc-long-beach-resort-647aa76e8d6f6.jpg""]"
80c248dd5eb3,e1ec4301a0453c772c06972f,https://www.bestprice.vn/khach-san/intercontinental-phu-quoc-long-beach-resort-1774.html,room_detail_17122_2_,Junior Suite Ocean View Balcony,"[""101m 2"", ""2 người lớn, 2 trẻ em"", ""Hướng vườn"", ""2 giường đơn / 1 giường đôi""]",101.0,2,2,2 giường đơn / 1 giường đôi,Hướng vườn,,,"[""https://owa.bestprice.vn/images/hotels/uploads/intercontinental-phu-quoc-long-beach-resort-647aaa4a15891.jpg"", ""https://owa.bestprice.vn/images/hotels/uploads/intercontinental-phu-quoc-long-beach-resort-64ab670756909.jpg""]"
80c248dd5eb3,e1ec4301a0453c772c06972f,https://www.bestprice.vn/khach-san/intercontinental-phu-quoc-long-beach-resort-1774.html,room_detail_19688_2_,Family Suite 2 BR,"[""101m 2"", ""2 người lớn, 4 trẻ em"", ""2 giường đôi""]",101.0,2,4,2 giường đôi,,,,"[""https://owa.bestprice.vn/images/hotels/uploads/intercontinental-phu-quoc-long-beach-resort-647aaa4a157a3.jpg"", ""https://owa.bestprice.vn/images/hotels/uploads/intercontinental-phu-quoc-long-beach-resort-64ab6707567fc.jpg""]"
80c248dd5eb3,e1ec4301a0453c772c06972f,https://www.bestprice.vn/khach-san/intercontinental-phu-quoc-long-beach-resort-1774.html,room_detail_9687_2_,1 BR Residence,"[""64m 2"", ""2 người lớn, 2 trẻ em"", ""Hướng núi"", ""1 giường đôi""]",64.0,2,2,1 giường đôi,Hướng núi,,,"[""https://owa.bestprice.vn/images/hotels/uploads/intercontinental-phu-quoc-long-beach-resort-647aaa4a15ee0.jpg"", ""https://owa.bestprice.vn/images/hotels/uploads/intercontinental-phu-quoc-long-beach-resort-64ab670756bef.jpg""]"
80c248dd5eb3,e1ec4301a0453c772c06972f,https://www.bestprice.vn/khach-san/intercontinental-phu-quoc-long-beach-resort-1774.html,room_detail_17124_2_,1 BR Residence Ocean View,"[""71m 2"", ""2 người lớn, 2 trẻ em"", ""Hướng biển"", ""1 giường lớn""]",71.0,2,2,1 giường lớn,Hướng biển,,,"[""https://owa.bestprice.vn/images/hotels/uploads/intercontinental-phu-quoc-long-beach-resort-647aaa4a16a6c.jpg"", ""https://owa.bestprice.vn/images/hotels/uploads/intercontinental-phu-quoc-long-beach-resort-64ab6b7931574.jpg""]"
80c248dd5eb3,e1ec4301a0453c772c06972f,https://www.bestprice.vn/khach-san/intercontinental-phu-quoc-long-beach-resort-1774.html,room_detail_9691_3_,Two Bedroom Residence (1 king + 1 single),"[""103m 2"", ""3 người lớn, 3 trẻ em"", ""Hướng núi"", ""1 Giường đôi & 2 Giường đơn""]",103.0,3,3,1 Giường đôi & 2 Giường đơn,Hướng núi,True,1,"[""https://owa.bestprice.vn/images/hotels/uploads/intercontinental-phu-quoc-long-beach-resort-647aaa4a16b85.jpg"", ""https://owa.bestprice.vn/images/hotels/uploads/intercontinental-phu-quoc-long-beach-resort-64ab6b7931895.jpg""]"
80c248dd5eb3,e1ec4301a0453c772c06972f,https://www.bestprice.vn/khach-san/intercontinental-phu-quoc-long-beach-resort-1774.html,room_detail_17130_4_,Two Bedroom Residence (1 King + 1 Queen),"[""103m 2"", ""4 người lớn, 4 trẻ em"", ""Hướng biển"", ""2 giường đôi""]",103.0,4,4,2 giường đôi,Hướng biển,True,1,"[""https://owa.bestprice.vn/images/hotels/uploads/intercontinental-phu-quoc-long-beach-resort-647aab6a508a4.jpg"", ""https://owa.bestprice.vn/images/hotels/uploads/intercontinental-phu-quoc-long-beach-resort-64ab6b7931b6a.jpg""]"
80c248dd5eb3,e1ec4301a0453c772c06972f,https://www.bestprice.vn/khach-san/intercontinental-phu-quoc-long-beach-resort-1774.html,room_detail_9693_4_,Two Bedroom Residence (1 King + 1 Twin),"[""102m 2"", ""4 người lớn, 4 trẻ em"", ""Hướng bãi biển"", ""1 Giường đôi & 2 Giường đơn""]",102.0,4,4,1 Giường đôi & 2 Giường đơn,Hướng bãi biển,True,1,"[""https://owa.bestprice.vn/images/hotels/uploads/intercontinental-phu-quoc-long-beach-resort-64ab6b7931aaf.jpg"", ""https://owa.bestprice.vn/images/hotels/uploads/intercontinental-phu-quoc-long-beach-resort-647aab6a50964.jpg""]"
80c248dd5eb3,e1ec4301a0453c772c06972f,https://www.bestprice.vn/khach-san/intercontinental-phu-quoc-long-beach-resort-1774.html,room_detail_9695_4_,Two Bedroom Residence Ocean View (1 King + 1 Twin),"[""142m 2"", ""4 người lớn, 4 trẻ em"", ""Hướng bãi biển"", ""1 Giường đôi & 2 Giường đơn""]",142.0,4,4,1 Giường đôi & 2 Giường đơn,Hướng bãi biển,True,1,"[""https://owa.bestprice.vn/images/hotels/uploads/intercontinental-phu-quoc-long-beach-resort-647aab6a50a38.jpg"", ""https://owa.bestprice.vn/images/hotels/uploads/intercontinental-phu-quoc-long-beach-resort-64ab6b7931952.jpg""]"
80c248dd5eb3,e1ec4301a0453c772c06972f,https://www.bestprice.vn/khach-san/intercontinental-phu-quoc-long-beach-resort-1774.html,room_detail_8443_6_,Three Bedroom Residence Ocean View (1 King + 1 Queen + 1 Twin),"[""179m 2"", ""6 người lớn, 5 trẻ em"", ""Hướng bãi biển"", ""3 giường đôi""]",179.0,6,5,3 giường đôi,Hướng bãi biển,True,1,"[""https://owa.bestprice.vn/images/hotels/uploads/intercontinental-phu-quoc-long-beach-resort-647aab6a50aeb.jpg"", ""https://owa.bestprice.vn/images/hotels/uploads/intercontinental-phu-quoc-long-beach-resort-64ab6b79317e5.jpg""]"
80c248dd5eb3,e1ec4301a0453c772c06972f,https://www.bestprice.vn/khach-san/intercontinental-phu-quoc-long-beach-resort-1774.html,room_detail_17141_6_,Three Bedroom Residence Ocean View (2 King + 1 Twin),"[""166m 2"", ""6 người lớn, 5 trẻ em"", ""Hướng biển"", ""3 giường đôi""]",166.0,6,5,3 giường đôi,Hướng biển,True,1,"[""https://owa.bestprice.vn/images/hotels/uploads/intercontinental-phu-quoc-long-beach-resort-64ab6b7931a02.jpg"", ""https://owa.bestprice.vn/images/hotels/uploads/intercontinental-phu-quoc-long-beach-resort-64ab6b7931d77.jpg""]"
80c248dd5eb3,e3061d5389e5cfc8bc45d978,https://www.bestprice.vn/khach-san/terracotta-resort-spa-phan-thiet-896.html,room_detail_3809_2_,Phòng Deluxe,"[""28m 2"", ""2 người lớn, 2 trẻ em"", ""Hướng vườn"", ""2 giường đơn / 1 giường đôi""]",28.0,2,2,2 giường đơn / 1 giường đôi,Hướng vườn,True,1,"[""https://owa.bestprice.vn/images/hotels/uploads/terracotta-resort-mui-ne-64f6af59d869f.jpg"", ""https://owa.bestprice.vn/images/hotels/uploads/terracotta-resort-mui-ne-64f6af59d8609.jpg"", ""https://owa.bestprice.vn/images/hotels/uploads/terracotta-resort-mui-ne-64f6af6d9efc3.jpg""]"
80c248dd5eb3,e3061d5389e5cfc8bc45d978,https://www.bestprice.vn/khach-san/terracotta-resort-spa-phan-thiet-896.html,room_detail_3811_2_,Bungalow Superior Garden View,"[""30m 2"", ""2 người lớn, 2 trẻ em"", ""Hướng vườn"", ""2 giường đơn / 1 giường đôi""]",30.0,2,2,2 giường đơn / 1 giường đôi,Hướng vườn,True,1,"[""https://owa.bestprice.vn/images/hotels/uploads/terracotta-resort-mui-ne-64f6af854f8f2.jpg"", ""https://owa.bestprice.vn/images/hotels/uploads/terracotta-resort-mui-ne-64f6af854f7db.jpg"", ""https://owa.bestprice.vn/images/hotels/uploads/terracotta-resort-mui-ne-64f6af854f86d.jpg""]"
80c248dd5eb3,e3061d5389e5cfc8bc45d978,https://www.bestprice.vn/khach-san/terracotta-resort-spa-phan-thiet-896.html,room_detail_10853_2_,Bungalow Deluxe Garden view,"[""42m 2"", ""2 người lớn, 2 trẻ em"", ""Hướng vườn"", ""1 giường đôi""]",42.0,2,2,1 giường đôi,Hướng vườn,True,1,"[""https://owa.bestprice.vn/images/hotels/uploads/terracotta-resort-mui-ne-64f6af9c0890a.jpg"", ""https://owa.bestprice.vn/images/hotels/uploads/terracotta-resort-mui-ne-64f6af9c08845.jpg""]"
80c248dd5eb3,e3061d5389e5cfc8bc45d978,https://www.bestprice.vn/khach-san/terracotta-resort-spa-phan-thiet-896.html,room_detail_3813_2_,Bungalow Deluxe Sea view,"[""42m 2"", ""2 người lớn, 2 trẻ em"", ""Hướng biển"", ""1 giường đôi""]",42.0,2,2,1 giường đôi,Hướng biển,True,1,"[""https://owa.bestprice.vn/images/hotels/uploads/terracotta-resort-mui-ne-64f6b08516a64.jpg"", ""https://owa.bestprice.vn/images/hotels/uploads/terracotta-resort-mui-ne-64f6b092ae87d.jpg""]"
80c248dd5eb3,e3061d5389e5cfc8bc45d978,https://www.bestprice.vn/khach-san/terracotta-resort-spa-phan-thiet-896.html,room_detail_10855_2_,Bungalow Deluxe Beach Front,"[""42m 2"", ""2 người lớn, 2 trẻ em"", ""Hướng bãi biển"", ""1 giường đôi""]",42.0,2,2,1 giường đôi,Hướng bãi biển,True,1,"[""https://owa.bestprice.vn/images/hotels/uploads/terracotta-resort-mui-ne-64f6b0ab12a21.jpg"", ""https://owa.bestprice.vn/images/hotels/uploads/terracotta-resort-mui-ne-64f6b0ab12ab6.jpg""]"
80c248dd5eb3,e3061d5389e5cfc8bc45d978,https://www.bestprice.vn/khach-san/terracotta-resort-spa-phan-thiet-896.html,room_detail_3816_4_,Phòng Family,"[""60m 2"", ""4 người lớn, 2 trẻ em"", ""Hướng biển"", ""2 giường đôi""]",60.0,4,2,2 giường đôi,Hướng biển,True,1,"[""https://owa.bestprice.vn/images/hotels/uploads/terracotta-resort-mui-ne-64f6b0c58ccb6.jpg"", ""https://owa.bestprice.vn/images/hotels/uploads/terracotta-resort-mui-ne-64f6b0c58cd4b.jpg"", ""https://owa.bestprice.vn/images/hotels/uploads/terracotta-resort-mui-ne-64f6b0c58cdd2.jpg""]"
80c248dd5eb3,e3061d5389e5cfc8bc45d978,https://www.bestprice.vn/khach-san/terracotta-resort-spa-phan-thiet-896.html,room_detail_3818_2_,Suite room,"[""85m 2"", ""2 người lớn, 2 trẻ em"", ""Hướng vườn"", ""1 giường lớn""]",85.0,2,2,1 giường lớn,Hướng vườn,True,1,"[""https://owa.bestprice.vn/images/hotels/uploads/terracotta-resort-mui-ne-64f6b0d4a2304.jpg"", ""https://owa.bestprice.vn/images/hotels/uploads/terracotta-resort-mui-ne-64f6b0d4a239d.jpg"", ""https://owa.bestprice.vn/images/hotels/uploads/terracotta-resort-mui-ne-64f6b0d4a2423.jpg""]"
80c248dd5eb3,e37544b746323f987b2f365f,https://www.bestprice.vn/khach-san/hotel-de-la-coupole-mgallery-sapa-1659.html,room_detail_9629_2_,Phòng Classic,"[""33m 2"", ""2 người lớn, 1 trẻ em"", ""Hướng vườn"", ""2 giường đơn / 1 giường đôi""]",33.0,2,1,2 giường đơn / 1 giường đôi,Hướng vườn,True,1,"[""https://owa.bestprice.vn/images/hotels/uploads/hotel-de-la-coupole-mgallery-sapa-62beb7289f9e8.jpg""]"
80c248dd5eb3,e37544b746323f987b2f365f,https://www.bestprice.vn/khach-san/hotel-de-la-coupole-mgallery-sapa-1659.html,room_detail_9631_2_,Phòng Superior,"[""33m 2"", ""2 người lớn, 1 trẻ em"", ""Hướng thành phố"", ""2 giường đơn / 1 giường đôi""]",33.0,2,1,2 giường đơn / 1 giường đôi,Hướng thành phố,True,1,"[""https://owa.bestprice.vn/images/hotels/uploads/hotel-de-la-coupole-mgallery-by-sofitel-5f3ba5882919e.jpg""]"
80c248dd5eb3,e37544b746323f987b2f365f,https://www.bestprice.vn/khach-san/hotel-de-la-coupole-mgallery-sapa-1659.html,room_detail_9633_2_,Phòng Deluxe,"[""33m 2"", ""2 người lớn, 1 trẻ em"", ""Hướng thành phố"", ""2 giường đơn / 1 giường đôi""]",33.0,2,1,2 giường đơn / 1 giường đôi,Hướng thành phố,True,1,"[""https://owa.bestprice.vn/images/hotels/uploads/hotel-de-la-coupole-mgallery-by-sofitel-5f3ba537cb689.jpg""]"
80c248dd5eb3,e37544b746323f987b2f365f,https://www.bestprice.vn/khach-san/hotel-de-la-coupole-mgallery-sapa-1659.html,room_detail_9637_2_,Phòng Deluxe Suite,"[""75m 2"", ""2 người lớn, 1 trẻ em"", ""Hướng núi"", ""1 giường đôi""]",75.0,2,1,1 giường đôi,Hướng núi,True,1,"[""https://owa.bestprice.vn/images/hotels/uploads/hotel-de-la-coupole-mgallery-by-sofitel-5f3ba5451cf5b.jpg""]"
80c248dd5eb3,e37544b746323f987b2f365f,https://www.bestprice.vn/khach-san/hotel-de-la-coupole-mgallery-sapa-1659.html,room_detail_9639_2_,Phòng Suite Executive,"[""80m 2"", ""2 người lớn, 1 trẻ em"", ""Hướng núi"", ""1 giường đôi""]",80.0,2,1,1 giường đôi,Hướng núi,True,1,"[""https://owa.bestprice.vn/images/hotels/uploads/hotel-de-la-coupole-mgallery-sapa-62beb7289fa95.jpg""]"
80c248dd5eb3,e57d1f39e939c61d57b47460,https://www.bestprice.vn/khach-san/ttc-premium-ngoc-lan-da-lat-1631.html,room_detail_7674_2_,Phòng Deluxe,"[""36m 2"", ""2 người lớn, 1 trẻ em"", ""Hướng thành phố"", ""2 giường đơn / 1 giường đôi""]",36.0,2,1,2 giường đơn / 1 giường đôi,Hướng thành phố,True,1,"[""https://owa.bestprice.vn/images/hotels/uploads/khach-san-ttc-premium-ngoc-lan-da-lat-64cb1afdce5df.jpg""]"
80c248dd5eb3,e57d1f39e939c61d57b47460,https://www.bestprice.vn/khach-san/ttc-premium-ngoc-lan-da-lat-1631.html,room_detail_7675_3_,Phòng Deluxe Lake View,"[""38m 2"", ""3 người lớn, 1 trẻ em"", ""Hướng hồ"", ""1 Giường đôi & 1 Giường đơn""]",38.0,3,1,1 Giường đôi & 1 Giường đơn,Hướng hồ,True,1,"[""https://owa.bestprice.vn/images/hotels/uploads/khach-san-ttc-premium-ngoc-lan-da-lat-64cb1afdce308.jpg"", ""https://owa.bestprice.vn/images/hotels/uploads/khach-san-ttc-premium-ngoc-lan-da-lat-64cb1afdce499.jpg"", ""https://owa.bestprice.vn/images/hotels/uploads/khach-san-ttc-premium-ngoc-lan-da-lat-64cb1afdce3f3.jpg"", ""https://owa.bestprice.vn/images/hotels/uploads/khach-san-ttc-premium-ngoc-lan-da-lat-64cb1afdce53c.jpg""]"
80c248dd5eb3,e57d1f39e939c61d57b47460,https://www.bestprice.vn/khach-san/ttc-premium-ngoc-lan-da-lat-1631.html,room_detail_7676_2_,Phòng Premium Deluxe,"[""52m 2"", ""2 người lớn, 1 trẻ em"", ""Hướng hồ"", ""1 giường lớn""]",52.0,2,1,1 giường lớn,Hướng hồ,True,1,"[""https://owa.bestprice.vn/images/hotels/uploads/khach-san-ttc-premium-ngoc-lan-da-lat-64cb1afdce682.jpg"", ""https://owa.bestprice.vn/images/hotels/uploads/khach-san-ttc-premium-ngoc-lan-da-lat-64cb1afdce724.jpg""]"
80c248dd5eb3,e57d1f39e939c61d57b47460,https://www.bestprice.vn/khach-san/ttc-premium-ngoc-lan-da-lat-1631.html,room_detail_7677_4_,Phòng Suite Lake View,"[""69m 2"", ""4 người lớn, 1 trẻ em"", ""Hướng hồ"", ""1 Giường đôi & 2 Giường đơn""]",69.0,4,1,1 Giường đôi & 2 Giường đơn,Hướng hồ,True,1,"[""https://owa.bestprice.vn/images/hotels/uploads/khach-san-ttc-premium-ngoc-lan-da-lat-64cb1b2f70bec.jpg""]"
80c248dd5eb3,e57d1f39e939c61d57b47460,https://www.bestprice.vn/khach-san/ttc-premium-ngoc-lan-da-lat-1631.html,room_detail_7678_2_,Phòng Premium Suite,"[""75m 2"", ""2 người lớn, 1 trẻ em"", ""Hướng hồ"", ""1 giường lớn""]",75.0,2,1,1 giường lớn,Hướng hồ,True,1,"[""https://owa.bestprice.vn/images/hotels/uploads/khach-san-ttc-premium-ngoc-lan-da-lat-64cb1afdce7c8.jpg"", ""https://owa.bestprice.vn/images/hotels/uploads/khach-san-ttc-premium-ngoc-lan-da-lat-64cb1afdce86a.jpg""]"
80c248dd5eb3,e57d1f39e939c61d57b47460,https://www.bestprice.vn/khach-san/ttc-premium-ngoc-lan-da-lat-1631.html,room_detail_9897_2_,Phòng Presidential Suite,"[""110m 2"", ""2 người lớn, 1 trẻ em"", ""Hướng thành phố"", ""1 giường lớn""]",110.0,2,1,1 giường lớn,Hướng thành phố,True,1,"[""https://owa.bestprice.vn/images/hotels/uploads/khach-san-ttc-premium-ngoc-lan-da-lat-64cb1afdceb96.jpg"", ""https://owa.bestprice.vn/images/hotels/uploads/khach-san-ttc-premium-ngoc-lan-da-lat-64cb1afdce90c.jpg"", ""https://owa.bestprice.vn/images/hotels/uploads/khach-san-ttc-premium-ngoc-lan-da-lat-64cb1afdcec37.jpg"", ""https://owa.bestprice.vn/images/hotels/uploads/khach-san-ttc-premium-ngoc-lan-da-lat-64cb1afdce9af.jpg"", ""https://owa.bestprice.vn/images/hotels/uploads/khach-san-ttc-premium-ngoc-lan-da-lat-64cb1afdceaf4.jpg""]"
80c248dd5eb3,e5b0271828ab9f91a739bad3,https://www.bestprice.vn/khach-san/vinpearl-resort-and-golf-phu-quoc-1378.html,room_detail_5873_2_,Deluxe King Garden View,"[""42m 2"", ""2 người lớn, 2 trẻ em"", ""Hướng vườn"", ""2 giường đơn / 1 giường đôi""]",42.0,2,2,2 giường đơn / 1 giường đôi,Hướng vườn,True,1,"[""https://owa.bestprice.vn/images/hotels/uploads/sheraton-phu-quoc-long-beach-resort-63468326e3fa3.jpg"", ""https://owa.bestprice.vn/images/hotels/uploads/sheraton-phu-quoc-long-beach-resort-634683c9ec0b6.jpg""]"
80c248dd5eb3,e5b0271828ab9f91a739bad3,https://www.bestprice.vn/khach-san/vinpearl-resort-and-golf-phu-quoc-1378.html,room_detail_5874_2_,Deluxe King Ocean View,"[""42m 2"", ""2 người lớn, 2 trẻ em"", ""Hướng biển"", ""2 giường đơn / 1 giường đôi""]",42.0,2,2,2 giường đơn / 1 giường đôi,Hướng biển,True,1,"[""https://owa.bestprice.vn/images/hotels/uploads/sheraton-phu-quoc-long-beach-resort-63468326e3dcf.jpg"", ""https://owa.bestprice.vn/images/hotels/uploads/sheraton-phu-quoc-long-beach-resort-63468326e3d33.jpg"", ""https://owa.bestprice.vn/images/hotels/uploads/sheraton-phu-quoc-long-beach-resort-63468326e4177.jpg""]"
80c248dd5eb3,e5b0271828ab9f91a739bad3,https://www.bestprice.vn/khach-san/vinpearl-resort-and-golf-phu-quoc-1378.html,room_detail_5877_2_,Senior Suite Lake View,"[""80m 2"", ""2 người lớn, 2 trẻ em"", ""Hướng biển"", ""2 giường đơn / 1 giường đôi""]",80.0,2,2,2 giường đơn / 1 giường đôi,Hướng biển,True,1,"[""https://owa.bestprice.vn/images/hotels/uploads/sheraton-phu-quoc-long-beach-resort-6346835949233.jpg"", ""https://owa.bestprice.vn/images/hotels/uploads/sheraton-phu-quoc-long-beach-resort-63468359492cf.jpg""]"
80c248dd5eb3,e5b0271828ab9f91a739bad3,https://www.bestprice.vn/khach-san/vinpearl-resort-and-golf-phu-quoc-1378.html,room_detail_5876_2_,Senior Suite Garden View,"[""80m 2"", ""2 người lớn, 2 trẻ em"", ""Hướng vườn"", ""2 giường đơn / 1 giường đôi""]",80.0,2,2,2 giường đơn / 1 giường đôi,Hướng vườn,True,1,"[""https://owa.bestprice.vn/images/hotels/uploads/sheraton-phu-quoc-long-beach-resort-6346835949197.jpg""]"
80c248dd5eb3,e5b0271828ab9f91a739bad3,https://www.bestprice.vn/khach-san/vinpearl-resort-and-golf-phu-quoc-1378.html,room_detail_5878_4_,2-Bedroom Villa Ocean View,"[""190m 2"", ""4 người lớn, 4 trẻ em"", ""Hướng vườn"", ""2 giường đôi""]",190.0,4,4,2 giường đôi,Hướng vườn,,,"[""https://owa.bestprice.vn/images/hotels/uploads/sheraton-phu-quoc-long-beach-resort-63468326e403f.jpg"", ""https://owa.bestprice.vn/images/hotels/uploads/sheraton-phu-quoc-long-beach-resort-6346835948f20.jpg"", ""https://owa.bestprice.vn/images/hotels/uploads/sheraton-phu-quoc-long-beach-resort-634683c9ec2a1.jpg""]"
80c248dd5eb3,e5b0271828ab9f91a739bad3,https://www.bestprice.vn/khach-san/vinpearl-resort-and-golf-phu-quoc-1378.html,room_detail_5879_6_,3-Bedroom Villa Garden View,"[""290m 2"", ""6 người lớn, 5 trẻ em"", ""Hướng vườn""]",290.0,6,5,,Hướng vườn,,,"[""https://owa.bestprice.vn/images/hotels/uploads/sheraton-phu-quoc-long-beach-resort-63468326e3b5d.jpg"", ""https://owa.bestprice.vn/images/hotels/uploads/sheraton-phu-quoc-long-beach-resort-63468326e3f07.jpg""]"
80c248dd5eb3,e5b0271828ab9f91a739bad3,https://www.bestprice.vn/khach-san/vinpearl-resort-and-golf-phu-quoc-1378.html,room_detail_20412_2_,1 bedroom only ( 3 or 4 Bedroom Lake Villa ),"[""80m 2"", ""2 người lớn, 2 trẻ em"", ""Hướng hồ"", ""1 giường đôi""]",80.0,2,2,1 giường đôi,Hướng hồ,,,"[""https://owa.bestprice.vn/images/hotels/uploads/sheraton-phu-quoc-long-beach-resort-65ebd2c9d61d5.jpg""]"
80c248dd5eb3,e5b0271828ab9f91a739bad3,https://www.bestprice.vn/khach-san/vinpearl-resort-and-golf-phu-quoc-1378.html,room_detail_20413_4_,2 bedroom only ( 3 or 4 Bedroom LakeVilla ),"[""80m 2"", ""4 người lớn, 4 trẻ em"", ""Hướng hồ"", ""2 giường đôi / 1 Giường đôi & 2 Giường đơn""]",80.0,4,4,2 giường đôi / 1 Giường đôi & 2 Giường đơn,Hướng hồ,,,"[""https://owa.bestprice.vn/images/hotels/uploads/sheraton-phu-quoc-long-beach-resort-65ebd311a7683.jpg""]"
80c248dd5eb3,e5b0271828ab9f91a739bad3,https://www.bestprice.vn/khach-san/vinpearl-resort-and-golf-phu-quoc-1378.html,room_detail_5880_8_,4-Bedroom Villa Lake View,"[""360m 2"", ""8 người lớn, 5 trẻ em"", ""3 giường đôi""]",360.0,8,5,3 giường đôi,,,,"[""https://owa.bestprice.vn/images/hotels/uploads/sheraton-phu-quoc-long-beach-resort-63468326e4520.jpg"", ""https://owa.bestprice.vn/images/hotels/uploads/sheraton-phu-quoc-long-beach-resort-634683594905d.jpg"", ""https://owa.bestprice.vn/images/hotels/uploads/sheraton-phu-quoc-long-beach-resort-6346835948fc0.jpg""]"
80c248dd5eb3,e5b0271828ab9f91a739bad3,https://www.bestprice.vn/khach-san/vinpearl-resort-and-golf-phu-quoc-1378.html,room_detail_5882_8_,4-Bedroom Villa Ocean View,"[""360m 2"", ""8 người lớn, 5 trẻ em"", ""Hướng biển"", ""3 giường đôi""]",360.0,8,5,3 giường đôi,Hướng biển,,,"[""https://owa.bestprice.vn/images/hotels/uploads/sheraton-phu-quoc-long-beach-resort-6346835948e71.jpg"", ""https://owa.bestprice.vn/images/hotels/uploads/sheraton-phu-quoc-long-beach-resort-63468359494ae.jpg"", ""https://owa.bestprice.vn/images/hotels/uploads/sheraton-phu-quoc-long-beach-resort-63468326e3ac0.jpg""]"
80c248dd5eb3,e5caf867cbdbd95e98e14f03,https://www.bestprice.vn/khach-san/novotel-nha-trang-141.html,room_detail_660_2_,Standard Room,"[""36m 2"", ""2 người lớn, 2 trẻ em"", ""Hướng thành phố"", ""2 giường đơn / 1 giường đôi""]",36.0,2,2,2 giường đơn / 1 giường đôi,Hướng thành phố,True,1,"[""https://owa.bestprice.vn/images/hotels/uploads/novotel-hotel-nha-trang-6482d68364b26.jpg"", ""https://owa.bestprice.vn/images/hotels/uploads/novotel-hotel-nha-trang-6482d68364a49.jpg""]"
80c248dd5eb3,e5caf867cbdbd95e98e14f03,https://www.bestprice.vn/khach-san/novotel-nha-trang-141.html,room_detail_661_2_,Superior Room,"[""36m 2"", ""2 người lớn, 2 trẻ em"", ""Hướng biển"", ""2 giường đơn / 1 giường đôi""]",36.0,2,2,2 giường đơn / 1 giường đôi,Hướng biển,True,1,"[""https://owa.bestprice.vn/images/hotels/uploads/novotel-hotel-nha-trang-6482d68364be5.jpg""]"
80c248dd5eb3,e5caf867cbdbd95e98e14f03,https://www.bestprice.vn/khach-san/novotel-nha-trang-141.html,room_detail_10559_2_,Superior Ocean view,"[""42m 2"", ""2 người lớn, 2 trẻ em"", ""Hướng biển"", ""2 giường đơn / 1 giường đôi""]",42.0,2,2,2 giường đơn / 1 giường đôi,Hướng biển,,,"[""https://owa.bestprice.vn/images/hotels/uploads/novotel-hotel-nha-trang-6482d68364f7a.jpg"", ""https://owa.bestprice.vn/images/hotels/uploads/novotel-hotel-nha-trang-6482d68364ec2.jpg""]"
80c248dd5eb3,e5caf867cbdbd95e98e14f03,https://www.bestprice.vn/khach-san/novotel-nha-trang-141.html,room_detail_662_2_,Deluxe Room,"[""58m 2"", ""2 người lớn, 2 trẻ em"", ""Hướng biển"", ""1 giường đôi""]",58.0,2,2,1 giường đôi,Hướng biển,True,1,"[""https://owa.bestprice.vn/images/hotels/uploads/novotel-hotel-nha-trang-6482d68365039.jpg"", ""https://owa.bestprice.vn/images/hotels/uploads/novotel-hotel-nha-trang-6482d683650f6.jpg""]"
80c248dd5eb3,e5caf867cbdbd95e98e14f03,https://www.bestprice.vn/khach-san/novotel-nha-trang-141.html,room_detail_10561_2_,Executive Room,"[""42m 2"", ""2 người lớn, 2 trẻ em"", ""Hướng biển"", ""2 giường đơn / 1 giường đôi""]",42.0,2,2,2 giường đơn / 1 giường đôi,Hướng biển,,,"[""https://owa.bestprice.vn/images/hotels/uploads/novotel-hotel-nha-trang-6482d6836526c.jpg"", ""https://owa.bestprice.vn/images/hotels/uploads/novotel-hotel-nha-trang-6482d683651b1.jpg""]"
80c248dd5eb3,e8ad0f309b938887ad49b734,https://www.bestprice.vn/khach-san/hon-tam-resort-3688.html,room_detail_19941_2_,Deluxe Double Garden,"[""43m 2"", ""2 người lớn, 2 trẻ em"", ""Hướng vườn"", ""2 giường đơn / 1 giường đôi""]",43.0,2,2,2 giường đơn / 1 giường đôi,Hướng vườn,True,1,"[""https://owa.bestprice.vn/images/hotels/uploads/hon-tam-resort-65c1f382b7b64.jpg"", ""https://owa.bestprice.vn/images/hotels/uploads/hon-tam-resort-65c1f382b7918.jpg""]"
80c248dd5eb3,e8ad0f309b938887ad49b734,https://www.bestprice.vn/khach-san/hon-tam-resort-3688.html,room_detail_19933_2_,Tropical Deluxe Sea View,"[""57m 2"", ""2 người lớn, 2 trẻ em"", ""Hướng biển"", ""2 giường đơn / 1 giường đôi""]",57.0,2,2,2 giường đơn / 1 giường đôi,Hướng biển,True,1,"[""https://owa.bestprice.vn/images/hotels/uploads/hon-tam-resort-65c1f3a42b5f2.jpg"", ""https://owa.bestprice.vn/images/hotels/uploads/hon-tam-resort-65c1f382b7997.jpg"", ""https://owa.bestprice.vn/images/hotels/uploads/hon-tam-resort-65c1f382b7d81.jpg""]"
80c248dd5eb3,e8ad0f309b938887ad49b734,https://www.bestprice.vn/khach-san/hon-tam-resort-3688.html,room_detail_19934_2_,Forestal Deluxe - Garden,"[""56m 2"", ""2 người lớn, 2 trẻ em"", ""Hướng vườn"", ""2 giường đơn / 1 giường đôi""]",56.0,2,2,2 giường đơn / 1 giường đôi,Hướng vườn,True,1,"[""https://owa.bestprice.vn/images/hotels/uploads/hon-tam-resort-65c1f3a42b2fa.jpg"", ""https://owa.bestprice.vn/images/hotels/uploads/hon-tam-resort-65c1f382b7c3d.jpg"", ""https://owa.bestprice.vn/images/hotels/uploads/hon-tam-resort-65c1f382b7a06.jpg""]"
80c248dd5eb3,e8ad0f309b938887ad49b734,https://www.bestprice.vn/khach-san/hon-tam-resort-3688.html,room_detail_19936_2_,Executive Suite - Seaview,"[""60m 2"", ""2 người lớn, 2 trẻ em"", ""Hướng bãi biển"", ""2 giường đơn / 1 giường đôi""]",60.0,2,2,2 giường đơn / 1 giường đôi,Hướng bãi biển,True,1,"[""https://owa.bestprice.vn/images/hotels/uploads/hon-tam-resort-65c1f382b7ec8.jpg"", ""https://owa.bestprice.vn/images/hotels/uploads/hon-tam-resort-65c1f382b7bd1.jpg"", ""https://owa.bestprice.vn/images/hotels/uploads/hon-tam-resort-65c1f382b7a72.jpg""]"
80c248dd5eb3,e8ad0f309b938887ad49b734,https://www.bestprice.vn/khach-san/hon-tam-resort-3688.html,room_detail_19937_3_,Premier Family - Garden,"[""65m 2"", ""3 người lớn, 4 trẻ em"", ""Hướng vườn"", ""1 Giường đôi & 2 Giường đơn""]",65.0,3,4,1 Giường đôi & 2 Giường đơn,Hướng vườn,True,1,"[""https://owa.bestprice.vn/images/hotels/uploads/hon-tam-resort-65c1f382b7af6.jpg"", ""https://owa.bestprice.vn/images/hotels/uploads/hon-tam-resort-65c1f3a42b28c.jpg"", ""https://owa.bestprice.vn/images/hotels/uploads/hon-tam-resort-65c1f3a42b3d4.jpg"", ""https://owa.bestprice.vn/images/hotels/uploads/hon-tam-resort-65c1f382b7ca8.jpg""]"
80c248dd5eb3,e8b9199b599573f5381cbb3c,https://www.bestprice.vn/khach-san/vinpearl-discovery-greenhill-phu-quoc-1474.html,room_detail_6913_4_,Villa 2-Bedroom,"[""261m 2"", ""4 người lớn, 4 trẻ em"", ""Hướng hồ"", ""2 giường lớn""]",261.0,4,4,2 giường lớn,Hướng hồ,,,"[""https://owa.bestprice.vn/images/hotels/uploads/melia-vinpearl-phu-quoc-vinpearl-discovery-greenhill-phu-quoc-634e71d9c168e.jpg"", ""https://owa.bestprice.vn/images/hotels/uploads/melia-vinpearl-phu-quoc-vinpearl-discovery-greenhill-phu-quoc-634e71d9c1cbf.jpg"", ""https://owa.bestprice.vn/images/hotels/uploads/melia-vinpearl-phu-quoc-vinpearl-discovery-greenhill-phu-quoc-634e71d9c1a25.jpg"", ""https://owa.bestprice.vn/images/hotels/uploads/melia-vinpearl-phu-quoc-vinpearl-discovery-greenhill-phu-quoc-634e71f5b0fd2.jpg"", ""https://owa.bestprice.vn/images/hotels/uploads/melia-vinpearl-phu-quoc-vinpearl-discovery-greenhill-phu-quoc-634e71f5b0c32.jpg""]"
80c248dd5eb3,e8b9199b599573f5381cbb3c,https://www.bestprice.vn/khach-san/vinpearl-discovery-greenhill-phu-quoc-1474.html,room_detail_6915_6_,Villa 3-Bedroom,"[""279m 2"", ""6 người lớn, 5 trẻ em"", ""Hướng vườn""]",279.0,6,5,,Hướng vườn,,,"[""https://owa.bestprice.vn/images/hotels/uploads/melia-vinpearl-phu-quoc-vinpearl-discovery-greenhill-phu-quoc-634e71d9c1789.jpg"", ""https://owa.bestprice.vn/images/hotels/uploads/melia-vinpearl-phu-quoc-vinpearl-discovery-greenhill-phu-quoc-634e71d9c1be2.jpg"", ""https://owa.bestprice.vn/images/hotels/uploads/melia-vinpearl-phu-quoc-vinpearl-discovery-greenhill-phu-quoc-634e71d9c1868.jpg""]"
80c248dd5eb3,e8b9199b599573f5381cbb3c,https://www.bestprice.vn/khach-san/vinpearl-discovery-greenhill-phu-quoc-1474.html,room_detail_6916_8_,Villa 4-Bedroom,"[""405m 2"", ""8 người lớn, 5 trẻ em"", ""Hướng hồ"", ""2 giường lớn""]",405.0,8,5,2 giường lớn,Hướng hồ,,,"[""https://owa.bestprice.vn/images/hotels/uploads/melia-vinpearl-phu-quoc-vinpearl-discovery-greenhill-phu-quoc-634e71f5b118f.jpg"", ""https://owa.bestprice.vn/images/hotels/uploads/melia-vinpearl-phu-quoc-vinpearl-discovery-greenhill-phu-quoc-634e71d9c15af.jpg"", ""https://owa.bestprice.vn/images/hotels/uploads/melia-vinpearl-phu-quoc-vinpearl-discovery-greenhill-phu-quoc-634e71f5b0e02.jpg"", ""https://owa.bestprice.vn/images/hotels/uploads/melia-vinpearl-phu-quoc-vinpearl-discovery-greenhill-phu-quoc-634e71f5b0d10.jpg""]"
80c248dd5eb3,e8f06cbbec902249a8812913,https://www.bestprice.vn/khach-san/belle-maison-handana-hoi-an-resort-spa-1503.html,room_detail_6873_2_,Deluxe room with balcony,"[""30m 2"", ""2 người lớn, 2 trẻ em"", ""Hướng hồ bơi"", ""2 giường đơn / 1 giường đôi""]",30.0,2,2,2 giường đơn / 1 giường đôi,Hướng hồ bơi,True,1,"[""https://owa.bestprice.vn/images/hotels/uploads/belle-maison-handana-hoi-an-resort-spa-5f3e4ac420e45.jpg"", ""https://owa.bestprice.vn/images/hotels/uploads/belle-maison-handana-hoi-an-resort-spa-5c121b6d89601.jpg""]"
80c248dd5eb3,e8f06cbbec902249a8812913,https://www.bestprice.vn/khach-san/belle-maison-handana-hoi-an-resort-spa-1503.html,room_detail_6874_2_,Senior Deluxe Pool View,"[""32m 2"", ""2 người lớn, 2 trẻ em"", ""Hướng hồ bơi"", ""2 giường đơn / 1 giường đôi""]",32.0,2,2,2 giường đơn / 1 giường đôi,Hướng hồ bơi,True,1,"[""https://owa.bestprice.vn/images/hotels/uploads/belle-maison-handana-hoi-an-resort-spa-5f3e4b5370435.jpg"", ""https://owa.bestprice.vn/images/hotels/uploads/belle-maison-handana-hoi-an-resort-spa-5f3e4b3eba2b9.jpg""]"
80c248dd5eb3,e8f06cbbec902249a8812913,https://www.bestprice.vn/khach-san/belle-maison-handana-hoi-an-resort-spa-1503.html,room_detail_6875_2_,Executive Rice Field View,"[""36m 2"", ""2 người lớn, 2 trẻ em"", ""1 giường đôi""]",36.0,2,2,1 giường đôi,,True,1,"[""https://owa.bestprice.vn/images/hotels/uploads/belle-maison-handana-hoi-an-resort-spa-5c121b6d89a35.jpg""]"
80c248dd5eb3,e8f06cbbec902249a8812913,https://www.bestprice.vn/khach-san/belle-maison-handana-hoi-an-resort-spa-1503.html,room_detail_6876_2_,Suite Room,"[""52m 2"", ""2 người lớn, 2 trẻ em"", ""Hướng thành phố"", ""1 giường lớn""]",52.0,2,2,1 giường lớn,Hướng thành phố,True,1,"[""https://owa.bestprice.vn/images/hotels/uploads/belle-maison-handana-hoi-an-resort-spa-5c121b6d8930e.jpg"", ""https://owa.bestprice.vn/images/hotels/uploads/belle-maison-handana-hoi-an-resort-spa-5f3e4ca42b452.jpg""]"
80c248dd5eb3,e8f06cbbec902249a8812913,https://www.bestprice.vn/khach-san/belle-maison-handana-hoi-an-resort-spa-1503.html,room_detail_6877_2_,Belle Maison Suite,"[""56m 2"", ""2 người lớn, 2 trẻ em"", ""1 giường lớn""]",56.0,2,2,1 giường lớn,,True,1,"[""https://owa.bestprice.vn/images/hotels/uploads/belle-maison-handana-hoi-an-resort-spa-5c121b6d8981b.jpg""]"
80c248dd5eb3,e8f06cbbec902249a8812913,https://www.bestprice.vn/khach-san/belle-maison-handana-hoi-an-resort-spa-1503.html,room_detail_15073_2_,Family Connecting,"[""72m 2"", ""2 người lớn, 2 trẻ em"", ""Hướng vườn"", ""2 giường đôi""]",72.0,2,2,2 giường đôi,Hướng vườn,True,1,"[""https://owa.bestprice.vn/images/hotels/uploads/belle-maison-handana-hoi-an-resort-spa-6271eb4dc987f.jpg""]"
80c248dd5eb3,ed187bb01738c5d0add2ee04,https://www.bestprice.vn/khach-san/muong-thanh-grand-thanh-hoa-1682.html,room_detail_8217_2_,Phòng Deluxe King/Twin,"[""30m 2"", ""2 người lớn, 2 trẻ em"", ""Hướng thành phố"", ""2 giường đơn / 1 giường lớn""]",30.0,2,2,2 giường đơn / 1 giường lớn,Hướng thành phố,True,1,"[""https://owa.bestprice.vn/images/hotels/uploads/muong-thanh-grand-thanh-hoa-649522091ac28.jpg"", ""https://owa.bestprice.vn/images/hotels/uploads/muong-thanh-grand-thanh-hoa-649522091ab9c.jpg"", ""https://owa.bestprice.vn/images/hotels/uploads/muong-thanh-grand-thanh-hoa-649522091acb4.jpg""]"
80c248dd5eb3,ed187bb01738c5d0add2ee04,https://www.bestprice.vn/khach-san/muong-thanh-grand-thanh-hoa-1682.html,room_detail_8218_3_,Phòng Deluxe Triple,"[""30m 2"", ""3 người lớn, 2 trẻ em"", ""Hướng thành phố"", ""3 giường đơn""]",30.0,3,2,3 giường đơn,Hướng thành phố,True,1,"[""https://owa.bestprice.vn/images/hotels/uploads/muong-thanh-grand-thanh-hoa-649522091adcd.jpg"", ""https://owa.bestprice.vn/images/hotels/uploads/muong-thanh-grand-thanh-hoa-649522091ad41.jpg"", ""https://owa.bestprice.vn/images/hotels/uploads/muong-thanh-grand-thanh-hoa-649522091ae59.jpg""]"
80c248dd5eb3,ed187bb01738c5d0add2ee04,https://www.bestprice.vn/khach-san/muong-thanh-grand-thanh-hoa-1682.html,room_detail_8219_2_,Phòng Executive Suite,"[""55m 2"", ""2 người lớn, 2 trẻ em"", ""Hướng thành phố"", ""1 giường lớn""]",55.0,2,2,1 giường lớn,Hướng thành phố,True,1,"[""https://owa.bestprice.vn/images/hotels/uploads/muong-thanh-grand-thanh-hoa-649522091b000.jpg"", ""https://owa.bestprice.vn/images/hotels/uploads/muong-thanh-grand-thanh-hoa-649522091af73.jpg"", ""https://owa.bestprice.vn/images/hotels/uploads/muong-thanh-grand-thanh-hoa-649522091aee7.jpg""]"
80c248dd5eb3,ed187bb01738c5d0add2ee04,https://www.bestprice.vn/khach-san/muong-thanh-grand-thanh-hoa-1682.html,room_detail_8220_2_,Phòng Grand Suite,"[""75m 2"", ""2 người lớn, 2 trẻ em"", ""Hướng thành phố"", ""1 giường lớn""]",75.0,2,2,1 giường lớn,Hướng thành phố,True,1,"[""https://owa.bestprice.vn/images/hotels/uploads/muong-thanh-grand-thanh-hoa-649522091b1a5.jpg"", ""https://owa.bestprice.vn/images/hotels/uploads/muong-thanh-grand-thanh-hoa-649522091b118.jpg"", ""https://owa.bestprice.vn/images/hotels/uploads/muong-thanh-grand-thanh-hoa-649522091b08c.jpg""]"
80c248dd5eb3,ed187bb01738c5d0add2ee04,https://www.bestprice.vn/khach-san/muong-thanh-grand-thanh-hoa-1682.html,room_detail_20380_2_,Presidential Suite,"[""185m 2"", ""2 người lớn, 2 trẻ em"", ""1 giường lớn""]",185.0,2,2,1 giường lớn,,,,"[""https://owa.bestprice.vn/images/hotels/uploads/muong-thanh-grand-thanh-hoa-65e576271c2e9.jpg""]"
80c248dd5eb3,ed964be39e6e73e7784611ec,https://www.bestprice.vn/khach-san/paradise-suites-hotel-ha-long-1442.html,room_detail_6424_2_,Paradise Suite,"[""32m 2"", ""2 người lớn, 1 trẻ em"", ""Hướng thành phố"", ""2 giường đơn / 1 giường đôi""]",32.0,2,1,2 giường đơn / 1 giường đôi,Hướng thành phố,True,1,"[""https://owa.bestprice.vn/images/hotels/uploads/paradise-suites-hotel-ha-long-64705a8d10b83.jpg"", ""https://owa.bestprice.vn/images/hotels/uploads/paradise-suites-hotel-ha-long-64705a8d10c29.jpg"", ""https://owa.bestprice.vn/images/hotels/uploads/paradise-suites-hotel-ha-long-64705a8d10cd0.jpg"", ""https://owa.bestprice.vn/images/hotels/uploads/paradise-suites-hotel-ha-long-64705a8d10d7a.jpg""]"
80c248dd5eb3,eec89f23f84dd5a7ee188ebe,https://www.bestprice.vn/khach-san/muong-thanh-grand-da-nang-184.html,room_detail_6328_2_,Superior Twin,"[""27m 2"", ""2 người lớn, 2 trẻ em"", ""1 giường đôi""]",27.0,2,2,1 giường đôi,,True,1,"[""https://owa.bestprice.vn/images/hotels/uploads/muong-thanh-grand-da-nang-648bba1c50865.jpg"", ""https://owa.bestprice.vn/images/hotels/uploads/muong-thanh-grand-da-nang-648bba1c507da.jpg""]"
80c248dd5eb3,eec89f23f84dd5a7ee188ebe,https://www.bestprice.vn/khach-san/muong-thanh-grand-da-nang-184.html,room_detail_839_2_,Deluxe Twin & King,"[""30m 2"", ""2 người lớn, 2 trẻ em"", ""Hướng biển"", ""2 giường đơn / 1 giường lớn""]",30.0,2,2,2 giường đơn / 1 giường lớn,Hướng biển,True,1,"[""https://owa.bestprice.vn/images/hotels/uploads/muong-thanh-grand-da-nang-648bba1c508ed.jpg"", ""https://owa.bestprice.vn/images/hotels/uploads/muong-thanh-grand-da-nang-648bba1c50976.jpg""]"
80c248dd5eb3,eec89f23f84dd5a7ee188ebe,https://www.bestprice.vn/khach-san/muong-thanh-grand-da-nang-184.html,room_detail_840_3_,Deluxe Triple & Family Triple,"[""38m 2"", ""3 người lớn, 2 trẻ em"", ""Hướng sông"", ""3 giường đơn / 1 Giường đôi & 1 Giường đơn""]",38.0,3,2,3 giường đơn / 1 Giường đôi & 1 Giường đơn,Hướng sông,True,1,"[""https://owa.bestprice.vn/images/hotels/uploads/muong-thanh-grand-da-nang-648bba1c50a86.jpg"", ""https://owa.bestprice.vn/images/hotels/uploads/muong-thanh-grand-da-nang-648bba1c509fe.jpg""]"
80c248dd5eb3,eec89f23f84dd5a7ee188ebe,https://www.bestprice.vn/khach-san/muong-thanh-grand-da-nang-184.html,room_detail_841_2_,Premium Deluxe King,"[""50m 2"", ""2 người lớn, 2 trẻ em"", ""Hướng biển"", ""1 giường lớn""]",50.0,2,2,1 giường lớn,Hướng biển,True,1,"[""https://owa.bestprice.vn/images/hotels/uploads/muong-thanh-grand-da-nang-648bba1c50b0e.jpg"", ""https://owa.bestprice.vn/images/hotels/uploads/muong-thanh-grand-da-nang-648bba1c50b96.jpg""]"
80c248dd5eb3,eec89f23f84dd5a7ee188ebe,https://www.bestprice.vn/khach-san/muong-thanh-grand-da-nang-184.html,room_detail_842_2_,Excutive Suite,"[""76m 2"", ""2 người lớn, 2 trẻ em"", ""Hướng sông"", ""1 giường lớn""]",76.0,2,2,1 giường lớn,Hướng sông,True,1,"[""https://owa.bestprice.vn/images/hotels/uploads/muong-thanh-grand-da-nang-648bba1c50c1f.jpg"", ""https://owa.bestprice.vn/images/hotels/uploads/muong-thanh-grand-da-nang-648bba1c50ca7.jpg""]"
80c248dd5eb3,eec89f23f84dd5a7ee188ebe,https://www.bestprice.vn/khach-san/muong-thanh-grand-da-nang-184.html,room_detail_7785_2_,Presidential Suite,"[""150m 2"", ""2 người lớn, 2 trẻ em"", ""Hướng thành phố"", ""1 giường lớn""]",150.0,2,2,1 giường lớn,Hướng thành phố,True,1,"[""https://owa.bestprice.vn/images/hotels/uploads/muong-thanh-grand-da-nang-648bba1c50d2f.jpg"", ""https://owa.bestprice.vn/images/hotels/uploads/muong-thanh-grand-da-nang-648bba1c50db7.jpg""]"
80c248dd5eb3,eec89f23f84dd5a7ee188ebe,https://www.bestprice.vn/khach-san/muong-thanh-grand-da-nang-184.html,room_detail_7786_4_,Apartment,"[""100m 2"", ""4 người lớn, 2 trẻ em"", ""Hướng thành phố"", ""2 giường đôi / 1 Giường đôi & 2 Giường đơn""]",100.0,4,2,2 giường đôi / 1 Giường đôi & 2 Giường đơn,Hướng thành phố,True,1,"[""https://owa.bestprice.vn/images/hotels/uploads/muong-thanh-grand-da-nang-648bba1c50e3f.jpg"", ""https://owa.bestprice.vn/images/hotels/uploads/muong-thanh-grand-da-nang-648bba1c50ec7.jpg""]"
80c248dd5eb3,f139e8883775b9499d106045,https://www.bestprice.vn/khach-san/flc-luxury-hotel-resort-quy-nhon-1403.html,room_detail_6081_2_,Studio Suite,"[""30m 2"", ""2 người lớn, 2 trẻ em"", ""Hướng biển"", ""2 giường đơn / 1 giường đôi""]",30.0,2,2,2 giường đơn / 1 giường đôi,Hướng biển,True,1,"[""https://owa.bestprice.vn/images/hotels/uploads/flc-luxury-hotel-resort-quy-nhon-6474539fd5598.jpg"", ""https://owa.bestprice.vn/images/hotels/uploads/flc-luxury-hotel-resort-quy-nhon-647453bb4006a.jpg""]"
80c248dd5eb3,f139e8883775b9499d106045,https://www.bestprice.vn/khach-san/flc-luxury-hotel-resort-quy-nhon-1403.html,room_detail_6083_2_,Studio Suite Deluxe,"[""32m 2"", ""2 người lớn, 2 trẻ em"", ""Hướng biển"", ""2 giường đơn / 1 giường đôi""]",32.0,2,2,2 giường đơn / 1 giường đôi,Hướng biển,True,1,"[""https://owa.bestprice.vn/images/hotels/uploads/flc-luxury-hotel-resort-quy-nhon-647453bb3fc27.jpg"", ""https://owa.bestprice.vn/images/hotels/uploads/flc-luxury-hotel-resort-quy-nhon-647453bb3ffd1.jpg""]"
80c248dd5eb3,f139e8883775b9499d106045,https://www.bestprice.vn/khach-san/flc-luxury-hotel-resort-quy-nhon-1403.html,room_detail_6084_4_,Family Suite,"[""67m 2"", ""4 người lớn, 4 trẻ em"", ""Hướng biển"", ""2 giường đơn / 1 giường đôi""]",67.0,4,4,2 giường đơn / 1 giường đôi,Hướng biển,,,"[""https://owa.bestprice.vn/images/hotels/uploads/flc-luxury-hotel-resort-quy-nhon-647453bb3fcd1.jpg"", ""https://owa.bestprice.vn/images/hotels/uploads/flc-luxury-hotel-resort-quy-nhon-6474539fd5450.jpg"", ""https://owa.bestprice.vn/images/hotels/uploads/flc-luxury-hotel-resort-quy-nhon-6474534376151.jpg""]"
80c248dd5eb3,f139e8883775b9499d106045,https://www.bestprice.vn/khach-san/flc-luxury-hotel-resort-quy-nhon-1403.html,room_detail_6085_4_,Family Suite Plus,"[""105m 2"", ""4 người lớn, 4 trẻ em"", ""Hướng biển"", ""1 Giường đôi & 2 Giường đơn""]",105.0,4,4,1 Giường đôi & 2 Giường đơn,Hướng biển,,,"[""https://owa.bestprice.vn/images/hotels/uploads/flc-luxury-hotel-resort-quy-nhon-647453bb401ac.jpg"", ""https://owa.bestprice.vn/images/hotels/uploads/flc-luxury-hotel-resort-quy-nhon-64745343760b8.jpg""]"
80c248dd5eb3,f139e8883775b9499d106045,https://www.bestprice.vn/khach-san/flc-luxury-hotel-resort-quy-nhon-1403.html,room_detail_6086_4_,Family Suite Deluxe,"[""150m 2"", ""4 người lớn, 4 trẻ em"", ""Hướng bãi biển"", ""1 Giường đôi & 2 Giường đơn""]",150.0,4,4,1 Giường đôi & 2 Giường đơn,Hướng bãi biển,,,"[""https://owa.bestprice.vn/images/hotels/uploads/flc-luxury-hotel-resort-quy-nhon-6474539fd594f.jpg"", ""https://owa.bestprice.vn/images/hotels/uploads/flc-luxury-hotel-resort-quy-nhon-6474534376020.jpg""]"
80c248dd5eb3,f139e8883775b9499d106045,https://www.bestprice.vn/khach-san/flc-luxury-hotel-resort-quy-nhon-1403.html,room_detail_6087_4_,Seaview Villa 2 Bedroom,"[""218m 2"", ""4 người lớn, 4 trẻ em"", ""Hướng biển"", ""1 Giường đôi & 2 Giường đơn""]",218.0,4,4,1 Giường đôi & 2 Giường đơn,Hướng biển,,,"[""https://owa.bestprice.vn/images/hotels/uploads/flc-luxury-hotel-resort-quy-nhon-6474539fd54fb.jpg"", ""https://owa.bestprice.vn/images/hotels/uploads/flc-luxury-hotel-resort-quy-nhon-647453bb3fe06.jpg"", ""https://owa.bestprice.vn/images/hotels/uploads/flc-luxury-hotel-resort-quy-nhon-647453bb3ff39.jpg""]"
80c248dd5eb3,f139e8883775b9499d106045,https://www.bestprice.vn/khach-san/flc-luxury-hotel-resort-quy-nhon-1403.html,room_detail_6094_4_,Beachfront Villa 2 Bedroom,"[""218m 2"", ""4 người lớn, 4 trẻ em"", ""Hướng biển"", ""1 Giường đôi & 2 Giường đơn""]",218.0,4,4,1 Giường đôi & 2 Giường đơn,Hướng biển,,,"[""https://owa.bestprice.vn/images/hotels/uploads/flc-luxury-hotel-resort-quy-nhon-6474534375db7.jpg""]"
80c248dd5eb3,f139e8883775b9499d106045,https://www.bestprice.vn/khach-san/flc-luxury-hotel-resort-quy-nhon-1403.html,room_detail_6088_6_,Beachfront Villa 3 Bedroom,"[""318m 2"", ""6 người lớn, 5 trẻ em"", ""Hướng bãi biển"", ""3 giường đôi""]",318.0,6,5,3 giường đôi,Hướng bãi biển,,,"[""https://owa.bestprice.vn/images/hotels/uploads/flc-luxury-hotel-resort-quy-nhon-6474534375e52.jpg"", ""https://owa.bestprice.vn/images/hotels/uploads/flc-luxury-hotel-resort-quy-nhon-647453bb402df.jpg""]"
80c248dd5eb3,f139e8883775b9499d106045,https://www.bestprice.vn/khach-san/flc-luxury-hotel-resort-quy-nhon-1403.html,room_detail_6093_8_,Seaview Villa 4 bedroom,"[""431m 2"", ""8 người lớn, 5 trẻ em"", ""Hướng thành phố"", ""2 giường đơn / 2 giường đôi""]",431.0,8,5,2 giường đơn / 2 giường đôi,Hướng thành phố,,,"[""https://owa.bestprice.vn/images/hotels/uploads/flc-luxury-hotel-resort-quy-nhon-6474534375c3b.jpg"", ""https://owa.bestprice.vn/images/hotels/uploads/flc-luxury-hotel-resort-quy-nhon-647453bb3fd6c.jpg""]"
80c248dd5eb3,f18eda2453a6cbaf0af8c800,https://www.bestprice.vn/khach-san/sapa-jade-hill-resort-spa-1369.html,room_detail_6857_2_,Phòng Deluxe Valley View,"[""30m 2"", ""2 người lớn, 2 trẻ em"", ""Hướng núi"", ""2 giường đơn / 1 giường đôi""]",30.0,2,2,2 giường đơn / 1 giường đôi,Hướng núi,True,1,"[""https://owa.bestprice.vn/images/hotels/uploads/sapa-jade-hill-resort-spa-64dda6abe62bf.jpg"", ""https://owa.bestprice.vn/images/hotels/uploads/sapa-jade-hill-resort-spa-64dda6abe6347.jpg""]"
80c248dd5eb3,f18eda2453a6cbaf0af8c800,https://www.bestprice.vn/khach-san/sapa-jade-hill-resort-spa-1369.html,room_detail_14176_2_,Phòng Deluxe Bungalow,"[""40m 2"", ""2 người lớn, 2 trẻ em"", ""Hướng vườn"", ""2 giường đơn / 1 giường đôi""]",40.0,2,2,2 giường đơn / 1 giường đôi,Hướng vườn,True,1,"[""https://owa.bestprice.vn/images/hotels/uploads/sapa-jade-hill-resort-spa-64dda6abe61ae.jpg"", ""https://owa.bestprice.vn/images/hotels/uploads/sapa-jade-hill-resort-spa-64dda6abe6237.jpg""]"
80c248dd5eb3,f18eda2453a6cbaf0af8c800,https://www.bestprice.vn/khach-san/sapa-jade-hill-resort-spa-1369.html,room_detail_6859_2_,Phòng Bungalow Mountain View,"[""40m 2"", ""2 người lớn, 2 trẻ em"", ""Hướng núi"", ""2 giường đơn / 1 giường đôi""]",40.0,2,2,2 giường đơn / 1 giường đôi,Hướng núi,True,1,"[""https://owa.bestprice.vn/images/hotels/uploads/sapa-jade-hill-resort-spa-64dda6abe6015.jpg"", ""https://owa.bestprice.vn/images/hotels/uploads/sapa-jade-hill-resort-spa-64dda6abe5f8d.jpg""]"
80c248dd5eb3,f18eda2453a6cbaf0af8c800,https://www.bestprice.vn/khach-san/sapa-jade-hill-resort-spa-1369.html,room_detail_6861_2_,Phòng Bungalow Panorama View,"[""40m 2"", ""2 người lớn, 2 trẻ em"", ""Hướng núi"", ""2 giường đơn / 1 giường đôi""]",40.0,2,2,2 giường đơn / 1 giường đôi,Hướng núi,True,1,"[""https://owa.bestprice.vn/images/hotels/uploads/sapa-jade-hill-resort-spa-64dda6abe609d.jpg""]"
80c248dd5eb3,f18eda2453a6cbaf0af8c800,https://www.bestprice.vn/khach-san/sapa-jade-hill-resort-spa-1369.html,room_detail_6865_4_,Phòng Nest Villa,"[""90m 2"", ""4 người lớn, 2 trẻ em"", ""Hướng núi"", ""2 giường đôi""]",90.0,4,2,2 giường đôi,Hướng núi,True,1,"[""https://owa.bestprice.vn/images/hotels/uploads/sapa-jade-hill-resort-spa-64dda6abe63cf.jpg"", ""https://owa.bestprice.vn/images/hotels/uploads/sapa-jade-hill-resort-spa-64dda6abe645c.jpg""]"
80c248dd5eb3,f506a2244ada5cda430ea08d,https://www.bestprice.vn/khach-san/sheraton-can-tho-1377.html,room_detail_5869_2_,Deluxe Room City View,"[""46m 2"", ""2 người lớn, 2 trẻ em"", ""Hướng thành phố"", ""1 giường lớn""]",46.0,2,2,1 giường lớn,Hướng thành phố,True,1,"[""https://owa.bestprice.vn/images/hotels/uploads/sheraton-vinpearl-hotel-can-tho-637b279281e9f.jpg"", ""https://owa.bestprice.vn/images/hotels/uploads/sheraton-vinpearl-hotel-can-tho-637b279281e09.jpg"", ""https://owa.bestprice.vn/images/hotels/uploads/sheraton-vinpearl-hotel-can-tho-637b279281d62.jpg""]"
80c248dd5eb3,f506a2244ada5cda430ea08d,https://www.bestprice.vn/khach-san/sheraton-can-tho-1377.html,room_detail_5870_2_,Deluxe Room River View,"[""46m 2"", ""2 người lớn, 2 trẻ em"", ""Hướng sông"", ""1 giường lớn""]",46.0,2,2,1 giường lớn,Hướng sông,True,1,"[""https://owa.bestprice.vn/images/hotels/uploads/sheraton-vinpearl-hotel-can-tho-637b27c615439.jpg"", ""https://owa.bestprice.vn/images/hotels/uploads/sheraton-vinpearl-hotel-can-tho-637b27c6154e1.jpg"", ""https://owa.bestprice.vn/images/hotels/uploads/sheraton-vinpearl-hotel-can-tho-637b27e727eda.jpg""]"
80c248dd5eb3,f506a2244ada5cda430ea08d,https://www.bestprice.vn/khach-san/sheraton-can-tho-1377.html,room_detail_5871_2_,Executive Suite King,"[""86m 2"", ""2 người lớn, 2 trẻ em"", ""Hướng thành phố"", ""1 giường lớn""]",86.0,2,2,1 giường lớn,Hướng thành phố,True,1,"[""https://owa.bestprice.vn/images/hotels/uploads/sheraton-vinpearl-hotel-can-tho-637b27e727da2.jpg"", ""https://owa.bestprice.vn/images/hotels/uploads/sheraton-vinpearl-hotel-can-tho-637b27e727e44.jpg"", ""https://owa.bestprice.vn/images/hotels/uploads/sheraton-vinpearl-hotel-can-tho-637b281b100aa.jpg"", ""https://owa.bestprice.vn/images/hotels/uploads/sheraton-vinpearl-hotel-can-tho-637b281b1014e.jpg""]"
80c248dd5eb3,f60b419024a0aac86d7347d0,https://www.bestprice.vn/khach-san/flc-grand-hotel-sam-son-1402.html,room_detail_6069_2_,Phòng Grand Comfort,"[""33m 2"", ""2 người lớn, 2 trẻ em"", ""Hướng vườn"", ""2 giường đơn / 1 giường đôi""]",33.0,2,2,2 giường đơn / 1 giường đôi,Hướng vườn,True,1,"[""https://owa.bestprice.vn/images/hotels/uploads/flc-grand-hotel-sam-son-649278c902b4e.jpg"", ""https://owa.bestprice.vn/images/hotels/uploads/flc-grand-hotel-sam-son-649278c902ace.jpg"", ""https://owa.bestprice.vn/images/hotels/uploads/flc-grand-hotel-sam-son-649278c902a4e.jpg""]"
80c248dd5eb3,f60b419024a0aac86d7347d0,https://www.bestprice.vn/khach-san/flc-grand-hotel-sam-son-1402.html,room_detail_6070_2_,Phòng Grand Premier,"[""55m 2"", ""2 người lớn, 2 trẻ em"", ""Hướng thành phố"", ""2 giường đơn / 1 giường đôi""]",55.0,2,2,2 giường đơn / 1 giường đôi,Hướng thành phố,True,1,"[""https://owa.bestprice.vn/images/hotels/uploads/flc-grand-hotel-sam-son-649278c902ccd.jpg"", ""https://owa.bestprice.vn/images/hotels/uploads/flc-grand-hotel-sam-son-649278c902c4e.jpg"", ""https://owa.bestprice.vn/images/hotels/uploads/flc-grand-hotel-sam-son-649278c902bce.jpg""]"
80c248dd5eb3,f60b419024a0aac86d7347d0,https://www.bestprice.vn/khach-san/flc-grand-hotel-sam-son-1402.html,room_detail_6071_3_,Phòng Grand Suite,"[""71m 2"", ""3 người lớn, 2 trẻ em"", ""Hướng bãi biển"", ""1 Giường đôi & 2 Giường đơn""]",71.0,3,2,1 Giường đôi & 2 Giường đơn,Hướng bãi biển,True,1,"[""https://owa.bestprice.vn/images/hotels/uploads/flc-grand-hotel-sam-son-649278c902e4c.jpg"", ""https://owa.bestprice.vn/images/hotels/uploads/flc-grand-hotel-sam-son-649278c902d4d.jpg"", ""https://owa.bestprice.vn/images/hotels/uploads/flc-grand-hotel-sam-son-649278c902dcd.jpg""]"
80c248dd5eb3,f715522d05a1d9f2e3a3cef8,https://www.bestprice.vn/khach-san/river-beach-resort-residences-hoi-an-51.html,room_detail_235_2_,Phòng Deluxe,"[""36m 2"", ""2 người lớn, 1 trẻ em"", ""Hướng vườn"", ""2 giường đơn / 1 giường đôi""]",36.0,2,1,2 giường đơn / 1 giường đôi,Hướng vườn,True,1,"[""https://owa.bestprice.vn/images/hotels/uploads/river-beach-resort-residences-532ab0b6e3d92.jpg""]"
80c248dd5eb3,f715522d05a1d9f2e3a3cef8,https://www.bestprice.vn/khach-san/river-beach-resort-residences-hoi-an-51.html,room_detail_236_2_,Phòng Super Deluxe,"[""40m 2"", ""2 người lớn, 1 trẻ em"", ""Hướng sông"", ""2 giường đơn / 1 giường đôi""]",40.0,2,1,2 giường đơn / 1 giường đôi,Hướng sông,True,1,"[""https://owa.bestprice.vn/images/hotels/uploads/river-beach-resort-residences-532ab0b6e3d07.jpg""]"
80c248dd5eb3,f715522d05a1d9f2e3a3cef8,https://www.bestprice.vn/khach-san/river-beach-resort-residences-hoi-an-51.html,room_detail_237_2_,Phòng Junior Suite,"[""75m 2"", ""2 người lớn, 1 trẻ em"", ""Hướng sông"", ""1 giường đôi""]",75.0,2,1,1 giường đôi,Hướng sông,True,1,"[""https://owa.bestprice.vn/images/hotels/uploads/river-beach-resort-residences-532aae1e32d15.jpg""]"
80c248dd5eb3,f715522d05a1d9f2e3a3cef8,https://www.bestprice.vn/khach-san/river-beach-resort-residences-hoi-an-51.html,room_detail_238_4_,Phòng Family Suite,"[""84m 2"", ""4 người lớn, 2 trẻ em"", ""Hướng sông"", ""1 Giường đôi & 2 Giường đơn""]",84.0,4,2,1 Giường đôi & 2 Giường đơn,Hướng sông,True,1,"[""https://owa.bestprice.vn/images/hotels/uploads/river-beach-resort-residences-532ab0b6e3c58.jpg""]"
80c248dd5eb3,f7ba0d468eda7cb5232a5a23,https://www.bestprice.vn/khach-san/golf-valley-da-lat-1580.html,room_detail_7405_2_,Superior City View,"[""28m 2"", ""2 người lớn, 1 trẻ em"", ""Hướng thành phố"", ""2 giường đơn / 1 giường đôi""]",28.0,2,1,2 giường đơn / 1 giường đôi,Hướng thành phố,,,"[""https://owa.bestprice.vn/images/hotels/uploads/khach-san-golf-valley-da-lat-641d6ab790e2a.jpg"", ""https://owa.bestprice.vn/images/hotels/uploads/khach-san-golf-valley-da-lat-641d6ada861d8.jpg""]"
80c248dd5eb3,f7ba0d468eda7cb5232a5a23,https://www.bestprice.vn/khach-san/golf-valley-da-lat-1580.html,room_detail_8593_2_,Superior Valley View,"[""28m 2"", ""2 người lớn, 1 trẻ em"", ""Hướng núi"", ""2 giường đơn / 1 giường đôi""]",28.0,2,1,2 giường đơn / 1 giường đôi,Hướng núi,,,"[""https://owa.bestprice.vn/images/hotels/uploads/golf-valley-hotel-da-lat-64c0a00179d9f.jpg"", ""https://owa.bestprice.vn/images/hotels/uploads/golf-valley-hotel-da-lat-64c0a0017a037.jpg""]"
80c248dd5eb3,f7ba0d468eda7cb5232a5a23,https://www.bestprice.vn/khach-san/golf-valley-da-lat-1580.html,room_detail_8594_2_,Deluxe City View,"[""32m 2"", ""2 người lớn, 2 trẻ em"", ""Hướng thành phố"", ""2 giường đơn / 1 giường đôi""]",32.0,2,2,2 giường đơn / 1 giường đôi,Hướng thành phố,True,1,"[""https://owa.bestprice.vn/images/hotels/uploads/golf-valley-hotel-da-lat-64c0a00179f2e.jpg"", ""https://owa.bestprice.vn/images/hotels/uploads/golf-valley-hotel-da-lat-64c0a02664675.jpg""]"
80c248dd5eb3,f7ba0d468eda7cb5232a5a23,https://www.bestprice.vn/khach-san/golf-valley-da-lat-1580.html,room_detail_8595_2_,Deluxe Valley View,"[""32m 2"", ""2 người lớn, 2 trẻ em"", ""Hướng núi"", ""2 giường đơn / 1 giường đôi""]",32.0,2,2,2 giường đơn / 1 giường đôi,Hướng núi,True,1,"[""https://owa.bestprice.vn/images/hotels/uploads/khach-san-golf-valley-da-lat-641d6ab791332.jpg"", ""https://owa.bestprice.vn/images/hotels/uploads/khach-san-golf-valley-da-lat-641d6ab790bf7.jpg""]"
80c248dd5eb3,f7ba0d468eda7cb5232a5a23,https://www.bestprice.vn/khach-san/golf-valley-da-lat-1580.html,room_detail_8596_2_,Premium Deluxe City View,"[""43m 2"", ""2 người lớn, 2 trẻ em"", ""Hướng thành phố"", ""2 giường đơn / 1 giường đôi""]",43.0,2,2,2 giường đơn / 1 giường đôi,Hướng thành phố,True,1,"[""https://owa.bestprice.vn/images/hotels/uploads/khach-san-golf-valley-da-lat-641d6ada86030.jpg"", ""https://owa.bestprice.vn/images/hotels/uploads/khach-san-golf-valley-da-lat-641d6ada860be.jpg""]"
80c248dd5eb3,f7ba0d468eda7cb5232a5a23,https://www.bestprice.vn/khach-san/golf-valley-da-lat-1580.html,room_detail_8597_2_,Premium Deluxe Valley View,"[""43m 2"", ""2 người lớn, 2 trẻ em"", ""Hướng núi"", ""2 giường đơn / 1 giường đôi""]",43.0,2,2,2 giường đơn / 1 giường đôi,Hướng núi,True,1,"[""https://owa.bestprice.vn/images/hotels/uploads/golf-valley-hotel-da-lat-64c0a00179eaa.jpg"", ""https://owa.bestprice.vn/images/hotels/uploads/khach-san-golf-valley-da-lat-641d6ada86264.jpg""]"
80c248dd5eb3,f7ba0d468eda7cb5232a5a23,https://www.bestprice.vn/khach-san/golf-valley-da-lat-1580.html,room_detail_8598_2_,Golf Valley Suite,"[""50m 2"", ""2 người lớn, 2 trẻ em"", ""Hướng thành phố"", ""1 giường lớn""]",50.0,2,2,1 giường lớn,Hướng thành phố,True,1,"[""https://owa.bestprice.vn/images/hotels/uploads/golf-valley-hotel-da-lat-64c0a0199d144.jpg"", ""https://owa.bestprice.vn/images/hotels/uploads/golf-valley-hotel-da-lat-64c0a00179ba0.jpg"", ""https://owa.bestprice.vn/images/hotels/uploads/golf-valley-hotel-da-lat-64c0a0266481a.jpg""]"
80c248dd5eb3,f7ba0d468eda7cb5232a5a23,https://www.bestprice.vn/khach-san/golf-valley-da-lat-1580.html,room_detail_8599_4_,Family Suite,"[""56m 2"", ""4 người lớn, 2 trẻ em"", ""1 Giường đôi & 2 Giường đơn""]",56.0,4,2,1 Giường đôi & 2 Giường đơn,,True,1,"[""https://owa.bestprice.vn/images/hotels/uploads/golf-valley-hotel-da-lat-64c0a0017a141.jpg"", ""https://owa.bestprice.vn/images/hotels/uploads/golf-valley-hotel-da-lat-64c0a0199d1e0.jpg"", ""https://owa.bestprice.vn/images/hotels/uploads/golf-valley-hotel-da-lat-64c0a02664793.jpg""]"
80c248dd5eb3,f8a5747feaca152707e1bbee,https://www.bestprice.vn/khach-san/movenpick-resort-waverly-phu-quoc-1768.html,room_detail_11297_2_,Phòng Studio Mountain View,"[""40m 2"", ""2 người lớn, 2 trẻ em"", ""Hướng vườn"", ""1 giường đơn / 1 giường lớn""]",40.0,2,2,1 giường đơn / 1 giường lớn,Hướng vườn,True,1,"[""https://owa.bestprice.vn/images/hotels/uploads/movenpick-resort-waverly-phu-quoc-64796ca63ffdf.jpg"", ""https://owa.bestprice.vn/images/hotels/uploads/movenpick-resort-waverly-phu-quoc-64796ca63ff20.jpg""]"
80c248dd5eb3,f8a5747feaca152707e1bbee,https://www.bestprice.vn/khach-san/movenpick-resort-waverly-phu-quoc-1768.html,room_detail_11299_2_,Phòng Studio Sea View,"[""44m 2"", ""2 người lớn, 2 trẻ em"", ""Hướng biển"", ""2 giường đơn / 1 giường lớn""]",44.0,2,2,2 giường đơn / 1 giường lớn,Hướng biển,True,1,"[""https://owa.bestprice.vn/images/hotels/uploads/movenpick-resort-waverly-phu-quoc-64796d2ebf812.jpg"", ""https://owa.bestprice.vn/images/hotels/uploads/movenpick-resort-waverly-phu-quoc-64796d2ebf75f.jpg""]"
80c248dd5eb3,f8a5747feaca152707e1bbee,https://www.bestprice.vn/khach-san/movenpick-resort-waverly-phu-quoc-1768.html,room_detail_18725_2_,Phòng Superior Garden View,"[""35m 2"", ""2 người lớn, 2 trẻ em"", ""Hướng vườn"", ""2 giường đơn / 1 giường lớn""]",35.0,2,2,2 giường đơn / 1 giường lớn,Hướng vườn,True,1,"[""https://owa.bestprice.vn/images/hotels/uploads/movenpick-resort-waverly-phu-quoc-64796dabd8995.jpg"", ""https://owa.bestprice.vn/images/hotels/uploads/movenpick-resort-waverly-phu-quoc-64796dabd8af2.jpg"", ""https://owa.bestprice.vn/images/hotels/uploads/movenpick-resort-waverly-phu-quoc-64796dabd8b8f.jpg"", ""https://owa.bestprice.vn/images/hotels/uploads/movenpick-resort-waverly-phu-quoc-64796dabd8a46.jpg""]"
80c248dd5eb3,f8a5747feaca152707e1bbee,https://www.bestprice.vn/khach-san/movenpick-resort-waverly-phu-quoc-1768.html,room_detail_8621_2_,Phòng Superior Sea View,"[""35m 2"", ""2 người lớn, 2 trẻ em"", ""Hướng biển"", ""2 giường đơn / 1 giường lớn""]",35.0,2,2,2 giường đơn / 1 giường lớn,Hướng biển,True,1,"[""https://owa.bestprice.vn/images/hotels/uploads/movenpick-resort-waverly-phu-quoc-64796f0e2b4b2.jpg"", ""https://owa.bestprice.vn/images/hotels/uploads/movenpick-resort-waverly-phu-quoc-64796f0e2b58d.jpg""]"
80c248dd5eb3,f8a5747feaca152707e1bbee,https://www.bestprice.vn/khach-san/movenpick-resort-waverly-phu-quoc-1768.html,room_detail_11295_2_,Phòng Superior Direct Pool Access,"[""35m 2"", ""2 người lớn, 2 trẻ em"", ""Hướng hồ bơi"", ""1 giường đơn / 1 giường lớn""]",35.0,2,2,1 giường đơn / 1 giường lớn,Hướng hồ bơi,True,1,"[""https://owa.bestprice.vn/images/hotels/uploads/movenpick-resort-waverly-phu-quoc-64796fdde4e26.jpg"", ""https://owa.bestprice.vn/images/hotels/uploads/movenpick-resort-waverly-phu-quoc-64796fdde4ecf.jpg""]"
80c248dd5eb3,f8a5747feaca152707e1bbee,https://www.bestprice.vn/khach-san/movenpick-resort-waverly-phu-quoc-1768.html,room_detail_8622_2_,Phòng Deluxe Family Sea View,"[""53m 2"", ""2 người lớn, 2 trẻ em"", ""Hướng biển"", ""1 giường đơn / 2 giường lớn""]",53.0,2,2,1 giường đơn / 2 giường lớn,Hướng biển,True,1,"[""https://owa.bestprice.vn/images/hotels/uploads/movenpick-resort-waverly-phu-quoc-647970cb75167.jpg"", ""https://owa.bestprice.vn/images/hotels/uploads/movenpick-resort-waverly-phu-quoc-647970cb75210.jpg""]"
80c248dd5eb3,f8a5747feaca152707e1bbee,https://www.bestprice.vn/khach-san/movenpick-resort-waverly-phu-quoc-1768.html,room_detail_8623_2_,Phòng Sea View Suite,"[""72m 2"", ""2 người lớn, 2 trẻ em"", ""Hướng biển"", ""1 giường lớn""]",72.0,2,2,1 giường lớn,Hướng biển,True,1,"[""https://owa.bestprice.vn/images/hotels/uploads/movenpick-resort-waverly-phu-quoc-6479714386d46.jpg"", ""https://owa.bestprice.vn/images/hotels/uploads/movenpick-resort-waverly-phu-quoc-6479714386e41.jpg""]"
80c248dd5eb3,f8a5747feaca152707e1bbee,https://www.bestprice.vn/khach-san/movenpick-resort-waverly-phu-quoc-1768.html,room_detail_8624_2_,Villa One Bedroom with Private Pool Lake View,"[""74m 2"", ""2 người lớn, 2 trẻ em"", ""Hướng biển"", ""1 giường lớn""]",74.0,2,2,1 giường lớn,Hướng biển,True,1,"[""https://owa.bestprice.vn/images/hotels/uploads/movenpick-resort-waverly-phu-quoc-647971da4fd33.jpg"", ""https://owa.bestprice.vn/images/hotels/uploads/movenpick-resort-waverly-phu-quoc-647971da4fdee.jpg""]"
80c248dd5eb3,f8a5747feaca152707e1bbee,https://www.bestprice.vn/khach-san/movenpick-resort-waverly-phu-quoc-1768.html,room_detail_8857_4_,Villa Two Bedrooms with Private Pool Lake View,"[""124m 2"", ""4 người lớn, 4 trẻ em"", ""Hướng hồ"", ""2 giường lớn""]",124.0,4,4,2 giường lớn,Hướng hồ,True,1,"[""https://owa.bestprice.vn/images/hotels/uploads/movenpick-resort-waverly-phu-quoc-6479738dac924.jpg"", ""https://owa.bestprice.vn/images/hotels/uploads/movenpick-resort-waverly-phu-quoc-6479738dac879.jpg""]"
80c248dd5eb3,f8a5747feaca152707e1bbee,https://www.bestprice.vn/khach-san/movenpick-resort-waverly-phu-quoc-1768.html,room_detail_8859_6_,Villa Three Bedroom with Private Pool Lake View,"[""213m 2"", ""6 người lớn, 5 trẻ em"", ""Hướng hồ""]",213.0,6,5,Phòng cho phép kê thêm 1 giường phụ.,Hướng hồ,True,1,"[""https://owa.bestprice.vn/images/hotels/uploads/movenpick-resort-waverly-phu-quoc-64797688790e4.jpg"", ""https://owa.bestprice.vn/images/hotels/uploads/movenpick-resort-waverly-phu-quoc-647976504d245.jpg""]"
80c248dd5eb3,f8a5747feaca152707e1bbee,https://www.bestprice.vn/khach-san/movenpick-resort-waverly-phu-quoc-1768.html,room_detail_11301_6_,Villa Family Three Bedroom with Private Pool Lake View,"[""275m 2"", ""6 người lớn, 5 trẻ em"", ""Hướng biển"", ""1 giường đơn""]",275.0,6,5,1 giường đơn,Hướng biển,True,1,"[""https://owa.bestprice.vn/images/hotels/uploads/movenpick-resort-waverly-phu-quoc-64797723edbf6.jpg"", ""https://owa.bestprice.vn/images/hotels/uploads/movenpick-resort-waverly-phu-quoc-64797723edb4e.jpg""]"
80c248dd5eb3,f8a5747feaca152707e1bbee,https://www.bestprice.vn/khach-san/movenpick-resort-waverly-phu-quoc-1768.html,room_detail_8861_6_,Villa Three Bedroom with Private Pool Beach Front View,"[""217m 2"", ""6 người lớn, 5 trẻ em"", ""Hướng biển"", ""1 giường đơn""]",217.0,6,5,1 giường đơn,Hướng biển,True,1,"[""https://owa.bestprice.vn/images/hotels/uploads/movenpick-resort-waverly-phu-quoc-647977b0044a6.jpg"", ""https://owa.bestprice.vn/images/hotels/uploads/movenpick-resort-waverly-phu-quoc-647977b0043fe.jpg"", ""https://owa.bestprice.vn/images/hotels/uploads/movenpick-resort-waverly-phu-quoc-6479779d62991.jpg""]"
80c248dd5eb3,fa6cc4219d7cc665e34ea261,https://www.bestprice.vn/khach-san/rum-vang-da-lat-253.html,room_detail_1122_2_,Phòng Superior,"[""25m 2"", ""2 người lớn, 1 trẻ em"", ""Hướng thành phố"", ""2 giường đơn / 1 giường đôi""]",25.0,2,1,2 giường đơn / 1 giường đôi,Hướng thành phố,True,1,"[""https://owa.bestprice.vn/images/hotels/uploads/khach-san-rum-vang-da-lat-5cb007f24a522.jpg""]"
80c248dd5eb3,fa6cc4219d7cc665e34ea261,https://www.bestprice.vn/khach-san/rum-vang-da-lat-253.html,room_detail_4894_2_,Phòng Deluxe Twin,"[""25m 2"", ""2 người lớn, 1 trẻ em"", ""Hướng thành phố"", ""2 giường đơn""]",25.0,2,1,2 giường đơn,Hướng thành phố,True,1,"[""https://owa.bestprice.vn/images/hotels/uploads/khach-san-rum-vang-da-lat-5f436d80482df.jpg""]"
80c248dd5eb3,fa6cc4219d7cc665e34ea261,https://www.bestprice.vn/khach-san/rum-vang-da-lat-253.html,room_detail_14168_2_,Phòng Junior,"[""28m 2"", ""2 người lớn, 1 trẻ em"", ""Hướng thành phố"", ""1 giường đôi""]",28.0,2,1,1 giường đôi,Hướng thành phố,True,1,"[""https://owa.bestprice.vn/images/hotels/uploads/khach-san-rum-vang-da-lat-5cb007f24a5ee.jpg""]"
80c248dd5eb3,fa6cc4219d7cc665e34ea261,https://www.bestprice.vn/khach-san/rum-vang-da-lat-253.html,room_detail_5789_2_,Phòng Premium,"[""28m 2"", ""2 người lớn, 1 trẻ em"", ""Hướng thành phố"", ""1 giường đôi""]",28.0,2,1,1 giường đôi,Hướng thành phố,True,1,"[""https://owa.bestprice.vn/images/hotels/uploads/khach-san-rum-vang-da-lat-5cb007f24a35b.jpg""]"
80c248dd5eb3,fb389a8a215192682b76b8b1,https://www.bestprice.vn/khach-san/pandanus-resort-phan-thiet-350.html,room_detail_1548_2_,Superior,"[""30m 2"", ""2 người lớn, 2 trẻ em"", ""Hướng vườn"", ""2 giường đơn / 1 giường đôi""]",30.0,2,2,2 giường đơn / 1 giường đôi,Hướng vườn,True,1,"[""https://owa.bestprice.vn/images/hotels/uploads/pandanus-resort-phan-thiet-64f95971c5164.jpg"", ""https://owa.bestprice.vn/images/hotels/uploads/pandanus-resort-phan-thiet-64f95971c5283.jpg"", ""https://owa.bestprice.vn/images/hotels/uploads/pandanus-resort-phan-thiet-64f95971c51fa.jpg""]"
80c248dd5eb3,fb389a8a215192682b76b8b1,https://www.bestprice.vn/khach-san/pandanus-resort-phan-thiet-350.html,room_detail_1549_2_,Deluxe,"[""32m 2"", ""2 người lớn, 2 trẻ em"", ""Hướng vườn"", ""2 giường đơn / 1 giường đôi""]",32.0,2,2,2 giường đơn / 1 giường đôi,Hướng vườn,True,1,"[""https://owa.bestprice.vn/images/hotels/uploads/pandanus-resort-phan-thiet-64f95990ca0ea.jpg"", ""https://owa.bestprice.vn/images/hotels/uploads/pandanus-resort-phan-thiet-64f95990ca1b7.jpg"", ""https://owa.bestprice.vn/images/hotels/uploads/pandanus-resort-phan-thiet-64f95990ca241.jpg""]"
80c248dd5eb3,fb389a8a215192682b76b8b1,https://www.bestprice.vn/khach-san/pandanus-resort-phan-thiet-350.html,room_detail_10073_2_,Superior Comfort,"[""42m 2"", ""2 người lớn, 2 trẻ em"", ""Hướng vườn"", ""2 giường đơn / 1 giường đôi""]",42.0,2,2,2 giường đơn / 1 giường đôi,Hướng vườn,True,1,"[""https://owa.bestprice.vn/images/hotels/uploads/pandanus-resort-phan-thiet-64f959a223d1b.jpg"", ""https://owa.bestprice.vn/images/hotels/uploads/pandanus-resort-phan-thiet-64f959a223962.jpg""]"
80c248dd5eb3,fb389a8a215192682b76b8b1,https://www.bestprice.vn/khach-san/pandanus-resort-phan-thiet-350.html,room_detail_1553_4_,Family Suite,"[""53m 2"", ""4 người lớn, 4 trẻ em"", ""Hướng biển"", ""1 Giường đôi & 2 Giường đơn""]",53.0,4,4,1 Giường đôi & 2 Giường đơn,Hướng biển,,,"[""https://owa.bestprice.vn/images/hotels/uploads/pandanus-resort-phan-thiet-64f959b6623d7.jpg"", ""https://owa.bestprice.vn/images/hotels/uploads/pandanus-resort-phan-thiet-64f959b66233f.jpg"", ""https://owa.bestprice.vn/images/hotels/uploads/pandanus-resort-phan-thiet-64f959b662460.jpg""]"
80c248dd5eb3,fb389a8a215192682b76b8b1,https://www.bestprice.vn/khach-san/pandanus-resort-phan-thiet-350.html,room_detail_1560_2_,Executive Suite,"[""76m 2"", ""2 người lớn, 2 trẻ em"", ""Hướng biển"", ""1 Giường đôi & 2 Giường đơn""]",76.0,2,2,1 Giường đôi & 2 Giường đơn,Hướng biển,True,1,"[""https://owa.bestprice.vn/images/hotels/uploads/pandanus-resort-phan-thiet-64f9715182631.jpg"", ""https://owa.bestprice.vn/images/hotels/uploads/pandanus-resort-phan-thiet-64f9715182b0e.jpg"", ""https://owa.bestprice.vn/images/hotels/uploads/pandanus-resort-phan-thiet-64f9715182b9f.jpg""]"
80c248dd5eb3,fb389a8a215192682b76b8b1,https://www.bestprice.vn/khach-san/pandanus-resort-phan-thiet-350.html,room_detail_10075_2_,Signature Suite,"[""83m 2"", ""2 người lớn, 2 trẻ em"", ""2 giường đơn / 1 giường đôi""]",83.0,2,2,2 giường đơn / 1 giường đôi,,True,1,"[""https://owa.bestprice.vn/images/hotels/uploads/pandanus-resort-phan-thiet-64f9716d0674a.jpg"", ""https://owa.bestprice.vn/images/hotels/uploads/pandanus-resort-phan-thiet-64f9716d067e4.jpg"", ""https://owa.bestprice.vn/images/hotels/uploads/pandanus-resort-phan-thiet-64f9716d0686d.jpg"", ""https://owa.bestprice.vn/images/hotels/uploads/pandanus-resort-phan-thiet-64f9716d068f5.jpg""]"
80c248dd5eb3,fb389a8a215192682b76b8b1,https://www.bestprice.vn/khach-san/pandanus-resort-phan-thiet-350.html,room_detail_1551_2_,Bungalow,"[""53m 2"", ""2 người lớn, 2 trẻ em"", ""Hướng hồ bơi"", ""2 giường đơn / 1 giường lớn""]",53.0,2,2,2 giường đơn / 1 giường lớn,Hướng hồ bơi,True,1,"[""https://owa.bestprice.vn/images/hotels/uploads/pandanus-resort-phan-thiet-64f9719aa5b92.jpg"", ""https://owa.bestprice.vn/images/hotels/uploads/pandanus-resort-phan-thiet-64f9719aa5c59.jpg"", ""https://owa.bestprice.vn/images/hotels/uploads/pandanus-resort-phan-thiet-64f9719aa5ce2.jpg""]"
80c248dd5eb3,fdaebc2f8007b8c9765e576c,https://www.bestprice.vn/khach-san/phu-thinh-boutique-resort-spa-15.html,room_detail_74_2_,Phòng Superior,"[""28m 2"", ""2 người lớn, 2 trẻ em"", ""Hướng vườn"", ""2 giường đơn / 1 giường đôi""]",28.0,2,2,2 giường đơn / 1 giường đôi,Hướng vườn,True,1,"[""https://owa.bestprice.vn/images/hotels/uploads/phu-thinh-boutique-resort-spa-6062e0465eede.jpg""]"
80c248dd5eb3,fdaebc2f8007b8c9765e576c,https://www.bestprice.vn/khach-san/phu-thinh-boutique-resort-spa-15.html,room_detail_75_2_,Phòng Deluxe,"[""32m 2"", ""2 người lớn, 2 trẻ em"", ""Hướng hồ bơi"", ""2 giường đơn / 1 giường đôi""]",32.0,2,2,2 giường đơn / 1 giường đôi,Hướng hồ bơi,True,1,"[""https://owa.bestprice.vn/images/hotels/uploads/phu-thinh-boutique-resort-spa-6062df895786f.jpg""]"
80c248dd5eb3,fdaebc2f8007b8c9765e576c,https://www.bestprice.vn/khach-san/phu-thinh-boutique-resort-spa-15.html,room_detail_18120_2_,Ancient House Suite,"[""40m 2"", ""2 người lớn, 2 trẻ em"", ""Hướng vườn"", ""2 giường đơn""]",40.0,2,2,2 giường đơn,Hướng vườn,True,1,"[""https://owa.bestprice.vn/images/hotels/uploads/phu-thinh-boutique-resort-spa-62d90c504afbc.jpg"", ""https://owa.bestprice.vn/images/hotels/uploads/phu-thinh-boutique-resort-spa-62d90c504b060.jpg""]"
80c248dd5eb3,fdaebc2f8007b8c9765e576c,https://www.bestprice.vn/khach-san/phu-thinh-boutique-resort-spa-15.html,room_detail_76_2_,Phòng Junior Suite,"[""65m 2"", ""2 người lớn, 2 trẻ em"", ""Hướng vườn"", ""2 giường đơn / 1 giường đôi""]",65.0,2,2,2 giường đơn / 1 giường đôi,Hướng vườn,True,1,"[""https://owa.bestprice.vn/images/hotels/uploads/phu-thinh-boutique-resort-spa-6062e0a6b0686.jpg""]"
80c248dd5eb3,fdaebc2f8007b8c9765e576c,https://www.bestprice.vn/khach-san/phu-thinh-boutique-resort-spa-15.html,room_detail_77_2_,Phòng Grand Suite,"[""60m 2"", ""2 người lớn, 2 trẻ em"", ""Hướng vườn"", ""2 giường đơn / 1 giường đôi""]",60.0,2,2,2 giường đơn / 1 giường đôi,Hướng vườn,True,1,"[""https://owa.bestprice.vn/images/hotels/uploads/phu-thinh-boutique-resort-spa-6062e08886f11.jpg""]"
