run_id,entity_id,source_url,canonical_url,name,address,stars,checkin_time,checkout_time,checkin_time_raw,checkout_time_raw,rating_value,rating_scale,rating_count,room_count,amenity_count,price_status,policies,parser_version,fetched_at
80c248dd5eb3,025416558ee11fc3f41814a0,https://www.bestprice.vn/khach-san/muong-thanh-holiday-da-lat-212.html,https://www.bestprice.vn/khach-san/muong-thanh-holiday-da-lat-212.html,Mường Thanh Holiday Đà Lạt,"Số 42, Đường Phan Bội Châu, Phường 2, Thành phố Đà Lạt, Tỉnh Lâm Đồng.",4,14:00,12:00,Thời gian nhận phòng: 14:00,Thời gian trả phòng: 12:00,4.5,,10,4,24,requires_dates,"{""checkin_policy"": ""Khi đến nhận phòng, quý khách vui lòng mang theo:\n- CCCD hoặc passport.\n- Phiếu xác nhận đặt phòng của Best Price\n*Lưu ý: Theo quy định của pháp luật Việt Nam, khi 1 khách nước ngoài + 1 khách Việt Nam ở chung một phòng thì yêu cầu phải có giấy đăng ký kết hôn."", ""cancellation_policy"": ""Phí hủy đổi đặt phòng = phí hủy/đổi của khách sạn + phí xử lý giao dịch của Best Price.\nPhí hủy/đổi của khách sạn được chính khách sạn quy định như sau:\nKhách hàng đặt phòng sẽ không được quyền hoàn phòng, hủy đặt phòng nhưng được phép thay đổi đơn đặt phòng."", ""children_extra_bed_policy"": ""Khách trên 11 tuổi được coi là người lớn\nThông tin giường phụ thì tùy thuộc vào mỗi phòng. Vui lòng kiểm tra thông tin phòng để biết chi tiết.""}",3,2026-09-19T16:37:09.116781+00:00
80c248dd5eb3,02f55a1f429997e624b5defa,https://www.bestprice.vn/khach-san/melia-vinpearl-ha-tinh-1401.html,https://www.bestprice.vn/khach-san/melia-vinpearl-ha-tinh-1401.html,Vinpearl Hà Tĩnh Affiliated by Meliá,"Ngã tư Hà Huy Tập - Hàm Nghi, Hà Tĩnh",5,14:00,12:00,Thời gian nhận phòng: 14:00,Thời gian trả phòng: 12:00,4.5,,44,5,12,published_reference,"{""checkin_policy"": ""Khi đến nhận phòng, quý khách vui lòng mang theo:\n- CCCD hoặc passport.\n- Phiếu xác nhận đặt phòng của Best Price\n*Lưu ý: Theo quy định của pháp luật Việt Nam, khi 1 khách nước ngoài + 1 khách Việt Nam ở chung một phòng thì yêu cầu phải có giấy đăng ký kết hôn."", ""cancellation_policy"": ""Phí hủy đổi đặt phòng = phí hủy/đổi của khách sạn + phí xử lý giao dịch của Best Price.\nPhí hủy/đổi của khách sạn được chính khách sạn quy định như sau:\nHoàn hủy theo quy định của khách sạn"", ""children_extra_bed_policy"": ""Khách trên 12 tuổi được coi là người lớn\nThông tin giường phụ thì tùy thuộc vào mỗi phòng. Vui lòng kiểm tra thông tin phòng để biết chi tiết.""}",3,2026-09-19T16:31:44.838113+00:00
80c248dd5eb3,03df2e1042d51c21ba040502,https://www.bestprice.vn/khach-san/vinpearl-resort-nha-trang-13.html,https://www.bestprice.vn/khach-san/vinpearl-resort-nha-trang-13.html,Vinpearl Resort Nha Trang,"Đảo Hòn Tre, P.Vĩnh Nguyên, Nha Trang",5,14:00,12:00,Thời gian nhận phòng: 14:00,Thời gian trả phòng: 12:00,4.5,,97,14,11,published_reference,"{""checkin_policy"": ""Khi đến nhận phòng, quý khách vui lòng mang theo:\n- CCCD hoặc passport.\n- Phiếu xác nhận đặt phòng của Best Price\n*Lưu ý: Theo quy định của pháp luật Việt Nam, khi 1 khách nước ngoài + 1 khách Việt Nam ở chung một phòng thì yêu cầu phải có giấy đăng ký kết hôn."", ""cancellation_policy"": ""Phí hủy đổi đặt phòng = phí hủy/đổi của khách sạn + phí xử lý giao dịch của Best Price.\nPhí hủy/đổi của khách sạn được chính khách sạn quy định như sau:\nKhách hàng đặt phòng sẽ không được quyền hoàn phòng, hủy đặt phòng nhưng được phép thay đổi đơn đặt phòng."", ""children_extra_bed_policy"": ""Khách trên 12 tuổi được coi là người lớn\nThông tin giường phụ thì tùy thuộc vào mỗi phòng. Vui lòng kiểm tra thông tin phòng để biết chi tiết.""}",3,2026-09-19T12:57:15.418228+00:00
80c248dd5eb3,06c58f5715c56821f479fd69,https://www.bestprice.vn/khach-san/flc-grand-hotel-ha-long-1515.html,https://www.bestprice.vn/khach-san/flc-grand-hotel-ha-long-1515.html,FLC Grand Hotel Hạ Long,"Hẻm 16, Đường Nguyễn Văn Cừ, Phường Hồng Hải, Thành phố Hạ Long, Tỉnh Quảng Ninh",5,14:00,12:00,Thời gian nhận phòng: 14:00,Thời gian trả phòng: 12:00,4.5,,16,10,19,requires_dates,"{""checkin_policy"": ""Khi đến nhận phòng, quý khách vui lòng mang theo:\n- CCCD hoặc passport.\n- Phiếu xác nhận đặt phòng của Best Price\n*Lưu ý: Theo quy định của pháp luật Việt Nam, khi 1 khách nước ngoài + 1 khách Việt Nam ở chung một phòng thì yêu cầu phải có giấy đăng ký kết hôn."", ""cancellation_policy"": ""Phí hủy đổi đặt phòng = phí hủy/đổi của khách sạn + phí xử lý giao dịch của Best Price.\nPhí hủy/đổi của khách sạn được chính khách sạn quy định như sau:\nKhách hàng đặt phòng sẽ không được quyền hoàn phòng, hủy đặt phòng nhưng được phép thay đổi đơn đặt phòng."", ""children_extra_bed_policy"": ""Khách trên 12 tuổi được coi là người lớn\nThông tin giường phụ thì tùy thuộc vào mỗi phòng. Vui lòng kiểm tra thông tin phòng để biết chi tiết.""}",3,2026-09-19T16:31:14.824746+00:00
80c248dd5eb3,07b7e33887bae4f2c6d50f89,https://www.bestprice.vn/khach-san/muong-thanh-luxury-can-tho-1468.html,https://www.bestprice.vn/khach-san/muong-thanh-luxury-can-tho-1468.html,Khách sạn Mường Thanh Luxury Cần Thơ,"Khu E1, Cồn Cái Khế, phường Cái Khế, quận Ninh Kiều, Thành phố Cần Thơ, Việt Nam",5,14:00,12:00,Thời gian nhận phòng: 14:00,Thời gian trả phòng: 12:00,4.5,,11,5,13,requires_dates,"{""checkin_policy"": ""Khi đến nhận phòng, quý khách vui lòng mang theo:\n- CCCD hoặc passport.\n- Phiếu xác nhận đặt phòng của Best Price\n*Lưu ý: Theo quy định của pháp luật Việt Nam, khi 1 khách nước ngoài + 1 khách Việt Nam ở chung một phòng thì yêu cầu phải có giấy đăng ký kết hôn."", ""cancellation_policy"": ""Phí hủy đổi đặt phòng = phí hủy/đổi của khách sạn + phí xử lý giao dịch của Best Price.\nPhí hủy/đổi của khách sạn được chính khách sạn quy định như sau:\nKhách hàng đặt dịch vụ sẽ không được quyền hoàn dịch vụ, hủy đặt dịch vụ."", ""children_extra_bed_policy"": ""Khách trên 12 tuổi được coi là người lớn\nThông tin giường phụ thì tùy thuộc vào mỗi phòng. Vui lòng kiểm tra thông tin phòng để biết chi tiết.""}",3,2026-09-19T16:36:01.059462+00:00
80c248dd5eb3,0901a08cf769286a475b4060,https://www.bestprice.vn/khach-san/fivitel-da-nang-1436.html,https://www.bestprice.vn/khach-san/fivitel-da-nang-1436.html,Fivitel Đà Nẵng,"Số 388 Trần Hưng Đạo, Phường An Hải Tây, Quận Sơn Trà, Thành Phố Đà Nẵng",4,14:00,12:00,Thời gian nhận phòng: 14:00,Thời gian trả phòng: 12:00,4.5,,10,7,15,requires_dates,"{""checkin_policy"": ""Khi đến nhận phòng, quý khách vui lòng mang theo:\n- CCCD hoặc passport.\n- Phiếu xác nhận đặt phòng của Best Price\n*Lưu ý: Theo quy định của pháp luật Việt Nam, khi 1 khách nước ngoài + 1 khách Việt Nam ở chung một phòng thì yêu cầu phải có giấy đăng ký kết hôn."", ""cancellation_policy"": ""Phí hủy đổi đặt phòng = phí hủy/đổi của khách sạn + phí xử lý giao dịch của Best Price.\nPhí hủy/đổi của khách sạn được chính khách sạn quy định như sau:\nKhách hàng đặt phòng sẽ không được quyền hoàn phòng, hủy đặt phòng nhưng được phép thay đổi đơn đặt phòng."", ""children_extra_bed_policy"": ""Khách trên 11 tuổi được coi là người lớn\nThông tin giường phụ thì tùy thuộc vào mỗi phòng. Vui lòng kiểm tra thông tin phòng để biết chi tiết.""}",3,2026-09-20T05:40:19.932784+00:00
80c248dd5eb3,0999f5b11e5432190dd27d2f,https://www.bestprice.vn/khach-san/banyan-tree-lang-co-hotels-resort-530.html,https://www.bestprice.vn/khach-san/banyan-tree-lang-co-hotels-resort-530.html,Banyan Tree Lăng Cô Hotels & Resort,"Đồi Cù Dù, Xã Lộc Vĩnh, Huyện Phú Lộc, Tỉnh Thừa Thiên-Huế",5,14:00,12:00,Thời gian nhận phòng: 14:00,Thời gian trả phòng: 12:00,4.5,,3,6,20,published_reference,"{""checkin_policy"": ""Khi đến nhận phòng, quý khách vui lòng mang theo:\n- CCCD hoặc passport.\n- Phiếu xác nhận đặt phòng của Best Price\n*Lưu ý: Theo quy định của pháp luật Việt Nam, khi 1 khách nước ngoài + 1 khách Việt Nam ở chung một phòng thì yêu cầu phải có giấy đăng ký kết hôn."", ""cancellation_policy"": ""Phí hủy đổi đặt phòng = phí hủy/đổi của khách sạn + phí xử lý giao dịch của Best Price.\nPhí hủy/đổi của khách sạn được chính khách sạn quy định như sau:\nKhách hàng đặt phòng sẽ không được quyền hoàn phòng, hủy đặt phòng nhưng được phép thay đổi đơn đặt phòng."", ""children_extra_bed_policy"": ""Khách trên 11 tuổi được coi là người lớn\nThông tin giường phụ thì tùy thuộc vào mỗi phòng. Vui lòng kiểm tra thông tin phòng để biết chi tiết.""}",3,2026-09-20T05:06:04.778211+00:00
80c248dd5eb3,0a6ec47f2855cd5c1dbde47d,https://www.bestprice.vn/khach-san/khach-san-sai-gon-kim-lien-446.html,https://www.bestprice.vn/khach-san/khach-san-sai-gon-kim-lien-446.html,Khách sạn Sài Gòn Kim Liên,25 Quang Trung-TP Vinh-Nghệ An,4,13:00,12:00,Thời gian nhận phòng: 13:00,Thời gian trả phòng: 12:00,4.9,,46,5,10,requires_dates,"{""checkin_policy"": ""Khi đến nhận phòng, quý khách vui lòng mang theo:\n- CCCD hoặc passport.\n- Phiếu xác nhận đặt phòng của Best Price\n*Lưu ý: Theo quy định của pháp luật Việt Nam, khi 1 khách nước ngoài + 1 khách Việt Nam ở chung một phòng thì yêu cầu phải có giấy đăng ký kết hôn."", ""cancellation_policy"": ""Phí hủy đổi đặt phòng = phí hủy/đổi của khách sạn + phí xử lý giao dịch của Best Price.\nPhí hủy/đổi của khách sạn được chính khách sạn quy định như sau:"", ""children_extra_bed_policy"": ""Khách trên 10 tuổi được coi là người lớn\nThông tin giường phụ thì tùy thuộc vào mỗi phòng. Vui lòng kiểm tra thông tin phòng để biết chi tiết.""}",3,2026-09-19T16:31:54.811218+00:00
80c248dd5eb3,0a99d190a9884de80d284bf7,https://www.bestprice.vn/khach-san/white-house-dai-lai-villa-1629.html,https://www.bestprice.vn/khach-san/white-house-dai-lai-villa-1629.html,White House Đại Lải Villa,"Đại Lải, Vĩnh Yên, Vĩnh Phúc",4,14:00,12:00,Thời gian nhận phòng: 14h,Thời gian trả phòng: 12h,4.0,,1,1,3,requires_dates,"{""checkin_policy"": ""Khi đến nhận phòng, quý khách vui lòng mang theo:\n- CCCD hoặc passport.\n- Phiếu xác nhận đặt phòng của Best Price\n*Lưu ý: Theo quy định của pháp luật Việt Nam, khi 1 khách nước ngoài + 1 khách Việt Nam ở chung một phòng thì yêu cầu phải có giấy đăng ký kết hôn."", ""cancellation_policy"": ""Phí hủy đổi đặt phòng = phí hủy/đổi của khách sạn + phí xử lý giao dịch của Best Price.\nPhí hủy/đổi của khách sạn được chính khách sạn quy định như sau:\nPhụ thu người thứ 13: 200.000 vnđ/ người (không bao gồm chăn ga gối đệm dự phòng), đoàn không quá 16 người tính cả trẻ em"", ""children_extra_bed_policy"": ""Khách trên 6 tuổi được coi là người lớn\nThông tin giường phụ thì tùy thuộc vào mỗi phòng. Vui lòng kiểm tra thông tin phòng để biết chi tiết.""}",3,2026-09-19T13:54:52.371257+00:00
80c248dd5eb3,118c5319a6f25153aae34646,https://www.bestprice.vn/khach-san/the-cliff-resort-residences-phan-thiet-277.html,https://www.bestprice.vn/khach-san/the-cliff-resort-residences-phan-thiet-277.html,The Cliff Resort & Residences Phan Thiết,"Khu Phố 5 Nguyễn Đình Chiểu, Phường Phú Hài, Thành phố Phan Thiết, Tỉnh Bình Thuận",4,14:00,12:00,Thời gian nhận phòng: 14.00,Thời gian trả phòng: 12.00,4.0,,7,14,20,published_reference,"{""checkin_policy"": ""Khi đến nhận phòng, quý khách vui lòng mang theo:\n- CCCD hoặc passport.\n- Phiếu xác nhận đặt phòng của Best Price\n*Lưu ý: Theo quy định của pháp luật Việt Nam, khi 1 khách nước ngoài + 1 khách Việt Nam ở chung một phòng thì yêu cầu phải có giấy đăng ký kết hôn."", ""cancellation_policy"": ""Phí hủy đổi đặt phòng = phí hủy/đổi của khách sạn + phí xử lý giao dịch của Best Price.\nPhí hủy/đổi của khách sạn được chính khách sạn quy định như sau:\nKhách hàng đặt phòng sẽ không được quyền hoàn phòng, hủy đặt phòng nhưng được phép thay đổi đơn đặt phòng."", ""children_extra_bed_policy"": ""Khách trên 12 tuổi được coi là người lớn\nThông tin giường phụ thì tùy thuộc vào mỗi phòng. Vui lòng kiểm tra thông tin phòng để biết chi tiết.""}",3,2026-09-20T05:40:21.973760+00:00
80c248dd5eb3,12303701fbed7b3ba95c93cb,https://www.bestprice.vn/khach-san/belle-maison-parosand-da-nang-1418.html,https://www.bestprice.vn/khach-san/belle-maison-parosand-da-nang-1418.html,Belle Maison Parosand Đà Nẵng,"216 Võ Nguyên Giáp, quận Sơn Trà, thành phố Đà Nẵng",4,14:00,12:00,Thời gian nhận phòng: 14:00,Thời gian trả phòng: 12:00,4.5,,14,6,12,published_reference,"{""checkin_policy"": ""Khi đến nhận phòng, quý khách vui lòng mang theo:\n- CCCD hoặc passport.\n- Phiếu xác nhận đặt phòng của Best Price\n*Lưu ý: Theo quy định của pháp luật Việt Nam, khi 1 khách nước ngoài + 1 khách Việt Nam ở chung một phòng thì yêu cầu phải có giấy đăng ký kết hôn."", ""cancellation_policy"": ""Phí hủy đổi đặt phòng = phí hủy/đổi của khách sạn + phí xử lý giao dịch của Best Price.\nPhí hủy/đổi của khách sạn được chính khách sạn quy định như sau:\nKhách hàng đặt dịch vụ sẽ không được quyền hoàn dịch vụ, hủy đặt dịch vụ."", ""children_extra_bed_policy"": ""Khách trên 11 tuổi được coi là người lớn\nThông tin giường phụ thì tùy thuộc vào mỗi phòng. Vui lòng kiểm tra thông tin phòng để biết chi tiết.""}",3,2026-09-19T16:37:13.016216+00:00
80c248dd5eb3,1262a571d0d2899a3171d41d,https://www.bestprice.vn/khach-san/tms-hotel-da-nang-1532.html,https://www.bestprice.vn/khach-san/tms-hotel-da-nang-1532.html,TMS Hotel Đà Nẵng Beach,"292 Đường Võ Nguyên Giáp, Phường Mỹ An, Huyện Ngũ Hành Sơn, Thành phố Đà Nẵng",5,14:00,11:00,Thời gian nhận phòng: 14:00,Thời gian trả phòng: 11:00,4.5,,10,5,16,published_reference,"{""checkin_policy"": ""Khi đến nhận phòng, quý khách vui lòng mang theo:\n- CCCD hoặc passport.\n- Phiếu xác nhận đặt phòng của Best Price\n*Lưu ý: Theo quy định của pháp luật Việt Nam, khi 1 khách nước ngoài + 1 khách Việt Nam ở chung một phòng thì yêu cầu phải có giấy đăng ký kết hôn."", ""cancellation_policy"": ""Phí hủy đổi đặt phòng = phí hủy/đổi của khách sạn + phí xử lý giao dịch của Best Price.\nPhí hủy/đổi của khách sạn được chính khách sạn quy định như sau:\nKhách hàng đặt dịch vụ sẽ không được quyền hoàn dịch vụ, hủy đặt dịch vụ."", ""children_extra_bed_policy"": ""Khách trên 11 tuổi được coi là người lớn\nThông tin giường phụ thì tùy thuộc vào mỗi phòng. Vui lòng kiểm tra thông tin phòng để biết chi tiết.""}",3,2026-09-19T16:37:41.062406+00:00
80c248dd5eb3,142b0d7e225d10057abc8dd4,https://www.bestprice.vn/khach-san/queen-ann-nha-trang-hotel-1670.html,https://www.bestprice.vn/khach-san/queen-ann-nha-trang-hotel-1670.html,Queen Ann Nha Trang Hotel,"Số 100 Đường Trần Phú, Phường Lộc Thọ, Thành phố Nha Trang, Tỉnh Khánh Hòa",5,14:00,12:00,Thời gian nhận phòng: 14:00,Thời gian trả phòng: 12:00,4.5,,12,8,17,published_reference,"{""checkin_policy"": ""Khi đến nhận phòng, quý khách vui lòng mang theo:\n- CCCD hoặc passport.\n- Phiếu xác nhận đặt phòng của Best Price\n*Lưu ý: Theo quy định của pháp luật Việt Nam, khi 1 khách nước ngoài + 1 khách Việt Nam ở chung một phòng thì yêu cầu phải có giấy đăng ký kết hôn."", ""cancellation_policy"": ""Phí hủy đổi đặt phòng = phí hủy/đổi của khách sạn + phí xử lý giao dịch của Best Price.\nPhí hủy/đổi của khách sạn được chính khách sạn quy định như sau:\nKhách hàng đặt dịch vụ sẽ không được quyền hoàn dịch vụ, hủy đặt dịch vụ."", ""children_extra_bed_policy"": ""Khách trên 12 tuổi được coi là người lớn\nThông tin giường phụ thì tùy thuộc vào mỗi phòng. Vui lòng kiểm tra thông tin phòng để biết chi tiết.""}",3,2026-09-19T14:04:54.712058+00:00
80c248dd5eb3,145fb933340479688b1adfab,https://www.bestprice.vn/khach-san/vinpearl-discovery-rockside-nha-trang-1387.html,https://www.bestprice.vn/khach-san/vinpearl-discovery-rockside-nha-trang-1387.html,Vinpearl Discovery Rockside Nha Trang,"Đảo Hòn Tre, Nha Trang",5,14:00,12:00,Thời gian nhận phòng: 14:00,Thời gian trả phòng: 12:00,4.5,,41,9,12,requires_dates,"{""checkin_policy"": ""Khi đến nhận phòng, quý khách vui lòng mang theo:\n- CCCD hoặc passport.\n- Phiếu xác nhận đặt phòng của Best Price\n*Lưu ý: Theo quy định của pháp luật Việt Nam, khi 1 khách nước ngoài + 1 khách Việt Nam ở chung một phòng thì yêu cầu phải có giấy đăng ký kết hôn."", ""cancellation_policy"": ""Phí hủy đổi đặt phòng = phí hủy/đổi của khách sạn + phí xử lý giao dịch của Best Price.\nPhí hủy/đổi của khách sạn được chính khách sạn quy định như sau:\nKhách hàng đặt dịch vụ sẽ không được quyền hoàn dịch vụ, hủy đặt dịch vụ."", ""children_extra_bed_policy"": ""Khách trên 12 tuổi được coi là người lớn\nThông tin giường phụ thì tùy thuộc vào mỗi phòng. Vui lòng kiểm tra thông tin phòng để biết chi tiết.""}",3,2026-09-19T16:36:43.075004+00:00
80c248dd5eb3,15a8ba2773bebca5268cc473,https://www.bestprice.vn/khach-san/melia-vinpearl-hotel-hue-1466.html,https://www.bestprice.vn/khach-san/melia-vinpearl-hotel-hue-1466.html,Melia Vinpearl Hotel Huế,"50A, đường Hùng Vương, TP.Huế, tỉnh Thừa Thiên Huế.",5,14:00,12:00,Thời gian nhận phòng: 14:00,Thời gian trả phòng: 12:00,4.5,,59,7,12,published_reference,"{""checkin_policy"": ""Khi đến nhận phòng, quý khách vui lòng mang theo:\n- CCCD hoặc passport.\n- Phiếu xác nhận đặt phòng của Best Price\n*Lưu ý: Theo quy định của pháp luật Việt Nam, khi 1 khách nước ngoài + 1 khách Việt Nam ở chung một phòng thì yêu cầu phải có giấy đăng ký kết hôn."", ""cancellation_policy"": ""Phí hủy đổi đặt phòng = phí hủy/đổi của khách sạn + phí xử lý giao dịch của Best Price.\nPhí hủy/đổi của khách sạn được chính khách sạn quy định như sau:"", ""children_extra_bed_policy"": ""Khách trên 12 tuổi được coi là người lớn\nThông tin giường phụ thì tùy thuộc vào mỗi phòng. Vui lòng kiểm tra thông tin phòng để biết chi tiết.""}",3,2026-09-19T16:33:00.878816+00:00
80c248dd5eb3,17fd0937cd2828e8333629f8,https://www.bestprice.vn/khach-san/liberty-central-nha-trang-1363.html,https://www.bestprice.vn/khach-san/liberty-central-nha-trang-1363.html,Liberty Central Nha Trang,"09 Biệt Thự, Phường Lộc Thọ, Thành Phố Nha Trang, Tỉnh Khánh Hòa",4,14:00,12:00,Thời gian nhận phòng: 14:00,Thời gian trả phòng: 12:00,4.5,,2,5,16,published_reference,"{""checkin_policy"": ""Khi đến nhận phòng, quý khách vui lòng mang theo:\n- CCCD hoặc passport.\n- Phiếu xác nhận đặt phòng của Best Price\n*Lưu ý: Theo quy định của pháp luật Việt Nam, khi 1 khách nước ngoài + 1 khách Việt Nam ở chung một phòng thì yêu cầu phải có giấy đăng ký kết hôn."", ""cancellation_policy"": ""Phí hủy đổi đặt phòng = phí hủy/đổi của khách sạn + phí xử lý giao dịch của Best Price.\nPhí hủy/đổi của khách sạn được chính khách sạn quy định như sau:\nKhách hàng đặt dịch vụ sẽ không được quyền hoàn dịch vụ, hủy đặt dịch vụ."", ""children_extra_bed_policy"": ""Khách trên 12 tuổi được coi là người lớn\nThông tin giường phụ thì tùy thuộc vào mỗi phòng. Vui lòng kiểm tra thông tin phòng để biết chi tiết.""}",3,2026-09-19T14:53:26.061182+00:00
80c248dd5eb3,18b5501f9d64a42aa179f51f,https://www.bestprice.vn/khach-san/song-hong-resort-vinh-phuc-1202.html,https://www.bestprice.vn/khach-san/song-hong-resort-vinh-phuc-1202.html,Sông Hồng Resort Vĩnh Phúc,"189 Đường Lam Sơn, TP Vĩnh Yên, Vĩnh Phúc",4,14:00,12:00,Thời gian nhận phòng: 14:00,Thời gian trả phòng: 12:00,4.5,,1,4,11,published_reference,"{""checkin_policy"": ""Khi đến nhận phòng, quý khách vui lòng mang theo:\n- CCCD hoặc passport.\n- Phiếu xác nhận đặt phòng của Best Price\n*Lưu ý: Theo quy định của pháp luật Việt Nam, khi 1 khách nước ngoài + 1 khách Việt Nam ở chung một phòng thì yêu cầu phải có giấy đăng ký kết hôn."", ""cancellation_policy"": ""Phí hủy đổi đặt phòng = phí hủy/đổi của khách sạn + phí xử lý giao dịch của Best Price.\nPhí hủy/đổi của khách sạn được chính khách sạn quy định như sau:"", ""children_extra_bed_policy"": ""Khách trên 14 tuổi được coi là người lớn\nThông tin giường phụ thì tùy thuộc vào mỗi phòng. Vui lòng kiểm tra thông tin phòng để biết chi tiết.""}",3,2026-09-20T05:03:52.687888+00:00
80c248dd5eb3,18e4e1658bfccb4afd440fc1,https://www.bestprice.vn/khach-san/terracotta-hotel-resort-da-lat-1371.html,https://www.bestprice.vn/khach-san/terracotta-hotel-resort-da-lat-1371.html,Terracotta Hotel & Resort Đà Lạt,"Khu du lịch Hồ Tuyền Lâm, phường 3, thành phố Đà Lạt, Tỉnh Lâm Đồng",4,14:00,12:00,Thời gian nhận phòng: 14:00,Thời gian trả phòng: 12:00,4.5,,10,8,15,published_reference,"{""checkin_policy"": ""Khi đến nhận phòng, quý khách vui lòng mang theo:\n- CCCD hoặc passport.\n- Phiếu xác nhận đặt phòng của Best Price\n*Lưu ý: Theo quy định của pháp luật Việt Nam, khi 1 khách nước ngoài + 1 khách Việt Nam ở chung một phòng thì yêu cầu phải có giấy đăng ký kết hôn."", ""cancellation_policy"": ""Phí hủy đổi đặt phòng = phí hủy/đổi của khách sạn + phí xử lý giao dịch của Best Price.\nPhí hủy/đổi của khách sạn được chính khách sạn quy định như sau:\nKhách hàng đặt dịch vụ sẽ không được quyền hoàn dịch vụ, hủy đặt dịch vụ."", ""children_extra_bed_policy"": ""Khách trên 11 tuổi được coi là người lớn\nThông tin giường phụ thì tùy thuộc vào mỗi phòng. Vui lòng kiểm tra thông tin phòng để biết chi tiết.""}",3,2026-09-19T14:05:28.718149+00:00
80c248dd5eb3,1e2c08f5ab532bc6ed9258ff,https://www.bestprice.vn/khach-san/royal-huy-tam-dao-1490.html,https://www.bestprice.vn/khach-san/royal-huy-tam-dao-1490.html,Khách sạn Royal Huy Tam Đảo,"Khu 1, Thị trấn Tam Đảo, tỉnh Vĩnh Phúc",4,14:00,12:00,Thời gian nhận phòng: 14:00,Thời gian trả phòng: 12:00,4.5,,20,7,12,requires_dates,"{""checkin_policy"": ""Khi đến nhận phòng, quý khách vui lòng mang theo:\n- CCCD hoặc passport.\n- Phiếu xác nhận đặt phòng của Best Price\n*Lưu ý: Theo quy định của pháp luật Việt Nam, khi 1 khách nước ngoài + 1 khách Việt Nam ở chung một phòng thì yêu cầu phải có giấy đăng ký kết hôn."", ""cancellation_policy"": ""Phí hủy đổi đặt phòng = phí hủy/đổi của khách sạn + phí xử lý giao dịch của Best Price.\nPhí hủy/đổi của khách sạn được chính khách sạn quy định như sau:"", ""children_extra_bed_policy"": ""Khách trên 12 tuổi được coi là người lớn\nThông tin giường phụ thì tùy thuộc vào mỗi phòng. Vui lòng kiểm tra thông tin phòng để biết chi tiết.""}",3,2026-09-19T13:54:58.672590+00:00
80c248dd5eb3,1f4b1fec430382d1eb4e359c,https://www.bestprice.vn/khach-san/belvedere-resort-tam-dao-1189.html,https://www.bestprice.vn/khach-san/belvedere-resort-tam-dao-1189.html,Belvedere Resort Tam Đảo,"Thôn 2, Thị trấn Tam Đảo, Huyện Tam Đảo, Tỉnh Vĩnh Phúc.",4,14:00,12:00,Thời gian nhận phòng: 14:00,Thời gian trả phòng: 12:00,4.0,,10,6,18,requires_dates,"{""checkin_policy"": ""Khi đến nhận phòng, quý khách vui lòng mang theo:\n- CCCD hoặc passport.\n- Phiếu xác nhận đặt phòng của Best Price\n*Lưu ý: Theo quy định của pháp luật Việt Nam, khi 1 khách nước ngoài + 1 khách Việt Nam ở chung một phòng thì yêu cầu phải có giấy đăng ký kết hôn."", ""cancellation_policy"": ""Phí hủy đổi đặt phòng = phí hủy/đổi của khách sạn + phí xử lý giao dịch của Best Price.\nPhí hủy/đổi của khách sạn được chính khách sạn quy định như sau:\nKhách hàng đặt phòng sẽ không được quyền hoàn phòng, hủy đặt phòng nhưng được phép thay đổi đơn đặt phòng."", ""children_extra_bed_policy"": ""Khách trên 12 tuổi được coi là người lớn\nThông tin giường phụ thì tùy thuộc vào mỗi phòng. Vui lòng kiểm tra thông tin phòng để biết chi tiết.""}",3,2026-09-19T16:30:50.771196+00:00
80c248dd5eb3,1fcb7800e516f1d342a7ae48,https://www.bestprice.vn/khach-san/hoi-an-memories-resort-spa-2657.html,https://www.bestprice.vn/khach-san/hoi-an-memories-resort-spa-2657.html,Hội An Memories Resort & Spa,"Số 200, Đường Nguyễn Tri Phương (rẽ trái), Phường Cẩm Nam, Thành phố Hội An, Tỉnh Quảng Nam",4,14:00,12:00,Thời gian nhận phòng: 14:00,Thời gian trả phòng: 12:00,4.5,,12,6,28,published_reference,"{""checkin_policy"": ""Khi đến nhận phòng, quý khách vui lòng mang theo:\n- CCCD hoặc passport.\n- Phiếu xác nhận đặt phòng của Best Price\n*Lưu ý: Theo quy định của pháp luật Việt Nam, khi 1 khách nước ngoài + 1 khách Việt Nam ở chung một phòng thì yêu cầu phải có giấy đăng ký kết hôn."", ""cancellation_policy"": ""Phí hủy đổi đặt phòng = phí hủy/đổi của khách sạn + phí xử lý giao dịch của Best Price.\nPhí hủy/đổi của khách sạn được chính khách sạn quy định như sau:\nKhách hàng đặt phòng sẽ không được quyền hoàn phòng, hủy đặt phòng nhưng được phép thay đổi đơn đặt phòng."", ""children_extra_bed_policy"": ""Khách trên 12 tuổi được coi là người lớn\nThông tin giường phụ thì tùy thuộc vào mỗi phòng. Vui lòng kiểm tra thông tin phòng để biết chi tiết.""}",3,2026-09-19T12:57:01.581379+00:00
80c248dd5eb3,2090a8abe7521e6484af3ee3,https://www.bestprice.vn/khach-san/muong-thanh-grand-cua-lo-1687.html,https://www.bestprice.vn/khach-san/muong-thanh-grand-cua-lo-1687.html,Khách sạn Mường Thanh Grand Cửa Lò,"Số 232, đường Bình Minh, khối Hiếu Hạp, phường Nghi Thu, thị xã Cửa Lò, tỉnh Nghệ An",4,14:00,12:00,Thời gian nhận phòng: 14:00,Thời gian trả phòng: 12:00,4.5,,10,6,13,requires_dates,"{""checkin_policy"": ""Khi đến nhận phòng, quý khách vui lòng mang theo:\n- CCCD hoặc passport.\n- Phiếu xác nhận đặt phòng của Best Price\n*Lưu ý: Theo quy định của pháp luật Việt Nam, khi 1 khách nước ngoài + 1 khách Việt Nam ở chung một phòng thì yêu cầu phải có giấy đăng ký kết hôn."", ""cancellation_policy"": ""Phí hủy đổi đặt phòng = phí hủy/đổi của khách sạn + phí xử lý giao dịch của Best Price.\nPhí hủy/đổi của khách sạn được chính khách sạn quy định như sau:\nKhách hàng đặt phòng sẽ không được quyền hoàn phòng, hủy đặt phòng nhưng được phép thay đổi đơn đặt phòng."", ""children_extra_bed_policy"": ""Khách trên 12 tuổi được coi là người lớn\nThông tin giường phụ thì tùy thuộc vào mỗi phòng. Vui lòng kiểm tra thông tin phòng để biết chi tiết.""}",3,2026-09-20T05:04:04.683549+00:00
80c248dd5eb3,20caf55ffdf91bf42321d49a,https://www.bestprice.vn/khach-san/sea-stars-hotel-1726.html,https://www.bestprice.vn/khach-san/sea-stars-hotel-1726.html,Khách sạn Sea Stars Hotel,"Số 1. Lô 3A, khu đô thị mới Ngã 5 sân bay Cát Bi, Ngô Quyền, Hải Phòng",4,14:00,12:00,Thời gian nhận phòng: 14h00,Thời gian trả phòng: 12h00,4.9,,78,3,8,requires_dates,"{""checkin_policy"": ""Khi đến nhận phòng, quý khách vui lòng mang theo:\n- CCCD hoặc passport.\n- Phiếu xác nhận đặt phòng của Best Price\n*Lưu ý: Theo quy định của pháp luật Việt Nam, khi 1 khách nước ngoài + 1 khách Việt Nam ở chung một phòng thì yêu cầu phải có giấy đăng ký kết hôn."", ""cancellation_policy"": ""Phí hủy đổi đặt phòng = phí hủy/đổi của khách sạn + phí xử lý giao dịch của Best Price.\nPhí hủy/đổi của khách sạn được chính khách sạn quy định như sau:"", ""children_extra_bed_policy"": ""Khách trên 7 tuổi được coi là người lớn\nThông tin giường phụ thì tùy thuộc vào mỗi phòng. Vui lòng kiểm tra thông tin phòng để biết chi tiết.""}",3,2026-09-19T16:31:34.934796+00:00
80c248dd5eb3,2229c40987932d643addf3e4,https://www.bestprice.vn/khach-san/flc-luxury-resort-vinh-phuc-1405.html,https://www.bestprice.vn/khach-san/flc-luxury-resort-vinh-phuc-1405.html,FLC Luxury Resort Vĩnh Phúc,"Xứ Đồng Trượng, Chũng Cầu Rệch, Xã Vĩnh Thịnh, Huyện Vĩnh Tường, Tỉnh Vĩnh Phúc",5,14:00,12:00,Thời gian nhận phòng: 14:00,Thời gian trả phòng: 12:00,4.0,,16,4,21,published_reference,"{""checkin_policy"": ""Khi đến nhận phòng, quý khách vui lòng mang theo:\n- CCCD hoặc passport.\n- Phiếu xác nhận đặt phòng của Best Price\n*Lưu ý: Theo quy định của pháp luật Việt Nam, khi 1 khách nước ngoài + 1 khách Việt Nam ở chung một phòng thì yêu cầu phải có giấy đăng ký kết hôn."", ""cancellation_policy"": ""Phí hủy đổi đặt phòng = phí hủy/đổi của khách sạn + phí xử lý giao dịch của Best Price.\nPhí hủy/đổi của khách sạn được chính khách sạn quy định như sau:\nKhách hàng đặt phòng sẽ không được quyền hoàn phòng, hủy đặt phòng nhưng được phép thay đổi đơn đặt phòng."", ""children_extra_bed_policy"": ""Khách trên 11 tuổi được coi là người lớn\nThông tin giường phụ thì tùy thuộc vào mỗi phòng. Vui lòng kiểm tra thông tin phòng để biết chi tiết.""}",3,2026-09-19T13:54:46.377555+00:00
80c248dd5eb3,2368408f5339b64d882f1995,https://www.bestprice.vn/khach-san/la-siesta-hoi-an-resort-spa-1762.html,https://www.bestprice.vn/khach-san/la-siesta-hoi-an-resort-spa-1762.html,La Siesta Hội An Resort & Spa,"132 Hùng Vương, Phường Cẩm Phổ, Thành phố Hội An, Tỉnh Quảng Nam, Việt Nam",5,15:00,12:00,Thời gian nhận phòng: 15h00,Thời gian trả phòng: 12h00,4.5,,15,11,17,requires_dates,"{""checkin_policy"": ""Khi đến nhận phòng, quý khách vui lòng mang theo:\n- CCCD hoặc passport.\n- Phiếu xác nhận đặt phòng của Best Price\n*Lưu ý: Theo quy định của pháp luật Việt Nam, khi 1 khách nước ngoài + 1 khách Việt Nam ở chung một phòng thì yêu cầu phải có giấy đăng ký kết hôn."", ""cancellation_policy"": ""Phí hủy đổi đặt phòng = phí hủy/đổi của khách sạn + phí xử lý giao dịch của Best Price.\nPhí hủy/đổi của khách sạn được chính khách sạn quy định như sau:\nKhách hàng đặt phòng sẽ không được quyền hoàn phòng, hủy đặt phòng nhưng được phép thay đổi đơn đặt phòng."", ""children_extra_bed_policy"": ""Khách trên 11 tuổi được coi là người lớn\nThông tin giường phụ thì tùy thuộc vào mỗi phòng. Vui lòng kiểm tra thông tin phòng để biết chi tiết.""}",3,2026-09-20T05:06:08.792950+00:00
80c248dd5eb3,2499ad01615f4a93d94959e7,https://www.bestprice.vn/khach-san/vinpearl-resort-spa-nha-trang-bay-1376.html,https://www.bestprice.vn/khach-san/vinpearl-resort-spa-nha-trang-bay-1376.html,Vinpearl Resort & Spa Nha Trang Bay,"Đảo Hòn Tre, Nha Trang, Việt Nam",5,14:00,12:00,Thời gian nhận phòng: 14:00,Thời gian trả phòng: 12:00,4.5,,127,12,8,published_reference,"{""checkin_policy"": ""Khi đến nhận phòng, quý khách vui lòng mang theo:\n- CCCD hoặc passport.\n- Phiếu xác nhận đặt phòng của Best Price\n*Lưu ý: Theo quy định của pháp luật Việt Nam, khi 1 khách nước ngoài + 1 khách Việt Nam ở chung một phòng thì yêu cầu phải có giấy đăng ký kết hôn."", ""cancellation_policy"": ""Phí hủy đổi đặt phòng = phí hủy/đổi của khách sạn + phí xử lý giao dịch của Best Price.\nPhí hủy/đổi của khách sạn được chính khách sạn quy định như sau:\nHoàn hủy theo quy định của khách sạn"", ""children_extra_bed_policy"": ""Khách trên 12 tuổi được coi là người lớn\nThông tin giường phụ thì tùy thuộc vào mỗi phòng. Vui lòng kiểm tra thông tin phòng để biết chi tiết.""}",3,2026-09-19T14:53:40.122400+00:00
80c248dd5eb3,27c7b7679fc43aff56955c2d,https://www.bestprice.vn/khach-san/novotel-phu-quoc-resort-1361.html,https://www.bestprice.vn/khach-san/novotel-phu-quoc-resort-1361.html,Novotel Phú Quốc Resort,"Ấp Đường Bào, Xã Dương Tơ, Cửa Lấp, Thành Phố Phú Quốc, Tỉnh Kiên Giang",5,14:00,12:00,Thời gian nhận phòng: 14:00,Thời gian trả phòng: 12:00,4.5,,15,5,20,published_reference,"{""checkin_policy"": ""Khi đến nhận phòng, quý khách vui lòng mang theo:\n- CCCD hoặc passport.\n- Phiếu xác nhận đặt phòng của Best Price\n*Lưu ý: Theo quy định của pháp luật Việt Nam, khi 1 khách nước ngoài + 1 khách Việt Nam ở chung một phòng thì yêu cầu phải có giấy đăng ký kết hôn."", ""cancellation_policy"": ""Phí hủy đổi đặt phòng = phí hủy/đổi của khách sạn + phí xử lý giao dịch của Best Price.\nPhí hủy/đổi của khách sạn được chính khách sạn quy định như sau:\nKhách hàng đặt phòng sẽ không được quyền hoàn phòng, hủy đặt phòng nhưng được phép thay đổi đơn đặt phòng."", ""children_extra_bed_policy"": ""Khách trên 16 tuổi được coi là người lớn\nThông tin giường phụ thì tùy thuộc vào mỗi phòng. Vui lòng kiểm tra thông tin phòng để biết chi tiết.""}",3,2026-09-19T16:36:10.978970+00:00
80c248dd5eb3,28de7dba658faad74c3e3b44,https://www.bestprice.vn/khach-san/bamboo-sapa-hotel-54.html,https://www.bestprice.vn/khach-san/bamboo-sapa-hotel-54.html,Bamboo Sapa Hotel,"18A Mường Hoa, Thị xã Sa Pa, Tỉnh Lào Cai, Việt Nam",4,14:00,12:00,Thời gian nhận phòng: 14:00,Thời gian trả phòng: 12:00,4.5,,12,9,21,published_reference,"{""checkin_policy"": ""Khi đến nhận phòng, quý khách vui lòng mang theo:\n- CCCD hoặc passport.\n- Phiếu xác nhận đặt phòng của Best Price\n*Lưu ý: Theo quy định của pháp luật Việt Nam, khi 1 khách nước ngoài + 1 khách Việt Nam ở chung một phòng thì yêu cầu phải có giấy đăng ký kết hôn."", ""cancellation_policy"": ""Phí hủy đổi đặt phòng = phí hủy/đổi của khách sạn + phí xử lý giao dịch của Best Price.\nPhí hủy/đổi của khách sạn được chính khách sạn quy định như sau:\nKhách hàng đặt dịch vụ sẽ không được quyền hoàn dịch vụ, hủy đặt dịch vụ."", ""children_extra_bed_policy"": ""Khách trên 11 tuổi được coi là người lớn\nThông tin giường phụ thì tùy thuộc vào mỗi phòng. Vui lòng kiểm tra thông tin phòng để biết chi tiết.""}",3,2026-09-19T14:06:02.832130+00:00
80c248dd5eb3,2a1e94b96c5a0e4175bc3c67,https://www.bestprice.vn/khach-san/cozy-villa-tam-dao-1632.html,https://www.bestprice.vn/khach-san/cozy-villa-tam-dao-1632.html,Cozy Villa Tam Đảo,Tam Đảo,4,14:00,12:00,Thời gian nhận phòng: 14h,Thời gian trả phòng: 12h,5.0,,1,1,3,requires_dates,"{""checkin_policy"": ""Khi đến nhận phòng, quý khách vui lòng mang theo:\n- CCCD hoặc passport.\n- Phiếu xác nhận đặt phòng của Best Price\n*Lưu ý: Theo quy định của pháp luật Việt Nam, khi 1 khách nước ngoài + 1 khách Việt Nam ở chung một phòng thì yêu cầu phải có giấy đăng ký kết hôn."", ""cancellation_policy"": ""Phí hủy đổi đặt phòng = phí hủy/đổi của khách sạn + phí xử lý giao dịch của Best Price.\nPhí hủy/đổi của khách sạn được chính khách sạn quy định như sau:\n16 người 1 Villa ( bao gồm trẻ em)\nPhụ thu người thứ 17 : 200.000đ/người/đêm"", ""children_extra_bed_policy"": ""Khách trên 6 tuổi được coi là người lớn\nThông tin giường phụ thì tùy thuộc vào mỗi phòng. Vui lòng kiểm tra thông tin phòng để biết chi tiết.""}",3,2026-09-19T16:30:54.761107+00:00
80c248dd5eb3,2abc30040f758c909b0abc4c,https://www.bestprice.vn/khach-san/fleur-de-lys-hotel-quy-nhon-2125.html,https://www.bestprice.vn/khach-san/fleur-de-lys-hotel-quy-nhon-2125.html,Fleur De Lys Hotel Quy Nhơn,"Số 16 Đường Nguyễn Huệ, Phường Lê Lợi, Thành phố Quy Nhơn, Tỉnh Bình Định",4,14:00,12:00,Thời gian nhận phòng: 14:00,Thời gian trả phòng: 12:00,4.5,,7,5,14,published_reference,"{""checkin_policy"": ""Khi đến nhận phòng, quý khách vui lòng mang theo:\n- CCCD hoặc passport.\n- Phiếu xác nhận đặt phòng của Best Price\n*Lưu ý: Theo quy định của pháp luật Việt Nam, khi 1 khách nước ngoài + 1 khách Việt Nam ở chung một phòng thì yêu cầu phải có giấy đăng ký kết hôn."", ""cancellation_policy"": ""Phí hủy đổi đặt phòng = phí hủy/đổi của khách sạn + phí xử lý giao dịch của Best Price.\nPhí hủy/đổi của khách sạn được chính khách sạn quy định như sau:\nKhách hàng đặt dịch vụ sẽ không được quyền hoàn dịch vụ, hủy đặt dịch vụ."", ""children_extra_bed_policy"": ""Khách trên 11 tuổi được coi là người lớn\nThông tin giường phụ thì tùy thuộc vào mỗi phòng. Vui lòng kiểm tra thông tin phòng để biết chi tiết.""}",3,2026-09-19T12:57:03.404147+00:00
80c248dd5eb3,2aeaa4f44e9152a44575189b,https://www.bestprice.vn/khach-san/hoi-an-silk-village-resort-spa-by-embrace-1675.html,https://www.bestprice.vn/khach-san/hoi-an-silk-village-resort-spa-by-embrace-1675.html,Hội An Silk Village Resort & Spa by Embrace,"28 Nguyễn Tất Thành, Tân An, Quảng Nam",4,14:00,12:00,Thời gian nhận phòng: 14:00,Thời gian trả phòng: 12:00,4.1,,75,7,13,requires_dates,"{""checkin_policy"": ""Khi đến nhận phòng, quý khách vui lòng mang theo:\n- CCCD hoặc passport.\n- Phiếu xác nhận đặt phòng của Best Price\n*Lưu ý: Theo quy định của pháp luật Việt Nam, khi 1 khách nước ngoài + 1 khách Việt Nam ở chung một phòng thì yêu cầu phải có giấy đăng ký kết hôn."", ""cancellation_policy"": ""Phí hủy đổi đặt phòng = phí hủy/đổi của khách sạn + phí xử lý giao dịch của Best Price.\nPhí hủy/đổi của khách sạn được chính khách sạn quy định như sau:"", ""children_extra_bed_policy"": ""Khách trên 12 tuổi được coi là người lớn\nThông tin giường phụ thì tùy thuộc vào mỗi phòng. Vui lòng kiểm tra thông tin phòng để biết chi tiết.""}",3,2026-09-20T05:15:45.108342+00:00
80c248dd5eb3,2b485273f3f511e407897634,https://www.bestprice.vn/khach-san/eldora-hue-104.html,https://www.bestprice.vn/khach-san/eldora-hue-104.html,Eldora Hotel Huế,"60 Bến Nghé, Phường Phú Hội, Thành phố Huế, Thừa Thiên Huế",4,14:00,12:00,Thời gian nhận phòng: 14:00,Thời gian trả phòng: 12:00,4.5,,4,3,19,published_reference,"{""checkin_policy"": ""Khi đến nhận phòng, quý khách vui lòng mang theo:\n- CCCD hoặc passport.\n- Phiếu xác nhận đặt phòng của Best Price\n*Lưu ý: Theo quy định của pháp luật Việt Nam, khi 1 khách nước ngoài + 1 khách Việt Nam ở chung một phòng thì yêu cầu phải có giấy đăng ký kết hôn."", ""cancellation_policy"": ""Phí hủy đổi đặt phòng = phí hủy/đổi của khách sạn + phí xử lý giao dịch của Best Price.\nPhí hủy/đổi của khách sạn được chính khách sạn quy định như sau:\nKhách hàng đặt phòng sẽ không được quyền hoàn phòng, hủy đặt phòng nhưng được phép thay đổi đơn đặt phòng."", ""children_extra_bed_policy"": ""Khách trên 11 tuổi được coi là người lớn\nThông tin giường phụ thì tùy thuộc vào mỗi phòng. Vui lòng kiểm tra thông tin phòng để biết chi tiết.""}",3,2026-09-19T14:13:23.849962+00:00
80c248dd5eb3,2d261d874f916528fae9772c,https://www.bestprice.vn/khach-san/melia-vinpearl-tay-ninh-1496.html,https://www.bestprice.vn/khach-san/melia-vinpearl-tay-ninh-1496.html,Melia Vinpearl Tây Ninh,"53 Đặng Ngọc Chinh, Phường 3, Thành Phố Tây Ninh, Tỉnh Tây Ninh",5,14:00,12:00,Thời gian nhận phòng: 14:00,Thời gian trả phòng: 12:00,4.5,,49,5,10,published_reference,"{""checkin_policy"": ""Khi đến nhận phòng, quý khách vui lòng mang theo:\n- CCCD hoặc passport.\n- Phiếu xác nhận đặt phòng của Best Price\n*Lưu ý: Theo quy định của pháp luật Việt Nam, khi 1 khách nước ngoài + 1 khách Việt Nam ở chung một phòng thì yêu cầu phải có giấy đăng ký kết hôn."", ""cancellation_policy"": ""Phí hủy đổi đặt phòng = phí hủy/đổi của khách sạn + phí xử lý giao dịch của Best Price.\nPhí hủy/đổi của khách sạn được chính khách sạn quy định như sau:\nKhách hàng đặt dịch vụ sẽ không được quyền hoàn dịch vụ, hủy đặt dịch vụ."", ""children_extra_bed_policy"": ""Khách trên 12 tuổi được coi là người lớn\nThông tin giường phụ thì tùy thuộc vào mỗi phòng. Vui lòng kiểm tra thông tin phòng để biết chi tiết.""}",3,2026-09-20T05:04:06.729464+00:00
80c248dd5eb3,2d997810f0e16c1d8e8127c1,https://www.bestprice.vn/khach-san/melia-vinpearl-da-nang-riverfront-1419.html,https://www.bestprice.vn/khach-san/melia-vinpearl-da-nang-riverfront-1419.html,Melia Vinpearl Đà Nẵng Riverfront,"341 Đường Trần Hưng Đạo, An Hải Bắc, Sơn Trà, Đà Nẵng",5,14:00,12:00,Thời gian nhận phòng: 14:00,Thời gian trả phòng: 12:00,4.5,,45,7,13,published_reference,"{""checkin_policy"": ""Khi đến nhận phòng, quý khách vui lòng mang theo:\n- CCCD hoặc passport.\n- Phiếu xác nhận đặt phòng của Best Price\n*Lưu ý: Theo quy định của pháp luật Việt Nam, khi 1 khách nước ngoài + 1 khách Việt Nam ở chung một phòng thì yêu cầu phải có giấy đăng ký kết hôn."", ""cancellation_policy"": ""Phí hủy đổi đặt phòng = phí hủy/đổi của khách sạn + phí xử lý giao dịch của Best Price.\nPhí hủy/đổi của khách sạn được chính khách sạn quy định như sau:\nKhách hàng đặt dịch vụ sẽ không được quyền hoàn dịch vụ, hủy đặt dịch vụ."", ""children_extra_bed_policy"": ""Khách trên 12 tuổi được coi là người lớn\nThông tin giường phụ thì tùy thuộc vào mỗi phòng. Vui lòng kiểm tra thông tin phòng để biết chi tiết.""}",3,2026-09-19T14:53:22.068778+00:00
80c248dd5eb3,2e6c0bd2c6dc481595f392a1,https://www.bestprice.vn/khach-san/serena-resort-kim-boi-hoa-binh-1481.html,https://www.bestprice.vn/khach-san/serena-resort-kim-boi-hoa-binh-1481.html,Serena Resort Kim Bôi Hòa Bình,"Thôn Khai Đồi, Xã Sào Báy, Huyện Kim Bôi, Tỉnh Hòa Bình",4,15:00,12:00,Thời gian nhận phòng: 15:00,Thời gian trả phòng: 12:00,4.5,,21,6,15,published_reference,"{""checkin_policy"": ""Khi đến nhận phòng, quý khách vui lòng mang theo:\n- CCCD hoặc passport.\n- Phiếu xác nhận đặt phòng của Best Price\n*Lưu ý: Theo quy định của pháp luật Việt Nam, khi 1 khách nước ngoài + 1 khách Việt Nam ở chung một phòng thì yêu cầu phải có giấy đăng ký kết hôn."", ""cancellation_policy"": ""Phí hủy đổi đặt phòng = phí hủy/đổi của khách sạn + phí xử lý giao dịch của Best Price.\nPhí hủy/đổi của khách sạn được chính khách sạn quy định như sau:\nKhách hàng đặt dịch vụ sẽ không được quyền hoàn dịch vụ, hủy đặt dịch vụ."", ""children_extra_bed_policy"": ""Khách trên 12 tuổi được coi là người lớn\nThông tin giường phụ thì tùy thuộc vào mỗi phòng. Vui lòng kiểm tra thông tin phòng để biết chi tiết.""}",3,2026-09-19T13:56:10.534136+00:00
80c248dd5eb3,2edc389640fa4ede02f56a43,https://www.bestprice.vn/khach-san/ha-long-palace-469.html,https://www.bestprice.vn/khach-san/ha-long-palace-469.html,Hạ Long Palace Hotel,"Số 1-Lô 20 Đông Hùng Thắng, Phường Bãi Cháy, Thành phố Hạ Long, Quảng Ninh",4,14:00,12:00,Thời gian nhận phòng: 14:00,Thời gian trả phòng: 12:00,4.5,,10,3,15,requires_dates,"{""checkin_policy"": ""Khi đến nhận phòng, quý khách vui lòng mang theo:\n- CCCD hoặc passport.\n- Phiếu xác nhận đặt phòng của Best Price\n*Lưu ý: Theo quy định của pháp luật Việt Nam, khi 1 khách nước ngoài + 1 khách Việt Nam ở chung một phòng thì yêu cầu phải có giấy đăng ký kết hôn."", ""cancellation_policy"": ""Phí hủy đổi đặt phòng = phí hủy/đổi của khách sạn + phí xử lý giao dịch của Best Price.\nPhí hủy/đổi của khách sạn được chính khách sạn quy định như sau:\nKhách hàng đặt phòng sẽ không được quyền hoàn phòng, hủy đặt phòng nhưng được phép thay đổi đơn đặt phòng."", ""children_extra_bed_policy"": ""Khách trên 12 tuổi được coi là người lớn\nThông tin giường phụ thì tùy thuộc vào mỗi phòng. Vui lòng kiểm tra thông tin phòng để biết chi tiết.""}",3,2026-09-19T13:55:18.350113+00:00
80c248dd5eb3,30f6e9af12de649edc768989,https://www.bestprice.vn/khach-san/imperial-ha-noi-338.html,https://www.bestprice.vn/khach-san/imperial-ha-noi-338.html,Imperial Hotel & Spa Hà Nội,"Số 44 Hàng Hành, Phường Hàng Trống, Quận Hoàn Kiếm, Thành phố Hà Nội.",4,14:00,12:00,Thời gian nhận phòng: 14:00,Thời gian trả phòng: 12:00,4.5,,1,8,14,requires_dates,"{""checkin_policy"": ""Khi đến nhận phòng, quý khách vui lòng mang theo:\n- CCCD hoặc passport.\n- Phiếu xác nhận đặt phòng của Best Price\n*Lưu ý: Theo quy định của pháp luật Việt Nam, khi 1 khách nước ngoài + 1 khách Việt Nam ở chung một phòng thì yêu cầu phải có giấy đăng ký kết hôn."", ""cancellation_policy"": ""Phí hủy đổi đặt phòng = phí hủy/đổi của khách sạn + phí xử lý giao dịch của Best Price.\nPhí hủy/đổi của khách sạn được chính khách sạn quy định như sau:\nKhách hàng đặt phòng sẽ không được quyền hoàn phòng, hủy đặt phòng nhưng được phép thay đổi đơn đặt phòng."", ""children_extra_bed_policy"": ""Khách trên 11 tuổi được coi là người lớn\nThông tin giường phụ thì tùy thuộc vào mỗi phòng. Vui lòng kiểm tra thông tin phòng để biết chi tiết.""}",3,2026-09-20T05:39:59.961203+00:00
80c248dd5eb3,3169ede5ef9a549d242d0a83,https://www.bestprice.vn/khach-san/muong-thanh-ha-noi-centre-hotel-3050.html,https://www.bestprice.vn/khach-san/muong-thanh-ha-noi-centre-hotel-3050.html,Mường Thanh Hà Nội Centre Hotel,"78 Thợ Nhuộm, phường Trần Hưng Đạo, quận Hoàn Kiếm, thành phố Hà Nội.",4,14:00,12:00,Thời gian nhận phòng: 14:00,Thời gian trả phòng: 12:00,4.9,,50,3,11,published_reference,"{""checkin_policy"": ""Khi đến nhận phòng, quý khách vui lòng mang theo:\n- CCCD hoặc passport.\n- Phiếu xác nhận đặt phòng của Best Price\n*Lưu ý: Theo quy định của pháp luật Việt Nam, khi 1 khách nước ngoài + 1 khách Việt Nam ở chung một phòng thì yêu cầu phải có giấy đăng ký kết hôn."", ""cancellation_policy"": ""Phí hủy đổi đặt phòng = phí hủy/đổi của khách sạn + phí xử lý giao dịch của Best Price.\nPhí hủy/đổi của khách sạn được chính khách sạn quy định như sau:\nKhách hàng đặt dịch vụ sẽ không được quyền hoàn dịch vụ, hủy đặt dịch vụ."", ""children_extra_bed_policy"": ""Khách trên 11 tuổi được coi là người lớn\nThông tin giường phụ thì tùy thuộc vào mỗi phòng. Vui lòng kiểm tra thông tin phòng để biết chi tiết.""}",3,2026-09-19T12:56:59.425931+00:00
80c248dd5eb3,32dfcae566b3c9c7753ba279,https://www.bestprice.vn/khach-san/best-western-premier-sonasea-phu-quoc-resort-1518.html,https://www.bestprice.vn/khach-san/best-western-premier-sonasea-phu-quoc-resort-1518.html,Best Western Premier Sonasea Phú Quốc Resort,"Khu tổ hợp du lịch Sonasea Villas và Resort, Tổ 5, Ấp Đường Bào, Xã Dương Tơ, Thành phố Phú Quốc, Tỉnh Kiên Giang.",5,14:00,12:00,Thời gian nhận phòng: 14:00,Thời gian trả phòng: 12:00,4.0,,10,8,19,published_reference,"{""checkin_policy"": ""Khi đến nhận phòng, quý khách vui lòng mang theo:\n- CCCD hoặc passport.\n- Phiếu xác nhận đặt phòng của Best Price\n*Lưu ý: Theo quy định của pháp luật Việt Nam, khi 1 khách nước ngoài + 1 khách Việt Nam ở chung một phòng thì yêu cầu phải có giấy đăng ký kết hôn."", ""cancellation_policy"": ""Phí hủy đổi đặt phòng = phí hủy/đổi của khách sạn + phí xử lý giao dịch của Best Price.\nPhí hủy/đổi của khách sạn được chính khách sạn quy định như sau:\nKhách hàng đặt phòng sẽ không được quyền hoàn phòng, hủy đặt phòng nhưng được phép thay đổi đơn đặt phòng."", ""children_extra_bed_policy"": ""Khách trên 11 tuổi được coi là người lớn\nThông tin giường phụ thì tùy thuộc vào mỗi phòng. Vui lòng kiểm tra thông tin phòng để biết chi tiết.""}",3,2026-09-19T16:36:06.983527+00:00
80c248dd5eb3,3334bc27d2172b66d341a2d8,https://www.bestprice.vn/khach-san/comodo-nha-trang-1684.html,https://www.bestprice.vn/khach-san/comodo-nha-trang-1684.html,Asteria Comodo Nha Trang Hotel,"86A Trần Phú, Phường Lộc Thọ, Thành Phố Nha Trang, Tỉnh Khánh Hòa",4,14:00,12:00,Thời gian nhận phòng: 14:00,Thời gian trả phòng: 12:00,4.5,,2,6,15,published_reference,"{""checkin_policy"": ""Khi đến nhận phòng, quý khách vui lòng mang theo:\n- CCCD hoặc passport.\n- Phiếu xác nhận đặt phòng của Best Price\n*Lưu ý: Theo quy định của pháp luật Việt Nam, khi 1 khách nước ngoài + 1 khách Việt Nam ở chung một phòng thì yêu cầu phải có giấy đăng ký kết hôn."", ""cancellation_policy"": ""Phí hủy đổi đặt phòng = phí hủy/đổi của khách sạn + phí xử lý giao dịch của Best Price.\nPhí hủy/đổi của khách sạn được chính khách sạn quy định như sau:\nKhách hàng đặt dịch vụ sẽ không được quyền hoàn dịch vụ, hủy đặt dịch vụ."", ""children_extra_bed_policy"": ""Khách trên 12 tuổi được coi là người lớn\nThông tin giường phụ thì tùy thuộc vào mỗi phòng. Vui lòng kiểm tra thông tin phòng để biết chi tiết.""}",3,2026-09-19T12:56:47.374926+00:00
80c248dd5eb3,361dcff28f6f5320a5c02b20,https://www.bestprice.vn/khach-san/fusion-original-saigon-center-3321.html,https://www.bestprice.vn/khach-san/fusion-original-saigon-center-3321.html,Fusion Original Saigon Centre,"65 Đường Lê Lợi, Phường Bến Nghé, Quận 1, Thành phố Hồ Chí Minh",5,14:00,12:00,Thời gian nhận phòng: 14:00,Thời gian trả phòng: 12:00,4.5,,2,4,13,published_reference,"{""checkin_policy"": ""Khi đến nhận phòng, quý khách vui lòng mang theo:\n- CCCD hoặc passport.\n- Phiếu xác nhận đặt phòng của Best Price\n*Lưu ý: Theo quy định của pháp luật Việt Nam, khi 1 khách nước ngoài + 1 khách Việt Nam ở chung một phòng thì yêu cầu phải có giấy đăng ký kết hôn."", ""cancellation_policy"": ""Phí hủy đổi đặt phòng = phí hủy/đổi của khách sạn + phí xử lý giao dịch của Best Price.\nPhí hủy/đổi của khách sạn được chính khách sạn quy định như sau:"", ""children_extra_bed_policy"": ""Khách trên 12 tuổi được coi là người lớn\nThông tin giường phụ thì tùy thuộc vào mỗi phòng. Vui lòng kiểm tra thông tin phòng để biết chi tiết.""}",3,2026-09-19T14:04:12.682494+00:00
80c248dd5eb3,366939aa3b415be121775369,https://www.bestprice.vn/khach-san/lalya-ninh-van-bay-nha-trang-509.html,https://www.bestprice.vn/khach-san/lalya-ninh-van-bay-nha-trang-509.html,L’Alya Ninh Van Bay Nha Trang,"Tân Thành, Xã Ninh Ích, Huyện Ninh Hòa, Nha Trang, Tỉnh Khánh Hòa",5,14:00,12:00,Thời gian nhận phòng: 14:00,Thời gian trả phòng: 12:00,4.5,,2,4,17,published_reference,"{""checkin_policy"": ""Khi đến nhận phòng, quý khách vui lòng mang theo:\n- CCCD hoặc passport.\n- Phiếu xác nhận đặt phòng của Best Price\n*Lưu ý: Theo quy định của pháp luật Việt Nam, khi 1 khách nước ngoài + 1 khách Việt Nam ở chung một phòng thì yêu cầu phải có giấy đăng ký kết hôn."", ""cancellation_policy"": ""Phí hủy đổi đặt phòng = phí hủy/đổi của khách sạn + phí xử lý giao dịch của Best Price.\nPhí hủy/đổi của khách sạn được chính khách sạn quy định như sau:\nKhách hàng đặt dịch vụ sẽ không được quyền hoàn dịch vụ, hủy đặt dịch vụ."", ""children_extra_bed_policy"": ""Khách trên 11 tuổi được coi là người lớn\nThông tin giường phụ thì tùy thuộc vào mỗi phòng. Vui lòng kiểm tra thông tin phòng để biết chi tiết.""}",3,2026-09-19T16:36:27.011849+00:00
80c248dd5eb3,39136fe03c4b7f52d53753aa,https://www.bestprice.vn/khach-san/hotel-colline-da-lat-1594.html,https://www.bestprice.vn/khach-san/hotel-colline-da-lat-1594.html,Hôtel Colline Đà Lạt,"Số 10 Đường Phan Bội Châu, Phường 1, Thành phố Đà Lạt, Tỉnh Lâm Đồng.",4,14:00,12:00,Thời gian nhận phòng: 14:00,Thời gian trả phòng: 12:00,4.5,,18,10,15,published_reference,"{""checkin_policy"": ""Khi đến nhận phòng, quý khách vui lòng mang theo:\n- CCCD hoặc passport.\n- Phiếu xác nhận đặt phòng của Best Price\n*Lưu ý: Theo quy định của pháp luật Việt Nam, khi 1 khách nước ngoài + 1 khách Việt Nam ở chung một phòng thì yêu cầu phải có giấy đăng ký kết hôn."", ""cancellation_policy"": ""Phí hủy đổi đặt phòng = phí hủy/đổi của khách sạn + phí xử lý giao dịch của Best Price.\nPhí hủy/đổi của khách sạn được chính khách sạn quy định như sau:\nKhách hàng đặt dịch vụ sẽ không được quyền hoàn dịch vụ, hủy đặt dịch vụ."", ""children_extra_bed_policy"": ""Khách trên 11 tuổi được coi là người lớn\nThông tin giường phụ thì tùy thuộc vào mỗi phòng. Vui lòng kiểm tra thông tin phòng để biết chi tiết.""}",3,2026-09-20T05:06:12.790825+00:00
80c248dd5eb3,39465b6367d05c3312aedbf4,https://www.bestprice.vn/khach-san/bakhan-village-resort-hoa-binh-1546.html,https://www.bestprice.vn/khach-san/bakhan-village-resort-hoa-binh-1546.html,Bakhan Village Resort Hòa Bình,"Làng Khan Hạ, Ba Khan, Mai Châu, Hòa Bình",4,14:00,12:00,Thời gian nhận phòng: 14:00,Thời gian trả phòng: 12:00,4.5,,22,2,8,requires_dates,"{""checkin_policy"": ""Khi đến nhận phòng, quý khách vui lòng mang theo:\n- CCCD hoặc passport.\n- Phiếu xác nhận đặt phòng của Best Price\n*Lưu ý: Theo quy định của pháp luật Việt Nam, khi 1 khách nước ngoài + 1 khách Việt Nam ở chung một phòng thì yêu cầu phải có giấy đăng ký kết hôn."", ""cancellation_policy"": ""Phí hủy đổi đặt phòng = phí hủy/đổi của khách sạn + phí xử lý giao dịch của Best Price.\nPhí hủy/đổi của khách sạn được chính khách sạn quy định như sau:\nKhách hàng đặt phòng sẽ không được quyền hoàn phòng, hủy đặt phòng nhưng được phép thay đổi đơn đặt phòng."", ""children_extra_bed_policy"": ""Khách trên 12 tuổi được coi là người lớn\nThông tin giường phụ thì tùy thuộc vào mỗi phòng. Vui lòng kiểm tra thông tin phòng để biết chi tiết.""}",3,2026-09-19T16:32:00.818834+00:00
80c248dd5eb3,3a51e6ef12301ea4031c0dda,https://www.bestprice.vn/khach-san/vinpearl-resort-spa-da-nang-1392.html,https://www.bestprice.vn/khach-san/vinpearl-resort-spa-da-nang-1392.html,"Danang Marriott Resort & Spa, Non Nước Beach Villas","Số 23 Đường Trường Sa, Phường Hòa Hải, Quận Ngũ Hành Sơn, Đà Nẵng",5,14:00,12:00,Thời gian nhận phòng: 14:00,Thời gian trả phòng: 12:00,4.5,,46,4,15,published_reference,"{""checkin_policy"": ""Khi đến nhận phòng, quý khách vui lòng mang theo:\n- CCCD hoặc passport.\n- Phiếu xác nhận đặt phòng của Best Price\n*Lưu ý: Theo quy định của pháp luật Việt Nam, khi 1 khách nước ngoài + 1 khách Việt Nam ở chung một phòng thì yêu cầu phải có giấy đăng ký kết hôn."", ""cancellation_policy"": ""Phí hủy đổi đặt phòng = phí hủy/đổi của khách sạn + phí xử lý giao dịch của Best Price.\nPhí hủy/đổi của khách sạn được chính khách sạn quy định như sau:\nKhách hàng đặt dịch vụ sẽ không được quyền hoàn dịch vụ, hủy đặt dịch vụ."", ""children_extra_bed_policy"": ""Khách trên 12 tuổi được coi là người lớn\nThông tin giường phụ thì tùy thuộc vào mỗi phòng. Vui lòng kiểm tra thông tin phòng để biết chi tiết.""}",3,2026-09-19T16:31:38.842207+00:00
80c248dd5eb3,3aa8ca4a7469e080bbb26d66,https://www.bestprice.vn/khach-san/four-points-by-sheraton-lang-son-1464.html,https://www.bestprice.vn/khach-san/four-points-by-sheraton-lang-son-1464.html,Four Points by Sheraton Lạng Sơn,"Số 02 đường Trần Hưng Đạo, Phường Chi Lăng, Lạng Sơn",5,14:00,12:00,Thời gian nhận phòng: 14:00,Thời gian trả phòng: 12:00,4.5,,41,3,12,requires_dates,"{""checkin_policy"": ""Khi đến nhận phòng, quý khách vui lòng mang theo:\n- CCCD hoặc passport.\n- Phiếu xác nhận đặt phòng của Best Price\n*Lưu ý: Theo quy định của pháp luật Việt Nam, khi 1 khách nước ngoài + 1 khách Việt Nam ở chung một phòng thì yêu cầu phải có giấy đăng ký kết hôn."", ""cancellation_policy"": ""Phí hủy đổi đặt phòng = phí hủy/đổi của khách sạn + phí xử lý giao dịch của Best Price.\nPhí hủy/đổi của khách sạn được chính khách sạn quy định như sau:\nHoàn hủy theo quy định của khách sạn"", ""children_extra_bed_policy"": ""Khách trên 12 tuổi được coi là người lớn\nThông tin giường phụ thì tùy thuộc vào mỗi phòng. Vui lòng kiểm tra thông tin phòng để biết chi tiết.""}",3,2026-09-19T16:31:52.827294+00:00
80c248dd5eb3,3ab8d6c0883d4abedcad68d1,https://www.bestprice.vn/khach-san/lake-view-quy-nhon-1555.html,https://www.bestprice.vn/khach-san/lake-view-quy-nhon-1555.html,Lake View Quy Nhơn,"44 Bình Hà, Phường Thị Nại, Thành Phố Quy Nhơn, Tỉnh Bình Định",3,14:00,12:00,Thời gian nhận phòng: 14:00,Thời gian trả phòng: 12:00,4.1,,55,5,10,requires_dates,"{""checkin_policy"": ""Khi đến nhận phòng, quý khách vui lòng mang theo:\n- CCCD hoặc passport.\n- Phiếu xác nhận đặt phòng của Best Price\n*Lưu ý: Theo quy định của pháp luật Việt Nam, khi 1 khách nước ngoài + 1 khách Việt Nam ở chung một phòng thì yêu cầu phải có giấy đăng ký kết hôn."", ""cancellation_policy"": ""Phí hủy đổi đặt phòng = phí hủy/đổi của khách sạn + phí xử lý giao dịch của Best Price.\nPhí hủy/đổi của khách sạn được chính khách sạn quy định như sau:\nKhách hàng đặt phòng sẽ không được quyền hoàn phòng, hủy đặt phòng nhưng được phép thay đổi đơn đặt phòng."", ""children_extra_bed_policy"": ""Khách trên 11 tuổi được coi là người lớn\nThông tin giường phụ thì tùy thuộc vào mỗi phòng. Vui lòng kiểm tra thông tin phòng để biết chi tiết.""}",3,2026-09-19T14:33:14.491444+00:00
80c248dd5eb3,3aeedd2582d1c3321642aa25,https://www.bestprice.vn/khach-san/family-yen-bai-resort-ba-vi-1227.html,https://www.bestprice.vn/khach-san/family-yen-bai-resort-ba-vi-1227.html,Family Yên Bài Resort Ba Vì,"Xóm Mái, Xã Yên Bài, Ba Vì, Hà Nội",3,14:00,12:00,Thời gian nhận phòng: 14:00,Thời gian trả phòng: 12:00,4.5,,3,9,7,requires_dates,"{""checkin_policy"": ""Khi đến nhận phòng, quý khách vui lòng mang theo:\n- CCCD hoặc passport.\n- Phiếu xác nhận đặt phòng của Best Price\n*Lưu ý: Theo quy định của pháp luật Việt Nam, khi 1 khách nước ngoài + 1 khách Việt Nam ở chung một phòng thì yêu cầu phải có giấy đăng ký kết hôn."", ""cancellation_policy"": ""Phí hủy đổi đặt phòng = phí hủy/đổi của khách sạn + phí xử lý giao dịch của Best Price.\nPhí hủy/đổi của khách sạn được chính khách sạn quy định như sau:\nKhách hàng đặt dịch vụ sẽ không được quyền hoàn dịch vụ, hủy đặt dịch vụ."", ""children_extra_bed_policy"": ""Khách trên 10 tuổi được coi là người lớn\nThông tin giường phụ thì tùy thuộc vào mỗi phòng. Vui lòng kiểm tra thông tin phòng để biết chi tiết.""}",3,2026-09-19T14:05:40.717202+00:00
80c248dd5eb3,3d3644dd3a1ed8072ce66202,https://www.bestprice.vn/khach-san/holiday-two-can-tho-1319.html,https://www.bestprice.vn/khach-san/holiday-two-can-tho-1319.html,Khách sạn Holiday Two Cần Thơ,"79 Phạm Ngọc Thạch, P. Cái Khế, Q. Ninh Kiều, TP. Cần Thơ",3,14:00,12:00,Thời gian nhận phòng: 14:00,Thời gian trả phòng: 12:00,4.0,,10,7,12,requires_dates,"{""checkin_policy"": ""Khi đến nhận phòng, quý khách vui lòng mang theo:\n- CCCD hoặc passport.\n- Phiếu xác nhận đặt phòng của Best Price\n*Lưu ý: Theo quy định của pháp luật Việt Nam, khi 1 khách nước ngoài + 1 khách Việt Nam ở chung một phòng thì yêu cầu phải có giấy đăng ký kết hôn."", ""cancellation_policy"": ""Phí hủy đổi đặt phòng = phí hủy/đổi của khách sạn + phí xử lý giao dịch của Best Price.\nPhí hủy/đổi của khách sạn được chính khách sạn quy định như sau:\nĐối với khách đặt dưới 10 phòng: - Hủy phòng trước 08 ngày (trừ t7, CN, lễ, tết) so với ngày khách đến: không tính phí. - Hủy phòng trong vòng 08 ngày (trừ t7, CN, lễ, tết) so với ngày khách đến hoặc khách không đến: tính phí 100% tổng giá trị booking đã đặt. * Ngày lễ, tết tất cả các booking không hủy, không đổi, không hoàn."", ""children_extra_bed_policy"": ""Khách trên 12 tuổi được coi là người lớn\nThông tin giường phụ thì tùy thuộc vào mỗi phòng. Vui lòng kiểm tra thông tin phòng để biết chi tiết.""}",3,2026-09-19T14:04:06.648966+00:00
80c248dd5eb3,3f9f58310963df6e0e16522f,https://www.bestprice.vn/khach-san/haian-beach-hotel-spa-1479.html,https://www.bestprice.vn/khach-san/haian-beach-hotel-spa-1479.html,Haian Beach Hotel & Spa,"278 Võ Nguyên Giáp, Phường Bắc Mỹ Phú, Quận Ngũ Hành Sơn, Đà Nẵng",4,14:00,12:00,Thời gian nhận phòng: 14:00,Thời gian trả phòng: 12:00,4.9,,79,11,12,published_reference,"{""checkin_policy"": ""Khi đến nhận phòng, quý khách vui lòng mang theo:\n- CCCD hoặc passport.\n- Phiếu xác nhận đặt phòng của Best Price\n*Lưu ý: Theo quy định của pháp luật Việt Nam, khi 1 khách nước ngoài + 1 khách Việt Nam ở chung một phòng thì yêu cầu phải có giấy đăng ký kết hôn."", ""cancellation_policy"": ""Phí hủy đổi đặt phòng = phí hủy/đổi của khách sạn + phí xử lý giao dịch của Best Price.\nPhí hủy/đổi của khách sạn được chính khách sạn quy định như sau:\nKhách hàng đặt dịch vụ sẽ không được quyền hoàn dịch vụ, hủy đặt dịch vụ."", ""children_extra_bed_policy"": ""Khách trên 11 tuổi được coi là người lớn\nThông tin giường phụ thì tùy thuộc vào mỗi phòng. Vui lòng kiểm tra thông tin phòng để biết chi tiết.""}",3,2026-09-19T14:06:12.683750+00:00
80c248dd5eb3,40b904209bebb9695bd3733e,https://www.bestprice.vn/khach-san/pullman-sai-gon-centre-1258.html,https://www.bestprice.vn/khach-san/pullman-sai-gon-centre-1258.html,Pullman Sài Gòn Centre,"148 Trần Hưng Đạo, Quận 1, Hồ Chí Minh.",5,14:00,12:00,Thời gian nhận phòng: 14:00,Thời gian trả phòng: 12:00,4.5,,3,5,13,published_reference,"{""checkin_policy"": ""Khi đến nhận phòng, quý khách vui lòng mang theo:\n- CCCD hoặc passport.\n- Phiếu xác nhận đặt phòng của Best Price\n*Lưu ý: Theo quy định của pháp luật Việt Nam, khi 1 khách nước ngoài + 1 khách Việt Nam ở chung một phòng thì yêu cầu phải có giấy đăng ký kết hôn."", ""cancellation_policy"": ""Phí hủy đổi đặt phòng = phí hủy/đổi của khách sạn + phí xử lý giao dịch của Best Price.\nPhí hủy/đổi của khách sạn được chính khách sạn quy định như sau:\nKhách hàng đặt dịch vụ sẽ không được quyền hoàn dịch vụ, hủy đặt dịch vụ."", ""children_extra_bed_policy"": ""Khách trên 11 tuổi được coi là người lớn\nThông tin giường phụ thì tùy thuộc vào mỗi phòng. Vui lòng kiểm tra thông tin phòng để biết chi tiết.""}",3,2026-09-19T16:36:02.989932+00:00
80c248dd5eb3,40c30b51d7b8905ef33048d1,https://www.bestprice.vn/khach-san/a-la-carte-ha-long-bay-3608.html,https://www.bestprice.vn/khach-san/a-la-carte-ha-long-bay-3608.html,À la Carte Ha Long Bay,"HH03 Bán đảo trung tâm - Hạ Long Marina, Quảng Ninh",5,15:00,12:00,Thời gian nhận phòng: 15:00,Thời gian trả phòng: 12:00,4.5,,9,10,16,requires_dates,"{""checkin_policy"": ""Khi đến nhận phòng, quý khách vui lòng mang theo:\n- CCCD hoặc passport.\n- Phiếu xác nhận đặt phòng của Best Price\n*Lưu ý: Theo quy định của pháp luật Việt Nam, khi 1 khách nước ngoài + 1 khách Việt Nam ở chung một phòng thì yêu cầu phải có giấy đăng ký kết hôn."", ""cancellation_policy"": ""Phí hủy đổi đặt phòng = phí hủy/đổi của khách sạn + phí xử lý giao dịch của Best Price.\nPhí hủy/đổi của khách sạn được chính khách sạn quy định như sau:\nKhách hàng đặt dịch vụ sẽ không được quyền hoàn dịch vụ, hủy đặt dịch vụ."", ""children_extra_bed_policy"": ""Khách trên 6 tuổi được coi là người lớn\nThông tin giường phụ thì tùy thuộc vào mỗi phòng. Vui lòng kiểm tra thông tin phòng để biết chi tiết.""}",3,2026-09-19T13:55:12.604486+00:00
80c248dd5eb3,41ce114c56ae5158334ea28d,https://www.bestprice.vn/khach-san/chen-sea-resort-spa-phu-quoc-224.html,https://www.bestprice.vn/khach-san/chen-sea-resort-spa-phu-quoc-224.html,Chen Sea Resort & Spa Phú Quốc,"Bãi Xếp, Thôn Ông Lang, Phường Cửa Dương, Thành phố Phú Quốc, Tỉnh Kiên Giang",4,14:00,12:00,Thời gian nhận phòng: 14.00,Thời gian trả phòng: 12.00,4.9,,72,4,16,requires_dates,"{""checkin_policy"": ""Khi đến nhận phòng, quý khách vui lòng mang theo:\n- CCCD hoặc passport.\n- Phiếu xác nhận đặt phòng của Best Price\n*Lưu ý: Theo quy định của pháp luật Việt Nam, khi 1 khách nước ngoài + 1 khách Việt Nam ở chung một phòng thì yêu cầu phải có giấy đăng ký kết hôn."", ""cancellation_policy"": ""Phí hủy đổi đặt phòng = phí hủy/đổi của khách sạn + phí xử lý giao dịch của Best Price.\nPhí hủy/đổi của khách sạn được chính khách sạn quy định như sau:\nKhách hàng đặt phòng sẽ không được quyền hoàn phòng, hủy đặt phòng nhưng được phép thay đổi đơn đặt phòng."", ""children_extra_bed_policy"": ""Khách trên 12 tuổi được coi là người lớn\nThông tin giường phụ thì tùy thuộc vào mỗi phòng. Vui lòng kiểm tra thông tin phòng để biết chi tiết.""}",3,2026-09-19T14:04:30.669558+00:00
80c248dd5eb3,430b4e4b5ea52ac790bbdd27,https://www.bestprice.vn/khach-san/vinpearl-discovery-sealink-nha-trang-1508.html,https://www.bestprice.vn/khach-san/vinpearl-discovery-sealink-nha-trang-1508.html,"Nha Trang Marriott Resort & Spa, Hon Tre Island","Đảo Hòn Tre, Vĩnh Nguyên, Nha Trang, Khánh Hòa",5,14:00,12:00,Thời gian nhận phòng: 14:00,Thời gian trả phòng: 12:00,4.5,,53,8,11,published_reference,"{""checkin_policy"": ""Khi đến nhận phòng, quý khách vui lòng mang theo:\n- CCCD hoặc passport.\n- Phiếu xác nhận đặt phòng của Best Price\n*Lưu ý: Theo quy định của pháp luật Việt Nam, khi 1 khách nước ngoài + 1 khách Việt Nam ở chung một phòng thì yêu cầu phải có giấy đăng ký kết hôn."", ""cancellation_policy"": ""Phí hủy đổi đặt phòng = phí hủy/đổi của khách sạn + phí xử lý giao dịch của Best Price.\nPhí hủy/đổi của khách sạn được chính khách sạn quy định như sau:\nKhách hàng đặt phòng sẽ không được quyền hoàn phòng, hủy đặt phòng."", ""children_extra_bed_policy"": ""Khách trên 4 tuổi được coi là người lớn\nThông tin giường phụ thì tùy thuộc vào mỗi phòng. Vui lòng kiểm tra thông tin phòng để biết chi tiết.""}",3,2026-09-19T14:03:00.648153+00:00
80c248dd5eb3,433acf8a884103a801618cc9,https://www.bestprice.vn/khach-san/melia-vinpearl-phu-quoc-1390.html,https://www.bestprice.vn/khach-san/melia-vinpearl-phu-quoc-1390.html,Melia Vinpearl Phú Quốc,"Bãi Dài, Xã Gành Dầu, Phú Quốc",5,14:00,12:00,Thời gian nhận phòng: 14:00,Thời gian trả phòng: 12:00,4.5,,67,6,16,published_reference,"{""checkin_policy"": ""Khi đến nhận phòng, quý khách vui lòng mang theo:\n- CCCD hoặc passport.\n- Phiếu xác nhận đặt phòng của Best Price\n*Lưu ý: Theo quy định của pháp luật Việt Nam, khi 1 khách nước ngoài + 1 khách Việt Nam ở chung một phòng thì yêu cầu phải có giấy đăng ký kết hôn."", ""cancellation_policy"": ""Phí hủy đổi đặt phòng = phí hủy/đổi của khách sạn + phí xử lý giao dịch của Best Price.\nPhí hủy/đổi của khách sạn được chính khách sạn quy định như sau:\nKhách hàng đặt dịch vụ sẽ không được quyền hoàn dịch vụ, hủy đặt dịch vụ."", ""children_extra_bed_policy"": ""Khách trên 11 tuổi được coi là người lớn\nThông tin giường phụ thì tùy thuộc vào mỗi phòng. Vui lòng kiểm tra thông tin phòng để biết chi tiết.""}",3,2026-09-19T13:51:44.765160+00:00
80c248dd5eb3,434903a6b4d33e49f3abda51,https://www.bestprice.vn/khach-san/da-nang-marriott-resort-spa-118.html,https://www.bestprice.vn/khach-san/da-nang-marriott-resort-spa-118.html,Đà Nẵng Marriott Resort & Spa,"Số 7 Đường Trường Sa, Phường Hòa Hải, Quận Ngũ Hành Sơn, Đà Nẵng",5,14:00,12:00,Thời gian nhận phòng: 14:00,Thời gian trả phòng: 12:00,4.5,,44,10,18,published_reference,"{""checkin_policy"": ""Khi đến nhận phòng, quý khách vui lòng mang theo:\n- CCCD hoặc passport.\n- Phiếu xác nhận đặt phòng của Best Price\n*Lưu ý: Theo quy định của pháp luật Việt Nam, khi 1 khách nước ngoài + 1 khách Việt Nam ở chung một phòng thì yêu cầu phải có giấy đăng ký kết hôn."", ""cancellation_policy"": ""Phí hủy đổi đặt phòng = phí hủy/đổi của khách sạn + phí xử lý giao dịch của Best Price.\nPhí hủy/đổi của khách sạn được chính khách sạn quy định như sau:\nKhách hàng đặt dịch vụ sẽ không được quyền hoàn dịch vụ, hủy đặt dịch vụ."", ""children_extra_bed_policy"": ""Khách trên 12 tuổi được coi là người lớn\nThông tin giường phụ thì tùy thuộc vào mỗi phòng. Vui lòng kiểm tra thông tin phòng để biết chi tiết.""}",3,2026-09-19T13:55:44.432091+00:00
80c248dd5eb3,437d218174892f34245669a3,https://www.bestprice.vn/khach-san/manoir-des-arts-1646.html,https://www.bestprice.vn/khach-san/manoir-des-arts-1646.html,Manoir Des Arts Hotel Hai Phong,"64 Điện Biên Phủ, phường Minh Khai, quận Hồng Bàng, thành phố Hải Phòng",4,14:00,12:00,Thời gian nhận phòng: 14:00,Thời gian trả phòng: 12:00,4.5,,3,3,8,requires_dates,"{""checkin_policy"": ""Khi đến nhận phòng, quý khách vui lòng mang theo:\n- CCCD hoặc passport.\n- Phiếu xác nhận đặt phòng của Best Price\n*Lưu ý: Theo quy định của pháp luật Việt Nam, khi 1 khách nước ngoài + 1 khách Việt Nam ở chung một phòng thì yêu cầu phải có giấy đăng ký kết hôn."", ""cancellation_policy"": ""Phí hủy đổi đặt phòng = phí hủy/đổi của khách sạn + phí xử lý giao dịch của Best Price.\nPhí hủy/đổi của khách sạn được chính khách sạn quy định như sau:\nKhách hàng đặt dịch vụ sẽ không được quyền hoàn dịch vụ, hủy đặt dịch vụ."", ""children_extra_bed_policy"": ""Khách trên 12 tuổi được coi là người lớn\nThông tin giường phụ thì tùy thuộc vào mỗi phòng. Vui lòng kiểm tra thông tin phòng để biết chi tiết.""}",3,2026-09-19T13:55:28.367557+00:00
80c248dd5eb3,46ea8e082f6dec1609ba20d9,https://www.bestprice.vn/khach-san/sunshine-hoi-an-344.html,https://www.bestprice.vn/khach-san/sunshine-hoi-an-344.html,Khách sạn Sunshine Hội An,"02 Phan Đình Phùng, Hội An, Quảng Nam",3,14:00,12:00,Thời gian nhận phòng: 14:00,Thời gian trả phòng: 12:00,4.5,,1,3,11,requires_dates,"{""checkin_policy"": ""Khi đến nhận phòng, quý khách vui lòng mang theo:\n- CCCD hoặc passport.\n- Phiếu xác nhận đặt phòng của Best Price\n*Lưu ý: Theo quy định của pháp luật Việt Nam, khi 1 khách nước ngoài + 1 khách Việt Nam ở chung một phòng thì yêu cầu phải có giấy đăng ký kết hôn."", ""cancellation_policy"": ""Phí hủy đổi đặt phòng = phí hủy/đổi của khách sạn + phí xử lý giao dịch của Best Price.\nPhí hủy/đổi của khách sạn được chính khách sạn quy định như sau:"", ""children_extra_bed_policy"": ""Khách trên 12 tuổi được coi là người lớn\nThông tin giường phụ thì tùy thuộc vào mỗi phòng. Vui lòng kiểm tra thông tin phòng để biết chi tiết.""}",3,2026-09-19T16:36:57.145592+00:00
80c248dd5eb3,476ec13cc3822f4f395bf8d0,https://www.bestprice.vn/khach-san/paos-sapa-leisure-hotel-1396.html,https://www.bestprice.vn/khach-san/paos-sapa-leisure-hotel-1396.html,Pao's Sapa Leisure Hotel,"Đường Mường Hoa, Thị trấn Sapa, Huyện Sapa, Tỉnh Lào Cai",5,14:00,12:00,Thời gian nhận phòng: 14:00,Thời gian trả phòng: 12:00,4.5,,13,7,19,published_reference,"{""checkin_policy"": ""Khi đến nhận phòng, quý khách vui lòng mang theo:\n- CCCD hoặc passport.\n- Phiếu xác nhận đặt phòng của Best Price\n*Lưu ý: Theo quy định của pháp luật Việt Nam, khi 1 khách nước ngoài + 1 khách Việt Nam ở chung một phòng thì yêu cầu phải có giấy đăng ký kết hôn."", ""cancellation_policy"": ""Phí hủy đổi đặt phòng = phí hủy/đổi của khách sạn + phí xử lý giao dịch của Best Price.\nPhí hủy/đổi của khách sạn được chính khách sạn quy định như sau:\nKhách hàng đặt dịch vụ sẽ không được quyền hoàn dịch vụ, hủy đặt dịch vụ."", ""children_extra_bed_policy"": ""Khách trên 11 tuổi được coi là người lớn\nThông tin giường phụ thì tùy thuộc vào mỗi phòng. Vui lòng kiểm tra thông tin phòng để biết chi tiết.""}",3,2026-09-19T12:56:55.478175+00:00
80c248dd5eb3,47845160fa1a1f115c952c02,https://www.bestprice.vn/khach-san/muong-thanh-luxury-phu-quoc-1410.html,https://www.bestprice.vn/khach-san/muong-thanh-luxury-phu-quoc-1410.html,Mường Thanh Luxury Phú Quốc,"Tổ 3, Ấp Đường Bào, Xã Dương Tơ,Thành Phố Phú Quốc, Tỉnh Kiên Giang",4,14:00,12:00,Thời gian nhận phòng: 14:00,Thời gian trả phòng: 12:00,4.5,,11,4,17,requires_dates,"{""checkin_policy"": ""Khi đến nhận phòng, quý khách vui lòng mang theo:\n- CCCD hoặc passport.\n- Phiếu xác nhận đặt phòng của Best Price\n*Lưu ý: Theo quy định của pháp luật Việt Nam, khi 1 khách nước ngoài + 1 khách Việt Nam ở chung một phòng thì yêu cầu phải có giấy đăng ký kết hôn."", ""cancellation_policy"": ""Phí hủy đổi đặt phòng = phí hủy/đổi của khách sạn + phí xử lý giao dịch của Best Price.\nPhí hủy/đổi của khách sạn được chính khách sạn quy định như sau:\nKhách hàng đặt phòng sẽ không được quyền hoàn phòng, hủy đặt phòng nhưng được phép thay đổi đơn đặt phòng."", ""children_extra_bed_policy"": ""Khách trên 12 tuổi được coi là người lớn\nThông tin giường phụ thì tùy thuộc vào mỗi phòng. Vui lòng kiểm tra thông tin phòng để biết chi tiết.""}",3,2026-09-19T14:04:24.661771+00:00
80c248dd5eb3,48fe23f5fcaca7148ecb596c,https://www.bestprice.vn/khach-san/saphir-da-lat-243.html,https://www.bestprice.vn/khach-san/saphir-da-lat-243.html,Khách sạn Saphir Đà Lạt,"22-24 Phan Như Thạch, Phường 1, Thành phố Đà Lạt, Lâm Đồng",4,14:00,12:00,Thời gian nhận phòng: 14:00,Thời gian trả phòng: 12:00,4.0,,10,7,14,published_reference,"{""checkin_policy"": ""Khi đến nhận phòng, quý khách vui lòng mang theo:\n- CCCD hoặc passport.\n- Phiếu xác nhận đặt phòng của Best Price\n*Lưu ý: Theo quy định của pháp luật Việt Nam, khi 1 khách nước ngoài + 1 khách Việt Nam ở chung một phòng thì yêu cầu phải có giấy đăng ký kết hôn."", ""cancellation_policy"": ""Phí hủy đổi đặt phòng = phí hủy/đổi của khách sạn + phí xử lý giao dịch của Best Price.\nPhí hủy/đổi của khách sạn được chính khách sạn quy định như sau:\nKhách hàng đặt phòng sẽ không được quyền hoàn phòng, hủy đặt phòng nhưng được phép thay đổi đơn đặt phòng."", ""children_extra_bed_policy"": ""Khách trên 11 tuổi được coi là người lớn\nThông tin giường phụ thì tùy thuộc vào mỗi phòng. Vui lòng kiểm tra thông tin phòng để biết chi tiết.""}",3,2026-09-19T14:05:24.702186+00:00
80c248dd5eb3,49abf0b70ae864ebc8129269,https://www.bestprice.vn/khach-san/vinpearl-resort-spa-hoi-an-1386.html,https://www.bestprice.vn/khach-san/vinpearl-resort-spa-hoi-an-1386.html,Renaissance Hoi An Resort & Spa,"Tổ 6, Khối Phước Hải, Phường Cửa Đại, Tp. Hội An, Tỉnh Quảng Nam",5,14:00,12:00,Thời gian nhận phòng: 14:00,Thời gian trả phòng: 12:00,4.5,,46,6,10,published_reference,"{""checkin_policy"": ""Khi đến nhận phòng, quý khách vui lòng mang theo:\n- CCCD hoặc passport.\n- Phiếu xác nhận đặt phòng của Best Price\n*Lưu ý: Theo quy định của pháp luật Việt Nam, khi 1 khách nước ngoài + 1 khách Việt Nam ở chung một phòng thì yêu cầu phải có giấy đăng ký kết hôn."", ""cancellation_policy"": ""Phí hủy đổi đặt phòng = phí hủy/đổi của khách sạn + phí xử lý giao dịch của Best Price.\nPhí hủy/đổi của khách sạn được chính khách sạn quy định như sau:\nKhách hàng đặt dịch vụ sẽ không được quyền hoàn dịch vụ, hủy đặt dịch vụ."", ""children_extra_bed_policy"": ""Khách trên 12 tuổi được coi là người lớn\nThông tin giường phụ thì tùy thuộc vào mỗi phòng. Vui lòng kiểm tra thông tin phòng để biết chi tiết.""}",3,2026-09-19T15:47:25.624067+00:00
80c248dd5eb3,4c0c9016aef530f447c64f80,https://www.bestprice.vn/khach-san/binh-chau-hot-spring-resort-1939.html,https://www.bestprice.vn/khach-san/binh-chau-hot-spring-resort-1939.html,Minera Hot Springs Bình Châu Resort,"Quốc Lộ 55, Xã Bưng Riềng, Huyện Xuyên Mộc, Thành phố Bà Rịa, Tỉnh Vũng Tàu.",4,14:00,12:00,Thời gian nhận phòng: 14:00,Thời gian trả phòng: 12:00,4.5,,8,8,17,published_reference,"{""checkin_policy"": ""Khi đến nhận phòng, quý khách vui lòng mang theo:\n- CCCD hoặc passport.\n- Phiếu xác nhận đặt phòng của Best Price\n*Lưu ý: Theo quy định của pháp luật Việt Nam, khi 1 khách nước ngoài + 1 khách Việt Nam ở chung một phòng thì yêu cầu phải có giấy đăng ký kết hôn."", ""cancellation_policy"": ""Phí hủy đổi đặt phòng = phí hủy/đổi của khách sạn + phí xử lý giao dịch của Best Price.\nPhí hủy/đổi của khách sạn được chính khách sạn quy định như sau:\nKhách hàng đặt dịch vụ sẽ không được quyền hoàn dịch vụ, hủy đặt dịch vụ."", ""children_extra_bed_policy"": ""Khách trên 11 tuổi được coi là người lớn\nThông tin giường phụ thì tùy thuộc vào mỗi phòng. Vui lòng kiểm tra thông tin phòng để biết chi tiết.""}",3,2026-09-19T16:35:47.131170+00:00
80c248dd5eb3,4d224bc14754f5eb596e0b99,https://www.bestprice.vn/khach-san/anya-hotel-quy-nhon-1634.html,https://www.bestprice.vn/khach-san/anya-hotel-quy-nhon-1634.html,Anya Hotel Quy Nhơn,"Số 03 Đường Nguyễn Trung Tín, Thành phố Quy Nhơn, Tỉnh Bình Định",4,14:00,12:00,Thời gian nhận phòng: 14:00,Thời gian trả phòng: 12:00,4.5,,5,5,12,published_reference,"{""checkin_policy"": ""Khi đến nhận phòng, quý khách vui lòng mang theo:\n- CCCD hoặc passport.\n- Phiếu xác nhận đặt phòng của Best Price\n*Lưu ý: Theo quy định của pháp luật Việt Nam, khi 1 khách nước ngoài + 1 khách Việt Nam ở chung một phòng thì yêu cầu phải có giấy đăng ký kết hôn."", ""cancellation_policy"": ""Phí hủy đổi đặt phòng = phí hủy/đổi của khách sạn + phí xử lý giao dịch của Best Price.\nPhí hủy/đổi của khách sạn được chính khách sạn quy định như sau:\nKhách hàng đặt dịch vụ sẽ không được quyền hoàn dịch vụ, hủy đặt dịch vụ."", ""children_extra_bed_policy"": ""Khách trên 12 tuổi được coi là người lớn\nThông tin giường phụ thì tùy thuộc vào mỗi phòng. Vui lòng kiểm tra thông tin phòng để biết chi tiết.""}",3,2026-09-19T15:19:27.488581+00:00
80c248dd5eb3,4df720b17de6021e3f2cb203,https://www.bestprice.vn/khach-san/lu-na-diamond-riverside-hoi-an-162.html,https://www.bestprice.vn/khach-san/lu-na-diamond-riverside-hoi-an-162.html,Khách sạn Lu Na Diamond Riverside Hội An,"Số 87 Cửa Đại, Thành phố Hội An, Tỉnh Quảng Nam",3,14:00,12:00,Thời gian nhận phòng: 14:00,Thời gian trả phòng: 12:00,4.8,,62,5,17,requires_dates,"{""checkin_policy"": ""Khi đến nhận phòng, quý khách vui lòng mang theo:\n- CCCD hoặc passport.\n- Phiếu xác nhận đặt phòng của Best Price\n*Lưu ý: Theo quy định của pháp luật Việt Nam, khi 1 khách nước ngoài + 1 khách Việt Nam ở chung một phòng thì yêu cầu phải có giấy đăng ký kết hôn."", ""cancellation_policy"": ""Phí hủy đổi đặt phòng = phí hủy/đổi của khách sạn + phí xử lý giao dịch của Best Price.\nPhí hủy/đổi của khách sạn được chính khách sạn quy định như sau:"", ""children_extra_bed_policy"": ""Khách trên 11 tuổi được coi là người lớn\nThông tin giường phụ thì tùy thuộc vào mỗi phòng. Vui lòng kiểm tra thông tin phòng để biết chi tiết.""}",3,2026-09-19T14:33:36.507265+00:00
80c248dd5eb3,523e54297e4481eb3be959a7,https://www.bestprice.vn/khach-san/luu-ngai-condotel-quy-nhon-2335.html,https://www.bestprice.vn/khach-san/luu-ngai-condotel-quy-nhon-2335.html,Lưu Ngãi Condotel Quy Nhơn,"92 Võ Thị Yến, Phường Nguyễn Văn Cừ, Thành Phố Quy Nhơn, Tỉnh Bình Định",3,14:00,12:00,Thời gian nhận phòng: 14:00,Thời gian trả phòng: 12:00,4.1,,35,6,18,requires_dates,"{""checkin_policy"": ""Khi đến nhận phòng, quý khách vui lòng mang theo:\n- CCCD hoặc passport.\n- Phiếu xác nhận đặt phòng của Best Price\n*Lưu ý: Theo quy định của pháp luật Việt Nam, khi 1 khách nước ngoài + 1 khách Việt Nam ở chung một phòng thì yêu cầu phải có giấy đăng ký kết hôn."", ""cancellation_policy"": ""Phí hủy đổi đặt phòng = phí hủy/đổi của khách sạn + phí xử lý giao dịch của Best Price.\nPhí hủy/đổi của khách sạn được chính khách sạn quy định như sau:\nKhách hàng đặt phòng sẽ không được quyền hoàn phòng, hủy đặt phòng nhưng được phép thay đổi đơn đặt phòng."", ""children_extra_bed_policy"": ""Khách trên 9 tuổi được coi là người lớn\nThông tin giường phụ thì tùy thuộc vào mỗi phòng. Vui lòng kiểm tra thông tin phòng để biết chi tiết.""}",3,2026-09-19T14:33:16.503763+00:00
80c248dd5eb3,57c084c35383ceed3c1af9b1,https://www.bestprice.vn/khach-san/citadines-marina-halong-2746.html,https://www.bestprice.vn/khach-san/citadines-marina-halong-2746.html,Citadines Marina Halong Hotel,"Khu Đô thị Hạ Long Marina, Đường Hoàng Quốc Việt, Phường Hùng Thắng, Thành phố Hạ Long, Tỉnh Quảng Ninh",5,14:00,12:00,Thời gian nhận phòng: 14:00,Thời gian trả phòng: 12:00,4.5,,3,7,13,published_reference,"{""checkin_policy"": ""Khi đến nhận phòng, quý khách vui lòng mang theo:\n- CCCD hoặc passport.\n- Phiếu xác nhận đặt phòng của Best Price\n*Lưu ý: Theo quy định của pháp luật Việt Nam, khi 1 khách nước ngoài + 1 khách Việt Nam ở chung một phòng thì yêu cầu phải có giấy đăng ký kết hôn."", ""cancellation_policy"": ""Phí hủy đổi đặt phòng = phí hủy/đổi của khách sạn + phí xử lý giao dịch của Best Price.\nPhí hủy/đổi của khách sạn được chính khách sạn quy định như sau:\nKhách hàng đặt dịch vụ sẽ không được quyền hoàn dịch vụ, hủy đặt dịch vụ."", ""children_extra_bed_policy"": ""Khách trên 11 tuổi được coi là người lớn\nThông tin giường phụ thì tùy thuộc vào mỗi phòng. Vui lòng kiểm tra thông tin phòng để biết chi tiết.""}",3,2026-09-19T12:57:07.383583+00:00
80c248dd5eb3,598a12a0757a4837fab6125e,https://www.bestprice.vn/khach-san/the-maron-hotel-1761.html,https://www.bestprice.vn/khach-san/the-maron-hotel-1761.html,The Marron Hotel,"117 Hồ Xuân Hương, Trung Sơn, Sầm Sơn, Thanh Hoá",4,14:00,12:00,Thời gian nhận phòng: 14:00,Thời gian trả phòng: 12:00,4.5,,2,6,13,requires_dates,"{""checkin_policy"": ""Khi đến nhận phòng, quý khách vui lòng mang theo:\n- CCCD hoặc passport.\n- Phiếu xác nhận đặt phòng của Best Price\n*Lưu ý: Theo quy định của pháp luật Việt Nam, khi 1 khách nước ngoài + 1 khách Việt Nam ở chung một phòng thì yêu cầu phải có giấy đăng ký kết hôn."", ""cancellation_policy"": ""Phí hủy đổi đặt phòng = phí hủy/đổi của khách sạn + phí xử lý giao dịch của Best Price.\nPhí hủy/đổi của khách sạn được chính khách sạn quy định như sau:\nKhách hàng đặt phòng sẽ không được quyền hoàn phòng, hủy đặt phòng nhưng được phép thay đổi đơn đặt phòng."", ""children_extra_bed_policy"": ""Khách trên 10 tuổi được coi là người lớn\nThông tin giường phụ thì tùy thuộc vào mỗi phòng. Vui lòng kiểm tra thông tin phòng để biết chi tiết.""}",3,2026-09-19T16:31:08.784938+00:00
80c248dd5eb3,59c531c20ecf41c07a31f611,https://www.bestprice.vn/khach-san/little-riverside-hoi-an-1807.html,https://www.bestprice.vn/khach-san/little-riverside-hoi-an-1807.html,Little Riverside Hội An,"09 Đường Phan Bội Châu, Phường Cẩm Châu, Thành phố Hội An, Tỉnh Quảng Nam",4,14:00,12:00,Thời gian nhận phòng: 14:00,Thời gian trả phòng: 12:00,4.5,,10,3,9,requires_dates,"{""checkin_policy"": ""Khi đến nhận phòng, quý khách vui lòng mang theo:\n- CCCD hoặc passport.\n- Phiếu xác nhận đặt phòng của Best Price\n*Lưu ý: Theo quy định của pháp luật Việt Nam, khi 1 khách nước ngoài + 1 khách Việt Nam ở chung một phòng thì yêu cầu phải có giấy đăng ký kết hôn."", ""cancellation_policy"": ""Phí hủy đổi đặt phòng = phí hủy/đổi của khách sạn + phí xử lý giao dịch của Best Price.\nPhí hủy/đổi của khách sạn được chính khách sạn quy định như sau:\nKhách hàng đặt dịch vụ sẽ không được quyền hoàn dịch vụ, hủy đặt dịch vụ."", ""children_extra_bed_policy"": ""Khách trên 12 tuổi được coi là người lớn\nThông tin giường phụ thì tùy thuộc vào mỗi phòng. Vui lòng kiểm tra thông tin phòng để biết chi tiết.""}",3,2026-09-20T05:15:49.106347+00:00
80c248dd5eb3,59f3b734b58157d53b2d25ef,https://www.bestprice.vn/khach-san/melia-ho-tram-beach-resort-1529.html,https://www.bestprice.vn/khach-san/melia-ho-tram-beach-resort-1529.html,Melia Ho Tram Beach Resort,"Ven Biển, Phước Thuận, Xuyên Mộc, Bà Rịa - Vũng Tàu",5,16:00,12:00,Thời gian nhận phòng: 16:00,Thời gian trả phòng: 12:00,4.5,,20,9,14,published_reference,"{""checkin_policy"": ""Khi đến nhận phòng, quý khách vui lòng mang theo:\n- CCCD hoặc passport.\n- Phiếu xác nhận đặt phòng của Best Price\n*Lưu ý: Theo quy định của pháp luật Việt Nam, khi 1 khách nước ngoài + 1 khách Việt Nam ở chung một phòng thì yêu cầu phải có giấy đăng ký kết hôn."", ""cancellation_policy"": ""Phí hủy đổi đặt phòng = phí hủy/đổi của khách sạn + phí xử lý giao dịch của Best Price.\nPhí hủy/đổi của khách sạn được chính khách sạn quy định như sau:\nKhách hàng đặt dịch vụ sẽ không được quyền hoàn dịch vụ, hủy đặt dịch vụ."", ""children_extra_bed_policy"": ""Khách trên 12 tuổi được coi là người lớn\nThông tin giường phụ thì tùy thuộc vào mỗi phòng. Vui lòng kiểm tra thông tin phòng để biết chi tiết.""}",3,2026-09-19T13:52:12.349785+00:00
80c248dd5eb3,5c5e699d49e4d4df7e762bab,https://www.bestprice.vn/khach-san/viet-4-seasons-hotel-hai-phong-1507.html,https://www.bestprice.vn/khach-san/viet-4-seasons-hotel-hai-phong-1507.html,Viet 4 Seasons Hotel Hải Phòng,"275 Lạch Tray, Quận Ngô Quyền, Thành phố Hải Phòng",4,14:00,12:00,Thời gian nhận phòng: 14:00,Thời gian trả phòng: 12:00,4.5,,10,2,12,requires_dates,"{""checkin_policy"": ""Khi đến nhận phòng, quý khách vui lòng mang theo:\n- CCCD hoặc passport.\n- Phiếu xác nhận đặt phòng của Best Price\n*Lưu ý: Theo quy định của pháp luật Việt Nam, khi 1 khách nước ngoài + 1 khách Việt Nam ở chung một phòng thì yêu cầu phải có giấy đăng ký kết hôn."", ""cancellation_policy"": ""Phí hủy đổi đặt phòng = phí hủy/đổi của khách sạn + phí xử lý giao dịch của Best Price.\nPhí hủy/đổi của khách sạn được chính khách sạn quy định như sau:"", ""children_extra_bed_policy"": ""Khách trên 12 tuổi được coi là người lớn\nThông tin giường phụ thì tùy thuộc vào mỗi phòng. Vui lòng kiểm tra thông tin phòng để biết chi tiết.""}",3,2026-09-19T16:31:26.796930+00:00
80c248dd5eb3,5cd0d6babebe91ee9250a5c1,https://www.bestprice.vn/khach-san/vinpearl-landmark-81-autograph-collection-1483.html,https://www.bestprice.vn/khach-san/vinpearl-landmark-81-autograph-collection-1483.html,Vinpearl Landmark 81 Autograph Collection,"Vinhomes Central Park, 208 Nguyễn Hữu Cảnh, Bình Thạnh, TP Hồ Chí Minh",5,14:00,12:00,Thời gian nhận phòng: 14:00,Thời gian trả phòng: 12:00,4.5,,73,4,13,published_reference,"{""checkin_policy"": ""Khi đến nhận phòng, quý khách vui lòng mang theo:\n- CCCD hoặc passport.\n- Phiếu xác nhận đặt phòng của Best Price\n*Lưu ý: Theo quy định của pháp luật Việt Nam, khi 1 khách nước ngoài + 1 khách Việt Nam ở chung một phòng thì yêu cầu phải có giấy đăng ký kết hôn."", ""cancellation_policy"": ""Phí hủy đổi đặt phòng = phí hủy/đổi của khách sạn + phí xử lý giao dịch của Best Price.\nPhí hủy/đổi của khách sạn được chính khách sạn quy định như sau:\nKhách hàng đặt dịch vụ sẽ không được quyền hoàn dịch vụ, hủy đặt dịch vụ."", ""children_extra_bed_policy"": ""Khách trên 12 tuổi được coi là người lớn\nThông tin giường phụ thì tùy thuộc vào mỗi phòng. Vui lòng kiểm tra thông tin phòng để biết chi tiết.""}",3,2026-09-19T16:31:50.812179+00:00
80c248dd5eb3,5f0d7cce97db84433900f198,https://www.bestprice.vn/khach-san/rosaleen-boutique-hotel-1723.html,https://www.bestprice.vn/khach-san/rosaleen-boutique-hotel-1723.html,Rosaleen Boutique Hotel,"36 Chu Văn An, Phú Hội, Thành phố Huế, Thừa Thiên Huế",3,14:00,12:00,Thời gian nhận phòng: 14h00,Thời gian trả phòng: 12h00,4.5,,7,6,11,requires_dates,"{""checkin_policy"": ""Khi đến nhận phòng, quý khách vui lòng mang theo:\n- CCCD hoặc passport.\n- Phiếu xác nhận đặt phòng của Best Price\n*Lưu ý: Theo quy định của pháp luật Việt Nam, khi 1 khách nước ngoài + 1 khách Việt Nam ở chung một phòng thì yêu cầu phải có giấy đăng ký kết hôn."", ""cancellation_policy"": ""Phí hủy đổi đặt phòng = phí hủy/đổi của khách sạn + phí xử lý giao dịch của Best Price.\nPhí hủy/đổi của khách sạn được chính khách sạn quy định như sau:\nKhách hàng đặt phòng sẽ không được quyền hoàn phòng, hủy đặt phòng nhưng được phép thay đổi đơn đặt phòng."", ""children_extra_bed_policy"": ""Khách trên 11 tuổi được coi là người lớn\nThông tin giường phụ thì tùy thuộc vào mỗi phòng. Vui lòng kiểm tra thông tin phòng để biết chi tiết.""}",3,2026-09-19T14:04:08.897037+00:00
80c248dd5eb3,5f5abec6d034629fce7c639e,https://www.bestprice.vn/khach-san/wyndham-legend-ha-long-1367.html,https://www.bestprice.vn/khach-san/wyndham-legend-ha-long-1367.html,Wyndham Legend Hạ Long,"Số 12 Đường Hạ Long, Phường Bãi Cháy, Thành phố Hạ Long, Tỉnh Quảng Ninh",5,15:00,11:00,Thời gian nhận phòng: 15:00,Thời gian trả phòng: 11:00,4.5,,14,5,19,published_reference,"{""checkin_policy"": ""Khi đến nhận phòng, quý khách vui lòng mang theo:\n- CCCD hoặc passport.\n- Phiếu xác nhận đặt phòng của Best Price\n*Lưu ý: Theo quy định của pháp luật Việt Nam, khi 1 khách nước ngoài + 1 khách Việt Nam ở chung một phòng thì yêu cầu phải có giấy đăng ký kết hôn."", ""cancellation_policy"": ""Phí hủy đổi đặt phòng = phí hủy/đổi của khách sạn + phí xử lý giao dịch của Best Price.\nPhí hủy/đổi của khách sạn được chính khách sạn quy định như sau:\nKhách hàng đặt dịch vụ sẽ không được quyền hoàn dịch vụ, hủy đặt dịch vụ."", ""children_extra_bed_policy"": ""Khách trên 12 tuổi được coi là người lớn\nThông tin giường phụ thì tùy thuộc vào mỗi phòng. Vui lòng kiểm tra thông tin phòng để biết chi tiết.""}",3,2026-09-19T14:06:38.689350+00:00
80c248dd5eb3,5fd058400cfdf78ee72d45a2,https://www.bestprice.vn/khach-san/the-secret-con-dao-2041.html,https://www.bestprice.vn/khach-san/the-secret-con-dao-2041.html,The Secret Côn Đảo,"Số 08 Tôn Đức Thắng,Thị trấn Côn Đảo, Huyện Côn Đảo, Tỉnh Bà Rịa - Vũng Tàu",4,14:00,12:00,Thời gian nhận phòng: 14:00,Thời gian trả phòng: 12:00,4.5,,11,9,17,published_reference,"{""checkin_policy"": ""Khi đến nhận phòng, quý khách vui lòng mang theo:\n- CCCD hoặc passport.\n- Phiếu xác nhận đặt phòng của Best Price\n*Lưu ý: Theo quy định của pháp luật Việt Nam, khi 1 khách nước ngoài + 1 khách Việt Nam ở chung một phòng thì yêu cầu phải có giấy đăng ký kết hôn."", ""cancellation_policy"": ""Phí hủy đổi đặt phòng = phí hủy/đổi của khách sạn + phí xử lý giao dịch của Best Price.\nPhí hủy/đổi của khách sạn được chính khách sạn quy định như sau:\nKhách hàng đặt dịch vụ sẽ không được quyền hoàn dịch vụ, hủy đặt dịch vụ."", ""children_extra_bed_policy"": ""Khách trên 11 tuổi được coi là người lớn\nThông tin giường phụ thì tùy thuộc vào mỗi phòng. Vui lòng kiểm tra thông tin phòng để biết chi tiết.""}",3,2026-09-19T16:29:20.759982+00:00
80c248dd5eb3,60c476ee54d862827b773b20,https://www.bestprice.vn/khach-san/sunny-beach-resort-mui-ne-phan-thiet-327.html,https://www.bestprice.vn/khach-san/sunny-beach-resort-mui-ne-phan-thiet-327.html,Sunny Beach Resort Mũi Né Phan Thiết,"64-66 Nguyễn Đình Chiểu, Thành Phố Phan Thiết, Tỉnh Bình Thuận",4,14:00,12:00,Thời gian nhận phòng: 14:00,Thời gian trả phòng: 12:00,4.0,,10,9,29,requires_dates,"{""checkin_policy"": ""Khi đến nhận phòng, quý khách vui lòng mang theo:\n- CCCD hoặc passport.\n- Phiếu xác nhận đặt phòng của Best Price\n*Lưu ý: Theo quy định của pháp luật Việt Nam, khi 1 khách nước ngoài + 1 khách Việt Nam ở chung một phòng thì yêu cầu phải có giấy đăng ký kết hôn."", ""cancellation_policy"": ""Phí hủy đổi đặt phòng = phí hủy/đổi của khách sạn + phí xử lý giao dịch của Best Price.\nPhí hủy/đổi của khách sạn được chính khách sạn quy định như sau:\nKhách hàng đặt phòng sẽ không được quyền hoàn phòng, hủy đặt phòng nhưng được phép thay đổi đơn đặt phòng."", ""children_extra_bed_policy"": ""Khách trên 11 tuổi được coi là người lớn\nThông tin giường phụ thì tùy thuộc vào mỗi phòng. Vui lòng kiểm tra thông tin phòng để biết chi tiết.""}",3,2026-09-19T16:31:00.813382+00:00
80c248dd5eb3,62b563d91617be657b9e81e0,https://www.bestprice.vn/khach-san/sapa-charm-1406.html,https://www.bestprice.vn/khach-san/sapa-charm-1406.html,Sapa Charm Hotel,"32 Mường Hoa, Thị trấn Sa Pa, Tỉnh Lào Cai, Việt Nam",4,14:00,12:00,Thời gian nhận phòng: 14:00,Thời gian trả phòng: 12:00,4.5,,18,5,21,published_reference,"{""checkin_policy"": ""Khi đến nhận phòng, quý khách vui lòng mang theo:\n- CCCD hoặc passport.\n- Phiếu xác nhận đặt phòng của Best Price\n*Lưu ý: Theo quy định của pháp luật Việt Nam, khi 1 khách nước ngoài + 1 khách Việt Nam ở chung một phòng thì yêu cầu phải có giấy đăng ký kết hôn."", ""cancellation_policy"": ""Phí hủy đổi đặt phòng = phí hủy/đổi của khách sạn + phí xử lý giao dịch của Best Price.\nPhí hủy/đổi của khách sạn được chính khách sạn quy định như sau:\nKhách hàng đặt phòng sẽ không được quyền hoàn phòng, hủy đặt phòng nhưng được phép thay đổi đơn đặt phòng."", ""children_extra_bed_policy"": ""Khách trên 10 tuổi được coi là người lớn\nThông tin giường phụ thì tùy thuộc vào mỗi phòng. Vui lòng kiểm tra thông tin phòng để biết chi tiết.""}",3,2026-09-20T05:03:06.693085+00:00
80c248dd5eb3,6331916d05bf0b2fd85281d1,https://www.bestprice.vn/khach-san/avani-harbour-view-403.html,https://www.bestprice.vn/khach-san/avani-harbour-view-403.html,Khách sạn AVANI Harbour View,"12 Trần Phú, Ngô Quyền, Hải Phòng.",4,14:00,12:00,Thời gian nhận phòng: 14:00,Thời gian trả phòng: 12:00,4.1,,9,5,9,requires_dates,"{""checkin_policy"": ""Khi đến nhận phòng, quý khách vui lòng mang theo:\n- CCCD hoặc passport.\n- Phiếu xác nhận đặt phòng của Best Price\n*Lưu ý: Theo quy định của pháp luật Việt Nam, khi 1 khách nước ngoài + 1 khách Việt Nam ở chung một phòng thì yêu cầu phải có giấy đăng ký kết hôn."", ""cancellation_policy"": ""Phí hủy đổi đặt phòng = phí hủy/đổi của khách sạn + phí xử lý giao dịch của Best Price.\nPhí hủy/đổi của khách sạn được chính khách sạn quy định như sau:"", ""children_extra_bed_policy"": ""Khách trên 11 tuổi được coi là người lớn\nThông tin giường phụ thì tùy thuộc vào mỗi phòng. Vui lòng kiểm tra thông tin phòng để biết chi tiết.""}",3,2026-09-19T13:55:26.541219+00:00
80c248dd5eb3,64ffeb688f9a953368ecd0ba,https://www.bestprice.vn/khach-san/novotel-ha-long-139.html,https://www.bestprice.vn/khach-san/novotel-ha-long-139.html,Novotel Hotel Hạ Long,"160 Đường Hạ Long, Phường Bãi Cháy, Thành phố Hạ Long, Quảng Ninh",4,11:00,15:00,Thời gian nhận phòng: 11:00,Thời gian trả phòng: 15:00,4.5,,15,4,19,published_reference,"{""checkin_policy"": ""Khi đến nhận phòng, quý khách vui lòng mang theo:\n- CCCD hoặc passport.\n- Phiếu xác nhận đặt phòng của Best Price\n*Lưu ý: Theo quy định của pháp luật Việt Nam, khi 1 khách nước ngoài + 1 khách Việt Nam ở chung một phòng thì yêu cầu phải có giấy đăng ký kết hôn."", ""cancellation_policy"": ""Phí hủy đổi đặt phòng = phí hủy/đổi của khách sạn + phí xử lý giao dịch của Best Price.\nPhí hủy/đổi của khách sạn được chính khách sạn quy định như sau:\nKhách hàng đặt dịch vụ sẽ không được quyền hoàn dịch vụ, hủy đặt dịch vụ."", ""children_extra_bed_policy"": ""Khách trên 16 tuổi được coi là người lớn\nThông tin giường phụ thì tùy thuộc vào mỗi phòng. Vui lòng kiểm tra thông tin phòng để biết chi tiết.""}",3,2026-09-19T13:51:46.284827+00:00
80c248dd5eb3,650b20094d8f9694be5c7eb7,https://www.bestprice.vn/khach-san/bb-sapa-1288.html,https://www.bestprice.vn/khach-san/bb-sapa-1288.html,BB Hotel Sapa,"Số 08 phố Cầu Mây, Thị trấn Sapa, Tỉnh Lào Cai.",4,14:00,12:00,Thời gian nhận phòng: 14:00,Thời gian trả phòng: 12:00,4.5,,19,5,23,requires_dates,"{""checkin_policy"": ""Khi đến nhận phòng, quý khách vui lòng mang theo:\n- CCCD hoặc passport.\n- Phiếu xác nhận đặt phòng của Best Price\n*Lưu ý: Theo quy định của pháp luật Việt Nam, khi 1 khách nước ngoài + 1 khách Việt Nam ở chung một phòng thì yêu cầu phải có giấy đăng ký kết hôn."", ""cancellation_policy"": ""Phí hủy đổi đặt phòng = phí hủy/đổi của khách sạn + phí xử lý giao dịch của Best Price.\nPhí hủy/đổi của khách sạn được chính khách sạn quy định như sau:\nKhách hàng đặt phòng sẽ không được quyền hoàn phòng, hủy đặt phòng nhưng được phép thay đổi đơn đặt phòng."", ""children_extra_bed_policy"": ""Khách trên 11 tuổi được coi là người lớn\nThông tin giường phụ thì tùy thuộc vào mỗi phòng. Vui lòng kiểm tra thông tin phòng để biết chi tiết.""}",3,2026-09-19T14:06:04.691908+00:00
80c248dd5eb3,651bae3ec8f3d7935592ba61,https://www.bestprice.vn/khach-san/amazing-sapa-1350.html,https://www.bestprice.vn/khach-san/amazing-sapa-1350.html,Amazing Hotel Sapa,"Tổ 7A phố Đồng Lợi, Thị trấn Sa Pa, Huyện Sa Pa, Tỉnh Lào Cai",4,14:00,12:00,Thời gian nhận phòng: 14:00,Thời gian trả phòng: 12:00,4.5,,7,5,14,published_reference,"{""checkin_policy"": ""Khi đến nhận phòng, quý khách vui lòng mang theo:\n- CCCD hoặc passport.\n- Phiếu xác nhận đặt phòng của Best Price\n*Lưu ý: Theo quy định của pháp luật Việt Nam, khi 1 khách nước ngoài + 1 khách Việt Nam ở chung một phòng thì yêu cầu phải có giấy đăng ký kết hôn."", ""cancellation_policy"": ""Phí hủy đổi đặt phòng = phí hủy/đổi của khách sạn + phí xử lý giao dịch của Best Price.\nPhí hủy/đổi của khách sạn được chính khách sạn quy định như sau:\nKhách hàng đặt phòng sẽ không được quyền hoàn phòng, hủy đặt phòng nhưng được phép thay đổi đơn đặt phòng."", ""children_extra_bed_policy"": ""Khách trên 12 tuổi được coi là người lớn\nThông tin giường phụ thì tùy thuộc vào mỗi phòng. Vui lòng kiểm tra thông tin phòng để biết chi tiết.""}",3,2026-09-19T16:37:37.172569+00:00
80c248dd5eb3,657f335d02657a6b91efe0db,https://www.bestprice.vn/khach-san/dendro-gold-nha-trang-1351.html,https://www.bestprice.vn/khach-san/dendro-gold-nha-trang-1351.html,Dendro Gold Nha Trang Hotel,"86/4 Trần Phú, Phường Lộc Thọ, Nha Trang, Tỉnh Khánh Hòa",4,14:00,12:00,Thời gian nhận phòng: 14:00,Thời gian trả phòng: 12:00,4.5,,10,6,27,published_reference,"{""checkin_policy"": ""Khi đến nhận phòng, quý khách vui lòng mang theo:\n- CCCD hoặc passport.\n- Phiếu xác nhận đặt phòng của Best Price\n*Lưu ý: Theo quy định của pháp luật Việt Nam, khi 1 khách nước ngoài + 1 khách Việt Nam ở chung một phòng thì yêu cầu phải có giấy đăng ký kết hôn."", ""cancellation_policy"": ""Phí hủy đổi đặt phòng = phí hủy/đổi của khách sạn + phí xử lý giao dịch của Best Price.\nPhí hủy/đổi của khách sạn được chính khách sạn quy định như sau:\nKhách hàng đặt dịch vụ sẽ không được quyền hoàn dịch vụ, hủy đặt dịch vụ."", ""children_extra_bed_policy"": ""Khách trên 12 tuổi được coi là người lớn\nThông tin giường phụ thì tùy thuộc vào mỗi phòng. Vui lòng kiểm tra thông tin phòng để biết chi tiết.""}",3,2026-09-20T05:06:10.790900+00:00
80c248dd5eb3,661bff1fc2b511e0d341f4bf,https://www.bestprice.vn/khach-san/vinholidays-fiesta-phu-quoc-2013.html,https://www.bestprice.vn/khach-san/vinholidays-fiesta-phu-quoc-2013.html,Vinholidays Fiesta Phú Quốc,"Bãi Dài, xã Gành Dầu, đảo Phú Quốc, tỉnh Kiên Giang, Việt Nam",3,14:00,12:00,Thời gian nhận phòng: 14:00,Thời gian trả phòng: 12:00,4.5,,85,2,10,requires_dates,"{""checkin_policy"": ""Khi đến nhận phòng, quý khách vui lòng mang theo:\n- CCCD hoặc passport.\n- Phiếu xác nhận đặt phòng của Best Price\n*Lưu ý: Theo quy định của pháp luật Việt Nam, khi 1 khách nước ngoài + 1 khách Việt Nam ở chung một phòng thì yêu cầu phải có giấy đăng ký kết hôn."", ""cancellation_policy"": ""Phí hủy đổi đặt phòng = phí hủy/đổi của khách sạn + phí xử lý giao dịch của Best Price.\nPhí hủy/đổi của khách sạn được chính khách sạn quy định như sau:\nKhách hàng đặt phòng sẽ không được quyền hoàn phòng, hủy đặt phòng nhưng được phép thay đổi đơn đặt phòng."", ""children_extra_bed_policy"": ""Khách trên 12 tuổi được coi là người lớn\nThông tin giường phụ thì tùy thuộc vào mỗi phòng. Vui lòng kiểm tra thông tin phòng để biết chi tiết.""}",3,2026-09-19T13:52:18.296579+00:00
80c248dd5eb3,664d6003d78040f4fcb480a5,https://www.bestprice.vn/khach-san/premier-residences-phu-quoc-emerald-bay-1541.html,https://www.bestprice.vn/khach-san/premier-residences-phu-quoc-emerald-bay-1541.html,Premier Residences Phú Quốc Emerald Bay,"Bãi Khem, Thị Trấn An Thới, Thành phố Phú Quốc, Tỉnh Kiên Giang",5,14:00,12:00,Thời gian nhận phòng: 14:00,Thời gian trả phòng: 12:00,4.5,,10,9,20,published_reference,"{""checkin_policy"": ""Khi đến nhận phòng, quý khách vui lòng mang theo:\n- CCCD hoặc passport.\n- Phiếu xác nhận đặt phòng của Best Price\n*Lưu ý: Theo quy định của pháp luật Việt Nam, khi 1 khách nước ngoài + 1 khách Việt Nam ở chung một phòng thì yêu cầu phải có giấy đăng ký kết hôn."", ""cancellation_policy"": ""Phí hủy đổi đặt phòng = phí hủy/đổi của khách sạn + phí xử lý giao dịch của Best Price.\nPhí hủy/đổi của khách sạn được chính khách sạn quy định như sau:\nKhách hàng đặt phòng sẽ không được quyền hoàn phòng, hủy đặt phòng nhưng được phép thay đổi đơn đặt phòng."", ""children_extra_bed_policy"": ""Khách trên 12 tuổi được coi là người lớn\nThông tin giường phụ thì tùy thuộc vào mỗi phòng. Vui lòng kiểm tra thông tin phòng để biết chi tiết.""}",3,2026-09-19T12:56:53.366315+00:00
80c248dd5eb3,691895e4e92a9fc226fc9b88,https://www.bestprice.vn/khach-san/golden-sea-3-da-nang-1372.html,https://www.bestprice.vn/khach-san/golden-sea-3-da-nang-1372.html,Golden Sea 3 Đà Nẵng,"Số 242 Đường Võ Nguyên Giáp, Quận Sơn Trà, Thành phố Đà Nẵng",3,14:00,12:00,Thời gian nhận phòng: 14:00,Thời gian trả phòng: 12:00,4.5,,8,4,11,requires_dates,"{""checkin_policy"": ""Khi đến nhận phòng, quý khách vui lòng mang theo:\n- CCCD hoặc passport.\n- Phiếu xác nhận đặt phòng của Best Price\n*Lưu ý: Theo quy định của pháp luật Việt Nam, khi 1 khách nước ngoài + 1 khách Việt Nam ở chung một phòng thì yêu cầu phải có giấy đăng ký kết hôn."", ""cancellation_policy"": ""Phí hủy đổi đặt phòng = phí hủy/đổi của khách sạn + phí xử lý giao dịch của Best Price.\nPhí hủy/đổi của khách sạn được chính khách sạn quy định như sau:\nKhách hàng đặt phòng sẽ không được quyền hoàn phòng, hủy đặt phòng nhưng được phép thay đổi đơn đặt phòng."", ""children_extra_bed_policy"": ""Khách trên 10 tuổi được coi là người lớn\nThông tin giường phụ thì tùy thuộc vào mỗi phòng. Vui lòng kiểm tra thông tin phòng để biết chi tiết.""}",3,2026-09-19T16:37:39.157658+00:00
80c248dd5eb3,69b5b8ea41a246e8af7bfe5c,https://www.bestprice.vn/khach-san/silk-path-grand-sapa-resort-spa-1453.html,https://www.bestprice.vn/khach-san/silk-path-grand-sapa-resort-spa-1453.html,Silk Path Grand Sapa Resort & Spa,"Đồi Quan 6, Tổ 10, Thị trấn Sapa, Tỉnh Lào Cai",5,14:00,12:00,Thời gian nhận phòng: 14:00,Thời gian trả phòng: 12:00,4.5,,19,7,39,published_reference,"{""checkin_policy"": ""Khi đến nhận phòng, quý khách vui lòng mang theo:\n- CCCD hoặc passport.\n- Phiếu xác nhận đặt phòng của Best Price\n*Lưu ý: Theo quy định của pháp luật Việt Nam, khi 1 khách nước ngoài + 1 khách Việt Nam ở chung một phòng thì yêu cầu phải có giấy đăng ký kết hôn."", ""cancellation_policy"": ""Phí hủy đổi đặt phòng = phí hủy/đổi của khách sạn + phí xử lý giao dịch của Best Price.\nPhí hủy/đổi của khách sạn được chính khách sạn quy định như sau:\nKhách hàng đặt dịch vụ sẽ không được quyền hoàn dịch vụ, hủy đặt dịch vụ."", ""children_extra_bed_policy"": ""Khách trên 12 tuổi được coi là người lớn\nThông tin giường phụ thì tùy thuộc vào mỗi phòng. Vui lòng kiểm tra thông tin phòng để biết chi tiết.""}",3,2026-09-19T14:06:06.703408+00:00
80c248dd5eb3,69ed33a8388c6084ecab5bd8,https://www.bestprice.vn/khach-san/vinpearl-condotel-beachfront-nha-trang-1469.html,https://www.bestprice.vn/khach-san/vinpearl-condotel-beachfront-nha-trang-1469.html,Vinpearl Beachfront Nha Trang,"78 - 80 đường Trần Phú, phường Lộc Thọ, thành phố Nha Trang",5,14:00,12:00,Thời gian nhận phòng: 14:00,Thời gian trả phòng: 12:00,4.5,,111,7,12,published_reference,"{""checkin_policy"": ""Khi đến nhận phòng, quý khách vui lòng mang theo:\n- CCCD hoặc passport.\n- Phiếu xác nhận đặt phòng của Best Price\n*Lưu ý: Theo quy định của pháp luật Việt Nam, khi 1 khách nước ngoài + 1 khách Việt Nam ở chung một phòng thì yêu cầu phải có giấy đăng ký kết hôn."", ""cancellation_policy"": ""Phí hủy đổi đặt phòng = phí hủy/đổi của khách sạn + phí xử lý giao dịch của Best Price.\nPhí hủy/đổi của khách sạn được chính khách sạn quy định như sau:\nKhách hàng đặt phòng sẽ không được quyền hoàn phòng, hủy đặt phòng nhưng được phép thay đổi đơn đặt phòng."", ""children_extra_bed_policy"": ""Khách trên 12 tuổi được coi là người lớn\nThông tin giường phụ thì tùy thuộc vào mỗi phòng. Vui lòng kiểm tra thông tin phòng để biết chi tiết.""}",3,2026-09-19T14:04:50.815383+00:00
80c248dd5eb3,6aebdeb3ec518189da69c9a6,https://www.bestprice.vn/khach-san/gaia-phu-quoc-1494.html,https://www.bestprice.vn/khach-san/gaia-phu-quoc-1494.html,Gaia Phú Quốc Hotel,"71 Trần Hưng Đạo, khu phố 7, thị trấn Dương Đông, Phú Quốc",3,14:00,12:00,Thời gian nhận phòng: 14:00,Thời gian trả phòng: 12:00,4.5,,18,5,12,requires_dates,"{""checkin_policy"": ""Khi đến nhận phòng, quý khách vui lòng mang theo:\n- CCCD hoặc passport.\n- Phiếu xác nhận đặt phòng của Best Price\n*Lưu ý: Theo quy định của pháp luật Việt Nam, khi 1 khách nước ngoài + 1 khách Việt Nam ở chung một phòng thì yêu cầu phải có giấy đăng ký kết hôn."", ""cancellation_policy"": ""Phí hủy đổi đặt phòng = phí hủy/đổi của khách sạn + phí xử lý giao dịch của Best Price.\nPhí hủy/đổi của khách sạn được chính khách sạn quy định như sau:\nKhách hàng đặt phòng sẽ không được quyền hoàn phòng, hủy đặt phòng nhưng được phép thay đổi đơn đặt phòng."", ""children_extra_bed_policy"": ""Khách trên 12 tuổi được coi là người lớn\nThông tin giường phụ thì tùy thuộc vào mỗi phòng. Vui lòng kiểm tra thông tin phòng để biết chi tiết.""}",3,2026-09-19T16:36:20.984413+00:00
80c248dd5eb3,6e291bc861c60ac1ce06d1ef,https://www.bestprice.vn/khach-san/diamond-sea-hotel-da-nang-1365.html,https://www.bestprice.vn/khach-san/diamond-sea-hotel-da-nang-1365.html,Diamond Sea Hotel Đà Nẵng,"232 Võ Nguyên Giáp, Phường Phước Mỹ quận Sơn Trà, Đà Nẵng",4,14:00,12:00,Thời gian nhận phòng: 14:00,Thời gian trả phòng: 12:00,4.1,,65,2,16,published_reference,"{""checkin_policy"": ""Khi đến nhận phòng, quý khách vui lòng mang theo:\n- CCCD hoặc passport.\n- Phiếu xác nhận đặt phòng của Best Price\n*Lưu ý: Theo quy định của pháp luật Việt Nam, khi 1 khách nước ngoài + 1 khách Việt Nam ở chung một phòng thì yêu cầu phải có giấy đăng ký kết hôn."", ""cancellation_policy"": ""Phí hủy đổi đặt phòng = phí hủy/đổi của khách sạn + phí xử lý giao dịch của Best Price.\nPhí hủy/đổi của khách sạn được chính khách sạn quy định như sau:\nKhách hàng đặt dịch vụ sẽ không được quyền hoàn dịch vụ, hủy đặt dịch vụ."", ""children_extra_bed_policy"": ""Khách trên 11 tuổi được coi là người lớn\nThông tin giường phụ thì tùy thuộc vào mỗi phòng. Vui lòng kiểm tra thông tin phòng để biết chi tiết.""}",3,2026-09-19T14:06:22.664385+00:00
80c248dd5eb3,6e3d3b6bd5fbc561317c8bb1,https://www.bestprice.vn/khach-san/topas-ecolodge-resort-sapa-1287.html,https://www.bestprice.vn/khach-san/topas-ecolodge-resort-sapa-1287.html,Topas Ecolodge Resort Sapa,"Thôn Lếch Dao, xã Thanh Bình, thị xã Sapa, tỉnh Lào Cai",5,14:00,12:00,Thời gian nhận phòng: 14:00,Thời gian trả phòng: 12:00,4.5,,10,4,10,requires_dates,"{""checkin_policy"": ""Khi đến nhận phòng, quý khách vui lòng mang theo:\n- CCCD hoặc passport.\n- Phiếu xác nhận đặt phòng của Best Price\n*Lưu ý: Theo quy định của pháp luật Việt Nam, khi 1 khách nước ngoài + 1 khách Việt Nam ở chung một phòng thì yêu cầu phải có giấy đăng ký kết hôn."", ""cancellation_policy"": ""Phí hủy đổi đặt phòng = phí hủy/đổi của khách sạn + phí xử lý giao dịch của Best Price.\nPhí hủy/đổi của khách sạn được chính khách sạn quy định như sau:\nKhách hàng đặt dịch vụ sẽ không được quyền hoàn dịch vụ, hủy đặt dịch vụ."", ""children_extra_bed_policy"": ""Khách trên 10 tuổi được coi là người lớn\nThông tin giường phụ thì tùy thuộc vào mỗi phòng. Vui lòng kiểm tra thông tin phòng để biết chi tiết.""}",3,2026-09-19T14:06:08.691001+00:00
80c248dd5eb3,6f6173c7e1db7f4d3e007314,https://www.bestprice.vn/khach-san/hoang-minh-chau-ba-trieu-da-lat-1581.html,https://www.bestprice.vn/khach-san/hoang-minh-chau-ba-trieu-da-lat-1581.html,Hoàng Minh Châu Bà Triệu Đà Lạt Hotel,"11 Đường Bà Triệu, Phường 1, Thành phố Đà Lạt, Lâm Đồng",3,14:00,12:00,Thời gian nhận phòng: 14:00,Thời gian trả phòng: 12:00,4.0,,10,6,6,requires_dates,"{""checkin_policy"": ""Khi đến nhận phòng, quý khách vui lòng mang theo:\n- CCCD hoặc passport.\n- Phiếu xác nhận đặt phòng của Best Price\n*Lưu ý: Theo quy định của pháp luật Việt Nam, khi 1 khách nước ngoài + 1 khách Việt Nam ở chung một phòng thì yêu cầu phải có giấy đăng ký kết hôn."", ""cancellation_policy"": ""Phí hủy đổi đặt phòng = phí hủy/đổi của khách sạn + phí xử lý giao dịch của Best Price.\nPhí hủy/đổi của khách sạn được chính khách sạn quy định như sau:"", ""children_extra_bed_policy"": ""Khách trên 12 tuổi được coi là người lớn\nThông tin giường phụ thì tùy thuộc vào mỗi phòng. Vui lòng kiểm tra thông tin phòng để biết chi tiết.""}",3,2026-09-19T16:37:07.001718+00:00
80c248dd5eb3,702301e3c4b5dbeade0a902c,https://www.bestprice.vn/khach-san/flc-luxury-hotel-resort-sam-son-1404.html,https://www.bestprice.vn/khach-san/flc-luxury-hotel-resort-sam-son-1404.html,FLC Luxury Hotel & Resort Sầm Sơn,"Đường Thanh Niên, Phường Quảng Cư, Thành phố Sầm Sơn, Thanh Hoá",5,14:00,12:00,Thời gian nhận phòng: 14:00,Thời gian trả phòng: 12:00,4.5,,13,7,20,published_reference,"{""checkin_policy"": ""Khi đến nhận phòng, quý khách vui lòng mang theo:\n- CCCD hoặc passport.\n- Phiếu xác nhận đặt phòng của Best Price\n*Lưu ý: Theo quy định của pháp luật Việt Nam, khi 1 khách nước ngoài + 1 khách Việt Nam ở chung một phòng thì yêu cầu phải có giấy đăng ký kết hôn."", ""cancellation_policy"": ""Phí hủy đổi đặt phòng = phí hủy/đổi của khách sạn + phí xử lý giao dịch của Best Price.\nPhí hủy/đổi của khách sạn được chính khách sạn quy định như sau:\nKhách hàng đặt phòng sẽ không được quyền hoàn phòng, hủy đặt phòng nhưng được phép thay đổi đơn đặt phòng."", ""children_extra_bed_policy"": ""Khách trên 12 tuổi được coi là người lớn\nThông tin giường phụ thì tùy thuộc vào mỗi phòng. Vui lòng kiểm tra thông tin phòng để biết chi tiết.""}",3,2026-09-19T13:55:02.404725+00:00
80c248dd5eb3,712e948c65c02817c391915d,https://www.bestprice.vn/khach-san/champa-resort-spa-phan-thiet-323.html,https://www.bestprice.vn/khach-san/champa-resort-spa-phan-thiet-323.html,Champa Resort & Spa Phan Thiết,"Thôn Tiến An, X. Tiến Thành, Phan Thiết",4,14:00,12:00,Thời gian nhận phòng: 14:00,Thời gian trả phòng: 12:00,4.0,,10,6,17,requires_dates,"{""checkin_policy"": ""Khi đến nhận phòng, quý khách vui lòng mang theo:\n- CCCD hoặc passport.\n- Phiếu xác nhận đặt phòng của Best Price\n*Lưu ý: Theo quy định của pháp luật Việt Nam, khi 1 khách nước ngoài + 1 khách Việt Nam ở chung một phòng thì yêu cầu phải có giấy đăng ký kết hôn."", ""cancellation_policy"": ""Phí hủy đổi đặt phòng = phí hủy/đổi của khách sạn + phí xử lý giao dịch của Best Price.\nPhí hủy/đổi của khách sạn được chính khách sạn quy định như sau:"", ""children_extra_bed_policy"": ""Khách trên 12 tuổi được coi là người lớn\nThông tin giường phụ thì tùy thuộc vào mỗi phòng. Vui lòng kiểm tra thông tin phòng để biết chi tiết.""}",3,2026-09-20T05:40:28.004713+00:00
80c248dd5eb3,718442f102fc0ccd95df0381,https://www.bestprice.vn/khach-san/mithrin-ha-long-149.html,https://www.bestprice.vn/khach-san/mithrin-ha-long-149.html,Mithrin Hotel Hạ Long,"Đường Hoàng Quốc Việt, Bãi Cháy, TP. Hạ Long, Quảng Ninh",4,14:00,12:00,Thời gian nhận phòng: 14:00,Thời gian trả phòng: 12:00,4.5,,16,4,14,requires_dates,"{""checkin_policy"": ""Khi đến nhận phòng, quý khách vui lòng mang theo:\n- CCCD hoặc passport.\n- Phiếu xác nhận đặt phòng của Best Price\n*Lưu ý: Theo quy định của pháp luật Việt Nam, khi 1 khách nước ngoài + 1 khách Việt Nam ở chung một phòng thì yêu cầu phải có giấy đăng ký kết hôn."", ""cancellation_policy"": ""Phí hủy đổi đặt phòng = phí hủy/đổi của khách sạn + phí xử lý giao dịch của Best Price.\nPhí hủy/đổi của khách sạn được chính khách sạn quy định như sau:\nKhách hàng đặt phòng sẽ không được quyền hoàn phòng, hủy đặt phòng nhưng được phép thay đổi đơn đặt phòng."", ""children_extra_bed_policy"": ""Khách trên 11 tuổi được coi là người lớn\nThông tin giường phụ thì tùy thuộc vào mỗi phòng. Vui lòng kiểm tra thông tin phòng để biết chi tiết.""}",3,2026-09-19T16:31:22.805509+00:00
80c248dd5eb3,72133eb01b0c484136b04023,https://www.bestprice.vn/khach-san/melia-vinpearl-thanh-hoa-1465.html,https://www.bestprice.vn/khach-san/melia-vinpearl-thanh-hoa-1465.html,Melia Vinpearl Thanh Hóa,"27 Trần Phú, phường Điện Biên, Tp. Thanh Hoá, Thanh Hoá",5,14:00,12:00,Thời gian nhận phòng: 14:00,Thời gian trả phòng: 12:00,4.5,,55,6,12,published_reference,"{""checkin_policy"": ""Khi đến nhận phòng, quý khách vui lòng mang theo:\n- CCCD hoặc passport.\n- Phiếu xác nhận đặt phòng của Best Price\n*Lưu ý: Theo quy định của pháp luật Việt Nam, khi 1 khách nước ngoài + 1 khách Việt Nam ở chung một phòng thì yêu cầu phải có giấy đăng ký kết hôn."", ""cancellation_policy"": ""Phí hủy đổi đặt phòng = phí hủy/đổi của khách sạn + phí xử lý giao dịch của Best Price.\nPhí hủy/đổi của khách sạn được chính khách sạn quy định như sau:\nPhí hủy/ thay đổi Quanh năm\nKhông phạt Trước (≥) 03 ngày\n50% các đêm Trong giai đoạn 03-01 ngày\n100% các đêm Sau (≤) 01 ngày hoặc không đến"", ""children_extra_bed_policy"": ""Khách trên 11 tuổi được coi là người lớn\nThông tin giường phụ thì tùy thuộc vào mỗi phòng. Vui lòng kiểm tra thông tin phòng để biết chi tiết.""}",3,2026-09-19T16:31:10.818483+00:00
80c248dd5eb3,72c975eeb15fc49b9b638ed8,https://www.bestprice.vn/khach-san/vinpearl-resort-golf-nam-hoi-an-1416.html,https://www.bestprice.vn/khach-san/vinpearl-resort-golf-nam-hoi-an-1416.html,Vinpearl Resort & Golf Nam Hội An,"Xã Bình Dương, Huyện Thăng Bình, Tỉnh Quảng Nam",5,14:00,12:00,Thời gian nhận phòng: 14:00,Thời gian trả phòng: 12:00,4.5,,108,8,15,published_reference,"{""checkin_policy"": ""Khi đến nhận phòng, quý khách vui lòng mang theo:\n- CCCD hoặc passport.\n- Phiếu xác nhận đặt phòng của Best Price\n*Lưu ý: Theo quy định của pháp luật Việt Nam, khi 1 khách nước ngoài + 1 khách Việt Nam ở chung một phòng thì yêu cầu phải có giấy đăng ký kết hôn."", ""cancellation_policy"": ""Phí hủy đổi đặt phòng = phí hủy/đổi của khách sạn + phí xử lý giao dịch của Best Price.\nPhí hủy/đổi của khách sạn được chính khách sạn quy định như sau:\nKhách hàng đặt phòng sẽ không được quyền hoàn phòng, hủy đặt phòng nhưng được phép thay đổi đơn đặt phòng."", ""children_extra_bed_policy"": ""Khách trên 12 tuổi được coi là người lớn\nThông tin giường phụ thì tùy thuộc vào mỗi phòng. Vui lòng kiểm tra thông tin phòng để biết chi tiết.""}",3,2026-09-19T12:57:13.440237+00:00
80c248dd5eb3,754e31b60c434da818ae20ff,https://www.bestprice.vn/khach-san/melia-vinpearl-cua-hoi-beach-resort-1393.html,https://www.bestprice.vn/khach-san/melia-vinpearl-cua-hoi-beach-resort-1393.html,Vinpearl Cửa Hội Resort Affiliated by Meliá,"Đường Bình Minh - Phường Nghi Hải - Thị xã Cửa Lò - Tỉnh Nghệ An, Việt Nam",5,14:00,12:00,Thời gian nhận phòng: 14:00,Thời gian trả phòng: 12:00,4.5,,38,9,16,published_reference,"{""checkin_policy"": ""Khi đến nhận phòng, quý khách vui lòng mang theo:\n- CCCD hoặc passport.\n- Phiếu xác nhận đặt phòng của Best Price\n*Lưu ý: Theo quy định của pháp luật Việt Nam, khi 1 khách nước ngoài + 1 khách Việt Nam ở chung một phòng thì yêu cầu phải có giấy đăng ký kết hôn."", ""cancellation_policy"": ""Phí hủy đổi đặt phòng = phí hủy/đổi của khách sạn + phí xử lý giao dịch của Best Price.\nPhí hủy/đổi của khách sạn được chính khách sạn quy định như sau:\nHoàn hủy theo chính sách của khách sạn"", ""children_extra_bed_policy"": ""Khách trên 12 tuổi được coi là người lớn\nThông tin giường phụ thì tùy thuộc vào mỗi phòng. Vui lòng kiểm tra thông tin phòng để biết chi tiết.""}",3,2026-09-20T05:03:42.720647+00:00
80c248dd5eb3,7641e3707c99e624854a1221,https://www.bestprice.vn/khach-san/silk-path-boutique-ha-noi-1756.html,https://www.bestprice.vn/khach-san/silk-path-boutique-ha-noi-1756.html,Silk Path Boutique Hotel Hà Nội,"Số 21 Phố Hàng Khay, Quận Hoàn Kiếm, Thành phố Hà Nội",4,14:00,12:00,Thời gian nhận phòng: 14:00,Thời gian trả phòng: 12:00,4.5,,7,4,11,published_reference,"{""checkin_policy"": ""Khi đến nhận phòng, quý khách vui lòng mang theo:\n- CCCD hoặc passport.\n- Phiếu xác nhận đặt phòng của Best Price\n*Lưu ý: Theo quy định của pháp luật Việt Nam, khi 1 khách nước ngoài + 1 khách Việt Nam ở chung một phòng thì yêu cầu phải có giấy đăng ký kết hôn."", ""cancellation_policy"": ""Phí hủy đổi đặt phòng = phí hủy/đổi của khách sạn + phí xử lý giao dịch của Best Price.\nPhí hủy/đổi của khách sạn được chính khách sạn quy định như sau:\nKhách hàng đặt phòng sẽ không được quyền hoàn phòng, hủy đặt phòng nhưng được phép thay đổi đơn đặt phòng."", ""children_extra_bed_policy"": ""Khách trên 12 tuổi được coi là người lớn\nThông tin giường phụ thì tùy thuộc vào mỗi phòng. Vui lòng kiểm tra thông tin phòng để biết chi tiết.""}",3,2026-09-20T05:39:35.976884+00:00
80c248dd5eb3,76a69dd9ac2fb0fc4106f354,https://www.bestprice.vn/khach-san/royal-lotus-da-nang-1354.html,https://www.bestprice.vn/khach-san/royal-lotus-da-nang-1354.html,Royal Lotus Đà Nẵng,"120A Đường Nguyễn Văn Thoại, Phường Mỹ An, Quận Ngũ Hành Sơn, Thành phố Đà Nẵng",4,14:00,12:00,Thời gian nhận phòng: 14:00,Thời gian trả phòng: 12:00,4.5,,1,5,10,requires_dates,"{""checkin_policy"": ""Khi đến nhận phòng, quý khách vui lòng mang theo:\n- CCCD hoặc passport.\n- Phiếu xác nhận đặt phòng của Best Price\n*Lưu ý: Theo quy định của pháp luật Việt Nam, khi 1 khách nước ngoài + 1 khách Việt Nam ở chung một phòng thì yêu cầu phải có giấy đăng ký kết hôn."", ""cancellation_policy"": ""Phí hủy đổi đặt phòng = phí hủy/đổi của khách sạn + phí xử lý giao dịch của Best Price.\nPhí hủy/đổi của khách sạn được chính khách sạn quy định như sau:\nKhách hàng đặt phòng sẽ không được quyền hoàn phòng, hủy đặt phòng nhưng được phép thay đổi đơn đặt phòng."", ""children_extra_bed_policy"": ""Khách trên 12 tuổi được coi là người lớn\nThông tin giường phụ thì tùy thuộc vào mỗi phòng. Vui lòng kiểm tra thông tin phòng để biết chi tiết.""}",3,2026-09-19T16:37:43.033427+00:00
80c248dd5eb3,79a1e9226601f349361c5c49,https://www.bestprice.vn/khach-san/grand-tourane-da-nang-1415.html,https://www.bestprice.vn/khach-san/grand-tourane-da-nang-1415.html,Grand Tourane Đà Nẵng,"252 Võ Nguyên Giáp, Quận Sơn Trà, Thành phố Đà Nẵng",5,14:00,12:00,Thời gian nhận phòng: 14:00,Thời gian trả phòng: 12:00,4.5,,15,6,12,published_reference,"{""checkin_policy"": ""Khi đến nhận phòng, quý khách vui lòng mang theo:\n- CCCD hoặc passport.\n- Phiếu xác nhận đặt phòng của Best Price\n*Lưu ý: Theo quy định của pháp luật Việt Nam, khi 1 khách nước ngoài + 1 khách Việt Nam ở chung một phòng thì yêu cầu phải có giấy đăng ký kết hôn."", ""cancellation_policy"": ""Phí hủy đổi đặt phòng = phí hủy/đổi của khách sạn + phí xử lý giao dịch của Best Price.\nPhí hủy/đổi của khách sạn được chính khách sạn quy định như sau:\nKhách hàng đặt dịch vụ sẽ không được quyền hoàn dịch vụ, hủy đặt dịch vụ."", ""children_extra_bed_policy"": ""Khách trên 12 tuổi được coi là người lớn\nThông tin giường phụ thì tùy thuộc vào mỗi phòng. Vui lòng kiểm tra thông tin phòng để biết chi tiết.""}",3,2026-09-20T05:06:14.765708+00:00
80c248dd5eb3,79babf85477e6dd2ec3d88be,https://www.bestprice.vn/khach-san/v-resort-hoa-binh-1331.html,https://www.bestprice.vn/khach-san/v-resort-hoa-binh-1331.html,VResort Hòa Bình,"Thôn Kim Đức, Xã Vĩnh Tiến, Huyện Kim Bôi, Tỉnh Hòa Bình.",3,14:00,11:30,Thời gian nhận phòng: 14:00,Thời gian trả phòng: 11:30,4.0,,6,21,22,requires_dates,"{""checkin_policy"": ""Khi đến nhận phòng, quý khách vui lòng mang theo:\n- CCCD hoặc passport.\n- Phiếu xác nhận đặt phòng của Best Price\n*Lưu ý: Theo quy định của pháp luật Việt Nam, khi 1 khách nước ngoài + 1 khách Việt Nam ở chung một phòng thì yêu cầu phải có giấy đăng ký kết hôn."", ""cancellation_policy"": ""Phí hủy đổi đặt phòng = phí hủy/đổi của khách sạn + phí xử lý giao dịch của Best Price.\nPhí hủy/đổi của khách sạn được chính khách sạn quy định như sau:\nKhách hàng đặt phòng sẽ không được quyền hoàn phòng, hủy đặt phòng nhưng được phép thay đổi đơn đặt phòng."", ""children_extra_bed_policy"": ""Khách trên 10 tuổi được coi là người lớn\nThông tin giường phụ thì tùy thuộc vào mỗi phòng. Vui lòng kiểm tra thông tin phòng để biết chi tiết.""}",3,2026-09-19T14:05:42.752516+00:00
80c248dd5eb3,7b244f707be52cb2d49b2a35,https://www.bestprice.vn/khach-san/sheraton-hai-phong-1509.html,https://www.bestprice.vn/khach-san/sheraton-hai-phong-1509.html,Sheraton Hải Phòng,"Khu đô thị Vinhomes Imperia Hải Phòng, Đường Hà Nội, Phường Thượng Lý, Quận Hồng Bàng, Hải Phòng",5,14:00,12:00,Thời gian nhận phòng: 14:00,Thời gian trả phòng: 12:00,4.5,,43,4,15,published_reference,"{""checkin_policy"": ""Khi đến nhận phòng, quý khách vui lòng mang theo:\n- CCCD hoặc passport.\n- Phiếu xác nhận đặt phòng của Best Price\n*Lưu ý: Theo quy định của pháp luật Việt Nam, khi 1 khách nước ngoài + 1 khách Việt Nam ở chung một phòng thì yêu cầu phải có giấy đăng ký kết hôn."", ""cancellation_policy"": ""Phí hủy đổi đặt phòng = phí hủy/đổi của khách sạn + phí xử lý giao dịch của Best Price.\nPhí hủy/đổi của khách sạn được chính khách sạn quy định như sau:\nKhách hàng đặt dịch vụ sẽ không được quyền hoàn dịch vụ, hủy đặt dịch vụ."", ""children_extra_bed_policy"": ""Khách trên 12 tuổi được coi là người lớn\nThông tin giường phụ thì tùy thuộc vào mỗi phòng. Vui lòng kiểm tra thông tin phòng để biết chi tiết.""}",3,2026-09-20T05:03:58.708009+00:00
80c248dd5eb3,7b9adbb0f32ff1e704d91d30,https://www.bestprice.vn/khach-san/thao-vien-resort-1543.html,https://www.bestprice.vn/khach-san/thao-vien-resort-1543.html,Thảo Viên Resort,"Trung Sơn Trầm, Sơn Tây, Hanoi",4,14:00,12:00,Thời gian nhận phòng: 14:00,Thời gian trả phòng: 12:00,4.5,,1,5,0,requires_dates,"{""checkin_policy"": ""Khi đến nhận phòng, quý khách vui lòng mang theo:\n- CCCD hoặc passport.\n- Phiếu xác nhận đặt phòng của Best Price\n*Lưu ý: Theo quy định của pháp luật Việt Nam, khi 1 khách nước ngoài + 1 khách Việt Nam ở chung một phòng thì yêu cầu phải có giấy đăng ký kết hôn."", ""cancellation_policy"": ""Phí hủy đổi đặt phòng = phí hủy/đổi của khách sạn + phí xử lý giao dịch của Best Price.\nPhí hủy/đổi của khách sạn được chính khách sạn quy định như sau:"", ""children_extra_bed_policy"": ""Khách trên 11 tuổi được coi là người lớn\nThông tin giường phụ thì tùy thuộc vào mỗi phòng. Vui lòng kiểm tra thông tin phòng để biết chi tiết.""}",3,2026-09-19T16:37:17.694489+00:00
80c248dd5eb3,7c8c109cbc48f427904d3fa2,https://www.bestprice.vn/khach-san/mai-chau-hideaway-resort-1550.html,https://www.bestprice.vn/khach-san/mai-chau-hideaway-resort-1550.html,Mai Châu Hideaway Resort,"Xóm Suối Lốn, Xã Tân Mai, Huyện Mai Châu, Tỉnh Hòa Bình",4,14:00,12:00,Thời gian nhận phòng: 14:00,Thời gian trả phòng: 12:00,4.5,,15,6,15,published_reference,"{""checkin_policy"": ""Khi đến nhận phòng, quý khách vui lòng mang theo:\n- CCCD hoặc passport.\n- Phiếu xác nhận đặt phòng của Best Price\n*Lưu ý: Theo quy định của pháp luật Việt Nam, khi 1 khách nước ngoài + 1 khách Việt Nam ở chung một phòng thì yêu cầu phải có giấy đăng ký kết hôn."", ""cancellation_policy"": ""Phí hủy đổi đặt phòng = phí hủy/đổi của khách sạn + phí xử lý giao dịch của Best Price.\nPhí hủy/đổi của khách sạn được chính khách sạn quy định như sau:\nKhách hàng đặt dịch vụ sẽ không được quyền hoàn dịch vụ, hủy đặt dịch vụ."", ""children_extra_bed_policy"": ""Khách trên 11 tuổi được coi là người lớn\nThông tin giường phụ thì tùy thuộc vào mỗi phòng. Vui lòng kiểm tra thông tin phòng để biết chi tiết.""}",3,2026-09-19T16:31:58.834257+00:00
80c248dd5eb3,7d380aeb642318d925ff304b,https://www.bestprice.vn/khach-san/kim-hoa-resort-phu-quoc-1703.html,https://www.bestprice.vn/khach-san/kim-hoa-resort-phu-quoc-1703.html,Kim Hoa Resort Phú Quốc,"88/2 Trần Hưng Đạo, Khu phố 7, Phường Dương Đông, Thành phố Phú Quốc, Tỉnh Kiên Giang",3,14:00,12:00,Thời gian nhận phòng: 14:00,Thời gian trả phòng: 12:00,4.0,,10,7,18,requires_dates,"{""checkin_policy"": ""Khi đến nhận phòng, quý khách vui lòng mang theo:\n- CCCD hoặc passport.\n- Phiếu xác nhận đặt phòng của Best Price\n*Lưu ý: Theo quy định của pháp luật Việt Nam, khi 1 khách nước ngoài + 1 khách Việt Nam ở chung một phòng thì yêu cầu phải có giấy đăng ký kết hôn."", ""cancellation_policy"": ""Phí hủy đổi đặt phòng = phí hủy/đổi của khách sạn + phí xử lý giao dịch của Best Price.\nPhí hủy/đổi của khách sạn được chính khách sạn quy định như sau:\nKhách hàng đặt phòng sẽ không được quyền hoàn phòng, hủy đặt phòng nhưng được phép thay đổi đơn đặt phòng."", ""children_extra_bed_policy"": ""Khách trên 12 tuổi được coi là người lớn\nThông tin giường phụ thì tùy thuộc vào mỗi phòng. Vui lòng kiểm tra thông tin phòng để biết chi tiết.""}",3,2026-09-19T14:04:26.685323+00:00
80c248dd5eb3,817e76b476aadbdba5e15649,https://www.bestprice.vn/khach-san/cochin-zen-hotel-spa-sai-gon-538.html,https://www.bestprice.vn/khach-san/cochin-zen-hotel-spa-sai-gon-538.html,Cochin Zen Hotel,"Số 46 Đường Thủ Khoa Huân, Quận 1, Thành Phố Hồ Chí Minh",3,14:00,12:00,Thời gian nhận phòng: 14:00,Thời gian trả phòng: 12:00,4.0,,6,5,17,published_reference,"{""checkin_policy"": ""Khi đến nhận phòng, quý khách vui lòng mang theo:\n- CCCD hoặc passport.\n- Phiếu xác nhận đặt phòng của Best Price\n*Lưu ý: Theo quy định của pháp luật Việt Nam, khi 1 khách nước ngoài + 1 khách Việt Nam ở chung một phòng thì yêu cầu phải có giấy đăng ký kết hôn."", ""cancellation_policy"": ""Phí hủy đổi đặt phòng = phí hủy/đổi của khách sạn + phí xử lý giao dịch của Best Price.\nPhí hủy/đổi của khách sạn được chính khách sạn quy định như sau:\nKhách hàng đặt phòng sẽ không được quyền hoàn phòng, hủy đặt phòng nhưng được phép thay đổi đơn đặt phòng."", ""children_extra_bed_policy"": ""Khách trên 12 tuổi được coi là người lớn\nThông tin giường phụ thì tùy thuộc vào mỗi phòng. Vui lòng kiểm tra thông tin phòng để biết chi tiết.""}",3,2026-09-19T14:04:14.676644+00:00
80c248dd5eb3,81bf608a06c953a3e5fa419f,https://www.bestprice.vn/khach-san/dusit-le-palais-tu-hoa-3776.html,https://www.bestprice.vn/khach-san/dusit-le-palais-tu-hoa-3776.html,Dusit Le Palais Tu Hoa,"Số 9, ngõ 431 đường Âu Cơ, Hà Nội.",5,14:00,12:00,Thời gian nhận phòng: 14:00,Thời gian trả phòng: 12:00,4.9,,76,9,13,published_reference,"{""checkin_policy"": ""Khi đến nhận phòng, quý khách vui lòng mang theo:\n- CCCD hoặc passport.\n- Phiếu xác nhận đặt phòng của Best Price\n*Lưu ý: Theo quy định của pháp luật Việt Nam, khi 1 khách nước ngoài + 1 khách Việt Nam ở chung một phòng thì yêu cầu phải có giấy đăng ký kết hôn."", ""cancellation_policy"": ""Phí hủy đổi đặt phòng = phí hủy/đổi của khách sạn + phí xử lý giao dịch của Best Price.\nPhí hủy/đổi của khách sạn được chính khách sạn quy định như sau:\nKhách hàng đặt phòng sẽ không được quyền hoàn phòng, hủy đặt phòng nhưng được phép thay đổi đơn đặt phòng."", ""children_extra_bed_policy"": ""Khách trên 11 tuổi được coi là người lớn\nThông tin giường phụ thì tùy thuộc vào mỗi phòng. Vui lòng kiểm tra thông tin phòng để biết chi tiết.""}",3,2026-09-19T12:56:39.335950+00:00
80c248dd5eb3,8225784b7869814abfba6bea,https://www.bestprice.vn/khach-san/vinh-hung-emerald-resort-hoi-an-87.html,https://www.bestprice.vn/khach-san/vinh-hung-emerald-resort-hoi-an-87.html,Emerald Hoi An Riverside Resort,"Khối An Hội, P.Minh An, Hội An",4,14:00,12:00,Thời gian nhận phòng: 14:00,Thời gian trả phòng: 12:00,4.5,,1,8,14,published_reference,"{""checkin_policy"": ""Khi đến nhận phòng, quý khách vui lòng mang theo:\n- CCCD hoặc passport.\n- Phiếu xác nhận đặt phòng của Best Price\n*Lưu ý: Theo quy định của pháp luật Việt Nam, khi 1 khách nước ngoài + 1 khách Việt Nam ở chung một phòng thì yêu cầu phải có giấy đăng ký kết hôn."", ""cancellation_policy"": ""Phí hủy đổi đặt phòng = phí hủy/đổi của khách sạn + phí xử lý giao dịch của Best Price.\nPhí hủy/đổi của khách sạn được chính khách sạn quy định như sau:"", ""children_extra_bed_policy"": ""Khách trên 12 tuổi được coi là người lớn\nThông tin giường phụ thì tùy thuộc vào mỗi phòng. Vui lòng kiểm tra thông tin phòng để biết chi tiết.""}",3,2026-09-19T14:53:30.268193+00:00
80c248dd5eb3,83127ffb331576b7aafc4916,https://www.bestprice.vn/khach-san/tuan-chau-resort-ha-long-2285.html,https://www.bestprice.vn/khach-san/tuan-chau-resort-ha-long-2285.html,Tuần Châu Resort Hạ Long,"Đảo Tuần Châu, Thành Phố Hạ Long, Tỉnh Quảng Ninh",4,14:00,12:00,Thời gian nhận phòng: 14:00,Thời gian trả phòng: 12:00,4.5,,8,3,9,published_reference,"{""checkin_policy"": ""Khi đến nhận phòng, quý khách vui lòng mang theo:\n- CCCD hoặc passport.\n- Phiếu xác nhận đặt phòng của Best Price\n*Lưu ý: Theo quy định của pháp luật Việt Nam, khi 1 khách nước ngoài + 1 khách Việt Nam ở chung một phòng thì yêu cầu phải có giấy đăng ký kết hôn."", ""cancellation_policy"": ""Phí hủy đổi đặt phòng = phí hủy/đổi của khách sạn + phí xử lý giao dịch của Best Price.\nPhí hủy/đổi của khách sạn được chính khách sạn quy định như sau:\nKhách hàng đặt dịch vụ sẽ không được quyền hoàn dịch vụ, hủy đặt dịch vụ."", ""children_extra_bed_policy"": ""Khách trên 11 tuổi được coi là người lớn\nThông tin giường phụ thì tùy thuộc vào mỗi phòng. Vui lòng kiểm tra thông tin phòng để biết chi tiết.""}",3,2026-09-19T13:55:10.645141+00:00
80c248dd5eb3,849db25100db7ba8dc37026e,https://www.bestprice.vn/khach-san/bai-dinh-hotel-ninh-binh-1036.html,https://www.bestprice.vn/khach-san/bai-dinh-hotel-ninh-binh-1036.html,Bái Đính Hotel Ninh Bình,"Chùa Bái Đính, X.Gia Sinh, H. Gia Viên, Ninh Bình",3,14:00,12:00,Thời gian nhận phòng: 14:00,Thời gian trả phòng: 12:00,4.5,,12,4,9,requires_dates,"{""checkin_policy"": ""Khi đến nhận phòng, quý khách vui lòng mang theo:\n- CCCD hoặc passport.\n- Phiếu xác nhận đặt phòng của Best Price\n*Lưu ý: Theo quy định của pháp luật Việt Nam, khi 1 khách nước ngoài + 1 khách Việt Nam ở chung một phòng thì yêu cầu phải có giấy đăng ký kết hôn."", ""cancellation_policy"": ""Phí hủy đổi đặt phòng = phí hủy/đổi của khách sạn + phí xử lý giao dịch của Best Price.\nPhí hủy/đổi của khách sạn được chính khách sạn quy định như sau:"", ""children_extra_bed_policy"": ""Khách trên 11 tuổi được coi là người lớn\nThông tin giường phụ thì tùy thuộc vào mỗi phòng. Vui lòng kiểm tra thông tin phòng để biết chi tiết.""}",3,2026-09-20T05:40:03.983280+00:00
80c248dd5eb3,85dcddf4360c85d867dbd8e1,https://www.bestprice.vn/khach-san/sai-gon-con-dao-resort-1056.html,https://www.bestprice.vn/khach-san/sai-gon-con-dao-resort-1056.html,Sài Gòn Côn Đảo Resort,"Số 18 - 24 Tôn Đức Thắng, Huyện Côn Đảo, Tỉnh Bà Rịa - Vũng Tàu.",3,14:00,12:00,Thời gian nhận phòng: 14:00,Thời gian trả phòng: 12:00,4.5,,16,11,14,requires_dates,"{""checkin_policy"": ""Khi đến nhận phòng, quý khách vui lòng mang theo:\n- CCCD hoặc passport.\n- Phiếu xác nhận đặt phòng của Best Price\n*Lưu ý: Theo quy định của pháp luật Việt Nam, khi 1 khách nước ngoài + 1 khách Việt Nam ở chung một phòng thì yêu cầu phải có giấy đăng ký kết hôn."", ""cancellation_policy"": ""Phí hủy đổi đặt phòng = phí hủy/đổi của khách sạn + phí xử lý giao dịch của Best Price.\nPhí hủy/đổi của khách sạn được chính khách sạn quy định như sau:\nKhách hàng đặt phòng sẽ không được quyền hoàn phòng, hủy đặt phòng nhưng được phép thay đổi đơn đặt phòng."", ""children_extra_bed_policy"": ""Khách trên 12 tuổi được coi là người lớn\nThông tin giường phụ thì tùy thuộc vào mỗi phòng. Vui lòng kiểm tra thông tin phòng để biết chi tiết.""}",3,2026-09-19T14:03:54.919322+00:00
80c248dd5eb3,87353d5e7d0aa5b1efd0188e,https://www.bestprice.vn/khach-san/an-lam-retreats-saigon-river-2067.html,https://www.bestprice.vn/khach-san/an-lam-retreats-saigon-river-2067.html,An Lâm Retreats Saigon River,"21/4 Khu Phố Trung, Phường Vĩnh Phú, Thành Phố Thuận An, Tỉnh Bình Dương",5,14:00,12:00,Thời gian nhận phòng: 14:00,Thời gian trả phòng: 12:00,5.0,,2,10,21,published_reference,"{""checkin_policy"": ""Khi đến nhận phòng, quý khách vui lòng mang theo:\n- CCCD hoặc passport.\n- Phiếu xác nhận đặt phòng của Best Price\n*Lưu ý: Theo quy định của pháp luật Việt Nam, khi 1 khách nước ngoài + 1 khách Việt Nam ở chung một phòng thì yêu cầu phải có giấy đăng ký kết hôn."", ""cancellation_policy"": ""Phí hủy đổi đặt phòng = phí hủy/đổi của khách sạn + phí xử lý giao dịch của Best Price.\nPhí hủy/đổi của khách sạn được chính khách sạn quy định như sau:\nKhách hàng đặt phòng sẽ không được quyền hoàn phòng, hủy đặt phòng nhưng được phép thay đổi đơn đặt phòng."", ""children_extra_bed_policy"": ""Khách trên 11 tuổi được coi là người lớn\nThông tin giường phụ thì tùy thuộc vào mỗi phòng. Vui lòng kiểm tra thông tin phòng để biết chi tiết.""}",3,2026-09-19T13:52:16.313675+00:00
80c248dd5eb3,87b076d03a8f15a9bcd54fe7,https://www.bestprice.vn/khach-san/lady-hill-sapa-resort-3697.html,https://www.bestprice.vn/khach-san/lady-hill-sapa-resort-3697.html,Lady Hill Sapa Resort,"Đường Nguyễn Chí Thanh, Tổ 4, Phường Fansipan, Thị xã SaPa, Tỉnh Lào Cai",5,14:00,12:00,Thời gian nhận phòng: 14:00,Thời gian trả phòng: 12:00,4.8,,97,10,19,published_reference,"{""checkin_policy"": ""Khi đến nhận phòng, quý khách vui lòng mang theo:\n- CCCD hoặc passport.\n- Phiếu xác nhận đặt phòng của Best Price\n*Lưu ý: Theo quy định của pháp luật Việt Nam, khi 1 khách nước ngoài + 1 khách Việt Nam ở chung một phòng thì yêu cầu phải có giấy đăng ký kết hôn."", ""cancellation_policy"": ""Phí hủy đổi đặt phòng = phí hủy/đổi của khách sạn + phí xử lý giao dịch của Best Price.\nPhí hủy/đổi của khách sạn được chính khách sạn quy định như sau:\nKhách hàng đặt dịch vụ sẽ không được quyền hoàn dịch vụ, hủy đặt dịch vụ."", ""children_extra_bed_policy"": ""Khách trên 11 tuổi được coi là người lớn\nThông tin giường phụ thì tùy thuộc vào mỗi phòng. Vui lòng kiểm tra thông tin phòng để biết chi tiết.""}",3,2026-09-19T16:37:35.096512+00:00
80c248dd5eb3,8878db2f54011c8be78e4182,https://www.bestprice.vn/khach-san/sandals-flora-hotel-da-lat-3368.html,https://www.bestprice.vn/khach-san/sandals-flora-hotel-da-lat-3368.html,Sandals Flora Hotel Đà Lạt,"40 Nguyễn Thị Minh Khai, Phường 1, Thành Phố Đà Lạt, Tỉnh Lâm Đồng.",3,14:00,12:00,Thời gian nhận phòng: 14:00,Thời gian trả phòng: 12:00,4.5,,2,7,11,requires_dates,"{""checkin_policy"": ""Khi đến nhận phòng, quý khách vui lòng mang theo:\n- CCCD hoặc passport.\n- Phiếu xác nhận đặt phòng của Best Price\n*Lưu ý: Theo quy định của pháp luật Việt Nam, khi 1 khách nước ngoài + 1 khách Việt Nam ở chung một phòng thì yêu cầu phải có giấy đăng ký kết hôn."", ""cancellation_policy"": ""Phí hủy đổi đặt phòng = phí hủy/đổi của khách sạn + phí xử lý giao dịch của Best Price.\nPhí hủy/đổi của khách sạn được chính khách sạn quy định như sau:\nKhách hàng đặt phòng sẽ không được quyền hoàn phòng, hủy đặt phòng nhưng được phép thay đổi đơn đặt phòng."", ""children_extra_bed_policy"": ""Khách trên 11 tuổi được coi là người lớn\nThông tin giường phụ thì tùy thuộc vào mỗi phòng. Vui lòng kiểm tra thông tin phòng để biết chi tiết.""}",3,2026-09-19T14:05:26.726553+00:00
80c248dd5eb3,8ae2f02cdb1877aa83c908e8,https://www.bestprice.vn/khach-san/amiana-resort-nha-trang-506.html,https://www.bestprice.vn/khach-san/amiana-resort-nha-trang-506.html,Amiana Resort Nha Trang,"Hòn Rùa, Đường Phạm Văn Đồng, Thành phố Nha Trang, Tỉnh Khánh Hòa",5,14:00,12:00,Thời gian nhận phòng: 14:00,Thời gian trả phòng: 12:00,4.5,,4,12,16,published_reference,"{""checkin_policy"": ""Khi đến nhận phòng, quý khách vui lòng mang theo:\n- CCCD hoặc passport.\n- Phiếu xác nhận đặt phòng của Best Price\n*Lưu ý: Theo quy định của pháp luật Việt Nam, khi 1 khách nước ngoài + 1 khách Việt Nam ở chung một phòng thì yêu cầu phải có giấy đăng ký kết hôn."", ""cancellation_policy"": ""Phí hủy đổi đặt phòng = phí hủy/đổi của khách sạn + phí xử lý giao dịch của Best Price.\nPhí hủy/đổi của khách sạn được chính khách sạn quy định như sau:\nKhách hàng đặt dịch vụ sẽ không được quyền hoàn dịch vụ, hủy đặt dịch vụ."", ""children_extra_bed_policy"": ""Khách trên 12 tuổi được coi là người lớn\nThông tin giường phụ thì tùy thuộc vào mỗi phòng. Vui lòng kiểm tra thông tin phòng để biết chi tiết.""}",3,2026-09-20T05:15:31.117991+00:00
80c248dd5eb3,8ae37c6b768a87391eb87805,https://www.bestprice.vn/khach-san/yen-bay-resort-ngoc-suong-resort-30.html,https://www.bestprice.vn/khach-san/yen-bay-resort-ngoc-suong-resort-30.html,Yến Bay Resort (Ngọc Sương Resort),"Thôn Bình Lập, Cam Lập, TP. Cam Ranh, Khánh Hòa",4,14:00,12:00,Thời gian nhận phòng: 14:00,Thời gian trả phòng: 12:00,4.5,,27,4,8,requires_dates,"{""checkin_policy"": ""Khi đến nhận phòng, quý khách vui lòng mang theo:\n- CCCD hoặc passport.\n- Phiếu xác nhận đặt phòng của Best Price\n*Lưu ý: Theo quy định của pháp luật Việt Nam, khi 1 khách nước ngoài + 1 khách Việt Nam ở chung một phòng thì yêu cầu phải có giấy đăng ký kết hôn."", ""cancellation_policy"": ""Phí hủy đổi đặt phòng = phí hủy/đổi của khách sạn + phí xử lý giao dịch của Best Price.\nPhí hủy/đổi của khách sạn được chính khách sạn quy định như sau:"", ""children_extra_bed_policy"": ""Khách trên 10 tuổi được coi là người lớn\nThông tin giường phụ thì tùy thuộc vào mỗi phòng. Vui lòng kiểm tra thông tin phòng để biết chi tiết.""}",3,2026-09-19T14:04:56.680291+00:00
80c248dd5eb3,8b0c5e6b3c2054b74ff08bba,https://www.bestprice.vn/khach-san/con-son-blue-sea-con-dao-1680.html,https://www.bestprice.vn/khach-san/con-son-blue-sea-con-dao-1680.html,Côn Sơn Blue Sea Côn Đảo,"Khu 5, Nguyễn Đức Thuận, Huyện Côn Đảo, Tỉnh Bà Rịa - Vũng Tàu",3,14:00,12:00,Thời gian nhận phòng: 14:00,Thời gian trả phòng: 12:00,4.5,,10,5,20,requires_dates,"{""checkin_policy"": ""Khi đến nhận phòng, quý khách vui lòng mang theo:\n- CCCD hoặc passport.\n- Phiếu xác nhận đặt phòng của Best Price\n*Lưu ý: Theo quy định của pháp luật Việt Nam, khi 1 khách nước ngoài + 1 khách Việt Nam ở chung một phòng thì yêu cầu phải có giấy đăng ký kết hôn."", ""cancellation_policy"": ""Phí hủy đổi đặt phòng = phí hủy/đổi của khách sạn + phí xử lý giao dịch của Best Price.\nPhí hủy/đổi của khách sạn được chính khách sạn quy định như sau:\nKhách hàng đặt phòng sẽ không được quyền hoàn phòng, hủy đặt phòng nhưng được phép thay đổi đơn đặt phòng."", ""children_extra_bed_policy"": ""Khách trên 12 tuổi được coi là người lớn\nThông tin giường phụ thì tùy thuộc vào mỗi phòng. Vui lòng kiểm tra thông tin phòng để biết chi tiết.""}",3,2026-09-19T16:35:50.968058+00:00
80c248dd5eb3,8caa00d1be19b2ce778fef1a,https://www.bestprice.vn/khach-san/melia-vinpearl-cua-sot-beach-resort-1394.html,https://www.bestprice.vn/khach-san/melia-vinpearl-cua-sot-beach-resort-1394.html,Vinpearl Cửa Sót Resort Affiliated by Meliá,"Xã Thịnh Lộc, Huyện Lộc Hà, Tỉnh Hà Tĩnh, Việt Nam",5,14:00,12:00,Thời gian nhận phòng: 14:00,Thời gian trả phòng: 12:00,4.5,,54,3,15,published_reference,"{""checkin_policy"": ""Khi đến nhận phòng, quý khách vui lòng mang theo:\n- CCCD hoặc passport.\n- Phiếu xác nhận đặt phòng của Best Price\n*Lưu ý: Theo quy định của pháp luật Việt Nam, khi 1 khách nước ngoài + 1 khách Việt Nam ở chung một phòng thì yêu cầu phải có giấy đăng ký kết hôn."", ""cancellation_policy"": ""Phí hủy đổi đặt phòng = phí hủy/đổi của khách sạn + phí xử lý giao dịch của Best Price.\nPhí hủy/đổi của khách sạn được chính khách sạn quy định như sau:\nHoàn hủy theo quy định cúa khách sạn"", ""children_extra_bed_policy"": ""Khách trên 12 tuổi được coi là người lớn\nThông tin giường phụ thì tùy thuộc vào mỗi phòng. Vui lòng kiểm tra thông tin phòng để biết chi tiết.""}",3,2026-09-19T16:31:28.794782+00:00
80c248dd5eb3,8cb111d715d8a25797d26cb0,https://www.bestprice.vn/khach-san/da-nang-mikazuki-resorts-and-spa-2585.html,https://www.bestprice.vn/khach-san/da-nang-mikazuki-resorts-and-spa-2585.html,Đà Nẵng Mikazuki Japanese Resorts and Spa,"Khu du lịch Xuân Thiều, Đường Nguyễn Tất Thành, Phường Hòa Hiệp Nam, Quận Liên Chiểu, Thành Phố Đà Nẵng",4,14:00,12:00,Thời gian nhận phòng: 14:00,Thời gian trả phòng: 12:00,4.5,,4,7,18,published_reference,"{""checkin_policy"": ""Khi đến nhận phòng, quý khách vui lòng mang theo:\n- CCCD hoặc passport.\n- Phiếu xác nhận đặt phòng của Best Price\n*Lưu ý: Theo quy định của pháp luật Việt Nam, khi 1 khách nước ngoài + 1 khách Việt Nam ở chung một phòng thì yêu cầu phải có giấy đăng ký kết hôn."", ""cancellation_policy"": ""Phí hủy đổi đặt phòng = phí hủy/đổi của khách sạn + phí xử lý giao dịch của Best Price.\nPhí hủy/đổi của khách sạn được chính khách sạn quy định như sau:\nKhách hàng đặt dịch vụ sẽ không được quyền hoàn dịch vụ, hủy đặt dịch vụ."", ""children_extra_bed_policy"": ""Khách trên 11 tuổi được coi là người lớn\nThông tin giường phụ thì tùy thuộc vào mỗi phòng. Vui lòng kiểm tra thông tin phòng để biết chi tiết.""}",3,2026-09-19T14:53:36.084674+00:00
80c248dd5eb3,8daa22e40de94a378f237c52,https://www.bestprice.vn/khach-san/merperle-beach-nha-trang-1758.html,https://www.bestprice.vn/khach-san/merperle-beach-nha-trang-1758.html,Merperle Beach Nha Trang,"88A Trần Phú, Phường Lộc Thọ, Thành Phố Nha Trang, Tỉnh Khánh Hòa",4,14:00,12:00,Thời gian nhận phòng: 14:00,Thời gian trả phòng: 12:00,4.5,,5,7,21,requires_dates,"{""checkin_policy"": ""Khi đến nhận phòng, quý khách vui lòng mang theo:\n- CCCD hoặc passport.\n- Phiếu xác nhận đặt phòng của Best Price\n*Lưu ý: Theo quy định của pháp luật Việt Nam, khi 1 khách nước ngoài + 1 khách Việt Nam ở chung một phòng thì yêu cầu phải có giấy đăng ký kết hôn."", ""cancellation_policy"": ""Phí hủy đổi đặt phòng = phí hủy/đổi của khách sạn + phí xử lý giao dịch của Best Price.\nPhí hủy/đổi của khách sạn được chính khách sạn quy định như sau:\nKhách hàng đặt phòng sẽ không được quyền hoàn phòng, hủy đặt phòng nhưng được phép thay đổi đơn đặt phòng."", ""children_extra_bed_policy"": ""Khách trên 11 tuổi được coi là người lớn\nThông tin giường phụ thì tùy thuộc vào mỗi phòng. Vui lòng kiểm tra thông tin phòng để biết chi tiết.""}",3,2026-09-19T16:36:51.009995+00:00
80c248dd5eb3,8ecf5b72d4ca209153080203,https://www.bestprice.vn/khach-san/thai-binh-duong-cua-lo-439.html,https://www.bestprice.vn/khach-san/thai-binh-duong-cua-lo-439.html,Khách sạn Thái Bình Dương Cửa Lò,"Số 226 đường Bình Minh, Thị xã Cửa Lò, Nghệ An.",3,13:30,12:00,Thời gian nhận phòng: Sau 13:30 (đối với mùa cao điểm ) Trước 11:30 ( đối với các mùa khác ),Thời gian trả phòng: 12:00,4.5,,20,7,11,requires_dates,"{""checkin_policy"": ""Khi đến nhận phòng, quý khách vui lòng mang theo:\n- CCCD hoặc passport.\n- Phiếu xác nhận đặt phòng của Best Price\n*Lưu ý: Theo quy định của pháp luật Việt Nam, khi 1 khách nước ngoài + 1 khách Việt Nam ở chung một phòng thì yêu cầu phải có giấy đăng ký kết hôn."", ""cancellation_policy"": ""Phí hủy đổi đặt phòng = phí hủy/đổi của khách sạn + phí xử lý giao dịch của Best Price.\nPhí hủy/đổi của khách sạn được chính khách sạn quy định như sau:"", ""children_extra_bed_policy"": ""Khách trên 12 tuổi được coi là người lớn\nThông tin giường phụ thì tùy thuộc vào mỗi phòng. Vui lòng kiểm tra thông tin phòng để biết chi tiết.""}",3,2026-09-19T13:56:12.461558+00:00
80c248dd5eb3,91482f93bc71815534ecbc79,https://www.bestprice.vn/khach-san/venus-tam-dao-1528.html,https://www.bestprice.vn/khach-san/venus-tam-dao-1528.html,Venus Hotel Tam Đảo,"Khu 1, Thị trấn Tam Đảo, Huyện Tam Đảo, Vĩnh Phúc",4,14:00,12:00,Thời gian nhận phòng: 14:00,Thời gian trả phòng: 12:00,4.5,,42,8,12,published_reference,"{""checkin_policy"": ""Khi đến nhận phòng, quý khách vui lòng mang theo:\n- CCCD hoặc passport.\n- Phiếu xác nhận đặt phòng của Best Price\n*Lưu ý: Theo quy định của pháp luật Việt Nam, khi 1 khách nước ngoài + 1 khách Việt Nam ở chung một phòng thì yêu cầu phải có giấy đăng ký kết hôn."", ""cancellation_policy"": ""Phí hủy đổi đặt phòng = phí hủy/đổi của khách sạn + phí xử lý giao dịch của Best Price.\nPhí hủy/đổi của khách sạn được chính khách sạn quy định như sau:\nKhách hàng đặt dịch vụ sẽ không được quyền hoàn dịch vụ, hủy đặt dịch vụ."", ""children_extra_bed_policy"": ""Khách trên 12 tuổi được coi là người lớn\nThông tin giường phụ thì tùy thuộc vào mỗi phòng. Vui lòng kiểm tra thông tin phòng để biết chi tiết.""}",3,2026-09-19T16:30:52.981637+00:00
80c248dd5eb3,91a97591fc68c5e24fd14299,https://www.bestprice.vn/khach-san/le-pavillon-hoi-an-luxury-resort-spa-1909.html,https://www.bestprice.vn/khach-san/le-pavillon-hoi-an-luxury-resort-spa-1909.html,Le Pavillon Hội An Luxury Resort & Spa,"145B Trần Nhân Tông, Phường Cẩm Châu, Thành phố Hội An, Tỉnh Quảng Nam, Việt Nam.",2,14:00,12:00,Thời gian nhận phòng: 14:00,Thời gian trả phòng: 12:00,4.5,,10,5,17,requires_dates,"{""checkin_policy"": ""Khi đến nhận phòng, quý khách vui lòng mang theo:\n- CCCD hoặc passport.\n- Phiếu xác nhận đặt phòng của Best Price\n*Lưu ý: Theo quy định của pháp luật Việt Nam, khi 1 khách nước ngoài + 1 khách Việt Nam ở chung một phòng thì yêu cầu phải có giấy đăng ký kết hôn."", ""cancellation_policy"": ""Phí hủy đổi đặt phòng = phí hủy/đổi của khách sạn + phí xử lý giao dịch của Best Price.\nPhí hủy/đổi của khách sạn được chính khách sạn quy định như sau:\nKhách hàng đặt phòng sẽ không được quyền hoàn phòng, hủy đặt phòng nhưng được phép thay đổi đơn đặt phòng."", ""children_extra_bed_policy"": ""Khách trên 11 tuổi được coi là người lớn\nThông tin giường phụ thì tùy thuộc vào mỗi phòng. Vui lòng kiểm tra thông tin phòng để biết chi tiết.""}",3,2026-09-19T14:33:38.726095+00:00
80c248dd5eb3,91f32839d8503febe33c4ed8,https://www.bestprice.vn/khach-san/paracel-da-nang-1431.html,https://www.bestprice.vn/khach-san/paracel-da-nang-1431.html,Paracel Đà Nẵng,"204 Đường Võ Nguyên Giáp, Quận Sơn Trà, Đà Nẵng",4,14:00,12:00,Thời gian nhận phòng: 14:00,Thời gian trả phòng: 12:00,4.9,,31,4,8,requires_dates,"{""checkin_policy"": ""Khi đến nhận phòng, quý khách vui lòng mang theo:\n- CCCD hoặc passport.\n- Phiếu xác nhận đặt phòng của Best Price\n*Lưu ý: Theo quy định của pháp luật Việt Nam, khi 1 khách nước ngoài + 1 khách Việt Nam ở chung một phòng thì yêu cầu phải có giấy đăng ký kết hôn."", ""cancellation_policy"": ""Phí hủy đổi đặt phòng = phí hủy/đổi của khách sạn + phí xử lý giao dịch của Best Price.\nPhí hủy/đổi của khách sạn được chính khách sạn quy định như sau:\nKhách hàng đặt phòng sẽ không được quyền hoàn phòng, hủy đặt phòng nhưng được phép thay đổi đơn đặt phòng."", ""children_extra_bed_policy"": ""Khách trên 11 tuổi được coi là người lớn\nThông tin giường phụ thì tùy thuộc vào mỗi phòng. Vui lòng kiểm tra thông tin phòng để biết chi tiết.""}",3,2026-09-19T16:37:49.069105+00:00
80c248dd5eb3,92ce3ff193cd5db8bc737d19,https://www.bestprice.vn/khach-san/minh-toan-ocean-hotel-da-nang-1740.html,https://www.bestprice.vn/khach-san/minh-toan-ocean-hotel-da-nang-1740.html,Minh Toàn SAFI Ocean Hotel Đà Nẵng,"224 Đường Võ Nguyên Giáp, Phước Mỹ, Sơn Trà, Đà Nẵng",4,14:00,12:00,Thời gian nhận phòng: 14:00,Thời gian trả phòng: 12:00,4.5,,15,7,11,published_reference,"{""checkin_policy"": ""Khi đến nhận phòng, quý khách vui lòng mang theo:\n- CCCD hoặc passport.\n- Phiếu xác nhận đặt phòng của Best Price\n*Lưu ý: Theo quy định của pháp luật Việt Nam, khi 1 khách nước ngoài + 1 khách Việt Nam ở chung một phòng thì yêu cầu phải có giấy đăng ký kết hôn."", ""cancellation_policy"": ""Phí hủy đổi đặt phòng = phí hủy/đổi của khách sạn + phí xử lý giao dịch của Best Price.\nPhí hủy/đổi của khách sạn được chính khách sạn quy định như sau:\nKhách hàng đặt dịch vụ sẽ không được quyền hoàn dịch vụ, hủy đặt dịch vụ."", ""children_extra_bed_policy"": ""Khách trên 11 tuổi được coi là người lớn\nThông tin giường phụ thì tùy thuộc vào mỗi phòng. Vui lòng kiểm tra thông tin phòng để biết chi tiết.""}",3,2026-09-19T15:47:29.449638+00:00
80c248dd5eb3,934c7e01a73db05360c1be79,https://www.bestprice.vn/khach-san/paddington-hotel-halong-bayview-2451.html,https://www.bestprice.vn/khach-san/paddington-hotel-halong-bayview-2451.html,Paddington Hotel Halong Bayview,"02 Điện Biên Phủ, phường Hồng Hà, thành phố Hạ Long, tỉnh Quảng Ninh, Việt Nam",5,14:00,12:00,Thời gian nhận phòng: 14:00,Thời gian trả phòng: 12:00,4.5,,2,7,13,published_reference,"{""checkin_policy"": ""Khi đến nhận phòng, quý khách vui lòng mang theo:\n- CCCD hoặc passport.\n- Phiếu xác nhận đặt phòng của Best Price\n*Lưu ý: Theo quy định của pháp luật Việt Nam, khi 1 khách nước ngoài + 1 khách Việt Nam ở chung một phòng thì yêu cầu phải có giấy đăng ký kết hôn."", ""cancellation_policy"": ""Phí hủy đổi đặt phòng = phí hủy/đổi của khách sạn + phí xử lý giao dịch của Best Price.\nPhí hủy/đổi của khách sạn được chính khách sạn quy định như sau:\nKhách hàng đặt dịch vụ sẽ không được quyền hoàn dịch vụ, hủy đặt dịch vụ."", ""children_extra_bed_policy"": ""Khách trên 12 tuổi được coi là người lớn\nThông tin giường phụ thì tùy thuộc vào mỗi phòng. Vui lòng kiểm tra thông tin phòng để biết chi tiết.""}",3,2026-09-19T15:19:23.144787+00:00
80c248dd5eb3,93f3ccb3183f7adeb376f5e4,https://www.bestprice.vn/khach-san/vinpearl-discovery-wonderworld-phu-quoc-1391.html,https://www.bestprice.vn/khach-san/vinpearl-discovery-wonderworld-phu-quoc-1391.html,Vinpearl Wonderworld Phú Quốc,"Bãi Dài, Phú Quốc, Kiên Giang",5,14:00,12:00,Thời gian nhận phòng: 14:00,Thời gian trả phòng: 12:00,4.5,,101,8,18,published_reference,"{""checkin_policy"": ""Khi đến nhận phòng, quý khách vui lòng mang theo:\n- CCCD hoặc passport.\n- Phiếu xác nhận đặt phòng của Best Price\n*Lưu ý: Theo quy định của pháp luật Việt Nam, khi 1 khách nước ngoài + 1 khách Việt Nam ở chung một phòng thì yêu cầu phải có giấy đăng ký kết hôn."", ""cancellation_policy"": ""Phí hủy đổi đặt phòng = phí hủy/đổi của khách sạn + phí xử lý giao dịch của Best Price.\nPhí hủy/đổi của khách sạn được chính khách sạn quy định như sau:\nKhách hàng đặt phòng sẽ không được quyền hoàn phòng, hủy đặt phòng nhưng được phép thay đổi đơn đặt phòng."", ""children_extra_bed_policy"": ""Khách trên 12 tuổi được coi là người lớn\nThông tin giường phụ thì tùy thuộc vào mỗi phòng. Vui lòng kiểm tra thông tin phòng để biết chi tiết.""}",3,2026-09-19T16:29:22.798216+00:00
80c248dd5eb3,944ce0f8f2dc6e94f621be96,https://www.bestprice.vn/khach-san/cicilia-hotel-spa-da-nang-1347.html,https://www.bestprice.vn/khach-san/cicilia-hotel-spa-da-nang-1347.html,Cicilia Hotel & Spa Đà Nẵng,"06-08-10 Đường Đỗ Bá, Quận Ngũ Hành Sơn, Thành Phố Đà Nẵng",4,14:00,12:00,Thời gian nhận phòng: 14:00,Thời gian trả phòng: 12:00,4.5,,2,8,17,requires_dates,"{""checkin_policy"": ""Khi đến nhận phòng, quý khách vui lòng mang theo:\n- CCCD hoặc passport.\n- Phiếu xác nhận đặt phòng của Best Price\n*Lưu ý: Theo quy định của pháp luật Việt Nam, khi 1 khách nước ngoài + 1 khách Việt Nam ở chung một phòng thì yêu cầu phải có giấy đăng ký kết hôn."", ""cancellation_policy"": ""Phí hủy đổi đặt phòng = phí hủy/đổi của khách sạn + phí xử lý giao dịch của Best Price.\nPhí hủy/đổi của khách sạn được chính khách sạn quy định như sau:\nKhách hàng đặt phòng sẽ không được quyền hoàn phòng, hủy đặt phòng nhưng được phép thay đổi đơn đặt phòng."", ""children_extra_bed_policy"": ""Khách trên 11 tuổi được coi là người lớn\nThông tin giường phụ thì tùy thuộc vào mỗi phòng. Vui lòng kiểm tra thông tin phòng để biết chi tiết.""}",3,2026-09-19T16:37:51.190974+00:00
80c248dd5eb3,98f13555f6834a906b61bc58,https://www.bestprice.vn/khach-san/melia-vinpearl-hai-phong-rivera-1649.html,https://www.bestprice.vn/khach-san/melia-vinpearl-hai-phong-rivera-1649.html,Melia Vinpearl Hải Phòng Rivera,"Manhattan 9 Street, Vinhomes Imperia Hai Phong, Hải Phòng",5,14:00,12:00,Thời gian nhận phòng: 14:00,Thời gian trả phòng: 12:00,4.5,,40,4,12,published_reference,"{""checkin_policy"": ""Khi đến nhận phòng, quý khách vui lòng mang theo:\n- CCCD hoặc passport.\n- Phiếu xác nhận đặt phòng của Best Price\n*Lưu ý: Theo quy định của pháp luật Việt Nam, khi 1 khách nước ngoài + 1 khách Việt Nam ở chung một phòng thì yêu cầu phải có giấy đăng ký kết hôn."", ""cancellation_policy"": ""Phí hủy đổi đặt phòng = phí hủy/đổi của khách sạn + phí xử lý giao dịch của Best Price.\nPhí hủy/đổi của khách sạn được chính khách sạn quy định như sau:\nPhí hủy/ thay đổi Quanh năm\nKhông phạt Trước (≥) 03 ngày\n50% các đêm Trong giai đoạn 03-01 ngày\n100% các đêm Sau (≤) 01 ngày hoặc không đến"", ""children_extra_bed_policy"": ""Khách trên 12 tuổi được coi là người lớn\nThông tin giường phụ thì tùy thuộc vào mỗi phòng. Vui lòng kiểm tra thông tin phòng để biết chi tiết.""}",3,2026-09-19T13:55:54.618196+00:00
80c248dd5eb3,99e06c3202abc02c00193f91,https://www.bestprice.vn/khach-san/mai-chau-ecolodge-1542.html,https://www.bestprice.vn/khach-san/mai-chau-ecolodge-1542.html,Mai Châu Ecolodge,"Làng Na Thia, xã Nà Phòn, Mai Châu, tỉnh Hòa Bình, Việt Nam",4,14:00,12:00,Thời gian nhận phòng: 14:00,Thời gian trả phòng: 12:00,4.5,,10,5,11,requires_dates,"{""checkin_policy"": ""Khi đến nhận phòng, quý khách vui lòng mang theo:\n- CCCD hoặc passport.\n- Phiếu xác nhận đặt phòng của Best Price\n*Lưu ý: Theo quy định của pháp luật Việt Nam, khi 1 khách nước ngoài + 1 khách Việt Nam ở chung một phòng thì yêu cầu phải có giấy đăng ký kết hôn."", ""cancellation_policy"": ""Phí hủy đổi đặt phòng = phí hủy/đổi của khách sạn + phí xử lý giao dịch của Best Price.\nPhí hủy/đổi của khách sạn được chính khách sạn quy định như sau:\nKhách hàng đặt dịch vụ sẽ không được quyền hoàn dịch vụ, hủy đặt dịch vụ."", ""children_extra_bed_policy"": ""Khách trên 14 tuổi được coi là người lớn\nThông tin giường phụ thì tùy thuộc vào mỗi phòng. Vui lòng kiểm tra thông tin phòng để biết chi tiết.""}",3,2026-09-19T16:32:02.973072+00:00
80c248dd5eb3,9a232885418132c73a13ee3f,https://www.bestprice.vn/khach-san/da-lat-wonder-resort-1491.html,https://www.bestprice.vn/khach-san/da-lat-wonder-resort-1491.html,Đà Lạt Wonder Resort,"Số 19 Đường Hoa Hồng, Hồ Tuyền Lâm, Phường 4, Thành Phố Đà Lạt, Tỉnh Lâm Đồng.",4,14:00,12:00,Thời gian nhận phòng: 14:00,Thời gian trả phòng: 12:00,4.5,,13,15,18,published_reference,"{""checkin_policy"": ""Khi đến nhận phòng, quý khách vui lòng mang theo:\n- CCCD hoặc passport.\n- Phiếu xác nhận đặt phòng của Best Price\n*Lưu ý: Theo quy định của pháp luật Việt Nam, khi 1 khách nước ngoài + 1 khách Việt Nam ở chung một phòng thì yêu cầu phải có giấy đăng ký kết hôn."", ""cancellation_policy"": ""Phí hủy đổi đặt phòng = phí hủy/đổi của khách sạn + phí xử lý giao dịch của Best Price.\nPhí hủy/đổi của khách sạn được chính khách sạn quy định như sau:\nKhách hàng đặt dịch vụ sẽ không được quyền hoàn dịch vụ, hủy đặt dịch vụ."", ""children_extra_bed_policy"": ""Khách trên 11 tuổi được coi là người lớn\nThông tin giường phụ thì tùy thuộc vào mỗi phòng. Vui lòng kiểm tra thông tin phòng để biết chi tiết.""}",3,2026-09-19T14:05:38.758055+00:00
80c248dd5eb3,9a5bdd9d6eb1c61e6cd8e6ea,https://www.bestprice.vn/khach-san/sai-gon-ha-long-119.html,https://www.bestprice.vn/khach-san/sai-gon-ha-long-119.html,Sài Gòn Hotel Hạ Long,"168 Đường Hạ Long, Phường Bãi Cháy, Thành phố Hạ Long, Tỉnh Quảng Ninh",4,14:00,12:00,Thời gian nhận phòng: 14:00,Thời gian trả phòng: 12:00,4.5,,10,3,19,requires_dates,"{""checkin_policy"": ""Khi đến nhận phòng, quý khách vui lòng mang theo:\n- CCCD hoặc passport.\n- Phiếu xác nhận đặt phòng của Best Price\n*Lưu ý: Theo quy định của pháp luật Việt Nam, khi 1 khách nước ngoài + 1 khách Việt Nam ở chung một phòng thì yêu cầu phải có giấy đăng ký kết hôn."", ""cancellation_policy"": ""Phí hủy đổi đặt phòng = phí hủy/đổi của khách sạn + phí xử lý giao dịch của Best Price.\nPhí hủy/đổi của khách sạn được chính khách sạn quy định như sau:\nKhách hàng đặt phòng sẽ không được quyền hoàn phòng, hủy đặt phòng nhưng được phép thay đổi đơn đặt phòng."", ""children_extra_bed_policy"": ""Khách trên 11 tuổi được coi là người lớn\nThông tin giường phụ thì tùy thuộc vào mỗi phòng. Vui lòng kiểm tra thông tin phòng để biết chi tiết.""}",3,2026-09-19T13:55:16.389867+00:00
80c248dd5eb3,9be2d8f878d2aee3747f880e,https://www.bestprice.vn/khach-san/nagar-nha-trang-1425.html,https://www.bestprice.vn/khach-san/nagar-nha-trang-1425.html,Nagar Hotel Nha Trang,"1i Quân Trấn, Phường Lộc Thọ, Thành Phố Nha Trang, Tỉnh Khánh Hòa",4,14:00,12:00,Thời gian nhận phòng: 14:00,Thời gian trả phòng: 12:00,4.5,,10,7,29,published_reference,"{""checkin_policy"": ""Khi đến nhận phòng, quý khách vui lòng mang theo:\n- CCCD hoặc passport.\n- Phiếu xác nhận đặt phòng của Best Price\n*Lưu ý: Theo quy định của pháp luật Việt Nam, khi 1 khách nước ngoài + 1 khách Việt Nam ở chung một phòng thì yêu cầu phải có giấy đăng ký kết hôn."", ""cancellation_policy"": ""Phí hủy đổi đặt phòng = phí hủy/đổi của khách sạn + phí xử lý giao dịch của Best Price.\nPhí hủy/đổi của khách sạn được chính khách sạn quy định như sau:\nKhách hàng đặt dịch vụ sẽ không được quyền hoàn dịch vụ, hủy đặt dịch vụ."", ""children_extra_bed_policy"": ""Khách trên 12 tuổi được coi là người lớn\nThông tin giường phụ thì tùy thuộc vào mỗi phòng. Vui lòng kiểm tra thông tin phòng để biết chi tiết.""}",3,2026-09-19T14:33:12.590804+00:00
80c248dd5eb3,9ce6261dd135f1654dca54c7,https://www.bestprice.vn/khach-san/sofitel-legend-metropole-ha-noi-781.html,https://www.bestprice.vn/khach-san/sofitel-legend-metropole-ha-noi-781.html,Sofitel Legend Metropole Hanoi,"Số 15 Đường Ngô Quyền, Quận Hoàn Kiếm, Thành phố Hà Nội",5,14:00,12:00,Thời gian nhận phòng: 14:00,Thời gian trả phòng: 12:00,4.9,,81,5,25,published_reference,"{""checkin_policy"": ""Khi đến nhận phòng, quý khách vui lòng mang theo:\n- CCCD hoặc passport.\n- Phiếu xác nhận đặt phòng của Best Price\n*Lưu ý: Theo quy định của pháp luật Việt Nam, khi 1 khách nước ngoài + 1 khách Việt Nam ở chung một phòng thì yêu cầu phải có giấy đăng ký kết hôn."", ""cancellation_policy"": ""Phí hủy đổi đặt phòng = phí hủy/đổi của khách sạn + phí xử lý giao dịch của Best Price.\nPhí hủy/đổi của khách sạn được chính khách sạn quy định như sau:\nKhách hàng đặt phòng sẽ không được quyền hoàn phòng, hủy đặt phòng nhưng được phép thay đổi đơn đặt phòng."", ""children_extra_bed_policy"": ""Khách trên 12 tuổi được coi là người lớn\nThông tin giường phụ thì tùy thuộc vào mỗi phòng. Vui lòng kiểm tra thông tin phòng để biết chi tiết.""}",3,2026-09-20T05:39:57.951835+00:00
80c248dd5eb3,9d262720296ff5b1782131f0,https://www.bestprice.vn/khach-san/crown-retreat-quy-nhon-resort-1669.html,https://www.bestprice.vn/khach-san/crown-retreat-quy-nhon-resort-1669.html,Crown Retreat Quy Nhơn Resort,"Làng Trung Lương, Cát Tiến, Quận Phù Cát, Tỉnh Bình Định",4,14:00,12:00,Thời gian nhận phòng: 14:00,Thời gian trả phòng: 12:00,4.5,,1,5,12,published_reference,"{""checkin_policy"": ""Khi đến nhận phòng, quý khách vui lòng mang theo:\n- CCCD hoặc passport.\n- Phiếu xác nhận đặt phòng của Best Price\n*Lưu ý: Theo quy định của pháp luật Việt Nam, khi 1 khách nước ngoài + 1 khách Việt Nam ở chung một phòng thì yêu cầu phải có giấy đăng ký kết hôn."", ""cancellation_policy"": ""Phí hủy đổi đặt phòng = phí hủy/đổi của khách sạn + phí xử lý giao dịch của Best Price.\nPhí hủy/đổi của khách sạn được chính khách sạn quy định như sau:\nKhách hàng đặt dịch vụ sẽ không được quyền hoàn dịch vụ, hủy đặt dịch vụ."", ""children_extra_bed_policy"": ""Khách trên 11 tuổi được coi là người lớn\nThông tin giường phụ thì tùy thuộc vào mỗi phòng. Vui lòng kiểm tra thông tin phòng để biết chi tiết.""}",3,2026-09-19T12:57:09.521049+00:00
80c248dd5eb3,9d7b909fd0d349cfd36f379f,https://www.bestprice.vn/khach-san/palace-sai-gon-414.html,https://www.bestprice.vn/khach-san/palace-sai-gon-414.html,Khách sạn Palace Sài Gòn,"56 - 66 Nguyễn Huệ, Bến Nghé, Quận 1, Hồ Chí Minh",4,14:00,12:00,Thời gian nhận phòng: 14:00,Thời gian trả phòng: 12:00,4.0,,10,4,15,requires_dates,"{""checkin_policy"": ""Khi đến nhận phòng, quý khách vui lòng mang theo:\n- CCCD hoặc passport.\n- Phiếu xác nhận đặt phòng của Best Price\n*Lưu ý: Theo quy định của pháp luật Việt Nam, khi 1 khách nước ngoài + 1 khách Việt Nam ở chung một phòng thì yêu cầu phải có giấy đăng ký kết hôn."", ""cancellation_policy"": ""Phí hủy đổi đặt phòng = phí hủy/đổi của khách sạn + phí xử lý giao dịch của Best Price.\nPhí hủy/đổi của khách sạn được chính khách sạn quy định như sau:\nKhách hàng đặt dịch vụ sẽ không được quyền hoàn dịch vụ, hủy đặt dịch vụ."", ""children_extra_bed_policy"": ""Khách trên 11 tuổi được coi là người lớn\nThông tin giường phụ thì tùy thuộc vào mỗi phòng. Vui lòng kiểm tra thông tin phòng để biết chi tiết.""}",3,2026-09-19T16:36:04.963662+00:00
80c248dd5eb3,9e6dea79b716fc61b0042449,https://www.bestprice.vn/khach-san/da-lat-plaza-189.html,https://www.bestprice.vn/khach-san/da-lat-plaza-189.html,Khách sạn Park Hotel Đà Lạt,"19 Lê Đại Hành, Phường 3, Tp. Đà Lạt, Tỉnh Lâm Đồng, Việt Nam",3,14:00,12:00,Thời gian nhận phòng: 14:00,Thời gian trả phòng: 12:00,4.0,,10,8,12,requires_dates,"{""checkin_policy"": ""Khi đến nhận phòng, quý khách vui lòng mang theo:\n- CCCD hoặc passport.\n- Phiếu xác nhận đặt phòng của Best Price\n*Lưu ý: Theo quy định của pháp luật Việt Nam, khi 1 khách nước ngoài + 1 khách Việt Nam ở chung một phòng thì yêu cầu phải có giấy đăng ký kết hôn."", ""cancellation_policy"": ""Phí hủy đổi đặt phòng = phí hủy/đổi của khách sạn + phí xử lý giao dịch của Best Price.\nPhí hủy/đổi của khách sạn được chính khách sạn quy định như sau:"", ""children_extra_bed_policy"": ""Khách trên 10 tuổi được coi là người lớn\nThông tin giường phụ thì tùy thuộc vào mỗi phòng. Vui lòng kiểm tra thông tin phòng để biết chi tiết.""}",3,2026-09-19T16:37:03.011504+00:00
80c248dd5eb3,9eeb95ae6b2847063a774ad7,https://www.bestprice.vn/khach-san/legacy-yen-tu-mgallery-by-sofitel-1552.html,https://www.bestprice.vn/khach-san/legacy-yen-tu-mgallery-by-sofitel-1552.html,Legacy Yên Tử - MGallery by Sofitel,"Xã Thượng Yên Công, Thành phố Uông Bí, Tỉnh Quảng Ninh, Việt Nam.",5,14:00,12:00,Thời gian nhận phòng: 14:00,Thời gian trả phòng: 12:00,4.5,,16,7,8,requires_dates,"{""checkin_policy"": ""Khi đến nhận phòng, quý khách vui lòng mang theo:\n- CCCD hoặc passport.\n- Phiếu xác nhận đặt phòng của Best Price\n*Lưu ý: Theo quy định của pháp luật Việt Nam, khi 1 khách nước ngoài + 1 khách Việt Nam ở chung một phòng thì yêu cầu phải có giấy đăng ký kết hôn."", ""cancellation_policy"": ""Phí hủy đổi đặt phòng = phí hủy/đổi của khách sạn + phí xử lý giao dịch của Best Price.\nPhí hủy/đổi của khách sạn được chính khách sạn quy định như sau:"", ""children_extra_bed_policy"": ""Khách trên 12 tuổi được coi là người lớn\nThông tin giường phụ thì tùy thuộc vào mỗi phòng. Vui lòng kiểm tra thông tin phòng để biết chi tiết.""}",3,2026-09-19T13:56:52.450900+00:00
80c248dd5eb3,9f9b216becd68d8417e1b9d1,https://www.bestprice.vn/khach-san/merperle-hon-tam-resort-nha-trang-142.html,https://www.bestprice.vn/khach-san/merperle-hon-tam-resort-nha-trang-142.html,Merperle Hòn Tằm Resort Nha Trang,"Hòn Tằm, Vĩnh Nguyên, Nha Trang",5,14:00,12:00,Thời gian nhận phòng: 14:00,Thời gian trả phòng: 12:00,4.5,,10,10,12,requires_dates,"{""checkin_policy"": ""Khi đến nhận phòng, quý khách vui lòng mang theo:\n- CCCD hoặc passport.\n- Phiếu xác nhận đặt phòng của Best Price\n*Lưu ý: Theo quy định của pháp luật Việt Nam, khi 1 khách nước ngoài + 1 khách Việt Nam ở chung một phòng thì yêu cầu phải có giấy đăng ký kết hôn."", ""cancellation_policy"": ""Phí hủy đổi đặt phòng = phí hủy/đổi của khách sạn + phí xử lý giao dịch của Best Price.\nPhí hủy/đổi của khách sạn được chính khách sạn quy định như sau:\nKhách hàng đặt phòng sẽ không được quyền hoàn phòng, hủy đặt phòng nhưng được phép thay đổi đơn đặt phòng."", ""children_extra_bed_policy"": ""Khách trên 11 tuổi được coi là người lớn\nThông tin giường phụ thì tùy thuộc vào mỗi phòng. Vui lòng kiểm tra thông tin phòng để biết chi tiết.""}",3,2026-09-19T14:04:58.697896+00:00
80c248dd5eb3,9fdd7e1b4176db651db3d333,https://www.bestprice.vn/khach-san/da-lat-iris-1455.html,https://www.bestprice.vn/khach-san/da-lat-iris-1455.html,Iris Đà Lạt Hotel,"Số 20 Đường Phan Như Thạch, Phường 1, Thành phố Đà Lạt, Tỉnh Lâm Đồng.",3,14:00,12:00,Thời gian nhận phòng: 14:00,Thời gian trả phòng: 12:00,4.5,,23,6,10,published_reference,"{""checkin_policy"": ""Khi đến nhận phòng, quý khách vui lòng mang theo:\n- CCCD hoặc passport.\n- Phiếu xác nhận đặt phòng của Best Price\n*Lưu ý: Theo quy định của pháp luật Việt Nam, khi 1 khách nước ngoài + 1 khách Việt Nam ở chung một phòng thì yêu cầu phải có giấy đăng ký kết hôn."", ""cancellation_policy"": ""Phí hủy đổi đặt phòng = phí hủy/đổi của khách sạn + phí xử lý giao dịch của Best Price.\nPhí hủy/đổi của khách sạn được chính khách sạn quy định như sau:\nKhách hàng đặt dịch vụ sẽ không được quyền hoàn dịch vụ, hủy đặt dịch vụ."", ""children_extra_bed_policy"": ""Khách trên 11 tuổi được coi là người lớn\nThông tin giường phụ thì tùy thuộc vào mỗi phòng. Vui lòng kiểm tra thông tin phòng để biết chi tiết.""}",3,2026-09-19T14:05:22.709408+00:00
80c248dd5eb3,a002ae88dd60ceb2b90c2f5b,https://www.bestprice.vn/khach-san/sol-an-bang-beach-resort-spa-1538.html,https://www.bestprice.vn/khach-san/sol-an-bang-beach-resort-spa-1538.html,Sol An Bàng Beach Resort & Spa,"72 Nguyễn Phan Vinh, Phường Cẩm An, Thành phố Hội An, Tỉnh Quảng Nam",4,14:00,12:00,Thời gian nhận phòng: 14:00,Thời gian trả phòng: 12:00,4.5,,10,3,18,requires_dates,"{""checkin_policy"": ""Khi đến nhận phòng, quý khách vui lòng mang theo:\n- CCCD hoặc passport.\n- Phiếu xác nhận đặt phòng của Best Price\n*Lưu ý: Theo quy định của pháp luật Việt Nam, khi 1 khách nước ngoài + 1 khách Việt Nam ở chung một phòng thì yêu cầu phải có giấy đăng ký kết hôn."", ""cancellation_policy"": ""Phí hủy đổi đặt phòng = phí hủy/đổi của khách sạn + phí xử lý giao dịch của Best Price.\nPhí hủy/đổi của khách sạn được chính khách sạn quy định như sau:\nKhách hàng đặt phòng sẽ không được quyền hoàn phòng, hủy đặt phòng nhưng được phép thay đổi đơn đặt phòng."", ""children_extra_bed_policy"": ""Khách trên 11 tuổi được coi là người lớn\nThông tin giường phụ thì tùy thuộc vào mỗi phòng. Vui lòng kiểm tra thông tin phòng để biết chi tiết.""}",3,2026-09-20T05:15:47.080963+00:00
80c248dd5eb3,a0a7a34ae1b94a0a197d5c58,https://www.bestprice.vn/khach-san/star-city-nha-trang-hotel-1833.html,https://www.bestprice.vn/khach-san/star-city-nha-trang-hotel-1833.html,Starcity Hotel & Condotel Beachfront Nha Trang,"72 - 74 Đường Trần Phú, Phường Lộc Thọ, Thành Phố Nha Trang, Tỉnh Khánh Hòa",5,14:00,12:00,Thời gian nhận phòng: 14:00,Thời gian trả phòng: 12:00,4.5,,5,3,17,published_reference,"{""checkin_policy"": ""Khi đến nhận phòng, quý khách vui lòng mang theo:\n- CCCD hoặc passport.\n- Phiếu xác nhận đặt phòng của Best Price\n*Lưu ý: Theo quy định của pháp luật Việt Nam, khi 1 khách nước ngoài + 1 khách Việt Nam ở chung một phòng thì yêu cầu phải có giấy đăng ký kết hôn."", ""cancellation_policy"": ""Phí hủy đổi đặt phòng = phí hủy/đổi của khách sạn + phí xử lý giao dịch của Best Price.\nPhí hủy/đổi của khách sạn được chính khách sạn quy định như sau:\nKhách hàng đặt dịch vụ sẽ không được quyền hoàn dịch vụ, hủy đặt dịch vụ."", ""children_extra_bed_policy"": ""Khách trên 11 tuổi được coi là người lớn\nThông tin giường phụ thì tùy thuộc vào mỗi phòng. Vui lòng kiểm tra thông tin phòng để biết chi tiết.""}",3,2026-09-19T14:05:08.683828+00:00
80c248dd5eb3,a33f73f2ee29ef8baaec7ed0,https://www.bestprice.vn/khach-san/le-bleu-tam-dao-floating-clouds-1626.html,https://www.bestprice.vn/khach-san/le-bleu-tam-dao-floating-clouds-1626.html,Le Bleu Tam Dao - Floating Clouds,"Thị Trấn Tam Đảo , Huyện Tam Đảo, Tỉnh Vĩnh Phúc",3,14:00,12:00,Thời gian nhận phòng: 14:00,Thời gian trả phòng: 12:00,4.0,,1,1,3,requires_dates,"{""checkin_policy"": ""Khi đến nhận phòng, quý khách vui lòng mang theo:\n- CCCD hoặc passport.\n- Phiếu xác nhận đặt phòng của Best Price\n*Lưu ý: Theo quy định của pháp luật Việt Nam, khi 1 khách nước ngoài + 1 khách Việt Nam ở chung một phòng thì yêu cầu phải có giấy đăng ký kết hôn."", ""cancellation_policy"": ""Phí hủy đổi đặt phòng = phí hủy/đổi của khách sạn + phí xử lý giao dịch của Best Price.\nPhí hủy/đổi của khách sạn được chính khách sạn quy định như sau:\nKhách hàng đặt phòng sẽ không được quyền hoàn phòng, hủy đặt phòng nhưng được phép thay đổi đơn đặt phòng."", ""children_extra_bed_policy"": ""Khách trên 11 tuổi được coi là người lớn\nThông tin giường phụ thì tùy thuộc vào mỗi phòng. Vui lòng kiểm tra thông tin phòng để biết chi tiết.""}",3,2026-09-19T13:54:50.371019+00:00
80c248dd5eb3,a419297c24b5ba029b2a4a1a,https://www.bestprice.vn/khach-san/dana-marina-da-nang-1447.html,https://www.bestprice.vn/khach-san/dana-marina-da-nang-1447.html,Dana Marina Hotel Đà Nẵng,"Số 47 Đường Võ Văn Kiệt, Phường Phước Mỹ, Quận Sơn Trà, Thành phố Đà Nẵng",3,14:00,12:00,Thời gian nhận phòng: 14:00,Thời gian trả phòng: 12:00,4.5,,9,5,12,published_reference,"{""checkin_policy"": ""Khi đến nhận phòng, quý khách vui lòng mang theo:\n- CCCD hoặc passport.\n- Phiếu xác nhận đặt phòng của Best Price\n*Lưu ý: Theo quy định của pháp luật Việt Nam, khi 1 khách nước ngoài + 1 khách Việt Nam ở chung một phòng thì yêu cầu phải có giấy đăng ký kết hôn."", ""cancellation_policy"": ""Phí hủy đổi đặt phòng = phí hủy/đổi của khách sạn + phí xử lý giao dịch của Best Price.\nPhí hủy/đổi của khách sạn được chính khách sạn quy định như sau:\nKhách hàng đặt dịch vụ sẽ không được quyền hoàn dịch vụ, hủy đặt dịch vụ."", ""children_extra_bed_policy"": ""Khách trên 12 tuổi được coi là người lớn\nThông tin giường phụ thì tùy thuộc vào mỗi phòng. Vui lòng kiểm tra thông tin phòng để biết chi tiết.""}",3,2026-09-19T16:41:25.356635+00:00
80c248dd5eb3,a45e41b180002aca53abe27d,https://www.bestprice.vn/khach-san/bai-lu-resort-1272.html,https://www.bestprice.vn/khach-san/bai-lu-resort-1272.html,Bãi Lữ Resort,"Xã Nghi Yên, H. Nghi Lộc, T. Nghệ An, Việt Nam",4,14:00,12:00,Thời gian nhận phòng: 14:00,Thời gian trả phòng: 12:00,4.5,,10,6,13,requires_dates,"{""checkin_policy"": ""Khi đến nhận phòng, quý khách vui lòng mang theo:\n- CCCD hoặc passport.\n- Phiếu xác nhận đặt phòng của Best Price\n*Lưu ý: Theo quy định của pháp luật Việt Nam, khi 1 khách nước ngoài + 1 khách Việt Nam ở chung một phòng thì yêu cầu phải có giấy đăng ký kết hôn."", ""cancellation_policy"": ""Phí hủy đổi đặt phòng = phí hủy/đổi của khách sạn + phí xử lý giao dịch của Best Price.\nPhí hủy/đổi của khách sạn được chính khách sạn quy định như sau:"", ""children_extra_bed_policy"": ""Khách trên 12 tuổi được coi là người lớn\nThông tin giường phụ thì tùy thuộc vào mỗi phòng. Vui lòng kiểm tra thông tin phòng để biết chi tiết.""}",3,2026-09-19T13:56:06.405579+00:00
80c248dd5eb3,a5fddac11792447edc645d12,https://www.bestprice.vn/khach-san/melia-vinpearl-nha-trang-empire-1413.html,https://www.bestprice.vn/khach-san/melia-vinpearl-nha-trang-empire-1413.html,Melia Vinpearl Nha Trang Empire,"44-46 đường Lê Thánh Tôn, phường Lộc Thọ, thành phố Nha Trang",5,14:00,12:00,Thời gian nhận phòng: 14:00,Thời gian trả phòng: 12:00,4.5,,43,3,7,published_reference,"{""checkin_policy"": ""Khi đến nhận phòng, quý khách vui lòng mang theo:\n- CCCD hoặc passport.\n- Phiếu xác nhận đặt phòng của Best Price\n*Lưu ý: Theo quy định của pháp luật Việt Nam, khi 1 khách nước ngoài + 1 khách Việt Nam ở chung một phòng thì yêu cầu phải có giấy đăng ký kết hôn."", ""cancellation_policy"": ""Phí hủy đổi đặt phòng = phí hủy/đổi của khách sạn + phí xử lý giao dịch của Best Price.\nPhí hủy/đổi của khách sạn được chính khách sạn quy định như sau:\nHoàn hủy theo quy định của khách sạn"", ""children_extra_bed_policy"": ""Khách trên 12 tuổi được coi là người lớn\nThông tin giường phụ thì tùy thuộc vào mỗi phòng. Vui lòng kiểm tra thông tin phòng để biết chi tiết.""}",3,2026-09-19T16:30:42.863331+00:00
80c248dd5eb3,a72d29021d13d694934d1be6,https://www.bestprice.vn/khach-san/iris-can-tho-1297.html,https://www.bestprice.vn/khach-san/iris-can-tho-1297.html,Khách sạn Iris Cần Thơ,"Số 224 Đường 30/4, phường Xuân Khánh, quận Ninh Kiều, thành phố Cần Thơ",4,14:00,12:00,Thời gian nhận phòng: 14:00,Thời gian trả phòng: 12:00,4.5,,11,6,16,requires_dates,"{""checkin_policy"": ""Khi đến nhận phòng, quý khách vui lòng mang theo:\n- CCCD hoặc passport.\n- Phiếu xác nhận đặt phòng của Best Price\n*Lưu ý: Theo quy định của pháp luật Việt Nam, khi 1 khách nước ngoài + 1 khách Việt Nam ở chung một phòng thì yêu cầu phải có giấy đăng ký kết hôn."", ""cancellation_policy"": ""Phí hủy đổi đặt phòng = phí hủy/đổi của khách sạn + phí xử lý giao dịch của Best Price.\nPhí hủy/đổi của khách sạn được chính khách sạn quy định như sau:"", ""children_extra_bed_policy"": ""Khách trên 12 tuổi được coi là người lớn\nThông tin giường phụ thì tùy thuộc vào mỗi phòng. Vui lòng kiểm tra thông tin phòng để biết chi tiết.""}",3,2026-09-19T13:55:36.388540+00:00
80c248dd5eb3,a8e2e6b46104f1b2dfc94833,https://www.bestprice.vn/khach-san/vuon-co-thom-villa-1628.html,https://www.bestprice.vn/khach-san/vuon-co-thom-villa-1628.html,Vườn Cỏ Thơm Villa,Lương Sơn Hòa Bình,3,14:00,12:00,Thời gian nhận phòng: 14h,Thời gian trả phòng: 12h,4.0,,1,1,1,requires_dates,"{""checkin_policy"": ""Khi đến nhận phòng, quý khách vui lòng mang theo:\n- CCCD hoặc passport.\n- Phiếu xác nhận đặt phòng của Best Price\n*Lưu ý: Theo quy định của pháp luật Việt Nam, khi 1 khách nước ngoài + 1 khách Việt Nam ở chung một phòng thì yêu cầu phải có giấy đăng ký kết hôn."", ""cancellation_policy"": ""Phí hủy đổi đặt phòng = phí hủy/đổi của khách sạn + phí xử lý giao dịch của Best Price.\nPhí hủy/đổi của khách sạn được chính khách sạn quy định như sau:\nPhụ thu người thứ 7 : 400.000đ/khách ( ngày thường), 750.000đ/khách ( ngày cuối tuần)"", ""children_extra_bed_policy"": ""Khách trên 10 tuổi được coi là người lớn\nThông tin giường phụ thì tùy thuộc vào mỗi phòng. Vui lòng kiểm tra thông tin phòng để biết chi tiết.""}",3,2026-09-19T13:56:14.395579+00:00
80c248dd5eb3,a930fc470f6f262779958a7a,https://www.bestprice.vn/khach-san/anya-premier-hotel-quy-nhon-1881.html,https://www.bestprice.vn/khach-san/anya-premier-hotel-quy-nhon-1881.html,Anya Premier Hotel Quy Nhơn,"Số 44 Đường An Dương Vương, Phường Nguyễn Văn Cừ, Thành phố Quy Nhơn, Tỉnh Bình Định",5,14:00,12:00,Thời gian nhận phòng: 14:00,Thời gian trả phòng: 12:00,4.5,,4,9,11,published_reference,"{""checkin_policy"": ""Khi đến nhận phòng, quý khách vui lòng mang theo:\n- CCCD hoặc passport.\n- Phiếu xác nhận đặt phòng của Best Price\n*Lưu ý: Theo quy định của pháp luật Việt Nam, khi 1 khách nước ngoài + 1 khách Việt Nam ở chung một phòng thì yêu cầu phải có giấy đăng ký kết hôn."", ""cancellation_policy"": ""Phí hủy đổi đặt phòng = phí hủy/đổi của khách sạn + phí xử lý giao dịch của Best Price.\nPhí hủy/đổi của khách sạn được chính khách sạn quy định như sau:\nKhách hàng đặt phòng sẽ không được quyền hoàn phòng, hủy đặt phòng nhưng được phép thay đổi đơn đặt phòng."", ""children_extra_bed_policy"": ""Khách trên 11 tuổi được coi là người lớn\nThông tin giường phụ thì tùy thuộc vào mỗi phòng. Vui lòng kiểm tra thông tin phòng để biết chi tiết.""}",3,2026-09-19T13:54:06.377879+00:00
80c248dd5eb3,aafc8061e515b13785e903a2,https://www.bestprice.vn/khach-san/the-mansion-hoi-an-1586.html,https://www.bestprice.vn/khach-san/the-mansion-hoi-an-1586.html,The Mansion Hội An,"170 Phố Nguyễn Duy Hiệu, Phường Cẩm Châu, Thành Phố Hội An, Tỉnh Quảng Nam",3,14:00,12:00,Thời gian nhận phòng: 14:00,Thời gian trả phòng: 12:00,4.9,,86,4,9,requires_dates,"{""checkin_policy"": ""Khi đến nhận phòng, quý khách vui lòng mang theo:\n- CCCD hoặc passport.\n- Phiếu xác nhận đặt phòng của Best Price\n*Lưu ý: Theo quy định của pháp luật Việt Nam, khi 1 khách nước ngoài + 1 khách Việt Nam ở chung một phòng thì yêu cầu phải có giấy đăng ký kết hôn."", ""cancellation_policy"": ""Phí hủy đổi đặt phòng = phí hủy/đổi của khách sạn + phí xử lý giao dịch của Best Price.\nPhí hủy/đổi của khách sạn được chính khách sạn quy định như sau:\nKhách hàng đặt phòng sẽ không được quyền hoàn phòng, hủy đặt phòng nhưng được phép thay đổi đơn đặt phòng."", ""children_extra_bed_policy"": ""Khách trên 12 tuổi được coi là người lớn\nThông tin giường phụ thì tùy thuộc vào mỗi phòng. Vui lòng kiểm tra thông tin phòng để biết chi tiết.""}",3,2026-09-19T14:05:10.678651+00:00
80c248dd5eb3,ab26d85f066b09aa26f1311e,https://www.bestprice.vn/khach-san/ha-long-plaza-136.html,https://www.bestprice.vn/khach-san/ha-long-plaza-136.html,Hạ Long Plaza Hotel,"Số 8, Đường Hạ Long, Phường Bãi Cháy, Thành Phố Hạ Long, Tỉnh Quảng Ninh",4,14:00,12:00,Thời gian nhận phòng: 14:00,Thời gian trả phòng: 12:00,4.5,,13,5,17,requires_dates,"{""checkin_policy"": ""Khi đến nhận phòng, quý khách vui lòng mang theo:\n- CCCD hoặc passport.\n- Phiếu xác nhận đặt phòng của Best Price\n*Lưu ý: Theo quy định của pháp luật Việt Nam, khi 1 khách nước ngoài + 1 khách Việt Nam ở chung một phòng thì yêu cầu phải có giấy đăng ký kết hôn."", ""cancellation_policy"": ""Phí hủy đổi đặt phòng = phí hủy/đổi của khách sạn + phí xử lý giao dịch của Best Price.\nPhí hủy/đổi của khách sạn được chính khách sạn quy định như sau:\nKhách hàng đặt phòng sẽ không được quyền hoàn phòng, hủy đặt phòng nhưng được phép thay đổi đơn đặt phòng."", ""children_extra_bed_policy"": ""Khách trên 9 tuổi được coi là người lớn\nThông tin giường phụ thì tùy thuộc vào mỗi phòng. Vui lòng kiểm tra thông tin phòng để biết chi tiết.""}",3,2026-09-19T16:31:18.821631+00:00
80c248dd5eb3,ab843b77bc65d3438eba12de,https://www.bestprice.vn/khach-san/swiss-village-resort-spa-mui-ne-898.html,https://www.bestprice.vn/khach-san/swiss-village-resort-spa-mui-ne-898.html,Swiss Village Resort & Spa Mũi Né,"Số 44 Đường Nguyễn Đình Chiểu, Phường Hàm Tiến, Thành phố Phan Thiết, Tỉnh Bình Thuận.",4,14:00,12:00,Thời gian nhận phòng: 14:00,Thời gian trả phòng: 12:00,4.0,,8,10,21,published_reference,"{""checkin_policy"": ""Khi đến nhận phòng, quý khách vui lòng mang theo:\n- CCCD hoặc passport.\n- Phiếu xác nhận đặt phòng của Best Price\n*Lưu ý: Theo quy định của pháp luật Việt Nam, khi 1 khách nước ngoài + 1 khách Việt Nam ở chung một phòng thì yêu cầu phải có giấy đăng ký kết hôn."", ""cancellation_policy"": ""Phí hủy đổi đặt phòng = phí hủy/đổi của khách sạn + phí xử lý giao dịch của Best Price.\nPhí hủy/đổi của khách sạn được chính khách sạn quy định như sau:\nKhách hàng đặt phòng sẽ không được quyền hoàn phòng, hủy đặt phòng nhưng được phép thay đổi đơn đặt phòng."", ""children_extra_bed_policy"": ""Khách trên 11 tuổi được coi là người lớn\nThông tin giường phụ thì tùy thuộc vào mỗi phòng. Vui lòng kiểm tra thông tin phòng để biết chi tiết.""}",3,2026-09-20T05:40:26.023348+00:00
80c248dd5eb3,acd378223ef67155cf64ab56,https://www.bestprice.vn/khach-san/chicland-hotel-da-nang-1681.html,https://www.bestprice.vn/khach-san/chicland-hotel-da-nang-1681.html,Chicland Hotel Đà Nẵng,"Số 210 Đường Võ Nguyên Giáp, Phường Phước Mỹ, Quận Sơn Trà, Thành phố Đà Nẵng",4,14:00,12:00,Thời gian nhận phòng: 14:00,Thời gian trả phòng: 12:00,4.5,,2,12,12,published_reference,"{""checkin_policy"": ""Khi đến nhận phòng, quý khách vui lòng mang theo:\n- CCCD hoặc passport.\n- Phiếu xác nhận đặt phòng của Best Price\n*Lưu ý: Theo quy định của pháp luật Việt Nam, khi 1 khách nước ngoài + 1 khách Việt Nam ở chung một phòng thì yêu cầu phải có giấy đăng ký kết hôn."", ""cancellation_policy"": ""Phí hủy đổi đặt phòng = phí hủy/đổi của khách sạn + phí xử lý giao dịch của Best Price.\nPhí hủy/đổi của khách sạn được chính khách sạn quy định như sau:\nKhách hàng đặt phòng sẽ không được quyền hoàn phòng, hủy đặt phòng nhưng được phép thay đổi đơn đặt phòng."", ""children_extra_bed_policy"": ""Khách trên 11 tuổi được coi là người lớn\nThông tin giường phụ thì tùy thuộc vào mỗi phòng. Vui lòng kiểm tra thông tin phòng để biết chi tiết.""}",3,2026-09-19T12:57:05.400991+00:00
80c248dd5eb3,ad27511cab22865bfc6b3250,https://www.bestprice.vn/khach-san/xanh-villas-resort-spa-1540.html,https://www.bestprice.vn/khach-san/xanh-villas-resort-spa-1540.html,Xanh Villas Resort & Spa,"Khu đô thị Xanh Villas, Huyện Thạch Thất, Thành phố Hà Nội",4,14:00,12:00,Thời gian nhận phòng: 14:00,Thời gian trả phòng: 12:00,4.5,,1,2,26,requires_dates,"{""checkin_policy"": ""Khi đến nhận phòng, quý khách vui lòng mang theo:\n- CCCD hoặc passport.\n- Phiếu xác nhận đặt phòng của Best Price\n*Lưu ý: Theo quy định của pháp luật Việt Nam, khi 1 khách nước ngoài + 1 khách Việt Nam ở chung một phòng thì yêu cầu phải có giấy đăng ký kết hôn."", ""cancellation_policy"": ""Phí hủy đổi đặt phòng = phí hủy/đổi của khách sạn + phí xử lý giao dịch của Best Price.\nPhí hủy/đổi của khách sạn được chính khách sạn quy định như sau:\nKhách hàng đặt phòng sẽ không được quyền hoàn phòng, hủy đặt phòng nhưng được phép thay đổi đơn đặt phòng."", ""children_extra_bed_policy"": ""Khách trên 11 tuổi được coi là người lớn\nThông tin giường phụ thì tùy thuộc vào mỗi phòng. Vui lòng kiểm tra thông tin phòng để biết chi tiết.""}",3,2026-09-19T16:37:15.009725+00:00
80c248dd5eb3,ada6832ee8d5818964f4fa57,https://www.bestprice.vn/khach-san/galliot-nha-trang-29.html,https://www.bestprice.vn/khach-san/galliot-nha-trang-29.html,Galliot Hotel Nha Trang,"61A Nguyễn Thiện Thuật, Thành Phố Nha Trang, Khánh Hòa",4,14:00,12:00,Thời gian nhận phòng: 14:00,Thời gian trả phòng: 12:00,4.5,,10,4,17,requires_dates,"{""checkin_policy"": ""Khi đến nhận phòng, quý khách vui lòng mang theo:\n- CCCD hoặc passport.\n- Phiếu xác nhận đặt phòng của Best Price\n*Lưu ý: Theo quy định của pháp luật Việt Nam, khi 1 khách nước ngoài + 1 khách Việt Nam ở chung một phòng thì yêu cầu phải có giấy đăng ký kết hôn."", ""cancellation_policy"": ""Phí hủy đổi đặt phòng = phí hủy/đổi của khách sạn + phí xử lý giao dịch của Best Price.\nPhí hủy/đổi của khách sạn được chính khách sạn quy định như sau:\nKhách hàng đặt phòng sẽ không được quyền hoàn phòng, hủy đặt phòng nhưng được phép thay đổi đơn đặt phòng."", ""children_extra_bed_policy"": ""Khách trên 11 tuổi được coi là người lớn\nThông tin giường phụ thì tùy thuộc vào mỗi phòng. Vui lòng kiểm tra thông tin phòng để biết chi tiết.""}",3,2026-09-19T14:05:06.818574+00:00
80c248dd5eb3,ae1b39f487749deccf81154e,https://www.bestprice.vn/khach-san/pistachio-sapa-1510.html,https://www.bestprice.vn/khach-san/pistachio-sapa-1510.html,Pistachio Hotel Sapa,"Số nhà 29, Tổ 10, Đường Thác Bạc, Phường Sapa, Thị trấn Sapa, Tỉnh Lào Cai.",4,14:00,12:00,Thời gian nhận phòng: 14:00,Thời gian trả phòng: 12:00,4.5,,6,7,33,requires_dates,"{""checkin_policy"": ""Khi đến nhận phòng, quý khách vui lòng mang theo:\n- CCCD hoặc passport.\n- Phiếu xác nhận đặt phòng của Best Price\n*Lưu ý: Theo quy định của pháp luật Việt Nam, khi 1 khách nước ngoài + 1 khách Việt Nam ở chung một phòng thì yêu cầu phải có giấy đăng ký kết hôn."", ""cancellation_policy"": ""Phí hủy đổi đặt phòng = phí hủy/đổi của khách sạn + phí xử lý giao dịch của Best Price.\nPhí hủy/đổi của khách sạn được chính khách sạn quy định như sau:\nKhách hàng đặt phòng sẽ không được quyền hoàn phòng, hủy đặt phòng nhưng được phép thay đổi đơn đặt phòng."", ""children_extra_bed_policy"": ""Khách trên 11 tuổi được coi là người lớn\nThông tin giường phụ thì tùy thuộc vào mỗi phòng. Vui lòng kiểm tra thông tin phòng để biết chi tiết.""}",3,2026-09-20T05:06:18.805738+00:00
80c248dd5eb3,ae355c74108af80d90c3c5f7,https://www.bestprice.vn/khach-san/lazure-resort-and-spa-phu-quoc-1664.html,https://www.bestprice.vn/khach-san/lazure-resort-and-spa-phu-quoc-1664.html,L'Azure Resort and Spa Phú Quốc,"64 Trần Hưng Đạo, Thị Trấn Dương Đông, Thành Phố Phú Quốc ,Tỉnh Kiên Giang",5,15:00,12:00,Thời gian nhận phòng: 15:00,Thời gian trả phòng: 12:00,4.5,,10,7,15,requires_dates,"{""checkin_policy"": ""Khi đến nhận phòng, quý khách vui lòng mang theo:\n- CCCD hoặc passport.\n- Phiếu xác nhận đặt phòng của Best Price\n*Lưu ý: Theo quy định của pháp luật Việt Nam, khi 1 khách nước ngoài + 1 khách Việt Nam ở chung một phòng thì yêu cầu phải có giấy đăng ký kết hôn."", ""cancellation_policy"": ""Phí hủy đổi đặt phòng = phí hủy/đổi của khách sạn + phí xử lý giao dịch của Best Price.\nPhí hủy/đổi của khách sạn được chính khách sạn quy định như sau:\nKhách hàng đặt phòng sẽ không được quyền hoàn phòng, hủy đặt phòng nhưng được phép thay đổi đơn đặt phòng."", ""children_extra_bed_policy"": ""Khách trên 11 tuổi được coi là người lớn\nThông tin giường phụ thì tùy thuộc vào mỗi phòng. Vui lòng kiểm tra thông tin phòng để biết chi tiết.""}",3,2026-09-19T16:36:14.994646+00:00
80c248dd5eb3,ae7fe656e286af20aaaf32e0,https://www.bestprice.vn/khach-san/seahorse-resort-spa-phan-thiet-120.html,https://www.bestprice.vn/khach-san/seahorse-resort-spa-phan-thiet-120.html,Seahorse Resort & Spa Phan Thiết,"Nguyễn Đình Chiểu, P. Hàm Tiên, Phan Thiết",4,14:00,11:30,Thời gian nhận phòng: 14:00,Thời gian trả phòng: 11:30,4.0,,10,11,17,requires_dates,"{""checkin_policy"": ""Khi đến nhận phòng, quý khách vui lòng mang theo:\n- CCCD hoặc passport.\n- Phiếu xác nhận đặt phòng của Best Price\n*Lưu ý: Theo quy định của pháp luật Việt Nam, khi 1 khách nước ngoài + 1 khách Việt Nam ở chung một phòng thì yêu cầu phải có giấy đăng ký kết hôn."", ""cancellation_policy"": ""Phí hủy đổi đặt phòng = phí hủy/đổi của khách sạn + phí xử lý giao dịch của Best Price.\nPhí hủy/đổi của khách sạn được chính khách sạn quy định như sau:"", ""children_extra_bed_policy"": ""Khách trên 12 tuổi được coi là người lớn\nThông tin giường phụ thì tùy thuộc vào mỗi phòng. Vui lòng kiểm tra thông tin phòng để biết chi tiết.""}",3,2026-09-19T16:31:04.802987+00:00
80c248dd5eb3,b186b02d348c37d8414291e7,https://www.bestprice.vn/khach-san/radisson-blu-resort-phu-quoc-1895.html,https://www.bestprice.vn/khach-san/radisson-blu-resort-phu-quoc-1895.html,Radisson Blu Resort Phú Quốc,"Bãi Dài, Xã Gành Dầu, Thành Phố Phú Quốc, Tỉnh Kiên Giang",5,14:00,12:00,Thời gian nhận phòng: 14:00,Thời gian trả phòng: 12:00,4.0,,7,10,23,published_reference,"{""checkin_policy"": ""Khi đến nhận phòng, quý khách vui lòng mang theo:\n- CCCD hoặc passport.\n- Phiếu xác nhận đặt phòng của Best Price\n*Lưu ý: Theo quy định của pháp luật Việt Nam, khi 1 khách nước ngoài + 1 khách Việt Nam ở chung một phòng thì yêu cầu phải có giấy đăng ký kết hôn."", ""cancellation_policy"": ""Phí hủy đổi đặt phòng = phí hủy/đổi của khách sạn + phí xử lý giao dịch của Best Price.\nPhí hủy/đổi của khách sạn được chính khách sạn quy định như sau:\nKhách hàng đặt phòng sẽ không được quyền hoàn phòng, hủy đặt phòng nhưng được phép thay đổi đơn đặt phòng."", ""children_extra_bed_policy"": ""Khách trên 11 tuổi được coi là người lớn\nThông tin giường phụ thì tùy thuộc vào mỗi phòng. Vui lòng kiểm tra thông tin phòng để biết chi tiết.""}",3,2026-09-19T13:56:04.454195+00:00
80c248dd5eb3,b45e0e00a1296b1eb2c1a24a,https://www.bestprice.vn/khach-san/hoi-an-beach-resort-10.html,https://www.bestprice.vn/khach-san/hoi-an-beach-resort-10.html,Hội An Beach Resort,"01 Cửa Đại, Thành phố Hội An, Tỉnh Quảng Nam",5,14:00,12:00,Thời gian nhận phòng: 14:00,Thời gian trả phòng: 12:00,4.5,,10,7,15,requires_dates,"{""checkin_policy"": ""Khi đến nhận phòng, quý khách vui lòng mang theo:\n- CCCD hoặc passport.\n- Phiếu xác nhận đặt phòng của Best Price\n*Lưu ý: Theo quy định của pháp luật Việt Nam, khi 1 khách nước ngoài + 1 khách Việt Nam ở chung một phòng thì yêu cầu phải có giấy đăng ký kết hôn."", ""cancellation_policy"": ""Phí hủy đổi đặt phòng = phí hủy/đổi của khách sạn + phí xử lý giao dịch của Best Price.\nPhí hủy/đổi của khách sạn được chính khách sạn quy định như sau:"", ""children_extra_bed_policy"": ""Khách trên 12 tuổi được coi là người lớn\nThông tin giường phụ thì tùy thuộc vào mỗi phòng. Vui lòng kiểm tra thông tin phòng để biết chi tiết.""}",3,2026-09-20T05:15:41.098768+00:00
80c248dd5eb3,b4a94048dda375c215f6f795,https://www.bestprice.vn/khach-san/sea-hamony-quy-nhon-1777.html,https://www.bestprice.vn/khach-san/sea-hamony-quy-nhon-1777.html,Sea Harmony Hotel Quy Nhơn,"20 Bùi Tư Toàn, Nguyễn Văn Cừ, Thành Phố Quy Nhơn, Tỉnh Bình Định",3,14:00,12:00,Thời gian nhận phòng: 14h,Thời gian trả phòng: 12h,4.8,,77,5,18,requires_dates,"{""checkin_policy"": ""Khi đến nhận phòng, quý khách vui lòng mang theo:\n- CCCD hoặc passport.\n- Phiếu xác nhận đặt phòng của Best Price\n*Lưu ý: Theo quy định của pháp luật Việt Nam, khi 1 khách nước ngoài + 1 khách Việt Nam ở chung một phòng thì yêu cầu phải có giấy đăng ký kết hôn."", ""cancellation_policy"": ""Phí hủy đổi đặt phòng = phí hủy/đổi của khách sạn + phí xử lý giao dịch của Best Price.\nPhí hủy/đổi của khách sạn được chính khách sạn quy định như sau:\nKhách hàng đặt phòng sẽ không được quyền hoàn phòng, hủy đặt phòng nhưng được phép thay đổi đơn đặt phòng."", ""children_extra_bed_policy"": ""Khách trên 6 tuổi được coi là người lớn\nThông tin giường phụ thì tùy thuộc vào mỗi phòng. Vui lòng kiểm tra thông tin phòng để biết chi tiết.""}",3,2026-09-20T05:15:39.120967+00:00
80c248dd5eb3,b6738e59b347b3fc1f657671,https://www.bestprice.vn/khach-san/seaside-boutique-resort-quy-nhon-1642.html,https://www.bestprice.vn/khach-san/seaside-boutique-resort-quy-nhon-1642.html,Seaside Boutique Resort Quy Nhơn,"QL1D, Cầu, 2, Bãi Bàng, Thành phố Quy Nhơn, Tỉnh Bình Định",5,14:00,12:00,Thời gian nhận phòng: 14:00,Thời gian trả phòng: 12:00,4.5,,1,7,13,published_reference,"{""checkin_policy"": ""Khi đến nhận phòng, quý khách vui lòng mang theo:\n- CCCD hoặc passport.\n- Phiếu xác nhận đặt phòng của Best Price\n*Lưu ý: Theo quy định của pháp luật Việt Nam, khi 1 khách nước ngoài + 1 khách Việt Nam ở chung một phòng thì yêu cầu phải có giấy đăng ký kết hôn."", ""cancellation_policy"": ""Phí hủy đổi đặt phòng = phí hủy/đổi của khách sạn + phí xử lý giao dịch của Best Price.\nPhí hủy/đổi của khách sạn được chính khách sạn quy định như sau:\nKhách hàng đặt dịch vụ sẽ không được quyền hoàn dịch vụ, hủy đặt dịch vụ."", ""children_extra_bed_policy"": ""Khách trên 12 tuổi được coi là người lớn\nThông tin giường phụ thì tùy thuộc vào mỗi phòng. Vui lòng kiểm tra thông tin phòng để biết chi tiết.""}",3,2026-09-20T05:15:37.103517+00:00
80c248dd5eb3,b732e10ed1048eb8e5490117,https://www.bestprice.vn/khach-san/melia-vinpearl-cam-ranh-beach-resort-1389.html,https://www.bestprice.vn/khach-san/melia-vinpearl-cam-ranh-beach-resort-1389.html,Melia Vinpearl Cam Ranh Beach Resort,"Khu 2, Bắc bán đảo Cam Ranh, Nha Trang",5,14:00,12:00,Thời gian nhận phòng: 14:00,Thời gian trả phòng: 12:00,4.5,,45,7,14,published_reference,"{""checkin_policy"": ""Khi đến nhận phòng, quý khách vui lòng mang theo:\n- CCCD hoặc passport.\n- Phiếu xác nhận đặt phòng của Best Price\n*Lưu ý: Theo quy định của pháp luật Việt Nam, khi 1 khách nước ngoài + 1 khách Việt Nam ở chung một phòng thì yêu cầu phải có giấy đăng ký kết hôn."", ""cancellation_policy"": ""Phí hủy đổi đặt phòng = phí hủy/đổi của khách sạn + phí xử lý giao dịch của Best Price.\nPhí hủy/đổi của khách sạn được chính khách sạn quy định như sau:\nHoàn hủy theo quy định của khách sạn"", ""children_extra_bed_policy"": ""Khách trên 11 tuổi được coi là người lớn\nThông tin giường phụ thì tùy thuộc vào mỗi phòng. Vui lòng kiểm tra thông tin phòng để biết chi tiết.""}",3,2026-09-20T05:04:00.712351+00:00
80c248dd5eb3,b893362b559eb5046965f365,https://www.bestprice.vn/khach-san/vinpearl-resort-spa-phu-quoc-1342.html,https://www.bestprice.vn/khach-san/vinpearl-resort-spa-phu-quoc-1342.html,Vinpearl Resort & Spa Phú Quốc,"Bãi Dài, Gành Dầu, Phú Quốc",5,14:00,12:00,Thời gian nhận phòng: 14:00,Thời gian trả phòng: 12:00,4.5,,123,8,16,published_reference,"{""checkin_policy"": ""Khi đến nhận phòng, quý khách vui lòng mang theo:\n- CCCD hoặc passport.\n- Phiếu xác nhận đặt phòng của Best Price\n*Lưu ý: Theo quy định của pháp luật Việt Nam, khi 1 khách nước ngoài + 1 khách Việt Nam ở chung một phòng thì yêu cầu phải có giấy đăng ký kết hôn."", ""cancellation_policy"": ""Phí hủy đổi đặt phòng = phí hủy/đổi của khách sạn + phí xử lý giao dịch của Best Price.\nPhí hủy/đổi của khách sạn được chính khách sạn quy định như sau:\nKhách hàng đặt phòng sẽ không được quyền hoàn phòng, hủy đặt phòng nhưng được phép thay đổi đơn đặt phòng."", ""children_extra_bed_policy"": ""Khách trên 12 tuổi được coi là người lớn\nThông tin giường phụ thì tùy thuộc vào mỗi phòng. Vui lòng kiểm tra thông tin phòng để biết chi tiết.""}",3,2026-09-19T12:57:17.409783+00:00
80c248dd5eb3,bb2fbeba3cfd147a83d2319a,https://www.bestprice.vn/khach-san/ana-villas-da-lat-resort-spa-191.html,https://www.bestprice.vn/khach-san/ana-villas-da-lat-resort-spa-191.html,Ana Mandara Villas Dalat Resort & Spa,"Số 2, Đường Lê Lai, Phường 5, Thành phố Đà Lạt, Tỉnh Lâm Đồng",5,14:00,12:00,Thời gian nhận phòng: 14:00,Thời gian trả phòng: 12:00,4.0,,10,3,31,published_reference,"{""checkin_policy"": ""Khi đến nhận phòng, quý khách vui lòng mang theo:\n- CCCD hoặc passport.\n- Phiếu xác nhận đặt phòng của Best Price\n*Lưu ý: Theo quy định của pháp luật Việt Nam, khi 1 khách nước ngoài + 1 khách Việt Nam ở chung một phòng thì yêu cầu phải có giấy đăng ký kết hôn."", ""cancellation_policy"": ""Phí hủy đổi đặt phòng = phí hủy/đổi của khách sạn + phí xử lý giao dịch của Best Price.\nPhí hủy/đổi của khách sạn được chính khách sạn quy định như sau:\nKhách hàng đặt phòng sẽ không được quyền hoàn phòng, hủy đặt phòng nhưng được phép thay đổi đơn đặt phòng."", ""children_extra_bed_policy"": ""Khách trên 11 tuổi được coi là người lớn\nThông tin giường phụ thì tùy thuộc vào mỗi phòng. Vui lòng kiểm tra thông tin phòng để biết chi tiết.""}",3,2026-09-19T16:37:11.196319+00:00
80c248dd5eb3,bc8f1054a7b076b4cf5bf9d8,https://www.bestprice.vn/khach-san/amour-resort-bavi-3553.html,https://www.bestprice.vn/khach-san/amour-resort-bavi-3553.html,Amour Resort Bavi,"Vườn Quốc Gia Ba Vì, Hà Nội",4,14:00,11:00,Thời gian nhận phòng: 14:00,Thời gian trả phòng: 11:00,4.5,,4,5,9,published_reference,"{""checkin_policy"": ""Khi đến nhận phòng, quý khách vui lòng mang theo:\n- CCCD hoặc passport.\n- Phiếu xác nhận đặt phòng của Best Price\n*Lưu ý: Theo quy định của pháp luật Việt Nam, khi 1 khách nước ngoài + 1 khách Việt Nam ở chung một phòng thì yêu cầu phải có giấy đăng ký kết hôn."", ""cancellation_policy"": ""Phí hủy đổi đặt phòng = phí hủy/đổi của khách sạn + phí xử lý giao dịch của Best Price.\nPhí hủy/đổi của khách sạn được chính khách sạn quy định như sau:\nKhách hàng đặt dịch vụ sẽ không được quyền hoàn dịch vụ, hủy đặt dịch vụ."", ""children_extra_bed_policy"": ""Khách trên 10 tuổi được coi là người lớn\nThông tin giường phụ thì tùy thuộc vào mỗi phòng. Vui lòng kiểm tra thông tin phòng để biết chi tiết.""}",3,2026-09-19T15:47:27.433308+00:00
80c248dd5eb3,bf5be34b6469440c0f128c25,https://www.bestprice.vn/khach-san/chez-carole-resort-phu-quoc-635.html,https://www.bestprice.vn/khach-san/chez-carole-resort-phu-quoc-635.html,Chez Carole Resort Phú Quốc,"Phường 1, Ấp 4, Xã Cửa Cạn, Bãi Biển Ông Lang, Thành Phố Phú Quốc, Tỉnh Kiên Giang",4,14:00,12:00,Thời gian nhận phòng: 14:00,Thời gian trả phòng: 12:00,4.0,,7,12,18,requires_dates,"{""checkin_policy"": ""Khi đến nhận phòng, quý khách vui lòng mang theo:\n- CCCD hoặc passport.\n- Phiếu xác nhận đặt phòng của Best Price\n*Lưu ý: Theo quy định của pháp luật Việt Nam, khi 1 khách nước ngoài + 1 khách Việt Nam ở chung một phòng thì yêu cầu phải có giấy đăng ký kết hôn."", ""cancellation_policy"": ""Phí hủy đổi đặt phòng = phí hủy/đổi của khách sạn + phí xử lý giao dịch của Best Price.\nPhí hủy/đổi của khách sạn được chính khách sạn quy định như sau:\nKhách hàng đặt phòng sẽ không được quyền hoàn phòng, hủy đặt phòng nhưng được phép thay đổi đơn đặt phòng."", ""children_extra_bed_policy"": ""Khách trên 11 tuổi được coi là người lớn\nThông tin giường phụ thì tùy thuộc vào mỗi phòng. Vui lòng kiểm tra thông tin phòng để biết chi tiết.""}",3,2026-09-19T14:04:34.756115+00:00
80c248dd5eb3,c1061314cfc471c7f6400cc7,https://www.bestprice.vn/khach-san/bb-nha-trang-1422.html,https://www.bestprice.vn/khach-san/bb-nha-trang-1422.html,BB Hotel Nha Trang,"96B1/15 Trần Phú, Phường Lộc Thọ, Thành Phố Nha Trang",4,14:00,12:00,Thời gian nhận phòng: 14h00,Thời gian trả phòng: 12h00,4.5,,11,6,7,requires_dates,"{""checkin_policy"": ""Khi đến nhận phòng, quý khách vui lòng mang theo:\n- CCCD hoặc passport.\n- Phiếu xác nhận đặt phòng của Best Price\n*Lưu ý: Theo quy định của pháp luật Việt Nam, khi 1 khách nước ngoài + 1 khách Việt Nam ở chung một phòng thì yêu cầu phải có giấy đăng ký kết hôn."", ""cancellation_policy"": ""Phí hủy đổi đặt phòng = phí hủy/đổi của khách sạn + phí xử lý giao dịch của Best Price.\nPhí hủy/đổi của khách sạn được chính khách sạn quy định như sau:\nFit( dưới 8 phòng):\n-sẽ không tính phí hủy phòng trước 10 ngày với mùa thấp điểm và trước 14 ngày đối với mùa cao điểm.\n-Từ 7-10 ngày tính từ ngày đến (mùa thấp điểm) và dưới 14 ngày tính từ ngày đến ( mùa cao điểm) sẽ phải chịu 50% tổng giá phòng\n-dưới 7 ngày tính từ ngày đến( mùa thấp điểm) và dưới 10 ngày tính từ ngày đến ( mùa cao điểm) sẽ chịu 100% tổng giá phòng.\n-Nếu khách không đến sẽ chịu 100% tổng giá phòng.\nGIT( trên 8 phòng ):\n-trước 20 ngày( mùa thấp điểm) và trước 30 ngày ( mùa cao điểm) không tính phí\n-Từ 15-20 ngày tính từ ngày đến ( mùa thấp điểm) và từ 20-30 ngày tính từ ngày đến sẽ chịu 50% tổng giá phòng\n-Dưới 10 ngày tính từ ngày đến( mùa thấp điểm và mùa cao điểm) sẽ chịu 100% tổng giá phòng.\n-Nếu khách không đến sẽ chịu 100% tổng giá phòng"", ""children_extra_bed_policy"": ""Khách trên 12 tuổi được coi là người lớn\nThông tin giường phụ thì tùy thuộc vào mỗi phòng. Vui lòng kiểm tra thông tin phòng để biết chi tiết.""}",3,2026-09-19T14:33:10.663644+00:00
80c248dd5eb3,c1abd84212f6871398ce14dc,https://www.bestprice.vn/khach-san/vinpearl-resort-spa-ha-long-1344.html,https://www.bestprice.vn/khach-san/vinpearl-resort-spa-ha-long-1344.html,Vinpearl Resort & Spa Hạ Long,"Đảo Rều, Bãi Cháy, Tp. Hạ Long",5,14:00,12:00,Thời gian nhận phòng: 14:00,Thời gian trả phòng: 12:00,4.5,,75,8,18,published_reference,"{""checkin_policy"": ""Khi đến nhận phòng, quý khách vui lòng mang theo:\n- CCCD hoặc passport.\n- Phiếu xác nhận đặt phòng của Best Price\n*Lưu ý: Theo quy định của pháp luật Việt Nam, khi 1 khách nước ngoài + 1 khách Việt Nam ở chung một phòng thì yêu cầu phải có giấy đăng ký kết hôn."", ""cancellation_policy"": ""Phí hủy đổi đặt phòng = phí hủy/đổi của khách sạn + phí xử lý giao dịch của Best Price.\nPhí hủy/đổi của khách sạn được chính khách sạn quy định như sau:\nKhách hàng đặt phòng sẽ không được quyền hoàn phòng, hủy đặt phòng nhưng được phép thay đổi đơn đặt phòng."", ""children_extra_bed_policy"": ""Khách trên 12 tuổi được coi là người lớn\nThông tin giường phụ thì tùy thuộc vào mỗi phòng. Vui lòng kiểm tra thông tin phòng để biết chi tiết.""}",3,2026-09-19T16:37:31.054011+00:00
80c248dd5eb3,c251907cf77882ce81d83f34,https://www.bestprice.vn/khach-san/citadines-bayfront-nha-trang-1423.html,https://www.bestprice.vn/khach-san/citadines-bayfront-nha-trang-1423.html,Citadines Bayfront Nha Trang,"Số 62 Đường Trần Phú, Thành phố Nha Trang, Tỉnh Khánh Hòa",4,14:00,12:00,Thời gian nhận phòng: 14:00,Thời gian trả phòng: 12:00,4.5,,13,6,18,published_reference,"{""checkin_policy"": ""Khi đến nhận phòng, quý khách vui lòng mang theo:\n- CCCD hoặc passport.\n- Phiếu xác nhận đặt phòng của Best Price\n*Lưu ý: Theo quy định của pháp luật Việt Nam, khi 1 khách nước ngoài + 1 khách Việt Nam ở chung một phòng thì yêu cầu phải có giấy đăng ký kết hôn."", ""cancellation_policy"": ""Phí hủy đổi đặt phòng = phí hủy/đổi của khách sạn + phí xử lý giao dịch của Best Price.\nPhí hủy/đổi của khách sạn được chính khách sạn quy định như sau:\nKhách hàng đặt dịch vụ sẽ không được quyền hoàn dịch vụ, hủy đặt dịch vụ."", ""children_extra_bed_policy"": ""Khách trên 12 tuổi được coi là người lớn\nThông tin giường phụ thì tùy thuộc vào mỗi phòng. Vui lòng kiểm tra thông tin phòng để biết chi tiết.""}",3,2026-09-19T15:47:31.440693+00:00
80c248dd5eb3,c2702fba916283b16e1e003e,https://www.bestprice.vn/khach-san/kk-sapa-hotel-1539.html,https://www.bestprice.vn/khach-san/kk-sapa-hotel-1539.html,KK Sapa Hotel,"Số 36, Đường Mường Hoa, Thị trấn Sa Pa, Tỉnh Lào Cai",5,14:00,12:00,Thời gian nhận phòng: 14:00,Thời gian trả phòng: 12:00,4.5,,21,6,35,published_reference,"{""checkin_policy"": ""Khi đến nhận phòng, quý khách vui lòng mang theo:\n- CCCD hoặc passport.\n- Phiếu xác nhận đặt phòng của Best Price\n*Lưu ý: Theo quy định của pháp luật Việt Nam, khi 1 khách nước ngoài + 1 khách Việt Nam ở chung một phòng thì yêu cầu phải có giấy đăng ký kết hôn."", ""cancellation_policy"": ""Phí hủy đổi đặt phòng = phí hủy/đổi của khách sạn + phí xử lý giao dịch của Best Price.\nPhí hủy/đổi của khách sạn được chính khách sạn quy định như sau:\nKhách hàng đặt dịch vụ sẽ không được quyền hoàn dịch vụ, hủy đặt dịch vụ."", ""children_extra_bed_policy"": ""Khách trên 12 tuổi được coi là người lớn\nThông tin giường phụ thì tùy thuộc vào mỗi phòng. Vui lòng kiểm tra thông tin phòng để biết chi tiết.""}",3,2026-09-19T16:32:22.858053+00:00
80c248dd5eb3,c32478a64131b3bda1598bbc,https://www.bestprice.vn/khach-san/sapa-diamond-2145.html,https://www.bestprice.vn/khach-san/sapa-diamond-2145.html,Khách sạn Sapa Diamond,"28 Mường Hoa, đường Cầu Mây, thị trấn SaPa, huyện SaPa, tỉnh Lào Cai",3,14:00,12:00,Thời gian nhận phòng: 14h00,Thời gian trả phòng: 12h00,4.5,,9,7,7,requires_dates,"{""checkin_policy"": ""Khi đến nhận phòng, quý khách vui lòng mang theo:\n- CCCD hoặc passport.\n- Phiếu xác nhận đặt phòng của Best Price\n*Lưu ý: Theo quy định của pháp luật Việt Nam, khi 1 khách nước ngoài + 1 khách Việt Nam ở chung một phòng thì yêu cầu phải có giấy đăng ký kết hôn."", ""cancellation_policy"": ""Phí hủy đổi đặt phòng = phí hủy/đổi của khách sạn + phí xử lý giao dịch của Best Price.\nPhí hủy/đổi của khách sạn được chính khách sạn quy định như sau:\nKhách hàng đặt phòng sẽ không được quyền hoàn phòng, hủy đặt phòng nhưng được phép thay đổi đơn đặt phòng."", ""children_extra_bed_policy"": ""Khách trên 10 tuổi được coi là người lớn\nThông tin giường phụ thì tùy thuộc vào mỗi phòng. Vui lòng kiểm tra thông tin phòng để biết chi tiết.""}",3,2026-09-20T05:15:33.110574+00:00
80c248dd5eb3,c42baea393a3443398d28673,https://www.bestprice.vn/khach-san/tan-son-nhat-con-dao-resort-1060.html,https://www.bestprice.vn/khach-san/tan-son-nhat-con-dao-resort-1060.html,Tân Sơn Nhất Côn Đảo Resort,"Số 06 Nguyễn Đức Thuận, Huyện Côn Đảo, Tỉnh Bà Rịa - Vũng Tàu",3,14:00,12:00,Thời gian nhận phòng: 14:00,Thời gian trả phòng: 12:00,4.5,,11,4,22,published_reference,"{""checkin_policy"": ""Khi đến nhận phòng, quý khách vui lòng mang theo:\n- CCCD hoặc passport.\n- Phiếu xác nhận đặt phòng của Best Price\n*Lưu ý: Theo quy định của pháp luật Việt Nam, khi 1 khách nước ngoài + 1 khách Việt Nam ở chung một phòng thì yêu cầu phải có giấy đăng ký kết hôn."", ""cancellation_policy"": ""Phí hủy đổi đặt phòng = phí hủy/đổi của khách sạn + phí xử lý giao dịch của Best Price.\nPhí hủy/đổi của khách sạn được chính khách sạn quy định như sau:\nKhách hàng đặt dịch vụ sẽ không được quyền hoàn dịch vụ, hủy đặt dịch vụ."", ""children_extra_bed_policy"": ""Khách trên 12 tuổi được coi là người lớn\nThông tin giường phụ thì tùy thuộc vào mỗi phòng. Vui lòng kiểm tra thông tin phòng để biết chi tiết.""}",3,2026-09-19T14:03:58.675645+00:00
80c248dd5eb3,c48db4db29725aea9f7664c0,https://www.bestprice.vn/khach-san/a-la-carte-da-nang-1324.html,https://www.bestprice.vn/khach-san/a-la-carte-da-nang-1324.html,À La Carte Đà Nẵng,"200 Võ Nguyên Giáp, Quận Sơn Trà, Thành Phố Đà Nẵng",4,14:00,12:00,Thời gian nhận phòng: 14:00,Thời gian trả phòng: 12:00,4.5,,12,5,23,published_reference,"{""checkin_policy"": ""Khi đến nhận phòng, quý khách vui lòng mang theo:\n- CCCD hoặc passport.\n- Phiếu xác nhận đặt phòng của Best Price\n*Lưu ý: Theo quy định của pháp luật Việt Nam, khi 1 khách nước ngoài + 1 khách Việt Nam ở chung một phòng thì yêu cầu phải có giấy đăng ký kết hôn."", ""cancellation_policy"": ""Phí hủy đổi đặt phòng = phí hủy/đổi của khách sạn + phí xử lý giao dịch của Best Price.\nPhí hủy/đổi của khách sạn được chính khách sạn quy định như sau:\nKhách hàng đặt phòng sẽ không được quyền hoàn phòng, hủy đặt phòng nhưng được phép thay đổi đơn đặt phòng."", ""children_extra_bed_policy"": ""Khách trên 11 tuổi được coi là người lớn\nThông tin giường phụ thì tùy thuộc vào mỗi phòng. Vui lòng kiểm tra thông tin phòng để biết chi tiết.""}",3,2026-09-19T14:06:28.695819+00:00
80c248dd5eb3,c56fcc8d1fdca1c836771f2e,https://www.bestprice.vn/khach-san/michelia-nha-trang-25.html,https://www.bestprice.vn/khach-san/michelia-nha-trang-25.html,Khách sạn Michelia Nha Trang,"04 Pasteur, P.Xương Huân, Nha Trang",4,14:00,12:00,Thời gian nhận phòng: Sau 14:00,Thời gian trả phòng: Trước 12:00,4.5,,10,6,12,requires_dates,"{""checkin_policy"": ""Khi đến nhận phòng, quý khách vui lòng mang theo:\n- CCCD hoặc passport.\n- Phiếu xác nhận đặt phòng của Best Price\n*Lưu ý: Theo quy định của pháp luật Việt Nam, khi 1 khách nước ngoài + 1 khách Việt Nam ở chung một phòng thì yêu cầu phải có giấy đăng ký kết hôn."", ""cancellation_policy"": ""Phí hủy đổi đặt phòng = phí hủy/đổi của khách sạn + phí xử lý giao dịch của Best Price.\nPhí hủy/đổi của khách sạn được chính khách sạn quy định như sau:\nA/ FIT/ Khách lẻ:\nViệc hủy phòng được xác nhận trên 3 (ba) ngày hoặc 72 giờ trước ngày nhận phòng thì sẽ không bị phạt phí hủy.\nViệc hủy phòng được xác nhận trên 2 (hai) ngày hoặc 48 giờ trước ngày nhận phòng thì sẽ bị phạt phí hủy bằng 50% tổng giá trị tiền phòng đã đặt (bao gồm thuế và phí phục vụ).\nViệc hủy phòng được xác nhận trên 1 (một) ngày hoặc 24 giờ trước ngày nhận phòng thì sẽ bị phạt phí hủy bằng 100% tổng giá trị tiền phòng đã đặt (bao gồm thuế và phí phục vụ).\nB/ GIT/ Khách đoàn: (Từ 8 phòng trở lên)\nNếu khách sạn nhận được thông báo hủy phòng từ 30 đến 15 ngày trước ngày nhận phòng, phí hủy phòng được tính bằng 50% tổng giá trị tiền phòng dự kiến.\nNếu khách sạn nhận được thông báo hủy phòng từ 14 ngày trước ngày nhận phòng, phí hủy phòng được tính bằng toàn bộ tổng giá trị tiền phòng dự kiến.\nCho phép giảm tối đa 10% trên tổng lượng phòng mỗi đoàn trước 7 ngày nhận phòng, nếu vượt quá số lượng và thời gian trên, chính sách hủy phòng sẽ được áp dụng.\nSau thời gian trên, bất kỳ phòng nào bị hủy (giảm lượng phòng, khách không đến hoặc rút ngắn thời hạn nghỉ) sẽ bị phạt phí bằng tổng tiền đêm phòng bị hủy.\nViệc hủy phòng phải được thông báo bắng văn bảng và phải được khách sạn xác nhận.\nKhách sạn phải nhận được việc báo hủy phòng bằng văn vản, hoặc qua tin nhắn điện thoại, fax. Nếu hủy bằng lời nói thì mã số hủy phòng phải được lưu lại.\nKhách không đến hoặc trả phòng trước thời hạn đã đặt: Phạt 100% tổng giá trị tiền phòng."", ""children_extra_bed_policy"": ""Khách trên 12 tuổi được coi là người lớn\nThông tin giường phụ thì tùy thuộc vào mỗi phòng. Vui lòng kiểm tra thông tin phòng để biết chi tiết.""}",3,2026-09-19T16:36:34.990111+00:00
80c248dd5eb3,c7316f4d6fd4885d518a4bf1,https://www.bestprice.vn/khach-san/central-hotel-thanh-hoa-1637.html,https://www.bestprice.vn/khach-san/central-hotel-thanh-hoa-1637.html,Central Hotel Thanh Hóa,"Lô 01 đại lộ, Đại lộ Nguyễn Hoàng, Đông Hải, Thanh Hoá",5,14:00,12:00,Thời gian nhận phòng: 14:00,Thời gian trả phòng: 12:00,4.5,,1,3,19,requires_dates,"{""checkin_policy"": ""Khi đến nhận phòng, quý khách vui lòng mang theo:\n- CCCD hoặc passport.\n- Phiếu xác nhận đặt phòng của Best Price\n*Lưu ý: Theo quy định của pháp luật Việt Nam, khi 1 khách nước ngoài + 1 khách Việt Nam ở chung một phòng thì yêu cầu phải có giấy đăng ký kết hôn."", ""cancellation_policy"": ""Phí hủy đổi đặt phòng = phí hủy/đổi của khách sạn + phí xử lý giao dịch của Best Price.\nPhí hủy/đổi của khách sạn được chính khách sạn quy định như sau:\nKhách hàng đặt phòng sẽ không được quyền hoàn phòng, hủy đặt phòng nhưng được phép thay đổi đơn đặt phòng."", ""children_extra_bed_policy"": ""Khách trên 12 tuổi được coi là người lớn\nThông tin giường phụ thì tùy thuộc vào mỗi phòng. Vui lòng kiểm tra thông tin phòng để biết chi tiết.""}",3,2026-09-19T13:55:06.363455+00:00
80c248dd5eb3,c732806bad45c0be959c1254,https://www.bestprice.vn/khach-san/ttc-hotel-premium-can-tho-1677.html,https://www.bestprice.vn/khach-san/ttc-hotel-premium-can-tho-1677.html,TTC Hotel Premium – Cần Thơ,"02 Hai Bà Trưng, phường Tân An, quận Ninh Kiều, thành phố Cần Thơ",4,14:00,12:00,Thời gian nhận phòng: 14.00,Thời gian trả phòng: 12.00,4.5,,10,7,16,requires_dates,"{""checkin_policy"": ""Khi đến nhận phòng, quý khách vui lòng mang theo:\n- CCCD hoặc passport.\n- Phiếu xác nhận đặt phòng của Best Price\n*Lưu ý: Theo quy định của pháp luật Việt Nam, khi 1 khách nước ngoài + 1 khách Việt Nam ở chung một phòng thì yêu cầu phải có giấy đăng ký kết hôn."", ""cancellation_policy"": ""Phí hủy đổi đặt phòng = phí hủy/đổi của khách sạn + phí xử lý giao dịch của Best Price.\nPhí hủy/đổi của khách sạn được chính khách sạn quy định như sau:\nKhách hàng đặt dịch vụ sẽ không được quyền hoàn dịch vụ, hủy đặt dịch vụ."", ""children_extra_bed_policy"": ""Khách trên 12 tuổi được coi là người lớn\nThông tin giường phụ thì tùy thuộc vào mỗi phòng. Vui lòng kiểm tra thông tin phòng để biết chi tiết.""}",3,2026-09-19T16:35:54.961782+00:00
80c248dd5eb3,c85aa08a011ad8347fc79290,https://www.bestprice.vn/khach-san/seashells-phu-quoc-hotel-spa-1487.html,https://www.bestprice.vn/khach-san/seashells-phu-quoc-hotel-spa-1487.html,Seashells Phú Quốc Hotel & Spa,"Số 01 Đường Võ Thị Sáu, Phường Dương Đông, Phú Quốc, Tỉnh Kiên Giang, Việt Nam",5,15:00,12:00,Thời gian nhận phòng: 15:00,Thời gian trả phòng: 12:00,4.5,,15,8,14,published_reference,"{""checkin_policy"": ""Khi đến nhận phòng, quý khách vui lòng mang theo:\n- CCCD hoặc passport.\n- Phiếu xác nhận đặt phòng của Best Price\n*Lưu ý: Theo quy định của pháp luật Việt Nam, khi 1 khách nước ngoài + 1 khách Việt Nam ở chung một phòng thì yêu cầu phải có giấy đăng ký kết hôn."", ""cancellation_policy"": ""Phí hủy đổi đặt phòng = phí hủy/đổi của khách sạn + phí xử lý giao dịch của Best Price.\nPhí hủy/đổi của khách sạn được chính khách sạn quy định như sau:\nKhông hoàn, không hủy"", ""children_extra_bed_policy"": ""Khách trên 12 tuổi được coi là người lớn\nThông tin giường phụ thì tùy thuộc vào mỗi phòng. Vui lòng kiểm tra thông tin phòng để biết chi tiết.""}",3,2026-09-19T12:56:51.365840+00:00
80c248dd5eb3,c8d701875409f9201ae130e9,https://www.bestprice.vn/khach-san/front-pool-villa-1633.html,https://www.bestprice.vn/khach-san/front-pool-villa-1633.html,Front Pool Villa,Sân Golf Tam Đảo,4,14:00,12:00,Thời gian nhận phòng: 14h,Thời gian trả phòng: 12h,5.0,,1,1,5,requires_dates,"{""checkin_policy"": ""Khi đến nhận phòng, quý khách vui lòng mang theo:\n- CCCD hoặc passport.\n- Phiếu xác nhận đặt phòng của Best Price\n*Lưu ý: Theo quy định của pháp luật Việt Nam, khi 1 khách nước ngoài + 1 khách Việt Nam ở chung một phòng thì yêu cầu phải có giấy đăng ký kết hôn."", ""cancellation_policy"": ""Phí hủy đổi đặt phòng = phí hủy/đổi của khách sạn + phí xử lý giao dịch của Best Price.\nPhí hủy/đổi của khách sạn được chính khách sạn quy định như sau:\nKhách hàng đặt dịch vụ sẽ không được quyền hoàn dịch vụ, hủy đặt dịch vụ."", ""children_extra_bed_policy"": ""Khách trên 6 tuổi được coi là người lớn\nThông tin giường phụ thì tùy thuộc vào mỗi phòng. Vui lòng kiểm tra thông tin phòng để biết chi tiết.""}",3,2026-09-19T13:54:48.363523+00:00
80c248dd5eb3,c8f8153306e86fd78feb53c7,https://www.bestprice.vn/khach-san/emeralda-resort-ninh-binh-1032.html,https://www.bestprice.vn/khach-san/emeralda-resort-ninh-binh-1032.html,Emeralda Resort Ninh Bình,"Khu Bảo Tồn Vân Long, Thôn Tập Ninh, Xã Gia Vân, Huyện Gia Viễn, Tỉnh Ninh Bình.",5,14:00,12:00,Thời gian nhận phòng: 14:00,Thời gian trả phòng: 12:00,4.5,,15,3,22,published_reference,"{""checkin_policy"": ""Khi đến nhận phòng, quý khách vui lòng mang theo:\n- CCCD hoặc passport.\n- Phiếu xác nhận đặt phòng của Best Price\n*Lưu ý: Theo quy định của pháp luật Việt Nam, khi 1 khách nước ngoài + 1 khách Việt Nam ở chung một phòng thì yêu cầu phải có giấy đăng ký kết hôn."", ""cancellation_policy"": ""Phí hủy đổi đặt phòng = phí hủy/đổi của khách sạn + phí xử lý giao dịch của Best Price.\nPhí hủy/đổi của khách sạn được chính khách sạn quy định như sau:\nKhách hàng đặt dịch vụ sẽ không được quyền hoàn dịch vụ, hủy đặt dịch vụ."", ""children_extra_bed_policy"": ""Khách trên 11 tuổi được coi là người lớn\nThông tin giường phụ thì tùy thuộc vào mỗi phòng. Vui lòng kiểm tra thông tin phòng để biết chi tiết.""}",3,2026-09-19T13:56:48.448182+00:00
80c248dd5eb3,cae3d84e7cf27a67f0e7ff54,https://www.bestprice.vn/khach-san/mango-bay-resort-phu-quoc-158.html,https://www.bestprice.vn/khach-san/mango-bay-resort-phu-quoc-158.html,Mango Bay Resort Phú Quốc,"Tổ 3, Ấp Ông Lang, Xã Cửa Dương, Thành Phố Phú Quốc, Tỉnh Kiên Giang",3,14:00,12:00,Thời gian nhận phòng: 14.00,Thời gian trả phòng: 12.00,4.8,,58,8,11,requires_dates,"{""checkin_policy"": ""Khi đến nhận phòng, quý khách vui lòng mang theo:\n- CCCD hoặc passport.\n- Phiếu xác nhận đặt phòng của Best Price\n*Lưu ý: Theo quy định của pháp luật Việt Nam, khi 1 khách nước ngoài + 1 khách Việt Nam ở chung một phòng thì yêu cầu phải có giấy đăng ký kết hôn."", ""cancellation_policy"": ""Phí hủy đổi đặt phòng = phí hủy/đổi của khách sạn + phí xử lý giao dịch của Best Price.\nPhí hủy/đổi của khách sạn được chính khách sạn quy định như sau:\nKhách hàng đặt phòng sẽ không được quyền hoàn phòng, hủy đặt phòng nhưng được phép thay đổi đơn đặt phòng."", ""children_extra_bed_policy"": ""Khách trên 11 tuổi được coi là người lớn\nThông tin giường phụ thì tùy thuộc vào mỗi phòng. Vui lòng kiểm tra thông tin phòng để biết chi tiết.""}",3,2026-09-19T16:36:18.972789+00:00
80c248dd5eb3,cd58036cb19e384f7ad5cb87,https://www.bestprice.vn/khach-san/thanh-binh-riverside-hoi-an-68.html,https://www.bestprice.vn/khach-san/thanh-binh-riverside-hoi-an-68.html,Khách sạn Thanh Bình Riverside Hội An,"Số 6 Nguyễn Du, Thành phố Hội An, Tỉnh Quảng Nam",4,14:00,12:00,Thời gian nhận phòng: 14:00,Thời gian trả phòng: 12:00,4.5,,10,3,15,requires_dates,"{""checkin_policy"": ""Khi đến nhận phòng, quý khách vui lòng mang theo:\n- CCCD hoặc passport.\n- Phiếu xác nhận đặt phòng của Best Price\n*Lưu ý: Theo quy định của pháp luật Việt Nam, khi 1 khách nước ngoài + 1 khách Việt Nam ở chung một phòng thì yêu cầu phải có giấy đăng ký kết hôn."", ""cancellation_policy"": ""Phí hủy đổi đặt phòng = phí hủy/đổi của khách sạn + phí xử lý giao dịch của Best Price.\nPhí hủy/đổi của khách sạn được chính khách sạn quy định như sau:\nKhách hàng đặt dịch vụ sẽ không được quyền hoàn dịch vụ, hủy đặt dịch vụ."", ""children_extra_bed_policy"": ""Khách trên 12 tuổi được coi là người lớn\nThông tin giường phụ thì tùy thuộc vào mỗi phòng. Vui lòng kiểm tra thông tin phòng để biết chi tiết.""}",3,2026-09-19T14:05:16.686643+00:00
80c248dd5eb3,ce4ac06ab4836d3acc94e729,https://www.bestprice.vn/khach-san/seava-ho-tram-resort-1771.html,https://www.bestprice.vn/khach-san/seava-ho-tram-resort-1771.html,Seava Hồ Tràm Resort,"Đường Ven Biển, Bưng Riềng, Huyện Xuyên Mộc, Tỉnh Bà Rịa - Vũng Tàu, Việt Nam",4,14:00,12:00,Thời gian nhận phòng: 14:00,Thời gian trả phòng: 12:00,4.0,,10,8,13,requires_dates,"{""checkin_policy"": ""Khi đến nhận phòng, quý khách vui lòng mang theo:\n- CCCD hoặc passport.\n- Phiếu xác nhận đặt phòng của Best Price\n*Lưu ý: Theo quy định của pháp luật Việt Nam, khi 1 khách nước ngoài + 1 khách Việt Nam ở chung một phòng thì yêu cầu phải có giấy đăng ký kết hôn."", ""cancellation_policy"": ""Phí hủy đổi đặt phòng = phí hủy/đổi của khách sạn + phí xử lý giao dịch của Best Price.\nPhí hủy/đổi của khách sạn được chính khách sạn quy định như sau:"", ""children_extra_bed_policy"": ""Khách trên 10 tuổi được coi là người lớn\nThông tin giường phụ thì tùy thuộc vào mỗi phòng. Vui lòng kiểm tra thông tin phòng để biết chi tiết.""}",3,2026-09-19T14:03:40.787617+00:00
80c248dd5eb3,d18a79caab5d01dab6882419,https://www.bestprice.vn/khach-san/melia-ba-vi-mountain-retreat-1544.html,https://www.bestprice.vn/khach-san/melia-ba-vi-mountain-retreat-1544.html,Melia Ba Vi Mountain Retreat,"Thôn Việt Long, xã Tản Lĩnh, huyện Ba Vì, thành phố Hà Nội",5,14:00,11:00,Thời gian nhận phòng: 14:00,Thời gian trả phòng: 11:00,4.5,,3,8,14,published_reference,"{""checkin_policy"": ""Khi đến nhận phòng, quý khách vui lòng mang theo:\n- CCCD hoặc passport.\n- Phiếu xác nhận đặt phòng của Best Price\n*Lưu ý: Theo quy định của pháp luật Việt Nam, khi 1 khách nước ngoài + 1 khách Việt Nam ở chung một phòng thì yêu cầu phải có giấy đăng ký kết hôn."", ""cancellation_policy"": ""Phí hủy đổi đặt phòng = phí hủy/đổi của khách sạn + phí xử lý giao dịch của Best Price.\nPhí hủy/đổi của khách sạn được chính khách sạn quy định như sau:\nKhông hoàn, không hủy"", ""children_extra_bed_policy"": ""Khách trên 10 tuổi được coi là người lớn\nThông tin giường phụ thì tùy thuộc vào mỗi phòng. Vui lòng kiểm tra thông tin phòng để biết chi tiết.""}",3,2026-09-19T14:53:32.186367+00:00
80c248dd5eb3,d585a3557aeecadf750346f1,https://www.bestprice.vn/khach-san/melia-vinpearl-phu-ly-1495.html,https://www.bestprice.vn/khach-san/melia-vinpearl-phu-ly-1495.html,Melia Vinpearl Phủ Lý,"Số 60 đường Biên Hòa, phường Minh Khai, thành phố Phủ Lý, tỉnh Hà Nam, Việt Nam",5,14:00,12:00,Thời gian nhận phòng: 14:00,Thời gian trả phòng: 12:00,4.5,,42,3,11,published_reference,"{""checkin_policy"": ""Khi đến nhận phòng, quý khách vui lòng mang theo:\n- CCCD hoặc passport.\n- Phiếu xác nhận đặt phòng của Best Price\n*Lưu ý: Theo quy định của pháp luật Việt Nam, khi 1 khách nước ngoài + 1 khách Việt Nam ở chung một phòng thì yêu cầu phải có giấy đăng ký kết hôn."", ""cancellation_policy"": ""Phí hủy đổi đặt phòng = phí hủy/đổi của khách sạn + phí xử lý giao dịch của Best Price.\nPhí hủy/đổi của khách sạn được chính khách sạn quy định như sau:\nKhách hàng đặt phòng sẽ không được quyền hoàn phòng, hủy đặt phòng nhưng được phép thay đổi đơn đặt phòng."", ""children_extra_bed_policy"": ""Khách trên 11 tuổi được coi là người lớn\nThông tin giường phụ thì tùy thuộc vào mỗi phòng. Vui lòng kiểm tra thông tin phòng để biết chi tiết.""}",3,2026-09-19T13:55:47.323440+00:00
80c248dd5eb3,d6df4f7842aa07e53b726a0d,https://www.bestprice.vn/khach-san/tam-coc-la-montagne-resort-spa-1558.html,https://www.bestprice.vn/khach-san/tam-coc-la-montagne-resort-spa-1558.html,Tam Coc La Montagne Resort & Spa,"Làng Đam Khê Trong, xã Ninh Hải, huyện Hoa Lư, tỉnh Ninh Bình",2,14:00,12:00,Thời gian nhận phòng: 14:00,Thời gian trả phòng: 12:00,4.5,,11,6,14,requires_dates,"{""checkin_policy"": ""Khi đến nhận phòng, quý khách vui lòng mang theo:\n- CCCD hoặc passport.\n- Phiếu xác nhận đặt phòng của Best Price\n*Lưu ý: Theo quy định của pháp luật Việt Nam, khi 1 khách nước ngoài + 1 khách Việt Nam ở chung một phòng thì yêu cầu phải có giấy đăng ký kết hôn."", ""cancellation_policy"": ""Phí hủy đổi đặt phòng = phí hủy/đổi của khách sạn + phí xử lý giao dịch của Best Price.\nPhí hủy/đổi của khách sạn được chính khách sạn quy định như sau:"", ""children_extra_bed_policy"": ""Khách trên 12 tuổi được coi là người lớn\nThông tin giường phụ thì tùy thuộc vào mỗi phòng. Vui lòng kiểm tra thông tin phòng để biết chi tiết.""}",3,2026-09-20T05:40:01.971512+00:00
80c248dd5eb3,d7adac3857f42ad2a64a4d71,https://www.bestprice.vn/khach-san/palm-garden-beach-resort-spa-hoi-an-11.html,https://www.bestprice.vn/khach-san/palm-garden-beach-resort-spa-hoi-an-11.html,Palm Garden Beach Resort & Spa Hội An,"Đường Lạc Long Quân, Phường Cửa Đại, Thành phố Hội An, Tỉnh Quảng Nam.",5,14:00,12:00,Thời gian nhận phòng: 14:00,Thời gian trả phòng: 12:00,4.5,,10,8,16,published_reference,"{""checkin_policy"": ""Khi đến nhận phòng, quý khách vui lòng mang theo:\n- CCCD hoặc passport.\n- Phiếu xác nhận đặt phòng của Best Price\n*Lưu ý: Theo quy định của pháp luật Việt Nam, khi 1 khách nước ngoài + 1 khách Việt Nam ở chung một phòng thì yêu cầu phải có giấy đăng ký kết hôn."", ""cancellation_policy"": ""Phí hủy đổi đặt phòng = phí hủy/đổi của khách sạn + phí xử lý giao dịch của Best Price.\nPhí hủy/đổi của khách sạn được chính khách sạn quy định như sau:\nKhách hàng đặt dịch vụ sẽ không được quyền hoàn dịch vụ, hủy đặt dịch vụ."", ""children_extra_bed_policy"": ""Khách trên 12 tuổi được coi là người lớn\nThông tin giường phụ thì tùy thuộc vào mỗi phòng. Vui lòng kiểm tra thông tin phòng để biết chi tiết.""}",3,2026-09-19T14:33:30.539842+00:00
80c248dd5eb3,d7da4ff081398d87bc751eb5,https://www.bestprice.vn/khach-san/vinpearl-luxury-nha-trang-14.html,https://www.bestprice.vn/khach-san/vinpearl-luxury-nha-trang-14.html,Vinpearl Luxury Nha Trang,"Đảo Hòn Tre, Nha Trang",5,14:00,12:00,Thời gian nhận phòng: 14:00,Thời gian trả phòng: 12:00,4.5,,92,5,14,published_reference,"{""checkin_policy"": ""Khi đến nhận phòng, quý khách vui lòng mang theo:\n- CCCD hoặc passport.\n- Phiếu xác nhận đặt phòng của Best Price\n*Lưu ý: Theo quy định của pháp luật Việt Nam, khi 1 khách nước ngoài + 1 khách Việt Nam ở chung một phòng thì yêu cầu phải có giấy đăng ký kết hôn."", ""cancellation_policy"": ""Phí hủy đổi đặt phòng = phí hủy/đổi của khách sạn + phí xử lý giao dịch của Best Price.\nPhí hủy/đổi của khách sạn được chính khách sạn quy định như sau:\nMùa Bình Thường:\nKhông tính phí hủy nếu khách hàng báo trước 07 ngày (tính từ ngày đến).\nTính phí 50% tổng số tiền đặt phòng nếu khách hàng báo trước 03-07 ngày (tính từ ngày đến).\nTính phí 100% tổng số tiền đặt phòng nếu khách hàng hủy đặt phòng dưới 03 ngày (tính từ ngày đến).\nKhông tính phí hủy nếu khách hàng báo trước 60 ngày (tính từ ngày đến).\nTính phí 50% tổng số tiền đặt phòng nếu khách hàng báo trước 30 -59 ngày (tính từ ngày đến).\nTính phí 100% tổng số tiền đặt phòng nếu khách hàng hủy đặt phòng dưới 29 ngày (tính từ ngày đến)."", ""children_extra_bed_policy"": ""Khách trên 12 tuổi được coi là người lớn\nThông tin giường phụ thì tùy thuộc vào mỗi phòng. Vui lòng kiểm tra thông tin phòng để biết chi tiết.""}",3,2026-09-19T16:29:26.770407+00:00
80c248dd5eb3,d948b872f3abc0d43b28a80a,https://www.bestprice.vn/khach-san/muong-thanh-luxury-da-nang-1430.html,https://www.bestprice.vn/khach-san/muong-thanh-luxury-da-nang-1430.html,Mường Thanh Luxury Đà Nẵng,"270 Võ Nguyên Giáp, Phường Mỹ An, Quận Ngũ Hành Sơn, Thành phố Đà Nẵng",5,14:00,12:00,Thời gian nhận phòng: 14:00,Thời gian trả phòng: 12:00,4.5,,10,4,20,published_reference,"{""checkin_policy"": ""Khi đến nhận phòng, quý khách vui lòng mang theo:\n- CCCD hoặc passport.\n- Phiếu xác nhận đặt phòng của Best Price\n*Lưu ý: Theo quy định của pháp luật Việt Nam, khi 1 khách nước ngoài + 1 khách Việt Nam ở chung một phòng thì yêu cầu phải có giấy đăng ký kết hôn."", ""cancellation_policy"": ""Phí hủy đổi đặt phòng = phí hủy/đổi của khách sạn + phí xử lý giao dịch của Best Price.\nPhí hủy/đổi của khách sạn được chính khách sạn quy định như sau:\nKhách hàng đặt phòng sẽ không được quyền hoàn phòng, hủy đặt phòng nhưng được phép thay đổi đơn đặt phòng."", ""children_extra_bed_policy"": ""Khách trên 12 tuổi được coi là người lớn\nThông tin giường phụ thì tùy thuộc vào mỗi phòng. Vui lòng kiểm tra thông tin phòng để biết chi tiết.""}",3,2026-09-19T15:19:21.142678+00:00
80c248dd5eb3,da07728107686d021a52ca12,https://www.bestprice.vn/khach-san/tien-dat-blue-waves-resort-spa-phan-thiet-107.html,https://www.bestprice.vn/khach-san/tien-dat-blue-waves-resort-spa-phan-thiet-107.html,Tiến Đạt - Blue Waves Resort & Spa Phan Thiết,"94A Nguyễn Đình Chiểu, Phường Hàm Tiến, Thành Phố Phan Thiết, Tỉnh Bình Thuận",3,14:00,12:00,Thời gian nhận phòng: 14:00,Thời gian trả phòng: 12:00,4.5,,9,11,28,requires_dates,"{""checkin_policy"": ""Khi đến nhận phòng, quý khách vui lòng mang theo:\n- CCCD hoặc passport.\n- Phiếu xác nhận đặt phòng của Best Price\n*Lưu ý: Theo quy định của pháp luật Việt Nam, khi 1 khách nước ngoài + 1 khách Việt Nam ở chung một phòng thì yêu cầu phải có giấy đăng ký kết hôn."", ""cancellation_policy"": ""Phí hủy đổi đặt phòng = phí hủy/đổi của khách sạn + phí xử lý giao dịch của Best Price.\nPhí hủy/đổi của khách sạn được chính khách sạn quy định như sau:\nKhách hàng đặt phòng sẽ không được quyền hoàn phòng, hủy đặt phòng nhưng được phép thay đổi đơn đặt phòng."", ""children_extra_bed_policy"": ""Khách trên 12 tuổi được coi là người lớn\nThông tin giường phụ thì tùy thuộc vào mỗi phòng. Vui lòng kiểm tra thông tin phòng để biết chi tiết.""}",3,2026-09-19T16:31:02.793548+00:00
80c248dd5eb3,da12481ee5fe9923126837b6,https://www.bestprice.vn/khach-san/amarin-resort-phu-quoc-1408.html,https://www.bestprice.vn/khach-san/amarin-resort-phu-quoc-1408.html,Amarin Resort Phú Quốc,"Bãi Cửa Lấp, Đường Trần Hưng Đạo, Dương Tơ, Phú Quốc, Kiên Giang.",4,14:00,12:00,Thời gian nhận phòng: 14:00,Thời gian trả phòng: 12:00,4.5,,12,4,19,published_reference,"{""checkin_policy"": ""Khi đến nhận phòng, quý khách vui lòng mang theo:\n- CCCD hoặc passport.\n- Phiếu xác nhận đặt phòng của Best Price\n*Lưu ý: Theo quy định của pháp luật Việt Nam, khi 1 khách nước ngoài + 1 khách Việt Nam ở chung một phòng thì yêu cầu phải có giấy đăng ký kết hôn."", ""cancellation_policy"": ""Phí hủy đổi đặt phòng = phí hủy/đổi của khách sạn + phí xử lý giao dịch của Best Price.\nPhí hủy/đổi của khách sạn được chính khách sạn quy định như sau:\nKhách hàng đặt phòng sẽ không được quyền hoàn phòng, hủy đặt phòng nhưng được phép thay đổi đơn đặt phòng."", ""children_extra_bed_policy"": ""Khách trên 12 tuổi được coi là người lớn\nThông tin giường phụ thì tùy thuộc vào mỗi phòng. Vui lòng kiểm tra thông tin phòng để biết chi tiết.""}",3,2026-09-19T12:57:11.547098+00:00
80c248dd5eb3,da18ca8534d6ba1d25c4b76c,https://www.bestprice.vn/khach-san/royal-lotus-ha-long-resort-villa-1441.html,https://www.bestprice.vn/khach-san/royal-lotus-ha-long-resort-villa-1441.html,Royal Lotus Hạ Long Resort & Villa,"Bán đảo 2, KĐT Hùng Thắng, P. Hùng Thắng, TP Hạ Long, Tỉnh Quảng Ninh",4,14:00,11:00,Thời gian nhận phòng: 14:00,Thời gian trả phòng: 11: 00,4.5,,11,6,13,requires_dates,"{""checkin_policy"": ""Khi đến nhận phòng, quý khách vui lòng mang theo:\n- CCCD hoặc passport.\n- Phiếu xác nhận đặt phòng của Best Price\n*Lưu ý: Theo quy định của pháp luật Việt Nam, khi 1 khách nước ngoài + 1 khách Việt Nam ở chung một phòng thì yêu cầu phải có giấy đăng ký kết hôn."", ""cancellation_policy"": ""Phí hủy đổi đặt phòng = phí hủy/đổi của khách sạn + phí xử lý giao dịch của Best Price.\nPhí hủy/đổi của khách sạn được chính khách sạn quy định như sau:\nKhách hàng đặt phòng sẽ không được quyền hoàn phòng, hủy đặt phòng nhưng được phép thay đổi đơn đặt phòng."", ""children_extra_bed_policy"": ""Khách trên 12 tuổi được coi là người lớn\nThông tin giường phụ thì tùy thuộc vào mỗi phòng. Vui lòng kiểm tra thông tin phòng để biết chi tiết.""}",3,2026-09-19T14:06:40.687684+00:00
80c248dd5eb3,db15d4d25c21da740fa3d055,https://www.bestprice.vn/khach-san/flc-grand-hotel-quy-nhon-2159.html,https://www.bestprice.vn/khach-san/flc-grand-hotel-quy-nhon-2159.html,FLC Grand Hotel Quy Nhơn,"Khu 4, Nhơn Lý - Bãi biển Cát Tiến, Xã Nhơn Lý, Thành Phố Quy Nhơn, tỉnh Bình Định, Việt Nam",5,14:00,12:00,Thời gian nhận phòng: 14:00,Thời gian trả phòng: 12:00,4.0,,8,5,14,published_reference,"{""checkin_policy"": ""Khi đến nhận phòng, quý khách vui lòng mang theo:\n- CCCD hoặc passport.\n- Phiếu xác nhận đặt phòng của Best Price\n*Lưu ý: Theo quy định của pháp luật Việt Nam, khi 1 khách nước ngoài + 1 khách Việt Nam ở chung một phòng thì yêu cầu phải có giấy đăng ký kết hôn."", ""cancellation_policy"": ""Phí hủy đổi đặt phòng = phí hủy/đổi của khách sạn + phí xử lý giao dịch của Best Price.\nPhí hủy/đổi của khách sạn được chính khách sạn quy định như sau:\nKhách hàng đặt phòng sẽ không được quyền hoàn phòng, hủy đặt phòng nhưng được phép thay đổi đơn đặt phòng."", ""children_extra_bed_policy"": ""Khách trên 12 tuổi được coi là người lớn\nThông tin giường phụ thì tùy thuộc vào mỗi phòng. Vui lòng kiểm tra thông tin phòng để biết chi tiết.""}",3,2026-09-19T15:19:25.164267+00:00
80c248dd5eb3,dc53f81431048a5060e9b156,https://www.bestprice.vn/khach-san/melia-vinpearl-quang-binh-1467.html,https://www.bestprice.vn/khach-san/melia-vinpearl-quang-binh-1467.html,Melia Vinpearl Quảng Bình,"Đường Quách Xuân Kỳ, thành phố Đồng Hới, Quảng Bình",5,14:00,12:00,Thời gian nhận phòng: 14:00,Thời gian trả phòng: 12:00,4.5,,59,4,12,published_reference,"{""checkin_policy"": ""Khi đến nhận phòng, quý khách vui lòng mang theo:\n- CCCD hoặc passport.\n- Phiếu xác nhận đặt phòng của Best Price\n*Lưu ý: Theo quy định của pháp luật Việt Nam, khi 1 khách nước ngoài + 1 khách Việt Nam ở chung một phòng thì yêu cầu phải có giấy đăng ký kết hôn."", ""cancellation_policy"": ""Phí hủy đổi đặt phòng = phí hủy/đổi của khách sạn + phí xử lý giao dịch của Best Price.\nPhí hủy/đổi của khách sạn được chính khách sạn quy định như sau:\nKhách hàng đặt dịch vụ sẽ không được quyền hoàn dịch vụ, hủy đặt dịch vụ."", ""children_extra_bed_policy"": ""Khách trên 12 tuổi được coi là người lớn\nThông tin giường phụ thì tùy thuộc vào mỗi phòng. Vui lòng kiểm tra thông tin phòng để biết chi tiết.""}",3,2026-09-19T13:56:00.410376+00:00
80c248dd5eb3,df231d3db5767ee9817a9337,https://www.bestprice.vn/khach-san/bamboo-village-resort-spa-phan-thiet-1003.html,https://www.bestprice.vn/khach-san/bamboo-village-resort-spa-phan-thiet-1003.html,Bamboo Village Resort & Spa Phan Thiết,"Số 38 Đường Nguyễn Đình Chiểu, Khu phố 1, Thành phố Phan Thiết, Tỉnh Bình Thuận",4,14:00,12:00,Thời gian nhận phòng: 14:00,Thời gian trả phòng: 12:00,4.0,,7,8,21,requires_dates,"{""checkin_policy"": ""Khi đến nhận phòng, quý khách vui lòng mang theo:\n- CCCD hoặc passport.\n- Phiếu xác nhận đặt phòng của Best Price\n*Lưu ý: Theo quy định của pháp luật Việt Nam, khi 1 khách nước ngoài + 1 khách Việt Nam ở chung một phòng thì yêu cầu phải có giấy đăng ký kết hôn."", ""cancellation_policy"": ""Phí hủy đổi đặt phòng = phí hủy/đổi của khách sạn + phí xử lý giao dịch của Best Price.\nPhí hủy/đổi của khách sạn được chính khách sạn quy định như sau:\nKhách hàng đặt phòng sẽ không được quyền hoàn phòng, hủy đặt phòng nhưng được phép thay đổi đơn đặt phòng."", ""children_extra_bed_policy"": ""Khách trên 12 tuổi được coi là người lớn\nThông tin giường phụ thì tùy thuộc vào mỗi phòng. Vui lòng kiểm tra thông tin phòng để biết chi tiết.""}",3,2026-09-19T13:55:00.463620+00:00
80c248dd5eb3,df2daec9ff9b7ab54b4268c2,https://www.bestprice.vn/khach-san/heritage-hue-328.html,https://www.bestprice.vn/khach-san/heritage-hue-328.html,Khách sạn Heritage Huế,"Số 9 Lý Thường Kiệt, Huế",3,13:00,12:00,Thời gian nhận phòng: 13:00,Thời gian trả phòng: 12:00,4.8,,84,4,12,requires_dates,"{""checkin_policy"": ""Khi đến nhận phòng, quý khách vui lòng mang theo:\n- CCCD hoặc passport.\n- Phiếu xác nhận đặt phòng của Best Price\n*Lưu ý: Theo quy định của pháp luật Việt Nam, khi 1 khách nước ngoài + 1 khách Việt Nam ở chung một phòng thì yêu cầu phải có giấy đăng ký kết hôn."", ""cancellation_policy"": ""Phí hủy đổi đặt phòng = phí hủy/đổi của khách sạn + phí xử lý giao dịch của Best Price.\nPhí hủy/đổi của khách sạn được chính khách sạn quy định như sau:"", ""children_extra_bed_policy"": ""Khách trên 11 tuổi được coi là người lớn\nThông tin giường phụ thì tùy thuộc vào mỗi phòng. Vui lòng kiểm tra thông tin phòng để biết chi tiết.""}",3,2026-09-19T16:35:59.435568+00:00
80c248dd5eb3,e1ec4301a0453c772c06972f,https://www.bestprice.vn/khach-san/intercontinental-phu-quoc-long-beach-resort-1774.html,https://www.bestprice.vn/khach-san/intercontinental-phu-quoc-long-beach-resort-1774.html,Intercontinental Phú Quốc Long Beach Resort,"Bãi Trường, Xã Dương Tơ,Thành Phố Phú Quốc, Tỉnh Kiên Giang",5,15:00,12:00,Thời gian nhận phòng: 15:00,Thời gian trả phòng: 12:00,4.0,,8,13,18,published_reference,"{""checkin_policy"": ""Khi đến nhận phòng, quý khách vui lòng mang theo:\n- CCCD hoặc passport.\n- Phiếu xác nhận đặt phòng của Best Price\n*Lưu ý: Theo quy định của pháp luật Việt Nam, khi 1 khách nước ngoài + 1 khách Việt Nam ở chung một phòng thì yêu cầu phải có giấy đăng ký kết hôn."", ""cancellation_policy"": ""Phí hủy đổi đặt phòng = phí hủy/đổi của khách sạn + phí xử lý giao dịch của Best Price.\nPhí hủy/đổi của khách sạn được chính khách sạn quy định như sau:\nKhách hàng đặt phòng sẽ không được quyền hoàn phòng, hủy đặt phòng nhưng được phép thay đổi đơn đặt phòng."", ""children_extra_bed_policy"": ""Khách trên 12 tuổi được coi là người lớn\nThông tin giường phụ thì tùy thuộc vào mỗi phòng. Vui lòng kiểm tra thông tin phòng để biết chi tiết.""}",3,2026-09-19T14:04:16.756720+00:00
80c248dd5eb3,e3061d5389e5cfc8bc45d978,https://www.bestprice.vn/khach-san/terracotta-resort-spa-phan-thiet-896.html,https://www.bestprice.vn/khach-san/terracotta-resort-spa-phan-thiet-896.html,Terracotta Resort Mũi Né,"Số 28 Đường Nguyễn Đình Chiểu, Phường Hàm Tiến, Thành Phố Phan Thiết, Tỉnh Bình Thuận.",4,14:00,12:00,Thời gian nhận phòng: 14:00,Thời gian trả phòng: 12:00,4.0,,5,7,20,requires_dates,"{""checkin_policy"": ""Khi đến nhận phòng, quý khách vui lòng mang theo:\n- CCCD hoặc passport.\n- Phiếu xác nhận đặt phòng của Best Price\n*Lưu ý: Theo quy định của pháp luật Việt Nam, khi 1 khách nước ngoài + 1 khách Việt Nam ở chung một phòng thì yêu cầu phải có giấy đăng ký kết hôn."", ""cancellation_policy"": ""Phí hủy đổi đặt phòng = phí hủy/đổi của khách sạn + phí xử lý giao dịch của Best Price.\nPhí hủy/đổi của khách sạn được chính khách sạn quy định như sau:\nKhách hàng đặt phòng sẽ không được quyền hoàn phòng, hủy đặt phòng nhưng được phép thay đổi đơn đặt phòng."", ""children_extra_bed_policy"": ""Khách trên 12 tuổi được coi là người lớn\nThông tin giường phụ thì tùy thuộc vào mỗi phòng. Vui lòng kiểm tra thông tin phòng để biết chi tiết.""}",3,2026-09-19T13:54:56.459297+00:00
80c248dd5eb3,e37544b746323f987b2f365f,https://www.bestprice.vn/khach-san/hotel-de-la-coupole-mgallery-sapa-1659.html,https://www.bestprice.vn/khach-san/hotel-de-la-coupole-mgallery-sapa-1659.html,Hôtel de la Coupole - MGallery Sapa,"1 Hoàng Liên, Thị Trấn Sa Pa, Lào Cai",5,14:00,12:00,Thời gian nhận phòng: 14:00,Thời gian trả phòng: 12:00,4.5,,10,5,13,published_reference,"{""checkin_policy"": ""Khi đến nhận phòng, quý khách vui lòng mang theo:\n- CCCD hoặc passport.\n- Phiếu xác nhận đặt phòng của Best Price\n*Lưu ý: Theo quy định của pháp luật Việt Nam, khi 1 khách nước ngoài + 1 khách Việt Nam ở chung một phòng thì yêu cầu phải có giấy đăng ký kết hôn."", ""cancellation_policy"": ""Phí hủy đổi đặt phòng = phí hủy/đổi của khách sạn + phí xử lý giao dịch của Best Price.\nPhí hủy/đổi của khách sạn được chính khách sạn quy định như sau:\nKhách hàng đặt dịch vụ sẽ không được quyền hoàn dịch vụ, hủy đặt dịch vụ."", ""children_extra_bed_policy"": ""Khách trên 11 tuổi được coi là người lớn\nThông tin giường phụ thì tùy thuộc vào mỗi phòng. Vui lòng kiểm tra thông tin phòng để biết chi tiết.""}",3,2026-09-19T14:33:04.478964+00:00
80c248dd5eb3,e57d1f39e939c61d57b47460,https://www.bestprice.vn/khach-san/ttc-premium-ngoc-lan-da-lat-1631.html,https://www.bestprice.vn/khach-san/ttc-premium-ngoc-lan-da-lat-1631.html,TTC Premium Ngọc Lan Đà Lạt,"42 Đường Nguyễn Chí Thanh, Phường 1, Thành phố Đà Lạt, tỉnh Lâm Đồng, Việt Nam",4,14:00,12:00,Thời gian nhận phòng: 14:00,Thời gian trả phòng: 12:00,4.5,,11,6,13,requires_dates,"{""checkin_policy"": ""Khi đến nhận phòng, quý khách vui lòng mang theo:\n- CCCD hoặc passport.\n- Phiếu xác nhận đặt phòng của Best Price\n*Lưu ý: Theo quy định của pháp luật Việt Nam, khi 1 khách nước ngoài + 1 khách Việt Nam ở chung một phòng thì yêu cầu phải có giấy đăng ký kết hôn."", ""cancellation_policy"": ""Phí hủy đổi đặt phòng = phí hủy/đổi của khách sạn + phí xử lý giao dịch của Best Price.\nPhí hủy/đổi của khách sạn được chính khách sạn quy định như sau:\nKhách hàng đặt phòng sẽ không được quyền hoàn phòng, hủy đặt phòng nhưng được phép thay đổi đơn đặt phòng."", ""children_extra_bed_policy"": ""Khách trên 11 tuổi được coi là người lớn\nThông tin giường phụ thì tùy thuộc vào mỗi phòng. Vui lòng kiểm tra thông tin phòng để biết chi tiết.""}",3,2026-09-19T14:05:20.934735+00:00
80c248dd5eb3,e5b0271828ab9f91a739bad3,https://www.bestprice.vn/khach-san/vinpearl-resort-and-golf-phu-quoc-1378.html,https://www.bestprice.vn/khach-san/vinpearl-resort-and-golf-phu-quoc-1378.html,Sheraton Phú Quốc Long Beach Resort,"Bãi Dài, Xã Gành Dầu, Thành Phố Phú Quốc",5,14:00,12:00,Thời gian nhận phòng: 14:00,Thời gian trả phòng: 12:00,4.5,,89,10,10,published_reference,"{""checkin_policy"": ""Khi đến nhận phòng, quý khách vui lòng mang theo:\n- CCCD hoặc passport.\n- Phiếu xác nhận đặt phòng của Best Price\n*Lưu ý: Theo quy định của pháp luật Việt Nam, khi 1 khách nước ngoài + 1 khách Việt Nam ở chung một phòng thì yêu cầu phải có giấy đăng ký kết hôn."", ""cancellation_policy"": ""Phí hủy đổi đặt phòng = phí hủy/đổi của khách sạn + phí xử lý giao dịch của Best Price.\nPhí hủy/đổi của khách sạn được chính khách sạn quy định như sau:\nKhách hàng đặt dịch vụ sẽ không được quyền hoàn dịch vụ, hủy đặt dịch vụ."", ""children_extra_bed_policy"": ""Khách trên 12 tuổi được coi là người lớn\nThông tin giường phụ thì tùy thuộc vào mỗi phòng. Vui lòng kiểm tra thông tin phòng để biết chi tiết.""}",3,2026-09-19T13:53:42.364278+00:00
80c248dd5eb3,e5caf867cbdbd95e98e14f03,https://www.bestprice.vn/khach-san/novotel-nha-trang-141.html,https://www.bestprice.vn/khach-san/novotel-nha-trang-141.html,Novotel Hotel Nha Trang,"Số 50 Đường Trần Phú, Thành Phố Nha Trang, Tỉnh Khánh Hòa",4,14:00,12:00,Thời gian nhận phòng: 14:00,Thời gian trả phòng: 12:00,4.5,,11,5,16,published_reference,"{""checkin_policy"": ""Khi đến nhận phòng, quý khách vui lòng mang theo:\n- CCCD hoặc passport.\n- Phiếu xác nhận đặt phòng của Best Price\n*Lưu ý: Theo quy định của pháp luật Việt Nam, khi 1 khách nước ngoài + 1 khách Việt Nam ở chung một phòng thì yêu cầu phải có giấy đăng ký kết hôn."", ""cancellation_policy"": ""Phí hủy đổi đặt phòng = phí hủy/đổi của khách sạn + phí xử lý giao dịch của Best Price.\nPhí hủy/đổi của khách sạn được chính khách sạn quy định như sau:\nKhách hàng đặt dịch vụ sẽ không được quyền hoàn dịch vụ, hủy đặt dịch vụ."", ""children_extra_bed_policy"": ""Khách trên 16 tuổi được coi là người lớn\nThông tin giường phụ thì tùy thuộc vào mỗi phòng. Vui lòng kiểm tra thông tin phòng để biết chi tiết.""}",3,2026-09-19T14:05:04.929972+00:00
80c248dd5eb3,e8ad0f309b938887ad49b734,https://www.bestprice.vn/khach-san/hon-tam-resort-3688.html,https://www.bestprice.vn/khach-san/hon-tam-resort-3688.html,Hòn Tằm Resort,"Đảo Hòn Tằm, Thành phố Nha Trang, Tỉnh Khánh Hòa",5,14:00,12:00,Thời gian nhận phòng: 14:00,Thời gian trả phòng: 12:00,4.5,,18,5,18,requires_dates,"{""checkin_policy"": ""Khi đến nhận phòng, quý khách vui lòng mang theo:\n- CCCD hoặc passport.\n- Phiếu xác nhận đặt phòng của Best Price\n*Lưu ý: Theo quy định của pháp luật Việt Nam, khi 1 khách nước ngoài + 1 khách Việt Nam ở chung một phòng thì yêu cầu phải có giấy đăng ký kết hôn."", ""cancellation_policy"": ""Phí hủy đổi đặt phòng = phí hủy/đổi của khách sạn + phí xử lý giao dịch của Best Price.\nPhí hủy/đổi của khách sạn được chính khách sạn quy định như sau:\nKhách hàng đặt phòng sẽ không được quyền hoàn phòng, hủy đặt phòng nhưng được phép thay đổi đơn đặt phòng."", ""children_extra_bed_policy"": ""Khách trên 12 tuổi được coi là người lớn\nThông tin giường phụ thì tùy thuộc vào mỗi phòng. Vui lòng kiểm tra thông tin phòng để biết chi tiết.""}",3,2026-09-20T05:03:12.688628+00:00
80c248dd5eb3,e8b9199b599573f5381cbb3c,https://www.bestprice.vn/khach-san/vinpearl-discovery-greenhill-phu-quoc-1474.html,https://www.bestprice.vn/khach-san/vinpearl-discovery-greenhill-phu-quoc-1474.html,Melia Vinpearl Discovery Greenhill Phú Quốc,"Gành Dầu, huyện Phú Quốc, tỉnh Kiên Giang, Việt Nam",5,14:00,12:00,Thời gian nhận phòng: 14:00,Thời gian trả phòng: 12:00,4.5,,40,3,11,requires_dates,"{""checkin_policy"": ""Khi đến nhận phòng, quý khách vui lòng mang theo:\n- CCCD hoặc passport.\n- Phiếu xác nhận đặt phòng của Best Price\n*Lưu ý: Theo quy định của pháp luật Việt Nam, khi 1 khách nước ngoài + 1 khách Việt Nam ở chung một phòng thì yêu cầu phải có giấy đăng ký kết hôn."", ""cancellation_policy"": ""Phí hủy đổi đặt phòng = phí hủy/đổi của khách sạn + phí xử lý giao dịch của Best Price.\nPhí hủy/đổi của khách sạn được chính khách sạn quy định như sau:"", ""children_extra_bed_policy"": ""Khách trên 12 tuổi được coi là người lớn\nThông tin giường phụ thì tùy thuộc vào mỗi phòng. Vui lòng kiểm tra thông tin phòng để biết chi tiết.""}",3,2026-09-19T13:55:34.409353+00:00
80c248dd5eb3,e8f06cbbec902249a8812913,https://www.bestprice.vn/khach-san/belle-maison-handana-hoi-an-resort-spa-1503.html,https://www.bestprice.vn/khach-san/belle-maison-handana-hoi-an-resort-spa-1503.html,Belle Maison Hadana Hội An Resort & Spa,"538 Cửa Đại, Thành phố Hội An, Tỉnh Quảng Nam, Việt Nam.",4,14:00,12:00,Thời gian nhận phòng: 14:00,Thời gian trả phòng: 12:00,4.5,,10,6,13,requires_dates,"{""checkin_policy"": ""Khi đến nhận phòng, quý khách vui lòng mang theo:\n- CCCD hoặc passport.\n- Phiếu xác nhận đặt phòng của Best Price\n*Lưu ý: Theo quy định của pháp luật Việt Nam, khi 1 khách nước ngoài + 1 khách Việt Nam ở chung một phòng thì yêu cầu phải có giấy đăng ký kết hôn."", ""cancellation_policy"": ""Phí hủy đổi đặt phòng = phí hủy/đổi của khách sạn + phí xử lý giao dịch của Best Price.\nPhí hủy/đổi của khách sạn được chính khách sạn quy định như sau:"", ""children_extra_bed_policy"": ""Khách trên 12 tuổi được coi là người lớn\nThông tin giường phụ thì tùy thuộc vào mỗi phòng. Vui lòng kiểm tra thông tin phòng để biết chi tiết.""}",3,2026-09-19T14:33:40.607911+00:00
80c248dd5eb3,ed187bb01738c5d0add2ee04,https://www.bestprice.vn/khach-san/muong-thanh-grand-thanh-hoa-1682.html,https://www.bestprice.vn/khach-san/muong-thanh-grand-thanh-hoa-1682.html,Mường Thanh Grand Thanh Hóa,"Võ Nguyên Giáp, Phường Đông Vệ, Thành phố Thanh Hóa, Thanh Hóa",4,14:00,12:00,Thời gian nhận phòng: 14:00,Thời gian trả phòng: 12:00,4.5,,8,5,15,requires_dates,"{""checkin_policy"": ""Khi đến nhận phòng, quý khách vui lòng mang theo:\n- CCCD hoặc passport.\n- Phiếu xác nhận đặt phòng của Best Price\n*Lưu ý: Theo quy định của pháp luật Việt Nam, khi 1 khách nước ngoài + 1 khách Việt Nam ở chung một phòng thì yêu cầu phải có giấy đăng ký kết hôn."", ""cancellation_policy"": ""Phí hủy đổi đặt phòng = phí hủy/đổi của khách sạn + phí xử lý giao dịch của Best Price.\nPhí hủy/đổi của khách sạn được chính khách sạn quy định như sau:\nKhách hàng đặt phòng sẽ không được quyền hoàn phòng, hủy đặt phòng nhưng được phép thay đổi đơn đặt phòng."", ""children_extra_bed_policy"": ""Khách trên 12 tuổi được coi là người lớn\nThông tin giường phụ thì tùy thuộc vào mỗi phòng. Vui lòng kiểm tra thông tin phòng để biết chi tiết.""}",3,2026-09-19T13:55:08.349684+00:00
80c248dd5eb3,ed964be39e6e73e7784611ec,https://www.bestprice.vn/khach-san/paradise-suites-hotel-ha-long-1442.html,https://www.bestprice.vn/khach-san/paradise-suites-hotel-ha-long-1442.html,Paradise Suites Hotel Hạ Long,"Đảo Tuần Châu, Thành phố Hạ Long, Tỉnh Quảng Ninh",4,14:00,12:00,Thời gian nhận phòng: 14:00,Thời gian trả phòng: 12:00,4.5,,10,1,13,published_reference,"{""checkin_policy"": ""Khi đến nhận phòng, quý khách vui lòng mang theo:\n- CCCD hoặc passport.\n- Phiếu xác nhận đặt phòng của Best Price\n*Lưu ý: Theo quy định của pháp luật Việt Nam, khi 1 khách nước ngoài + 1 khách Việt Nam ở chung một phòng thì yêu cầu phải có giấy đăng ký kết hôn."", ""cancellation_policy"": ""Phí hủy đổi đặt phòng = phí hủy/đổi của khách sạn + phí xử lý giao dịch của Best Price.\nPhí hủy/đổi của khách sạn được chính khách sạn quy định như sau:\nKhách hàng đặt phòng sẽ không được quyền hoàn phòng, hủy đặt phòng nhưng được phép thay đổi đơn đặt phòng."", ""children_extra_bed_policy"": ""Khách trên 11 tuổi được coi là người lớn\nThông tin giường phụ thì tùy thuộc vào mỗi phòng. Vui lòng kiểm tra thông tin phòng để biết chi tiết.""}",3,2026-09-19T12:56:57.580264+00:00
80c248dd5eb3,eec89f23f84dd5a7ee188ebe,https://www.bestprice.vn/khach-san/muong-thanh-grand-da-nang-184.html,https://www.bestprice.vn/khach-san/muong-thanh-grand-da-nang-184.html,Mường Thanh Grand Đà Nẵng,"962 Ngô Quyền, Phường An Hải Tây, Quận Sơn Trà, Thành Phố Đà Nẵng",4,14:00,12:00,Thời gian nhận phòng: 14:00,Thời gian trả phòng: 12:00,4.5,,10,7,14,published_reference,"{""checkin_policy"": ""Khi đến nhận phòng, quý khách vui lòng mang theo:\n- CCCD hoặc passport.\n- Phiếu xác nhận đặt phòng của Best Price\n*Lưu ý: Theo quy định của pháp luật Việt Nam, khi 1 khách nước ngoài + 1 khách Việt Nam ở chung một phòng thì yêu cầu phải có giấy đăng ký kết hôn."", ""cancellation_policy"": ""Phí hủy đổi đặt phòng = phí hủy/đổi của khách sạn + phí xử lý giao dịch của Best Price.\nPhí hủy/đổi của khách sạn được chính khách sạn quy định như sau:\nKhách hàng đặt phòng sẽ không được quyền hoàn phòng, hủy đặt phòng nhưng được phép thay đổi đơn đặt phòng."", ""children_extra_bed_policy"": ""Khách trên 11 tuổi được coi là người lớn\nThông tin giường phụ thì tùy thuộc vào mỗi phòng. Vui lòng kiểm tra thông tin phòng để biết chi tiết.""}",3,2026-09-19T14:06:20.948943+00:00
80c248dd5eb3,f139e8883775b9499d106045,https://www.bestprice.vn/khach-san/flc-luxury-hotel-resort-quy-nhon-1403.html,https://www.bestprice.vn/khach-san/flc-luxury-hotel-resort-quy-nhon-1403.html,FLC Luxury Hotel & Resort Quy Nhơn,"Khu 4, Nhơn Lý - Bãi biển Cát Tiến, Xã Nhơn Lý, Tỉnh Bình Định.",5,14:00,12:00,Thời gian nhận phòng: 14:00,Thời gian trả phòng: 12:00,4.5,,18,9,16,published_reference,"{""checkin_policy"": ""Khi đến nhận phòng, quý khách vui lòng mang theo:\n- CCCD hoặc passport.\n- Phiếu xác nhận đặt phòng của Best Price\n*Lưu ý: Theo quy định của pháp luật Việt Nam, khi 1 khách nước ngoài + 1 khách Việt Nam ở chung một phòng thì yêu cầu phải có giấy đăng ký kết hôn."", ""cancellation_policy"": ""Phí hủy đổi đặt phòng = phí hủy/đổi của khách sạn + phí xử lý giao dịch của Best Price.\nPhí hủy/đổi của khách sạn được chính khách sạn quy định như sau:\nKhách hàng đặt phòng sẽ không được quyền hoàn phòng, hủy đặt phòng nhưng được phép thay đổi đơn đặt phòng."", ""children_extra_bed_policy"": ""Khách trên 11 tuổi được coi là người lớn\nThông tin giường phụ thì tùy thuộc vào mỗi phòng. Vui lòng kiểm tra thông tin phòng để biết chi tiết.""}",3,2026-09-19T14:53:34.086557+00:00
80c248dd5eb3,f18eda2453a6cbaf0af8c800,https://www.bestprice.vn/khach-san/sapa-jade-hill-resort-spa-1369.html,https://www.bestprice.vn/khach-san/sapa-jade-hill-resort-spa-1369.html,Sapa Jade Hill Resort & Spa,"Thôn Lý, Xã Lao Chải, Huyện SaPa, Thị trấn Sapa, Tỉnh Lào Cai, Việt Nam",4,14:00,12:00,Thời gian nhận phòng: 14:00,Thời gian trả phòng: 12:00,4.5,,19,5,19,published_reference,"{""checkin_policy"": ""Khi đến nhận phòng, quý khách vui lòng mang theo:\n- CCCD hoặc passport.\n- Phiếu xác nhận đặt phòng của Best Price\n*Lưu ý: Theo quy định của pháp luật Việt Nam, khi 1 khách nước ngoài + 1 khách Việt Nam ở chung một phòng thì yêu cầu phải có giấy đăng ký kết hôn."", ""cancellation_policy"": ""Phí hủy đổi đặt phòng = phí hủy/đổi của khách sạn + phí xử lý giao dịch của Best Price.\nPhí hủy/đổi của khách sạn được chính khách sạn quy định như sau:\nKhách hàng đặt dịch vụ sẽ không được quyền hoàn dịch vụ, hủy đặt dịch vụ."", ""children_extra_bed_policy"": ""Khách trên 11 tuổi được coi là người lớn\nThông tin giường phụ thì tùy thuộc vào mỗi phòng. Vui lòng kiểm tra thông tin phòng để biết chi tiết.""}",3,2026-09-19T14:53:28.066293+00:00
80c248dd5eb3,f506a2244ada5cda430ea08d,https://www.bestprice.vn/khach-san/sheraton-can-tho-1377.html,https://www.bestprice.vn/khach-san/sheraton-can-tho-1377.html,Sheraton Cần Thơ,"Số 209, đường 30/4, phường Xuân Khánh, quận Ninh Kiều, thành phố Cần Thơ.",5,14:00,12:00,Thời gian nhận phòng: 14:00,Thời gian trả phòng: 12:00,4.5,,45,3,7,requires_dates,"{""checkin_policy"": ""Khi đến nhận phòng, quý khách vui lòng mang theo:\n- CCCD hoặc passport.\n- Phiếu xác nhận đặt phòng của Best Price\n*Lưu ý: Theo quy định của pháp luật Việt Nam, khi 1 khách nước ngoài + 1 khách Việt Nam ở chung một phòng thì yêu cầu phải có giấy đăng ký kết hôn."", ""cancellation_policy"": ""Phí hủy đổi đặt phòng = phí hủy/đổi của khách sạn + phí xử lý giao dịch của Best Price.\nPhí hủy/đổi của khách sạn được chính khách sạn quy định như sau:\nKhách hàng đặt dịch vụ sẽ không được quyền hoàn dịch vụ, hủy đặt dịch vụ."", ""children_extra_bed_policy"": ""Khách trên 12 tuổi được coi là người lớn\nThông tin giường phụ thì tùy thuộc vào mỗi phòng. Vui lòng kiểm tra thông tin phòng để biết chi tiết.""}",3,2026-09-19T13:57:24.450678+00:00
80c248dd5eb3,f60b419024a0aac86d7347d0,https://www.bestprice.vn/khach-san/flc-grand-hotel-sam-son-1402.html,https://www.bestprice.vn/khach-san/flc-grand-hotel-sam-son-1402.html,FLC Grand Hotel Sầm Sơn,"Đường Hồ Xuân Hương, Sầm Sơn, Thanh Hóa",5,14:00,12:00,Thời gian nhận phòng: 14:00,Thời gian trả phòng: 12:00,4.5,,15,3,22,published_reference,"{""checkin_policy"": ""Khi đến nhận phòng, quý khách vui lòng mang theo:\n- CCCD hoặc passport.\n- Phiếu xác nhận đặt phòng của Best Price\n*Lưu ý: Theo quy định của pháp luật Việt Nam, khi 1 khách nước ngoài + 1 khách Việt Nam ở chung một phòng thì yêu cầu phải có giấy đăng ký kết hôn."", ""cancellation_policy"": ""Phí hủy đổi đặt phòng = phí hủy/đổi của khách sạn + phí xử lý giao dịch của Best Price.\nPhí hủy/đổi của khách sạn được chính khách sạn quy định như sau:\nKhách hàng đặt phòng sẽ không được quyền hoàn phòng, hủy đặt phòng nhưng được phép thay đổi đơn đặt phòng."", ""children_extra_bed_policy"": ""Khách trên 12 tuổi được coi là người lớn\nThông tin giường phụ thì tùy thuộc vào mỗi phòng. Vui lòng kiểm tra thông tin phòng để biết chi tiết.""}",3,2026-09-20T05:05:44.816611+00:00
80c248dd5eb3,f715522d05a1d9f2e3a3cef8,https://www.bestprice.vn/khach-san/river-beach-resort-residences-hoi-an-51.html,https://www.bestprice.vn/khach-san/river-beach-resort-residences-hoi-an-51.html,River Beach Resort & Residences Hội An,"5 Cửa Đại, Phường Cẩm Châu, Hội An, Tỉnh Quảng Nam",4,14:00,12:00,Thời gian nhận phòng: 14:00,Thời gian trả phòng: 12:00,4.9,,51,4,11,requires_dates,"{""checkin_policy"": ""Khi đến nhận phòng, quý khách vui lòng mang theo:\n- CCCD hoặc passport.\n- Phiếu xác nhận đặt phòng của Best Price\n*Lưu ý: Theo quy định của pháp luật Việt Nam, khi 1 khách nước ngoài + 1 khách Việt Nam ở chung một phòng thì yêu cầu phải có giấy đăng ký kết hôn."", ""cancellation_policy"": ""Phí hủy đổi đặt phòng = phí hủy/đổi của khách sạn + phí xử lý giao dịch của Best Price.\nPhí hủy/đổi của khách sạn được chính khách sạn quy định như sau:\nKhách hàng đặt phòng sẽ không được quyền hoàn phòng, hủy đặt phòng nhưng được phép thay đổi đơn đặt phòng."", ""children_extra_bed_policy"": ""Khách trên 12 tuổi được coi là người lớn\nThông tin giường phụ thì tùy thuộc vào mỗi phòng. Vui lòng kiểm tra thông tin phòng để biết chi tiết.""}",3,2026-09-20T05:15:43.096448+00:00
80c248dd5eb3,f7ba0d468eda7cb5232a5a23,https://www.bestprice.vn/khach-san/golf-valley-da-lat-1580.html,https://www.bestprice.vn/khach-san/golf-valley-da-lat-1580.html,Golf Valley Hotel Đà Lạt,"Số 94 Đường Bùi Thị Xuân, Phường 2, Thành phố Đà Lạt, Tỉnh Lâm Đồng.",4,14:00,12:00,Thời gian nhận phòng: 14:00,Thời gian trả phòng: 12:00,4.5,,13,8,17,published_reference,"{""checkin_policy"": ""Khi đến nhận phòng, quý khách vui lòng mang theo:\n- CCCD hoặc passport.\n- Phiếu xác nhận đặt phòng của Best Price\n*Lưu ý: Theo quy định của pháp luật Việt Nam, khi 1 khách nước ngoài + 1 khách Việt Nam ở chung một phòng thì yêu cầu phải có giấy đăng ký kết hôn."", ""cancellation_policy"": ""Phí hủy đổi đặt phòng = phí hủy/đổi của khách sạn + phí xử lý giao dịch của Best Price.\nPhí hủy/đổi của khách sạn được chính khách sạn quy định như sau:\nKhách hàng đặt dịch vụ sẽ không được quyền hoàn dịch vụ, hủy đặt dịch vụ."", ""children_extra_bed_policy"": ""Khách trên 12 tuổi được coi là người lớn\nThông tin giường phụ thì tùy thuộc vào mỗi phòng. Vui lòng kiểm tra thông tin phòng để biết chi tiết.""}",3,2026-09-19T16:36:55.279797+00:00
80c248dd5eb3,f8a5747feaca152707e1bbee,https://www.bestprice.vn/khach-san/movenpick-resort-waverly-phu-quoc-1768.html,https://www.bestprice.vn/khach-san/movenpick-resort-waverly-phu-quoc-1768.html,Movenpick Resort Waverly Phú Quốc,"Tổ 1, Ấp Ông Lang, Xã Cửa Dương, Thành phố Phú Quốc, Tỉnh Kiên Giang",5,14:00,12:00,Thời gian nhận phòng: 14:00,Thời gian trả phòng: 12:00,4.0,,9,12,22,published_reference,"{""checkin_policy"": ""Khi đến nhận phòng, quý khách vui lòng mang theo:\n- CCCD hoặc passport.\n- Phiếu xác nhận đặt phòng của Best Price\n*Lưu ý: Theo quy định của pháp luật Việt Nam, khi 1 khách nước ngoài + 1 khách Việt Nam ở chung một phòng thì yêu cầu phải có giấy đăng ký kết hôn."", ""cancellation_policy"": ""Phí hủy đổi đặt phòng = phí hủy/đổi của khách sạn + phí xử lý giao dịch của Best Price.\nPhí hủy/đổi của khách sạn được chính khách sạn quy định như sau:\nKhách hàng đặt phòng sẽ không được quyền hoàn phòng, hủy đặt phòng nhưng được phép thay đổi đơn đặt phòng."", ""children_extra_bed_policy"": ""Khách trên 11 tuổi được coi là người lớn\nThông tin giường phụ thì tùy thuộc vào mỗi phòng. Vui lòng kiểm tra thông tin phòng để biết chi tiết.""}",3,2026-09-19T16:36:23.004606+00:00
80c248dd5eb3,fa6cc4219d7cc665e34ea261,https://www.bestprice.vn/khach-san/rum-vang-da-lat-253.html,https://www.bestprice.vn/khach-san/rum-vang-da-lat-253.html,Khách sạn Rum Vàng Đà Lạt,"24 Đường Lê Đại Hành, Phường 3, Thành phố Đà Lạt, Lâm Đồng",3,14:00,12:00,Thời gian nhận phòng: 14:00,Thời gian trả phòng: 12:00,4.0,,10,4,11,requires_dates,"{""checkin_policy"": ""Khi đến nhận phòng, quý khách vui lòng mang theo:\n- CCCD hoặc passport.\n- Phiếu xác nhận đặt phòng của Best Price\n*Lưu ý: Theo quy định của pháp luật Việt Nam, khi 1 khách nước ngoài + 1 khách Việt Nam ở chung một phòng thì yêu cầu phải có giấy đăng ký kết hôn."", ""cancellation_policy"": ""Phí hủy đổi đặt phòng = phí hủy/đổi của khách sạn + phí xử lý giao dịch của Best Price.\nPhí hủy/đổi của khách sạn được chính khách sạn quy định như sau:"", ""children_extra_bed_policy"": ""Khách trên 11 tuổi được coi là người lớn\nThông tin giường phụ thì tùy thuộc vào mỗi phòng. Vui lòng kiểm tra thông tin phòng để biết chi tiết.""}",3,2026-09-19T16:37:04.977765+00:00
80c248dd5eb3,fb389a8a215192682b76b8b1,https://www.bestprice.vn/khach-san/pandanus-resort-phan-thiet-350.html,https://www.bestprice.vn/khach-san/pandanus-resort-phan-thiet-350.html,Pandanus Resort Phan Thiết,"Số 3 Đường Nguyễn Hữu Thọ, Phường Mũi Né, Thành phố Phan Thiết, Tỉnh Bình Thuận",4,14:00,12:00,Thời gian nhận phòng: 14:00,Thời gian trả phòng: 12:00,4.0,,6,7,25,requires_dates,"{""checkin_policy"": ""Khi đến nhận phòng, quý khách vui lòng mang theo:\n- CCCD hoặc passport.\n- Phiếu xác nhận đặt phòng của Best Price\n*Lưu ý: Theo quy định của pháp luật Việt Nam, khi 1 khách nước ngoài + 1 khách Việt Nam ở chung một phòng thì yêu cầu phải có giấy đăng ký kết hôn."", ""cancellation_policy"": ""Phí hủy đổi đặt phòng = phí hủy/đổi của khách sạn + phí xử lý giao dịch của Best Price.\nPhí hủy/đổi của khách sạn được chính khách sạn quy định như sau:\nKhách hàng đặt phòng sẽ không được quyền hoàn phòng, hủy đặt phòng nhưng được phép thay đổi đơn đặt phòng."", ""children_extra_bed_policy"": ""Khách trên 11 tuổi được coi là người lớn\nThông tin giường phụ thì tùy thuộc vào mỗi phòng. Vui lòng kiểm tra thông tin phòng để biết chi tiết.""}",3,2026-09-20T05:40:24.012734+00:00
80c248dd5eb3,fdaebc2f8007b8c9765e576c,https://www.bestprice.vn/khach-san/phu-thinh-boutique-resort-spa-15.html,https://www.bestprice.vn/khach-san/phu-thinh-boutique-resort-spa-15.html,Phú Thịnh Boutique Resort & Spa,"488 Cửa Đại, Phường Cẩm Châu, Thành Phố Hội An, Tỉnh Quảng Nam",3,14:00,12:00,Thời gian nhận phòng: 14:00,Thời gian trả phòng: 12:00,4.5,,1,5,13,requires_dates,"{""checkin_policy"": ""Khi đến nhận phòng, quý khách vui lòng mang theo:\n- CCCD hoặc passport.\n- Phiếu xác nhận đặt phòng của Best Price\n*Lưu ý: Theo quy định của pháp luật Việt Nam, khi 1 khách nước ngoài + 1 khách Việt Nam ở chung một phòng thì yêu cầu phải có giấy đăng ký kết hôn."", ""cancellation_policy"": ""Phí hủy đổi đặt phòng = phí hủy/đổi của khách sạn + phí xử lý giao dịch của Best Price.\nPhí hủy/đổi của khách sạn được chính khách sạn quy định như sau:\nKhách hàng đặt phòng sẽ không được quyền hoàn phòng, hủy đặt phòng nhưng được phép thay đổi đơn đặt phòng."", ""children_extra_bed_policy"": ""Khách trên 11 tuổi được coi là người lớn\nThông tin giường phụ thì tùy thuộc vào mỗi phòng. Vui lòng kiểm tra thông tin phòng để biết chi tiết.""}",3,2026-09-19T14:33:34.496049+00:00
