run_id,entity_id,amenity
80c248dd5eb3,025416558ee11fc3f41814a0,Bể bơi trong nhà
80c248dd5eb3,025416558ee11fc3f41814a0,Wifi miễn phí
80c248dd5eb3,025416558ee11fc3f41814a0,Ăn sáng miễn phí
80c248dd5eb3,025416558ee11fc3f41814a0,Bàn làm việc
80c248dd5eb3,025416558ee11fc3f41814a0,Bồn tắm và vòi sen
80c248dd5eb3,025416558ee11fc3f41814a0,Cho thuê xe
80c248dd5eb3,025416558ee11fc3f41814a0,Chỗ đỗ xe
80c248dd5eb3,025416558ee11fc3f41814a0,Dịch vụ hội họp
80c248dd5eb3,025416558ee11fc3f41814a0,Dịch vụ phòng
80c248dd5eb3,025416558ee11fc3f41814a0,Giặt là quần áo
80c248dd5eb3,025416558ee11fc3f41814a0,Lễ tân phục vụ 24h
80c248dd5eb3,025416558ee11fc3f41814a0,Máy lạnh
80c248dd5eb3,025416558ee11fc3f41814a0,Nhà hàng - Ẩm thực
80c248dd5eb3,025416558ee11fc3f41814a0,Nước nóng - lạnh
80c248dd5eb3,025416558ee11fc3f41814a0,Phòng tập thể dục
80c248dd5eb3,025416558ee11fc3f41814a0,Phòng Xông Hơi
80c248dd5eb3,025416558ee11fc3f41814a0,Quán Bar
80c248dd5eb3,025416558ee11fc3f41814a0,Quán café
80c248dd5eb3,025416558ee11fc3f41814a0,Quầy đặt tour du lịch
80c248dd5eb3,025416558ee11fc3f41814a0,Sân golf
80c248dd5eb3,025416558ee11fc3f41814a0,Spa
80c248dd5eb3,025416558ee11fc3f41814a0,Spa/Massage
80c248dd5eb3,025416558ee11fc3f41814a0,Thang máy
80c248dd5eb3,025416558ee11fc3f41814a0,Đưa đón Sân bay
80c248dd5eb3,02f55a1f429997e624b5defa,Bể bơi ngoài trời
80c248dd5eb3,02f55a1f429997e624b5defa,Wifi miễn phí
80c248dd5eb3,02f55a1f429997e624b5defa,Ăn sáng miễn phí
80c248dd5eb3,02f55a1f429997e624b5defa,Chỗ đỗ xe
80c248dd5eb3,02f55a1f429997e624b5defa,Dịch vụ hội họp
80c248dd5eb3,02f55a1f429997e624b5defa,Giặt là quần áo
80c248dd5eb3,02f55a1f429997e624b5defa,Khu vực vui chơi trẻ em
80c248dd5eb3,02f55a1f429997e624b5defa,Nhà hàng - Ẩm thực
80c248dd5eb3,02f55a1f429997e624b5defa,Quán Bar
80c248dd5eb3,02f55a1f429997e624b5defa,Quán café
80c248dd5eb3,02f55a1f429997e624b5defa,Spa/Massage
80c248dd5eb3,02f55a1f429997e624b5defa,Thang máy
80c248dd5eb3,03df2e1042d51c21ba040502,Wifi miễn phí
80c248dd5eb3,03df2e1042d51c21ba040502,Ăn sáng miễn phí
80c248dd5eb3,03df2e1042d51c21ba040502,Chỗ đỗ xe
80c248dd5eb3,03df2e1042d51c21ba040502,Dịch vụ hội họp
80c248dd5eb3,03df2e1042d51c21ba040502,Giặt là quần áo
80c248dd5eb3,03df2e1042d51c21ba040502,Khu vực vui chơi trẻ em
80c248dd5eb3,03df2e1042d51c21ba040502,Nhà hàng - Ẩm thực
80c248dd5eb3,03df2e1042d51c21ba040502,Quầy Hàng Lưu Niệm
80c248dd5eb3,03df2e1042d51c21ba040502,Quầy đặt tour du lịch
80c248dd5eb3,03df2e1042d51c21ba040502,Spa/Massage
80c248dd5eb3,03df2e1042d51c21ba040502,Đưa đón Sân bay
80c248dd5eb3,06c58f5715c56821f479fd69,Bể bơi ngoài trời
80c248dd5eb3,06c58f5715c56821f479fd69,Bể bơi trong nhà
80c248dd5eb3,06c58f5715c56821f479fd69,Wifi miễn phí
80c248dd5eb3,06c58f5715c56821f479fd69,Ăn sáng miễn phí
80c248dd5eb3,06c58f5715c56821f479fd69,Chỗ đỗ xe
80c248dd5eb3,06c58f5715c56821f479fd69,Dịch vụ hội họp
80c248dd5eb3,06c58f5715c56821f479fd69,Giặt là quần áo
80c248dd5eb3,06c58f5715c56821f479fd69,Khu vực vui chơi trẻ em
80c248dd5eb3,06c58f5715c56821f479fd69,Nhà hàng - Ẩm thực
80c248dd5eb3,06c58f5715c56821f479fd69,Phòng hút thuốc
80c248dd5eb3,06c58f5715c56821f479fd69,Phòng tập thể dục
80c248dd5eb3,06c58f5715c56821f479fd69,Quán Bar
80c248dd5eb3,06c58f5715c56821f479fd69,Quán café
80c248dd5eb3,06c58f5715c56821f479fd69,Quầy Billard
80c248dd5eb3,06c58f5715c56821f479fd69,Sân golf
80c248dd5eb3,06c58f5715c56821f479fd69,Spa/Massage
80c248dd5eb3,06c58f5715c56821f479fd69,Thang máy
80c248dd5eb3,06c58f5715c56821f479fd69,Đưa đón Sân bay
80c248dd5eb3,06c58f5715c56821f479fd69,Đường dành cho xe lăn
80c248dd5eb3,07b7e33887bae4f2c6d50f89,Bể bơi ngoài trời
80c248dd5eb3,07b7e33887bae4f2c6d50f89,Wifi miễn phí
80c248dd5eb3,07b7e33887bae4f2c6d50f89,Ăn sáng miễn phí
80c248dd5eb3,07b7e33887bae4f2c6d50f89,Chỗ đỗ xe
80c248dd5eb3,07b7e33887bae4f2c6d50f89,Dịch vụ hội họp
80c248dd5eb3,07b7e33887bae4f2c6d50f89,Giặt là quần áo
80c248dd5eb3,07b7e33887bae4f2c6d50f89,Nhà hàng - Ẩm thực
80c248dd5eb3,07b7e33887bae4f2c6d50f89,Phòng tập thể dục
80c248dd5eb3,07b7e33887bae4f2c6d50f89,Quán Bar
80c248dd5eb3,07b7e33887bae4f2c6d50f89,Quầy đặt tour du lịch
80c248dd5eb3,07b7e33887bae4f2c6d50f89,Spa/Massage
80c248dd5eb3,07b7e33887bae4f2c6d50f89,Thang máy
80c248dd5eb3,07b7e33887bae4f2c6d50f89,Đưa đón Sân bay
80c248dd5eb3,0901a08cf769286a475b4060,Bể bơi ngoài trời
80c248dd5eb3,0901a08cf769286a475b4060,Wifi miễn phí
80c248dd5eb3,0901a08cf769286a475b4060,Ăn sáng miễn phí
80c248dd5eb3,0901a08cf769286a475b4060,Cho thuê xe
80c248dd5eb3,0901a08cf769286a475b4060,Dịch vụ hội họp
80c248dd5eb3,0901a08cf769286a475b4060,Giặt là quần áo
80c248dd5eb3,0901a08cf769286a475b4060,Hội Nghị & Tiệc Cưới
80c248dd5eb3,0901a08cf769286a475b4060,Khu vực vui chơi trẻ em
80c248dd5eb3,0901a08cf769286a475b4060,Nhà hàng - Ẩm thực
80c248dd5eb3,0901a08cf769286a475b4060,Phòng tập thể dục
80c248dd5eb3,0901a08cf769286a475b4060,Quán Bar
80c248dd5eb3,0901a08cf769286a475b4060,Quầy đặt tour du lịch
80c248dd5eb3,0901a08cf769286a475b4060,Spa/Massage
80c248dd5eb3,0901a08cf769286a475b4060,Thang máy
80c248dd5eb3,0901a08cf769286a475b4060,Đưa đón Sân bay
80c248dd5eb3,0999f5b11e5432190dd27d2f,Bãi biển riêng
80c248dd5eb3,0999f5b11e5432190dd27d2f,Bể bơi ngoài trời
80c248dd5eb3,0999f5b11e5432190dd27d2f,Wifi miễn phí
80c248dd5eb3,0999f5b11e5432190dd27d2f,Bàn làm việc
80c248dd5eb3,0999f5b11e5432190dd27d2f,Bồn tắm và vòi sen
80c248dd5eb3,0999f5b11e5432190dd27d2f,Chỗ đỗ xe
80c248dd5eb3,0999f5b11e5432190dd27d2f,Dịch vụ trông trẻ
80c248dd5eb3,0999f5b11e5432190dd27d2f,Giặt là quần áo
80c248dd5eb3,0999f5b11e5432190dd27d2f,Karaoke
80c248dd5eb3,0999f5b11e5432190dd27d2f,Lễ tân phục vụ 24h
80c248dd5eb3,0999f5b11e5432190dd27d2f,Máy lạnh
80c248dd5eb3,0999f5b11e5432190dd27d2f,Nhà hàng - Ẩm thực
80c248dd5eb3,0999f5b11e5432190dd27d2f,Phòng tắm
80c248dd5eb3,0999f5b11e5432190dd27d2f,Phòng tập thể dục
80c248dd5eb3,0999f5b11e5432190dd27d2f,Quán Bar
80c248dd5eb3,0999f5b11e5432190dd27d2f,Quầy đặt tour du lịch
80c248dd5eb3,0999f5b11e5432190dd27d2f,Spa
80c248dd5eb3,0999f5b11e5432190dd27d2f,Spa/Massage
80c248dd5eb3,0999f5b11e5432190dd27d2f,Thang máy
80c248dd5eb3,0999f5b11e5432190dd27d2f,Wifi
80c248dd5eb3,0a6ec47f2855cd5c1dbde47d,Bể bơi ngoài trời
80c248dd5eb3,0a6ec47f2855cd5c1dbde47d,Wifi miễn phí
80c248dd5eb3,0a6ec47f2855cd5c1dbde47d,Ăn sáng miễn phí
80c248dd5eb3,0a6ec47f2855cd5c1dbde47d,Cho thuê xe
80c248dd5eb3,0a6ec47f2855cd5c1dbde47d,Chỗ đỗ xe
80c248dd5eb3,0a6ec47f2855cd5c1dbde47d,Dịch vụ hội họp
80c248dd5eb3,0a6ec47f2855cd5c1dbde47d,Giặt là quần áo
80c248dd5eb3,0a6ec47f2855cd5c1dbde47d,Karaoke
80c248dd5eb3,0a6ec47f2855cd5c1dbde47d,Quầy Hàng Lưu Niệm
80c248dd5eb3,0a6ec47f2855cd5c1dbde47d,Quầy đặt tour du lịch
80c248dd5eb3,0a99d190a9884de80d284bf7,Bể bơi ngoài trời
80c248dd5eb3,0a99d190a9884de80d284bf7,Chỗ đỗ xe
80c248dd5eb3,0a99d190a9884de80d284bf7,Khu vực vui chơi trẻ em
80c248dd5eb3,118c5319a6f25153aae34646,Bãi biển riêng
80c248dd5eb3,118c5319a6f25153aae34646,Bể bơi ngoài trời
80c248dd5eb3,118c5319a6f25153aae34646,Wifi miễn phí
80c248dd5eb3,118c5319a6f25153aae34646,Ăn sáng miễn phí
80c248dd5eb3,118c5319a6f25153aae34646,Cho thuê xe
80c248dd5eb3,118c5319a6f25153aae34646,Chỗ đỗ xe
80c248dd5eb3,118c5319a6f25153aae34646,Giặt là quần áo
80c248dd5eb3,118c5319a6f25153aae34646,Karaoke
80c248dd5eb3,118c5319a6f25153aae34646,Lễ tân phục vụ 24h
80c248dd5eb3,118c5319a6f25153aae34646,Nhà hàng - Ẩm thực
80c248dd5eb3,118c5319a6f25153aae34646,Phòng tập thể dục
80c248dd5eb3,118c5319a6f25153aae34646,Phòng Xông Hơi
80c248dd5eb3,118c5319a6f25153aae34646,Quán Bar
80c248dd5eb3,118c5319a6f25153aae34646,Quầy Billard
80c248dd5eb3,118c5319a6f25153aae34646,Quầy Hàng Lưu Niệm
80c248dd5eb3,118c5319a6f25153aae34646,Quầy đặt tour du lịch
80c248dd5eb3,118c5319a6f25153aae34646,Spa
80c248dd5eb3,118c5319a6f25153aae34646,Spa/Massage
80c248dd5eb3,118c5319a6f25153aae34646,Thang máy
80c248dd5eb3,118c5319a6f25153aae34646,Đưa đón Sân bay
80c248dd5eb3,12303701fbed7b3ba95c93cb,Bể bơi ngoài trời
80c248dd5eb3,12303701fbed7b3ba95c93cb,Wifi miễn phí
80c248dd5eb3,12303701fbed7b3ba95c93cb,Ăn sáng miễn phí
80c248dd5eb3,12303701fbed7b3ba95c93cb,Dịch vụ hội họp
80c248dd5eb3,12303701fbed7b3ba95c93cb,Giặt là quần áo
80c248dd5eb3,12303701fbed7b3ba95c93cb,Karaoke
80c248dd5eb3,12303701fbed7b3ba95c93cb,Khu vực vui chơi trẻ em
80c248dd5eb3,12303701fbed7b3ba95c93cb,Nhà hàng - Ẩm thực
80c248dd5eb3,12303701fbed7b3ba95c93cb,Phòng tập thể dục
80c248dd5eb3,12303701fbed7b3ba95c93cb,Quán Bar
80c248dd5eb3,12303701fbed7b3ba95c93cb,Spa/Massage
80c248dd5eb3,12303701fbed7b3ba95c93cb,Thang máy
80c248dd5eb3,1262a571d0d2899a3171d41d,Bể bơi ngoài trời
80c248dd5eb3,1262a571d0d2899a3171d41d,Wifi miễn phí
80c248dd5eb3,1262a571d0d2899a3171d41d,Ăn sáng miễn phí
80c248dd5eb3,1262a571d0d2899a3171d41d,Chỗ đỗ xe
80c248dd5eb3,1262a571d0d2899a3171d41d,Dịch vụ trông trẻ
80c248dd5eb3,1262a571d0d2899a3171d41d,Dịch vụ hội họp
80c248dd5eb3,1262a571d0d2899a3171d41d,Giặt là quần áo
80c248dd5eb3,1262a571d0d2899a3171d41d,Karaoke
80c248dd5eb3,1262a571d0d2899a3171d41d,Khu vực vui chơi trẻ em
80c248dd5eb3,1262a571d0d2899a3171d41d,Nhà hàng - Ẩm thực
80c248dd5eb3,1262a571d0d2899a3171d41d,Phòng tập thể dục
80c248dd5eb3,1262a571d0d2899a3171d41d,Quán Bar
80c248dd5eb3,1262a571d0d2899a3171d41d,Quán café
80c248dd5eb3,1262a571d0d2899a3171d41d,Quầy Billard
80c248dd5eb3,1262a571d0d2899a3171d41d,Spa/Massage
80c248dd5eb3,1262a571d0d2899a3171d41d,Thang máy
80c248dd5eb3,142b0d7e225d10057abc8dd4,Bãi biển riêng
80c248dd5eb3,142b0d7e225d10057abc8dd4,Bể bơi trong nhà
80c248dd5eb3,142b0d7e225d10057abc8dd4,Wifi miễn phí
80c248dd5eb3,142b0d7e225d10057abc8dd4,Ăn sáng miễn phí
80c248dd5eb3,142b0d7e225d10057abc8dd4,Cho thuê xe
80c248dd5eb3,142b0d7e225d10057abc8dd4,Chỗ đỗ xe
80c248dd5eb3,142b0d7e225d10057abc8dd4,Dịch vụ hội họp
80c248dd5eb3,142b0d7e225d10057abc8dd4,Giặt là quần áo
80c248dd5eb3,142b0d7e225d10057abc8dd4,Khu vực vui chơi trẻ em
80c248dd5eb3,142b0d7e225d10057abc8dd4,Nhà hàng - Ẩm thực
80c248dd5eb3,142b0d7e225d10057abc8dd4,Phòng tập thể dục
80c248dd5eb3,142b0d7e225d10057abc8dd4,Quán Bar
80c248dd5eb3,142b0d7e225d10057abc8dd4,Quán café
80c248dd5eb3,142b0d7e225d10057abc8dd4,Quầy đặt tour du lịch
80c248dd5eb3,142b0d7e225d10057abc8dd4,Spa/Massage
80c248dd5eb3,142b0d7e225d10057abc8dd4,Thang máy
80c248dd5eb3,142b0d7e225d10057abc8dd4,Đưa đón Sân bay
80c248dd5eb3,145fb933340479688b1adfab,Bể bơi ngoài trời
80c248dd5eb3,145fb933340479688b1adfab,Bể bơi trong nhà
80c248dd5eb3,145fb933340479688b1adfab,Wifi miễn phí
80c248dd5eb3,145fb933340479688b1adfab,Ăn sáng miễn phí
80c248dd5eb3,145fb933340479688b1adfab,Dịch vụ hội họp
80c248dd5eb3,145fb933340479688b1adfab,Khu vực vui chơi trẻ em
80c248dd5eb3,145fb933340479688b1adfab,Nhà hàng - Ẩm thực
80c248dd5eb3,145fb933340479688b1adfab,Phòng tập thể dục
80c248dd5eb3,145fb933340479688b1adfab,Quán café
80c248dd5eb3,145fb933340479688b1adfab,Sân golf
80c248dd5eb3,145fb933340479688b1adfab,Spa/Massage
80c248dd5eb3,145fb933340479688b1adfab,Thang máy
80c248dd5eb3,15a8ba2773bebca5268cc473,Bể bơi trong nhà
80c248dd5eb3,15a8ba2773bebca5268cc473,Wifi miễn phí
80c248dd5eb3,15a8ba2773bebca5268cc473,Ăn sáng miễn phí
80c248dd5eb3,15a8ba2773bebca5268cc473,Chỗ đỗ xe
80c248dd5eb3,15a8ba2773bebca5268cc473,Dịch vụ hội họp
80c248dd5eb3,15a8ba2773bebca5268cc473,Giặt là quần áo
80c248dd5eb3,15a8ba2773bebca5268cc473,Nhà hàng - Ẩm thực
80c248dd5eb3,15a8ba2773bebca5268cc473,Phòng tập thể dục
80c248dd5eb3,15a8ba2773bebca5268cc473,Quán Bar
80c248dd5eb3,15a8ba2773bebca5268cc473,Quán café
80c248dd5eb3,15a8ba2773bebca5268cc473,Spa/Massage
80c248dd5eb3,15a8ba2773bebca5268cc473,Thang máy
80c248dd5eb3,17fd0937cd2828e8333629f8,Bãi biển riêng
80c248dd5eb3,17fd0937cd2828e8333629f8,Bể bơi ngoài trời
80c248dd5eb3,17fd0937cd2828e8333629f8,Wifi miễn phí
80c248dd5eb3,17fd0937cd2828e8333629f8,Ăn sáng miễn phí
80c248dd5eb3,17fd0937cd2828e8333629f8,Chỗ đỗ xe
80c248dd5eb3,17fd0937cd2828e8333629f8,Dịch vụ hội họp
80c248dd5eb3,17fd0937cd2828e8333629f8,Giặt là quần áo
80c248dd5eb3,17fd0937cd2828e8333629f8,Karaoke
80c248dd5eb3,17fd0937cd2828e8333629f8,Nhà hàng - Ẩm thực
80c248dd5eb3,17fd0937cd2828e8333629f8,Phòng tập thể dục
80c248dd5eb3,17fd0937cd2828e8333629f8,Quán Bar
80c248dd5eb3,17fd0937cd2828e8333629f8,Quán café
80c248dd5eb3,17fd0937cd2828e8333629f8,Quầy đặt tour du lịch
80c248dd5eb3,17fd0937cd2828e8333629f8,Spa/Massage
80c248dd5eb3,17fd0937cd2828e8333629f8,Thang máy
80c248dd5eb3,17fd0937cd2828e8333629f8,Đưa đón Sân bay
80c248dd5eb3,18b5501f9d64a42aa179f51f,Bể bơi ngoài trời
80c248dd5eb3,18b5501f9d64a42aa179f51f,Wifi miễn phí
80c248dd5eb3,18b5501f9d64a42aa179f51f,Chỗ đỗ xe
80c248dd5eb3,18b5501f9d64a42aa179f51f,Dịch vụ hội họp
80c248dd5eb3,18b5501f9d64a42aa179f51f,Giặt là quần áo
80c248dd5eb3,18b5501f9d64a42aa179f51f,Karaoke
80c248dd5eb3,18b5501f9d64a42aa179f51f,Khu vực vui chơi trẻ em
80c248dd5eb3,18b5501f9d64a42aa179f51f,Nhà hàng - Ẩm thực
80c248dd5eb3,18b5501f9d64a42aa179f51f,Quán café
80c248dd5eb3,18b5501f9d64a42aa179f51f,Sân tennis
80c248dd5eb3,18b5501f9d64a42aa179f51f,Spa/Massage
80c248dd5eb3,18e4e1658bfccb4afd440fc1,Bể bơi ngoài trời
80c248dd5eb3,18e4e1658bfccb4afd440fc1,Wifi miễn phí
80c248dd5eb3,18e4e1658bfccb4afd440fc1,Ăn sáng miễn phí
80c248dd5eb3,18e4e1658bfccb4afd440fc1,Cho thuê xe
80c248dd5eb3,18e4e1658bfccb4afd440fc1,Chỗ đỗ xe
80c248dd5eb3,18e4e1658bfccb4afd440fc1,Dịch vụ hội họp
80c248dd5eb3,18e4e1658bfccb4afd440fc1,Giặt là quần áo
80c248dd5eb3,18e4e1658bfccb4afd440fc1,Nhà hàng - Ẩm thực
80c248dd5eb3,18e4e1658bfccb4afd440fc1,Phòng tập thể dục
80c248dd5eb3,18e4e1658bfccb4afd440fc1,Quán Bar
80c248dd5eb3,18e4e1658bfccb4afd440fc1,Quầy Billard
80c248dd5eb3,18e4e1658bfccb4afd440fc1,Quầy đặt tour du lịch
80c248dd5eb3,18e4e1658bfccb4afd440fc1,Sân tennis
80c248dd5eb3,18e4e1658bfccb4afd440fc1,Spa/Massage
80c248dd5eb3,18e4e1658bfccb4afd440fc1,Đưa đón Sân bay
80c248dd5eb3,1e2c08f5ab532bc6ed9258ff,Bể bơi ngoài trời
80c248dd5eb3,1e2c08f5ab532bc6ed9258ff,Wifi miễn phí
80c248dd5eb3,1e2c08f5ab532bc6ed9258ff,Ăn sáng miễn phí
80c248dd5eb3,1e2c08f5ab532bc6ed9258ff,Cho thuê xe
80c248dd5eb3,1e2c08f5ab532bc6ed9258ff,Chỗ đỗ xe
80c248dd5eb3,1e2c08f5ab532bc6ed9258ff,Giặt là quần áo
80c248dd5eb3,1e2c08f5ab532bc6ed9258ff,Karaoke
80c248dd5eb3,1e2c08f5ab532bc6ed9258ff,Nhà hàng - Ẩm thực
80c248dd5eb3,1e2c08f5ab532bc6ed9258ff,Phòng tập thể dục
80c248dd5eb3,1e2c08f5ab532bc6ed9258ff,Quán Bar
80c248dd5eb3,1e2c08f5ab532bc6ed9258ff,Quán café
80c248dd5eb3,1e2c08f5ab532bc6ed9258ff,Spa/Massage
80c248dd5eb3,1f4b1fec430382d1eb4e359c,Bể bơi ngoài trời
80c248dd5eb3,1f4b1fec430382d1eb4e359c,Wifi miễn phí
80c248dd5eb3,1f4b1fec430382d1eb4e359c,Ăn sáng miễn phí
80c248dd5eb3,1f4b1fec430382d1eb4e359c,Bàn làm việc
80c248dd5eb3,1f4b1fec430382d1eb4e359c,Bồn tắm và vòi sen
80c248dd5eb3,1f4b1fec430382d1eb4e359c,Cho thuê xe
80c248dd5eb3,1f4b1fec430382d1eb4e359c,Chỗ đỗ xe
80c248dd5eb3,1f4b1fec430382d1eb4e359c,Dịch vụ hội họp
80c248dd5eb3,1f4b1fec430382d1eb4e359c,Giặt là quần áo
80c248dd5eb3,1f4b1fec430382d1eb4e359c,Karaoke
80c248dd5eb3,1f4b1fec430382d1eb4e359c,Khu vực vui chơi trẻ em
80c248dd5eb3,1f4b1fec430382d1eb4e359c,Lễ tân phục vụ 24h
80c248dd5eb3,1f4b1fec430382d1eb4e359c,Nhà hàng - Ẩm thực
80c248dd5eb3,1f4b1fec430382d1eb4e359c,Nước nóng - lạnh
80c248dd5eb3,1f4b1fec430382d1eb4e359c,Phòng tắm
80c248dd5eb3,1f4b1fec430382d1eb4e359c,Phòng tập thể dục
80c248dd5eb3,1f4b1fec430382d1eb4e359c,Phục vụ phòng 24/24h
80c248dd5eb3,1f4b1fec430382d1eb4e359c,Sân tennis
80c248dd5eb3,1fcb7800e516f1d342a7ae48,Bãi biển riêng
80c248dd5eb3,1fcb7800e516f1d342a7ae48,Bể bơi ngoài trời
80c248dd5eb3,1fcb7800e516f1d342a7ae48,Wifi miễn phí
80c248dd5eb3,1fcb7800e516f1d342a7ae48,Ăn sáng miễn phí
80c248dd5eb3,1fcb7800e516f1d342a7ae48,Bàn làm việc
80c248dd5eb3,1fcb7800e516f1d342a7ae48,Bể bơi vô cực
80c248dd5eb3,1fcb7800e516f1d342a7ae48,Bồn tắm và vòi sen
80c248dd5eb3,1fcb7800e516f1d342a7ae48,Câu cá
80c248dd5eb3,1fcb7800e516f1d342a7ae48,Cho thuê xe
80c248dd5eb3,1fcb7800e516f1d342a7ae48,Chỗ đỗ xe
80c248dd5eb3,1fcb7800e516f1d342a7ae48,Dịch vụ báo thức
80c248dd5eb3,1fcb7800e516f1d342a7ae48,Dịch vụ hội họp
80c248dd5eb3,1fcb7800e516f1d342a7ae48,Dịch vụ phòng
80c248dd5eb3,1fcb7800e516f1d342a7ae48,Giặt là quần áo
80c248dd5eb3,1fcb7800e516f1d342a7ae48,Hệ thống báo cháy tự động
80c248dd5eb3,1fcb7800e516f1d342a7ae48,Khu vực vui chơi trẻ em
80c248dd5eb3,1fcb7800e516f1d342a7ae48,Lễ tân phục vụ 24h
80c248dd5eb3,1fcb7800e516f1d342a7ae48,Máy lạnh
80c248dd5eb3,1fcb7800e516f1d342a7ae48,Nhà hàng - Ẩm thực
80c248dd5eb3,1fcb7800e516f1d342a7ae48,Nước nóng - lạnh
80c248dd5eb3,1fcb7800e516f1d342a7ae48,Phòng tập thể dục
80c248dd5eb3,1fcb7800e516f1d342a7ae48,Phục vụ bữa sáng tại phòng
80c248dd5eb3,1fcb7800e516f1d342a7ae48,Quán Bar
80c248dd5eb3,1fcb7800e516f1d342a7ae48,Quán café
80c248dd5eb3,1fcb7800e516f1d342a7ae48,Spa/Massage
80c248dd5eb3,1fcb7800e516f1d342a7ae48,Vườn
80c248dd5eb3,1fcb7800e516f1d342a7ae48,Wifi
80c248dd5eb3,1fcb7800e516f1d342a7ae48,Đưa đón Sân bay
80c248dd5eb3,2090a8abe7521e6484af3ee3,Bãi biển riêng
80c248dd5eb3,2090a8abe7521e6484af3ee3,Bể bơi ngoài trời
80c248dd5eb3,2090a8abe7521e6484af3ee3,Bể bơi trong nhà
80c248dd5eb3,2090a8abe7521e6484af3ee3,Wifi miễn phí
80c248dd5eb3,2090a8abe7521e6484af3ee3,Ăn sáng miễn phí
80c248dd5eb3,2090a8abe7521e6484af3ee3,Chỗ đỗ xe
80c248dd5eb3,2090a8abe7521e6484af3ee3,Dịch vụ hội họp
80c248dd5eb3,2090a8abe7521e6484af3ee3,Karaoke
80c248dd5eb3,2090a8abe7521e6484af3ee3,Phòng tập thể dục
80c248dd5eb3,2090a8abe7521e6484af3ee3,Quán Bar
80c248dd5eb3,2090a8abe7521e6484af3ee3,Quán café
80c248dd5eb3,2090a8abe7521e6484af3ee3,Spa/Massage
80c248dd5eb3,2090a8abe7521e6484af3ee3,Thang máy
80c248dd5eb3,20caf55ffdf91bf42321d49a,Wifi miễn phí
80c248dd5eb3,20caf55ffdf91bf42321d49a,Ăn sáng miễn phí
80c248dd5eb3,20caf55ffdf91bf42321d49a,Chỗ đỗ xe
80c248dd5eb3,20caf55ffdf91bf42321d49a,Dịch vụ hội họp
80c248dd5eb3,20caf55ffdf91bf42321d49a,Giặt là quần áo
80c248dd5eb3,20caf55ffdf91bf42321d49a,Nhà hàng - Ẩm thực
80c248dd5eb3,20caf55ffdf91bf42321d49a,Phòng tập thể dục
80c248dd5eb3,20caf55ffdf91bf42321d49a,Quán café
80c248dd5eb3,2229c40987932d643addf3e4,Bể bơi ngoài trời
80c248dd5eb3,2229c40987932d643addf3e4,Bể bơi trong nhà
80c248dd5eb3,2229c40987932d643addf3e4,Wifi miễn phí
80c248dd5eb3,2229c40987932d643addf3e4,Ăn sáng miễn phí
80c248dd5eb3,2229c40987932d643addf3e4,Bàn làm việc
80c248dd5eb3,2229c40987932d643addf3e4,Bồn tắm và vòi sen
80c248dd5eb3,2229c40987932d643addf3e4,Dịch vụ BBQ
80c248dd5eb3,2229c40987932d643addf3e4,Dịch vụ hội họp
80c248dd5eb3,2229c40987932d643addf3e4,Giặt là quần áo
80c248dd5eb3,2229c40987932d643addf3e4,Hội Nghị & Tiệc Cưới
80c248dd5eb3,2229c40987932d643addf3e4,Khu vực vui chơi trẻ em
80c248dd5eb3,2229c40987932d643addf3e4,Lễ tân phục vụ 24h
80c248dd5eb3,2229c40987932d643addf3e4,Máy lạnh
80c248dd5eb3,2229c40987932d643addf3e4,Nhà hàng - Ẩm thực
80c248dd5eb3,2229c40987932d643addf3e4,Nước nóng - lạnh
80c248dd5eb3,2229c40987932d643addf3e4,Phòng tắm
80c248dd5eb3,2229c40987932d643addf3e4,Phòng tập thể dục
80c248dd5eb3,2229c40987932d643addf3e4,Phục vụ phòng 24/24h
80c248dd5eb3,2229c40987932d643addf3e4,Quán Bar
80c248dd5eb3,2229c40987932d643addf3e4,Quán café
80c248dd5eb3,2229c40987932d643addf3e4,Spa/Massage
80c248dd5eb3,2368408f5339b64d882f1995,Bể bơi ngoài trời
80c248dd5eb3,2368408f5339b64d882f1995,Wifi miễn phí
80c248dd5eb3,2368408f5339b64d882f1995,Ăn sáng miễn phí
80c248dd5eb3,2368408f5339b64d882f1995,Bồn tắm và vòi sen
80c248dd5eb3,2368408f5339b64d882f1995,Dịch vụ hội họp
80c248dd5eb3,2368408f5339b64d882f1995,Lễ tân phục vụ 24h
80c248dd5eb3,2368408f5339b64d882f1995,Máy lạnh
80c248dd5eb3,2368408f5339b64d882f1995,Nhà hàng - Ẩm thực
80c248dd5eb3,2368408f5339b64d882f1995,Nước nóng - lạnh
80c248dd5eb3,2368408f5339b64d882f1995,Phòng tắm
80c248dd5eb3,2368408f5339b64d882f1995,Phòng tập thể dục
80c248dd5eb3,2368408f5339b64d882f1995,Spa
80c248dd5eb3,2368408f5339b64d882f1995,Spa/Massage
80c248dd5eb3,2368408f5339b64d882f1995,Thang máy
80c248dd5eb3,2368408f5339b64d882f1995,Wifi
80c248dd5eb3,2368408f5339b64d882f1995,Xe Bus ra Trung tâm
80c248dd5eb3,2368408f5339b64d882f1995,Xe điện trong khách sạn/resort
80c248dd5eb3,2499ad01615f4a93d94959e7,Bãi biển riêng
80c248dd5eb3,2499ad01615f4a93d94959e7,Bể bơi ngoài trời
80c248dd5eb3,2499ad01615f4a93d94959e7,Wifi miễn phí
80c248dd5eb3,2499ad01615f4a93d94959e7,Ăn sáng miễn phí
80c248dd5eb3,2499ad01615f4a93d94959e7,Dịch vụ hội họp
80c248dd5eb3,2499ad01615f4a93d94959e7,Nhà hàng - Ẩm thực
80c248dd5eb3,2499ad01615f4a93d94959e7,Phòng tập thể dục
80c248dd5eb3,2499ad01615f4a93d94959e7,Spa/Massage
80c248dd5eb3,27c7b7679fc43aff56955c2d,Bãi biển riêng
80c248dd5eb3,27c7b7679fc43aff56955c2d,Bể bơi ngoài trời
80c248dd5eb3,27c7b7679fc43aff56955c2d,Wifi miễn phí
80c248dd5eb3,27c7b7679fc43aff56955c2d,Ăn sáng miễn phí
80c248dd5eb3,27c7b7679fc43aff56955c2d,Cho thuê xe
80c248dd5eb3,27c7b7679fc43aff56955c2d,Chỗ đỗ xe
80c248dd5eb3,27c7b7679fc43aff56955c2d,Dịch vụ trông trẻ
80c248dd5eb3,27c7b7679fc43aff56955c2d,Dịch vụ BBQ
80c248dd5eb3,27c7b7679fc43aff56955c2d,Dịch vụ hội họp
80c248dd5eb3,27c7b7679fc43aff56955c2d,Giặt là quần áo
80c248dd5eb3,27c7b7679fc43aff56955c2d,Khu vực vui chơi trẻ em
80c248dd5eb3,27c7b7679fc43aff56955c2d,Nhà hàng - Ẩm thực
80c248dd5eb3,27c7b7679fc43aff56955c2d,Phòng hút thuốc
80c248dd5eb3,27c7b7679fc43aff56955c2d,Phòng tập thể dục
80c248dd5eb3,27c7b7679fc43aff56955c2d,Quán Bar
80c248dd5eb3,27c7b7679fc43aff56955c2d,Quán café
80c248dd5eb3,27c7b7679fc43aff56955c2d,Quầy đặt tour du lịch
80c248dd5eb3,27c7b7679fc43aff56955c2d,Spa/Massage
80c248dd5eb3,27c7b7679fc43aff56955c2d,Thang máy
80c248dd5eb3,27c7b7679fc43aff56955c2d,Đưa đón Sân bay
80c248dd5eb3,28de7dba658faad74c3e3b44,Bể bơi ngoài trời
80c248dd5eb3,28de7dba658faad74c3e3b44,Wifi miễn phí
80c248dd5eb3,28de7dba658faad74c3e3b44,Ăn sáng miễn phí
80c248dd5eb3,28de7dba658faad74c3e3b44,Cho thuê xe
80c248dd5eb3,28de7dba658faad74c3e3b44,Chỗ đỗ xe
80c248dd5eb3,28de7dba658faad74c3e3b44,Dịch vụ BBQ
80c248dd5eb3,28de7dba658faad74c3e3b44,Dịch vụ hội họp
80c248dd5eb3,28de7dba658faad74c3e3b44,Giặt là quần áo
80c248dd5eb3,28de7dba658faad74c3e3b44,Khu vực vui chơi trẻ em
80c248dd5eb3,28de7dba658faad74c3e3b44,Lễ tân phục vụ 24h
80c248dd5eb3,28de7dba658faad74c3e3b44,Máy lạnh
80c248dd5eb3,28de7dba658faad74c3e3b44,Nhà hàng - Ẩm thực
80c248dd5eb3,28de7dba658faad74c3e3b44,Nước nóng - lạnh
80c248dd5eb3,28de7dba658faad74c3e3b44,Phòng tắm
80c248dd5eb3,28de7dba658faad74c3e3b44,Phòng tập thể dục
80c248dd5eb3,28de7dba658faad74c3e3b44,Quán Bar
80c248dd5eb3,28de7dba658faad74c3e3b44,Quán café
80c248dd5eb3,28de7dba658faad74c3e3b44,Quầy đặt tour du lịch
80c248dd5eb3,28de7dba658faad74c3e3b44,Spa/Massage
80c248dd5eb3,28de7dba658faad74c3e3b44,Thang máy
80c248dd5eb3,28de7dba658faad74c3e3b44,Wifi
80c248dd5eb3,2a1e94b96c5a0e4175bc3c67,Bể bơi ngoài trời
80c248dd5eb3,2a1e94b96c5a0e4175bc3c67,Chỗ đỗ xe
80c248dd5eb3,2a1e94b96c5a0e4175bc3c67,Dịch vụ BBQ
80c248dd5eb3,2abc30040f758c909b0abc4c,Bể bơi ngoài trời
80c248dd5eb3,2abc30040f758c909b0abc4c,Wifi miễn phí
80c248dd5eb3,2abc30040f758c909b0abc4c,Ăn sáng miễn phí
80c248dd5eb3,2abc30040f758c909b0abc4c,Cho thuê xe
80c248dd5eb3,2abc30040f758c909b0abc4c,Chỗ đỗ xe
80c248dd5eb3,2abc30040f758c909b0abc4c,Dịch vụ hội họp
80c248dd5eb3,2abc30040f758c909b0abc4c,Giặt là quần áo
80c248dd5eb3,2abc30040f758c909b0abc4c,Nhà hàng - Ẩm thực
80c248dd5eb3,2abc30040f758c909b0abc4c,Phòng tập thể dục
80c248dd5eb3,2abc30040f758c909b0abc4c,Quán Bar
80c248dd5eb3,2abc30040f758c909b0abc4c,Quán café
80c248dd5eb3,2abc30040f758c909b0abc4c,Spa/Massage
80c248dd5eb3,2abc30040f758c909b0abc4c,Thang máy
80c248dd5eb3,2abc30040f758c909b0abc4c,Đưa đón Sân bay
80c248dd5eb3,2aeaa4f44e9152a44575189b,Bể bơi ngoài trời
80c248dd5eb3,2aeaa4f44e9152a44575189b,Wifi miễn phí
80c248dd5eb3,2aeaa4f44e9152a44575189b,Ăn sáng miễn phí
80c248dd5eb3,2aeaa4f44e9152a44575189b,Cho thuê xe
80c248dd5eb3,2aeaa4f44e9152a44575189b,Dịch vụ hội họp
80c248dd5eb3,2aeaa4f44e9152a44575189b,Giặt là quần áo
80c248dd5eb3,2aeaa4f44e9152a44575189b,Khu vực vui chơi trẻ em
80c248dd5eb3,2aeaa4f44e9152a44575189b,Quán café
80c248dd5eb3,2aeaa4f44e9152a44575189b,Quầy đặt tour du lịch
80c248dd5eb3,2aeaa4f44e9152a44575189b,Spa/Massage
80c248dd5eb3,2aeaa4f44e9152a44575189b,Thang máy
80c248dd5eb3,2aeaa4f44e9152a44575189b,Xe Bus ra Trung tâm
80c248dd5eb3,2aeaa4f44e9152a44575189b,Đưa đón Sân bay
80c248dd5eb3,2b485273f3f511e407897634,Bể bơi trong nhà
80c248dd5eb3,2b485273f3f511e407897634,Wifi miễn phí
80c248dd5eb3,2b485273f3f511e407897634,Ăn sáng miễn phí
80c248dd5eb3,2b485273f3f511e407897634,Bàn làm việc
80c248dd5eb3,2b485273f3f511e407897634,Bồn tắm và vòi sen
80c248dd5eb3,2b485273f3f511e407897634,Cho thuê xe
80c248dd5eb3,2b485273f3f511e407897634,Chỗ đỗ xe
80c248dd5eb3,2b485273f3f511e407897634,Dịch vụ báo thức
80c248dd5eb3,2b485273f3f511e407897634,Dịch vụ hội họp
80c248dd5eb3,2b485273f3f511e407897634,Giặt là quần áo
80c248dd5eb3,2b485273f3f511e407897634,Lễ tân phục vụ 24h
80c248dd5eb3,2b485273f3f511e407897634,Nhà hàng - Ẩm thực
80c248dd5eb3,2b485273f3f511e407897634,Phòng hút thuốc
80c248dd5eb3,2b485273f3f511e407897634,Phòng tập thể dục
80c248dd5eb3,2b485273f3f511e407897634,Quán Bar
80c248dd5eb3,2b485273f3f511e407897634,Quán café
80c248dd5eb3,2b485273f3f511e407897634,Quầy đặt tour du lịch
80c248dd5eb3,2b485273f3f511e407897634,Spa/Massage
80c248dd5eb3,2b485273f3f511e407897634,Thang máy
80c248dd5eb3,2d261d874f916528fae9772c,Bể bơi trong nhà
80c248dd5eb3,2d261d874f916528fae9772c,Wifi miễn phí
80c248dd5eb3,2d261d874f916528fae9772c,Ăn sáng miễn phí
80c248dd5eb3,2d261d874f916528fae9772c,Chỗ đỗ xe
80c248dd5eb3,2d261d874f916528fae9772c,Dịch vụ hội họp
80c248dd5eb3,2d261d874f916528fae9772c,Phòng tập thể dục
80c248dd5eb3,2d261d874f916528fae9772c,Quán Bar
80c248dd5eb3,2d261d874f916528fae9772c,Quán café
80c248dd5eb3,2d261d874f916528fae9772c,Spa/Massage
80c248dd5eb3,2d261d874f916528fae9772c,Thang máy
80c248dd5eb3,2d997810f0e16c1d8e8127c1,Bể bơi ngoài trời
80c248dd5eb3,2d997810f0e16c1d8e8127c1,Wifi miễn phí
80c248dd5eb3,2d997810f0e16c1d8e8127c1,Ăn sáng miễn phí
80c248dd5eb3,2d997810f0e16c1d8e8127c1,Dịch vụ BBQ
80c248dd5eb3,2d997810f0e16c1d8e8127c1,Dịch vụ hội họp
80c248dd5eb3,2d997810f0e16c1d8e8127c1,Giặt là quần áo
80c248dd5eb3,2d997810f0e16c1d8e8127c1,Khu vực vui chơi trẻ em
80c248dd5eb3,2d997810f0e16c1d8e8127c1,Nhà hàng - Ẩm thực
80c248dd5eb3,2d997810f0e16c1d8e8127c1,Phòng tập thể dục
80c248dd5eb3,2d997810f0e16c1d8e8127c1,Quán Bar
80c248dd5eb3,2d997810f0e16c1d8e8127c1,Quán café
80c248dd5eb3,2d997810f0e16c1d8e8127c1,Spa/Massage
80c248dd5eb3,2d997810f0e16c1d8e8127c1,Thang máy
80c248dd5eb3,2e6c0bd2c6dc481595f392a1,Bể bơi ngoài trời
80c248dd5eb3,2e6c0bd2c6dc481595f392a1,Bể bơi trong nhà
80c248dd5eb3,2e6c0bd2c6dc481595f392a1,Wifi miễn phí
80c248dd5eb3,2e6c0bd2c6dc481595f392a1,Ăn sáng miễn phí
80c248dd5eb3,2e6c0bd2c6dc481595f392a1,Cho thuê xe
80c248dd5eb3,2e6c0bd2c6dc481595f392a1,Chỗ đỗ xe
80c248dd5eb3,2e6c0bd2c6dc481595f392a1,Dịch vụ BBQ
80c248dd5eb3,2e6c0bd2c6dc481595f392a1,Giặt là quần áo
80c248dd5eb3,2e6c0bd2c6dc481595f392a1,Nhà hàng - Ẩm thực
80c248dd5eb3,2e6c0bd2c6dc481595f392a1,Phòng tập thể dục
80c248dd5eb3,2e6c0bd2c6dc481595f392a1,Quán Bar
80c248dd5eb3,2e6c0bd2c6dc481595f392a1,Quán café
80c248dd5eb3,2e6c0bd2c6dc481595f392a1,Sân tennis
80c248dd5eb3,2e6c0bd2c6dc481595f392a1,Spa/Massage
80c248dd5eb3,2e6c0bd2c6dc481595f392a1,Thang máy
80c248dd5eb3,2edc389640fa4ede02f56a43,Bể bơi ngoài trời
80c248dd5eb3,2edc389640fa4ede02f56a43,Wifi miễn phí
80c248dd5eb3,2edc389640fa4ede02f56a43,Ăn sáng miễn phí
80c248dd5eb3,2edc389640fa4ede02f56a43,Cho thuê xe
80c248dd5eb3,2edc389640fa4ede02f56a43,Chỗ đỗ xe
80c248dd5eb3,2edc389640fa4ede02f56a43,Dịch vụ hội họp
80c248dd5eb3,2edc389640fa4ede02f56a43,Giặt là quần áo
80c248dd5eb3,2edc389640fa4ede02f56a43,Karaoke
80c248dd5eb3,2edc389640fa4ede02f56a43,Nhà hàng - Ẩm thực
80c248dd5eb3,2edc389640fa4ede02f56a43,Phòng tập thể dục
80c248dd5eb3,2edc389640fa4ede02f56a43,Quán Bar
80c248dd5eb3,2edc389640fa4ede02f56a43,Quầy Hàng Lưu Niệm
80c248dd5eb3,2edc389640fa4ede02f56a43,Spa/Massage
80c248dd5eb3,2edc389640fa4ede02f56a43,Thang máy
80c248dd5eb3,2edc389640fa4ede02f56a43,Đưa đón Sân bay
80c248dd5eb3,30f6e9af12de649edc768989,Wifi miễn phí
80c248dd5eb3,30f6e9af12de649edc768989,Ăn sáng miễn phí
80c248dd5eb3,30f6e9af12de649edc768989,Chăm sóc sắc đẹp
80c248dd5eb3,30f6e9af12de649edc768989,Dịch vụ phòng
80c248dd5eb3,30f6e9af12de649edc768989,Giặt là quần áo
80c248dd5eb3,30f6e9af12de649edc768989,"Khu vực gửi đồ đạc, hành lý"
80c248dd5eb3,30f6e9af12de649edc768989,Lễ tân phục vụ 24h
80c248dd5eb3,30f6e9af12de649edc768989,Nhà hàng - Ẩm thực
80c248dd5eb3,30f6e9af12de649edc768989,Quán Bar
80c248dd5eb3,30f6e9af12de649edc768989,Quầy đặt tour du lịch
80c248dd5eb3,30f6e9af12de649edc768989,Spa/Massage
80c248dd5eb3,30f6e9af12de649edc768989,Thang máy
80c248dd5eb3,30f6e9af12de649edc768989,Thu đổi ngoại tệ
80c248dd5eb3,30f6e9af12de649edc768989,Đưa đón Sân bay
80c248dd5eb3,3169ede5ef9a549d242d0a83,Wifi miễn phí
80c248dd5eb3,3169ede5ef9a549d242d0a83,Ăn sáng miễn phí
80c248dd5eb3,3169ede5ef9a549d242d0a83,Cho thuê xe
80c248dd5eb3,3169ede5ef9a549d242d0a83,Chỗ đỗ xe
80c248dd5eb3,3169ede5ef9a549d242d0a83,Dịch vụ hội họp
80c248dd5eb3,3169ede5ef9a549d242d0a83,Giặt là quần áo
80c248dd5eb3,3169ede5ef9a549d242d0a83,Nhà hàng - Ẩm thực
80c248dd5eb3,3169ede5ef9a549d242d0a83,Quán Bar
80c248dd5eb3,3169ede5ef9a549d242d0a83,Spa/Massage
80c248dd5eb3,3169ede5ef9a549d242d0a83,Thang máy
80c248dd5eb3,3169ede5ef9a549d242d0a83,Đưa đón Sân bay
80c248dd5eb3,32dfcae566b3c9c7753ba279,Bãi biển riêng
80c248dd5eb3,32dfcae566b3c9c7753ba279,Bể bơi ngoài trời
80c248dd5eb3,32dfcae566b3c9c7753ba279,Bể bơi trong nhà
80c248dd5eb3,32dfcae566b3c9c7753ba279,Wifi miễn phí
80c248dd5eb3,32dfcae566b3c9c7753ba279,Ăn sáng miễn phí
80c248dd5eb3,32dfcae566b3c9c7753ba279,Bàn làm việc
80c248dd5eb3,32dfcae566b3c9c7753ba279,Bồn tắm và vòi sen
80c248dd5eb3,32dfcae566b3c9c7753ba279,Chỗ đỗ xe
80c248dd5eb3,32dfcae566b3c9c7753ba279,Dịch vụ BBQ
80c248dd5eb3,32dfcae566b3c9c7753ba279,Khu vực vui chơi trẻ em
80c248dd5eb3,32dfcae566b3c9c7753ba279,Nhà hàng - Ẩm thực
80c248dd5eb3,32dfcae566b3c9c7753ba279,Nước nóng - lạnh
80c248dd5eb3,32dfcae566b3c9c7753ba279,Phòng tắm
80c248dd5eb3,32dfcae566b3c9c7753ba279,Phòng tập thể dục
80c248dd5eb3,32dfcae566b3c9c7753ba279,Phục vụ phòng 24/24h
80c248dd5eb3,32dfcae566b3c9c7753ba279,Quán Bar
80c248dd5eb3,32dfcae566b3c9c7753ba279,Quán café
80c248dd5eb3,32dfcae566b3c9c7753ba279,Thang máy
80c248dd5eb3,32dfcae566b3c9c7753ba279,Đưa đón Sân bay
80c248dd5eb3,3334bc27d2172b66d341a2d8,Bể bơi ngoài trời
80c248dd5eb3,3334bc27d2172b66d341a2d8,Bể bơi trong nhà
80c248dd5eb3,3334bc27d2172b66d341a2d8,Wifi miễn phí
80c248dd5eb3,3334bc27d2172b66d341a2d8,Ăn sáng miễn phí
80c248dd5eb3,3334bc27d2172b66d341a2d8,Cho thuê xe
80c248dd5eb3,3334bc27d2172b66d341a2d8,Dịch vụ hội họp
80c248dd5eb3,3334bc27d2172b66d341a2d8,Giặt là quần áo
80c248dd5eb3,3334bc27d2172b66d341a2d8,Nhà hàng - Ẩm thực
80c248dd5eb3,3334bc27d2172b66d341a2d8,Phòng tập thể dục
80c248dd5eb3,3334bc27d2172b66d341a2d8,Quán Bar
80c248dd5eb3,3334bc27d2172b66d341a2d8,Quầy đặt tour du lịch
80c248dd5eb3,3334bc27d2172b66d341a2d8,Spa/Massage
80c248dd5eb3,3334bc27d2172b66d341a2d8,Thang máy
80c248dd5eb3,3334bc27d2172b66d341a2d8,Đưa đón Sân bay
80c248dd5eb3,3334bc27d2172b66d341a2d8,Đường dành cho xe lăn
80c248dd5eb3,361dcff28f6f5320a5c02b20,Bể bơi ngoài trời
80c248dd5eb3,361dcff28f6f5320a5c02b20,Wifi miễn phí
80c248dd5eb3,361dcff28f6f5320a5c02b20,Ăn sáng miễn phí
80c248dd5eb3,361dcff28f6f5320a5c02b20,Bể bơi vô cực
80c248dd5eb3,361dcff28f6f5320a5c02b20,Bồn tắm và vòi sen
80c248dd5eb3,361dcff28f6f5320a5c02b20,Chỗ đỗ xe
80c248dd5eb3,361dcff28f6f5320a5c02b20,Lễ tân phục vụ 24h
80c248dd5eb3,361dcff28f6f5320a5c02b20,Nhà hàng - Ẩm thực
80c248dd5eb3,361dcff28f6f5320a5c02b20,Nước nóng - lạnh
80c248dd5eb3,361dcff28f6f5320a5c02b20,Quán Bar
80c248dd5eb3,361dcff28f6f5320a5c02b20,Thang máy
80c248dd5eb3,361dcff28f6f5320a5c02b20,Xe Bus ra Trung tâm
80c248dd5eb3,361dcff28f6f5320a5c02b20,Đưa đón Sân bay
80c248dd5eb3,366939aa3b415be121775369,Bãi biển riêng
80c248dd5eb3,366939aa3b415be121775369,Bể bơi ngoài trời
80c248dd5eb3,366939aa3b415be121775369,Wifi miễn phí
80c248dd5eb3,366939aa3b415be121775369,Ăn sáng miễn phí
80c248dd5eb3,366939aa3b415be121775369,Cho thuê xe
80c248dd5eb3,366939aa3b415be121775369,Dịch vụ trông trẻ
80c248dd5eb3,366939aa3b415be121775369,Dịch vụ BBQ
80c248dd5eb3,366939aa3b415be121775369,Dịch vụ hội họp
80c248dd5eb3,366939aa3b415be121775369,Giặt là quần áo
80c248dd5eb3,366939aa3b415be121775369,Khu vực vui chơi trẻ em
80c248dd5eb3,366939aa3b415be121775369,Nhà hàng - Ẩm thực
80c248dd5eb3,366939aa3b415be121775369,Phòng tập thể dục
80c248dd5eb3,366939aa3b415be121775369,Quán Bar
80c248dd5eb3,366939aa3b415be121775369,Quán café
80c248dd5eb3,366939aa3b415be121775369,Quầy đặt tour du lịch
80c248dd5eb3,366939aa3b415be121775369,Spa/Massage
80c248dd5eb3,366939aa3b415be121775369,Đưa đón Sân bay
80c248dd5eb3,39136fe03c4b7f52d53753aa,Wifi miễn phí
80c248dd5eb3,39136fe03c4b7f52d53753aa,Ăn sáng miễn phí
80c248dd5eb3,39136fe03c4b7f52d53753aa,Cho thuê xe
80c248dd5eb3,39136fe03c4b7f52d53753aa,Chỗ đỗ xe
80c248dd5eb3,39136fe03c4b7f52d53753aa,Dịch vụ hội họp
80c248dd5eb3,39136fe03c4b7f52d53753aa,Dịch vụ phòng
80c248dd5eb3,39136fe03c4b7f52d53753aa,Giặt là quần áo
80c248dd5eb3,39136fe03c4b7f52d53753aa,Lễ tân phục vụ 24h
80c248dd5eb3,39136fe03c4b7f52d53753aa,Nhà hàng - Ẩm thực
80c248dd5eb3,39136fe03c4b7f52d53753aa,Phòng tập thể dục
80c248dd5eb3,39136fe03c4b7f52d53753aa,Quán Bar
80c248dd5eb3,39136fe03c4b7f52d53753aa,Quán café
80c248dd5eb3,39136fe03c4b7f52d53753aa,Quầy đặt tour du lịch
80c248dd5eb3,39136fe03c4b7f52d53753aa,Thang máy
80c248dd5eb3,39136fe03c4b7f52d53753aa,Đưa đón Sân bay
80c248dd5eb3,39465b6367d05c3312aedbf4,Bể bơi ngoài trời
80c248dd5eb3,39465b6367d05c3312aedbf4,Wifi miễn phí
80c248dd5eb3,39465b6367d05c3312aedbf4,Ăn sáng miễn phí
80c248dd5eb3,39465b6367d05c3312aedbf4,Cho thuê xe
80c248dd5eb3,39465b6367d05c3312aedbf4,Chỗ đỗ xe
80c248dd5eb3,39465b6367d05c3312aedbf4,Nhà hàng - Ẩm thực
80c248dd5eb3,39465b6367d05c3312aedbf4,Quán Bar
80c248dd5eb3,39465b6367d05c3312aedbf4,Spa/Massage
80c248dd5eb3,3a51e6ef12301ea4031c0dda,Bãi biển riêng
80c248dd5eb3,3a51e6ef12301ea4031c0dda,Bể bơi ngoài trời
80c248dd5eb3,3a51e6ef12301ea4031c0dda,Wifi miễn phí
80c248dd5eb3,3a51e6ef12301ea4031c0dda,Ăn sáng miễn phí
80c248dd5eb3,3a51e6ef12301ea4031c0dda,Chỗ đỗ xe
80c248dd5eb3,3a51e6ef12301ea4031c0dda,Dịch vụ hội họp
80c248dd5eb3,3a51e6ef12301ea4031c0dda,Giặt là quần áo
80c248dd5eb3,3a51e6ef12301ea4031c0dda,Khu vực vui chơi trẻ em
80c248dd5eb3,3a51e6ef12301ea4031c0dda,Nhà hàng - Ẩm thực
80c248dd5eb3,3a51e6ef12301ea4031c0dda,Phòng tập thể dục
80c248dd5eb3,3a51e6ef12301ea4031c0dda,Quán Bar
80c248dd5eb3,3a51e6ef12301ea4031c0dda,Quán café
80c248dd5eb3,3a51e6ef12301ea4031c0dda,Quầy đặt tour du lịch
80c248dd5eb3,3a51e6ef12301ea4031c0dda,Spa/Massage
80c248dd5eb3,3a51e6ef12301ea4031c0dda,Thang máy
80c248dd5eb3,3aa8ca4a7469e080bbb26d66,Bể bơi trong nhà
80c248dd5eb3,3aa8ca4a7469e080bbb26d66,Wifi miễn phí
80c248dd5eb3,3aa8ca4a7469e080bbb26d66,Ăn sáng miễn phí
80c248dd5eb3,3aa8ca4a7469e080bbb26d66,Chỗ đỗ xe
80c248dd5eb3,3aa8ca4a7469e080bbb26d66,Dịch vụ hội họp
80c248dd5eb3,3aa8ca4a7469e080bbb26d66,Karaoke
80c248dd5eb3,3aa8ca4a7469e080bbb26d66,Nhà hàng - Ẩm thực
80c248dd5eb3,3aa8ca4a7469e080bbb26d66,Phòng tập thể dục
80c248dd5eb3,3aa8ca4a7469e080bbb26d66,Quán Bar
80c248dd5eb3,3aa8ca4a7469e080bbb26d66,Quán café
80c248dd5eb3,3aa8ca4a7469e080bbb26d66,Spa/Massage
80c248dd5eb3,3aa8ca4a7469e080bbb26d66,Thang máy
80c248dd5eb3,3ab8d6c0883d4abedcad68d1,Wifi miễn phí
80c248dd5eb3,3ab8d6c0883d4abedcad68d1,Ăn sáng miễn phí
80c248dd5eb3,3ab8d6c0883d4abedcad68d1,Cho thuê xe
80c248dd5eb3,3ab8d6c0883d4abedcad68d1,Chỗ đỗ xe
80c248dd5eb3,3ab8d6c0883d4abedcad68d1,Dịch vụ BBQ
80c248dd5eb3,3ab8d6c0883d4abedcad68d1,Giặt là quần áo
80c248dd5eb3,3ab8d6c0883d4abedcad68d1,Nhà hàng - Ẩm thực
80c248dd5eb3,3ab8d6c0883d4abedcad68d1,Phòng hút thuốc
80c248dd5eb3,3ab8d6c0883d4abedcad68d1,Thang máy
80c248dd5eb3,3ab8d6c0883d4abedcad68d1,Đưa đón Sân bay
80c248dd5eb3,3aeedd2582d1c3321642aa25,Bể bơi ngoài trời
80c248dd5eb3,3aeedd2582d1c3321642aa25,Wifi miễn phí
80c248dd5eb3,3aeedd2582d1c3321642aa25,Câu cá
80c248dd5eb3,3aeedd2582d1c3321642aa25,Chỗ đỗ xe
80c248dd5eb3,3aeedd2582d1c3321642aa25,Giặt là quần áo
80c248dd5eb3,3aeedd2582d1c3321642aa25,Nhà hàng - Ẩm thực
80c248dd5eb3,3aeedd2582d1c3321642aa25,Quầy đặt tour du lịch
80c248dd5eb3,3d3644dd3a1ed8072ce66202,Wifi miễn phí
80c248dd5eb3,3d3644dd3a1ed8072ce66202,Ăn sáng miễn phí
80c248dd5eb3,3d3644dd3a1ed8072ce66202,Cho thuê xe
80c248dd5eb3,3d3644dd3a1ed8072ce66202,Chỗ đỗ xe
80c248dd5eb3,3d3644dd3a1ed8072ce66202,Dịch vụ hội họp
80c248dd5eb3,3d3644dd3a1ed8072ce66202,Giặt là quần áo
80c248dd5eb3,3d3644dd3a1ed8072ce66202,Nhà hàng - Ẩm thực
80c248dd5eb3,3d3644dd3a1ed8072ce66202,Quán café
80c248dd5eb3,3d3644dd3a1ed8072ce66202,Quầy Hàng Lưu Niệm
80c248dd5eb3,3d3644dd3a1ed8072ce66202,Quầy đặt tour du lịch
80c248dd5eb3,3d3644dd3a1ed8072ce66202,Spa/Massage
80c248dd5eb3,3d3644dd3a1ed8072ce66202,Thang máy
80c248dd5eb3,3f9f58310963df6e0e16522f,Bể bơi ngoài trời
80c248dd5eb3,3f9f58310963df6e0e16522f,Wifi miễn phí
80c248dd5eb3,3f9f58310963df6e0e16522f,Ăn sáng miễn phí
80c248dd5eb3,3f9f58310963df6e0e16522f,Chỗ đỗ xe
80c248dd5eb3,3f9f58310963df6e0e16522f,Dịch vụ hội họp
80c248dd5eb3,3f9f58310963df6e0e16522f,Giặt là quần áo
80c248dd5eb3,3f9f58310963df6e0e16522f,Nhà hàng - Ẩm thực
80c248dd5eb3,3f9f58310963df6e0e16522f,Phòng tập thể dục
80c248dd5eb3,3f9f58310963df6e0e16522f,Quán Bar
80c248dd5eb3,3f9f58310963df6e0e16522f,Quán café
80c248dd5eb3,3f9f58310963df6e0e16522f,Spa/Massage
80c248dd5eb3,3f9f58310963df6e0e16522f,Thang máy
80c248dd5eb3,40b904209bebb9695bd3733e,Bể bơi ngoài trời
80c248dd5eb3,40b904209bebb9695bd3733e,Wifi miễn phí
80c248dd5eb3,40b904209bebb9695bd3733e,Ăn sáng miễn phí
80c248dd5eb3,40b904209bebb9695bd3733e,Chỗ đỗ xe
80c248dd5eb3,40b904209bebb9695bd3733e,Dịch vụ hội họp
80c248dd5eb3,40b904209bebb9695bd3733e,Giặt là quần áo
80c248dd5eb3,40b904209bebb9695bd3733e,Nhà hàng - Ẩm thực
80c248dd5eb3,40b904209bebb9695bd3733e,Quán Bar
80c248dd5eb3,40b904209bebb9695bd3733e,Quán café
80c248dd5eb3,40b904209bebb9695bd3733e,Quầy đặt tour du lịch
80c248dd5eb3,40b904209bebb9695bd3733e,Spa/Massage
80c248dd5eb3,40b904209bebb9695bd3733e,Thang máy
80c248dd5eb3,40b904209bebb9695bd3733e,Đưa đón Sân bay
80c248dd5eb3,40c30b51d7b8905ef33048d1,Bãi biển riêng
80c248dd5eb3,40c30b51d7b8905ef33048d1,Bể bơi ngoài trời
80c248dd5eb3,40c30b51d7b8905ef33048d1,Wifi miễn phí
80c248dd5eb3,40c30b51d7b8905ef33048d1,Ăn sáng miễn phí
80c248dd5eb3,40c30b51d7b8905ef33048d1,Cho thuê xe
80c248dd5eb3,40c30b51d7b8905ef33048d1,Chỗ đỗ xe
80c248dd5eb3,40c30b51d7b8905ef33048d1,Dịch vụ hội họp
80c248dd5eb3,40c30b51d7b8905ef33048d1,Giặt là quần áo
80c248dd5eb3,40c30b51d7b8905ef33048d1,Khu vực vui chơi trẻ em
80c248dd5eb3,40c30b51d7b8905ef33048d1,Nhà hàng - Ẩm thực
80c248dd5eb3,40c30b51d7b8905ef33048d1,Phòng tập thể dục
80c248dd5eb3,40c30b51d7b8905ef33048d1,Quán Bar
80c248dd5eb3,40c30b51d7b8905ef33048d1,Quán café
80c248dd5eb3,40c30b51d7b8905ef33048d1,Spa/Massage
80c248dd5eb3,40c30b51d7b8905ef33048d1,Thang máy
80c248dd5eb3,40c30b51d7b8905ef33048d1,Đưa đón Sân bay
80c248dd5eb3,41ce114c56ae5158334ea28d,Bãi biển riêng
80c248dd5eb3,41ce114c56ae5158334ea28d,Bể bơi ngoài trời
80c248dd5eb3,41ce114c56ae5158334ea28d,Wifi miễn phí
80c248dd5eb3,41ce114c56ae5158334ea28d,Ăn sáng miễn phí
80c248dd5eb3,41ce114c56ae5158334ea28d,Bồn tắm và vòi sen
80c248dd5eb3,41ce114c56ae5158334ea28d,Cho thuê xe
80c248dd5eb3,41ce114c56ae5158334ea28d,Chỗ đỗ xe
80c248dd5eb3,41ce114c56ae5158334ea28d,Giặt là quần áo
80c248dd5eb3,41ce114c56ae5158334ea28d,Nhà hàng - Ẩm thực
80c248dd5eb3,41ce114c56ae5158334ea28d,Nước nóng - lạnh
80c248dd5eb3,41ce114c56ae5158334ea28d,Phòng tắm
80c248dd5eb3,41ce114c56ae5158334ea28d,Phòng tập thể dục
80c248dd5eb3,41ce114c56ae5158334ea28d,Phục vụ phòng 24/24h
80c248dd5eb3,41ce114c56ae5158334ea28d,Quán café
80c248dd5eb3,41ce114c56ae5158334ea28d,Spa/Massage
80c248dd5eb3,41ce114c56ae5158334ea28d,Đưa đón Sân bay
80c248dd5eb3,430b4e4b5ea52ac790bbdd27,Bãi biển riêng
80c248dd5eb3,430b4e4b5ea52ac790bbdd27,Bể bơi ngoài trời
80c248dd5eb3,430b4e4b5ea52ac790bbdd27,Wifi miễn phí
80c248dd5eb3,430b4e4b5ea52ac790bbdd27,Ăn sáng miễn phí
80c248dd5eb3,430b4e4b5ea52ac790bbdd27,Chỗ đỗ xe
80c248dd5eb3,430b4e4b5ea52ac790bbdd27,Dịch vụ hội họp
80c248dd5eb3,430b4e4b5ea52ac790bbdd27,Khu vực vui chơi trẻ em
80c248dd5eb3,430b4e4b5ea52ac790bbdd27,Nhà hàng - Ẩm thực
80c248dd5eb3,430b4e4b5ea52ac790bbdd27,Sân golf
80c248dd5eb3,430b4e4b5ea52ac790bbdd27,Spa/Massage
80c248dd5eb3,430b4e4b5ea52ac790bbdd27,Thang máy
80c248dd5eb3,433acf8a884103a801618cc9,Bãi biển riêng
80c248dd5eb3,433acf8a884103a801618cc9,Bể bơi ngoài trời
80c248dd5eb3,433acf8a884103a801618cc9,Bể bơi trong nhà
80c248dd5eb3,433acf8a884103a801618cc9,Wifi miễn phí
80c248dd5eb3,433acf8a884103a801618cc9,Ăn sáng miễn phí
80c248dd5eb3,433acf8a884103a801618cc9,Dịch vụ hội họp
80c248dd5eb3,433acf8a884103a801618cc9,Giặt là quần áo
80c248dd5eb3,433acf8a884103a801618cc9,Karaoke
80c248dd5eb3,433acf8a884103a801618cc9,Nhà hàng - Ẩm thực
80c248dd5eb3,433acf8a884103a801618cc9,Phòng tập thể dục
80c248dd5eb3,433acf8a884103a801618cc9,Quán Bar
80c248dd5eb3,433acf8a884103a801618cc9,Quán café
80c248dd5eb3,433acf8a884103a801618cc9,Quầy đặt tour du lịch
80c248dd5eb3,433acf8a884103a801618cc9,Spa/Massage
80c248dd5eb3,433acf8a884103a801618cc9,Thang máy
80c248dd5eb3,433acf8a884103a801618cc9,Đưa đón Sân bay
80c248dd5eb3,434903a6b4d33e49f3abda51,Bãi biển riêng
80c248dd5eb3,434903a6b4d33e49f3abda51,Bể bơi ngoài trời
80c248dd5eb3,434903a6b4d33e49f3abda51,Bể bơi trong nhà
80c248dd5eb3,434903a6b4d33e49f3abda51,Wifi miễn phí
80c248dd5eb3,434903a6b4d33e49f3abda51,Ăn sáng miễn phí
80c248dd5eb3,434903a6b4d33e49f3abda51,Cho thuê xe
80c248dd5eb3,434903a6b4d33e49f3abda51,Chỗ đỗ xe
80c248dd5eb3,434903a6b4d33e49f3abda51,Dịch vụ trông trẻ
80c248dd5eb3,434903a6b4d33e49f3abda51,Dịch vụ hội họp
80c248dd5eb3,434903a6b4d33e49f3abda51,Giặt là quần áo
80c248dd5eb3,434903a6b4d33e49f3abda51,Khu vực vui chơi trẻ em
80c248dd5eb3,434903a6b4d33e49f3abda51,Nhà hàng - Ẩm thực
80c248dd5eb3,434903a6b4d33e49f3abda51,Phòng hút thuốc
80c248dd5eb3,434903a6b4d33e49f3abda51,Quầy Hàng Lưu Niệm
80c248dd5eb3,434903a6b4d33e49f3abda51,Quầy đặt tour du lịch
80c248dd5eb3,434903a6b4d33e49f3abda51,Spa/Massage
80c248dd5eb3,434903a6b4d33e49f3abda51,Xe Bus ra Trung tâm
80c248dd5eb3,434903a6b4d33e49f3abda51,Đưa đón Sân bay
80c248dd5eb3,437d218174892f34245669a3,Bể bơi ngoài trời
80c248dd5eb3,437d218174892f34245669a3,Wifi miễn phí
80c248dd5eb3,437d218174892f34245669a3,Ăn sáng miễn phí
80c248dd5eb3,437d218174892f34245669a3,Chỗ đỗ xe
80c248dd5eb3,437d218174892f34245669a3,Nhà hàng - Ẩm thực
80c248dd5eb3,437d218174892f34245669a3,Quán Bar
80c248dd5eb3,437d218174892f34245669a3,Quán café
80c248dd5eb3,437d218174892f34245669a3,Đưa đón Sân bay
80c248dd5eb3,46ea8e082f6dec1609ba20d9,Bể bơi ngoài trời
80c248dd5eb3,46ea8e082f6dec1609ba20d9,Wifi miễn phí
80c248dd5eb3,46ea8e082f6dec1609ba20d9,Ăn sáng miễn phí
80c248dd5eb3,46ea8e082f6dec1609ba20d9,Cho thuê xe
80c248dd5eb3,46ea8e082f6dec1609ba20d9,Chỗ đỗ xe
80c248dd5eb3,46ea8e082f6dec1609ba20d9,Giặt là quần áo
80c248dd5eb3,46ea8e082f6dec1609ba20d9,Nhà hàng - Ẩm thực
80c248dd5eb3,46ea8e082f6dec1609ba20d9,Quán Bar
80c248dd5eb3,46ea8e082f6dec1609ba20d9,Quán café
80c248dd5eb3,46ea8e082f6dec1609ba20d9,Quầy đặt tour du lịch
80c248dd5eb3,46ea8e082f6dec1609ba20d9,Thang máy
80c248dd5eb3,476ec13cc3822f4f395bf8d0,Bể bơi trong nhà
80c248dd5eb3,476ec13cc3822f4f395bf8d0,Wifi miễn phí
80c248dd5eb3,476ec13cc3822f4f395bf8d0,Ăn sáng miễn phí
80c248dd5eb3,476ec13cc3822f4f395bf8d0,Bàn làm việc
80c248dd5eb3,476ec13cc3822f4f395bf8d0,Chỗ đỗ xe
80c248dd5eb3,476ec13cc3822f4f395bf8d0,Dịch vụ trông trẻ
80c248dd5eb3,476ec13cc3822f4f395bf8d0,Dịch vụ hội họp
80c248dd5eb3,476ec13cc3822f4f395bf8d0,Giặt là quần áo
80c248dd5eb3,476ec13cc3822f4f395bf8d0,Lễ tân phục vụ 24h
80c248dd5eb3,476ec13cc3822f4f395bf8d0,Máy lạnh
80c248dd5eb3,476ec13cc3822f4f395bf8d0,Nhà hàng - Ẩm thực
80c248dd5eb3,476ec13cc3822f4f395bf8d0,Nước nóng - lạnh
80c248dd5eb3,476ec13cc3822f4f395bf8d0,Phòng tập thể dục
80c248dd5eb3,476ec13cc3822f4f395bf8d0,Phòng Xông Hơi
80c248dd5eb3,476ec13cc3822f4f395bf8d0,Quán Bar
80c248dd5eb3,476ec13cc3822f4f395bf8d0,Spa
80c248dd5eb3,476ec13cc3822f4f395bf8d0,Spa/Massage
80c248dd5eb3,476ec13cc3822f4f395bf8d0,Thang máy
80c248dd5eb3,476ec13cc3822f4f395bf8d0,Wifi
80c248dd5eb3,47845160fa1a1f115c952c02,Bãi biển riêng
80c248dd5eb3,47845160fa1a1f115c952c02,Bể bơi ngoài trời
80c248dd5eb3,47845160fa1a1f115c952c02,Wifi miễn phí
80c248dd5eb3,47845160fa1a1f115c952c02,Ăn sáng miễn phí
80c248dd5eb3,47845160fa1a1f115c952c02,Chỗ đỗ xe
80c248dd5eb3,47845160fa1a1f115c952c02,Dịch vụ BBQ
80c248dd5eb3,47845160fa1a1f115c952c02,Dịch vụ hội họp
80c248dd5eb3,47845160fa1a1f115c952c02,Karaoke
80c248dd5eb3,47845160fa1a1f115c952c02,Khu vực vui chơi trẻ em
80c248dd5eb3,47845160fa1a1f115c952c02,Nhà hàng - Ẩm thực
80c248dd5eb3,47845160fa1a1f115c952c02,Phòng tập thể dục
80c248dd5eb3,47845160fa1a1f115c952c02,Quán Bar
80c248dd5eb3,47845160fa1a1f115c952c02,Quán café
80c248dd5eb3,47845160fa1a1f115c952c02,Quầy Hàng Lưu Niệm
80c248dd5eb3,47845160fa1a1f115c952c02,Sân tennis
80c248dd5eb3,47845160fa1a1f115c952c02,Spa/Massage
80c248dd5eb3,47845160fa1a1f115c952c02,Thang máy
80c248dd5eb3,48fe23f5fcaca7148ecb596c,Wifi miễn phí
80c248dd5eb3,48fe23f5fcaca7148ecb596c,Ăn sáng miễn phí
80c248dd5eb3,48fe23f5fcaca7148ecb596c,Cho thuê xe
80c248dd5eb3,48fe23f5fcaca7148ecb596c,Chỗ đỗ xe
80c248dd5eb3,48fe23f5fcaca7148ecb596c,Dịch vụ hội họp
80c248dd5eb3,48fe23f5fcaca7148ecb596c,Giặt là quần áo
80c248dd5eb3,48fe23f5fcaca7148ecb596c,Nhà hàng - Ẩm thực
80c248dd5eb3,48fe23f5fcaca7148ecb596c,Phòng hút thuốc
80c248dd5eb3,48fe23f5fcaca7148ecb596c,Phòng tập thể dục
80c248dd5eb3,48fe23f5fcaca7148ecb596c,Quán Bar
80c248dd5eb3,48fe23f5fcaca7148ecb596c,Quán café
80c248dd5eb3,48fe23f5fcaca7148ecb596c,Quầy đặt tour du lịch
80c248dd5eb3,48fe23f5fcaca7148ecb596c,Thang máy
80c248dd5eb3,48fe23f5fcaca7148ecb596c,Đưa đón Sân bay
80c248dd5eb3,49abf0b70ae864ebc8129269,Bãi biển riêng
80c248dd5eb3,49abf0b70ae864ebc8129269,Bể bơi ngoài trời
80c248dd5eb3,49abf0b70ae864ebc8129269,Wifi miễn phí
80c248dd5eb3,49abf0b70ae864ebc8129269,Ăn sáng miễn phí
80c248dd5eb3,49abf0b70ae864ebc8129269,Dịch vụ hội họp
80c248dd5eb3,49abf0b70ae864ebc8129269,Nhà hàng - Ẩm thực
80c248dd5eb3,49abf0b70ae864ebc8129269,Phòng tập thể dục
80c248dd5eb3,49abf0b70ae864ebc8129269,Quán Bar
80c248dd5eb3,49abf0b70ae864ebc8129269,Spa/Massage
80c248dd5eb3,49abf0b70ae864ebc8129269,Đưa đón Sân bay
80c248dd5eb3,4c0c9016aef530f447c64f80,Bãi biển riêng
80c248dd5eb3,4c0c9016aef530f447c64f80,Bể bơi ngoài trời
80c248dd5eb3,4c0c9016aef530f447c64f80,Wifi miễn phí
80c248dd5eb3,4c0c9016aef530f447c64f80,Ăn sáng miễn phí
80c248dd5eb3,4c0c9016aef530f447c64f80,Bàn làm việc
80c248dd5eb3,4c0c9016aef530f447c64f80,Dịch vụ hội họp
80c248dd5eb3,4c0c9016aef530f447c64f80,Giặt là quần áo
80c248dd5eb3,4c0c9016aef530f447c64f80,Karaoke
80c248dd5eb3,4c0c9016aef530f447c64f80,Lễ tân phục vụ 24h
80c248dd5eb3,4c0c9016aef530f447c64f80,Máy lạnh
80c248dd5eb3,4c0c9016aef530f447c64f80,Nhà hàng - Ẩm thực
80c248dd5eb3,4c0c9016aef530f447c64f80,Nước nóng - lạnh
80c248dd5eb3,4c0c9016aef530f447c64f80,Phòng tắm
80c248dd5eb3,4c0c9016aef530f447c64f80,Phòng tập thể dục
80c248dd5eb3,4c0c9016aef530f447c64f80,Phục vụ phòng 24/24h
80c248dd5eb3,4c0c9016aef530f447c64f80,Quán café
80c248dd5eb3,4c0c9016aef530f447c64f80,Spa/Massage
80c248dd5eb3,4d224bc14754f5eb596e0b99,Bể bơi ngoài trời
80c248dd5eb3,4d224bc14754f5eb596e0b99,Wifi miễn phí
80c248dd5eb3,4d224bc14754f5eb596e0b99,Ăn sáng miễn phí
80c248dd5eb3,4d224bc14754f5eb596e0b99,Cho thuê xe
80c248dd5eb3,4d224bc14754f5eb596e0b99,Chỗ đỗ xe
80c248dd5eb3,4d224bc14754f5eb596e0b99,Dịch vụ hội họp
80c248dd5eb3,4d224bc14754f5eb596e0b99,Giặt là quần áo
80c248dd5eb3,4d224bc14754f5eb596e0b99,Nhà hàng - Ẩm thực
80c248dd5eb3,4d224bc14754f5eb596e0b99,Phòng tập thể dục
80c248dd5eb3,4d224bc14754f5eb596e0b99,Quán Bar
80c248dd5eb3,4d224bc14754f5eb596e0b99,Spa/Massage
80c248dd5eb3,4d224bc14754f5eb596e0b99,Thang máy
80c248dd5eb3,4df720b17de6021e3f2cb203,Bể bơi ngoài trời
80c248dd5eb3,4df720b17de6021e3f2cb203,Wifi miễn phí
80c248dd5eb3,4df720b17de6021e3f2cb203,Ăn sáng miễn phí
80c248dd5eb3,4df720b17de6021e3f2cb203,Cho thuê xe
80c248dd5eb3,4df720b17de6021e3f2cb203,Chỗ đỗ xe
80c248dd5eb3,4df720b17de6021e3f2cb203,Dịch vụ BBQ
80c248dd5eb3,4df720b17de6021e3f2cb203,Dịch vụ hội họp
80c248dd5eb3,4df720b17de6021e3f2cb203,Giặt là quần áo
80c248dd5eb3,4df720b17de6021e3f2cb203,Nhà hàng - Ẩm thực
80c248dd5eb3,4df720b17de6021e3f2cb203,Phòng hút thuốc
80c248dd5eb3,4df720b17de6021e3f2cb203,Phòng tập thể dục
80c248dd5eb3,4df720b17de6021e3f2cb203,Quán Bar
80c248dd5eb3,4df720b17de6021e3f2cb203,Quán café
80c248dd5eb3,4df720b17de6021e3f2cb203,Quầy đặt tour du lịch
80c248dd5eb3,4df720b17de6021e3f2cb203,Spa/Massage
80c248dd5eb3,4df720b17de6021e3f2cb203,Thang máy
80c248dd5eb3,4df720b17de6021e3f2cb203,Xe Bus ra Trung tâm
80c248dd5eb3,523e54297e4481eb3be959a7,Bể bơi ngoài trời
80c248dd5eb3,523e54297e4481eb3be959a7,Wifi miễn phí
80c248dd5eb3,523e54297e4481eb3be959a7,Ăn sáng miễn phí
80c248dd5eb3,523e54297e4481eb3be959a7,Bàn làm việc
80c248dd5eb3,523e54297e4481eb3be959a7,Cho thuê xe
80c248dd5eb3,523e54297e4481eb3be959a7,Chỗ đỗ xe
80c248dd5eb3,523e54297e4481eb3be959a7,"Khu vực gửi đồ đạc, hành lý"
80c248dd5eb3,523e54297e4481eb3be959a7,Lễ tân phục vụ 24h
80c248dd5eb3,523e54297e4481eb3be959a7,Nhà hàng - Ẩm thực
80c248dd5eb3,523e54297e4481eb3be959a7,Nước nóng - lạnh
80c248dd5eb3,523e54297e4481eb3be959a7,Phòng hút thuốc
80c248dd5eb3,523e54297e4481eb3be959a7,Phòng tập thể dục
80c248dd5eb3,523e54297e4481eb3be959a7,Quán Bar
80c248dd5eb3,523e54297e4481eb3be959a7,Quán café
80c248dd5eb3,523e54297e4481eb3be959a7,Thang máy
80c248dd5eb3,523e54297e4481eb3be959a7,Truyền hình cáp
80c248dd5eb3,523e54297e4481eb3be959a7,Wifi
80c248dd5eb3,523e54297e4481eb3be959a7,Đưa đón Sân bay
80c248dd5eb3,57c084c35383ceed3c1af9b1,Bể bơi ngoài trời
80c248dd5eb3,57c084c35383ceed3c1af9b1,Wifi miễn phí
80c248dd5eb3,57c084c35383ceed3c1af9b1,Ăn sáng miễn phí
80c248dd5eb3,57c084c35383ceed3c1af9b1,Cho thuê xe
80c248dd5eb3,57c084c35383ceed3c1af9b1,Chỗ đỗ xe
80c248dd5eb3,57c084c35383ceed3c1af9b1,Dịch vụ hội họp
80c248dd5eb3,57c084c35383ceed3c1af9b1,Giặt là quần áo
80c248dd5eb3,57c084c35383ceed3c1af9b1,Khu vực vui chơi trẻ em
80c248dd5eb3,57c084c35383ceed3c1af9b1,Nhà hàng - Ẩm thực
80c248dd5eb3,57c084c35383ceed3c1af9b1,Phòng tập thể dục
80c248dd5eb3,57c084c35383ceed3c1af9b1,Quán Bar
80c248dd5eb3,57c084c35383ceed3c1af9b1,Spa/Massage
80c248dd5eb3,57c084c35383ceed3c1af9b1,Thang máy
80c248dd5eb3,598a12a0757a4837fab6125e,Bể bơi ngoài trời
80c248dd5eb3,598a12a0757a4837fab6125e,Wifi miễn phí
80c248dd5eb3,598a12a0757a4837fab6125e,Ăn sáng miễn phí
80c248dd5eb3,598a12a0757a4837fab6125e,Bể bơi vô cực
80c248dd5eb3,598a12a0757a4837fab6125e,Cho thuê xe
80c248dd5eb3,598a12a0757a4837fab6125e,Chỗ đỗ xe
80c248dd5eb3,598a12a0757a4837fab6125e,Dịch vụ hội họp
80c248dd5eb3,598a12a0757a4837fab6125e,Nhà hàng - Ẩm thực
80c248dd5eb3,598a12a0757a4837fab6125e,Phòng tập thể dục
80c248dd5eb3,598a12a0757a4837fab6125e,Quán café
80c248dd5eb3,598a12a0757a4837fab6125e,Spa/Massage
80c248dd5eb3,598a12a0757a4837fab6125e,Thang máy
80c248dd5eb3,598a12a0757a4837fab6125e,Đưa đón Sân bay
80c248dd5eb3,59c531c20ecf41c07a31f611,Bể bơi ngoài trời
80c248dd5eb3,59c531c20ecf41c07a31f611,Wifi miễn phí
80c248dd5eb3,59c531c20ecf41c07a31f611,Ăn sáng miễn phí
80c248dd5eb3,59c531c20ecf41c07a31f611,Cho thuê xe
80c248dd5eb3,59c531c20ecf41c07a31f611,Chỗ đỗ xe
80c248dd5eb3,59c531c20ecf41c07a31f611,Nhà hàng - Ẩm thực
80c248dd5eb3,59c531c20ecf41c07a31f611,Quán Bar
80c248dd5eb3,59c531c20ecf41c07a31f611,Spa/Massage
80c248dd5eb3,59c531c20ecf41c07a31f611,Thang máy
80c248dd5eb3,59f3b734b58157d53b2d25ef,Bể bơi ngoài trời
80c248dd5eb3,59f3b734b58157d53b2d25ef,Wifi miễn phí
80c248dd5eb3,59f3b734b58157d53b2d25ef,Ăn sáng miễn phí
80c248dd5eb3,59f3b734b58157d53b2d25ef,Chỗ đỗ xe
80c248dd5eb3,59f3b734b58157d53b2d25ef,Dịch vụ hội họp
80c248dd5eb3,59f3b734b58157d53b2d25ef,Giặt là quần áo
80c248dd5eb3,59f3b734b58157d53b2d25ef,Khu vực vui chơi trẻ em
80c248dd5eb3,59f3b734b58157d53b2d25ef,Nhà hàng - Ẩm thực
80c248dd5eb3,59f3b734b58157d53b2d25ef,Phòng hút thuốc
80c248dd5eb3,59f3b734b58157d53b2d25ef,Phòng tập thể dục
80c248dd5eb3,59f3b734b58157d53b2d25ef,Quán café
80c248dd5eb3,59f3b734b58157d53b2d25ef,Quầy đặt tour du lịch
80c248dd5eb3,59f3b734b58157d53b2d25ef,Spa/Massage
80c248dd5eb3,59f3b734b58157d53b2d25ef,Thang máy
80c248dd5eb3,5c5e699d49e4d4df7e762bab,Bể bơi ngoài trời
80c248dd5eb3,5c5e699d49e4d4df7e762bab,Wifi miễn phí
80c248dd5eb3,5c5e699d49e4d4df7e762bab,Ăn sáng miễn phí
80c248dd5eb3,5c5e699d49e4d4df7e762bab,Chỗ đỗ xe
80c248dd5eb3,5c5e699d49e4d4df7e762bab,Dịch vụ hội họp
80c248dd5eb3,5c5e699d49e4d4df7e762bab,Giặt là quần áo
80c248dd5eb3,5c5e699d49e4d4df7e762bab,Nhà hàng - Ẩm thực
80c248dd5eb3,5c5e699d49e4d4df7e762bab,Phòng tập thể dục
80c248dd5eb3,5c5e699d49e4d4df7e762bab,Quán Bar
80c248dd5eb3,5c5e699d49e4d4df7e762bab,Spa/Massage
80c248dd5eb3,5c5e699d49e4d4df7e762bab,Thang máy
80c248dd5eb3,5c5e699d49e4d4df7e762bab,Đưa đón Sân bay
80c248dd5eb3,5cd0d6babebe91ee9250a5c1,Bể bơi ngoài trời
80c248dd5eb3,5cd0d6babebe91ee9250a5c1,Bể bơi trong nhà
80c248dd5eb3,5cd0d6babebe91ee9250a5c1,Wifi miễn phí
80c248dd5eb3,5cd0d6babebe91ee9250a5c1,Ăn sáng miễn phí
80c248dd5eb3,5cd0d6babebe91ee9250a5c1,Câu cá
80c248dd5eb3,5cd0d6babebe91ee9250a5c1,Chỗ đỗ xe
80c248dd5eb3,5cd0d6babebe91ee9250a5c1,Dịch vụ hội họp
80c248dd5eb3,5cd0d6babebe91ee9250a5c1,Giặt là quần áo
80c248dd5eb3,5cd0d6babebe91ee9250a5c1,Khu vực vui chơi trẻ em
80c248dd5eb3,5cd0d6babebe91ee9250a5c1,Nhà hàng - Ẩm thực
80c248dd5eb3,5cd0d6babebe91ee9250a5c1,Phòng tập thể dục
80c248dd5eb3,5cd0d6babebe91ee9250a5c1,Spa/Massage
80c248dd5eb3,5cd0d6babebe91ee9250a5c1,Thang máy
80c248dd5eb3,5f0d7cce97db84433900f198,Wifi miễn phí
80c248dd5eb3,5f0d7cce97db84433900f198,Bể bơi vô cực
80c248dd5eb3,5f0d7cce97db84433900f198,Lễ tân phục vụ 24h
80c248dd5eb3,5f0d7cce97db84433900f198,Nhà hàng - Ẩm thực
80c248dd5eb3,5f0d7cce97db84433900f198,Nước nóng - lạnh
80c248dd5eb3,5f0d7cce97db84433900f198,Phục vụ phòng 24/24h
80c248dd5eb3,5f0d7cce97db84433900f198,Spa
80c248dd5eb3,5f0d7cce97db84433900f198,Spa/Massage
80c248dd5eb3,5f0d7cce97db84433900f198,Thang máy
80c248dd5eb3,5f0d7cce97db84433900f198,Truyền hình cáp
80c248dd5eb3,5f0d7cce97db84433900f198,Wifi
80c248dd5eb3,5f5abec6d034629fce7c639e,Bể bơi ngoài trời
80c248dd5eb3,5f5abec6d034629fce7c639e,Bể bơi trong nhà
80c248dd5eb3,5f5abec6d034629fce7c639e,Wifi miễn phí
80c248dd5eb3,5f5abec6d034629fce7c639e,Ăn sáng miễn phí
80c248dd5eb3,5f5abec6d034629fce7c639e,Chỗ đỗ xe
80c248dd5eb3,5f5abec6d034629fce7c639e,Dịch vụ trông trẻ
80c248dd5eb3,5f5abec6d034629fce7c639e,Dịch vụ BBQ
80c248dd5eb3,5f5abec6d034629fce7c639e,Dịch vụ hội họp
80c248dd5eb3,5f5abec6d034629fce7c639e,Giặt là quần áo
80c248dd5eb3,5f5abec6d034629fce7c639e,Khu vực vui chơi trẻ em
80c248dd5eb3,5f5abec6d034629fce7c639e,Nhà hàng - Ẩm thực
80c248dd5eb3,5f5abec6d034629fce7c639e,Phòng tập thể dục
80c248dd5eb3,5f5abec6d034629fce7c639e,Quán Bar
80c248dd5eb3,5f5abec6d034629fce7c639e,Quán café
80c248dd5eb3,5f5abec6d034629fce7c639e,Quầy đặt tour du lịch
80c248dd5eb3,5f5abec6d034629fce7c639e,Sân tennis
80c248dd5eb3,5f5abec6d034629fce7c639e,Spa/Massage
80c248dd5eb3,5f5abec6d034629fce7c639e,Thang máy
80c248dd5eb3,5f5abec6d034629fce7c639e,Đưa đón Sân bay
80c248dd5eb3,5fd058400cfdf78ee72d45a2,Bể bơi ngoài trời
80c248dd5eb3,5fd058400cfdf78ee72d45a2,Wifi miễn phí
80c248dd5eb3,5fd058400cfdf78ee72d45a2,Ăn sáng miễn phí
80c248dd5eb3,5fd058400cfdf78ee72d45a2,Bàn làm việc
80c248dd5eb3,5fd058400cfdf78ee72d45a2,Chỗ đỗ xe
80c248dd5eb3,5fd058400cfdf78ee72d45a2,Giặt là quần áo
80c248dd5eb3,5fd058400cfdf78ee72d45a2,Máy lạnh
80c248dd5eb3,5fd058400cfdf78ee72d45a2,Nhà hàng - Ẩm thực
80c248dd5eb3,5fd058400cfdf78ee72d45a2,Nước nóng - lạnh
80c248dd5eb3,5fd058400cfdf78ee72d45a2,Phòng tắm
80c248dd5eb3,5fd058400cfdf78ee72d45a2,Phòng tập thể dục
80c248dd5eb3,5fd058400cfdf78ee72d45a2,Phục vụ phòng 24/24h
80c248dd5eb3,5fd058400cfdf78ee72d45a2,Quán café
80c248dd5eb3,5fd058400cfdf78ee72d45a2,Spa/Massage
80c248dd5eb3,5fd058400cfdf78ee72d45a2,Thang máy
80c248dd5eb3,5fd058400cfdf78ee72d45a2,Xe Bus ra Trung tâm
80c248dd5eb3,5fd058400cfdf78ee72d45a2,Đưa đón Sân bay
80c248dd5eb3,60c476ee54d862827b773b20,Bãi biển riêng
80c248dd5eb3,60c476ee54d862827b773b20,Bể bơi ngoài trời
80c248dd5eb3,60c476ee54d862827b773b20,Wifi miễn phí
80c248dd5eb3,60c476ee54d862827b773b20,Ăn sáng miễn phí
80c248dd5eb3,60c476ee54d862827b773b20,Bàn làm việc
80c248dd5eb3,60c476ee54d862827b773b20,Chăm sóc sắc đẹp
80c248dd5eb3,60c476ee54d862827b773b20,Cho thuê xe
80c248dd5eb3,60c476ee54d862827b773b20,Chỗ đỗ xe
80c248dd5eb3,60c476ee54d862827b773b20,Dịch vụ BBQ
80c248dd5eb3,60c476ee54d862827b773b20,Dịch vụ hội họp
80c248dd5eb3,60c476ee54d862827b773b20,Giặt là quần áo
80c248dd5eb3,60c476ee54d862827b773b20,"Khu vực gửi đồ đạc, hành lý"
80c248dd5eb3,60c476ee54d862827b773b20,Lễ tân phục vụ 24h
80c248dd5eb3,60c476ee54d862827b773b20,Máy lạnh
80c248dd5eb3,60c476ee54d862827b773b20,Nhà hàng - Ẩm thực
80c248dd5eb3,60c476ee54d862827b773b20,Nước nóng - lạnh
80c248dd5eb3,60c476ee54d862827b773b20,Phòng tắm
80c248dd5eb3,60c476ee54d862827b773b20,Phòng tập thể dục
80c248dd5eb3,60c476ee54d862827b773b20,Phòng Xông Hơi
80c248dd5eb3,60c476ee54d862827b773b20,Phục vụ phòng 24/24h
80c248dd5eb3,60c476ee54d862827b773b20,Quán Bar
80c248dd5eb3,60c476ee54d862827b773b20,Quán café
80c248dd5eb3,60c476ee54d862827b773b20,Quầy đặt tour du lịch
80c248dd5eb3,60c476ee54d862827b773b20,Spa
80c248dd5eb3,60c476ee54d862827b773b20,Spa/Massage
80c248dd5eb3,60c476ee54d862827b773b20,Thang máy
80c248dd5eb3,60c476ee54d862827b773b20,Truyền hình cáp
80c248dd5eb3,60c476ee54d862827b773b20,Wifi
80c248dd5eb3,60c476ee54d862827b773b20,Đưa đón Sân bay
80c248dd5eb3,62b563d91617be657b9e81e0,Bể bơi trong nhà
80c248dd5eb3,62b563d91617be657b9e81e0,Wifi miễn phí
80c248dd5eb3,62b563d91617be657b9e81e0,Ăn sáng miễn phí
80c248dd5eb3,62b563d91617be657b9e81e0,Bàn làm việc
80c248dd5eb3,62b563d91617be657b9e81e0,Bồn tắm và vòi sen
80c248dd5eb3,62b563d91617be657b9e81e0,Cho thuê xe
80c248dd5eb3,62b563d91617be657b9e81e0,Chỗ đỗ xe
80c248dd5eb3,62b563d91617be657b9e81e0,Giặt là quần áo
80c248dd5eb3,62b563d91617be657b9e81e0,Lễ tân phục vụ 24h
80c248dd5eb3,62b563d91617be657b9e81e0,Máy lạnh
80c248dd5eb3,62b563d91617be657b9e81e0,Nhà hàng - Ẩm thực
80c248dd5eb3,62b563d91617be657b9e81e0,Nước nóng - lạnh
80c248dd5eb3,62b563d91617be657b9e81e0,Phòng tắm
80c248dd5eb3,62b563d91617be657b9e81e0,Phòng tập thể dục
80c248dd5eb3,62b563d91617be657b9e81e0,Quán Bar
80c248dd5eb3,62b563d91617be657b9e81e0,Quán café
80c248dd5eb3,62b563d91617be657b9e81e0,Quầy đặt tour du lịch
80c248dd5eb3,62b563d91617be657b9e81e0,Spa
80c248dd5eb3,62b563d91617be657b9e81e0,Spa/Massage
80c248dd5eb3,62b563d91617be657b9e81e0,Thang máy
80c248dd5eb3,62b563d91617be657b9e81e0,Wifi
80c248dd5eb3,6331916d05bf0b2fd85281d1,Wifi miễn phí
80c248dd5eb3,6331916d05bf0b2fd85281d1,Ăn sáng miễn phí
80c248dd5eb3,6331916d05bf0b2fd85281d1,Chỗ đỗ xe
80c248dd5eb3,6331916d05bf0b2fd85281d1,Dịch vụ hội họp
80c248dd5eb3,6331916d05bf0b2fd85281d1,Giặt là quần áo
80c248dd5eb3,6331916d05bf0b2fd85281d1,Phòng hút thuốc
80c248dd5eb3,6331916d05bf0b2fd85281d1,Quầy đặt tour du lịch
80c248dd5eb3,6331916d05bf0b2fd85281d1,Thang máy
80c248dd5eb3,6331916d05bf0b2fd85281d1,Đưa đón Sân bay
80c248dd5eb3,64ffeb688f9a953368ecd0ba,Bể bơi ngoài trời
80c248dd5eb3,64ffeb688f9a953368ecd0ba,Wifi miễn phí
80c248dd5eb3,64ffeb688f9a953368ecd0ba,Ăn sáng miễn phí
80c248dd5eb3,64ffeb688f9a953368ecd0ba,Cho thuê xe
80c248dd5eb3,64ffeb688f9a953368ecd0ba,Chỗ đỗ xe
80c248dd5eb3,64ffeb688f9a953368ecd0ba,Dịch vụ trông trẻ
80c248dd5eb3,64ffeb688f9a953368ecd0ba,Dịch vụ BBQ
80c248dd5eb3,64ffeb688f9a953368ecd0ba,Dịch vụ hội họp
80c248dd5eb3,64ffeb688f9a953368ecd0ba,Giặt là quần áo
80c248dd5eb3,64ffeb688f9a953368ecd0ba,Karaoke
80c248dd5eb3,64ffeb688f9a953368ecd0ba,Khu vực vui chơi trẻ em
80c248dd5eb3,64ffeb688f9a953368ecd0ba,Nhà hàng - Ẩm thực
80c248dd5eb3,64ffeb688f9a953368ecd0ba,Phòng tập thể dục
80c248dd5eb3,64ffeb688f9a953368ecd0ba,Quán Bar
80c248dd5eb3,64ffeb688f9a953368ecd0ba,Quán café
80c248dd5eb3,64ffeb688f9a953368ecd0ba,Quầy đặt tour du lịch
80c248dd5eb3,64ffeb688f9a953368ecd0ba,Spa/Massage
80c248dd5eb3,64ffeb688f9a953368ecd0ba,Thang máy
80c248dd5eb3,64ffeb688f9a953368ecd0ba,Đưa đón Sân bay
80c248dd5eb3,650b20094d8f9694be5c7eb7,Wifi miễn phí
80c248dd5eb3,650b20094d8f9694be5c7eb7,Ăn sáng miễn phí
80c248dd5eb3,650b20094d8f9694be5c7eb7,Bồn tắm và vòi sen
80c248dd5eb3,650b20094d8f9694be5c7eb7,Cho thuê xe
80c248dd5eb3,650b20094d8f9694be5c7eb7,Chỗ đỗ xe
80c248dd5eb3,650b20094d8f9694be5c7eb7,Cửa số cách âm
80c248dd5eb3,650b20094d8f9694be5c7eb7,Dịch vụ phòng
80c248dd5eb3,650b20094d8f9694be5c7eb7,Giặt là quần áo
80c248dd5eb3,650b20094d8f9694be5c7eb7,Hệ thống báo cháy tự động
80c248dd5eb3,650b20094d8f9694be5c7eb7,Lễ tân phục vụ 24h
80c248dd5eb3,650b20094d8f9694be5c7eb7,Máy lạnh
80c248dd5eb3,650b20094d8f9694be5c7eb7,Mini bar
80c248dd5eb3,650b20094d8f9694be5c7eb7,Nhà hàng - Ẩm thực
80c248dd5eb3,650b20094d8f9694be5c7eb7,Nước nóng - lạnh
80c248dd5eb3,650b20094d8f9694be5c7eb7,Phòng Xông Hơi
80c248dd5eb3,650b20094d8f9694be5c7eb7,Quán Bar
80c248dd5eb3,650b20094d8f9694be5c7eb7,Quán café
80c248dd5eb3,650b20094d8f9694be5c7eb7,Quầy đặt tour du lịch
80c248dd5eb3,650b20094d8f9694be5c7eb7,Spa
80c248dd5eb3,650b20094d8f9694be5c7eb7,Spa/Massage
80c248dd5eb3,650b20094d8f9694be5c7eb7,Thang máy
80c248dd5eb3,650b20094d8f9694be5c7eb7,Wifi
80c248dd5eb3,650b20094d8f9694be5c7eb7,Đưa đón Sân bay
80c248dd5eb3,651bae3ec8f3d7935592ba61,Bể bơi trong nhà
80c248dd5eb3,651bae3ec8f3d7935592ba61,Wifi miễn phí
80c248dd5eb3,651bae3ec8f3d7935592ba61,Ăn sáng miễn phí
80c248dd5eb3,651bae3ec8f3d7935592ba61,Cho thuê xe
80c248dd5eb3,651bae3ec8f3d7935592ba61,Chỗ đỗ xe
80c248dd5eb3,651bae3ec8f3d7935592ba61,Dịch vụ hội họp
80c248dd5eb3,651bae3ec8f3d7935592ba61,Giặt là quần áo
80c248dd5eb3,651bae3ec8f3d7935592ba61,Karaoke
80c248dd5eb3,651bae3ec8f3d7935592ba61,Nhà hàng - Ẩm thực
80c248dd5eb3,651bae3ec8f3d7935592ba61,Phòng tập thể dục
80c248dd5eb3,651bae3ec8f3d7935592ba61,Quán Bar
80c248dd5eb3,651bae3ec8f3d7935592ba61,Quầy đặt tour du lịch
80c248dd5eb3,651bae3ec8f3d7935592ba61,Spa/Massage
80c248dd5eb3,651bae3ec8f3d7935592ba61,Thang máy
80c248dd5eb3,657f335d02657a6b91efe0db,Bãi biển riêng
80c248dd5eb3,657f335d02657a6b91efe0db,Bể bơi trong nhà
80c248dd5eb3,657f335d02657a6b91efe0db,Wifi miễn phí
80c248dd5eb3,657f335d02657a6b91efe0db,Ăn sáng miễn phí
80c248dd5eb3,657f335d02657a6b91efe0db,Bồn tắm và vòi sen
80c248dd5eb3,657f335d02657a6b91efe0db,Cho thuê xe
80c248dd5eb3,657f335d02657a6b91efe0db,Chỗ đỗ xe
80c248dd5eb3,657f335d02657a6b91efe0db,Dịch vụ trông trẻ
80c248dd5eb3,657f335d02657a6b91efe0db,Dịch vụ hội họp
80c248dd5eb3,657f335d02657a6b91efe0db,Dịch vụ phòng
80c248dd5eb3,657f335d02657a6b91efe0db,Giặt là quần áo
80c248dd5eb3,657f335d02657a6b91efe0db,"Khu vực gửi đồ đạc, hành lý"
80c248dd5eb3,657f335d02657a6b91efe0db,Lễ tân phục vụ 24h
80c248dd5eb3,657f335d02657a6b91efe0db,Nhà hàng - Ẩm thực
80c248dd5eb3,657f335d02657a6b91efe0db,Nước nóng - lạnh
80c248dd5eb3,657f335d02657a6b91efe0db,Phòng tắm
80c248dd5eb3,657f335d02657a6b91efe0db,Phòng tập thể dục
80c248dd5eb3,657f335d02657a6b91efe0db,Phục vụ phòng 24/24h
80c248dd5eb3,657f335d02657a6b91efe0db,Quán Bar
80c248dd5eb3,657f335d02657a6b91efe0db,Quán café
80c248dd5eb3,657f335d02657a6b91efe0db,Quầy Hàng Lưu Niệm
80c248dd5eb3,657f335d02657a6b91efe0db,Spa
80c248dd5eb3,657f335d02657a6b91efe0db,Spa/Massage
80c248dd5eb3,657f335d02657a6b91efe0db,Thang máy
80c248dd5eb3,657f335d02657a6b91efe0db,Truyền hình cáp
80c248dd5eb3,657f335d02657a6b91efe0db,Wifi
80c248dd5eb3,657f335d02657a6b91efe0db,Đưa đón Sân bay
80c248dd5eb3,661bff1fc2b511e0d341f4bf,Bể bơi ngoài trời
80c248dd5eb3,661bff1fc2b511e0d341f4bf,Wifi miễn phí
80c248dd5eb3,661bff1fc2b511e0d341f4bf,Ăn sáng miễn phí
80c248dd5eb3,661bff1fc2b511e0d341f4bf,Chỗ đỗ xe
80c248dd5eb3,661bff1fc2b511e0d341f4bf,Dịch vụ hội họp
80c248dd5eb3,661bff1fc2b511e0d341f4bf,Giặt là quần áo
80c248dd5eb3,661bff1fc2b511e0d341f4bf,Nhà hàng - Ẩm thực
80c248dd5eb3,661bff1fc2b511e0d341f4bf,Quán café
80c248dd5eb3,661bff1fc2b511e0d341f4bf,Spa/Massage
80c248dd5eb3,661bff1fc2b511e0d341f4bf,Thang máy
80c248dd5eb3,664d6003d78040f4fcb480a5,Bãi biển riêng
80c248dd5eb3,664d6003d78040f4fcb480a5,Bể bơi ngoài trời
80c248dd5eb3,664d6003d78040f4fcb480a5,Bể bơi trong nhà
80c248dd5eb3,664d6003d78040f4fcb480a5,Wifi miễn phí
80c248dd5eb3,664d6003d78040f4fcb480a5,Ăn sáng miễn phí
80c248dd5eb3,664d6003d78040f4fcb480a5,Bàn làm việc
80c248dd5eb3,664d6003d78040f4fcb480a5,Bồn tắm và vòi sen
80c248dd5eb3,664d6003d78040f4fcb480a5,Chỗ đỗ xe
80c248dd5eb3,664d6003d78040f4fcb480a5,Dịch vụ hội họp
80c248dd5eb3,664d6003d78040f4fcb480a5,Lễ tân phục vụ 24h
80c248dd5eb3,664d6003d78040f4fcb480a5,Máy lạnh
80c248dd5eb3,664d6003d78040f4fcb480a5,Mini bar
80c248dd5eb3,664d6003d78040f4fcb480a5,Nhà hàng - Ẩm thực
80c248dd5eb3,664d6003d78040f4fcb480a5,Nước nóng - lạnh
80c248dd5eb3,664d6003d78040f4fcb480a5,Phòng tắm
80c248dd5eb3,664d6003d78040f4fcb480a5,Phòng tập thể dục
80c248dd5eb3,664d6003d78040f4fcb480a5,Quầy đặt tour du lịch
80c248dd5eb3,664d6003d78040f4fcb480a5,Spa/Massage
80c248dd5eb3,664d6003d78040f4fcb480a5,Thang máy
80c248dd5eb3,664d6003d78040f4fcb480a5,Đưa đón Sân bay
80c248dd5eb3,691895e4e92a9fc226fc9b88,Bể bơi ngoài trời
80c248dd5eb3,691895e4e92a9fc226fc9b88,Wifi miễn phí
80c248dd5eb3,691895e4e92a9fc226fc9b88,Ăn sáng miễn phí
80c248dd5eb3,691895e4e92a9fc226fc9b88,Cho thuê xe
80c248dd5eb3,691895e4e92a9fc226fc9b88,Chỗ đỗ xe
80c248dd5eb3,691895e4e92a9fc226fc9b88,Dịch vụ hội họp
80c248dd5eb3,691895e4e92a9fc226fc9b88,Giặt là quần áo
80c248dd5eb3,691895e4e92a9fc226fc9b88,Nhà hàng - Ẩm thực
80c248dd5eb3,691895e4e92a9fc226fc9b88,Phòng tập thể dục
80c248dd5eb3,691895e4e92a9fc226fc9b88,Thang máy
80c248dd5eb3,691895e4e92a9fc226fc9b88,Đưa đón Sân bay
80c248dd5eb3,69b5b8ea41a246e8af7bfe5c,Bể bơi trong nhà
80c248dd5eb3,69b5b8ea41a246e8af7bfe5c,Wifi miễn phí
80c248dd5eb3,69b5b8ea41a246e8af7bfe5c,Ăn sáng miễn phí
80c248dd5eb3,69b5b8ea41a246e8af7bfe5c,Bồn tắm và vòi sen
80c248dd5eb3,69b5b8ea41a246e8af7bfe5c,Cho thuê xe
80c248dd5eb3,69b5b8ea41a246e8af7bfe5c,Chỗ đỗ xe
80c248dd5eb3,69b5b8ea41a246e8af7bfe5c,Cửa hàng mua sắm
80c248dd5eb3,69b5b8ea41a246e8af7bfe5c,Dịch vụ trông trẻ
80c248dd5eb3,69b5b8ea41a246e8af7bfe5c,Dịch vụ hội họp
80c248dd5eb3,69b5b8ea41a246e8af7bfe5c,Dịch vụ phòng
80c248dd5eb3,69b5b8ea41a246e8af7bfe5c,Giặt là quần áo
80c248dd5eb3,69b5b8ea41a246e8af7bfe5c,Hệ thống báo cháy tự động
80c248dd5eb3,69b5b8ea41a246e8af7bfe5c,Hội Nghị & Tiệc Cưới
80c248dd5eb3,69b5b8ea41a246e8af7bfe5c,Karaoke
80c248dd5eb3,69b5b8ea41a246e8af7bfe5c,"Khu vực gửi đồ đạc, hành lý"
80c248dd5eb3,69b5b8ea41a246e8af7bfe5c,Khu vực vui chơi trẻ em
80c248dd5eb3,69b5b8ea41a246e8af7bfe5c,Lễ tân phục vụ 24h
80c248dd5eb3,69b5b8ea41a246e8af7bfe5c,Máy lạnh
80c248dd5eb3,69b5b8ea41a246e8af7bfe5c,Mini bar
80c248dd5eb3,69b5b8ea41a246e8af7bfe5c,Nhà hàng - Ẩm thực
80c248dd5eb3,69b5b8ea41a246e8af7bfe5c,Nước nóng - lạnh
80c248dd5eb3,69b5b8ea41a246e8af7bfe5c,Phòng tắm
80c248dd5eb3,69b5b8ea41a246e8af7bfe5c,Phòng tập thể dục
80c248dd5eb3,69b5b8ea41a246e8af7bfe5c,Phòng Xông Hơi
80c248dd5eb3,69b5b8ea41a246e8af7bfe5c,Phục vụ phòng 24/24h
80c248dd5eb3,69b5b8ea41a246e8af7bfe5c,Quán Bar
80c248dd5eb3,69b5b8ea41a246e8af7bfe5c,Quán café
80c248dd5eb3,69b5b8ea41a246e8af7bfe5c,Quầy Billard
80c248dd5eb3,69b5b8ea41a246e8af7bfe5c,Quầy Hàng Lưu Niệm
80c248dd5eb3,69b5b8ea41a246e8af7bfe5c,Quầy đặt tour du lịch
80c248dd5eb3,69b5b8ea41a246e8af7bfe5c,Sân vườn
80c248dd5eb3,69b5b8ea41a246e8af7bfe5c,Spa
80c248dd5eb3,69b5b8ea41a246e8af7bfe5c,Spa/Massage
80c248dd5eb3,69b5b8ea41a246e8af7bfe5c,Thang máy
80c248dd5eb3,69b5b8ea41a246e8af7bfe5c,Thư viện
80c248dd5eb3,69b5b8ea41a246e8af7bfe5c,Thu đổi ngoại tệ
80c248dd5eb3,69b5b8ea41a246e8af7bfe5c,Wifi
80c248dd5eb3,69b5b8ea41a246e8af7bfe5c,Xông hơi khô
80c248dd5eb3,69b5b8ea41a246e8af7bfe5c,Đưa đón Sân bay
80c248dd5eb3,69ed33a8388c6084ecab5bd8,Bể bơi ngoài trời
80c248dd5eb3,69ed33a8388c6084ecab5bd8,Wifi miễn phí
80c248dd5eb3,69ed33a8388c6084ecab5bd8,Ăn sáng miễn phí
80c248dd5eb3,69ed33a8388c6084ecab5bd8,Chỗ đỗ xe
80c248dd5eb3,69ed33a8388c6084ecab5bd8,Dịch vụ hội họp
80c248dd5eb3,69ed33a8388c6084ecab5bd8,Giặt là quần áo
80c248dd5eb3,69ed33a8388c6084ecab5bd8,Nhà hàng - Ẩm thực
80c248dd5eb3,69ed33a8388c6084ecab5bd8,Phòng tập thể dục
80c248dd5eb3,69ed33a8388c6084ecab5bd8,Quán Bar
80c248dd5eb3,69ed33a8388c6084ecab5bd8,Quán café
80c248dd5eb3,69ed33a8388c6084ecab5bd8,Spa/Massage
80c248dd5eb3,69ed33a8388c6084ecab5bd8,Thang máy
80c248dd5eb3,6aebdeb3ec518189da69c9a6,Bể bơi ngoài trời
80c248dd5eb3,6aebdeb3ec518189da69c9a6,Wifi miễn phí
80c248dd5eb3,6aebdeb3ec518189da69c9a6,Ăn sáng miễn phí
80c248dd5eb3,6aebdeb3ec518189da69c9a6,Cho thuê xe
80c248dd5eb3,6aebdeb3ec518189da69c9a6,Chỗ đỗ xe
80c248dd5eb3,6aebdeb3ec518189da69c9a6,Dịch vụ BBQ
80c248dd5eb3,6aebdeb3ec518189da69c9a6,Giặt là quần áo
80c248dd5eb3,6aebdeb3ec518189da69c9a6,Nhà hàng - Ẩm thực
80c248dd5eb3,6aebdeb3ec518189da69c9a6,Phòng tập thể dục
80c248dd5eb3,6aebdeb3ec518189da69c9a6,Quầy đặt tour du lịch
80c248dd5eb3,6aebdeb3ec518189da69c9a6,Thang máy
80c248dd5eb3,6aebdeb3ec518189da69c9a6,Đưa đón Sân bay
80c248dd5eb3,6e291bc861c60ac1ce06d1ef,Bể bơi ngoài trời
80c248dd5eb3,6e291bc861c60ac1ce06d1ef,Wifi miễn phí
80c248dd5eb3,6e291bc861c60ac1ce06d1ef,Ăn sáng miễn phí
80c248dd5eb3,6e291bc861c60ac1ce06d1ef,Cho thuê xe
80c248dd5eb3,6e291bc861c60ac1ce06d1ef,Chỗ đỗ xe
80c248dd5eb3,6e291bc861c60ac1ce06d1ef,Dịch vụ hội họp
80c248dd5eb3,6e291bc861c60ac1ce06d1ef,Giặt là quần áo
80c248dd5eb3,6e291bc861c60ac1ce06d1ef,Khu vực vui chơi trẻ em
80c248dd5eb3,6e291bc861c60ac1ce06d1ef,Nhà hàng - Ẩm thực
80c248dd5eb3,6e291bc861c60ac1ce06d1ef,Phòng tập thể dục
80c248dd5eb3,6e291bc861c60ac1ce06d1ef,Quán Bar
80c248dd5eb3,6e291bc861c60ac1ce06d1ef,Quán café
80c248dd5eb3,6e291bc861c60ac1ce06d1ef,Quầy đặt tour du lịch
80c248dd5eb3,6e291bc861c60ac1ce06d1ef,Spa/Massage
80c248dd5eb3,6e291bc861c60ac1ce06d1ef,Thang máy
80c248dd5eb3,6e291bc861c60ac1ce06d1ef,Đưa đón Sân bay
80c248dd5eb3,6e3d3b6bd5fbc561317c8bb1,Bể bơi ngoài trời
80c248dd5eb3,6e3d3b6bd5fbc561317c8bb1,Wifi miễn phí
80c248dd5eb3,6e3d3b6bd5fbc561317c8bb1,Ăn sáng miễn phí
80c248dd5eb3,6e3d3b6bd5fbc561317c8bb1,Cho thuê xe
80c248dd5eb3,6e3d3b6bd5fbc561317c8bb1,Chỗ đỗ xe
80c248dd5eb3,6e3d3b6bd5fbc561317c8bb1,Nhà hàng - Ẩm thực
80c248dd5eb3,6e3d3b6bd5fbc561317c8bb1,Quán Bar
80c248dd5eb3,6e3d3b6bd5fbc561317c8bb1,Quầy đặt tour du lịch
80c248dd5eb3,6e3d3b6bd5fbc561317c8bb1,Xe Bus ra Trung tâm
80c248dd5eb3,6e3d3b6bd5fbc561317c8bb1,Đưa đón Sân bay
80c248dd5eb3,6f6173c7e1db7f4d3e007314,Wifi miễn phí
80c248dd5eb3,6f6173c7e1db7f4d3e007314,Ăn sáng miễn phí
80c248dd5eb3,6f6173c7e1db7f4d3e007314,Chỗ đỗ xe
80c248dd5eb3,6f6173c7e1db7f4d3e007314,Giặt là quần áo
80c248dd5eb3,6f6173c7e1db7f4d3e007314,Nhà hàng - Ẩm thực
80c248dd5eb3,6f6173c7e1db7f4d3e007314,Thang máy
80c248dd5eb3,702301e3c4b5dbeade0a902c,Bãi biển riêng
80c248dd5eb3,702301e3c4b5dbeade0a902c,Bể bơi ngoài trời
80c248dd5eb3,702301e3c4b5dbeade0a902c,Bể bơi trong nhà
80c248dd5eb3,702301e3c4b5dbeade0a902c,Wifi miễn phí
80c248dd5eb3,702301e3c4b5dbeade0a902c,Ăn sáng miễn phí
80c248dd5eb3,702301e3c4b5dbeade0a902c,Cho thuê xe
80c248dd5eb3,702301e3c4b5dbeade0a902c,Chỗ đỗ xe
80c248dd5eb3,702301e3c4b5dbeade0a902c,Dịch vụ trông trẻ
80c248dd5eb3,702301e3c4b5dbeade0a902c,Dịch vụ hội họp
80c248dd5eb3,702301e3c4b5dbeade0a902c,Giặt là quần áo
80c248dd5eb3,702301e3c4b5dbeade0a902c,Hội Nghị & Tiệc Cưới
80c248dd5eb3,702301e3c4b5dbeade0a902c,Khu vực vui chơi trẻ em
80c248dd5eb3,702301e3c4b5dbeade0a902c,Nhà hàng - Ẩm thực
80c248dd5eb3,702301e3c4b5dbeade0a902c,Phòng tập thể dục
80c248dd5eb3,702301e3c4b5dbeade0a902c,Quán Bar
80c248dd5eb3,702301e3c4b5dbeade0a902c,Quầy đặt tour du lịch
80c248dd5eb3,702301e3c4b5dbeade0a902c,Sân golf
80c248dd5eb3,702301e3c4b5dbeade0a902c,Spa/Massage
80c248dd5eb3,702301e3c4b5dbeade0a902c,Thang máy
80c248dd5eb3,702301e3c4b5dbeade0a902c,Đưa đón Sân bay
80c248dd5eb3,712e948c65c02817c391915d,Bãi biển riêng
80c248dd5eb3,712e948c65c02817c391915d,Bể bơi ngoài trời
80c248dd5eb3,712e948c65c02817c391915d,Wifi miễn phí
80c248dd5eb3,712e948c65c02817c391915d,Ăn sáng miễn phí
80c248dd5eb3,712e948c65c02817c391915d,Cho thuê xe
80c248dd5eb3,712e948c65c02817c391915d,Chỗ đỗ xe
80c248dd5eb3,712e948c65c02817c391915d,Dịch vụ BBQ
80c248dd5eb3,712e948c65c02817c391915d,Dịch vụ hội họp
80c248dd5eb3,712e948c65c02817c391915d,Giặt là quần áo
80c248dd5eb3,712e948c65c02817c391915d,Khu vực vui chơi trẻ em
80c248dd5eb3,712e948c65c02817c391915d,Nhà hàng - Ẩm thực
80c248dd5eb3,712e948c65c02817c391915d,Phòng tập thể dục
80c248dd5eb3,712e948c65c02817c391915d,Quán Bar
80c248dd5eb3,712e948c65c02817c391915d,Quán café
80c248dd5eb3,712e948c65c02817c391915d,Quầy đặt tour du lịch
80c248dd5eb3,712e948c65c02817c391915d,Spa/Massage
80c248dd5eb3,712e948c65c02817c391915d,Thang máy
80c248dd5eb3,718442f102fc0ccd95df0381,Bể bơi ngoài trời
80c248dd5eb3,718442f102fc0ccd95df0381,Wifi miễn phí
80c248dd5eb3,718442f102fc0ccd95df0381,Ăn sáng miễn phí
80c248dd5eb3,718442f102fc0ccd95df0381,Cho thuê xe
80c248dd5eb3,718442f102fc0ccd95df0381,Chỗ đỗ xe
80c248dd5eb3,718442f102fc0ccd95df0381,Dịch vụ hội họp
80c248dd5eb3,718442f102fc0ccd95df0381,Giặt là quần áo
80c248dd5eb3,718442f102fc0ccd95df0381,Nhà hàng - Ẩm thực
80c248dd5eb3,718442f102fc0ccd95df0381,Phòng tập thể dục
80c248dd5eb3,718442f102fc0ccd95df0381,Quán Bar
80c248dd5eb3,718442f102fc0ccd95df0381,Quán café
80c248dd5eb3,718442f102fc0ccd95df0381,Quầy đặt tour du lịch
80c248dd5eb3,718442f102fc0ccd95df0381,Spa/Massage
80c248dd5eb3,718442f102fc0ccd95df0381,Thang máy
80c248dd5eb3,72133eb01b0c484136b04023,Bể bơi trong nhà
80c248dd5eb3,72133eb01b0c484136b04023,Wifi miễn phí
80c248dd5eb3,72133eb01b0c484136b04023,Ăn sáng miễn phí
80c248dd5eb3,72133eb01b0c484136b04023,Chỗ đỗ xe
80c248dd5eb3,72133eb01b0c484136b04023,Dịch vụ hội họp
80c248dd5eb3,72133eb01b0c484136b04023,Giặt là quần áo
80c248dd5eb3,72133eb01b0c484136b04023,Nhà hàng - Ẩm thực
80c248dd5eb3,72133eb01b0c484136b04023,Phòng tập thể dục
80c248dd5eb3,72133eb01b0c484136b04023,Quán Bar
80c248dd5eb3,72133eb01b0c484136b04023,Quán café
80c248dd5eb3,72133eb01b0c484136b04023,Spa/Massage
80c248dd5eb3,72133eb01b0c484136b04023,Thang máy
80c248dd5eb3,72c975eeb15fc49b9b638ed8,Bãi biển riêng
80c248dd5eb3,72c975eeb15fc49b9b638ed8,Bể bơi ngoài trời
80c248dd5eb3,72c975eeb15fc49b9b638ed8,Wifi miễn phí
80c248dd5eb3,72c975eeb15fc49b9b638ed8,Ăn sáng miễn phí
80c248dd5eb3,72c975eeb15fc49b9b638ed8,Dịch vụ BBQ
80c248dd5eb3,72c975eeb15fc49b9b638ed8,Dịch vụ hội họp
80c248dd5eb3,72c975eeb15fc49b9b638ed8,Giặt là quần áo
80c248dd5eb3,72c975eeb15fc49b9b638ed8,Karaoke
80c248dd5eb3,72c975eeb15fc49b9b638ed8,Khu vực vui chơi trẻ em
80c248dd5eb3,72c975eeb15fc49b9b638ed8,Nhà hàng - Ẩm thực
80c248dd5eb3,72c975eeb15fc49b9b638ed8,Phòng tập thể dục
80c248dd5eb3,72c975eeb15fc49b9b638ed8,Quán Bar
80c248dd5eb3,72c975eeb15fc49b9b638ed8,Quán café
80c248dd5eb3,72c975eeb15fc49b9b638ed8,Sân golf
80c248dd5eb3,72c975eeb15fc49b9b638ed8,Spa/Massage
80c248dd5eb3,754e31b60c434da818ae20ff,Bãi biển riêng
80c248dd5eb3,754e31b60c434da818ae20ff,Bể bơi ngoài trời
80c248dd5eb3,754e31b60c434da818ae20ff,Wifi miễn phí
80c248dd5eb3,754e31b60c434da818ae20ff,Ăn sáng miễn phí
80c248dd5eb3,754e31b60c434da818ae20ff,Chỗ đỗ xe
80c248dd5eb3,754e31b60c434da818ae20ff,Dịch vụ BBQ
80c248dd5eb3,754e31b60c434da818ae20ff,Dịch vụ hội họp
80c248dd5eb3,754e31b60c434da818ae20ff,Giặt là quần áo
80c248dd5eb3,754e31b60c434da818ae20ff,Karaoke
80c248dd5eb3,754e31b60c434da818ae20ff,Khu vực vui chơi trẻ em
80c248dd5eb3,754e31b60c434da818ae20ff,Nhà hàng - Ẩm thực
80c248dd5eb3,754e31b60c434da818ae20ff,Phòng tập thể dục
80c248dd5eb3,754e31b60c434da818ae20ff,Quán Bar
80c248dd5eb3,754e31b60c434da818ae20ff,Quán café
80c248dd5eb3,754e31b60c434da818ae20ff,Spa/Massage
80c248dd5eb3,754e31b60c434da818ae20ff,Thang máy
80c248dd5eb3,7641e3707c99e624854a1221,Wifi miễn phí
80c248dd5eb3,7641e3707c99e624854a1221,Ăn sáng miễn phí
80c248dd5eb3,7641e3707c99e624854a1221,Bồn tắm và vòi sen
80c248dd5eb3,7641e3707c99e624854a1221,Cửa hàng mua sắm
80c248dd5eb3,7641e3707c99e624854a1221,Lễ tân phục vụ 24h
80c248dd5eb3,7641e3707c99e624854a1221,Nhà hàng - Ẩm thực
80c248dd5eb3,7641e3707c99e624854a1221,Nước nóng - lạnh
80c248dd5eb3,7641e3707c99e624854a1221,Quán café
80c248dd5eb3,7641e3707c99e624854a1221,Spa/Massage
80c248dd5eb3,7641e3707c99e624854a1221,Thang máy
80c248dd5eb3,7641e3707c99e624854a1221,Đưa đón Sân bay
80c248dd5eb3,76a69dd9ac2fb0fc4106f354,Wifi miễn phí
80c248dd5eb3,76a69dd9ac2fb0fc4106f354,Ăn sáng miễn phí
80c248dd5eb3,76a69dd9ac2fb0fc4106f354,Dịch vụ hội họp
80c248dd5eb3,76a69dd9ac2fb0fc4106f354,Dịch vụ phòng
80c248dd5eb3,76a69dd9ac2fb0fc4106f354,Giặt là quần áo
80c248dd5eb3,76a69dd9ac2fb0fc4106f354,Karaoke
80c248dd5eb3,76a69dd9ac2fb0fc4106f354,Lễ tân phục vụ 24h
80c248dd5eb3,76a69dd9ac2fb0fc4106f354,Nhà hàng - Ẩm thực
80c248dd5eb3,76a69dd9ac2fb0fc4106f354,Quán Bar
80c248dd5eb3,76a69dd9ac2fb0fc4106f354,Spa/Massage
80c248dd5eb3,79a1e9226601f349361c5c49,Bể bơi ngoài trời
80c248dd5eb3,79a1e9226601f349361c5c49,Wifi miễn phí
80c248dd5eb3,79a1e9226601f349361c5c49,Ăn sáng miễn phí
80c248dd5eb3,79a1e9226601f349361c5c49,Chỗ đỗ xe
80c248dd5eb3,79a1e9226601f349361c5c49,Dịch vụ hội họp
80c248dd5eb3,79a1e9226601f349361c5c49,Giặt là quần áo
80c248dd5eb3,79a1e9226601f349361c5c49,Nhà hàng - Ẩm thực
80c248dd5eb3,79a1e9226601f349361c5c49,Phòng tập thể dục
80c248dd5eb3,79a1e9226601f349361c5c49,Quán Bar
80c248dd5eb3,79a1e9226601f349361c5c49,Quán café
80c248dd5eb3,79a1e9226601f349361c5c49,Spa/Massage
80c248dd5eb3,79a1e9226601f349361c5c49,Thang máy
80c248dd5eb3,79babf85477e6dd2ec3d88be,Bể bơi ngoài trời
80c248dd5eb3,79babf85477e6dd2ec3d88be,Wifi miễn phí
80c248dd5eb3,79babf85477e6dd2ec3d88be,Ăn sáng miễn phí
80c248dd5eb3,79babf85477e6dd2ec3d88be,Bàn làm việc
80c248dd5eb3,79babf85477e6dd2ec3d88be,Cho thuê xe
80c248dd5eb3,79babf85477e6dd2ec3d88be,Chỗ đỗ xe
80c248dd5eb3,79babf85477e6dd2ec3d88be,Dịch vụ hội họp
80c248dd5eb3,79babf85477e6dd2ec3d88be,Giặt là quần áo
80c248dd5eb3,79babf85477e6dd2ec3d88be,"Khu vực gửi đồ đạc, hành lý"
80c248dd5eb3,79babf85477e6dd2ec3d88be,Lễ tân phục vụ 24h
80c248dd5eb3,79babf85477e6dd2ec3d88be,Máy lạnh
80c248dd5eb3,79babf85477e6dd2ec3d88be,Người vận chuyển hành lý
80c248dd5eb3,79babf85477e6dd2ec3d88be,Nhà hàng - Ẩm thực
80c248dd5eb3,79babf85477e6dd2ec3d88be,Nước nóng - lạnh
80c248dd5eb3,79babf85477e6dd2ec3d88be,Phòng tắm
80c248dd5eb3,79babf85477e6dd2ec3d88be,Phục vụ phòng 24/24h
80c248dd5eb3,79babf85477e6dd2ec3d88be,Quán Bar
80c248dd5eb3,79babf85477e6dd2ec3d88be,Quầy đặt tour du lịch
80c248dd5eb3,79babf85477e6dd2ec3d88be,Spa/Massage
80c248dd5eb3,79babf85477e6dd2ec3d88be,Thang máy
80c248dd5eb3,79babf85477e6dd2ec3d88be,Wifi
80c248dd5eb3,79babf85477e6dd2ec3d88be,Đưa đón Sân bay
80c248dd5eb3,7b244f707be52cb2d49b2a35,Bể bơi trong nhà
80c248dd5eb3,7b244f707be52cb2d49b2a35,Wifi miễn phí
80c248dd5eb3,7b244f707be52cb2d49b2a35,Ăn sáng miễn phí
80c248dd5eb3,7b244f707be52cb2d49b2a35,Chỗ đỗ xe
80c248dd5eb3,7b244f707be52cb2d49b2a35,Dịch vụ trông trẻ
80c248dd5eb3,7b244f707be52cb2d49b2a35,Dịch vụ hội họp
80c248dd5eb3,7b244f707be52cb2d49b2a35,Giặt là quần áo
80c248dd5eb3,7b244f707be52cb2d49b2a35,Khu vực vui chơi trẻ em
80c248dd5eb3,7b244f707be52cb2d49b2a35,Nhà hàng - Ẩm thực
80c248dd5eb3,7b244f707be52cb2d49b2a35,Phòng tập thể dục
80c248dd5eb3,7b244f707be52cb2d49b2a35,Quán Bar
80c248dd5eb3,7b244f707be52cb2d49b2a35,Quán café
80c248dd5eb3,7b244f707be52cb2d49b2a35,Spa/Massage
80c248dd5eb3,7b244f707be52cb2d49b2a35,Thang máy
80c248dd5eb3,7b244f707be52cb2d49b2a35,Đưa đón Sân bay
80c248dd5eb3,7c8c109cbc48f427904d3fa2,Bể bơi ngoài trời
80c248dd5eb3,7c8c109cbc48f427904d3fa2,Wifi miễn phí
80c248dd5eb3,7c8c109cbc48f427904d3fa2,Ăn sáng miễn phí
80c248dd5eb3,7c8c109cbc48f427904d3fa2,Bàn làm việc
80c248dd5eb3,7c8c109cbc48f427904d3fa2,Bồn tắm và vòi sen
80c248dd5eb3,7c8c109cbc48f427904d3fa2,Cho thuê xe
80c248dd5eb3,7c8c109cbc48f427904d3fa2,Chỗ đỗ xe
80c248dd5eb3,7c8c109cbc48f427904d3fa2,Giặt là quần áo
80c248dd5eb3,7c8c109cbc48f427904d3fa2,Lễ tân phục vụ 24h
80c248dd5eb3,7c8c109cbc48f427904d3fa2,Máy lạnh
80c248dd5eb3,7c8c109cbc48f427904d3fa2,Nhà hàng - Ẩm thực
80c248dd5eb3,7c8c109cbc48f427904d3fa2,Nước nóng - lạnh
80c248dd5eb3,7c8c109cbc48f427904d3fa2,Phòng tắm
80c248dd5eb3,7c8c109cbc48f427904d3fa2,Phục vụ phòng 24/24h
80c248dd5eb3,7c8c109cbc48f427904d3fa2,Quán Bar
80c248dd5eb3,7d380aeb642318d925ff304b,Bãi biển riêng
80c248dd5eb3,7d380aeb642318d925ff304b,Bể bơi ngoài trời
80c248dd5eb3,7d380aeb642318d925ff304b,Bể bơi trong nhà
80c248dd5eb3,7d380aeb642318d925ff304b,Wifi miễn phí
80c248dd5eb3,7d380aeb642318d925ff304b,Ăn sáng miễn phí
80c248dd5eb3,7d380aeb642318d925ff304b,Cho thuê xe
80c248dd5eb3,7d380aeb642318d925ff304b,Chỗ đỗ xe
80c248dd5eb3,7d380aeb642318d925ff304b,Dịch vụ hội họp
80c248dd5eb3,7d380aeb642318d925ff304b,Giặt là quần áo
80c248dd5eb3,7d380aeb642318d925ff304b,Karaoke
80c248dd5eb3,7d380aeb642318d925ff304b,Nhà hàng - Ẩm thực
80c248dd5eb3,7d380aeb642318d925ff304b,Phòng tập thể dục
80c248dd5eb3,7d380aeb642318d925ff304b,Quán Bar
80c248dd5eb3,7d380aeb642318d925ff304b,Quầy Billard
80c248dd5eb3,7d380aeb642318d925ff304b,Quầy đặt tour du lịch
80c248dd5eb3,7d380aeb642318d925ff304b,Spa/Massage
80c248dd5eb3,7d380aeb642318d925ff304b,Thang máy
80c248dd5eb3,7d380aeb642318d925ff304b,Đưa đón Sân bay
80c248dd5eb3,817e76b476aadbdba5e15649,Bể bơi ngoài trời
80c248dd5eb3,817e76b476aadbdba5e15649,Wifi miễn phí
80c248dd5eb3,817e76b476aadbdba5e15649,Ăn sáng miễn phí
80c248dd5eb3,817e76b476aadbdba5e15649,Cho thuê xe
80c248dd5eb3,817e76b476aadbdba5e15649,Dịch vụ hội họp
80c248dd5eb3,817e76b476aadbdba5e15649,Giặt là quần áo
80c248dd5eb3,817e76b476aadbdba5e15649,Lễ tân phục vụ 24h
80c248dd5eb3,817e76b476aadbdba5e15649,Máy lạnh
80c248dd5eb3,817e76b476aadbdba5e15649,Nhà hàng - Ẩm thực
80c248dd5eb3,817e76b476aadbdba5e15649,Nước nóng - lạnh
80c248dd5eb3,817e76b476aadbdba5e15649,Phòng tập thể dục
80c248dd5eb3,817e76b476aadbdba5e15649,Phòng Xông Hơi
80c248dd5eb3,817e76b476aadbdba5e15649,Quầy đặt tour du lịch
80c248dd5eb3,817e76b476aadbdba5e15649,Spa/Massage
80c248dd5eb3,817e76b476aadbdba5e15649,Thang máy
80c248dd5eb3,817e76b476aadbdba5e15649,Thu đổi ngoại tệ
80c248dd5eb3,817e76b476aadbdba5e15649,Đưa đón Sân bay
80c248dd5eb3,81bf608a06c953a3e5fa419f,Bể bơi ngoài trời
80c248dd5eb3,81bf608a06c953a3e5fa419f,Wifi miễn phí
80c248dd5eb3,81bf608a06c953a3e5fa419f,Ăn sáng miễn phí
80c248dd5eb3,81bf608a06c953a3e5fa419f,Bồn tắm và vòi sen
80c248dd5eb3,81bf608a06c953a3e5fa419f,Chỗ đỗ xe
80c248dd5eb3,81bf608a06c953a3e5fa419f,Dịch vụ phòng
80c248dd5eb3,81bf608a06c953a3e5fa419f,Giặt là quần áo
80c248dd5eb3,81bf608a06c953a3e5fa419f,Hội Nghị & Tiệc Cưới
80c248dd5eb3,81bf608a06c953a3e5fa419f,Lễ tân phục vụ 24h
80c248dd5eb3,81bf608a06c953a3e5fa419f,Máy lạnh
80c248dd5eb3,81bf608a06c953a3e5fa419f,Nước nóng - lạnh
80c248dd5eb3,81bf608a06c953a3e5fa419f,Phòng tiện nghi cho khách khuyết tật
80c248dd5eb3,81bf608a06c953a3e5fa419f,Spa/Massage
80c248dd5eb3,8225784b7869814abfba6bea,Bể bơi ngoài trời
80c248dd5eb3,8225784b7869814abfba6bea,Wifi miễn phí
80c248dd5eb3,8225784b7869814abfba6bea,Ăn sáng miễn phí
80c248dd5eb3,8225784b7869814abfba6bea,Cho thuê xe
80c248dd5eb3,8225784b7869814abfba6bea,Dịch vụ hội họp
80c248dd5eb3,8225784b7869814abfba6bea,Giặt là quần áo
80c248dd5eb3,8225784b7869814abfba6bea,Nhà hàng - Ẩm thực
80c248dd5eb3,8225784b7869814abfba6bea,Phòng hút thuốc
80c248dd5eb3,8225784b7869814abfba6bea,Phòng tập thể dục
80c248dd5eb3,8225784b7869814abfba6bea,Quán Bar
80c248dd5eb3,8225784b7869814abfba6bea,Quán café
80c248dd5eb3,8225784b7869814abfba6bea,Quầy đặt tour du lịch
80c248dd5eb3,8225784b7869814abfba6bea,Spa/Massage
80c248dd5eb3,8225784b7869814abfba6bea,Thang máy
80c248dd5eb3,83127ffb331576b7aafc4916,Bãi biển riêng
80c248dd5eb3,83127ffb331576b7aafc4916,Bể bơi ngoài trời
80c248dd5eb3,83127ffb331576b7aafc4916,Wifi miễn phí
80c248dd5eb3,83127ffb331576b7aafc4916,Ăn sáng miễn phí
80c248dd5eb3,83127ffb331576b7aafc4916,Chỗ đỗ xe
80c248dd5eb3,83127ffb331576b7aafc4916,Dịch vụ BBQ
80c248dd5eb3,83127ffb331576b7aafc4916,Dịch vụ hội họp
80c248dd5eb3,83127ffb331576b7aafc4916,Karaoke
80c248dd5eb3,83127ffb331576b7aafc4916,Nhà hàng - Ẩm thực
80c248dd5eb3,849db25100db7ba8dc37026e,Wifi miễn phí
80c248dd5eb3,849db25100db7ba8dc37026e,Ăn sáng miễn phí
80c248dd5eb3,849db25100db7ba8dc37026e,Cho thuê xe
80c248dd5eb3,849db25100db7ba8dc37026e,Chỗ đỗ xe
80c248dd5eb3,849db25100db7ba8dc37026e,Dịch vụ hội họp
80c248dd5eb3,849db25100db7ba8dc37026e,Giặt là quần áo
80c248dd5eb3,849db25100db7ba8dc37026e,Nhà hàng - Ẩm thực
80c248dd5eb3,849db25100db7ba8dc37026e,Quầy đặt tour du lịch
80c248dd5eb3,849db25100db7ba8dc37026e,Đưa đón Sân bay
80c248dd5eb3,85dcddf4360c85d867dbd8e1,Bể bơi ngoài trời
80c248dd5eb3,85dcddf4360c85d867dbd8e1,Wifi miễn phí
80c248dd5eb3,85dcddf4360c85d867dbd8e1,Ăn sáng miễn phí
80c248dd5eb3,85dcddf4360c85d867dbd8e1,Cho thuê xe
80c248dd5eb3,85dcddf4360c85d867dbd8e1,Chỗ đỗ xe
80c248dd5eb3,85dcddf4360c85d867dbd8e1,Dịch vụ hội họp
80c248dd5eb3,85dcddf4360c85d867dbd8e1,Giặt là quần áo
80c248dd5eb3,85dcddf4360c85d867dbd8e1,Nhà hàng - Ẩm thực
80c248dd5eb3,85dcddf4360c85d867dbd8e1,Phòng hút thuốc
80c248dd5eb3,85dcddf4360c85d867dbd8e1,Quán café
80c248dd5eb3,85dcddf4360c85d867dbd8e1,Quầy đặt tour du lịch
80c248dd5eb3,85dcddf4360c85d867dbd8e1,Sân tennis
80c248dd5eb3,85dcddf4360c85d867dbd8e1,Đưa đón Sân bay
80c248dd5eb3,85dcddf4360c85d867dbd8e1,Đường dành cho xe lăn
80c248dd5eb3,87353d5e7d0aa5b1efd0188e,Bể bơi ngoài trời
80c248dd5eb3,87353d5e7d0aa5b1efd0188e,Wifi miễn phí
80c248dd5eb3,87353d5e7d0aa5b1efd0188e,Ăn sáng miễn phí
80c248dd5eb3,87353d5e7d0aa5b1efd0188e,Bàn làm việc
80c248dd5eb3,87353d5e7d0aa5b1efd0188e,Bồn tắm và vòi sen
80c248dd5eb3,87353d5e7d0aa5b1efd0188e,Cho thuê xe
80c248dd5eb3,87353d5e7d0aa5b1efd0188e,Chỗ đỗ xe
80c248dd5eb3,87353d5e7d0aa5b1efd0188e,Dịch vụ hội họp
80c248dd5eb3,87353d5e7d0aa5b1efd0188e,Giặt là quần áo
80c248dd5eb3,87353d5e7d0aa5b1efd0188e,Lễ tân phục vụ 24h
80c248dd5eb3,87353d5e7d0aa5b1efd0188e,Máy lạnh
80c248dd5eb3,87353d5e7d0aa5b1efd0188e,Nhà hàng - Ẩm thực
80c248dd5eb3,87353d5e7d0aa5b1efd0188e,Nước nóng - lạnh
80c248dd5eb3,87353d5e7d0aa5b1efd0188e,Phòng tắm
80c248dd5eb3,87353d5e7d0aa5b1efd0188e,Phòng tập thể dục
80c248dd5eb3,87353d5e7d0aa5b1efd0188e,Phục vụ phòng 24/24h
80c248dd5eb3,87353d5e7d0aa5b1efd0188e,Spa
80c248dd5eb3,87353d5e7d0aa5b1efd0188e,Spa/Massage
80c248dd5eb3,87353d5e7d0aa5b1efd0188e,Wifi
80c248dd5eb3,87353d5e7d0aa5b1efd0188e,Đưa đón Sân bay
80c248dd5eb3,87353d5e7d0aa5b1efd0188e,Đường dành cho xe lăn
80c248dd5eb3,87b076d03a8f15a9bcd54fe7,Bể bơi ngoài trời
80c248dd5eb3,87b076d03a8f15a9bcd54fe7,Bể bơi trong nhà
80c248dd5eb3,87b076d03a8f15a9bcd54fe7,Wifi miễn phí
80c248dd5eb3,87b076d03a8f15a9bcd54fe7,Ăn sáng miễn phí
80c248dd5eb3,87b076d03a8f15a9bcd54fe7,Bể bơi vô cực
80c248dd5eb3,87b076d03a8f15a9bcd54fe7,Chỗ đỗ xe
80c248dd5eb3,87b076d03a8f15a9bcd54fe7,Dịch vụ BBQ
80c248dd5eb3,87b076d03a8f15a9bcd54fe7,Dịch vụ hội họp
80c248dd5eb3,87b076d03a8f15a9bcd54fe7,Dịch vụ phòng
80c248dd5eb3,87b076d03a8f15a9bcd54fe7,Giặt là quần áo
80c248dd5eb3,87b076d03a8f15a9bcd54fe7,Hội Nghị & Tiệc Cưới
80c248dd5eb3,87b076d03a8f15a9bcd54fe7,Karaoke
80c248dd5eb3,87b076d03a8f15a9bcd54fe7,Khu vực vui chơi trẻ em
80c248dd5eb3,87b076d03a8f15a9bcd54fe7,Lễ tân phục vụ 24h
80c248dd5eb3,87b076d03a8f15a9bcd54fe7,Nhà hàng - Ẩm thực
80c248dd5eb3,87b076d03a8f15a9bcd54fe7,Phòng Xông Hơi
80c248dd5eb3,87b076d03a8f15a9bcd54fe7,Quán Bar
80c248dd5eb3,87b076d03a8f15a9bcd54fe7,Spa/Massage
80c248dd5eb3,87b076d03a8f15a9bcd54fe7,Xe điện trong khách sạn/resort
80c248dd5eb3,8878db2f54011c8be78e4182,Wifi miễn phí
80c248dd5eb3,8878db2f54011c8be78e4182,Ăn sáng miễn phí
80c248dd5eb3,8878db2f54011c8be78e4182,Bồn tắm và vòi sen
80c248dd5eb3,8878db2f54011c8be78e4182,Chỗ đỗ xe
80c248dd5eb3,8878db2f54011c8be78e4182,Lễ tân phục vụ 24h
80c248dd5eb3,8878db2f54011c8be78e4182,Nhà hàng - Ẩm thực
80c248dd5eb3,8878db2f54011c8be78e4182,Nước nóng - lạnh
80c248dd5eb3,8878db2f54011c8be78e4182,Phòng tắm
80c248dd5eb3,8878db2f54011c8be78e4182,Quán café
80c248dd5eb3,8878db2f54011c8be78e4182,Thang máy
80c248dd5eb3,8878db2f54011c8be78e4182,Wifi
80c248dd5eb3,8ae2f02cdb1877aa83c908e8,Bãi biển riêng
80c248dd5eb3,8ae2f02cdb1877aa83c908e8,Bể bơi ngoài trời
80c248dd5eb3,8ae2f02cdb1877aa83c908e8,Wifi miễn phí
80c248dd5eb3,8ae2f02cdb1877aa83c908e8,Ăn sáng miễn phí
80c248dd5eb3,8ae2f02cdb1877aa83c908e8,Cho thuê xe
80c248dd5eb3,8ae2f02cdb1877aa83c908e8,Chỗ đỗ xe
80c248dd5eb3,8ae2f02cdb1877aa83c908e8,Dịch vụ hội họp
80c248dd5eb3,8ae2f02cdb1877aa83c908e8,Giặt là quần áo
80c248dd5eb3,8ae2f02cdb1877aa83c908e8,Nhà hàng - Ẩm thực
80c248dd5eb3,8ae2f02cdb1877aa83c908e8,Phòng tập thể dục
80c248dd5eb3,8ae2f02cdb1877aa83c908e8,Quán Bar
80c248dd5eb3,8ae2f02cdb1877aa83c908e8,Quán café
80c248dd5eb3,8ae2f02cdb1877aa83c908e8,Quầy đặt tour du lịch
80c248dd5eb3,8ae2f02cdb1877aa83c908e8,Spa/Massage
80c248dd5eb3,8ae2f02cdb1877aa83c908e8,Thang máy
80c248dd5eb3,8ae2f02cdb1877aa83c908e8,Đưa đón Sân bay
80c248dd5eb3,8ae37c6b768a87391eb87805,Bãi biển riêng
80c248dd5eb3,8ae37c6b768a87391eb87805,Wifi miễn phí
80c248dd5eb3,8ae37c6b768a87391eb87805,Ăn sáng miễn phí
80c248dd5eb3,8ae37c6b768a87391eb87805,Chỗ đỗ xe
80c248dd5eb3,8ae37c6b768a87391eb87805,Dịch vụ hội họp
80c248dd5eb3,8ae37c6b768a87391eb87805,Nhà hàng - Ẩm thực
80c248dd5eb3,8ae37c6b768a87391eb87805,Sân golf
80c248dd5eb3,8ae37c6b768a87391eb87805,Spa/Massage
80c248dd5eb3,8b0c5e6b3c2054b74ff08bba,Bể bơi ngoài trời
80c248dd5eb3,8b0c5e6b3c2054b74ff08bba,Wifi miễn phí
80c248dd5eb3,8b0c5e6b3c2054b74ff08bba,Ăn sáng miễn phí
80c248dd5eb3,8b0c5e6b3c2054b74ff08bba,Bàn làm việc
80c248dd5eb3,8b0c5e6b3c2054b74ff08bba,Bồn tắm và vòi sen
80c248dd5eb3,8b0c5e6b3c2054b74ff08bba,Cho thuê xe
80c248dd5eb3,8b0c5e6b3c2054b74ff08bba,Chỗ đỗ xe
80c248dd5eb3,8b0c5e6b3c2054b74ff08bba,Dịch vụ BBQ
80c248dd5eb3,8b0c5e6b3c2054b74ff08bba,Dịch vụ thư ký
80c248dd5eb3,8b0c5e6b3c2054b74ff08bba,Karaoke
80c248dd5eb3,8b0c5e6b3c2054b74ff08bba,"Khu vực gửi đồ đạc, hành lý"
80c248dd5eb3,8b0c5e6b3c2054b74ff08bba,Lễ tân phục vụ 24h
80c248dd5eb3,8b0c5e6b3c2054b74ff08bba,Máy lạnh
80c248dd5eb3,8b0c5e6b3c2054b74ff08bba,Nhà hàng - Ẩm thực
80c248dd5eb3,8b0c5e6b3c2054b74ff08bba,Nước nóng - lạnh
80c248dd5eb3,8b0c5e6b3c2054b74ff08bba,Phục vụ phòng 24/24h
80c248dd5eb3,8b0c5e6b3c2054b74ff08bba,Quán Bar
80c248dd5eb3,8b0c5e6b3c2054b74ff08bba,Quán café
80c248dd5eb3,8b0c5e6b3c2054b74ff08bba,Thang máy
80c248dd5eb3,8b0c5e6b3c2054b74ff08bba,Wifi
80c248dd5eb3,8caa00d1be19b2ce778fef1a,Bãi biển riêng
80c248dd5eb3,8caa00d1be19b2ce778fef1a,Bể bơi ngoài trời
80c248dd5eb3,8caa00d1be19b2ce778fef1a,Wifi miễn phí
80c248dd5eb3,8caa00d1be19b2ce778fef1a,Ăn sáng miễn phí
80c248dd5eb3,8caa00d1be19b2ce778fef1a,Chỗ đỗ xe
80c248dd5eb3,8caa00d1be19b2ce778fef1a,Dịch vụ BBQ
80c248dd5eb3,8caa00d1be19b2ce778fef1a,Dịch vụ hội họp
80c248dd5eb3,8caa00d1be19b2ce778fef1a,Giặt là quần áo
80c248dd5eb3,8caa00d1be19b2ce778fef1a,Khu vực vui chơi trẻ em
80c248dd5eb3,8caa00d1be19b2ce778fef1a,Nhà hàng - Ẩm thực
80c248dd5eb3,8caa00d1be19b2ce778fef1a,Phòng tập thể dục
80c248dd5eb3,8caa00d1be19b2ce778fef1a,Quán Bar
80c248dd5eb3,8caa00d1be19b2ce778fef1a,Quán café
80c248dd5eb3,8caa00d1be19b2ce778fef1a,Spa/Massage
80c248dd5eb3,8caa00d1be19b2ce778fef1a,Thang máy
80c248dd5eb3,8cb111d715d8a25797d26cb0,Bể bơi ngoài trời
80c248dd5eb3,8cb111d715d8a25797d26cb0,Bể bơi trong nhà
80c248dd5eb3,8cb111d715d8a25797d26cb0,Wifi miễn phí
80c248dd5eb3,8cb111d715d8a25797d26cb0,Ăn sáng miễn phí
80c248dd5eb3,8cb111d715d8a25797d26cb0,Cho thuê xe
80c248dd5eb3,8cb111d715d8a25797d26cb0,Chỗ đỗ xe
80c248dd5eb3,8cb111d715d8a25797d26cb0,Dịch vụ trông trẻ
80c248dd5eb3,8cb111d715d8a25797d26cb0,Dịch vụ BBQ
80c248dd5eb3,8cb111d715d8a25797d26cb0,Dịch vụ hội họp
80c248dd5eb3,8cb111d715d8a25797d26cb0,Giặt là quần áo
80c248dd5eb3,8cb111d715d8a25797d26cb0,Khu vực vui chơi trẻ em
80c248dd5eb3,8cb111d715d8a25797d26cb0,Nhà hàng - Ẩm thực
80c248dd5eb3,8cb111d715d8a25797d26cb0,Quán Bar
80c248dd5eb3,8cb111d715d8a25797d26cb0,Quán café
80c248dd5eb3,8cb111d715d8a25797d26cb0,Quầy Hàng Lưu Niệm
80c248dd5eb3,8cb111d715d8a25797d26cb0,Spa/Massage
80c248dd5eb3,8cb111d715d8a25797d26cb0,Thang máy
80c248dd5eb3,8cb111d715d8a25797d26cb0,Đưa đón Sân bay
80c248dd5eb3,8daa22e40de94a378f237c52,Bãi biển riêng
80c248dd5eb3,8daa22e40de94a378f237c52,Bể bơi ngoài trời
80c248dd5eb3,8daa22e40de94a378f237c52,Bể bơi trong nhà
80c248dd5eb3,8daa22e40de94a378f237c52,Wifi miễn phí
80c248dd5eb3,8daa22e40de94a378f237c52,Ăn sáng miễn phí
80c248dd5eb3,8daa22e40de94a378f237c52,Cho thuê xe
80c248dd5eb3,8daa22e40de94a378f237c52,Chỗ đỗ xe
80c248dd5eb3,8daa22e40de94a378f237c52,Dịch vụ trông trẻ
80c248dd5eb3,8daa22e40de94a378f237c52,Dịch vụ hội họp
80c248dd5eb3,8daa22e40de94a378f237c52,Giặt là quần áo
80c248dd5eb3,8daa22e40de94a378f237c52,Karaoke
80c248dd5eb3,8daa22e40de94a378f237c52,Khu vực vui chơi trẻ em
80c248dd5eb3,8daa22e40de94a378f237c52,Nhà hàng - Ẩm thực
80c248dd5eb3,8daa22e40de94a378f237c52,Phòng hút thuốc
80c248dd5eb3,8daa22e40de94a378f237c52,Phòng tập thể dục
80c248dd5eb3,8daa22e40de94a378f237c52,Quán Bar
80c248dd5eb3,8daa22e40de94a378f237c52,Quán café
80c248dd5eb3,8daa22e40de94a378f237c52,Quầy Hàng Lưu Niệm
80c248dd5eb3,8daa22e40de94a378f237c52,Spa/Massage
80c248dd5eb3,8daa22e40de94a378f237c52,Thang máy
80c248dd5eb3,8daa22e40de94a378f237c52,Đường dành cho xe lăn
80c248dd5eb3,8ecf5b72d4ca209153080203,Bể bơi trong nhà
80c248dd5eb3,8ecf5b72d4ca209153080203,Wifi miễn phí
80c248dd5eb3,8ecf5b72d4ca209153080203,Ăn sáng miễn phí
80c248dd5eb3,8ecf5b72d4ca209153080203,Cho thuê xe
80c248dd5eb3,8ecf5b72d4ca209153080203,Chỗ đỗ xe
80c248dd5eb3,8ecf5b72d4ca209153080203,Giặt là quần áo
80c248dd5eb3,8ecf5b72d4ca209153080203,Nhà hàng - Ẩm thực
80c248dd5eb3,8ecf5b72d4ca209153080203,Phòng tập thể dục
80c248dd5eb3,8ecf5b72d4ca209153080203,Quầy đặt tour du lịch
80c248dd5eb3,8ecf5b72d4ca209153080203,Spa/Massage
80c248dd5eb3,8ecf5b72d4ca209153080203,Thang máy
80c248dd5eb3,91482f93bc71815534ecbc79,Bể bơi trong nhà
80c248dd5eb3,91482f93bc71815534ecbc79,Wifi miễn phí
80c248dd5eb3,91482f93bc71815534ecbc79,Ăn sáng miễn phí
80c248dd5eb3,91482f93bc71815534ecbc79,Chỗ đỗ xe
80c248dd5eb3,91482f93bc71815534ecbc79,Dịch vụ hội họp
80c248dd5eb3,91482f93bc71815534ecbc79,Giặt là quần áo
80c248dd5eb3,91482f93bc71815534ecbc79,Khu vực vui chơi trẻ em
80c248dd5eb3,91482f93bc71815534ecbc79,Nhà hàng - Ẩm thực
80c248dd5eb3,91482f93bc71815534ecbc79,Phòng tập thể dục
80c248dd5eb3,91482f93bc71815534ecbc79,Quán café
80c248dd5eb3,91482f93bc71815534ecbc79,Spa/Massage
80c248dd5eb3,91482f93bc71815534ecbc79,Thang máy
80c248dd5eb3,91a97591fc68c5e24fd14299,Bể bơi ngoài trời
80c248dd5eb3,91a97591fc68c5e24fd14299,Wifi miễn phí
80c248dd5eb3,91a97591fc68c5e24fd14299,Ăn sáng miễn phí
80c248dd5eb3,91a97591fc68c5e24fd14299,Bàn làm việc
80c248dd5eb3,91a97591fc68c5e24fd14299,Dịch vụ hội họp
80c248dd5eb3,91a97591fc68c5e24fd14299,Lễ tân phục vụ 24h
80c248dd5eb3,91a97591fc68c5e24fd14299,Máy lạnh
80c248dd5eb3,91a97591fc68c5e24fd14299,Nhà hàng - Ẩm thực
80c248dd5eb3,91a97591fc68c5e24fd14299,Nước nóng - lạnh
80c248dd5eb3,91a97591fc68c5e24fd14299,Phòng tắm
80c248dd5eb3,91a97591fc68c5e24fd14299,Phòng tập thể dục
80c248dd5eb3,91a97591fc68c5e24fd14299,Quán Bar
80c248dd5eb3,91a97591fc68c5e24fd14299,Quầy Hàng Lưu Niệm
80c248dd5eb3,91a97591fc68c5e24fd14299,Spa
80c248dd5eb3,91a97591fc68c5e24fd14299,Spa/Massage
80c248dd5eb3,91a97591fc68c5e24fd14299,Wifi
80c248dd5eb3,91a97591fc68c5e24fd14299,Xe Bus ra Trung tâm
80c248dd5eb3,91f32839d8503febe33c4ed8,Bể bơi trong nhà
80c248dd5eb3,91f32839d8503febe33c4ed8,Wifi miễn phí
80c248dd5eb3,91f32839d8503febe33c4ed8,Ăn sáng miễn phí
80c248dd5eb3,91f32839d8503febe33c4ed8,Chỗ đỗ xe
80c248dd5eb3,91f32839d8503febe33c4ed8,Giặt là quần áo
80c248dd5eb3,91f32839d8503febe33c4ed8,Nhà hàng - Ẩm thực
80c248dd5eb3,91f32839d8503febe33c4ed8,Phòng tập thể dục
80c248dd5eb3,91f32839d8503febe33c4ed8,Quán Bar
80c248dd5eb3,92ce3ff193cd5db8bc737d19,Bể bơi trong nhà
80c248dd5eb3,92ce3ff193cd5db8bc737d19,Wifi miễn phí
80c248dd5eb3,92ce3ff193cd5db8bc737d19,Ăn sáng miễn phí
80c248dd5eb3,92ce3ff193cd5db8bc737d19,Cho thuê xe
80c248dd5eb3,92ce3ff193cd5db8bc737d19,Chỗ đỗ xe
80c248dd5eb3,92ce3ff193cd5db8bc737d19,Giặt là quần áo
80c248dd5eb3,92ce3ff193cd5db8bc737d19,Phòng tập thể dục
80c248dd5eb3,92ce3ff193cd5db8bc737d19,Quầy đặt tour du lịch
80c248dd5eb3,92ce3ff193cd5db8bc737d19,Spa/Massage
80c248dd5eb3,92ce3ff193cd5db8bc737d19,Thang máy
80c248dd5eb3,92ce3ff193cd5db8bc737d19,Đưa đón Sân bay
80c248dd5eb3,934c7e01a73db05360c1be79,Bể bơi ngoài trời
80c248dd5eb3,934c7e01a73db05360c1be79,Wifi miễn phí
80c248dd5eb3,934c7e01a73db05360c1be79,Ăn sáng miễn phí
80c248dd5eb3,934c7e01a73db05360c1be79,Cho thuê xe
80c248dd5eb3,934c7e01a73db05360c1be79,Chỗ đỗ xe
80c248dd5eb3,934c7e01a73db05360c1be79,Dịch vụ hội họp
80c248dd5eb3,934c7e01a73db05360c1be79,Giặt là quần áo
80c248dd5eb3,934c7e01a73db05360c1be79,Nhà hàng - Ẩm thực
80c248dd5eb3,934c7e01a73db05360c1be79,Phòng tập thể dục
80c248dd5eb3,934c7e01a73db05360c1be79,Quán Bar
80c248dd5eb3,934c7e01a73db05360c1be79,Quán café
80c248dd5eb3,934c7e01a73db05360c1be79,Spa/Massage
80c248dd5eb3,934c7e01a73db05360c1be79,Đưa đón Sân bay
80c248dd5eb3,93f3ccb3183f7adeb376f5e4,Bãi biển riêng
80c248dd5eb3,93f3ccb3183f7adeb376f5e4,Bể bơi ngoài trời
80c248dd5eb3,93f3ccb3183f7adeb376f5e4,Wifi miễn phí
80c248dd5eb3,93f3ccb3183f7adeb376f5e4,Ăn sáng miễn phí
80c248dd5eb3,93f3ccb3183f7adeb376f5e4,Cho thuê xe
80c248dd5eb3,93f3ccb3183f7adeb376f5e4,Chỗ đỗ xe
80c248dd5eb3,93f3ccb3183f7adeb376f5e4,Dịch vụ BBQ
80c248dd5eb3,93f3ccb3183f7adeb376f5e4,Dịch vụ hội họp
80c248dd5eb3,93f3ccb3183f7adeb376f5e4,Giặt là quần áo
80c248dd5eb3,93f3ccb3183f7adeb376f5e4,Karaoke
80c248dd5eb3,93f3ccb3183f7adeb376f5e4,Khu vực vui chơi trẻ em
80c248dd5eb3,93f3ccb3183f7adeb376f5e4,Nhà hàng - Ẩm thực
80c248dd5eb3,93f3ccb3183f7adeb376f5e4,Phòng tập thể dục
80c248dd5eb3,93f3ccb3183f7adeb376f5e4,Quán Bar
80c248dd5eb3,93f3ccb3183f7adeb376f5e4,Quán café
80c248dd5eb3,93f3ccb3183f7adeb376f5e4,Spa/Massage
80c248dd5eb3,93f3ccb3183f7adeb376f5e4,Thang máy
80c248dd5eb3,93f3ccb3183f7adeb376f5e4,Đưa đón Sân bay
80c248dd5eb3,944ce0f8f2dc6e94f621be96,Bể bơi ngoài trời
80c248dd5eb3,944ce0f8f2dc6e94f621be96,Bể bơi trong nhà
80c248dd5eb3,944ce0f8f2dc6e94f621be96,Wifi miễn phí
80c248dd5eb3,944ce0f8f2dc6e94f621be96,Ăn sáng miễn phí
80c248dd5eb3,944ce0f8f2dc6e94f621be96,Cho thuê xe
80c248dd5eb3,944ce0f8f2dc6e94f621be96,Chỗ đỗ xe
80c248dd5eb3,944ce0f8f2dc6e94f621be96,Dịch vụ hội họp
80c248dd5eb3,944ce0f8f2dc6e94f621be96,Giặt là quần áo
80c248dd5eb3,944ce0f8f2dc6e94f621be96,Nhà hàng - Ẩm thực
80c248dd5eb3,944ce0f8f2dc6e94f621be96,Phòng hút thuốc
80c248dd5eb3,944ce0f8f2dc6e94f621be96,Phòng tập thể dục
80c248dd5eb3,944ce0f8f2dc6e94f621be96,Quán Bar
80c248dd5eb3,944ce0f8f2dc6e94f621be96,Quầy Hàng Lưu Niệm
80c248dd5eb3,944ce0f8f2dc6e94f621be96,Quầy đặt tour du lịch
80c248dd5eb3,944ce0f8f2dc6e94f621be96,Spa/Massage
80c248dd5eb3,944ce0f8f2dc6e94f621be96,Thang máy
80c248dd5eb3,944ce0f8f2dc6e94f621be96,Đưa đón Sân bay
80c248dd5eb3,98f13555f6834a906b61bc58,Bể bơi ngoài trời
80c248dd5eb3,98f13555f6834a906b61bc58,Wifi miễn phí
80c248dd5eb3,98f13555f6834a906b61bc58,Ăn sáng miễn phí
80c248dd5eb3,98f13555f6834a906b61bc58,Chỗ đỗ xe
80c248dd5eb3,98f13555f6834a906b61bc58,Dịch vụ hội họp
80c248dd5eb3,98f13555f6834a906b61bc58,Giặt là quần áo
80c248dd5eb3,98f13555f6834a906b61bc58,Nhà hàng - Ẩm thực
80c248dd5eb3,98f13555f6834a906b61bc58,Phòng tập thể dục
80c248dd5eb3,98f13555f6834a906b61bc58,Quán Bar
80c248dd5eb3,98f13555f6834a906b61bc58,Quán café
80c248dd5eb3,98f13555f6834a906b61bc58,Spa/Massage
80c248dd5eb3,98f13555f6834a906b61bc58,Thang máy
80c248dd5eb3,99e06c3202abc02c00193f91,Bể bơi ngoài trời
80c248dd5eb3,99e06c3202abc02c00193f91,Wifi miễn phí
80c248dd5eb3,99e06c3202abc02c00193f91,Ăn sáng miễn phí
80c248dd5eb3,99e06c3202abc02c00193f91,Cho thuê xe
80c248dd5eb3,99e06c3202abc02c00193f91,Chỗ đỗ xe
80c248dd5eb3,99e06c3202abc02c00193f91,Giặt là quần áo
80c248dd5eb3,99e06c3202abc02c00193f91,Nhà hàng - Ẩm thực
80c248dd5eb3,99e06c3202abc02c00193f91,Quán Bar
80c248dd5eb3,99e06c3202abc02c00193f91,Quầy đặt tour du lịch
80c248dd5eb3,99e06c3202abc02c00193f91,Spa/Massage
80c248dd5eb3,99e06c3202abc02c00193f91,Xe Bus ra Trung tâm
80c248dd5eb3,9a232885418132c73a13ee3f,Bể bơi ngoài trời
80c248dd5eb3,9a232885418132c73a13ee3f,Wifi miễn phí
80c248dd5eb3,9a232885418132c73a13ee3f,Ăn sáng miễn phí
80c248dd5eb3,9a232885418132c73a13ee3f,Chăm sóc sắc đẹp
80c248dd5eb3,9a232885418132c73a13ee3f,Cho thuê xe
80c248dd5eb3,9a232885418132c73a13ee3f,Chỗ đỗ xe
80c248dd5eb3,9a232885418132c73a13ee3f,Dịch vụ hội họp
80c248dd5eb3,9a232885418132c73a13ee3f,Dịch vụ phòng
80c248dd5eb3,9a232885418132c73a13ee3f,Giặt là quần áo
80c248dd5eb3,9a232885418132c73a13ee3f,Hội Nghị & Tiệc Cưới
80c248dd5eb3,9a232885418132c73a13ee3f,Lễ tân phục vụ 24h
80c248dd5eb3,9a232885418132c73a13ee3f,Nhà hàng - Ẩm thực
80c248dd5eb3,9a232885418132c73a13ee3f,Phòng tập thể dục
80c248dd5eb3,9a232885418132c73a13ee3f,Quán Bar
80c248dd5eb3,9a232885418132c73a13ee3f,Quầy đặt tour du lịch
80c248dd5eb3,9a232885418132c73a13ee3f,Sân golf
80c248dd5eb3,9a232885418132c73a13ee3f,Spa/Massage
80c248dd5eb3,9a232885418132c73a13ee3f,Đưa đón Sân bay
80c248dd5eb3,9a5bdd9d6eb1c61e6cd8e6ea,Bể bơi ngoài trời
80c248dd5eb3,9a5bdd9d6eb1c61e6cd8e6ea,Wifi miễn phí
80c248dd5eb3,9a5bdd9d6eb1c61e6cd8e6ea,Ăn sáng miễn phí
80c248dd5eb3,9a5bdd9d6eb1c61e6cd8e6ea,Cho thuê xe
80c248dd5eb3,9a5bdd9d6eb1c61e6cd8e6ea,Chỗ đỗ xe
80c248dd5eb3,9a5bdd9d6eb1c61e6cd8e6ea,Dịch vụ hội họp
80c248dd5eb3,9a5bdd9d6eb1c61e6cd8e6ea,Giặt là quần áo
80c248dd5eb3,9a5bdd9d6eb1c61e6cd8e6ea,Karaoke
80c248dd5eb3,9a5bdd9d6eb1c61e6cd8e6ea,"Khu vực gửi đồ đạc, hành lý"
80c248dd5eb3,9a5bdd9d6eb1c61e6cd8e6ea,Nhà hàng - Ẩm thực
80c248dd5eb3,9a5bdd9d6eb1c61e6cd8e6ea,Phòng tập thể dục
80c248dd5eb3,9a5bdd9d6eb1c61e6cd8e6ea,Quán Bar
80c248dd5eb3,9a5bdd9d6eb1c61e6cd8e6ea,Quán café
80c248dd5eb3,9a5bdd9d6eb1c61e6cd8e6ea,Quầy Billard
80c248dd5eb3,9a5bdd9d6eb1c61e6cd8e6ea,Quầy đặt tour du lịch
80c248dd5eb3,9a5bdd9d6eb1c61e6cd8e6ea,Sân tennis
80c248dd5eb3,9a5bdd9d6eb1c61e6cd8e6ea,Sân vườn
80c248dd5eb3,9a5bdd9d6eb1c61e6cd8e6ea,Spa/Massage
80c248dd5eb3,9a5bdd9d6eb1c61e6cd8e6ea,Thang máy
80c248dd5eb3,9be2d8f878d2aee3747f880e,Bể bơi ngoài trời
80c248dd5eb3,9be2d8f878d2aee3747f880e,Wifi miễn phí
80c248dd5eb3,9be2d8f878d2aee3747f880e,Ăn sáng miễn phí
80c248dd5eb3,9be2d8f878d2aee3747f880e,Bàn làm việc
80c248dd5eb3,9be2d8f878d2aee3747f880e,Bồn tắm và vòi sen
80c248dd5eb3,9be2d8f878d2aee3747f880e,Cho thuê xe
80c248dd5eb3,9be2d8f878d2aee3747f880e,Chỗ đỗ xe
80c248dd5eb3,9be2d8f878d2aee3747f880e,Dịch vụ hội họp
80c248dd5eb3,9be2d8f878d2aee3747f880e,Dịch vụ phòng
80c248dd5eb3,9be2d8f878d2aee3747f880e,Giặt là quần áo
80c248dd5eb3,9be2d8f878d2aee3747f880e,"Khu vực gửi đồ đạc, hành lý"
80c248dd5eb3,9be2d8f878d2aee3747f880e,Lễ tân phục vụ 24h
80c248dd5eb3,9be2d8f878d2aee3747f880e,Máy lạnh
80c248dd5eb3,9be2d8f878d2aee3747f880e,Người vận chuyển hành lý
80c248dd5eb3,9be2d8f878d2aee3747f880e,Nhà hàng - Ẩm thực
80c248dd5eb3,9be2d8f878d2aee3747f880e,Nước nóng - lạnh
80c248dd5eb3,9be2d8f878d2aee3747f880e,Phòng hút thuốc
80c248dd5eb3,9be2d8f878d2aee3747f880e,Phòng tắm
80c248dd5eb3,9be2d8f878d2aee3747f880e,Phòng tập thể dục
80c248dd5eb3,9be2d8f878d2aee3747f880e,Phục vụ phòng 24/24h
80c248dd5eb3,9be2d8f878d2aee3747f880e,Quán Bar
80c248dd5eb3,9be2d8f878d2aee3747f880e,Quầy đặt tour du lịch
80c248dd5eb3,9be2d8f878d2aee3747f880e,Spa
80c248dd5eb3,9be2d8f878d2aee3747f880e,Spa/Massage
80c248dd5eb3,9be2d8f878d2aee3747f880e,Thang máy
80c248dd5eb3,9be2d8f878d2aee3747f880e,Truyền hình cáp
80c248dd5eb3,9be2d8f878d2aee3747f880e,Wifi
80c248dd5eb3,9be2d8f878d2aee3747f880e,Đưa đón Sân bay
80c248dd5eb3,9be2d8f878d2aee3747f880e,Đường dành cho xe lăn
80c248dd5eb3,9ce6261dd135f1654dca54c7,Bể bơi ngoài trời
80c248dd5eb3,9ce6261dd135f1654dca54c7,Wifi miễn phí
80c248dd5eb3,9ce6261dd135f1654dca54c7,Ăn sáng miễn phí
80c248dd5eb3,9ce6261dd135f1654dca54c7,Chăm sóc sắc đẹp
80c248dd5eb3,9ce6261dd135f1654dca54c7,Cho thuê xe
80c248dd5eb3,9ce6261dd135f1654dca54c7,Chỗ đỗ xe
80c248dd5eb3,9ce6261dd135f1654dca54c7,Cửa hàng mua sắm
80c248dd5eb3,9ce6261dd135f1654dca54c7,Dịch vụ hội họp
80c248dd5eb3,9ce6261dd135f1654dca54c7,Dịch vụ phòng
80c248dd5eb3,9ce6261dd135f1654dca54c7,Giặt là quần áo
80c248dd5eb3,9ce6261dd135f1654dca54c7,Hội Nghị & Tiệc Cưới
80c248dd5eb3,9ce6261dd135f1654dca54c7,"Khu vực gửi đồ đạc, hành lý"
80c248dd5eb3,9ce6261dd135f1654dca54c7,Lễ tân phục vụ 24h
80c248dd5eb3,9ce6261dd135f1654dca54c7,Máy lạnh
80c248dd5eb3,9ce6261dd135f1654dca54c7,Người vận chuyển hành lý
80c248dd5eb3,9ce6261dd135f1654dca54c7,Nhà hàng - Ẩm thực
80c248dd5eb3,9ce6261dd135f1654dca54c7,Phòng tập thể dục
80c248dd5eb3,9ce6261dd135f1654dca54c7,Phục vụ ăn tại phòng
80c248dd5eb3,9ce6261dd135f1654dca54c7,Quán Bar
80c248dd5eb3,9ce6261dd135f1654dca54c7,Quán café
80c248dd5eb3,9ce6261dd135f1654dca54c7,Quầy đặt tour du lịch
80c248dd5eb3,9ce6261dd135f1654dca54c7,Thang máy
80c248dd5eb3,9ce6261dd135f1654dca54c7,Thu đổi ngoại tệ
80c248dd5eb3,9ce6261dd135f1654dca54c7,Xe Bus ra Trung tâm
80c248dd5eb3,9ce6261dd135f1654dca54c7,Đưa đón Sân bay
80c248dd5eb3,9d262720296ff5b1782131f0,Bãi biển riêng
80c248dd5eb3,9d262720296ff5b1782131f0,Bể bơi ngoài trời
80c248dd5eb3,9d262720296ff5b1782131f0,Wifi miễn phí
80c248dd5eb3,9d262720296ff5b1782131f0,Ăn sáng miễn phí
80c248dd5eb3,9d262720296ff5b1782131f0,Chỗ đỗ xe
80c248dd5eb3,9d262720296ff5b1782131f0,Dịch vụ BBQ
80c248dd5eb3,9d262720296ff5b1782131f0,Dịch vụ hội họp
80c248dd5eb3,9d262720296ff5b1782131f0,Giặt là quần áo
80c248dd5eb3,9d262720296ff5b1782131f0,Khu vực vui chơi trẻ em
80c248dd5eb3,9d262720296ff5b1782131f0,Nhà hàng - Ẩm thực
80c248dd5eb3,9d262720296ff5b1782131f0,Quán Bar
80c248dd5eb3,9d262720296ff5b1782131f0,Spa/Massage
80c248dd5eb3,9d7b909fd0d349cfd36f379f,Bể bơi ngoài trời
80c248dd5eb3,9d7b909fd0d349cfd36f379f,Wifi miễn phí
80c248dd5eb3,9d7b909fd0d349cfd36f379f,Ăn sáng miễn phí
80c248dd5eb3,9d7b909fd0d349cfd36f379f,Cho thuê xe
80c248dd5eb3,9d7b909fd0d349cfd36f379f,Chỗ đỗ xe
80c248dd5eb3,9d7b909fd0d349cfd36f379f,Dịch vụ hội họp
80c248dd5eb3,9d7b909fd0d349cfd36f379f,Giặt là quần áo
80c248dd5eb3,9d7b909fd0d349cfd36f379f,Nhà hàng - Ẩm thực
80c248dd5eb3,9d7b909fd0d349cfd36f379f,Phòng tập thể dục
80c248dd5eb3,9d7b909fd0d349cfd36f379f,Quán Bar
80c248dd5eb3,9d7b909fd0d349cfd36f379f,Quán café
80c248dd5eb3,9d7b909fd0d349cfd36f379f,Quầy đặt tour du lịch
80c248dd5eb3,9d7b909fd0d349cfd36f379f,Spa/Massage
80c248dd5eb3,9d7b909fd0d349cfd36f379f,Thang máy
80c248dd5eb3,9d7b909fd0d349cfd36f379f,Đưa đón Sân bay
80c248dd5eb3,9e6dea79b716fc61b0042449,Wifi miễn phí
80c248dd5eb3,9e6dea79b716fc61b0042449,Ăn sáng miễn phí
80c248dd5eb3,9e6dea79b716fc61b0042449,Cho thuê xe
80c248dd5eb3,9e6dea79b716fc61b0042449,Chỗ đỗ xe
80c248dd5eb3,9e6dea79b716fc61b0042449,Dịch vụ trông trẻ
80c248dd5eb3,9e6dea79b716fc61b0042449,Dịch vụ hội họp
80c248dd5eb3,9e6dea79b716fc61b0042449,Giặt là quần áo
80c248dd5eb3,9e6dea79b716fc61b0042449,Nhà hàng - Ẩm thực
80c248dd5eb3,9e6dea79b716fc61b0042449,Phòng tập thể dục
80c248dd5eb3,9e6dea79b716fc61b0042449,Quầy đặt tour du lịch
80c248dd5eb3,9e6dea79b716fc61b0042449,Thang máy
80c248dd5eb3,9e6dea79b716fc61b0042449,Đưa đón Sân bay
80c248dd5eb3,9eeb95ae6b2847063a774ad7,Bể bơi ngoài trời
80c248dd5eb3,9eeb95ae6b2847063a774ad7,Wifi miễn phí
80c248dd5eb3,9eeb95ae6b2847063a774ad7,Ăn sáng miễn phí
80c248dd5eb3,9eeb95ae6b2847063a774ad7,Chỗ đỗ xe
80c248dd5eb3,9eeb95ae6b2847063a774ad7,Dịch vụ hội họp
80c248dd5eb3,9eeb95ae6b2847063a774ad7,Nhà hàng - Ẩm thực
80c248dd5eb3,9eeb95ae6b2847063a774ad7,Phòng tập thể dục
80c248dd5eb3,9eeb95ae6b2847063a774ad7,Spa/Massage
80c248dd5eb3,9f9b216becd68d8417e1b9d1,Bãi biển riêng
80c248dd5eb3,9f9b216becd68d8417e1b9d1,Bể bơi ngoài trời
80c248dd5eb3,9f9b216becd68d8417e1b9d1,Wifi miễn phí
80c248dd5eb3,9f9b216becd68d8417e1b9d1,Ăn sáng miễn phí
80c248dd5eb3,9f9b216becd68d8417e1b9d1,Dịch vụ trông trẻ
80c248dd5eb3,9f9b216becd68d8417e1b9d1,Dịch vụ hội họp
80c248dd5eb3,9f9b216becd68d8417e1b9d1,Giặt là quần áo
80c248dd5eb3,9f9b216becd68d8417e1b9d1,Khu vực vui chơi trẻ em
80c248dd5eb3,9f9b216becd68d8417e1b9d1,Nhà hàng - Ẩm thực
80c248dd5eb3,9f9b216becd68d8417e1b9d1,Quán Bar
80c248dd5eb3,9f9b216becd68d8417e1b9d1,Sân tennis
80c248dd5eb3,9f9b216becd68d8417e1b9d1,Spa/Massage
80c248dd5eb3,9fdd7e1b4176db651db3d333,Wifi miễn phí
80c248dd5eb3,9fdd7e1b4176db651db3d333,Ăn sáng miễn phí
80c248dd5eb3,9fdd7e1b4176db651db3d333,Chỗ đỗ xe
80c248dd5eb3,9fdd7e1b4176db651db3d333,Giặt là quần áo
80c248dd5eb3,9fdd7e1b4176db651db3d333,Lễ tân phục vụ 24h
80c248dd5eb3,9fdd7e1b4176db651db3d333,Nhà hàng - Ẩm thực
80c248dd5eb3,9fdd7e1b4176db651db3d333,Quán café
80c248dd5eb3,9fdd7e1b4176db651db3d333,Quầy Hàng Lưu Niệm
80c248dd5eb3,9fdd7e1b4176db651db3d333,Thang máy
80c248dd5eb3,9fdd7e1b4176db651db3d333,Đưa đón Sân bay
80c248dd5eb3,a002ae88dd60ceb2b90c2f5b,Bãi biển riêng
80c248dd5eb3,a002ae88dd60ceb2b90c2f5b,Bể bơi ngoài trời
80c248dd5eb3,a002ae88dd60ceb2b90c2f5b,Wifi miễn phí
80c248dd5eb3,a002ae88dd60ceb2b90c2f5b,Ăn sáng miễn phí
80c248dd5eb3,a002ae88dd60ceb2b90c2f5b,Bồn tắm và vòi sen
80c248dd5eb3,a002ae88dd60ceb2b90c2f5b,Chỗ đỗ xe
80c248dd5eb3,a002ae88dd60ceb2b90c2f5b,Dịch vụ hội họp
80c248dd5eb3,a002ae88dd60ceb2b90c2f5b,Giặt là quần áo
80c248dd5eb3,a002ae88dd60ceb2b90c2f5b,Lễ tân phục vụ 24h
80c248dd5eb3,a002ae88dd60ceb2b90c2f5b,Máy lạnh
80c248dd5eb3,a002ae88dd60ceb2b90c2f5b,Nhà hàng - Ẩm thực
80c248dd5eb3,a002ae88dd60ceb2b90c2f5b,Nước nóng - lạnh
80c248dd5eb3,a002ae88dd60ceb2b90c2f5b,Phòng tắm
80c248dd5eb3,a002ae88dd60ceb2b90c2f5b,Phòng tập thể dục
80c248dd5eb3,a002ae88dd60ceb2b90c2f5b,Quán Bar
80c248dd5eb3,a002ae88dd60ceb2b90c2f5b,Spa
80c248dd5eb3,a002ae88dd60ceb2b90c2f5b,Spa/Massage
80c248dd5eb3,a002ae88dd60ceb2b90c2f5b,Wifi
80c248dd5eb3,a0a7a34ae1b94a0a197d5c58,Bãi biển riêng
80c248dd5eb3,a0a7a34ae1b94a0a197d5c58,Bể bơi ngoài trời
80c248dd5eb3,a0a7a34ae1b94a0a197d5c58,Wifi miễn phí
80c248dd5eb3,a0a7a34ae1b94a0a197d5c58,Ăn sáng miễn phí
80c248dd5eb3,a0a7a34ae1b94a0a197d5c58,Cho thuê xe
80c248dd5eb3,a0a7a34ae1b94a0a197d5c58,Chỗ đỗ xe
80c248dd5eb3,a0a7a34ae1b94a0a197d5c58,Dịch vụ hội họp
80c248dd5eb3,a0a7a34ae1b94a0a197d5c58,Giặt là quần áo
80c248dd5eb3,a0a7a34ae1b94a0a197d5c58,Khu vực vui chơi trẻ em
80c248dd5eb3,a0a7a34ae1b94a0a197d5c58,Nhà hàng - Ẩm thực
80c248dd5eb3,a0a7a34ae1b94a0a197d5c58,Phòng hút thuốc
80c248dd5eb3,a0a7a34ae1b94a0a197d5c58,Phòng tập thể dục
80c248dd5eb3,a0a7a34ae1b94a0a197d5c58,Quán Bar
80c248dd5eb3,a0a7a34ae1b94a0a197d5c58,Quầy đặt tour du lịch
80c248dd5eb3,a0a7a34ae1b94a0a197d5c58,Spa/Massage
80c248dd5eb3,a0a7a34ae1b94a0a197d5c58,Thang máy
80c248dd5eb3,a0a7a34ae1b94a0a197d5c58,Đưa đón Sân bay
80c248dd5eb3,a33f73f2ee29ef8baaec7ed0,Bể bơi ngoài trời
80c248dd5eb3,a33f73f2ee29ef8baaec7ed0,Wifi miễn phí
80c248dd5eb3,a33f73f2ee29ef8baaec7ed0,Dịch vụ BBQ
80c248dd5eb3,a419297c24b5ba029b2a4a1a,Bể bơi ngoài trời
80c248dd5eb3,a419297c24b5ba029b2a4a1a,Wifi miễn phí
80c248dd5eb3,a419297c24b5ba029b2a4a1a,Ăn sáng miễn phí
80c248dd5eb3,a419297c24b5ba029b2a4a1a,Cho thuê xe
80c248dd5eb3,a419297c24b5ba029b2a4a1a,Chỗ đỗ xe
80c248dd5eb3,a419297c24b5ba029b2a4a1a,Dịch vụ hội họp
80c248dd5eb3,a419297c24b5ba029b2a4a1a,Giặt là quần áo
80c248dd5eb3,a419297c24b5ba029b2a4a1a,Nhà hàng - Ẩm thực
80c248dd5eb3,a419297c24b5ba029b2a4a1a,Phòng tập thể dục
80c248dd5eb3,a419297c24b5ba029b2a4a1a,Quán Bar
80c248dd5eb3,a419297c24b5ba029b2a4a1a,Thang máy
80c248dd5eb3,a419297c24b5ba029b2a4a1a,Đưa đón Sân bay
80c248dd5eb3,a45e41b180002aca53abe27d,Bể bơi ngoài trời
80c248dd5eb3,a45e41b180002aca53abe27d,Wifi miễn phí
80c248dd5eb3,a45e41b180002aca53abe27d,Ăn sáng miễn phí
80c248dd5eb3,a45e41b180002aca53abe27d,Cho thuê xe
80c248dd5eb3,a45e41b180002aca53abe27d,Chỗ đỗ xe
80c248dd5eb3,a45e41b180002aca53abe27d,Dịch vụ hội họp
80c248dd5eb3,a45e41b180002aca53abe27d,Giặt là quần áo
80c248dd5eb3,a45e41b180002aca53abe27d,Karaoke
80c248dd5eb3,a45e41b180002aca53abe27d,Nhà hàng - Ẩm thực
80c248dd5eb3,a45e41b180002aca53abe27d,Quán Bar
80c248dd5eb3,a45e41b180002aca53abe27d,Quầy đặt tour du lịch
80c248dd5eb3,a45e41b180002aca53abe27d,Spa/Massage
80c248dd5eb3,a45e41b180002aca53abe27d,Thang máy
80c248dd5eb3,a5fddac11792447edc645d12,Wifi miễn phí
80c248dd5eb3,a5fddac11792447edc645d12,Ăn sáng miễn phí
80c248dd5eb3,a5fddac11792447edc645d12,Giặt là quần áo
80c248dd5eb3,a5fddac11792447edc645d12,Nhà hàng - Ẩm thực
80c248dd5eb3,a5fddac11792447edc645d12,Phòng tập thể dục
80c248dd5eb3,a5fddac11792447edc645d12,Quán Bar
80c248dd5eb3,a5fddac11792447edc645d12,Quán café
80c248dd5eb3,a72d29021d13d694934d1be6,Bể bơi ngoài trời
80c248dd5eb3,a72d29021d13d694934d1be6,Wifi miễn phí
80c248dd5eb3,a72d29021d13d694934d1be6,Ăn sáng miễn phí
80c248dd5eb3,a72d29021d13d694934d1be6,Cho thuê xe
80c248dd5eb3,a72d29021d13d694934d1be6,Chỗ đỗ xe
80c248dd5eb3,a72d29021d13d694934d1be6,Dịch vụ hội họp
80c248dd5eb3,a72d29021d13d694934d1be6,Giặt là quần áo
80c248dd5eb3,a72d29021d13d694934d1be6,Karaoke
80c248dd5eb3,a72d29021d13d694934d1be6,Nhà hàng - Ẩm thực
80c248dd5eb3,a72d29021d13d694934d1be6,Phòng tập thể dục
80c248dd5eb3,a72d29021d13d694934d1be6,Quán Bar
80c248dd5eb3,a72d29021d13d694934d1be6,Quán café
80c248dd5eb3,a72d29021d13d694934d1be6,Quầy đặt tour du lịch
80c248dd5eb3,a72d29021d13d694934d1be6,Spa/Massage
80c248dd5eb3,a72d29021d13d694934d1be6,Thang máy
80c248dd5eb3,a72d29021d13d694934d1be6,Đưa đón Sân bay
80c248dd5eb3,a8e2e6b46104f1b2dfc94833,Dịch vụ BBQ
80c248dd5eb3,a930fc470f6f262779958a7a,Bể bơi ngoài trời
80c248dd5eb3,a930fc470f6f262779958a7a,Wifi miễn phí
80c248dd5eb3,a930fc470f6f262779958a7a,Ăn sáng miễn phí
80c248dd5eb3,a930fc470f6f262779958a7a,Chỗ đỗ xe
80c248dd5eb3,a930fc470f6f262779958a7a,Dịch vụ hội họp
80c248dd5eb3,a930fc470f6f262779958a7a,Giặt là quần áo
80c248dd5eb3,a930fc470f6f262779958a7a,Nhà hàng - Ẩm thực
80c248dd5eb3,a930fc470f6f262779958a7a,Quán Bar
80c248dd5eb3,a930fc470f6f262779958a7a,Spa/Massage
80c248dd5eb3,a930fc470f6f262779958a7a,Thang máy
80c248dd5eb3,a930fc470f6f262779958a7a,Đưa đón Sân bay
80c248dd5eb3,aafc8061e515b13785e903a2,Bể bơi ngoài trời
80c248dd5eb3,aafc8061e515b13785e903a2,Wifi miễn phí
80c248dd5eb3,aafc8061e515b13785e903a2,Ăn sáng miễn phí
80c248dd5eb3,aafc8061e515b13785e903a2,Chỗ đỗ xe
80c248dd5eb3,aafc8061e515b13785e903a2,Giặt là quần áo
80c248dd5eb3,aafc8061e515b13785e903a2,Nhà hàng - Ẩm thực
80c248dd5eb3,aafc8061e515b13785e903a2,Quán Bar
80c248dd5eb3,aafc8061e515b13785e903a2,Quán café
80c248dd5eb3,aafc8061e515b13785e903a2,Đưa đón Sân bay
80c248dd5eb3,ab26d85f066b09aa26f1311e,Bể bơi ngoài trời
80c248dd5eb3,ab26d85f066b09aa26f1311e,Wifi miễn phí
80c248dd5eb3,ab26d85f066b09aa26f1311e,Ăn sáng miễn phí
80c248dd5eb3,ab26d85f066b09aa26f1311e,Cho thuê xe
80c248dd5eb3,ab26d85f066b09aa26f1311e,Chỗ đỗ xe
80c248dd5eb3,ab26d85f066b09aa26f1311e,Dịch vụ BBQ
80c248dd5eb3,ab26d85f066b09aa26f1311e,Dịch vụ hội họp
80c248dd5eb3,ab26d85f066b09aa26f1311e,Giặt là quần áo
80c248dd5eb3,ab26d85f066b09aa26f1311e,"Khu vực gửi đồ đạc, hành lý"
80c248dd5eb3,ab26d85f066b09aa26f1311e,Nhà hàng - Ẩm thực
80c248dd5eb3,ab26d85f066b09aa26f1311e,Phòng tập thể dục
80c248dd5eb3,ab26d85f066b09aa26f1311e,Quán Bar
80c248dd5eb3,ab26d85f066b09aa26f1311e,Quán café
80c248dd5eb3,ab26d85f066b09aa26f1311e,Quầy đặt tour du lịch
80c248dd5eb3,ab26d85f066b09aa26f1311e,Spa/Massage
80c248dd5eb3,ab26d85f066b09aa26f1311e,Thang máy
80c248dd5eb3,ab26d85f066b09aa26f1311e,Đưa đón Sân bay
80c248dd5eb3,ab843b77bc65d3438eba12de,Bãi biển riêng
80c248dd5eb3,ab843b77bc65d3438eba12de,Bể bơi ngoài trời
80c248dd5eb3,ab843b77bc65d3438eba12de,Wifi miễn phí
80c248dd5eb3,ab843b77bc65d3438eba12de,Ăn sáng miễn phí
80c248dd5eb3,ab843b77bc65d3438eba12de,Chỗ đỗ xe
80c248dd5eb3,ab843b77bc65d3438eba12de,Dịch vụ trông trẻ
80c248dd5eb3,ab843b77bc65d3438eba12de,Dịch vụ BBQ
80c248dd5eb3,ab843b77bc65d3438eba12de,Dịch vụ hội họp
80c248dd5eb3,ab843b77bc65d3438eba12de,Giặt là quần áo
80c248dd5eb3,ab843b77bc65d3438eba12de,Khu vực vui chơi trẻ em
80c248dd5eb3,ab843b77bc65d3438eba12de,Máy lạnh
80c248dd5eb3,ab843b77bc65d3438eba12de,Nhà hàng - Ẩm thực
80c248dd5eb3,ab843b77bc65d3438eba12de,Phòng tập thể dục
80c248dd5eb3,ab843b77bc65d3438eba12de,Quán Bar
80c248dd5eb3,ab843b77bc65d3438eba12de,Sân tennis
80c248dd5eb3,ab843b77bc65d3438eba12de,Sân vườn
80c248dd5eb3,ab843b77bc65d3438eba12de,Spa
80c248dd5eb3,ab843b77bc65d3438eba12de,Spa/Massage
80c248dd5eb3,ab843b77bc65d3438eba12de,Thang máy
80c248dd5eb3,ab843b77bc65d3438eba12de,Wifi
80c248dd5eb3,ab843b77bc65d3438eba12de,Đưa đón Sân bay
80c248dd5eb3,acd378223ef67155cf64ab56,Bể bơi trong nhà
80c248dd5eb3,acd378223ef67155cf64ab56,Wifi miễn phí
80c248dd5eb3,acd378223ef67155cf64ab56,Ăn sáng miễn phí
80c248dd5eb3,acd378223ef67155cf64ab56,Dịch vụ hội họp
80c248dd5eb3,acd378223ef67155cf64ab56,Khu vực vui chơi trẻ em
80c248dd5eb3,acd378223ef67155cf64ab56,Nhà hàng - Ẩm thực
80c248dd5eb3,acd378223ef67155cf64ab56,Phòng hút thuốc
80c248dd5eb3,acd378223ef67155cf64ab56,Phòng tập thể dục
80c248dd5eb3,acd378223ef67155cf64ab56,Quán Bar
80c248dd5eb3,acd378223ef67155cf64ab56,Quán café
80c248dd5eb3,acd378223ef67155cf64ab56,Spa/Massage
80c248dd5eb3,acd378223ef67155cf64ab56,Thang máy
80c248dd5eb3,ad27511cab22865bfc6b3250,Bể bơi ngoài trời
80c248dd5eb3,ad27511cab22865bfc6b3250,Bể bơi trong nhà
80c248dd5eb3,ad27511cab22865bfc6b3250,Wifi miễn phí
80c248dd5eb3,ad27511cab22865bfc6b3250,Ăn sáng miễn phí
80c248dd5eb3,ad27511cab22865bfc6b3250,Bàn làm việc
80c248dd5eb3,ad27511cab22865bfc6b3250,Bồn tắm và vòi sen
80c248dd5eb3,ad27511cab22865bfc6b3250,Chăm sóc sắc đẹp
80c248dd5eb3,ad27511cab22865bfc6b3250,Cho thuê xe
80c248dd5eb3,ad27511cab22865bfc6b3250,Chỗ đỗ xe
80c248dd5eb3,ad27511cab22865bfc6b3250,Dịch vụ BBQ
80c248dd5eb3,ad27511cab22865bfc6b3250,"Khu vực gửi đồ đạc, hành lý"
80c248dd5eb3,ad27511cab22865bfc6b3250,Lễ tân phục vụ 24h
80c248dd5eb3,ad27511cab22865bfc6b3250,Máy lạnh
80c248dd5eb3,ad27511cab22865bfc6b3250,Người vận chuyển hành lý
80c248dd5eb3,ad27511cab22865bfc6b3250,Nhà hàng - Ẩm thực
80c248dd5eb3,ad27511cab22865bfc6b3250,Nước nóng - lạnh
80c248dd5eb3,ad27511cab22865bfc6b3250,Phòng tắm
80c248dd5eb3,ad27511cab22865bfc6b3250,Phục vụ phòng 24/24h
80c248dd5eb3,ad27511cab22865bfc6b3250,Quán Bar
80c248dd5eb3,ad27511cab22865bfc6b3250,Sân tennis
80c248dd5eb3,ad27511cab22865bfc6b3250,Spa
80c248dd5eb3,ad27511cab22865bfc6b3250,Spa/Massage
80c248dd5eb3,ad27511cab22865bfc6b3250,Thang máy
80c248dd5eb3,ad27511cab22865bfc6b3250,Truyền hình cáp
80c248dd5eb3,ad27511cab22865bfc6b3250,Wifi
80c248dd5eb3,ad27511cab22865bfc6b3250,Đưa đón Sân bay
80c248dd5eb3,ada6832ee8d5818964f4fa57,Bể bơi ngoài trời
80c248dd5eb3,ada6832ee8d5818964f4fa57,Wifi miễn phí
80c248dd5eb3,ada6832ee8d5818964f4fa57,Ăn sáng miễn phí
80c248dd5eb3,ada6832ee8d5818964f4fa57,Cho thuê xe
80c248dd5eb3,ada6832ee8d5818964f4fa57,Chỗ đỗ xe
80c248dd5eb3,ada6832ee8d5818964f4fa57,Dịch vụ hội họp
80c248dd5eb3,ada6832ee8d5818964f4fa57,Dịch vụ phòng
80c248dd5eb3,ada6832ee8d5818964f4fa57,Giặt là quần áo
80c248dd5eb3,ada6832ee8d5818964f4fa57,Lễ tân phục vụ 24h
80c248dd5eb3,ada6832ee8d5818964f4fa57,Nhà hàng - Ẩm thực
80c248dd5eb3,ada6832ee8d5818964f4fa57,Phòng tập thể dục
80c248dd5eb3,ada6832ee8d5818964f4fa57,Quán Bar
80c248dd5eb3,ada6832ee8d5818964f4fa57,Quán café
80c248dd5eb3,ada6832ee8d5818964f4fa57,Quầy đặt tour du lịch
80c248dd5eb3,ada6832ee8d5818964f4fa57,Spa/Massage
80c248dd5eb3,ada6832ee8d5818964f4fa57,Thang máy
80c248dd5eb3,ada6832ee8d5818964f4fa57,Đưa đón Sân bay
80c248dd5eb3,ae1b39f487749deccf81154e,Bể bơi ngoài trời
80c248dd5eb3,ae1b39f487749deccf81154e,Bể bơi trong nhà
80c248dd5eb3,ae1b39f487749deccf81154e,Wifi miễn phí
80c248dd5eb3,ae1b39f487749deccf81154e,Ăn sáng miễn phí
80c248dd5eb3,ae1b39f487749deccf81154e,Bàn làm việc
80c248dd5eb3,ae1b39f487749deccf81154e,Bể bơi vô cực
80c248dd5eb3,ae1b39f487749deccf81154e,Bồn tắm và vòi sen
80c248dd5eb3,ae1b39f487749deccf81154e,Cho thuê xe
80c248dd5eb3,ae1b39f487749deccf81154e,Chỗ đỗ xe
80c248dd5eb3,ae1b39f487749deccf81154e,Dịch vụ BBQ
80c248dd5eb3,ae1b39f487749deccf81154e,Dịch vụ hội họp
80c248dd5eb3,ae1b39f487749deccf81154e,Dịch vụ phòng
80c248dd5eb3,ae1b39f487749deccf81154e,Giặt là quần áo
80c248dd5eb3,ae1b39f487749deccf81154e,Hệ thống báo cháy tự động
80c248dd5eb3,ae1b39f487749deccf81154e,Hội Nghị & Tiệc Cưới
80c248dd5eb3,ae1b39f487749deccf81154e,Karaoke
80c248dd5eb3,ae1b39f487749deccf81154e,"Khu vực gửi đồ đạc, hành lý"
80c248dd5eb3,ae1b39f487749deccf81154e,Lễ tân phục vụ 24h
80c248dd5eb3,ae1b39f487749deccf81154e,Máy lạnh
80c248dd5eb3,ae1b39f487749deccf81154e,Mini bar
80c248dd5eb3,ae1b39f487749deccf81154e,Nhà hàng - Ẩm thực
80c248dd5eb3,ae1b39f487749deccf81154e,Nước nóng - lạnh
80c248dd5eb3,ae1b39f487749deccf81154e,Phòng tập thể dục
80c248dd5eb3,ae1b39f487749deccf81154e,Phòng Xông Hơi
80c248dd5eb3,ae1b39f487749deccf81154e,Quán Bar
80c248dd5eb3,ae1b39f487749deccf81154e,Quán café
80c248dd5eb3,ae1b39f487749deccf81154e,Quầy đặt tour du lịch
80c248dd5eb3,ae1b39f487749deccf81154e,Spa
80c248dd5eb3,ae1b39f487749deccf81154e,Spa/Massage
80c248dd5eb3,ae1b39f487749deccf81154e,Thang máy
80c248dd5eb3,ae1b39f487749deccf81154e,Truyền hình cáp
80c248dd5eb3,ae1b39f487749deccf81154e,Xông hơi khô
80c248dd5eb3,ae1b39f487749deccf81154e,Đưa đón Sân bay
80c248dd5eb3,ae355c74108af80d90c3c5f7,Bãi biển riêng
80c248dd5eb3,ae355c74108af80d90c3c5f7,Bể bơi ngoài trời
80c248dd5eb3,ae355c74108af80d90c3c5f7,Wifi miễn phí
80c248dd5eb3,ae355c74108af80d90c3c5f7,Ăn sáng miễn phí
80c248dd5eb3,ae355c74108af80d90c3c5f7,Chỗ đỗ xe
80c248dd5eb3,ae355c74108af80d90c3c5f7,Dịch vụ hội họp
80c248dd5eb3,ae355c74108af80d90c3c5f7,Giặt là quần áo
80c248dd5eb3,ae355c74108af80d90c3c5f7,Khu vực vui chơi trẻ em
80c248dd5eb3,ae355c74108af80d90c3c5f7,Nhà hàng - Ẩm thực
80c248dd5eb3,ae355c74108af80d90c3c5f7,Phòng tập thể dục
80c248dd5eb3,ae355c74108af80d90c3c5f7,Quán Bar
80c248dd5eb3,ae355c74108af80d90c3c5f7,Quán café
80c248dd5eb3,ae355c74108af80d90c3c5f7,Quầy đặt tour du lịch
80c248dd5eb3,ae355c74108af80d90c3c5f7,Sân golf
80c248dd5eb3,ae355c74108af80d90c3c5f7,Spa/Massage
80c248dd5eb3,ae7fe656e286af20aaaf32e0,Bãi biển riêng
80c248dd5eb3,ae7fe656e286af20aaaf32e0,Bể bơi ngoài trời
80c248dd5eb3,ae7fe656e286af20aaaf32e0,Wifi miễn phí
80c248dd5eb3,ae7fe656e286af20aaaf32e0,Ăn sáng miễn phí
80c248dd5eb3,ae7fe656e286af20aaaf32e0,Cho thuê xe
80c248dd5eb3,ae7fe656e286af20aaaf32e0,Chỗ đỗ xe
80c248dd5eb3,ae7fe656e286af20aaaf32e0,Dịch vụ BBQ
80c248dd5eb3,ae7fe656e286af20aaaf32e0,Dịch vụ hội họp
80c248dd5eb3,ae7fe656e286af20aaaf32e0,Karaoke
80c248dd5eb3,ae7fe656e286af20aaaf32e0,Nhà hàng - Ẩm thực
80c248dd5eb3,ae7fe656e286af20aaaf32e0,Phòng tập thể dục
80c248dd5eb3,ae7fe656e286af20aaaf32e0,Quán Bar
80c248dd5eb3,ae7fe656e286af20aaaf32e0,Quán café
80c248dd5eb3,ae7fe656e286af20aaaf32e0,Quầy đặt tour du lịch
80c248dd5eb3,ae7fe656e286af20aaaf32e0,Sân tennis
80c248dd5eb3,ae7fe656e286af20aaaf32e0,Spa/Massage
80c248dd5eb3,ae7fe656e286af20aaaf32e0,Thang máy
80c248dd5eb3,b186b02d348c37d8414291e7,Bãi biển riêng
80c248dd5eb3,b186b02d348c37d8414291e7,Bể bơi ngoài trời
80c248dd5eb3,b186b02d348c37d8414291e7,Wifi miễn phí
80c248dd5eb3,b186b02d348c37d8414291e7,Ăn sáng miễn phí
80c248dd5eb3,b186b02d348c37d8414291e7,Cho thuê xe
80c248dd5eb3,b186b02d348c37d8414291e7,Chỗ đỗ xe
80c248dd5eb3,b186b02d348c37d8414291e7,Dịch vụ trông trẻ
80c248dd5eb3,b186b02d348c37d8414291e7,Dịch vụ hội họp
80c248dd5eb3,b186b02d348c37d8414291e7,Giặt là quần áo
80c248dd5eb3,b186b02d348c37d8414291e7,Khu vực vui chơi trẻ em
80c248dd5eb3,b186b02d348c37d8414291e7,Nhà hàng - Ẩm thực
80c248dd5eb3,b186b02d348c37d8414291e7,Phòng hút thuốc
80c248dd5eb3,b186b02d348c37d8414291e7,Phòng tập thể dục
80c248dd5eb3,b186b02d348c37d8414291e7,Quán Bar
80c248dd5eb3,b186b02d348c37d8414291e7,Quán café
80c248dd5eb3,b186b02d348c37d8414291e7,Quầy Hàng Lưu Niệm
80c248dd5eb3,b186b02d348c37d8414291e7,Quầy đặt tour du lịch
80c248dd5eb3,b186b02d348c37d8414291e7,Sân golf
80c248dd5eb3,b186b02d348c37d8414291e7,Sân tennis
80c248dd5eb3,b186b02d348c37d8414291e7,Spa/Massage
80c248dd5eb3,b186b02d348c37d8414291e7,Thang máy
80c248dd5eb3,b186b02d348c37d8414291e7,Đưa đón Sân bay
80c248dd5eb3,b186b02d348c37d8414291e7,Đường dành cho xe lăn
80c248dd5eb3,b45e0e00a1296b1eb2c1a24a,Bãi biển riêng
80c248dd5eb3,b45e0e00a1296b1eb2c1a24a,Bể bơi ngoài trời
80c248dd5eb3,b45e0e00a1296b1eb2c1a24a,Wifi miễn phí
80c248dd5eb3,b45e0e00a1296b1eb2c1a24a,Ăn sáng miễn phí
80c248dd5eb3,b45e0e00a1296b1eb2c1a24a,Chỗ đỗ xe
80c248dd5eb3,b45e0e00a1296b1eb2c1a24a,Dịch vụ hội họp
80c248dd5eb3,b45e0e00a1296b1eb2c1a24a,Khu vực vui chơi trẻ em
80c248dd5eb3,b45e0e00a1296b1eb2c1a24a,Nhà hàng - Ẩm thực
80c248dd5eb3,b45e0e00a1296b1eb2c1a24a,Phòng hút thuốc
80c248dd5eb3,b45e0e00a1296b1eb2c1a24a,Phòng tập thể dục
80c248dd5eb3,b45e0e00a1296b1eb2c1a24a,Quán Bar
80c248dd5eb3,b45e0e00a1296b1eb2c1a24a,Quán café
80c248dd5eb3,b45e0e00a1296b1eb2c1a24a,Quầy Billard
80c248dd5eb3,b45e0e00a1296b1eb2c1a24a,Quầy đặt tour du lịch
80c248dd5eb3,b45e0e00a1296b1eb2c1a24a,Spa/Massage
80c248dd5eb3,b4a94048dda375c215f6f795,Wifi miễn phí
80c248dd5eb3,b4a94048dda375c215f6f795,Ăn sáng miễn phí
80c248dd5eb3,b4a94048dda375c215f6f795,Bàn làm việc
80c248dd5eb3,b4a94048dda375c215f6f795,Cho thuê xe
80c248dd5eb3,b4a94048dda375c215f6f795,Chỗ đỗ xe
80c248dd5eb3,b4a94048dda375c215f6f795,"Khu vực gửi đồ đạc, hành lý"
80c248dd5eb3,b4a94048dda375c215f6f795,Lễ tân phục vụ 24h
80c248dd5eb3,b4a94048dda375c215f6f795,Máy lạnh
80c248dd5eb3,b4a94048dda375c215f6f795,Người vận chuyển hành lý
80c248dd5eb3,b4a94048dda375c215f6f795,Nhà hàng - Ẩm thực
80c248dd5eb3,b4a94048dda375c215f6f795,Nước nóng - lạnh
80c248dd5eb3,b4a94048dda375c215f6f795,Phòng hút thuốc
80c248dd5eb3,b4a94048dda375c215f6f795,Phục vụ phòng 24/24h
80c248dd5eb3,b4a94048dda375c215f6f795,Quán Bar
80c248dd5eb3,b4a94048dda375c215f6f795,Thang máy
80c248dd5eb3,b4a94048dda375c215f6f795,Truyền hình cáp
80c248dd5eb3,b4a94048dda375c215f6f795,Wifi
80c248dd5eb3,b4a94048dda375c215f6f795,Đưa đón Sân bay
80c248dd5eb3,b6738e59b347b3fc1f657671,Bãi biển riêng
80c248dd5eb3,b6738e59b347b3fc1f657671,Bể bơi ngoài trời
80c248dd5eb3,b6738e59b347b3fc1f657671,Wifi miễn phí
80c248dd5eb3,b6738e59b347b3fc1f657671,Ăn sáng miễn phí
80c248dd5eb3,b6738e59b347b3fc1f657671,Chỗ đỗ xe
80c248dd5eb3,b6738e59b347b3fc1f657671,Dịch vụ hội họp
80c248dd5eb3,b6738e59b347b3fc1f657671,Giặt là quần áo
80c248dd5eb3,b6738e59b347b3fc1f657671,Khu vực vui chơi trẻ em
80c248dd5eb3,b6738e59b347b3fc1f657671,Nhà hàng - Ẩm thực
80c248dd5eb3,b6738e59b347b3fc1f657671,Phòng tập thể dục
80c248dd5eb3,b6738e59b347b3fc1f657671,Quán Bar
80c248dd5eb3,b6738e59b347b3fc1f657671,Spa/Massage
80c248dd5eb3,b6738e59b347b3fc1f657671,Đưa đón Sân bay
80c248dd5eb3,b732e10ed1048eb8e5490117,Bãi biển riêng
80c248dd5eb3,b732e10ed1048eb8e5490117,Bể bơi ngoài trời
80c248dd5eb3,b732e10ed1048eb8e5490117,Wifi miễn phí
80c248dd5eb3,b732e10ed1048eb8e5490117,Ăn sáng miễn phí
80c248dd5eb3,b732e10ed1048eb8e5490117,Dịch vụ BBQ
80c248dd5eb3,b732e10ed1048eb8e5490117,Dịch vụ hội họp
80c248dd5eb3,b732e10ed1048eb8e5490117,Khu vực vui chơi trẻ em
80c248dd5eb3,b732e10ed1048eb8e5490117,Nhà hàng - Ẩm thực
80c248dd5eb3,b732e10ed1048eb8e5490117,Phòng tập thể dục
80c248dd5eb3,b732e10ed1048eb8e5490117,Quán Bar
80c248dd5eb3,b732e10ed1048eb8e5490117,Quán café
80c248dd5eb3,b732e10ed1048eb8e5490117,Spa/Massage
80c248dd5eb3,b732e10ed1048eb8e5490117,Xe Bus ra Trung tâm
80c248dd5eb3,b732e10ed1048eb8e5490117,Đưa đón Sân bay
80c248dd5eb3,b893362b559eb5046965f365,Bãi biển riêng
80c248dd5eb3,b893362b559eb5046965f365,Bể bơi ngoài trời
80c248dd5eb3,b893362b559eb5046965f365,Wifi miễn phí
80c248dd5eb3,b893362b559eb5046965f365,Ăn sáng miễn phí
80c248dd5eb3,b893362b559eb5046965f365,Cho thuê xe
80c248dd5eb3,b893362b559eb5046965f365,Chỗ đỗ xe
80c248dd5eb3,b893362b559eb5046965f365,Dịch vụ hội họp
80c248dd5eb3,b893362b559eb5046965f365,Giặt là quần áo
80c248dd5eb3,b893362b559eb5046965f365,Khu vực vui chơi trẻ em
80c248dd5eb3,b893362b559eb5046965f365,Nhà hàng - Ẩm thực
80c248dd5eb3,b893362b559eb5046965f365,Quán Bar
80c248dd5eb3,b893362b559eb5046965f365,Quán café
80c248dd5eb3,b893362b559eb5046965f365,Quầy đặt tour du lịch
80c248dd5eb3,b893362b559eb5046965f365,Spa/Massage
80c248dd5eb3,b893362b559eb5046965f365,Thang máy
80c248dd5eb3,b893362b559eb5046965f365,Đưa đón Sân bay
80c248dd5eb3,bb2fbeba3cfd147a83d2319a,Bể bơi ngoài trời
80c248dd5eb3,bb2fbeba3cfd147a83d2319a,Wifi miễn phí
80c248dd5eb3,bb2fbeba3cfd147a83d2319a,Ăn sáng miễn phí
80c248dd5eb3,bb2fbeba3cfd147a83d2319a,Bồn tắm và vòi sen
80c248dd5eb3,bb2fbeba3cfd147a83d2319a,Cho thuê xe
80c248dd5eb3,bb2fbeba3cfd147a83d2319a,Chỗ đỗ xe
80c248dd5eb3,bb2fbeba3cfd147a83d2319a,Dịch vụ trông trẻ
80c248dd5eb3,bb2fbeba3cfd147a83d2319a,Dịch vụ hội họp
80c248dd5eb3,bb2fbeba3cfd147a83d2319a,Dịch vụ phòng
80c248dd5eb3,bb2fbeba3cfd147a83d2319a,Giặt là quần áo
80c248dd5eb3,bb2fbeba3cfd147a83d2319a,Hệ thống báo cháy tự động
80c248dd5eb3,bb2fbeba3cfd147a83d2319a,Khu vực vui chơi trẻ em
80c248dd5eb3,bb2fbeba3cfd147a83d2319a,Lễ tân phục vụ 24h
80c248dd5eb3,bb2fbeba3cfd147a83d2319a,Máy lạnh
80c248dd5eb3,bb2fbeba3cfd147a83d2319a,Nhà hàng - Ẩm thực
80c248dd5eb3,bb2fbeba3cfd147a83d2319a,Nước nóng - lạnh
80c248dd5eb3,bb2fbeba3cfd147a83d2319a,Phòng hút thuốc
80c248dd5eb3,bb2fbeba3cfd147a83d2319a,Phòng tập thể dục
80c248dd5eb3,bb2fbeba3cfd147a83d2319a,Phòng tiện nghi cho khách khuyết tật
80c248dd5eb3,bb2fbeba3cfd147a83d2319a,Quán Bar
80c248dd5eb3,bb2fbeba3cfd147a83d2319a,Quán café
80c248dd5eb3,bb2fbeba3cfd147a83d2319a,Quầy Billard
80c248dd5eb3,bb2fbeba3cfd147a83d2319a,Quầy đặt tour du lịch
80c248dd5eb3,bb2fbeba3cfd147a83d2319a,Sân vườn
80c248dd5eb3,bb2fbeba3cfd147a83d2319a,Spa
80c248dd5eb3,bb2fbeba3cfd147a83d2319a,Spa/Massage
80c248dd5eb3,bb2fbeba3cfd147a83d2319a,Thang máy
80c248dd5eb3,bb2fbeba3cfd147a83d2319a,Villa
80c248dd5eb3,bb2fbeba3cfd147a83d2319a,Vườn
80c248dd5eb3,bb2fbeba3cfd147a83d2319a,Xông hơi khô
80c248dd5eb3,bb2fbeba3cfd147a83d2319a,Đưa đón Sân bay
80c248dd5eb3,bc8f1054a7b076b4cf5bf9d8,Bể bơi trong nhà
80c248dd5eb3,bc8f1054a7b076b4cf5bf9d8,Wifi miễn phí
80c248dd5eb3,bc8f1054a7b076b4cf5bf9d8,Ăn sáng miễn phí
80c248dd5eb3,bc8f1054a7b076b4cf5bf9d8,Cho thuê xe
80c248dd5eb3,bc8f1054a7b076b4cf5bf9d8,Chỗ đỗ xe
80c248dd5eb3,bc8f1054a7b076b4cf5bf9d8,Nhà hàng - Ẩm thực
80c248dd5eb3,bc8f1054a7b076b4cf5bf9d8,Quán Bar
80c248dd5eb3,bc8f1054a7b076b4cf5bf9d8,Quán café
80c248dd5eb3,bc8f1054a7b076b4cf5bf9d8,Spa/Massage
80c248dd5eb3,bf5be34b6469440c0f128c25,Bãi biển riêng
80c248dd5eb3,bf5be34b6469440c0f128c25,Bể bơi ngoài trời
80c248dd5eb3,bf5be34b6469440c0f128c25,Wifi miễn phí
80c248dd5eb3,bf5be34b6469440c0f128c25,Ăn sáng miễn phí
80c248dd5eb3,bf5be34b6469440c0f128c25,Câu cá
80c248dd5eb3,bf5be34b6469440c0f128c25,Cho thuê xe
80c248dd5eb3,bf5be34b6469440c0f128c25,Chỗ đỗ xe
80c248dd5eb3,bf5be34b6469440c0f128c25,Giặt là quần áo
80c248dd5eb3,bf5be34b6469440c0f128c25,Khu vực vui chơi trẻ em
80c248dd5eb3,bf5be34b6469440c0f128c25,Nhà hàng - Ẩm thực
80c248dd5eb3,bf5be34b6469440c0f128c25,Phòng hút thuốc
80c248dd5eb3,bf5be34b6469440c0f128c25,Phòng tập thể dục
80c248dd5eb3,bf5be34b6469440c0f128c25,Quán Bar
80c248dd5eb3,bf5be34b6469440c0f128c25,Quán café
80c248dd5eb3,bf5be34b6469440c0f128c25,Quầy đặt tour du lịch
80c248dd5eb3,bf5be34b6469440c0f128c25,Spa/Massage
80c248dd5eb3,bf5be34b6469440c0f128c25,Đưa đón Sân bay
80c248dd5eb3,bf5be34b6469440c0f128c25,Đường dành cho xe lăn
80c248dd5eb3,c1061314cfc471c7f6400cc7,Bể bơi ngoài trời
80c248dd5eb3,c1061314cfc471c7f6400cc7,Wifi miễn phí
80c248dd5eb3,c1061314cfc471c7f6400cc7,Ăn sáng miễn phí
80c248dd5eb3,c1061314cfc471c7f6400cc7,Chỗ đỗ xe
80c248dd5eb3,c1061314cfc471c7f6400cc7,Giặt là quần áo
80c248dd5eb3,c1061314cfc471c7f6400cc7,Nhà hàng - Ẩm thực
80c248dd5eb3,c1061314cfc471c7f6400cc7,Thang máy
80c248dd5eb3,c1abd84212f6871398ce14dc,Bãi biển riêng
80c248dd5eb3,c1abd84212f6871398ce14dc,Bể bơi ngoài trời
80c248dd5eb3,c1abd84212f6871398ce14dc,Wifi miễn phí
80c248dd5eb3,c1abd84212f6871398ce14dc,Ăn sáng miễn phí
80c248dd5eb3,c1abd84212f6871398ce14dc,Dịch vụ BBQ
80c248dd5eb3,c1abd84212f6871398ce14dc,Dịch vụ hội họp
80c248dd5eb3,c1abd84212f6871398ce14dc,Giặt là quần áo
80c248dd5eb3,c1abd84212f6871398ce14dc,Karaoke
80c248dd5eb3,c1abd84212f6871398ce14dc,Khu vực vui chơi trẻ em
80c248dd5eb3,c1abd84212f6871398ce14dc,Nhà hàng - Ẩm thực
80c248dd5eb3,c1abd84212f6871398ce14dc,Phòng tập thể dục
80c248dd5eb3,c1abd84212f6871398ce14dc,Quán Bar
80c248dd5eb3,c1abd84212f6871398ce14dc,Quầy Billard
80c248dd5eb3,c1abd84212f6871398ce14dc,Quầy Hàng Lưu Niệm
80c248dd5eb3,c1abd84212f6871398ce14dc,Quầy đặt tour du lịch
80c248dd5eb3,c1abd84212f6871398ce14dc,Spa/Massage
80c248dd5eb3,c1abd84212f6871398ce14dc,Thang máy
80c248dd5eb3,c1abd84212f6871398ce14dc,Đường dành cho xe lăn
80c248dd5eb3,c251907cf77882ce81d83f34,Bãi biển riêng
80c248dd5eb3,c251907cf77882ce81d83f34,Bể bơi ngoài trời
80c248dd5eb3,c251907cf77882ce81d83f34,Bể bơi trong nhà
80c248dd5eb3,c251907cf77882ce81d83f34,Ăn sáng miễn phí
80c248dd5eb3,c251907cf77882ce81d83f34,Chỗ đỗ xe
80c248dd5eb3,c251907cf77882ce81d83f34,Dịch vụ hội họp
80c248dd5eb3,c251907cf77882ce81d83f34,Giặt là quần áo
80c248dd5eb3,c251907cf77882ce81d83f34,Karaoke
80c248dd5eb3,c251907cf77882ce81d83f34,Khu vực vui chơi trẻ em
80c248dd5eb3,c251907cf77882ce81d83f34,Nhà hàng - Ẩm thực
80c248dd5eb3,c251907cf77882ce81d83f34,Phòng hút thuốc
80c248dd5eb3,c251907cf77882ce81d83f34,Phòng tập thể dục
80c248dd5eb3,c251907cf77882ce81d83f34,Quán Bar
80c248dd5eb3,c251907cf77882ce81d83f34,Quán café
80c248dd5eb3,c251907cf77882ce81d83f34,Quầy đặt tour du lịch
80c248dd5eb3,c251907cf77882ce81d83f34,Spa/Massage
80c248dd5eb3,c251907cf77882ce81d83f34,Thang máy
80c248dd5eb3,c251907cf77882ce81d83f34,Đưa đón Sân bay
80c248dd5eb3,c2702fba916283b16e1e003e,Bể bơi trong nhà
80c248dd5eb3,c2702fba916283b16e1e003e,Wifi miễn phí
80c248dd5eb3,c2702fba916283b16e1e003e,Ăn sáng miễn phí
80c248dd5eb3,c2702fba916283b16e1e003e,Bàn làm việc
80c248dd5eb3,c2702fba916283b16e1e003e,Bồn tắm và vòi sen
80c248dd5eb3,c2702fba916283b16e1e003e,Câu cá
80c248dd5eb3,c2702fba916283b16e1e003e,Cho thuê xe
80c248dd5eb3,c2702fba916283b16e1e003e,Chỗ đỗ xe
80c248dd5eb3,c2702fba916283b16e1e003e,Cửa số cách âm
80c248dd5eb3,c2702fba916283b16e1e003e,Dịch vụ trông trẻ
80c248dd5eb3,c2702fba916283b16e1e003e,Dịch vụ hội họp
80c248dd5eb3,c2702fba916283b16e1e003e,Dịch vụ phòng
80c248dd5eb3,c2702fba916283b16e1e003e,Giặt là quần áo
80c248dd5eb3,c2702fba916283b16e1e003e,Hệ thống báo cháy tự động
80c248dd5eb3,c2702fba916283b16e1e003e,"Khu vực gửi đồ đạc, hành lý"
80c248dd5eb3,c2702fba916283b16e1e003e,Lễ tân phục vụ 24h
80c248dd5eb3,c2702fba916283b16e1e003e,Máy lạnh
80c248dd5eb3,c2702fba916283b16e1e003e,Mini bar
80c248dd5eb3,c2702fba916283b16e1e003e,Nhà hàng - Ẩm thực
80c248dd5eb3,c2702fba916283b16e1e003e,Nước nóng - lạnh
80c248dd5eb3,c2702fba916283b16e1e003e,Phòng hút thuốc
80c248dd5eb3,c2702fba916283b16e1e003e,Phòng tắm
80c248dd5eb3,c2702fba916283b16e1e003e,Phòng tập thể dục
80c248dd5eb3,c2702fba916283b16e1e003e,Phòng tiện nghi cho khách khuyết tật
80c248dd5eb3,c2702fba916283b16e1e003e,Phòng Xông Hơi
80c248dd5eb3,c2702fba916283b16e1e003e,Quán Bar
80c248dd5eb3,c2702fba916283b16e1e003e,Quán café
80c248dd5eb3,c2702fba916283b16e1e003e,Quầy đặt tour du lịch
80c248dd5eb3,c2702fba916283b16e1e003e,Sân vườn
80c248dd5eb3,c2702fba916283b16e1e003e,Spa
80c248dd5eb3,c2702fba916283b16e1e003e,Spa/Massage
80c248dd5eb3,c2702fba916283b16e1e003e,Thang máy
80c248dd5eb3,c2702fba916283b16e1e003e,Thu đổi ngoại tệ
80c248dd5eb3,c2702fba916283b16e1e003e,Vườn
80c248dd5eb3,c2702fba916283b16e1e003e,Wifi
80c248dd5eb3,c32478a64131b3bda1598bbc,Wifi miễn phí
80c248dd5eb3,c32478a64131b3bda1598bbc,Ăn sáng miễn phí
80c248dd5eb3,c32478a64131b3bda1598bbc,Chỗ đỗ xe
80c248dd5eb3,c32478a64131b3bda1598bbc,Nhà hàng - Ẩm thực
80c248dd5eb3,c32478a64131b3bda1598bbc,Quầy đặt tour du lịch
80c248dd5eb3,c32478a64131b3bda1598bbc,Spa/Massage
80c248dd5eb3,c32478a64131b3bda1598bbc,Thang máy
80c248dd5eb3,c42baea393a3443398d28673,Wifi miễn phí
80c248dd5eb3,c42baea393a3443398d28673,Ăn sáng miễn phí
80c248dd5eb3,c42baea393a3443398d28673,Bàn làm việc
80c248dd5eb3,c42baea393a3443398d28673,Cho thuê xe
80c248dd5eb3,c42baea393a3443398d28673,Chỗ đỗ xe
80c248dd5eb3,c42baea393a3443398d28673,Giặt là quần áo
80c248dd5eb3,c42baea393a3443398d28673,Karaoke
80c248dd5eb3,c42baea393a3443398d28673,"Khu vực gửi đồ đạc, hành lý"
80c248dd5eb3,c42baea393a3443398d28673,Lễ tân phục vụ 24h
80c248dd5eb3,c42baea393a3443398d28673,Máy lạnh
80c248dd5eb3,c42baea393a3443398d28673,Mini bar
80c248dd5eb3,c42baea393a3443398d28673,Nhà hàng - Ẩm thực
80c248dd5eb3,c42baea393a3443398d28673,Nước nóng - lạnh
80c248dd5eb3,c42baea393a3443398d28673,Phòng tắm
80c248dd5eb3,c42baea393a3443398d28673,Phục vụ phòng 24/24h
80c248dd5eb3,c42baea393a3443398d28673,Quán café
80c248dd5eb3,c42baea393a3443398d28673,Spa
80c248dd5eb3,c42baea393a3443398d28673,Spa/Massage
80c248dd5eb3,c42baea393a3443398d28673,Thang máy
80c248dd5eb3,c42baea393a3443398d28673,Truyền hình cáp
80c248dd5eb3,c42baea393a3443398d28673,Wifi
80c248dd5eb3,c42baea393a3443398d28673,Đưa đón Sân bay
80c248dd5eb3,c48db4db29725aea9f7664c0,Bể bơi ngoài trời
80c248dd5eb3,c48db4db29725aea9f7664c0,Wifi miễn phí
80c248dd5eb3,c48db4db29725aea9f7664c0,Ăn sáng miễn phí
80c248dd5eb3,c48db4db29725aea9f7664c0,Bồn tắm và vòi sen
80c248dd5eb3,c48db4db29725aea9f7664c0,Chỗ đỗ xe
80c248dd5eb3,c48db4db29725aea9f7664c0,Dịch vụ trông trẻ
80c248dd5eb3,c48db4db29725aea9f7664c0,Dịch vụ phòng
80c248dd5eb3,c48db4db29725aea9f7664c0,Giặt là quần áo
80c248dd5eb3,c48db4db29725aea9f7664c0,"Khu vực gửi đồ đạc, hành lý"
80c248dd5eb3,c48db4db29725aea9f7664c0,Khu vực vui chơi trẻ em
80c248dd5eb3,c48db4db29725aea9f7664c0,Lễ tân phục vụ 24h
80c248dd5eb3,c48db4db29725aea9f7664c0,Máy lạnh
80c248dd5eb3,c48db4db29725aea9f7664c0,Mini bar
80c248dd5eb3,c48db4db29725aea9f7664c0,Nhà hàng - Ẩm thực
80c248dd5eb3,c48db4db29725aea9f7664c0,Nước nóng - lạnh
80c248dd5eb3,c48db4db29725aea9f7664c0,Phòng tập thể dục
80c248dd5eb3,c48db4db29725aea9f7664c0,Quán Bar
80c248dd5eb3,c48db4db29725aea9f7664c0,Quán café
80c248dd5eb3,c48db4db29725aea9f7664c0,Quầy lưu niệm
80c248dd5eb3,c48db4db29725aea9f7664c0,Spa/Massage
80c248dd5eb3,c48db4db29725aea9f7664c0,Thang máy
80c248dd5eb3,c48db4db29725aea9f7664c0,Wifi
80c248dd5eb3,c48db4db29725aea9f7664c0,Đưa đón Sân bay
80c248dd5eb3,c56fcc8d1fdca1c836771f2e,Bể bơi ngoài trời
80c248dd5eb3,c56fcc8d1fdca1c836771f2e,Wifi miễn phí
80c248dd5eb3,c56fcc8d1fdca1c836771f2e,Ăn sáng miễn phí
80c248dd5eb3,c56fcc8d1fdca1c836771f2e,Chỗ đỗ xe
80c248dd5eb3,c56fcc8d1fdca1c836771f2e,Dịch vụ hội họp
80c248dd5eb3,c56fcc8d1fdca1c836771f2e,Giặt là quần áo
80c248dd5eb3,c56fcc8d1fdca1c836771f2e,Nhà hàng - Ẩm thực
80c248dd5eb3,c56fcc8d1fdca1c836771f2e,Quầy Hàng Lưu Niệm
80c248dd5eb3,c56fcc8d1fdca1c836771f2e,Quầy đặt tour du lịch
80c248dd5eb3,c56fcc8d1fdca1c836771f2e,Spa/Massage
80c248dd5eb3,c56fcc8d1fdca1c836771f2e,Thang máy
80c248dd5eb3,c56fcc8d1fdca1c836771f2e,Đưa đón Sân bay
80c248dd5eb3,c7316f4d6fd4885d518a4bf1,Bể bơi ngoài trời
80c248dd5eb3,c7316f4d6fd4885d518a4bf1,Wifi miễn phí
80c248dd5eb3,c7316f4d6fd4885d518a4bf1,Ăn sáng miễn phí
80c248dd5eb3,c7316f4d6fd4885d518a4bf1,Chỗ đỗ xe
80c248dd5eb3,c7316f4d6fd4885d518a4bf1,Cửa số cách âm
80c248dd5eb3,c7316f4d6fd4885d518a4bf1,Dịch vụ BBQ
80c248dd5eb3,c7316f4d6fd4885d518a4bf1,Dịch vụ hội họp
80c248dd5eb3,c7316f4d6fd4885d518a4bf1,Dịch vụ phòng
80c248dd5eb3,c7316f4d6fd4885d518a4bf1,Hội Nghị & Tiệc Cưới
80c248dd5eb3,c7316f4d6fd4885d518a4bf1,Karaoke
80c248dd5eb3,c7316f4d6fd4885d518a4bf1,Lễ tân phục vụ 24h
80c248dd5eb3,c7316f4d6fd4885d518a4bf1,Nhà hàng - Ẩm thực
80c248dd5eb3,c7316f4d6fd4885d518a4bf1,Phòng tập thể dục
80c248dd5eb3,c7316f4d6fd4885d518a4bf1,Phòng tiện nghi cho khách khuyết tật
80c248dd5eb3,c7316f4d6fd4885d518a4bf1,Quán café
80c248dd5eb3,c7316f4d6fd4885d518a4bf1,Spa/Massage
80c248dd5eb3,c7316f4d6fd4885d518a4bf1,Thang máy
80c248dd5eb3,c7316f4d6fd4885d518a4bf1,Đưa đón Sân bay
80c248dd5eb3,c7316f4d6fd4885d518a4bf1,Đường dành cho xe lăn
80c248dd5eb3,c732806bad45c0be959c1254,Bể bơi ngoài trời
80c248dd5eb3,c732806bad45c0be959c1254,Wifi miễn phí
80c248dd5eb3,c732806bad45c0be959c1254,Ăn sáng miễn phí
80c248dd5eb3,c732806bad45c0be959c1254,Cho thuê xe
80c248dd5eb3,c732806bad45c0be959c1254,Chỗ đỗ xe
80c248dd5eb3,c732806bad45c0be959c1254,Dịch vụ BBQ
80c248dd5eb3,c732806bad45c0be959c1254,Dịch vụ hội họp
80c248dd5eb3,c732806bad45c0be959c1254,Giặt là quần áo
80c248dd5eb3,c732806bad45c0be959c1254,Karaoke
80c248dd5eb3,c732806bad45c0be959c1254,Nhà hàng - Ẩm thực
80c248dd5eb3,c732806bad45c0be959c1254,Phòng hút thuốc
80c248dd5eb3,c732806bad45c0be959c1254,Phòng tập thể dục
80c248dd5eb3,c732806bad45c0be959c1254,Quán Bar
80c248dd5eb3,c732806bad45c0be959c1254,Quầy đặt tour du lịch
80c248dd5eb3,c732806bad45c0be959c1254,Thang máy
80c248dd5eb3,c732806bad45c0be959c1254,Đưa đón Sân bay
80c248dd5eb3,c85aa08a011ad8347fc79290,Bể bơi trong nhà
80c248dd5eb3,c85aa08a011ad8347fc79290,Wifi miễn phí
80c248dd5eb3,c85aa08a011ad8347fc79290,Ăn sáng miễn phí
80c248dd5eb3,c85aa08a011ad8347fc79290,Chỗ đỗ xe
80c248dd5eb3,c85aa08a011ad8347fc79290,Dịch vụ hội họp
80c248dd5eb3,c85aa08a011ad8347fc79290,Giặt là quần áo
80c248dd5eb3,c85aa08a011ad8347fc79290,Nhà hàng - Ẩm thực
80c248dd5eb3,c85aa08a011ad8347fc79290,Phòng tập thể dục
80c248dd5eb3,c85aa08a011ad8347fc79290,Quán Bar
80c248dd5eb3,c85aa08a011ad8347fc79290,Quán café
80c248dd5eb3,c85aa08a011ad8347fc79290,Quầy đặt tour du lịch
80c248dd5eb3,c85aa08a011ad8347fc79290,Spa/Massage
80c248dd5eb3,c85aa08a011ad8347fc79290,Thang máy
80c248dd5eb3,c85aa08a011ad8347fc79290,Đưa đón Sân bay
80c248dd5eb3,c8d701875409f9201ae130e9,Bể bơi ngoài trời
80c248dd5eb3,c8d701875409f9201ae130e9,Ăn sáng miễn phí
80c248dd5eb3,c8d701875409f9201ae130e9,Chỗ đỗ xe
80c248dd5eb3,c8d701875409f9201ae130e9,Dịch vụ BBQ
80c248dd5eb3,c8d701875409f9201ae130e9,Sân golf
80c248dd5eb3,c8f8153306e86fd78feb53c7,Bể bơi ngoài trời
80c248dd5eb3,c8f8153306e86fd78feb53c7,Bể bơi trong nhà
80c248dd5eb3,c8f8153306e86fd78feb53c7,Wifi miễn phí
80c248dd5eb3,c8f8153306e86fd78feb53c7,Ăn sáng miễn phí
80c248dd5eb3,c8f8153306e86fd78feb53c7,Bàn làm việc
80c248dd5eb3,c8f8153306e86fd78feb53c7,Bồn tắm và vòi sen
80c248dd5eb3,c8f8153306e86fd78feb53c7,Chăm sóc sắc đẹp
80c248dd5eb3,c8f8153306e86fd78feb53c7,Chỗ đỗ xe
80c248dd5eb3,c8f8153306e86fd78feb53c7,Dịch vụ hội họp
80c248dd5eb3,c8f8153306e86fd78feb53c7,Giặt là quần áo
80c248dd5eb3,c8f8153306e86fd78feb53c7,Khu vực vui chơi trẻ em
80c248dd5eb3,c8f8153306e86fd78feb53c7,Lễ tân phục vụ 24h
80c248dd5eb3,c8f8153306e86fd78feb53c7,Máy lạnh
80c248dd5eb3,c8f8153306e86fd78feb53c7,Nhà hàng - Ẩm thực
80c248dd5eb3,c8f8153306e86fd78feb53c7,Nước nóng - lạnh
80c248dd5eb3,c8f8153306e86fd78feb53c7,Phòng tắm
80c248dd5eb3,c8f8153306e86fd78feb53c7,Phòng tập thể dục
80c248dd5eb3,c8f8153306e86fd78feb53c7,Phục vụ phòng 24/24h
80c248dd5eb3,c8f8153306e86fd78feb53c7,Quán Bar
80c248dd5eb3,c8f8153306e86fd78feb53c7,Quán café
80c248dd5eb3,c8f8153306e86fd78feb53c7,Spa/Massage
80c248dd5eb3,c8f8153306e86fd78feb53c7,Đưa đón Sân bay
80c248dd5eb3,cae3d84e7cf27a67f0e7ff54,Bãi biển riêng
80c248dd5eb3,cae3d84e7cf27a67f0e7ff54,Wifi miễn phí
80c248dd5eb3,cae3d84e7cf27a67f0e7ff54,Ăn sáng miễn phí
80c248dd5eb3,cae3d84e7cf27a67f0e7ff54,Chỗ đỗ xe
80c248dd5eb3,cae3d84e7cf27a67f0e7ff54,Giặt là quần áo
80c248dd5eb3,cae3d84e7cf27a67f0e7ff54,Nhà hàng - Ẩm thực
80c248dd5eb3,cae3d84e7cf27a67f0e7ff54,Quán Bar
80c248dd5eb3,cae3d84e7cf27a67f0e7ff54,Quán café
80c248dd5eb3,cae3d84e7cf27a67f0e7ff54,Quầy đặt tour du lịch
80c248dd5eb3,cae3d84e7cf27a67f0e7ff54,Spa/Massage
80c248dd5eb3,cae3d84e7cf27a67f0e7ff54,Đưa đón Sân bay
80c248dd5eb3,cd58036cb19e384f7ad5cb87,Bể bơi ngoài trời
80c248dd5eb3,cd58036cb19e384f7ad5cb87,Wifi miễn phí
80c248dd5eb3,cd58036cb19e384f7ad5cb87,Ăn sáng miễn phí
80c248dd5eb3,cd58036cb19e384f7ad5cb87,Cho thuê xe
80c248dd5eb3,cd58036cb19e384f7ad5cb87,Chỗ đỗ xe
80c248dd5eb3,cd58036cb19e384f7ad5cb87,Dịch vụ hội họp
80c248dd5eb3,cd58036cb19e384f7ad5cb87,Giặt là quần áo
80c248dd5eb3,cd58036cb19e384f7ad5cb87,Nhà hàng - Ẩm thực
80c248dd5eb3,cd58036cb19e384f7ad5cb87,Phòng hút thuốc
80c248dd5eb3,cd58036cb19e384f7ad5cb87,Phòng tập thể dục
80c248dd5eb3,cd58036cb19e384f7ad5cb87,Quán Bar
80c248dd5eb3,cd58036cb19e384f7ad5cb87,Quán café
80c248dd5eb3,cd58036cb19e384f7ad5cb87,Quầy đặt tour du lịch
80c248dd5eb3,cd58036cb19e384f7ad5cb87,Spa/Massage
80c248dd5eb3,cd58036cb19e384f7ad5cb87,Thang máy
80c248dd5eb3,ce4ac06ab4836d3acc94e729,Bãi biển riêng
80c248dd5eb3,ce4ac06ab4836d3acc94e729,Bể bơi ngoài trời
80c248dd5eb3,ce4ac06ab4836d3acc94e729,Wifi miễn phí
80c248dd5eb3,ce4ac06ab4836d3acc94e729,Ăn sáng miễn phí
80c248dd5eb3,ce4ac06ab4836d3acc94e729,Chỗ đỗ xe
80c248dd5eb3,ce4ac06ab4836d3acc94e729,Dịch vụ hội họp
80c248dd5eb3,ce4ac06ab4836d3acc94e729,Khu vực vui chơi trẻ em
80c248dd5eb3,ce4ac06ab4836d3acc94e729,Nhà hàng - Ẩm thực
80c248dd5eb3,ce4ac06ab4836d3acc94e729,Phòng tập thể dục
80c248dd5eb3,ce4ac06ab4836d3acc94e729,Quán Bar
80c248dd5eb3,ce4ac06ab4836d3acc94e729,Quán café
80c248dd5eb3,ce4ac06ab4836d3acc94e729,Quầy đặt tour du lịch
80c248dd5eb3,ce4ac06ab4836d3acc94e729,Spa/Massage
80c248dd5eb3,d18a79caab5d01dab6882419,Bể bơi ngoài trời
80c248dd5eb3,d18a79caab5d01dab6882419,Wifi miễn phí
80c248dd5eb3,d18a79caab5d01dab6882419,Ăn sáng miễn phí
80c248dd5eb3,d18a79caab5d01dab6882419,Cho thuê xe
80c248dd5eb3,d18a79caab5d01dab6882419,Chỗ đỗ xe
80c248dd5eb3,d18a79caab5d01dab6882419,Dịch vụ hội họp
80c248dd5eb3,d18a79caab5d01dab6882419,Giặt là quần áo
80c248dd5eb3,d18a79caab5d01dab6882419,Karaoke
80c248dd5eb3,d18a79caab5d01dab6882419,Khu vực vui chơi trẻ em
80c248dd5eb3,d18a79caab5d01dab6882419,Nhà hàng - Ẩm thực
80c248dd5eb3,d18a79caab5d01dab6882419,Phòng tập thể dục
80c248dd5eb3,d18a79caab5d01dab6882419,Quán Bar
80c248dd5eb3,d18a79caab5d01dab6882419,Quán café
80c248dd5eb3,d18a79caab5d01dab6882419,Spa/Massage
80c248dd5eb3,d585a3557aeecadf750346f1,Bể bơi trong nhà
80c248dd5eb3,d585a3557aeecadf750346f1,Wifi miễn phí
80c248dd5eb3,d585a3557aeecadf750346f1,Ăn sáng miễn phí
80c248dd5eb3,d585a3557aeecadf750346f1,Dịch vụ hội họp
80c248dd5eb3,d585a3557aeecadf750346f1,Giặt là quần áo
80c248dd5eb3,d585a3557aeecadf750346f1,Nhà hàng - Ẩm thực
80c248dd5eb3,d585a3557aeecadf750346f1,Phòng tập thể dục
80c248dd5eb3,d585a3557aeecadf750346f1,Quán Bar
80c248dd5eb3,d585a3557aeecadf750346f1,Quán café
80c248dd5eb3,d585a3557aeecadf750346f1,Spa/Massage
80c248dd5eb3,d585a3557aeecadf750346f1,Thang máy
80c248dd5eb3,d6df4f7842aa07e53b726a0d,Bể bơi ngoài trời
80c248dd5eb3,d6df4f7842aa07e53b726a0d,Wifi miễn phí
80c248dd5eb3,d6df4f7842aa07e53b726a0d,Ăn sáng miễn phí
80c248dd5eb3,d6df4f7842aa07e53b726a0d,Cho thuê xe
80c248dd5eb3,d6df4f7842aa07e53b726a0d,Chỗ đỗ xe
80c248dd5eb3,d6df4f7842aa07e53b726a0d,Dịch vụ BBQ
80c248dd5eb3,d6df4f7842aa07e53b726a0d,Dịch vụ hội họp
80c248dd5eb3,d6df4f7842aa07e53b726a0d,Giặt là quần áo
80c248dd5eb3,d6df4f7842aa07e53b726a0d,Nhà hàng - Ẩm thực
80c248dd5eb3,d6df4f7842aa07e53b726a0d,Quán Bar
80c248dd5eb3,d6df4f7842aa07e53b726a0d,Quán café
80c248dd5eb3,d6df4f7842aa07e53b726a0d,Quầy đặt tour du lịch
80c248dd5eb3,d6df4f7842aa07e53b726a0d,Spa/Massage
80c248dd5eb3,d6df4f7842aa07e53b726a0d,Đưa đón Sân bay
80c248dd5eb3,d7adac3857f42ad2a64a4d71,Bãi biển riêng
80c248dd5eb3,d7adac3857f42ad2a64a4d71,Bể bơi ngoài trời
80c248dd5eb3,d7adac3857f42ad2a64a4d71,Wifi miễn phí
80c248dd5eb3,d7adac3857f42ad2a64a4d71,Ăn sáng miễn phí
80c248dd5eb3,d7adac3857f42ad2a64a4d71,Chỗ đỗ xe
80c248dd5eb3,d7adac3857f42ad2a64a4d71,Dịch vụ hội họp
80c248dd5eb3,d7adac3857f42ad2a64a4d71,Giặt là quần áo
80c248dd5eb3,d7adac3857f42ad2a64a4d71,Khu vực vui chơi trẻ em
80c248dd5eb3,d7adac3857f42ad2a64a4d71,Nhà hàng - Ẩm thực
80c248dd5eb3,d7adac3857f42ad2a64a4d71,Phòng tập thể dục
80c248dd5eb3,d7adac3857f42ad2a64a4d71,Quán Bar
80c248dd5eb3,d7adac3857f42ad2a64a4d71,Quán café
80c248dd5eb3,d7adac3857f42ad2a64a4d71,Quầy Hàng Lưu Niệm
80c248dd5eb3,d7adac3857f42ad2a64a4d71,Quầy đặt tour du lịch
80c248dd5eb3,d7adac3857f42ad2a64a4d71,Spa/Massage
80c248dd5eb3,d7adac3857f42ad2a64a4d71,Thang máy
80c248dd5eb3,d7da4ff081398d87bc751eb5,Wifi miễn phí
80c248dd5eb3,d7da4ff081398d87bc751eb5,Ăn sáng miễn phí
80c248dd5eb3,d7da4ff081398d87bc751eb5,Chỗ đỗ xe
80c248dd5eb3,d7da4ff081398d87bc751eb5,Dịch vụ trông trẻ
80c248dd5eb3,d7da4ff081398d87bc751eb5,Dịch vụ BBQ
80c248dd5eb3,d7da4ff081398d87bc751eb5,Dịch vụ hội họp
80c248dd5eb3,d7da4ff081398d87bc751eb5,Giặt là quần áo
80c248dd5eb3,d7da4ff081398d87bc751eb5,Nhà hàng - Ẩm thực
80c248dd5eb3,d7da4ff081398d87bc751eb5,Quán Bar
80c248dd5eb3,d7da4ff081398d87bc751eb5,Quán café
80c248dd5eb3,d7da4ff081398d87bc751eb5,Quầy Hàng Lưu Niệm
80c248dd5eb3,d7da4ff081398d87bc751eb5,Quầy đặt tour du lịch
80c248dd5eb3,d7da4ff081398d87bc751eb5,Spa/Massage
80c248dd5eb3,d7da4ff081398d87bc751eb5,Đưa đón Sân bay
80c248dd5eb3,d948b872f3abc0d43b28a80a,Bãi biển riêng
80c248dd5eb3,d948b872f3abc0d43b28a80a,Bể bơi ngoài trời
80c248dd5eb3,d948b872f3abc0d43b28a80a,Bể bơi trong nhà
80c248dd5eb3,d948b872f3abc0d43b28a80a,Wifi miễn phí
80c248dd5eb3,d948b872f3abc0d43b28a80a,Ăn sáng miễn phí
80c248dd5eb3,d948b872f3abc0d43b28a80a,Cho thuê xe
80c248dd5eb3,d948b872f3abc0d43b28a80a,Chỗ đỗ xe
80c248dd5eb3,d948b872f3abc0d43b28a80a,Dịch vụ trông trẻ
80c248dd5eb3,d948b872f3abc0d43b28a80a,Dịch vụ hội họp
80c248dd5eb3,d948b872f3abc0d43b28a80a,Giặt là quần áo
80c248dd5eb3,d948b872f3abc0d43b28a80a,Karaoke
80c248dd5eb3,d948b872f3abc0d43b28a80a,Khu vực vui chơi trẻ em
80c248dd5eb3,d948b872f3abc0d43b28a80a,Nhà hàng - Ẩm thực
80c248dd5eb3,d948b872f3abc0d43b28a80a,Phòng tập thể dục
80c248dd5eb3,d948b872f3abc0d43b28a80a,Quán café
80c248dd5eb3,d948b872f3abc0d43b28a80a,Quầy đặt tour du lịch
80c248dd5eb3,d948b872f3abc0d43b28a80a,Spa/Massage
80c248dd5eb3,d948b872f3abc0d43b28a80a,Thang máy
80c248dd5eb3,d948b872f3abc0d43b28a80a,Đưa đón Sân bay
80c248dd5eb3,d948b872f3abc0d43b28a80a,Đường dành cho xe lăn
80c248dd5eb3,da07728107686d021a52ca12,Bể bơi ngoài trời
80c248dd5eb3,da07728107686d021a52ca12,Wifi miễn phí
80c248dd5eb3,da07728107686d021a52ca12,Ăn sáng miễn phí
80c248dd5eb3,da07728107686d021a52ca12,Chăm sóc sắc đẹp
80c248dd5eb3,da07728107686d021a52ca12,Cho thuê xe
80c248dd5eb3,da07728107686d021a52ca12,Chỗ đỗ xe
80c248dd5eb3,da07728107686d021a52ca12,Dịch vụ hội họp
80c248dd5eb3,da07728107686d021a52ca12,Giặt là quần áo
80c248dd5eb3,da07728107686d021a52ca12,"Khu vực gửi đồ đạc, hành lý"
80c248dd5eb3,da07728107686d021a52ca12,Khu vực vui chơi trẻ em
80c248dd5eb3,da07728107686d021a52ca12,Lễ tân phục vụ 24h
80c248dd5eb3,da07728107686d021a52ca12,Máy lạnh
80c248dd5eb3,da07728107686d021a52ca12,Người vận chuyển hành lý
80c248dd5eb3,da07728107686d021a52ca12,Nhà hàng - Ẩm thực
80c248dd5eb3,da07728107686d021a52ca12,Nước nóng - lạnh
80c248dd5eb3,da07728107686d021a52ca12,Phòng tắm
80c248dd5eb3,da07728107686d021a52ca12,Phòng tập thể dục
80c248dd5eb3,da07728107686d021a52ca12,Phòng Xông Hơi
80c248dd5eb3,da07728107686d021a52ca12,Phục vụ phòng 24/24h
80c248dd5eb3,da07728107686d021a52ca12,Quán Bar
80c248dd5eb3,da07728107686d021a52ca12,Quán café
80c248dd5eb3,da07728107686d021a52ca12,Quầy đặt tour du lịch
80c248dd5eb3,da07728107686d021a52ca12,Spa
80c248dd5eb3,da07728107686d021a52ca12,Spa/Massage
80c248dd5eb3,da07728107686d021a52ca12,Thang máy
80c248dd5eb3,da07728107686d021a52ca12,Truyền hình cáp
80c248dd5eb3,da07728107686d021a52ca12,Wifi
80c248dd5eb3,da07728107686d021a52ca12,Đưa đón Sân bay
80c248dd5eb3,da12481ee5fe9923126837b6,Bãi biển riêng
80c248dd5eb3,da12481ee5fe9923126837b6,Bể bơi ngoài trời
80c248dd5eb3,da12481ee5fe9923126837b6,Wifi miễn phí
80c248dd5eb3,da12481ee5fe9923126837b6,Ăn sáng miễn phí
80c248dd5eb3,da12481ee5fe9923126837b6,Cho thuê xe
80c248dd5eb3,da12481ee5fe9923126837b6,Chỗ đỗ xe
80c248dd5eb3,da12481ee5fe9923126837b6,Dịch vụ trông trẻ
80c248dd5eb3,da12481ee5fe9923126837b6,Dịch vụ hội họp
80c248dd5eb3,da12481ee5fe9923126837b6,Giặt là quần áo
80c248dd5eb3,da12481ee5fe9923126837b6,Karaoke
80c248dd5eb3,da12481ee5fe9923126837b6,Phòng hút thuốc
80c248dd5eb3,da12481ee5fe9923126837b6,Phòng tập thể dục
80c248dd5eb3,da12481ee5fe9923126837b6,Quán Bar
80c248dd5eb3,da12481ee5fe9923126837b6,Quán café
80c248dd5eb3,da12481ee5fe9923126837b6,Quầy Hàng Lưu Niệm
80c248dd5eb3,da12481ee5fe9923126837b6,Quầy đặt tour du lịch
80c248dd5eb3,da12481ee5fe9923126837b6,Spa/Massage
80c248dd5eb3,da12481ee5fe9923126837b6,Thang máy
80c248dd5eb3,da12481ee5fe9923126837b6,Đưa đón Sân bay
80c248dd5eb3,da18ca8534d6ba1d25c4b76c,Bể bơi ngoài trời
80c248dd5eb3,da18ca8534d6ba1d25c4b76c,Bể bơi trong nhà
80c248dd5eb3,da18ca8534d6ba1d25c4b76c,Wifi miễn phí
80c248dd5eb3,da18ca8534d6ba1d25c4b76c,Ăn sáng miễn phí
80c248dd5eb3,da18ca8534d6ba1d25c4b76c,Chỗ đỗ xe
80c248dd5eb3,da18ca8534d6ba1d25c4b76c,Dịch vụ hội họp
80c248dd5eb3,da18ca8534d6ba1d25c4b76c,Khu vực vui chơi trẻ em
80c248dd5eb3,da18ca8534d6ba1d25c4b76c,Nhà hàng - Ẩm thực
80c248dd5eb3,da18ca8534d6ba1d25c4b76c,Phòng tập thể dục
80c248dd5eb3,da18ca8534d6ba1d25c4b76c,Quán Bar
80c248dd5eb3,da18ca8534d6ba1d25c4b76c,Spa/Massage
80c248dd5eb3,da18ca8534d6ba1d25c4b76c,Thang máy
80c248dd5eb3,da18ca8534d6ba1d25c4b76c,Đưa đón Sân bay
80c248dd5eb3,db15d4d25c21da740fa3d055,Bãi biển riêng
80c248dd5eb3,db15d4d25c21da740fa3d055,Bể bơi ngoài trời
80c248dd5eb3,db15d4d25c21da740fa3d055,Wifi miễn phí
80c248dd5eb3,db15d4d25c21da740fa3d055,Ăn sáng miễn phí
80c248dd5eb3,db15d4d25c21da740fa3d055,Chỗ đỗ xe
80c248dd5eb3,db15d4d25c21da740fa3d055,Dịch vụ hội họp
80c248dd5eb3,db15d4d25c21da740fa3d055,Giặt là quần áo
80c248dd5eb3,db15d4d25c21da740fa3d055,Nhà hàng - Ẩm thực
80c248dd5eb3,db15d4d25c21da740fa3d055,Phòng tập thể dục
80c248dd5eb3,db15d4d25c21da740fa3d055,Quán Bar
80c248dd5eb3,db15d4d25c21da740fa3d055,Quán café
80c248dd5eb3,db15d4d25c21da740fa3d055,Spa/Massage
80c248dd5eb3,db15d4d25c21da740fa3d055,Xe Bus ra Trung tâm
80c248dd5eb3,db15d4d25c21da740fa3d055,Đưa đón Sân bay
80c248dd5eb3,dc53f81431048a5060e9b156,Bể bơi trong nhà
80c248dd5eb3,dc53f81431048a5060e9b156,Wifi miễn phí
80c248dd5eb3,dc53f81431048a5060e9b156,Ăn sáng miễn phí
80c248dd5eb3,dc53f81431048a5060e9b156,Chỗ đỗ xe
80c248dd5eb3,dc53f81431048a5060e9b156,Dịch vụ hội họp
80c248dd5eb3,dc53f81431048a5060e9b156,Giặt là quần áo
80c248dd5eb3,dc53f81431048a5060e9b156,Nhà hàng - Ẩm thực
80c248dd5eb3,dc53f81431048a5060e9b156,Phòng tập thể dục
80c248dd5eb3,dc53f81431048a5060e9b156,Quán Bar
80c248dd5eb3,dc53f81431048a5060e9b156,Quán café
80c248dd5eb3,dc53f81431048a5060e9b156,Spa/Massage
80c248dd5eb3,dc53f81431048a5060e9b156,Thang máy
80c248dd5eb3,df231d3db5767ee9817a9337,Bãi biển riêng
80c248dd5eb3,df231d3db5767ee9817a9337,Bể bơi ngoài trời
80c248dd5eb3,df231d3db5767ee9817a9337,Wifi miễn phí
80c248dd5eb3,df231d3db5767ee9817a9337,Ăn sáng miễn phí
80c248dd5eb3,df231d3db5767ee9817a9337,Cho thuê xe
80c248dd5eb3,df231d3db5767ee9817a9337,Chỗ đỗ xe
80c248dd5eb3,df231d3db5767ee9817a9337,Dịch vụ hội họp
80c248dd5eb3,df231d3db5767ee9817a9337,Giặt là quần áo
80c248dd5eb3,df231d3db5767ee9817a9337,Karaoke
80c248dd5eb3,df231d3db5767ee9817a9337,Khu vực vui chơi trẻ em
80c248dd5eb3,df231d3db5767ee9817a9337,Lễ tân phục vụ 24h
80c248dd5eb3,df231d3db5767ee9817a9337,Máy lạnh
80c248dd5eb3,df231d3db5767ee9817a9337,Nhà hàng - Ẩm thực
80c248dd5eb3,df231d3db5767ee9817a9337,Phòng tập thể dục
80c248dd5eb3,df231d3db5767ee9817a9337,Quán Bar
80c248dd5eb3,df231d3db5767ee9817a9337,Quầy Hàng Lưu Niệm
80c248dd5eb3,df231d3db5767ee9817a9337,Quầy đặt tour du lịch
80c248dd5eb3,df231d3db5767ee9817a9337,Sân vườn
80c248dd5eb3,df231d3db5767ee9817a9337,Spa/Massage
80c248dd5eb3,df231d3db5767ee9817a9337,Thang máy
80c248dd5eb3,df231d3db5767ee9817a9337,Đưa đón Sân bay
80c248dd5eb3,df2daec9ff9b7ab54b4268c2,Bể bơi ngoài trời
80c248dd5eb3,df2daec9ff9b7ab54b4268c2,Wifi miễn phí
80c248dd5eb3,df2daec9ff9b7ab54b4268c2,Ăn sáng miễn phí
80c248dd5eb3,df2daec9ff9b7ab54b4268c2,Cho thuê xe
80c248dd5eb3,df2daec9ff9b7ab54b4268c2,Chỗ đỗ xe
80c248dd5eb3,df2daec9ff9b7ab54b4268c2,Dịch vụ hội họp
80c248dd5eb3,df2daec9ff9b7ab54b4268c2,Giặt là quần áo
80c248dd5eb3,df2daec9ff9b7ab54b4268c2,Nhà hàng - Ẩm thực
80c248dd5eb3,df2daec9ff9b7ab54b4268c2,Quán Bar
80c248dd5eb3,df2daec9ff9b7ab54b4268c2,Quán café
80c248dd5eb3,df2daec9ff9b7ab54b4268c2,Quầy đặt tour du lịch
80c248dd5eb3,df2daec9ff9b7ab54b4268c2,Đưa đón Sân bay
80c248dd5eb3,e1ec4301a0453c772c06972f,Bãi biển riêng
80c248dd5eb3,e1ec4301a0453c772c06972f,Bể bơi trong nhà
80c248dd5eb3,e1ec4301a0453c772c06972f,Wifi miễn phí
80c248dd5eb3,e1ec4301a0453c772c06972f,Ăn sáng miễn phí
80c248dd5eb3,e1ec4301a0453c772c06972f,Cho thuê xe
80c248dd5eb3,e1ec4301a0453c772c06972f,Chỗ đỗ xe
80c248dd5eb3,e1ec4301a0453c772c06972f,Dịch vụ trông trẻ
80c248dd5eb3,e1ec4301a0453c772c06972f,Dịch vụ hội họp
80c248dd5eb3,e1ec4301a0453c772c06972f,Giặt là quần áo
80c248dd5eb3,e1ec4301a0453c772c06972f,Khu vực vui chơi trẻ em
80c248dd5eb3,e1ec4301a0453c772c06972f,Nhà hàng - Ẩm thực
80c248dd5eb3,e1ec4301a0453c772c06972f,Phòng tập thể dục
80c248dd5eb3,e1ec4301a0453c772c06972f,Quán Bar
80c248dd5eb3,e1ec4301a0453c772c06972f,Quầy đặt tour du lịch
80c248dd5eb3,e1ec4301a0453c772c06972f,Spa/Massage
80c248dd5eb3,e1ec4301a0453c772c06972f,Thang máy
80c248dd5eb3,e1ec4301a0453c772c06972f,Đưa đón Sân bay
80c248dd5eb3,e1ec4301a0453c772c06972f,Đường dành cho xe lăn
80c248dd5eb3,e3061d5389e5cfc8bc45d978,Bãi biển riêng
80c248dd5eb3,e3061d5389e5cfc8bc45d978,Bể bơi ngoài trời
80c248dd5eb3,e3061d5389e5cfc8bc45d978,Wifi miễn phí
80c248dd5eb3,e3061d5389e5cfc8bc45d978,Ăn sáng miễn phí
80c248dd5eb3,e3061d5389e5cfc8bc45d978,Chỗ đỗ xe
80c248dd5eb3,e3061d5389e5cfc8bc45d978,Dịch vụ hội họp
80c248dd5eb3,e3061d5389e5cfc8bc45d978,Giặt là quần áo
80c248dd5eb3,e3061d5389e5cfc8bc45d978,Hệ thống báo cháy tự động
80c248dd5eb3,e3061d5389e5cfc8bc45d978,Lễ tân phục vụ 24h
80c248dd5eb3,e3061d5389e5cfc8bc45d978,Máy lạnh
80c248dd5eb3,e3061d5389e5cfc8bc45d978,Nhà hàng - Ẩm thực
80c248dd5eb3,e3061d5389e5cfc8bc45d978,Phòng tập thể dục
80c248dd5eb3,e3061d5389e5cfc8bc45d978,Quán Bar
80c248dd5eb3,e3061d5389e5cfc8bc45d978,Quầy Billard
80c248dd5eb3,e3061d5389e5cfc8bc45d978,Quầy đặt tour du lịch
80c248dd5eb3,e3061d5389e5cfc8bc45d978,Sân vườn
80c248dd5eb3,e3061d5389e5cfc8bc45d978,Spa/Massage
80c248dd5eb3,e3061d5389e5cfc8bc45d978,Thang máy
80c248dd5eb3,e3061d5389e5cfc8bc45d978,Thu đổi ngoại tệ
80c248dd5eb3,e3061d5389e5cfc8bc45d978,Đưa đón Sân bay
80c248dd5eb3,e37544b746323f987b2f365f,Bể bơi trong nhà
80c248dd5eb3,e37544b746323f987b2f365f,Wifi miễn phí
80c248dd5eb3,e37544b746323f987b2f365f,Ăn sáng miễn phí
80c248dd5eb3,e37544b746323f987b2f365f,Chỗ đỗ xe
80c248dd5eb3,e37544b746323f987b2f365f,Dịch vụ hội họp
80c248dd5eb3,e37544b746323f987b2f365f,Giặt là quần áo
80c248dd5eb3,e37544b746323f987b2f365f,Khu vực vui chơi trẻ em
80c248dd5eb3,e37544b746323f987b2f365f,Nhà hàng - Ẩm thực
80c248dd5eb3,e37544b746323f987b2f365f,Phòng tập thể dục
80c248dd5eb3,e37544b746323f987b2f365f,Quán Bar
80c248dd5eb3,e37544b746323f987b2f365f,Quán café
80c248dd5eb3,e37544b746323f987b2f365f,Spa/Massage
80c248dd5eb3,e37544b746323f987b2f365f,Thang máy
80c248dd5eb3,e57d1f39e939c61d57b47460,Bể sục Jacuzzi
80c248dd5eb3,e57d1f39e939c61d57b47460,Cho thuê xe
80c248dd5eb3,e57d1f39e939c61d57b47460,Chỗ đỗ xe
80c248dd5eb3,e57d1f39e939c61d57b47460,Dịch vụ hội họp
80c248dd5eb3,e57d1f39e939c61d57b47460,Giặt là quần áo
80c248dd5eb3,e57d1f39e939c61d57b47460,Nhà hàng - Ẩm thực
80c248dd5eb3,e57d1f39e939c61d57b47460,Phòng tập thể dục
80c248dd5eb3,e57d1f39e939c61d57b47460,Phòng Xông Hơi
80c248dd5eb3,e57d1f39e939c61d57b47460,Quầy đặt tour du lịch
80c248dd5eb3,e57d1f39e939c61d57b47460,Spa
80c248dd5eb3,e57d1f39e939c61d57b47460,Spa/Massage
80c248dd5eb3,e57d1f39e939c61d57b47460,Thang máy
80c248dd5eb3,e57d1f39e939c61d57b47460,Đưa đón Sân bay
80c248dd5eb3,e5b0271828ab9f91a739bad3,Bãi biển riêng
80c248dd5eb3,e5b0271828ab9f91a739bad3,Bể bơi ngoài trời
80c248dd5eb3,e5b0271828ab9f91a739bad3,Wifi miễn phí
80c248dd5eb3,e5b0271828ab9f91a739bad3,Ăn sáng miễn phí
80c248dd5eb3,e5b0271828ab9f91a739bad3,Dịch vụ hội họp
80c248dd5eb3,e5b0271828ab9f91a739bad3,Karaoke
80c248dd5eb3,e5b0271828ab9f91a739bad3,Nhà hàng - Ẩm thực
80c248dd5eb3,e5b0271828ab9f91a739bad3,Quán Bar
80c248dd5eb3,e5b0271828ab9f91a739bad3,Spa/Massage
80c248dd5eb3,e5b0271828ab9f91a739bad3,Thang máy
80c248dd5eb3,e5caf867cbdbd95e98e14f03,Bể bơi ngoài trời
80c248dd5eb3,e5caf867cbdbd95e98e14f03,Wifi miễn phí
80c248dd5eb3,e5caf867cbdbd95e98e14f03,Ăn sáng miễn phí
80c248dd5eb3,e5caf867cbdbd95e98e14f03,Cho thuê xe
80c248dd5eb3,e5caf867cbdbd95e98e14f03,Chỗ đỗ xe
80c248dd5eb3,e5caf867cbdbd95e98e14f03,Dịch vụ hội họp
80c248dd5eb3,e5caf867cbdbd95e98e14f03,Giặt là quần áo
80c248dd5eb3,e5caf867cbdbd95e98e14f03,Nhà hàng - Ẩm thực
80c248dd5eb3,e5caf867cbdbd95e98e14f03,Phòng hút thuốc
80c248dd5eb3,e5caf867cbdbd95e98e14f03,Phòng tập thể dục
80c248dd5eb3,e5caf867cbdbd95e98e14f03,Quán Bar
80c248dd5eb3,e5caf867cbdbd95e98e14f03,Quán café
80c248dd5eb3,e5caf867cbdbd95e98e14f03,Quầy đặt tour du lịch
80c248dd5eb3,e5caf867cbdbd95e98e14f03,Spa/Massage
80c248dd5eb3,e5caf867cbdbd95e98e14f03,Thang máy
80c248dd5eb3,e5caf867cbdbd95e98e14f03,Đưa đón Sân bay
80c248dd5eb3,e8ad0f309b938887ad49b734,Bãi biển riêng
80c248dd5eb3,e8ad0f309b938887ad49b734,Bể bơi ngoài trời
80c248dd5eb3,e8ad0f309b938887ad49b734,Wifi miễn phí
80c248dd5eb3,e8ad0f309b938887ad49b734,Ăn sáng miễn phí
80c248dd5eb3,e8ad0f309b938887ad49b734,Bể sục Jacuzzi
80c248dd5eb3,e8ad0f309b938887ad49b734,Chăm sóc sắc đẹp
80c248dd5eb3,e8ad0f309b938887ad49b734,Dịch vụ hội họp
80c248dd5eb3,e8ad0f309b938887ad49b734,Giặt là quần áo
80c248dd5eb3,e8ad0f309b938887ad49b734,Hội Nghị & Tiệc Cưới
80c248dd5eb3,e8ad0f309b938887ad49b734,"Khu vực gửi đồ đạc, hành lý"
80c248dd5eb3,e8ad0f309b938887ad49b734,Khu vực vui chơi trẻ em
80c248dd5eb3,e8ad0f309b938887ad49b734,Lễ tân phục vụ 24h
80c248dd5eb3,e8ad0f309b938887ad49b734,Máy lạnh
80c248dd5eb3,e8ad0f309b938887ad49b734,Mini bar
80c248dd5eb3,e8ad0f309b938887ad49b734,Nhà hàng - Ẩm thực
80c248dd5eb3,e8ad0f309b938887ad49b734,Quán Bar
80c248dd5eb3,e8ad0f309b938887ad49b734,Spa/Massage
80c248dd5eb3,e8ad0f309b938887ad49b734,Villa
80c248dd5eb3,e8b9199b599573f5381cbb3c,Bãi biển riêng
80c248dd5eb3,e8b9199b599573f5381cbb3c,Bể bơi ngoài trời
80c248dd5eb3,e8b9199b599573f5381cbb3c,Wifi miễn phí
80c248dd5eb3,e8b9199b599573f5381cbb3c,Ăn sáng miễn phí
80c248dd5eb3,e8b9199b599573f5381cbb3c,Chỗ đỗ xe
80c248dd5eb3,e8b9199b599573f5381cbb3c,Dịch vụ hội họp
80c248dd5eb3,e8b9199b599573f5381cbb3c,Nhà hàng - Ẩm thực
80c248dd5eb3,e8b9199b599573f5381cbb3c,Phòng tập thể dục
80c248dd5eb3,e8b9199b599573f5381cbb3c,Quán café
80c248dd5eb3,e8b9199b599573f5381cbb3c,Spa/Massage
80c248dd5eb3,e8b9199b599573f5381cbb3c,Đưa đón Sân bay
80c248dd5eb3,e8f06cbbec902249a8812913,Bể bơi ngoài trời
80c248dd5eb3,e8f06cbbec902249a8812913,Wifi miễn phí
80c248dd5eb3,e8f06cbbec902249a8812913,Ăn sáng miễn phí
80c248dd5eb3,e8f06cbbec902249a8812913,Cho thuê xe
80c248dd5eb3,e8f06cbbec902249a8812913,Chỗ đỗ xe
80c248dd5eb3,e8f06cbbec902249a8812913,Giặt là quần áo
80c248dd5eb3,e8f06cbbec902249a8812913,Khu vực vui chơi trẻ em
80c248dd5eb3,e8f06cbbec902249a8812913,Nhà hàng - Ẩm thực
80c248dd5eb3,e8f06cbbec902249a8812913,Phòng tập thể dục
80c248dd5eb3,e8f06cbbec902249a8812913,Quán Bar
80c248dd5eb3,e8f06cbbec902249a8812913,Quán café
80c248dd5eb3,e8f06cbbec902249a8812913,Spa/Massage
80c248dd5eb3,e8f06cbbec902249a8812913,Đưa đón Sân bay
80c248dd5eb3,ed187bb01738c5d0add2ee04,Bể bơi ngoài trời
80c248dd5eb3,ed187bb01738c5d0add2ee04,Bể bơi trong nhà
80c248dd5eb3,ed187bb01738c5d0add2ee04,Wifi miễn phí
80c248dd5eb3,ed187bb01738c5d0add2ee04,Ăn sáng miễn phí
80c248dd5eb3,ed187bb01738c5d0add2ee04,Chỗ đỗ xe
80c248dd5eb3,ed187bb01738c5d0add2ee04,Dịch vụ trông trẻ
80c248dd5eb3,ed187bb01738c5d0add2ee04,Dịch vụ hội họp
80c248dd5eb3,ed187bb01738c5d0add2ee04,Giặt là quần áo
80c248dd5eb3,ed187bb01738c5d0add2ee04,Hội Nghị & Tiệc Cưới
80c248dd5eb3,ed187bb01738c5d0add2ee04,Nhà hàng - Ẩm thực
80c248dd5eb3,ed187bb01738c5d0add2ee04,Phòng tập thể dục
80c248dd5eb3,ed187bb01738c5d0add2ee04,Quán Bar
80c248dd5eb3,ed187bb01738c5d0add2ee04,Spa/Massage
80c248dd5eb3,ed187bb01738c5d0add2ee04,Thang máy
80c248dd5eb3,ed187bb01738c5d0add2ee04,Đưa đón Sân bay
80c248dd5eb3,ed964be39e6e73e7784611ec,Bãi biển riêng
80c248dd5eb3,ed964be39e6e73e7784611ec,Bể bơi ngoài trời
80c248dd5eb3,ed964be39e6e73e7784611ec,Wifi miễn phí
80c248dd5eb3,ed964be39e6e73e7784611ec,Ăn sáng miễn phí
80c248dd5eb3,ed964be39e6e73e7784611ec,Chỗ đỗ xe
80c248dd5eb3,ed964be39e6e73e7784611ec,Dịch vụ BBQ
80c248dd5eb3,ed964be39e6e73e7784611ec,Giặt là quần áo
80c248dd5eb3,ed964be39e6e73e7784611ec,Nhà hàng - Ẩm thực
80c248dd5eb3,ed964be39e6e73e7784611ec,Phòng tập thể dục
80c248dd5eb3,ed964be39e6e73e7784611ec,Quán Bar
80c248dd5eb3,ed964be39e6e73e7784611ec,Quầy đặt tour du lịch
80c248dd5eb3,ed964be39e6e73e7784611ec,Spa/Massage
80c248dd5eb3,ed964be39e6e73e7784611ec,Thang máy
80c248dd5eb3,eec89f23f84dd5a7ee188ebe,Bể bơi trong nhà
80c248dd5eb3,eec89f23f84dd5a7ee188ebe,Wifi miễn phí
80c248dd5eb3,eec89f23f84dd5a7ee188ebe,Ăn sáng miễn phí
80c248dd5eb3,eec89f23f84dd5a7ee188ebe,Chỗ đỗ xe
80c248dd5eb3,eec89f23f84dd5a7ee188ebe,Dịch vụ BBQ
80c248dd5eb3,eec89f23f84dd5a7ee188ebe,Dịch vụ hội họp
80c248dd5eb3,eec89f23f84dd5a7ee188ebe,Giặt là quần áo
80c248dd5eb3,eec89f23f84dd5a7ee188ebe,Khu vực vui chơi trẻ em
80c248dd5eb3,eec89f23f84dd5a7ee188ebe,Nhà hàng - Ẩm thực
80c248dd5eb3,eec89f23f84dd5a7ee188ebe,Quán Bar
80c248dd5eb3,eec89f23f84dd5a7ee188ebe,Quầy Hàng Lưu Niệm
80c248dd5eb3,eec89f23f84dd5a7ee188ebe,Spa/Massage
80c248dd5eb3,eec89f23f84dd5a7ee188ebe,Thang máy
80c248dd5eb3,eec89f23f84dd5a7ee188ebe,Đưa đón Sân bay
80c248dd5eb3,f139e8883775b9499d106045,Bãi biển riêng
80c248dd5eb3,f139e8883775b9499d106045,Bể bơi ngoài trời
80c248dd5eb3,f139e8883775b9499d106045,Bể bơi trong nhà
80c248dd5eb3,f139e8883775b9499d106045,Wifi miễn phí
80c248dd5eb3,f139e8883775b9499d106045,Ăn sáng miễn phí
80c248dd5eb3,f139e8883775b9499d106045,Chỗ đỗ xe
80c248dd5eb3,f139e8883775b9499d106045,Dịch vụ BBQ
80c248dd5eb3,f139e8883775b9499d106045,Dịch vụ hội họp
80c248dd5eb3,f139e8883775b9499d106045,Giặt là quần áo
80c248dd5eb3,f139e8883775b9499d106045,Khu vực vui chơi trẻ em
80c248dd5eb3,f139e8883775b9499d106045,Nhà hàng - Ẩm thực
80c248dd5eb3,f139e8883775b9499d106045,Phòng tập thể dục
80c248dd5eb3,f139e8883775b9499d106045,Quán Bar
80c248dd5eb3,f139e8883775b9499d106045,Quán café
80c248dd5eb3,f139e8883775b9499d106045,Spa/Massage
80c248dd5eb3,f139e8883775b9499d106045,Đưa đón Sân bay
80c248dd5eb3,f18eda2453a6cbaf0af8c800,Bể bơi trong nhà
80c248dd5eb3,f18eda2453a6cbaf0af8c800,Wifi miễn phí
80c248dd5eb3,f18eda2453a6cbaf0af8c800,Ăn sáng miễn phí
80c248dd5eb3,f18eda2453a6cbaf0af8c800,Bồn tắm và vòi sen
80c248dd5eb3,f18eda2453a6cbaf0af8c800,Cho thuê xe
80c248dd5eb3,f18eda2453a6cbaf0af8c800,Chỗ đỗ xe
80c248dd5eb3,f18eda2453a6cbaf0af8c800,Lễ tân phục vụ 24h
80c248dd5eb3,f18eda2453a6cbaf0af8c800,Nhà hàng - Ẩm thực
80c248dd5eb3,f18eda2453a6cbaf0af8c800,Nước nóng - lạnh
80c248dd5eb3,f18eda2453a6cbaf0af8c800,Phòng tắm
80c248dd5eb3,f18eda2453a6cbaf0af8c800,Phòng tập thể dục
80c248dd5eb3,f18eda2453a6cbaf0af8c800,Phòng Xông Hơi
80c248dd5eb3,f18eda2453a6cbaf0af8c800,Quán Bar
80c248dd5eb3,f18eda2453a6cbaf0af8c800,Quán café
80c248dd5eb3,f18eda2453a6cbaf0af8c800,Spa
80c248dd5eb3,f18eda2453a6cbaf0af8c800,Spa/Massage
80c248dd5eb3,f18eda2453a6cbaf0af8c800,Thang máy
80c248dd5eb3,f18eda2453a6cbaf0af8c800,Wifi
80c248dd5eb3,f18eda2453a6cbaf0af8c800,Xe Bus ra Trung tâm
80c248dd5eb3,f506a2244ada5cda430ea08d,Bể bơi ngoài trời
80c248dd5eb3,f506a2244ada5cda430ea08d,Wifi miễn phí
80c248dd5eb3,f506a2244ada5cda430ea08d,Ăn sáng miễn phí
80c248dd5eb3,f506a2244ada5cda430ea08d,Dịch vụ hội họp
80c248dd5eb3,f506a2244ada5cda430ea08d,Phòng hút thuốc
80c248dd5eb3,f506a2244ada5cda430ea08d,Spa/Massage
80c248dd5eb3,f506a2244ada5cda430ea08d,Thang máy
80c248dd5eb3,f60b419024a0aac86d7347d0,Bãi biển riêng
80c248dd5eb3,f60b419024a0aac86d7347d0,Bể bơi ngoài trời
80c248dd5eb3,f60b419024a0aac86d7347d0,Bể bơi trong nhà
80c248dd5eb3,f60b419024a0aac86d7347d0,Wifi miễn phí
80c248dd5eb3,f60b419024a0aac86d7347d0,Ăn sáng miễn phí
80c248dd5eb3,f60b419024a0aac86d7347d0,Cho thuê xe
80c248dd5eb3,f60b419024a0aac86d7347d0,Chỗ đỗ xe
80c248dd5eb3,f60b419024a0aac86d7347d0,Dịch vụ báo thức
80c248dd5eb3,f60b419024a0aac86d7347d0,Dịch vụ BBQ
80c248dd5eb3,f60b419024a0aac86d7347d0,Dịch vụ hội họp
80c248dd5eb3,f60b419024a0aac86d7347d0,Dịch vụ phòng
80c248dd5eb3,f60b419024a0aac86d7347d0,Giặt là quần áo
80c248dd5eb3,f60b419024a0aac86d7347d0,Khu vực vui chơi trẻ em
80c248dd5eb3,f60b419024a0aac86d7347d0,Lễ tân phục vụ 24h
80c248dd5eb3,f60b419024a0aac86d7347d0,Nhà hàng - Ẩm thực
80c248dd5eb3,f60b419024a0aac86d7347d0,Phòng tập thể dục
80c248dd5eb3,f60b419024a0aac86d7347d0,Quán Bar
80c248dd5eb3,f60b419024a0aac86d7347d0,Quầy Billard
80c248dd5eb3,f60b419024a0aac86d7347d0,Sân golf
80c248dd5eb3,f60b419024a0aac86d7347d0,Spa/Massage
80c248dd5eb3,f60b419024a0aac86d7347d0,Thang máy
80c248dd5eb3,f60b419024a0aac86d7347d0,Đưa đón Sân bay
80c248dd5eb3,f715522d05a1d9f2e3a3cef8,Bể bơi ngoài trời
80c248dd5eb3,f715522d05a1d9f2e3a3cef8,Wifi miễn phí
80c248dd5eb3,f715522d05a1d9f2e3a3cef8,Ăn sáng miễn phí
80c248dd5eb3,f715522d05a1d9f2e3a3cef8,Cho thuê xe
80c248dd5eb3,f715522d05a1d9f2e3a3cef8,Chỗ đỗ xe
80c248dd5eb3,f715522d05a1d9f2e3a3cef8,Dịch vụ hội họp
80c248dd5eb3,f715522d05a1d9f2e3a3cef8,Nhà hàng - Ẩm thực
80c248dd5eb3,f715522d05a1d9f2e3a3cef8,Phòng tập thể dục
80c248dd5eb3,f715522d05a1d9f2e3a3cef8,Quán Bar
80c248dd5eb3,f715522d05a1d9f2e3a3cef8,Quầy đặt tour du lịch
80c248dd5eb3,f715522d05a1d9f2e3a3cef8,Spa/Massage
80c248dd5eb3,f7ba0d468eda7cb5232a5a23,Wifi miễn phí
80c248dd5eb3,f7ba0d468eda7cb5232a5a23,Ăn sáng miễn phí
80c248dd5eb3,f7ba0d468eda7cb5232a5a23,Chăm sóc sắc đẹp
80c248dd5eb3,f7ba0d468eda7cb5232a5a23,Cho thuê xe
80c248dd5eb3,f7ba0d468eda7cb5232a5a23,Chỗ đỗ xe
80c248dd5eb3,f7ba0d468eda7cb5232a5a23,Dịch vụ hội họp
80c248dd5eb3,f7ba0d468eda7cb5232a5a23,Dịch vụ phòng
80c248dd5eb3,f7ba0d468eda7cb5232a5a23,Giặt là quần áo
80c248dd5eb3,f7ba0d468eda7cb5232a5a23,Hội Nghị & Tiệc Cưới
80c248dd5eb3,f7ba0d468eda7cb5232a5a23,Lễ tân phục vụ 24h
80c248dd5eb3,f7ba0d468eda7cb5232a5a23,Nhà hàng - Ẩm thực
80c248dd5eb3,f7ba0d468eda7cb5232a5a23,Phòng tập thể dục
80c248dd5eb3,f7ba0d468eda7cb5232a5a23,Quán café
80c248dd5eb3,f7ba0d468eda7cb5232a5a23,Quầy đặt tour du lịch
80c248dd5eb3,f7ba0d468eda7cb5232a5a23,Spa/Massage
80c248dd5eb3,f7ba0d468eda7cb5232a5a23,Thang máy
80c248dd5eb3,f7ba0d468eda7cb5232a5a23,Đưa đón Sân bay
80c248dd5eb3,f8a5747feaca152707e1bbee,Bãi biển riêng
80c248dd5eb3,f8a5747feaca152707e1bbee,Bể bơi ngoài trời
80c248dd5eb3,f8a5747feaca152707e1bbee,Wifi miễn phí
80c248dd5eb3,f8a5747feaca152707e1bbee,Ăn sáng miễn phí
80c248dd5eb3,f8a5747feaca152707e1bbee,Bàn làm việc
80c248dd5eb3,f8a5747feaca152707e1bbee,Bồn tắm và vòi sen
80c248dd5eb3,f8a5747feaca152707e1bbee,Chỗ đỗ xe
80c248dd5eb3,f8a5747feaca152707e1bbee,Dịch vụ trông trẻ
80c248dd5eb3,f8a5747feaca152707e1bbee,Dịch vụ hội họp
80c248dd5eb3,f8a5747feaca152707e1bbee,Khu vực vui chơi trẻ em
80c248dd5eb3,f8a5747feaca152707e1bbee,Máy lạnh
80c248dd5eb3,f8a5747feaca152707e1bbee,Mini bar
80c248dd5eb3,f8a5747feaca152707e1bbee,Nhà hàng - Ẩm thực
80c248dd5eb3,f8a5747feaca152707e1bbee,Nước nóng - lạnh
80c248dd5eb3,f8a5747feaca152707e1bbee,Phòng tắm
80c248dd5eb3,f8a5747feaca152707e1bbee,Phòng tập thể dục
80c248dd5eb3,f8a5747feaca152707e1bbee,Phục vụ phòng 24/24h
80c248dd5eb3,f8a5747feaca152707e1bbee,Quán café
80c248dd5eb3,f8a5747feaca152707e1bbee,Quầy đặt tour du lịch
80c248dd5eb3,f8a5747feaca152707e1bbee,Spa/Massage
80c248dd5eb3,f8a5747feaca152707e1bbee,Thang máy
80c248dd5eb3,f8a5747feaca152707e1bbee,Đưa đón Sân bay
80c248dd5eb3,fa6cc4219d7cc665e34ea261,Wifi miễn phí
80c248dd5eb3,fa6cc4219d7cc665e34ea261,Ăn sáng miễn phí
80c248dd5eb3,fa6cc4219d7cc665e34ea261,Cho thuê xe
80c248dd5eb3,fa6cc4219d7cc665e34ea261,Chỗ đỗ xe
80c248dd5eb3,fa6cc4219d7cc665e34ea261,Dịch vụ hội họp
80c248dd5eb3,fa6cc4219d7cc665e34ea261,Giặt là quần áo
80c248dd5eb3,fa6cc4219d7cc665e34ea261,Nhà hàng - Ẩm thực
80c248dd5eb3,fa6cc4219d7cc665e34ea261,Phòng hút thuốc
80c248dd5eb3,fa6cc4219d7cc665e34ea261,Quán café
80c248dd5eb3,fa6cc4219d7cc665e34ea261,Quầy đặt tour du lịch
80c248dd5eb3,fa6cc4219d7cc665e34ea261,Thang máy
80c248dd5eb3,fb389a8a215192682b76b8b1,Bãi biển riêng
80c248dd5eb3,fb389a8a215192682b76b8b1,Bể bơi ngoài trời
80c248dd5eb3,fb389a8a215192682b76b8b1,Wifi miễn phí
80c248dd5eb3,fb389a8a215192682b76b8b1,Ăn sáng miễn phí
80c248dd5eb3,fb389a8a215192682b76b8b1,Cho thuê xe
80c248dd5eb3,fb389a8a215192682b76b8b1,Chỗ đỗ xe
80c248dd5eb3,fb389a8a215192682b76b8b1,Dịch vụ báo thức
80c248dd5eb3,fb389a8a215192682b76b8b1,Dịch vụ BBQ
80c248dd5eb3,fb389a8a215192682b76b8b1,Dịch vụ hội họp
80c248dd5eb3,fb389a8a215192682b76b8b1,Giặt là quần áo
80c248dd5eb3,fb389a8a215192682b76b8b1,Khu vực vui chơi trẻ em
80c248dd5eb3,fb389a8a215192682b76b8b1,Lễ tân phục vụ 24h
80c248dd5eb3,fb389a8a215192682b76b8b1,Nhà hàng - Ẩm thực
80c248dd5eb3,fb389a8a215192682b76b8b1,Phòng tập thể dục
80c248dd5eb3,fb389a8a215192682b76b8b1,Phục vụ phòng 24/24h
80c248dd5eb3,fb389a8a215192682b76b8b1,Quán Bar
80c248dd5eb3,fb389a8a215192682b76b8b1,Quầy đặt tour du lịch
80c248dd5eb3,fb389a8a215192682b76b8b1,Sân vườn
80c248dd5eb3,fb389a8a215192682b76b8b1,Spa
80c248dd5eb3,fb389a8a215192682b76b8b1,Spa/Massage
80c248dd5eb3,fb389a8a215192682b76b8b1,Thang máy
80c248dd5eb3,fb389a8a215192682b76b8b1,Vườn
80c248dd5eb3,fb389a8a215192682b76b8b1,Wifi
80c248dd5eb3,fb389a8a215192682b76b8b1,Xe Bus ra Trung tâm
80c248dd5eb3,fb389a8a215192682b76b8b1,Đưa đón Sân bay
80c248dd5eb3,fdaebc2f8007b8c9765e576c,Bể bơi ngoài trời
80c248dd5eb3,fdaebc2f8007b8c9765e576c,Wifi miễn phí
80c248dd5eb3,fdaebc2f8007b8c9765e576c,Ăn sáng miễn phí
80c248dd5eb3,fdaebc2f8007b8c9765e576c,Dịch vụ hội họp
80c248dd5eb3,fdaebc2f8007b8c9765e576c,Giặt là quần áo
80c248dd5eb3,fdaebc2f8007b8c9765e576c,Khu vực vui chơi trẻ em
80c248dd5eb3,fdaebc2f8007b8c9765e576c,Nhà hàng - Ẩm thực
80c248dd5eb3,fdaebc2f8007b8c9765e576c,Phòng tập thể dục
80c248dd5eb3,fdaebc2f8007b8c9765e576c,Quán Bar
80c248dd5eb3,fdaebc2f8007b8c9765e576c,Quán café
80c248dd5eb3,fdaebc2f8007b8c9765e576c,Quầy đặt tour du lịch
80c248dd5eb3,fdaebc2f8007b8c9765e576c,Spa/Massage
80c248dd5eb3,fdaebc2f8007b8c9765e576c,Thang máy
