property_id,name,stars,accommodation_type,property_type,city,area,average_price_vnd,review_score,review_count,recommendation_score,customer_reviews,facilities,hotel_url,image_url
18170457,"Wink Saigon Centre, Unscripted by Hyatt - 24 hours stay",4.0,34,Hotel,Ho Chi Minh City,District 1,2834526,8.8,7452,88,"[10.0/10] REVATHY (Malaysia, Couple): ""The hotel features everything you need for a seamless stay."" || [7.6/10] Chaoran (中国, Business traveler): ""Everything is excellent especially the design is good!"" || [10.0/10] REVATHY (Malaysia, Couple): ""Wink Hotel offers fantastic value for money.""",Free Wi-Fi ; Free parking; Front desk [24-hour]; Fitness center; Restaurants; Bar; Yoga room; Airport transfer,https://www.agoda.com/wink-hotel-saigon-centre/hotel/ho-chi-minh-city-vn.html,https://pix8.agoda.net/hotelImages/83513337/0/741897e72fd15bf3834be1100cfc3fec.jpeg?ce=3
55765781,Grandma Lu's Saigon Signature,1.0,34,Hotel,Ho Chi Minh City,District 1,381026,8.1,2235,,"[10.0/10] MARJORIE (Philippines, Solo traveler): ""Than kyou for a clean room and accesible place and safe too."" || [10.0/10] Gabriel (Philippines, Solo traveler): ""I’ll definitely book it again when I’m back in Saigon."" || [10.0/10] Mirajoy Sandra (Philippines, Solo traveler): ""I absolutely loved my stay at Grandma Lu's Saigon Signature.""",Free Wi-Fi ; Check-in [24-hour]; Restaurants; Shuttle service; Balcony/terrace; Breakfast; Paid parking available; Laundry,https://www.agoda.com/grandma-lu-saigon-ben-thanh-market/hotel/ho-chi-minh-city-vn.html,https://pix8.agoda.net/hotelImages/55765781/0/3428c8ba86fb1f0599ddd93809255f8c.png?ce=3
35417217,Palette Amura Hotel - Near Gigamall,2.0,34,Hotel,Ho Chi Minh City,Thủ Đức,278210,7.4,228,,,Free Wi-Fi ; Free parking; Front desk [24-hour]; Family room; Luggage storage; Room service; Non-smoking rooms; Daily housekeeping,https://www.agoda.com/amura-hotel-th-d-c/hotel/ho-chi-minh-city-vn.html,https://pix8.agoda.net/hotelImages/35417217/0/74c9734e52e4b43d7144913c20e48cae.png?ce=3
10983,Eastin Grand Hotel Saigon,5.0,34,Hotel,Ho Chi Minh City,Phú Nhuận,3616952,8.7,8801,85,"[8.8/10] Paul (Ireland, Solo traveler): ""Staff were exceptional, friendly and super helpful."" || [10.0/10] Long (Vietnam, Group): ""Honourable mentions: Cường, Trí , Quang, Duyên at reception."" || [10.0/10] Phan (Vietnam, Business traveler): ""I am always so happy to stay here whenever I travel to HCMC.""",Free Wi-Fi ; Swimming pool; Free parking; Spa; Front desk [24-hour]; Fitness center; Restaurants; Bar,https://www.agoda.com/eastin-grand-hotel-saigon/hotel/ho-chi-minh-city-vn.html,https://pix8.agoda.net/hotelImages/10983/-1/8554bc906dfefbbbce304d1c4e48116a.jpg?ce=0
2235563,VyDa Backpacker Hostel,0.0,33,Hotel,Ho Chi Minh City,District 1,,8.6,3404,83,"[8.4/10] Alvin (Malaysia, Solo traveler): ""Bed was comfortable and the dorm room is spacious and neat."" || [9.6/10] Daryl (Philippines, Solo traveler): ""The bathrooms were also clean, which I really appreciated."" || [10.0/10] ALEKOS (Thailand, Solo traveler): ""Cleaning lady is amazing keeps everything very clean,""",Free Wi-Fi ; Car park; Front desk [24-hour]; Restaurants; Airport transfer; Luggage storage; Breakfast; Room service,https://www.agoda.com/vyda-backpacker-hostel/hotel/ho-chi-minh-city-vn.html,https://pix8.agoda.net/hotelImages/2235563/-1/438665a8cc94618dbce5d2cc860ffec7.jpg?ce=0
34480840,9 Hostel and Suites,3.0,33,Hotel,Ho Chi Minh City,District 1,364913,8.3,2821,,"[10.0/10] Renee (Philippines, Couple): ""My boss recommended this hotel and we had the greatest stay."" || [9.2/10] Marvin (Philippines, Couple): ""I would definitely recommend it to anyone visiting the area."" || [10.0/10] Fitri (Indonesia, Group): ""This isn't just a place to sleep; it's a place with a heart.""",Free Wi-Fi ; Front desk [24-hour]; Airport transfer; Luggage storage; Balcony/terrace; Tours; Laundry; Locker,https://www.agoda.com/9-hostel-and-suites/hotel/ho-chi-minh-city-vn.html,https://pix8.agoda.net/hotelImages/34480840/0/32b2aa146f3add3d9a736265816c205d.jpg?ce=0
37272417,Grandma Lu's Saigon Japan Town,1.0,34,Hotel,Ho Chi Minh City,District 1,418611,8.4,2269,,"[10.0/10] Jessica (Russia, Solo traveler): ""Very clean, nice showers and common bathroom overall."" || [8.8/10] Yoshio Seisuke (Japan, Solo traveler): ""You get your own bed in a small air conditioned room."" || [10.0/10] Mark Lloyd (Philippines, Solo traveler): ""I can't express on how satisfied I am staying here.""",Free Wi-Fi ; Free parking; Front desk [24-hour]; Restaurants; Luggage storage; Rooftop area; Breakfast takeaway service; Taxi service,https://www.agoda.com/grandma-lu-h36209150/hotel/ho-chi-minh-city-vn.html,https://q-xx.bstatic.com/xdata/images/hotel/max500/895899878.jpg?k=00e792136803d5ed8b57d75084487ffabc45d38c7751180c56db41cfd707b6db&o=
90004172,The Signature Boutique Hotel Saigon,4.0,34,Hotel,Ho Chi Minh City,District 3,,9.4,240,95,"[10.0/10] Cat (Canada, Family with young children): ""The rooms are modern, beautifully designed, and super quiet."" || [10.0/10] Lâm (Việt Nam, Couple): ""I had a wonderful stay at this newly opened hotel."" || [10.0/10] Lâm (Việt Nam, Couple): ""Everything is clean, modern, and well maintained.""",Free Wi-Fi ; Front desk [24-hour]; Luggage storage; Laundry; Smoke-free property; Daily housekeeping; Air conditioning in public area; Elevator,https://www.agoda.com/the-signature-boutique-hotel-saigon-h89979056/hotel/ho-chi-minh-city-vn.html,https://pix8.agoda.net/hotelImages/90004172/0/129d3229b589030e9cdb6f2c3126d845.jpg?ce=3
41306301,The Concept Hotel HCMC- District 1,4.0,34,Hotel,Ho Chi Minh City,District 1,1522205,8.8,1806,86,"[10.0/10] Gunnar (Vietnam, Couple): ""We really appreciated the free self-service laundry room."" || [10.0/10] Lim (Singapore, Couple): ""The room has everything we needed coffee tea hair dryer"" || [10.0/10] Gunnar (Vietnam, Couple): ""The room was big, comfortable and very clean.""",Free Wi-Fi ; Front desk [24-hour]; Family room; Luggage storage; Balcony/terrace; Room service; Laundry; Safety deposit boxes,https://www.agoda.com/the-concept-hotel-hcmc-district-1/hotel/ho-chi-minh-city-vn.html,https://pix8.agoda.net/hotelImages/41306301/-1/be46a8f9d41ed26be92b570888feeafe.jpg?ce=0
4972275,9 Hostel and Bar,3.0,33,Hotel,Ho Chi Minh City,District 1,285329,8.5,3074,,"[8.8/10] Higor (Brazil, Group): ""The staff was very friendly and always willing to help."" || [8.8/10] Catherine (Canada, Solo traveler): ""Great location and the staff are friendly and helpful"" || [10.0/10] Shamrat (India, Solo traveler): ""There staff, environment, cleanliness everything is perfect.""",Free Wi-Fi ; Front desk [24-hour]; Restaurants; Bar; Luggage storage; Garden; Room service; Salon,https://www.agoda.com/9-hostel-and-bar/hotel/ho-chi-minh-city-vn.html,https://pix8.agoda.net/hotelImages/4972275/-1/8b017143586b6ec9ca3ae73306cdc4b5.jpg?ce=0
80114585,PureJoy Hotel Saigon - Premium,4.0,34,Hotel,Ho Chi Minh City,District 1,1854361,8.8,614,86,"[10.0/10] Nguyễn (Việt Nam, Couple): ""What really stood out was the friendly and welcoming staff."" || [10.0/10] Chenyi (中国, Couple): ""Their excellent service made our stay even more enjoyable."" || [10.0/10] Nguyễn (Việt Nam, Couple): ""My room was spotlessly clean and very comfortable.""",Free Wi-Fi ; Front desk [24-hour]; Restaurants; Luggage storage; Laundry; Non-smoking rooms; Daily housekeeping; Convenience store,https://www.agoda.com/purejoy-hotel-saigon-premium-japanese-street-h79526642/hotel/ho-chi-minh-city-vn.html,https://pix8.agoda.net/hotelImages/80114585/0/aaf98ae49800adf0089f90e799f2fcd1.jpg?ce=3
85734134,Palette Phu Nhuan Apartment,3.0,29,NonHotel,Ho Chi Minh City,Phú Nhuận,333593,8.2,357,,"[10.0/10] Rowland (Croatia, Couple): ""One of the best hotel experiences we’ve had as a group."" || [10.0/10] Stacia  (Germany, Solo traveler): ""The room was spacious enough for one person and very clean."" || [10.0/10] Garfield (Austria, Solo traveler): ""I appreciated the attention to detail and warm hospitality.""",Free Wi-Fi ; Free parking; Family room; Luggage storage; Non-smoking rooms; Daily housekeeping; Shops; Air conditioning in public area,https://www.agoda.com/palette-phu-nhuan-apartment/hotel/ho-chi-minh-city-vn.html,https://pix8.agoda.net/hotelImages/85734134/0/db23f5881aa864ae7c04b6c10f34feef.jpg?ce=3
85267969,The Auberg Collection Hotel,5.0,34,Hotel,Ho Chi Minh City,District 1,3485596,8.9,296,83,"[10.0/10] Ph (Vietnam, Couple): ""The staff were professional, discreet, and always helpful."" || [10.0/10] CHUONG (Singapore, Couple): ""The gym, swimming pool are also great facilities to have."" || [9.6/10] Sakila (Thailand, Group): ""The best part is the underground onsen and cold plunge!""",Free Wi-Fi ; Swimming pool; Spa; Front desk [24-hour]; Fitness center; Restaurants; Bar; Yoga room,https://www.agoda.com/the-auberg-collection-hotel/hotel/ho-chi-minh-city-vn.html,https://pix8.agoda.net/hotelImages/85267969/0/e47b4b1714510a621d34362221d4836e.jpg?ce=3
5869838,Roseland Sweet Hotel,4.0,34,Hotel,Ho Chi Minh City,District 1,2394505,9.2,5229,92,"[10.0/10] Nhi (Úc, Family with young children): ""Their genuine hospitality truly made my stay memorable."" || [10.0/10] Szu Pao (台灣, Couple): ""I stayed here so many times because this is very good hotel."" || [9.6/10] Trevor (Australia, Solo traveler): ""The hotel is comfortable, clean and the staff are excellent.""",Free Wi-Fi ; Pool with view; Front desk [24-hour]; Restaurants; Golf course; Airport transfer; Luggage storage; Breakfast,https://www.agoda.com/roseland-sweet-hotel-spa/hotel/ho-chi-minh-city-vn.html,https://pix8.agoda.net/hotelImages/5869838/-1/a41f62e586f0967edd45c42353101a5d.jpg?ca=16&ce=1
13571664,LA VELA SAIGON HOTEL,5.0,34,Hotel,Ho Chi Minh City,District 3,5786799,9.0,21350,87,"[9.2/10] Josh (Australia, Group): ""I could fault this hotel, every thing about it is amazing."" || [10.0/10] TING-AN (新加坡, Couple): ""The location was perfect, and the facilities were excellent."" || [10.0/10] Hien (Vietnam, Solo traveler): ""But the room was clean, beautiful, and comfortable overall.""",Free Wi-Fi ; Pool with view; Free parking; Spa; Front desk [24-hour]; Fitness center; Restaurants; Bar,https://www.agoda.com/la-vela-saigon-hotel/hotel/ho-chi-minh-city-vn.html,https://pix8.agoda.net/hotelImages/13571664/-1/1f5534ab6fe32247daeb7a1775b309e5.png?ce=0
60563235,KAS Eliana Luxury Hotel,3.0,34,Hotel,Ho Chi Minh City,District 1,,8.6,180,84,"[10.0/10] Minh (Việt Nam, Couple): ""Breakfast was included and had a good variety of options."" || [10.0/10] Sophie (United Kingdom, Solo traveler): ""The rooms were exceptionally clean and well maintained."" || [10.0/10] Bernadette (Việt Nam, Couple): ""My room was spacious and immaculately clean.""",Free Wi-Fi ; Front desk [24-hour]; Luggage storage; Pets allowed; Tours; Laundry; Non-smoking rooms; Daily housekeeping,https://www.agoda.com/apec-hotel/hotel/ho-chi-minh-city-vn.html,https://pix8.agoda.net/hotelImages/60563235/0/ec623d559b34e8ef24876df836dde6dd.png?ce=3
36999606,Capsule Riverside Saigon,2.0,105,Hotel,Ho Chi Minh City,District 1,341973,8.4,1432,88,"[8.4/10] sinath (United States, Family with young children): ""They were quite comfortable and it was nice and quiet."" || [7.6/10] Aung (Thailand, Solo traveler): ""That's the best dormitory I have ever stayed in SEA."" || [10.0/10] TAN (Singapore, Solo traveler): ""Never expected the room and facilities are so nice.""",Free Wi-Fi ; Free parking; Front desk [24-hour]; Fitness center; Bar; Luggage storage; Garden; Check-in/out [private],https://www.agoda.com/capsule-bed/hotel/ho-chi-minh-city-vn.html,https://pix8.agoda.net/hotelImages/36999606/0/e11a3e3c5f70a82c9a7d7464137aba79.png?ce=3
31254730,"Express by M Village Võ Thị Sáu, a brand of Modern Village Lifestyle",3.0,120,Hotel,Ho Chi Minh City,District 3,1255795,8.9,2165,87,"[10.0/10] Myra (Philippines, Couple): ""It truly feels like home, thanks to its complete amenities."" || [9.2/10] Ken (Canada, Solo traveler): ""Checkin was easy, they even let me checkin a bit early."" || [10.0/10] chan  (Singapore, Couple): ""The staff were very helpful and friendly throughout my stay.""",Free Wi-Fi ; Check-in/out [express]; Airport transfer; Luggage storage; Balcony/terrace; Garden; Paid parking available; Laundry,https://www.agoda.com/m-village-the-boutique/hotel/ho-chi-minh-city-vn.html,https://pix8.agoda.net/hotelImages/31254730/0/4c370bc1992f0181e3e6386a191b142d.png?ce=3
75304051,Nicecy Hotel - Truong Quyen,2.0,34,Hotel,Ho Chi Minh City,District 3,1073576,8.9,403,90,"[10.0/10] Stephen (United States, Couple): ""Rooms are compact but well appointed and extremely clean."" || [8.8/10] Ngoc (Vietnam, Solo traveler): ""Khach san nho nhung co vi tri rat tien loi gan trung tam."" || [10.0/10] Devin (United States, Solo traveler): ""The WiFi was fast enough for me to work without issues.""",Free Wi-Fi ; Front desk [24-hour]; Golf course (within 3 km); Airport transfer; Family room; Luggage storage; Rooftop area; Balcony/terrace,https://www.agoda.com/nicecy-hotel-truong-quyen/hotel/ho-chi-minh-city-vn.html,https://pix8.agoda.net/hotelImages/75304051/0/3e131edffbfd04c6fd49b0080572c764.jpg?ce=2
93006841,Amory Royal Hotel,4.0,135,Hotel,Ho Chi Minh City,District 10,,8.8,13,,,Free Wi-Fi ; Free parking; Front desk [24-hour]; Sauna; Airport transfer; Laundry; Smoking area; Daily housekeeping,https://www.agoda.com/amory-royal-hotel/hotel/ho-chi-minh-city-vn.html,https://pix8.agoda.net/hotelImages/93006841/0/671acba08792ac819080ccf66100ab74.png?ce=3
230121,Golden Star Hotel - 60 Le Thanh Ton,3.0,34,Hotel,Ho Chi Minh City,District 1,907854,8.6,193,87,"[10.0/10] Michael (Deutschland, Couple): ""What truly made the stay exceptional was the staff."" || [10.0/10] Nikita (India, Group): ""The room is good, clean, the staff is really accommodative."" || [10.0/10] B Prem (India, Couple): ""All the major tourist places are just walkable distance""",Free Wi-Fi ; Front desk [24-hour]; Airport transfer; Family room; Luggage storage; Room service; Salon; Business center,https://www.agoda.com/golden-star-hotel-60-le-thanh-ton/hotel/ho-chi-minh-city-vn.html,https://pix8.agoda.net/hotelImages/230121/0/9aeb44d0b3eb640ab5764d6e3dbf256e.png?ce=3
37844344,La Opera saigon hotel,3.0,34,Hotel,Ho Chi Minh City,District 1,1784863,8.8,2936,88,"[9.6/10] Mel (Malaysia, Solo traveler): ""It showed how much they genuinely care about their guests."" || [9.6/10] Mel (Malaysia, Solo traveler): ""I informed the front desk, and they responded immediately."" || [10.0/10] Ilzymanshah (Singapore, Couple): ""The housekeeping staff was also always polite and amazing.""",Free Wi-Fi ; Front desk [24-hour]; Restaurants; Airport transfer; Luggage storage; Breakfast; Tours; Paid parking available,https://www.agoda.com/la-opera-saigon-hotel/hotel/ho-chi-minh-city-vn.html,https://pix8.agoda.net/hotelImages/37844344/-1/afd434848b2795b1010793f6e6d57293.jpg?ce=0
545120,Asian Ruby Center Point Hotel,3.0,34,Hotel,Ho Chi Minh City,District 1,1222827,7.6,3945,,"[10.0/10] Joe (United States, Couple): ""Excellent location and in the center of everything."" || [9.6/10] Trang (Vietnam, Business traveler): ""Our room has great view of other high building and the river"" || [8.0/10] Satnam (United States, Solo traveler): ""Prime and convenient location in the heart of District 1.""",Free Wi-Fi ; Car park; Spa; Front desk [24-hour]; Restaurants; Bar; Massage; Airport transfer,https://www.agoda.com/asian-ruby-center-point-hotel/hotel/ho-chi-minh-city-vn.html,https://pix8.agoda.net/hotelImages/545120/-1/a14557283dffc1636973a9f23482d99b.jpg?ca=6&ce=1
17522772,MEANDER Saigon,3.0,34,Hotel,Ho Chi Minh City,District 1,2187288,9.2,4575,95,"[9.6/10] Roxanne (Philippines, Solo traveler): ""The beds are also comfy and the staff are amazingly helpful."" || [9.6/10] Roxanne (Philippines, Solo traveler): ""One of the most well-kept hostels I ever stayed in."" || [10.0/10] Nicolas (Thailand, Solo traveler): ""Location was also great could walk to a lot of places.""",Free Wi-Fi ; Front desk [24-hour]; Shuttle service; Family room; Shared kitchen; Luggage storage; Balcony/terrace; Business center,https://www.agoda.com/meander-saigon/hotel/ho-chi-minh-city-vn.html,https://pix8.agoda.net/hotelImages/17522772/0/ccb75c8e76d60ce691c95e3402b4e6a1.jpg?ce=3
35540459,KAS Ancient Boutique Hotel,3.0,34,Hotel,Ho Chi Minh City,District 1,,8.9,213,93,"[10.0/10] Amelia  (New Zealand, Couple): ""But what really stood out was the exceptional service."" || [9.2/10] Björn (Iceland, Solo traveler): ""ඉතා හොඳ ස්ථානයක්, මිත්‍රශීලී කාර්ය මණ්ඩලය සහ පිරිසිදු කාමර."" || [10.0/10] Dai (Việt Nam, Couple): ""Amazing location in district 1, next to Ben Thanh market.""",Free Wi-Fi ; Front desk [24-hour]; Restaurants; Bar; Family room; Luggage storage; Pets allowed; Rooftop area,https://www.agoda.com/song-anh-1-hotel/hotel/ho-chi-minh-city-vn.html,https://pix8.agoda.net/hotelImages/35540459/0/78bdf549b76acee01352a83a7ee99184.jpg?ce=3
74057351,The Signature Hotel Saigon,4.0,34,Hotel,Ho Chi Minh City,District 1,1522853,9.1,1005,90,"[10.0/10] Alfonso (Guam, Couple): ""Love this place I will absolutely come back here again soon."" || [9.6/10] Hsin (台灣, Solo traveler): ""There is free laundry in hotel which is great for long stay."" || [10.0/10] Bouy (Cambodia, Couple): ""The room was clean, comfortable, and well maintained.""",Free Wi-Fi ; Front desk [24-hour]; Fitness center; Luggage storage; Laundry; Safety deposit boxes; Non-smoking rooms; Daily housekeeping,https://www.agoda.com/signature-by-the-concept-hotel-hcmc-h72814167/hotel/ho-chi-minh-city-vn.html,https://pix8.agoda.net/hotelImages/74057351/0/2a28dec1a89bdb7f11e4799875e1bc1c.jpg?ce=2
245858,KAS Sonata Luxury Hotel,3.0,34,Hotel,Ho Chi Minh City,District 1,,8.4,476,83,"[10.0/10] Chi Ho (Australia, Business traveler): ""The location was convenient and made it easy to get around."" || [8.8/10] Bui (Việt Nam, Couple): ""The restaurant is a delight with the most wonderful staff."" || [10.0/10] Liam  (New Zealand, Couple): ""Honestly it was one of the most fantastic hotel I've gone""",Free Wi-Fi ; Front desk [24-hour]; Restaurants; Family room; Tours; Laundry; Non-smoking rooms; On-site activity,https://www.agoda.com/tuong-vy-hotel/hotel/ho-chi-minh-city-vn.html,https://pix8.agoda.net/hotelImages/245858/0/3a2ee6504bc3801e5609c7752c3b1007.jpg?ce=3
30670517,YÊN LIVING BÌNH THẠNH ,3.0,120,Hotel,Ho Chi Minh City,Bình Thạnh,913893,8.9,2646,91,"[10.0/10] Annina (Thailand, Couple): ""It’s a long time ago since we had such a great apartment."" || [10.0/10] Annina (Thailand, Couple): ""We enjoyed our time also a few times at the rooftop pool."" || [10.0/10] Annina (Thailand, Couple): ""The staff is very friendly and always reachable on WhatsApp.""",Free Wi-Fi ; Pool with view; Car park; Golf course; Family room; Kitchen; Luggage storage; Pets allowed,https://www.agoda.com/yen-living-binh-th-nh-h30670517/hotel/ho-chi-minh-city-vn.html,https://pix8.agoda.net/hotelImages/30670517/0/87f24cead89df921251aad85688a34ea.jpg?ca=27&ce=0
87898903,Pink Suite Saigon Airport Hotel,4.0,34,Hotel,Ho Chi Minh City,Tân Bình,,7.9,132,,"[10.0/10] Fairy (Việt Nam, Couple): ""I am very satisfied with my stay at Pink Suite Hotel."" || [10.0/10] Fairy (Việt Nam, Couple): ""I would gladly stay here again in the future."" || [10.0/10] Simon Kwang (South Korea, Couple): ""The hotel room is big and clean.""",Free Wi-Fi ; Free parking; Front desk [24-hour]; Restaurants; Family room; Luggage storage; Balcony/terrace; Room service [24-hour],https://www.agoda.com/pink-suite-saigon-hotel/hotel/ho-chi-minh-city-vn.html,https://pix8.agoda.net/hotelImages/87898903/0/dba9ef5502f0a4d3ca309c2b384a0a82.jpg?ce=3
87475901,Cherry Airport Hotel and Apartment,3.0,34,Hotel,Ho Chi Minh City,Tân Bình,,9.3,81,92,"[9.6/10] Bjorn (United Kingdom, Solo traveler): ""Then come back and watch the sunset at the roof top pool."" || [8.8/10] thuc trinh (Việt Nam, Family with older children): ""Good for it's money value"" || [8.8/10] thuc trinh (Việt Nam, Family with older children): ""Good hotel""",Free Wi-Fi ; Pool with view; Free parking; Front desk [24-hour]; Fitness center; Restaurants; Bar; Golf course,https://www.agoda.com/cherry-airport-hotel-and-apartment/hotel/ho-chi-minh-city-vn.html,https://pix8.agoda.net/hotelImages/87475901/0/d6aa4c067524e37e8e8ef7c8d8de2ac0.jpg?ce=3
10971,Caravelle Saigon Hotel,5.0,34,Hotel,Ho Chi Minh City,District 1,8011122,9.0,8143,92,"[10.0/10] junghwa (South Korea, Business traveler): ""I've been many high star hotels but this is the best one."" || [10.0/10] Helen (Hong Kong SAR, China, Solo traveler): ""As usual, it is a always a great place to stay in HCMC."" || [10.0/10] Albert (Australia, Couple): ""A very classy establishment and an enjoyable stay overall.""",Free Wi-Fi ; Car park; Spa; Front desk [24-hour]; Fitness center; Restaurants; Bar; Massage,https://www.agoda.com/caravelle-saigon-hotel/hotel/ho-chi-minh-city-vn.html,https://pix8.agoda.net/hotelImages/6249915/0/68c8741d9375c89028c791827346e44c.jpg?ca=9&ce=1
87898716,Pink Horizon Saigon Airport Hotel,3.0,34,Hotel,Ho Chi Minh City,Tân Bình,,8.3,86,84,"[10.0/10] Fairy (Việt Nam, Solo traveler): ""I booked a room for my vacation, and everything was great."" || [10.0/10] Chris (Singapore, Solo traveler): ""I loved the Pink Suite Luxury with the balcony."" || [9.6/10] Kathryn Hapa (Australia, Solo traveler): ""Staff were extremely helpful and respectful.""",Free Wi-Fi ; Free parking; Front desk [24-hour]; Restaurants; Shuttle service; Family room; Kitchen; Luggage storage,https://www.agoda.com/pink-horizon-hotel/hotel/ho-chi-minh-city-vn.html,https://pix8.agoda.net/hotelImages/87898716/0/4cf19b40d2c2b0789c440e409c5e3ba6.jpg?ce=3
1158663,Roseland Corp Hotel,3.5,34,Hotel,Ho Chi Minh City,District 1,2542379,9.0,4222,95,"[10.0/10] Tony (Australia, Solo traveler): ""I would definitely stay there again if in the area again"" || [10.0/10] Jenny (Canada, Solo traveler): ""Great location, breakfast is great, good value for money."" || [10.0/10] Tony (Australia, Solo traveler): ""The location was very central to all facilities""",Free Wi-Fi ; Front desk [24-hour]; Restaurants; Airport transfer; Luggage storage; Breakfast; Room service; Business center,https://www.agoda.com/roseland-corp-hotel/hotel/ho-chi-minh-city-vn.html,https://pix8.agoda.net/hotelImages/1158663/0/aaec6a75ed0bea9ef90d0f967bd0fa1b.jpg?ce=3
36088679,Celine Living - Central,4.0,120,Hotel,Ho Chi Minh City,District 3,2036504,9.1,3385,93,"[10.0/10] Kim (Canada, Group): ""He always greets with genuine warmth and professionalism."" || [10.0/10] cheryl (Vietnam, Family with older children): ""We loved being in an apartment with more space."" || [9.6/10] Jessica (Canada, Couple): ""Rooms were great and well kept, comfortable bed and pillows.""",Free Wi-Fi ; Pool with view; Free parking; Spa; Front desk [24-hour]; Bar; Golf course; Massage,https://www.agoda.com/celine-living-central/hotel/ho-chi-minh-city-vn.html,https://pix8.agoda.net/hotelImages/36088679/-1/23c5fe88332cddae5252b15076321228.jpg?ce=0
35412483,SaiGon Europe Hotel - Bui Vien Walking Street,3.0,34,Hotel,Ho Chi Minh City,District 1,634940,7.5,1653,,"[8.8/10] john (Australia, Solo traveler): ""Inexpensive hotel dated but excellent location and staff"" || [10.0/10] Antony (Laos, Solo traveler): ""The bathroom is superb and toweling is soft and plush."" || [9.6/10] Kelly (Australia, Couple): ""Great staff, location, room and wifi at a very good price.""",Free Wi-Fi ; Spa; Front desk [24-hour]; Bar; Airport transfer; Family room; Luggage storage; Pets allowed,https://www.agoda.com/saigon-europe-hotel-h35412483/hotel/ho-chi-minh-city-vn.html,https://pix8.agoda.net/hotelImages/35412483/0/83f066c30bc20dfdd1f159144d2f4e02.jpg?ce=2
1161655,Bay Hotel Ho Chi Minh,4.0,34,Hotel,Ho Chi Minh City,District 1,2825298,8.3,5984,84,"[8.0/10] Lai (台灣, Group): ""Near Japanese village where is the heart of D1 in HCMC."" || [10.0/10] dahalane (Vietnam, Solo traveler): ""She was attentive, friendly, and made us feel truly welcome."" || [10.0/10] Chris (Australia, Couple): ""I had the burger and fries it was very tasty and enjoyable""",Free Wi-Fi ; Pool with view; Front desk [24-hour]; Fitness center; Restaurants; Bar; Golf course; Airport transfer,https://www.agoda.com/bay-hotel-ho-chi-minh/hotel/ho-chi-minh-city-vn.html,https://pix8.agoda.net/hotelImages/1161655/0/dc70f10f5d32368023741da480050ce2.jpg?ce=3
75242621,KAS Milestone Premium Hotel,4.0,34,Hotel,Ho Chi Minh City,District 1,,8.8,126,85,"[9.6/10] Yuna (South Korea, Couple): ""The room was spacious enough, clean, and comfortable."" || [9.6/10] Chloe Wong (中國香港, Couple): ""We would definitely recommend this hotel to other travelers."" || [10.0/10] Cuong (United States, Couple): ""Location is convenience too , close to everything i needed.""",Free Wi-Fi ; Front desk [24-hour]; Fitness center; Restaurants; Bar; Luggage storage; Pets allowed; Rooftop area,https://www.agoda.com/the-kas-hotel-saigon-h75242621/hotel/ho-chi-minh-city-vn.html,https://pix8.agoda.net/hotelImages/75242621/0/a9120590bfc3541f942cfc125f4aa09f.jpg?ce=3
51756230,The Concept Hotel HCMC- City Center,4.0,34,Hotel,Ho Chi Minh City,District 1,1688742,8.9,3081,89,"[9.6/10] WAN KIN (Singapore, Solo traveler): ""The staff truly made the experience exceptional."" || [10.0/10] Caecee (Malaysia, Solo traveler): ""It is a new build hotel in town."" || [10.0/10] Caecee (Malaysia, Solo traveler): ""Newly open hotel!!""",Free Wi-Fi ; Front desk [24-hour]; Fitness center; Family room; Luggage storage; Laundry; Safety deposit boxes; Non-smoking rooms,https://www.agoda.com/the-concept-hotel-hcmc-city-center/hotel/ho-chi-minh-city-vn.html,https://pix8.agoda.net/hotelImages/51756230/0/6d7ba8ae4293025507c2091c514c45b4.jpg?ce=2
89597070,The Crown Airport Hotel,3.0,34,Hotel,Ho Chi Minh City,Tân Bình,,8.9,154,85,"[10.0/10] Chris (Singapore, Solo traveler): ""Brand new hotel with everything you need!"" || [10.0/10] Chris (Singapore, Solo traveler): ""Everything in the room is brand new."" || [10.0/10] agatha (Philippines, Family with young children): ""Room is clean and newly renovated.""",Free Wi-Fi ; Free parking; Front desk [24-hour]; Airport transfer; Family room; Luggage storage; Room service; Laundry,https://www.agoda.com/the-crown-airport-hotel/hotel/ho-chi-minh-city-vn.html,https://pix8.agoda.net/hotelImages/89597070/0/4336e87b68899ae322146efb03320480.jpg?ce=3
62095680,The Concept Hotel HCMC - Premium,4.0,34,Hotel,Ho Chi Minh City,District 3,1485031,9.0,1816,91,"[10.0/10] SHIN (Hong Kong SAR, China, Couple): ""Hotel is clean and very quiet for a peaceful night."" || [10.0/10] Evelyn (Singapore, Group): ""The rooms here were spacious, well appointed and clean."" || [10.0/10] stefan (United States, Solo traveler): ""It is super clean and just a great place to relax and rest.""",Free Wi-Fi ; Front desk [24-hour]; Fitness center; Luggage storage; Salon; Laundry; Safety deposit boxes; Non-smoking rooms,https://www.agoda.com/the-concept-hotel-hcmc-premium-h62095680/hotel/ho-chi-minh-city-vn.html,https://pix8.agoda.net/hotelImages/62095680/-1/6d1643cc49bcb3fe831227e938ded474.jpg?ce=0
34309448,SOTETSU GRAND FRESA SAIGON,4.0,34,Hotel,Ho Chi Minh City,District 1,2989762,9.2,6574,96,"[10.0/10] Benjamin Jr (Philippines, Couple): ""The hotel is also very clean and the room is spacious."" || [10.0/10] Yu Chien (越南, Solo traveler): ""Wonderful team, and service, room is clean and comfortable."" || [9.6/10] Eliza (Australia, Family with older children): ""Food and breakfast in restaurant is delicious and fresh.""",Free Wi-Fi ; Swimming pool; Front desk [24-hour]; Fitness center; Restaurants; Airport transfer; Luggage storage; Rooftop area,https://www.agoda.com/sotetsu-grand-fresa-saigon-hotel/hotel/ho-chi-minh-city-vn.html,https://pix8.agoda.net/hotelImages/34309448/-1/bd36416aeed7635cb719aa7f7dd82dd9.jpg?ce=0
43241722,The Noble Swan Central Dong Du Hotel,3.0,34,Hotel,Ho Chi Minh City,District 1,1308709,6.9,999,,"[10.0/10] Charles (Philippines, Solo traveler): ""Their hospitality made the stay feel personal and welcoming."" || [8.4/10] Sarah (Indonesia, Couple): ""And quite, Overall I’m quiet satisfied with the hotel."" || [10.0/10] Hong Ngan (Việt Nam, Business traveler): ""Best location to sightseeing places and riverside""",Free Wi-Fi ; Spa; Front desk [24-hour]; Golf course (within 3 km); Massage; Airport transfer; Family room; Luggage storage,https://www.agoda.com/dong-du-hotel_3/hotel/ho-chi-minh-city-vn.html,https://pix8.agoda.net/hotelImages/43241722/0/c146dc8625c125b5267932c72e22eac4.jpeg?ce=0
90514486,KunKin Retreat,4.0,34,Hotel,Ho Chi Minh City,District 3,,8.9,11,82,"[10.0/10] Ying (China, Solo traveler): ""Highly recommend this hotel."" || [10.0/10] Ying (China, Solo traveler): ""Recommend to everyone!""",Free Wi-Fi ; Swimming pool; Front desk [24-hour]; Fitness center; Restaurants; Bar; Airport transfer; Kitchen,https://www.agoda.com/kunkin-retreat-hotel/hotel/ho-chi-minh-city-vn.html,https://pix8.agoda.net/hotelImages/90514486/0/166d0132a281e435ca4ebbe9e4067338.jpg?ce=3
63810012,MG Rosé Boutique Hotel,3.0,34,Hotel,Ho Chi Minh City,District 1,602838,7.8,927,,"[7.2/10] Marieben Zara (Philippines, Couple): ""Fantastic location, easy to explore other tourists spots."" || [9.6/10] Christian  (Vietnam, Couple): ""The location is ideal and everything is within distance."" || [9.2/10] HENRY (Vietnam, Couple): ""Everything was tidy and the bed was very comfortable.""",Free Wi-Fi ; Check-in [24-hour]; Shuttle service; Luggage storage; Hot tub; Taxi service; Non-smoking rooms; Air conditioning in public area,https://www.agoda.com/mg-rose-boutique-hotel/hotel/ho-chi-minh-city-vn.html,https://pix8.agoda.net/hotelImages/63810012/0/e04dcda4f9d8c0f25edc3508633034f0.jpg?ce=3
298923,Hung Huong Hotel,1.0,34,Hotel,Ho Chi Minh City,Tân Bình,394181,7.4,330,,"[10.0/10] Hoang  (Vietnam, Solo traveler): ""Clean, close to the airport, cheap, friendly staff"" || [10.0/10] Rasheed (United Kingdom, Solo traveler): ""A very good hotel to stay in for any traveller"" || [10.0/10] Mây (Việt Nam, Couple): ""Fully furnished, clean room and comfortable""",Free Wi-Fi ; Free parking; Front desk [24-hour]; Restaurants; Family room; Luggage storage; Rooftop area; Breakfast,https://www.agoda.com/hung-huong-hotel/hotel/ho-chi-minh-city-vn.html,https://pix8.agoda.net/hotelImages/298923/0/b1bb774d893e1af2063f59a88340417f.jpg?ce=3
7295630,Chotel Ben Thanh,3.5,34,Hotel,Ho Chi Minh City,District 1,1148134,8.4,8222,85,"[9.6/10] Patricia (Philippines, Couple): ""Spent less but overall experience is beyond expectation"" || [8.4/10] Ky (Vietnam, Couple): ""The Chill Suites has become one of our favorite hotel."" || [9.6/10] Vinay (India, Couple): ""Located in the city centre easy access to all places""",Free Wi-Fi ; Front desk [24-hour]; Luggage storage; Laundry; Taxi service; Safety deposit boxes; Bicycle parking; Non-smoking rooms,https://www.agoda.com/the-chill-suites-city-center/hotel/ho-chi-minh-city-vn.html,https://pix8.agoda.net/hotelImages/7295630/-1/2b58c1ffbde7b3e02d0ce37c5138d8a6.jpg?ce=0
36861374,Lotus  Airport  Hotel Saigon,3.0,34,Hotel,Ho Chi Minh City,Tân Bình,666667,8.7,2568,84,"[10.0/10] Ẩn danh (Singapore, Solo traveler): ""Secondly, the room is very clean, with fantastic amenities."" || [10.0/10] Anish (India, Solo traveler): ""It was a pleasant stay and the service was very good."" || [10.0/10] Tung (United States, Family with young children): ""Affordable Hotel in Saigon with friendly and helpful staffs.""",Free Wi-Fi ; Free parking; Front desk [24-hour]; Bar; Airport transfer; Family room; Luggage storage; Room service [24-hour],https://www.agoda.com/lotus-airport-hotel-saigon/hotel/ho-chi-minh-city-vn.html,https://pix8.agoda.net/hotelImages/36861374/-1/ce095b4a2e4899ef57384dcabc7d6a5f.jpg?ce=0
81824485,PureJoy Hotel Saigon,4.0,34,Hotel,Ho Chi Minh City,District 1,1921928,9.2,805,92,"[10.0/10] Mary Glen (Hong Kong SAR, China, Couple): ""Surrounded by lots of places to eat and convenience store."" || [10.0/10] kok chin (Malaysia, Couple): ""New hotel."" || [10.0/10] Sammy (Singapore, Solo traveler): ""Room was cosy and big enough for a solo traveller,""",Free Wi-Fi ; Front desk [24-hour]; Luggage storage; Non-smoking rooms; Daily housekeeping; Elevator; Doorman; Litter boxes,https://www.agoda.com/purejoy-hotel-saigon/hotel/ho-chi-minh-city-vn.html,https://pix8.agoda.net/hotelImages/81824485/0/987821bada6a365145f2556f84b97622.jpg?ce=3
85395993,Beige Hotel,3.0,34,Hotel,Ho Chi Minh City,District 1,675156,8.8,188,89,"[10.0/10] Lu-anne (Singapore, Solo traveler): ""Another nice touch was the large smart TV in the room."" || [10.0/10] Lu-anne (Singapore, Solo traveler): ""It made it easy to relax and unwind after a long day."" || [10.0/10] Lu-anne (Singapore, Solo traveler): ""I had a genuinely pleasant stay at Beige Hotel.""",Free Wi-Fi ; Front desk [24-hour]; Restaurants; Bar; Airport transfer; Kitchen; Luggage storage; Rooftop area,https://www.agoda.com/beige-hotel/hotel/ho-chi-minh-city-vn.html,https://pix8.agoda.net/hotelImages/85395993/0/db7e156cdaf89b6a7b019ee444930c49.jpg?ce=3
76065784,KAS Dilly Hotel,3.0,34,Hotel,Ho Chi Minh City,District 1,994816,8.8,171,86,"[10.0/10] Marta (Poland, Couple): ""The staff went out of their way to make us feel welcome,"" || [8.8/10] YAP (Malaysia, Group): ""Will stay this Hotel again if I Visit Hoh Chi Minh City"" || [9.6/10] Paula  (Argentina, Couple): ""The hotel is quiet, well-managed, and very comfortable.""",Free Wi-Fi ; Car park; Spa; Front desk [24-hour]; Happy hour; Airport transfer; Luggage storage; Pets allowed,https://www.agoda.com/kas-mays-saigon/hotel/ho-chi-minh-city-vn.html,https://pix8.agoda.net/hotelImages/76065784/0/e1e96189be666a3289cd54ad26b6098f.jpg?ce=3
33985059,Golden Lotus Grand Da Nang,4.0,34,Hotel,Da Nang,Phước Mỹ,3666695,9.3,7427,94,"[10.0/10] Sakshi (Australia, Couple): ""Amazing location, staff, services and facilities."" || [10.0/10] Thanh (Canada, Couple): ""We look forward to staying at the Golden Lotus Grand again!"" || [10.0/10] Ming chien (台灣, Couple): ""Staff are friendly and helpful as Khanh Tham and Tien Ang.""",Beach; Free Wi-Fi ; Pool with view; Car park; Spa; Front desk [24-hour]; Fitness center; Restaurants,https://www.agoda.com/golden-lotus-grand-da-nang/hotel/da-nang-vn.html,https://pix8.agoda.net/hotelImages/33985059/-1/046fb3afd075d77cb4fb7e67b930c96f.jpg?ce=0
15949242,Canvas Danang Beach Hotel,4.0,34,Hotel,Da Nang,Phước Mỹ,2735193,8.9,5023,91,"[10.0/10] lyon (Singapore, Couple): ""Checkout their infinity pool the best view facing the ocean."" || [8.0/10] Jeanne (Philippines, Solo traveler): ""The rooms were also clean, comfortable & well maintained."" || [10.0/10] C (Australia, Family with older children): ""THE ROOMS! Great furnishings, super clean, well planned.""",Beachfront; Free Wi-Fi ; Pool with view; Free parking; Spa; Front desk [24-hour]; Fitness center; Restaurants,https://www.agoda.com/canvas-danang-beach-hotel/hotel/da-nang-vn.html,https://pix8.agoda.net/hotelImages/15949242/0/4fccec77965dc55ac5f54da4b2de8980.jpg?ce=2
2911802,New Orient Hotel Da Nang,4.5,34,Hotel,Da Nang,Hải Châu,2143039,9.1,7947,93,"[10.0/10] Michelle (Philippines, Couple): ""We also received excellent service from Anh and Lua at Elys."" || [10.0/10] Yongquan (Singapore, Couple): ""A special shoutout to Lucy, who made our stay unforgettable."" || [9.6/10] Czarina (Philippines, Family with older children): ""The room was clean and the breakfast had a great selection.""",Beach; Free Wi-Fi ; Pool with view; Free parking; Spa; Front desk [24-hour]; Fitness center; Restaurants,https://www.agoda.com/new-orient-hotel-da-nang/hotel/da-nang-vn.html,https://pix8.agoda.net/hotelImages/2911802/0/cdf34542c16dadcf33c0e67e04c9dde0.jpg?ce=2
2401246,Dylan Hotel Danang,4.0,34,Hotel,Da Nang,Phước Mỹ,929571,8.6,1941,,"[10.0/10] Ha (Việt Nam, Couple): ""The room was clean, well-equipped, and cleaned daily."" || [10.0/10] Nhu (Thái Lan, Couple): ""I was very satisfied with the quality of the room."" || [10.0/10] hieu (Úc, Couple): ""I was very satisfied with my experience at Dylan Hotel.""",Beach; Free Wi-Fi ; Pool with view; Light therapy; Front desk [24-hour]; Restaurants; Bar; Golf course,https://www.agoda.com/dylan-hotel-danang_2/hotel/da-nang-vn.html,https://pix8.agoda.net/hotelImages/2401246/-1/2513c37cc5b16dcd022b68de3082de91.jpg?ce=0
50599322,Sea Near Me Hotel Danang,4.0,34,Hotel,Da Nang,Phước Mỹ,867237,8.4,1838,,"[10.0/10] Drishti (Ấn Độ, Couple): ""It is a nice hotel, clean, modern, good value for the money."" || [9.2/10] Petr (Czech Republic, Solo traveler): ""The hotel room was clean and quiet, ensuring a restful stay."" || [10.0/10] Brian (Vietnam, Business traveler): ""Comfortable beds and most importantly helpful kind staff.""",Beach; Free Wi-Fi ; Pool with view; Free parking; Front desk [24-hour]; Restaurants; Bar; Golf course,https://www.agoda.com/sea-near-me-hotel-danang/hotel/da-nang-vn.html,https://pix8.agoda.net/hotelImages/50599322/0/008a87faf2e6aa5425d6b7b85721e995.jpg?ce=3
4435798,Hanami Hotel Danang,3.0,34,Hotel,Da Nang,Phước Mỹ,839122,8.6,2932,,"[10.0/10] Orlando (Sweden, Couple): ""I would say that the service at the Hanami was excellent"" || [10.0/10] avneesh (India, Couple): ""A must stay and most value for money hotel in entire danang"" || [10.0/10] Zoé (Mexico, Couple): ""The staff was very friendly and made me feel very welcome.""",Beach; Free Wi-Fi ; Free parking; Front desk [24-hour]; Restaurants; Bar; Airport transfer; Family room,https://www.agoda.com/hanami-hotel-danang_2/hotel/da-nang-vn.html,https://pix8.agoda.net/hotelImages/4435798/-1/a0e72beeed3ada9323e0cb82d058085a.jpg?ce=0
58826821,Haya Hotel Danang,3.0,34,Hotel,Da Nang,Phước Mỹ,879795,7.8,783,,"[10.0/10] So-Hee (Hàn Quốc, Couple): ""Provided a room that met my requirements during my stay."" || [10.0/10] Clare (Việt Nam, Couple): ""I enjoyed my stay in the room, they gave me an upgrade."" || [10.0/10] Seo  (United States, Couple): ""The hotel is modern, clean, and well-located near the beach.""",Beach; Free Wi-Fi ; Free parking; Front desk [24-hour]; Bar; Family room; Luggage storage; Room service,https://www.agoda.com/haya-hotel-beach/hotel/da-nang-vn.html,https://pix8.agoda.net/hotelImages/58826821/-1/dfd15dbad9fe312f854dc8a664647bdb.png?ce=0
59620000,Star Near Me Hotel and Spa Danang,4.0,34,Hotel,Da Nang,An Hai Bac,1246501,7.7,639,,"[10.0/10] Perla (Mexico, Couple): ""Bed is very comfortable, it's clean and staff are great."" || [10.0/10] tak (タイ, Solo traveler): ""Happy that was upgraded to a high floor city view room."" || [9.6/10] Ria (United States, Solo traveler): ""The rooms are spacious, especially the Executive Room.""",Beach; Free Wi-Fi ; Swimming pool; Free parking; Front desk [24-hour]; Restaurants; Airport transfer; Family room,https://www.agoda.com/star-near-me-hotel-danang/hotel/da-nang-vn.html,https://pix8.agoda.net/hotelImages/59620000/-1/033987be59b48b34f97f4e995ab914e9.png?ce=0
2915722,Fivitel Da Nang Hotel,4.0,34,Hotel,Da Nang,Phước Mỹ,1561690,9.0,7817,93,"[10.0/10] Sunil Kumar (India, Family with young children): ""This thoughtful gesture truly reflects their 5-star service."" || [10.0/10] Jordan (Canada, Solo traveler): ""Was integral in managing my stay and keeping me at Fivitel."" || [10.0/10] Kevin (Vietnam, Couple): ""Excellent breakfast, friendly staff and easy to get around.""",Free Wi-Fi ; Swimming pool; Free parking; Spa; Front desk [24-hour]; Fitness center; Restaurants; Bar,https://www.agoda.com/fivitel-da-nang-hotel/hotel/da-nang-vn.html,https://pix8.agoda.net/hotelImages/2915722/-1/76a5daeb13863b20a9446577139d92a8.jpg?ca=28&ce=0
6534301,Royal Beach Hotel,4.0,34,Hotel,Da Nang,Phước Mỹ,983559,8.6,4195,80,"[9.2/10] TzeTsun (中國, Solo traveler): ""The room was very spacious, and I loved the ambiance."" || [9.6/10] SHARON (India, Solo traveler): ""The hotel and rooms were clean, well-equipped, and pleasant."" || [10.0/10] Ung (Vietnam, Couple): ""The staff are welcoming and make you feel at home""",Beach; Free Wi-Fi ; Swimming pool; Free parking; Spa; Front desk [24-hour]; Massage; Airport transfer,https://www.agoda.com/golden-rose-3/hotel/da-nang-vn.html,https://pix8.agoda.net/hotelImages/6534301/0/456d1a37c2137442506ffb1515e9d24a.jpg?ce=3
16063401,Golden Lotus Hotel Da Nang - Rooftop Bar Sea View,4.0,34,Hotel,Da Nang,Phước Mỹ,1991986,9.2,5498,88,"[8.8/10] Gary (United States, Group): ""The room was clean, and the amenities were great."" || [8.8/10] Gary (United States, Group): ""They were always smiling, which made us feel very welcome."" || [10.0/10] Nusrat (United States, Group): ""Helen at the front desk was really helpful and kind.""",Beach; Free Wi-Fi ; Pool with view; Free parking; Spa; Front desk [24-hour]; Fitness center; Restaurants,https://www.agoda.com/golden-lotus-hotel/hotel/da-nang-vn.html,https://pix8.agoda.net/hotelImages/16063401/-1/e300d3b8b4fc6bb0191fb87726cc74cd.jpg?ce=0
74957819,Wyndham Soleil Danang - Free Schedule Airport Shuttle,5.0,34,Hotel,Da Nang,Phước Mỹ,3702631,8.2,1802,,"[10.0/10] Aziretaly (Kyrgyzstan, Couple): ""He made our stay even more comfortable and memorable."" || [10.0/10] Chau (United States, Family with young children): ""Rooms are very large and comfortable for family of 4."" || [10.0/10] Rodolfo (United States, Solo traveler): ""I stayed here for the month and was very happy with my stay.""",Beach; Free Wi-Fi ; Pool with view; Free parking; Spa; Front desk [24-hour]; Fitness center; Restaurants,https://www.agoda.com/wyndham-soleil-danang/hotel/da-nang-vn.html,https://pix8.agoda.net/hotelImages/74957819/0/09608658476afb19522a738cb6b7abfc.png?ce=3
40283156,Golden Lotus Luxury Hotel Da Nang - Complimentary Daily Afternoon Tea ,4.0,34,Hotel,Da Nang,Phước Mỹ,1943518,9.0,4953,88,"[10.0/10] Robert (Philippines, Couple): ""The pool was a great place to relax and was well maintained."" || [9.6/10] James (United Kingdom, Couple): ""Rooms are huge and newly refurbished bathrooms were ideal."" || [8.8/10] wanida (Thailand, Couple): ""Rachel tried very hard to help regarding an issue we had .""",Beach; Free Wi-Fi ; Pool with view; Free parking; Spa; Front desk [24-hour]; Fitness center; Restaurants,https://www.agoda.com/golden-lotus-luxury/hotel/da-nang-vn.html,https://pix8.agoda.net/hotelImages/40283156/0/2cb07e9172ffd65479f607310fd32182.jpg?ce=2
33702497,"Wink Danang Centre, Unscripted by Hyatt - 24 hours stay",4.0,34,Hotel,Da Nang,Hải Châu,1743168,9.0,11094,90,"[10.0/10] Alton (United States, Solo traveler): ""They have a laundry facility on site as well is very modern."" || [9.6/10] Hoi (United States, Couple): ""The hotel is nice, the staffs is super friendly and helpful."" || [10.0/10] tung (Vietnam, Business traveler): ""I tried both Wink locations and OMG how amazing it has been.""",Beach; Free Wi-Fi ; Free parking; Front desk [24-hour]; Fitness center; Restaurants; Bar; Yoga room,https://www.agoda.com/wink-hotel-danang-centre/hotel/da-nang-vn.html,https://pix8.agoda.net/hotelImages/33702497/0/770fd73ee3f51144f6e16603c92f91d8.jpg?ce=3
30976878,SEA LIGHT HOTEL DA NANG,3.0,34,Hotel,Da Nang,Phước Mỹ,755832,8.5,1746,,"[10.0/10] Trần Khánh (Việt Nam, Couple): ""Spacious room, good facilities and a nice location."" || [10.0/10] Mr (United Kingdom, Solo traveler): ""So good that I stayed there again after visiting Thailand."" || [10.0/10] Frederique (Vietnam, Couple): ""The room is clean, comforting, air-conditioned powerful.""",Free Wi-Fi ; Free parking; Front desk [24-hour]; Restaurants; Shuttle service; Family room; Luggage storage; Balcony/terrace,https://www.agoda.com/sea-light-hotel-da-nang/hotel/da-nang-vn.html,https://pix8.agoda.net/hotelImages/30976878/-1/076e2a055319fdfdb808b9c27ded8676.jpg?ce=0
78233501,Sujet Beach Hotel Da Nang by Haviland,0.0,34,Hotel,Da Nang,An Hai Bac,913124,8.9,1016,86,"[10.0/10] Amber (United Kingdom, Couple): ""The staff were very friendly and helpful during our stay."" || [10.0/10] Ankit (Vietnam, Solo traveler): ""Thanks to a great staff Khanh Hung Quan Duyen Huy Quoc Tu"" || [10.0/10] Lucy (United Kingdom, Solo traveler): ""The 24H reception is a big help and the breakfast is great!""",Free Wi-Fi ; Swimming pool; Front desk [24-hour]; Fitness center; Restaurants; Airport transfer; Pool (kids); Luggage storage,https://www.agoda.com/sujet-beach-hotel-and-apartment-danang-by-haviland/hotel/da-nang-vn.html,https://pix8.agoda.net/hotelImages/78233501/0/9ff3333c55fdec699b4d5dec84a0288b.jpg?ce=2
36827082,"Wink Danang Riverside, Unscripted by Hyatt- 24 hours stay",5.0,34,Hotel,Da Nang,Phước Mỹ,2118336,8.8,4351,87,"[10.0/10] Lorraine (Australia, Family with young children): ""Super clean and awesome location close to the Dragon Bridge."" || [9.2/10] Natalie (South Korea, Family with young children): ""My kids love the hotel and the delicious breakfast."" || [10.0/10] Greg (United States, Solo traveler): ""The location was great and the breakfast buffet is the best.""",Beach; Free Wi-Fi ; Pool with view; Free parking; Spa; Front desk [24-hour]; Fitness center; Restaurants,https://www.agoda.com/wink-hotel-danang-riverside/hotel/da-n-ng-vn.html,https://pix8.agoda.net/hotelImages/83513339/0/010e5c58263b3f351155b1b6854baa47.jpeg?ce=3
86583252,Sujet Marina Hotel Da Nang By Haviland,4.0,34,Hotel,Da Nang,Hải Châu,,9.3,180,92,"[10.0/10] Akira (Vương quốc Anh, Solo traveler): ""My overall experience at the hotel exceeded my expectations"" || [9.6/10] Sevda (Deutschland, Solo traveler): ""The staff is incredibly friendly, helpful, and supportive."" || [10.0/10] Adam (Hoa Kỳ, Solo traveler): ""The staff handled everything quickly and professionally.""",Free Wi-Fi ; Free parking; Front desk [24-hour]; Restaurants; Happy hour; Airport transfer; Family room; Kitchen,https://www.agoda.com/sujet-marina-da-nang-hotel-by-haviland/hotel/da-nang-vn.html,https://pix8.agoda.net/hotelImages/86583252/0/4694af1e873f4c015a579205f123a652.jpg?ce=3
32712889,Solara Diamond Hotel Da Nang,4.0,34,Hotel,Da Nang,Phước Mỹ,,8.0,203,,"[9.6/10] Amy (United Kingdom, Couple): ""We had a lovely stay, view was stunning of the city and sea."" || [9.6/10] Pankaj (India, Group): ""Hotel Location is walking distance from Beach."" || [10.0/10] Nichille Ivy (Philippines, Family with young children): ""They have clean sheets and towels (super thumbs up).""",Beach; Free Wi-Fi ; Pool with view; Front desk [24-hour]; Fitness center; Restaurants; Airport transfer; Family room,https://www.agoda.com/kova-diamond-hotel-da-nang/hotel/da-nang-vn.html,https://pix8.agoda.net/hotelImages/32712889/-1/7fddb30478885035a5149b292b588668.jpg?ce=0
59517049,Sujet Hotel Da Nang By Haviland,3.0,34,Hotel,Da Nang,Hải Châu,554617,8.9,1815,88,"[10.0/10] Hamilton (Malaysia, Group): ""Plus, you can rent a bike from this hotel too like i did."" || [10.0/10] Edison (China, Solo traveler): ""The rooftop bar’s sunset view was the perfect way to unwind."" || [10.0/10] Sylvia (United States, Solo traveler): ""The room & bathrooms were clean and my bed was comfortable.""",Free Wi-Fi ; Front desk [24-hour]; Airport transfer; Kitchenette; Luggage storage; Laundry; Locker; Non-smoking rooms,https://www.agoda.com/sujet-hotel-danang/hotel/da-nang-vn.html,https://pix8.agoda.net/hotelImages/59517049/0/ad4eb9c664fc4eea7bbbd8f2cac62990.jpeg?ce=0
1214913,Centre Hotel,3.0,34,Hotel,Da Nang,Hải Châu,737915,8.1,23428,,"[9.2/10] Edmund (Singapore, Group): ""First choice during my trip to Da nang for these few years"" || [9.6/10] Rheavelyn (Philippines, Group): ""The room has a huge living area for everyone to bond."" || [10.0/10] Win Htut (Singapore, Solo traveler): ""The room was spacious, clean, and very comfortable.""",Free Wi-Fi ; Free parking; Front desk [24-hour]; Restaurants; Bar; Golf course (within 3 km); Water park; Airport transfer,https://www.agoda.com/centre-hotel/hotel/da-nang-vn.html,https://pix8.agoda.net/hotelImages/1214913/-1/637785361870163888c240f2d0c0a84a.jpg?ca=29&ce=0
8825326,G8 Luxury Hotel Da Nang,4.0,34,Hotel,Da Nang,Hải Châu,1453538,8.7,7573,81,"[9.6/10] Rakesh (India, Couple): ""Everything in room, and bathroom were exemplary."" || [10.0/10] My (Việt Nam, Couple): ""They were very helpful and made my stay more comfortable."" || [10.0/10] Karen (Hong Kong SAR, China, Family with older children): ""Our room is big,bed is comfy and pillow, room is clean,""",Free Wi-Fi ; Swimming pool; Free parking; Spa; Front desk [24-hour]; Restaurants; Bar; Golf course,https://www.agoda.com/g8-luxury-hotel-and-spa-da-nang/hotel/da-nang-vn.html,https://pix8.agoda.net/hotelImages/8825326/-1/17714107aca4c471dbd982ec94376a0e.jpg?ce=0
517713,Orange City Center Hotel Da Nang - Near Han Market & Dragon Brigde,3.0,34,Hotel,Da Nang,Hải Châu,596423,7.7,1112,,"[10.0/10] Seno (Philippines, Solo traveler): ""The hotel is clean which i like the most,"" || [10.0/10] Nguyễn tùng (Vietnam, Couple): ""Clean, airy rooms, with windows and large bathtubs!"" || [10.0/10] Li (Việt Nam, Couple): ""The price is extremely reasonable , great value for money.""",Free Wi-Fi ; Free parking; Spa; Front desk [24-hour]; Restaurants; Bar; Massage; Airport transfer,https://www.agoda.com/orange-hotel/hotel/da-nang-vn.html,https://pix8.agoda.net/hotelImages/517713/0/43c1e92b116cc983461abb7b07396306.png?ce=3
8264400,Rest Hotel & Apartment,3.5,120,Hotel,Da Nang,Hải Châu,939692,8.3,1354,,"[10.0/10] Savr (Russia, Solo traveler): ""Hong from customer service was helpful with advice"" || [10.0/10] Julia (Deutschland, Couple): ""Wonderful accommodation with large, clean rooms."" || [10.0/10] Andrey (United Kingdom, Solo traveler): ""My mistake was not booking here straight away.""",Free Wi-Fi ; Pool with view; Free parking; Front desk [24-hour]; Fitness center; Bar; Golf course; Airport transfer,https://www.agoda.com/rest-hotel-apartment/hotel/da-nang-vn.html,https://pix8.agoda.net/hotelImages/8264400/0/70caf816ca9b60f0abea79332dc929c2.jpg?ce=2
89418023,Dorm Beachside Da Nang By Haviland ,2.0,29,NonHotel,Da Nang,Phước Mỹ,,9.3,326,95,"[10.0/10] Albina (Vietnam, Solo traveler): ""Her attitude made my stay even more pleasant."" || [10.0/10] Frank (Ý, Solo traveler): ""The staff handled everything quickly and professionally."" || [10.0/10] Albina (Vietnam, Solo traveler): ""The beds are big, comfortable, and very clean.""",Free Wi-Fi ; Check-in [24-hour]; Airport transfer; Luggage storage; Room service; Non-smoking rooms; Daily housekeeping; Air conditioning in public area,https://www.agoda.com/dorm-beachside-hotel-hostel-by-haviland-h88413226/hotel/da-nang-vn.html,https://pix8.agoda.net/hotelImages/89418023/0/9b1351b6c0beb521a10c95f5fc7009e5.png?ce=3
161693,Sun River Hotel,3.5,34,Hotel,Da Nang,Hải Châu,2025143,8.4,6092,83,"[9.2/10] Rachel (Philippines, Couple): ""Highly recommend due to value for money and location"" || [9.2/10] Supanat (Thailand, Couple): ""This hotel is in the best location and the room is large ."" || [10.0/10] Kam (United Kingdom, Couple): ""A great buffet breakfast give you a unforgettable memory.""",Free Wi-Fi ; Front desk [24-hour]; Restaurants; Bar; Family room; Luggage storage; Hot tub; Breakfast,https://www.agoda.com/sun-river-hotel/hotel/da-nang-vn.html,https://pix8.agoda.net/hotelImages/161693/0/a7bb18ca8726cbbc15cfd4ffbbf38e7e.jpg?ce=3
92050695,Sevana Hotel Mỹ Khê,3.0,34,Hotel,Da Nang,An Hai Bac,,9.7,37,100,"[10.0/10] Don (United States, Group): ""We booked the deluxe Suite and couldn’t be happier."" || [10.0/10] The (Philippines, Business traveler): ""We enjoyed our stay! very clean and accomodating staff."" || [10.0/10] Rhoda (Isle Of Man, Couple): ""The staff are polite, helpful and nice.""",Free Wi-Fi ; Swimming pool; Free parking; Front desk [24-hour]; Fitness center; Airport transfer; Pool (kids); Kitchen,https://www.agoda.com/sevana-hotel-apartment-da-n-ng/hotel/da-nang-vn.html,https://pix8.agoda.net/hotelImages/92050695/0/50ade6c74e1311a4481f76ff0a6d3a54.jpg?ce=3
89104373,Ocean Soleil Hotel,3.0,34,Hotel,Da Nang,Phước Mỹ,,8.2,77,,"[8.8/10] Jimmy (Philippines, Couple): ""We love the location just in front of the beach."" || [7.6/10] Peter (Vietnam, Couple): ""A competitively priced beachfront basic hotel."" || [8.8/10] Jimmy (Philippines, Couple): ""The hotel is newly renovated and clean.""",Beach; Free Wi-Fi ; Free parking; Front desk [24-hour]; Bar; Golf course (within 3 km); Airport transfer; Family room,https://www.agoda.com/ocean-soleil-hotel/hotel/da-nang-vn.html,https://pix8.agoda.net/hotelImages/89104373/0/f858ae676d6201e1da3480b5ab676a90.jpg?ce=3
47008910,Lucia Beach Hotel,3.0,34,Hotel,Da Nang,Phước Mỹ,585450,7.3,748,,"[10.0/10] Jyoti (India, Couple): ""The price, the location, the room just amazing."" || [10.0/10] malambut (Vietnam, Couple): ""The staff were warm, friendly, and always ready to help."" || [8.8/10] Huongly (Vietnam, Solo traveler): ""The room is well equipped and spacious enough.""",Free Wi-Fi ; Free parking; Front desk [24-hour]; Airport transfer; Luggage storage; Laundry; Taxi service; Ticket services,https://www.agoda.com/lucia-hotel/hotel/da-nang-vn.html,https://pix8.agoda.net/hotelImages/47008910/-1/119b53e9a46ece6eb202847258b3a55e.jpg?ce=0
83491331,V Hotel Da Nang,3.0,34,Hotel,Da Nang,Phước Mỹ,593658,8.9,476,,"[9.6/10] Aston (United States, Solo traveler): ""The room was super clean, comfortable with all amenities."" || [9.2/10] Kevin (United Kingdom, Couple): ""Perfect location and room facilities were all good."" || [10.0/10] Anil (Vietnam, Solo traveler): ""Chau receptionist was super helpful and friendly.""",Free Wi-Fi ; Free parking; Front desk [24-hour]; Airport transfer; Luggage storage; Room service [24-hour]; Laundry; Taxi service,https://www.agoda.com/v-hotel-da-nang/hotel/da-nang-vn.html,https://pix8.agoda.net/hotelImages/83491331/0/58f6216c562196dcf87556d680bc767b.jpg?ce=3
305367,Quoc Cuong Center Da Nang Hotel by Haviland,0.0,34,Hotel,Da Nang,Hải Châu,529419,7.8,1135,,"[8.0/10] Anna (India, Solo traveler): ""Natural light, big beds, soft mattress and a big roof pool."" || [9.6/10] Manfred (India, Solo traveler): ""Clean rooms and The Staff was very good n helpful."" || [8.8/10] Robin (Thaïlande, Solo traveler): ""It's so rare to have what you booking for and even more.""",Free Wi-Fi ; Pool with view; Free parking; Front desk [24-hour]; Golf course; Airport transfer; Family room; Luggage storage,https://www.agoda.com/quoc-cuong-center-hotel/hotel/da-nang-vn.html,https://pix8.agoda.net/hotelImages/305367/0/1eba9c0653dd032039b2d36818305103.jpg?ce=3
92135492,Sunrise Riverview Hotel,4.0,120,Hotel,Da Nang,Hải Châu,,8.4,57,,"[10.0/10] xavi (Việt Nam, Solo traveler): ""Really enjoyed my stay at Sunrise River View Hotel."" || [10.0/10] Tuấn Minh (Việt Nam, Solo traveler): ""I had a wonderful stay at Sunrise River View Hotel."" || [10.0/10] Tuấn Minh (Việt Nam, Solo traveler): ""The staff were friendly and always ready to help.""",Free Wi-Fi ; Free parking; Front desk [24-hour]; Bar; Family room; Balcony/terrace; Garden; Smoke-free property,https://www.agoda.com/the-t26-riverside-hotel-amazing-river-view-city-center-location/hotel/da-nang-vn.html,https://pix8.agoda.net/hotelImages/92135492/0/7854b6f88d37ac342f9fd71413d0442b.png?ce=3
533079,Moonlight Hotel Da Nang - Near Dragon Bridge,3.0,34,Hotel,Da Nang,Hải Châu,955029,7.5,2418,,"[9.6/10] Debojit  (Bangladesh, Couple): ""It was clean and close to many tourist attractions"" || [10.0/10] thien (Việt Nam, Solo traveler): ""The staff were friendly and helpful throughout my stay."" || [10.0/10] Ha (Việt Nam, Couple): ""Overall, a pleasant stay and good value for the price.""",Free Wi-Fi ; Free parking; Spa; Front desk [24-hour]; Fitness center; Restaurants; Bar; Massage,https://www.agoda.com/moonlight-hotel-da-nang/hotel/da-nang-vn.html,https://pix8.agoda.net/hotelImages/533079/0/57a40cd6688db9c5b76552a6ddce8b87.png?ce=3
10003415,RHM Luxury Hotel And Suite,4.0,34,Hotel,Da Nang,Phước Mỹ,1079863,8.4,3265,,"[10.0/10] Hoang (Vietnam, Couple): ""The room was spacious, clean, and beautifully decorated."" || [10.0/10] Hoang (Vietnam, Couple): ""The staff was incredibly friendly and accommodating."" || [8.0/10] NEIL (United Kingdom, Solo traveler): ""Beautiful hotel, staff exultant, brilliant value for money""",Beach; Free Wi-Fi ; Pool with view; Free parking; Front desk [24-hour]; Bar; Golf course; Massage,https://www.agoda.com/arita-rivera-hotel/hotel/da-nang-vn.html,https://pix8.agoda.net/hotelImages/10003415/-1/cd9eae9415bbe8213381264e935c0b80.png?ca=27&ce=0
61782961,Dian Hotel And Apartment,4.0,34,Hotel,Da Nang,Phước Mỹ,,8.6,787,,"[8.4/10] Ashley (New Zealand, Solo traveler): ""My fav Da Nang boutique hotel in the prime expat area."" || [9.6/10] Tyler (Philippines, Couple): ""Perfect location, and absolutely wonderful staff."" || [10.0/10] ramazan (Thailand, Couple): ""+ very new and clean hotel""",Beach; Free Wi-Fi ; Free parking; Front desk [24-hour]; Restaurants; Bar; Airport transfer; Family room,https://www.agoda.com/langmandi-apartment/hotel/da-nang-vn.html,https://pix8.agoda.net/hotelImages/61782961/0/fc4aa62eb5d7b545a2ad4e42da4c8117.jpg?ce=3
12790732,Prague Hotel,4.0,34,Hotel,Da Nang,An Hai Bac,1005213,8.4,1444,83,"[10.0/10] Simon (Vietnam, Family with older children): ""Over all it a great place to stay and enjoy da nang."" || [10.0/10] Murat (France, Family with older children): ""The room was clean and had all the amenities you need!"" || [10.0/10] Lạc (Ý, Couple): ""Amazing hotel with excellent service, ..""",Beach; Free Wi-Fi ; Pool with view; Free parking; Front desk [24-hour]; Fitness center; Restaurants; Bar,https://www.agoda.com/prague-hotel/hotel/da-nang-vn.html,https://pix8.agoda.net/hotelImages/12790732/-1/7d0eb692edd7f48e7e09609c925fb9cb.jpg?ce=0
611493,SOCO Hotel,4.0,34,Hotel,Da Nang,Phước Mỹ,1369622,8.1,4722,,"[10.0/10] Karo (Finland, Solo traveler): ""Staff was super friendly, I got and upgrade for super room."" || [9.2/10] Christina (Singapore, Couple): ""Pretty clean and spacious room and everything works well."" || [10.0/10] Hwong (Malaysia, Group): ""Bf was cheap n room very nice and near to the beach""",Beach; Free Wi-Fi ; Free parking; Spa; Front desk [24-hour]; Fitness center; Restaurants; Bar,https://www.agoda.com/song-cong-hotel-danang/hotel/da-nang-vn.html,https://pix8.agoda.net/hotelImages/611493/-1/b8f6706d3284f2bd3732fc844be6e4aa.jpg?ce=0
39565306,The Backpacker hostel and Spa,5.0,33,Hotel,Da Nang,Phước Mỹ,357106,7.6,1192,,"[9.6/10] Lakshitha (Vietnam, Solo traveler): ""Also they arranged a motor bike to travel around the city."" || [8.4/10] Nina (Canada, Solo traveler): ""The beds are very spacious, customer service was excellent."" || [9.2/10] Sharon (South Africa, Solo traveler): ""Floor clean, bedding clean, comfortable bed, nice staff.""",Free Wi-Fi ; Pool with view; Free parking; Spa; Front desk [24-hour]; Restaurants; Bar; Yoga room,https://www.agoda.com/the-backpacker-hostel-and-spa/hotel/da-nang-vn.html,https://pix8.agoda.net/hotelImages/39565306/-1/1eb6af56763673c432f8620954200341.jpg?ce=0
6383377,Fivitel Boutique Da Nang,4.0,34,Hotel,Da Nang,Hải Châu,1227968,9.1,9743,90,"[10.0/10] Carole (United Kingdom, Solo traveler): ""The staff are amazing and really happy when you see them."" || [9.6/10] CAROLINA (Philippines, Couple): ""Had a good time  Da Nang due to  a very accommodating staff."" || [10.0/10] christina (Indonesia, Solo traveler): ""Really recommended to choose this hotel if you visit Da nang""",Free Wi-Fi ; Swimming pool; Free parking; Spa; Front desk [24-hour]; Fitness center; Restaurants; Bar,https://www.agoda.com/fivitel-boutique-da-nang/hotel/da-nang-vn.html,https://pix8.agoda.net/hotelImages/6383377/0/7360fe8fdc0bb6e6c11aecb7ffd10821.jpeg?ce=0
2985282,Central Hotel & Spa Danang,3.5,34,Hotel,Da Nang,Hải Châu,883791,8.4,2156,,"[10.0/10] Derek (Vietnam, Solo traveler): ""I especially enjoyed the rooftop pool, which was very clean."" || [10.0/10] Ben (Ireland, Couple): ""Very nice hotel nice staff very clean would 100% recommend"" || [8.0/10] Derrek (United States, Couple): ""I’ll definitely be staying here again on my next visit!""",Free Wi-Fi ; Swimming pool; Free parking; Spa; Front desk [24-hour]; Restaurants; Bar; Massage,https://www.agoda.com/central-hotel-spa-danang/hotel/da-nang-vn.html,https://pix8.agoda.net/hotelImages/298/2985282/2985282_17101622570057835075.jpg?ca=6&ce=1
43727586,Awaken Danang Hotel,5.0,34,Hotel,Da Nang,Phước Mỹ,2981021,9.0,8150,91,"[10.0/10] Jonell (South Korea, Solo traveler): ""The hotel staff is so attentive and the hotel is luxurious."" || [10.0/10] Jada (United States, Solo traveler): ""This property offers fantastic value with a prime location."" || [10.0/10] Nurhanan (Australia, Family with young children): ""The room was spotless, spacious, and thoughtfully designed.""",Beach; Free Wi-Fi ; Pool with view; Free parking; Spa; Front desk [24-hour]; Fitness center; Restaurants,https://www.agoda.com/awaken-da-nang-hotel/hotel/da-nang-vn.html,https://pix8.agoda.net/hotelImages/43727586/0/c403b830c9b3d4f7044e134caa8ac2e1.jpg?ce=3
4947690,Melia Vinpearl Danang Riverfront,5.0,34,Hotel,Da Nang,An Hai Bac,2874604,8.9,11807,87,"[10.0/10] shawn (United States, Couple): ""The breakfast buffet was so large and covered all tastes."" || [9.6/10] Colin (Vietnam, Couple): ""What the most Amazing views & the staff were very helpful."" || [10.0/10] Catalin Adrian (United Kingdom, Couple): ""Genuinely surprised how good the experience at Melia was.""",Free Wi-Fi ; Swimming pool; Free parking; Spa; Front desk [24-hour]; Fitness center; Restaurants; Bar,https://www.agoda.com/vinpearl-condotel-riverfront-da-nang/hotel/da-nang-vn.html,https://pix8.agoda.net/hotelImages/4947690/-1/f5dd1db7b2125faf6a1210227979f529.jpg?ce=0
443623,Brown Bean Hotel - 2/9 Street,0.0,34,Hotel,Da Nang,Hải Châu,381588,8.0,3113,,"[10.0/10] Mc-Jo (Philippines, Couple): ""Overall, a truly enjoyable stay that I’d happily recommend!"" || [10.0/10] Jillian Penny  (Philippines, Solo traveler): ""I always come back here the place is always clean"" || [8.8/10] Iain (United Kingdom, Solo traveler): ""Great location, friendly staff, basic room but good value.""",Free Wi-Fi ; Free parking; Front desk [24-hour]; Family room; Luggage storage; Breakfast takeaway service; Room service; Business center,https://www.agoda.com/brown-bean-hotel-2-9-street/hotel/da-nang-vn.html,https://pix8.agoda.net/hotelImages/443623/0/ba27f882bc6ae66fc809441337b9433f.jpeg?ce=0
2235797,Bantique Hotel,4.0,34,Hotel,Da Nang,An Hai Bac,696327,8.0,777,,"[9.6/10] Binderpaul (Canada, Solo traveler): ""And now im extending my stay happly in the hotel."" || [10.0/10] Patrik (Slovakia, Couple): ""Everything what you need is near hotel."" || [10.0/10] CEZAR JR (Thailand, Solo traveler): ""Affordable rate very convinient near to anywhere places""",Free Wi-Fi ; Swimming pool; Front desk [24-hour]; Massage; Family room; Luggage storage; Tours; Laundry,https://www.agoda.com/bantique-hotel_2/hotel/da-nang-vn.html,https://pix8.agoda.net/hotelImages/2235797/12762202/c0249a8ec58570d8c2a781300d7fec1b.jpg?ce=0
48029813,Sunset Sea Hotel,4.0,34,Hotel,Da Nang,An Hai Bac,844590,8.5,2611,,"[8.8/10] Bruce (Hungary, Solo traveler): ""Great location with loads of places to eat and drink."" || [10.0/10] Huong (Vietnam, Solo traveler): ""Big, beautiful room with sea view, new, beautiful furniture."" || [10.0/10] Muhammad Hafizul (Malaysia, Solo traveler): ""I’m staying here for a whole week, everything was perfect.""",Beach; Free Wi-Fi ; Pool with view; Free parking; Spa; Front desk [24-hour]; Fitness center; Restaurants,https://www.agoda.com/sunset-sea-hotel/hotel/da-nang-vn.html,https://pix8.agoda.net/hotelImages/48029813/0/186cae156d1aa55098934f11a3dae643.png?ce=3
90759139,An Sea Hotel Apartment 2 Min Walk to My Khe Beach,5.0,120,Hotel,Da Nang,Phước Mỹ,,7.6,58,,"[9.2/10] Nica (Philippines, Solo traveler): ""Its near stores laundry restaurants and even the beach."" || [9.2/10] Nica (Philippines, Solo traveler): ""I would want to stay here again"" || [8.4/10] Pyae (Singapore, Group): ""Value for money and warmly staff service""",Beach; Free Wi-Fi ; Front desk [24-hour]; Kitchen; Luggage storage; Locker; Bicycle parking; Smoking area,https://www.agoda.com/an-sea-hotel-apartment-2-min-walk-to-my-khe-beac/hotel/da-nang-vn.html,https://pix8.agoda.net/hotelImages/90759139/0/b611b717d5e9f58f7ce4a4c9ef53cf0b.jpg?ce=3
937111,Palmier Hotel,3.0,34,Hotel,Da Nang,An Hai Bac,855588,8.0,3599,,"[10.0/10] Elaine (Japan, Couple): ""Everything has been redone here and is new and very clean."" || [10.0/10] Hoang (Việt Nam, Couple): ""They were always friendly and helpful throughout our stay."" || [9.2/10] Edvaldo (Brasil, Couple): ""We had a room with a great view and a comfortable bed,""",Free Wi-Fi ; Spa; Front desk [24-hour]; Airport transfer; Family room; Luggage storage; Balcony/terrace; Room service,https://www.agoda.com/palmier-hotel/hotel/da-nang-vn.html,https://pix8.agoda.net/hotelImages/937111/0/cee540a6dc0b07fa4a7f281c0fba7ef2.jpg?ce=3
6432147,The Glomad Boutique Danang by DS ,4.0,34,Hotel,Da Nang,Phước Mỹ,2015466,9.1,2893,90,"[10.0/10] Mo (South Korea, Couple): ""It was a refreshing change from the usual chain hotels."" || [10.0/10] Mo (South Korea, Couple): ""I loved the unique and quirky style of the hotel boutique."" || [10.0/10] Rohanna (Philippines, Solo traveler): ""I loved the staff especially since they were so helpful.""",Beach; Free Wi-Fi ; Pool with view; Free parking; Front desk [24-hour]; Restaurants; Bar; Golf course,https://www.agoda.com/the-glomad-danang-hotel-hostel/hotel/da-nang-vn.html,https://pix8.agoda.net/hotelImages/6432147/-1/9f82c0708aca1132400da6d586e4d505.jpg?ca=9&ce=1
2191465,Brilliant Majestic Hotel - Da Nang,4.0,34,Hotel,Da Nang,Phước Mỹ,785070,8.4,1094,,"[10.0/10] Kay (Vietnam, Couple): ""Clean rooms, friendly staff, good sleep, and near the beach."" || [9.6/10] Pulkit (India, Couple): ""The location is also prime and the the staff was courteous."" || [9.2/10] Sarah (Singapore, Couple): ""Their bed is of good quality, you do get good sleep.""",Free Wi-Fi ; Swimming pool; Free parking; Front desk [24-hour]; Restaurants; Bar; Airport transfer; Pool (kids),https://www.agoda.com/brilliant-majestic-villa-hotel/hotel/da-nang-vn.html,https://pix8.agoda.net/hotelImages/2191465/-1/361bf3609c0735a54997cde80abb864f.jpg?ce=0
87725408,Kim Ngan Hotel,3.0,34,Hotel,Da Nang,Phước Mỹ,,7.8,126,,"[10.0/10] Abigaille Allen (Philippines, Group): ""VERY GOOD HOTEL, everything is accessible."" || [10.0/10] Jack (United States, Solo traveler): ""Best Staff of any Hotel I have stayed at ."" || [10.0/10] Abigaille Allen (Philippines, Group): ""Good for elders and people with disabilities ✨""",Beach; Free Wi-Fi ; Free parking; Spa; Front desk [24-hour]; Happy hour; Shuttle service; Family room,https://www.agoda.com/kim-ngan-hotel/hotel/da-nang-vn.html,https://pix8.agoda.net/hotelImages/87725408/0/99f5a7d2196f19f8d190db573dc2da46.jpg?ce=3
84364738,Hanoi Capsule Station Hostel,2.0,105,Hotel,Hanoi,Dong Xuan Market,142676,8.3,2828,82,"[10.0/10] ANTHONY (Australia, Solo traveler): ""Well, one of the best hostel I stayed when travelled."" || [10.0/10] TREXZEE NICOLE (Philippines, Solo traveler): ""And the location was perfect for exploring the city."" || [10.0/10] Nhi (Việt Nam, Solo traveler): ""The room is very comfortable with the good view,""",Free Wi-Fi ; Front desk [24-hour]; Bar; Airport transfer; Luggage storage; Rooftop area; Balcony/terrace; Breakfast,https://www.agoda.com/hanoi-capsule-station-hostel/hotel/hanoi-vn.html,https://pix8.agoda.net/hotelImages/84364738/0/a4f5400e5dba7bc1e466a8e68061305b.jpg?ce=3
87964772,Palette Ngoc Ha Luxury Residence,3.0,34,Hotel,Hanoi,Ba Dinh,,8.1,234,81,"[10.0/10] Thuý (Vietnam, Family with young children): ""The receptionist is very friendly and helpfull."" || [10.0/10] Janik (Deutschland, Solo traveler): ""Everything you need for your first stay."" || [9.6/10] Andy (Vietnam, Solo traveler): ""The room is clean and smell good upon arrival.""",Free Wi-Fi ; Free parking; Front desk [24-hour]; Family room; Luggage storage; Room service; Tours; Laundry,https://www.agoda.com/palette-ngoc-ha-luxury-residence/hotel/hanoi-vn.html,https://pix8.agoda.net/hotelImages/87964772/0/4e83871b50c3461476da24e3f8cad76b.png?ce=3
89925050,Townhouse Starlake Residence,3.0,34,Hotel,Hanoi,Tu Liem District,,8.4,71,,"[10.0/10] Golden (United States, Solo traveler): ""The apartments are modern, clean and soundproof."" || [8.8/10] Sofia (Russia, Couple): ""Attentive staff, very good cleaning, beautiful new room"" || [10.0/10] Golden (United States, Solo traveler): ""Had a cozy and comfortable stay.""",Free Wi-Fi ; Free parking; Front desk [24-hour]; Luggage storage; Room service; Non-smoking rooms; Daily housekeeping; Elevator,https://www.agoda.com/palette-starlake-residence/hotel/hoai-duc-phu-vn.html,https://pix8.agoda.net/hotelImages/89925050/0/750e0ba7c4ab05c81398a60765ee8f2b.jpg?ce=3
78428713,Hanoi Railway Capsule,5.0,33,Hotel,Hanoi,Old Quarter,221099,9.4,522,97,"[10.0/10] Joanna (Kuwait, Solo traveler): ""I felt safe and all the staff are helpful and accommodating."" || [10.0/10] Doan (Vietnam, Solo traveler): ""Super friendly host, very clean and new capsule hotel"" || [10.0/10] Doan (Vietnam, Solo traveler): ""Highly recommended!""",Free Wi-Fi ; Front desk [24-hour]; Airport transfer; Shared kitchen; Luggage storage; Balcony/terrace; Garden; Breakfast,https://www.agoda.com/hanoi-railway-capsule/hotel/hanoi-vn.html,https://pix8.agoda.net/hotelImages/78428713/0/d67aa4b52fcf3e60d5d5786a1bf19ed5.jpg?ce=2
36144486,Madelise Palace Hotel & Spa,4.0,34,Hotel,Hanoi,Old Quarter,1583074,8.4,3361,,"[10.0/10] Samar (India, Solo traveler): ""The hotel itself is a beautiful blend of luxury and comfort."" || [10.0/10] Michelle (Philippines, Family with young children): ""Our room was tastefully designed, clean and spacious!"" || [10.0/10] Danielle (Canada, Couple): ""Great stay in the heart of the Old Quarter.""",Free Wi-Fi ; Spa; Front desk [24-hour]; Airport transfer; Family room; Luggage storage; Rooftop area; Balcony/terrace,https://www.agoda.com/the-maxwell-hotel/hotel/hanoi-vn.html,https://pix8.agoda.net/hotelImages/36144486/-1/1d3efe864042c7c9c453f03bb957c647.jpg?ce=0
85405330,2Re Hidden Hostel - Old Quarter Hanoi - Free Breakfast,3.0,32,Hotel,Hanoi,Old Quarter,168481,8.9,110,91,"[8.8/10] Alexandra Mihaela (Malaysia, Solo traveler): ""I had a very comfortable and restful stay here."" || [9.2/10] Hummingbirds (Vietnam, Solo traveler): ""1 of the best hostels in Hanoi's Old Quarter"" || [10.0/10] Catherine (Philippines, Couple): ""Hotel Staffs are very nice,kind & Helpful""",Free Wi-Fi ; Front desk [24-hour]; Airport transfer; Family room; Luggage storage; Balcony/terrace; Garden; Breakfast takeaway service,https://www.agoda.com/hanoi-re-hostel-2/hotel/hanoi-vn.html,https://pix8.agoda.net/hotelImages/85405330/0/42532c0cc7e309c208753c3177a32da3.jpg?ce=3
62035781,Madelise Amica Hotel & Travel,4.0,34,Hotel,Hanoi,Old Quarter,1683774,8.5,1384,,"[9.2/10] Jennifer (Philippines, Couple): ""The room was not that big, but very clean and comfortable."" || [10.0/10] 수영 (대한민국, Solo traveler): ""Receptionist always greeted with hospitality."" || [10.0/10] 수영 (대한민국, Solo traveler): ""Perfect hotel with very good price""",Free Wi-Fi ; Spa; Front desk [24-hour]; Happy hour; Massage; Airport transfer; Family room; Luggage storage,https://www.agoda.com/amica-premier-hotel-and-travel/hotel/hanoi-vn.html,https://pix8.agoda.net/hotelImages/62035781/0/af57987b53882e9010db1d9d24a8fc67.jpg?ce=0
5060902,Little Charm Hanoi Hostel,3.0,33,Hotel,Hanoi,Old Quarter,300285,9.0,6836,89,"[10.0/10] Samuel (Philippines, Solo traveler): ""They always make guests feel welcome and taken care of."" || [10.0/10] Mariyana (Indonesia, Solo traveler): ""If i go to hanoi i can come back against in this hotel"" || [10.0/10] satnam (Singapore, Solo traveler): ""Staff were making sure the showers n toilet were keep clean.""",Free Wi-Fi ; Swimming pool; Front desk [24-hour]; Restaurants; Bar; Airport transfer; Family room; Luggage storage,https://www.agoda.com/little-charm-hanoi-hostel/hotel/hanoi-vn.html,https://pix8.agoda.net/hotelImages/5060902/0/1953844fbe23e6c41762ccce972a6a5e.png?ce=3
84551326,Hanoi Backpackers Lodge,3.0,34,Hotel,Hanoi,Dong Xuan Market,208528,8.6,1067,82,"[10.0/10] Blanca (Australia, Couple): ""We really loved the beds, very private despite being a dorm."" || [10.0/10] Hoa (Vietnam, Solo traveler): ""The bed was always tidy, clean and comfortable."" || [10.0/10] Mg (Thailand, Solo traveler): ""The location, cleanliness… friendly staff and good price""",Free Wi-Fi ; Front desk [24-hour]; Airport transfer; Luggage storage; Dog-friendly; Room service [24-hour]; Tours; Paid parking available,https://www.agoda.com/hanoi-backpacker-lodge/hotel/hanoi-vn.html,https://pix8.agoda.net/hotelImages/84551326/0/965873d7f32b20e477e30d82da5f157b.jpg?ce=3
87473942,Ritana Boutique Hotel & Spa,4.0,34,Hotel,Hanoi,Hai Ba Trung District,,9.3,187,94,"[10.0/10] Tan (Singapore, Solo traveler): ""Great service, location, breakfast, clean rooms!"" || [10.0/10] Katrina Rose (Philippines, Couple): ""The staff were incredibly friendly and accommodating."" || [10.0/10] Katrina Rose (Philippines, Couple): ""Very affordable and absolutely value for money!!!!""",Free Wi-Fi ; Car park; Spa; Front desk [24-hour]; Restaurants; Massage; Airport transfer; Family room,https://www.agoda.com/ritana-boutique-hotel-spa/hotel/hanoi-vn.html,https://pix8.agoda.net/hotelImages/87473942/0/0f2776d69315310e08d450370735b630.jpg?ce=3
59406845,Eco Nest Hotel & Apartment,4.5,29,NonHotel,Hanoi,Hoan Kiem District,758787,7.0,2173,,"[10.0/10] Nay (日本, Solo traveler): ""Kind staff and perfect support during in stay."" || [9.6/10] Thilo (Indonesien, Couple): ""Loved the location"" || [8.8/10] Nicholas (Kazakhstan, Solo traveler): ""I had a pleasant stay and the location is ideal.""",Free Wi-Fi ; Front desk [24-hour]; Airport transfer; Family room; Luggage storage; Balcony/terrace; Garden; Breakfast takeaway service,https://www.agoda.com/eco-nest-hotel-apartment/hotel/hanoi-vn.html,https://pix8.agoda.net/hotelImages/59406845/-1/d61ed5da3383b172f671c8c2438db7f9.jpg?ce=0
61394154,iRest Signature Ba Dinh Lakeside,3.0,34,Hotel,Hanoi,Ba Dinh,1223506,9.2,861,95,"[10.0/10] Certified (Singapore, Group): ""Wonderful hotel adequate spacing and nice living quarters"" || [10.0/10] Jonathan (Indonesia, Couple): ""DEFINITELY STAYING HERE THE NEXT TIME I COME TO VIETNAM."" || [10.0/10] aneesh (Saudi Arabia, Family with young children): ""We loved our stay in irest signature and 100% recommend it.""",Free Wi-Fi ; Front desk [24-hour]; Airport transfer; Family room; Luggage storage; Rooftop area; Balcony/terrace; Laundry,https://www.agoda.com/irest-signature-ba-dinh-lakeside/hotel/hanoi-vn.html,https://pix8.agoda.net/hotelImages/61394154/0/91fce4ae6f385a87754132eb9c006e13.jpg?ce=0
83292956,Townhouse Oak West Lake Apartment,3.0,34,Hotel,Hanoi,Tay Ho District,681268,9.8,151,99,"[10.0/10] Onni  (Finland, Solo traveler): ""It was clean, cozy, and had a very relaxing atmosphere."" || [10.0/10] Arden (Philippines, Solo traveler): ""Clean rooms, quiet nights, and excellent service."" || [10.0/10] bob jr (Philippines, Couple): ""Definitely would stay here again when in Hanoi!""",Free Wi-Fi ; Free parking; Family room; Luggage storage; Room service; Laundry; Non-smoking rooms; Daily housekeeping,https://www.agoda.com/collection-o-west-lake-apartment-h83292956/hotel/hanoi-vn.html,https://pix8.agoda.net/hotelImages/83292956/0/ce92feb7df4cd10326d5c7d9ca3e9754.jpg?ce=3
56185562,"Signature by M Village Thợ Nhuộm, a brand of Modern Village Lifestyle",4.0,34,Hotel,Hanoi,Hoan Kiem District,2703905,9.2,2831,94,"[10.0/10] yuthana (Thailand, Business traveler): ""The staff were very friendly and helpful throughout my stay."" || [9.2/10] Julius (United States, Business traveler): ""It was a perfect stay for me and I would highly recommend."" || [9.2/10] Ben (Thailand, Solo traveler): ""The pool and the gym and sauna facilities were excellent.""",Free Wi-Fi ; Swimming pool; Front desk [24-hour]; Fitness center; Restaurants; Bar; Yoga room; Sauna,https://www.agoda.com/signature-by-m-village-th-nhu-m/hotel/hanoi-vn.html,https://pix8.agoda.net/hotelImages/56185562/0/ca6f2b6026cbbbc5afac096725905a42.png?ce=3
39526568,The One Hostel Hanoi,0.0,33,Hotel,Hanoi,Dong Xuan Market,376398,9.0,1704,95,"[10.0/10] Pankaj (India, Solo traveler): ""You stay for a day you will end up staying more than a week"" || [10.0/10] Rully (Indonesia, Solo traveler): ""A must stay at this hotel again when you holidaybat hanoi."" || [9.6/10] Bonny (Vietnam, Group): ""The staff were so nice which was super refreshing!""",Free Wi-Fi ; Swimming pool; Front desk [24-hour]; Restaurants; Bar; Golf course; Airport transfer; Luggage storage,https://www.agoda.com/the-one-hostel-hanoi/hotel/all/hanoi-vn.html,https://q-xx.bstatic.com/xdata/images/hotel/max500/481239754.jpg?k=96c21ab855752a7c3a03fc6f0ec92ddab39269e9e9f9dbc0c9b3c0ac6ed205ec&o=
86465845,SUPER HOTEL HANOI - Grand Opening in 17 March 2026,4.0,34,Hotel,Hanoi,Cau Giay,275272,9.1,274,91,"[9.2/10] UT (Việt Nam, Business traveler): ""I had very comfortable and restful sleep during my stay."" || [10.0/10] Bishal (Thailand, Solo traveler): ""I love the service and facilities."" || [10.0/10] Bishal (Thailand, Solo traveler): ""I had a very comfortable time here.""",Free Wi-Fi ; Car park; Spa; Front desk [24-hour]; Fitness center; Restaurants; Bar; Massage,https://www.agoda.com/super-hotel-hanoi/hotel/hanoi-vn.html,https://pix8.agoda.net/hotelImages/86465845/0/e06488a12fb466a7b1e8e0759ceeba41.jpg?ce=3
10960,Hanoi Daewoo Hotel,5.0,34,Hotel,Hanoi,Ba Dinh,4205709,8.5,7549,89,"[10.0/10] Atanushasan (India, Couple): ""Excellent swimming pool and good location opposite to Lotte."" || [8.0/10] Suzanne (Singapore, Couple): ""The hotel is huge and the rooms are very spacious and clean."" || [10.0/10] anas (United States, Couple): ""Best value  for a true traditional 5 star hotel.""",Free Wi-Fi ; Pool with view; Free parking; Spa; Front desk [24-hour]; Fitness center; Restaurants; Bar,https://www.agoda.com/hanoi-daewoo-hotel/hotel/hanoi-vn.html,https://pix8.agoda.net/hotelImages/10960/0/120e596cae1e32ed8207fdd927613fb4.jpg?ce=3
53015544,Era Apartment Cát Linh,4.0,29,NonHotel,Hanoi,Dong Da,361586,8.0,1185,,"[8.0/10] WUI CHUNG (中國香港, Solo traveler): ""It is super affordable with very good cost-price ratio."" || [8.0/10] Rose (Vietnam, Couple): ""Clean, comfortable, good location and helpful staff."" || [10.0/10] vaithi (Vietnam, Solo traveler): ""Walking around is easy and great location nearby.""",Free Wi-Fi ; Front desk [24-hour]; Family room; Kitchen; Luggage storage; Balcony/terrace; Room service; Tours,https://www.agoda.com/era-apartment-cat-linh/hotel/hanoi-vn.html,https://pix8.agoda.net/hotelImages/53015544/0/d0c8668bab303197d0957630c7a25a7e.jpg?ce=0
59315710,Hanoi Le Chateau Hotel & Spa,5.0,34,Hotel,Hanoi,Old Quarter,3527508,9.8,5906,97,"[10.0/10] shaw (Singapore, Couple): ""We would also like to extend our special thanks to Ms. ***."" || [10.0/10] Prakash (Singapore, Solo traveler): ""Their sincerity and warmth really set this hotel apart."" || [10.0/10] Prakash (Singapore, Solo traveler): ""The rooms are spacious, clean, and very comfortable.""",Free Wi-Fi ; Front desk [24-hour]; Fitness center; Restaurants; Bar; Airport transfer; Family room; Luggage storage,https://www.agoda.com/hanoi-le-chateau-hotel/hotel/hanoi-vn.html,https://pix8.agoda.net/hotelImages/59315710/0/bc8a0f526d1dcd3c593599bde22611b9.jpg?ce=0
51491627,"M Village Hotel Hồ Gươm, a brand of Modern Village Lifestyle",3.0,34,Hotel,Hanoi,Hoan Kiem District,1911146,9.2,1150,93,"[10.0/10] Shaun  (India, Couple): ""We had a great corner room which was quiet & cozy."" || [10.0/10] Tran (Việt Nam, Group): ""I would definitely stay here again on my next trip to Hanoi."" || [10.0/10] Linh (Việt Nam, Couple): ""Their hospitality made the experience even more memorable.""",Free Wi-Fi ; Front desk [24-hour]; Shared kitchen; Luggage storage; Laundry; Non-smoking rooms; Daily housekeeping; Dart board,https://www.agoda.com/m-village-h-guom/hotel/hanoi-vn.html,https://pix8.agoda.net/hotelImages/51491627/0/02affcd82cfbb8547a6a7ab5efc65649.png?ce=3
34334661,HA NOI LE GRAND HOTEL,3.0,34,Hotel,Hanoi,Hai Ba Trung District,582124,8.2,398,,"[10.0/10] Shamma (United Arab Emirates, Couple): ""The rooms were clean, comfortable, and well maintained."" || [10.0/10] Cye (Australia, Solo traveler): ""I'll stay here everytime I visit Hanoi in the future."" || [8.8/10] Alin (Canada, Solo traveler): ""It's a nice and clean hotel with helpful and friendly staff""",Free Wi-Fi ; Free parking; Front desk [24-hour]; Airport transfer; Family room; Tours; Laundry; Non-smoking rooms,https://www.agoda.com/ha-noi-le-grand-hotel/hotel/hanoi-vn.html,https://pix8.agoda.net/hotelImages/34334661/-1/f6aae884e4a22ad0126012fd810ef735.png?ce=0
65703930,Luxury Hanoi Hotel,3.0,34,Hotel,Hanoi,Tu Liem District,1218507,8.9,148,86,"[9.2/10] Nandar Mya Yoon (Myanmar, Solo traveler): ""It is rare to find a hotel that clean and tidy in the town."" || [9.2/10] Artur (Polska, Couple): ""Room was big, staff was wery helpfull."" || [10.0/10] Hung (Vietnam, Business traveler): ""Hotel is newly built early 2025 so everything is perfect.""",Free Wi-Fi ; Free parking; Spa; Front desk [24-hour]; Theme park; Golf course (within 3 km); Water park; Airport transfer,https://www.agoda.com/luxury-hanoi-hotel/hotel/hanoi-vn.html,https://pix8.agoda.net/hotelImages/65703930/0/63d39056921282ce7b937d13cf0bfd2a.jpg?ce=0
30977576,Fukurai Hotel & Apartment 2,4.0,120,Hotel,Hanoi,Ba Dinh,883705,8.3,750,,"[8.8/10] Hoa (Vietnam, Solo traveler): ""The facilities are well-maintained and very clean."" || [10.0/10] Ricky (Hong Kong SAR, China, Couple): ""Clean room and friendly/very helpfull staff"" || [10.0/10] Đào (Vietnam, Business traveler): ""Very cute and clean room, well equipped too.""",Free Wi-Fi ; Car park; Front desk [24-hour]; Restaurants; Airport transfer; Family room; Shared kitchen; Luggage storage,https://www.agoda.com/fukurai-hotel-apartment/hotel/hanoi-vn.html,https://pix8.agoda.net/hotelImages/30977576/0/16fd315f0e55fc434fa9bf85cf3ea410.jpg?ce=2
60158437,A89 Rosarian Hotel,3.0,34,Hotel,Hanoi,My Dinh,697425,9.0,429,87,"[10.0/10] Oliver (United Kingdom, Solo traveler): ""Clean wooden floor, cold AC, modern lighting, comfy bed."" || [10.0/10] Erik (Thụy Điển, Solo traveler): ""For the price, the quality was way above expectations."" || [10.0/10] Oliver (United Kingdom, Solo traveler): ""Room looked WAY more expensive than what I paid for.""",Free Wi-Fi ; Free parking; Spa; Front desk [24-hour]; Bar; Golf course (within 3 km); Massage; Airport transfer,https://www.agoda.com/rosarian-hotel_2/hotel/hanoi-vn.html,https://pix8.agoda.net/hotelImages/60158437/0/68f9b60e60604ac10d333cea208a6a7b.jpg?ce=2
247355,Grand Plaza Hotel Hanoi ,5.0,34,Hotel,Hanoi,Cau Giay,4522369,8.3,6710,85,"[10.0/10] Jannah (Philippines, Group): ""The rooms were clean, spacious and beautifully decorated."" || [10.0/10] Catherine (Singapore, Business traveler): ""My room comes with breakfast which offers a good spread."" || [10.0/10] LODYA MARGARETH  (Indonesia, Solo traveler): ""The room so big and clean, the staff so polite and helpfull""",Free Wi-Fi ; Pool with view; Free parking; Spa; Front desk [24-hour]; Fitness center; Restaurants; Bar,https://www.agoda.com/grand-plaza-hanoi-hotel/hotel/hanoi-vn.html,https://pix8.agoda.net/hotelImages/247355/0/511227989b9cf5b9530ef82f509756e4.jpg?ce=3
67232309,New Apart Home,5.0,29,NonHotel,Hanoi,Ba Dinh,937532,8.1,289,,"[9.6/10] Trang (Vietnam, Solo traveler): ""The room was nice and clean, nice bathroom with a bath tub."" || [10.0/10] Lê (Vietnam, Solo traveler): ""The room looks so premium, clean and modern."" || [10.0/10] Jhorgie (Philippines, Couple): ""The room is clean and smells really nice ☺️""",Free Wi-Fi ; Free parking; Spa; Front desk [24-hour]; Massage; Airport transfer; Bathtub; Family room,https://www.agoda.com/new-apart-home/hotel/hanoi-vn.html,https://pix8.agoda.net/hotelImages/67232309/0/69bb99ff8d371c8ffcbf99f2dd2bd76b.jpeg?ce=0
1517145,Old Quarter View Hanoi Hostel,2.0,33,Hotel,Hanoi,Old Quarter,362018,9.3,5051,93,"[9.2/10] Nina (Slovenija, Solo traveler): ""The room I stayed in was nice, clean and well mantained."" || [10.0/10] Yunmi (대한민국, Solo traveler): ""The staff were very kind and helpful throughout my stay."" || [10.0/10] Yunmi (대한민국, Solo traveler): ""The location is perfect – close to everything I needed.""",Free Wi-Fi ; Front desk [24-hour]; Restaurants; Bar; Airport transfer; Luggage storage; Room service; Nightclub,https://www.agoda.com/old-quarter-view-hanoi-hostel/hotel/hanoi-vn.html,https://pix8.agoda.net/hotelImages/1517145/-1/38f9e776e140896bc1dc4b4ea1438868.jpg?ca=0&ce=1
36836780,The Flower Boutique Hotel Hanoi,3.0,34,Hotel,Hanoi,Ba Dinh,2787455,9.0,1720,80,"[10.0/10] Prakhar (India, Couple): ""Great people, staff, location and beautiful room."" || [10.0/10] Priscilla (United States, Solo traveler): ""Breakfast is absolutely worth the price I wouldn’t skip it!"" || [9.6/10] Uyen (Vietnam, Solo traveler): ""Perfect location, just 5 minutes walk to the old quarter.""",Free Wi-Fi ; Front desk [24-hour]; Restaurants; Bar; Airport transfer; Family room; Luggage storage; Breakfast,https://www.agoda.com/the-flower-boutique-hotel-hanoi/hotel/hanoi-vn.html,https://pix8.agoda.net/hotelImages/36836780/-1/fa71cc1a381c72fd385dbc5d1af6e9dd.jpg?ce=0
1157099,V-studio Hotel Apartment 3,1.0,120,Hotel,Hanoi,My Dinh,459046,7.9,1182,88,"[10.0/10] HYESUNG (South Korea, Solo traveler): ""The room is clean and hygienic And he's very kind."" || [9.6/10] Adrian (India, Group): ""Good studio apartment and friendly staff"" || [10.0/10] Bun (Trung Quốc, Group): ""Cleaning room, nice receptionist, reasonable price""",Free Wi-Fi ; Front desk [24-hour]; Airport transfer; Kitchen; Luggage storage; Balcony/terrace; Room service; Laundry,https://www.agoda.com/v-studio-hotel-apartment-3/hotel/hanoi-vn.html,https://pix8.agoda.net/hotelImages/1157099/-1/0d8cfcb3c1af13b6a7a1345a19b0627f.jpg?ca=8&ce=1
6944354,Hanoi Buffalo Hostel,0.0,33,Hotel,Hanoi,Old Quarter,700334,9.0,3591,93,"[10.0/10] RAUL (Philippines, Solo traveler): ""Ifeel like home and housekeeping is nice and helpful also"" || [10.0/10] Eden (Israel, Solo traveler): ""I really really loved this hostel, and i’ve been in many."" || [10.0/10] Lakshey (India, Solo traveler): ""Hostel is super nice, loved my stay and will visit again!""",Free Wi-Fi ; Front desk [24-hour]; Restaurants; Bar; Family room; Luggage storage; Hot tub; Room service,https://www.agoda.com/hanoi-buffalo-hostel/hotel/all/hanoi-vn.html,https://q-xx.bstatic.com/xdata/images/hotel/max500/674389876.jpg?k=3d2f2e9c595ddc5d0415f111c8f1eab24322cc42249d5e0f1d28e04cb4c1a230&o=
1414688,NT Elysian Hotel,2.0,34,Hotel,Hanoi,Old Quarter,892237,8.7,1956,,"[10.0/10] Ivan (India, Couple): ""All 3 of the receptionists we're extremely helpful and nice."" || [10.0/10] Lee Ling (Malaysia, Couple): ""Extremely helpful staff and a very good clean place to stay."" || [10.0/10] Kieran (United Kingdom, Couple): ""Overall, would happily stay again and recommend to a friend.""",Free Wi-Fi ; Free parking; Front desk [24-hour]; Happy hour; Airport transfer; Family room; Luggage storage; Garden,https://www.agoda.com/splendid-boutique-hotel/hotel/hanoi-vn.html,https://pix8.agoda.net/hotelImages/1414688/0/be9d32a708c4d6386547cd64a421880f.jpg?ce=2
38934352,Silk Castle Hotel & Spa,3.0,34,Hotel,Hanoi,Old Quarter,951218,8.0,2192,,"[9.6/10] Brian (Australia, Solo traveler): ""I would stay here again next time close to everything."" || [9.6/10] Lottie (United Kingdom, Couple): ""The location is brilliant,right in the centre of Ha Noi."" || [9.2/10] RANDY (Philippines, Group): ""The bed, pillows and blankets were clean and changed daily.""",Free Wi-Fi ; Spa; Front desk [24-hour]; Restaurants; Massage; Airport transfer; Family room; Luggage storage,https://www.agoda.com/silk-castle-hotel-spa/hotel/hanoi-vn.html,https://pix8.agoda.net/hotelImages/38934352/-1/4bfe2cd4752cd8c07b067ae8c10948d9.jpg?ce=0
91461306,Dreamora Corner Hotel,3.0,34,Hotel,Hanoi,Hoan Kiem District,,9.0,50,,"[10.0/10] ZHENWEI (中国, Couple): ""Highly recommended!""",Free Wi-Fi ; Front desk [24-hour]; Family room; Luggage storage; Balcony/terrace; Garden; Room service; Tours,https://www.agoda.com/dreamora-corner-hotel/hotel/hanoi-vn.html,https://pix8.agoda.net/hotelImages/91461306/0/c57265401410ecd9d3512b2ff2765549.jpg?ce=3
42521412,L'Signature Hotel & Spa,4.0,34,Hotel,Hanoi,Hoan Kiem District,6174295,9.4,1587,95,"[10.0/10] Sofia (Philippines, Group): ""The staff were incredibly helpful, polite, and professional."" || [10.0/10] Hoàng (Việt Nam, Family with older children): ""The best place we have stayed in Hanoi worthy if 5 star."" || [10.0/10] Horace (Switzerland, Couple): ""One of the best hotels we have stayed at in Vietnam!""",Free Wi-Fi ; Spa; Front desk [24-hour]; Restaurants; Massage; Airport transfer; Luggage storage; Balcony/terrace,https://www.agoda.com/l-signature-hotel-spa/hotel/hanoi-vn.html,https://pix8.agoda.net/hotelImages/42521412/-1/e92991e5fb019fc25a3c6ab72f04d534.jpg?ce=0
4914609,Grand Cititel Hanoi Hotel & Spa,4.0,34,Hotel,Hanoi,Hoan Kiem District,2317392,8.9,1530,87,"[10.0/10] Chris (Georgia, Business traveler): ""The staff and hospitality of this hotel is second to none."" || [10.0/10] Adriel (Philippines, Group): ""Definitely one of the best and innovative hotel in Hanoi!"" || [10.0/10] Alejandro (Spain, Couple): ""Our room was spacious and clean, and the shower was great.""",Free Wi-Fi ; Spa; Front desk [24-hour]; Fitness center; Restaurants; Bar; Massage; Airport transfer,https://www.agoda.com/grand-cititel-hanoi-hotel/hotel/hanoi-vn.html,https://pix8.agoda.net/hotelImages/4914609/0/cf931ae6be239a6830d76a593543d533.jpg?ce=3
67196155,Madelise Hanoi View Hotel,4.0,34,Hotel,Hanoi,Dong Da,1060459,8.8,1645,81,"[9.2/10] LaiPing (Malaysia, Couple): ""Take luggage out to street for us in the busy traffic."" || [9.6/10] Anqi (Vietnam, Couple): ""Very comfortable bed and room with great local street views."" || [8.8/10] MUHAMMAD ABU HANIFAH (Malaysia, Group): ""Then come back to hotel, the staff gave us room for shower.""",Free Wi-Fi ; Car park; Spa; Front desk [24-hour]; Restaurants; Bar; Massage; Airport transfer,https://www.agoda.com/hanoi-view-hotel-h31881232/hotel/hanoi-vn.html,https://pix8.agoda.net/hotelImages/67196155/0/de3a87d7479a72e700d6da04c8932ffd.jpg?ce=2
62079565,Moonlit Suites Hotel,4.0,34,Hotel,Hanoi,Tay Ho District,608260,8.3,1534,83,"[9.6/10] Neha  (India, Solo traveler): ""Her kindness and professionalism made a big difference."" || [9.6/10] Neha  (India, Solo traveler): ""The staff were friendly, and the service was excellent."" || [9.6/10] Niels (Nederland, Couple): ""The suite is very modern and the facilities are great.""",Free Wi-Fi ; Front desk [24-hour]; Family room; Pets allowed; Safety deposit boxes; Air conditioning in public area; Elevator; Keyless access,https://www.agoda.com/moonlit-suites-hotel/hotel/hanoi-vn.html,https://pix8.agoda.net/hotelImages/62079565/0/b4536942e71878fb9a3b6bff4e7793c8.jpg?ce=2
78348259,Starlight Hotel Hanoi,3.0,34,Hotel,Hanoi,Old Quarter,790824,7.5,194,,"[10.0/10] Janela (Philippines, Group): ""The staff were very friendly and accommodating."" || [7.6/10] Chieu (United States, Couple): ""Their service made me feel welcomed and well taken care of."" || [7.6/10] Chieu (United States, Couple): ""The highlight of my stay was definitely the staff.""",Free Wi-Fi ; Front desk [24-hour]; Family room; Luggage storage; Pets allowed; Rooftop area; Balcony/terrace; Tours,https://www.agoda.com/starlight-homestay-h78203937/hotel/hanoi-vn.html,https://pix8.agoda.net/hotelImages/78348259/0/264425060e54c19bc1872bcdb4815fbc.jpg?ce=3
43397,Fortuna Hotel Hanoi,4.5,34,Hotel,Hanoi,Ba Dinh,2864405,7.9,5375,85,"[10.0/10] Andra (Indonesia, Business traveler): ""Great service and hotel room, close to the business district"" || [10.0/10] Ting (Malaysia, Solo traveler): ""Strategically located, my go to hotel whenever I’m in Hanoi"" || [8.8/10] TUCK KIONG (Singapore, Couple): ""Great for people coming for holidays or business trips""",Free Wi-Fi ; Pool with view; Free parking; Spa; Front desk [24-hour]; Fitness center; Restaurants; Bar,https://www.agoda.com/fortuna-hotel-hanoi/hotel/hanoi-vn.html,https://pix8.agoda.net/hotelImages/43397/0/1c045d119a0cb934241331513ac80ab1.jpg?ce=3
10966,Pan Pacific Hanoi,5.0,34,Hotel,Hanoi,Tay Ho District,6561658,8.5,2936,87,"[9.6/10] Andrew  (United Arab Emirates, Couple): ""But the best is the staff who are so friendly and helpful."" || [10.0/10] John (South Africa, Business traveler): ""Great hotel, nice gym and breakfast was pretty good."" || [10.0/10] JAEHYUNG (Vietnam, Couple): ""Nice room, Nice facilities, Nice staffs, Nice West lake view""",Free Wi-Fi ; Pool with view; Free parking; Spa; Front desk [24-hour]; Fitness center; Restaurants; Bar,https://www.agoda.com/pan-pacific-hanoi/hotel/hanoi-vn.html,https://pix8.agoda.net/hotelImages/10966/0/43e403ba7e05dda422181146e272eaa8.jpg?ce=2
38723203,Global Backpackers Hostel,3.0,33,Hotel,Hanoi,Hoan Kiem District,188569,8.6,285,86,"[10.0/10] Shaun (South Africa, Solo traveler): ""Its peaceful, very convenient and a superb place to stay at."" || [10.0/10] Kevin (Việt Nam, Solo traveler): ""We will definitely stay here again if we come to Hanoi."" || [10.0/10] Sam (Việt Nam, Solo traveler): ""They provided a good bed, bathrooms and 24 hours AC.""",Free Wi-Fi ; Front desk [24-hour]; Airport transfer; Family room; Luggage storage; Rooftop area; Garden; Breakfast,https://www.agoda.com/cathedral-hanoi-backpackers/hotel/hanoi-vn.html,https://pix8.agoda.net/hotelImages/38723203/0/862d657c17f64c2b4e4b071cdbffe6dc.png?ce=3
32907021,Delica Premium Hotel,4.0,34,Hotel,Hanoi,Old Quarter,1752566,9.5,6281,94,"[10.0/10] Elizabeth (Philippines, Group): ""Their hospitality truly made us feel comfortable and valued."" || [10.0/10] KAUNG WAI YAN (Singapore, Couple): ""The room was tidy and comfortable, with all the essentials."" || [9.2/10] Joe (United States, Group): ""Walkable to many attractions and food choices.""",Free Wi-Fi ; Front desk [24-hour]; Restaurants; Bar; Airport transfer; Family room; Kitchen; Luggage storage,https://www.agoda.com/hanoi-delica-hotel/hotel/hanoi-vn.html,https://pix8.agoda.net/hotelImages/32907021/-1/5eb873335e77911c9875989c2d2456af.jpg?ce=0
46274613,Ha Noi Re Hostel,0.0,33,Hotel,Hanoi,Old Quarter,360705,7.7,752,,"[8.4/10] Nurazmi (Brunei Darussalam, Solo traveler): ""The shared bathroom was also kept clean throughout my stay."" || [10.0/10] Nuria (Espanya, Solo traveler): ""We stayed two friends in a doble room, and very clean."" || [8.4/10] Nurazmi (Brunei Darussalam, Solo traveler): ""Overall, I had a comfortable experience at Re Hostel.""",Free Wi-Fi ; Check-in/out [express]; Airport transfer; Family room; Luggage storage; Rooftop area; Balcony/terrace; Breakfast,https://www.agoda.com/ha-noi-re-hostel/hotel/hanoi-vn.html,https://pix8.agoda.net/hotelImages/46274613/0/f6e887297bbcc780f60ede1a5a8f309c.jpeg?ce=0
3143234,Grandiose Hotel & Spa,4.0,34,Hotel,Hanoi,Ba Dinh,2286936,8.5,1193,88,"[9.6/10] Alexandra (Hong Kong SAR, China, Couple): ""This hotel was beyond comfortable and made us feel at home!"" || [10.0/10] Sujeeth (India, Couple): ""The hotel is very good and the break served was delicious"" || [8.8/10] Ẩn danh (Singapore, Couple): ""Hotel room is comfortable, clean and spacious for 2 persons.""",Free Wi-Fi ; Spa; Front desk [24-hour]; Fitness center; Restaurants; Bar; Massage; Airport transfer,https://www.agoda.com/grandiose-hotel-spa/hotel/hanoi-vn.html,https://pix8.agoda.net/hotelImages/3143234/-1/2b1b06a9e9f73ba786ffa55d3f97b8a5.jpg?ca=0&ce=1
39632912,Gloud Hotel,4.0,34,Hotel,Hanoi,My Dinh,1760886,8.7,1412,,"[10.0/10] taekyoung (대한민국, Business traveler): ""I am so happy and recommend to visitors in hanoi."" || [8.4/10] Seulah (대한민국, Group): ""Room condition was very clean and staffs are also very nice"" || [9.6/10] Sang (South Korea, Business traveler): ""The hotel was great, and staff was friendly""",Free Wi-Fi ; Free parking; Spa; Front desk [24-hour]; Fitness center; Restaurants; Bar; Massage,https://www.agoda.com/the-grace/hotel/hanoi-vn.html,https://pix8.agoda.net/hotelImages/39632912/-1/bc23d92b85cf68d072e38b8561a334ba.jpg?ce=0
55664055,Era Apartment Ham Long,3.5,29,NonHotel,Hanoi,Hoan Kiem District,371825,7.5,612,,"[10.0/10] Marc (Vietnam, Solo traveler): ""The room itself is big, and it is super quiet day and night."" || [10.0/10] Jiggo (Philippines, Couple): ""The facilities are complete, and the Wi-Fi works well."" || [8.8/10] Iza (Vietnam, Solo traveler): ""Had a comfortable and safe stay since I'm a woman.""",Free Wi-Fi ; Front desk [24-hour]; Family room; Luggage storage; Room service; Laundry; Non-smoking rooms; Daily housekeeping,https://www.agoda.com/era-apartment-hoan-kiem/hotel/hanoi-vn.html,https://pix8.agoda.net/hotelImages/55664055/0/2d997b631aabc664abcad02de982b905.jpg?ce=0
37130257,HOTEL YAH HANOI & SPA,3.0,34,Hotel,Hanoi,Ba Dinh,2019311,8.5,1390,91,"[10.0/10] Dang Anh Chuong (Việt Nam, Business traveler): ""The best part is the bathroom, ultra clean"" || [8.4/10] JUN FEN (Malaysia, Business traveler): ""Overall a great hotel that matched the price i booked."" || [8.8/10] Anand (Vietnam, Solo traveler): ""Good place stay, spacious , clean , friendly staff !""",Free Wi-Fi ; Free parking; Front desk [24-hour]; Restaurants; Sauna; Airport transfer; Luggage storage; Hot tub,https://www.agoda.com/hotel-yah-hanoi/hotel/hanoi-vn.html,https://pix8.agoda.net/hotelImages/37130257/-1/ea176211e3ed7ab2e60abdb507f9938d.png?ce=0
4782362,Eco Nest Apartment & Hotel Dinh Ngang,3.0,34,Hotel,Hanoi,Hoan Kiem District,479977,7.3,678,,"[9.2/10] Ilari (Finland, Couple): ""Polite and helpful staff, clean rooms and great location."" || [8.8/10] Grant (Ireland, Group): ""Overall a great experience in a budget travellers hotel."" || [8.8/10] Richard (Australia, Couple): ""If yiu want to view the trains this is a good location.""",Free Wi-Fi ; Front desk [24-hour]; Airport transfer; Family room; Luggage storage; Tours; Paid parking available; Laundry,https://www.agoda.com/hanoi-oriental-pearl-hotel/hotel/hanoi-vn.html,https://pix8.agoda.net/hotelImages/4782362/0/645af9f81dac5c0d911477af466aa35d.png?ce=3
8825461,BH Riverside Hotel,3.0,34,Hotel,Hanoi,Hoan Kiem District,540219,8.0,1221,81,"[10.0/10] Ngoc (Vietnam, Couple): ""The room is good, the staff is friendly, I have a good time"" || [10.0/10] Ruth (Philippines, Couple): ""I had a relaxing and peaceful stay in this hotel."" || [9.6/10] saurabh (Australia, Solo traveler): ""The room was quite big with all the facilities.""",Free Wi-Fi ; Front desk [24-hour]; Bar; Airport transfer; Family room; Shared kitchen; Luggage storage; Balcony/terrace,https://www.agoda.com/oyo-276-bh-hotel/hotel/hanoi-vn.html,https://pix8.agoda.net/hotelImages/8825461/-1/9780ca4e1f3a789de615291dfae7c80c.jpg?ca=13&ce=1
64171595,"M Village Hotel Thợ Nhuộm, a brand of Modern Village Lifestyle",4.0,34,Hotel,Hanoi,Hoan Kiem District,2114360,9.2,1093,94,"[9.2/10] Amal (United Arab Emirates, Solo traveler): ""Staff are nice and welcoming and all speak good English."" || [10.0/10] Victor (Malaysia, Solo traveler): ""The room is spacious, very clean and has a modern setting."" || [10.0/10] Victor (Malaysia, Solo traveler): ""The breakfast is also good, offering sufficient choices.""",Free Wi-Fi ; Front desk [24-hour]; Airport transfer; Luggage storage; Laundry; Safety deposit boxes; Non-smoking rooms; Daily housekeeping,https://www.agoda.com/m-village-hotel-th-nhu-m/hotel/hanoi-vn.html,https://pix8.agoda.net/hotelImages/64171595/0/54a3b01f55fdf85848de400cfcae28ca.png?ce=3
2334084,Swandor Cam Ranh Resort-Ultra All Inclusive,5.0,37,Hotel,Nha Trang,Cam Hải Đông,7778234,8.7,3611,89,"[9.6/10] KYUNGHWAN (대한민국, Family with older children): ""I would absolutely return on my next trip to Nha Trang."" || [9.6/10] U (Sri Lanka, Couple): ""All the workers were nice and the food was always fantastic!"" || [10.0/10] Hannah (United States, Couple): ""The staff who work here are also all so so kind.""",Private beach; Free Wi-Fi ; Pool with view; Free parking; Spa; Front desk [24-hour]; Fitness center; Restaurants,https://www.agoda.com/swandor-cam-ranh-hotels-resorts/hotel/nha-trang-vn.html,https://pix8.agoda.net/hotelImages/2334084/0/236a5bd2aa8ec2f246a71684445c1656.jpg?ce=3
49495642,Aquamarine Cam Ranh by Swandor - Ultra All Inclusive,5.0,34,Hotel,Nha Trang,Cam Hải Đông,8530223,8.8,1160,87,"[10.0/10] Mark (Australia, Family with young children): ""The hotel rooms are clean, airy and modern."" || [7.6/10] nguyen (United Kingdom, Family with young children): ""The beach :10 out of 10 , the best of Vietnam I would say."" || [9.2/10] JONGMIN (대한민국, Family with young children): ""The swimming pool and the resort interior were excellent,""",Private beach; Free Wi-Fi ; Pool with view; Free parking; Spa; Front desk [24-hour]; Fitness center; Restaurants,https://www.agoda.com/aquamarine-resort-hotel-all-inlcusive/hotel/nha-trang-vn.html,https://pix8.agoda.net/hotelImages/49495642/-1/dc2fb6b09014300a08cfcbc1ecb66b08.jpg?ce=0
186561,Rembrandt Hotel Nha Trang,3.5,34,Hotel,Nha Trang,Loc Tho,503197,8.3,2483,86,"[10.0/10] Daniel (United States, Couple): ""Great hot water, and awesome pressure in the showers."" || [10.0/10] Christopher (United States, Couple): ""I'll always choose this place when I'm in Nha Trang!"" || [10.0/10] David (Spain, Solo traveler): ""Akways helping, helped me book bus to HCM.""",Beach; Free Wi-Fi ; Pool with view; Car park; Spa; Front desk [24-hour]; Fitness center; Restaurants,https://www.agoda.com/rembrandt-hotel-nha-trang/hotel/nha-trang-vn.html,https://pix8.agoda.net/hotelImages/186561/0/3329b3ff1ce2fbb2739cb79e67d0dcd5.jpg?ce=2
86514477,Sophia Central Nha Trang Hotel by HT,3.0,34,Hotel,Nha Trang,Loc Tho,355365,7.8,223,,"[8.8/10] Leai (United Kingdom, Group): ""Prime location, close to beach and shops, restaurants, cafe."" || [10.0/10] SUNG KEUN (대한민국, Couple): ""And cleaning service and my room is really new and clean."" || [8.4/10] Hieu (Vietnam, Solo traveler): ""Great location and Friendly Staff""",Beach; Free Wi-Fi ; Swimming pool; Spa; Front desk [24-hour]; Restaurants; Massage; Family room,https://www.agoda.com/sophia-central-nha-trang-hotel/hotel/nha-trang-vn.html,https://pix8.agoda.net/hotelImages/86514477/0/b37c6db0f40d91a94ab02c9ebbd9295e.jpg?ce=3
7710666,Florida Hotel,5.0,34,Hotel,Nha Trang,Loc Tho,740410,8.3,4059,80,"[9.6/10] MUSTAFA (Singapore, Solo traveler): ""The manager should be proud to have such an excellent staff."" || [10.0/10] Jang (South Korea, Couple): ""Clean, comfortable, great price, good free breakfast."" || [10.0/10] Ying H (Canada, Couple): ""The bathroom is equipped with a bathtub with a view.""",Beach; Free Wi-Fi ; Pool with view; Free parking; Spa; Front desk [24-hour]; Fitness center; Restaurants,https://www.agoda.com/florida-nhatrang-hotel/hotel/nha-trang-vn.html,https://pix8.agoda.net/hotelImages/7710666/-1/a7cd9fb08fe57036cd17f986f74f7979.jpg?ce=0
13486290,Panorama Nha Trang StarBeach,5.0,120,Hotel,Nha Trang,Loc Tho,1397521,8.2,5367,,"[10.0/10] Thu Huyen (France, Couple): ""That’s why I’ve extended my staying for 2 nights more here."" || [9.2/10] Carolyn (Canada, Couple): ""Short walk to all the famous spa, restauranta and stores."" || [9.6/10] LI-HSUAN (越南, Couple): ""Convenient location, near the beach and many food choice.""",Beach; Free Wi-Fi ; Swimming pool; Front desk [24-hour]; Fitness center; Airport transfer; Pool (kids); Luggage storage,https://www.agoda.com/star-beach-panorama/hotel/nha-trang-vn.html,https://pix8.agoda.net/hotelImages/13486290/-1/333322ba894ab6acd324fafbced7ad3e.jpg?ce=0
699308,Pavillon Garden Hotel Nha Trang,3.0,34,Hotel,Nha Trang,Loc Tho,494372,8.2,2811,82,"[10.0/10] Harry (Canada, Couple): ""For the price, this budget-friendly place is luxurious."" || [9.6/10] Vladlena (Україна, Solo traveler): ""Overall, the hotel is absolutely worth its money."" || [9.6/10] Vladlena (Україна, Solo traveler): ""The room had everything necessary for a comfortable stay.""",Beach; Free Wi-Fi ; Pool with view; Front desk [24-hour]; Restaurants; Bar; Airport transfer; Family room,https://www.agoda.com/pavillon-garden-hotel-nha-trang/hotel/nha-trang-vn.html,https://pix8.agoda.net/hotelImages/699/699308/699308_15051814160027564329.jpg?ca=4&ce=1
49696172,Tuana Hotels Cam Ranh Resort ,5.0,34,Hotel,Nha Trang,Cam Hải Đông,1355417,7.9,654,,"[10.0/10] Buu (Vietnam, Couple): ""Overall, everything was great and I had a pleasant stay."" || [10.0/10] Beata (Slovakia, Couple): ""Spa - wow - beautiful interior and the massage was amazing."" || [10.0/10] Ngoc Bich (Việt Nam, Group): ""My room is in the 9th floor with an extremely nice view.""",Beach; Free Wi-Fi ; Swimming pool; Free parking; Front desk [24-hour]; Restaurants; Bar; Family room,https://www.agoda.com/oceanwaves-beach-resort-cam-ranh/hotel/nha-trang-vn.html,https://pix8.agoda.net/hotelImages/49696172/0/88da641fcb2e6c0b6ef9617f7c6ccf91.jpeg?ce=0
49691945,Panorama Nha Trang SanVilla ,5.0,29,NonHotel,Nha Trang,Loc Tho,1218993,7.7,1748,,"[10.0/10] Eunice (Vietnam, Solo traveler): ""Staff speak a very well English and are very helpful."" || [9.6/10] Lionel (Australia, Solo traveler): ""Modern space with full amenities, just like home."" || [10.0/10] Stellan (Singapore, Couple): ""The thick rubber mattress helps the body have a deep sleep.""",Private beach; Free Wi-Fi ; Swimming pool; Car park; Spa; Front desk [24-hour]; Fitness center; Restaurants,https://www.agoda.com/panorama-nha-trang-sanvilla/hotel/nha-trang-vn.html,https://pix8.agoda.net/hotelImages/49691945/0/d192a5c17e291ecdeb7da1c1f1b8c4f4.jpg?ce=0
4629184,Bondi Backpackers Nha Trang,0.0,33,Hotel,Nha Trang,Loc Tho,282789,8.1,1545,,"[10.0/10] Sheena (United States, Solo traveler): ""I enjoyed it so much - I extended my 1 day into 6 weeks."" || [10.0/10] Jane (Philippines, Solo traveler): ""Staffs here are very welcoming and breakfast is really good."" || [9.2/10] David (United States, Solo traveler): ""The rooftop bar is nice for a nightcap before bed.""",Beach; Free Wi-Fi ; Pool with view; Spa; Front desk [24-hour]; Restaurants; Bar; Water park,https://www.agoda.com/bondi-backpackers-nha-trang/hotel/nha-trang-vn.html,https://q-xx.bstatic.com/xdata/images/hotel/max500/795581353.jpg?k=847222689b0795aa03a9765d11122918542975051d1a4d341d028bc7792f1a24&o=
80005567,voco Scenia Bay Nha Trang By IHG,5.0,34,Hotel,Nha Trang,Vinh Hai,4346553,9.2,111,85,"[10.0/10] Alfredo (United States, Family with young children): ""Super clean the food in the Russian was amazing."" || [10.0/10] Alfredo (United States, Family with young children): ""This place is amazing.""",Beach; Free Wi-Fi ; Pool with view; Free parking; Spa; Front desk [24-hour]; Fitness center; Restaurants,https://www.agoda.com/voco-scenia-bay-nha-trang-by-ihg/hotel/nha-trang-vn.html,https://pix8.agoda.net/hotelImages/80172359/0/f09e7bf7382f191bb3c3111b01a9229e.jpeg?ce=3
66810496,Brilliant Bay Nha Trang Hotel,4.0,34,Hotel,Nha Trang,Loc Tho,621410,8.4,862,,"[10.0/10] George (Thailand, Couple): ""I would definitely recommend this hotel to anyone visiting."" || [10.0/10] Daisy (Vietnam, Couple): ""Great location, new renovation, friendly staff, good price."" || [10.0/10] Ava (Australia, Solo traveler): ""Super nice room and the rooftop pool was fantastic at night.""",Beach; Free Wi-Fi ; Pool with view; Front desk [24-hour]; Restaurants; Airport transfer; Family room; Luggage storage,https://www.agoda.com/kim-thanh-boutique-hotel-nha-trang/hotel/nha-trang-vn.html,https://pix8.agoda.net/hotelImages/66810496/0/6ff4819d0931f2788429a2d7dc6fdc10.jpg?ce=2
178263,Prime New,4.0,34,Hotel,Nha Trang,Loc Tho,656039,8.1,896,,"[9.6/10] michael beyfus (Australia, Solo traveler): ""The staff were very friendly and helpful throughout my stay."" || [9.6/10] Troy (Australia, Family with young children): ""We really enjoyed our stay in the family room with balcony."" || [9.6/10] DIEM (United States, Couple): ""Everything from staff, to room, to location is great.""",Private beach; Free Wi-Fi ; Pool with view; Front desk [24-hour]; Fitness center; Restaurants; Bar; Airport transfer,https://www.agoda.com/prime-hotel-nha-trang/hotel/nha-trang-vn.html,https://pix8.agoda.net/hotelImages/178263/0/ebd74dc6ffbffeb1e4cdb90acf14b262.png?ce=3
706033,Nha Trang Palace Hotel,4.5,34,Hotel,Nha Trang,Loc Tho,920536,8.6,5003,86,"[8.4/10] Van (Canada, Couple): ""We stayed 5 nights in a room with balcony and a sea views."" || [10.0/10] Sharon (Canada, Couple): ""We stayed in a deluxe sea view room and it was stunning."" || [10.0/10] Sarah (Thailand, Couple): ""She was so helpful and kind- she made our stay amazing!""",Free Wi-Fi ; Swimming pool; Free parking; Spa; Front desk [24-hour]; Fitness center; Restaurants; Bar,https://www.agoda.com/nha-trang-palace-hotel/hotel/nha-trang-vn.html,https://pix8.agoda.net/hotelImages/706033/-1/a9c651c7b53397f4e3542148baa737c2.jpg?ce=0
42367083,Pavillon Boutique Hotel & Apartment Nha Trang,4.0,34,Hotel,Nha Trang,Loc Tho,658016,8.8,1490,87,"[10.0/10] Tiana (United States, Solo traveler): ""Great service, extremely clean and the view was amazing."" || [8.4/10] Chethan (India, Group): ""It was clean and spacious, and the check-in was easy."" || [8.4/10] Chethan (India, Group): ""It was one of my best stays in Vietnam for the price.""",Beach; Free Wi-Fi ; Front desk [24-hour]; Restaurants; Family room; Luggage storage; Room service; Tours,https://www.agoda.com/pavillon-boutique-hotel-apartment-nha-trang/hotel/nha-trang-vn.html,https://pix8.agoda.net/hotelImages/42367083/-1/1ffd43583a6d413fb9b9003847b63cf9.jpg?ce=0
1162080,Diamond Bay Hotel,5.0,34,Hotel,Nha Trang,Loc Tho,1987558,8.7,5625,83,"[10.0/10] Szilard (Magyarország, Couple): ""Amazing hotel with great hospitality and very helpful staff."" || [8.8/10] Dale (Australia, Couple): ""Great location, good facilities, and breakfast is included."" || [10.0/10] HEUNG JIN (South Korea, Couple): ""When I said I couldn't go, the hotel gave me a full refund.""",Beach; Free Wi-Fi ; Pool with view; Free parking; Front desk [24-hour]; Fitness center; Restaurants; Airport transfer,https://www.agoda.com/diamond-bay-hotel/hotel/nha-trang-vn.html,https://pix8.agoda.net/hotelImages/1162080/0/461090ca7632b761e54d6f656c6fcbb0.jpg?ce=2
6508545,Royal HPM Hotel,4.0,34,Hotel,Nha Trang,Tân Lập,474209,8.0,2742,,"[10.0/10] Pierre (Vietnam, Couple): ""Loved everything about the hotel except for one downside."" || [10.0/10] Van thang (United Kingdom, Solo traveler): ""Great value for money and location was close to beach!!!"" || [10.0/10] Hannah (United Kingdom, Couple): ""Very clean spacious rooms in this hotel and comfy beds.""",Free Wi-Fi ; Pool with view; Car park; Restaurants; Bar; Golf course; Airport transfer; Family room,https://www.agoda.com/royal-hpm-hotel/hotel/nha-trang-vn.html,https://pix8.agoda.net/hotelImages/6508545/-1/3f1e7efb8fcaba330631a2b8b3263900.jpg?ca=9&ce=1
79095712,Khach san Golden Beach Nha Trang,3.0,34,Hotel,Nha Trang,Loc Tho,1382452,7.8,662,,"[10.0/10] Nadine (Vietnam, Solo traveler): ""The hotel is just amazing, with super nice and clean rooms."" || [9.6/10] Paul (Canada, Solo traveler): ""The room was a good size and the reception was very helpful."" || [8.8/10] Vera (Vietnam, Solo traveler): ""I was only there for one night but room was great.""",Free Wi-Fi ; Swimming pool; Car park; Front desk [24-hour]; Restaurants; Golf course; Airport transfer; Family room,https://www.agoda.com/khach-san-golden-beach-nha-trang/hotel/nha-trang-vn.html,https://pix8.agoda.net/hotelImages/79095712/0/506a8770a63ab594923290d085bac52c.jpg?ce=2
6421211,Muong Thanh Luxury Vien Trieu Nha Trang Hotel,5.0,34,Hotel,Nha Trang,Vĩnh Phước,1843348,8.8,4447,,"[10.0/10] johnson (Vietnam, Family with young children): ""Then this was the best room ever I had ever seen in my life."" || [10.0/10] Milana (Россия, Couple): ""There were no ants or bugs, which is really important to us."" || [9.6/10] Antoinette (United Kingdom, Family with young children): ""Lovely hotel with incredible views from our 28th floor room.""",Beach; Free Wi-Fi ; Pool with view; Free parking; Spa; Front desk [24-hour]; Fitness center; Restaurants,https://www.agoda.com/muong-thanh-luxury-vien-trieu-hotel/hotel/nha-trang-vn.html,https://pix8.agoda.net/hotelImages/6421211/-1/463228b714b4170001ed3c5e8b8ea5f0.jpg?ca=28&ce=0
81128090,Dolphin Bay Hotel Nha Trang,3.0,34,Hotel,Nha Trang,Tân Lập,556016,8.0,1351,,"[9.6/10] Michael (Vietnam, Solo traveler): ""Room was spacious clean everything working and bright."" || [10.0/10] hadi (Brunei Darussalam, Solo traveler): ""The location is central, just a 10-minute walk to the beach."" || [8.8/10] ENG (Singapore, Couple): ""Location is great - near all amenities n beach.""",Free Wi-Fi ; Pool with view; Car park; Front desk [24-hour]; Restaurants; Family room; Luggage storage; Room service,https://www.agoda.com/dolphin-bay-hotel-nha-trang/hotel/nha-trang-vn.html,https://pix8.agoda.net/hotelImages/81128090/0/9193c3229319c5cd4de0ebf2f06fd39f.jpeg?ce=3
1158838,Starcity Bayfront Nha Trang Hotel ,5.0,34,Hotel,Nha Trang,Loc Tho,2003051,8.8,6067,92,"[10.0/10] Eduard (德國, Couple): ""Other hotels in Nha Trang would charge you double at least."" || [10.0/10] Kameel (Canada, Couple): ""They always make my stay very welcoming and enjoyable."" || [10.0/10] Hien (Vietnam, Group): ""I really enjoyed my stay and will definitely be coming back!""",Private beach; Free Wi-Fi ; Pool with view; Spa; Front desk [24-hour]; Fitness center; Restaurants; Bar,https://www.agoda.com/starcity-nha-trang-hotel/hotel/nha-trang-vn.html,https://pix8.agoda.net/hotelImages/1158838/0/dea7b14d402d137535a29f124efa777f.png?ce=2
32818875,RIS Panorama Nha Trang,5.0,120,Hotel,Nha Trang,Loc Tho,1524624,8.4,1759,,"[10.0/10] cecilia (United States, Couple): ""The location can’t be beat and there’s so much to do nearby."" || [10.0/10] Van Dung (Canada, Group): ""The room was large, clean with balcony and view to the sea."" || [10.0/10] Van Dung (Canada, Group): ""There was also a small kitchen with everything you needed.""",Beach; Free Wi-Fi ; Pool with view; Spa; Front desk [24-hour]; Fitness center; Restaurants; Bar,https://www.agoda.com/ris-panorama-nha-trang-apartment/hotel/nha-trang-vn.html,https://pix8.agoda.net/hotelImages/32818875/0/e58be06ff1b431c686e964df4560385a.jpg?ce=3
3613486,Quinter Central Nha Trang Hotel,5.0,34,Hotel,Nha Trang,Loc Tho,1141598,8.9,1538,90,"[10.0/10] an (Vietnam, Solo traveler): ""Friendly and professional staff, helpful to travelers."" || [10.0/10] Tuan (United States, Couple): ""Awesome location with amazing breakfast and excellent staff."" || [8.4/10] Lan (Vietnam, Family with older children): ""Facilities, cleaness and breakfast buffet are wonderfull.""",Private beach; Free Wi-Fi ; Pool with view; Free parking; Spa; Front desk [24-hour]; Fitness center; Restaurants,https://www.agoda.com/quinter-central-nha-trang-hotel/hotel/nha-trang-vn.html,https://pix8.agoda.net/hotelImages/3613486/0/189c98099882426c2d252f1411e57361.jpg?ce=3
10780056,Kymodo Panorama Apartment,5.0,120,Hotel,Nha Trang,Loc Tho,1013926,8.6,3100,81,"[10.0/10] SESIN (Vietnam, Solo traveler): ""Kymodo is the best of the companies that rents rooms."" || [10.0/10] Farizal (Malaysia, Family with older children): ""Near to convenient store, restaurants and even mall."" || [10.0/10] Ha (Vietnam, Family with young children): ""Room is wonderfull with sea view, best view in town.""",Beach; Free Wi-Fi ; Swimming pool; Front desk [24-hour]; Fitness center; Restaurants; Bar; Airport transfer,https://www.agoda.com/kymodo-apartment/hotel/nha-trang-vn.html,https://pix8.agoda.net/hotelImages/10780056/-1/1d60b141c02a5ac196ffeb265deab107.jpg?ce=0
55288610,Daisy Flower Nha Trang ,4.0,34,Hotel,Nha Trang,Phuoc Hoa,395838,8.2,2169,,"[9.6/10] Karys (United Kingdom, Couple): ""Well thought out hotel and the staff were really nice."" || [9.6/10] Nguyễn (Vietnam, Couple): ""About the room, because i was upgraded with a better room."" || [10.0/10] NGOC BICH (Vietnam, Couple): ""The staffs are very friendly and helpful.""",Free Wi-Fi ; Pool with view; Free parking; Check-in/out [express]; Golf course; Shuttle service; Pool (kids); Luggage storage,https://www.agoda.com/daisy-flower-nha-trang/hotel/nha-trang-vn.html,https://pix8.agoda.net/hotelImages/55288610/-1/f8e5c474f8bf94811cdc3726bdf06e2c.jpg?ce=0
7466289,Virgo Hotel,5.0,34,Hotel,Nha Trang,Tân Lập,1971261,8.7,15100,80,"[9.2/10] Mia (South Korea, Solo traveler): ""Above all, the hotel condition is so good for the price."" || [10.0/10] Toni (United States, Couple): ""The room was spaces, clean and very nicely aesthetic."" || [10.0/10] Richard Tan (Australia, Couple): ""Rooms are modern, clean, and comfortable, with great views.""",Free Wi-Fi ; Swimming pool; Front desk [24-hour]; Fitness center; Restaurants; Bar; Airport transfer; Pool (kids),https://www.agoda.com/virgo-hotel/hotel/nha-trang-vn.html,https://pix8.agoda.net/hotelImages/7466289/-1/63a228f0438a61d37c105135602bfc59.jpg?ce=0
445610,Havana Nha Trang Hotel,5.0,34,Hotel,Nha Trang,Loc Tho,2401898,8.9,30184,89,"[9.6/10] Golam (Bangladesh, Group): ""All good, specially the beach view upper rooms are amazing!"" || [10.0/10] Dr (Vietnam, Solo traveler): ""Bed is very comfortable and lighting is well balanced."" || [10.0/10] Angelica (Australia, Couple): ""The ocean view suites have a spectacular view to wake up to.""",Private beach; Free Wi-Fi ; Pool with view; Spa; Front desk [24-hour]; Fitness center; Restaurants; Bar,https://www.agoda.com/havana-nha-trang-hotel/hotel/nha-trang-vn.html,https://pix8.agoda.net/hotelImages/445610/0/9728c61fc16b1941eceb880149e5cddf.jpeg?ce=0
6426068,The Alley Hostel,1.0,33,Hotel,Nha Trang,Loc Tho,270088,8.7,709,81,"[9.2/10] Rodrigo (Sri Lanka, Solo traveler): ""Can park scooters there during the night no problem."" || [9.6/10] Priscilia Lim (Malaysia, Solo traveler): ""Clean and safe place to stay as a solo traveler."" || [10.0/10] Tuan (United States, Solo traveler): ""Room is always clean and smells fresh everyday.""",Free Wi-Fi ; Front desk [24-hour]; Airport transfer; Luggage storage; Tours; Paid parking available; Laundry; Taxi service,https://www.agoda.com/the-alley-hostel/hotel/nha-trang-vn.html,https://pix8.agoda.net/hotelImages/6426068/-1/4e9566e9c4b38c1cea6e8fe148e58e7e.jpg?ca=7&ce=1
5059416,Libra Hotel Nha Trang,5.0,34,Hotel,Nha Trang,Loc Tho,829877,8.9,4381,84,"[10.0/10] KEN SENG (Malaysia, Couple): ""Hotel had offer us a free room upgrade with city view!"" || [10.0/10] KEN SENG (Malaysia, Couple): ""The staff are very helpful and friendly"" || [10.0/10] Ri (Taiwan, Group): ""Good room quality and the best service, highly recommend !!""",Private beach; Free Wi-Fi ; Swimming pool; Free parking; Spa; Front desk [24-hour]; Fitness center; Restaurants,https://www.agoda.com/libra-nha-trang-hotel/hotel/nha-trang-vn.html,https://pix8.agoda.net/hotelImages/5059416/-1/e2a1282e593d4eb2bb0dd181ad023516.jpg?ce=0
10946381,Amber Nha Trang Hotel,3.0,34,Hotel,Nha Trang,Loc Tho,818883,8.8,2479,85,"[10.0/10] Rochelle (Philippines, Solo traveler): ""The room is great as well as the facilities and amenities."" || [10.0/10] Rochelle (Philippines, Solo traveler): ""The view from my room is superb especially at night."" || [10.0/10] Charlotte (United Kingdom, Couple): ""Everything about the room was perfect including cleanliness.""",Private beach; Free Wi-Fi ; Pool with view; Front desk [24-hour]; Restaurants; Golf course; Airport transfer; Family room,https://www.agoda.com/amber-nha-trang-hotel/hotel/nha-trang-vn.html,https://pix8.agoda.net/hotelImages/10946381/-1/be18a35b5c5642bb71de204b0d49d565.jpg?ca=13&ce=1
34005295,Starlight Nha Trang,3.0,34,Hotel,Nha Trang,Tân Lập,402644,7.7,1132,,"[9.2/10] Geoff (Vietnam, Couple): ""Friendly staff and overall enjoyable stay."" || [10.0/10] Cady (Việt Nam, Solo traveler): ""Excellent service, good hotel in city centre"" || [8.0/10] Rashdan (Malaysia, Couple): ""This hotel has elevator & private parking for scooter.""",Free Wi-Fi ; Free parking; Front desk [24-hour]; Restaurants; Airport transfer; Family room; Shared kitchen; Luggage storage,https://www.agoda.com/starlight-nha-trang/hotel/nha-trang-vn.html,https://pix8.agoda.net/hotelImages/34005295/-1/2d28c6e156a7e8846291c8aba58b76a0.jpg?ce=0
87940198,Diamond Blue Hotel Nha Trang,2.0,34,Hotel,Nha Trang,Loc Tho,,7.6,155,,"[10.0/10] Djouhaina Alaa (Algérie, Couple): ""I highly recomend it ! everything was perfect"" || [10.0/10] Bee Lee (Malaysia, Solo traveler): ""Nice value hotel""",Free Wi-Fi ; Front desk [24-hour]; Airport transfer; Family room; Luggage storage; Room service; Tours; Non-smoking rooms,https://www.agoda.com/diamond-blue-nha-trang-hotel/hotel/nha-trang-vn.html,https://pix8.agoda.net/hotelImages/87940198/0/f3919b6850287e2d3a4090bcf7f64a4b.jpg?ce=3
37959569,Green Beach Hotel Nha Trang,5.0,34,Hotel,Nha Trang,Loc Tho,855592,8.8,1093,86,"[10.0/10] Levy Ezra (United States, Solo traveler): ""He welcomed me daily with a warm smile and genuine kindness."" || [10.0/10] Levy Ezra (United States, Solo traveler): ""He represents hospitality at its very best."" || [10.0/10] Richard (Australia, Couple): ""The hotel itself offers incredible value for money.""",Free Wi-Fi ; Pool with view; Front desk [24-hour]; Fitness center; Restaurants; Bar; Airport transfer; Family room,https://www.agoda.com/green-beach-hotel-h28106760/hotel/nha-trang-vn.html,https://pix8.agoda.net/hotelImages/37959569/-1/044c372aecc51fa84cc5bf548166d550.jpg?ce=0
10681625,Regalia Gold Hotel,5.0,34,Hotel,Nha Trang,Tân Lập,2239474,8.9,24635,84,"[8.8/10] Koji (Vietnam, Couple): ""Nice room and roof top swimming pool with amazing view."" || [10.0/10] Thibault (Vietnam, Solo traveler): ""Ms Binh at the reception was very professional and caring."" || [10.0/10] Giam (United States, Couple): ""Room clean, top quality towel, friendly and helpful staff""",Free Wi-Fi ; Pool with view; Free parking; Spa; Front desk [24-hour]; Fitness center; Restaurants; Bar,https://www.agoda.com/regalia-gold-hotel/hotel/nha-trang-vn.html,https://pix8.agoda.net/hotelImages/10681625/-1/7cd7e553a9c37ce3120bc8fdc037dca5.jpg?ca=11&ce=1
10758837,Holi Panorama Condotel ,4.0,120,Hotel,Nha Trang,Loc Tho,1390066,8.0,6298,,"[10.0/10] Jason (Malaysia, Solo traveler): ""Great location, spacious room and comfortable stay."" || [10.0/10] Helen (United States, Couple): ""Over all I am very happy with everything about this hotel."" || [10.0/10] Lilian (Australia, Family with young children): ""Enjoyed our stay for more than 2 weeks  at Holi Panorama.""",Beach; Free Wi-Fi ; Swimming pool; Spa; Front desk [24-hour]; Fitness center; Restaurants; Bar,https://www.agoda.com/holi-panorama-apartments/hotel/nha-trang-vn.html,https://pix8.agoda.net/hotelImages/10758837/0/71eed8375b3453f13b34b5833896b33f.png?ce=3
2269250,Seven Seas Hotel and Apartment,3.5,120,Hotel,Nha Trang,Tân Lập,541019,8.2,1017,,"[9.6/10] Nurhayati (Indonesia, Solo traveler): ""The staff are really helpfull and will be there 24 hours."" || [9.6/10] Antonija (Thailand, Solo traveler): ""I loved staying here so much, I kept extending my stay."" || [9.6/10] Antonija (Thailand, Solo traveler): ""The location is excellent, close to everything.""",Free Wi-Fi ; Swimming pool; Front desk [24-hour]; Restaurants; Golf course; Family room; Luggage storage; Balcony/terrace,https://www.agoda.com/seven-seas-hotel-and-apartment/hotel/nha-trang-vn.html,https://pix8.agoda.net/hotelImages/2269250/-1/6179b261cae9e64055abc48ff5387231.jpg?ce=0
11283759,Marilyn Boutique Hotel Nha Trang,3.0,34,Hotel,Nha Trang,Vĩnh Hòa,,9.0,691,86,"[9.6/10] Aleksei (Vietnam, Couple): ""We needed a bike for rent for a day - they called it for us."" || [7.2/10] Huy (Vietnam, Group): ""Location is good if you want quiet area and access to beach."" || [9.6/10] Aleksei (Vietnam, Couple): ""The view from the window was on the mountains.""",Free Wi-Fi ; Free parking; Front desk [24-hour]; Restaurants; Airport transfer; Family room; Luggage storage; Pets allowed,https://www.agoda.com/de-lynn-boutique-hotel/hotel/nha-trang-vn.html,https://pix8.agoda.net/hotelImages/11283759/0/676e4311a6574285d57e5ea4da1600d2.jpg?ce=3
44314368,King Hotel,2.0,34,Hotel,Nha Trang,Loc Tho,2415500,7.8,1273,,"[10.0/10] Maksim (Южная Корея, Couple): ""Prices are affordable and offer good value for money."" || [10.0/10] Maksim (Южная Корея, Couple): ""Rooms are clean and well maintained."" || [10.0/10] Jack (Thailand, Couple): ""Good price, room cleaned every day, aircon and fridge.""",Beach; Free Wi-Fi ; Swimming pool; Free parking; Spa; Front desk [24-hour]; Happy hour; Airport transfer,https://www.agoda.com/king-hotel-h44314368/hotel/nha-trang-vn.html,https://pix8.agoda.net/hotelImages/44314368/0/190fa37248b9ab9d2bf5078acab9303e.jpeg
67349925,Seaside Boutique Hotel Nha Trang Beach,4.0,34,Hotel,Nha Trang,Tân Lập,1085537,9.0,2886,91,"[10.0/10] Jewel (Australia, Couple): ""It was the best hotel that I have ever stayed in Nha Trang."" || [9.2/10] Suuhei (日本, Couple): ""She made our stay both comfortable and memorable!!"" || [10.0/10] Jessica (Australia, Couple): ""The room was great and the staff were so kind and helpful.""",Beach; Free Wi-Fi ; Pool with view; Car park; Spa; Front desk [24-hour]; Fitness center; Restaurants,https://www.agoda.com/seaside-boutique-hotel-nha-trang-beach/hotel/nha-trang-vn.html,https://pix8.agoda.net/hotelImages/67349925/0/9a0693f14841573b2625fe2502f9d48b.jpg?ce=2
79487625,The Gold Coast Hotel Nha Trang,3.0,34,Hotel,Nha Trang,Tân Lập,655262,8.2,742,,"[10.0/10] Jin (Australia, Group): ""Great location and view, very clean and spacious room."" || [9.6/10] Danny (Australia, Couple): ""Room was clean, spacious, comfortable bed."" || [8.4/10] Hoang (Vietnam, Family with older children): ""The balcony makes the room feel more open and comfortable.""",Free Wi-Fi ; Pool with view; Free parking; Front desk [24-hour]; Fitness center; Restaurants; Golf course; Airport transfer,https://www.agoda.com/gold-coast-hotel-nha-trang-h49532839/hotel/nha-trang-vn.html,https://pix8.agoda.net/hotelImages/79487625/0/261931a1239104689f84d233e079c34c.jpg?ce=2
8798451,Ivy Hotel Nha Trang,4.0,34,Hotel,Nha Trang,Tân Lập,576724,8.0,2521,,"[9.6/10] Mehernosh (India, Family with young children): ""On the top floor there is a swimming pool with a nice view."" || [10.0/10] Katie (United Kingdom, Couple): ""One of the best hotels we’ve stayed in the whole of Asia!"" || [10.0/10] Johannes (Vietnam, Solo traveler): ""Great cheap place with high level of comfort.""",Private beach; Free Wi-Fi ; Pool with view; Spa; Front desk [24-hour]; Fitness center; Restaurants; Bar,https://www.agoda.com/ivy-hotel-nha-trang/hotel/nha-trang-vn.html,https://pix8.agoda.net/hotelImages/8798451/-1/883656cee29adf48b84428b469a4308f.jpg?ca=9&ce=1
6253467,Sata Hotel,3.0,34,Hotel,Nha Trang,Tân Lập,533307,8.9,7944,89,"[10.0/10] Colten (Canada, Couple): ""Wi-Fi is super fast which is great for me as I work online."" || [10.0/10] Colten (Canada, Couple): ""Sata hotel is an amazing hotel especially for the price."" || [10.0/10] Jimmy (Singapore, Solo traveler): ""The location to the best food and pubs makes it 5 stats.""",Free Wi-Fi ; Swimming pool; Front desk [24-hour]; Fitness center; Airport transfer; Luggage storage; Balcony/terrace; Breakfast,https://www.agoda.com/sata-hotel_2/hotel/nha-trang-vn.html,https://pix8.agoda.net/hotelImages/6253467/-1/c0040fe7ca38e32373be43db59504d0a.jpg?ca=9&ce=1
394518,Le Duong Hotel Nha Trang,0.0,34,Hotel,Nha Trang,Loc Tho,1336185,8.1,543,,"[10.0/10] Graham (South Africa, Solo traveler): ""Close to all amenities and aporox. 200m from the main beach."" || [10.0/10] Graham (South Africa, Solo traveler): ""Wonderful hosts, accommodating and helpful."" || [8.8/10] Abisai (United States, Couple): ""Staff is friendly and accommodating.""",Free Wi-Fi ; Front desk [24-hour]; Airport transfer; Family room; Luggage storage; Room service; Business center; Tours,https://www.agoda.com/le-duong-hotel-nha-trang/hotel/nha-trang-vn.html,https://pix8.agoda.net/hotelImages/394/394518/394518_16082116120045660539.jpg?ca=6&ce=1
64576655,Art Deluxe Hotel,3.0,34,Hotel,Nha Trang,Loc Tho,338388,7.2,189,,"[9.2/10] RB (United Kingdom, Solo traveler): ""The hotel was renovated in November 2024 so it's brand new."" || [10.0/10] Tony (Spain, Solo traveler): ""I was never disturbed, and I really enjoyed being there."" || [10.0/10] allanah (Australia, Couple): ""The rooms were fantastic, clean and spacious.""",Beach; Free Wi-Fi ; Front desk [24-hour]; Airport transfer; Family room; Luggage storage; Hot tub; Breakfast takeaway service,https://www.agoda.com/art-deluxe-hotel-h64576655/hotel/nha-trang-vn.html,https://pix8.agoda.net/hotelImages/64576655/0/43e953b9beda94f45aff02dcb302142c.jpg?ce=2
5780775,Canary Nha Trang Hotel,3.0,34,Hotel,Nha Trang,Vĩnh Hòa,418870,8.6,428,85,"[7.6/10] Phan (Vietnam, Couple): ""The room was clean and the staffs were so nice"" || [9.2/10] AVI (India, Group): ""Apart from this, my stay was excellent."" || [10.0/10] Kirillov (Indonesia, Couple): ""Rooms are big and clean with comfortable beds.""",Beach; Free Wi-Fi ; Swimming pool; Free parking; Front desk [24-hour]; Restaurants; Happy hour; Sauna,https://www.agoda.com/canary-nha-trang-hotel/hotel/nha-trang-vn.html,https://pix8.agoda.net/hotelImages/5780775/-1/e794c69fb68b18e38e3f7f4a6ee4e495.jpg?ce=0
256060,Green World Hotel Nha Trang,4.5,34,Hotel,Nha Trang,Loc Tho,1173884,8.9,3093,88,"[10.0/10] Hoa (Việt Nam, Couple): ""Green World Hotel is amazing hotel that we should to try"" || [10.0/10] Rebecca (Canada, Couple): ""The receptionist at the desk was very kind and helpful."" || [9.6/10] Mikhail  (Russia, Couple): ""I highly recommend this hotel to anyone visiting Nha Trang.""",Beach; Free Wi-Fi ; Pool with view; Free parking; Spa; Front desk [24-hour]; Fitness center; Restaurants,https://www.agoda.com/green-world-hotel-nha-trang/hotel/nha-trang-vn.html,https://pix8.agoda.net/hotelImages/256060/-1/3ee8ce0a326ce112012e24f7cd386650.jpg?ce=0
463095,Muong Thanh Grand Nha Trang Hotel,4.0,34,Hotel,Nha Trang,Vĩnh Hòa,814844,8.4,1643,,"[8.4/10] KEITH (United Kingdom, Family with young children): ""A great hotel set right on the beach with direct access."" || [8.4/10] KEITH (United Kingdom, Family with young children): ""The staff were just wonderful, special mentions to ***."" || [7.2/10] MINH (Vietnam, Couple): ""Amazing service,polite staff, tasty breakfast, clean room""",Private beach; Free Wi-Fi ; Pool with view; Free parking; Spa; Front desk [24-hour]; Fitness center; Restaurants,https://www.agoda.com/muong-thanh-grand-nha-trang-hotel/hotel/nha-trang-vn.html,https://pix8.agoda.net/hotelImages/463095/-1/b8c8baec44110f3d1be56396bc94bdfd.jpg?ce=0
72120574,W Premium Nha Trang ,4.0,34,Hotel,Nha Trang,Xuong Huan,696086,8.2,439,,"[8.8/10] بسم الله (대한민국, Solo traveler): ""I was satisfied with the excellent facilities for the price."" || [10.0/10] Nicholas (Australia, Couple): ""Nice clean rooms with huge windows."" || [9.2/10] JONAS (United States, Business traveler): ""Comfortable and clean beds.""",Beach; Free Wi-Fi ; Pool with view; Free parking; Front desk [24-hour]; Restaurants; Bar; Golf course,https://www.agoda.com/w-premium-nha-trang/hotel/nha-trang-vn.html,https://pix8.agoda.net/hotelImages/72120574/0/f8277c9945620816d3ad5d47922ec8a1.png?ce=3
89175775,Jolia Nha Trang Hotel,4.0,34,Hotel,Nha Trang,Tân Lập,,8.3,107,,"[10.0/10] LE (Vietnam, Group): ""Absolutely satisfied with the service, room, and location!"" || [10.0/10] Ngoc Linh (Vietnam, Solo traveler): ""Great Place to Stay""",Beach; Free Wi-Fi ; Pool with view; Free parking; Front desk [24-hour]; Airport transfer; Family room; Luggage storage,https://www.agoda.com/jolia-nha-trang-hotel-h89175775/hotel/nha-trang-vn.html,https://pix8.agoda.net/hotelImages/89175775/0/c2e71481104973cb9f83a3b8687372ff.jpg?ce=3
60691170,Panorama Luxury Beach Front,5.0,34,Hotel,Nha Trang,Loc Tho,1165565,7.3,70,,"[10.0/10] Rajbir (India, Solo traveler): ""All facilities are outstanding."" || [8.0/10] Ian (Vietnam, Solo traveler): ""The rooms and facilities are excellent"" || [10.0/10] Iuliia (Вьетнам, Solo traveler): ""The room is so clean""",Beach; Free Wi-Fi ; Pool with view; Car park; Spa; Front desk [24-hour]; Fitness center; Restaurants,https://www.agoda.com/panorama-luxury-beach-front/hotel/nha-trang-vn.html,https://pix8.agoda.net/hotelImages/60691170/0/fc14678e63a884c68a01cab364f5db60.jpg?ce=3
9746196,Sweet Lavender Hotel - Near Dalat Night Market,3.0,34,Hotel,Dalat,Dalat City Center,615950,8.8,1558,88,"[10.0/10] Jhuden (Philippines, Couple): ""I had a wonderful stay at Sweet Lavender Hotel in Da Lat!"" || [9.2/10] anthony (Vietnam, Solo traveler): ""Centrally located, very nice staff, good value for money"" || [9.6/10] Aman (India, Family with older children): ""The room was clean, had a minibar and a table fan if needed.""",Free Wi-Fi ; Spa; Front desk [24-hour]; Bar; Family room; Shared kitchen; Luggage storage; Garden,https://www.agoda.com/sweet-lavender-mini-house/hotel/dalat-vn.html,https://pix8.agoda.net/hotelImages/9746196/0/9aea0d2b7195462540221d891a97faa9.jpg?ce=3
78727952,Liên's 2 Hotel Đà Lạt,2.0,34,Hotel,Dalat,Dalat City Center,565319,8.5,65,84,"[10.0/10] Dung (Vietnam, Couple): ""Central location,  10 mins walk to the lake and the market."" || [9.6/10] Wael (Saudi Arabia, Couple): ""Clean, facility, location and support from staff."" || [9.6/10] Wael (Saudi Arabia, Couple): ""Thank you for your great hospitality.""",Free Wi-Fi ; Free parking; Foot bath; Front desk [24-hour]; Restaurants; Golf course (within 3 km); Massage; Airport transfer,https://www.agoda.com/lien-s-2-hotel-da-l-t/hotel/dalat-vn.html,https://pix8.agoda.net/hotelImages/78727952/0/89954a9c76fb10dafda03450177695a8.png?ce=3
24333225,Le Recit Boutique Hotel de Dalat,4.0,34,Hotel,Dalat,Dalat City Center,2737355,8.9,3265,88,"[10.0/10] Ngan (Việt Nam, Family with young children): ""One of The Greatest Hotel I've Ever Been To"" || [9.6/10] Yen (United States, Couple): ""Excellent service, good location and excellent breakfast."" || [10.0/10] Van Anh (Việt Nam, Family with young children): ""Very good locations with lots of good restaurant around.""",Free Wi-Fi ; Free parking; Front desk [24-hour]; Restaurants; Bar; Airport transfer; Family room; Shared kitchen,https://www.agoda.com/le-recit-boutique-hotel-de-dalat/hotel/dalat-vn.html,https://pix8.agoda.net/hotelImages/24333225/-1/113062a475bb0154ff39e81e6541fe17.jpg?ca=28&ce=0
47614272,HT Boutique - The Elite Hotel ,5.0,34,Hotel,Dalat,Dalat City Center,643468,8.5,292,85,"[10.0/10] Jayme (United Kingdom, Couple): ""Absolutely amazing - best hotel we've stayed at in Vietnam"" || [9.2/10] thanh (Vietnam, Family with young children): ""Good stay. Will come back"" || [9.6/10] Ji Jun (中國香港, Solo traveler): ""Can't find a better hotel deal compared to other hotels.""",Free Wi-Fi ; Free parking; Spa; Front desk [24-hour]; Restaurants; Happy hour; Yoga room; Golf course (within 3 km),https://www.agoda.com/the-eilte-hotel/hotel/dalat-vn.html,https://pix8.agoda.net/hotelImages/47614272/0/715e27d890d80f071f784584ccfdaac2.jpg?ce=3
32680041,Tala Dalat Hotel,3.0,34,Hotel,Dalat,Old Train Station,776568,9.2,1696,89,"[10.0/10] Nhật (Úc, Couple): ""The room was clean, spacious enough, and very comfortable."" || [10.0/10] Ha (Đài Loan, Couple): ""It was a perfect place to relax after exploring the city."" || [10.0/10] Phuc (Hàn Quốc, Couple): ""The hotel is clean, peaceful, and has a cozy atmosphere.""",Free Wi-Fi ; Free parking; Front desk [24-hour]; Restaurants; Airport transfer; Family room; Luggage storage; Balcony/terrace,https://www.agoda.com/taladalat/hotel/dalat-vn.html,https://pix8.agoda.net/hotelImages/32680041/-1/3e7206a4b2268a2eadef0c1c51b47a68.jpg?ce=0
68388039,9 Inn - Staycation in Am Am Dalat,1.0,34,Hotel,Dalat,Old Train Station,433515,9.0,122,92,"[9.6/10] Jonny (Canada, Solo traveler): ""They will answer every of your needs with beautiful smile."" || [10.0/10] Dang (Vietnam, Couple): ""Very nice, good price, all good"" || [10.0/10] Zhen (中国, Solo traveler): ""Very good facility, super clean and super friendly""",Free Wi-Fi ; Free parking; Spa; Front desk [24-hour]; Fitness center; Restaurants; Bar; Sauna,https://www.agoda.com/am-am-da-lat-boutique-hotel-cozy-bistro/hotel/khu-chi-lang-vn.html,https://q-xx.bstatic.com/xdata/images/hotel/max500/548316808.jpg?k=87248234f6a304b97ae6be20b78489f0487c4975c597824bb9ec1ee056f157e7&o=
31187868,Casanova Dalat Hotel & Coffee,0.0,34,Hotel,Dalat,Dalat City Center,599447,8.7,426,84,"[10.0/10] Lovely Kathleen (Philippines, Couple): ""The room was clean, and we enjoyed the lovely city view."" || [10.0/10] Weihong (中国, Solo traveler): ""She was very kind and made the process smooth and easy."" || [9.6/10] Roshalkumar (India, Couple): ""Loved their service, would visit again.""",Free Wi-Fi ; Free parking; Front desk [24-hour]; Restaurants; Bar; Golf course (within 3 km); Airport transfer; Family room,https://www.agoda.com/casanova-dalat/hotel/dalat-vn.html,https://pix8.agoda.net/hotelImages/31187868/715046873/193157da578cde24ba2f5052c96a161a.jpg?ce=0
263080,Saphir Dalat Hotel,4.0,34,Hotel,Dalat,Dalat City Center,1779123,8.1,1217,,"[8.4/10] Dennis (Malaysia, Couple): ""The staff was friendly, great breakfast and good service."" || [10.0/10] SAIDATUL (Malaysia, Solo traveler): ""Everything was so perfect according my taste."" || [8.8/10] ly (Vietnam, Family with young children): ""Beautiful building, nice staff and lovely restaurant""",Free Wi-Fi ; Free parking; Check-in [24-hour]; Restaurants; Bar; Golf course; Luggage storage; Garden,https://www.agoda.com/saphir-dalat-hotel/hotel/dalat-vn.html,https://pix8.agoda.net/hotelImages/263080/0/1ea327ecdb3d063db238b84b7dd55922.jpg?ce=2
88096088,HT Boutique 2 - The Lumina,5.0,34,Hotel,Dalat,Tuyen Lam Lake,,8.8,19,84,"[10.0/10] Ronny (Vietnam, Couple): ""Nice hotel, clean room, friendly staff."" || [10.0/10] Rolly (Việt Nam, Couple): ""Great hotel"" || [10.0/10] tran (Việt Nam, Couple): ""Helpful staff""",Free Wi-Fi ; Free parking; Spa; Front desk [24-hour]; Restaurants; Yoga room; Steamroom; Airport transfer,https://www.agoda.com/ht-boutique-2-the-lumina/hotel/dalat-vn.html,https://pix8.agoda.net/hotelImages/88096088/0/a82709d0590a097817ae8aabfb400aa5.jpg?ce=3
2664478,Dalat Rose Hill Villa ,3.0,120,Hotel,Dalat,Cam Ly Falls,531363,9.0,453,88,"[9.6/10] Matteo (Canada, Couple): ""The place itself was very clean and the views were great!"" || [10.0/10] Katri (Suomi, Solo traveler): ""Amazing villa in Dalat for price that is unbeatable."" || [10.0/10] Katri (Suomi, Solo traveler): ""The staff were super friendly and always happy to help.""",Free Wi-Fi ; Free parking; Front desk [24-hour]; Restaurants; Airport transfer; Family room; Kitchen; Balcony/terrace,https://www.agoda.com/dalat-rose-hill-homestay/hotel/dalat-vn.html,https://pix8.agoda.net/hotelImages/2664478/0/a0fdb382093e0233fe2792eb479ee34a.jpg?ce=3
6405142,Len Hotel,4.0,34,Hotel,Dalat,Dalat City Center,1549277,8.8,1786,94,"[10.0/10] Lee (South Korea, Couple): ""It’s a great location, clean and friendly efficient staff."" || [10.0/10] Christian (United States, Couple): ""The breakfast was amazing, especially the Bún Bò — 10/10!"" || [10.0/10] Sok Guey (Malaysia, Group): ""A very nice hotel with good breakfast and friendly staff.""",Free Wi-Fi ; Free parking; Front desk [24-hour]; Restaurants; Bar; Golf course (within 3 km); Airport transfer; Family room,https://www.agoda.com/len-s-hotel/hotel/dalat-vn.html,https://pix8.agoda.net/hotelImages/6405142/0/b7e17557806ae8d1a1f0810dec50ad7a.jpg?ce=3
74577726,Amory Dalat Hotel,4.0,34,Hotel,Dalat,Old Train Station,555566,8.4,663,,"[10.0/10] Ẩn danh (Philippines, Group): ""The rooms were clean, comfortable, and well-maintained."" || [10.0/10] Phoebe (Việt Nam, Couple): ""Everything is spotlessly clean with a fresh, modern vibe."" || [10.0/10] Melanie (United States, Solo traveler): ""I had a great view and the room had everything I needed.""",Free Wi-Fi ; Free parking; Front desk [24-hour]; Restaurants; Airport transfer; Family room; Luggage storage; Balcony/terrace,https://www.agoda.com/harmony-dalat-hotel/hotel/khu-chi-lang-vn.html,https://pix8.agoda.net/hotelImages/74577726/0/7699cb9bcf454fd50eb8c8108d7f53e7.png?ce=2
23125479,Ami Boutique Hotel Dalat,3.0,34,Hotel,Dalat,Dalat City Center,583100,8.3,1495,,"[9.6/10] Kiet (Vietnam, Group): ""The hotel is very clean and nicely decorated;"" || [9.2/10] Ralph (Finland, Couple): ""The stuff was very helpful and friendly."" || [9.2/10] Alicha (Indonesia, Couple): ""It was a great one and good price for a quick night sleep!""",Free Wi-Fi ; Car park; Front desk [24-hour]; Restaurants; Airport transfer; Family room; Luggage storage; Rooftop area,https://www.agoda.com/mia-boutique-hotel-da-lat/hotel/dalat-vn.html,https://pix8.agoda.net/hotelImages/23125479/-1/c92b2326d83636f5e09f302865c6f752.png?ce=0
89495821,Rose Hill Retreat Garden,1.0,34,Hotel,Dalat,Cam Ly Falls,,9.0,49,95,"[10.0/10] Graham (Vietnam, Solo traveler): ""The hostel itself has a great view of Da Lat from above."" || [10.0/10] Graham (Vietnam, Solo traveler): ""Hostel beds are spacious with lots of packing space."" || [10.0/10] Graham (Vietnam, Solo traveler): ""They really do go out of their way to make you feel at home.""",Free Wi-Fi ; Free parking; Front desk [24-hour]; Restaurants; Bar; Golf course (within 3 km); Airport transfer; Family room,https://www.agoda.com/rose-hill-retreat-garden/hotel/dalat-vn.html,https://pix8.agoda.net/hotelImages/89495821/0/2538177a07aec52312c222735b789d41.jpg?ce=3
46867196,Mai Diamond Hotel,3.0,34,Hotel,Dalat,Love Valley / Dream Hill,328322,9.3,1369,93,"[10.0/10] Heena (India, Group): ""The facilities were top-notch, provide everything we needed."" || [10.0/10] Naw Thalay (Vietnam, Couple): ""The rooms were clean, comfortable, and nicely decorated."" || [10.0/10] Heena (India, Group): ""Cleanliness was impeccable throughtout our time there""",Free Wi-Fi ; Free parking; Light therapy; Front desk [24-hour]; Restaurants; Bar; Theme park; Golf course (within 3 km),https://www.agoda.com/mai-diamond-hotel/hotel/dalat-vn.html,https://pix8.agoda.net/hotelImages/46867196/-1/dcba7c2c5c4e260a898cbf87eada9c30.jpg?ce=0
86319765,Together is home,3.0,34,Hotel,Dalat,Dalat City Center,,7.3,9,,,Free Wi-Fi ; Free parking; Front desk [24-hour]; Kitchen; Luggage storage; Balcony/terrace; Laundry; Non-smoking rooms,https://www.agoda.com/together-is-home-h86319765/hotel/dalat-vn.html,https://pix8.agoda.net/hotelImages/86319765/0/916da38885da5e377a41ad77e7b957a9.jpg?ce=3
49736589,Le House Dalat,4.0,34,Hotel,Dalat,Dalat City Center,1387714,9.1,2224,92,"[10.0/10] Joey (Vietnam, Solo traveler): ""They are willen to help and solve all your problems."" || [10.0/10] Tawan (ไทย, Family with older children): ""We have stayed two nights, we feel comfortable and relaxed."" || [10.0/10] Lisa (Australia, Solo traveler): ""My room was spacious, light, very clean and comfortable.""",Free Wi-Fi ; Free parking; Front desk [24-hour]; Restaurants; Massage; Airport transfer; Family room; Kitchen,https://www.agoda.com/le-house-dalat/hotel/dalat-vn.html,https://pix8.agoda.net/hotelImages/49736589/-1/247d9ac383b7f6bd73573dfd65d04881.jpg?ce=0
11023466,MINH CHIEN Hotel,3.0,34,Hotel,Dalat,Dalat City Center,755281,8.7,2261,88,"[10.0/10] CHI (Vietnam, Couple): ""Everything is great, from breakfast, staff to the room."" || [10.0/10] Jess (United Kingdom, Couple): ""Very clean room, nice breakfast and lovely staff 😃"" || [9.6/10] Arwina (Malaysia, Family with young children): ""Tq Vietnam for the amazing stay will be back soon""",Free Wi-Fi ; Free parking; Front desk [24-hour]; Restaurants; Bar; Airport transfer; Family room; Kitchen,https://www.agoda.com/minh-chien-hotel/hotel/da-deum-vn.html,https://pix8.agoda.net/hotelImages/11023466/0/9b7bbcbbbad7a7f526ecc2b68ce11aba.png?ce=3
6433136,New Life Hotel Dalat,3.0,34,Hotel,Dalat,Dalat City Center,935570,8.7,2917,91,"[9.2/10] Abigail (Philippines, Group): ""Our room had an amazing city view — truly extraordinary!"" || [9.2/10] Lalkrosthangi (Singapore, Solo traveler): ""They made us feel welcome throughout our stay."" || [10.0/10] Cooke (United Kingdom, Couple): ""The room was tidy and well prepared when I arrived.""",Free Wi-Fi ; Free parking; Front desk [24-hour]; Restaurants; Airport transfer; Family room; Luggage storage; Rooftop area,https://www.agoda.com/new-life-hotel-dalat/hotel/dalat-vn.html,https://pix8.agoda.net/hotelImages/6433136/0/226532200adeb89b4e7b62614017dc75.png?ce=3
25128102,Hostel-John Cafe and Beer,3.0,108,NonHotel,Dalat,Dalat City Center,,9.1,1534,92,"[10.0/10] Aleksei (Вьетнам, Solo traveler): ""The bed is soft, big and comfortable, it has curtains."" || [10.0/10] BATRISYIA (Malaysia, Couple): ""The room is very clean, look exactly like the picture."" || [10.0/10] Gavin (Australia, Solo traveler): ""Great value for money with good amenities and nice staff.""",Free Wi-Fi ; Free parking; Front desk [24-hour]; Bar; Family room; Shared kitchen; Luggage storage; Balcony/terrace,https://www.agoda.com/homestay-john-cafe-and-beer/hotel/dalat-vn.html,https://pix8.agoda.net/hotelImages/25128102/-1/8f6e33b24722b323bf58e27345bf3f9e.jpg?ca=19&ce=1
89505311,"M Village Premier Hotel Xuan Huong Lakeside, a brand of Modern Village Lifestyle",5.0,34,Hotel,Dalat,Dalat City Center,,9.1,44,86,"[9.6/10] Le (Vietnam, Couple): ""Very good location, and very nice staff."" || [8.8/10] Chigusa (Japan, Solo traveler): ""The hotel was very clean."" || [10.0/10] Tien (Vietnam, Couple): ""But it was 10/10!""",Free Wi-Fi ; Front desk [24-hour]; Restaurants; Airport transfer; Luggage storage; Garden; Laundry; Safety deposit boxes,https://www.agoda.com/m-village-premier-hotel-xuan-huong-lakeside/hotel/dalat-vn.html,https://pix8.agoda.net/hotelImages/89505311/0/ec6d186e1934cd96884a695eff53aa13.png?ce=3
81559521,Lang Ko Ho Farmstay,3.0,32,Hotel,Dalat,Old Train Station,423665,8.8,28,,"[10.0/10] Zsanett (Magyarország, Couple): ""We loved this place, such a cute place to stay!"" || [9.6/10] Minh (Vietnam, Solo traveler): ""Great location, very well provided facilities."" || [10.0/10] Zsanett (Magyarország, Couple): ""Will come back for sure.""",Free Wi-Fi ; Car park; Pets allowed; Internet services,https://www.agoda.com/lang-ko-ho-farmstay-h81559521/hotel/dalat-vn.html,https://pix8.agoda.net/hotelImages/81559521/0/3afd6177c10e8364376f3228623f4b9b.jpg?ce=3
237128,The Western Hill Hotel,4.0,34,Hotel,Dalat,Dalat City Center,1752748,8.0,3467,,"[8.0/10] Leow (Malaysia, Couple): ""Property well maintained, enhancing our overall experience."" || [10.0/10] Stephen (Australia, Solo traveler): ""Very high end for half the cost of other expensive hotels."" || [10.0/10] Joshua (Malaysia, Couple): ""I stay 3 night there and the room is so spacious.""",Free Wi-Fi ; Free parking; Spa; Front desk [24-hour]; Fitness center; Restaurants; Bar; Golf course (within 3 km),https://www.agoda.com/the-western-hill-hotel/hotel/dalat-vn.html,https://pix8.agoda.net/hotelImages/237128/0/bbea20ff5abf058fa819ff190a9e356d.jpg?ce=3
67525161,Boho Boutique Dalat - Romantic Light Valley View,4.0,34,Hotel,Dalat,Love Valley / Dream Hill,738772,9.5,1144,96,"[10.0/10] Janelle (Philippines, Group): ""The owner and staff were kind and our room was always clean."" || [10.0/10] Liezl (Philippines, Group): ""Will definitely stay here again when I come back to Dalat."" || [10.0/10] Janelle (Philippines, Group): ""We had a great stay in Boho Boutique in Dalar for 3 days.""",Free Wi-Fi ; Free parking; Front desk [24-hour]; Restaurants; Golf course (within 3 km); Airport transfer; Family room; Kitchen,https://www.agoda.com/boho-boutique-dalat-romantic-light-valley-view/hotel/dalat-vn.html,https://pix8.agoda.net/hotelImages/67525161/0/9e4743b75d359e44d0d043e769180c63.jpg?ce=2
87124827,"Signature by M Village The Central Da Lat, a brand of Modern Village Lifestyle",5.0,34,Hotel,Dalat,Dalat City Center,,9.2,199,92,"[10.0/10] Chin Keong (Malaysia, Couple): ""Strategic location, less than 5min walk to the night market."" || [10.0/10] Jacqueline (Australia, Couple): ""This place is so good we have booked to stay another week."" || [10.0/10] Kuan Tung (United States, Couple): ""The room was to described, new and the bed was comfortable.""",Free Wi-Fi ; Front desk [24-hour]; Fitness center; Restaurants; Yoga room; Airport transfer; Family room; Luggage storage,https://www.agoda.com/signature-by-m-village-the-central-da-lat/hotel/dalat-vn.html,https://pix8.agoda.net/hotelImages/87124827/0/932555f2ffcefe12941702f1100f9c3d.png?ce=3
55640971,Mac Valley Dalat Hotel,3.0,37,Hotel,Dalat,Tuyen Lam Lake,795457,9.0,356,92,"[9.6/10] Charmaine (Malaysia, Solo traveler): ""Love the balcony garden view and comfortable King size bed."" || [10.0/10] Vũ (Vietnam, Family with young children): ""The rooms with balcony have a great garden view."" || [9.2/10] christian (Canada, Group): ""Room was huge and beautifully appointed.""",Free Wi-Fi ; Free parking; Front desk [24-hour]; Restaurants; Bar; Airport transfer; Family room; Luggage storage,https://www.agoda.com/la-fleur-luxury-hotel-garden/hotel/dalat-vn.html,https://pix8.agoda.net/hotelImages/55640971/0/9b77cdfb985397a669ffa6c8531727a6.jpg?ce=3
81347536,Strawberry Hotel Dalat,1.0,34,Hotel,Dalat,Cam Ly Falls,342294,9.0,115,90,"[10.0/10] Yan (China, Solo traveler): ""10 out of 10,within this price range,everything is perfect."" || [10.0/10] Leonie (Vietnam, Couple): ""Overall, great value and a really pleasant stay."" || [10.0/10] Yan (China, Solo traveler): ""I will book it again without any hesitation""",Free Wi-Fi ; Family room; Luggage storage; Balcony/terrace; Check-in/out [private]; Laundry; Non-smoking rooms; Fire extinguisher,https://www.agoda.com/strawberry-hotel-dalat/hotel/dalat-vn.html,https://pix8.agoda.net/hotelImages/81347536/0/425eb7c32dab45641a2135179767517c.jpg?ce=3
7443091,Myrtle Boutique Hotel,2.0,34,Hotel,Dalat,Tuyen Lam Lake,496760,9.0,1246,89,"[10.0/10] Jiawei (Singapore, Solo traveler): ""The room was very clean and well kept, with an amazing view."" || [9.6/10] Kevin (Vietnam, Solo traveler): ""I stayed here 5 nights and thoroughly enjoyed my time here."" || [10.0/10] MUHAMMAD SAIFUL AMIRIN (Malaysia, Couple): ""Top-notch service overall—highly recommended for couples!""",Free Wi-Fi ; Free parking; Front desk [24-hour]; Restaurants; Bar; Golf course (within 3 km); Airport transfer; Family room,https://www.agoda.com/myrtle-hotel/hotel/dalat-vn.html,https://pix8.agoda.net/hotelImages/7443091/-1/a1926261826bb47a8f5f59e7b8a7c2b8.jpg?ce=0
55766720,Xuân Trường Dalat Central,3.0,34,Hotel,Dalat,Xuan Huong Lake,353240,8.8,367,87,"[8.8/10] Kiara (Canada, Solo traveler): ""I enjoyed staying in this private room with a balcony."" || [9.6/10] Carolina (Australia, Couple): ""Kind staff that help us with some stuffs."" || [8.4/10] Sean (United Kingdom, Couple): ""Price was very good and the balcony room offers a good view.""",Free Wi-Fi ; Free parking; Front desk [24-hour]; Golf course (within 3 km); Family room; Kitchen; Luggage storage; Rooftop area,https://www.agoda.com/xuan-tru-ng-dalat-central/hotel/dalat-vn.html,https://pix8.agoda.net/hotelImages/55766720/854156435/742a52819395cba609931022a6ba732d.jpg?ce=0
91738477,PINEWOOD DALAT,3.0,34,Hotel,Dalat,Dalat City Center,,9.9,4,,,Free Wi-Fi ; Free parking; Front desk [24-hour]; Restaurants; Bar; Family room; Luggage storage; Garden,https://www.agoda.com/pinewood-dalat/hotel/dalat-vn.html,https://pix8.agoda.net/hotelImages/91738477/0/0b92452b86af8486ecf3d9a3a2574c3f.jpg?ce=3
62095968,Thao My Boutique Dalat,3.0,34,Hotel,Dalat,Dalat City Center,356143,7.9,361,,"[8.0/10] Mrunal (India, Family with older children): ""But the staff is very, very good and supportive."" || [8.0/10] Mrunal (India, Family with older children): ""They provided us with whatever we ask for."" || [10.0/10] Tadgh (Ireland, Solo traveler): ""Good location clean and comfortable helpful staff 👍""",Free Wi-Fi ; Free parking; Front desk [24-hour]; Golf course (within 3 km); Family room; Shared kitchen; Luggage storage; Rooftop area,https://www.agoda.com/thao-my-boutique-dalat/hotel/dalat-vn.html,https://pix8.agoda.net/hotelImages/62095968/-1/7fa67132cb1be04dfb606ab245d15a03.jpg?ce=0
87765262,The Manor Boutique Da Lat ,2.0,34,Hotel,Dalat,Dalat City Center,,9.6,20,100,"[10.0/10] Yean (Singapore, Solo traveler): ""Staff are friendly and helpful."" || [10.0/10] YUE (中国, Solo traveler): ""Room is new and very clean!"" || [10.0/10] Yean (Singapore, Solo traveler): ""Nice hotel and well located.""",Free Wi-Fi ; Free parking; Front desk [24-hour]; Airport transfer; Family room; Luggage storage; Hot tub; Taxi service,https://www.agoda.com/monsoon-boutique-hotel-da-lat/hotel/dalat-vn.html,https://pix8.agoda.net/hotelImages/87765262/0/137590ed39cc2c1899f2647be2197ae2.jpg?ce=3
61392157,Nature Hotel - Nam Ky Khoi Nghia,3.0,34,Hotel,Dalat,Dalat City Center,736081,8.6,930,84,"[10.0/10] Tram (Vietnam, Couple): ""Location is good and only short walk to central market."" || [10.0/10] Allen (Philippines, Group): ""A reliable option for business or leisure travel."" || [9.6/10] Hieu (Vietnam, Family with older children): ""My family got a decent room with sufficient amenities.""",Free Wi-Fi ; Front desk [24-hour]; Bar; Airport transfer; Family room; Luggage storage; Balcony/terrace; Breakfast takeaway service,https://www.agoda.com/nature-hotel-nam-k-kh-i-nghia/hotel/dalat-vn.html,https://pix8.agoda.net/hotelImages/61392157/0/9069900f0c8913c395b4d75849c04bff.jpg?ce=0
10954459,Saigon’s Book Da Lat Hotel,3.0,34,Hotel,Dalat,Xuan Huong Lake,576153,8.8,2788,89,"[8.4/10] Yan (Cambodia, Business traveler): ""Great Place ! Great Staff! Very nice  hotel to stay in."" || [9.2/10] Marich (United States, Solo traveler): ""One of the best spots you can find at that price point."" || [10.0/10] Tyler (United States, Group): ""Very clean room with highly trained professional staffs""",Free Wi-Fi ; Free parking; Front desk [24-hour]; Bar; Family room; Luggage storage; Balcony/terrace; Garden,https://www.agoda.com/capital-o-585-saigon-book-da-lat-hotel/hotel/dalat-vn.html,https://pix8.agoda.net/hotelImages/10954459/0/4ac34850c815e7ebed4fbc48765872eb.jpg?ce=3
22887350,Peach Valley Hotel,3.0,34,Hotel,Dalat,Xuan Huong Lake,720062,9.2,1477,93,"[8.0/10] Sharifah Taibah (Singapore, Family with young children): ""They were so patient and helped us in every way they could."" || [10.0/10] Chris (United States, Solo traveler): ""The most friendly, kind, and accommodating hotel staff!"" || [10.0/10] Fatira (Malaysia, Couple): ""The room was spacious, making it perfect for families.""",Free Wi-Fi ; Free parking; Spa; Front desk [24-hour]; Golf course (within 3 km); Airport transfer; Family room; Shared kitchen,https://www.agoda.com/dalat-peach-valley/hotel/dalat-vn.html,https://pix8.agoda.net/hotelImages/22887350/0/e7fbea741ce7e575679a8663bda3057f.jpg?ce=3
64328270,Celine Express - Q Dalat Hotel,3.0,34,Hotel,Dalat,Dalat City Center,842103,9.2,527,93,"[10.0/10] Emily (United Kingdom, Couple): ""Brilliant staff, nice clean room, would really recommend!"" || [10.0/10] Thanh Huyền (Vietnam, Group): ""They made us feel happy during the time stay in hotel."" || [10.0/10] Thanh Huyền (Vietnam, Group): ""Friendly staff""",Free Wi-Fi ; Free parking; Front desk [24-hour]; Restaurants; Bar; Shuttle service; Family room; Shared kitchen,https://www.agoda.com/q-hotel-h33739350/hotel/dalat-vn.html,https://pix8.agoda.net/hotelImages/64328270/0/db483e83cad164e39b9eb34792784c25.jpg?ce=2
85781629,HT HOUSE Mai Hắc Đế,5.0,34,Hotel,Dalat,Cam Ly Falls,,,,,,Free Wi-Fi ; Free parking; Light therapy; Front desk [24-hour]; Restaurants; Yoga room; Water park; Sauna,https://www.agoda.com/ht-house-mai-h-c-d/hotel/dalat-vn.html,https://pix8.agoda.net/hotelImages/85781629/0/33399e902d5efb908cec602d17c4dcc7.jpg?ce=3
37826264,The Amigo - Near Dalat Night Market,4.5,108,NonHotel,Dalat,Dalat City Center,674097,8.6,541,83,"[10.0/10] Atiqah (Malaysia, Group): ""The room was clean, comfortable, and well maintained."" || [10.0/10] Triyanto (Indonesia, Solo traveler): ""Nothing to complain about this place"" || [10.0/10] Triyanto (Indonesia, Solo traveler): ""And yet the accommodation was super clean.""",Free Wi-Fi ; Free parking; Spa; Front desk [24-hour]; Golf course (within 3 km); Airport transfer; Family room; Luggage storage,https://www.agoda.com/amigo-homestay/hotel/dalat-vn.html,https://pix8.agoda.net/hotelImages/37826264/0/fe2b9c3817d365a84fe2cf64887f2ca0.jpg?ce=3
78729935,"Thu Hien hotel, Near Market, With Projector",2.0,34,Hotel,Dalat,Dalat City Center,587207,8.9,424,86,"[10.0/10] Hannah and Sam (United Kingdom, Couple): ""We rented a bike from the reception very easily,"" || [10.0/10] Hannah and Sam (United Kingdom, Couple): ""And we got to check in early to our room for free."" || [10.0/10] Hannah and Sam (United Kingdom, Couple): ""We had a lovely stay at Thu Hien Hotel!""",Free Wi-Fi ; Free parking; Front desk [24-hour]; Airport transfer; Family room; Shared kitchen; Luggage storage; Room service [24-hour],https://www.agoda.com/thu-hi-n-da-l-t-hotel/hotel/dalat-vn.html,https://q-xx.bstatic.com/xdata/images/hotel/max500/798112940.jpg?k=dbd2f719ee44bfc1913f8d8f5457e123d63af65fefbc6cf1c0f6026fdf5f991f&o=
4942624,Thanh Thanh Hotel,2.0,34,Hotel,Dalat,Dalat City Center,438258,8.4,565,85,"[10.0/10] SUJIN (South Korea, Couple): ""It is close to the major tourist attractions in Dalat."" || [10.0/10] Sharifah (Malaysia, Couple): ""Veru strategic location, clean and staf very helpful."" || [10.0/10] Hem (Cambodia, Group): ""Great place and location to stay in Dalat.""",Free Wi-Fi ; Free parking; Front desk [24-hour]; Bar; Airport transfer; Family room; Kitchen; Luggage storage,https://www.agoda.com/thanh-thanh-hotel/hotel/dalat-vn.html,https://pix8.agoda.net/hotelImages/4942624/0/ad877a9fbcd1b536792800c281257033.jpeg?ce=0
78972371,Thanh Thanh Station View,3.0,34,Hotel,Dalat,Dalat City Center,497149,7.8,72,,"[8.0/10] Matthew (United States, Couple): ""Rooms were clean and had everything i needed."" || [8.0/10] Matthew (United States, Couple): ""It is definitely the beat value for money."" || [10.0/10] KyawtKyawt (Myanmar, Couple): ""Hotel Recommendation""",Free Wi-Fi ; Car park; Front desk [24-hour]; Airport transfer; Family room; Contactless check-in/out; Hand sanitizer; English,https://www.agoda.com/thanh-thanh-station-view/hotel/dalat-vn.html,https://pix8.agoda.net/hotelImages/78972371/0/0f473586072d8cb59d8ea4f925e9b05f.jpg?ce=2
30906925,Mooka 's Home (Backpackers),0.0,33,Hotel,Dalat,Cam Ly Falls,,9.4,994,96,"[10.0/10] Marco (Germany, Couple): ""It’s the perfect place to stay in Dalat"" || [10.0/10] Neema (Canada, Solo traveler): ""All in all this was one of my best stays in all of vietnam 🙏"" || [10.0/10] Neema (Canada, Solo traveler): ""The rooms were spacious with comfortable mattresses,""",Free Wi-Fi ; Luggage storage; Balcony/terrace; Tours; Check-in/out [private]; Laundry; Locker; Game room,https://www.agoda.com/mooka-s-home-backpackers/hotel/dalat-vn.html,https://q-xx.bstatic.com/xdata/images/hotel/max500/139393954.jpg?k=b9db4048da467448406e13afcdd7761e5365ba0be077c12788f364538efe3cc3&o=
34612934,TTR Central Apart Hotel,5.0,120,Hotel,Dalat,Dalat City Center,1252799,8.5,2293,89,"[10.0/10] Krishnan (United Kingdom, Couple): ""Everything is close by & i will highly recommend this hotel."" || [9.6/10] Vĩnh (Vietnam, Couple): ""It is cleaned every day with good service by staffs."" || [10.0/10] Lương (Vietnam, Group): ""Quality: room is beautiful, clean, furniture is good""",Free Wi-Fi ; Free parking; Spa; Front desk [24-hour]; Restaurants; Bar; Massage; Airport transfer,https://www.agoda.com/ttr-central-home-condotel/hotel/dalat-vn.html,https://pix8.agoda.net/hotelImages/34612934/-1/c9e5db4aecb3da8169b43e109b973908.jpg?ce=0
42109640,MerPerle Dalat Hotel,5.0,34,Hotel,Dalat,Old Train Station,3077732,8.9,3243,88,"[10.0/10] Nguyễn Đình (Việt Nam, Couple): ""The room is so modern even the decorations are very royalty."" || [10.0/10] Frances (Vietnam, Family with young children): ""No doubt we will choose MerPerle for next trip in Da Lat."" || [10.0/10] Phu (United States, Family with young children): ""Overall this is my 5th time staying at Merperle Da Lat.""",Free Wi-Fi ; Swimming pool; Free parking; Spa; Front desk [24-hour]; Fitness center; Restaurants; Bar,https://www.agoda.com/merperle-dalat/hotel/dalat-vn.html,https://pix8.agoda.net/hotelImages/42109640/-1/b08bf1a21346d22af285e01c541588eb.jpg?ce=0
64524273,HT Boutique 2 - The Lumina Premium ,3.0,135,Hotel,Dalat,Tuyen Lam Lake,1211694,8.5,309,,"[8.4/10] Arbe (Philippines, Solo traveler): ""Room was so spacious with very nice view of the valley."" || [8.8/10] Dmitrii (Thailand, Couple): ""New hotel, everything in the room was clean and comfy."" || [10.0/10] Ronny (Vietnam, Couple): ""Good location, clean room, breakfast good , recommend""",Free Wi-Fi ; Free parking; Light therapy; Front desk [24-hour]; Fitness center; Restaurants; Happy hour; Airport transfer,https://www.agoda.com/lumina-dalat-premium-hotel/hotel/dalat-vn.html,https://pix8.agoda.net/hotelImages/64524273/0/4b93b5d7e9bbd58a8522015694dc09ab.jpg?ce=3
16936272,Dalat Sa - LemonGrass,3.5,108,NonHotel,Dalat,Dalat City Center,469933,8.9,2127,95,"[10.0/10] Daniel (Thailand, Solo traveler): ""I think this was the loveliest homestay I've ever stayed in"" || [9.6/10] Shaked (Thailand, Couple): ""It was clean and very comfortable bed and facilities."" || [10.0/10] lori (Canada, Couple): ""Our breakfast each day was made to order and lovely.""",Free Wi-Fi ; Front desk [24-hour]; Airport transfer; Shared kitchen; Luggage storage; Balcony/terrace; Garden; Tours,https://www.agoda.com/dalat-sa-lemongrass-homestay/hotel/dalat-vn.html,https://pix8.agoda.net/hotelImages/16936272/-1/83cc4cdbc6552ec1e9b0e8fb5ba72833.jpg?ca=17&ce=1
78974171,Romeo Juliet Hồ Tuyền Lâm DaLat,3.0,37,Hotel,Dalat,Tuyen Lam Lake,1017453,8.8,123,87,"[10.0/10] Christan (United States, Solo traveler): ""Caring staff that went over and above at every opportunity."" || [10.0/10] Christan (United States, Solo traveler): ""Would definitely recommend for short or long term stays."" || [7.6/10] Nataly (Россия, Couple): ""Our room was spacious, clean, and very comfortable.""",Free Wi-Fi ; Free parking; Front desk [24-hour]; Shuttle service; Family room; Luggage storage; Balcony/terrace; Garden,https://www.agoda.com/romeo-juliet-h-tuy-n-lam-dalat/hotel/dalat-vn.html,https://pix8.agoda.net/hotelImages/78974171/0/e8c34b41b34b0ab829ecabbb7cf8d961.png?ce=3
7692491,TTR Moonstone Apart Hotel,3.0,34,Hotel,Dalat,Dalat City Center,781169,8.4,1256,83,"[8.8/10] Nora (Sverige, Couple): ""We had a wonderful stay here, 2 nights that were lovely."" || [10.0/10] Euna (대한민국, Family with older children): ""Thanks to super nice staff, we enjoyed time in Dalat"" || [10.0/10] Claire  (United Kingdom, Couple): ""We really enjoyed our stay at TTR moonstone apart hotel.""",Free Wi-Fi ; Free parking; Front desk [24-hour]; Restaurants; Golf course; Airport transfer; Family room; Luggage storage,https://www.agoda.com/moonstone-hotel-dalat_2/hotel/dalat-vn.html,https://pix8.agoda.net/hotelImages/7692491/-1/95afc544f2bcafb77bec3299cfd4c207.jpg?ce=0
7125752,Dalat Boutique Hotel,3.0,34,Hotel,Dalat,Dalat City Center,511812,8.7,2241,85,"[8.8/10] Freddy (Malaysia, Couple): ""Room although small is clean, comfy beds, clean toilet etc."" || [9.6/10] Hai (Vietnam, Couple): ""Neat room, nice decoration, soft bed, wooden flooring."" || [9.2/10] chi cuong (Australia, Couple): ""The space is quiet and spotless from the inside out.""",Free Wi-Fi ; Free parking; Front desk [24-hour]; Restaurants; Bar; Airport transfer; Family room; Luggage storage,https://www.agoda.com/dalat-boutique-hotel/hotel/dalat-vn.html,https://pix8.agoda.net/hotelImages/712/7125752/7125752_19042615040074074930.jpg?ca=8&ce=1
58905932,Roserie Home Garden Dalat,4.0,29,NonHotel,Dalat,Cam Ly Falls,412228,9.4,230,94,"[9.2/10] Matthew (Thailand, Solo traveler): ""Very clean and quiet and the bed is very comfortable."" || [10.0/10] gili (Israel, Group): ""Gorgeous place, clean rooms, host is incredibly helpful."" || [9.2/10] Matthew (Thailand, Solo traveler): ""Simple place but had a kitchen area which is very helpful.""",Free Wi-Fi ; Free parking; Check-in/out [express]; Family room; Kitchen; Luggage storage; Balcony/terrace; Breakfast,https://www.agoda.com/roserie-home-garden-dalat/hotel/dalat-vn.html,https://pix8.agoda.net/hotelImages/58905932/0/86bcb5b65b6cef44d4893e093537212a.jpeg?ce=0
64197808,The Song Vung Tau Xinh,5.0,29,NonHotel,Vung Tau,Thang Tam,744136,9.0,3272,85,"[10.0/10] Serge (Belarus, Couple): ""Very nice accomodation, has everything that you need."" || [10.0/10] Sigrid (Australia, Couple): ""Very clean, very modern, great amenities in the apartment."" || [8.8/10] raymond (Australia, Couple): ""Best value for money accommodation we have had in Vietnam""",Beach; Free Wi-Fi ; Swimming pool; Front desk [24-hour]; Yoga room; Golf course (within 3 km); Pool (kids); Kitchen,https://www.agoda.com/the-song-apartment-h34311951/hotel/vung-tau-vn.html,https://pix8.agoda.net/hotelImages/64197808/0/ab1f583eeca03d56ad34565b00bd06bd.jpg?ce=0
36643921,The Sóng Apartment Vũng Tàu - Green House,5.0,120,Hotel,Vung Tau,Thang Tam,923484,8.3,3881,,"[10.0/10] Khang (Vietnam, Couple): ""The Song Apartment is a great choice for your vacation."" || [10.0/10] Rohit (United States, Solo traveler): ""Cleanest of all 3 of the song apartments i tried out."" || [8.0/10] Nga (Australia, Solo traveler): ""Fully equipped kitchen facilities, washing machine included.""",Beach; Free Wi-Fi ; Swimming pool; Check-in/out [express]; Golf course (within 3 km); Pool (kids); Balcony/terrace; Garden,https://www.agoda.com/the-song-vung-tau-green-house/hotel/vung-tau-vn.html,https://pix8.agoda.net/hotelImages/36643921/-1/c3f42bbf7e50a92c7d8c7221f6ec5326.jpg?ce=0
86719729,Townhouse Diamond Boutique Hotel Near Back Beach Vung Tau,3.0,34,Hotel,Vung Tau,Thang Tam,260368,7.2,226,,"[10.0/10] Victor (Thailand, Solo traveler): ""Nice  clean room, quiet areas, friendly helpful staff."" || [8.0/10] William (Vietnam, Solo traveler): ""Good comfortable rooms with Aircon and a fan provided."" || [10.0/10] Victor (Thailand, Solo traveler): ""The price-quality ratio is very good.""",Free Wi-Fi ; Free parking; Front desk [24-hour]; Family room; Luggage storage; Pets allowed; Room service; Non-smoking rooms,https://www.agoda.com/townhouse-diamond-beach-vung-tau/hotel/vung-tau-vn.html,https://pix8.agoda.net/hotelImages/86719729/0/c9cda18c1674bdec328fab6a7f367398.jpg?ce=3
33941483,THE SÓNG APARTMENT VŨNG TÀU -  TRINH'S HOUSE,5.0,29,NonHotel,Vung Tau,Thang Tam,981597,8.2,5718,,"[10.0/10] Gautam (India, Couple): ""The room was immaculate, spacious, and tastefully decorated."" || [10.0/10] Nguyen (Việt Nam, Couple): ""Staff very friendly and the place is great all the time."" || [9.6/10] Desmond (Singapore, Couple): ""Near beach and nice pool with a great view""",Private beach; Free Wi-Fi ; Pool with view; Car park; Lake access; Check-in/out [express]; Fitness center; Restaurants,https://www.agoda.com/can-ho-cao-cap-5-sao-su-dung-tien-ich-mien-phi/hotel/vung-tau-vn.html,https://pix8.agoda.net/hotelImages/33941483/0/ef8d86ed86ead714dc4036a873b5590d.jpg?ce=0
44184739,The Song Apartment - Can Ho The Song - Mai Villa Vung Tau,4.0,29,NonHotel,Vung Tau,Thang Tam,1177618,8.7,2785,84,"[10.0/10] Duy (Canada, Group): ""Facility, location and view always meet my expectations."" || [9.2/10] Gocz (Romania, Couple): ""I think that this is a great value for your money."" || [10.0/10] Victor (Philippines, Solo traveler): ""Have the three bedroom, for 15-18 eur per night it's a gift.""",Free Wi-Fi ; Pool with view; Water park; Pool (kids); Rooftop area; Garden; Valet parking; Non-smoking rooms,https://www.agoda.com/song-homestay-vung-tau-ho-boi-vo-cuc-mien-phi-free-infinity-pool/hotel/vung-tau-vn.html,https://pix8.agoda.net/hotelImages/44184739/0/0215f7d3c6748a04746b16b842fdf5ac.jpg?ce=0
35937927,The Song Vung Tau Apartment -Villa near Beach,5.0,29,NonHotel,Vung Tau,Thang Tam,892950,8.5,3599,,"[10.0/10] Graham (Vietnam, Solo traveler): ""My best accommodation so far travelling 4 months in SE Asia"" || [10.0/10] Michael (New Zealand, Family with young children): ""Near the beach, clean, safe and shops on the ground floor."" || [9.2/10] Kiet Vi (Vietnam, Couple): ""It is clean, comfortable, and well-maintained.""",Private beach; Free Wi-Fi ; Pool with view; Car park; Spa; Waterfront; Front desk [24-hour]; Fitness center,https://www.agoda.com/vung-tau-the-song-apartment-song-homestay-h35937927/hotel/vung-tau-vn.html,https://pix8.agoda.net/hotelImages/35937927/0/2ff9db623b1fd9a3818f67f4a3e0c0ef.jpg?ce=3
161729,The IMPERIAL Vung Tau Hotel ,5.0,34,Hotel,Vung Tau,Thang Tam,3864639,8.8,10856,86,"[10.0/10] peter (United Kingdom, Couple): ""Probably the best hotel I've stayed at inVietnsm"" || [10.0/10] peter (United Kingdom, Couple): ""Very impressed with the hotel facilities."" || [10.0/10] Sherry (United States, Couple): ""A luxurious hotel and an attention to detail amazing staff.""",Private beach; Free Wi-Fi ; Swimming pool; Free parking; Spa; Front desk [24-hour]; Fitness center; Restaurants,https://www.agoda.com/the-imperial-hotel-vung-tau/hotel/vung-tau-vn.html,https://pix8.agoda.net/hotelImages/161729/0/f304d2948ae44a7c1117503401637c5c.png?ce=3
61648385,Joi Boutique Bãi Trước,3.0,34,Hotel,Vung Tau,Phường 1,1057950,8.7,613,,"[10.0/10] CATHERINE (Malaysia, Couple): ""Good hotel location to stay, right next to church!!"" || [10.0/10] Minh (United States, Solo traveler): ""If you want a boho beach stay in Vung Tau, this is the spot."" || [10.0/10] Khả Tú (Vietnam, Couple): ""The location is fantastic, parking is convenient.""",Free Wi-Fi ; Free parking; Spa; Front desk [24-hour]; Restaurants; Family room; Kitchen; Luggage storage,https://www.agoda.com/joi-hospitality-diamond-star/hotel/vung-tau-vn.html,https://pix8.agoda.net/hotelImages/61648385/0/0d069a3c7b54da20edb422b2669b5510.png?ce=3
33829122,Hotel DMelin,4.0,34,Hotel,Vung Tau,Phường 2,1387714,9.1,2854,,"[10.0/10] Stefan (Vietnam, Couple): ""I think this was the best hotel I’ve been to in a while"" || [10.0/10] Glenn Phillip (Australia, Business traveler): ""It is very cozy indeed, and the bed was very comfortable!"" || [10.0/10] David (Vietnam, Couple): ""This place is super clean and provides great value.""",Beach; Free Wi-Fi ; Swimming pool; Car park; Front desk [24-hour]; Luggage storage; Garden; Room service,https://www.agoda.com/hotel-d-melin-vung-tau/hotel/vung-tau-vn.html,https://pix8.agoda.net/hotelImages/33829122/-1/3792867ef4c050169c4ad5d9d229268a.png?ce=0
5436583,Vias Hotel Vung Tau ,5.0,34,Hotel,Vung Tau,Phường 8,3465332,9.0,4384,91,"[10.0/10] Amit (India, Couple): ""Very good breakfast spread and a beautiful infinity pool."" || [10.0/10] Jorrit (Nederland, Couple): ""Excellent service, great breakfast, awesome swimming pool"" || [10.0/10] Wa On (中國香港, Family with young children): ""Perfect with free transportation and good services""",Free Wi-Fi ; Pool with view; Free parking; Front desk [24-hour]; Fitness center; Restaurants; Bar; Yoga room,https://www.agoda.com/vias-hotel-vung-tau_2/hotel/vung-tau-vn.html,https://pix8.agoda.net/hotelImages/5436583/-1/c2555f7a2151f0387ce67da6d944cc49.jpg?ce=0
48511716,MONTANA HOMESTAY VUNG TAU,3.0,29,NonHotel,Vung Tau,Phường 2,741965,9.1,527,92,"[10.0/10] Maisarah (Singapore, Solo traveler): ""Have no complaints and would 100% come back here next time!"" || [8.8/10] Chiamaka  (United Kingdom, Solo traveler): ""I was really comfortable here and extended my stay."" || [9.2/10] Tommi (Suomi, Solo traveler): ""Clean, kind staff, good beds... Really nothing bad to say.""",Free Wi-Fi ; Free parking; Spa; Front desk [24-hour]; Restaurants; Bar; Sauna; Shuttle service,https://www.agoda.com/montana-homestay-vung-tau/hotel/vung-tau-vn.html,https://pix8.agoda.net/hotelImages/48511716/-1/5b5445e036036a3196a8a7e810d5f792.jpg?ce=0
178195,Mercure Vung Tau,0.0,34,Hotel,Vung Tau,Thang Nhat,3587293,8.7,2130,82,"[10.0/10] Stephen M (United States, Solo traveler): ""It might be the best place to stay on the beach in Vung Tau."" || [9.2/10] Kien Cuong (Vietnam, Family with young children): ""This is also one of the most elegant hotels in Vietnam."" || [9.2/10] Vianney (Vietnam, Couple): ""All in all, I would definitely recommend that hotel.""",Private beach; Free Wi-Fi ; Pool with view; Free parking; Spa; Front desk [24-hour]; Fitness center; Restaurants,https://www.agoda.com/mercure-vung-tau/hotel/vung-tau-vn.html,https://q-xx.bstatic.com/xdata/images/hotel/max500/914927629.jpg?k=b4de23155a806704247fdf321d94281fcdb62cb5dc182040fdde9890d0326397&o=
87305373,Vienna House by Wyndham Charm Long Hai,5.0,34,Hotel,Vung Tau,Long Hai Beach,,8.7,203,80,"[10.0/10] Yen Seng (Singapore, Couple): ""The rooms are big and airy and very clean."" || [10.0/10] Yen Seng (Singapore, Couple): ""The hotel is 3 min walk to the beach.""",Beach; Free Wi-Fi ; Pool with view; Free parking; Spa; Front desk [24-hour]; Fitness center; Restaurants,https://www.agoda.com/vienna-house-by-wyndham-charm-long-hai/hotel/vung-tau-vn.html,https://pix8.agoda.net/hotelImages/87305373/0/9880d2c568809b9df1e8099d89104ec2.jpg?ce=3
52133786,OYSTER BAY HOTEL VUNG TAU,4.0,34,Hotel,Vung Tau,Phường 5,2083578,8.8,2892,87,"[10.0/10] Mario (Australia, Family with young children): ""Our room was modern, comfortable, and well maintained."" || [10.0/10] Cynthia (United States, Couple): ""Room was on the sea view side and was not a disappointment."" || [10.0/10] Minh (United States, Solo traveler): ""View was perfect and thermostat controlled AC worked great.""",Free Wi-Fi ; Pool with view; Free parking; Spa; Front desk [24-hour]; Fitness center; Restaurants; Bar,https://www.agoda.com/oyster-bay-hotel-vung-tau/hotel/vung-tau-vn.html,https://pix8.agoda.net/hotelImages/52133786/0/b42dde6c1b2e08d7f7ec83973f455ea3.png?ce=3
73004500,The Sim Hotel Vung Tau,2.0,34,Hotel,Vung Tau,Phường 8,374978,9.1,543,92,"[10.0/10] Piers (United Kingdom, Solo traveler): ""Convenient for Lotte Mart and other shops and restaurants."" || [10.0/10] Piers (United Kingdom, Solo traveler): ""The rooms are sparkling clean, comfortable, bright and airy."" || [9.6/10] Patrick (Germany, Solo traveler): ""I will never book another hotel in Vung Tau again.""",Free Wi-Fi ; Free parking; Front desk [24-hour]; Kid's club; Shared kitchen; Garden; Room service; Laundry,https://www.agoda.com/the-sim-hotel-vung-tau/hotel/vung-tau-vn.html,https://pix8.agoda.net/hotelImages/73004500/0/2763afdbed9c84392beea0691b24a5b2.jpg?ce=3
22642078,Premier Pearl Hotel Vung Tau,4.0,34,Hotel,Vung Tau,Phường 2,2526179,8.8,7255,86,"[10.0/10] Thu (Vietnam, Couple): ""I think every room has ocean view so it’s very convenient."" || [9.2/10] Alex (Singapore, Couple): ""The room was spacious, clean, and had a great bathroom."" || [10.0/10] Thu (Vietnam, Couple): ""The location can’t be beat, just a few steps from the beach.""",Beach; Free Wi-Fi ; Pool with view; Free parking; Spa; Front desk [24-hour]; Fitness center; Restaurants,https://www.agoda.com/premier-pearl-hotel-vung-tau/hotel/vung-tau-vn.html,https://pix8.agoda.net/hotelImages/22642078/-1/b7ec645d88b860b07237b2682862f43c.jpg?ce=0
64639976,Cherry hotel,0.0,120,Hotel,Vung Tau,Phường 2,296008,8.6,15,,,Free parking; Front desk [24-hour]; Shuttle service; Family room; Breakfast takeaway service; Room service; Laundry; Smoke-free property,https://www.agoda.com/cherry-hotel-h64639976/hotel/all/vung-tau-vn.html,https://q-xx.bstatic.com/xdata/images/hotel/max500/635535562.jpg?k=5c2dbef4390fd35a23e5fbe0a275528fd87010db82e487a3ab65de4ce4fdfbb0&o=
11534281,Fusion Suites Vung Tau,4.0,34,Hotel,Vung Tau,Phường 2,2915846,9.0,5339,92,"[8.8/10] Angela (Australia, Couple): ""Staff were very helpful and bedroom was clean and spacious."" || [10.0/10] Paul (Australia, Solo traveler): ""Also great facilities including spa, pool, buffet breakfast"" || [10.0/10] Grant (Australia, Solo traveler): ""Sitting by the pool with a drink watching the ships go by""",Beach; Free Wi-Fi ; Pool with view; Free parking; Spa; Front desk [24-hour]; Fitness center; Restaurants,https://www.agoda.com/fusion-suites-vung-tau/hotel/vung-tau-vn.html,https://pix8.agoda.net/hotelImages/11534281/-1/65a145ae5087d89a3e7142ca16675a96.jpg?ce=0
412707,Muong Thanh Holiday Vung Tau Hotel,0.0,34,Hotel,Vung Tau,Phường 1,1102792,8.2,2795,,"[10.0/10] david (United States, Group): ""Best hotel I've stayed at during my 3 weeks stay in Vietnam."" || [10.0/10] william (Vietnam, Couple): ""Very nice staff and good selection for breakfast."" || [9.6/10] Anh (Vietnam, Solo traveler): ""I will stay at Muong Thanh again when I come back Vung Tau""",Free Wi-Fi ; Swimming pool; Free parking; Spa; Front desk [24-hour]; Fitness center; Restaurants; Bar,https://www.agoda.com/muong-thanh-holiday-vung-tau-hotel/hotel/vung-tau-vn.html,https://pix8.agoda.net/hotelImages/412/412707/412707_16051410260042325139.jpg?ca=6&ce=1
11024791,ibis Styles Vung Tau,3.0,34,Hotel,Vung Tau,Thang Nhat,2480338,8.9,4361,88,"[10.0/10] Linh (Vietnam, Couple): ""Excellent location, comfortable room & welcoming staffs."" || [9.6/10] Trung Anh (Vietnam, Family with young children): ""The room is amazing, very clean and cozy in youthful vibe."" || [9.6/10] charlie (United States, Group): ""Ibis Vung Tau was one of the best all around hotels.""",Beach; Free Wi-Fi ; Pool with view; Free parking; Front desk [24-hour]; Fitness center; Restaurants; Bar,https://www.agoda.com/ibis-styles-vung-tau/hotel/vung-tau-vn.html,https://q-xx.bstatic.com/xdata/images/hotel/max500/914924455.jpg?k=fa40d074784abd92743fc4a5169b89b415728a1d496e574dacdc18a9ae63139c&o=
5262146,Tomorrow Hostel,3.0,33,Hotel,Vung Tau,Phường 3,,8.6,238,81,"[10.0/10] Rajee (Philippines, Solo traveler): ""The accommodation exceeded my expectations given the price."" || [10.0/10] Christine (Philippines, Solo traveler): ""Nice people, clean rooms, great service."" || [10.0/10] ALEKOS (Thailand, Solo traveler): ""Very good hostel with friendly owners and feels like home""",Free Wi-Fi ; Free parking; Front desk [24-hour]; Restaurants; Bar; Family room; Kitchen; Luggage storage,https://www.agoda.com/tomorrow-hostel/hotel/vung-tau-vn.html,https://pix8.agoda.net/hotelImages/5262146/-1/eb89c501ac41bc2ced3b813e5bf33b41.jpg?ce=0
7394456,Annata Beach Hotel,3.0,34,Hotel,Vung Tau,Thang Tam,1345923,8.7,4828,88,"[10.0/10] Ha (Vietnam, Couple): ""I highly recommend Annata for your vacation in Vung Tau."" || [8.8/10] NGUYEN (Vietnam, Solo traveler): ""Ocean view from the room was beautiful and impressive."" || [10.0/10] Eric (Vietnam, Solo traveler): ""Maids to security all were friendly and accommodating""",Beach; Free Wi-Fi ; Pool with view; Free parking; Front desk [24-hour]; Restaurants; Shuttle service; Family room,https://www.agoda.com/annata-hotel/hotel/vung-tau-vn.html,https://pix8.agoda.net/hotelImages/7394456/87898656/0f95c9ce7e491e54f9711368b3b98e3e.jpg?ce=0
39913715,Vung Tau The Song Apartment - Ocean Apartment,5.0,29,NonHotel,Vung Tau,Thang Tam,833139,8.5,2087,,"[9.2/10] Tam (Thailand, Family with young children): ""The studio is clean and equipped with useful facilities."" || [9.6/10] Ken (Vietnam, Family with young children): ""I am satisfied with all the services provided at The Song."" || [10.0/10] Lisa (Australia, Group): ""Nice tidy clean apartment with beautiful ocean view""",Private beach; Free Wi-Fi ; Pool with view; Car park; Lake access; Front desk [24-hour]; Fitness center; Restaurants,https://www.agoda.com/vung-tau-the-song-apartment-paris-homestay/hotel/vung-tau-vn.html,https://pix8.agoda.net/hotelImages/39913715/-1/e342627db56af6cd2240a0e5264d4e3e.jpg?ce=0
6944885,Marina Bay Vung Tau Resort & Spa,5.0,37,Hotel,Vung Tau,Phường 5,3786677,8.9,3197,90,"[7.6/10] Tim (Vietnam, Couple): ""We stayed one night over the weekend and will visit again."" || [9.2/10] shiozawa (日本, Couple): ""The hotel was very clean and the staff were very friendly."" || [9.2/10] Tracey (Australia, Couple): ""Rooms were very clean and beds were super comfortable.""",Free Wi-Fi ; Pool with view; Free parking; Spa; Front desk [24-hour]; Fitness center; Restaurants; Bar,https://www.agoda.com/marina-bay-vung-tau-resort-spa/hotel/vung-tau-vn.html,https://pix8.agoda.net/hotelImages/6944885/-1/8790a92bc0b32cf839b782d15dfe1331.png?ce=0
1122450,Pullman Vung Tau,5.0,34,Hotel,Vung Tau,Thang Tam,4625972,8.6,3251,87,"[10.0/10] Xu (Singapore, Business traveler): ""Free upgrade to a bigger room and the room was amazing."" || [10.0/10] Nhi (Vietnam, Family with young children): ""Nice room ,clean and thank for your set up my honeymoon."" || [10.0/10] Tae (David) (Vietnam, Couple): ""Room is wonderful & clean w/spacious, modern bathroom.""",Free Wi-Fi ; Swimming pool; Free parking; Front desk [24-hour]; Fitness center; Restaurants; Bar; Golf course,https://www.agoda.com/pullman-vung-tau/hotel/vung-tau-vn.html,https://pix8.agoda.net/hotelImages/21608436/0/5cd10f2595b999ba19861eed92d29146.jpeg?ce=3
32006799,Quang Anh Hotel by The Moment,3.0,34,Hotel,Vung Tau,Phường 8,565319,8.0,933,,"[10.0/10] Piers (United Kingdom, Solo traveler): ""Great place, great location near the beach, great staff"" || [9.6/10] Darian (United States, Solo traveler): ""But the property itself is 10/10."" || [8.4/10] Lương Hữu (Vietnam, Couple): ""The staff was extremely friendly and accommodating.""",Beach; Free Wi-Fi ; Free parking; Foot bath; Front desk [24-hour]; Restaurants; Golf course (within 3 km); Shuttle service,https://www.agoda.com/quang-anh-hotel-h32006799/hotel/vung-tau-vn.html,https://pix8.agoda.net/hotelImages/32006799/-1/2e86c61f02cb6a38a1d8c7b9c5c8fbf8.jpg?ce=0
230334,The Coast Hotel,3.0,34,Hotel,Vung Tau,Phường 2,3675998,7.2,989,,"[8.0/10] Ramon Angelo (Philippines, Solo traveler): ""The staff are friendly and accommodating."" || [8.0/10] Julie (Thailand, Solo traveler): ""The bed was comfortable, and I slept well."" || [9.2/10] Tam (United States, Couple): ""Nice clean quiet large hotel""",Free Wi-Fi ; Car park; Front desk [24-hour]; Restaurants; Airport transfer; Family room; Kitchen; Luggage storage,https://www.agoda.com/the-coast-hotel/hotel/vung-tau-vn.html,https://pix8.agoda.net/hotelImages/230334/-1/8aca9ddd2d5e50b74a32ee10d1f34922.jpg?ca=9&ce=1
63295375,SeaSide Apartment - CSJ Tower Vũng Tàu,5.0,120,Hotel,Vung Tau,Phường 8,583398,6.2,368,,"[10.0/10] Ẩn danh (Vietnam, Couple): ""“The interior design of the room is elegant and welcoming.”"" || [10.0/10] Ẩn danh (Vietnam, Couple): ""“I really appreciate how clean and spacious the room is.”"" || [10.0/10] Ẩn danh (Vietnam, Couple): ""“The room is very comfortable and well-decorated.”""",Beach; Free Wi-Fi ; Swimming pool; Car park; Spa; Check-in [24-hour]; Airport transfer; Family room,https://www.agoda.com/seaside-sererity-csj-tower-free-gym-pool-ocean-beach/hotel/vung-tau-vn.html,https://pix8.agoda.net/hotelImages/63295375/0/72b77149c37678b4c6a5555c3d6f2e52.jpg?ce=0
89090330,CouCou Homestead III-Beachside Hotel&Dorm Vung Tau,5.0,34,Hotel,Vung Tau,Phường 2,,6.8,10,,,Free Wi-Fi ; Free parking; Front desk [24-hour]; Family room; Pets allowed; Balcony/terrace; Room service; Smoke-free property,https://www.agoda.com/coucou-homestead-iii-beachside-boutique-hotel-dorm-vung-tau/hotel/vung-tau-vn.html,https://pix8.agoda.net/hotelImages/89090330/0/36acced664c5db2984ae2779a20570e3.jpg?ce=3
87013541,Diamond Beach Hotel Near Lighthouse Vung Tau By Dancenter,3.0,34,Hotel,Vung Tau,Thang Tam,,7.4,77,,"[10.0/10] hy (United States, Solo traveler): ""Location food street alll great thank you"" || [10.0/10] Xuliusheng (Vietnam, Solo traveler): ""High cost performance"" || [10.0/10] hy (United States, Solo traveler): ""Love it , here""",Free Wi-Fi ; Front desk [24-hour]; Family room; Luggage storage; Room service; Non-smoking rooms; Daily housekeeping; Elevator,https://www.agoda.com/collection-o-diamond-beach-vung-tau/hotel/vung-tau-vn.html,https://pix8.agoda.net/hotelImages/87013541/0/5248a20947070f940eb9432caef46731.jpg?ce=3
73212695,Joi Boutique Bãi Sau,2.0,34,Hotel,Vung Tau,Thang Tam,787403,8.8,268,85,"[10.0/10] RICARDO (Portugal, Solo traveler): ""Very clean and super affordable"" || [8.4/10] Vu (Việt Nam, Solo traveler): ""It is good, clean and worth the price"" || [10.0/10] RICARDO (Portugal, Solo traveler): ""Kind staff, good location.""",Beach; Free Wi-Fi ; Free parking; Front desk [24-hour]; Family room; Luggage storage; Rooftop area; Room service,https://www.agoda.com/tuyet-mai-hotel-h71446721/hotel/vung-tau-vn.html,https://pix8.agoda.net/hotelImages/73212695/0/d69ea75217770262c6cc269533c82180.png?ce=3
59301526,STELLA Hotel & Apartment,3.0,34,Hotel,Vung Tau,Thang Tam,1381026,9.0,402,91,"[10.0/10] Nguyen Dan Khanh (Vietnam, Group): ""The property is clean, modern, and very well maintained."" || [10.0/10] Phil (Canada, Couple): ""Wonderful new place un a great location…friendly staff"" || [8.4/10] Ron (United States, Couple): ""The rooms a comfortable and the staff very helpful.""",Beach; Free Wi-Fi ; Swimming pool; Free parking; Front desk [24-hour]; Restaurants; Bar; Golf course (within 3 km),https://www.agoda.com/stella-hotel-apartment/hotel/vung-tau-vn.html,https://pix8.agoda.net/hotelImages/59301526/0/285f84a05dad989df9fd86c225f43906.jpg?ce=0
6363024,Melia Ho Tram Beach Resort,5.0,34,Hotel,Vung Tau,Ho Tram Beach,12221488,9.0,5181,92,"[10.0/10] Thao (Việt Nam, Family with young children): ""The pool and private beach were clean and not too crowded."" || [9.6/10] Priscilla (Indonesia, Family with young children): ""Breakfast buffet was excellent with its wide variety."" || [10.0/10] Musa (South Korea, Couple): ""I also used their SPA and it was out of this world^^""",Private beach; Free Wi-Fi ; Swimming pool; Free parking; Spa; Front desk [24-hour]; Fitness center; Restaurants,https://www.agoda.com/melia-ho-tram-beach-resort/hotel/vung-tau-vn.html,https://pix8.agoda.net/hotelImages/6363024/-1/e4007e8495e90ab0dc961e1bac0b1bf0.jpg?ce=0
444262,BIG Hotel Vung Tau,3.0,34,Hotel,Vung Tau,Thang Tam,716336,7.5,600,,"[8.8/10] Phuong Thao (Vietnam, Couple): ""And the location was perfect for exploring the city."" || [9.2/10] Ngọc Liên (Việt Nam, Family with young children): ""Highly recommend for anyone needs a place for staying"" || [8.8/10] Phuong Thao (Vietnam, Couple): ""I had an amazing stay at the Beary Best Hotel!""",Free Wi-Fi ; Free parking; Front desk [24-hour]; Golf course (within 3 km); Family room; Luggage storage; Balcony/terrace; Room service,https://www.agoda.com/amis-hotel/hotel/vung-tau-vn.html,https://pix8.agoda.net/hotelImages/444262/0/1734045dd1a9a576a6b2761a784be4f6.jpg?ce=2
1370955,Happy Home Boutique Hotel Vung Tau ,1.0,34,Hotel,Vung Tau,Phường 2,596520,8.2,2050,82,"[10.0/10] Paul (Australia, Solo traveler): ""In the last few weeks have stayed here 4 times"" || [8.8/10] Adel (Bahrain, Solo traveler): ""My room was upgraded with windows facing the mountain."" || [10.0/10] Kevin (Thailand, Solo traveler): ""Fantastic staff, who were always happy and helpful.""",Free Wi-Fi ; Free parking; Front desk [24-hour]; Airport transfer; Family room; Luggage storage; Garden; Room service,https://www.agoda.com/minh-nhan-hotel/hotel/vung-tau-vn.html,https://pix8.agoda.net/hotelImages/1370955/0/9fcb61c4bab9e9aeccc8fd283729198e.jpg?ce=2
22732839,Sun Hill Hotel,3.0,34,Hotel,Vung Tau,Phường 2,617030,8.8,2433,86,"[10.0/10] ian (Malaysia, Business traveler): ""Great staff with good clean rooms and comfortable beds 👍"" || [10.0/10] Jinyoung (대한민국, Couple): ""I was really satisfied with everything about here!"" || [10.0/10] TIM (Australia, Solo traveler): ""The rooms are cute and the shower works well.""",Free Wi-Fi ; Free parking; Front desk [24-hour]; Golf course (within 3 km); Airport transfer; Family room; Shared kitchen; Luggage storage,https://www.agoda.com/sun-hill-hotel/hotel/vung-tau-vn.html,https://pix8.agoda.net/hotelImages/22732839/-1/2029576fa6a3e62644164122bbc32a05.jpg?ca=17&ce=1
90940010,Shin Hotel Vung Tau - Sea View ,3.0,34,Hotel,Vung Tau,Phường 2,,8.2,34,,,Beach; Free Wi-Fi ; Free parking; Front desk [24-hour]; Family room; Shared kitchen; Laundry; Bicycle parking,https://www.agoda.com/shin-homestay-vung-tau/hotel/vung-tau-vn.html,https://pix8.agoda.net/hotelImages/90940010/0/5aa7bd112b30f32cd1e36d1838017645.jpg?ce=3
1196123,The Malibu Hotel,5.0,34,Hotel,Vung Tau,Thang Tam,2729134,9.0,7572,93,"[10.0/10] mohamed (Vietnam, Family with young children): ""I would recommend this hotel and definitely coming back."" || [10.0/10] Ron (United States, Couple): ""Nice room, good location, good breakfast, friendly staff."" || [9.2/10] Ivan (Vietnam, Solo traveler): ""Great facilities including massage, steam room and Sauna""",Free Wi-Fi ; Swimming pool; Free parking; Spa; Front desk [24-hour]; Fitness center; Restaurants; Bar,https://www.agoda.com/malibu-hotel/hotel/vung-tau-vn.html,https://pix8.agoda.net/hotelImages/1196123/-1/f25a5ae5309fde0f438fbc667c1a311c.jpg?ce=0
79142852,Thùy Trang Hotel,2.0,34,Hotel,Vung Tau,Thang Tam,,8.6,273,83,"[10.0/10] Xuliusheng (越南, Solo traveler): ""I always choose to stay here when I'm on business trips."" || [8.8/10] Xuliusheng (越南, Solo traveler): ""The landlady is very polite, warm, and cheerful."" || [8.8/10] Tấn Khang (Việt Nam, Couple): ""2 minute ride from the beach""",Private beach; Free Wi-Fi ; Free parking; Front desk [24-hour]; Airport transfer; Family room; Shared kitchen; Luggage storage,https://www.agoda.com/thuy-trang-hotel-h79142852/hotel/vung-tau-vn.html,https://pix8.agoda.net/hotelImages/79142852/0/9331fca973945876309d1ba033138617.jpg?ce=2
6886976,Golden Era Hotel (Vung Tau RIVA Hotel),4.0,34,Hotel,Vung Tau,Phường 2,1860841,8.8,1957,80,"[9.2/10] Dhira (Singapore, Group): ""Great local breakfast, amazing view (4 people room)"" || [9.6/10] Pradeep (India, Family with young children): ""Must visit hotel... Amazing staff and very good service..."" || [9.6/10] Tahir Nadim (United States, Solo traveler): ""All was good - room, facilities, location, breakfast.""",Beach; Free Wi-Fi ; Swimming pool; Free parking; Front desk [24-hour]; Fitness center; Restaurants; Sauna,https://www.agoda.com/vung-tau-riva-hotel/hotel/vung-tau-vn.html,https://pix8.agoda.net/hotelImages/6886976/-1/b0169b0bd9074ddde1d11020c66b9ea0.jpg?ca=8&ce=1
33855179,Nin Garden Homestay ,2.5,108,NonHotel,Vung Tau,Phường 2,474771,8.2,212,,"[9.6/10] Wangchuk (Hong Kong SAR, China, Solo traveler): ""Nice homestay with friendly staff."" || [9.6/10] Wangchuk (Hong Kong SAR, China, Solo traveler): ""Very basic room for a very good price."" || [9.6/10] Wangchuk (Hong Kong SAR, China, Solo traveler): ""Very nice place for a very good price""",Free Wi-Fi ; Free parking; Front desk [24-hour]; Luggage storage; Bicycle parking; Coffee shop; BBQ facilities; Exterior corridor,https://www.agoda.com/nin-garden-homestay-h33955335/hotel/vung-tau-vn.html,https://pix8.agoda.net/hotelImages/33855179/0/7cafb68992f3c3d8e7a16d22862a1fb7.jpg?ce=3
37189836,Angsana Ho Tram,5.0,37,Hotel,Vung Tau,Ho Tram Beach,10808968,8.9,1384,87,"[8.0/10] Hang Jun (대한민국, Group): ""Very kind people and excellent services with new facilities."" || [10.0/10] Rahn (Vietnam, Couple): ""Great service & accommodation with private jacuzzi."" || [10.0/10] Phat G. (Vietnam, Couple): ""Angsana Resort delivered an exceptional, luxurious escape.""",Private beach; Free Wi-Fi ; Pool with view; Free parking; Spa; Front desk [24-hour]; Fitness center; Restaurants,https://www.agoda.com/angsana-ho-tram/hotel/vung-tau-vn.html,https://pix8.agoda.net/hotelImages/37189836/0/8795546c4f25248221f988ca85443ae6.jpg?ce=3
39665334,IXORA Ho Tram by Fusion,5.0,34,Hotel,Vung Tau,Ho Tram Beach,7043870,9.0,2916,91,"[9.6/10] simon (Vietnam, Couple): ""Stayed here for 5 nights after a hectic 14 days sightseeing"" || [10.0/10] TkhiKhoanhZunh (Vietnam, Couple): ""Spacious rooms, excellent staff, very friendly and helpful."" || [9.6/10] Nguyen (Vietnam, Group): ""From my room I can see the whole garden and the ocean.""",Private beach; Free Wi-Fi ; Pool with view; Free parking; Spa; Front desk [24-hour]; Fitness center; Restaurants,https://www.agoda.com/ixora-ho-tram-by-fusion/hotel/vung-tau-vn.html,https://pix8.agoda.net/hotelImages/39665334/0/731b60a10033d57fabf8cd5afc7d0a4a.jpg?ce=3
37854636,3H GRAND HOTEL,3.0,34,Hotel,Vung Tau,Phường 2,687532,8.4,712,,"[8.8/10] Vijay (United States, Couple): ""Good location, excellent staff, very friendly and helpful"" || [9.6/10] Paul (Australia, Solo traveler): ""Clean comfortable rooms at a good price."" || [10.0/10] Wangchuk (Switzerland, Solo traveler): ""Good accomodation at a nice place.""",Free Wi-Fi ; Free parking; Front desk [24-hour]; Family room; Luggage storage; Pets allowed; Balcony/terrace; Laundry,https://www.agoda.com/3h-grand-hotel/hotel/vung-tau-vn.html,https://pix8.agoda.net/hotelImages/37854636/-1/74692a1c50318718dc8a45bdd0e2660c.jpg?ce=0
255143,Green Hotel Vung Tau,3.0,34,Hotel,Vung Tau,Thang Tam,876028,8.5,2714,93,"[8.4/10] Phuc (Vietnam, Couple): ""The staff were friendly and very accommodating."" || [10.0/10] Elizabeth (Canada, Couple): ""The rooms are spacious with a great view of the beach."" || [8.8/10] Lee (Malaysia, Couple): ""Great location, great breakfast and amazing reception staff.""",Beach; Free Wi-Fi ; Free parking; Front desk [24-hour]; Restaurants; Airport transfer; Family room; Luggage storage,https://www.agoda.com/green-hotel-vung-tau/hotel/vung-tau-vn.html,https://pix8.agoda.net/hotelImages/255143/-1/615fb21fd65974209c1425fdf40dadcb.jpg?ce=0
32179308,Mercury Hotel & Apartment,2.0,34,Hotel,Vung Tau,Phường 1,464645,8.2,799,84,"[10.0/10] Piers (United Kingdom, Solo traveler): ""The room was very spacious, with a desk and two chairs."" || [9.2/10] Paul (Australia, Solo traveler): ""For the cheap price I had a nice clean balcony room."" || [9.2/10] Noémie (France, Group): ""The bathroom was very clean and it was nice to have a bath.""",Beach; Free Wi-Fi ; Free parking; Front desk [24-hour]; Restaurants; Golf course (within 3 km); Airport transfer; Family room,https://www.agoda.com/mercury-hotel-apartment/hotel/vung-tau-vn.html,https://pix8.agoda.net/hotelImages/32179308/-1/b8e48926ad88407e4e29beea0c059646.jpg?ce=0
31717323,Kim Minh Boutique - Luxury Hotel & Apartment,0.0,34,Hotel,Vung Tau,Phường 1,1189884,8.9,3460,85,"[8.0/10] Tony (Vietnam, Couple): ""I can only recommend this place if you go to say in Vung tau"" || [9.6/10] Diana (Malaysia, Group): ""Clean and spacious room, friendly staff and good location."" || [8.4/10] Chuong (Vietnam, Family with older children): ""New and well designed hotel in a very central location""",Free Wi-Fi ; Free parking; Front desk [24-hour]; Family room; Safety deposit boxes; Non-smoking rooms; Daily housekeeping; Elevator,https://www.agoda.com/kim-minh-boutique/hotel/vung-tau-vn.html,https://pix8.agoda.net/hotelImages/31717323/-1/ccbcadd01c835b7424366b6baa11bee4.jpg?ca=29&ce=0
280768,P&T Hotel Vung Tau,3.0,34,Hotel,Vung Tau,Phường 2,1012338,7.9,1360,86,"[10.0/10] Bao (Vietnam, Group): ""The room was extra spacious for the well affordable price."" || [9.6/10] Emma (Vietnam, Couple): ""Most of all, we were near the beach and the amenities."" || [10.0/10] Ramogohlo Provia (South Africa, Couple): ""Our room had a great view of the beach 🏖️""",Beach; Free Wi-Fi ; Swimming pool; Free parking; Spa; Front desk [24-hour]; Restaurants; Bar,https://www.agoda.com/p-t-hotel-vung-tau/hotel/vung-tau-vn.html,https://pix8.agoda.net/hotelImages/280768/-1/2308d753d6466a834f8658d8b7973fcd.jpg?ca=17&ce=1
25773171,Holiday Inn Resort Ho Tram Beach By IHG,5.0,34,Hotel,Vung Tau,Ho Tram Beach,5345084,9.1,4081,94,"[9.6/10] Cuong (Vietnam, Family with young children): ""An exceptional facility with friendly staffs and services."" || [10.0/10] Joo hyun (Vietnam, Family with young children): ""Clean and comfy room, nice breakfast and excellent pools!"" || [9.2/10] Michael (Australia, Family with young children): ""It’s a 5 star resort so you would expect 10/10 service.""",Private beach; Free Wi-Fi ; Pool with view; Free parking; Spa; Front desk [24-hour]; Fitness center; Restaurants,https://www.agoda.com/holiday-inn-resort-ho-tram-beach/hotel/vung-tau-vn.html,https://pix8.agoda.net/hotelImages/25773171/0/bdd45a0630eae5dd5d78fc0ede35ca69.jpg?ce=3
11016,Petro House Vung Tau (Block B),3.0,34,Hotel,Vung Tau,Phường 1,831649,8.1,1661,85,"[9.6/10] EN GIR (Южная Корея, Family with older children): ""Would come here again as it's really good value for money."" || [10.0/10] Valerie (United States, Solo traveler): ""The breakfast is excellent, western and Vietnamese choices."" || [10.0/10] Thi Loc Ha (Việt Nam, Group): ""The rooms are clean, well-maintained, and cozy.""",Beach; Free Wi-Fi ; Swimming pool; Free parking; Spa; Front desk [24-hour]; Fitness center; Restaurants,https://www.agoda.com/petro-house-hotel/hotel/vung-tau-vn.html,https://pix8.agoda.net/hotelImages/11016/0/5164c0e97515a623675a310a889182a2.jpg?ce=2
52733341,The Signature Hoi An,5.0,34,Hotel,Hoi An,Minh An,3715471,9.2,3574,95,"[10.0/10] Kim (United States, Family with young children): ""What really set this hotel apart, though, was the service."" || [8.8/10] April (Australia, Solo traveler): ""I also appreciated the friendly and welcoming staff."" || [10.0/10] Gerson (Philippines, Couple): ""It has a great location and at the same time it is quiet.""",Free Wi-Fi ; Swimming pool; Spa; Front desk [24-hour]; Fitness center; Restaurants; Bar; Massage,https://www.agoda.com/the-signature-hoi-an/hotel/hoi-an-vn.html,https://pix8.agoda.net/hotelImages/52733341/-1/68cb6816133d882e161cba040891a2af.jpg?ce=0
90025419,Hoi An Moon Premium Boutique Hotel and Spa,5.0,34,Hotel,Hoi An,Son Phong,,9.6,76,98,"[10.0/10] Hien (Việt Nam, Couple): ""Overall, it was a truly memorable stay in Hoi An."" || [10.0/10] Tram (Việt Nam, Couple): ""The rooms are clean, modern, and everything feels brand new."" || [10.0/10] Daniel (ישראל, Couple): ""We enjoyed so much that we stayed extra 2 nights.""",Private beach; Free Wi-Fi ; Pool with view; Free parking; Spa; Front desk [24-hour]; Fitness center; Restaurants,https://www.agoda.com/hoi-an-moon-premium-boutique-hotel-spa/hotel/hoi-an-vn.html,https://pix8.agoda.net/hotelImages/90025419/0/bc07c9ae30e03c1ec4e81364ab9f57fe.jpg?ce=3
44777877,Grand Sunrise Palace Hoi An,5.0,34,Hotel,Hoi An,Cam Chau,2754240,9.7,11555,98,"[10.0/10] Sivan (India, Family with young children): ""We loved our stay here and amazing hospitality by everyone"" || [10.0/10] Kyung (United States, Couple): ""Great stay will be back especially because of the service."" || [10.0/10] Kyung (United States, Couple): ""The facilities were spotless and clean as well as renovated.""",Free Wi-Fi ; Pool with view; Free parking; Spa; Front desk [24-hour]; Fitness center; Restaurants; Bar,https://www.agoda.com/grand-sunrise-palace-hoi-an-h38715126/hotel/hoi-an-vn.html,https://pix8.agoda.net/hotelImages/44777877/0/81ce6608f2bec362ec9d2ef37473d1a9.png?ce=3
2090182,La Siesta Hoi An Resort & Spa,5.0,37,Hotel,Hoi An,Thanh Ha,4866554,9.2,7665,97,"[9.6/10] Amber (Hong Kong SAR, China, Family with young children): ""The rooms were spacious with a large balcony and bathroom."" || [10.0/10] KIM YAN (Hong Kong SAR, China, Couple): ""The swimming pool and massage were also memorably amazing."" || [10.0/10] BYUNGWOOK (대한민국, Solo traveler): ""Above all, Hang made my stay truly unforgettable.""",Beach; Free Wi-Fi ; Pool with view; Free parking; Spa; Front desk [24-hour]; Fitness center; Restaurants,https://www.agoda.com/la-siesta-hoi-an-resort-spa/hotel/hoi-an-vn.html,https://q-xx.bstatic.com/xdata/images/hotel/max500/785564248.jpg?k=2581bf36c9fd9192538435bbd45b9895de4cf6df2a5beaca25a33ca283072bad&o=
91933144,Faifo Boutique Hotel & Spa,5.0,34,Hotel,Hoi An,Cam Chau,,9.2,30,92,"[10.0/10] Vien (Vietnam, Couple): ""I would happily stay here again on my next visit to Hoi An."" || [10.0/10] Mai (Việt Nam, Couple): ""Lovely hotel with a beautiful and unique design."" || [10.0/10] Tường Nhi (Việt Nam, Couple): ""The staff were friendly and helpful throughout our stay.""",Free Wi-Fi ; Pool with view; Free parking; Spa; Front desk [24-hour]; Fitness center; Restaurants; Bar,https://www.agoda.com/faifo-boutique-hotel-spa/hotel/hoi-an-vn.html,https://pix8.agoda.net/hotelImages/91933144/0/543147779fe3eba613bdea22f20667ba.png?ce=3
79118577,Dolphins Hostel - Riverside Hoi An,3.0,34,Hotel,Hoi An,Minh An,,9.2,1109,86,"[10.0/10] Marlene (Deutschland, Solo traveler): ""Everything was clean and the staff was super helpful."" || [10.0/10] Edouard (France, Solo traveler): ""Great place, great staff, great amenities, great Dolphins."" || [10.0/10] eliana raquel (United Kingdom, Solo traveler): ""You get a towel, card key and padlock when you arrive.""",Free Wi-Fi ; Swimming pool; Free parking; Front desk [24-hour]; Restaurants; Bar; Water park; Airport transfer,https://www.agoda.com/dolphins-hostel/hotel/hoi-an-vn.html,https://pix8.agoda.net/hotelImages/79118577/0/5e8ce4f21b9f36f26387cff309f44338.jpg?ce=2
568331,Under The Coconut Tree Hoi An Homestay,4.0,108,NonHotel,Hoi An,Cam An,782789,8.8,940,89,"[10.0/10] Eda (Deutschland, Solo traveler): ""The reception upon arrival was very personal and friendly."" || [10.0/10] Kerry (United States, Solo traveler): ""The whole place looks like you're in a fantasy garden."" || [10.0/10] Daisy (United States, Group): ""Very helpful service, beautiful rooms and a magical setting!""",Private beach; Free Wi-Fi ; Free parking; Spa; Restaurants; Bar; Sauna; Airport transfer,https://www.agoda.com/under-the-coconut-tree-hoi-an-homestay/hotel/hoi-an-vn.html,https://pix8.agoda.net/hotelImages/568331/0/7181a80bc5acbffdc705b3546b0fd6d1.jpeg
74626874,Fuse Old Town Hoi An,3.0,33,Hotel,Hoi An,Son Phong,460861,8.6,367,86,"[10.0/10] Nur (Singapore, Solo traveler): ""My first hostel experience and it was absolutely amazing!"" || [10.0/10] Nur (Singapore, Solo traveler): ""Facilities are surprisingly clean and well-maintained."" || [10.0/10] Nur (Singapore, Solo traveler): ""Will book this place if I’m visiting Hoi An again.""",Beach; Free Wi-Fi ; Swimming pool; Front desk [24-hour]; Restaurants; Bar; Sauna; Luggage storage,https://www.agoda.com/fuse-old-town-hoi-an/hotel/hoi-an-vn.html,https://pix8.agoda.net/hotelImages/74626874/0/b01dc6600c372dad2d01a3cf63d22d42.jpeg?ce=2
1070265,"Grand Signature Resort Hoi An by M Village, a brand of Modern Village Lifestyle",5.0,37,Hotel,Hoi An,Cam Ha,2903258,9.1,825,90,"[10.0/10] phyllis (United States, Couple): ""Big pool that was great to escape the afternoon heat."" || [9.6/10] Laura (United Kingdom, Family with young children): ""Shuttle bus is handy for getting to Old Town and the beach"" || [9.6/10] Pranay (India, Couple): ""The room size was spacious, ensuring a comfortable sleep.""",Free Wi-Fi ; Pool with view; Spa; Front desk [24-hour]; Fitness center; Restaurants; Golf course; Massage,https://www.agoda.com/hoi-an-silk-village-resort-spa/hotel/hoi-an-vn.html,https://pix8.agoda.net/hotelImages/1070265/0/e7c89c0f3ccc5b476bb1e887e0f28a1a.jpg?ce=3
50513384,Sen Village Hoi An,5.0,34,Hotel,Hoi An,Cam Chau,2185459,9.0,1071,92,"[9.2/10] Raizy (United States, Solo traveler): ""The room was soooo spacious and the swimming pool was great!"" || [9.2/10] Daniel (Singapore, Couple): ""Room was great and staff were really friendly and helpful!"" || [10.0/10] Effie (Israel, Solo traveler): ""The best hotel so far I’m travelling for a month already""",Free Wi-Fi ; Pool with view; Free parking; Spa; Front desk [24-hour]; Fitness center; Restaurants; Bar,https://www.agoda.com/sen-retreat-hoi-an/hotel/hoi-an-vn.html,https://pix8.agoda.net/hotelImages/50513384/0/c2ac452335f4011c09a73e32ec3123df.jpg?ce=2
39553445,Southern Hotel,3.0,34,Hotel,Hoi An,Cẩm Phô,906471,9.6,537,95,"[9.6/10] Janine (Philippines, Couple): ""The staff and service was well above expectations."" || [10.0/10] Nur AisyahBinti Zulkifli (Malaysia, Solo traveler): ""A gorgeous and chic boutique hotel in the heart of Hoi An"" || [10.0/10] Nguyen (Vietnam, Group): ""The room is clean and clear also very comfortable for us.""",Beachfront; Free Wi-Fi ; Car park; Spa; Waterfront; Front desk [24-hour]; Massage; Airport transfer,https://www.agoda.com/raon-hoi-an-villa/hotel/hoi-an-vn.html,https://pix8.agoda.net/hotelImages/39553445/0/ebff8999d6a271ebac313e75f7c14024.jpg?ce=3
14498722,Okra Hoian Homestay,4.5,108,NonHotel,Hoi An,Cam Ha,452696,9.3,654,92,"[10.0/10] Regina (Canada, Couple): ""Staff helped give us recs and sort out everything we needed."" || [8.8/10] Praewa (United Kingdom, Solo traveler): ""The people that works here are lovely and kind."" || [8.8/10] Praewa (United Kingdom, Solo traveler): ""Nice quiet and clean place to stay""",Free Wi-Fi ; Free parking; Front desk [24-hour]; Airport transfer; Family room; Shared kitchen; Luggage storage; Rooftop area,https://www.agoda.com/okra-hoian/hotel/da-nang-vn.html,https://pix8.agoda.net/hotelImages/14498722/-1/70000872d7d23bbac83b62fadf7099c3.jpg?ce=0
77187803,L’Heritage Riverside Hoi An,4.0,34,Hotel,Hoi An,Cam Chau,1953085,9.3,698,95,"[10.0/10] adele (New Zealand, Solo traveler): ""Caring staff, cleanliness ++, divine scent throughout."" || [10.0/10] Skitgen (Germany, Couple): ""Just about everything! Staff were wonderfully attentive."" || [10.0/10] Michelle (Ireland, Couple): ""The rooms are beautiful and the bed and pillows arw so soft.""",Free Wi-Fi ; Pool with view; Free parking; Spa; Check-in [24-hour]; Restaurants; Bar; Massage,https://www.agoda.com/l-heritage-riverside-hoi-an/hotel/hoi-an-vn.html,https://pix8.agoda.net/hotelImages/77187803/0/4910330e0a9dd8c72fa3a16b970f7067.jpg?ce=3
56224814,Reu Boutique Hotel,4.0,34,Hotel,Hoi An,Cam Chau,3652929,9.4,1576,97,"[10.0/10] Jasmine (Canada, Couple): ""The hotel is beautiful with an even more beautiful view."" || [10.0/10] Charlotte (United Kingdom, Couple): ""The room was immaculate and stunning views from the balcony."" || [10.0/10] Kwan Tung Candy (Hong Kong SAR, China, Couple): ""EXCELLENT STAY!! The room is perfect, super comfy and clean.""",Beach; Free Wi-Fi ; Pool with view; Free parking; Spa; Front desk [24-hour]; Fitness center; Restaurants,https://www.agoda.com/reu-boutique-hotel/hotel/hoi-an-vn.html,https://pix8.agoda.net/hotelImages/56224814/-1/584ae8352d82c1c02d76959a3788cb3f.jpg?ce=0
1985131,Hoi An Canal House Riverside a Salve by Haviland,3.0,34,Hotel,Hoi An,Cẩm Phô,733195,8.6,763,,"[9.2/10] Bob (Canada, Couple): ""Hoi An Canal House has very clean spacious modern rooms."" || [9.2/10] Steven (Australia, Couple): ""Most comfortable bed and pillow we’ve had in some time!"" || [9.2/10] POA (Singapore, Couple): ""Thank you once again for making my stay so pleasant.""",Free Wi-Fi ; Swimming pool; Front desk [24-hour]; Airport transfer; Family room; Luggage storage; Garden; Tours,https://www.agoda.com/le-pavillon-hoi-an-central-villa/hotel/hoi-an-vn.html,https://pix8.agoda.net/hotelImages/198/1985131/1985131_17081507350055386674.jpg?ca=6&ce=1
79080981,Smart Garden Homestay,4.5,108,NonHotel,Hoi An,Cẩm Phô,,9.1,81,,"[10.0/10] LING LING (Taiwan, Group): ""Delicious breakfast for local noodle 100% love it 👍👍👍"" || [10.0/10] Oliver (Česká republika, Group): ""My room had a little terrace which was really nice."" || [10.0/10] Oliver (Česká republika, Group): ""The lady that manage the building was really helpful.""",Free Wi-Fi ; Free parking; Front desk [24-hour]; Restaurants; Massage; Airport transfer; Family room; Shared kitchen,https://www.agoda.com/smart-garden-homestay-hoi-an_2/hotel/hoi-an-vn.html,https://pix8.agoda.net/hotelImages/79080981/0/323a20b6b0d48e554cb57e21061543a5.jpg?ce=3
65269016,Ancient Town Hotel,4.0,34,Hotel,Hoi An,Cẩm Phô,1233874,9.0,914,85,"[10.0/10] Simon (Germany, Couple): ""They were very punctual and respected the times indicated."" || [10.0/10] Oliver (United Kingdom, Family with older children): ""Great pick up service and worth the few extra dollars."" || [8.8/10] Roman (Russia, Business traveler): ""What set this place apart was the exceptional service.""",Free Wi-Fi ; Swimming pool; Free parking; Spa; Front desk [24-hour]; Restaurants; Airport transfer; Family room,https://www.agoda.com/raon-hoian-gardenview/hotel/hoi-an-vn.html,https://pix8.agoda.net/hotelImages/65269016/0/0cb3fc1c1b91dba7d3ad3cacc68b07a5.jpg?ce=2
75864419,Dom Hostel Old Town Hoi An,3.5,108,NonHotel,Hoi An,Son Phong,,8.7,696,85,"[10.0/10] Noa (ישראל, Solo traveler): ""Good people, good service, delicious breakfast, clean place."" || [9.6/10] Annabelle (United Kingdom, Solo traveler): ""Very good and varied breakfasts, friendly and helpful staff."" || [10.0/10] Caner (Türkiye, Solo traveler): ""It’s also one of the cleanest hostels I have ever stayed in.""",Free Wi-Fi ; Car park; Spa; Check-in/out [express]; Fitness center; Yoga room; Massage; Airport transfer,https://www.agoda.com/dom-hostel-old-town-hoi-an/hotel/hoi-an-vn.html,https://q-xx.bstatic.com/xdata/images/hotel/max500/749244157.jpg?k=9af3979af822d0edce6844c88b49cf3f7572cab7387ad34805f84d038fe2aff6&o=
35957889,Mad Monkey Hoi An,0.0,33,Hotel,Hoi An,Cam Chau,,8.6,198,90,"[10.0/10] Dan (United States, Solo traveler): ""I really recommend that people check out this Mad Monkey."" || [9.2/10] Valentina (Indonesia, Solo traveler): ""Incredible facilities and even better vibes,"" || [9.6/10] Candelaria (Spain, Solo traveler): ""I definitely recommend this hostel for women solo traveling.""",Free Wi-Fi ; Swimming pool; Free parking; Front desk [24-hour]; Restaurants; Bar; Luggage storage; Garden,https://www.agoda.com/mad-monkey-hoi-an/hotel/h-i-an-vn.html,https://pix8.agoda.net/hotelImages/35957889/0/f2478daa30845d611dd2bd9238b4702e.jpg?ce=2
87071376,Unity Villa - Staycation,4.0,34,Hotel,Hoi An,Son Phong,,8.6,55,81,"[9.6/10] Christopher (Canada, Solo traveler): ""The bed was nice too, so I had a really great sleep here."" || [9.6/10] Christopher (Canada, Solo traveler): ""The staff are excellent and are very helpful too."" || [10.0/10] Kelly (Việt Nam, Couple): ""The atmosphere was cozy, peaceful, and exceptionally clean.""",Beach; Free Wi-Fi ; Pool with view; Car park; Check-in [24-hour]; Golf course (within 3 km); Airport transfer; Pool (kids),https://www.agoda.com/unity-villa-staycation/hotel/hoi-an-vn.html,https://pix8.agoda.net/hotelImages/87071376/0/f177ea7a36e0e94a45b73017670f4dbc.png?ce=3
1803429,Wyndham Garden Hoi An Cua Dai Beach,5.0,34,Hotel,Hoi An,Cửa Đại,1662033,9.0,2652,91,"[8.0/10] Vedaant (Hong Kong SAR, China, Couple): ""She was always approachable and handled all our issues well."" || [10.0/10] Nicole (Bangladesh, Family with older children): ""Breakfast buffet is delicious (especially the pastries.)"" || [9.2/10] Andrew (United Kingdom, Solo traveler): ""The chefs were very helpful and the food exceptionally good.""",Free Wi-Fi ; Swimming pool; Car park; Spa; Front desk [24-hour]; Fitness center; Restaurants; Bar,https://www.agoda.com/little-beach-hoi-an-a-boutique-hotel-spa/hotel/hoi-an-vn.html,https://pix8.agoda.net/hotelImages/1803429/0/384b65b3cb999056d709fcd7bcfd8b96.png?ce=3
16296813,Sam Sam Homestay Hoi An,3.0,108,NonHotel,Hoi An,Cẩm Phô,552618,8.9,96,,"[10.0/10] Freja Phillipsen (Denmark, Couple): ""One of our greatest hotel-experiences in Vietnam."" || [10.0/10] Hope (United States, Couple): ""Our room and bathroom were very clean and comfortable."" || [9.6/10] Jake (Australia, Solo traveler): ""A fantastic place to retire to after massive days in Hoi An!""",Free Wi-Fi ; Front desk [24-hour]; Massage; Airport transfer; Family room; Luggage storage; Tours; Laundry,https://www.agoda.com/sam-sam-homestay-hoi-an/hotel/hoi-an-vn.html,https://pix8.agoda.net/hotelImages/16296813/-1/391525e8bd68c662e8299d8534bf93b8.jpg?ce=0
66371126,Nesta Hoian Resort & Spa ,5.0,37,Hotel,Hoi An,Cam Chau,1827055,9.3,970,95,"[10.0/10] Emma (Australia, Couple): ""The staff are so friendly and always went the extra mile."" || [10.0/10] Mark (Australia, Solo traveler): ""Was blown away with nesta hoian will definitely book again."" || [10.0/10] Danielle (Australia, Couple): ""From the food , to the amazing staff and the amazing rooms.""",Beach; Free Wi-Fi ; Pool with view; Free parking; Front desk [24-hour]; Fitness center; Restaurants; Bar,https://www.agoda.com/lu-na-diamond-riverside-hotel_4/hotel/hoi-an-vn.html,https://pix8.agoda.net/hotelImages/66371126/0/0e81d05365319d174971cf675945c4bd.jpg?ce=3
89178269,"M Village Resort Riverbeach Hoi An, a brand of Modern Village Lifestyle ",5.0,34,Hotel,Hoi An,Cửa Đại,,9.4,85,95,"[10.0/10] Thu (Vietnam, Solo traveler): ""Next time when I visit Hoi An, I know where I would stay."" || [10.0/10] Thu (Vietnam, Solo traveler): ""Beautiful view of the river."" || [10.0/10] Thu (Vietnam, Solo traveler): ""Friendly staff.""",Free Wi-Fi ; Pool with view; Front desk [24-hour]; Fitness center; Restaurants; Airport transfer; Family room; Luggage storage,https://www.agoda.com/m-village-resort-riverbeach-h-i-an/hotel/hoi-an-vn.html,https://pix8.agoda.net/hotelImages/89178269/0/6ecb341a431d802f38ac12bae6cab9b5.png?ce=3
16375525,New World Hoiana Hotel,5.0,34,Hotel,Hoi An,Thang Binh,2798393,9.0,2402,92,"[10.0/10] Jade (Australia, Couple): ""The entire place is absolutely incredible and luxurious."" || [10.0/10] Hien Sam (Vietnam, Family with young children): ""Beautiful and well cleaned room, nice view to the ocean."" || [10.0/10] Han (Vietnam, Couple): ""My friend and i had an enjoyable 3 nights stay at the hotel.""",Private beach; Free Wi-Fi ; Pool with view; Free parking; Spa; Front desk [24-hour]; Fitness center; Restaurants,https://www.agoda.com/new-world-hoiana-hotel-and-residences/hotel/hoi-an-vn.html,https://pix8.agoda.net/hotelImages/16375525/-1/33df9e612b8f4514805e0f21235c891d.jpg?ce=0
3007182,Hoi An Canal House Riverside By Haviland,3.0,34,Hotel,Hoi An,Cẩm Phô,488225,8.2,842,,,Free Wi-Fi ; Swimming pool; Front desk [24-hour]; Airport transfer; Family room; Luggage storage; Balcony/terrace; Garden,https://www.agoda.com/hoi-an-canal-house_10/hotel/all/hoi-an-vn.html,https://q-xx.bstatic.com/xdata/images/hotel/max500/109917466.jpg?k=03c28a05d27922cbcec1e0da954de8ad6a245e9c141ddde3fb1af085bf788ead&o=
84897663,Son Tra Villa Hoi An - Quiet Pool Villa Near Old Town,4.0,34,Hotel,Hoi An,Thanh Ha,661137,8.6,118,85,"[9.6/10] Charlie (United Kingdom, Couple): ""The room was bright, immaculate and spacious."" || [9.6/10] Vanessa (Australia, Solo traveler): ""Great staff, great facilities! Definitely stay again!!"" || [9.2/10] Ethel (Australia, Family with older children): ""Internet is fast so it ticked all my boxes.""",Beach; Free Wi-Fi ; Swimming pool; Free parking; Front desk [24-hour]; Restaurants; Happy hour; Airport transfer,https://www.agoda.com/son-tra-villa-hoi-an-h84393490/hotel/hoi-an-vn.html,https://pix8.agoda.net/hotelImages/84897663/0/9f7c7e9f18d08b307ddd78013793f6bd.jpg?ce=3
39012886,iHome Hoi An,3.0,34,Hotel,Hoi An,Cam Nam,943364,9.1,2596,97,"[9.2/10] Ben (Canada, Solo traveler): ""The facilities are the best i’ve seen in vietnam so far."" || [10.0/10] Colm (United States, Solo traveler): ""Pool, bar, and housekeeping provided excellent service."" || [10.0/10] DongJae (대한민국, Solo traveler): ""All of staffs are so kind and I definitely come back again!""",Free Wi-Fi ; Swimming pool; Free parking; Spa; Front desk [24-hour]; Fitness center; Bar; Massage,https://www.agoda.com/ihome-hoi-an/hotel/all/hoi-an-vn.html,https://q-xx.bstatic.com/xdata/images/hotel/max500/604786055.jpg?k=b7e06d290bb8b8b9798a4743ff0665d0f81bd25bb4e9337a5766323de4b437bb&o=
63917222,Hoianese Quiet Old Town Hotel,0.0,34,Hotel,Hoi An,Cẩm Phô,1623950,9.7,1287,98,"[10.0/10] shruti (India, Solo traveler): ""Leaving was honestly much harder than I expected."" || [10.0/10] shruti (India, Solo traveler): ""It was such a small gesture, but it meant so much to me."" || [10.0/10] claudia (Italia, Solo traveler): ""Also the breakfast and the room were perfect""",Free Wi-Fi ; Airport transfer; Luggage storage; Breakfast takeaway service; Tours; Laundry; Safety deposit boxes; Bicycles,https://www.agoda.com/hoianese-old-town-boutique-hotel/hotel/hoi-an-vn.html,https://pix8.agoda.net/hotelImages/63917222/0/e08b616e1fbbd01c6b15ffabc98605d8.jpg?ce=0
46749251,Dom Hostel and Bar,0.0,33,Hotel,Hoi An,Son Phong,,8.9,199,88,"[10.0/10] Tim (Vietnam, Solo traveler): ""I will be booking here again when I go back down to Hoi An."" || [10.0/10] Davide (Italia, Solo traveler): ""Anna and Ben are best hosts you could ever find in Vietnam!"" || [9.6/10] Hannah (Deutschland, Solo traveler): ""If you have any need ask and they try their best to help.""",Beach; Free Wi-Fi ; Free parking; Spa; Front desk [24-hour]; Bar; Airport transfer; Shared kitchen,https://www.agoda.com/dom-hostel-and-bar/hotel/hoi-an-vn.html,https://pix8.agoda.net/hotelImages/46749251/0/764269544d9356cbb8703a01761c64df.jpeg?ce=0
88966251,Old Lane Homestay Hoian,3.0,34,Hotel,Hoi An,Son Phong,,10.0,2,,,Free Wi-Fi ; Free parking; Front desk [24-hour]; Airport transfer; Family room; Balcony/terrace; Garden; Tours,https://www.agoda.com/old-lane-homestay/hotel/hoi-an-vn.html,https://pix8.agoda.net/hotelImages/88966251/0/898c5cfbdc0bef43b7a50637b7f2bbb5.jpg?ce=3
52499134,Harmony Old Town Hostel & Pool Bar,3.0,34,Hotel,Hoi An,Cẩm Phô,354218,8.9,643,86,"[10.0/10] Jonty (Thailand, Couple): ""The staff were amazing, they helped me book everything."" || [9.2/10] Regine M (Philippines, Solo traveler): ""If time permits, this is where I opt to stay at Hoi An."" || [10.0/10] Yuli (Indonesia, Solo traveler): ""Good breakfast, clean room and toilet, friendly staff.""",Free Wi-Fi ; Swimming pool; Free parking; Front desk [24-hour]; Restaurants; Bar; Water sports; Airport transfer,https://www.agoda.com/harmony-old-town-hostel-pool-bar/hotel/hoi-an-vn.html,https://pix8.agoda.net/hotelImages/52499134/0/c29782db09cf93ddfbf61061b34f7373.jpg?ce=0
7023976,Hoi An Fairy Garden Villa,2.0,34,Hotel,Hoi An,Cam Nam,393857,9.1,770,92,"[10.0/10] Nathanael (United Kingdom, Couple): ""The host vincent and daisy were great friendly host."" || [9.2/10] Sarah (Australia, Couple): ""Set in a lovely garden and the pool was clean and cool."" || [9.2/10] Sarah (Australia, Couple): ""Vincent the manager was really nice and very helpful.""",Beach; Free Wi-Fi ; Swimming pool; Free parking; Front desk [24-hour]; Restaurants; Golf course (within 3 km); Water park,https://www.agoda.com/fairy-garden-villa/hotel/hoi-an-vn.html,https://pix8.agoda.net/hotelImages/7023976/-1/dda639f24c86677ce04d7582e143b0d5.jpg?ce=0
45941857,Cozy An Boutique Hotel Hoian,4.0,34,Hotel,Hoi An,Cam Chau,2145542,9.4,4501,95,"[10.0/10] Wilson (Malaysia, Group): ""They immediately went above and beyond to help me."" || [10.0/10] Woay Hoong (Malaysia, Family with older children): ""Our room was clean, comfortable, and beautifully maintained."" || [10.0/10] Hector (Australia, Couple): ""Professional and friendly. Always greeting us with a smile.""",Free Wi-Fi ; Pool with view; Free parking; Spa; Front desk [24-hour]; Fitness center; Restaurants; Bar,https://www.agoda.com/cozy-an-boutique-hoian-hotel/hotel/hoi-an-vn.html,https://pix8.agoda.net/hotelImages/45941857/0/6b0b62a356af01cb46b98d182ec9ac49.png?ce=3
6207508,The Pearl Hoi An,5.0,34,Hotel,Hoi An,Cam An,4649352,8.4,5005,84,"[10.0/10] Olivia (Australia, Couple): ""Best of all the staff were so incredibly helpful and kind."" || [10.0/10] Chris (Canada, Group): ""Of our 4 country tour, this was by far our favorite stay."" || [10.0/10] david (Thailand, Couple): ""We extended our stay twice because it was too good to leave.""",Private beach; Free Wi-Fi ; Pool with view; Free parking; Spa; Front desk [24-hour]; Fitness center; Restaurants,https://www.agoda.com/the-pearl-hoi-an/hotel/hoi-an-vn.html,https://pix8.agoda.net/hotelImages/6207508/-1/d98b6733fc8fb26d31a509d1ef60e542.jpg?ce=0
87880062,Hoi An Hostel & Bar,3.0,33,Hotel,Hoi An,Cẩm Phô,,8.7,46,85,"[10.0/10] rajeev (India, Solo traveler): ""An amazing hostel and one of the best places to stay"" || [7.6/10] chia (Malaysia, Solo traveler): ""Clean, friendly staff, good location, 5 minutes to old town."" || [8.0/10] Wasim (India, Solo traveler): ""If you need calm peace environment go here""",Free Wi-Fi ; Free parking; Spa; Front desk [24-hour]; Restaurants; Bar; Airport transfer; Family room,https://www.agoda.com/hoi-an-old-town-hostel-bar/hotel/hoi-an-vn.html,https://pix8.agoda.net/hotelImages/87880062/0/520fbea3204d669568c0783feec51d84.jpg?ce=3
72420229,Old Town Hotel - 6 minute walk to the Japanese Bridge,4.0,34,Hotel,Hoi An,Cẩm Phô,1534659,8.7,126,,"[10.0/10] Daniela (Vietnam, Family with older children): ""Far from the noise of town, near to all attractions."" || [10.0/10] Mario (Australia, Family with young children): ""Overall, an incredible team and a fantastic place to stay."" || [8.4/10] Amelia (Singapore, Couple): ""Good location as we could walk to the Ancient Town.""",Free Wi-Fi ; Swimming pool; Free parking; Spa; Front desk [24-hour]; Restaurants; Massage; Airport transfer,https://www.agoda.com/old-town-hotel/hotel/hoi-an-vn.html,https://pix8.agoda.net/hotelImages/72420229/0/cfde934217d5baf6b9219e79468f98dc.jpg?ce=3
33923863,Cam An Houses,3.5,131,NonHotel,Hoi An,Cam An,510109,9.7,44,100,"[10.0/10] Amy (United States, Solo traveler): ""Such lovely hosts and a beautiful spacious room."" || [9.6/10] Miroslav (Vietnam, Couple): ""Book their Best room,it' spacious and comfortable !"" || [10.0/10] Amy (United States, Solo traveler): ""On a side street to many restaurants, bars, massage places.""",Free parking; Airport transfer; Balcony/terrace; Garden; Tours; Wi-Fi [portable rental]; Laundromat nearby; Locker,https://www.agoda.com/bluesand-an-bang-homestay-deluxe-double-balcony/hotel/hoi-an-vn.html,https://pix8.agoda.net/hotelImages/37289852/0/6a26dc6f20d7e916e42b7705f2688fa9.jpg?ce=0
31037064,Little Oasis . An Eco Friendly Hotel & Spa,5.0,34,Hotel,Hoi An,Cam Chau,3647810,9.4,2791,96,"[10.0/10] Elvira (Вьетнам, Solo traveler): ""It is the right place to discover and enjoy local cuisine."" || [9.6/10] Willem (Netherlands, Group): ""I think this was the best hotel during our 4 week trip."" || [10.0/10] Elvira (Вьетнам, Solo traveler): ""This has been one of my best stays in Vietnam so far.""",Private beach; Free Wi-Fi ; Pool with view; Free parking; Spa; Front desk [24-hour]; Fitness center; Restaurants,https://www.agoda.com/little-oasis-a-luxury-hotel-spa/hotel/hoi-an-vn.html,https://pix8.agoda.net/hotelImages/31037064/0/7e71688b0c95328553d3556495c850e7.jpg?ce=3
35133694,Hoi An Delicacy Hotel & Spa,4.0,34,Hotel,Hoi An,Cẩm Phô,2456676,9.4,1725,94,"[10.0/10] Stephanie (United States, Group): ""Beautiful rooms and service tht makes you feel like royalty."" || [10.0/10] Thdo (South Korea, Solo traveler): ""Hotel itself is really new therefore also clean facilities."" || [10.0/10] Jia Jin (Malaysia, Family with young children): ""Our stay at this hotel was nothing short of extraordinary.""",Free Wi-Fi ; Swimming pool; Free parking; Spa; Front desk [24-hour]; Restaurants; Bar; Massage,https://www.agoda.com/hoian-delicacy-hotel-spa/hotel/h-i-an-vn.html,https://pix8.agoda.net/hotelImages/35133694/0/8e09cd707112cec97d5421560d265a6f.jpg?ce=2
32187167,Hoi An Legend Charm Boutique Hotel,3.0,34,Hotel,Hoi An,Cam Nam,923017,8.9,1337,87,"[10.0/10] Rachaellee (Australia, Solo traveler): ""The breakfast was included in the price and it is delicious."" || [10.0/10] Klaus (New Zealand, Couple): ""Great pool, super friendly and helpful, large rooms and beds"" || [10.0/10] Alice (United Kingdom, Couple): ""Staff were attentive and helpful, enhancing the experience.""",Beach; Free Wi-Fi ; Swimming pool; Free parking; Spa; Restaurants; Airport transfer; Pool (kids),https://www.agoda.com/legend-hotel/hotel/hoi-an-vn.html,https://pix8.agoda.net/hotelImages/32187167/-1/b37c6671e992a9a878c8b8e6f0d8513f.jpg?ce=0
38471593,Soleil by Soluna - A Charming Touch of Hoi An’s Heritage - formerly Hoi An Babylon Riverside,5.0,34,Hotel,Hoi An,Cam Chau,1693148,8.9,368,89,"[10.0/10] Taylor (United Kingdom, Couple): ""The food in the restaurant was always very tasty too."" || [10.0/10] Rob (Canada, Group): ""The staff was very eager to make sure we had a great stay."" || [9.6/10] Winson (Malaysia, Couple): ""Everything was great and the hotel staffs are very helpful""",Internet access; Spa; Restaurants; Bar; Shuttle service; Luggage storage; Poolside bar; Rooftop area,https://www.agoda.com/hoi-an-babylon-riverside-hotel-spa/hotel/hoi-an-vn.html,https://pix8.agoda.net/hotelImages/38471593/0/41e053ae1f3719498455dec135fa6700.jpg?ce=3
23386076,Nam Hoi Homestay,0.0,32,Hotel,Hoi An,Minh An,426905,9.2,157,93,"[10.0/10] Nina (France, Solo traveler): ""Location is perfect, 1min away from the night market."" || [10.0/10] Hernila (Philippines, Couple): ""It was an excellent stay at Nam Hoi Homestay for 2 nights."" || [10.0/10] Josefina (Philippines, Couple): ""The room was clean, spacious, and very comfortable.""",Free Wi-Fi ; Free parking; Airport transfer; Family room; Luggage storage; Balcony/terrace; Garden; Breakfast takeaway service,https://www.agoda.com/nam-hoi-homestay/hotel/all/hoi-an-vn.html,https://q-xx.bstatic.com/xdata/images/hotel/max500/369801457.jpg?k=02630ea7c7570d046644db49dbe92e43f26616b95d46e963004fb3afffb2ddc5&o=
33907372,Backhome Boutique Old Town Hoi An,0.0,34,Hotel,Hoi An,Cẩm Phô,,9.5,46,93,"[10.0/10] Beruta (Australia, Couple): ""I would highly recommend this place to friends & family."" || [9.2/10] Lee soon (South Korea, Solo traveler): ""A wonderful hostel in  this asia or world."" || [10.0/10] Alexander (Germany, Group): ""Amazing staff, clean rooms and a good breakfast included.""",Free Wi-Fi ; Swimming pool; Airport transfer; Luggage storage; Balcony/terrace; Garden; Breakfast; Room service,https://www.agoda.com/backhome-hotel/hotel/hoi-an-vn.html,https://pix8.agoda.net/hotelImages/33907372/0/773938882119de03841e49af8909b17d.jpg?ce=3
68290800,Calla Hotel - 4 minute walk to the Ancient Town,3.0,34,Hotel,Hoi An,Cẩm Phô,1022227,9.3,666,92,"[10.0/10] Lucas (Italia, Group): ""I only gave 5 stars because giving 6 stars isn't an option."" || [10.0/10] Louis (Philippines, Couple): ""Even had an emergency but the staff were so attentive."" || [10.0/10] Josh (United Kingdom, Couple): ""The location is ideal just 5 minute walk to old town.""",Free Wi-Fi ; Swimming pool; Free parking; Front desk [24-hour]; Restaurants; Massage; Airport transfer; Pool (kids),https://www.agoda.com/raon-old-quarter-hotel/hotel/hoi-an-vn.html,https://pix8.agoda.net/hotelImages/68290800/0/d400b5955bdd8e5344588b90c4779a62.jpg?ce=2
12775419,The Night Market Villa Hoi An,0.0,-1,Hotel,Hoi An,Cẩm Phô,,9.1,239,95,"[10.0/10] Legacy (United States, Solo traveler): ""Whenever I'm back in Hoi An this is now my go-to staycation."" || [10.0/10] muhd najdi (Singapore, Couple): ""Nice home villa, spacious, lovely friendly staffs and owner"" || [9.6/10] Omer (ישראל, Couple): ""The host was very nice and explained us about everything.""",Free Wi-Fi ; Pool with view; Free parking; Spa; Front desk [24-hour]; Fitness center; Restaurants; Bar,https://www.agoda.com/the-night-market-villa-hoi-an/hotel/hoi-an-vn.html,https://pix8.agoda.net/hotelImages/12775419/0/6370d003990fa00062564daf891bae33.jpeg?ce=0
161820,Thanh Binh Central Hotel,3.5,34,Hotel,Hoi An,Cẩm Phô,765552,8.1,1647,81,"[10.0/10] Jo (Italia, Solo traveler): ""Had a great stay at this super value for money accommodation"" || [10.0/10] Thien (Australia, Couple): ""Very friendly staff, well priced, very convenient location."" || [7.2/10] TAN (Vietnam, Group): ""Next to Hoi An old town, I can walk to old town 10 mins.""",Free Wi-Fi ; Swimming pool; Front desk [24-hour]; Restaurants; Happy hour; Airport transfer; Family room; Luggage storage,https://www.agoda.com/thanh-binh-iii-hotel/hotel/hoi-an-vn.html,https://pix8.agoda.net/hotelImages/161820/-1/9dbc4c51594813984b92a708f2d2f65e.png?ca=10&ce=1
21727448,Hoi An Memories Resort & Spa,5.0,37,Hotel,Hoi An,Cam Nam,4314671,9.2,2746,94,"[10.0/10] Vanessa-Marie (Australia, Couple): ""Great hotel with the peace and tranquility of Hoi An."" || [8.4/10] Timothy (United Kingdom, Family with young children): ""Very friendly staff overall with reasonable English skills."" || [10.0/10] Rey (Singapore, Family with young children): ""We felt well cared for throughout our short stay.""",Free Wi-Fi ; Swimming pool; Free parking; Spa; Front desk [24-hour]; Fitness center; Restaurants; Bar,https://www.agoda.com/hoi-an-memories-resort-and-spa/hotel/hoi-an-vn.html,https://pix8.agoda.net/hotelImages/21727448/-1/695851e81ca4db44c2dd99b6ee85a356.jpg?ce=0
294023,Loc Phat Hoi An Homestay Villa,5.0,108,NonHotel,Hoi An,Cam Chau,434033,9.1,796,93,"[9.2/10] Sophie (United Kingdom, Solo traveler): ""Location is good, only a 20 minute walk to the old town."" || [9.6/10] Anthony (United Kingdom, Solo traveler): ""I fully intend to spend more time here after my travels"" || [9.6/10] Ana Paula (Brazil, Solo traveler): ""Linh and all the staffs are really helpful and nice.""",Free Wi-Fi ; Free parking; Spa; Front desk [24-hour]; Restaurants; Bar; Yoga room; Golf course,https://www.agoda.com/loc-phat-hoi-an-homestay-villa/hotel/hoi-an-vn.html,https://pix8.agoda.net/hotelImages/294023/-1/e81f5feb31d55cdb67321661c499fb30.jpg?ce=0
1186354,Lasenta Boutique Hotel Hoian,0.0,34,Hotel,Hoi An,Cam Chau,1982987,9.1,5815,96,"[10.0/10] Kayla (Australia, Couple): ""Gorgeous hotel in a great location for a great price."" || [10.0/10] Leonardo thiago (Japão, Couple): ""What really stood out was the exceptional customer service."" || [10.0/10] Pedram (Deutschland, Solo traveler): ""One of the best hotels during my long Asia Trip.""",Free Wi-Fi ; Pool with view; Free parking; Spa; Front desk [24-hour]; Fitness center; Restaurants; Bar,https://www.agoda.com/lasenta-boutique-hotel-hoian/hotel/hoi-an-vn.html,https://pix8.agoda.net/hotelImages/1186354/-1/02a4f8aa1daaf0148394a3f8f0cef8da.jpg?ce=0
67270192,Mandala Couple Signature,5.0,29,NonHotel,Phan Thiet,Mui Ne,,9.6,255,95,"[10.0/10] Telisea (France, Couple): ""Fully equipped room, clean pool, even a kids’ area."" || [8.0/10] Yamal (Spain, Couple): ""The room was cozy, clean, and had excellent air circulation."" || [10.0/10] Telisea (France, Couple): ""Located in the heart of the city—super convenient.""",Private beach; Free Wi-Fi ; Pool with view; Free parking; Spa; Front desk [24-hour]; Fitness center; Restaurants,https://www.agoda.com/ocean-mandala-retreat-apec-mui-ne/hotel/phan-thiet-vn.html,https://pix8.agoda.net/hotelImages/67270192/-1/79e13c013b928a2d5b39cfc161002bc5.jpg?ce=0
253958,Palette Muine Boutique Hotel Near Mui Ne Beach,3.0,34,Hotel,Phan Thiet,Mui Ne,1358087,7.1,1394,81,"[10.0/10] Duy (Vietnam, Family with older children): ""Overall, really good price for a cozy stay."" || [8.4/10] Harriet (Vietnam, Couple): ""Our room was very clean and spacious."" || [10.0/10] Duy (Vietnam, Family with older children): ""Best budget family hotel in Phan Thiet""",Free Wi-Fi ; Swimming pool; Free parking; Front desk [24-hour]; Restaurants; Family room; Luggage storage; Garden,https://www.agoda.com/muine-boutique/hotel/phan-thiet-vn.html,https://pix8.agoda.net/hotelImages/253958/0/0dce4d0f0c3e1caac23a47e42c592889.jpg?ce=3
33601471,Sea Lion Beach Resort Mui Ne,4.0,37,Hotel,Phan Thiet,Mui Ne,1893020,8.1,1278,,"[10.0/10] Aaron (Vietnam, Couple): ""An absolutely beautiful hotel and the staff are friendly."" || [10.0/10] Mike (Canada, Group): ""Many areas to sit and the best beach access in the area."" || [8.4/10] Ivona (Vietnam, Family with young children): ""The location was really good, at the beach.""",Private beach; Free Wi-Fi ; Swimming pool; Free parking; Front desk [24-hour]; Restaurants; Bar; Water sports,https://www.agoda.com/sea-lion-beach-resort-spa-h27937846/hotel/phan-thiet-vn.html,https://pix8.agoda.net/hotelImages/33601471/0/7a688cf925736350577995b33ae88c33.jpg?ce=3
37871271,RUBENS BOUTIQUE HOTEL,3.0,34,Hotel,Phan Thiet,Phú Thủy,866326,9.3,2984,96,"[10.0/10] Nhu (Vietnam, Family with young children): ""Nothing much to say but this hotel is a great choice"" || [9.2/10] Erik (Singapore, Family with older children): ""We booked Rubens Boutique for my big family of 10+ rooms."" || [10.0/10] Tuan (Vietnam, Couple): ""The staff is friendly and accommodative to our requests.""",Free Wi-Fi ; Free parking; Front desk [24-hour]; Restaurants; Bar; Family room; Rooftop area; Balcony/terrace,https://www.agoda.com/rubens-boutique-hotel/hotel/phan-thiet-vn.html,https://pix8.agoda.net/hotelImages/37871271/-1/95afe99dc39499b0afb27618eb7b2066.jpg?ce=0
36476200,The Anam Mui Ne,5.0,37,Hotel,Phan Thiet,Mui Ne,8532737,9.3,3864,95,"[10.0/10] Lydia (Australia, Family with older children): ""2 swimming pools with heaps of deck chairs to sit and relax."" || [10.0/10] Mantas (Norway, Couple): ""Everything feels authentic, cozy, and very well thought out."" || [10.0/10] Pei (Singapore, Solo traveler): ""They upgraded for me for the last night when it’s available.""",Private beach; Free Wi-Fi ; Pool with view; Free parking; Spa; Front desk [24-hour]; Fitness center; Restaurants,https://www.agoda.com/the-anam-mui-ne/hotel/ap-thien-phuoc-vn.html,https://pix8.agoda.net/hotelImages/36476200/-1/42e229660d003b4be447017ba5b8aaf1.jpg?ce=0
50121906,1991 Hotel Phan Thiết,2.0,34,Hotel,Phan Thiet,Phú Thủy,,7.6,101,,,Beach; Free Wi-Fi ; Free parking; Front desk [24-hour]; Restaurants; Family room; Balcony/terrace; Room service,https://www.agoda.com/1991-hotel-phan-thi-t/hotel/phan-thiet-vn.html,https://pix8.agoda.net/hotelImages/50121906/0/0beec55df43e74a41bccc1db4e175956.jpg?ce=0
32182588,Vipol Mui Ne Hotel & Spa,4.0,34,Hotel,Phan Thiet,Mui Ne,2320218,9.2,3532,94,"[10.0/10] Kimberley (United Kingdom, Couple): ""Our junior suite and it was totally stunning."" || [10.0/10] Choi (베트남, Couple): ""Every single staff member was incredibly kind and welcoming."" || [10.0/10] SHADYA (Morocco, Solo traveler): ""WiFi is great, Tv also with a lot of channels from abroad.""",Beach; Free Wi-Fi ; Pool with view; Free parking; Spa; Front desk [24-hour]; Fitness center; Restaurants,https://www.agoda.com/vipol-muine/hotel/phan-thiet-vn.html,https://pix8.agoda.net/hotelImages/32182588/-1/365f8805b07a103c56d3c412f474fadc.jpg?ce=0
30196571,Radisson Resort Phan Thiet,4.0,34,Hotel,Phan Thiet,Tien Thanh,3444185,9.1,3177,91,"[10.0/10] Hoàng (Việt Nam, Family with young children): ""It is very spacious, comfortable, surrounded by a garden."" || [9.2/10] Utku (Türkiye, Couple): ""Overall, we enjoyed our stay and would recommend this hotel."" || [9.6/10] Fernand (Vietnam, Solo traveler): ""Breakfast is the best so far during my trip,at a price!""",Private beach; Free Wi-Fi ; Pool with view; Free parking; Spa; Front desk [24-hour]; Fitness center; Restaurants,https://www.agoda.com/radisson-resort-phan-thiet/hotel/phan-thiet-vn.html,https://pix8.agoda.net/hotelImages/30196571/-1/35f58fe62121e66c422992b9327210d6.jpg?ce=0
34768604,Movenpick Resort Phan Thiet,5.0,34,Hotel,Phan Thiet,Tien Thanh,3686055,8.7,3607,82,"[10.0/10] Tan (Vietnam, Solo traveler): ""The facilities, staff, comfort, details, etc."" || [9.2/10] jung (대한민국, Family with young children): ""But my family including myself enjoy the time there so much."" || [10.0/10] Terezia (Vietnam, Family with young children): ""We had a lovely long weekend break at Movenpick, Phan Thiet.""",Beach; Free Wi-Fi ; Pool with view; Free parking; Spa; Front desk [24-hour]; Fitness center; Restaurants,https://www.agoda.com/movenpick-resort-phan-thiet/hotel/phan-thiet-vn.html,https://pix8.agoda.net/hotelImages/34768604/0/94a5dcc0a98c9d528aa7c175f1898d81.jpg?ce=2
48362,Pandanus Resort,4.5,37,Hotel,Phan Thiet,Mui Ne,2749493,8.9,5253,93,"[9.2/10] Thilakshi (Sri Lanka, Family with young children): ""Garden area facing the beach was beautiful and relaxing."" || [10.0/10] Thanh (Canada, Family with young children): ""The resort and its facilities are great and well-maintained."" || [10.0/10] HOANG PHUONG (Canada, Couple): ""It’s a perfect place to rest and enjoy the beauty of Mũi Né.""",Private beach; Free Wi-Fi ; Pool with view; Free parking; Spa; Front desk [24-hour]; Fitness center; Restaurants,https://www.agoda.com/pandanus-resort_19/hotel/phan-thiet-vn.html,https://pix8.agoda.net/hotelImages/48362/0/4fca5f32e2aaf7b3bd46708a3b4ac9b5.jpg?ce=3
23780986,Centara Mirage Resort Mui Ne,5.0,37,Hotel,Phan Thiet,Mui Ne,6118526,8.6,11854,,"[9.6/10] Maxim (Russia, Family with young children): ""We booked a private pool villa, and it was fantastic."" || [9.6/10] Maxim (Russia, Family with young children): ""The territory and facilities are impressive."" || [10.0/10] Miaka (Việt Nam, Family with young children): ""All is perfect from room, service, landscape to area.""",Beach; Free Wi-Fi ; Pool with view; Free parking; Spa; Front desk [24-hour]; Fitness center; Restaurants,https://www.agoda.com/centara-mirage-resort-mui-ne/hotel/phan-thiet-vn.html,https://pix8.agoda.net/hotelImages/23780986/0/cad9f3d9a82f1c7b948ac97d6b30e7c1.jpg?ce=0
149149,Le' VIVA Resort Mũi Né,4.0,37,Hotel,Phan Thiet,Mui Ne,2836555,8.6,2952,83,"[10.0/10] Gemma (New Zealand, Couple): ""The staff kindly upgraded us to a villa which was amazing."" || [8.4/10] Susan (United States, Family with older children): ""While the rooms are very basis the facilities are excellent."" || [10.0/10] Michaiah (Philippines, Group): ""This is truly one of the best hotels I’ve ever stayed at.""",Private beach; Free Wi-Fi ; Pool with view; Free parking; Spa; Front desk [24-hour]; Restaurants; Bar,https://www.agoda.com/hai-au-mui-ne-beach-resort-spa/hotel/phan-thiet-vn.html,https://pix8.agoda.net/hotelImages/149149/0/d3243c54613061fc582921d2f3c4b90f.png?ce=3
80170830,Amigo Sol Phan Thiet,4.0,37,Hotel,Phan Thiet,Ham Thuan Nam,2282167,9.1,66,91,"[10.0/10] Sam (Vietnam, Family with young children): ""Friendly staff,  spacious public areas, quiet and greenery."" || [9.6/10] Robert (United States, Solo traveler): ""The staff was great, they provided top notch service."" || [9.6/10] Robert (United States, Solo traveler): ""Don't hesitate to book your stay at Amigo Sol.""",Private beach; Free Wi-Fi ; Pool with view; Free parking; Spa; Front desk [24-hour]; Restaurants; Bar,https://www.agoda.com/costamigo/hotel/phan-thiet-vn.html,https://pix8.agoda.net/hotelImages/80170830/0/fa6e65093d57dd91c366b9efc991d2ee.jpg?ce=3
66811298,Rainbow Beach Mũi Né - Homestay & Coffee,5.0,108,NonHotel,Phan Thiet,Mui Ne,877449,8.3,535,86,"[9.6/10] Aung Khant (Vietnam, Couple): ""Really familiar staff and the best location of the mui ne"" || [8.8/10] Coral (United States, Solo traveler): ""Extended an extra night cause I didn’t want to leave."" || [9.6/10] Florian (Österreich, Solo traveler): ""Besides that you get a great bang for the buck!""",Private beach; Free Wi-Fi ; Pool with view; Free parking; Front desk [24-hour]; Restaurants; Bar; Water sports,https://www.agoda.com/rainbow-beach-mui-ne-homestay-coffee/hotel/phan-thiet-vn.html,https://pix8.agoda.net/hotelImages/66811298/0/0cd0a23c6610c361d0e2e72e32c62c6f.jpg?ce=0
42071345,Wanderlust Hotel,0.0,34,Hotel,Phan Thiet,Mui Ne,595645,9.1,1911,93,"[10.0/10] Ting (泰国, Solo traveler): ""The room was very comfortable and exactly the style I like."" || [10.0/10] Rock (Canada, Couple): ""Was so accommodating when my girlfriend and I checked in."" || [9.6/10] Irene (United States, Solo traveler): ""3 minutes walk to the beach, close to shops and restaurants.""",Beach; Free Wi-Fi ; Swimming pool; Free parking; Front desk [24-hour]; Family room; Room service; Non-smoking rooms,https://www.agoda.com/wanderlust-hotel/hotel/phan-thiet-vn.html,https://pix8.agoda.net/hotelImages/42071345/0/521dc980aa0c9d9b037ecb7be31426c1.jpeg?ce=0
50121979,1991 Boutique Hotel Phan Thiết,2.0,34,Hotel,Phan Thiet,Phú Thủy,237947,8.2,293,,"[8.4/10] M Morris S (Thailand, Solo traveler): ""1991, was an Excellent place!"" || [8.4/10] M Morris S (Thailand, Solo traveler): ""In short, can Highly recommend it!"" || [10.0/10] Freddie (Vietnam, Couple): ""Excellent!""",Beach; Free Wi-Fi ; Free parking; Front desk [24-hour]; Restaurants; Shuttle service; Kid's club; Balcony/terrace,https://www.agoda.com/1991-boutique-hotel-phan-thi-t/hotel/phan-thiet-vn.html,https://pix8.agoda.net/hotelImages/50121979/0/904a91ef7260e8207f6eeeef5ddb5179.jpg?ce=0
736941,Muong Thanh Holiday Mui Ne Hotel,4.0,34,Hotel,Phan Thiet,Mui Ne,1288232,8.0,5525,,"[9.6/10] Egle-Riin (Eesti, Solo traveler): ""Very nice hotel with friendly staff and comfortable rooms."" || [9.6/10] Jarle (Norge, Group): ""The poolerea, espessially the pool itself is wonderful."" || [8.8/10] Tran (Vietnam, Family with older children): ""The best thing about this hotel is the swimming pool.""",Private beach; Free Wi-Fi ; Swimming pool; Free parking; Spa; Front desk [24-hour]; Fitness center; Restaurants,https://www.agoda.com/muong-thanh-holiday-mui-ne-hotel/hotel/phan-thiet-vn.html,https://pix8.agoda.net/hotelImages/736/736941/736941_15092916450036499573.jpg?ca=5&ce=1
25401851,iHome Backpacker Resort - The iHome Original,0.0,33,Hotel,Phan Thiet,Mui Ne,,8.5,1058,94,"[7.6/10] Ian (Australia, Solo traveler): ""As a resort everything you require is taken care of..."" || [8.4/10] Pham (Vietnam, Family with young children): ""Very best choice for solo traveller"" || [10.0/10] yeyint (Thailand, Solo traveler): ""IHome Mui Ne was the best backpacker hostel ever I have benn""",Private beach; Free Wi-Fi ; Pool with view; Spa; Front desk [24-hour]; Bar; Water sports; Yoga room,https://www.agoda.com/ihome-backpacker-resort-the-ihome-original/hotel/ap-thien-phuoc-vn.html,https://q-xx.bstatic.com/xdata/images/hotel/max500/572015390.jpg?k=655f1960a4fdf577ab7b6753ea848b072d7c88ef413183a5528ed919ffe6308b&o=
344574,The Cliff Resort and Residences,4.0,37,Hotel,Phan Thiet,Mui Ne,3969961,9.0,7486,92,"[10.0/10] MARK (United States, Group): ""The delicious breakfast was a delightful start to each day,"" || [9.6/10] Andres (Vietnam, Couple): ""Desing and size are completely perfect for a weekend escape!"" || [10.0/10] MARK (United States, Group): ""Highly recommend for a memorable and comfortable stay!""",Private beach; Free Wi-Fi ; Pool with view; Free parking; Spa; Front desk [24-hour]; Fitness center; Restaurants,https://www.agoda.com/the-cliff-resort-and-residences/hotel/phan-thiet-vn.html,https://pix8.agoda.net/hotelImages/344574/0/97244b178a0566ee316b1fb5846a13ac.jpg?ce=2
10137027,Yurii Hotel,2.0,34,Hotel,Phan Thiet,Phú Thủy,770088,8.5,621,84,"[10.0/10] X (Vietnam, Family with older children): ""Our stay at the Yurii Hotel was exceptional in every aspect."" || [10.0/10] X (Vietnam, Family with older children): ""We highly recommend the Yurii Hotel for a wonderful stay."" || [8.0/10] Thanh (Vietnam, Family with young children): ""The room is clean, the staff is supportive and helpful.""",Beach; Free Wi-Fi ; Free parking; Front desk [24-hour]; Bar; Airport transfer; Kitchen; Luggage storage,https://www.agoda.com/yurii-hotel/hotel/ap-nhon-duc-vn.html,https://pix8.agoda.net/hotelImages/10137027/-1/a648fac4591d5f20c7ac014694d6ff9d.jpg?ca=9&ce=1
67116959,The Apec Mandala Ocean View Mui Ne - Condotel  ,5.0,29,NonHotel,Phan Thiet,Mui Ne,932316,7.9,628,,"[9.2/10] Daniel (Austria, Couple): ""Pools were awesome, everything was included in the room fee."" || [9.2/10] Daniel (Austria, Couple): ""All in all we would definitely visit again."" || [9.2/10] Daniel (Austria, Couple): ""We stayed 2 nights in a sea view double room.""",Private beach; Free Wi-Fi ; Pool with view; Free parking; Spa; Front desk [24-hour]; Fitness center; Restaurants,https://www.agoda.com/the-apec-mandala-ocean-view-condotel/hotel/phan-thiet-vn.html,https://pix8.agoda.net/hotelImages/67116959/0/4f9a558363acca0060b5cdbcd4ab167b.jpg?ce=0
64060008,Amana Boutique Hotel - Phan Thiet,3.0,34,Hotel,Phan Thiet,Phú Thủy,1587913,9.1,482,90,"[10.0/10] Cuong (Vietnam, Solo traveler): ""The best friendly staff and allow me to free upgrade room."" || [10.0/10] Vi (Canada, Family with young children): ""Great Location: The hotel's central location is perfect."" || [10.0/10] Vi (Canada, Family with young children): ""Overall, we had a fantastic and memorable stay.""",Free Wi-Fi ; Free parking; Front desk [24-hour]; Restaurants; Family room; Luggage storage; Laundry; Non-smoking rooms,https://www.agoda.com/amana-hotel-phan-thiet/hotel/phan-thiet-vn.html,https://pix8.agoda.net/hotelImages/64060008/0/ff5a887d46f9c5c3a35a1632da90b563.png?ce=2
288404,Khách Sạn Hoàng Long Phan Thiết,3.0,34,Hotel,Phan Thiet,Phú Thủy,1005184,8.8,1257,95,"[10.0/10] Soi (Canada, Solo traveler): ""One of the best in town absolutely will come back to stay"" || [10.0/10] anthony (United States, Couple): ""Great locations, nice staff, clean room, and soft bed.."" || [8.4/10] Viet Linh (Australia, Family with older children): ""I recommend to stay in this hotel, close to everything.""",Free Wi-Fi ; Free parking; Front desk [24-hour]; Restaurants; Bar; Airport transfer; Family room; Luggage storage,https://www.agoda.com/hoang-long-hotel/hotel/phan-thiet-vn.html,https://pix8.agoda.net/hotelImages/288404/-1/42806e2fbc462b16cbedc8ae95b47ce1.jpg?ce=0
46727693,Apec Mandala Mui Ne - Resort Hotel Apartment,5.0,29,NonHotel,Phan Thiet,Mui Ne,1399574,8.2,638,,"[10.0/10] Cerys (United Kingdom, Couple): ""Very clean - staff are lovely and the restaurant was great!"" || [10.0/10] Cerys (United Kingdom, Couple): ""Amazing place to stay, rooms are lovely ."" || [10.0/10] Arianne Pauline (Vietnam, Family with young children): ""The staff were friendly and cleanliness was top notch.""",Private beach; Free Wi-Fi ; Pool with view; Free parking; Spa; Front desk [24-hour]; Fitness center; Restaurants,https://www.agoda.com/apec-mandala-mui-ne-can-h-khach-s-n-nghi-du-ng/hotel/phan-thiet-vn.html,https://pix8.agoda.net/hotelImages/46727693/-1/7c8075da2d5e44f72066b37a90fcfd6d.jpg?ce=0
11012,Victoria Phan Thiet Beach Resort and Spa,4.5,37,Hotel,Phan Thiet,Phu Hai,4065267,8.7,2799,90,"[10.0/10] Keyvan (Norge, Couple): ""The food at the resort's restaurant was exceptional."" || [10.0/10] Albert (Singapore, Couple): ""Staff is very polite and will attend to your needs."" || [10.0/10] Ngan (Vietnam, Family with young children): ""Really love this resort from the decoration and nice staff.""",Private beach; Free Wi-Fi ; Pool with view; Free parking; Spa; Front desk [24-hour]; Fitness center; Restaurants,https://www.agoda.com/victoria-phan-thiet-beach-resort-and-spa/hotel/phan-thiet-vn.html,https://pix8.agoda.net/hotelImages/11012/0/39c76980e24f19377dc690d0395fc4e4.jpg?ce=3
43419,Saigon Mui Ne Resort,4.5,37,Hotel,Phan Thiet,Mui Ne,2552456,8.3,4580,82,"[9.6/10] shoji (日本, Solo traveler): ""A place where I can access the sea from in front of my room."" || [10.0/10] Laura (Vietnam, Group): ""We had a beautiful room right on the beach, massive bed."" || [9.2/10] Christine (Australia, Family with young children): ""We enjoyed relaxing at the beach and lounging by the pool.""",Private beach; Free Wi-Fi ; Pool with view; Free parking; Spa; Front desk [24-hour]; Fitness center; Restaurants,https://www.agoda.com/saigon-mui-ne-resort/hotel/phan-thiet-vn.html,https://pix8.agoda.net/hotelImages/434/43419/43419_14032710470018874167.jpg?ca=2&ce=1
48004348,The Clay Resort,3.0,37,Hotel,Phan Thiet,Mui Ne,2400648,8.9,2856,92,"[10.0/10] Tram (Việt Nam, Family with young children): ""The food was tasty with options for both adults and kids."" || [10.0/10] Hui (United States, Couple): ""The swimming pool and vibe here is special and amazing!"" || [9.6/10] karin (Philippines, Couple): ""Behind the Restaurant there is a second pool with sun beds.""",Private beach; Free Wi-Fi ; Pool with view; Free parking; Spa; Front desk [24-hour]; Restaurants; Massage,https://www.agoda.com/the-clay-resort/hotel/ap-thien-phuoc-vn.html,https://pix8.agoda.net/hotelImages/48004348/0/19cdd7497900520adfdd504be131b986.jpg?ce=0
9757906,Sunday Lotus Garden Resort By The Sea Mui Ne,3.0,34,Hotel,Phan Thiet,Mui Ne,1381804,8.1,236,80,"[9.6/10] LAURENCE (France, Group): ""Grear locationMany things to visits around."" || [10.0/10] Thai (Vietnam, Group): ""Love the view and the room there so nice and clean!"" || [10.0/10] Михаил (Россия, Solo traveler): ""I would like to come back here again.""",Swimming pool; Free parking; Front desk [24-hour]; Restaurants; Massage; Family room; Luggage storage; Garden,https://www.agoda.com/sunday-lotus-garden-resort-mui-ne-h9757906/hotel/phan-thiet-vn.html,https://pix8.agoda.net/hotelImages/9757906/0/668dedc85eebe80f90eabcc9d8cd643e.jpg?ce=3
75223,HOANG NGOC BEACH RESORT,4.0,37,Hotel,Phan Thiet,Mui Ne,3300953,8.8,4498,88,"[10.0/10] Jina (South Korea, Couple): ""The receptionist was always kind and prompt in my request."" || [10.0/10] Paul (United Kingdom, Couple): ""The rooms, facilities & breakfast are excellent."" || [8.0/10] SU JIN (대한민국, Family with young children): ""I can't forget the sound of the wave at the private beach.""",Private beach; Free Wi-Fi ; Pool with view; Free parking; Spa; Front desk [24-hour]; Fitness center; Restaurants,https://www.agoda.com/oriental-pearl-beach-resort-spa/hotel/phan-thiet-vn.html,https://pix8.agoda.net/hotelImages/75223/-1/f1480ed73c20e76391950adccfb914e5.jpg?ca=17&ce=1
90319389,Mandala Cham Bay Resort 5 Star Mũi Né,5.0,34,Hotel,Phan Thiet,Mui Ne,,7.2,95,,,Private beach; Free Wi-Fi ; Pool with view; Free parking; Spa; Front desk [24-hour]; Fitness center; Restaurants,https://www.agoda.com/mandala-cham-bay-resort-5-star-mui-ne/hotel/phan-thiet-vn.html,https://pix8.agoda.net/hotelImages/90319389/0/e3d953db46cc39d755046798f2a608dc.jpg?ce=3
43433,Blue Ocean Resort,4.5,37,Hotel,Phan Thiet,Mui Ne,3027821,8.6,1548,92,"[10.0/10] Susan (Vietnam, Couple): ""Enjoyed our vacation here, with perfect weather and hotel!"" || [9.6/10] 아텀 (베트남, Solo traveler): ""I really recommend this hotel than any other big hotel."" || [9.6/10] Daniel (Vietnam, Family with young children): ""Rooms were modern, clean and well appointed.""",Private beach; Free Wi-Fi ; Swimming pool; Free parking; Spa; Front desk [24-hour]; Restaurants; Bar,https://www.agoda.com/blue-ocean-resort/hotel/phan-thiet-vn.html,https://pix8.agoda.net/hotelImages/43433/-1/68085c26a962a1034606d5d88e221e5a.jpg?ca=7&ce=1
254905,Muine Bay Resort,4.0,37,Hotel,Phan Thiet,Mui Ne,1969155,8.8,6550,93,"[9.6/10] Tihomir (Bulgaria, Solo traveler): ""The facilities were top-notch, with a well-maintained pools."" || [9.6/10] HANG (Poland, Group): ""Very clean resort, comprehensive service, friendly staffs."" || [9.2/10] Mona (United States, Family with older children): ""The pools are huge and there’s happy hour by the pools.""",Private beach; Free Wi-Fi ; Pool with view; Free parking; Spa; Front desk [24-hour]; Fitness center; Restaurants,https://www.agoda.com/muine-bay-resort/hotel/phan-thiet-vn.html,https://pix8.agoda.net/hotelImages/254905/0/c90e1fec9d040836fbb2e1b786eed678.jpg?ce=2
108278,Anantara Mui Ne Resort,5.0,34,Hotel,Phan Thiet,Mui Ne,11391172,8.8,1620,84,"[10.0/10] ha (United States, Couple): ""Anantara was the best visit for our anniversary trip."" || [10.0/10] ha (United States, Couple): ""First class service and amenities here."" || [10.0/10] Lucy Charlotte (Vietnam, Couple): ""Delicious food, great rooms and great pool facilities.""",Private beach; Free Wi-Fi ; Swimming pool; Free parking; Spa; Front desk [24-hour]; Fitness center; Restaurants,https://www.agoda.com/anantara-mui-ne-resort/hotel/phan-thiet-vn.html,https://pix8.agoda.net/hotelImages/108278/-1/d1d6be58088b5dcd08a86a9d5b920d22.jpg?ce=0
52137395,OSAKA BOUTIQUE PHAN THIET HOTEL,2.0,34,Hotel,Phan Thiet,Phú Thủy,768339,9.0,389,88,"[10.0/10] Tuan (Vietnam, Couple): ""Place is new clean and the staff is very friendly."" || [9.6/10] Ibrahim Engin (Türkiye, Couple): ""New bathroom appliances,smart tv,comfy beds."" || [10.0/10] Yvonne Faalele Pepe (Australia, Couple): ""Rooms are very clean, daily clean service.""",Beach; Free Wi-Fi ; Free parking; Front desk [24-hour]; Restaurants; Bar; Airport transfer; Family room,https://www.agoda.com/osaka-boutique-phan-thiet-hotel/hotel/phan-thiet-vn.html,https://pix8.agoda.net/hotelImages/52137395/0/f4124a25ae21f38a8ce4bf7c3ef50ce4.jpg?ce=3
46867956,APEC MANDALA Cham Bay Mui Ne,5.0,29,NonHotel,Phan Thiet,Mui Ne,1798255,7.9,789,,"[10.0/10] Hoa (Vietnam, Family with young children): ""There are so many swimming pool everywhere inside the hotel."" || [10.0/10] Tran  (Vietnam, Family with older children): ""He gave us clear and detailed guidance during our stay."" || [9.2/10] Alana Cristina (Philippines, Family with young children): ""If I could, I would book this room again!""",Private beach; Free Wi-Fi ; Pool with view; Free parking; Spa; Front desk [24-hour]; Fitness center; Restaurants,https://www.agoda.com/apec-mandala-wyndham-cham-bay-mui-ne/hotel/phan-thiet-vn.html,https://pix8.agoda.net/hotelImages/46867956/0/122637fa7fcba8fad7a78b4371576184.jpg?ce=0
64326129,Mana Mui Ne Beach Resort & Spa,4.0,37,Hotel,Phan Thiet,Mui Ne,2150953,8.9,236,92,"[10.0/10] Toni (Australia, Solo traveler): ""Rooms impeccable, clean safe and fabulous views."" || [10.0/10] Toni (Australia, Solo traveler): ""Right on the beach and very close to restaurants and shops"" || [8.4/10] Lauren (Vietnam, Couple): ""Great pool and beach area with lots of pool lounges.""",Private beach; Free Wi-Fi ; Pool with view; Free parking; Spa; Front desk [24-hour]; Restaurants; Bar,https://www.agoda.com/mana-mui-ne-beach-resort-spa/hotel/ap-thien-phuoc-vn.html,https://pix8.agoda.net/hotelImages/64326129/-1/029ff5a973b283fd6c1afbb10a556047.jpg?ce=0
262815,Lotus Village Resort - Muine,3.5,37,Hotel,Phan Thiet,Mui Ne,1553882,8.3,6191,83,"[9.2/10] Elakkiya (Vietnam, Family with young children): ""Has an amazing pool and direct beach access, which we loved."" || [10.0/10] Lyra May (Vietnam, Couple): ""The view was stunning and they had that great infinity pool."" || [10.0/10] Charles (Aruba, Couple): ""The staff were very well trained and friendly and attentive.""",Private beach; Free Wi-Fi ; Swimming pool; Free parking; Spa; Front desk [24-hour]; Fitness center; Restaurants,https://www.agoda.com/lotus-village-resort-muine/hotel/phan-thiet-vn.html,https://pix8.agoda.net/hotelImages/262/262815/262815_14063017220020093265.jpg?ca=2&ce=1
45574441,Asteria Mui Ne Resort,5.0,37,Hotel,Phan Thiet,Mui Ne,2785338,8.6,1182,82,"[9.6/10] Stephen (United States, Solo traveler): ""The pool is huge, and the breakfast was outstanding."" || [9.6/10] Marc (Vietnam, Family with young children): ""Great hotel with a lot of activities for children."" || [10.0/10] Yunn Lng (Malaysia, Family with young children): ""The kids’ facilities and swimming pool are well maintained.""",Private beach; Free Wi-Fi ; Pool with view; Free parking; Spa; Front desk [24-hour]; Fitness center; Restaurants,https://www.agoda.com/asteria-mui-ne-resort/hotel/phan-thiet-vn.html,https://pix8.agoda.net/hotelImages/45574441/-1/926c9cd66b1caffb4e476876a16c50d5.jpg?ce=0
83381718,Peace Home Boutique Hotel ,3.0,34,Hotel,Phan Thiet,Phú Thủy,1170684,9.0,68,87,"[10.0/10] Lionel (Singapore, Solo traveler): ""I look forward to staying here again!"" || [10.0/10] Nga (Vietnam, Couple): ""Clean Room, Quite place and frienly staff."" || [10.0/10] Nga (Vietnam, Couple): ""Special mention reception.""",Free Wi-Fi ; Free parking; Front desk [24-hour]; Restaurants; Bar; Theme park; Family room; Luggage storage,https://www.agoda.com/peace-home-hotel-h83175717/hotel/phan-thiet-vn.html,https://pix8.agoda.net/hotelImages/83381718/0/f98a2ae7467e21b728a0d283c70492b3.jpg?ce=3
64239645,Coco Cottage Beachfront Resort,4.0,37,Hotel,Phan Thiet,Mui Ne,2092431,9.1,496,93,"[10.0/10] Mateusz (Polska, Couple): ""Really nice resort, super clean, staff is nice and helpful."" || [10.0/10] Stefan (Vietnam, Couple): ""The place has a local charm combined with modern comfort."" || [10.0/10] Stefan (Vietnam, Couple): ""Staff are all extremely friendly and helpful.""",Private beach; Free Wi-Fi ; Pool with view; Free parking; Front desk [24-hour]; Restaurants; Bar; Family room,https://www.agoda.com/coco-cottage-mui-ne/hotel/ap-thien-phuoc-vn.html,https://pix8.agoda.net/hotelImages/64239645/0/ad9701f139136605094d2c08a8520c39.jpg?ce=2
55960451,Apec Mandala Mũi Né - Topview Hotels & Apartment,5.0,34,Hotel,Phan Thiet,Mui Ne,430664,8.0,18,,"[8.4/10] Maxim (Vietnam, Group): ""Room was clean, comfy and had a nice sea view."" || [8.4/10] Maxim (Vietnam, Group): ""Nice place for quick and relaxing stay""",Private beach; Free Wi-Fi ; Pool with view; Free parking; Spa; Check-in/out [express]; Fitness center; Restaurants,https://www.agoda.com/apec-mandala-mui-ne-topview-hotels-apartment/hotel/phan-thiet-vn.html,https://pix8.agoda.net/hotelImages/55960451/0/8379a8335ffdeec72a7f053dc5014ea8.jpeg?ce=0
42062234,Tiffany Hotel & Restaurant,3.0,34,Hotel,Phan Thiet,Phú Thủy,683774,8.8,641,87,"[9.6/10] Nicholas (United States, Solo traveler): ""Front desk staff very helpful with transportation."" || [10.0/10] Toan (United States, Solo traveler): ""The staff is exceptionally helpful and courteous."" || [10.0/10] Geoff (United Kingdom, Couple): ""I loved staying here and will definitely return.""",Beach; Free Wi-Fi ; Free parking; Front desk [24-hour]; Restaurants; Water park; Airport transfer; Family room,https://www.agoda.com/tiffany-hotel-restaurant/hotel/phan-thiet-vn.html,https://pix8.agoda.net/hotelImages/42062234/-1/cf4a2b3846e127142b4e4d6cb894146c.jpg?ce=0
49020458,Lavender Mui Ne Hotel,3.0,34,Hotel,Phan Thiet,Mui Ne,436042,8.1,137,,"[10.0/10] Hunter (United States, Solo traveler): ""Great stay and great staff and great location"" || [10.0/10] Heungryoul (베트남, Couple): ""Clean,  kindness,   and  all  new,  cheap"" || [10.0/10] Giedrius (Vietnam, Solo traveler): ""Fresh renovation hotel.""",Free Wi-Fi ; Car park; Front desk [24-hour]; Golf course (within 3 km); Family room; Laundry; Daily housekeeping; Security [24-hour],https://www.agoda.com/lavender-muine-hotel/hotel/ap-thien-phuoc-vn.html,https://pix8.agoda.net/hotelImages/49020458/0/4c07c9698a29c65108f666cbf531c4a6.jpeg?ce=0
337919,Sailing Club Resort Mui Ne,4.0,37,Hotel,Phan Thiet,Mui Ne,5563712,9.1,1833,92,"[10.0/10] Vikas (Vietnam, Couple): ""One of the best beachfront resort in Vietnam"" || [10.0/10] Lucinda (Hong Kong SAR, China, Couple): ""It’s a really unique, small, resort, right on the beach."" || [10.0/10] Chau (Vietnam, Family with young children): ""Eco-friendly and peaceful place, kind staff, great food.""",Private beach; Free Wi-Fi ; Swimming pool; Free parking; Spa; Front desk [24-hour]; Restaurants; Bar,https://www.agoda.com/mia-mui-ne-resort/hotel/phan-thiet-vn.html,https://pix8.agoda.net/hotelImages/337919/0/55282573df38cb5842f7f143821c7e9d.jpg?ce=3
185968,TTC Hotel - Phan Thiet,4.0,34,Hotel,Phan Thiet,Phú Thủy,1535079,8.6,4159,89,"[10.0/10] Kaya (Australia, Family with young children): ""Very clean good aircon good facilities great location"" || [9.6/10] Przemek (United Kingdom, Couple): ""Clean and sound, staff was super helpful and kind."" || [8.8/10] Uyen Truc (Suisse, Group): ""Really good place with friendly and helpful staff.""",Beach; Free Wi-Fi ; Swimming pool; Free parking; Front desk [24-hour]; Fitness center; Restaurants; Bar,https://www.agoda.com/ttc-hotel-premium-phan-thiet/hotel/phan-thiet-vn.html,https://pix8.agoda.net/hotelImages/185968/0/7d91fc87d88d42a84c3e374806c793e4.jpg?ce=3
39594846,T'H Homestay,3.5,108,NonHotel,Phan Thiet,Mui Ne,554692,8.6,477,89,"[8.8/10] naama (Israel, Solo traveler): ""Perfect stay, good location, nice staff also adorable cats😍"" || [9.2/10] Matyas (Australia, Solo traveler): ""Super clean, good location, incredible value."" || [10.0/10] Tuan (United States, Solo traveler): ""Superb accommodation and friendliness!""",Free Wi-Fi ; Car park; Front desk [24-hour]; Shared kitchen; Luggage storage; Balcony/terrace; Garden; Tours,https://www.agoda.com/t-h-homestay/hotel/all/phan-thiet-vn.html,https://q-xx.bstatic.com/xdata/images/hotel/max500/431002881.jpg?k=4c55aa863c4307f9f6fc6db66b389dd4f7c15ec8d92b4882df7a08daccddb33c&o=
400981,Hai Yen Family Resort,3.0,34,Hotel,Phan Thiet,Mui Ne,791019,7.6,531,86,"[10.0/10] Cheah (Malaysia, Couple): ""Keep repeating staying this hotel for many years."" || [10.0/10] Jonathan  (Thailand, Solo traveler): ""The pool is nice and there’s a direct access to the beach."" || [10.0/10] Andrew (Australia, Solo traveler): ""Clean pool and beach access via stairs from the property.""",Free Wi-Fi ; Pool with view; Free parking; Spa; Front desk [24-hour]; Happy hour; Golf course; Massage,https://www.agoda.com/hai-yen-family-hotel/hotel/phan-thiet-vn.html,https://q-xx.bstatic.com/xdata/images/hotel/max500/460740047.jpg?k=56928e5abf3b2f2735b02fc77050b391e7d50470ae3a96b9f8f0f3f441a2f2c6&o=
47149373,Mandala Cham Bay Mui Ne Hotel & Apartment,5.0,34,Hotel,Phan Thiet,Mui Ne,1421462,8.5,531,87,"[8.4/10] Nhat (United States, Family with older children): ""Totally love this place with the price so i will rate 11/10."" || [9.6/10] KACI (United States, Couple): ""The room was spotless, fresh-smelling, and very comfortable."" || [10.0/10] Adam (United Kingdom, Couple): ""The apartment looked fresh, clean, and beautifully arranged.""",Private beach; Free Wi-Fi ; Pool with view; Free parking; Spa; Front desk [24-hour]; Fitness center; Restaurants,https://www.agoda.com/can-ho-1pn-apec-mui-ne/hotel/phan-thiet-vn.html,https://pix8.agoda.net/hotelImages/47149373/0/8db1189bc930b423ae7238c76e1c590e.png?ce=3
92000481,Mandala Twilight Haven 5 Star ,5.0,34,Hotel,Phan Thiet,Mui Ne,,7.6,108,,"[10.0/10] Dennis (Philippines, Couple): ""The room is clean, infinity pool is great."" || [10.0/10] Dennis (Philippines, Couple): ""All in all, highly recommended"" || [10.0/10] Dennis (Philippines, Couple): ""The amenities are great.""",Private beach; Free Wi-Fi ; Pool with view; Free parking; Spa; Front desk [24-hour]; Fitness center; Restaurants,https://www.agoda.com/heaven-mandala-apec-hotel/hotel/phan-thiet-vn.html,https://pix8.agoda.net/hotelImages/92000481/0/88e7359d208fb757a66e796ee31ebf8a.jpg?ce=3
52020,Phu Hai Beach Resort & Spa Phan Thiet,5.0,37,Hotel,Phan Thiet,Phu Hai,2636029,8.7,2424,91,"[9.6/10] Sam (Belgium, Couple): ""Facilities are perfect, staff very friendly and helpfull."" || [9.6/10] Daniel (Singapore, Couple): ""Beach front villa, excellent view, peaceful getaway."" || [10.0/10] Saw (Singapore, Couple): ""The overall atmosphere was peaceful and relaxing.""",Private beach; Free Wi-Fi ; Swimming pool; Free parking; Spa; Front desk [24-hour]; Fitness center; Restaurants,https://www.agoda.com/phu-hai-resort/hotel/phan-thiet-vn.html,https://pix8.agoda.net/hotelImages/52020/0/87bbe28622c51ddc7a487d24a8222f85.png?ce=3
1567551,9Station Hostel & Bar Phu Quoc                                                              ,3.0,33,Hotel,Phu Quoc Island,Duong Dong,749389,9.1,1460,95,"[10.0/10] YIRAN (中国, Solo traveler): ""Breakfast is served daily, offering great value for money."" || [10.0/10] Richard (United Kingdom, Solo traveler): ""The location is great too nothing is too far away on a grab."" || [10.0/10] Kenwood (Japan, Solo traveler): ""Beyond the service, the place itself is absolutely stunning.""",Free Wi-Fi ; Pool with view; Free parking; Spa; Front desk [24-hour]; Fitness center; Restaurants; Bar,https://www.agoda.com/9-station-hostel-phu-quoc/hotel/phu-quoc-island-vn.html,https://pix8.agoda.net/hotelImages/1567551/0/73fbddb91b493f46df489e66ddc2ae15.png?ce=3
83294991,WorldHotels Long Beach Resort Phu Quoc,5.0,34,Hotel,Phu Quoc Island,Duong Dong,9020194,9.3,566,95,"[10.0/10] Roan (Netherlands, Couple): ""The room was stylish, modern, and felt genuinely high-end."" || [10.0/10] Rahul (Malaysia, Family with young children): ""Breakfast was delicious with so many varieties available."" || [10.0/10] Rahul (Malaysia, Family with young children): ""Overall, one of the best resort experiences we have had.""",Beach; Free Wi-Fi ; Pool with view; Free parking; Spa; Front desk [24-hour]; Fitness center; Restaurants,https://www.agoda.com/worldhotels-long-beach-resort-phu-quoc-h83294991/hotel/phu-quoc-island-vn.html,https://pix8.agoda.net/hotelImages/82466726/0/3d5231064e694f8a5df7794a90061f9b.jpeg?ce=3
35749828,Palette Casa De Sol Beach Resort,3.0,34,Hotel,Phu Quoc Island,Ham Ninh,,8.5,82,,"[10.0/10] Tobias (Germany, Couple): ""The staff takes care of the guests warmly and courteously."" || [9.6/10] Alan (Vietnam, Solo traveler): ""Can't say enough about my relaxing visit to this property."" || [9.6/10] Thái (Vietnam, Couple): ""Room is clean, spacious and can see direct ocean from room""",Swimming pool; Car park; Front desk [24-hour]; Restaurants; Airport transfer; Luggage storage; Breakfast; Non-smoking rooms,https://www.agoda.com/voyage-phu-quoc-beach-resort/hotel/phu-qu-c-island-vn.html,https://pix8.agoda.net/hotelImages/35749828/0/3acf7fd9bf30d5399c254ffc6baff7e9.jpg?ce=3
754563,Daisy Resort,3.5,37,Hotel,Phu Quoc Island,Duong Dong,1129860,8.0,949,,"[8.4/10] corleee (Philippines, Group): ""Great location and affordable stay with decent facilities"" || [8.8/10] gord (Canada, Couple): ""Very relaxing, comfortable little resort, beautiful pool."" || [8.0/10] Young (South Korea, Business traveler): ""This place was an awesome resort if you are a nature lover.""",Free Wi-Fi ; Pool with view; Free parking; Front desk [24-hour]; Restaurants; Bar; Family room; Luggage storage,https://www.agoda.com/daisy-resort/hotel/phu-quoc-island-vn.html,https://pix8.agoda.net/hotelImages/754563/0/32d8f415bba23c49170455f1e9fcb2f4.jpg?ce=3
488842,Venus Hotel Phu Quoc,2.0,34,Hotel,Phu Quoc Island,Duong Dong,602579,7.7,975,,"[10.0/10] Denis (Netherlands, Solo traveler): ""Staff is friendly and price is cheap for such a big room!"" || [8.4/10] Ramdas (India, Solo traveler): ""Very nice hotel, the room had a nice view of the sea."" || [10.0/10] Roshan (India, Group): ""Amazing stay wonderful staff perfect location""",Free Wi-Fi ; Free parking; Spa; Front desk [24-hour]; Massage; Airport transfer; Family room; Luggage storage,https://www.agoda.com/venus-hotel-sky-bar-phu-quoc/hotel/phu-quoc-island-vn.html,https://pix8.agoda.net/hotelImages/488842/-1/80dc2c7b6c610fd4cd9fb2784605b475.jpg?ce=0
47208010,Soul History Hotel Phu Quoc,3.0,34,Hotel,Phu Quoc Island,Duong Dong,872473,8.8,281,,"[9.6/10] Tomasz (Poland, Couple): ""We have been amazed how everything is clean and neat inside."" || [10.0/10] Camila (Argentina, Couple): ""The breakfast was very good, and the room was cleaned daily."" || [10.0/10] Shuwen (中国, Solo traveler): ""The breakfast is amazing and staffs adrenaline friendly.""",Beach; Free Wi-Fi ; Free parking; Front desk [24-hour]; Restaurants; Bar; Airport transfer; Family room,https://www.agoda.com/luxy-park-hotel-residences-phu-quoc-city-centre/hotel/phu-quoc-island-vn.html,https://pix8.agoda.net/hotelImages/47208010/0/66efb2d1258405ccc9efc687c4c343c7.jpg?ce=3
31179452,Duong Đong Hotel,3.0,34,Hotel,Phu Quoc Island,Cua Lap,519477,8.3,652,,"[10.0/10] Jenny (United Kingdom, Solo traveler): ""Small, quiet room with small balcony with view into trees."" || [10.0/10] Jenny (United Kingdom, Solo traveler): ""Well located for restaurants, buses and supermarket."" || [10.0/10] Jenny (United Kingdom, Solo traveler): ""What a relief to find this super place at such late notice.""",Beach; Free Wi-Fi ; Swimming pool; Free parking; Front desk [24-hour]; Bar; Airport transfer; Family room,https://www.agoda.com/duong-dong-hotel/hotel/phu-quoc-island-vn.html,https://pix8.agoda.net/hotelImages/31179452/-1/077a9a1f8bd1a0f64853a1e6529058e9.png?ce=0
86704271,Crystal House ,3.0,34,Hotel,Phu Quoc Island,Duong To,368585,9.1,12,83,"[10.0/10] Elise (Sweden, Couple): ""The apartment was modern, clean, and well maintained."" || [9.2/10] lao (泰國, Solo traveler): ""I recommend it to travelers who prefer a quiet atmosphere."" || [9.2/10] lao (泰國, Solo traveler): ""A comfortable and quiet hotel""",Beach; Free Wi-Fi ; Pool with view; Free parking; Spa; Front desk [24-hour]; Restaurants; Massage,https://www.agoda.com/crystal-house-2-pool-view/hotel/phu-quoc-island-vn.html,https://pix8.agoda.net/hotelImages/86704271/0/d3d42b1a5f3baf18249e841e711527e8.png?ce=3
88640596,Mareva Khem Beach Hotel,4.0,34,Hotel,Phu Quoc Island,An Thoi,,9.3,46,98,"[10.0/10] Natchar (Thailand, Family with older children): ""The staff, Ms.Ngan takes a good care of us."" || [10.0/10] Natchar (Thailand, Family with older children): ""Highly recommend and we will come back for sure😊😊"" || [10.0/10] Khang (Việt Nam, Couple): ""Totally satisfied with the service.""",Beach; Free Wi-Fi ; Free parking; Front desk [24-hour]; Restaurants; Bar; Airport transfer; Family room,https://www.agoda.com/mareva-khem-beach-hotel-free-beach-shuttle/hotel/phu-quoc-island-vn.html,https://pix8.agoda.net/hotelImages/88640596/0/52a4df55610b14b145a5f4df494bf6d9.png?ce=3
11013,Saigon Phu Quoc Resort and Spa,4.5,37,Hotel,Phu Quoc Island,Duong Dong,3321928,8.4,3644,85,"[8.8/10] Vlastislav (Česká republika, Couple): ""We had a lovely room with a balcony facing the beach."" || [9.6/10] SANGYOUNG (Thailand, Solo traveler): ""Cannot complain anything about this resort..i do recommend."" || [8.8/10] atul (India, Family with young children): ""The room is spacious and offers great view of the beach.""",Private beach; Free Wi-Fi ; Swimming pool; Free parking; Front desk [24-hour]; Restaurants; Bar; Airport transfer,https://www.agoda.com/saigon-phu-quoc-resort-and-spa/hotel/phu-quoc-island-vn.html,https://pix8.agoda.net/hotelImages/11013/0/4a226e7474f131aafba33bb5aa73fb72.jpg?ce=2
1275909,Phu House Hostel,2.5,33,Hotel,Phu Quoc Island,Duong Dong,362675,8.3,892,,"[9.2/10] Islam (Egypt, Solo traveler): ""The staff are great and everyone makes you feel like home."" || [8.8/10] Teban (United States, Solo traveler): ""Also probably the most hospitable hosts ive had maybe ever."" || [10.0/10] Monaghan (Canada, Solo traveler): ""I spent a week here and If i could stay longer I would!!!""",Beach; Free Wi-Fi ; Free parking; Check-in [24-hour]; Restaurants; Bar; Airport transfer; Family room,https://www.agoda.com/phu-house-hostel/hotel/phu-quoc-island-vn.html,https://pix8.agoda.net/hotelImages/1275909/0/4dd467cf55c33b846fd21460e588f564.jpg?ce=2
12658706,Palette Anh Vu Hotel Phu Quoc,2.5,34,Hotel,Phu Quoc Island,Duong Dong,,7.4,144,,"[9.6/10] Mehdi (France, Solo traveler): ""It was nice overall, I'd comeback."" || [9.6/10] Mimi (Vietnam, Group): ""This place is one of best vaule of money."" || [9.6/10] Mehdi (France, Solo traveler): ""Enjoyed my stay here""",Free Wi-Fi ; Free parking; Front desk [24-hour]; Restaurants; Family room; Luggage storage; Laundry; Non-smoking rooms,https://www.agoda.com/hotel-anh-vu/hotel/phu-quoc-island-vn.html,https://pix8.agoda.net/hotelImages/12658706/0/5b7dab3ba5ea065f86a9ff0ea3c72bc0.png?ce=3
34249576,New World Phu Quoc Resort,5.0,37,Hotel,Phu Quoc Island,Bai Khem,15712675,8.7,6967,87,"[10.0/10] Flora Ho Yan (Hong Kong SAR, China, Family with young children): ""Their hospitality made me feel welcome and valued."" || [10.0/10] thao (United States, Family with young children): ""The best resort for family"" || [10.0/10] thao (United States, Family with young children): ""We will come back""",Private beach; Free Wi-Fi ; Pool with view; Car park; Spa; Front desk [24-hour]; Fitness center; Restaurants,https://www.agoda.com/new-world-phu-quoc-resort-h25124946/hotel/phu-quoc-island-vn.html,https://pix8.agoda.net/hotelImages/34249576/0/b37c396d9007a4f92da96fcafafb581c.jpg?ce=2
80191658,Mi Amor Luxury Hostel – Central South Phu Quoc Island,2.0,33,Hotel,Phu Quoc Island,An Thoi,341757,9.2,77,94,"[8.4/10] Uunee (Mongolia, Solo traveler): ""I stayed here alone for 7 days and felt very comfortable."" || [10.0/10] Nitesh Singh (India, Solo traveler): ""I can't believe how beautiful and clean the inside was."" || [10.0/10] Wen (Philippines, Solo traveler): ""The bed was heaven, it can even accommodate 2 persons.""",Free Wi-Fi ; Car park; Check-in/out [express]; Restaurants; Kitchen; Luggage storage; Laundry; Locker,https://www.agoda.com/mi-amor-luxury-hostel/hotel/phu-quoc-island-vn.html,https://pix8.agoda.net/hotelImages/80191658/0/fe8e34542497930f182f5f5da9111a2f.jpg?ce=3
78363671,Seaside Fireworks Apartment Free Gym & Pool,5.0,120,Hotel,Phu Quoc Island,An Thoi,1719997,8.5,617,87,"[10.0/10] William (Australia, Couple): ""Highly commendable this property and will book it again."" || [10.0/10] norah (المملكة العربية السعودية, Family with older children): ""The apartment is new and clean."" || [8.8/10] Ros (Thailand, Group): ""Great location where you can see firework every night.""",Beach; Free Wi-Fi ; Pool with view; Free parking; Spa; Check-in/out [express]; Fitness center; Restaurants,https://www.agoda.com/minimalist-modern-apartment-v/hotel/phu-quoc-island-vn.html,https://pix8.agoda.net/hotelImages/78363671/0/80c6dc9d0852dc1cdccc6bd1e627d6f7.jpg?ce=2
11056700,Sleep Box Hostel Phu Quoc,1.0,32,Hotel,Phu Quoc Island,Duong Dong,416083,8.8,590,82,"[10.0/10] Francesca (United Kingdom, Couple): ""Amazing place, like a little apartment in a room."" || [9.6/10] Evelyn (Laos, Solo traveler): ""The hostel is very clean, I had a very comfortable stay."" || [9.6/10] Imran (United Kingdom, Solo traveler): ""I stayed in a clean private double room which was very good.""",Beach; Free Wi-Fi ; Free parking; Front desk [24-hour]; Shuttle service; Family room; Shared kitchen; Luggage storage,https://www.agoda.com/sleep-box-hostel-phu-quoc/hotel/phu-quoc-island-vn.html,https://pix8.agoda.net/hotelImages/11056700/-1/9cc2bb800f78278ec7f3af2e73a1dd88.jpg?ca=9&ce=1
61378897,Herring Beach Hotel Phu Quoc,3.0,34,Hotel,Phu Quoc Island,Duong To,617522,8.5,542,81,"[10.0/10] Mukul (India, Group): ""And the host, Hau (a cool guy), treated us very well."" || [9.2/10] Holly (United Kingdom, Couple): ""The place was amazing, so clean and the pools were lovely."" || [9.6/10] Wen Yuan (Singapore, Group): ""Hotel staff are very friendly and helpful.""",Beach; Free Wi-Fi ; Pool with view; Free parking; Front desk [24-hour]; Airport transfer; Luggage storage; Balcony/terrace,https://www.agoda.com/herring-phu-quoc-hotel/hotel/phu-quoc-island-vn.html,https://pix8.agoda.net/hotelImages/61378897/-1/dbc547eeaa962249a935f38e18d3d22d.jpg?ce=0
70368927,Happy Bear Hostel Phu Quoc,3.0,34,Hotel,Phu Quoc Island,Duong Dong,246155,8.4,118,80,"[9.6/10] Melody (China, Solo traveler): ""Excellent cleanliness and comfortable stay"" || [10.0/10] Indumathi (Malaysia, Solo traveler): ""Best location, near to everything."" || [9.6/10] Vistamika (Hong Kong SAR, China, Solo traveler): ""Staff were friendly and welcoming throughout my stay.""",Free Wi-Fi ; Car park; Front desk [24-hour]; Family room; Contactless check-in/out; Laundry; Daily housekeeping; Bottle of water,https://www.agoda.com/happy-bear-hostel-phu-quoc/hotel/phu-quoc-island-vn.html,https://pix8.agoda.net/hotelImages/70368927/0/455841025e6ec99439bfe72dfde0e168.jpg?ce=3
5972590,Premier Residences Phu Quoc Emerald Bay Managed by Accor,5.0,34,Hotel,Phu Quoc Island,Bai Khem,5978782,8.7,6878,83,"[10.0/10] Jane (Australia, Family with young children): ""We had our own plunge pool which the kids enjoyed very much."" || [10.0/10] Hoa (Vietnam, Family with older children): ""Hotel is clean and new with fantastic facilities."" || [10.0/10] Jane (Australia, Family with young children): ""The main pool was huge and have dedicated kids pool also.""",Private beach; Free Wi-Fi ; Pool with view; Spa; Front desk [24-hour]; Fitness center; Restaurants; Bar,https://www.agoda.com/premier-residences-phu-quoc-emerald-bay-managed-by-accorhotels/hotel/phu-quoc-island-vn.html,https://pix8.agoda.net/hotelImages/21726991/1264024098/0d76f28e1ac8cbda4d9c46e7b9ca4de2.jpeg?ce=3
85760429,Amorii Hotel Phu Quoc,3.0,34,Hotel,Phu Quoc Island,Duong To,971617,8.9,10,82,"[10.0/10] Nguyen (Vietnam, Couple): ""Nice hotel, good location and affordable!"" || [10.0/10] Nguyen (Vietnam, Couple): ""Highly recommend""",Beach; Free Wi-Fi ; Free parking; Front desk [24-hour]; Restaurants; Airport transfer; Family room; Luggage storage,https://www.agoda.com/amorii-hotel-phu-quoc-h85760429/hotel/phu-quoc-island-vn.html,https://pix8.agoda.net/hotelImages/85760429/0/aacbc8c39e2d519a6a28a42b2a741998.jpeg?ce=3
47613575,Rosie Hillside Seaview Phu Quoc Apartment,5.0,120,Hotel,Phu Quoc Island,An Thoi,2061085,8.6,2564,85,"[9.2/10] JITENDRA (India, Family with older children): ""We had a fireworks view room and its worth the money."" || [9.2/10] Amira Alia (Malaysia, Group): ""Clean apartment, great view, and a pleasant stay overall."" || [10.0/10] Nurul Nabihah (Malaysia, Couple): ""The room was excellent with sea view and fireworks view.""",Private beach; Free Wi-Fi ; Pool with view; Free parking; Spa; Front desk [24-hour]; Fitness center; Restaurants,https://www.agoda.com/rosie-amie-hillside-luxury-phu-quoc-apartment/hotel/phu-quoc-island-vn.html,https://pix8.agoda.net/hotelImages/47613575/0/89768032c75f0bc64edc507fd2902d4c.jpg?ce=2
39687976,Golden Dragon Hotel,3.0,32,Hotel,Phu Quoc Island,Duong To,492742,7.9,317,,"[10.0/10] Harry (United States, Couple): ""That said, the hotel is very nice and in a great location"" || [10.0/10] EMIE (Malaysia, Couple): ""We had a truly memorable stay at this hotel!"" || [10.0/10] CHAN (中國香港, Solo traveler): ""Owner couples are easy going & very helpful.""",Beach; Free Wi-Fi ; Pool with view; Free parking; Spa; Front desk [24-hour]; Restaurants; Bar,https://www.agoda.com/golden-dragon-hotel/hotel/phu-quoc-island-vn.html,https://pix8.agoda.net/hotelImages/39687976/0/3726cef4c897d3b5ffac7fe3c6a5641d.jpg?ce=0
5442703,Radisson Blu Resort Phu Quoc,5.0,34,Hotel,Phu Quoc Island,Gành Dầu,7898479,8.9,2512,88,"[10.0/10] Rahul (India, Couple): ""Don't miss the happy hours at the pool and beach bars."" || [9.2/10] Wong (Malaysia, Group): ""We love the facilities and easy access to the beach."" || [9.6/10] Matthew (Thailand, Family with young children): ""Overall we really enjoyed our stay stay at the Radisson Blu.""",Private beach; Free Wi-Fi ; Swimming pool; Free parking; Front desk [24-hour]; Restaurants; Bar; Water sports,https://www.agoda.com/radisson-blu-resort-phu-quoc/hotel/phu-quoc-island-vn.html,https://pix8.agoda.net/hotelImages/9455708/0/a64fedd62c8d2a17372e1d59561fb2cb.jpeg?ce=0
85404266,HADU Hotel & Café Phu Quoc,4.0,34,Hotel,Phu Quoc Island,Duong To,,9.1,79,95,"[10.0/10] Elle (United States, Couple): ""The cleanest accommodation with the best staff."" || [10.0/10] Leo (Canada, Couple): ""We will come back to this property on our next visit!"" || [10.0/10] Leo (Canada, Couple): ""You always have 2 bottles of water waiting everyday!""",Beach; Free Wi-Fi ; Pool with view; Free parking; Check-in/out [express]; Restaurants; Luggage storage; Rooftop area,https://www.agoda.com/hadu-hotel-cafe-phu-quoc-h83069979/hotel/phu-quoc-island-vn.html,https://pix8.agoda.net/hotelImages/85404266/0/e57f31f3bd915bfa96a6b133de9727e0.jpg?ce=3
88064160,ROVA BOUTIQUE HOTEL,3.0,34,Hotel,Phu Quoc Island,An Thoi,,8.8,22,86,"[10.0/10] abdelli (Malaysia, Solo traveler): ""You can watch the fireworks from an amazing view"" || [10.0/10] Michael (Vietnam, Business traveler): ""Best value for the money"" || [10.0/10] abdelli (Malaysia, Solo traveler): ""The room was cleaaan""",Free Wi-Fi ; Free parking; Spa; Restaurants; Family room; Luggage storage; Room service; Non-smoking rooms,https://www.agoda.com/rova-boutique-hotel/hotel/phu-quoc-island-vn.html,https://pix8.agoda.net/hotelImages/88064160/0/7e6447a1a237ef246a478aa302c8fe26.jpg?ce=3
9776735,Pullman Phu Quoc Beach Resort,5.0,34,Hotel,Phu Quoc Island,Duong To,8115967,8.8,5698,90,"[9.6/10] Terry (Vietnam, Couple): ""The main pool is great with plenty of places to chill out."" || [9.2/10] Tina (Australia, Family with young children): ""One of the most beautiful resorts I have ever stayed in,"" || [9.6/10] Terry (Vietnam, Couple): ""Overall, in my top 3 of resorts in Phu Quoc.""",Private beach; Free Wi-Fi ; Pool with view; Free parking; Spa; Front desk [24-hour]; Fitness center; Restaurants,https://www.agoda.com/pullman-phu-quoc/hotel/phu-quoc-island-vn.html,https://pix8.agoda.net/hotelImages/9776735/-1/8456758e4800f010236a51228a374687.jpg?ca=13&ce=1
4968811,Dusit Princess Moonrise Beach Resort,5.0,34,Hotel,Phu Quoc Island,Cua Lap,5015293,9.2,7065,94,"[10.0/10] Minh Son (Việt Nam, Couple): ""The breakfast was good and great view for airplanes landing."" || [10.0/10] ramganesh (Malaysia, Couple): ""Very good staffs, incredible food, everything was awesome!!"" || [10.0/10] Klara (Singapore, Couple): ""The staff were attentive and always ready to help promptly.""",Private beach; Free Wi-Fi ; Pool with view; Free parking; Spa; Front desk [24-hour]; Fitness center; Restaurants,https://www.agoda.com/dusit-princess-moonrise-beach-resort/hotel/phu-quoc-island-vn.html,https://pix8.agoda.net/hotelImages/4968811/0/d524195eb22cef401dabc7cf5230f931.jpg?ce=0
2430159,Seashells Phu Quoc Hotel & Spa,5.0,34,Hotel,Phu Quoc Island,Duong Dong,4967022,9.0,14645,90,"[10.0/10] Jaruwan (Thailand, Couple): ""We had a wonderful time that we stay in this hotel."" || [10.0/10] Byeongeun (대한민국, Family with young children): ""The swimming pool was pristine and perfect for our family."" || [10.0/10] Garry (Australia, Couple): ""The staff are exceptional as are the amenities.""",Private beach; Free Wi-Fi ; Pool with view; Free parking; Spa; Front desk [24-hour]; Fitness center; Restaurants,https://www.agoda.com/seashells-phu-quoc-hotel-spa/hotel/phu-quoc-island-vn.html,https://pix8.agoda.net/hotelImages/2430159/-1/b7665f0accb1d975be9109012ecf5ccb.jpg?ce=0
6352970,An Phu Hotel,3.0,34,Hotel,Phu Quoc Island,Duong Dong,1172888,8.7,4198,85,"[9.2/10] Yoong (Singapore, Family with young children): ""The room is enough to cater to 1 coffee table and 2 chairs."" || [10.0/10] Arun (India, Couple): ""Very nice rooms and newly built with all modern facilities"" || [9.2/10] Yoong (Singapore, Family with young children): ""The hotel room for 1 single and 1 double is spacious.""",Free Wi-Fi ; Free parking; Front desk [24-hour]; Restaurants; Bar; Family room; Luggage storage; Breakfast,https://www.agoda.com/an-phu-hotel/hotel/phu-quoc-island-vn.html,https://pix8.agoda.net/hotelImages/6352970/-1/486b3236fe552eebbd72b93bdd3c4619.jpg?ca=8&ce=1
625168,Vinpearl Resort & Spa Phú Quốc,5.0,37,Hotel,Phu Quoc Island,Gành Dầu,5451576,8.8,11181,88,"[10.0/10] Soumya (India, Family with young children): ""Widepread breakfast options with some indian option as well."" || [10.0/10] scott (United States, Couple): ""You could not find a better place to vacation than Vinpearl."" || [9.2/10] Tram (Vietnam, Family with young children): ""Excellent customer service and very good buffet for 3 meals.""",Private beach; Free Wi-Fi ; Swimming pool; Free parking; Spa; Front desk [24-hour]; Fitness center; Restaurants,https://www.agoda.com/vinpearl-resort-spa-phu-qu-c/hotel/phu-quoc-island-vn.html,https://pix8.agoda.net/hotelImages/625168/-1/3dd5dcbcfdd9509dfe470905adad972a.jpg?ce=0
29461033,Hill Star Hotel Phu Quoc,2.0,34,Hotel,Phu Quoc Island,Duong Dong,1052834,8.9,231,92,"[9.6/10] Hema (Taiwan, Solo traveler): ""I have fully satisfied with their service and facilities."" || [9.6/10] Hema (Taiwan, Solo traveler): ""My stay in phu quoc was smooth because of the Hill Star."" || [10.0/10] Ishai (Israel, Couple): ""The internet connection worked perfectly fine for our needs.""",Free Wi-Fi ; Swimming pool; Free parking; Front desk [24-hour]; Restaurants; Airport transfer; Family room; Shared kitchen,https://www.agoda.com/hill-star-hotel-phu-quoc/hotel/phu-quoc-island-vn.html,https://pix8.agoda.net/hotelImages/29461033/-1/0a3b28de2b62109e689c299001040a0e.jpg?ce=0
59358953,La isla Apartments & Villas - Sea View & Fireworks Phu Quoc,5.0,120,Hotel,Phu Quoc Island,An Thoi,5732795,8.0,1669,,"[10.0/10] Rajini (Vietnam, Couple): ""Thank you, Tui, for your kindness and great hospitality."" || [10.0/10] ROHAIZI (Malaysia, Family with young children): ""The hotel location was perfect, spotless and spacious."" || [10.0/10] Jyoti (Singapore, Family with young children): ""My stay was only for one day but it was really good.""",Free Wi-Fi ; Swimming pool; Free parking; Spa; Check-in/out [express]; Fitness center; Restaurants; Bar,https://www.agoda.com/la-isla-apartment/hotel/phu-quoc-island-vn.html,https://pix8.agoda.net/hotelImages/59358953/0/4cfc0e7d3e7611ce0830fc46080f0062.jpg?ce=0
35312609,Aquasun Hotel Phu Quoc,4.0,34,Hotel,Phu Quoc Island,Duong Dong,2048168,8.5,3310,,"[10.0/10] Andrew (United Kingdom, Couple): ""Location perfect staff exceptional and food fantastic."" || [10.0/10] Andrew (United Kingdom, Couple): ""Rooftop pool and bar stunning with exceptional views."" || [9.2/10] kapil (India, Family with young children): ""The room was excellent with all necessary modern amenities.""",Free Wi-Fi ; Pool with view; Free parking; Front desk [24-hour]; Fitness center; Restaurants; Bar; Golf course,https://www.agoda.com/aquasun-hotel-phu-quoc/hotel/phu-qu-c-island-vn.html,https://pix8.agoda.net/hotelImages/35312609/-1/73c661ac71e53d7d5f7a9d0af0755c14.jpg?ce=0
34479033,Mộc Homestay GrandWorld Phú Quốc,4.0,108,NonHotel,Phu Quoc Island,Gành Dầu,,9.2,466,92,"[10.0/10] Margaret (Hong Kong SAR, China, Couple): ""The staff was really nice and nice to see he always smile."" || [10.0/10] Nur (Malaysia, Group): ""The room is spacious enough, clean and comfortable."" || [8.4/10] syed (India, Family with older children): ""But the staff Thom who took care of us is unbelievably good.""",Beach; Free Wi-Fi ; Free parking; Front desk [24-hour]; Restaurants; Bar; Airport transfer; Family room,https://www.agoda.com/m-c-homestay-grandworld-phu-qu-c/hotel/phu-quoc-island-vn.html,https://pix8.agoda.net/hotelImages/34479033/0/5e5373d07b0e606e30b4a4ba525e8be6.jpg?ce=0
17242876,Vinholidays Fiesta Phú Quốc,4.0,34,Hotel,Phu Quoc Island,Gành Dầu,2261235,8.8,11285,86,"[10.0/10] Elizabeth (Australia, Family with older children): ""Thank you to the staff who made this stay so enjoyable."" || [10.0/10] Pai (ไทย, Couple): ""The room was clean, comfortable, and very well maintained."" || [10.0/10] Pai (ไทย, Family with young children): ""The room was clean, comfortable, and perfect for families.""",Beach; Free Wi-Fi ; Swimming pool; Free parking; Front desk [24-hour]; Fitness center; Restaurants; Bar,https://www.agoda.com/vinholiday-1-phu-quoc/hotel/phu-quoc-island-vn.html,https://pix8.agoda.net/hotelImages/17242876/-1/77f13db2325ef043d92a740cc551e1f8.jpg?ca=19&ce=1
181816,HAWAII RESORT PHU QUOC,3.5,34,Hotel,Phu Quoc Island,Duong Dong,1066120,8.6,126,,"[10.0/10] Việt Bình (Việt Nam, Group): ""I had a truly wonderful two-day exprience at Hawaii Resort."" || [9.2/10] Sanni (Suomi, Couple): ""Hawaii Resort is right next to beach with amazing sunsets."" || [10.0/10] Pawan (India, Couple): ""This property made my whole phu qouc journey so amazing.""",Private beach; Free Wi-Fi ; Swimming pool; Free parking; Spa; Front desk [24-hour]; Restaurants; Bar,https://www.agoda.com/thien-hai-son-resort/hotel/phu-quoc-island-vn.html,https://pix8.agoda.net/hotelImages/181816/0/572234a0af2225e2db92e144aaec8122.jpg?ce=3
36794957,Tahiti Central Seaview Phu Quoc Hotel,3.0,34,Hotel,Phu Quoc Island,Duong Dong,1059314,8.1,814,,"[8.8/10] Sabir (India, Couple): ""Great hotel with fabulous location and it's Value for Money"" || [10.0/10] Sivakandan (Malaysia, Couple): ""The hotel’s facilities exceeded my expectations."" || [10.0/10] Anastasia (Indonesia, Group): ""The location was perfect, in the middle of city center.""",Free Wi-Fi ; Swimming pool; Free parking; Front desk [24-hour]; Restaurants; Airport transfer; Family room; Luggage storage,https://www.agoda.com/tahiti-central-hotel/hotel/phu-qu-c-island-vn.html,https://pix8.agoda.net/hotelImages/36794957/608627189/6397704dbb9850617e70d1818acf9e07.jpg?ce=0
92655779,MAY Boutique Hotel Phu Quoc,4.0,34,Hotel,Phu Quoc Island,Duong To,,9.8,12,,"[10.0/10] Van (Trung Quốc, Couple): ""The staff were warm, attentive, and always willing to help."" || [10.0/10] vu (Việt Nam, Couple): ""Overall, a wonderful place to stay and highly recommended!"" || [10.0/10] Trangzz (Úc, Couple): ""The staff were very friendly, helpful, and welcoming.""",Free Wi-Fi ; Pool with view; Free parking; Check-in/out [express]; Airport transfer; Family room; Luggage storage; Balcony/terrace,https://www.agoda.com/may-boutique-hotel-phu-quoc/hotel/phu-quoc-island-vn.html,https://pix8.agoda.net/hotelImages/92655779/0/d8309d68add84e64719a634e9c55f056.jpg?ce=3
37712446,Rova Hotel Phú Quốc,3.0,34,Hotel,Phu Quoc Island,An Thoi,1532692,9.0,761,93,"[10.0/10] Sri (Malaysia, Family with young children): ""I love stay here !! The place the view the vibe so ohsem"" || [8.4/10] Nia devita (Indonesia, Solo traveler): ""Very good service, and I got a free room upgrade, thank you"" || [10.0/10] Akshay (India, Couple): ""Definitely recommended for this cute and beautiful place""",Free Wi-Fi ; Free parking; Restaurants; Shuttle service; Family room; Luggage storage; Breakfast; Taxi service,https://www.agoda.com/roma-hotel-phu-qu-c/hotel/phu-quoc-island-vn.html,https://pix8.agoda.net/hotelImages/37712446/0/4b146034b56b32b2493b0199af94bc7d.jpg?ce=3
85141652,Cosi Beach Hotel Phu Quoc,3.0,34,Hotel,Phu Quoc Island,Duong To,957880,8.4,63,83,"[10.0/10] Muhammad Faizan (Malaysia, Couple): ""It was amazing experience living in Cosi beach hotel."" || [8.8/10] Gene (Australia, Couple): ""The room was spacious and brand new with a large comfy bed."" || [10.0/10] Himanshu (India, Couple): ""And the breakfast was fresh and delicious every morning.""",Beach; Free Wi-Fi ; Pool with view; Free parking; Spa; Front desk [24-hour]; Restaurants; Bar,https://www.agoda.com/cosi-beach-hotel-phu-quoc/hotel/phu-quoc-island-vn.html,https://pix8.agoda.net/hotelImages/85141652/0/9c4c7f3818fc1c2b53fcb7874954f7a9.png?ce=3
48370,Mango Bay Resort,3.0,37,Hotel,Phu Quoc Island,Ong Lang,4954251,8.9,2382,93,"[9.6/10] Donna (Hong Kong SAR, China, Couple): ""Thank you to all the staff for making it such a lovely stay."" || [10.0/10] Duy (Vietnam, Couple): ""The sea view villa is such a healing and comfortable place."" || [8.4/10] Santanu (India, Couple): ""The spa space is serene, tranquil, beautifully done up.""",Private beach; Free Wi-Fi ; Free parking; Spa; Front desk [24-hour]; Restaurants; Bar; Water sports,https://www.agoda.com/mango-bay-resort/hotel/phu-quoc-island-vn.html,https://pix8.agoda.net/hotelImages/48370/-1/0051552c0b44b3e11856f2fa186dfc33.jpg?ca=18&ce=1
1157572,Novotel Phu Quoc Resort,5.0,34,Hotel,Phu Quoc Island,Duong To,4801430,8.7,5349,89,"[9.2/10] Geoff (United Kingdom, Couple): ""Great facilities, lovely grounds and very attentive staff."" || [8.0/10] Richard (South Korea, Family with young children): ""Great pools and buffet breakfasts  and close to the beach!"" || [8.0/10] Abdullah (Singapore, Family with young children): ""Breakfast was great, with a wide variety of options.""",Private beach; Free Wi-Fi ; Pool with view; Free parking; Spa; Front desk [24-hour]; Fitness center; Restaurants,https://www.agoda.com/novotel-phu-quoc-resort/hotel/phu-quoc-island-vn.html,https://pix8.agoda.net/hotelImages/1157572/-1/ced5567d6bca72082cd0a0d0db027387.jpg?ca=18&ce=1
1147156,Cosy Bungalow,3.5,103,NonHotel,Phu Quoc Island,Duong Dong,620529,9.0,1194,98,"[10.0/10] joanne (United Kingdom, Couple): ""It’s in a fantastic location and the staff are so friendly."" || [10.0/10] joanne (United Kingdom, Couple): ""The bungalow is air conditioned ,  clean and spacious."" || [10.0/10] Ryan (Vietnam, Solo traveler): ""The WIFI very reliable as I needed to work everyday.""",Free Wi-Fi ; Free parking; Front desk [24-hour]; Airport transfer; Family room; Shared kitchen; Luggage storage; Garden,https://www.agoda.com/cosy-bungalow/hotel/phu-quoc-island-vn.html,https://pix8.agoda.net/hotelImages/114/1147156/1147156_17090717560056120258.jpg?ca=6&ce=1
87341728,MeySunset Hotel Phu Quoc,3.0,34,Hotel,Phu Quoc Island,An Thoi,,9.8,2,,,Private beach; Free Wi-Fi ; Pool with view; Free parking; Front desk [24-hour]; Fitness center; Restaurants; Bar,https://www.agoda.com/meysunset-hotel-phu-quoc/hotel/phu-quoc-island-vn.html,https://pix8.agoda.net/hotelImages/87341728/0/a8357b60b5fe82e2507e0880a21a3e31.jpg?ce=3
1266957,SOL By Melia Phu Quoc,5.0,34,Hotel,Phu Quoc Island,Duong To,3471661,8.5,4297,86,"[10.0/10] Reuben (Vietnam, Couple): ""Room and service was of great quality and comfort."" || [10.0/10] James (Singapore, Family with older children): ""Security manager Jack Pham is very impressive, professional."" || [10.0/10] Stephanie (Vietnam, Couple): ""The breakfast buffet is delicious and has so many options!""",Beach; Free Wi-Fi ; Swimming pool; Free parking; Spa; Front desk [24-hour]; Fitness center; Restaurants,https://www.agoda.com/sol-beach-house-phu-quoc_2/hotel/phu-quoc-island-vn.html,https://pix8.agoda.net/hotelImages/1266957/-1/b0ec3a1ca09f39bae2b4725f6b0c967b.jpg?ca=7&ce=1
51082457,HAN Lagoon Sunset Hotel,4.0,34,Hotel,Phu Quoc Island,An Thoi,1424119,9.1,683,,"[10.0/10] Venus (Philippines, Solo traveler): ""I would definitely stay here again when I visit Phu Quoc."" || [10.0/10] malvika (Qatar, Couple): ""The location was perfect and the facilities well-maintained."" || [9.6/10] Paper (Thailand, Couple): ""We highly recommend this hotel and hope to return soon!""",Free Wi-Fi ; Car park; Front desk [24-hour]; Airport transfer; Check-in/out [private]; Laundry; Non-smoking rooms; Daily housekeeping,https://www.agoda.com/sweet-home-resort-spa_3/hotel/phu-quoc-island-vn.html,https://pix8.agoda.net/hotelImages/51082457/0/32e3829e2e0208f166ae391ec525f7c0.png?ce=2
9612717,Sunset Beach Resort & Spa - Beachfront Pirate Fire Show ,4.0,37,Hotel,Phu Quoc Island,Duong Dong,2904452,8.9,3429,90,"[10.0/10] Haris (India, Couple): ""The room itself was spacious, clean, and very comfortable."" || [10.0/10] MONICA (United States, Couple): ""The beachfront location here is unbeatable for sunset views."" || [10.0/10] Qian (台灣, Couple): ""The service staff is also very friendly.""",Private beach; Free Wi-Fi ; Swimming pool; Free parking; Spa; Front desk [24-hour]; Fitness center; Restaurants,https://www.agoda.com/sunset-beach-resort-and-spa/hotel/phu-quoc-island-vn.html,https://q-xx.bstatic.com/xdata/images/hotel/max500/885915314.jpg?k=11385b5a6a886f2549a909c86f988366f223e2b038fa820577a3596edeecf052&o=
296330,Arcadia Phu Quoc - Bungalow Beach,3.0,37,Hotel,Phu Quoc Island,Duong Dong,1192328,7.2,2625,,"[8.0/10] William (United States, Family with older children): ""The value and location (right on the beach) are unbeatable!"" || [9.6/10] Jack (Vietnam, Solo traveler): ""Room was great can’t complain about anything with it."" || [10.0/10] Riad (Malaysia, Solo traveler): ""Great location surrounded with coll eateries and bar""",Private beach; Free Wi-Fi ; Free parking; Spa; Front desk [24-hour]; Restaurants; Happy hour; Water sports,https://www.agoda.com/arcadia-phu-quoc-resort/hotel/phu-quoc-island-vn.html,https://pix8.agoda.net/hotelImages/296330/0/1a257284d2b9b669b7008fc756136fa1.jpg?ce=3
87869906,Sensea AT 104 Apartment An Thoi Central,3.0,120,Hotel,Phu Quoc Island,An Thoi,,9.7,8,,"[10.0/10] HAN (China, Solo traveler): ""I feel really lucky to have stayed at this apartment.""",Free Wi-Fi ; Free parking; Airport transfer; Luggage storage; Balcony/terrace; Breakfast takeaway service; Room service; Salon,https://www.agoda.com/sensea-at-104-apartment-an-thoi-central-h87869906/hotel/phu-quoc-island-vn.html,https://pix8.agoda.net/hotelImages/87869906/0/235c5ab43b66e3645d60779b1380d11e.jpg?ce=3
1158643,Tropicana Resort Phu Quoc,3.5,37,Hotel,Phu Quoc Island,Duong Dong,2674028,8.4,2527,87,"[8.0/10] Văn (Vietnam, Couple): ""The staff were friendly and the housekeeping was top-notch."" || [9.6/10] Jessica (Australia, Family with young children): ""I was pleasantly surprised when they upgraded our room."" || [10.0/10] Andy (United Kingdom, Couple): ""Direct access to the most popular part of long beach.""",Private beach; Free Wi-Fi ; Pool with view; Free parking; Spa; Front desk [24-hour]; Fitness center; Restaurants,https://www.agoda.com/tropicana-resort-phu-quoc/hotel/phu-quoc-island-vn.html,https://pix8.agoda.net/hotelImages/115/1158643/1158643_16091616240046550274.jpg?ca=6&ce=1
83129371,Bailey Hotel Hue,0.0,34,Hotel,Hue,Hue City,799752,8.9,497,91,"[10.0/10] Tom (Germany, Couple): ""The pool was very nicely done and breakfast was excellent."" || [10.0/10] Kim (United States, Couple): ""Rooms very clean and quiet at night to rest from tours."" || [10.0/10] Tun (Singapore, Family with young children): ""- Wide, clean, nice family room with Netfix (60"" TV)""",Free Wi-Fi ; Pool with view; Free parking; Front desk [24-hour]; Restaurants; Airport transfer; Family room; Kitchen,https://www.agoda.com/bailey-hotel-hue/hotel/huong-tra-vn.html,https://pix8.agoda.net/hotelImages/83129371/0/3829ca56a50436914c8e8feacb1d1892.jpg?ce=3
64861936,1995S Hostel,5.0,34,Hotel,Hue,Hue City,1437705,9.0,207,95,"[9.6/10] Hannah (United Kingdom, Solo traveler): ""Lovely shower and perfect location to explore Hue."" || [9.6/10] Hannah (United Kingdom, Solo traveler): ""Stunning private room and very comfy bed."" || [10.0/10] Anselm (Malaysia, Solo traveler): ""Very clean room and nicely designed.""",Free Wi-Fi ; Front desk [24-hour]; Bar; Massage; Airport transfer; Family room; Shared kitchen; Luggage storage,https://www.agoda.com/1995s-hostel/hotel/hue-vn.html,https://pix8.agoda.net/hotelImages/64861936/0/1127fd7bb1465bcb461882c7330dd485.jpg?ce=0
30095600,Hachi Homestay Spa,5.0,108,NonHotel,Hue,Perfume River,1187633,8.6,295,89,"[9.6/10] Eleonora (Italia, Couple): ""Overall, the staff were extremely warm and hospitable."" || [10.0/10] Shariz (Philippines, Couple): ""We had the garden view where we can also see the sunset."" || [9.2/10] Gaia (Vietnam, Solo traveler): ""Highly recommend if you’re looking for a quiet peaceful stay""",Free Wi-Fi ; Swimming pool; Free parking; Check-in [24-hour]; Massage; Airport transfer; Family room; Shared kitchen,https://www.agoda.com/hachi-homestay-spa/hotel/hue-vn.html,https://pix8.agoda.net/hotelImages/30095600/-1/114548e4d716731c678332fd6a46ef2d.jpg?ca=27&ce=0
5663891,Melia Vinpearl Hue,5.0,34,Hotel,Hue,Hue City,3841913,9.4,9563,93,"[9.6/10] Angela (Australia, Couple): ""One of if not the best hotel we have ever stayed in"" || [10.0/10] TAEYOUNG (대한민국, Couple): ""Other staffs also served very professionally on my requests."" || [10.0/10] Kyle (Australia, Solo traveler): ""The staff always had great attitudes and were eager to help.""",Free Wi-Fi ; Swimming pool; Car park; Spa; Front desk [24-hour]; Fitness center; Restaurants; Bar,https://www.agoda.com/vinpearl-hotel-hue/hotel/hue-vn.html,https://pix8.agoda.net/hotelImages/5663891/-1/c70525022b7d06c2b56fdf6d14689357.jpg?ce=0
34198470,LA VELA HUE HOTEL,5.0,34,Hotel,Hue,Hue City,1983832,9.1,4090,90,"[10.0/10] Hoa (Vietnam, Couple): ""Overall, our stay at this 5-star hotel was simply perfect."" || [10.0/10] Hoa (Vietnam, Couple): ""One absolute highlight of the hotel was the rooftop pool."" || [9.6/10] miae (Việt Nam, Couple): ""The breakfast is delicious and there are lots of choices""",Free Wi-Fi ; Pool with view; Free parking; Spa; Front desk [24-hour]; Fitness center; Restaurants; Bar,https://www.agoda.com/la-vela-hue-hotel/hotel/hue-vn.html,https://pix8.agoda.net/hotelImages/34198470/0/b5e110271aaa5267e0c486d33e618361.jpg?ce=2
78424913,Hue Imperial Hostel,2.0,34,Hotel,Hue,Hue City,365798,9.2,522,94,"[10.0/10] Yesica (Mexico, Couple): ""The room was spotless, and everything was well maintained."" || [10.0/10] Harry (Vietnam, Solo traveler): ""The rooms where all clean and the beds where spot on."" || [10.0/10] Natalí (Argentina, Solo traveler): ""I had a private room, everything was perfect, clean.""",Free Wi-Fi ; Car park; Front desk [24-hour]; Airport transfer; Family room; Shared kitchen; Luggage storage; Balcony/terrace,https://www.agoda.com/hue-imperial-hostel/hotel/hue-vn.html,https://pix8.agoda.net/hotelImages/78424913/0/a969c401f1c55543dea69d87f693b48a.jpg?ce=3
237273,Mondial Hotel Hue,4.0,34,Hotel,Hue,Hue City,1258910,8.6,2775,90,"[10.0/10] THAT HOA (Vietnam, Solo traveler): ""The rooms are modern, clean, and the staff is very friendly."" || [10.0/10] jeruel (Philippines, Group): ""We love our room, clean, and the bed is the best."" || [10.0/10] LEE MARK (Philippines, Solo traveler): ""Will patronize this hotel every time I will stay in Hue.""",Free Wi-Fi ; Pool with view; Free parking; Spa; Front desk [24-hour]; Fitness center; Restaurants; Bar,https://www.agoda.com/mondial-hotel-hue/hotel/hue-vn.html,https://q-xx.bstatic.com/xdata/images/hotel/max500/844344464.jpg?k=9d0cafb3464421afcc27a61fd28dbd9a8c49de8f2a5b2dcb1177dd1475e87434&o=
70624,TTC Imperial Hotel,5.0,34,Hotel,Hue,Hue City,3593276,9.1,5787,92,"[10.0/10] Aida (Kazakhstan, Solo traveler): ""Staff was very friendly and helpful with issue of booking."" || [10.0/10] James (United States, Solo traveler): ""And the concierge, Mr. Van Duc, is attentive and friendly."" || [10.0/10] Loveleen (United Arab Emirates, Family with young children): ""Definitely recommend this hotel if you are visiting Hue.""",Free Wi-Fi ; Pool with view; Free parking; Spa; Front desk [24-hour]; Fitness center; Restaurants; Bar,https://www.agoda.com/imperial-hotel-hue/hotel/hue-vn.html,https://pix8.agoda.net/hotelImages/70624/0/b15ff17a1c7c177a978586e1a0a178e6.jpg?ce=2
66751260,Elegant Hotel,0.0,34,Hotel,Hue,Hue City,816071,8.8,566,87,"[10.0/10] Ivan (Slovakia, Group): ""The rooms are tastefully furnished, clean, and comfortable."" || [10.0/10] Rutchel (Philippines, Group): ""The hotel was clean, comfortable, and in a great location."" || [10.0/10] Sophie (United States, Group): ""Nice room, clean, updated recently with comfortable beds.""",Free Wi-Fi ; Car park; Front desk [24-hour]; Restaurants; Airport transfer; Family room; Shared kitchen; Luggage storage,https://www.agoda.com/elegant-hotel/hotel/hue-vn.html,https://pix8.agoda.net/hotelImages/66751260/0/c93daab9fc4c4673f149815ef3c423dc.jpg?ce=2
91983217,Le Gia Homestay 2,4.0,108,NonHotel,Hue,Imperial Citadel,,7.2,4,,,Free Wi-Fi ; Free parking; Check-in/out [express]; Airport transfer; Shared kitchen; Luggage storage; Balcony/terrace; Garden,https://www.agoda.com/le-gia-homestay-2/hotel/all/huong-tra-vn.html,https://q-xx.bstatic.com/xdata/images/hotel/max500/900401239.jpg?k=360389f87eadf35c00a3b6f51f1cd3b2c51cfaedd5385b9c5f75d142904f85d1&o=
63990397,Amy Hotel Hue,0.0,34,Hotel,Hue,Hue City,359046,8.9,170,91,"[10.0/10] David (United States, Solo traveler): ""Its a clean place, with food in the room if needed."" || [10.0/10] Nina-Iris (Deutschland, Solo traveler): ""The location is perfect close to the riverfront,"" || [10.0/10] Amy (United States, Solo traveler): ""And the bathroom? Oh my... that was a GREAT BATHROOM! 😀.""",Free Wi-Fi ; Front desk [24-hour]; Restaurants; Bar; Airport transfer; Family room; Luggage storage; Breakfast takeaway service,https://www.agoda.com/amy-hotel-hue/hotel/huong-tra-vn.html,https://pix8.agoda.net/hotelImages/63990397/0/a86a036e57228a54a81e532bae16ed6f.jpg?ce=3
80171166,TN Hue Dorm,2.0,34,Hotel,Hue,Hue City,177812,8.5,72,,"[10.0/10] Anh (Vietnam, Solo traveler): ""Super clean & tidy, friendly staffs, good location."" || [10.0/10] Anh (Vietnam, Solo traveler): ""Highly recommend!!!"" || [10.0/10] Anh (Vietnam, Solo traveler): ""Highly recommend""",Front desk [24-hour]; Airport transfer; Family room; Room service; Tours; Rental car ; Smoke-free property; Air conditioning in public area,https://www.agoda.com/tn-hue-dorm/hotel/hue-vn.html,https://pix8.agoda.net/hotelImages/80171166/0/f70ef8221f435d28b480c7a99d4d1e3c.jpeg?ce=2
56301218,Hue Ancient Town Homestay,3.5,108,NonHotel,Hue,Hue City,537066,9.1,255,85,"[10.0/10] Thomas (United Kingdom, Group): ""Lovely place, clean and friendly staff, would 100% recommend"" || [9.6/10] James (United States, Solo traveler): ""Extremely cheap for all the service and quality you receive."" || [10.0/10] Quynh (Việt Nam, Couple): ""It seems like they care a lot ổn the details of this place.""",Beach; Free Wi-Fi ; Spa; Front desk [24-hour]; Airport transfer; Family room; Kitchen; Luggage storage,https://www.agoda.com/hue-ancient-town-homestay-h56301218/hotel/hue-vn.html,https://pix8.agoda.net/hotelImages/56301218/0/e109f31b1897b5f67b5f3ae5b74ebee5.jpg?ce=3
12774972,Sahi Homestay Retreat,4.5,108,NonHotel,Hue,Perfume River,760174,8.8,415,91,"[9.2/10] Carly (Malaysia, Family with young children): ""The kids particularly loved the mezzanine beds and pool,"" || [9.6/10] Hang (Vietnam, Solo traveler): ""A very nice place to heal my soul, with quiet and fresh air."" || [9.6/10] Lisa (Australia, Solo traveler): ""The pool was a welcome sight for a hot traveller.""",Free Wi-Fi ; Swimming pool; Free parking; Check-in [24-hour]; Massage; Airport transfer; Family room; Luggage storage,https://www.agoda.com/sahi-homestay-retreat/hotel/hue-vn.html,https://pix8.agoda.net/hotelImages/127/12774972/12774972_20021010220087965818.jpg?ca=10&ce=1
487432,Hue Serene Palace Hotel,0.0,34,Hotel,Hue,Hue City,,9.0,1264,100,"[10.0/10] Ko Ko Oo (Singapore, Family with young children): ""The rooms were spacious, clean, and very comfortable."" || [10.0/10] Megan (Australia, Group): ""The room was very clean and the beds were very comfortable."" || [10.0/10] Abel (Switzerland, Couple): ""I had a fantastic stay at this hotel during my trip to Hue.""",Free Wi-Fi ; Spa; Front desk [24-hour]; Restaurants; Airport transfer; Family room; Luggage storage; Breakfast,https://www.agoda.com/hue-serene-palace-hotel/hotel/hue-vn.html,https://pix8.agoda.net/hotelImages/487432/-1/a858e500b3dafe80169958b5616376db.jpg?ce=0
223212,Indochine Palace Hotel,5.0,34,Hotel,Hue,Hue City,2581044,9.2,3110,93,"[10.0/10] Nhien (United States, Couple): ""They said it is the best out of 3 hotels they stayed in Hue"" || [9.6/10] Manh Nghia (Vietnam, Solo traveler): ""The room size was generous, and the bathroom was spotless."" || [9.6/10] Bernard (Singapore, Solo traveler): ""I thank Ms Trang for her warm reception at checkin.""",Free Wi-Fi ; Swimming pool; Free parking; Spa; Front desk [24-hour]; Fitness center; Restaurants; Bar,https://www.agoda.com/indochine-palace-hotel/hotel/hue-vn.html,https://pix8.agoda.net/hotelImages/223212/0/291965ead508870b02c78dc5ca98cf7a.jpg?ce=2
84486356,"Grand Royal Riverside Hue, Fusion Collection",5.0,34,Hotel,Hue,Hue City,3144318,9.4,378,93,"[10.0/10] Valerie (United States, Group): ""It was like staying at a five star hotel in Miami."" || [10.0/10] Priyanka (Australia, Couple): ""Beautiful rooms and facilities and great, friendly staff."" || [10.0/10] joseph (United States, Couple): ""Lovely, comfortable room with a great view of the river.""",Free Wi-Fi ; Swimming pool; Free parking; Spa; Front desk [24-hour]; Fitness center; Restaurants; Bar,https://www.agoda.com/grand-royal-riverside-hue-fusion-collection/hotel/hue-vn.html,https://pix8.agoda.net/hotelImages/84486356/0/63753c63f67182db606160e37deeea55.jpg?ce=3
2985061,Kha Hostel ,2.0,34,Hotel,Hue,Hue City,,8.9,1070,94,"[10.0/10] Yoann (France, Solo traveler): ""The staff Lily and Lucy are lovely, kind and always helpful."" || [10.0/10] Yoann (France, Solo traveler): ""I really appreciate their welcome and their smiles and joys."" || [10.0/10] Juan (Vietnam, Solo traveler): ""They did a fantastic job! Thanks for everything!""",Free Wi-Fi ; Free parking; Front desk [24-hour]; Restaurants; Bar; Airport transfer; Family room; Kitchen,https://www.agoda.com/kha-hotel_2/hotel/hue-vn.html,https://pix8.agoda.net/hotelImages/2985061/0/7bee7735ec79d24a6a640c5b5ff2ff1d.jpg?ce=2
1270314,Amy Hostel Hue,1.0,33,Hotel,Hue,Hue City,304346,8.8,790,92,"[10.0/10] Rachel (United Kingdom, Couple): ""Clean room with AC, fan and balcony in a great location."" || [8.8/10] PAN (中国, Business traveler): ""The room was spotlessly clean and very comfortable."" || [10.0/10] Sean (中国, Solo traveler): ""You can book this place with complete confidence.""",Free Wi-Fi ; Free parking; Front desk [24-hour]; Restaurants; Bar; Airport transfer; Family room; Kitchen,https://www.agoda.com/amy-hostel-hue/hotel/hue-vn.html,https://pix8.agoda.net/hotelImages/1270314/0/10a8f3bbfa7329d78e85d3e2e3b8a8b9.jpg?ce=0
28523203,TOVO HOSTEL,0.0,33,Hotel,Hue,Hue City,170555,9.1,1259,88,"[9.6/10] kousuke (Japan, Solo traveler): ""If I go to Hue again, I will definitely book it again!"" || [10.0/10] Dian (Indonesia, Solo traveler): ""The property location was superb, near the walking street."" || [10.0/10] Megumi (Indonesia, Solo traveler): ""I booked a private room with a private shower and toilet.""",Free Wi-Fi ; Free parking; Front desk [24-hour]; Bar; Airport transfer; Family room; Kitchen; Luggage storage,https://www.agoda.com/tovo-hostel/hotel/hue-vn.html,https://pix8.agoda.net/hotelImages/28523203/-1/ef39afd424cbc1e9bc4dbeb9258a56c2.jpg?ca=23&ce=0
61208896,Nineties homestay,3.0,108,NonHotel,Hue,Hue City,233865,9.1,598,90,"[10.0/10] JUNJIE (中国, Solo traveler): ""What really stood out, though, was the reception staff."" || [10.0/10] Stefan (United States, Solo traveler): ""The breakfast alone was worth the price of staying there."" || [10.0/10] Jude (India, Solo traveler): ""The room and bathroom was very clean and well equipped.""",Free Wi-Fi ; Car park; Front desk [24-hour]; Shared kitchen; Luggage storage; Breakfast; Room service; Check-in/out [private],https://www.agoda.com/nineties-homestay-h61208896/hotel/hue-vn.html,https://pix8.agoda.net/hotelImages/61208896/0/bbb62ada3f47039d92d7db813b1b4d52.jpg?ce=0
42170600,a-maze house,4.0,108,NonHotel,Hue,Imperial Citadel,,9.4,611,97,"[10.0/10] Katerina (Germany, Couple): ""Great toilets and showers, also very clean at any time."" || [7.2/10] Chanh Luan (Vietnam, Solo traveler): ""Great place for a group of friend, family"" || [9.2/10] Laia (North Macedonia, Solo traveler): ""Lovely interiors, kind family""",Free Wi-Fi ; Free parking; Check-in/out [express]; Airport transfer; Shared kitchen; Luggage storage; Balcony/terrace; Garden,https://www.agoda.com/a-maze-house/hotel/hue-vn.html,https://q-xx.bstatic.com/xdata/images/hotel/max500/187914581.jpg?k=fcd98622d67637eb60e661a0212b3486f06f00a78045120a3a6c415f5a5f3a57&o=
412648,Moonlight Hotel Hue,4.0,34,Hotel,Hue,Hue City,1018663,8.8,3197,90,"[9.6/10] Graham (Australia, Couple): ""The staff were the highlight, could not do enough for us."" || [10.0/10] Peter (Australia, Couple): ""Beds are super comfortable too which is a rarity in Vietnam."" || [10.0/10] ALMA (Australia, Solo traveler): ""The room is spacious and clean, location is great!""",Free Wi-Fi ; Swimming pool; Free parking; Spa; Front desk [24-hour]; Fitness center; Restaurants; Bar,https://www.agoda.com/moonlight-hotel-hue/hotel/hue-vn.html,https://pix8.agoda.net/hotelImages/412/412648/412648_13060809180012724413.jpg?ca=0&ce=1
1266926,HOTEL LA PERLE,2.0,34,Hotel,Hue,Hue City,615863,9.4,3768,97,"[10.0/10] weimin (中国, Solo traveler): ""The facilities are in excellent condition, with an elevator."" || [10.0/10] Dale (United States, Group): ""Our rooms were large, modern, well appointed and very clean."" || [10.0/10] Varun Pradeep (India, Solo traveler): ""Excellent location, walking distance to hotels, market etc.""",Free Wi-Fi ; Front desk [24-hour]; Restaurants; Bar; Airport transfer; Family room; Shared kitchen; Luggage storage,https://www.agoda.com/hotel-la-perle/hotel/hue-vn.html,https://pix8.agoda.net/hotelImages/1266926/0/f2cd65dd1ca874b9d77974c401d50305.jpg?ce=0
28915518,The Sun Homestay,4.0,108,NonHotel,Hue,Hue City,307845,9.0,253,98,"[10.0/10] Minh (Vietnam, Business traveler): ""I stayed a few nights in different rooms, they are all nice."" || [10.0/10] DOUXIN (中国, Solo traveler): ""I will definitely stay here again when I come next time!"" || [10.0/10] Khôi (Việt Nam, Solo traveler): ""The room is very clean and the staff is really helpful.""",Free Wi-Fi ; Free parking; Front desk [24-hour]; Airport transfer; Shared kitchen; Luggage storage; Balcony/terrace; Garden,https://www.agoda.com/the-sun-homestay/hotel/hue-vn.html,https://pix8.agoda.net/hotelImages/28915518/-1/93efd8c879f8225efc73326e3f67d790.jpg?ca=24&ce=0
89287891,Vina Boutique Hotel,3.0,34,Hotel,Hue,Hue City,,9.0,84,,,Free Wi-Fi ; Front desk [24-hour]; Family room; Luggage storage; Breakfast; Room service; Laundry; Bicycle parking,https://www.agoda.com/vina-boutique-hotel-h89287891/hotel/huong-tra-vn.html,https://pix8.agoda.net/hotelImages/89287891/0/b521009fd9abb539c5c50219b89089b8.jpg?ce=3
80012436,Amy 2 Hostel Hue,4.0,33,Hotel,Hue,Hue City,,9.1,116,95,"[9.2/10] Fabrice (France, Solo traveler): ""Don't look further, this is the perfect stay in Hué."" || [10.0/10] Daniela (Deutschland, Solo traveler): ""The staff who take care of the cleaning are also super nice."" || [8.8/10] Alberte (Denmark, Couple): ""The room was clean, and the staff was very nice and helpful.""",Free Wi-Fi ; Free parking; Front desk [24-hour]; Restaurants; Bar; Yoga room; Airport transfer; Shared kitchen,https://www.agoda.com/amy-2-hostel/hotel/hue-vn.html,https://pix8.agoda.net/hotelImages/80012436/0/22c5fdffd96c4aef5ca6fe7863b7d3f6.jpg?ce=2
1409886,EMM Hotel Hue,0.0,34,Hotel,Hue,Hue City,1221293,9.1,2372,93,"[10.0/10] jeremy (Australia, Couple): ""Nice choices for breakfast and kind and friendly staff"" || [10.0/10] Stewart (Australia, Solo traveler): ""Nice pool and bar area with a very good restaurant attached."" || [8.8/10] Holger (Deutschland, Couple): ""I can, however, certainly recommend this well-managed hotel.""",Free Wi-Fi ; Swimming pool; Free parking; Front desk [24-hour]; Restaurants; Bar; Airport transfer; Family room,https://www.agoda.com/emm-hotel-hue_2/hotel/hue-vn.html,https://pix8.agoda.net/hotelImages/1409886/-1/f1196e2f57e8e0014c11246a7786ab3e.jpg?ce=0
239406,Sunny A Hotel,0.0,34,Hotel,Hue,Hue City,295490,9.0,2405,96,"[10.0/10] Huyền (Vietnam, Solo traveler): ""The staffs are awesome, they helped me a lot to book a tour."" || [10.0/10] Jutiporn (ไทย, Solo traveler): ""The staff provided good service and the room was very clean."" || [9.6/10] Long (Vietnam, Couple): ""I will definitely book Sunny hotel again next time to Huế.""",Free Wi-Fi ; Front desk [24-hour]; Massage; Airport transfer; Family room; Luggage storage; Room service; Business center,https://www.agoda.com/sunny-a-hotel/hotel/hue-vn.html,https://pix8.agoda.net/hotelImages/239406/-1/074fe1a76eb2992cf75e932b3122233c.jpg?ca=7&ce=1
63438551,Kly Luxury Hotel ,0.0,34,Hotel,Hue,Hue City,797564,9.0,669,88,"[9.6/10] Julina (Germany, Couple): ""Very clean and comfy and the staff is very nice."" || [9.6/10] Thuy (United States, Couple): ""Everything was great cleanliness and facility use."" || [9.6/10] Dexter (United Kingdom, Couple): ""Excellent value and location - just *** per night""",Free Wi-Fi ; Front desk [24-hour]; Airport transfer; Luggage storage; Tours; Laundry; Non-smoking rooms; Daily housekeeping,https://www.agoda.com/kly-luxury-hotel/hotel/hue-vn.html,https://pix8.agoda.net/hotelImages/63438551/0/de791dafa223646b4e7542c22bba54f7.jpg?ce=0
81839682,Lumiere Boutique Vy Da,0.0,34,Hotel,Hue,Hue City,1104588,8.7,312,84,"[9.6/10] Julia (Canada, Solo traveler): ""This hotel is very clean and the staff are very friendly."" || [10.0/10] Mini Melanie (United States, Family with older children): ""The staff are amazing and very attentive to their guests."" || [10.0/10] Mini Melanie (United States, Family with older children): ""I would definitely come back here for my next Hue trip.""",Free Wi-Fi ; Free parking; Spa; Front desk [24-hour]; Fitness center; Restaurants; Massage; Airport transfer,https://www.agoda.com/lumiere-boutique-vy-da/hotel/huong-tra-vn.html,https://pix8.agoda.net/hotelImages/81839682/0/cda26a0396ef7fa6542a2a06b82b3eb7.jpg?ce=3
88116630,Hue Ancient Hostel,0.0,34,Hotel,Hue,Hue City,,9.7,24,,"[10.0/10] Alvaro (Uruguay, Solo traveler): ""Muy limpio."" || [10.0/10] Alvaro (Uruguay, Solo traveler): ""Centrico y limpio""",Free Wi-Fi ; Free parking; Front desk [24-hour]; Airport transfer; Family room; Luggage storage; Pets allowed; Room service,https://www.agoda.com/hue-ancient-hostel/hotel/all/huong-tra-vn.html,https://q-xx.bstatic.com/xdata/images/hotel/max500/901620490.jpg?k=9900f592c9e32258b27e30198e2969a5bdb05291dc9acd1ec2c928fb50499c82&o=
14694836,Silk Path Grand Hue Hotel,5.0,34,Hotel,Hue,Hue City,3503078,9.3,2691,93,"[10.0/10] Quang (United States, Group): ""Staying at Silk Path is one of the best hotel in Hue."" || [10.0/10] Quang (United States, Group): ""Rooms are excellent and very comfortable."" || [10.0/10] Chau (United States, Couple): ""The excellent staff cannot do enough to please their guests.""",Free Wi-Fi ; Pool with view; Free parking; Spa; Front desk [24-hour]; Fitness center; Restaurants; Bar,https://www.agoda.com/silk-path-grand-hue-hotel-and-spa/hotel/hue-vn.html,https://pix8.agoda.net/hotelImages/14694836/0/83f84599c96048928cf1ffe976e0d0c1.jpg?ce=3
90309578,KunKin Boutique Garden Hue,4.0,34,Hotel,Hue,Imperial Citadel,,8.8,34,89,"[10.0/10] Anh (Vietnam, Couple): ""Great Location with Spacious Room"" || [8.0/10] Đức (Vietnam, Couple): ""Staff very nice and supportive."" || [8.0/10] Đức (Vietnam, Couple): ""Nice staff""",Free Wi-Fi ; Swimming pool; Free parking; Front desk [24-hour]; Airport transfer; Family room; Shared kitchen; Luggage storage,https://www.agoda.com/kunkin-boutique-garden-hotel/hotel/hue-vn.html,https://pix8.agoda.net/hotelImages/90309578/0/a85e86c9a84770c5df0ff743127d5b44.jpg?ce=3
76059657,Magnolia Boutique Hue,4.0,34,Hotel,Hue,Hue City,1601953,9.0,356,92,"[10.0/10] Dai (United States, Family with older children): ""The breakfast had a lot of options and was excellent."" || [10.0/10] Tu (Việt Nam, Couple): ""The room was so amazing, even better than on photos."" || [9.6/10] Jack (New Zealand, Group): ""Perfect clean and comfortable spot for our stop in Hue.""",Free Wi-Fi ; Free parking; Front desk [24-hour]; Restaurants; Shuttle service; Family room; Luggage storage; Tours,https://www.agoda.com/magnolia-boutique-hue/hotel/hue-vn.html,https://pix8.agoda.net/hotelImages/76059657/0/5901bf5b37d5d11474738d42ab6ce020.jpg?ce=3
7427857,Chi Homestay #4,0.0,33,Hotel,Hue,Imperial Citadel,355365,9.8,855,100,"[9.6/10] Linwan (中国, Solo traveler): ""Everything was sparkling clean and thoughtfully arranged."" || [10.0/10] Edith (Australia, Couple): ""We look forward to returning next time we are in Hue!"" || [10.0/10] Anna (Таиланд, Solo traveler): ""This was, without a doubt, my favorite place to stay in Hue.""",Free Wi-Fi ; Free parking; Check-in/out [express]; Fitness center; Airport transfer; Family room; Shared kitchen; Luggage storage,https://www.agoda.com/chi-homestay-4/hotel/all/hue-vn.html,https://q-xx.bstatic.com/xdata/images/hotel/max500/347361531.jpg?k=ff5208f064e91710a6f8b7cf428f333cc1d5e5567cc00813ccbf3cc8376e0072&o=
75684859,Le Carré Hue,0.0,34,Hotel,Hue,Hue City,1585213,9.2,414,91,"[8.4/10] Prati (Cambodia, Couple): ""The room was perfect—clean, comfortable, and very well kept."" || [10.0/10] REMI (France, Couple): ""This hotel is new, and that really makes the difference."" || [8.4/10] Anne (United States, Solo traveler): ""But super comfortable bed, wonderful staff, spotless room.""",Free Wi-Fi ; Pool with view; Car park; Front desk [24-hour]; Bar; Luggage storage; Breakfast; Laundry,https://www.agoda.com/le-carre-hue/hotel/hue-vn.html,https://pix8.agoda.net/hotelImages/75684859/0/f65691dd38a7d933712f5580c4fc172c.jpg?ce=2
42170608,Tram Homestay,3.5,108,NonHotel,Hue,Imperial Citadel,343235,8.7,318,88,"[9.6/10] Noemie (Vietnam, Solo traveler): ""This place is very beautiful and worth to spend some nights."" || [9.6/10] Nhi (Vietnam, Couple): ""If have opportunities next time back Hue i will stay here."" || [9.2/10] Anh (Vietnam, Group): ""Fantastic Homestay""",Free Wi-Fi ; Free parking; Family room; Balcony/terrace; Garden; Breakfast; Non-smoking rooms; On-site activity,https://www.agoda.com/tram-homestay-h9044758/hotel/bou-aie-ha-vn.html,https://pix8.agoda.net/hotelImages/42170608/0/9e1ec54f54b73c7348691955168e5537.jpeg?ce=0
58345900,KLY Apartment Hotel,0.0,34,Hotel,Hue,Hue City,503266,8.7,323,88,"[10.0/10] Tan (Singapore, Couple): ""Very nice hotel and staff are very welcoming and hospitable."" || [8.8/10] Erick (Malaysia, Solo traveler): ""If you're looking for a short stay, this is a great option."" || [10.0/10] Thai Van (Việt Nam, Solo traveler): ""The staff is super friendly, very helpful.""",Check-in [24-hour]; Family room; English; Vietnamese; Family/child friendly,https://www.agoda.com/rhm-apartment-hotel-k-l-y-h58345900/hotel/hue-vn.html,https://pix8.agoda.net/hotelImages/58345900/-1/6172c05f2f2ba472c9df398ea4f060be.jpg?ce=0
77571534,WINPI Homestay,1.0,32,Hotel,Hue,Perfume River,,7.6,29,,"[10.0/10] Andi Utari (Vietnam, Couple): ""The room was clean, with fresh towels and bed sheets."" || [10.0/10] Andi Utari (Vietnam, Couple): ""We had a great time staying at Winpi Homestay!"" || [10.0/10] Andi Utari (Vietnam, Couple): ""The owner is friendly, attentive, and helpful.""",Free Wi-Fi ; Free parking; Bar; Family room; Balcony/terrace; Smoke-free property; Daily housekeeping; Air conditioning in public area,https://www.agoda.com/winpi-homestay/hotel/hue-vn.html,https://q-xx.bstatic.com/xdata/images/hotel/max500/481266412.jpg?k=ca770eaa4981d0c1ba32f260d477aa8d5e0d37669f042b16dfad209fb21eb41d&o=
64024157,1979 Homestay 2,3.5,108,NonHotel,Hue,Imperial Citadel,,8.7,305,85,"[10.0/10] Jai (India, Solo traveler): ""And the location was perfect for exploring the city."" || [10.0/10] Abigail (Vietnam, Solo traveler): ""They offer free filtered water and free ice from the fridge."" || [10.0/10] Mahaut (France, Couple): ""Very clean and lot of space !""",Free Wi-Fi ; Free parking; Front desk [24-hour]; Airport transfer; Family room; Shared kitchen; Luggage storage; Garden,https://www.agoda.com/1979-homestay-2/hotel/hue-vn.html,https://pix8.agoda.net/hotelImages/64024157/0/587f0f4cd619c961fbbd783bb778f889.jpg?ce=2
87344617,Nana Villa Hue,4.5,29,NonHotel,Hue,Hue City,,9.2,703,,,Free Wi-Fi ; Free parking; Front desk [24-hour]; Water park; Airport transfer; Family room; Shared kitchen; Luggage storage,https://www.agoda.com/nana-villa-hue/hotel/hue-vn.html,https://pix8.agoda.net/hotelImages/87344617/0/f3684d9d3034f8e8fcd6b5af96e87a33.jpg?ce=3
5710150,Hue Nino Hotel,2.0,34,Hotel,Hue,Hue City,,9.1,1844,86,"[8.4/10] Frank (Nederland, Solo traveler): ""I had a very pleasant 6-day stay in Hue at Hue Seno Hotel."" || [8.4/10] Frank (Nederland, Solo traveler): ""I had a very pleasant 6-day stay in Hue at Hue Nino Hotel."" || [10.0/10] Electa (United States, Group): ""Rooms are spacious with elegant beds and decor.""",Free Wi-Fi ; Swimming pool; Free parking; Front desk [24-hour]; Restaurants; Happy hour; Airport transfer; Family room,https://www.agoda.com/hue-nino-hotel_7/hotel/hue-vn.html,https://pix8.agoda.net/hotelImages/5710150/-1/63143fc02586eb4af8849b42f82cd7cd.jpg?ca=9&ce=1
32197914,Spatel d'Annam - Imperial Boutique Spa & Hotel,4.0,34,Hotel,Hue,Imperial Citadel,1611509,9.2,2121,94,"[10.0/10] Kailun (Australia, Solo traveler): ""I booked one night and added 3 more nights staying here."" || [10.0/10] Kailun (Australia, Solo traveler): ""The hotel is super clean and everywhere smells so good."" || [8.8/10] Ian (Australia, Couple): ""The breakfast provided was delicious with good variety.""",Beach; Free Wi-Fi ; Swimming pool; Free parking; Spa; Front desk [24-hour]; Restaurants; Bar,https://www.agoda.com/spatel-d-annam-hotel/hotel/hue-vn.html,https://pix8.agoda.net/hotelImages/32197914/-1/6c2b7f24f18c3fce0c80338a6b2ada92.jpg?ce=0
67098247,CONIHOUSE - Homestay & Villa,5.0,32,Hotel,Hue,Hue City,818472,8.2,246,,"[10.0/10] Daniil (Вьетнам, Couple): ""Amazing value for money."" || [10.0/10] Daniil (Вьетнам, Couple): ""Highly recommend!""",Free Wi-Fi ; Free parking; Front desk [24-hour]; Airport transfer; Family room; Balcony/terrace; Laundry; Taxi service,https://www.agoda.com/conihouse-homestay-villa/hotel/hue-vn.html,https://pix8.agoda.net/hotelImages/67098247/0/4b6082648a973153d310c0204acf8c56.jpg?ce=2
41198522,The Chum Boutique,3.0,34,Hotel,Hue,Hue City,842276,9.2,1809,92,"[10.0/10] Ben (Australia, Family with young children): ""This was our favourite place of our 3 week trip to Vietnam."" || [9.6/10] Khang (Vietnam, Couple): ""A huge thanks to the staff for their enthusiastic support."" || [8.8/10] J Tioria M (Indonesia, Couple): ""If I come again to Hue, I will stay here again.""",Free Wi-Fi ; Free parking; Check-in [24-hour]; Sauna; Airport transfer; Family room; Luggage storage; Hot tub,https://www.agoda.com/the-chum-boutique/hotel/hue-vn.html,https://pix8.agoda.net/hotelImages/41198522/-1/06d2862ec5532161c11bda6fef7f9db4.jpg?ce=0
90246763,Thien Y Villas,4.5,28,NonHotel,Hue,Imperial Citadel,,8.5,12,,"[9.6/10] Hannah (Australia, Couple): ""The rooms are stunning with ornate features and tiling."" || [9.6/10] Hannah (Australia, Couple): ""Beds are large and comfortable with lush linens."" || [9.6/10] Hannah (Australia, Couple): ""Gorgeous villas, everything is thought of.""",Free Wi-Fi ; Swimming pool; Free parking; Shared kitchen; Luggage storage; Balcony/terrace; Garden; Breakfast,https://www.agoda.com/thien-y-villas/hotel/hue-vn.html,https://pix8.agoda.net/hotelImages/90246763/0/ca684fdcf98064dd2fd13e602ecd86d0.png?ce=3
84904762,Hue Loving Home & Cafe,3.5,108,NonHotel,Hue,Hue City,,9.2,439,,"[10.0/10] NINGYU (中国, Solo traveler): ""The breakfast and location were both fantastic."" || [9.2/10] Hao (泰国, Solo traveler): ""The staff at the hostel are very friendly and kind hearted."" || [9.2/10] Hao (泰国, Solo traveler): ""It’s a very quiet and peaceful place to stay.""",Free Wi-Fi ; Free parking; Front desk [24-hour]; Bar; Airport transfer; Shared kitchen; Luggage storage; Balcony/terrace,https://www.agoda.com/pink-lotus-home-and-cafe/hotel/huong-tra-vn.html,https://pix8.agoda.net/hotelImages/84904762/0/e5fccbc136af91bdc93cb08343df815d.jpg?ce=3
11002,Huong Giang Hotel Resort & Spa,4.0,37,Hotel,Hue,Perfume River,1768043,8.5,4486,94,"[10.0/10] Karen (Australia, Couple): ""Great location, friendly staff, great food and great value."" || [10.0/10] mychelle (United States, Group): ""Clean facility, great decorations, and exceptional staffs."" || [10.0/10] Hoàng Anh (Vietnam, Family with young children): ""Our room was spotless and the Wi-Fi worked perfectly.""",Free Wi-Fi ; Free parking; Front desk [24-hour]; Fitness center; Restaurants; Bar; Airport transfer; Family room,https://www.agoda.com/huong-giang-hotel-resort-spa/hotel/hue-vn.html,https://pix8.agoda.net/hotelImages/11002/0/92e368ad2d1b727edcc0f8e98e6975f1.png?ce=3
625344,Ruby Hotel,2.0,34,Hotel,Hue,Hue City,566053,9.1,1251,88,"[10.0/10] Ryan (Canada, Solo traveler): ""Great location just off Chu Van An walking street."" || [8.8/10] Audrey (Malaysia, Family with older children): ""Great hotel at a great location! Perfect for walking around."" || [9.6/10] Steve (United States, Group): ""Warm friendly staff, clean room with nice views of the city.""",Free Wi-Fi ; Free parking; Check-in/out [express]; Fitness center; Restaurants; Water park; Airport transfer; Luggage storage,https://www.agoda.com/hong-thien-ruby-hotel/hotel/hue-vn.html,https://pix8.agoda.net/hotelImages/625/625344/625344_16092310530046828438.jpg?ca=6&ce=1
16093065,A25 Premium  Hotel - 29 Thác Bạc - Sapa ,3.0,34,Hotel,Sapa,Sa Pa City Center,855521,9.1,822,94,"[10.0/10] Alex (Vietnam, Solo traveler): ""Room was clean and comfortable and the staff helpful."" || [10.0/10] Kevin (Philippines, Solo traveler): ""Their Pho from their breakfast was one of its highlights."" || [10.0/10] Narathorn (Thailand, Couple): ""The room is clean and provided shampoo is Estee lauder.""",Free Wi-Fi ; Front desk [24-hour]; Restaurants; Family room; Luggage storage; Pets allowed; Room service; Business center,https://www.agoda.com/a25-hotel-29-thac-b-c-sapa/hotel/sapa-vn.html,https://pix8.agoda.net/hotelImages/16093065/0/a296be546dd8ea2a7e55677ac95bbb01.png?ce=3
71165203,Brocade Backpacker,2.0,33,Hotel,Sapa,Sa Pa City Center,139450,8.8,307,92,"[10.0/10] Jayrald Steve (Philippines, Solo traveler): ""The staff were very helpful, accommodating, and responsive."" || [10.0/10] Anna (Philippines, Solo traveler): ""Will definitely book here again when I get back to Sa Pa."" || [10.0/10] Florence May (Thailand, Solo traveler): ""The place was clean, comfortable, and well-maintained.""",Free Wi-Fi ; Free parking; Front desk [24-hour]; Restaurants; Shuttle service; Luggage storage; Pub crawl; Tours,https://www.agoda.com/brocade-backpacker/hotel/sapa-vn.html,https://q-xx.bstatic.com/xdata/images/hotel/max500/681978515.jpg?k=fd8e9775dc9f58b02139dfc2326569d4f58769d4f95ee50c903068d85d748b54&o=
47266922,Palette H&T Central Sapa Luxury Hotel,3.0,34,Hotel,Sapa,Sa Pa City Center,,8.2,24,82,"[10.0/10] Abbey (Australia, Solo traveler): ""I would happily stay again on my next visit."" || [10.0/10] Abbey (Australia, Solo traveler): ""The perfect little base in sapa"" || [10.0/10] joharry (Vietnam, Couple): ""Nice and recommended stay""",Free Wi-Fi ; Front desk [24-hour]; Restaurants; Luggage storage; Room service; Non-smoking rooms; Daily housekeeping; Elevator,https://www.agoda.com/h-t-luxury-hotel/hotel/sapa-vn.html,https://pix8.agoda.net/hotelImages/47266922/0/ca41cb008e0c2eda4c166dc251f6bc68.png?ce=3
18588658,Mega View Homestay,5.0,108,NonHotel,Sapa,Sa Pa City Center,681960,8.9,2182,83,"[10.0/10] Adeline (Singapore, Group): ""We loved talking to the host and totally enjoyed our stay."" || [8.8/10] Dave (Philippines, Solo traveler): ""What made the stay truly special, though, was the homeowner."" || [8.8/10] Lim (Singapore, Couple): ""Loved this home stay, it was the highlight of our sapa trip.""",Free Wi-Fi ; Front desk [24-hour]; Restaurants; Bar; Massage; Airport transfer; Family room; Luggage storage,https://www.agoda.com/mega-view-homestay/hotel/sapa-vn.html,https://pix8.agoda.net/hotelImages/18588658/-1/81c11b3c9bc6f7d4b0aecc2d3b7b1883.jpg?ca=16&ce=1
56865839,Nhật's Sapa Central Hostel,2.0,29,NonHotel,Sapa,Sa Pa City Center,191161,7.8,79,,"[9.2/10] Samuel (South Korea, Solo traveler): ""Nice place to stay in for one or two nights."" || [9.2/10] Samuel (South Korea, Solo traveler): ""It is possible to book tours directly in the hostel."" || [9.2/10] Samuel (South Korea, Solo traveler): ""Great capsule hostel in Sapa""",Free Wi-Fi ; Front desk [24-hour]; Laundry; Non-smoking rooms; Daily housekeeping; Themed rooms; Toiletries; Fireplace,https://www.agoda.com/nh-t-s-sapa-central-hostel/hotel/sapa-vn.html,https://pix8.agoda.net/hotelImages/56865839/0/6af752c36e78672b549e1f17857bf5eb.jpg?ce=2
76249262,SAPA HUB hostel,0.0,33,Hotel,Sapa,Sa Pa City Center,292509,9.5,2497,93,"[10.0/10] Gladies (Indonesia, Solo traveler): ""I totally recommend this hotel for your Sapa trip."" || [10.0/10] Maria Lourdes (Philippines, Couple): ""Great place and very accommodating staffs!"" || [10.0/10] carren (Philippines, Family with young children): ""We we'll surely book here again in the future!""",Balcony/terrace; Garden; Tours; Smoke-free property; Game room; Dry cleaning; Shared lounge/TV area; English,https://www.agoda.com/sapa-hub-hostel/hotel/all/sapa-vn.html,https://q-xx.bstatic.com/xdata/images/hotel/max500/717262747.jpg?k=39e7ee70c5e8e35f10224cfc8a5ca096a790f78427f70df63a47fbdec4e37c9c&o=
73826022,Central Sapa July House,0.0,34,Hotel,Sapa,Sa Pa City Center,403318,9.0,415,86,"[8.8/10] SAI KIT (Hong Kong SAR, China, Group): ""Overall, we had a great time and would recommend this hotel."" || [10.0/10] Olivia (United Kingdom, Family with older children): ""I really enjoyed our stay in the Central Sapa July House."" || [10.0/10] Saida Falkou (Deutschland, Solo traveler): ""Everything felt so comfortable and beautifully designed.""",Free Wi-Fi ; Free parking; Front desk [24-hour]; Restaurants; Bar; Airport transfer; Family room; Luggage storage,https://www.agoda.com/central-sapa-july-house/hotel/sapa-vn.html,https://pix8.agoda.net/hotelImages/73826022/0/f034577968bb2b83afad68fac345cba1.jpg?ce=2
8099799,KK Sapa Hotel,0.0,34,Hotel,Sapa,Sa Pa City Center,2436107,9.2,11414,96,"[10.0/10] Maelyssa (Singapore, Family with young children): ""Overall, this is a hotel I would absolutely return to."" || [10.0/10] Maelyssa (Singapore, Family with young children): ""Highly recommended if you are travelling with family."" || [10.0/10] Jona (Philippines, Family with young children): ""I highly recommend it to anyone looking for a flawless stay.""",Free Wi-Fi ; Swimming pool; Free parking; Spa; Front desk [24-hour]; Fitness center; Restaurants; Bar,https://www.agoda.com/kk-sapa-hotel/hotel/sapa-vn.html,https://pix8.agoda.net/hotelImages/8099799/-1/cd26223a233cf8e3ddb79ed6258d8bc7.jpg?ca=12&ce=1
77187476,Saparis Station Hostel & Travel,3.0,34,Hotel,Sapa,Sa Pa City Center,469570,8.4,856,84,"[10.0/10] Marj (Philippines, Couple): ""Overall, we truly enjoyed our stay and highly recommend it!"" || [10.0/10] Reynaldo Jr. (Philippines, Group): ""Value for money is very good, actually one of the best deal."" || [10.0/10] Reynaldo Jr. (Philippines, Couple): ""They made our stay very comfortable.""",Free Wi-Fi ; Free parking; Foot bath; Front desk [24-hour]; Restaurants; Bar; Airport transfer; Family room,https://www.agoda.com/saparis-station-hostel-travel/hotel/sapa-vn.html,https://pix8.agoda.net/property/77187476/0/494f2c3cd87c4e460f3589cb005e4db5.jpeg
77049496,Glow SaPa Hotel,3.0,135,Hotel,Sapa,Sa Pa City Center,731510,9.4,689,94,"[10.0/10] Jahan (Vietnam, Solo traveler): ""The room was clean, comfortable, and everything was perfect."" || [10.0/10] Benjamin (Vietnam, Solo traveler): ""Great hotel"" || [10.0/10] Rhoda (United Kingdom, Couple): ""Overall we would come here again and rate this place highly!""",Free Wi-Fi ; Free parking; Spa; Front desk [24-hour]; Fitness center; Restaurants; Massage; Airport transfer,https://www.agoda.com/glow-sapa-hotel/hotel/sapa-vn.html,https://pix8.agoda.net/hotelImages/77049496/0/9b00643bc6d2dfcd98c04357befec5be.jpg?ce=2
14695708,Sapa Paramount Hotel,3.0,34,Hotel,Sapa,Sa Pa City Center,,8.2,510,,"[9.6/10] Pao (Philippines, Solo traveler): ""The room was spacious and the bed itself was comfortable"" || [10.0/10] Luzviminda Bernardo (Philippines, Group): ""The host is very accommodating, welcoming and approachable."" || [10.0/10] Luzviminda Bernardo (Philippines, Group): ""The place is very accessible to the Sapa Center.""",Free Wi-Fi ; Free parking; Front desk [24-hour]; Restaurants; Airport transfer; Family room; Kitchen; Luggage storage,https://www.agoda.com/sapa-paramount-hotel/hotel/sapa-vn.html,https://q-xx.bstatic.com/xdata/images/hotel/max500/460220451.jpg?k=f70de5eefa39bc59f3fb7f46ed466a90ce71934bf0f7dd867d12f93191a6847f&o=
80582219,Sapa Central House,3.0,32,Hotel,Sapa,Sa Pa City Center,276864,8.7,187,86,"[9.6/10] Kathrina Kc Crisandra (Philippines, Solo traveler): ""About the room, it’s quite decent and comfy for the price."" || [10.0/10] Lucy (Australia, Group): ""Clean room, hot water, air conditioning, and lovely staff."" || [10.0/10] Omkar (India, Family with young children): ""Location staff and Hotel is totally nice and friendly...""",Beach; Free Wi-Fi ; Swimming pool; Spa; Front desk [24-hour]; Restaurants; Bar; Massage,https://www.agoda.com/sapa-central-house/hotel/sapa-vn.html,https://pix8.agoda.net/hotelImages/80582219/0/f62f7ea6fced1185c8e8ed178147601e.jpg?ce=3
1187717,Canvas Sapa Legend Hotel,3.5,34,Hotel,Sapa,Sa Pa City Center,2485951,8.5,1277,,"[10.0/10] Low (Singapore, Couple): ""The wholesome daily breakfast was a great start each day."" || [10.0/10] Low (Singapore, Couple): ""The room offered a beautiful view of Sapa Lake."" || [10.0/10] HASNI (Malaysia, Couple): ""Room condition is clean, new and super comfortable bed.""",Free Wi-Fi ; Free parking; Spa; Front desk [24-hour]; Fitness center; Restaurants; Bar; Massage,https://www.agoda.com/sapa-legend-hotel-spa/hotel/sapa-vn.html,https://pix8.agoda.net/hotelImages/1187717/0/cd3bbddb3785309345c85aedaf70bbc2.png?ce=3
75699250,Hotel Montmartre de Sapa,4.0,34,Hotel,Sapa,Sa Pa City Center,,9.6,117,98,"[10.0/10] Stella  (United States, Couple): ""The staff were very helpful and always ready to assist."" || [10.0/10] Stella  (United States, Couple): ""The rooms were clean, tidy, and comfortable."" || [10.0/10] Teresa (Việt Nam, Couple): ""Staff were super friendly and the service was great.""",Free Wi-Fi ; Free parking; Front desk [24-hour]; Restaurants; Bar; Airport transfer; Family room; Luggage storage,https://www.agoda.com/hotel-montmartre-de-sapa/hotel/sapa-vn.html,https://pix8.agoda.net/hotelImages/75699250/0/1d40878ba4bfc0d27d52ca521ef18797.jpg?ce=3
71558148,Quiet Sapa Hotel,4.0,34,Hotel,Sapa,Sa Pa City Center,1139043,9.1,743,90,"[9.2/10] Genesis (Philippines, Couple): ""Staff really did their best, and this cannot be discounted."" || [10.0/10] Lawrenz (Philippines, Family with young children): ""Our room was overlooking the lake and it was breathtaking."" || [9.6/10] Vandana Jigjinni (India, Solo traveler): ""I stayed here for 3 nights and had an amazing experience.""",Free Wi-Fi ; Free parking; Spa; Front desk [24-hour]; Restaurants; Bar; Massage; Airport transfer,https://www.agoda.com/quiet-sapa-hotel/hotel/sapa-vn.html,https://pix8.agoda.net/hotelImages/71558148/0/2262cd9e3b3ce53e868b3204f3700e01.jpg?ce=2
30613732,Green Sapa Homestay,5.0,29,NonHotel,Sapa,Sa Pa City Center,298497,8.7,812,93,"[10.0/10] Yunxiu (澳大利亚, Solo traveler): ""The staff members are friendly and helpful whenever I need."" || [10.0/10] Kaushik (India, Solo traveler): ""By far the best homestay I stayed in Vietnam."" || [9.6/10] PIOTR (Polska, Solo traveler): ""Nice and clean rooms comfy beds with electric blankets.""",Beach; Free Wi-Fi ; Free parking; Spa; Front desk [24-hour]; Restaurants; Bar; Golf course (within 3 km),https://www.agoda.com/green-homestay-sapa/hotel/sapa-vn.html,https://pix8.agoda.net/hotelImages/30613732/0/f21d700b74b578a48b7b53fd5a2b4e7f.jpg?ce=2
5902358,My Boutique Hotel & Spa,4.0,34,Hotel,Sapa,Sa Pa City Center,1615086,8.8,2112,,"[10.0/10] Pinyalak (Thailand, Group): ""The room also have a spectacular view of Sapa mountains."" || [9.6/10] Brett (Vietnam, Couple): ""Beds most comfortable we stayed in our 4 week Vietnam trip."" || [10.0/10] M (Vietnam, Solo traveler): ""When I arrived I was pleasantly surprised to a room upgrade.""",Free Wi-Fi ; Free parking; Spa; Front desk [24-hour]; Fitness center; Happy hour; Massage; Airport transfer,https://www.agoda.com/my-boutique-hotel-spa/hotel/sapa-vn.html,https://pix8.agoda.net/hotelImages/5902358/-1/93ef12e264fca9bee41e8fe81c9b7889.jpg?ca=9&ce=1
1275517,Zizi Mekhoo Sapa Homestay,4.0,108,NonHotel,Sapa,Lao Chải Tả Ván,,9.1,919,89,"[10.0/10] sasikorn (Thailand, Solo traveler): ""Ended up extending our stay here in Sa Pa with Zizi."" || [9.6/10] James (United States, Solo traveler): ""The owners are lovely and the place itself is gorgeous."" || [9.2/10] Michael (United States, Solo traveler): ""Excellent location for trekking to nearby villages.""",Free Wi-Fi ; Free parking; Front desk [24-hour]; Bar; Airport transfer; Family room; Kitchen; Luggage storage,https://www.agoda.com/zizi-mekhoo-sapa-homestay_2/hotel/sapa-vn.html,https://pix8.agoda.net/hotelImages/1275517/-1/72cb19321b3c1025465b88b0bc20fa22.jpg?ce=0
64607990,Central Sapa Serenity Homestay,4.0,108,NonHotel,Sapa,Sa Pa City Center,680093,8.6,725,93,"[10.0/10] Enda (Ireland, Solo traveler): ""Serenity Homestay was the perfect choice for my 4-week stay."" || [10.0/10] Megan  (United Kingdom, Couple): ""The electric blanket was amazing in the cold weather."" || [10.0/10] Megan  (United Kingdom, Couple): ""The rooms are also very comfortable, cosy and clean.""",Free Wi-Fi ; Front desk [24-hour]; Restaurants; Bar; Airport transfer; Family room; Luggage storage; Pets allowed,https://www.agoda.com/central-sapa-serenity-homestay/hotel/sapa-vn.html,https://pix8.agoda.net/hotelImages/64607990/0/ebd9c39743ec2a219a695278c8e6c72c.jpg?ce=0
86593269,The Trekker's SaPa Home ,3.0,111,Hotel,Sapa,Lao Chải Tả Ván,,9.4,111,98,"[10.0/10] Andrew (United Kingdom, Solo traveler): ""Chin Chin is a gem, lovely to chat to and very helpful."" || [10.0/10] Andrew (United Kingdom, Solo traveler): ""Lovely home stay in a cute village."" || [9.6/10] Avery (Vietnam, Solo traveler): ""I couldn’t say enough good things about this place.""",Free Wi-Fi ; Free parking; Foot bath; Front desk [24-hour]; Restaurants; Bar; Massage; Airport transfer,https://www.agoda.com/the-trekker-s-sapa-home/hotel/sapa-vn.html,https://pix8.agoda.net/hotelImages/86593269/0/ed1cb9a6cd04b57b18d617e1027e21d6.jpg?ce=3
14695573,Camellia Guest House,0.0,32,Hotel,Sapa,Sa Pa City Center,,8.5,359,82,"[10.0/10] Jumpoon (ไทย, Solo traveler): ""The staff were very warm and offered wonderful hospitality."" || [10.0/10] Sheela (Philippines, Couple): ""This is a perfect location if you wanna be in the center."" || [9.6/10] Adri (Indonesia, Couple): ""I’m really glad we found Camellia Guest House in Sapa.""",Free Wi-Fi ; Car park; Front desk [24-hour]; Restaurants; Bar; Airport transfer; Family room; Luggage storage,https://www.agoda.com/camellia-guest-house/hotel/sapa-vn.html,https://pix8.agoda.net/hotelImages/14695573/-1/908d9d68a7f56e7ac3a231069c193f6c.jpg?ca=11&ce=1
58688091,Sapa Praha Hotel,4.0,34,Hotel,Sapa,Sa Pa City Center,1419691,9.2,1191,93,"[10.0/10] maryjane (United Arab Emirates, Group): ""Highly recommend this place—great value for the price."" || [10.0/10] Daniel (United States, Family with young children): ""Staff are so kind and go out of their way for guests."" || [9.6/10] anna sheila marie (Philippines, Couple): ""Having such a nice staff makes everything better.""",Free Wi-Fi ; Free parking; Spa; Front desk [24-hour]; Restaurants; Bar; Massage; Airport transfer,https://www.agoda.com/sapa-praha-hotel-h58696205/hotel/sapa-vn.html,https://pix8.agoda.net/hotelImages/58688091/-1/8266f5e59423395d1baebecd753274bc.jpg?ce=0
18516076,Sapa CatCat Hills Resort & Spa,4.0,37,Hotel,Sapa,Sa Pa City Center,12097849,8.9,4869,90,"[10.0/10] linda (United States, Couple): ""The view of the mountains was amazing and very relaxing."" || [10.0/10] Aleck (Australia, Couple): ""There’s an infinity pool with an outstanding view."" || [8.8/10] Zhenyu (Singapore, Family with older children): ""We stayed in the family suite with the most gorgeous views.""",Free Wi-Fi ; Pool with view; Free parking; Front desk [24-hour]; Fitness center; Restaurants; Bar; Massage,https://www.agoda.com/sapa-catcat-hills-resort-spa/hotel/sapa-vn.html,https://pix8.agoda.net/hotelImages/18516076/0/d51026e481bff0ac95e4bfdcf1b4bf2f.jpg?ce=0
83780778,HARMONY HAVEN HOTEL,2.0,34,Hotel,Sapa,Sa Pa City Center,503024,9.3,165,93,"[10.0/10] Nico (Philippines, Couple): ""And the staff were exceptionally friendly and helpful."" || [10.0/10] Roselle (Philippines, Couple): ""What we loved the most was the accommodating owner."" || [10.0/10] Rannie (Australia, Couple): ""I will stay here again if I will come back in Sapa.""",Free Wi-Fi ; Free parking; Front desk [24-hour]; Family room; Luggage storage; Pets allowed; Balcony/terrace; Breakfast takeaway service,https://www.agoda.com/harmony-haven-hotel/hotel/sapa-vn.html,https://pix8.agoda.net/hotelImages/83780778/0/fb2dd9da434109661e5dc85e676e981b.jpg?ce=3
77497818,Fansipan Terrace Cafe and Homestay,3.0,108,NonHotel,Sapa,Sa Pa City Center,694358,8.6,116,90,"[10.0/10] Elroy (Malaysia, Group): ""It’s easily the best place I’ve stayed during my trip."" || [10.0/10] Tracy (Philippines, Group): ""The food they serve in their restaurant is worth the price."" || [9.6/10] Christina (Philippines, Couple): ""We loved our stay here that we extended another night.""",Free Wi-Fi ; Car park; Airport transfer; Family room; Balcony/terrace; Room service; Tours; Check-in/out [private],https://www.agoda.com/fansipan-terrace-cafe-and-homestay/hotel/sapa-vn.html,https://pix8.agoda.net/hotelImages/77497818/0/14807f9b7ce09f010aad714272bf2064.jpeg?ce=2
92212501,Sapa Station Hotel,3.0,34,Hotel,Sapa,Sa Pa City Center,,10.0,8,,"[10.0/10] Kathy (United States, Solo traveler): ""The room view is amazing, totally worth the money!"" || [10.0/10] Lập (Việt Nam, Solo traveler): ""Nice service, good location, friendly host"" || [10.0/10] Kathy (United States, Solo traveler): ""Right in the center of Sapa, just a few steps to the lake.""",Free Wi-Fi ; Free parking; Front desk [24-hour]; Restaurants; Airport transfer; Family room; Kitchen; Luggage storage,https://www.agoda.com/sapa-station-hotel/hotel/sapa-vn.html,https://pix8.agoda.net/hotelImages/92212501/0/f1ed3d2ee5cb61a6f9a22d87e68b22a1.jpg?ce=3
73179858,Sapa Hidden Gem Hotel & Spa,3.0,34,Hotel,Sapa,Sa Pa City Center,611383,8.1,224,,"[8.0/10] ma percila (Philippines, Solo traveler): ""Friendly and helpful staff"" || [10.0/10] Cherry Mae (Philippines, Group): ""We stayed there for one night, and our stay was great!"" || [8.0/10] ma percila (Philippines, Solo traveler): ""And a welcoming atmosphere""",Free Wi-Fi ; Free parking; Spa; Front desk [24-hour]; Restaurants; Bar; Massage; Airport transfer,https://www.agoda.com/sapa-friendly-inn-travel/hotel/sapa-vn.html,https://pix8.agoda.net/hotelImages/73179858/0/476fa397ab146a447afe0799adb269ab.jpg?ce=2
1031263,Sapa Mimosa Hotel,2.0,34,Hotel,Sapa,Sa Pa City Center,511405,8.2,1224,85,"[10.0/10] Sam (Philippines, Group): ""The rooms were spotless and quiet, ensuring a restful sleep."" || [8.8/10] Tess  (Philippines, Group): ""It was convenient, comfortable, and family-friendly."" || [10.0/10] HANISA (Malaysia, Group): ""The room is spacious, clean and the bed got heater.""",Free Wi-Fi ; Free parking; Front desk [24-hour]; Restaurants; Airport transfer; Family room; Luggage storage; Pets allowed,https://www.agoda.com/sapa-mimosa-hotel/hotel/sapa-vn.html,https://pix8.agoda.net/hotelImages/1031263/-1/fe2e8dbecee421eaf13368c8e777b39f.jpg?ca=0&ce=1
5831353,Pistachio Hotel Sapa,4.0,34,Hotel,Sapa,Sa Pa City Center,2883662,9.3,11334,94,"[10.0/10] Jeanrose (Philippines, Couple): ""The room was spacious, spotless, and beautifully designed."" || [10.0/10] Won Young (South Korea, Couple): ""They made sure our stay in Sapa was comfortable and fun."" || [10.0/10] Karan (Singapore, Couple): ""Location is 10/0 good view plus easily accessible to centre.""",Free Wi-Fi ; Pool with view; Free parking; Spa; Front desk [24-hour]; Fitness center; Restaurants; Bar,https://www.agoda.com/pistachio-hotel-sapa/hotel/sapa-vn.html,https://pix8.agoda.net/hotelImages/5831353/-1/14de8cb27ea7f96aef70ee519127ca31.jpg?ca=14&ce=1
91258385,The Myst Sapa Resort,5.0,37,Hotel,Sapa,Sa Pa City Center,,,,,,Free Wi-Fi ; Swimming pool; Free parking; Spa; Front desk [24-hour]; Fitness center; Restaurants; Bar,https://www.agoda.com/victoria-sapa-resort-spa_3/hotel/sapa-vn.html,https://pix8.agoda.net/hotelImages/91258385/0/b39b4c92278f5618376c7ea7cdd937b8.png?ce=3
40560157,Tiger Sapa Hotel,3.0,34,Hotel,Sapa,Sa Pa City Center,917574,9.5,1867,96,"[9.6/10] Kandy (Vietnam, Couple): ""The room was very clean and the balcony view was wonderful."" || [9.2/10] Yasmin (Malaysia, Group): ""We got rooms with absolutely beautiful views."" || [9.6/10] Rita (Vietnam, Family with young children): ""The room itself also had an amazing view of the mountains.""",Free Wi-Fi ; Free parking; Spa; Front desk [24-hour]; Massage; Airport transfer; Kid's club; Shared kitchen,https://www.agoda.com/tiger-sapa-hotel/hotel/sapa-vn.html,https://pix8.agoda.net/hotelImages/40560157/0/907735c3adb205ddda20febe141b6edf.jpg?ce=3
2607925,Pao's Sapa Leisure Hotel,0.0,34,Hotel,Sapa,Sa Pa City Center,4031400,9.1,6378,92,"[10.0/10] Czarina (Philippines, Group): ""Dining at A Linh Restaurant was a highlight in itself."" || [10.0/10] Aileen (United States, Group): ""Everything was excellent regarding staff , service and food."" || [10.0/10] David (Australia, Couple): ""Would definitely recommend and will return for another stay.""",Free Wi-Fi ; Pool with view; Free parking; Spa; Front desk [24-hour]; Fitness center; Restaurants; Bar,https://www.agoda.com/pao-s-sapa-leisure-hotel/hotel/sapa-vn.html,https://pix8.agoda.net/hotelImages/2607925/0/1b6959d7ef9ece7b9eb32de069a11d64.png?ce=3
26852142,Viettrekking Sapa,4.0,34,Hotel,Sapa,Sa Pa City Center,2271805,8.9,3564,90,"[10.0/10] Steffie Blair (Philippines, Couple): ""We had a wonderful time and will definitely be back!"" || [10.0/10] Steffie Blair (Philippines, Couple): ""Another major highlight was the rooftop pool area."" || [9.6/10] Jas (Singapore, Couple): ""V convenient location, room is v clean & in gd condition.""",Free Wi-Fi ; Swimming pool; Free parking; Front desk [24-hour]; Restaurants; Family room; Kitchen; Luggage storage,https://www.agoda.com/viettrekking-sapa-h26852142/hotel/sapa-vn.html,https://pix8.agoda.net/hotelImages/26852142/-1/d71b696a382ee3df85271fbc93c3d1aa.jpg?ce=0
39830954,Sapa Legacy Hotel,3.0,34,Hotel,Sapa,Sa Pa City Center,1161871,8.8,820,90,"[9.2/10] SHERENE (Philippines, Group): ""The room itself was clean, comfortable, and well-maintained."" || [10.0/10] Lorelei (Philippines, Couple): ""A plus is the restaurant in the hotel that serves good food."" || [8.0/10] Jonathan (Philippines, Family with young children): ""His hospitality made our trip even more enjoyable.""",Free Wi-Fi ; Free parking; Front desk [24-hour]; Restaurants; Bar; Airport transfer; Family room; Luggage storage,https://www.agoda.com/max-hill-hotel/hotel/sapa-vn.html,https://pix8.agoda.net/hotelImages/39830954/-1/d46177c499f28d9c42dc210a4cdc44fa.jpg?ce=0
91316170,B & M Homes,3.0,103,SingleRoom,Sapa,Lao Chải Tả Ván,,9.3,7,,"[10.0/10] Lou Kathleen (Vietnam, Couple): ""The owner My is very kind and accommodating."" || [10.0/10] Lou Kathleen (Vietnam, Couple): ""It was a great experience.""",Car park; Airport transfer; Pets allowed; Smoking area,https://www.agoda.com/b-m-homes/hotel/sapa-vn.html,https://pix8.agoda.net/hotelImages/91316170/0/be76c26d491f3f680a74f71f47219ed8.jpg?ce=3
92428405,Violet Sapa Homestay,3.0,108,NonHotel,Sapa,Sa Pa City Center,,8.2,10,,,Free Wi-Fi ; Free parking; Family room; Pets allowed; Balcony/terrace; Garden; Non-smoking rooms; Air conditioning in public area,https://www.agoda.com/violet-sapa-homestay/hotel/sapa-vn.html,https://pix8.agoda.net/hotelImages/92428405/0/e43d093f9a7576d565922bd6296f04e6.jpg?ce=3
76727704,Bees Homestay Sapa & Trekking,4.0,108,NonHotel,Sapa,Lao Chải Tả Ván,288491,9.4,104,96,"[10.0/10] Dedre (South Africa, Couple): ""If you are looking for a peaceful stay, this is your place."" || [10.0/10] Raweewong (Thailand, Couple): ""The place is very nice with beautiful views and fresh air."" || [10.0/10] Dedre (South Africa, Couple): ""Super clean, very friendly and peaceful place to stay at.""",Free Wi-Fi ; Free parking; Check-in [24-hour]; Restaurants; Airport transfer; Family room; Kitchen; Luggage storage,https://www.agoda.com/bees-homestay-sapa-trekking/hotel/sapa-vn.html,https://pix8.agoda.net/hotelImages/76727704/0/2686828775dcc996b12bda693ab89712.jpg?ce=2
7406420,Sapa Valley view hotel,3.0,34,Hotel,Sapa,Sa Pa City Center,691982,9.1,1603,92,"[10.0/10] ferry (Indonesia, Group): ""The scenery is so beautiful and you can see at the balcony."" || [9.6/10] Emily (Deutschland, Group): ""The staff was very helpful and we enjoyed our staying here."" || [9.6/10] syaza (Malaysia, Group): ""They accommodated an early check-in, which was a big plus.""",Free Wi-Fi ; Spa; Front desk [24-hour]; Fitness center; Restaurants; Happy hour; Massage; Airport transfer,https://www.agoda.com/sapa-valley-view-hotel/hotel/sapa-vn.html,https://pix8.agoda.net/hotelImages/7406420/-1/e1829edbf4e013333f965a44c66bea46.jpg?ce=0
5649846,Hotel de la Coupole - MGallery,5.0,34,Hotel,Sapa,Sa Pa City Center,5726186,9.4,6053,95,"[10.0/10] Must (ไทย, Group): ""This hotel is great, come to Sapa only first. 💗"" || [10.0/10] Bing (Philippines, Solo traveler): ""I also dined at Chic restaurant and really enjoyed the food."" || [9.6/10] T (United States, Couple): ""The hotel was 5 star and the indoor swimming pool is amazing""",Free Wi-Fi ; Pool with view; Free parking; Spa; Front desk [24-hour]; Fitness center; Restaurants; Bar,https://www.agoda.com/hotel-de-la-coupole-mgallery-by-sofitel/hotel/sapa-vn.html,https://pix8.agoda.net/hotelImages/5649846/-1/733ab00d06f3490b71d7a556532ce09e.jpg?ca=8&ce=1
73561103,Sapa Harmony Homestay,3.0,120,Hotel,Sapa,Sa Pa City Center,379817,9.4,717,92,"[10.0/10] Ana (Philippines, Couple): ""I'll definitely stay again here if given a chance."" || [10.0/10] Sofia (France, Solo traveler): ""The dorm ist very clean, the beds are large and comfortable."" || [10.0/10] roi (Israel, Solo traveler): ""I slept in the dorms and everything was clean and well kept.""",Free Wi-Fi ; Car park; Front desk [24-hour]; Restaurants; Airport transfer; Family room; Luggage storage; Pets allowed,https://www.agoda.com/nha-ngh-toan-mai-sa-pa/hotel/sapa-vn.html,https://pix8.agoda.net/hotelImages/73561103/0/22f60673c07d6934139cbdb86baf9ed1.jpg?ce=2
30726011,DeLaSol Sapa - Central Boutique Hotel,4.0,34,Hotel,Sapa,Sa Pa City Center,1648051,8.9,2407,90,"[10.0/10] Lezel (Philippines, Group): ""The staffs were also kind and tended to some of my requests."" || [10.0/10] Kessya (Indonesia, Couple): ""From the moment I arrived, the staff went above and beyond."" || [9.6/10] Camille Deanne (Philippines, Group): ""It also has a Netflix which i didn't expect kudos to that!""",Free Wi-Fi ; Free parking; Front desk [24-hour]; Restaurants; Bar; Shuttle service; Family room; Luggage storage,https://www.agoda.com/delasol-phat-linh-sapa/hotel/sapa-vn.html,https://pix8.agoda.net/hotelImages/30726011/0/c6d6662acfa6d3435e6068e3f7458fa8.jpg?ce=2
1603014,Sapa Diamond Hotel,3.5,34,Hotel,Sapa,Sa Pa City Center,1448271,8.3,1809,,"[9.6/10] Norie Angelie (Philippines, Group): ""Overall, this hotel exceeded our expectations in every way."" || [10.0/10] Jason (United States, Group): ""I got the room with the mountain view and it’s breathtaking."" || [10.0/10] pradipkumar (India, Couple): ""I would love to come back again here everything is awesome""",Free Wi-Fi ; Free parking; Front desk [24-hour]; Restaurants; Bar; Airport transfer; Family room; Kitchen,https://www.agoda.com/sapa-diamond-hotel/hotel/sapa-vn.html,https://pix8.agoda.net/hotelImages/1603014/-1/b9e4ed7038a3e9f2c300e26f51ddc46f.jpg?ce=0
73270,Bamboo Sapa Hotel,4.0,34,Hotel,Sapa,Sa Pa City Center,2930145,9.0,4092,92,"[9.6/10] Chris (Canada, Couple): ""The breakfast was fresh and it felt safe to eat everything."" || [10.0/10] Rimjhim (India, Family with young children): ""Strong WiFi and good sound insulation for a busy hotel."" || [9.2/10] Kartika (Singapore, Group): ""It's all these small details that makes me heart sing.""",Free Wi-Fi ; Pool with view; Free parking; Spa; Front desk [24-hour]; Fitness center; Restaurants; Bar,https://www.agoda.com/bamboo-sapa-hotel/hotel/sapa-vn.html,https://pix8.agoda.net/hotelImages/73270/-1/52537436d58a0331d390a97e5e4197f4.jpg?ce=0
410811,Sapa Unique Hotel,3.0,34,Hotel,Sapa,Sa Pa City Center,927712,8.8,1597,96,"[10.0/10] Koh (Singapore, Group): ""I would definitely stay here again on my next trip to Sapa!"" || [10.0/10] Aisling (Ireland, Couple): ""Most of all the host was very welcoming and kind!"" || [10.0/10] Whindee-Ann Sotto (Philippines, Group): ""The staff were also very friendly, kind, and accommodating.""",Free Wi-Fi ; Free parking; Spa; Front desk [24-hour]; Restaurants; Bar; Massage; Airport transfer,https://www.agoda.com/sapa-unique-hotel/hotel/sapa-vn.html,https://pix8.agoda.net/hotelImages/410811/-1/7db7048978a56d03c48d91b39e82d8d9.jpg?ca=17&ce=1
69363409,Lestar Hotel Sapa,4.0,34,Hotel,Sapa,Sa Pa City Center,1813422,9.2,356,94,"[10.0/10] Levi (United Kingdom, Couple): ""We also had a Red Doe bath here which was excellence value."" || [10.0/10] benson (Vietnam, Family with older children): ""This a recent built hotel so everything are clean and fresh."" || [10.0/10] Levi (United Kingdom, Couple): ""Very new hotel with modern usb sockets and aircon.""",Free Wi-Fi ; Car park; Spa; Front desk [24-hour]; Restaurants; Bar; Massage; Family room,https://www.agoda.com/lestar-hotel-sapa/hotel/sapa-vn.html,https://pix8.agoda.net/hotelImages/69363409/0/02ce058d359280a961631232a31e3a2e.png?ce=2
92113492,Hmong Mountain Homestay Sapa,5.0,141,Hotel,Sapa,Lao Chải Tả Ván,,9.6,9,,"[10.0/10] Luca (Deutschland, Couple): ""One of the best accommodations we stayed at in Vietnam!"" || [10.0/10] Luca (Deutschland, Couple): ""Our room and the shared bathroom were very clean!"" || [10.0/10] Luca (Deutschland, Couple): ""Highly recommended!""",Free Wi-Fi ; Free parking; Restaurants; Pets allowed; Balcony/terrace; Garden; Smoke-free property; English,https://www.agoda.com/hmong-mountain-homestay-sapa/hotel/sapa-vn.html,https://pix8.agoda.net/hotelImages/92113492/0/5774528c6ec5ac64ddbba818b17dd2da.jpg?ce=3
11055251,Muong Hoa View Hotel,3.0,34,Hotel,Sapa,Sa Pa City Center,776827,8.8,1641,93,"[10.0/10] Ritchel (Philippines, Group): ""For the price of a 2-star hotel, we received 5-star service."" || [10.0/10] Ritchel (Philippines, Group): ""Our room was cleaned daily, and the bed was so comfortable."" || [8.8/10] Oleksandr (Thailand, Couple): ""We stayed here for 2+1 nights and the rooms are great.""",Free Wi-Fi ; Free parking; Front desk [24-hour]; Restaurants; Bar; Family room; Kitchen; Luggage storage,https://www.agoda.com/muong-hoa-view-hotel/hotel/sapa-vn.html,https://pix8.agoda.net/hotelImages/11055251/-1/c419f58075cf3dbead3f6bda8a47439f.jpg?ca=9&ce=1
5056635,Lacasa Sapa Hotel,3.0,34,Hotel,Sapa,Sa Pa City Center,1134266,8.7,1386,,"[9.2/10] SUNGJOO (United States, Solo traveler): ""Fantastic staffs and perfect location to go around the town."" || [10.0/10] Cole (United States, Solo traveler): ""The team and staff at the hotel made the stay exceptional."" || [9.6/10] Siti Hajar (Malaysia, Couple): ""When we entered into the lobby, the staff greeted us warmly.""",Free Wi-Fi ; Free parking; Spa; Front desk [24-hour]; Restaurants; Bar; Massage; Airport transfer,https://www.agoda.com/lacasa-sapa-hotel_2/hotel/sapa-vn.html,https://pix8.agoda.net/hotelImages/5056635/0/4993156a4d5567291df989185a298ddc.jpg?ce=3
39909193,Cherry SaPa Hotel,3.0,34,Hotel,Sapa,Sa Pa City Center,312856,8.8,905,89,"[10.0/10] Cameron (United Kingdom, Couple): ""Wonderful staff in a lovely and clean hotel in a good area."" || [8.4/10] Eric (Malaysia, Couple): ""Very good location in Sapa so you can walk around easily."" || [10.0/10] Udi (Israel, Couple): ""The e perfect place if you are staying at Sapa.""",Free Wi-Fi ; Free parking; Front desk [24-hour]; Restaurants; Bar; Massage; Airport transfer; Family room,https://www.agoda.com/cherry-hotel/hotel/sapa-vn.html,https://pix8.agoda.net/hotelImages/39909193/-1/a49b80c3b6b3635de75a3a5f5878a5a4.jpg?ce=0
62061383,Muong Hoa Eco Villa,3.0,34,Hotel,Sapa,Lao Chải Tả Ván,844349,9.0,67,97,"[9.6/10] Charlotte (Germany, Couple): ""Beautiful place and really friendly and helpful staff."" || [9.6/10] Jeremy (Australia, Couple): ""This place is one of the nicest I have ever stayed."" || [9.6/10] Jeremy (Australia, Couple): ""The staff were amazing and the views are just incredible.""",Free Wi-Fi ; Swimming pool; Free parking; Spa; Front desk [24-hour]; Restaurants; Bar; Massage,https://www.agoda.com/muong-hoa-eco-villa-spa/hotel/sapa-vn.html,https://pix8.agoda.net/hotelImages/62061383/0/bb8aa5df3c7a085243462f13920e6575.jpg?ce=2
