property_id,overall_score,review_count,score_cleanliness,score_facilities,score_location,score_staff,score_value_for_money,count_exceptional,count_excellent,count_very_good,count_good,count_below_expectation,sample_customer_reviews
18170457,8.8,7468,9.3,8.8,8.8,9.4,9.0,2962,893,249,180,154,"[10.0/10] REVATHY: ""The hotel features everything you need for a seamless stay."" || [7.6/10] Chaoran: ""Everything is excellent especially the design is good!"" || [10.0/10] Pinkle: ""The first glimpse was such a beautiful huge modern building."" || [10.0/10] Xena: ""Kudos to Mr. Mako of that night who assisted us on check in."" || [9.2/10] Hway Sin: ""Rooms are small but nicely designed, clean and comfortable."" || [10.0/10] Dennis: ""Great location close to everything you want in District 1."" || [10.0/10] Benjamin: ""Facilities are exceptionally clean and perfect!"" || [10.0/10] RUDIGER: ""Came back after 3 days same room as I requested"" || [9.6/10] Emanuele: ""Everything is new and the staff is very cool."" || [10.0/10] Daniella Camille: ""One of the best hotels I’ve stayed in while in Saigon!"""
55765781,8.1,2248,8.0,7.6,9.2,7.8,8.4,785,385,154,147,213,"[10.0/10] MARJORIE: ""Than kyou for a clean room and accesible place and safe too."" || [10.0/10] Gabriel: ""I’ll definitely book it again when I’m back in Saigon."" || [10.0/10] Mirajoy Sandra: ""I absolutely loved my stay at Grandma Lu's Saigon Signature."" || [10.0/10] Muhamad: ""Best accommodation in Ho Chi Minh for solo Muslim backpacker"" || [10.0/10] Philipp: ""It is clean and the style is wooden, clear, warm and nice."" || [8.4/10] Noelia: ""The room was practically sound proof and perfect to rest."" || [8.8/10] Rachel: ""But overall, it was really good place to stay in Saigon."" || [7.6/10] XIANFENG: ""Our room was pristine, spacious, and so cozy."" || [10.0/10] 가을: ""If I come to Ho Chi Minh City again, I will stay here!"" || [8.0/10] Dawn: ""Within walking distance to main attractions in HCMC."""
35417217,7.5,238,6.6,6.7,7.9,8.3,7.3,36,10,5,12,25,
10983,8.7,8790,9.0,8.7,8.5,9.0,8.8,2825,1322,396,287,188,"[8.8/10] Paul: ""Staff were exceptional, friendly and super helpful."" || [10.0/10] Long: ""Honourable mentions: Cường, Trí , Quang, Duyên at reception."" || [10.0/10] Phan: ""I am always so happy to stay here whenever I travel to HCMC."" || [10.0/10] Tasha: ""Staff speaks great English and very attentive to our needs."" || [8.0/10] Lars: ""Great hotel with friendly staff near tan son nhat airport."" || [8.8/10] Lars: ""Friendly staff, clean rooms and located close to airport."" || [10.0/10] Quan: ""Great breakfast with variety of Western and Viet cuisine"" || [9.2/10] Muhammad: ""Affordable price, very helpful staff and great location."" || [10.0/10] JAE HWAN: ""Everything was perfect during staying in this hotel.."" || [8.0/10] John: ""But all the staff recognized me and the welcome was amazing."""
2235563,8.6,3420,8.4,8.1,9.2,8.8,8.9,749,266,79,84,90,"[8.4/10] Alvin: ""Bed was comfortable and the dorm room is spacious and neat."" || [10.0/10] Nacer: ""I really appreciated their kindness and excellent service."" || [9.6/10] Daryl: ""The bathrooms were also clean, which I really appreciated."" || [10.0/10] ALEKOS: ""Cleaning lady is amazing keeps everything very clean,"" || [10.0/10] Subhrajit: ""Location is perfect everything is in few minutes walk"" || [10.0/10] Gabrielle: ""Walking distance from most of the tourist spots around HCM."" || [9.2/10] Yolande: ""The bathrooms are spacious and clean with shampoo and soap."" || [9.2/10] Leonardo Joshua: ""Clean bathrooms and you have got some privacy on your bed."" || [10.0/10] Helen: ""The hostel is perfectly located at the heart of the city."" || [10.0/10] Rani: ""The place was clean and the staff was also kind"""
34480840,8.3,2832,8.0,7.8,9.3,8.6,8.6,1196,472,190,180,226,"[10.0/10] Renee: ""My boss recommended this hotel and we had the greatest stay."" || [7.6/10] Leah: ""We booked a private twin room and loved how spacious it was."" || [7.6/10] Jessa: ""Walking distance to the central, ben than, shopping streets."" || [10.0/10] Fitri: ""This isn't just a place to sleep; it's a place with a heart."" || [9.2/10] Marvin: ""I would definitely recommend it to anyone visiting the area."" || [10.0/10] Nattapon: ""I enjoyed staying here a lot, good location and nice staff."" || [8.8/10] PHONG: ""The staff is great. The lady was very friendly and helpful."" || [10.0/10] ANJALI: ""The bathroom facilities were clean and comfortable to use."" || [9.6/10] Vinhz: ""The staff are kind and accommodating to guests' requests."" || [10.0/10] Linda: ""The staff is great, cheerful accommodating and helpful."""
37272417,8.4,2283,8.4,8.0,9.2,8.5,8.8,911,375,128,119,120,"[10.0/10] Jessica: ""Very clean, nice showers and common bathroom overall."" || [8.8/10] Yoshio Seisuke: ""You get your own bed in a small air conditioned room."" || [10.0/10] Mark Lloyd: ""I can't express on how satisfied I am staying here."" || [10.0/10] John Lester: ""Wi-Fi is fast and reliable, which is a must for remote work."" || [8.4/10] Hoà: ""The facilities was nice and they served good food there too."" || [10.0/10] JAVIER: ""There is EXCELLENT ventilation and temperature in the room."" || [10.0/10] Samir: ""The room is spacious enough for a solo traveler like me."" || [10.0/10] Vũ: ""Sanitary is great and the customer service is excellent."" || [10.0/10] Elreen: ""The room may be small, but incredibly cozy and clean."" || [9.2/10] Myra: ""The location, staff and hotel cleanliness is awesome!"""
90004172,9.4,269,9.8,9.5,9.6,9.8,9.6,205,21,4,2,1,"[10.0/10] Lâm: ""I had a wonderful stay at this newly opened hotel."" || [10.0/10] Cat: ""The rooms are modern, beautifully designed, and super quiet."" || [10.0/10] Thodsapong: ""She made everything smooth and ensured I had a great stay."" || [10.0/10] Carla: ""The staff are absolutely amazing, and it’s very clean."" || [10.0/10] Lee: ""Clean, friendly & helpful staff, room is comfortable."" || [10.0/10] Piyatida: ""The staff, Joyce she’s so nice and helping me a lot."" || [10.0/10] Quỳnh Anh : ""Room is clean, nice, great view and hospitality from Tran."" || [10.0/10] Victor: ""Staff are very well trained and provide excellent service."" || [9.2/10] gunjan: ""The boy on the reception was extra courteous and helpful"" || [10.0/10] Warin: ""The staff were friendly and helpful throughout our stay."""
41306301,8.8,1815,9.3,8.9,8.4,9.4,9.1,1004,238,90,66,66,"[10.0/10] Gunnar: ""We really appreciated the free self-service laundry room."" || [10.0/10] Lim: ""The room has everything we needed coffee tea hair dryer"" || [10.0/10] Dawid: ""It’s clean, central, and, most importantly, quiet."" || [9.6/10] Shane: ""I would stay here again because it is solid value for money."" || [9.6/10] Jarek: ""Beautiful, modern, clean and well equipped hotel."" || [10.0/10] Autcharaporn: ""Room super comfortable, beautiful, the price is reasonable."" || [9.6/10] Michelle: ""I would definitely stay again if I ever travel back to HCM!"" || [9.2/10] Brook: ""It was so hot and humid in HCM this hotel was my sanctuary."" || [10.0/10] TUNCHANOK: ""The room was extremely clean, as clean as a 5-star hotel."" || [9.2/10] nguyen: ""Staff - excellent!! Hien & Truc are super helpful & kind."""
4972275,8.5,3079,8.3,8.1,9.1,8.8,8.8,1446,529,220,151,196,"[8.8/10] Higor: ""The staff was very friendly and always willing to help."" || [8.8/10] Catherine: ""Great location and the staff are friendly and helpful"" || [10.0/10] Shamrat: ""There staff, environment, cleanliness everything is perfect."" || [10.0/10] Dexter: ""Clean, comfortable rooms and super helpful staff."" || [10.0/10] Rumer: ""I am very grateful that I stayed at this hostel for 7 days."" || [9.2/10] Calcifer: ""This hotel is good value for money and has good facilities."" || [10.0/10] Joey: ""Perfect location. You can reach major attractions on foot."" || [10.0/10] dias: ""Super recommended place to stay especially solo traveller."" || [10.0/10] Tiffany: ""The bed was actually super comfy the mattress was so soft."" || [7.6/10] Britta: ""The Price is unbeatable and what you get for it is Great!"""
80114585,8.8,624,9.2,8.6,9.5,9.3,9.0,340,76,18,17,24,"[10.0/10] Nguyễn: ""What really stood out was the friendly and welcoming staff."" || [10.0/10] Chenyi: ""Their excellent service made our stay even more enjoyable."" || [10.0/10] Kirandeep: ""Even helped loading the bags in Grabcar when leaving."" || [10.0/10] Travis: ""The room was spotless, modern, and very comfortable."" || [10.0/10] Ngọc: ""What you experience is 4-5 star luxury service."" || [9.6/10] JAEJUN: ""The room was clean and renovated with modern facilities."" || [10.0/10] Risha: ""The room was clean, comfortable, and well-maintained."" || [10.0/10] SITI: ""Thank you so muchhh for the outstanding hospitality!"" || [10.0/10] JUNG: ""The best hotel located in the center of Le Thanh Ton"" || [8.4/10] Thang Long: ""The room is comfy and they also give free snacks m."""
85734134,8.2,368,8.5,8.4,8.8,8.9,8.7,172,25,14,11,32,"[10.0/10] Rowland: ""One of the best hotel experiences we’ve had as a group."" || [10.0/10] Garfield: ""I appreciated the attention to detail and warm hospitality."" || [10.0/10] Stacia : ""The room was spacious enough for one person and very clean."" || [10.0/10] Bergljót : ""The Room Was Spotless and Had a Really Comfortable Feel"" || [10.0/10] Alexia: ""The cleanliness of the room and common areas stood out."" || [10.0/10] Asger : ""The hotel was comfortable, quiet, and easy to navigate."" || [10.0/10] Lyndsay : ""The hotel offered excellent amenities and service."" || [10.0/10] Majed : ""The hotel was incredibly comfortable and ideal for couples."" || [10.0/10] Bastien: ""We expected a nice stay, but the team made it exceptional."" || [10.0/10] Khalid : ""The calm atmosphere allowed me to sleep well every night."""
85267969,8.9,301,9.5,8.6,9.5,9.2,8.8,143,21,7,9,8,"[10.0/10] Ph: ""The staff were professional, discreet, and always helpful."" || [10.0/10] CHUONG: ""The gym, swimming pool are also great facilities to have."" || [9.6/10] Sakila: ""The best part is the underground onsen and cold plunge!"" || [10.0/10] Alyssa: ""Breakfast had lots of choices and everything was fresh."" || [10.0/10] Autumn: ""The room itself was a great size and had a huge bed."" || [9.6/10] Darren: ""Very clean and spacious hotel, really good location as well!"" || [10.0/10] Ẩn danh: ""Nice Hotel! Highly recommended 👍 I’ll definitely be back!"" || [10.0/10] Yee: ""Great hotel with super spa and in room bathtub."" || [9.6/10] Moc: ""There was also a sofa bed, so everyone slept comfortably."" || [10.0/10] Shakilla: ""That level of warmth made a big difference to our stay."""
5869838,9.2,5240,9.3,9.1,9.5,9.5,9.2,3658,520,144,169,153,"[10.0/10] Nhi: ""Their genuine hospitality truly made my stay memorable."" || [10.0/10] Szu Pao: ""I stayed here so many times because this is very good hotel."" || [9.6/10] Trevor: ""The hotel is comfortable, clean and the staff are excellent."" || [9.6/10] Jared: ""The location is prime with amenities just a short walk away."" || [10.0/10] Jeffrey: ""The bell boy working with her, Mike is also very helpful..."" || [10.0/10] Denisa: ""Good location for our short visit in Ho Chi Minh( 1 night)."" || [10.0/10] 심: ""And the staff here are great esthetic Wy and Rin"" || [10.0/10] Joshua: ""My room was very clean and well maintained and beautiful."" || [10.0/10] Clément: ""The staff are truly welcoming and always willing to help."" || [10.0/10] Kazunari: ""The staff  so helpful whenever I needed them, Rin and Wy."""
13571664,9.0,21395,9.2,9.2,8.9,9.2,9.1,12927,2444,802,725,765,"[9.2/10] Josh: ""I could fault this hotel, every thing about it is amazing."" || [10.0/10] TING-AN: ""The location was perfect, and the facilities were excellent."" || [10.0/10] Hien: ""But the room was clean, beautiful, and comfortable overall."" || [10.0/10] Ellie: ""I spent my day at the roof top pool which was also 10/10"" || [10.0/10] Maria: ""The Hotel has an infinity pool with a fantastic view!"" || [10.0/10] Hans: ""The rooftop pool is hands down the best in the city."" || [10.0/10] Sophia: ""The staff are absolutely incredible and the food is amazing."" || [9.6/10] Leeann: ""Staff helped in every way and made our stay one to remember."" || [9.6/10] Alexandru: ""Very clean and modern rooms, and excelent service and staff."" || [10.0/10] Andi: ""Highly recommended, comfortable rooms, high servicequality!"""
60563235,8.6,189,8.7,8.3,9.0,8.9,8.7,97,31,5,11,9,"[10.0/10] Minh: ""Breakfast was included and had a good variety of options."" || [10.0/10] Sophie: ""The rooms were exceptionally clean and well maintained."" || [10.0/10] Bernadette: ""My room was spacious and immaculately clean."" || [9.2/10] Michael: ""The suite was spacious, clean, and very comfortable."" || [7.6/10] Margaret: ""Hotel is clean and neat , in a good location"" || [9.6/10] Eira: ""I love this Hotel, I love Ho Chi Minh City"" || [10.0/10] Luvis: ""The breakfast was delicious with a great variety of options."" || [10.0/10] John: ""I would definitely stay here again!"" || [9.2/10] Charlotte : ""Great location and a relaxing place to stay."" || [9.2/10] Keo: ""A really nice hotel with great service."""
36999606,8.4,1434,8.4,8.3,8.6,8.8,8.9,622,252,94,86,80,"[8.4/10] sinath: ""They were quite comfortable and it was nice and quiet."" || [7.6/10] Aung: ""That's the best dormitory I have ever stayed in SEA."" || [10.0/10] TAN: ""Never expected the room and facilities are so nice."" || [9.2/10] Htut Aung: ""It's perfect for backpackers — clean, comfy, and affordable."" || [10.0/10] Yuna: ""AS A FEMALE SOLO TRAVELLER THIS IS A GREAT STAY!"" || [10.0/10] Fithri: ""Will definitely recommend and come back here once again."" || [10.0/10] Lucia: ""Great location, quiet, comfy capsules, great facilities!"" || [8.8/10] John: ""I will definitely be returning in the future."" || [9.2/10] Brendon: ""Much prefer the privacy of a capsule to a bunk bed."" || [10.0/10] Daniel: ""It’s a new place so everything there is brand new and clean."""
31254730,8.9,2170,9.3,9.0,9.0,9.3,9.2,1082,225,67,63,46,"[10.0/10] Myra: ""It truly feels like home, thanks to its complete amenities."" || [9.2/10] Ken: ""Checkin was easy, they even let me checkin a bit early."" || [10.0/10] chan : ""The staff were very helpful and friendly throughout my stay."" || [10.0/10] Anthony: ""Overall I enjoyed my stay and will be staying there again."" || [9.6/10] Linn Su: ""The facilities provided in the room are quite impressive."" || [9.6/10] Iuliia: ""The room was clean, everything worked properly."" || [9.6/10] Anny: ""The staff and the energy of this place are what makes it!"" || [10.0/10] Terrance : ""A lot of value here for guests and I highly recommend it!"" || [10.0/10] Shanshan: ""Definitely will choose again when I back to Saigon again"" || [9.2/10] Jason: ""Amazing location, it really comes alive during the day."""
75304051,8.9,408,9.2,8.9,9.4,9.6,9.2,213,51,13,11,6,"[8.8/10] Ngoc: ""Khach san nho nhung co vi tri rat tien loi gan trung tam."" || [10.0/10] Stephen: ""Rooms are compact but well appointed and extremely clean."" || [10.0/10] Devin: ""The WiFi was fast enough for me to work without issues."" || [9.2/10] Lois Ann Iris: ""I had a wonderful stay here during my recent trip to HCMC."" || [10.0/10] Gemrose: ""Room was great, AC was cold, there even was a mini ref!"" || [10.0/10] Ma. Krizion: ""This is the kind of service that you will never forget."" || [9.6/10] Pimnipa: ""The room was nice, clean, and well-equipped."" || [10.0/10] sherlie: ""The room was clean, comfortable, and well-maintained."" || [10.0/10] Susan: ""He is friendly and efficient and enjoys helping us."" || [10.0/10] Sharvi: ""And everything felt easy and comfortable."""
93006841,8.9,20,9.3,9.0,9.0,9.1,9.4,15,0,1,1,1,"[9.2/10] Regina: ""We will be back"""
230121,8.6,199,8.7,8.5,9.4,8.9,8.9,112,14,17,3,16,"[10.0/10] Michael: ""What truly made the stay exceptional was the staff."" || [10.0/10] Nikita: ""The room is good, clean, the staff is really accommodative."" || [10.0/10] B Prem: ""All the major tourist places are just walkable distance"" || [10.0/10] Mohammad: ""Always book their VIP room as it is really a VIP experience."" || [8.0/10] Hardeep: ""Can't get better than this hotel...in this price"" || [10.0/10] Abdulla: ""Very nice Staff and the Hotel is very nice too."" || [9.6/10] LEOW: ""Good Location with many good food, massage, mall beside."" || [10.0/10] janette: ""All the tourist spots are just short walking distance."" || [10.0/10] aditya: ""The staff is very co-operative and helpful."" || [10.0/10] Riko: ""The room is clean and basic necessities is available."""
37844344,8.8,2948,9.1,8.4,9.2,9.3,8.9,1434,525,125,99,68,"[9.6/10] Mel: ""I informed the front desk, and they responded immediately."" || [10.0/10] Ilzymanshah: ""The housekeeping staff was also always polite and amazing."" || [8.0/10] Steve: ""Especially Mr. Nam, who went above and beyond his duties."" || [10.0/10] Ming Li: ""The hotel room was very tastefully designed and clean."" || [9.6/10] Marie: ""The price was super cheap for a new hotel with a great room!"" || [9.6/10] Noboru: ""The rooms here are clean, and you can enjoy a relaxing stay."" || [10.0/10] Isabelle: ""Facilities were clean and would highly recommend!"" || [8.4/10] Fashila: ""The location is great, most places are in walking distance."" || [10.0/10] TRINH: ""The staff was incredibly welcoming and helpful."" || [9.6/10] evelyn: ""Great hotel, friendly staff and nice room for the price."""
545120,7.6,3954,7.2,6.9,8.8,7.7,7.6,990,815,390,470,562,"[10.0/10] Joe: ""Excellent location and in the center of everything."" || [9.6/10] Trang: ""Our room has great view of other high building and the river"" || [8.0/10] Satnam: ""Prime and convenient location in the heart of District 1."" || [10.0/10] Albert: ""Value for money in terms of price and location."" || [10.0/10] Jemima: ""We have a delicious breakfast buffet throughout our stay."" || [9.2/10] Leai: ""Close to many interesting places, restaurants and shops."" || [9.6/10] Sean Saniel: ""Will definitely book here again if I go back to Vietnam"" || [10.0/10] Richard Yong Zhong: ""The staffs were polite and I will recommend this hotel."" || [9.6/10] Albert: ""Asian Ruby is one of my favorite hotels in District 1."" || [8.4/10] Hong Minh: ""Location is perfect for discovery city center points."""
17522772,9.2,4576,9.5,9.1,9.4,9.6,9.3,1845,361,83,44,38,"[9.6/10] Roxanne: ""The beds are also comfy and the staff are amazingly helpful."" || [10.0/10] Nicolas: ""Location was also great could walk to a lot of places."" || [10.0/10] Falentino: ""One of the best hotels during my solo travel in Vietnam"" || [10.0/10] Thanh Ngoc: ""Everything is convenient, clean, quiet and enjoyable."" || [10.0/10] Aldrin: ""Place is so clean and cozy, near everything you need"" || [10.0/10] Marcela: ""The staff went above and beyond."" || [10.0/10] Paul: ""The property exceeded my expectations in every way."" || [10.0/10] Junaid: ""It has Everything you could want for a city break in Saigon."" || [10.0/10] Tina: ""Would definitely stay here again when I come back to Saigon."" || [10.0/10] Hannah: ""The dormitory room was way beyond my expectations!"""
35540459,8.9,218,9.0,8.8,9.3,9.2,9.1,140,39,5,3,10,"[10.0/10] Amelia : ""But what really stood out was the exceptional service."" || [9.2/10] Björn: ""ඉතා හොඳ ස්ථානයක්, මිත්‍රශීලී කාර්ය මණ්ඩලය සහ පිරිසිදු කාමර."" || [10.0/10] Dai: ""Amazing location in district 1, next to Ben Thanh market."" || [10.0/10] Vincent: ""Our room was clean and had everything we needed."" || [9.6/10] Aylin: ""İşçilər mehriban və kömək etməyə hazır idilər."" || [9.6/10] Matías : ""Everything was clean, comfortable, and convenient."" || [10.0/10] Service: ""The room was fully equipped and bathroom was quite spacious."" || [10.0/10] Nguyen: ""Lovely hotel, helpful staff, great location, nice breakfast."" || [9.6/10] Vấn: ""The staff was helpful, and the room was cozy and modern."" || [10.0/10] Levin: ""Clean room, comfortable bed, and good value for money."""
74057351,9.1,1123,9.4,8.9,9.4,9.5,9.2,639,100,33,21,23,"[10.0/10] Alfonso: ""Love this place I will absolutely come back here again soon."" || [9.6/10] Hsin: ""There is free laundry in hotel which is great for long stay."" || [10.0/10] Bouy: ""The room was clean, comfortable, and well maintained."" || [10.0/10] Billy: ""Thank you Signature hotel for making our stay unforgettable!"" || [10.0/10] Julia Ha Vy: ""And overall the layout and amenities are amazing."" || [10.0/10] Jamie: ""Great room and ammenities along with very supportive staff."" || [8.4/10] Lynn: ""Highly recommend it to anyone visiting the area."" || [9.6/10] Moritz: ""Would definitely come back for this value for money Hotel!"" || [10.0/10] Seongjin: ""I want to re-visit whenever I come to Ho Chi Minh for sure"" || [10.0/10] Mindy: ""I would definitely book this place again when I visit HCM."""
245858,8.4,483,8.6,8.3,9.0,8.8,8.6,232,62,28,29,32,"[10.0/10] Chi Ho: ""The location was convenient and made it easy to get around."" || [8.8/10] Bui: ""The restaurant is a delight with the most wonderful staff."" || [10.0/10] Liam : ""Honestly it was one of the most fantastic hotel I've gone"" || [10.0/10] Bernadette: ""The room was spacious, clean, and very comfortable."" || [8.8/10] Ryan: ""Bilik bersih, selesa dan lokasi sangat mudah untuk bergerak."" || [9.6/10] Ryan: ""အခန်းတွေက ကျယ်ဝန်းပြီး ပေးရတဲ့စျေးနှုန်းနဲ့ဆို တကယ်တန်ပါတယ်။"" || [10.0/10] Hoàng: ""The room was spacious, clean, and beautifully decorated."" || [9.2/10] Executive: ""One of the highlights is the daily breakfast."" || [8.8/10] Lena: ""The front desk staffs were friendly and supportive."" || [10.0/10] Minh: ""I will definitely choose Kass again on my next visit to HCMC"""
30670517,8.9,2655,9.0,9.0,8.9,9.3,9.3,1398,398,100,74,72,"[10.0/10] Annina: ""It’s a long time ago since we had such a great apartment."" || [7.2/10] plant: ""The staff are friendly and it's quiet so it's nice to stay"" || [9.2/10] Wong: ""Our room was, as always, impeccably clean and comfortable."" || [10.0/10] Diep: ""The check in and out process alone is so quick and smooth."" || [10.0/10] Kim Khánh: ""The room was clean, comfortable, and had a beautiful view."" || [8.8/10] Janina: ""We liked how big the room was and how cute the bathroom was."" || [10.0/10] Liliya: ""Everything was great, all my requests were resolved quickly)"" || [10.0/10] Kim: ""My 3yr old daughter and I had a lovely night at this hotel."" || [8.0/10] Jakob Georg: ""This hotel was a wonderful place to start our Vietnam trip."" || [10.0/10] Coleen ysabel: ""They also let me checkin an hour early without any charge,"""
87898903,7.8,135,7.9,7.5,8.4,8.4,7.9,44,17,8,10,14,"[10.0/10] Fairy: ""I am very satisfied with my stay at Pink Suite Hotel."" || [10.0/10] Simon Kwang: ""The hotel room is big and clean."" || [10.0/10] Patnari: ""Very good hotel & Staff is very nice"" || [10.0/10] Tôn: ""Good service, friendly staffs and nice rate"" || [10.0/10] Arnold: ""Definitely recommend the place."" || [10.0/10] Nina : ""Very clean and very friendly"" || [9.6/10] Emily : ""This place is great"" || [7.2/10] Thanh van: ""I would stay again"" || [7.2/10] Phan Thanh Hieu: ""Good location"""
87475901,9.2,89,9.7,9.4,9.4,9.4,9.6,61,13,0,0,3,"[10.0/10] Summer: ""I felt so relaxed there and the staff was so kind."" || [8.8/10] thuc trinh: ""Good for it's money value"" || [9.6/10] Bjorn: ""Then come back and watch the sunset at the roof top pool."" || [8.8/10] Rachel: ""Perfect location for one night near airport."" || [9.6/10] Mellisa: ""The service was 5 ⭐⭐⭐⭐⭐ it was fantastic!!"" || [9.2/10] John: ""I enjoyed the gym & swimming on the top floor 6."" || [10.0/10] Old: ""Best value for your money!"" || [10.0/10] Nguyen: ""Excellent value for money."" || [10.0/10] Vinh: ""New and clean rooms."" || [10.0/10] Libbie: ""Rooms clean &Comfortable & good location"""
10971,9.0,8127,9.1,8.8,9.5,9.0,8.6,2900,1090,276,178,119,"[10.0/10] junghwa: ""I've been many high star hotels but this is the best one."" || [10.0/10] Helen: ""As usual, it is a always a great place to stay in HCMC."" || [10.0/10] Albert: ""A very classy establishment and an enjoyable stay overall."" || [10.0/10] Rocky: ""Location is amazing and walking to main parts of the city."" || [10.0/10] John: ""Great breakfast buffet, nice clean rooms, fantastic service."" || [9.2/10] Jason: ""The staff always made sure we had a drink in front of us."" || [9.6/10] Dac Dung: ""I will comeback again, best hotel in Ho Chi Minh City"" || [9.6/10] John: ""Very convenient location, great breakfast, super nice staff."" || [10.0/10] Grace: ""Anyway service is good, hotel is clean , amenities complete"" || [10.0/10] Siew Jang: ""A fantastic stay with exceptional value and prime location."""
87898716,8.3,88,8.4,7.9,8.6,8.7,8.4,34,18,6,3,6,"[10.0/10] Fairy: ""I booked a room for my vacation, and everything was great."" || [10.0/10] Chris: ""I loved the Pink Suite Luxury with the balcony."" || [9.6/10] Kathryn Hapa: ""Staff were extremely helpful and respectful."" || [10.0/10] Ahmed: ""Perfect clean and with affordable prices"" || [10.0/10] Celine: ""Amenities like a fridge, TV, soaps, etc. Clean."" || [8.8/10] Quynh: ""Small hotel but services and staff are amazing."" || [10.0/10] Aye Chan: ""The room was clean and comfortable,"" || [10.0/10] Anthony: ""5 stars!!! brandnew super clean"" || [10.0/10] Simon Kwang: ""Clean rooms, great staff"" || [7.2/10] Minh: ""I will stay again"""
1158663,9.0,4230,9.1,8.8,9.5,9.3,9.0,1620,378,116,106,74,"[10.0/10] Tony: ""I would definitely stay there again if in the area again"" || [10.0/10] Jenny: ""Great location, breakfast is great, good value for money."" || [10.0/10] Lalit: ""The overall service at Roseland Corp Hotel was exemplary."" || [10.0/10] Karn: ""The location is best, district 1 and near Japanese town."" || [10.0/10] SEUNGWOO: ""The staff were always smiling and friendly especially Wy"" || [10.0/10] CHIENNI: ""The hotel is at a great location to get to any where."" || [10.0/10] Yongda: ""Room is large and hotel is very conveniently located"" || [10.0/10] Jinde: ""Excellent and perfect room with a very pleasant light scent."" || [10.0/10] JAE YEON: ""I could stayed with a good feeling in this hotel."" || [10.0/10] Ruan: ""Thanks to the hotel manager: Long upgraded the room for me."""
36088679,9.1,3393,9.3,9.2,9.1,9.6,9.4,1735,359,78,52,47,"[10.0/10] Kim: ""He always greets with genuine warmth and professionalism."" || [10.0/10] cheryl: ""We loved being in an apartment with more space."" || [9.6/10] Jessica: ""Rooms were great and well kept, comfortable bed and pillows."" || [10.0/10] ThuyDung: ""Nice staff, great location, best facility and cleanliness."" || [9.2/10] Ian: ""It's quite roomy which we like with the pool on top floor."" || [10.0/10] Susan: ""The room was spacious with a kitchenette and seating area."" || [9.6/10] Joed: ""The room and rooftop pool were clean and well maintained."" || [10.0/10] Duy: ""The owner here definitely cares deeply about the guests."" || [10.0/10] Pilipda: ""The room was spotless, comfortable, and well-maintained."" || [10.0/10] Marlon Joseph: ""Location was convenient, and the amenities were great."""
35412483,7.5,1659,7.4,6.9,8.4,7.8,7.6,486,268,124,151,265,"[8.8/10] john: ""Inexpensive hotel dated but excellent location and staff"" || [10.0/10] Antony: ""The bathroom is superb and toweling is soft and plush."" || [9.6/10] Kelly: ""Great staff, location, room and wifi at a very good price."" || [9.6/10] Lovely Charmaine: ""They upgraded my room from one double to family 2 queens."" || [9.2/10] MD: ""Hotel or staff very well and location soo beautyfull"" || [9.6/10] Bradley: ""I will continue to use this hotel at these prices."" || [10.0/10] Ezrio: ""Stayed many times, not quiet but excellent service"" || [8.8/10] Jessica: ""The hotel location is great since it's near the city center."" || [8.8/10] Ashish: ""The hotel staff went out of their way to help out."" || [8.4/10] john: ""An older dated hotel very clean location couldn't be better"""
1161655,8.3,6012,8.7,8.1,8.6,8.6,8.3,1863,1125,414,334,285,"[8.0/10] Lai: ""Near Japanese village where is the heart of D1 in HCMC."" || [10.0/10] dahalane: ""She was attentive, friendly, and made us feel truly welcome."" || [10.0/10] Chris: ""I had the burger and fries it was very tasty and enjoyable"" || [9.6/10] Stefan: ""Bed and blankets are exceptional, had a really good sleep"" || [10.0/10] Lien: ""We would definitely come back, very good value for money."" || [10.0/10] Boon: ""Special thanks to Front Desk Managers Daniel and Jolie."" || [10.0/10] Martin: ""For the price, its one of the best hotels i have stayed at."" || [10.0/10] James: ""The staff made me soup and a wonderful get well soon note."" || [10.0/10] Yering: ""There is cleaning every day, and the staff are very kind."" || [9.2/10] Dien Giau: ""For backpackers, it is near Ba Son MRT so very convenient"""
75242621,8.8,130,8.9,8.7,9.2,9.2,8.9,85,21,2,6,9,"[9.6/10] Yuna: ""The room was spacious enough, clean, and comfortable."" || [9.6/10] Chloe Wong: ""We would definitely recommend this hotel to other travelers."" || [10.0/10] Cuong: ""Location is convenience too , close to everything i needed."" || [9.2/10] William: ""We had a fantastic stay at this hotel in Ho Chi Minh City."" || [10.0/10] Ha: ""The room was clean and had everything I needed."" || [10.0/10] Olivia : ""Staff were friendly and always willing to help when needed."" || [8.8/10] Salma : ""Menginap bersama keluarga di sini sangat menyenangkan."" || [10.0/10] Saranrat Kanyapak: ""The staff were friendly and always happy to help."" || [9.6/10] Nguyen: ""What stood out most to me was the kindness of the staff."" || [7.2/10] Lawrence: ""The location and the amenities are good with this hotel."""
51756230,8.9,3095,9.2,8.9,9.2,9.4,9.2,1792,440,95,97,81,"[9.6/10] WAN KIN: ""The staff truly made the experience exceptional."" || [10.0/10] Caecee: ""It is a new build hotel in town."" || [10.0/10] Vanessa: ""It's a comfortable and well-managed accommodation choice."" || [10.0/10] A: ""It’s a great mix of convenience, comfort, and affordability."" || [9.6/10] m s: ""They even guide me where to spend time and how to go there."" || [10.0/10] Gizelle: ""The hotel provided us the best stay in our recent HCM stay."" || [10.0/10] Glai: ""The staff, Helen and Gin, were very accommodating and kind."" || [10.0/10] Nassim: ""The overall best place we’ve slept at in our Vietnam trip."" || [10.0/10] SEUNGJIN: ""The in-room washer, dryer, and iron were very convenient."" || [10.0/10] Vivian: ""It was very convenient to walk around to different areas."""
89597070,8.9,168,9.0,8.7,9.2,9.1,9.1,53,8,0,6,4,"[10.0/10] Kyla: ""Thank you for letting me have my best time at your hotel!!"" || [10.0/10] Chris: ""Brand new hotel with everything you need!"" || [10.0/10] Iris: ""The room they gave us has a bathtub and 2 beds."" || [10.0/10] agatha: ""Room is clean and newly renovated."" || [10.0/10] Marie: ""Would definitely stay here again!"" || [9.2/10] Trinh: ""Clean hotel, closed to the airport."" || [10.0/10] Qurratuaini: ""The room is very spacious, with bath tub."" || [9.6/10] Marie: ""Excellent location!"" || [10.0/10] Yiyen: ""The room is also very clean."" || [10.0/10] Gesheil: ""Great staff!"""
62095680,9.0,1838,9.2,9.0,9.3,9.5,9.2,1098,213,65,52,35,"[10.0/10] SHIN: ""Hotel is clean and very quiet for a peaceful night."" || [10.0/10] Evelyn: ""The rooms here were spacious, well appointed and clean."" || [10.0/10] Kenneth: ""Clean room, AC unit worked great, bed was very comfortable."" || [10.0/10] stefan: ""It is super clean and just a great place to relax and rest."" || [10.0/10] Stephanie: ""The room is big, clean, and the bed is very comfortable."" || [8.4/10] Joseph: ""The staff are very friendly very nice they get 5 stars"" || [10.0/10] Tommy: ""The rooms are clean, neat and very well thought off."" || [8.8/10] Yoong: ""Most attractions in HCMC are just a USD$1–3 Grab ride away."" || [10.0/10] Kenneth Ross: ""It exceeded my expectations, and I will definitely be back!"" || [10.0/10] Joseph: ""This hotel is awesome so clean , modern  with amazing staff"""
34309448,9.2,6574,9.7,9.2,9.3,9.6,9.2,3116,634,119,68,31,"[10.0/10] Benjamin Jr: ""The hotel is also very clean and the room is spacious."" || [10.0/10] Yu Chien: ""Wonderful team, and service, room is clean and comfortable."" || [9.6/10] Eliza: ""Food and breakfast in restaurant is delicious and fresh."" || [10.0/10] CHENGEN: ""It’s a fantastic environment for working at the hotel."" || [10.0/10] Wai hoe: ""Cleanliness is top notch, amenities are well equipped."" || [10.0/10] Yoon Li: ""The hotel was so clean and cozy, it felt like home."" || [10.0/10] sona: ""The hotel is impeccably clean and provides a great ambience."" || [8.4/10] Hanh: ""The hotel staffs were so caring, polite, helpful & friendly."" || [10.0/10] KOK K: ""Great location, easy access to many attractions.."" || [10.0/10] TENGKU MOHAMAD: ""The room was clean and housekeeping kept it clean everyday."""
43241722,6.9,999,5.9,5.8,8.3,7.0,6.6,116,75,48,69,156,"[10.0/10] Charles: ""Their hospitality made the stay feel personal and welcoming."" || [8.4/10] Sarah: ""And quite, Overall I’m quiet satisfied with the hotel."" || [10.0/10] Hong Ngan: ""Best location to sightseeing places and riverside"" || [8.0/10] Ray-an: ""Just meters away from Opera House and others."" || [10.0/10] VU: ""Highly recommended, suitable price, center area Q1"" || [8.0/10] Sudhakar: ""Good location, within walkable reach to main attractions."" || [7.2/10] DR MUHD NUR NASRULLAH: ""The cleanliness of the room was excellent!"" || [8.8/10] William: ""Central location close to attractions"" || [10.0/10] Lachlan: ""Awesome location, clean and tidy."" || [10.0/10] TAEKSUN: ""The rooms boast a clean and cozy ambiance."""
90514486,9.0,15,9.5,9.5,8.6,9.4,9.5,10,1,1,1,0,"[9.2/10] Robin: ""It's just very good hotel"" || [9.6/10] norman: ""Other than that... Great hotel."" || [10.0/10] Ying: ""Highly recommend this hotel."""
63810012,7.8,933,7.8,7.4,8.7,8.2,8.0,385,113,35,52,131,"[7.2/10] Marieben Zara: ""Fantastic location, easy to explore other tourists spots."" || [9.6/10] Christian : ""The location is ideal and everything is within distance."" || [9.2/10] HENRY: ""Everything was tidy and the bed was very comfortable."" || [10.0/10] Andzhelika: ""The friendliest staff who helped me with any question I had."" || [10.0/10] Hiten Prafulchandra : ""The hotel staff was good and the rooms were clean and neat,"" || [9.6/10] WILLIAM : ""If we have the opportunity, we could definitely come back."" || [9.2/10] Kol: ""They even kept my forgotten item safe in the lobby for me."" || [9.6/10] HARRY: ""The location is walking distance to the Ben Thanh market."" || [9.6/10] Pearluxis: ""The room was clean, comfortable, and well maintained."" || [9.6/10] LILY: ""Honestly one of the best stays I've had in the area."""
298923,7.4,332,7.3,7.2,7.7,7.5,7.6,72,55,20,29,44,"[10.0/10] Hoang : ""Clean, close to the airport, cheap, friendly staff"" || [10.0/10] Rasheed: ""A very good hotel to stay in for any traveller"" || [10.0/10] Mây: ""Fully furnished, clean room and comfortable"" || [10.0/10] Timothy: ""Friendly and helpful staff."" || [7.2/10] Ranel: ""Pleasant overnight stay."" || [8.0/10] Cheryl: ""Will recommend this place!"" || [7.6/10] Sonkwa: ""Clean and the staff were also nice"" || [10.0/10] Batin: ""Nice hotel,kind & helpful staff"" || [9.6/10] Lotta: ""Worth the time and money"" || [8.0/10] Rasheed: ""Very good for the price"""
7295630,8.4,8224,8.5,7.9,8.9,8.8,8.6,3388,1580,564,567,489,"[9.6/10] Patricia: ""Spent less but overall experience is beyond expectation"" || [8.4/10] Ky: ""The Chill Suites has become one of our favorite hotel."" || [9.6/10] Vinay: ""Located in the city centre easy access to all places"" || [9.2/10] Melvin: ""Overall, we had a great stay and would recommend this hotel."" || [8.4/10] Sng: ""Great location walking distance to many place of interests."" || [9.6/10] JIA: ""Stuff are really helpful, even their tones are not perfect."" || [9.2/10] Graham: ""The room was spotless and everything worked as it should,"" || [10.0/10] Priska: ""Kamar hotel bersih, rapi dan perlengkapan mandi lengkap."" || [8.0/10] B: ""The room was clean and tidy, and the staff were helpful."" || [10.0/10] Tejas: ""The rooms and toilets are very clean as shown in pics."""
36861374,8.7,2569,9.0,8.3,9.0,9.2,8.9,1292,426,164,147,92,"[10.0/10] Ẩn danh: ""Secondly, the room is very clean, with fantastic amenities."" || [10.0/10] Anish: ""It was a pleasant stay and the service was very good."" || [9.2/10] Esther Yeon: ""Room facilities are great for the price, cleanness is 10/10."" || [10.0/10] Tung: ""Affordable Hotel in Saigon with friendly and helpful staffs."" || [10.0/10] Thang: ""Price is very good and the staff are exceptional."" || [9.6/10] Emma: ""Our stay was definitely worth of the money we spent for it."" || [10.0/10] Arun: ""Close to the airport, super clean room and friendly staff."" || [10.0/10] Kimberley: ""Highly recommend if you need to stay close to the airport."" || [10.0/10] Sanjay: ""Very clean good location staff is also very good"" || [10.0/10] Youa: ""The shower is amazing and the bed is spacious."""
81824485,9.2,824,9.5,9.1,9.7,9.7,9.4,581,51,19,11,17,"[10.0/10] kok chin: ""New hotel."" || [10.0/10] Mary Glen: ""Surrounded by lots of places to eat and convenience store."" || [10.0/10] Viet: ""Their hospitality really made my stay much more enjoyable."" || [10.0/10] 若菲: ""Thanks to Levi’s and Kay’s warm service making it enjoyable."" || [10.0/10] Sammy: ""Room was cosy and big enough for a solo traveller,"" || [10.0/10] Lê: ""The room was cleaned daily, tidy and comfortable."" || [10.0/10] 兰: ""The staff were friendly and professional ( Levi and Peter)."" || [9.6/10] Ryan: ""Newly renovated, the rooms were modern and clean."" || [9.6/10] Jenny: ""Overall we can recommend this hotel, especially the suite!"" || [9.6/10] Kai-yu: ""Really good overall, quiet, convenient, staff are polite."""
85395993,8.8,194,9.4,8.8,9.6,9.7,9.3,76,13,6,5,0,"[10.0/10] Lu-anne: ""Another nice touch was the large smart TV in the room."" || [10.0/10] Lu-anne: ""I had a genuinely pleasant stay at Beige Hotel."" || [9.6/10] Christian Dave : ""Always there to assist you and help you with your needs."" || [10.0/10] Gladys Dianne: ""Great location, very helpful staff and newly renovated"" || [9.6/10] shivraj: ""Extremely clean (sheets,pillow, blanket etc)"" || [9.2/10] Meerim: ""They happily kept my luggage after check-out,"" || [8.8/10] Zheng: ""Location was nice , near to fan5 street."" || [8.8/10] Herman: ""Very very very friendly staff."" || [10.0/10] Hui: ""Clean room and Good front desk service."" || [10.0/10] Huu Quang Anh: ""Nice clean room, good value for money."""
76065784,8.8,180,8.9,8.7,9.5,9.1,9.0,112,23,2,4,12,"[10.0/10] Marta: ""The staff went out of their way to make us feel welcome,"" || [8.8/10] YAP: ""Will stay this Hotel again if I Visit Hoh Chi Minh City"" || [9.6/10] Paula : ""The hotel is quiet, well-managed, and very comfortable."" || [9.6/10] Gabriel: ""The room was clean, comfortable, and well-maintained."" || [10.0/10] Matías: ""A very nice hotel with modern rooms and excellent service."" || [10.0/10] Joy: ""Overall, I had a wonderful experience at Das Dilly Hotel."" || [9.6/10] Giulia: ""The room was clean and comfortable, although a bit small."" || [9.6/10] Oliver : ""The staff were genuinely friendly and always happy to help."" || [10.0/10] Mena: ""I had a wonderful stay and would definitely come back again"" || [10.0/10] Eren: ""A truly wonderful hotel with a perfect location."""
33985059,9.3,7470,9.5,9.3,9.5,9.7,9.5,5286,709,148,98,121,"[10.0/10] Sakshi: ""Amazing location, staff, services and facilities."" || [10.0/10] Thanh: ""We look forward to staying at the Golden Lotus Grand again!"" || [10.0/10] Ming chien: ""Staff are friendly and helpful as Khanh Tham and Tien Ang."" || [10.0/10] Chow: ""We stayed here for 3 days and really reallying enjoy it."" || [10.0/10] Saber: ""The room was very clean, comfortable, and well-prepared."" || [10.0/10] Sakshi: ""Walking distance to the beach, cafes, pubs, restaurants."" || [10.0/10] Susan: ""The room was beautifully designed and very comfortable."" || [9.6/10] Mavis: ""The buffet breakfast great spread & changes every day"" || [10.0/10] John: ""Possibly the best buffet I've experienced at a hotel."" || [9.6/10] Peter: ""A hotel that provides a comfortable and relaxing experience."""
15949242,8.9,5039,9.1,8.8,9.4,9.2,9.0,2792,731,179,184,141,"[10.0/10] lyon: ""Checkout their infinity pool the best view facing the ocean."" || [8.0/10] Jeanne: ""The rooms were also clean, comfortable & well maintained."" || [10.0/10] C: ""THE ROOMS! Great furnishings, super clean, well planned."" || [10.0/10] Amit : ""Rooms are very much the same as shown in the photos."" || [9.6/10] LEE: ""Ms Nat Vy and Mr Leonaldo are extremely friendly and warm."" || [9.6/10] Evonne: ""Every aspect of our stay was thoughtfully taken care of."" || [10.0/10] HAOYAN: ""Room is clean, spacious and have stunning beach views."" || [9.2/10] LEE: ""This hotel is my go-to hotel whenever I visit Danang."" || [9.6/10] Chau: ""5 stars for view and clean room, special for nice employees."" || [9.6/10] YUK MUI TRACY: ""The room comfortable , air conditioner very good, nice view,"""
2911802,9.1,7961,9.5,9.3,9.0,9.6,9.4,4691,829,198,138,121,"[10.0/10] Michelle: ""We also received excellent service from Anh and Lua at Elys."" || [10.0/10] Yongquan: ""A special shoutout to Lucy, who made our stay unforgettable."" || [9.6/10] Czarina: ""The room was clean and the breakfast had a great selection."" || [10.0/10] Hyuckjung: ""This hotel is very good and especially jennie is so kind ."" || [10.0/10] Rosavelle: ""Their breakfast buffet is also good, have lots of choices."" || [10.0/10] thassawan: ""Moreover, receptionist,Jennie, she’s so nice and helpful."" || [10.0/10] Darren: ""It had a good range of drinks and food and great prices."" || [9.2/10] Francis: ""The room was well maintained and spacious for the price."" || [10.0/10] Zoey: ""It has amazing facilities and it’s beautiful and clean!"" || [8.8/10] Jeannie: ""Thoroughly enjoyed our stay at the New Orient Hotel."""
2401246,8.6,1956,8.6,8.5,9.2,8.9,8.8,1169,215,76,100,163,"[10.0/10] Ha: ""The room was clean, well-equipped, and cleaned daily."" || [10.0/10] Nhu: ""I was very satisfied with the quality of the room."" || [10.0/10] Paul: ""Best  great hotel and pool and close to  ocean  love it"" || [10.0/10] hieu: ""I was very satisfied with my experience at Dylan Hotel."" || [9.6/10] Herman: ""The staff and the room are really good for the money"" || [10.0/10] Jennifer: ""Will definitely stay here again on our next visit."" || [7.2/10] Marielle: ""The staff are efficient and keep the rooms clean."" || [9.2/10] James: ""LOCATION  10 *   Gyms / groceries / taxis   1 minute away."" || [9.2/10] Darlene: ""Close to the beach and restaurants yet quiet for sleeping."" || [10.0/10] VIRADOR: ""Plus is the plated breakfast and very accommodating staff"""
50599322,8.4,1857,8.5,8.1,9.1,8.6,8.5,943,260,91,99,175,"[10.0/10] Drishti: ""It is a nice hotel, clean, modern, good value for the money."" || [9.2/10] Petr: ""The hotel room was clean and quiet, ensuring a restful stay."" || [10.0/10] Brian: ""Comfortable beds and most importantly helpful kind staff."" || [10.0/10] Daniel: ""We had some great night's sleep in the comfortable beds."" || [10.0/10] Carin: ""Room service & house keeping were always great quality."" || [10.0/10] Etienne: ""Room was cleaned daily and staff were really friendly."" || [10.0/10] Zachary: ""Room was cleaned every day and fresh towels provided."" || [10.0/10] Fatih: ""Loved the pool, awesome location and great value for money!!"" || [9.6/10] Doni: ""Got a free upgrade to rather large twin bed room."" || [8.0/10] Karen : ""The room is very nice and big, great Wi-Fi for expat work."""
4435798,8.6,2942,8.6,8.4,8.9,8.9,8.8,1709,309,124,156,255,"[10.0/10] Orlando: ""I would say that the service at the Hanami was excellent"" || [10.0/10] avneesh: ""A must stay and most value for money hotel in entire danang"" || [10.0/10] Zoé: ""The staff was very friendly and made me feel very welcome."" || [10.0/10] Elvina: ""Bed is very comfortable, it's clean and staff are great."" || [10.0/10] Ms: ""The room was extremely comfortable, very clean and tidy."" || [10.0/10] Skye: ""Room was clean and spacious and the AC works great."" || [10.0/10] Leni: ""The room space is beautiful, clean and comfortable."" || [10.0/10] joan: ""We definitely going back to Da Nang and stay here again ☺️❤️"" || [10.0/10] Korry: ""We loved our stay because it was so clean, modern, and cozy!"" || [10.0/10] Saajid: ""A definite must-stay for anyone visiting the area."""
58826821,7.8,789,7.9,7.5,8.7,8.3,7.9,326,90,35,57,110,"[10.0/10] So-Hee: ""Provided a room that met my requirements during my stay."" || [10.0/10] Clare: ""I enjoyed my stay in the room, they gave me an upgrade."" || [10.0/10] Zaw Phyo: ""I had an incredible experience staying at Haya Hotel Danang."" || [10.0/10] Zachary: ""Friendly staff, fully equipped hotel and close to the beach."" || [10.0/10] Seo : ""The hotel is modern, clean, and well-located near the beach."" || [10.0/10] Ms: ""The staff went above and beyond to make my visit memorable."" || [10.0/10] Ngoc Hang Minh: ""The staff is friendly and is always ready to assist guests."" || [10.0/10] Andre: ""The beach right 2 minutes away by walk was clean and warm."" || [10.0/10] Ralph Joshua: ""It is the most cheap and biggest room we had for years."" || [10.0/10] Nhat: ""Everything is clean, the staff is helpful and friendly."""
59620000,7.7,647,7.6,7.5,8.4,8.1,7.9,269,66,35,50,106,"[10.0/10] Perla: ""Bed is very comfortable, it's clean and staff are great."" || [10.0/10] tak: ""Happy that was upgraded to a high floor city view room."" || [9.6/10] Ria: ""The rooms are spacious, especially the Executive Room."" || [10.0/10] Chí Thanh: ""The pool is very nice, quite clean and a nice view."" || [10.0/10] Kujala: ""Very comfortable bed, nice bathroom and good TV."" || [9.6/10] Howard: ""The rooftop pool is the real plus, with great city views."" || [10.0/10] Lương: ""If I have the chance, I will definitely stay here again!"" || [10.0/10] Gary: ""They also upgraded my room for free so I can’t complain"" || [10.0/10] Kelshi: ""The best accomodation with quality and price!"" || [10.0/10] ms: ""The apartment is great, the staff is very enthusiastic"""
2915722,9.0,7847,9.3,9.0,8.9,9.4,9.3,4218,1052,283,210,171,"[10.0/10] Sunil Kumar: ""This thoughtful gesture truly reflects their 5-star service."" || [10.0/10] Jordan: ""Was integral in managing my stay and keeping me at Fivitel."" || [10.0/10] Kevin: ""Excellent breakfast, friendly staff and easy to get around."" || [9.6/10] Hong truc: ""We have a room with a beautiful view at the Dragon Bridge."" || [10.0/10] Michael: ""Spectacular view from the room and from the infinity pool!"" || [9.2/10] Crystal: ""The view from my room was easily the highlight of my stay."" || [10.0/10] Giovanni: ""The view, the staff, the food, the rooms are just superb!"" || [9.6/10] Hazel: ""The breakfast was an array of good food for every taste."" || [10.0/10] Therese Joy: ""The rooms were comfortable, clean, and well-maintained."" || [10.0/10] Titilayo: ""The swimming pool on the rooftop is absolutely amazing."""
6534301,8.6,4199,8.8,8.5,8.9,8.9,8.9,2135,596,177,191,237,"[9.2/10] TzeTsun: ""The room was very spacious, and I loved the ambiance."" || [9.6/10] SHARON: ""The hotel and rooms were clean, well-equipped, and pleasant."" || [10.0/10] Ung: ""The staff are welcoming and make you feel at home"" || [9.6/10] Concisa Grace: ""I like the bed its huge and  the room interior is so nice."" || [10.0/10] Prashant: ""Location is good, near to the convenience stores and beach"" || [10.0/10] Yutong: ""And the room is clean, which is worth recommending."" || [10.0/10] zer: ""I was very satisfied with my trip at the Royal Beach Hotel."" || [10.0/10] China: ""The room was very clean with no unpleasant smell at all."" || [10.0/10] Parminder: ""The room was clean and was satisfied with my stay there."" || [10.0/10] Trung: ""The room is airy, clean, the staff speaks good English."""
16063401,9.2,5513,9.4,9.2,9.5,9.6,9.4,3757,528,154,116,119,"[8.8/10] Gary: ""The room was clean, and the amenities were great."" || [10.0/10] Shawn: ""Overall, it was a good value for a short-terms stay."" || [10.0/10] Nusrat: ""Helen at the front desk was really helpful and kind."" || [9.6/10] SATHISH: ""A fantastic hotel, perfectly located to meet all your needs."" || [10.0/10] Ryan: ""Stayed here on a trip with some friends and loved the hotel!"" || [9.6/10] Andreas: ""The breakfast was always good and the rooms were very clean."" || [9.6/10] YIOTA: ""Pros: location is only a few minutes away from the beach."" || [10.0/10] Michel: ""Room are nice and the breakfast are fabulous!"" || [10.0/10] Shani: ""We would highly recommend and would love to stay again."" || [10.0/10] Adam: ""When I return to Da Nang I will be staying here again."""
74957819,8.2,1833,8.5,8.3,9.0,8.3,8.1,293,97,41,35,60,"[10.0/10] Kathrine: ""She also went above and beyond to make my birthday special."" || [10.0/10] Aziretaly: ""He made our stay even more comfortable and memorable."" || [10.0/10] Chau: ""Rooms are very large and comfortable for family of 4."" || [10.0/10] Rodolfo: ""I stayed here for the month and was very happy with my stay."" || [10.0/10] Hon Man: ""Brand new hotel having Best location and view to the ocean."" || [9.6/10] Brandon: ""We enjoyed our stay here and we would definitely recommend"" || [10.0/10] YUK KUEN: ""Unforgettable experience staying in this hotel."" || [10.0/10] WAEL: ""The location was also excellent and convenient."" || [9.6/10] TRANG: ""The hotel is new, clean, and well situated for tourists."" || [10.0/10] Richard: ""The room was very specious and well appointed."""
40283156,9.0,4964,9.2,8.9,9.4,9.5,9.1,2001,411,78,100,87,"[10.0/10] Robert: ""The pool was a great place to relax and was well maintained."" || [8.8/10] wanida: ""Rachel tried very hard to help regarding an issue we had ."" || [9.6/10] James: ""Rooms are huge and newly refurbished bathrooms were ideal."" || [10.0/10] Lenna Mae: ""The warm hospitality truly made us feel at home."" || [9.6/10] Dennis: ""Everything was easy and convenient with wonderful staff."" || [9.2/10] Juergen: ""Many thanks to the staff of this exceptional good Hotel!"" || [10.0/10] Gilrubie: ""Our stay in Golden Lotus Luxury Hotel was so worth it."" || [10.0/10] Allar: ""The bed was very comfy and the view was spectacular."" || [9.6/10] leanne: ""The staff went above and beyond"" || [10.0/10] Dennis: ""The room we got it very luxurious especially for its price."""
33702497,9.0,11127,9.3,9.0,9.7,9.3,9.3,5220,1090,262,188,130,"[10.0/10] tung: ""I tried both Wink locations and OMG how amazing it has been."" || [10.0/10] Alton: ""They have a laundry facility on site as well is very modern."" || [9.6/10] Hoi: ""The hotel is nice, the staffs is super friendly and helpful."" || [9.2/10] HOJAE: ""Excellent location and good policy for 24 hours check-out."" || [10.0/10] Yul Li : ""The hotel was close to all the destinations we went to."" || [9.2/10] ribka edrea: ""Room looks exactly like pictures, amenities were great."" || [10.0/10] James: ""Ask for nhung and trim and they will help you out!"" || [10.0/10] Derrick: ""Excellent location with river views and close to Han Market."" || [10.0/10] yin ching: ""Nice staff and great location , value for money"" || [10.0/10] Jaehyung: ""I recommend this hotel to everyone whi travels to Danang."""
30976878,8.5,1751,8.7,8.3,9.2,8.8,8.8,886,210,80,87,112,"[10.0/10] Trần Khánh: ""Spacious room, good facilities and a nice location."" || [10.0/10] Mr: ""So good that I stayed there again after visiting Thailand."" || [10.0/10] Frederique: ""The room is clean, comforting, air-conditioned powerful."" || [10.0/10] Avni: ""Could be the best value for money hotel in Da Nang."" || [10.0/10] Derek: ""We loved the room and location so much we extended our stay!"" || [10.0/10] Eilis: ""All my stay went very smoothly and everything was perfect."" || [9.2/10] Jamie: ""Great location to; close to the beach and all the action."" || [10.0/10] Li: ""The hotel room was clean and the staff were wonderful."" || [10.0/10] Kharn: ""Great hotel for the price very clean and comfortable"" || [10.0/10] Phuoc Hai: ""The value for money was great, with spacious rooms."""
78233501,8.9,1027,8.9,9.0,9.1,9.2,9.0,641,70,28,44,64,"[10.0/10] Amber: ""The staff were very friendly and helpful during our stay."" || [10.0/10] Ankit: ""Thanks to a great staff Khanh Hung Quan Duyen Huy Quoc Tu"" || [10.0/10] Lucy: ""The 24H reception is a big help and the breakfast is great!"" || [10.0/10] Quốc: ""Clean room, great vibe, and the staff were genuinely kind."" || [10.0/10] Leo: ""The location is great and room was always kept very clean."" || [10.0/10] Segolene: ""We had a best night sleep from our travel."" || [10.0/10] XIANG: ""The room was clean, comfortable, and well-equipped."" || [10.0/10] Xiao: ""Clean room and affordable price — totally worth it."" || [10.0/10] Lê: ""The room was spotless and fully equipped."" || [10.0/10] Konstantin: ""Facilities are in a great conditions and completely clean."""
36827082,8.8,4370,9.3,8.9,9.2,9.2,9.0,1480,337,81,80,83,"[10.0/10] Lorraine: ""Super clean and awesome location close to the Dragon Bridge."" || [9.2/10] Natalie: ""My kids love the hotel and the delicious breakfast."" || [10.0/10] Ally: ""The beds and pillows were extremely comfortable to sleep in."" || [10.0/10] NICOLE: ""The breathtaking view from my room was simply unforgettable."" || [9.6/10] Richard: ""The sheets and towels still have the sparkling white as new."" || [10.0/10] Cole Lawrence: ""During my stay, the staff were extremely helpful and humble."" || [10.0/10] Greg: ""The location was great and the breakfast buffet is the best."" || [10.0/10] puteri: ""Its a 24-hour stay hotel which makes it so worth to stay."" || [10.0/10] Akanksha: ""Rest all facilities are top notch and staff are amazing."" || [10.0/10] Sakshi: ""Amazing hotel , very clean and good for solo travellers."""
86583252,9.3,221,9.3,9.2,9.1,9.4,9.2,64,9,2,1,5,"[10.0/10] Akira: ""My overall experience at the hotel exceeded my expectations"" || [9.6/10] Sevda: ""The staff is incredibly friendly, helpful, and supportive."" || [10.0/10] Adam: ""The staff handled everything quickly and professionally."" || [10.0/10] Anabel: ""I booked 1night and i stay 4 days finally."" || [10.0/10] Pongpat: ""The staff are lovely, friendly, and always willing to help."" || [10.0/10] HSIAO-HUI: ""I had a very comfortable and enjoyable stay here."" || [10.0/10] Troy: ""The hotel atmosphere was peaceful and relaxing."" || [10.0/10] JIA: ""The bed is clean and the environment is quiet."" || [10.0/10] HSIAO-HUI: ""I felt welcomed, safe, and well cared for."" || [10.0/10] bin: ""I will go here again if i have a chance."""
32712889,8.0,210,8.0,7.9,8.8,8.7,8.2,88,31,13,5,21,"[9.6/10] Amy: ""We had a lovely stay, view was stunning of the city and sea."" || [9.6/10] Pankaj: ""Hotel Location is walking distance from Beach."" || [10.0/10] Nichille Ivy: ""They have clean sheets and towels (super thumbs up)."" || [9.2/10] Michael: ""And the staffs were very helpful, specially ms Quincy."" || [10.0/10] gary: ""Beautiful views, lovely staff, incredible  breakfast"" || [9.2/10] Anurada: ""However, the staff is really caring and helpful."" || [10.0/10] razi: ""Two of those things I like is the location and the staffs."" || [8.8/10] Jessa: ""Good Value Stay with Spacious Room & Nice View"" || [10.0/10] ROGELIZA: ""Good breakfast with varying options daily"" || [10.0/10] Sze Fatt: ""Clean room, value for money"""
59517049,8.9,1832,9.1,8.9,9.1,9.5,9.2,583,98,35,33,32,"[10.0/10] Hamilton: ""Plus, you can rent a bike from this hotel too like i did."" || [10.0/10] Edison: ""The rooftop bar’s sunset view was the perfect way to unwind."" || [10.0/10] Sylvia: ""The room & bathrooms were clean and my bed was comfortable."" || [10.0/10] Patrick: ""Room is clean and comfortable, everything is perfect here"" || [9.6/10] MEHMET ALI: ""The owners and staff are very polite and helpful people."" || [10.0/10] Gin: ""It is very cost-effective and the room is very clean."" || [10.0/10] Sufia: ""One of the best hostels I’ve ever stayed in 😊😇😊💕💕💕💕"" || [10.0/10] agnes: ""On the whole it was one of the best places I have stayed in."" || [10.0/10] Goh: ""Will surely stay here again for my future visits to Danang."" || [10.0/10] Javed: ""Ms. Tien was extremely helpful and approachable."""
1214913,8.1,23490,7.5,7.4,9.4,8.6,8.4,7532,4654,1945,1903,1581,"[9.2/10] Edmund: ""First choice during my trip to Da nang for these few years"" || [9.6/10] Rheavelyn: ""The room has a huge living area for everyone to bond."" || [10.0/10] Win Htut: ""The room was spacious, clean, and very comfortable."" || [10.0/10] Nicollette Faye: ""Room was clean, spacious, comfortable and really affordable."" || [10.0/10] kyaw: ""Recently renovated and there are 3 lifts serving all floors."" || [9.6/10] Noel: ""My 4 days stay in Centre hotel in Da Nang was very relaxing."" || [9.6/10] Aman Kumar: ""Good hotel and my experience is really good with this hotel."" || [10.0/10] Marie: ""The hotel’s location is truly one of its biggest highlights."" || [10.0/10] Chin-chin: ""The room was clean and spacious enough for a solo traveler."" || [9.2/10] Aziz Alper: ""The location is very central, making it easy to get around."""
8825326,8.7,7587,9.0,8.6,8.8,9.1,8.9,3832,1158,350,345,331,"[9.6/10] Rakesh: ""Everything in room, and bathroom were exemplary."" || [10.0/10] My: ""They were very helpful and made my stay more comfortable."" || [10.0/10] Karen: ""Our room is big,bed is comfy and pillow, room is clean,"" || [9.2/10] Tvya: ""Had such a wonderful experience staying at this hotel."" || [9.2/10] Jane: ""Their warmth hospitality made us feel right at home."" || [10.0/10] Kathy: ""In conclusion, I highly recommend this lovely hotel."" || [10.0/10] Sunjoy: ""Thank you to the front office manager for the free upgrade"" || [9.6/10] Phi: ""The accomodation is good, new and clean. Highly recommend."" || [10.0/10] Karen: ""Al staff is very friendly and always with smile , helpful."" || [10.0/10] Alvin: ""There is nothing to complain but lots to praise."""
517713,7.7,1121,7.8,7.3,8.1,8.4,7.9,406,191,43,70,152,"[10.0/10] Nguyễn tùng: ""Clean, airy rooms, with windows and large bathtubs!"" || [10.0/10] Seno: ""The hotel is clean which i like the most,"" || [10.0/10] Li: ""The price is extremely reasonable , great value for money."" || [7.6/10] Ronan: ""The room was clean and the bed was comfy"" || [9.6/10] Tom: ""Large but quiet hotel. Would definitely stay here again."" || [9.2/10] YINGSHUN: ""Good service in the reception"" || [9.6/10] I-Man: ""Recommended for all type of travelers. ⭐️⭐️⭐️⭐️⭐️"" || [8.4/10] Oleh: ""Staff are very polite and willing to help, solve problems"" || [9.6/10] Emily: ""Big room and strong air-conditioning."" || [10.0/10] Mikael: ""Nice  place, good location, nice stuff."""
8264400,8.3,1389,8.4,8.2,8.2,8.5,8.4,180,41,16,21,38,"[10.0/10] Savr: ""Hong from customer service was helpful with advice"" || [10.0/10] Julia: ""Wonderful accommodation with large, clean rooms."" || [10.0/10] Andrey: ""My mistake was not booking here straight away."" || [10.0/10] Ajax: ""The Jetted bathtub was great for my large frame."" || [9.2/10] Richard: ""Great value for money views are amazing from the rooftop"" || [10.0/10] Andrey: ""It is the best hotel in da nang for the price offered."" || [8.4/10] Tal: ""The family room is by far the best choice"" || [10.0/10] Andrey: ""Amazing service and great price quality."" || [10.0/10] Alfredo : ""Thanks Rest Hotel, I'll never forget all of you"" || [9.2/10] José: ""The staff was great, very kind and helpfull!"""
89418023,9.4,362,9.7,9.6,9.6,9.7,9.7,86,3,0,2,3,"[10.0/10] Albina: ""Her attitude made my stay even more pleasant."" || [10.0/10] Frank: ""The staff handled everything quickly and professionally."" || [10.0/10] George: ""Everything is so nice for my stay here"" || [10.0/10] Natasha: ""Every time I returned, the room was neat and spotless."" || [10.0/10] Norris: ""My overall experience at the hotel exceeded my expectations."" || [10.0/10] Vics: ""The reception staff were friendly and always smiling."" || [10.0/10] Kleian: ""We commend Bich Thoai Yen for his excellent service."" || [10.0/10] Noah: ""Convenient location and supportive staff"" || [10.0/10] Edward Pollard: ""Beautiful memories and I'll come back next trip!"" || [10.0/10] Joseph: ""Excellent location, the area is quiet and clean."""
161693,8.4,6106,8.3,8.1,9.5,8.6,8.5,2169,1100,366,329,274,"[9.2/10] Rachel: ""Highly recommend due to value for money and location"" || [9.2/10] Supanat: ""This hotel is in the best location and the room is large ."" || [10.0/10] Kam: ""A great buffet breakfast give you a unforgettable memory."" || [10.0/10] MI: ""6 stars hotel thanks for everything it was best and best"" || [10.0/10] khushbu: ""Right in the heart of the city and rooms are spacious,"" || [10.0/10] Elixa-Mae: ""Facilities are top-notched and the room is spacious."" || [10.0/10] Mark Jay: ""What stood out the most was the exceptional service."" || [8.0/10] Sungil: ""Clean room, friendly crew, reasonable price, great location."" || [9.6/10] Shaura: ""We arrived late but the staff was still very accommodating."" || [8.8/10] Melvin: ""Great location for the market and walking along the river."""
92050695,9.7,46,10.0,9.9,9.9,9.8,10.0,38,0,0,0,0,"[10.0/10] Don: ""We booked the deluxe Suite and couldn’t be happier."" || [10.0/10] Jean: ""We enjoyed our stay at the Sevana Hotel."" || [10.0/10] The: ""We enjoyed our stay! very clean and accomodating staff."" || [10.0/10] Rhoda: ""The staff are polite, helpful and nice."" || [9.6/10] Hannah: ""The accommodation was very clean."" || [10.0/10] Anuthida: ""Comfortable stay!"" || [10.0/10] Israel: ""Nice room."" || [10.0/10] Israel: ""Lovely place,clean and new"" || [10.0/10] Israel: ""I stayed here for really long stay."" || [10.0/10] Israel: ""Fresh and clean"""
89104373,8.3,81,8.4,7.8,8.9,8.6,8.1,14,2,3,1,3,"[8.8/10] Jimmy: ""We love the location just in front of the beach."" || [7.6/10] Peter: ""A competitively priced beachfront basic hotel."""
47008910,7.3,750,7.0,6.9,8.3,7.8,7.4,211,90,35,59,141,"[10.0/10] Jyoti: ""The price, the location, the room just amazing."" || [10.0/10] malambut: ""The staff were warm, friendly, and always ready to help."" || [8.8/10] Huongly: ""The room is well equipped and spacious enough."" || [9.2/10] Rita: ""Excellent location and the most friendly staff."" || [9.6/10] tung: ""Friendly, helpful and nice staff, clean hotel"" || [9.6/10] Clodomir: ""Affordable and very spacious room."" || [8.4/10] Satnam: ""Good location and great value for money."" || [8.8/10] Rae: ""The bed and pillows were clean and comfortable."" || [10.0/10] ian: ""Excellent room at the excellent price"" || [10.0/10] ROBERT: ""Excellent, inexpensive, near beach."""
83491331,8.9,478,7.2,6.8,8.3,7.3,7.4,24,4,5,6,14,"[9.6/10] Aston: ""The room was super clean, comfortable with all amenities."" || [9.2/10] Kevin: ""Perfect location and room facilities were all good."" || [10.0/10] Anil: ""Chau receptionist was super helpful and friendly."" || [9.6/10] Ẩn danh: ""Great hotel with clean rooms, friendly staff"" || [10.0/10] Mrs: ""Staff were all very friendly and polite."" || [9.6/10] Michael: ""All the staff were helpful and kind."" || [7.6/10] Rosalin: ""Nice, cheap, prime location"" || [8.4/10] Melissa: ""Love V Hotel"" || [10.0/10] Bradley: ""Good value and quite clean"""
305367,7.8,1144,7.6,7.6,8.3,8.3,8.0,406,155,65,71,151,"[8.0/10] Anna: ""Natural light, big beds, soft mattress and a big roof pool."" || [9.6/10] Manfred: ""Clean rooms and The Staff was very good n helpful."" || [8.8/10] Robin: ""It's so rare to have what you booking for and even more."" || [10.0/10] Trinh: ""Clean room, good city view and fantastic swimming pool."" || [10.0/10] Jaime: ""This is the perfect place to stay ever in Da Nang City."" || [8.4/10] Nicholas: ""Nice views from pool area including Dragon Bridge."" || [10.0/10] Alice: ""The hotel was clean and had all the necessary amenities."" || [10.0/10] Bao Phuong: ""Every staff was superb: friendly and helpful."" || [9.6/10] Diemmy Thuy: ""Hotel was very clean and pool was nice and clean too."" || [10.0/10] David: ""The room is cleaned and towels are changed every day"""
92135492,8.2,82,8.2,8.0,9.4,8.8,8.4,18,1,0,1,7,"[10.0/10] xavi: ""Really enjoyed my stay at Sunrise River View Hotel."" || [10.0/10] Tuấn Minh: ""I had a wonderful stay at Sunrise River View Hotel."" || [10.0/10] Hoàng Anh: ""The staff were lovely, friendly and always happy to help."" || [10.0/10] Ha: ""I really enjoyed my stay at Sunrise River View Hotel."""
533079,7.5,2567,7.6,7.3,8.2,7.7,7.8,747,334,150,203,348,"[10.0/10] thien: ""The staff were friendly and helpful throughout my stay."" || [9.6/10] Debojit : ""It was clean and close to many tourist attractions"" || [10.0/10] Ha: ""Overall, a pleasant stay and good value for the price."" || [10.0/10] Thuy: ""The staff were friendly and check-in was quick."" || [7.6/10] Arlene: ""The hotel is close to everything we were interested in."" || [10.0/10] Thanh: ""The room was very clean, we had an amazing night there."" || [8.0/10] Alan: ""Huge rooms, comfortable beds, nice staff"" || [9.2/10] Ramez: ""Great views of the River and close to everything"" || [9.6/10] David: ""Everything was clean, free water, the staff was helpful."" || [10.0/10] Mai Anh: ""The staff were also very friendly and helpful."""
10003415,8.4,3270,8.6,8.5,8.4,8.9,8.8,1743,302,136,158,321,"[10.0/10] Hoang: ""The room was spacious, clean, and beautifully decorated."" || [8.0/10] NEIL: ""Beautiful hotel, staff exultant, brilliant value for money"" || [10.0/10] Via: ""Great facilities and nearby the beach and local restos"" || [10.0/10] Liberty Hotel: ""The most insane pool I’ve ever immersed myself into."" || [10.0/10] Ngoc Han: ""Especially love the spectacular view from the infinity pool."" || [10.0/10] Renee: ""They go the extra mile to make sure your stay is beautiful."" || [10.0/10] Văn: ""Room service 24/7, always ready to help and serve quickly."" || [10.0/10] MIMIA: ""The staff is friendly and provides good recommendations."" || [8.0/10] Naveen Kumar: ""I had an amazing time staying at this hotel at Da Nang."" || [7.2/10] Marc: ""Very nice 360 degree view over the city from rooftop."""
61782961,8.6,813,8.6,8.3,8.9,9.0,8.3,114,33,8,6,12,"[9.6/10] Tyler: ""Perfect location, and absolutely wonderful staff."" || [8.4/10] Ashley: ""My fav Da Nang boutique hotel in the prime expat area."" || [10.0/10] Greg: ""The staff, room and location are all excellent here!"" || [10.0/10] ramazan: ""+ very new and clean hotel"" || [10.0/10] Kaylee: ""The view is 180• you can see central are and seaside either."" || [10.0/10] Artem : ""Always stay here when in Danang."" || [8.0/10] Sahil: ""If we leave this incident aside then the hotel is great."" || [10.0/10] Artem : ""Great staff,great location,great price."" || [9.2/10] Raphael: ""Great location close to the beach and bars."" || [10.0/10] Chris: ""The apartment was as advertised, spacious, clean."""
12790732,8.4,1446,8.6,8.2,8.9,9.0,8.7,127,37,7,17,12,"[10.0/10] Simon: ""Over all it a great place to stay and enjoy da nang."" || [10.0/10] Murat: ""The room was clean and had all the amenities you need!"" || [10.0/10] Lạc: ""Amazing hotel with excellent service, .."" || [9.2/10] Douglas: ""Breakfast is a verity of dishes local and international..."" || [10.0/10] nicole: ""The staff were friendly and helpful."" || [8.4/10] Vanessa Pamela: ""One thing that stood out was the excellent housekeeping."" || [10.0/10] Kiran : ""Lovely pool and nice place to relax."" || [8.8/10] angelica: ""I had a nice stay at Prague Hotel in Da Nang!"" || [10.0/10] Wen chun: ""They're so helpful and friendly all the time."" || [9.6/10] Roy: ""Excellent staff and great location"""
611493,8.1,4696,8.0,7.6,8.9,8.4,8.2,420,159,71,68,111,"[10.0/10] Karo: ""Staff was super friendly, I got and upgrade for super room."" || [9.2/10] Christina: ""Pretty clean and spacious room and everything works well."" || [10.0/10] Hwong: ""Bf was cheap n room very nice and near to the beach"" || [10.0/10] MINH: ""Friendly and professional staff who serve with great passion"" || [10.0/10] Ngoc ha: ""Everything is very nice and the staff is perfect."" || [10.0/10] Richard: ""Staff were great on both check in and departure."" || [10.0/10] ye: ""Hotel breakfast is perfect for me and I had it everyday. 😄"" || [10.0/10] Van The: ""Everything such as staff, facilities are great."" || [9.2/10] art: ""Please visit this hotel and you will not be disappointed."" || [9.2/10] Dan: ""Front desk staffing is friendly and helpful!"""
39565306,7.6,1203,7.6,7.4,7.4,8.1,7.9,148,70,17,46,77,"[9.6/10] Lakshitha: ""Also they arranged a motor bike to travel around the city."" || [8.4/10] Nina: ""The beds are very spacious, customer service was excellent."" || [9.2/10] Sharon: ""Floor clean, bedding clean, comfortable bed, nice staff."" || [8.4/10] B E: ""She's the most selfless employee encountered in Vietnam."" || [10.0/10] sophie: ""We had the private room and bathroom which was MASSIVE."" || [8.4/10] Quentin : ""The shared space is great and the beds are comfortable!"" || [9.6/10] Michelle: ""Loved the interior.. it was clean and modern looking."" || [10.0/10] Pi: ""I highly recommend this newly opened backpackers' hotspot :)"" || [8.8/10] Charlotte: ""The beds were very large and had charging port by your bed."" || [8.0/10] Lydia: ""Hostel itself is good value, staff were friendly."""
6383377,9.1,9761,9.0,8.9,9.3,9.7,9.3,4824,1243,275,185,113,"[10.0/10] Carole: ""The staff are amazing and really happy when you see them."" || [9.6/10] CAROLINA: ""Had a good time  Da Nang due to  a very accommodating staff."" || [10.0/10] christina: ""Really recommended to choose this hotel if you visit Da nang"" || [10.0/10] wang: ""The hotel rooms are very clean and the location is perfect."" || [9.6/10] Xin Yi: ""Highly recommended and we will definitely come back again."" || [10.0/10] ma.linda: ""Location is walkable to the dragon bridge and Han Market."" || [10.0/10] Misha: ""They changed the dishes every day so you get a variety."" || [10.0/10] Neha: ""The staff were so kind and helped us weigh our luggage."" || [10.0/10] chiwon: ""The restaurant staff are also very friendly and kind."" || [10.0/10] Mark: ""If I can give the staff more stars I really would do."""
2985282,8.4,2161,8.4,8.1,8.7,9.0,8.6,972,348,132,137,172,"[10.0/10] Derek: ""I especially enjoyed the rooftop pool, which was very clean."" || [10.0/10] Ben: ""Very nice hotel nice staff very clean would 100% recommend"" || [8.0/10] Derrek: ""I’ll definitely be staying here again on my next visit!"" || [10.0/10] Lạc: ""The location was perfect as it was in the city centre."" || [10.0/10] Phượng: ""The facilities were complete so I was very satisfied."" || [10.0/10] Tan: ""Deserve 5 stars for their service with decent price!"" || [10.0/10] Phượng: ""We lived our stay here and will stay again I’m sure."" || [10.0/10] Lam: ""The room is spacious, airy, clean, fully equipped."" || [10.0/10] Teresa: ""Very accommodating staff and very nice place for the price."" || [10.0/10] Anabela: ""We definetly will stay again if we ever come back to DaNang"""
43727586,9.0,8228,9.4,9.1,9.1,9.3,9.2,2924,603,129,113,123,"[10.0/10] Jonell: ""The hotel staff is so attentive and the hotel is luxurious."" || [10.0/10] Nurhanan: ""The room was spotless, spacious, and thoughtfully designed."" || [10.0/10] Lathika: ""The rooms are spacious and clean with excellent facilities."" || [10.0/10] Jada: ""This property offers fantastic value with a prime location."" || [10.0/10] Paul: ""The staff are so friendly and accommodating to your needs,"" || [10.0/10] Iman: ""It felt more like staying with friends than at a hotel."" || [10.0/10] Rasha: ""Overall, I would absolutely stay here again."" || [9.6/10] Theresa: ""They made our trip to Vietnam an absolute pleasure."" || [10.0/10] Sharon: ""We took the partial sea view, but the view is still amazing!"" || [10.0/10] CHARALAMPOS: ""The hotel was absolutely amazing and really clean!"""
4947690,8.9,11826,9.2,9.2,9.2,9.3,9.1,5538,1138,270,248,264,"[10.0/10] shawn: ""The breakfast buffet was so large and covered all tastes."" || [9.6/10] Colin: ""What the most Amazing views & the staff were very helpful."" || [10.0/10] Catalin Adrian: ""Genuinely surprised how good the experience at Melia was."" || [9.6/10] AMOL: ""The amenities at this property are top-tier."" || [10.0/10] S: ""Nice property for stay in Danang with courteous staff."" || [10.0/10] Michal: ""The facilities, staff, cleanliness and food are all amazing."" || [10.0/10] Laura: ""Everything from the location to the room itself was perfect."" || [10.0/10] Yutthana: ""The location is perfect, beside the river and shopping mall,"" || [10.0/10] YAN: ""What truly sets this hotel apart is the exceptional service."" || [10.0/10] Zayyar: ""The facilities were top-notch, especially the pool and gym."""
443623,8.0,3131,7.9,7.8,8.4,8.4,8.3,886,334,144,182,263,"[10.0/10] David: ""Great place to stay, very clean, neat and awesome"" || [10.0/10] Mc-Jo: ""Overall, a truly enjoyable stay that I’d happily recommend!"" || [10.0/10] Jillian Penny : ""I always come back here the place is always clean"" || [8.8/10] Iain: ""Great location, friendly staff, basic room but good value."" || [8.8/10] Louis: ""The hotel was very clean, the price was also very good."" || [10.0/10] David: ""The hotel and the price are absolutely subtle"" || [9.6/10] Alexander: ""Price for the hotel and everyday cleaning is amazing"" || [10.0/10] NONAH MAE: ""Housekeeping replaced towels and cleaned the room every day."" || [8.4/10] Pad: ""I will Stay in My Next Trip Also here."" || [10.0/10] Per Christian: ""Great and affordable hotel central in Da Nang"""
2235797,8.0,782,8.2,7.9,8.7,8.4,8.3,294,81,38,39,76,"[9.6/10] Binderpaul: ""And now im extending my stay happly in the hotel."" || [10.0/10] Patrik: ""Everything what you need is near hotel."" || [10.0/10] CEZAR JR: ""Affordable rate very convinient near to anywhere places"" || [10.0/10] Tuan: ""Overall I really enjoyed my short stay here."" || [8.4/10] Roger: ""Great location, modern and clean high rise."" || [10.0/10] Kristoffer: ""Very clean and we have the nice view of the city!"" || [9.2/10] Benita: ""In fact, we even got a room upgrade."" || [9.6/10] Mihai: ""Great accomodation for the money."" || [10.0/10] Harry: ""Very clean, good location, great value."" || [10.0/10] Dheeraj : ""Specially front Staff Minh is very Nice"""
48029813,8.5,2624,8.6,8.4,8.9,8.8,8.6,1383,211,98,124,238,"[8.8/10] Bruce: ""Great location with loads of places to eat and drink."" || [10.0/10] Huong: ""Big, beautiful room with sea view, new, beautiful furniture."" || [10.0/10] Muhammad Hafizul: ""I’m staying here for a whole week, everything was perfect."" || [10.0/10] đức: ""We were looked after impeccably by all of the hotel staff."" || [10.0/10] Liberty Hotel: ""Oh it’s also walking distance from a lot of great places."" || [10.0/10] Fei: ""The staff was very kind, and the room was comfortable."" || [9.2/10] Ivy Mae: ""All needed travel stuff is available at the hotel."" || [10.0/10] Liberty Hotel: ""Large parking lot and swimming pool on the 12th floor."" || [10.0/10] Liberty Hotel: ""The room was exactly the same as the photo provided,"" || [9.2/10] Linh: ""Overall, great stay and will book again."""
90759139,7.7,59,7.6,7.2,8.5,8.9,8.0,20,10,4,4,6,"[10.0/10] Kaung Mon: ""The staffs are the best with the great service."" || [9.2/10] Nica: ""Its near stores laundry restaurants and even the beach."" || [8.4/10] Pyae: ""Value for money and warmly staff service"" || [9.6/10] aisya: ""Everything is within walking distance,"" || [8.4/10] Bel: ""Lovely reception staff"" || [8.0/10] Daniel: ""Good location"""
937111,8.0,3615,7.9,7.7,8.5,8.5,8.2,1354,512,206,257,389,"[10.0/10] Hoang: ""They were always friendly and helpful throughout our stay."" || [10.0/10] Elaine: ""Everything has been redone here and is new and very clean."" || [9.2/10] Edvaldo: ""We had a room with a great view and a comfortable bed,"" || [10.0/10] Minh Đan: ""Everything’s very nice, staff & manager’s so friendly"" || [9.6/10] Ani: ""Esp if you have a room with a bathtub and windows☺"" || [10.0/10] Ronan: ""This Hotel is clean and comfortable and in a great location."" || [10.0/10] Nik Mohd Harith: ""Clean and comfortable rooms, friendly staff, great location."" || [9.6/10] Eu Chang Jonathan: ""Thank you to the wonderful staff for the great hospitality."" || [8.8/10] Jason: ""Very large space, more than enough for 2 people."" || [9.6/10] Ani: ""The hotel is quite nice, I enjoyed my stay there"""
6432147,9.1,2873,9.2,8.9,9.3,9.4,9.1,261,65,11,10,15,"[10.0/10] Mo: ""It was a refreshing change from the usual chain hotels."" || [10.0/10] Rohanna: ""I loved the staff especially since they were so helpful."" || [10.0/10] Tulipe: ""It was the perfect place for a relaxing weekend getaway."" || [10.0/10] Nalin: ""The room was really well designed and amenities thoughtful."" || [10.0/10] Pheiching: ""Comfortable stay & satisfied with the daily free breakfast."" || [10.0/10] Adam: ""The facilities (pool, breakfast) were wonderful."" || [10.0/10] Richmond: ""Staff and Receiptionist are all helpful and welcoming."" || [10.0/10] Areeya: ""The room is very spacious, clean, and comfortable."" || [10.0/10] Rosielyn: ""We had the best stay at The Glomad Boutique Hotel."" || [8.0/10] Mariel: ""Overall good service and staff were sweet and accommodating"""
2191465,8.4,1095,8.6,8.1,8.7,8.8,8.6,514,190,52,56,91,"[10.0/10] Kay: ""Clean rooms, friendly staff, good sleep, and near the beach."" || [9.6/10] Pulkit: ""The location is also prime and the the staff was courteous."" || [10.0/10] JUGAL ANTONY: ""I had a great stay at Brilliant Majestic in Da Nang."" || [9.2/10] Sarah: ""Their bed is of good quality, you do get good sleep."" || [8.8/10] Suzie: ""Breakfast comes with the room and it’s delicious"" || [10.0/10] Matthew: ""Comfy rooms, attentive staff, comfy bed, good stay overall"" || [8.0/10] Pattamon: ""The location is great! Walk a few minutes from the beach."" || [10.0/10] Johanne: ""Room very clean and confortable bed."" || [10.0/10] Karen: ""I highly recommend The Brilliant Majestic!"" || [7.6/10] Chau: ""The staffs were quick to solve this as well."""
87725408,7.8,127,7.7,7.8,8.7,8.2,7.8,69,12,5,11,23,"[10.0/10] Abigaille Allen: ""VERY GOOD HOTEL, everything is accessible."" || [10.0/10] Jack: ""Best Staff of any Hotel I have stayed at ."" || [9.6/10] Long: ""Close to everything within walking distance."" || [8.8/10] John: ""Verry good fr the price"""
84364738,8.3,2860,8.3,8.1,8.8,8.5,8.6,244,68,29,25,22,"[10.0/10] TREXZEE NICOLE: ""And the location was perfect for exploring the city."" || [10.0/10] ANTHONY: ""Well, one of the best hostel I stayed when travelled."" || [10.0/10] Nhi: ""The room is very comfortable with the good view,"" || [10.0/10] Tuan: ""My stay in Hanoi Capsule Station hostel was amazing!"" || [8.0/10] Ika Kartika: ""One of the best bed I’ve had in a hostel, very spacious."" || [7.2/10] João: ""The capsule is spacious enough for two and some."" || [10.0/10] Xuân Chung: ""Everything in good condition, good view, clean bathroom."" || [8.0/10] Fin: ""The beds have nice privacy, comfortable and a good size."" || [10.0/10] Eileen: ""Shower with high pressure and hot water,"" || [9.6/10] Gregory: ""Stuff is friendly 🙂 Especially thanks to Pham Nguyet Minh👍"""
87964772,8.1,260,8.6,8.2,7.8,8.5,8.6,79,26,8,8,18,"[10.0/10] Thuý: ""The receptionist is very friendly and helpfull."" || [10.0/10] Janik: ""Everything you need for your first stay."" || [8.4/10] Robert: ""Staff are all professional and very welcoming."" || [9.6/10] Andy: ""The room is clean and smell good upon arrival."" || [9.2/10] Tieu Vy: ""I was able to check in early without any extra charges."" || [9.6/10] April: ""Room is clean and got everything you need."" || [9.2/10] James: ""Staff is so friendly, especially Peter!"" || [9.2/10] Nur: ""Complete with washing machine, freezer, cooker"" || [10.0/10] AHMED: ""Great staff great location"" || [8.8/10] Susan: ""The room also has a TV and washing machine."""
89925050,8.4,76,8.8,8.4,7.9,8.9,9.2,23,2,1,1,5,"[10.0/10] Golden: ""The apartments are modern, clean and soundproof."" || [8.8/10] Sofia: ""Attentive staff, very good cleaning, beautiful new room"" || [9.2/10] Tuyen: ""Friendly staff"""
78428713,9.4,534,9.8,9.5,9.5,9.7,9.7,316,27,9,5,1,"[10.0/10] Doan: ""Super friendly host, very clean and new capsule hotel"" || [10.0/10] Joanna: ""I felt safe and all the staff are helpful and accommodating."" || [9.2/10] AP: ""Breakfast was great, left at the capsule door each evening."" || [10.0/10] Edgardo: ""For the price, this hostel is truly great value for money."" || [10.0/10] Russel: ""The place is super clean, modern, and very comfortable."" || [10.0/10] Aram: ""The mattress was comfortable and the of was ventilated."" || [10.0/10] Florence May: ""The place was clean, comfortable, and well-maintained."" || [10.0/10] Carmen: ""I stayed here and kept coming back each time I was in Hanoi."" || [10.0/10] Katrina: ""You can lock your capsule both from the inside and outside."" || [10.0/10] Evgenii: ""The place was exceptionally beautiful and clean."""
36144486,8.4,3388,8.4,8.1,9.2,8.9,8.4,1744,408,135,190,312,"[10.0/10] Samar: ""The hotel itself is a beautiful blend of luxury and comfort."" || [10.0/10] Michelle: ""Our room was tastefully designed, clean and spacious!"" || [10.0/10] Danielle: ""Great stay in the heart of the Old Quarter."" || [9.6/10] Hanna: ""And the room was very comfortable with a large, cozy bed."" || [9.6/10] Patricia: ""The room was very spacious and the best were the pillows."" || [10.0/10] jiaying: ""Wonderful stay with friendly staffs and near the center"" || [10.0/10] Camila: ""Amazing hotel...we stay longer because was amazing...."" || [10.0/10] Polin: ""Highly recommend this place for anyone visiting Hanoi."" || [10.0/10] George: ""Very friendly and helpful staff plus perfect location"" || [10.0/10] Lucy: ""The hotel is new and the staff were incredibly nice."""
85405330,8.9,114,9.2,8.5,9.4,9.3,9.1,61,13,3,2,4,"[8.8/10] Alexandra Mihaela: ""I had a very comfortable and restful stay here."" || [9.2/10] Hummingbirds: ""1 of the best hostels in Hanoi's Old Quarter"" || [10.0/10] Catherine: ""Hotel Staffs are very nice,kind & Helpful"" || [9.2/10] basti: ""Friendly staff and clean rooms"" || [9.6/10] Nur: ""Clean Facilities, and there is elevator is a plus"" || [10.0/10] Conie Rose: ""Overall, though, we had a good and pleasant stay."" || [9.2/10] Putu Indira: ""The room, shower room, and toilet are also clean"" || [10.0/10] Catherine: ""The staffs are very helpful and kind"" || [9.6/10] Jacqueline: ""I will definitely recommend this hostel to my friends"" || [10.0/10] Rhia: ""Also very safe! Definitely would recommend"""
62035781,8.5,1404,8.6,8.2,9.3,9.1,8.6,748,157,57,62,105,"[10.0/10] 수영: ""Receptionist always greeted with hospitality."" || [9.2/10] Jennifer: ""The room was not that big, but very clean and comfortable."" || [8.4/10] Susiliya: ""Their warm hospitality made my stay much more enjoyable."" || [8.4/10] Peter: ""The room was perfect as well,perfect size for a couple."" || [9.6/10] Joshua: ""Excellent value for money and the staff are very kind!"" || [10.0/10] Jian: ""Great accommodation to stay!!"" || [10.0/10] Abigail: ""We stayed in a family room with two queen-sized beds."" || [8.4/10] Lisa Beth: ""Staff are very knowledgeable about where to get what."" || [10.0/10] Orange: ""They are very welcoming and humble to help everyone."" || [10.0/10] Oanh: ""Highly recommended"""
5060902,9.0,6822,9.3,9.0,9.5,9.1,9.2,2710,595,138,123,104,"[10.0/10] Samuel: ""They always make guests feel welcome and taken care of."" || [10.0/10] Mariyana: ""If i go to hanoi i can come back against in this hotel"" || [10.0/10] satnam: ""Staff were making sure the showers n toilet were keep clean."" || [8.4/10] NGÔ: ""Location is excellent if you plan to explore Hanoi center."" || [10.0/10] Cat: ""We extended our stay, would stay again if i was in Hanoi."" || [10.0/10] Arnelli Charmaine: ""Despite its cheap price, this Hostel was exceptional."" || [10.0/10] Eden: ""The beds were very clean and someone changed them every day."" || [10.0/10] Alica-Maureen: ""Really nice rooms with curtains and everything is clean. :)"" || [10.0/10] Aubrey: ""Very clean and the staff are approachable and very helpful."" || [10.0/10] Yvonne: ""Emma was very attentive to details, helpful, and friendly."""
84551326,8.5,1090,8.4,8.2,8.9,8.4,8.6,142,43,16,9,19,"[10.0/10] Hoa: ""The bed was always tidy, clean and comfortable."" || [10.0/10] Blanca: ""We really loved the beds, very private despite being a dorm."" || [10.0/10] Mg: ""The location, cleanliness… friendly staff and good price"" || [8.8/10] Sharmaine: ""A great hostel with great location, very value for money!"" || [10.0/10] 富: ""I will stay here again if I have the chance."" || [10.0/10] sinyee: ""I really enjoyed the short stay i have spent with them."" || [10.0/10] Charles: ""Clean, comfortable and convenient hostel!"" || [10.0/10] Thanh: ""Excellent stay, highly recommended for backpackers!"" || [9.2/10] Tichakunda : ""The staff are very friendly and keep the hostel very clean."" || [9.2/10] Shannon: ""Perfect capsule style hotel for convenient quick night."""
87473942,9.3,197,9.5,9.5,9.5,9.9,9.8,70,4,4,0,0,"[10.0/10] Katrina Rose: ""The staff were incredibly friendly and accommodating."" || [10.0/10] Tan: ""Great service, location, breakfast, clean rooms!"" || [10.0/10] Michael: ""The room was very clean and overall great experience!"" || [7.6/10] Joanne: ""Noise levels were low, making the hotel quiet at night."" || [10.0/10] jessica: ""Staffs are very considerate, friendly and courteous."" || [10.0/10] Robert: ""Executive rooms are immaculate with daily cleaning."" || [9.2/10] Ravi: ""Pleasant snd helpful staff...Well kept"" || [10.0/10] Hua: ""Excellent service and great location !"" || [10.0/10] Raj: ""The rooms were super nice and brand new!"" || [10.0/10] Hanna: ""We were given a refreshing watermelon drink and cold towels."""
59406845,7.0,2191,7.0,6.7,8.1,7.4,7.1,175,85,40,60,139,"[9.6/10] Thilo: ""Loved the location"" || [10.0/10] Nay: ""Kind staff and perfect support during in stay."" || [10.0/10] John: ""Great value stay in Hanoi Old Quarter."" || [8.8/10] Nicholas: ""I had a pleasant stay and the location is ideal."" || [8.0/10] Kittiphong: ""Nice and cozy room, the room is pretty  clean."" || [9.2/10] Hwang: ""The room is clean and comfortable."" || [10.0/10] Carsten: ""The bed was really comfortable ❤️"" || [8.8/10] Hoa: ""A clean and nice studio for the price/ cost we paid."" || [8.4/10] BeniHien: ""Will be back again if i choose to stay In Hanoi."" || [9.2/10] Sahil: ""Great location, good value for money."""
61394154,9.2,865,9.5,9.3,9.2,9.7,9.5,426,51,16,8,9,"[10.0/10] Certified: ""Wonderful hotel adequate spacing and nice living quarters"" || [10.0/10] Jonathan: ""DEFINITELY STAYING HERE THE NEXT TIME I COME TO VIETNAM."" || [10.0/10] aneesh: ""We loved our stay in irest signature and 100% recommend it."" || [9.6/10] Heak: ""The service provided by front desk staff is really good."" || [9.6/10] Ngoc: ""Clean room, good facilities, supportive and nice staffs."" || [10.0/10] Yogesh: ""The helpful staff, always there to assit when needed."" || [8.0/10] kritika: ""Good stay, staff very helpful, location is perfect"" || [9.6/10] Jack: ""Very clean, modern room nicely styled."" || [10.0/10] Vo: ""Good Hotel, very clean and new, i will com back next trip"" || [10.0/10] Myitzu: ""Service, Cleanliness, View was all exceptional!"""
83292956,9.8,152,9.9,9.9,9.8,9.9,9.9,146,3,0,0,1,"[10.0/10] Onni : ""It was clean, cozy, and had a very relaxing atmosphere."" || [10.0/10] Arden: ""Clean rooms, quiet nights, and excellent service."" || [10.0/10] bob jr: ""Definitely would stay here again when in Hanoi!"" || [10.0/10] Leanora: ""The Room Was Just as Memorable as the Places We Visited"" || [10.0/10] Estella: ""The staff made us feel so welcome throughout our stay."" || [10.0/10] Tran: ""The room is spacious, new, and well taken care of."" || [10.0/10] Burt: ""The pillows were just right, and I slept better each night."" || [10.0/10] Cohen : ""The hotel helped make our celebration memorable."" || [10.0/10] Tranter: ""Instead, the room was quiet and the bed was comfortable."" || [10.0/10] Skylar: ""The hotel delivered great service at a reasonable price."""
56185562,9.2,2864,9.5,9.3,9.4,9.6,9.4,1032,153,26,27,21,"[10.0/10] yuthana: ""The staff were very friendly and helpful throughout my stay."" || [9.2/10] Julius: ""It was a perfect stay for me and I would highly recommend."" || [9.2/10] Ben: ""The pool and the gym and sauna facilities were excellent."" || [10.0/10] Charisse: ""What we also liked about this hotel is their facilities."" || [9.6/10] Marrisse: ""Room is always clean and the bed was very comfortable."" || [9.2/10] Faiha: ""The room was clean and the bed was super comfortable."" || [10.0/10] John Gi-Su: ""Staff go above and beyond and the facilities are fantastic !"" || [9.6/10] Pavan: ""The property excelled in cleanliness and staff friendliness."" || [10.0/10] HOI KWAN: ""Much appreciated to all staffs, their service are very good."" || [10.0/10] Amrita : ""We had an amazing stay at signature by M village tho nhuom."""
39526568,9.0,1714,9.2,9.3,9.4,9.2,9.2,190,51,6,12,4,"[10.0/10] Pankaj: ""You stay for a day you will end up staying more than a week"" || [10.0/10] Rully: ""A must stay at this hotel again when you holidaybat hanoi."" || [9.6/10] Bonny: ""The staff were so nice which was super refreshing!"" || [8.4/10] Matthew: ""A wonderful stay, comfy bed and wonderful swimming pool."" || [10.0/10] Lean: ""It has everything you need just like in a regular hotel."" || [10.0/10] Roi: ""Central location, service, clean, EVERYTHING."" || [10.0/10] Kriziah Lynn: ""Overall stay was good and very worth the money!! ❤️‍🔥"" || [10.0/10] Puncharat: ""Clean rooms and bathroom with separate zone"" || [8.0/10] Garrett: ""The free breakfast was really lovely and extensive."" || [10.0/10] Nicka: ""The room was clean as well as the shared bathroom."""
86465845,9.2,285,9.6,9.3,8.6,9.7,9.3,81,21,7,0,2,"[9.2/10] UT: ""I had very comfortable and restful sleep during my stay."" || [10.0/10] Bishal: ""I love the service and facilities."" || [9.2/10] LIANG YEUNG: ""Overall cleanliness is impeccable"" || [9.2/10] kyungpyo: ""Worth to stay"""
10960,8.5,7553,8.7,8.4,8.8,8.7,8.5,2532,1489,487,413,265,"[10.0/10] Atanushasan: ""Excellent swimming pool and good location opposite to Lotte."" || [8.0/10] Suzanne: ""The hotel is huge and the rooms are very spacious and clean."" || [10.0/10] anas: ""Best value  for a true traditional 5 star hotel."" || [9.2/10] HIROSHI: ""Good location, well trained and friendly staff."" || [10.0/10] Raymond: ""All staffs speaks good English and are very hospitable!"" || [10.0/10] SUITCASE NETWORKS: ""I always use the hotel when I stay in Hanoi."" || [10.0/10] Phoebe: ""From the bed to bathroom, all was taken well care of."" || [10.0/10] KEISUKE: ""Rooms are clean and the view is wonderful."" || [8.4/10] Ninnat: ""Nice and clean hotel with good facilities in a good location"" || [10.0/10] pia : ""Location is really great and the hotel is amazing,"""
53015544,8.0,1201,8.3,8.2,8.6,8.2,8.5,359,134,35,37,81,"[8.0/10] WUI CHUNG: ""It is super affordable with very good cost-price ratio."" || [8.0/10] Rose: ""Clean, comfortable, good location and helpful staff."" || [10.0/10] vaithi: ""Walking around is easy and great location nearby."" || [9.6/10] Tâm: ""It’s the hub of Hanoi , clean & new facilities"" || [9.6/10] Sweet Marichel: ""We had a great stay at Era Apartment Cat Linh."" || [10.0/10] Carlis: ""Fridge, kitchenette, balcony, and washer was in the room."" || [9.6/10] Eloisa: ""Check in and check out were so easy as well."" || [7.2/10] Thao Ngoc Truc: ""The property offers a pleasant stay with clean rooms."" || [10.0/10] Yeo: ""Highly recommended for solo travellers or couples."" || [10.0/10] Thuy Anh: ""And you can wash your own clothes without any cost. Amazing!"""
59315710,9.8,5932,9.9,9.7,9.9,9.9,9.8,5418,164,33,45,35,"[10.0/10] shaw: ""We would also like to extend our special thanks to Ms. ***."" || [10.0/10] Prakash: ""Their sincerity and warmth really set this hotel apart."" || [10.0/10] Alba: ""The room was amazing, and that bed!!!! So comfy and big."" || [10.0/10] Dalia: ""Beautiful and cozy rooms, especially the larger ones."" || [10.0/10] Lina: ""Great location. The staff is very helpful. Would stay again."" || [10.0/10] Joner: ""Their expertise turned a great stay into a perfect vacation."" || [10.0/10] Angie: ""Overall great stay and location in the heart of Old quarter."" || [10.0/10] Tyler: ""Actually this is the best hotel we have experienced in asia."" || [10.0/10] SAMANTHA: ""Location is perfect in the old quarters, near to everywhere."" || [10.0/10] Stephanie: ""Everything is within walking distance or a short Grab ride."""
51491627,9.2,1156,9.5,9.1,9.6,9.7,9.3,761,100,28,26,9,"[10.0/10] Shaun : ""We had a great corner room which was quiet & cozy."" || [10.0/10] Tran: ""I would definitely stay here again on my next trip to Hanoi."" || [10.0/10] Linh: ""Their hospitality made the experience even more memorable."" || [10.0/10] Jiale: ""I would choose this hotel again next time I come to Hanoi."" || [10.0/10] Nutrika: ""I recently stayed at M village and had a great experience."" || [10.0/10] Duong T.: ""Housekeeping was impeccable, ensuring a comfortable stay."" || [10.0/10] Stanley: ""The staff is friendly and efficient."" || [10.0/10] Kathleen: ""The interior of the hotel is very cute, and thoughtful!"" || [10.0/10] Stephen: ""Have very convenient Kitchen area and Co Working Space"" || [10.0/10] Natalie: ""The staff all speak fluent English to a high standard."""
34334661,8.1,403,8.2,8.2,8.4,8.5,8.5,149,58,26,25,30,"[10.0/10] Shamma: ""The rooms were clean, comfortable, and well maintained."" || [10.0/10] Cye: ""I'll stay here everytime I visit Hanoi in the future."" || [8.8/10] Alin: ""It's a nice and clean hotel with helpful and friendly staff"" || [9.2/10] LU: ""The location is convenient and the price is cheap."" || [9.6/10] thomas: ""Free mini bar coffee tea shaving gear shampoo toothbrush."" || [8.8/10] LU: ""The girls at the front desk are very friendly."" || [10.0/10] Cye: ""Beef was also very comfortable and room has a bath."" || [8.0/10] LE: ""Good location, comfortable & convenient"" || [9.6/10] Minh: ""My favourite hotel to stay in Hanoi"" || [9.6/10] Anh Dao: ""Over all very clean and spacious"""
65703930,8.9,148,9.2,9.2,8.6,9.5,9.4,83,17,3,3,5,"[9.2/10] Nandar Mya Yoon: ""It is rare to find a hotel that clean and tidy in the town."" || [9.2/10] Artur: ""Room was big, staff was wery helpfull."" || [10.0/10] Hung: ""Hotel is newly built early 2025 so everything is perfect."" || [10.0/10] Jeff: ""Super nice room and the staff were great."" || [9.2/10] Artur: ""Vety clean, room has very good equioment."" || [10.0/10] Dvir: ""The rooms were new and spotlessly clean."" || [9.6/10] Daniela: ""The staff is very friendly and helpful."" || [8.0/10] Virintip: ""The staff was nice and accommodating,"" || [10.0/10] Daniel: ""The personal is always helpful and discrete!"" || [10.0/10] Ma.Catherine: ""The staffs are accommodating,"""
30977576,8.3,748,8.1,7.9,8.4,8.5,8.1,141,65,21,38,36,"[10.0/10] Ricky: ""Clean room and friendly/very helpfull staff"" || [8.8/10] Hoa: ""The facilities are well-maintained and very clean."" || [10.0/10] Đào: ""Very cute and clean room, well equipped too."" || [8.4/10] Winnie: ""The hotel were very accommodating and the staff were great."" || [8.0/10] sudhir: ""With big size room and spaces for 2 persons nice and clean"" || [9.2/10] Andrew: ""Really enjoyed my stay here,"" || [9.6/10] Kasirashatra: ""I am recommend this hotel!"" || [8.4/10] Michaela Jane: ""They are very hospitable when welcoming guest."" || [8.4/10] Chiashan: ""The staff of front desk is nice and speak English well."" || [10.0/10] Andrew: ""Good and nice hotel, friendly staff and so helpful"""
60158437,8.9,217,9.1,9.1,9.1,9.5,9.2,142,26,11,4,11,"[10.0/10] Oliver: ""Clean wooden floor, cold AC, modern lighting, comfy bed."" || [10.0/10] Erik: ""For the price, the quality was way above expectations."" || [10.0/10] Oliver: ""A great choice if you value cleanliness and a neat space."" || [10.0/10] Anu: ""I loved the stay here and will recommend evryone to do so"" || [10.0/10] Mantas: ""Excellent location near Mỹ Đình Stadium and event venues"" || [10.0/10] Lukas: ""Room design is top tier with classy hardwood flooring."" || [9.6/10] Choo: ""The room are clean and comfortable including the facilities."" || [10.0/10] Thorsten: ""The room was high up, very open, and felt bright and airy."" || [10.0/10] Caspian: ""Super clean room n staff were genuinely sweet."" || [10.0/10] Sofie: ""Hot shower + comfy bed + city lights view from the room"""
247355,8.3,6730,8.5,8.4,8.7,8.6,8.4,2446,1220,410,379,368,"[10.0/10] Jannah: ""The rooms were clean, spacious and beautifully decorated."" || [10.0/10] Catherine: ""My room comes with breakfast which offers a good spread."" || [10.0/10] LODYA MARGARETH : ""The room so big and clean, the staff so polite and helpfull"" || [10.0/10] Dion: ""Exceptionally exemplary customer service, rooms so clean."" || [9.2/10] liucheng: ""Have a good location,and bigc nearby,its very convenient"" || [8.4/10] Suresh Kamal: ""Stayed there over 6-7 times best location and nice staff"" || [8.0/10] Dong: ""This is a very nice hotel with great facility and staff."" || [10.0/10] YEONG CHUN: ""Once again, thank you for the kindness of the staff."" || [10.0/10] Navin: ""Had an amazing experience in this particular hotel."" || [10.0/10] Seung Ook: ""Large modern clean room with great friendly staff."""
67232309,8.0,197,8.3,8.0,8.5,8.5,8.4,68,17,8,6,16,"[9.6/10] Trang: ""The room was nice and clean, nice bathroom with a bath tub."" || [10.0/10] Lê: ""The room looks so premium, clean and modern."" || [10.0/10] Jhorgie: ""The room is clean and smells really nice ☺️"" || [9.6/10] Pratan: ""One of the hotel’s biggest advantages is its location."" || [10.0/10] belette: ""Lovely staff, great location."" || [9.6/10] Jamie Marie: ""Nice and spacious"""
1517145,9.3,5042,9.3,9.0,9.4,9.3,9.3,989,217,58,39,30,"[10.0/10] Yunmi: ""The staff were very kind and helpful throughout my stay."" || [9.2/10] Nina: ""The room I stayed in was nice, clean and well mantained."" || [10.0/10] Hannah: ""Everything felt clean and well taken care of."" || [10.0/10] samy Yee Kheong: ""No a single thing I can say to add to my amazing stay!"" || [9.6/10] karen: ""And preferably book a 4 bed dorm wt the best views!"" || [9.6/10] Putri: ""The staff is awesome, go beyond, the facilities are the best"" || [10.0/10] Carlos: ""Will definitely stay here again if I come back to Hanoi soon"" || [10.0/10] Mark: ""Nice room, comfor bed and more toilets/ showers."" || [10.0/10] MAHEMUTI: ""Friendly and helpful staffs, clean rooms, nice atmosphere."" || [9.6/10] Prerna: ""Perfect place to stay and connect with other travellers"""
36836780,8.9,1683,8.7,8.3,8.9,9.2,8.9,109,33,11,8,12,"[10.0/10] Prakhar: ""Great people, staff, location and beautiful room."" || [10.0/10] Priscilla: ""Breakfast is absolutely worth the price I wouldn’t skip it!"" || [9.6/10] Uyen: ""Perfect location, just 5 minutes walk to the old quarter."" || [10.0/10] Nicola: ""Fantastic hotel, best I’ve stayed anywhere in Vietnam!"" || [8.8/10] Seong-Yil: ""All the staff were friendly and the service was good."" || [8.4/10] Dean: ""The room was clean and with all the usual accessories"" || [9.2/10] Michael: ""The staff is truly great and speaks English well."" || [8.0/10] Fredrik: ""Especially the lady I see right before leave hotel."" || [10.0/10] Daven Koh : ""Amazing staff, very accommodating, very clean."" || [9.2/10] Carmen: ""The rooms were cozy, just enough for two."""
1157099,7.9,1184,8.0,7.6,7.8,8.4,8.3,369,212,78,101,116,"[10.0/10] HYESUNG: ""The room is clean and hygienic And he's very kind."" || [9.6/10] Adrian: ""Good studio apartment and friendly staff"" || [10.0/10] Bun: ""Cleaning room, nice receptionist, reasonable price"" || [9.2/10] Scott: ""It's accessible, clean and very cost-effective."" || [9.6/10] Jonnas: ""The room is very spacious and clean."" || [9.6/10] IVAN: ""Microwave, clean and good one"" || [9.6/10] Neo: ""I like this hotel"" || [10.0/10] Gia: ""Best choice"" || [9.6/10] Ty: ""Great place for the price"" || [8.8/10] Thư: ""Good return on price"""
6944354,9.0,3585,8.9,8.9,9.6,9.3,9.2,609,136,34,34,22,"[10.0/10] Lakshey: ""Hostel is super nice, loved my stay and will visit again!"" || [10.0/10] Eden: ""I really really loved this hostel, and i’ve been in many."" || [10.0/10] RAUL: ""Ifeel like home and housekeeping is nice and helpful also"" || [10.0/10] Mark: ""So glad I booked a few nights in this lovely hostel!"" || [10.0/10] lucila: ""Location is perfect just in old quarter next to beer street."" || [10.0/10] Kim: ""The helpful English-speaking staff were a great asset!"" || [10.0/10] Aldrin: ""Staff is the best, the crowd is young and vibrant."" || [9.6/10] Ivy: ""Staff already know how things work and what travellers need."" || [10.0/10] Judith: ""Everything was exactly what you’d want from a good hostel."" || [10.0/10] Amrit J: ""I'll stay again, if I'm back in Hanoi any time."""
1414688,8.7,1961,8.7,8.3,9.2,9.3,8.8,480,147,50,34,51,"[10.0/10] Lee Ling: ""Extremely helpful staff and a very good clean place to stay."" || [10.0/10] Ivan: ""All 3 of the receptionists we're extremely helpful and nice."" || [10.0/10] Kieran: ""Overall, would happily stay again and recommend to a friend."" || [9.6/10] Jhon Paul: ""The staff at the hotel were very friendly and accomodating."" || [10.0/10] Romain: ""Everything perfect and the staff are very lovely"" || [10.0/10] Jingyi: ""The room contains many important facilities and is clean."" || [10.0/10] Mo-daimen: ""The night market is 100 meter from there perfect location"" || [8.0/10] Sharad Vijay : ""Location also better, everything is in walking distance."" || [9.2/10] 邱: ""They also recommended local nice food to us."" || [9.6/10] Joanne: ""I will definitely stay here again whenever I go back."""
38934352,8.0,2181,7.4,7.0,9.0,8.3,7.5,111,41,15,25,51,"[9.6/10] Brian: ""I would stay here again next time close to everything."" || [9.6/10] Lottie: ""The location is brilliant,right in the centre of Ha Noi."" || [9.2/10] RANDY: ""The bed, pillows and blankets were clean and changed daily."" || [10.0/10] Mitzi: ""We will definitely come back and stay here again."" || [9.6/10] MOHAMMAD: ""The staff are very friendly & providing best service here."" || [8.8/10] FUMI: ""The breakfast was delicious and the staff were friendly."" || [9.6/10] Daryl: ""The staff were all super friendly and had good English."" || [9.2/10] Chris: ""In an ideal location in the old quarter near Hoan kiem lake"" || [10.0/10] Allan: ""Staff are awesome and room was superb."" || [9.2/10] Anna richie: ""The room is clean & smells good too."""
91461306,8.7,521,7.7,7.8,7.2,8.6,8.3,7,3,0,1,3,"[10.0/10] ZHENWEI: ""Highly recommended!"""
42521412,9.4,1592,9.7,9.2,9.7,9.8,9.4,1119,122,21,13,12,"[10.0/10] Sofia: ""The staff were incredibly helpful, polite, and professional."" || [10.0/10] Hoàng: ""The best place we have stayed in Hanoi worthy if 5 star."" || [10.0/10] Horace: ""One of the best hotels we have stayed at in Vietnam!"" || [10.0/10] Dat: ""If we come back to Hanoi we will definitely stay here again."" || [10.0/10] Anuj: ""It’s these human touches that really set this hotel apart."" || [10.0/10] KA FAI: ""All the staff was cheerful and friendly, especially to kids."" || [10.0/10] Chor Pheng: ""And the location is very convenient and away from the noise."" || [8.0/10] SO: ""Even arrange free private car sending my family to airport."" || [10.0/10] Joshua: ""Yet this hotel has offered by far the best service so far."" || [10.0/10] Jade: ""They went above and beyond what we expected of any hotel."""
4914609,8.9,1536,9.2,8.8,9.1,9.4,9.1,891,228,72,37,45,"[10.0/10] Chris: ""The staff and hospitality of this hotel is second to none."" || [10.0/10] Adriel: ""Definitely one of the best and innovative hotel in Hanoi!"" || [10.0/10] Alejandro: ""Our room was spacious and clean, and the shower was great."" || [10.0/10] Nayeema: ""I was greeted with warm smiles and exceptional service."" || [10.0/10] Yong Siang: ""For the price they are charging, this is an excellent hotel."" || [10.0/10] Gavin: ""Reception and doormen staff were helpful, kind, and lovely."" || [10.0/10] Manuela: ""This hotel was the perfect setting for a romantic getaway."" || [10.0/10] YAU CHUEN SONNY: ""Services excellent, staff speak well English and helpful."" || [10.0/10] Jon: ""I enjoyed to the highest level of my stay in this hotel."" || [10.0/10] Wylie: ""Staff were very polite and helpful throughout our stay."""
67196155,8.8,1700,9.0,8.9,9.0,9.4,9.1,729,60,30,34,76,"[9.2/10] LaiPing: ""Take luggage out to street for us in the busy traffic."" || [9.6/10] Anqi: ""Very comfortable bed and room with great local street views."" || [8.8/10] MUHAMMAD ABU HANIFAH: ""Then come back to hotel, the staff gave us room for shower."" || [10.0/10] Huy: ""The hotel is very clean and fully equipped with amenities."" || [9.2/10] Jack : ""The location is handy to most of the main sights in Hanoi."" || [9.2/10] Fahri: ""I would choose this hotel again if I had the opportunity."" || [10.0/10] Lam: ""The room was clean and tidy and amenities are included."" || [10.0/10] liisa: ""The staff were amazing and we really loved it here."" || [10.0/10] Jan: ""Beautiful place, nice services and good and welcomming staff"" || [10.0/10] Michaela: ""Room was great, on a very busy street but noise is minimal."""
62079565,8.3,1546,8.5,8.4,8.1,8.6,8.9,470,158,52,54,84,"[9.6/10] Neha : ""Her kindness and professionalism made a big difference."" || [9.6/10] Niels: ""The suite is very modern and the facilities are great."" || [8.8/10] Aru: ""It is impeccably clean, and the staff is extremely friendly."" || [10.0/10] Khanh: ""I will definitely book this place again for future stays."" || [10.0/10] Karim: ""A functional kitchen, clothes washer and dryer."" || [7.6/10] Vin: ""Clean room, overall is a great place to stay."" || [10.0/10] Gordon: ""Helping caring Reception staff, I am so impressed"" || [9.6/10] Ido: ""And the family that will host you are very nice."" || [8.0/10] Sonny: ""Had a good stay here to be honest and I would stay again."" || [8.8/10] Yzabel: ""Very clean and modern hotel, complete amenities"""
78348259,7.5,197,7.1,6.8,7.6,7.2,7.1,38,11,2,11,22,"[10.0/10] Janela: ""The staff were very friendly and accommodating."" || [7.6/10] Chieu: ""Their service made me feel welcomed and well taken care of."" || [10.0/10] shiq: ""Loved my time at Starlight Hotel Hanoi!"" || [8.8/10] jude: ""Great location and friendly staff"" || [8.8/10] Kaung Wai: ""Worth it stay in heart of Hanoi Old Quarter"" || [10.0/10] Naura: ""The best hotel in Hanoi"" || [8.4/10] Wendy: ""The bathroom was well appointed."" || [8.8/10] Wienzelle May: ""We are having a good stay in this hotel."" || [10.0/10] Manik: ""Everything was good, clean"" || [9.2/10] John: ""Owner of hotel is a very good man"""
43397,7.9,5388,8.2,8.1,7.8,8.2,7.8,1265,1100,498,532,362,"[10.0/10] Andra: ""Great service and hotel room, close to the business district"" || [10.0/10] Ting: ""Strategically located, my go to hotel whenever I’m in Hanoi"" || [9.2/10] vijaya kumar: ""Will stay only in this hotel if I come again to Hanoi."" || [8.8/10] TUCK KIONG: ""Great for people coming for holidays or business trips"" || [10.0/10] Kanes: ""The facilities are comfortable with very supportive staff."" || [8.8/10] Byeonggwan: ""If you want to stay in hotel only, I recommend it to you."" || [8.0/10] Masakazu: ""However, the response and service of the hotel was great."" || [8.0/10] Nerlita: ""The rooms are spacious, clean and complete with amenities"" || [9.2/10] Yingtien: ""The food of break fast is abundant for every culture."" || [9.6/10] Tony: ""Great hotel! Lovely staff. Great prices."""
10966,8.5,2942,8.9,8.6,8.5,8.8,8.3,993,513,206,145,93,"[9.6/10] Andrew : ""But the best is the staff who are so friendly and helpful."" || [10.0/10] John: ""Great hotel, nice gym and breakfast was pretty good."" || [10.0/10] JAEHYUNG: ""Nice room, Nice facilities, Nice staffs, Nice West lake view"" || [10.0/10] Mayu: ""Staffs there were very friendly and the room was great!"" || [9.6/10] Michel: ""I usually book this hotel whenever in Hanoi."" || [10.0/10] Muhd Ali: ""Love the location, view, service and cleanliness."" || [8.8/10] Jiang: ""I like the lake view of the room and the breakfast is good."" || [10.0/10] Ian: ""Great pool, great breakfast, helpful staff."" || [8.0/10] Lilandra: ""Breakfast buffet - delicious with a lot of choices."" || [9.6/10] Sudhir: ""Terrace top restaurant - Must experience at Night especially"""
38723203,8.7,832,8.5,8.3,9.1,8.6,8.7,126,42,9,11,19,"[10.0/10] Shaun: ""Its peaceful, very convenient and a superb place to stay at."" || [10.0/10] Kevin: ""We will definitely stay here again if we come to Hanoi."" || [10.0/10] Sam: ""They provided a good bed, bathrooms and 24 hours AC."" || [10.0/10] 근: ""She made my stay more funny , more comfortable."" || [10.0/10] QIANYU: ""Amazing hostel, very quiet, and with amazing breakfast"" || [10.0/10] Kevin: ""The hotel is very close to the church and Hoan Kiem lake..."" || [10.0/10] Allen: ""The staff were all incredibly kind and helpful"" || [7.6/10] Dominik: ""A great base for your time in Hanoi."" || [9.6/10] Wang: ""The room is clean,quiet and bed is big,comfortable."" || [9.6/10] Dang: ""Good place to rest to prepare for the next full day"""
32907021,9.5,6312,9.5,9.3,9.7,9.7,9.5,5269,354,126,132,152,"[10.0/10] Elizabeth: ""Their hospitality truly made us feel comfortable and valued."" || [10.0/10] KAUNG WAI YAN: ""The room was tidy and comfortable, with all the essentials."" || [9.2/10] Joe: ""Walkable to many attractions and food choices."" || [10.0/10] Lorna: ""And we were upgraded to an executive room for free."" || [10.0/10] Ellen: ""Rose is an amazing hostess, they can help you with anything."" || [10.0/10] Leandro: ""The food was really good it will suit your taste."" || [10.0/10] Thitiwat: ""They are super friendly and make our time here enjoyable."" || [10.0/10] Abhilash: ""The hotel is well maintained and staff are very friendly."" || [10.0/10] Mary Angelie: ""We'll stay here again in case we get back here in Hanoi."" || [10.0/10] Abhraneel: ""Mr. David has extended wonderful support during my stay."""
46274613,7.7,754,7.4,7.3,8.8,7.7,8.0,244,158,54,68,106,"[8.4/10] Nurazmi: ""The shared bathroom was also kept clean throughout my stay."" || [10.0/10] Nuria: ""We stayed two friends in a doble room, and very clean."" || [10.0/10] Ella: ""Facilities are overall nice and the staff is really friendly"" || [9.6/10] Nadhil: ""In addition, the hotel staff are very friendly and helpful."" || [9.2/10] Albert: ""The hostel is clean and have approachable staff."" || [8.4/10] Roxanne: ""Good ac, hot water and they provided towels and breakfast."" || [9.6/10] nadia: ""All clean ,AC was good and WIFI connection also good."" || [9.2/10] Alex: ""Lots of hot water and good shower facilities."" || [10.0/10] Katherina: ""Rooms and bathrooms are very clean and bed is comfy."" || [10.0/10] Deniselyn: ""The staff are friendly and can communicate well in english."""
3143234,8.5,1196,8.9,8.3,8.6,8.8,8.5,395,250,59,74,35,"[9.6/10] Alexandra: ""This hotel was beyond comfortable and made us feel at home!"" || [10.0/10] Sujeeth: ""The hotel is very good and the break served was delicious"" || [8.8/10] Ẩn danh: ""Hotel room is comfortable, clean and spacious for 2 persons."" || [9.6/10] Công: ""Beautiful room, general colour design and layout."" || [9.2/10] shahrul: ""The room, the service, the staff, the food all is great."" || [10.0/10] Edwin: ""Location is good to get to a number of local attractions."" || [10.0/10] Trang: ""They serve good breakfast with suitable prices."" || [10.0/10] Akash: ""Grandiose hotel is very clean with comfortable big rooms."" || [10.0/10] Yen: ""It was a pleasant stay for me, thank you"" || [8.4/10] Stanley Chia Jun: ""Enjoy my staycation with Grandiose Hotel"""
39632912,8.7,1404,9.0,8.7,8.5,9.3,9.1,551,208,47,42,36,"[10.0/10] taekyoung: ""I am so happy and recommend to visitors in hanoi."" || [8.4/10] Seulah: ""Room condition was very clean and staffs are also very nice"" || [9.6/10] Sang: ""The hotel was great, and staff was friendly"" || [10.0/10] Eugene: ""The bed was also surprisingly comfortable!"" || [10.0/10] Babu: ""Neat rooms, good breakfast spread, friendly staff."" || [9.2/10] Peter: ""Staff at check-in were very friendly and helpful."" || [10.0/10] Lam: ""Truly recommend this affordable hotel with prime location."" || [10.0/10] Akshay: ""Good Hospitalily, Good Staff, Clean rooms etc.."" || [9.2/10] Bonnie: ""It is only 8 months old, so everything is new and fresh."" || [8.4/10] DU WON: ""This hotel roof top restaurant have Marriott hotel view."""
55664055,7.5,613,7.6,7.5,8.0,8.1,8.1,138,70,22,21,66,"[10.0/10] Marc: ""The room itself is big, and it is super quiet day and night."" || [10.0/10] Jiggo: ""The facilities are complete, and the Wi-Fi works well."" || [8.8/10] Iza: ""Had a comfortable and safe stay since I'm a woman."" || [9.6/10] Adam: ""Era Ham Long is out favorite of the Era apartment this far."" || [10.0/10] Marc: ""I was very happy with the location of the Place."" || [9.6/10] Joss: ""It's like a bonus room - with a mini kitchen and fridge."" || [10.0/10] KANE: ""Amazing staff always willing to help if needed"" || [9.2/10] Emilia: ""It’s really good for the price."" || [8.4/10] William: ""Wifi was strong because the router was in my room."" || [9.2/10] Ẩn danh: ""There are fresh sheets and towels."""
37130257,8.5,1658,9.1,8.6,8.4,8.9,8.8,544,285,109,58,31,"[10.0/10] Dang Anh Chuong: ""The best part is the bathroom, ultra clean"" || [8.4/10] JUN FEN: ""Overall a great hotel that matched the price i booked."" || [8.8/10] Anand: ""Good place stay, spacious , clean , friendly staff !"" || [8.8/10] Albert: ""Staff are helpful and overall is fairly clean."" || [10.0/10] Meredith: ""Amazing place to stay in"" || [10.0/10] Akira: ""And it is clean room so wonderful room."" || [10.0/10] Dave: ""Loved the bidet toilet seats!"" || [10.0/10] Ming: ""I feel very comfortable and relaxed, very nice"" || [9.2/10] suppakij: ""Japanese style, neat, clean, good facilities."" || [8.0/10] Damon: ""Clean and good for staying in Hanoi"""
4782362,7.3,682,7.1,6.7,7.8,7.9,7.3,214,98,39,60,133,"[9.2/10] Ilari: ""Polite and helpful staff, clean rooms and great location."" || [8.8/10] Grant: ""Overall a great experience in a budget travellers hotel."" || [8.8/10] Richard: ""If yiu want to view the trains this is a good location."" || [8.4/10] Jerson: ""Its good for mw the room is big and also clean hehe"" || [10.0/10] Connor: ""The room was clean and modern."" || [9.2/10] Sai: ""Great Location Great Bed"" || [7.6/10] Todd: ""A fantastic location"" || [8.4/10] Suyin: ""Staff were very accommodating."" || [10.0/10] dapsy: ""Clean and hygiene"" || [10.0/10] NGOC: ""Outstanding staffs proactive support"""
8825461,8.0,1223,8.1,7.8,7.7,8.7,8.5,434,214,101,100,127,"[10.0/10] Ngoc: ""The room is good, the staff is friendly, I have a good time"" || [10.0/10] Ruth: ""I had a relaxing and peaceful stay in this hotel."" || [9.6/10] saurabh: ""The room was quite big with all the facilities."" || [10.0/10] Signori: ""Hotel so nice and clean, highly recommended for travelers"" || [8.8/10] Isaac: ""Really nice staff, both at reception and room service."" || [8.8/10] Garret: ""Lovely place, amazing staff, comfy beds and great AC."" || [10.0/10] Molida: ""Our room was always clean and well taken care of."" || [10.0/10] Anita: ""The location allowed me to walk to all tourist attractions."" || [9.2/10] Richard: ""This is my 3rd time to spent my day and night at the hotel."" || [9.2/10] Bea Rose: ""Really affordable, clean and extremely spacious!"""
64171595,9.2,1100,9.5,9.1,9.4,9.7,9.4,293,66,8,7,4,"[9.2/10] Amal: ""Staff are nice and welcoming and all speak good English."" || [10.0/10] Victor: ""The room is spacious, very clean and has a modern setting."" || [10.0/10] 지수: ""Thank you to all the staff who were so helpful and kind."" || [10.0/10] Fabian: ""Quiet room, comfortable bed, and great location in Hanoi"" || [10.0/10] Quoc Tuan: ""Staff were friendly and any service were done very fast."" || [10.0/10] kenvin: ""Clean and big hotel room, will come to and stay again"" || [10.0/10] Bala Maga Ganapathi: ""The staffs were extremely helpful and kind."" || [8.8/10] KATHLEEN: ""Service - exceptional! Staff went above and beyond!"" || [10.0/10] Anish: ""Staff were all superb and very helpful when needed"" || [7.6/10] Chea Lu: ""Stayed for 1 night- service was great and room was spacious."""
2334084,8.7,3622,8.7,8.9,8.5,9.0,9.0,1388,489,143,146,129,"[9.6/10] KYUNGHWAN: ""I would absolutely return on my next trip to Nha Trang."" || [9.6/10] U: ""All the workers were nice and the food was always fantastic!"" || [10.0/10] Hannah: ""The staff who work here are also all so so kind."" || [9.6/10] Kyuhwan: ""Endless drinks and foods with a view of Cam Ranh beach!!!"" || [9.6/10] Riccardi: ""All in all, a great resort with amazing staff!"" || [8.0/10] Allen: ""First off let me say the facility was great."" || [9.6/10] Myungae: ""I could enjoy eating and drinking whenever I want."" || [9.6/10] Kyung Joo: ""Swimming pools, washrooms as well as hotel rooms were clean."" || [7.6/10] Hyunseo: ""Nice facility and all inclusive option is pretty convenient."" || [10.0/10] 유내: ""Breakfast, lunch, dinner, and snack bar were all the best."""
49495642,8.8,1171,9.1,8.7,8.8,8.8,8.8,293,72,18,29,29,"[10.0/10] Mark: ""The hotel rooms are clean, airy and modern."" || [7.6/10] nguyen: ""The beach :10 out of 10 , the best of Vietnam I would say."" || [9.2/10] JONGMIN: ""The swimming pool and the resort interior were excellent,"" || [10.0/10] Sue: ""The rooms are spacious and the bed is very comfortable."" || [10.0/10] HUNG: ""The resort facility and beach was phenomenal."" || [10.0/10] Thanh: ""And the large swimming pool was perfect for the kids."" || [10.0/10] Aleksandr: ""Beautiful hotel with a relaxing and friendly atmosphere."" || [10.0/10] Thuan: ""I highly recommend Aquamarine Resort Cam Ranh."" || [10.0/10] Thuan: ""Excellent modern design rooms and facilities."" || [8.8/10] Phương Anh: ""The room is big and comfortable and clean."""
186561,8.3,2496,8.2,7.9,9.2,8.5,8.5,729,335,170,120,134,"[10.0/10] Daniel: ""Great hot water, and awesome pressure in the showers."" || [10.0/10] Christopher: ""I'll always choose this place when I'm in Nha Trang!"" || [10.0/10] David: ""Akways helping, helped me book bus to HCM."" || [9.6/10] Mark: ""Good News : I had a wonderful stay at a great price."" || [10.0/10] Sarah: ""You could see the beautiful ocean from our balcony."" || [10.0/10] weimin: ""The breakfast was very rich and the swimming pool was great!"" || [10.0/10] M: ""Wonderful view of Nha Trang beach from this unit."" || [10.0/10] BACHIR: ""I Shall recommend the Rembrandt Hotel to my Family Members."" || [10.0/10] Richard: ""Directly at the beach with balcony you have a great view."" || [9.2/10] Ed: ""He went above and beyond in his service all with a smile."""
86514477,7.8,232,7.9,7.5,8.8,8.2,7.9,49,24,5,6,19,"[8.8/10] Leai: ""Prime location, close to beach and shops, restaurants, cafe."" || [10.0/10] SUNG KEUN: ""And cleaning service and my room is really new and clean."" || [8.4/10] Hieu: ""Great location and Friendly Staff"" || [8.8/10] Leai: ""Prime location at reasonable room rate."" || [8.8/10] Leai: ""Prime location, reasonable room rate"" || [9.2/10] Dom: ""Overall for the price, I would stay here again."" || [10.0/10] Hồng Quân: ""Cheap price in city center"" || [9.6/10] Tatiana: ""Nice hotel."""
7710666,8.3,4089,8.5,8.5,8.5,8.6,8.6,1477,436,108,146,275,"[9.6/10] MUSTAFA: ""The manager should be proud to have such an excellent staff."" || [10.0/10] Jang: ""Clean, comfortable, great price, good free breakfast."" || [10.0/10] Ying H: ""The bathroom is equipped with a bathtub with a view."" || [10.0/10] Gabriela: ""Room was beautiful, comfortable and well equipped."" || [9.6/10] Kundyz: ""The hospitality of the staff is truly exceptional."" || [9.6/10] Sergei: ""The manager went above and beyond to help us feel welcome."" || [10.0/10] Hamish: ""Room and facilities great with nice rooftop pool and bar."" || [10.0/10] James: ""We are extremely happy to stay here for the next 3 weeks."" || [10.0/10] Maciej: ""We had an amazing stay at this 5-star hotel in Nha Trang."" || [10.0/10] Viktor: ""Bed linen and all bath amenities were changed regularly."""
13486290,8.2,5379,8.2,8.0,9.3,8.2,8.3,2258,781,231,305,513,"[10.0/10] Thu Huyen: ""That’s why I’ve extended my staying for 2 nights more here."" || [9.6/10] LI-HSUAN: ""Convenient location, near the beach and many food choice."" || [9.2/10] Carolyn: ""Short walk to all the famous spa, restauranta and stores."" || [10.0/10] Drake: ""Great location, large room, modern, right on the beach."" || [8.0/10] Trang: ""The room is big enough and the ocean view is breath taking."" || [10.0/10] Chloe: ""The location is fantastic and right by the beach/promonade."" || [10.0/10] Cee: ""One of the best mattress and pillows I ever..great to rest"" || [10.0/10] Justin: ""Thank you for having me and making me feel so comfortable."" || [10.0/10] Hannah: ""Probably one of my favorite hotels I stayed at in Vietnam."" || [10.0/10] Julie: ""Nice room, beautiful view, great location, friendly staff."""
699308,8.2,2781,8.1,7.8,9.0,8.5,8.4,595,291,98,117,133,"[10.0/10] Harry: ""For the price, this budget-friendly place is luxurious."" || [9.6/10] Vladlena: ""Overall, the hotel is absolutely worth its money."" || [10.0/10] Ling: ""They also have a nice view swimming pool on Floor 7."" || [9.6/10] Ola: ""Clean, safe, great friendly staff, great location."" || [8.0/10] Sri: ""Due to hot weather, they also provided a fan along with AC,"" || [10.0/10] Thai: ""Staff is friendly, room is clean, air-conditioner is good."" || [8.8/10] SAJJAD: ""The AC works well, and the room was generally clean."" || [8.4/10] Dang: ""Good price – my small studio was under 350,000 VND"" || [8.4/10] chiat: ""Great location to the beach and in the City Centre"" || [10.0/10] Khulan: ""Housekeeping every morning, everything was clean."""
49696172,7.9,661,8.0,7.7,8.7,8.2,8.3,232,97,44,32,68,"[10.0/10] Buu: ""Overall, everything was great and I had a pleasant stay."" || [10.0/10] Beata: ""Spa - wow - beautiful interior and the massage was amazing."" || [10.0/10] Ngoc Bich: ""My room is in the 9th floor with an extremely nice view."" || [9.2/10] Loan: ""The beach and swimming pools are clean and beautiful."" || [8.8/10] Brian : ""Overall, we would stay at this Hotel again."" || [10.0/10] Steven: ""Appreciated a free upgrade (as had spare rooms??)."" || [9.2/10] Siwarit: ""Breakfast was offered as a-la-carte with plenty of choices."" || [10.0/10] Thitikarn: ""It is an ideal destination for a peaceful getaway."" || [8.4/10] Vương: ""Hotel is very good location, beach front."" || [9.2/10] Pilita: ""The staffs are welcoming and helpful."""
49691945,7.8,1755,7.8,7.7,8.7,7.5,7.7,514,146,46,75,207,"[10.0/10] Eunice: ""Staff speak a very well English and are very helpful."" || [9.6/10] Lionel: ""Modern space with full amenities, just like home."" || [10.0/10] Stellan: ""The thick rubber mattress helps the body have a deep sleep."" || [10.0/10] Elodie: ""This accommodation is truly worth experiencing many times."" || [9.2/10] Corbin: ""All amenities are available, perfect for a relaxing stay."" || [9.2/10] Isabella: ""The room was spotless and had a lovely view of the pool."" || [9.6/10] Arthur: ""Sea-view balcony is breezy and relaxing for coffee time."" || [9.6/10] Ivy: ""Comfortable and clean living space with full furniture."" || [10.0/10] lekha: ""One of the most beautiful  hotel we have ever stayed!!"" || [10.0/10] Dahlia: ""The thick sunshade curtains help sleep be very sound."""
4629184,8.1,1542,8.2,7.8,8.7,8.2,8.2,244,77,30,27,60,"[10.0/10] Sheena: ""I enjoyed it so much - I extended my 1 day into 6 weeks."" || [9.2/10] David: ""The rooftop bar is nice for a nightcap before bed."" || [8.4/10] Jelmer: ""It is clean and not expensive + very social with a nice bar!"" || [10.0/10] Jane: ""Staffs here are very welcoming and breakfast is really good."" || [10.0/10] Ramona: ""Staff is friendly, hostel is clean, food is good."" || [10.0/10] Kiara: ""The bathrooms were clean and was able to get hot water."" || [10.0/10] Trinidad: ""Staff was always very kind and helped with everything."" || [10.0/10] Samuel: ""This was my favorite place to stay in Vietnam so far."" || [10.0/10] Demi: ""Was very clean, and the staff helped us if we had a problem."" || [10.0/10] Mai: ""Cheap, clean, spacious, and in a super central location."""
80005567,9.2,121,9.4,9.3,8.3,9.0,9.0,23,0,1,1,3,"[10.0/10] tan: ""Brand new beautiful hotel and cross street to beach"" || [10.0/10] Alfredo: ""Super clean the food in the Russian was amazing."" || [10.0/10] Alfredo: ""This place is amazing."""
66810496,8.4,868,8.6,8.4,8.8,8.4,8.6,438,86,21,39,86,"[10.0/10] George: ""I would definitely recommend this hotel to anyone visiting."" || [10.0/10] Daisy: ""Great location, new renovation, friendly staff, good price."" || [10.0/10] Ava: ""Super nice room and the rooftop pool was fantastic at night."" || [10.0/10] Hien: ""Clean rooms with full amenities, comfortable beds."" || [9.6/10] William: ""There's a roof top pool and I've never had one of those."" || [10.0/10] Phuc: ""The room is comfortable and nicely designed"" || [10.0/10] Quốc: ""The staff are friendly and the service is excellent."" || [10.0/10] Akın: ""A hotel that's worth the money."" || [10.0/10] Raymund Vincent: ""We had a wonderful stay at this hotel in Nha Trang."" || [10.0/10] Dewa ayu: ""Recommend, Room clean staff so friendly, food market around"""
178263,8.1,896,8.0,7.8,8.8,8.4,8.3,332,172,61,61,81,"[9.6/10] michael beyfus: ""The staff were very friendly and helpful throughout my stay."" || [9.6/10] Troy: ""We really enjoyed our stay in the family room with balcony."" || [9.6/10] DIEM: ""Everything from staff, to room, to location is great."" || [9.2/10] DE: ""Place in a very great location close to the beach and foods"" || [10.0/10] Vannesa Ann: ""I love their location because it’s very accessible to all."" || [9.2/10] Luciano: ""We would stay at this hotel again when we're in Nha Trang."" || [8.4/10] Patricia: ""So close to many different restaurants and sidewalk food."" || [10.0/10] Ian: ""The rooms were very clean and well maintained"" || [8.8/10] Dean: ""Room was nice and clean, staff friendly and helpful."" || [9.2/10] Hasan: ""Transportation to everywhere is also very easy."""
706033,8.6,5022,8.8,8.3,9.1,8.7,8.8,1973,714,230,241,205,"[8.4/10] Van: ""We stayed 5 nights in a room with balcony and a sea views."" || [10.0/10] Sharon: ""We stayed in a deluxe sea view room and it was stunning."" || [10.0/10] Sarah: ""She was so helpful and kind- she made our stay amazing!"" || [10.0/10] Stuart: ""Our room was clean, comfortable, and well-appointed."" || [8.4/10] Thanh: ""Strongly recommended given a reasonable 4-5 star hotel price"" || [9.6/10] Fritz: ""We are delightful as this hotel upgraded our room for free."" || [9.6/10] Vincent: ""Staff were friendly and responsive, especially at check-in."" || [10.0/10] 昊雄: ""Highly recommend this hotel for anyone visiting Nha Trang!"" || [9.6/10] Stephen: ""The rooms are big and the beds exceptionally comfortable."" || [10.0/10] Tim: ""In fact I extended my stay because I enjoy this property."""
42367083,8.8,1495,9.1,8.7,9.1,9.1,9.2,841,173,46,62,56,"[10.0/10] Tiana: ""Great service, extremely clean and the view was amazing."" || [8.4/10] Chethan: ""It was clean and spacious, and the check-in was easy."" || [9.2/10] Lisa: ""It was close to the beach area by walking across the street."" || [8.8/10] james: ""We could happily stay again and recommend to other friends."" || [9.2/10] Melvin: ""I liked it so much that I booked my room for 5 more nights."" || [8.8/10] Arseniy: ""Jacuzzi is good to refresh, a good compliment for the room."" || [9.6/10] Daria: ""Can be considered for both - short stay and longer living."" || [8.8/10] Christopher: ""Staff were extremely welcoming and available for any needs"" || [10.0/10] Thanh The: ""Nice room, comfortable bedding, clean bathroom."" || [10.0/10] Han: ""Very good aircon (the best compared to others same price)"""
1162080,8.7,5630,8.7,8.7,9.3,8.9,8.8,2851,942,238,257,252,"[10.0/10] Szilard: ""Amazing hotel with great hospitality and very helpful staff."" || [10.0/10] HEUNG JIN: ""When I said I couldn't go, the hotel gave me a full refund."" || [8.8/10] Dale: ""Great location, good facilities, and breakfast is included."" || [10.0/10] Zdenka: ""Amazing hotel,great staff we were very satisfied, thank you"" || [9.2/10] John: ""Lovely modern hotel in the middle of the beach esplanade."" || [9.6/10] Andrei: ""So far this is the best hotel I've stayed in"" || [10.0/10] Richard: ""Very good food, staff, location and rooms."" || [9.6/10] Arun: ""Lovely centrally located hotel with good size rooms."" || [10.0/10] Maxmillan: ""Great location right across from the sea and beach."" || [10.0/10] paul: ""The staff are helpful and the location you can walk to most."""
6508545,8.0,2747,8.1,7.8,8.2,8.4,8.3,953,438,155,178,271,"[10.0/10] Pierre: ""Loved everything about the hotel except for one downside."" || [10.0/10] Van thang: ""Great value for money and location was close to beach!!!"" || [10.0/10] Hannah: ""Very clean spacious rooms in this hotel and comfy beds."" || [10.0/10] Van Anh: ""I will come back or recommend this hotel to my friends."" || [10.0/10] Justin: ""Rooms are clean and staff is very friendly and helpful."" || [10.0/10] Qayyum: ""Near beach, night market and got swimming pool on top!"" || [8.8/10] Paul: ""I have no complaints, cleaning staff were brilliant"" || [10.0/10] Tuiana: ""We would definitely stay at this hotel again in the future."" || [9.6/10] Karol: ""Location is near by beach and local food options."" || [9.6/10] NGOC BICH: ""The room and bed are big, so comfort for staying."""
79095712,7.8,669,7.6,7.5,8.7,8.1,8.0,151,54,16,28,56,"[10.0/10] Nadine: ""The hotel is just amazing, with super nice and clean rooms."" || [9.6/10] Paul: ""The room was a good size and the reception was very helpful."" || [8.8/10] Vera: ""I was only there for one night but room was great."" || [9.6/10] Chau: ""Good value for the price, supportive staff, clean"" || [8.8/10] Wanda: ""The staff were so nice it made my stay a very good one."" || [10.0/10] Josiah: ""I liked it so much I extended for an additional week."" || [8.0/10] Marc: ""Everything you need is just outside the hotel door."" || [9.6/10] Antony: ""It’s so good service ( without any extra fee)"" || [10.0/10] David: ""Restaurant and swimming pool on the premises"" || [10.0/10] Максим: ""I recommend to all both short and long term"""
6421211,8.8,4454,9.1,8.9,8.8,9.1,8.9,2445,583,142,140,221,"[10.0/10] johnson: ""Then this was the best room ever I had ever seen in my life."" || [10.0/10] Milana: ""There were no ants or bugs, which is really important to us."" || [9.6/10] Antoinette: ""Lovely hotel with incredible views from our 28th floor room."" || [10.0/10] David: ""Working desk, TV, sofa,... everything is just perfect."" || [10.0/10] johnson: ""That the reason why I am highly recommend this hotel."" || [9.2/10] Hunter: ""The staff is extremely attentive and provides great service."" || [9.6/10] Jacques: ""Service was good and the room was nice, and clean."" || [10.0/10] Lee: ""Proffesional staffs, clean room with a nice view."" || [10.0/10] Minh: ""I would especially like to mention the bellman named Phuk."" || [9.6/10] Alessandra: ""I booked an executive suite which came with a big jacuzzi."""
81128090,8.0,1387,7.8,7.7,8.5,8.3,8.1,254,79,27,45,86,"[9.6/10] Michael: ""Room was spacious clean everything working and bright."" || [10.0/10] hadi: ""The location is central, just a 10-minute walk to the beach."" || [9.6/10] NGOC BICH: ""Close walking distance to the beach and the shops around."" || [8.8/10] ENG: ""Location is great - near all amenities n beach."" || [10.0/10] claude: ""Beds were comfortable important since I have a bad back."" || [8.4/10] IVICA: ""Clean , for price Point is worth each dong!"" || [9.6/10] Uyen My: ""A lovely and affordable hotel for families"" || [10.0/10] alex: ""I love this hotel and will be back..."" || [9.6/10] David: ""The cleaners at this hotel are great."" || [10.0/10] Yunus: ""I love this hotel everything perfect"""
1158838,8.8,6108,9.0,8.5,9.4,9.1,8.9,2815,951,240,229,178,"[10.0/10] Eduard: ""Other hotels in Nha Trang would charge you double at least."" || [10.0/10] Kameel: ""They always make my stay very welcoming and enjoyable."" || [10.0/10] SVETLANA: ""The pool was fantastic, and the housekeeping was impeccable."" || [10.0/10] Nikhil: ""The room was clean and the bed was like sleeping on a cloud."" || [10.0/10] Hien: ""I really enjoyed my stay and will definitely be coming back!"" || [10.0/10] NUONG: ""The staffs are so friendly & well respected to the guests."" || [10.0/10] Victoria: ""It’s rare to find such a consistently high level of service."" || [9.2/10] Malora: ""Location, value, amenities and included breakfast are great."" || [10.0/10] Lee: ""Super value for money and great location with helpful staff"" || [10.0/10] Luan: ""The hotel is newly built, very clean, and well maintained."""
32818875,8.4,1763,8.4,8.3,9.4,8.4,8.5,829,223,80,97,143,"[10.0/10] cecilia: ""The location can’t be beat and there’s so much to do nearby."" || [10.0/10] Van Dung: ""The room was large, clean with balcony and view to the sea."" || [10.0/10] Willy: ""The Receptionist Tyler is so helpful and speak good English."" || [9.2/10] Rita: ""The room and the hotel’s facilities are all extremely good."" || [10.0/10] Aldrich: ""I would definitely recommend RIS Panorama for a stay."" || [9.2/10] Vladimir: ""Everything is great, rooms are very clean and new!!!"" || [10.0/10] WOO YOUNG: ""The hotel was perfect with room upgrades and views."" || [10.0/10] Hen Fa: ""Our stay at this property was absolutely fantastic."" || [10.0/10] aftermarket: ""Highly recommend  this property central location"" || [10.0/10] MENG KUM: ""My room was cleaned on daily basis without fail."""
3613486,8.9,1546,9.3,9.1,8.8,9.3,9.2,639,181,43,30,25,"[10.0/10] an: ""Friendly and professional staff, helpful to travelers."" || [10.0/10] Tuan: ""Awesome location with amazing breakfast and excellent staff."" || [8.4/10] Lan: ""Facilities, cleaness and breakfast buffet are wonderfull."" || [8.0/10] Jeremy: ""High standard with very friendly and professional staff."" || [10.0/10] Pronrudee: ""One of the best hotels we have stayed in Nha Trang."" || [8.8/10] Mark: ""Very clean, spacious rooms, quiet location, friendly staff."" || [10.0/10] Hiền: ""I had a wonderful stay at Quinter Central Nha Trang Hotel."" || [10.0/10] Giang: ""I had an outstanding experience at this hotel!"" || [9.6/10] Thu Hang: ""Staff is friendly ( room be upgraded nice view for free)"" || [8.4/10] PREM : ""All the staff were friendly and attentive."""
10780056,8.6,3113,8.6,8.6,9.5,8.6,8.9,1548,473,140,122,154,"[10.0/10] SESIN: ""Kymodo is the best of the companies that rents rooms."" || [10.0/10] Farizal: ""Near to convenient store, restaurants and even mall."" || [10.0/10] Ha: ""Room is wonderfull with sea view, best view in town."" || [10.0/10] Wesley : ""Definitely would stay here again whenever I come back to NT!"" || [9.6/10] Justin: ""In this sense, Kymodo apartmant shows great service quality."" || [10.0/10] Anh: ""The location is perfect and in the center of everything."" || [10.0/10] Jerry: ""Location location did I say location! 😀 can’t be beaten!"" || [10.0/10] Anthony: ""The room and view from the room is really beautiful..."" || [9.2/10] My: ""Beautiful apartment, right in the heart of Nha Trang."" || [10.0/10] Julia: ""It was the best choice of hotel in my life."""
55288610,8.2,2184,7.7,7.6,8.8,8.3,8.0,467,169,57,83,160,"[9.6/10] Karys: ""Well thought out hotel and the staff were really nice."" || [9.6/10] Nguyễn: ""About the room, because i was upgraded with a better room."" || [10.0/10] NGOC BICH: ""The staffs are very friendly and helpful."" || [10.0/10] Ronnie: ""I loved the spacious room and wet area."" || [10.0/10] Taras: ""The manager is very friendly and ready to help."" || [10.0/10] Danpung: ""The staff were friendly and helpful."" || [10.0/10] Yoann: ""In short, ideal, I will return with pleasure."" || [7.6/10] Albina: ""The room itself was clean and housekeeping came daily."" || [8.4/10] Sheran: ""I stayed for a few weeks, will stay again."" || [10.0/10] NGOC BICH: ""Staffs are friendly and helpful."""
7466289,8.7,15124,8.7,8.7,9.6,9.0,9.0,7316,2242,602,517,540,"[9.2/10] Mia: ""Above all, the hotel condition is so good for the price."" || [10.0/10] Toni: ""The room was spaces, clean and very nicely aesthetic."" || [10.0/10] Richard Tan: ""Rooms are modern, clean, and comfortable, with great views."" || [10.0/10] Mohit: ""Clean rooms, fast wifi, and beautiful view from the pool."" || [10.0/10] BOKWON: ""I will recommend all traveler to  this fantastic place."" || [10.0/10] Netty: ""From the pool to the play area, everything was perfect."" || [9.6/10] Ville: ""The room had beautiful design, spacious and very clean."" || [8.4/10] Van Toan: ""Hotel staff were so friendly, helpful and hospitable."" || [10.0/10] Duong: ""The staff were courteous and always willing to help."" || [10.0/10] Pilwon: ""The most efficient and best hotel in Nha Trang city!"""
445610,8.9,30229,9.1,9.1,9.4,9.2,9.2,14360,3637,919,661,531,"[9.6/10] Golam: ""All good, specially the beach view upper rooms are amazing!"" || [10.0/10] Dr: ""Bed is very comfortable and lighting is well balanced."" || [10.0/10] Angelica: ""The ocean view suites have a spectacular view to wake up to."" || [10.0/10] Anoop: ""Best location right up on beach at the most happening place,"" || [9.2/10] Tan: ""Got free upgrade to suits and the room is spacious and nice."" || [10.0/10] Sootae: ""Ocean view was amazing, nice and clean with big size room."" || [9.2/10] WAN YEE: ""The staff were exceptional, always friendly and helpful."" || [10.0/10] Mitch: ""Massage, spa, gym, pool on site and all high quality."" || [10.0/10] Andy: ""Overall, service is best as well as friendly staff."" || [10.0/10] lynn: ""Friendly staff, good location,  good food ocean view, roomy."""
6426068,8.7,707,9.1,8.4,9.3,9.0,8.9,228,54,17,12,17,"[9.2/10] Rodrigo: ""Can park scooters there during the night no problem."" || [9.6/10] Priscilia Lim: ""Clean and safe place to stay as a solo traveler."" || [10.0/10] Tuan: ""Room is always clean and smells fresh everyday."" || [9.6/10] R.C.: ""Close to everything, clean and nice staff."" || [9.2/10] Clare: ""Great location and clean place with friendly staff."" || [9.6/10] steve: ""The hostel is perfect for budget travel."" || [10.0/10] chris: ""This place is everything near by and super clean and quiet."" || [10.0/10] Mayank: ""The bathroom and beds are awesome at this place."" || [10.0/10] Maria Gabriela: ""Room is super comfortable and clean."" || [10.0/10] Dinh Dong: ""Clean, comfortable and well located"""
5059416,8.9,4386,9.2,8.8,9.4,9.1,9.1,1482,428,101,85,56,"[10.0/10] KEN SENG: ""Hotel had offer us a free room upgrade with city view!"" || [10.0/10] Ri: ""Good room quality and the best service, highly recommend !!"" || [10.0/10] Aleksandr: ""Clean, fresh, good breakfast, very attentive staff."" || [10.0/10] G: ""Beautiful hotel located a couples block away from the beach."" || [9.6/10] Wayne: ""Breakfast was incredible, the best I've had in the country."" || [10.0/10] ADRIAN: ""To the staff who check me in Ms Sofi she did a great job."" || [10.0/10] Maureen: ""Their beds are soft wow we were so comfortable."" || [9.6/10] The: ""The rooms are super clean and the ocean view is amazing."" || [10.0/10] Cally: ""Our room was so nice and the bed was amazingly comfy."" || [10.0/10] Huy: ""We got a beautiful ocean view room on the 18th floor."""
10946381,8.8,2473,9.1,8.7,9.0,9.0,9.1,1183,273,81,90,88,"[10.0/10] Rochelle: ""The room is great as well as the facilities and amenities."" || [10.0/10] Charlotte: ""Everything about the room was perfect including cleanliness."" || [10.0/10] Lauren: ""Lovely clean hotel the rooms are very up to date and modern."" || [8.8/10] Monica: ""The room was clean, spacious and the bed very comfortable."" || [10.0/10] Tuong: ""Really chilled relaxing in the rooftop swimming pool."" || [10.0/10] Ngô: ""Hotel staff is very nice and friendly, helpful at all times."" || [9.6/10] Robert: ""Walk in Shower plenty of hot water and room to move around."" || [10.0/10] Sean : ""This was an interesting exceptional stay, incredible value."" || [9.2/10] Alana: ""Location very good and we would for sure stay here again."" || [10.0/10] Matyas: ""Everything was perfect, and at an incredible price too."""
34005295,7.7,1138,7.7,7.3,8.7,8.5,7.8,145,62,20,31,54,"[9.2/10] Geoff: ""Friendly staff and overall enjoyable stay."" || [10.0/10] Cady: ""Excellent service, good hotel in city centre"" || [8.0/10] Rashdan: ""This hotel has elevator & private parking for scooter."" || [10.0/10] Nguyen: ""The hotel is located at city centre and quite cheap"" || [10.0/10] YAUHENI: ""Nice location, friendly staff."" || [10.0/10] Robert: ""Friendly staff, clean rooms"" || [8.0/10] iamlike: ""Sea beach is walkable which is the best part."" || [8.4/10] Mercedes: ""Good value hotel at under $14usd per night."" || [9.6/10] HyunHo: ""Friendly staff and simple room!"" || [9.2/10] Xuân Cường: ""Perfec location!"""
87940198,7.6,161,7.2,7.2,8.4,7.4,7.2,26,5,2,11,13,"[10.0/10] Djouhaina Alaa: ""I highly recomend it ! everything was perfect"" || [10.0/10] Bee Lee: ""Nice value hotel"""
37959569,8.8,1100,8.9,8.7,9.2,9.3,9.0,591,172,44,42,39,"[10.0/10] Levy Ezra: ""He welcomed me daily with a warm smile and genuine kindness."" || [10.0/10] Richard: ""The hotel itself offers incredible value for money."" || [9.6/10] Casey: ""The breakfast was amazing, there was so much to choose from."" || [10.0/10] Mevlut: ""The management and personel were very helpfull and friendly."" || [10.0/10] Hamid: ""I will forever remember your kindness and hospitality."" || [10.0/10] Nang: ""Excellent service,exceptional breakfast and top notch staff."" || [9.2/10] Mark: ""The room is big and spacious and buffet breakfast is superb!"" || [9.2/10] Kim: ""It is an unforgettable hotel and I think I will visit again."" || [10.0/10] Paul : ""Clean room in a high rise hotel with pool on roof."" || [8.8/10] Anthony: ""Very good location and fantastic view from pool."""
10681625,8.9,24679,9.0,9.0,9.6,9.0,9.2,13194,3214,747,603,683,"[8.8/10] Koji: ""Nice room and roof top swimming pool with amazing view."" || [10.0/10] Thibault: ""Ms Binh at the reception was very professional and caring."" || [10.0/10] Giam: ""Room clean, top quality towel, friendly and helpful staff"" || [10.0/10] thomas: ""I can not say enough about how great this place is!!"" || [10.0/10] Matt: ""Amazing rooftop infinity pool overlooking the city."" || [10.0/10] Matthew: ""Plus amazing views from roof top with pool and bar."" || [10.0/10] Maureen: ""Nonetheless, the infinity rooftop swimming pool is gorgeous."" || [10.0/10] Radoslav: ""Happy with, staff, food, facilities, view from the balcony."" || [10.0/10] King: ""The service was top notch across all departments."" || [9.6/10] Sérgio: ""Waking up to the ocean every day was simply unforgettable."""
10758837,8.0,6306,7.8,7.8,9.2,7.7,8.1,2364,984,368,437,777,"[10.0/10] Jason: ""Great location, spacious room and comfortable stay."" || [10.0/10] Helen: ""Over all I am very happy with everything about this hotel."" || [10.0/10] Lilian: ""Enjoyed our stay for more than 2 weeks  at Holi Panorama."" || [10.0/10] Andy: ""This place is the best place to stay close to everything."" || [10.0/10] My Hao: ""The location is very central which is amazing."" || [8.4/10] Jiabao Robin: ""We had the high floor ocean facing suit, view was great."" || [8.8/10] Tri: ""Excellent staff with excellent customer service/support"" || [7.6/10] Giao: ""My room is on 37th which has a nice view of the city."" || [10.0/10] Duy: ""Best place to live when travel in nha trang city."" || [10.0/10] Leon: ""The apartment and its views were just incredible."""
2269250,8.2,1018,8.3,8.0,8.8,8.6,8.4,280,120,43,59,49,"[9.6/10] Nurhayati: ""The staff are really helpfull and will be there 24 hours."" || [9.6/10] Antonija: ""I loved staying here so much, I kept extending my stay."" || [8.8/10] NGÔ: ""I ended up extended my stay for 3 nights at this place."" || [10.0/10] Tracey: ""We will definitely stay here again when in Nah Trang."" || [10.0/10] NGOC BICH: ""We had great time to stay at Seven Seas Hotel again."" || [10.0/10] KIEU: ""Good and cleaned place with an excellent location."" || [10.0/10] Vo Huynh Thi Le: ""We stayed 3 days 2 nights was great location and big room."" || [10.0/10] Reuben: ""Great location, friendly staff and clean hotel."" || [8.0/10] Craig: ""Good location clean and friendly staff and very helpful"" || [10.0/10] Ngọc Giàu: ""Best Place to stay for Countdown at Nha Trang"""
11283759,9.0,693,9.4,9.1,9.0,9.4,9.4,418,94,23,13,22,"[9.6/10] Aleksei: ""We needed a bike for rent for a day - they called it for us."" || [7.2/10] Huy: ""Location is good if you want quiet area and access to beach."" || [8.4/10] Valery: ""It has everything you'd expect from a hotel of this level."" || [10.0/10] Cian: ""Exceptional staff, cleanliness, and amenities."" || [10.0/10] Ẩn danh: ""Love this one, quiet, near beach, plenty car parkimg space."" || [10.0/10] John Cian: ""Nothing is bad about this place, everything is exceptional."" || [10.0/10] Minh: ""It's a good experience so I decided to stay for 3 days!"" || [8.8/10] Ngoc: ""They got seperated shower and toilet, which was great."" || [10.0/10] Andrew: ""Great room, location and staff."" || [10.0/10] Mẹ: ""Lovely guess, tiny room but clean, warm and cozy"""
44314368,7.8,1285,7.6,7.6,8.7,8.1,8.0,183,45,12,24,70,"[10.0/10] Maksim: ""Prices are affordable and offer good value for money."" || [10.0/10] Jack: ""Good price, room cleaned every day, aircon and fridge."" || [8.8/10] Darren: ""Booked 11.45pm arrived 12.15am massive room !"" || [8.0/10] valentina: ""Honestly it’s very cheap for what it has to offer"" || [10.0/10] Maksim: ""Kind and helpful staff, clean rooms."" || [10.0/10] Maksim: ""Good rooms, and nice service"" || [10.0/10] David: ""Nice place and good value"" || [8.0/10] Andrey: ""Nice hotel if you booked not overpriced day."" || [10.0/10] Maksim: ""Nice staff,  good location"" || [8.4/10] Trinh: ""Perfect place"""
67349925,9.0,2914,9.3,9.0,9.8,9.6,9.4,1366,182,52,38,34,"[10.0/10] Jewel: ""It was the best hotel that I have ever stayed in Nha Trang."" || [9.2/10] Suuhei: ""She made our stay both comfortable and memorable!!"" || [10.0/10] Jessica: ""The room was great and the staff were so kind and helpful."" || [10.0/10] Thảo: ""Amazing hospitality, great location and clean with no bug"" || [10.0/10] Daniya: ""Everything was clean, beautiful, and well maintained."" || [9.6/10] PORNTHIP: ""Room very cozy and clean, staff is very friendly and helpful"" || [10.0/10] Abdul Muhaimin: ""The in house spa is one of the best I tried in Nha Trang."" || [10.0/10] Tuan anh: ""Clean, new, amazing staff, amazing location,"" || [10.0/10] Sophia: ""I will chose this hotel for all my bussiness travel."" || [10.0/10] Janet: ""Just a perfect hotel that I would highly recommend."""
79487625,8.2,748,8.3,7.6,8.8,8.3,8.5,100,46,9,17,24,"[10.0/10] Jin: ""Great location and view, very clean and spacious room."" || [9.6/10] Danny: ""Room was clean, spacious, comfortable bed."" || [8.4/10] Hoang: ""The balcony makes the room feel more open and comfortable."" || [10.0/10] Me: ""Best of best"" || [9.6/10] Edward: ""Clean, good location, nice staff."" || [9.6/10] Joseph: ""Was satisfied with my stay here."" || [10.0/10] Kirill: ""Great location and service."" || [9.6/10] XIAOYU: ""Great price for single traveler"" || [8.8/10] Alexander: ""Good value for money"""
8798451,8.0,2527,7.6,7.3,9.0,8.1,8.0,552,260,117,129,196,"[9.6/10] Mehernosh: ""On the top floor there is a swimming pool with a nice view."" || [10.0/10] Katie: ""One of the best hotels we’ve stayed in the whole of Asia!"" || [10.0/10] Johannes: ""Great cheap place with high level of comfort."" || [10.0/10] Sumolsinee: ""Overall, I was very satisfied with my stay."" || [9.2/10] Eric: ""I got the room and it was quiet and comfortable."" || [10.0/10] Goran: ""Absolute quiet place to stay ( signs at elevator doors...)"" || [8.8/10] Merri: ""Overall, a very comfortable stay for the price."" || [8.8/10] Kim: ""We spent 2 nights here and it had everything we needed."" || [10.0/10] MOUNGJIN: ""The most cost-effective and friendly staff."" || [10.0/10] Yassine: ""Staff are very accommodating and friendly."""
6253467,8.9,7959,8.9,8.6,9.6,9.3,9.3,4001,1197,282,237,111,"[10.0/10] Colten: ""Wi-Fi is super fast which is great for me as I work online."" || [10.0/10] Jimmy: ""The location to the best food and pubs makes it 5 stats."" || [8.0/10] Karen: ""Close to night markets, restaurants, massage places."" || [10.0/10] Quế: ""The location is very nice and convenient for tourists."" || [10.0/10] Sungwoo: ""I think this is best hotel among similar price hotel."" || [10.0/10] Jason: ""Comfy mattress and great Location and friendly staff."" || [10.0/10] Priya: ""Location was perfect, walking distance from beach."" || [10.0/10] Dennis: ""Rooms are large, clean, A/C, no smoking, and walk in shower."" || [9.6/10] Shaun: ""They are very helpful and will ensure you have a great stay."" || [9.6/10] Huỳnh: ""It's worth a price for best hotel, location, staff, facility"""
394518,8.1,550,7.7,7.7,8.8,8.4,8.0,107,52,25,14,39,"[10.0/10] Graham: ""Close to all amenities and aporox. 200m from the main beach."" || [8.8/10] Abisai: ""Staff is friendly and accommodating."" || [10.0/10] douglas: ""Great value for location and price."" || [8.8/10] Hung: ""Great little hotel right in the middle of everything"" || [8.8/10] Abisai: ""Close to the beach and Amenities with friendly staff"" || [8.8/10] Abisai: ""Would absolutely stay here in the future."" || [10.0/10] Maksim: ""Clean rooms, everything is fine for a short stay or more."" || [10.0/10] Thomas: ""Nice staff, great room!"" || [10.0/10] Éric: ""Affordable Hotel downtown Nha Trang"" || [8.8/10] Abisai: ""Would absolutely stay here again."""
64576655,7.2,190,7.1,6.7,7.8,7.6,7.3,62,18,10,17,34,"[9.2/10] RB: ""The hotel was renovated in November 2024 so it's brand new."" || [10.0/10] Tony: ""I was never disturbed, and I really enjoyed being there."" || [10.0/10] allanah: ""The rooms were fantastic, clean and spacious."" || [10.0/10] Dora: ""The room was clean and spacious."" || [7.2/10] ahm: ""150.000 vnd for a room is great price."" || [9.2/10] Egon: ""Staff is amazingly attentive"" || [10.0/10] Ольга: ""Shops, restaurants, cafes, bars, everything is nearby."" || [10.0/10] Vadim: ""Fantastic option for this price."" || [9.6/10] Egon: ""Great hotel highly reccomend"" || [9.2/10] Alexandr: ""So i'd like to stay here again"""
5780775,8.6,430,9.0,8.7,9.0,9.0,9.0,224,44,15,17,19,"[7.6/10] Phan: ""The room was clean and the staffs were so nice"" || [9.2/10] AVI: ""Apart from this, my stay was excellent."" || [10.0/10] Kirillov: ""Rooms are big and clean with comfortable beds."" || [9.2/10] Alex: ""A great, affordable hotel in the north of the city."" || [10.0/10] Anna: ""The stuff members at the reception are nice and helpful."" || [9.2/10] Anna: ""Good location with the best marked in the city nearby."" || [10.0/10] Stephen: ""Great location, rooms cleaned daily."" || [10.0/10] Nikolay: ""Comfortable, clean room."" || [9.6/10] Anna: ""Clean, friendly, budget"""
256060,8.9,3102,9.0,8.8,9.5,9.2,9.0,1363,334,101,88,75,"[10.0/10] Hoa: ""Green World Hotel is amazing hotel that we should to try"" || [10.0/10] Rebecca: ""The receptionist at the desk was very kind and helpful."" || [9.6/10] Mikhail : ""I highly recommend this hotel to anyone visiting Nha Trang."" || [10.0/10] SOHYUN: ""I would like to visit this hotel again for my next trip!"" || [10.0/10] HUNG: ""Hotel staffs provided outstanding services"" || [9.6/10] Chris: ""Excellent location and friendly reception / doorman."" || [8.4/10] Yen Hong: ""Hotel is located close to food, massage and beach."" || [10.0/10] rachid: ""Excellent gym, the best I have been in a hotel for a while."" || [10.0/10] Rebecca: ""Everything was great, beautiful view of the city and ocean."" || [10.0/10] Alan: ""Lovely staff, comfortable rooms and awesome gym."""
463095,8.4,1650,8.8,8.5,7.9,8.9,8.6,729,282,99,100,116,"[8.4/10] KEITH: ""A great hotel set right on the beach with direct access."" || [7.2/10] MINH: ""Amazing service,polite staff, tasty breakfast, clean room"" || [10.0/10] Yeon Yong: ""Staffs at restaurant are very kind and hospitality."" || [9.2/10] Do Viet Huy: ""Reasonable price make it a good choice to stay at Nha Trang."" || [7.6/10] Yossi: ""Staff were friendly & Kevin the concierge was very helpful."" || [10.0/10] MARIA: ""I had an amazing stay in muong than grand hotel!"" || [9.6/10] Hai: ""The bed was comfy and I actually slept really well."" || [10.0/10] spyridon: ""But the people working there make the difference."" || [10.0/10] Yeon Yong: ""Staffs are very kind, helpful and hospitality !!"" || [9.2/10] Thi: ""Great hotel .. location..staff..great ocean view"""
72120574,8.2,457,8.3,8.0,8.3,8.3,8.1,47,14,8,6,16,"[8.8/10] بسم الله: ""I was satisfied with the excellent facilities for the price."" || [10.0/10] Nicholas: ""Nice clean rooms with huge windows."" || [9.2/10] JONAS: ""Comfortable and clean beds."" || [10.0/10] Maksym: ""Great stay, WOULD VISIT IT AGAIN"" || [10.0/10] M: ""Excellent!"" || [9.2/10] HONG ANH: ""Quite good hotel with reasonable price"" || [7.6/10] Ramses: ""Roof pool is very nice."""
89175775,8.2,115,8.3,8.1,9.1,9.1,8.7,44,5,0,4,11,"[10.0/10] LE: ""Absolutely satisfied with the service, room, and location!"" || [10.0/10] Ngoc Linh: ""Great Place to Stay"""
60691170,7.2,73,7.4,6.9,8.4,7.1,6.9,33,8,2,6,23,"[10.0/10] Rajbir: ""All facilities are outstanding."" || [8.0/10] Ian: ""The rooms and facilities are excellent"" || [10.0/10] Iuliia: ""The room is so clean"" || [10.0/10] Vanilla: ""Персрнал ввічливий,"" || [10.0/10] Thanh: ""High recommend"""
9746196,8.7,1565,9.0,8.7,9.0,9.2,9.0,708,191,55,54,46,"[10.0/10] Jhuden: ""I had a wonderful stay at Sweet Lavender Hotel in Da Lat!"" || [9.2/10] anthony: ""Centrally located, very nice staff, good value for money"" || [9.6/10] Aman: ""The room was clean, had a minibar and a table fan if needed."" || [9.6/10] Svetlana: ""Very crean hotel, amazing staff and good location."" || [9.6/10] Kevin : ""The room is spacious, beautiful layout."" || [10.0/10] Minh: ""I enjoyed it here so much I extended my stay. 🥰🏩"" || [10.0/10] Julia: ""Location is city center and walkable everywhere."" || [10.0/10] Samuel: ""Amazing hotel, very comfy bed and lovely room."" || [10.0/10] Ik: ""I would like to stay again at here next time."" || [10.0/10] The Tai: ""Aesthetic room design, clean and comfortable."""
78727952,8.4,66,8.7,8.4,9.1,9.0,8.7,30,8,2,5,3,"[9.6/10] Wael: ""Clean, facility, location and support from staff."" || [10.0/10] Dung: ""Central location,  10 mins walk to the lake and the market."" || [9.6/10] daniel: ""Other then that we had 10/10 experience."" || [9.6/10] THU HA: ""Large room with a nice view."" || [10.0/10] Wael: ""Great Hotel"""
24333225,8.9,3271,9.3,8.8,9.1,9.3,8.9,1793,484,123,91,96,"[10.0/10] Ngan: ""One of The Greatest Hotel I've Ever Been To"" || [9.6/10] Yen: ""Excellent service, good location and excellent breakfast."" || [10.0/10] Van Anh: ""Very good locations with lots of good restaurant around."" || [9.6/10] Linh: ""Definitely would stay here again when I'm back to Dalat."" || [8.0/10] TING: ""I would highly recommend it to anyone visiting the area."" || [10.0/10] Angie: ""So accommodating and really care for your wellbeing."" || [10.0/10] Tan: ""And I got to say the room is SO SO CLEAN AND COMFY!"" || [9.6/10] Kathleen: ""After 3 nights at a hotel without A/C, we moved to Le Recit."" || [10.0/10] Javier: ""Even when we reached at 430am they were still very helpful!"" || [10.0/10] Tien: ""I highly recommend this hotel for your next stay in Da Lat."""
47614272,8.5,293,8.8,8.4,9.0,8.7,8.8,142,38,17,14,17,"[10.0/10] Jayme: ""Absolutely amazing - best hotel we've stayed at in Vietnam"" || [9.2/10] thanh: ""Good stay. Will come back"" || [9.6/10] Ji Jun: ""Can't find a better hotel deal compared to other hotels."" || [10.0/10] Jeremy: ""Loved the small cosy room offered by the Elite Hotel."" || [8.4/10] MEHDI: ""Just minutes away from everything interesting to go and see."" || [7.2/10] Mark: ""Hot shower, warm bed, big TV, coffee & massage nearby."" || [8.4/10] Kiet: ""Helpful staff, clean facility, overall no complaints."" || [8.4/10] Akash: ""Close to the centre, room was clean and comfortable."" || [9.2/10] Lewys: ""A fantastic hotel with even better staff."" || [9.6/10] Glenn: ""Comfy room, large bed, balcony view and quiet area."""
32680041,9.2,1700,9.4,9.3,9.4,9.4,9.4,1224,113,42,46,61,"[10.0/10] Nhật: ""The room was clean, spacious enough, and very comfortable."" || [10.0/10] Ha: ""It was a perfect place to relax after exploring the city."" || [10.0/10] Phuc: ""The hotel is clean, peaceful, and has a cozy atmosphere."" || [10.0/10] Trâm: ""The staff were very friendly and always willing to help."" || [10.0/10] Hoang Anh: ""The staff were friendly and provided excellent service."" || [10.0/10] Anh: ""The hotel is clean, peaceful, and conveniently located."" || [10.0/10] Hien: ""The room was elegant, clean, and had a stunning view!"" || [10.0/10] Ha: ""The room was clean, well-equipped, and cleaned daily."" || [10.0/10] Trâm: ""The location is central and convenient for getting around."" || [10.0/10] Hien: ""The hotel was exactly what I was looking for."""
68388039,9.0,133,9.0,9.6,8.8,9.7,9.6,62,14,3,1,4,"[10.0/10] Dang: ""Very nice, good price, all good"" || [9.6/10] Jonny: ""They will answer every of your needs with beautiful smile."" || [10.0/10] Zhen: ""Very good facility, super clean and super friendly"" || [10.0/10] Kéren: ""I recommand this beautiful boutique hotel !"" || [10.0/10] Ayu: ""Highly recommended!! Thank you so muchhh"" || [8.8/10] Bruce: ""I'd stay here again without hesitation."" || [9.2/10] ZHENG: ""The staff here is very friendly and helpful"" || [9.6/10] Nguyen Thi Thu: ""Cozy place for freelancers"" || [10.0/10] Jarod: ""Value for Money, Cozy Stay"""
31187868,8.7,427,9.0,8.7,9.0,9.1,9.1,209,69,21,15,17,"[10.0/10] Lovely Kathleen: ""The room was clean, and we enjoyed the lovely city view."" || [10.0/10] Weihong: ""She was very kind and made the process smooth and easy."" || [8.4/10] JAIKANESH: ""I highly recommend this hotel for anyone visiting the area."" || [9.6/10] Roshalkumar: ""Loved their service, would visit again."" || [10.0/10] Lori: ""I really recommend this place to stay in Da Lat."" || [10.0/10] Angela: ""One of the best hostels I’ve stayed in for sure!"" || [10.0/10] Mary: ""Enjoyed the stay in Casanova Dalat tremendously."" || [10.0/10] Alexandre: ""Everything clean, quiet and cheap services for breakfast!"" || [10.0/10] Ivelina: ""Staff of the hotel were very friendly and accommodating!"" || [8.4/10] Juvylee: ""They allowed us to check in early without extra charge."""
263080,8.1,1224,8.1,7.7,8.7,8.6,8.1,469,202,64,85,128,"[8.4/10] Dennis: ""The staff was friendly, great breakfast and good service."" || [10.0/10] SAIDATUL: ""Everything was so perfect according my taste."" || [8.8/10] ly: ""Beautiful building, nice staff and lovely restaurant"" || [9.6/10] Paul: ""The staff do everything to make your stay the best."" || [10.0/10] Trong Nhan: ""Another big advantage is the excellent location."" || [10.0/10] TỐ DUYÊN : ""The staffs are willing to help as we need help."" || [8.0/10] Susan: ""I loved it because it’s not your normal modern Hotel."" || [10.0/10] Garry: ""Excellent location, an interesting old world hotel."" || [8.8/10] James: ""Was a great experience staying here for a few days."" || [7.6/10] Ivan: ""Nice location, near to centre city, night Market."""
88096088,8.8,20,8.9,8.9,9.1,9.2,9.1,12,1,0,0,2,"[10.0/10] Ronny: ""Nice hotel, clean room, friendly staff."" || [10.0/10] Rolly: ""Great hotel"" || [10.0/10] tran: ""Helpful staff"""
2664478,9.0,454,9.1,9.1,8.9,9.4,9.2,303,43,8,9,30,"[9.6/10] Matteo: ""The place itself was very clean and the views were great!"" || [10.0/10] Katri: ""Amazing villa in Dalat for price that is unbeatable."" || [10.0/10] Quang Binh: ""Nice hotel in a central location with great staff."" || [9.2/10] Anna: ""It’s super affordable and the staff is incredible."" || [8.8/10] Jenny: ""Room price is reasonable, beautiful garden, support staffs."" || [10.0/10] Roman: ""The most wonderful hostel I have lived."" || [8.0/10] Dāniels: ""Cozy, clean, quiet room with great view to city."" || [8.8/10] Kean: ""Overall are great, price, cleanliness and staff, location."" || [10.0/10] Ying: ""The room was clean, quiet, and comfortable."" || [10.0/10] Chau Huy Vu: ""Everything was very good, including staff in general."""
6405142,8.8,1779,8.8,8.6,9.2,9.2,8.9,922,235,75,65,68,"[10.0/10] Lee: ""It’s a great location, clean and friendly efficient staff."" || [10.0/10] Christian: ""The breakfast was amazing, especially the Bún Bò — 10/10!"" || [10.0/10] Sok Guey: ""A very nice hotel with good breakfast and friendly staff."" || [8.8/10] Lily: ""The receptionist really helpful in handling customers"" || [10.0/10] jer shun: ""Hotel had big rooms and well located near dalat city centre"" || [10.0/10] Andrew: ""The staff was so helpful during my stay in Dalat!"" || [7.6/10] Georgina: ""Room has TV, Netflix, kettle, fridge and a fan."" || [8.0/10] Huynh Long Van: ""Great value for money considering the overall quality."" || [8.8/10] michael: ""Staff were very friendly and accommodating."" || [9.6/10] Shirley: ""Helpful staffs to make our 4 nights stay enjoyable."""
74577726,8.4,669,9.0,8.6,8.5,9.0,8.7,291,53,21,25,38,"[10.0/10] Ẩn danh: ""The rooms were clean, comfortable, and well-maintained."" || [10.0/10] Phoebe: ""Everything is spotlessly clean with a fresh, modern vibe."" || [10.0/10] Melanie: ""I had a great view and the room had everything I needed."" || [10.0/10] Rocky: ""Ultra clean and modern hotel with 10/10 staff"" || [10.0/10] Camille: ""It's a big bonus since they offer breakfast buffet."" || [10.0/10] Sagar: ""One of the best places to stay in Da Lat."" || [8.0/10] Robert: ""Nicely surprised by the newness and cleanliness."" || [9.2/10] Dewianti: ""Both the pressure and temperature is excellent."" || [10.0/10] Ta: ""New hotel, and good service, reasonable price."" || [10.0/10] Lady Claire Natalie: ""The staff is very nice and accommodating."""
23125479,8.3,1501,8.6,8.3,8.7,8.5,8.4,713,158,65,84,132,"[9.6/10] Kiet: ""The hotel is very clean and nicely decorated;"" || [9.2/10] Ralph: ""The stuff was very helpful and friendly."" || [9.2/10] Alicha: ""It was a great one and good price for a quick night sleep!"" || [8.0/10] Dang: ""Staff assisted with an early check in."" || [9.2/10] Paul: ""It was clean and the staff are helpful."" || [8.8/10] Kolosov: ""Stay here many times , perfect 👍🏻"" || [10.0/10] Vũ: ""Worth choosing and staying here"" || [10.0/10] DƯƠNG: ""Worthy place to stay and rest"" || [10.0/10] Hoang Hai: ""Good service and clean room"" || [10.0/10] Hường: ""Receptionist is very friendly and enthusiams"""
89495821,9.0,49,9.2,8.9,8.9,9.2,9.2,21,1,1,1,1,"[10.0/10] Graham: ""The hostel itself has a great view of Da Lat from above."" || [10.0/10] Graham: ""Hostel beds are spacious with lots of packing space."" || [10.0/10] Graham: ""They really do go out of their way to make you feel at home."" || [10.0/10] Graham: ""Private rooms are spacious with great views."" || [10.0/10] Graham: ""Absolutely one of the best"""
46867196,9.3,1373,9.6,9.4,9.1,9.7,9.6,1003,108,22,22,32,"[10.0/10] Heena: ""The facilities were top-notch, provide everything we needed."" || [10.0/10] Naw Thalay: ""The rooms were clean, comfortable, and nicely decorated."" || [10.0/10] SAM: ""Staff is very helpful and big rooms with balcony and windows"" || [9.6/10] yvean: ""The facilities are perfect and the room itself was perfect."" || [10.0/10] Nathaniel: ""So clean and very comfortable to sleep and stay."" || [10.0/10] Cici: ""Pertama kalii ngineep di hotel dengan pengalaman terbaik."" || [8.8/10] Cleo: ""Everything went very well and the staff is very helpful."" || [9.6/10] Arkadiusz: ""Nice staff, really clean and beautiful place."" || [9.2/10] Nguyễn: ""It meets my expectations at this price point."" || [9.6/10] Huy: ""I highly recommend this hotel to you as to my friends."""
86319765,7.6,10,7.1,7.4,7.4,8.0,6.6,2,2,1,0,2,
49736589,9.1,2239,9.5,9.1,9.0,9.5,9.3,1054,194,52,39,38,"[10.0/10] Joey: ""They are willen to help and solve all your problems."" || [10.0/10] Tawan: ""We have stayed two nights, we feel comfortable and relaxed."" || [10.0/10] Lisa: ""My room was spacious, light, very clean and comfortable."" || [10.0/10] Khai Hoan: ""The staff was very professional, friendly and helpful."" || [9.6/10] Koby: ""Our room was nicely decorated, clean, and comfortable."" || [10.0/10] Gerard : ""One of the best places I've been in Southeast Asia."" || [10.0/10] Boon Ching: ""Overall, we had a very pleasant stay in that hotel."" || [10.0/10] Daiana : ""Room/bathroom was very clean, very spacious and comfortable."" || [10.0/10] Lawrence: ""Staff were friendly and attend to every needs with urgency."" || [10.0/10] EKANONG: ""Perfect for a comfortable and hassle-free Dalat experience!"""
11023466,8.7,2270,9.1,8.6,8.3,9.0,9.0,892,314,104,81,81,"[10.0/10] CHI: ""Everything is great, from breakfast, staff to the room."" || [10.0/10] Jess: ""Very clean room, nice breakfast and lovely staff 😃"" || [9.6/10] Arwina: ""Tq Vietnam for the amazing stay will be back soon"" || [9.2/10] Fiona: ""Very clean facility staffs are very nice and professional."" || [9.6/10] Pinky: ""Clean rooms with excellent facilities and friendly staff."" || [9.2/10] Angela: ""We really enjoyed our stay at Minh Chien Hotel in Da Lat."" || [9.2/10] choi: ""The staff was friendly and the room was neat."" || [10.0/10] Aaron: ""Rooms were clean too, Will definitely come back again!"" || [8.8/10] Yossi: ""Staff very nice, rooms clean, breakfast really tasty."" || [8.8/10] Foong: ""A clean and comfortable hotel, I am very satisfied."""
6433136,8.7,2927,8.8,8.5,8.8,9.1,8.8,1348,438,128,149,121,"[9.2/10] Abigail: ""Our room had an amazing city view — truly extraordinary!"" || [9.2/10] Lalkrosthangi: ""They made us feel welcome throughout our stay."" || [10.0/10] Cooke: ""The room was tidy and well prepared when I arrived."" || [10.0/10] ily: ""The receptionist are so kind and let us have early check in."" || [10.0/10] Aom'am: ""I would stay here again when I come back to Dalat."" || [10.0/10] Mega: ""I will definitely stay here again if I come back to Da Lat."" || [9.6/10] Hiệp: ""It's incredibly clean, and the view is stunning."" || [10.0/10] Hyoung Hoon: ""It is perfect for those who wants to stay in a quiet area."" || [10.0/10] Sherill: ""The room was spacious, clean, and well-equipped."" || [10.0/10] Langlois: ""The room was clean and had a lovely city view."""
25128102,9.1,1541,9.3,9.2,9.3,9.4,9.5,694,99,26,32,30,"[10.0/10] BATRISYIA: ""The room is very clean, look exactly like the picture."" || [10.0/10] Aleksei: ""The bed is soft, big and comfortable, it has curtains."" || [10.0/10] Gavin: ""Great value for money with good amenities and nice staff."" || [10.0/10] Euodia: ""If I'm going to Dalat, I'll definitely stay here again!"" || [10.0/10] Ariadna: ""I had a very nice stay, and would definitely come back."" || [10.0/10] Thanh: ""10 out of 10 for a budget hotel with private bathroom."" || [10.0/10] Nguyen: ""Everything just perfect for a solo traveler"" || [10.0/10] H: ""Bunk bed was a good and cheap option just to stay the night."" || [7.2/10] Mike: ""- booked private room, it was clean & good value for money"" || [10.0/10] Tommorow: ""Great room condition with nice interior and good location"""
89505311,9.1,55,9.7,8.9,9.7,8.8,9.0,22,2,0,1,3,"[9.6/10] Le: ""Very good location, and very nice staff."" || [8.8/10] Chigusa: ""The hotel was very clean."" || [10.0/10] Tien: ""Highly recommend!"" || [9.6/10] Le: ""Highly recommend"""
81559521,8.8,28,9.5,9.4,9.4,9.5,9.4,30,2,1,2,0,"[10.0/10] Zsanett: ""We loved this place, such a cute place to stay!"" || [9.6/10] Minh: ""Great location, very well provided facilities."" || [10.0/10] jiaying: ""It is worth mentioning that the host is very nice!"" || [9.6/10] Elizabeth: ""Beautiful Farmstay"" || [10.0/10] Jay-Jay: ""We had a really nice stay here."""
237128,8.0,3478,8.1,7.7,8.6,8.4,8.0,1179,621,280,329,319,"[8.0/10] Leow: ""Property well maintained, enhancing our overall experience."" || [10.0/10] Stephen: ""Very high end for half the cost of other expensive hotels."" || [10.0/10] Joshua: ""I stay 3 night there and the room is so spacious."" || [10.0/10] Thao: ""The room is clean and spacious, with a view of the street."" || [10.0/10] Dmitry: ""The location is excellent - close to everything we needed."" || [7.6/10] Bridget: ""Helpful staff at door and reception, especially Hoy -Doy."" || [10.0/10] Chonthicha: ""The staff very kind and help to provide early check in."" || [9.2/10] Dean Bruce: ""Would stay again if I ever return to Da Lat"" || [8.8/10] Austin: ""Very clean, good breakfast, staff are very friendly."" || [10.0/10] Le: ""I booked twin room, and was upgraded to family room."""
67525161,9.4,1152,9.7,9.7,9.4,9.8,9.8,897,62,18,4,11,"[10.0/10] Janelle: ""The owner and staff were kind and our room was always clean."" || [10.0/10] Liezl: ""Will definitely stay here again when I come back to Dalat."" || [10.0/10] Sri: ""I would definitely booked this hotel again in the future!"" || [10.0/10] Nurul Ashikin: ""Staff were welcoming, friendly and always ready to help."" || [9.6/10] Navamalar: ""And the whole place was very tidy and well-maintained."" || [9.6/10] Minh Anh: ""The room was clean, well-equipped, and comfortable."" || [9.6/10] Duy: ""The acccommodation was great overall;) will be back"" || [9.6/10] Tee Leong: ""I’d also like to highlight the friendly and helpful staff."" || [10.0/10] Shemmuel Titus: ""The room was clean, staff is kind and easy to communicate."" || [10.0/10] Jayson: ""The hotel was clean, comfortable, and offered good prices."""
87124827,9.2,217,9.7,9.4,9.6,9.7,9.3,110,5,1,2,5,"[10.0/10] Chin Keong: ""Strategic location, less than 5min walk to the night market."" || [10.0/10] Jacqueline: ""This place is so good we have booked to stay another week."" || [10.0/10] Kuan Tung: ""The room was to described, new and the bed was comfortable."" || [10.0/10] Joanna: ""It is newly opened and immaculate in all areas."" || [10.0/10] Chan: ""There is an onsen which is rare at hotels in Vietnam."" || [10.0/10] GUAN: ""Overall, it was a very comfortable and pleasant stay."" || [10.0/10] Daniel: ""Lovely hotel in good location"" || [10.0/10] Trần: ""New hotel, great value for money, and excellent service"" || [9.2/10] Dilip: ""They made me feel welcome and very kind."" || [10.0/10] duong: ""Great services and good deal"""
55640971,9.2,545,9.2,9.1,9.0,9.4,9.2,197,30,9,11,11,"[9.6/10] Charmaine: ""Love the balcony garden view and comfortable King size bed."" || [10.0/10] Vũ: ""The rooms with balcony have a great garden view."" || [9.2/10] christian: ""Room was huge and beautifully appointed."" || [9.6/10] Julian: ""Very nice hotel! We liked it! Also very clean!"" || [10.0/10] Catherine: ""The staffs are accommodating and aloowed early check in."" || [10.0/10] Kah: ""Definitely want to come back again"" || [10.0/10] Amanda: ""Ended up with the pink and black room and i loved it!"" || [9.2/10] Vadim: ""The views were beautiful and made every day more enjoyable."" || [10.0/10] Le: ""Excellent rooms and service"" || [7.6/10] Ras: ""The hotel was really clean and superb"""
81347536,9.0,115,9.1,9.0,9.1,9.5,9.5,87,14,2,3,7,"[10.0/10] Yan: ""10 out of 10,within this price range,everything is perfect."" || [10.0/10] Leonie: ""Overall, great value and a really pleasant stay."" || [10.0/10] Flora: ""Rooms have everything you need and are clean."" || [9.6/10] Konstantin: ""Helpful and friendly staff."" || [9.6/10] Konstantin: ""The rooms are huge, lots of space."" || [10.0/10] Quoc: ""Clean affordable room near Domaine de Marie"" || [8.8/10] Andrew: ""Cheap, clean and friendly staff."" || [10.0/10] Kukacka: ""Just right for me"""
7443091,9.0,1248,9.1,9.1,9.0,9.5,9.3,733,131,28,35,33,"[10.0/10] Jiawei: ""The room was very clean and well kept, with an amazing view."" || [9.6/10] Kevin: ""I stayed here 5 nights and thoroughly enjoyed my time here."" || [10.0/10] MUHAMMAD SAIFUL AMIRIN: ""Top-notch service overall—highly recommended for couples!"" || [10.0/10] Matheus: ""Very good hotel, the price its amazing and the room too"" || [9.6/10] M: ""I could also work online due to good wifi connection."" || [8.8/10] Harrison: ""Staff were super helpfull and made our stay enjoyable"" || [7.2/10] Michael: ""The rooms were big and the 2nd check in person was friendly."" || [8.8/10] Sang: ""This property offers excellent value for money."" || [10.0/10] Roland: ""Great location, clean room, and great service."" || [10.0/10] Harrison: ""Staff are extremely nice and helpful"""
55766720,8.8,371,8.9,8.9,9.1,9.4,9.3,204,38,15,10,10,"[8.8/10] Kiara: ""I enjoyed staying in this private room with a balcony."" || [9.6/10] Carolina: ""Kind staff that help us with some stuffs."" || [8.4/10] Sean: ""Price was very good and the balcony room offers a good view."" || [9.6/10] Ian: ""10/10 would book again if I visit Dalat city."" || [8.8/10] Trek: ""Spacious, bright, airy no smells, quiet."" || [10.0/10] Divinderjit: ""Hotel is clean and good value for money."" || [10.0/10] Menissa: ""The staff is very helpful and very kind."" || [10.0/10] Andrew: ""All the staff were super friendly."" || [10.0/10] Gaspar: ""The hotel owner was very kind and welcoming."" || [10.0/10] Christopher: ""Host Nhi Nhi ensures  guest satisfaction."""
91738477,9.9,5,10.0,10.0,9.6,10.0,10.0,5,0,0,0,0,
62095968,7.9,365,7.7,7.7,8.7,8.5,8.2,146,46,9,14,47,"[8.0/10] Mrunal: ""But the staff is very, very good and supportive."" || [10.0/10] Tadgh: ""Good location clean and comfortable helpful staff 👍"" || [10.0/10] Đức: ""The owner was really kind and helpful"" || [9.6/10] Yoav: ""We recommend this place to groups."" || [8.0/10] Leah: ""Value for money is good"" || [9.6/10] Shraddha: ""Cute hotel"""
87765262,9.6,23,9.9,9.4,9.9,10.0,10.0,14,1,0,0,0,"[9.6/10] John: ""Well maintained relatively new hotel."" || [10.0/10] Yean: ""Staff are friendly and helpful."" || [10.0/10] YUE: ""Room is new and very clean!"""
61392157,8.6,943,8.7,8.5,9.5,9.1,8.8,103,24,18,8,6,"[10.0/10] Allen: ""A reliable option for business or leisure travel."" || [10.0/10] Tram: ""Location is good and only short walk to central market."" || [9.6/10] Hieu: ""My family got a decent room with sufficient amenities."" || [9.2/10] Michal: ""It's clean, friendly staff, spacious rooms."" || [10.0/10] Linh: ""Room is very clean and nice, feeling cozy."" || [9.6/10] zee: ""Location near to centre area & plenty food choices."" || [10.0/10] Ann Margarett: ""We enjoyed our 4N5D stay."" || [7.6/10] Yeow Chong: ""Convenient location near Dalat night market"" || [10.0/10] Dewi Purnama: ""Best hotel in Da Lat"" || [7.2/10] Kok: ""Firstly, the hotel located in a great location."""
10954459,8.8,2794,9.1,8.8,8.9,9.2,9.0,1522,397,129,107,107,"[9.2/10] Marich: ""One of the best spots you can find at that price point."" || [10.0/10] Tyler: ""Very clean room with highly trained professional staffs"" || [8.4/10] Yan: ""Great Place ! Great Staff! Very nice  hotel to stay in."" || [8.4/10] Sally: ""Walkable to night market, quiet alley, nice hotel building."" || [8.8/10] T: ""Nice and clean hotel with friendly and professional staff."" || [10.0/10] Manh: ""Good price, clean and comfortable for a couple."" || [9.6/10] Achaw: ""The room is clean and well-equipped."" || [9.6/10] Karaoğlu: ""If i come back to Dalat, I want to stay again."" || [9.6/10] CLARK: ""The ""Saigon Book Da Lat"" hotel has been a great choice."" || [10.0/10] Yen: ""Clean room (especially clean restroom). Will be back!"""
22887350,9.2,1481,9.5,9.0,9.3,9.6,9.3,975,171,38,35,28,"[8.0/10] Sharifah Taibah: ""They were so patient and helped us in every way they could."" || [10.0/10] Chris: ""The most friendly, kind, and accommodating hotel staff!"" || [10.0/10] Fatira: ""The room was spacious, making it perfect for families."" || [10.0/10] Karen : ""I’ve never seen a bathroom so clean during our travels here!"" || [10.0/10] Nurfarah: ""Spacious room and comfortable bed, very clean and spotless."" || [10.0/10] Mika Ceferina: ""The staff were very welcoming, accommodating, and generous."" || [8.8/10] Nur: ""Staff friendly n helpful, location strategic, room clean."" || [10.0/10] Khairul: ""They have a great hotel staff and great hotel overall..."" || [9.6/10] Veng: ""I had a wonderful stay at Peach Valley Hotel in Da Lat."" || [10.0/10] Melati: ""So if you visit da lat, I recommended you to stay here."""
64328270,9.2,531,9.5,9.3,9.2,9.7,9.5,346,54,8,7,7,"[10.0/10] Emily: ""Brilliant staff, nice clean room, would really recommend!"" || [8.8/10] Connor: ""Can’t fault this hotel at all, would love to stay again."" || [10.0/10] gabriel: ""The room was very comfortable, clean, and smelled great."" || [10.0/10] Divya: ""Shoutout to the hostess called Mea, she was the best."" || [10.0/10] Noor: ""I stayed for 5 days and had a wonderful experience."" || [10.0/10] Dung: ""We truly enjoyed our stay and kept extending for more days."" || [10.0/10] Robert: ""Easy walk or Grab to major attractions in Dalat"" || [9.6/10] Matea: ""Walkable location, breakfast offered, and clean rooms."" || [9.6/10] Guy: ""Staff were brilliant and room was amazing!"" || [9.6/10] Matt: ""Enjoyed the small room and balcony... it was quiet at night."""
85781629,,,,,,,,,,,,,
37826264,8.6,542,8.8,8.6,9.4,9.4,9.1,205,47,17,12,15,"[10.0/10] Atiqah: ""The room was clean, comfortable, and well maintained."" || [10.0/10] Triyanto: ""Nothing to complain about this place"" || [10.0/10] My: ""Everything is great, highly recommend everyone🫶🏻🫶🏻🫶🏻"" || [10.0/10] John Ryan: ""Definitely will be back and choose this accommodation again."" || [10.0/10] Reaksmey: ""It was an amazing experience to stayed"" || [10.0/10] Umang: ""The rooms are aesthetically beautiful, cozy and spacious."" || [9.6/10] Natrada: ""The rooms are excellent, very clean, and extremely new."" || [9.2/10] Trish: ""Definitely coming back to stay if every I'm in Da Lat."" || [10.0/10] Oei: ""I alwaays stay here whenever i come to Dalat"" || [10.0/10] ADISTYA: ""The room i just really loveee how it is, love it."""
78729935,8.9,434,9.1,9.0,9.6,9.3,9.3,170,26,8,9,10,"[10.0/10] Hannah and Sam: ""We rented a bike from the reception very easily,"" || [10.0/10] Judith: ""It definetly has a full-sized project on each room."" || [10.0/10] calvin: ""Had a really nice stay at Thu Hiền Hotel."" || [10.0/10] Akash: ""Room was clean and spacious"" || [10.0/10] barbara: ""Big bed, clean beeding, tiny window 9n noisy street."" || [8.0/10] Cavan: ""Good value rooms, clean and the projectors are cool."" || [9.6/10] Cavan: ""Good clean hotel, everything like the pictures."" || [10.0/10] Jack : ""Couldn’t recommend the hotel anymore"" || [9.2/10] Jason L: ""Overall, it was a good experience – thumbs up!"" || [10.0/10] Hoàng: ""The room is fine with a view to the city."""
4942624,8.4,566,8.5,8.1,9.2,9.0,8.6,258,91,32,40,26,"[10.0/10] SUJIN: ""It is close to the major tourist attractions in Dalat."" || [10.0/10] Sharifah: ""Veru strategic location, clean and staf very helpful."" || [10.0/10] Syazwaniey: ""Location in city center everything so good"" || [10.0/10] Hem: ""Great place and location to stay in Dalat."" || [10.0/10] Holly: ""Staff are super helpful and friendly."" || [9.6/10] Hang Leong: ""The room interior is relatively new."" || [9.2/10] Ma. Fe: ""Great hotel in terms of staff and location."" || [8.0/10] Thanh: ""The reception area and hall are clean and bright."" || [10.0/10] Beth: ""One of my favorite hotel"" || [9.6/10] Hồng cúc: ""See You again next time"""
78972371,7.9,74,8.3,8.0,8.3,8.4,8.4,25,11,0,1,8,"[8.0/10] Matthew: ""Rooms were clean and had everything i needed."" || [8.0/10] Matthew: ""It is definitely the beat value for money."" || [10.0/10] KyawtKyawt: ""Hotel Recommendation"" || [8.0/10] Matthew: ""Excellent value"" || [8.0/10] Thanh Phong: ""Best value for money"""
30906925,9.4,984,9.7,9.5,9.1,9.6,9.6,104,21,2,0,6,"[10.0/10] Marco: ""It’s the perfect place to stay in Dalat"" || [10.0/10] Neema: ""All in all this was one of my best stays in all of vietnam 🙏"" || [10.0/10] Nadir: ""The hostel is very clean, with large and comfortable beds."" || [10.0/10] KHALID: ""Definitely the best hostel in dalat"" || [10.0/10] George: ""The staff are so nice and it felt really homely."" || [9.6/10] Valentina: ""We loved everything about this hostel!"" || [10.0/10] Tamuz: ""Best homestay we had in Vietnam."" || [9.6/10] Lily: ""Mooka’s Home is a lovely homely, homestay."" || [9.6/10] LIAN: ""The staff is really nice to offer services or help."" || [9.6/10] Arno: ""I loved the place and recommend it to anyone."""
34612934,8.5,2305,8.4,8.4,9.0,8.9,8.6,1085,366,133,118,149,"[10.0/10] Krishnan: ""Everything is close by & i will highly recommend this hotel."" || [10.0/10] Lương: ""Quality: room is beautiful, clean, furniture is good"" || [9.6/10] Vĩnh: ""It is cleaned every day with good service by staffs."" || [10.0/10] Huy: ""Overall, it was a wonderful stay with great value for money."" || [10.0/10] Mike: ""That service the young man delivered is absolutely amazing."" || [10.0/10] Kumara: ""The location is super accessable, making our trip easier!"" || [10.0/10] Young Sin: ""For the price, the hotel is very affordable and perfect."" || [7.6/10] Ah: ""Room is comfortable where there I a sofa seat to relax."" || [10.0/10] Joseph: ""Clean, good shower, comfy bed, looked like the pictures"" || [9.6/10] Muhammad: ""Overall worth it! Would recommend others to stay here!"""
42109640,8.9,3268,9.3,9.1,9.1,9.2,9.1,1552,296,72,88,90,"[10.0/10] Nguyễn Đình: ""The room is so modern even the decorations are very royalty."" || [10.0/10] Frances: ""No doubt we will choose MerPerle for next trip in Da Lat."" || [10.0/10] Phu: ""Overall this is my 5th time staying at Merperle Da Lat."" || [10.0/10] Hong: ""The location was great, and everything was convenient."" || [10.0/10] Hoàng Duy: ""The room was super spacious, new and well designed."" || [10.0/10] Casey: ""Can’t complain anything i can give this hotel over 5 stars"" || [9.6/10] loc: ""All the items in the room is way above average."" || [10.0/10] Mai: ""We having a great experience with MerPerle Dalat Hotel."" || [9.2/10] Yu: ""We are happy to stay at MerPerle hotel for 3 nights."" || [10.0/10] Michael: ""Lovely hotel, great staff, great buffet breakfast."""
64524273,8.4,310,9.1,8.8,8.5,8.9,8.8,158,29,8,5,23,"[8.4/10] Arbe: ""Room was so spacious with very nice view of the valley."" || [8.8/10] Dmitrii: ""New hotel, everything in the room was clean and comfy."" || [10.0/10] Ronny: ""Good location, clean room, breakfast good , recommend"" || [10.0/10] Rolly: ""Centrally located, clean, and beautiful hotel."" || [10.0/10] 루: ""Clean, wide and newly furnished room"" || [10.0/10] henry: ""Good location, staff and food, will come back"" || [9.6/10] Tauseef: ""The best thing about Lumina is the reception staff."" || [10.0/10] John: ""Nice place, good view and helpful staff"" || [9.2/10] JK: ""If you want calm accommodation."" || [10.0/10] Ly: ""But the real surprise was the breakfast!"""
16936272,8.9,2122,9.2,8.7,9.2,9.6,9.2,748,189,46,33,37,"[10.0/10] Daniel: ""I think this was the loveliest homestay I've ever stayed in"" || [9.6/10] Shaked: ""It was clean and very comfortable bed and facilities."" || [10.0/10] lori: ""Our breakfast each day was made to order and lovely."" || [9.2/10] Owen: ""Laundry service provided was good and fair price."" || [10.0/10] iamchris: ""The room is clean, cozy, and comfortable, yet affordable."" || [10.0/10] Sonia: ""The staff are very lovely, helpfull and professional."" || [10.0/10] Lizzie: ""Location is fantastic, lots of shops, food & cafes near by!"" || [10.0/10] Ruben: ""Everything was very good, room clean, the staff is amazing."" || [10.0/10] Lara: ""The location is walkable to everything."" || [8.4/10] Mark: ""Ihad a fantastic stay at this property in Dalat."""
78974171,8.8,129,9.2,8.6,9.2,9.3,8.9,26,8,1,1,3,"[10.0/10] Christan: ""Caring staff that went over and above at every opportunity."" || [7.6/10] Nataly: ""Our room was spacious, clean, and very comfortable."" || [10.0/10] Markus: ""It is the perfect place to unwind and reconnect with nature."" || [9.2/10] Cerys: ""Great value for money, right on the lake."" || [9.6/10] Daria: ""The view is beautiful if you rent a lake-view room."" || [10.0/10] Erik: ""Good room and service"""
7692491,8.3,1261,8.4,8.1,8.6,8.9,8.5,523,229,83,83,84,"[8.8/10] Nora: ""We had a wonderful stay here, 2 nights that were lovely."" || [10.0/10] Euna: ""Thanks to super nice staff, we enjoyed time in Dalat"" || [10.0/10] Claire : ""We really enjoyed our stay at TTR moonstone apart hotel."" || [7.6/10] Kiet: ""Rooms are comfortable and staff services are helpful."" || [10.0/10] Joana: ""We had an amazing stay at TTR Moonstone Apart Hotel!"" || [10.0/10] Adrianna: ""The room also smells very good and is very clean."" || [10.0/10] Bùi Thu: ""The staff were friendly and the room was clean."" || [9.2/10] HENNY: ""Recommended it since it has a nice and comfortable room."" || [8.4/10] Anne: ""Upgraded to room 306- 2 double beds and a huge balcony!"" || [9.2/10] Brenda: ""Nice hotel, clean, comfortable beds and friendly staff."""
7125752,8.7,2242,9.0,8.4,8.7,9.1,8.9,1130,430,141,119,88,"[8.8/10] Freddy: ""Room although small is clean, comfy beds, clean toilet etc."" || [9.6/10] Hai: ""Neat room, nice decoration, soft bed, wooden flooring."" || [9.2/10] chi cuong: ""The space is quiet and spotless from the inside out."" || [10.0/10] PATSARIN: ""Staff really helpful and the room is clean and beautiful."" || [8.0/10] Aipia: ""Good Balcony view, tall ceilings, cozy and clean rooms."" || [9.6/10] Thông: ""Nice staff, clean room, good stuff inside."" || [10.0/10] Suhana: ""They let us checked in at 12 and upgraded our room."" || [9.2/10] Lisa: ""The bed was super comfortable with cotton bedding."" || [10.0/10] Pierre: ""Place is well run with good staff and fast laundry service."" || [8.8/10] Norm: ""Bed comfortable, shower amazing and internet worked fine."""
58905932,9.4,232,9.8,9.6,9.6,9.9,9.7,155,15,0,1,1,"[9.2/10] Matthew: ""Very clean and quiet and the bed is very comfortable."" || [10.0/10] gili: ""Gorgeous place, clean rooms, host is incredibly helpful."" || [9.6/10] Eidyl Khate: ""Also staff were very helpful."" || [10.0/10] Ardyansyah: ""The staff were exceptionally helpful and kind!"" || [10.0/10] Ma Ri: ""We are so glad we found this place to stay in Da Lat."" || [9.2/10] Anne: ""The stay is even more beautiful than on the pictures!"" || [10.0/10] Thao: ""Highly recommended homestay"" || [10.0/10] Hau Ting Shirley: ""Very nice place with beautiful garden and view"" || [9.6/10] LI: ""Just like it’s name, this home like a garden!"" || [10.0/10] Norfahtin Nadirah: ""Best homestay in Da Lat"""
64197808,9.0,3286,9.2,9.3,9.4,9.3,9.3,2107,210,60,65,120,"[10.0/10] Serge: ""Very nice accomodation, has everything that you need."" || [10.0/10] Sigrid: ""Very clean, very modern, great amenities in the apartment."" || [8.8/10] raymond: ""Best value for money accommodation we have had in Vietnam"" || [10.0/10] Joshua: ""This was the best location we could have ever asked for."" || [10.0/10] Marc: ""Xihn’s room was very clean and comfortable."" || [10.0/10] Mohit: ""Location is the best and the apartments are spacious"" || [7.2/10] Dai: ""The place and location are great, convenient, and beautiful."" || [10.0/10] Trinh: ""It made the whole stay feel smooth, private, and enjoyable."" || [10.0/10] B: ""I'll stay here again when I next visit Vung Tau."" || [10.0/10] Piers: ""My fourth stay here - probably the best value in Vung Tau."""
36643921,8.3,3894,8.5,8.5,8.8,8.4,8.6,1733,415,130,142,319,"[10.0/10] Khang: ""The Song Apartment is a great choice for your vacation."" || [10.0/10] Rohit: ""Cleanest of all 3 of the song apartments i tried out."" || [8.0/10] Nga: ""Fully equipped kitchen facilities, washing machine included."" || [8.8/10] Tram: ""The room is cozy and full of basic equiments for your stay."" || [10.0/10] Neil: ""We had a great stay and would happily have stayed longer."" || [8.0/10] Ngoc: ""Overal, it was great value for that price in Vung Tau."" || [9.2/10] Dimitri: ""Amazing place to live, you won't regret it!"" || [8.8/10] Phương: ""I had a wonderful stay at this homestay in Vung Tau."" || [7.6/10] Quang: ""Family of 4 chose this option and it was good for everyone."" || [7.2/10] Phuc: ""Other than that, it was a great stay!"""
86719729,7.3,239,7.1,6.9,7.8,7.1,7.3,51,10,1,7,32,"[10.0/10] Victor: ""Nice  clean room, quiet areas, friendly helpful staff."" || [8.0/10] William: ""Good comfortable rooms with Aircon and a fan provided."" || [10.0/10] Victor: ""The price-quality ratio is very good."" || [8.0/10] William: ""Pleasant staff"""
33941483,8.2,5784,8.4,8.4,8.8,8.4,8.5,2694,532,190,231,557,"[10.0/10] Gautam: ""The room was immaculate, spacious, and tastefully decorated."" || [10.0/10] Nguyen: ""Staff very friendly and the place is great all the time."" || [9.6/10] Desmond: ""Near beach and nice pool with a great view"" || [9.6/10] Thư: ""Also, there is a swimming pool and gym on the top."" || [9.2/10] Jenny: ""Values money for Family,  big room and clean, staff friendly"" || [9.2/10] Harry: ""So modern, great facilities, nice location, and so cheap."" || [7.6/10] dylan: ""The room was large, clean, and very reasonably priced."" || [10.0/10] David: ""Great feel, great facilities, great price"" || [8.0/10] Sa: ""But the facility was good and clean at a good price"" || [10.0/10] Fritz: ""Best place to stay for couple or family."""
44184739,8.7,2806,9.0,8.9,9.2,9.0,9.0,1488,291,77,93,128,"[10.0/10] Duy: ""Facility, location and view always meet my expectations."" || [9.2/10] Gocz: ""I think that this is a great value for your money."" || [10.0/10] Victor: ""Have the three bedroom, for 15-18 eur per night it's a gift."" || [10.0/10] Joshua: ""We thoroughly enjoyed our stay here at the Song Apartments."" || [10.0/10] Jose: ""Have rented several times and love the host and apartments"" || [10.0/10] Phuc: ""The room was clean, bright, and beautifully maintained."" || [10.0/10] jinho: ""Two thumbs up, nice view, enough rooms, good location."" || [10.0/10] Michelle: ""Very clean secure and local to many places."" || [10.0/10] Hoe Meng Hock: ""Location is near the beach as well as shopping mall."" || [8.8/10] Van: ""The staffs were amazing helpful and very friendly."""
35937927,8.5,3617,8.6,8.7,9.0,8.8,8.8,1907,353,106,133,276,"[10.0/10] Graham: ""My best accommodation so far travelling 4 months in SE Asia"" || [10.0/10] Michael: ""Near the beach, clean, safe and shops on the ground floor."" || [9.2/10] Kiet Vi: ""It is clean, comfortable, and well-maintained."" || [9.6/10] AREUM: ""Awesome! Super reasonable price with wonderful facility."" || [9.2/10] Родион: ""That's the best variant to spend more than a week."" || [10.0/10] Pierre: ""I'm a repeat visitor to Song Apartments"" || [10.0/10] Syon: ""I’d to make a reservation for it again"" || [8.8/10] Lukas: ""Comfortable apartment with a luxurious pool on the roof"" || [10.0/10] Nanyang: ""I had a great stay at this hotel booked through Agoda."" || [8.4/10] Roy: ""Beautiful rooftop swimming pool...👌👌👌"""
161729,8.8,10874,9.0,8.8,9.3,9.0,8.6,5884,1799,601,536,420,"[10.0/10] peter: ""Probably the best hotel I've stayed at inVietnsm"" || [10.0/10] Doo Soon: ""Very good location, great breakfast, kind and warm staffs…."" || [10.0/10] Sherry: ""A luxurious hotel and an attention to detail amazing staff."" || [10.0/10] Hanazawa: ""The room is beautiful with all the royal decors and colors."" || [10.0/10] Lại: ""Room is very clean and smell so good, space is luxirious."" || [9.2/10] thomas: ""Sandy beach, with comfortable hotel loungers and umbrellas."" || [10.0/10] Noemi: ""Also our view was awesome (7th floor, pool side)!"" || [10.0/10] Nguyen Nhu Quynh: ""This has been the best place to stay in Vung Tau so far!"" || [10.0/10] Aleksi: ""The room was excactly like it was described in advance."" || [10.0/10] kenichiro: ""Location and the sea side pool and beach were excellent"""
61648385,8.7,615,8.9,8.7,9.3,9.4,8.9,323,65,21,19,27,"[10.0/10] CATHERINE: ""Good hotel location to stay, right next to church!!"" || [10.0/10] Minh: ""If you want a boho beach stay in Vung Tau, this is the spot."" || [10.0/10] Khả Tú: ""The location is fantastic, parking is convenient."" || [10.0/10] Qatrunnada: ""The room facilities & cleanliness are perfect!"" || [9.2/10] Sedat: ""İ will not stay any other place at Vung Tau"" || [10.0/10] Eunice: ""It's also near almost everything you'd need to go to."" || [9.6/10] Ann: ""We had the VIP suite which was nice for the price."" || [8.4/10] Johnny: ""Overall, a nice stay and would book another room next time."" || [10.0/10] Keith: ""Nice clean room close everything needed"" || [7.6/10] Victor: ""Great staffs and location like a good hotel should be."""
33829122,9.1,2857,9.4,9.0,9.4,9.5,9.1,1870,302,74,77,90,"[10.0/10] Stefan: ""I think this was the best hotel I’ve been to in a while"" || [10.0/10] Glenn Phillip: ""It is very cozy indeed, and the bed was very comfortable!"" || [10.0/10] David: ""This place is super clean and provides great value."" || [10.0/10] isaac: ""Also having very good location and value for price."" || [10.0/10] Hanaffi: ""I always go back to Hotel D'Melin if I am visiting Vung Tau."" || [10.0/10] Thiên: ""The room was spacious, ensuring a comfortable night's sleep."" || [9.2/10] Ryan: ""The staff are absolutely amazing! Sooo friendly and helpful."" || [10.0/10] Nguyen: ""The hotel is beautifully designed, the rooms are very cozy."" || [9.6/10] Dun: ""Glad we made the right choice of picking the Hotel D'Melin."" || [9.6/10] Mena: ""The staff is amazing, breakfast is great, the room is nice."""
5436583,9.0,4380,9.4,9.1,9.0,9.4,9.0,1936,423,101,102,86,"[10.0/10] Amit: ""Very good breakfast spread and a beautiful infinity pool."" || [10.0/10] Jorrit: ""Excellent service, great breakfast, awesome swimming pool"" || [10.0/10] Adam: ""The infinity pool on top also has an awesome view."" || [10.0/10] Simone: ""I thoroughly enjoyed my stay and I would definitely go back."" || [10.0/10] Wa On: ""Perfect with free transportation and good services"" || [10.0/10] Hậu: ""What can I say? Everything about the hotel was exceptional!"" || [9.2/10] Mohd: ""The location is good and the staff is helpful & courteous."" || [10.0/10] Duyen: ""The breakfast buffet has many delicious and diverse dishes"" || [9.2/10] Vananh: ""Rooms are clean and staff are very friendly and attentive."" || [9.2/10] Viet Anh: ""Friendly and welcoming staffs with high quality service."""
48511716,9.1,528,9.6,9.3,9.2,9.4,9.5,154,30,4,4,4,"[10.0/10] Maisarah: ""Have no complaints and would 100% come back here next time!"" || [8.8/10] Chiamaka : ""I was really comfortable here and extended my stay."" || [9.2/10] Tommi: ""Clean, kind staff, good beds... Really nothing bad to say."" || [10.0/10] Alexandra: ""Staff was very friendly and the dorm rooms are veey clean"" || [10.0/10] Thi Thanh Thao: ""The receptionists and staff are very friendly and lovely."" || [10.0/10] Muhammad: ""Very clean room, great view, helpful staff."" || [9.2/10] rivlin: ""Nice quiet location and still close to everything."" || [10.0/10] ALEKOS: ""Beautiful building and very clean"" || [10.0/10] Simon: ""I enjoyed my stay at this hotel."" || [10.0/10] Patryk: ""Beautiful view, nice location and value for money."""
178195,8.7,2135,9.1,8.8,9.1,9.1,8.7,862,226,55,57,69,"[10.0/10] Stephen M: ""It might be the best place to stay on the beach in Vung Tau."" || [9.2/10] Kien Cuong: ""This is also one of the most elegant hotels in Vietnam."" || [9.2/10] Vianney: ""All in all, I would definitely recommend that hotel."" || [10.0/10] Quynh: ""Hotel has a private beach and extremely nice view of sunset."" || [9.2/10] Brad: ""Lovely room, very comfortable bed, balcony was fantastic."" || [8.8/10] Quoc Viet: ""Best choice when you look for accommodations in Vungtau."" || [8.0/10] Kien Cuong: ""I spent 2 nights at this my favourite hotel in Vung Tau."" || [10.0/10] mindy: ""It’s got its own private beach and shades everywhere."" || [10.0/10] Phan: ""Nice landscapes, had private pool and private beach."" || [10.0/10] Citra: ""The staff were very friendly and helpful,"""
87305373,8.7,217,9.4,8.9,8.8,9.0,8.4,57,15,2,10,4,"[10.0/10] Yen Seng: ""The rooms are big and airy and very clean."" || [8.8/10] Vuong: ""They are well trained and act professionally."""
52133786,8.8,2900,9.4,9.1,8.8,9.3,9.1,1573,333,67,81,77,"[10.0/10] Mario: ""Our room was modern, comfortable, and well maintained."" || [10.0/10] Minh: ""View was perfect and thermostat controlled AC worked great."" || [10.0/10] Cynthia: ""Room was on the sea view side and was not a disappointment."" || [9.2/10] Swee Bin: ""It’s a beautiful and value for money hotel with big room."" || [10.0/10] C: ""I would highly recommend staying at this brand new hotel."" || [10.0/10] Nguyen Hoang: ""The best thing is the staffs are so friendly and helpful."" || [9.6/10] Ves Mark: ""The facilities are excellent, clean, and well maintained."" || [10.0/10] Sontong: ""We stayed at Oyster Bay for 2 weeks and loved every day."" || [9.6/10] Vaj: ""The location is perfect, just a short walk to the beach."" || [10.0/10] woratat: ""The location is great, and Seaview room is fantastic."""
73004500,9.1,547,9.5,9.1,9.4,9.7,9.5,344,53,15,5,8,"[10.0/10] Piers: ""Convenient for Lotte Mart and other shops and restaurants."" || [10.0/10] Piers: ""The rooms are sparkling clean, comfortable, bright and airy."" || [9.6/10] Patrick: ""I will never book another hotel in Vung Tau again."" || [10.0/10] Inon: ""Room is good and clean and have what most guests need"" || [10.0/10] Robin: ""The location is perfect and right next to the Lotte."" || [9.6/10] Anh: ""The staff were very responsive and kind."" || [8.8/10] Martin: ""The lady at the reception was very helpful and friendly."" || [10.0/10] Piers: ""Very convenient for the mall and walkable to the beach."" || [9.6/10] Konstantin: ""It's mostly the best for the money one can get."" || [10.0/10] Piers: ""Bright, comfortable and sparkling clean room."""
22642078,8.8,6967,9.2,9.0,9.3,9.1,8.8,3791,802,185,182,283,"[10.0/10] Thu: ""I think every room has ocean view so it’s very convenient."" || [9.2/10] Alex: ""The room was spacious, clean, and had a great bathroom."" || [10.0/10] Kelley: ""Facilities are amazing id personally give this as 5 star."" || [10.0/10] WAN JAE: ""I am satisfied with all facilities, food and service."" || [8.0/10] edward: ""Would go back to same hotel again if visit in VungTau"" || [9.6/10] HUI: ""The room is big enough, comfort and with stunning sea view."" || [10.0/10] Linh: ""My family always choose this hotel for holiday in Vung Tau."" || [10.0/10] Nhã: ""Btw, the breakfast was so diverse and delicious."" || [10.0/10] nhung: ""Best services,  beautiful views and  nice  swimming pool."" || [10.0/10] fotini: ""Terrific hotel w very attentive staff at foh and kitchen."""
64639976,8.7,17,8.0,8.0,8.0,8.0,8.0,0,1,0,0,0,
11534281,9.0,5345,9.3,9.2,9.3,9.3,9.0,2683,606,153,146,94,"[10.0/10] Paul: ""Also great facilities including spa, pool, buffet breakfast"" || [8.8/10] Angela: ""Staff were very helpful and bedroom was clean and spacious."" || [10.0/10] Grant: ""Sitting by the pool with a drink watching the ships go by"" || [9.2/10] Thien-Anh: ""Everyone was attentive, competent, and lovely to boost."" || [10.0/10] LE: ""Everything is clean, staffs are nice, food is amazing."" || [10.0/10] Cherry: ""Everything is great especially the view, food and amenities."" || [10.0/10] Joaquin: ""Excellent facilities, beautiful views, and thoughtful staff."" || [10.0/10] Huy: ""I really enjoyed my stay and will return if I’m in the area."" || [9.6/10] Janice: ""The top floor pool and bar had a beautiful view of the sea."" || [8.8/10] Tv: ""Great hotel in a good location of front beach of Vung Tau"""
412707,8.2,2795,8.4,8.1,8.5,8.6,8.2,1028,556,224,271,175,"[10.0/10] david: ""Best hotel I've stayed at during my 3 weeks stay in Vietnam."" || [10.0/10] william: ""Very nice staff and good selection for breakfast."" || [9.6/10] Anh: ""I will stay at Muong Thanh again when I come back Vung Tau"" || [9.6/10] UZOR: ""The facilities were great, the location is excellent 👍"" || [8.8/10] Kien: ""Very good location close to the beach and other attractions."" || [10.0/10] Khuan: ""The room itself was spacious, clean, and well-appointed."" || [9.6/10] Lim: ""Good location near the city center and the beach."" || [8.8/10] Bhisham: ""The location was good ,the rooms were good too, i liked it"" || [9.6/10] Dev: ""Rooms are usually bigger, clean and provide all amenities."" || [10.0/10] Angela: ""We had the view of the seaside as well as the mountains."""
11024791,8.9,4362,9.2,8.9,9.4,9.1,8.8,2437,612,168,149,141,"[10.0/10] Linh: ""Excellent location, comfortable room & welcoming staffs."" || [9.6/10] Trung Anh: ""The room is amazing, very clean and cozy in youthful vibe."" || [9.6/10] charlie: ""Ibis Vung Tau was one of the best all around hotels."" || [9.2/10] Keith: ""Couldn't find fault in the facility, nor the staff."" || [10.0/10] Nguyet: ""I enjoy my stay at IbIs Styles - convenient and clean room."" || [10.0/10] Vivian: ""Nice sea view room, infinity pool is so spectacular clean."" || [8.0/10] Heng: ""Hotel located along beach where all activities are beside."" || [9.6/10] Trang: ""The pool is quite cold but spacious and clean, I love it."" || [10.0/10] Michael: ""Had a very smooth check in with the concierge named Nam."" || [10.0/10] Carl: ""Really nice hotel, staff are friendly and very helpfull"""
5262146,8.6,238,8.7,8.3,9.1,9.0,8.9,123,38,10,14,12,"[10.0/10] Rajee: ""The accommodation exceeded my expectations given the price."" || [10.0/10] Christine: ""Nice people, clean rooms, great service."" || [10.0/10] ALEKOS: ""Very good hostel with friendly owners and feels like home"" || [9.6/10] itus: ""The environment is very clean and quiet at night."" || [10.0/10] Chia: ""Worth the stay and value for money!!!!"" || [10.0/10] ALEKOS: ""I booked 2 nights first and I end up staying for one month"" || [10.0/10] Ken: ""Perfect for cheapskates who prefer everything to work."" || [9.6/10] Sebastien: ""Everything you need is one foot next to you"" || [8.0/10] davut: ""I like this place good value for money"" || [10.0/10] ALEKOS: ""I loved using the kitchen every day"""
7394456,8.7,4837,8.9,8.6,9.0,9.2,8.8,2315,748,230,233,186,"[10.0/10] Ha: ""I highly recommend Annata for your vacation in Vung Tau."" || [8.8/10] NGUYEN: ""Ocean view from the room was beautiful and impressive."" || [10.0/10] Eric: ""Maids to security all were friendly and accommodating"" || [9.6/10] TIN: ""We enjoyed the stay at Annata Beach Hotel very much."" || [9.6/10] Alan: ""This hotel was very comfortable with friendly staff."" || [10.0/10] Miguel: ""It's a 3 star hotel but the Ocean Suite was amazing."" || [10.0/10] Trinh : ""Great service, beautiful views, highly recommended!"" || [10.0/10] Nguyen: ""I liked it there, great location, nice rooms and nice staff."" || [9.6/10] Trung: ""The ocean view room is so huge, king size bed with bathtub."" || [10.0/10] Carlson: ""Will looking forward to check in to Annata Hotel in future"""
39913715,8.5,2092,8.5,8.7,9.1,8.7,8.8,1019,193,49,94,157,"[9.2/10] Tam: ""The studio is clean and equipped with useful facilities."" || [9.6/10] Ken: ""I am satisfied with all the services provided at The Song."" || [10.0/10] Lisa: ""Nice tidy clean apartment with beautiful ocean view"" || [10.0/10] seokhyun: ""Wonderful place, good accommodation,  nice e experience"" || [10.0/10] Lê: ""There are many facilities: swimming pool for children."" || [7.6/10] Giao: ""Suitable for family who need a home on vacation."" || [7.6/10] Lesley: ""The staff were nice and dealt with everything immediately."" || [10.0/10] Hoang: ""Great facilities, great location, great service"" || [8.4/10] Thiên: ""Definitely worth the money to stay here."" || [7.6/10] Ken: ""This place is great for family and group hang out."""
6944885,8.9,3204,9.4,9.1,8.8,9.3,9.0,1782,444,136,90,89,"[7.6/10] Tim: ""We stayed one night over the weekend and will visit again."" || [9.2/10] shiozawa: ""The hotel was very clean and the staff were very friendly."" || [9.2/10] Tracey: ""Rooms were very clean and beds were super comfortable."" || [9.2/10] Thuy: ""Nice swimming pools, nice staffs, beautiful resort!"" || [10.0/10] NGUYEN DIEM HUONG: ""It has everything you need for a holiday."" || [8.8/10] Thang: ""The Ocean Bay restaurant are great and staff are friendly ."" || [8.8/10] Thi Le Van: ""Love the sea water pool and stunning ocean view."" || [10.0/10] DO: ""The room is great, beautiful pool, qualified facilities."" || [8.8/10] thanh: ""Very nice view of sea and sunset, environment very good"" || [9.6/10] Nguyen: ""This is an amazing resort to stay and enjoy."""
1122450,8.6,3259,9.1,8.6,8.6,8.8,8.5,1308,509,178,156,131,"[10.0/10] Xu: ""Free upgrade to a bigger room and the room was amazing."" || [10.0/10] Nhi: ""Nice room ,clean and thank for your set up my honeymoon."" || [10.0/10] Tae (David): ""Room is wonderful & clean w/spacious, modern bathroom."" || [10.0/10] Tang: ""Nice views and clean rooms are part of the package."" || [10.0/10] Tim: ""Would definitely recommend and will go back again"" || [9.6/10] Erik: ""The buffet breakfast spread is really international level…"" || [10.0/10] marilyn: ""Will stay more days in here to enjoy everything…"" || [9.6/10] dolly: ""Comfortable lobby, huge room and wonderful view."" || [9.6/10] Zhun: ""The room was spacious and was as depicted in the photos."" || [9.6/10] Nguyen: ""Location is great and nearby with many good restaurant."""
32006799,8.0,937,8.1,7.7,8.2,8.6,8.1,332,152,49,75,96,"[10.0/10] Piers: ""Great place, great location near the beach, great staff"" || [9.6/10] Darian: ""But the property itself is 10/10."" || [8.4/10] Lương Hữu: ""The staff was extremely friendly and accommodating."" || [10.0/10] Piers: ""The staff are friendly and helpful."" || [8.0/10] Thin: ""We had a great stay at this hotel."" || [8.4/10] Brett: ""Good price for the room."" || [10.0/10] Huy: ""Nice place, nice staff."" || [8.8/10] Calvin: ""Great hotel."" || [10.0/10] About Freedom Show: ""I like this place and location"" || [7.6/10] Russell: ""Good value"""
230334,7.2,990,7.0,6.9,7.9,7.3,7.0,196,174,107,176,188,"[8.0/10] Ramon Angelo: ""The staff are friendly and accommodating."" || [8.0/10] Julie: ""The bed was comfortable, and I slept well."" || [9.2/10] Tam: ""Nice clean quiet large hotel"" || [10.0/10] Benjamin: ""Room clean and spacious."" || [9.2/10] Tam: ""Nice clean large hotel"" || [8.4/10] David: ""Hotel is well positioned near the beach."" || [8.0/10] Sahadat: ""Good location, nice hotel."" || [9.6/10] Tam: ""Nice clean breezy"" || [8.0/10] Kai: ""Staff very nice."""
63295375,6.1,378,4.1,4.2,5.2,4.3,4.1,18,7,2,15,116,"[10.0/10] Ẩn danh: ""“The interior design of the room is elegant and welcoming.”"" || [10.0/10] TS: ""There also kitchen for you to cook"" || [8.4/10] Mark Louis: ""The room is clean and comfortable"""
89090330,6.8,10,7.0,6.0,7.5,7.4,7.3,3,1,0,1,2,
87013541,7.4,80,7.6,7.3,8.0,7.3,7.6,30,6,1,3,16,"[10.0/10] hy: ""Location food street alll great thank you"" || [10.0/10] Xuliusheng: ""High cost performance"" || [10.0/10] hy: ""Love it , here"" || [10.0/10] hy: ""Great place"""
73212695,8.8,277,8.9,8.7,9.2,9.4,9.0,93,12,3,9,10,"[10.0/10] RICARDO: ""Very clean and super affordable"" || [8.4/10] Vu: ""It is good, clean and worth the price"" || [10.0/10] Nam: ""Clean and friendly"" || [10.0/10] ANH: ""Very good service."" || [10.0/10] Thi Thuy Duong: ""Good service"""
59301526,9.0,403,9.6,9.3,9.3,9.4,9.4,245,30,9,7,6,"[10.0/10] Nguyen Dan Khanh: ""The property is clean, modern, and very well maintained."" || [10.0/10] Phil: ""Wonderful new place un a great location…friendly staff"" || [8.4/10] Ron: ""This hotel was very nice and exceeded expectations."" || [10.0/10] Ronald: ""Amazing hotel, beautiful hotel and very clean."" || [8.0/10] TOH: ""Good customer service and clean & nice hotel"" || [9.6/10] Minh: ""The hotel is very clean and new with all necessities."" || [10.0/10] Nicolás: ""We had a great stay in Stella Hotel."" || [10.0/10] Hieu: ""Host and staff helpful, polite and friendly."" || [9.6/10] Ron: ""The rooms were clean and the breakfast was quite good."" || [10.0/10] Xuan Tam: ""Very convenient area, staff is friendly and helpful."""
6363024,9.0,5178,9.5,9.3,8.9,9.4,9.1,2391,492,139,96,81,"[10.0/10] Thao: ""The pool and private beach were clean and not too crowded."" || [9.6/10] Priscilla: ""Breakfast buffet was excellent with its wide variety."" || [10.0/10] Musa: ""I also used their SPA and it was out of this world^^"" || [9.2/10] Stella: ""The Level-1 Bedroom Private Pool Villa was worth the splurge"" || [7.6/10] RICHARD: ""Fantastic amenities and beach setting, genuinely luxurious."" || [9.6/10] Ho: ""Very good experience staying at Melia Ho Tram Beach Resort."" || [10.0/10] Carolyn: ""That was the deciding factor to book the hotel."" || [10.0/10] Yungvi: ""Highly recommended to do the all inclusive, so worths it!"" || [10.0/10] Bill: ""Sensational well run resort and hotel from top to bottom!"" || [9.2/10] Ang Boon Seng Lu the Kiet: ""The room is spacious with all necessary toilet amenities."""
444262,7.5,601,7.3,7.1,8.2,7.8,7.4,173,77,33,69,98,"[8.8/10] Phuong Thao: ""And the location was perfect for exploring the city."" || [9.2/10] Ngọc Liên: ""Highly recommend for anyone needs a place for staying"" || [10.0/10] Doan: ""This hotel is closed to the beach, just 5 munites away."" || [8.0/10] Nguyen: ""But overall, I'm satisfied—good value for the cost."" || [9.6/10] Elena: ""I can recommend this hotel for a stay."" || [8.0/10] Sarah: ""The staff was exceptionally friendly."" || [9.2/10] Jonathan: ""Excellent."" || [8.4/10] Lidmyla: ""Room very nice and clear"" || [7.2/10] nguyen: ""Fair price and adequate room."" || [10.0/10] Koray: ""Centrally located"""
1370955,8.2,2052,8.3,8.0,8.6,8.6,8.4,826,338,146,154,157,"[10.0/10] Paul: ""In the last few weeks have stayed here 4 times"" || [8.8/10] Adel: ""My room was upgraded with windows facing the mountain."" || [10.0/10] Kevin: ""Fantastic staff, who were always happy and helpful."" || [8.8/10] GREGORY: ""Recommend and I have booked extra nights"" || [10.0/10] Piers: ""Good bathroom and shower with lots of hot water."" || [9.2/10] Thùy: ""Affordable and the staff are friendly"" || [9.2/10] Long: ""Best room rate with great location and new facilities!"" || [8.8/10] Nhi: ""5 minute walk from the beach, staff are nice."" || [9.6/10] Rohit: ""Excellent hotel near sea front."" || [7.2/10] JOHN: ""Great quality for a low price."""
22732839,8.8,2400,9.2,8.9,9.2,9.3,9.1,846,175,40,53,52,"[10.0/10] ian: ""Great staff with good clean rooms and comfortable beds 👍"" || [10.0/10] Jinyoung: ""I was really satisfied with everything about here!"" || [10.0/10] TIM: ""The rooms are cute and the shower works well."" || [9.2/10] Larry: ""Rooms are clean and large enough to not feel cramped."" || [10.0/10] You: ""It is very spacious and the household items are new."" || [10.0/10] Minh: ""Nice staffs, clean room, reasonable price, good location"" || [9.6/10] Margaret: ""The room was clean and the staff helpful."" || [8.0/10] Harvey: ""Beds are comfortable and air conditioning worked well."" || [9.6/10] Tarek: ""The staff helped us a lot with many things."" || [10.0/10] Belinda: ""Perfect location for where I wanted to be."""
90940010,8.2,37,8.4,7.9,8.6,8.9,8.4,19,2,0,1,5,
1196123,9.0,7575,9.4,9.1,9.1,9.3,9.1,4478,1279,306,220,135,"[10.0/10] mohamed: ""I would recommend this hotel and definitely coming back."" || [10.0/10] Ron: ""Nice room, good location, good breakfast, friendly staff."" || [9.2/10] Ivan: ""Great facilities including massage, steam room and Sauna"" || [9.2/10] James: ""Great breakfast, staff and the Roasting Bean next door"" || [10.0/10] Dale: ""A great hotel with everything you could possibly want."" || [10.0/10] Nguyễn: ""The spacious and fancy room was a delight to stay in,"" || [10.0/10] An: ""Thank you again for always making my stay memorable."" || [10.0/10] Nga: ""The room was clean, comfortable, and well-equipped."" || [8.8/10] Stephen: ""Thank you for giving me every reasons to book at The Malibu."" || [10.0/10] Nguyen: ""Location, design, equipment, breakfast, staff are all good."""
79142852,8.5,281,8.9,8.7,9.3,9.4,9.0,136,25,4,6,13,"[10.0/10] Xuliusheng: ""I always choose to stay here when I'm on business trips."" || [8.8/10] Xuliusheng: ""The landlady is very polite, warm, and cheerful."" || [8.8/10] Tấn Khang: ""2 minute ride from the beach"" || [9.2/10] YAN: ""Totally worth it!"" || [8.0/10] Alexander: ""Rooms are clean, location is good,"" || [10.0/10] Thuy: ""Good price"""
6886976,8.8,1958,9.1,8.7,9.3,9.0,8.8,1068,316,94,83,65,"[9.2/10] Dhira: ""Great local breakfast, amazing view (4 people room)"" || [9.6/10] Pradeep: ""Must visit hotel... Amazing staff and very good service..."" || [9.6/10] Tahir Nadim: ""All was good - room, facilities, location, breakfast."" || [10.0/10] Jon: ""The breakfast, was mostly Asian food, but very, very good."" || [10.0/10] Hai: ""High price but luxurious and worth the money"" || [10.0/10] Tran: ""Room was clean, staff was very friendly and helpful."" || [10.0/10] Huong: ""Lovely room, spacious and beautiful view,"" || [10.0/10] Paul: ""Restaurant on site and several restaurants nearby."" || [10.0/10] Myo: ""We highly recommend to stay this hotel."" || [7.6/10] Hock Chuan: ""Clean and Cổmfortable with many eateries around."""
33855179,8.2,212,8.1,7.7,8.9,8.5,8.4,69,22,14,11,18,"[9.6/10] Wangchuk: ""Nice homestay with friendly staff."" || [9.6/10] Wangchuk: ""Very basic room for a very good price."" || [8.8/10] Tran Quynh Chi: ""Good place to stay with your friends!"" || [10.0/10] Trọng Khương: ""Good service with reasonable price."" || [8.4/10] Peter: ""Staff are fantastic"" || [10.0/10] Theofanis: ""Location very convinient"" || [7.6/10] Le: ""Nice place"""
37189836,8.9,1388,9.5,9.1,8.8,9.2,9.1,625,139,34,37,28,"[8.0/10] Hang Jun: ""Very kind people and excellent services with new facilities."" || [10.0/10] Rahn: ""Great service & accommodation with private jacuzzi."" || [10.0/10] Phat G.: ""Angsana Resort delivered an exceptional, luxurious escape."" || [10.0/10] Enrico: ""The daily breakfast has a good selection of quality food."" || [9.6/10] Tan Minh: ""The overall ambiance was peaceful and relaxing."" || [10.0/10] Hyok: ""The villa was relatively new, spacious and very clean."" || [10.0/10] Vu: ""Nice room, very friendly staff, high quality services"" || [8.0/10] Phuong: ""We totally love to return to this beautiful resort!"" || [9.6/10] Joanne: ""Perfect for families who wants to relax and enjoy the beach"" || [10.0/10] Young Hun: ""All benefits, view and hotel staff was excellent"""
39665334,9.0,2920,9.4,9.2,8.9,9.5,9.1,1627,353,89,63,56,"[10.0/10] TkhiKhoanhZunh: ""Spacious rooms, excellent staff, very friendly and helpful."" || [9.6/10] simon: ""Stayed here for 5 nights after a hectic 14 days sightseeing"" || [9.6/10] Nguyen: ""From my room I can see the whole garden and the ocean."" || [8.8/10] Mike: ""Stayed here for 4 nights and was a great experience."" || [8.8/10] Linh: ""Really nice resort, good food, kind and professional staff."" || [8.8/10] MR: ""Fantastic Hotel and Staff, Clean comfortable and welcoming."" || [10.0/10] Clifford: ""We chose a one bedroom suite with sea view on a high floor."" || [10.0/10] William: ""Long stay got me an upgraded room and discounts."" || [10.0/10] Chau: ""Will definitely come back and spread a word for them :)"" || [10.0/10] Thu: ""We were happy to stay in Ixora hotel in our holidays. 😍"""
37854636,8.4,715,8.1,7.9,8.8,8.9,8.2,155,46,20,21,35,"[8.8/10] Vijay: ""Good location, excellent staff, very friendly and helpful"" || [9.6/10] Paul: ""Clean comfortable rooms at a good price."" || [10.0/10] Wangchuk: ""Good accomodation at a nice place."" || [10.0/10] Paul: ""Helpful, friendly staff."" || [8.4/10] matt: ""Near beach and walking distance to lots"" || [10.0/10] Ivan: ""Great place to stay"" || [7.6/10] Anthony: ""Nice clean reception and great staff"" || [9.2/10] Paing: ""Great place for budget option"" || [10.0/10] Thanh Phuong: ""Nice place & good services"""
255143,8.5,2718,8.5,8.2,9.0,8.7,8.5,1106,630,252,225,105,"[8.4/10] Phuc: ""The staff were friendly and very accommodating."" || [10.0/10] Elizabeth: ""The rooms are spacious with a great view of the beach."" || [8.8/10] Lee: ""Great location, great breakfast and amazing reception staff."" || [7.6/10] Yeo: ""From hotel just walk across the road to the beach front."" || [9.2/10] Chainarong: ""In front the sea, room with seaview is very valuable,"" || [10.0/10] Elizabeth: ""The included breakfast selection is great as well."" || [8.8/10] Thủy: ""The room is clean and has a small balcony to see the sea."" || [10.0/10] Sang: ""Overall, a fantastic experience that we highly recommend."" || [10.0/10] Gene: ""This hotel is rated 5 stars in every category."" || [9.2/10] Angela: ""We had a room with a seaside view which was beautiful."""
32179308,8.2,800,8.2,7.7,8.8,8.5,8.4,179,83,36,38,37,"[10.0/10] Piers: ""The room was very spacious, with a desk and two chairs."" || [9.2/10] Paul: ""For the cheap price I had a nice clean balcony room."" || [9.2/10] Noémie: ""The bathroom was very clean and it was nice to have a bath."" || [10.0/10] Eric: ""Perfect location, a step away from the beach."" || [10.0/10] James: ""For a quiet getaway I highly recommend this place."" || [8.0/10] paul: ""Have always enjoyed friendly service and great Location."" || [7.6/10] DAVID: ""Location is near the beach , ferry and shops and bars."" || [10.0/10] Fyodor: ""Very clean and helpful and friendly staff."" || [10.0/10] Adrian: ""Hotel is well located near to the sea."" || [10.0/10] Piers: ""Great place - large comfortable rooms."""
31717323,8.9,3461,9.4,9.0,9.3,9.1,9.2,1949,411,115,98,77,"[8.0/10] Tony: ""I can only recommend this place if you go to say in Vung tau"" || [9.6/10] Diana: ""Clean and spacious room, friendly staff and good location."" || [8.4/10] Chuong: ""New and well designed hotel in a very central location"" || [10.0/10] howard: ""Great costomer service, extreamly clean, comfortable."" || [10.0/10] Chinh: ""Room is clean, beautiful, and comfortable."" || [10.0/10] KHANG: ""So familiar & cozy, comfortable just like your home."" || [8.0/10] Scott: ""Within walking distance of front beach and many restaurants."" || [9.2/10] Du: ""The room is clean and fresh, with soft pillow and comfy bed"" || [9.2/10] Wilson: ""The rooms are nicely decorated, spacious and has a balcony."" || [10.0/10] Celin: ""Room is big, value for money, near eateries and easy access"""
280768,7.9,1366,7.7,7.4,8.7,8.2,7.8,398,243,130,165,154,"[10.0/10] Bao: ""The room was extra spacious for the well affordable price."" || [9.6/10] Emma: ""Most of all, we were near the beach and the amenities."" || [10.0/10] Ramogohlo Provia: ""Our room had a great view of the beach 🏖️"" || [10.0/10] alexander: ""The staff at check in was friendly and efficient."" || [8.4/10] Thi Lan Anh: ""I usually book this hotel when I come to Vũng Tàu"" || [7.6/10] YA-Ren: ""You can have very good ocean view."" || [10.0/10] Clark: ""Best hotel with affordable price"" || [8.8/10] MICHAEL: ""This place is in a very good location as expected."" || [8.0/10] Johannes: ""Hotel is very good and location is good"" || [8.8/10] Michael: ""Great hotel with a good view of front beach"""
25773171,9.1,4066,9.6,9.5,9.0,9.5,9.2,2054,371,96,49,41,"[9.6/10] Cuong: ""An exceptional facility with friendly staffs and services."" || [10.0/10] Joo hyun: ""Clean and comfy room, nice breakfast and excellent pools!"" || [9.2/10] Michael: ""It’s a 5 star resort so you would expect 10/10 service."" || [10.0/10] Nicole: ""Rooms are clean, comfortable and have beautiful views."" || [9.6/10] Peter: ""The scale, facilities and services were top notch."" || [8.8/10] Ashwin: ""If we visit Vietnam again we certainly will stay here again."" || [10.0/10] nhu anh: ""Great service and comfortable location, full of facilities."" || [10.0/10] Nicola: ""Many pools to cool off in and food was excellent."" || [9.2/10] lai: ""Ho tram grand is one the best resorts in Vietnam."" || [10.0/10] Giang: ""We have been coming here quite often, it’s our ideal place."""
11016,8.1,1664,8.2,7.8,8.5,8.5,8.2,509,300,130,141,118,"[9.6/10] EN GIR: ""Would come here again as it's really good value for money."" || [10.0/10] Valerie: ""The breakfast is excellent, western and Vietnamese choices."" || [10.0/10] Thi Loc Ha: ""The rooms are clean, well-maintained, and cozy."" || [8.4/10] Van: ""But we like hotel so loved to block A is highly recommended."" || [10.0/10] cheng: ""This is my best choice hotel when visit ving tau"" || [9.6/10] Alan: ""Good location, great staff, excellent hotel , good price."" || [9.6/10] Jake: ""Very professional, helpful and friendly reception staff."" || [10.0/10] Jeremy: ""For its range and quality it was an amazing experience."" || [10.0/10] Lynette: ""The staff were exceptional especially Ms Lan."" || [8.8/10] Linh: ""Good location short walkable to beach, food and coffee."""
52733341,9.2,3605,9.5,9.3,9.8,9.7,9.4,1680,250,47,27,14,"[10.0/10] Kim: ""What really set this hotel apart, though, was the service."" || [8.8/10] April: ""I also appreciated the friendly and welcoming staff."" || [10.0/10] Gerson: ""It has a great location and at the same time it is quiet."" || [10.0/10] ONG: ""Breakfast was delicious with a good variety of choices."" || [10.0/10] Harmanjeet: ""I will definitely stay here again during my next visit."" || [10.0/10] Michelle: ""I will stay here again because the location is perfect."" || [10.0/10] Sarah: ""Our room was clean, comfortable, and nicely decorated."" || [10.0/10] PHAM: ""I stayed there 2 nights and the service is excellent."" || [10.0/10] Alexandra: ""Overall, a very positive stay at this charming hotel."" || [10.0/10] Lisa: ""We chose a room without windows and it was wonderful."""
90025419,9.7,105,10.0,9.9,9.2,10.0,10.0,48,1,0,0,0,"[10.0/10] Hien: ""Overall, it was a truly memorable stay in Hoi An."" || [10.0/10] Tram: ""The rooms are clean, modern, and everything feels brand new."" || [10.0/10] Daniel: ""We enjoyed so much that we stayed extra 2 nights."" || [10.0/10] inday: ""Thank you Hoi An Moon for making our stay a memorable one."" || [10.0/10] Chris: ""We really enjoyed our stay here, everything was perfect."" || [10.0/10] Bogdan: ""Our stay at Hoi An Moon Hotel was simply exceptional."" || [10.0/10] Jonny: ""Great hotel, great hospitality, and excellent value."" || [10.0/10] JENET: ""Im looking forward to stay again in these nice hotel."" || [10.0/10] Blair: ""Location very good can walk in the old town 👌"" || [10.0/10] Justin: ""The pool is a great size and private from the roadside."""
44777877,9.7,5811,9.9,9.8,9.5,9.9,9.8,4993,227,47,33,12,"[10.0/10] Sivan: ""We loved our stay here and amazing hospitality by everyone"" || [10.0/10] Kyung: ""Great stay will be back especially because of the service."" || [10.0/10] cherry: ""I’ve never experienced such warmth and care anywhere else."" || [9.6/10] James: ""All the staff is at this hotel we were extremely friendly."" || [10.0/10] Thi My: ""This was a beautiful hotel with elegance yet homey vibe."" || [10.0/10] Carley: ""If I ever come back, I will definitely stay here again."" || [10.0/10] Mohammed: ""The room was very spacious and clean and arranged well."" || [10.0/10] phoebe: ""Everyone went above and beyond to make my stay special"" || [10.0/10] Kerri-Leigh: ""Grand Sunrise, you will be number 1 hotel very soon."" || [10.0/10] Shanna: ""Everything was perfect, the rooms, the staff, the breakfast."""
2090182,9.2,7684,9.6,9.6,9.0,9.8,9.5,3290,445,86,47,34,"[9.6/10] Amber: ""The rooms were spacious with a large balcony and bathroom."" || [10.0/10] KIM YAN: ""The swimming pool and massage were also memorably amazing."" || [10.0/10] BYUNGWOOK: ""Above all, Hang made my stay truly unforgettable."" || [10.0/10] Priyesh: ""This was far more than just a hotel—it was a true retreat."" || [9.6/10] Patrick: ""The staff are terrific - the level of service is perfect."" || [10.0/10] Grant: ""Chloe and the Front Desk is phenomenal, Honmg in FB too."" || [10.0/10] Benjamin: ""This is one of the best hotels I have ever stayed at."" || [10.0/10] Luu: ""Thankyou for your service. I love this resort so much"" || [10.0/10] Lino: ""This hotel has everything you dreamed of and more."" || [9.6/10] Mayuko: ""Thank you to the entire team for making our stay so special."""
91933144,9.2,32,9.3,9.0,9.4,9.5,9.3,18,2,1,2,0,"[10.0/10] Vien: ""I would happily stay here again on my next visit to Hoi An."" || [10.0/10] Mai: ""Lovely hotel with a beautiful and unique design."" || [10.0/10] Tường Nhi: ""The staff were friendly and helpful throughout our stay."" || [10.0/10] Beatrice: ""What impressed me most about my stay was the staff."" || [10.0/10] John: ""Definitely stay here agin when in Hoi An."" || [9.6/10] Alicia: ""The breakfast is delicious and has great variety."" || [10.0/10] Julian: ""I would highly recommend this hotel."" || [10.0/10] Petter: ""The location was perfect for exploring Hoi An."" || [10.0/10] John: ""Facilities are are clean and well maintained."" || [10.0/10] Sophie: ""We really enjoyed our stay at Faifo Boutique."""
79118577,9.2,1134,8.6,8.6,9.4,9.0,9.0,122,21,4,5,5,"[10.0/10] Edouard: ""Great place, great staff, great amenities, great Dolphins."" || [10.0/10] Marlene: ""Everything was clean and the staff was super helpful."" || [10.0/10] eliana raquel: ""You get a towel, card key and padlock when you arrive."" || [9.2/10] William: ""Facilities were very modern, and the beds were comfortable."" || [10.0/10] Mary: ""I love that this place is well-maintained and clean."" || [9.6/10] Adrian: ""I would definitely recommend it and would stay here again."" || [10.0/10] Stefany: ""Also it's not noisy so you can sleep very well 👍👍👍👍."" || [10.0/10] Alex: ""Definitely the best place to stay in Hoi An."" || [10.0/10] Peter: ""The staff have very positive and helpful attitude."" || [9.6/10] Emeline: ""The staff is incredibly nice and caring."""
568331,8.8,1840,8.7,8.5,9.2,9.3,9.0,551,149,55,35,48,"[10.0/10] Eda: ""The reception upon arrival was very personal and friendly."" || [10.0/10] Kerry: ""The whole place looks like you're in a fantasy garden."" || [10.0/10] Dani: ""All of the staff recommendations made my stay extra special."" || [10.0/10] Daisy: ""Very helpful service, beautiful rooms and a magical setting!"" || [8.4/10] Sophia: ""+ good service for motorbikes, bike, transport and laundry"" || [10.0/10] Aileen: ""Next time I'm in Vietnam I will be 100% back here again!"" || [10.0/10] Elisa: ""The location is perfect, almost on the beach."" || [10.0/10] Olatz: ""I would recommed Under the coconut tree million times."" || [9.6/10] Ulf: ""Lovely place close to the beach and very lovely area."" || [10.0/10] Alessia: ""We spend an amazing time in Under the Coconut Tree."""
74626874,8.6,368,8.4,8.5,9.4,9.0,8.6,38,15,2,1,6,"[10.0/10] Nur: ""My first hostel experience and it was absolutely amazing!"" || [8.4/10] Richard: ""I really appreciated how proactive they were."" || [8.8/10] Asma: ""Great location close to old town"" || [9.2/10] PRIYANKA: ""10 min walk in distance to hoi an night market."" || [10.0/10] Maria: ""Great location too!"" || [8.8/10] Ellie: ""Great location"" || [10.0/10] Ruben: ""100% recommended."" || [10.0/10] Snehashish Mitra: ""Great living expereince"" || [10.0/10] Manish: ""Amazing place"" || [9.6/10] Louise: ""Great social hostel"""
1070265,9.1,861,9.5,9.4,9.1,9.4,9.3,222,34,4,4,9,"[10.0/10] phyllis: ""Big pool that was great to escape the afternoon heat."" || [9.6/10] Laura: ""Shuttle bus is handy for getting to Old Town and the beach"" || [9.6/10] Pranay: ""The room size was spacious, ensuring a comfortable sleep."" || [10.0/10] Alexandra: ""We didn’t want to leave, it’s a little slice of heaven!"" || [10.0/10] Brian: ""Most importantly, the room is clean and comfortable."" || [10.0/10] Nguyen: ""Love the rooms and the surrounding gardens and swimming pool"" || [10.0/10] Kiong: ""We had the best stay and left with such wonderful memories."" || [10.0/10] Emily: ""We were amazed by the atmosphere at the moment we arrived."" || [9.2/10] hoyoung: ""The scenery throughout the resort was absolutely stunning."" || [10.0/10] Yatharth: ""The rooms are huge and cleanliness is top notch."""
50513384,9.0,1081,9.4,9.3,9.0,9.4,9.4,427,68,18,15,15,"[9.2/10] Raizy: ""The room was soooo spacious and the swimming pool was great!"" || [9.2/10] Daniel: ""Room was great and staff were really friendly and helpful!"" || [10.0/10] Effie: ""The best hotel so far I’m travelling for a month already"" || [10.0/10] Valerio: ""Great room, wonderful facilities, and incredible staff."" || [10.0/10] Duc: ""Our room was nicely decorated, clean, and comfortable."" || [10.0/10] Deepanshu: ""They also have really good Spa and Gym facilities available."" || [9.6/10] Kaitlin: ""We stayed in the Sen Village Garden Suite and it was PERECT!"" || [10.0/10] sai: ""Room was nice with balcony and beautiful view to pool area."" || [10.0/10] Man: ""Sen Village is just the perfect place to be when in Hoi An."" || [8.4/10] CHAN: ""The room is generously sized and generally clean."""
39553445,9.6,538,9.7,9.6,9.7,9.7,9.6,470,24,4,5,13,"[9.6/10] Janine: ""The staff and service was well above expectations."" || [10.0/10] Nur AisyahBinti Zulkifli: ""A gorgeous and chic boutique hotel in the heart of Hoi An"" || [10.0/10] Nguyen: ""The room is clean and clear also very comfortable for us."" || [10.0/10] Chansamone: ""So, many thanks to Hong, you are an asset to the hotel."" || [9.2/10] Chenda: ""We had a most enjoyable stay at this Most Unique Hotel."" || [10.0/10] Carla: ""Very very beautiful room, great family style breakfast"" || [10.0/10] Jung: ""Loved the food, the room was great and smelled nice."" || [10.0/10] Darren: ""The service was fantastic, practical and friendly."" || [9.6/10] Nabilah: ""Excellent service with friendly and smiley staffs."" || [10.0/10] Takumi: ""Clean, well located, good value hotel with tasty breakfast!"""
14498722,9.3,652,9.5,9.4,9.1,9.8,9.6,259,28,4,8,3,"[10.0/10] Regina: ""Staff helped give us recs and sort out everything we needed."" || [8.8/10] Praewa: ""The people that works here are lovely and kind."" || [10.0/10] XIAOLING: ""I love Okra so much that I stayed here for almost a month."" || [10.0/10] Daniel: ""I highly recommend this place for accommodation in Hoi An"" || [10.0/10] Jessika: ""The owners are super nice, it’s very comfy."" || [10.0/10] Nguyễn: ""Highly recommend"" || [9.2/10] Isabel: ""Enjoyed our stay here the staff are really helpful and kind."" || [10.0/10] Hannah: ""Stunning clean rooms for a very reasonable price."" || [10.0/10] Thuy: ""The place is always clean, cool, bright and beautiful."" || [10.0/10] Reyjay: ""The dorm room was big with a hot shower and a good ac."""
77187803,9.3,713,9.6,9.4,8.7,9.7,9.5,139,24,4,5,2,"[10.0/10] adele: ""Caring staff, cleanliness ++, divine scent throughout."" || [10.0/10] Skitgen: ""Just about everything! Staff were wonderfully attentive."" || [10.0/10] Baker: ""I am very satisfied with the hotel's service."" || [10.0/10] Michelle: ""The rooms are beautiful and the bed and pillows arw so soft."" || [9.6/10] Oliwia: ""This was so far the nicest hotel we have found in Vietnam."" || [10.0/10] swati: ""The queen bed was big enough for us two sisters."" || [9.6/10] Belinda: ""Free buffet breakfast which had good choices."" || [9.2/10] Hannah: ""Family room is perfect for families with children."" || [10.0/10] claire: ""This has been one of the best hotels I have ever stayed at."" || [9.2/10] Lynsay: ""Super clean hotel, with lovely staff that feels very safe."""
56224814,9.4,1606,9.7,9.5,9.3,9.8,9.7,633,56,13,8,5,"[10.0/10] Jasmine: ""The hotel is beautiful with an even more beautiful view."" || [10.0/10] Charlotte: ""The room was immaculate and stunning views from the balcony."" || [10.0/10] Kwan Tung Candy: ""EXCELLENT STAY!! The room is perfect, super comfy and clean."" || [10.0/10] Phuong: ""Facilities were top-notch, making my stay very comfortable."" || [10.0/10] SZU YU: ""Helpful staff, Clean Room, Perfect view with green fields."" || [10.0/10] Ha Ngoc Mai: ""A quiet place with excellent views and great service."" || [10.0/10] Brandy: ""Beautiful, unique hotel with lovely, friendly staff."" || [10.0/10] Sheona: ""Hard to leave and staff were also very welcoming and helpful"" || [10.0/10] Martin: ""Superb breakfast, better than some 5-star resorts."" || [10.0/10] Peng Ker: ""During check-in, they gave us a free room upgrade."""
1985131,8.6,764,8.5,8.2,9.2,8.9,8.8,400,113,35,37,48,"[9.2/10] Bob: ""Hoi An Canal House has very clean spacious modern rooms."" || [9.2/10] Steven: ""Most comfortable bed and pillow we’ve had in some time!"" || [9.2/10] POA: ""Thank you once again for making my stay so pleasant."" || [9.6/10] Sharon: ""They also served a good breakfast which changed everyday."" || [10.0/10] Smruti: ""Helpful & amazing staff, great food, clean & tidy rooms."" || [10.0/10] Tanatcha : ""The location is perfect, about 10mins walk to old town."" || [10.0/10] Emmeline: ""Booked airport transfer and transport from hotel to Da Nang."" || [9.6/10] Deepak: ""One of the best budget hotel stay in my entire Vietnam trip."" || [8.8/10] Jeoffrey: ""We got a family room with two king beds and we all loved it."" || [10.0/10] Rebekah: ""Upon arrival,  we were immediately welcomed and accomodated."""
79080981,9.1,80,9.4,9.1,9.4,9.4,9.4,4,2,0,0,0,"[10.0/10] LING LING: ""Delicious breakfast for local noodle 100% love it 👍👍👍"" || [10.0/10] Oliver: ""My room had a little terrace which was really nice."" || [10.0/10] Jake: ""The staff is so warm and friendly."""
65269016,9.0,917,9.1,8.9,9.6,9.2,9.1,631,76,33,34,48,"[10.0/10] Simon: ""They were very punctual and respected the times indicated."" || [8.8/10] Roman: ""What set this place apart was the exceptional service."" || [10.0/10] Oliver: ""Great pick up service and worth the few extra dollars."" || [10.0/10] Irnacelle: ""Highly recommended, and we would definitely stay here again!"" || [10.0/10] Daniela: ""The rooms were comfortable and the staff was accommodating."" || [10.0/10] Amaya: ""The service is great, the room is clean and cozy."" || [9.2/10] Nina: ""And brekky had everything you could want to eat."" || [10.0/10] Ethan: ""Believe the hype - worth going to Hoian just to stay here!"" || [9.2/10] niv: ""Clean, spacious, inexpensive and very pleasant to stay in."" || [10.0/10] Noah: ""I can only speak wonders about this hotel and its people."""
75864419,8.7,705,8.9,8.9,9.5,9.4,9.2,106,23,10,7,3,"[9.6/10] Annabelle: ""Very good and varied breakfasts, friendly and helpful staff."" || [10.0/10] Noa: ""Good people, good service, delicious breakfast, clean place."" || [10.0/10] Caner: ""It’s also one of the cleanest hostels I have ever stayed in."" || [10.0/10] JEFFERSON: ""I just paid $5.37 for one night and it has free breakfast."" || [9.6/10] Romina: ""First of all - The Breakfast in this hostel is sensational!"" || [10.0/10] myrah: ""Friendly staff,value for money…will definitely come back"" || [10.0/10] Giorgio: ""Good beds, clean bathroom, breakfast included."" || [10.0/10] Johan: ""Very nice hostel, it was amazing!!👍"" || [7.2/10] Eve: ""The dorms were cleaned well and smelled fresh"" || [9.6/10] Nhu: ""The room I stay always has good and fresh smell."""
35957889,8.6,198,9.2,9.0,7.5,9.0,8.6,99,31,8,13,16,"[10.0/10] Dan: ""I really recommend that people check out this Mad Monkey."" || [9.2/10] Valentina: ""Incredible facilities and even better vibes,"" || [9.6/10] Candelaria: ""I definitely recommend this hostel for women solo traveling."" || [10.0/10] THERY: ""Other than that the mood is chill and location convenient."" || [10.0/10] Jacob: ""Phenomenal, fun hostel, and amazing private room"" || [8.4/10] Julia: ""Pro: Warm welcome, showing me around and a welcome drink."" || [8.8/10] Garetg: ""Lovely hotel with bar , nice breakfast, friendly staff."" || [10.0/10] Dushyant: ""Awesome place to stay and chill"" || [9.6/10] Caitlin: ""The room was clean and bright,"" || [9.6/10] Ehren: ""They helped me treat a wound and i appreciated it so much!"""
87071376,8.4,61,8.8,8.7,8.9,8.8,8.9,24,3,2,1,4,"[9.6/10] Christopher: ""The bed was nice too, so I had a really great sleep here."" || [10.0/10] Kelly: ""The atmosphere was cozy, peaceful, and exceptionally clean."" || [10.0/10] Taylor: ""Comfy bed, large room, good shower and lovely staff"" || [10.0/10] Barbara: ""I would definitely stay here again."" || [10.0/10] Pavel: ""Loved the place, great for solo travelers."""
1803429,9.0,2656,9.4,9.0,8.3,9.5,9.3,1486,476,124,66,53,"[8.0/10] Vedaant: ""She was always approachable and handled all our issues well."" || [10.0/10] Nicole: ""Breakfast buffet is delicious (especially the pastries.)"" || [9.2/10] Andrew: ""The chefs were very helpful and the food exceptionally good."" || [10.0/10] YIOTA: ""It had a huge stone bath and plenty of hot water to fill it."" || [8.8/10] Swati: ""Overall we had a pleasant stay at Wyndham Hoi An Cua Dai."" || [9.2/10] 豪智: ""It is a quiet, peaceful, and comfortable place to stay."" || [10.0/10] Wendy: ""Clean & comfortable room, accessible by stairs or lift."" || [10.0/10] Derick: ""Soaking tub with a rainfall shower or handheld sprayer."" || [10.0/10] Hieu: ""Thank you to the staffs for the amazing experiences!"" || [7.6/10] Antoinette: ""The family bunk was spacious with a great bath tub!"""
16296813,8.9,96,8.7,8.0,9.3,9.3,9.0,29,10,1,5,2,"[10.0/10] Freja Phillipsen: ""One of our greatest hotel-experiences in Vietnam."" || [10.0/10] Hope: ""Our room and bathroom were very clean and comfortable."" || [9.6/10] Jake: ""A fantastic place to retire to after massive days in Hoi An!"" || [8.4/10] Samantha: ""The homestay is clean, for the price it is all you need."" || [10.0/10] Billy: ""Super clean rooms"" || [10.0/10] Hillary: ""The room is as shown in the picture 👍🏻👍🏻👍🏻"" || [8.4/10] Kristin: ""The location was good for accessing the area."" || [10.0/10] VICTOR: ""Friendly and helpful receptionist,"" || [10.0/10] Ha: ""Nice and clean room."" || [10.0/10] Kawfang: ""I will come back to stay here for sure"""
66371126,9.3,984,9.7,9.4,9.0,9.7,9.7,405,44,11,5,7,"[10.0/10] Emma: ""The staff are so friendly and always went the extra mile."" || [10.0/10] Danielle: ""From the food , to the amazing staff and the amazing rooms."" || [10.0/10] Mark: ""Was blown away with nesta hoian will definitely book again."" || [10.0/10] Douglas: ""We were so spoiled by them and the entire supporting staff."" || [9.6/10] Michelle: ""One of the few hotels I will definitely return to one day."" || [9.6/10] Kin: ""Everything was great and we can’t say enough good things."" || [8.4/10] Pawanjit: ""Employees like Wendy are truly an asset to the company."" || [10.0/10] Sean: ""I had a magical three-night stay at NESTA Hotel Hoi An."" || [10.0/10] Viktor: ""It really felt like a little piece of heaven on earth."" || [10.0/10] Stan: ""Spa was amazing – ended up going three days in a row."""
89178269,9.4,96,9.9,9.6,9.6,9.9,9.8,32,5,0,0,0,"[10.0/10] Thu: ""Next time when I visit Hoi An, I know where I would stay."" || [10.0/10] Doris: ""Room is beautiful and breakfast yummie (pumpkin soup ;))"" || [10.0/10] Khánh Nguyên: ""The room is in a good decent size, nice and clean."""
16375525,9.0,2418,9.7,9.4,8.2,9.5,9.4,1122,235,52,27,43,"[10.0/10] Jade: ""The entire place is absolutely incredible and luxurious."" || [10.0/10] Hien Sam: ""Beautiful and well cleaned room, nice view to the ocean."" || [9.6/10] 예은: ""Staffs were so kind and facilities were very nice!"" || [10.0/10] Han: ""My friend and i had an enjoyable 3 nights stay at the hotel."" || [9.2/10] James: ""All the staff is amazing and go way above what is asked."" || [7.6/10] Greg Angelo: ""The facility is top notch and the service is excellent."" || [10.0/10] Danielle: ""All facilities are top notch and staff is so friendly!"" || [10.0/10] Lim : ""The staff is very helpful and friendly and always available,"" || [10.0/10] Ali: ""First class experience at Hoiana Hotel in Hoi An."" || [9.6/10] Rene Steen: ""The breakfast is for sure the best I had in Asia."""
3007182,8.2,845,,,,,,,,,,,
84897663,8.6,121,8.6,8.5,8.3,8.8,8.8,40,8,4,3,7,"[9.6/10] Charlie: ""The room was bright, immaculate and spacious."" || [9.6/10] Vanessa: ""Great staff, great facilities! Definitely stay again!!"" || [9.2/10] Ethel: ""I highly recommend Son Tra, we'll definitely be back!"" || [9.2/10] Ethel: ""Internet is fast so it ticked all my boxes."" || [9.6/10] Vanessa: ""Great sized rooms, great staff & fabulous pool."" || [8.8/10] Shahala: ""The rooms were clean, comfortable, and well-maintained."" || [10.0/10] Christine: ""I’m so glad we booked this hotel during our visit at Hoi An."" || [9.6/10] Isabella: ""An lovely stay, very clean and hosts were so welcoming."" || [10.0/10] roi: ""Nice room, Everything was clean and well maintained."" || [9.6/10] Eleonora: ""This hotel offers excellent quality for the price."""
39012886,9.1,2570,9.0,9.3,9.3,9.4,9.4,148,39,11,5,1,"[9.2/10] Ben: ""The facilities are the best i’ve seen in vietnam so far."" || [10.0/10] Colm: ""Pool, bar, and housekeeping provided excellent service."" || [10.0/10] DongJae: ""All of staffs are so kind and I definitely come back again!"" || [10.0/10] Pradip: ""This is one of the best places I have stayed in Vietnam."" || [10.0/10] Charlene: ""Love it here!!! Will definitely came back here in iHome"" || [9.2/10] Lluis: ""Great place, great staff and great breakfast."" || [10.0/10] Joelemrey: ""The staffs are accommodating, helpful and friendly"" || [10.0/10] Andreas: ""The breakfast at the rooftop is very western style but good."" || [9.6/10] Ben: ""The pool was very clean and a good chilling spot."" || [9.2/10] David: ""Everything met and surpassed expectations here."""
63917222,9.7,1317,9.8,9.5,9.7,9.9,9.8,246,29,1,0,1,"[10.0/10] shruti: ""Leaving was honestly much harder than I expected."" || [10.0/10] claudia: ""Also the breakfast and the room were perfect"" || [10.0/10] Daniel Angelo: ""Our room was upgraded to a villa with a lovely balcony view,"" || [10.0/10] Natalie C: ""This will now be my home away from home when I visit again."" || [10.0/10] Bernd: ""I like the hotel a lot and would like to stay much longer"" || [10.0/10] Merve: ""Hoianese hotel was the highlight of my trip to Hoi An."" || [10.0/10] Ludwig: ""Staff were super friendly and cleaned the room daily."" || [10.0/10] Erin: ""Breakfast was delicious and the portions were huge."" || [10.0/10] Doris: ""Will stay here again should we decide to visit Hoi An again."" || [10.0/10] Jake: ""This a wonderful small hotel with the most fantastic staff!"""
46749251,8.9,199,8.7,8.7,9.3,9.4,9.3,146,35,6,4,7,"[10.0/10] Tim: ""I will be booking here again when I go back down to Hoi An."" || [10.0/10] Davide: ""Anna and Ben are best hosts you could ever find in Vietnam!"" || [9.6/10] Hannah: ""If you have any need ask and they try their best to help."" || [10.0/10] Ayten: ""Lady at the reception (Anna) is so lovely and helpful."" || [9.6/10] Tajda: ""We booked a tour with the hostel as prices are reasonable."" || [10.0/10] Léanne: ""Good dorms with comfy beds and curtains, AC and fans."" || [8.4/10] Shang: ""Breakfast is included in such a cheap price, which is great!"" || [10.0/10] Dia: ""BreakfaSt was also included with stay which was also good."" || [9.2/10] slot: ""Comfortable stays, clean and friendly staff. Recommended"" || [10.0/10] SATURNINO: ""Love also the room because it exceeds my expectation."""
88966251,10.0,2,10.0,10.0,10.0,10.0,10.0,,,,,,
52499134,8.8,645,8.9,8.6,9.4,9.1,9.1,376,83,33,25,23,"[10.0/10] Jonty: ""The staff were amazing, they helped me book everything."" || [9.2/10] Regine M: ""If time permits, this is where I opt to stay at Hoi An."" || [10.0/10] Yuli: ""Good breakfast, clean room and toilet, friendly staff."" || [9.2/10] Michelle: ""Location: The location is perfect, earning a perfect 10/10."" || [10.0/10] Nitya: ""Very helpful staff and great quality of stay for the price!"" || [10.0/10] Enrica: ""They have laundry service and you can book tours with them."" || [10.0/10] Lucia: ""Breakfast is really good and everything is super clean!!"" || [10.0/10] Trung Hiếu: ""I have stayed plenty of hostel but this one is awesome."" || [10.0/10] Elio: ""Pool table, indoor pool, cool music for the happy hour."" || [10.0/10] Deniz: ""I love to much best of the hoi an hostel come on all"""
7023976,9.1,487,9.4,9.3,8.5,9.6,9.5,310,53,18,10,10,"[10.0/10] Nathanael: ""The host vincent and daisy were great friendly host."" || [9.2/10] Sarah: ""Set in a lovely garden and the pool was clean and cool."" || [9.2/10] Attila: ""High standard and quality, worthy of a 5star hotel"" || [9.6/10] Kristy: ""Great value for money, was a good size room and very clean."" || [10.0/10] Sergi: ""And overall I got service above and beyond my expectations."" || [10.0/10] Katerina: ""We were very happy with our stay in Fairy Garden Villa."" || [9.6/10] Pui Shan: ""Staff are super nice and can communicate with English."" || [8.8/10] Rob: ""Room was amazing - modern and super clean."" || [9.6/10] Sanisha: ""When I come back to Hoi An, I would love to stay here again."" || [9.6/10] Jack: ""Staff were very friendly, and the room and pool were great."""
45941857,9.4,4521,9.7,9.3,9.1,9.8,9.6,1954,303,51,28,18,"[10.0/10] Wilson: ""They immediately went above and beyond to help me."" || [10.0/10] Woay Hoong: ""Our room was clean, comfortable, and beautifully maintained."" || [10.0/10] Hector: ""Professional and friendly. Always greeting us with a smile."" || [9.6/10] Sarah Wing Yee: ""Each spacious room comes with super cozy Vietnamese design."" || [10.0/10] Danisa: ""Room is excellent ,clean ,well decorated and comfortable ."" || [10.0/10] Grace: ""Basically everything was so good and we enjoyed our stay."" || [9.2/10] Crystal: ""We also rode the free bikes to a cao lao spot."" || [10.0/10] Ken: ""Their spa massage is one of the best massage I ever had."" || [9.6/10] Karen: ""I’ve used the spa and had a wonderful signature massage,"" || [10.0/10] sooyin: ""The staff were friendly and helpful throughout my stay."""
6207508,8.4,5014,8.8,8.2,8.1,8.7,8.7,2061,871,340,308,329,"[10.0/10] Olivia: ""Best of all the staff were so incredibly helpful and kind."" || [10.0/10] Chris: ""Of our 4 country tour, this was by far our favorite stay."" || [10.0/10] david: ""We extended our stay twice because it was too good to leave."" || [10.0/10] 남현: ""My partner and I had an unforgettable stay here."" || [10.0/10] Jiae: ""But what truly made the difference was the reception staff."" || [10.0/10] Sarah: ""So close to Hoi Ann is a five minute taxi to the centre."" || [8.8/10] Michele: ""Beachfront with restaurants a short walk down the beach."" || [10.0/10] Daniele: ""The breakfast buffet has a ton of selection,"" || [8.4/10] william: ""However the bed was like sleeping on a cloud ☁️☁️☁️"" || [8.0/10] Faith: ""The view's spectacular, we could see the pool and the beach."""
87880062,8.7,47,8.6,8.9,9.6,9.7,9.3,44,12,2,0,2,"[10.0/10] rajeev: ""An amazing hostel and one of the best places to stay"" || [7.6/10] chia: ""Clean, friendly staff, good location, 5 minutes to old town."" || [8.0/10] Wasim: ""If you need calm peace environment go here"" || [10.0/10] renato: ""Very good in all aspects."" || [10.0/10] Eva: ""Clean and big room, bed and bathroom."" || [9.6/10] Suppanat: ""I had a fantastic stay at this hotel."" || [8.8/10] Jianhao: ""Cheap and clean"" || [9.2/10] Takasuzu: ""Lovely breakfast, you can choose from 3 menu."" || [10.0/10] Pema: ""Enjoyed the watermelon fruit and pancakes.."""
72420229,8.7,126,9.0,8.7,9.1,9.4,8.8,76,10,2,7,8,"[10.0/10] Daniela: ""Far from the noise of town, near to all attractions."" || [10.0/10] Mario: ""Overall, an incredible team and a fantastic place to stay."" || [8.4/10] Amelia: ""Good location as we could walk to the Ancient Town."" || [9.6/10] Seo-yeon: ""Great stay, good location and wonderful staff."" || [10.0/10] Jenna: ""The staff at Old Town Hotel are truly wonderful."" || [10.0/10] Lê: ""The rooms are very comfortable, good air conditioning."" || [10.0/10] Nhu: ""The staff here are very attentive and enthusiastic."" || [10.0/10] Thuy Nhu: ""I will visit again as soon as possible."" || [8.8/10] Valerie: ""Great service and clean facilities."" || [9.6/10] michael: ""The rooms are a decent size and comfortable."""
33923863,9.6,79,9.5,9.1,9.8,9.5,9.5,29,3,0,0,1,"[10.0/10] Amy: ""Such lovely hosts and a beautiful spacious room."" || [9.6/10] Miroslav: ""Book their Best room,it' spacious and comfortable !"" || [10.0/10] Tu: ""A quiet and very clean newly renovated house."" || [9.6/10] Tee: ""I very much enjoyed my stay at Bluesand."" || [9.2/10] Jason: ""Super clean and spacious for 1 or 2 travellers."" || [10.0/10] Kenneth: ""The family who runs the Bluesand were wonderful folks."" || [9.6/10] Brent: ""Peaceful, clean, close to main strip and beach."" || [9.6/10] Brandon: ""Great Value, Great Place, Great Family"" || [10.0/10] Binh: ""A few steps to the beach"" || [8.8/10] ONG: ""Big and comfortable room"""
31037064,9.4,2785,9.7,9.4,8.9,9.7,9.6,1006,131,20,16,17,"[10.0/10] Elvira: ""It is the right place to discover and enjoy local cuisine."" || [9.6/10] Willem: ""I think this was the best hotel during our 4 week trip."" || [10.0/10] David: ""The rooms were spacious, clean, and beautifully decorated."" || [9.6/10] Maksim: ""We left with amazing memories and can’t wait to come back."" || [10.0/10] Cheng Hung: ""The location is perfect — just a short walk to the old town."" || [10.0/10] Chuncheung: ""Stay here for 4days and 3nights definitely highly recommend"" || [10.0/10] David: ""The location is ideal, just a short walk from the old town."" || [8.8/10] Chng: ""Happy to stay in Little Oasis for my first visit to Hoi An."" || [10.0/10] Goran: ""The rooms are large and clean and have everything you need,"" || [9.6/10] Javier: ""Staff were really helpful and rooms were nicely decorated."""
35133694,9.4,1727,9.6,9.4,9.0,9.8,9.6,607,95,27,7,4,"[10.0/10] Stephanie: ""Beautiful rooms and service tht makes you feel like royalty."" || [10.0/10] Thdo: ""Hotel itself is really new therefore also clean facilities."" || [10.0/10] Leticia: ""This is the standard by which we compare all other hotels."" || [10.0/10] Jia Jin: ""Our stay at this hotel was nothing short of extraordinary."" || [9.6/10] Natalie: ""The facilities were recently updated and were beautiful."" || [9.6/10] Mike: ""Your hospitality and kindness are greatly appreciated!"" || [9.6/10] Rafal: ""The room was always spotless and the English was impeccable."" || [10.0/10] Dieu: ""Room was great and staff were extremely friendly and helpful"" || [10.0/10] YEN: ""The hotel is very clean and well decorated in every corners."" || [10.0/10] Natalie: ""The room is clean and the pool is really nice and relaxing."""
32187167,8.9,1336,9.0,8.7,8.8,9.1,9.1,178,51,15,13,14,"[10.0/10] Rachaellee: ""The breakfast was included in the price and it is delicious."" || [10.0/10] Klaus: ""Great pool, super friendly and helpful, large rooms and beds"" || [10.0/10] Alice: ""Staff were attentive and helpful, enhancing the experience."" || [10.0/10] Rong: ""Very clean!!! That's the most important thing to me."" || [10.0/10] José Fabiano: ""Very nice place!! Perfect service with nice people!"" || [10.0/10] Gillian: ""The room was cleaned daily with water replenished."" || [9.6/10] Ha : ""The price is so good and the room is very spacious"" || [10.0/10] Tien: ""Hotel is clean and location is just approx 1km from old town"" || [10.0/10] David: ""Legend Hoi-An Hotel was the perfect base to explore Hoi-An."" || [10.0/10] Saheer: ""The included breakfast contains good options."""
38471593,8.9,368,9.3,8.8,8.6,9.6,9.0,166,36,10,7,12,"[10.0/10] Taylor: ""The food in the restaurant was always very tasty too."" || [9.6/10] Winson: ""Everything was great and the hotel staffs are very helpful"" || [10.0/10] Rob: ""The staff was very eager to make sure we had a great stay."" || [10.0/10] reuven: ""Very good stuff I really recommend to stay in this hotel"" || [10.0/10] Ngoc Thuan: ""We had a massage at the garden spa and it was heavenly!"" || [9.2/10] Chaminda: ""We will definitely stay here again on our next visit."" || [10.0/10] Khin: ""The room is just like the pictures, and we had a great stay."" || [9.2/10] Rossley: ""The hotel is new and very well taken care of."" || [10.0/10] Nina: ""Excellent hotel with very helpful and courteous staff."" || [9.6/10] Paulo: ""Breakfast, facilities, staff and romm are all Great!"""
23386076,9.2,158,9.4,9.1,9.8,9.7,9.6,108,15,4,0,0,"[10.0/10] Nina: ""Location is perfect, 1min away from the night market."" || [10.0/10] Hernila: ""It was an excellent stay at Nam Hoi Homestay for 2 nights."" || [9.6/10] Karen : ""This accommodation is great for the Budget Conscious."" || [10.0/10] Josefina: ""The room was clean, spacious, and very comfortable."" || [10.0/10] Chin hau: ""The breakfast selection is plentiful and delicious."" || [10.0/10] Melina: ""Room was very clean (smelled good) and spacious,"" || [10.0/10] Brelyn May: ""The room was spotless, new, modern, and very comfortable."" || [9.6/10] Zandrix: ""And the location is incredibly convenient."" || [10.0/10] Pritchie Ann: ""Great value overall for budget travelers in Hoi An."" || [10.0/10] Quynh: ""Best location, 5 minutes walking go the old town"""
33907372,9.5,48,9.9,9.5,9.7,9.9,9.7,39,3,1,0,0,"[10.0/10] Beruta: ""I would highly recommend this place to friends & family."" || [9.2/10] Lee soon: ""A wonderful hostel in  this asia or world."" || [10.0/10] Alexander: ""Amazing staff, clean rooms and a good breakfast included."" || [10.0/10] Luận: ""The best thing about this hotel is definitely the location."" || [10.0/10] Kim Robert: ""The room was very nice with a balcony on fourth floor."" || [10.0/10] Alexander: ""Do not hesitate to book your stay there!"" || [10.0/10] Sohan: ""Best stay, Best food, friendly staff."" || [10.0/10] Tamir: ""The stuff are also very carring and nice"" || [10.0/10] FERTIN: ""Very clean, the staff was very nice and always available."" || [9.2/10] Molly-Melissa: ""Clean rooms and the restroom was nice."""
68290800,9.3,668,9.4,9.1,9.4,9.6,9.4,494,68,21,15,19,"[10.0/10] Lucas: ""I only gave 5 stars because giving 6 stars isn't an option."" || [10.0/10] Louis: ""Even had an emergency but the staff were so attentive."" || [10.0/10] Josh: ""The location is ideal just 5 minute walk to old town."" || [10.0/10] Rashid: ""သူတို့ကို ချီးကျူးဂုဏ်ပြုပြီး အရမ်းလွမ်းဆွတ်နေမှာပါ။"" || [9.2/10] Rio: ""It takes 3 minutes from hotel to old town and night market."" || [10.0/10] Pierre: ""All the desk workers knew every gust by his name and needs."" || [10.0/10] Michael: ""Loved this hotel and the staff was very nice and helpful!"" || [7.2/10] Edward: ""I could recommend this hotel to anyone staying in Hoi An."" || [10.0/10] Michael: ""We were warmly greeted by name each time we came or went."" || [10.0/10] Paul: ""Great little hotel, outstanding staff and loved the room"""
12775419,9.1,239,9.2,8.7,9.4,9.6,9.3,92,14,4,4,4,"[10.0/10] Legacy: ""Whenever I'm back in Hoi An this is now my go-to staycation."" || [10.0/10] muhd najdi: ""Nice home villa, spacious, lovely friendly staffs and owner"" || [9.6/10] Omer: ""The host was very nice and explained us about everything."" || [10.0/10] Jack : ""Hotel has been well maintained and is thoroughly cleaned."" || [9.2/10] Edward: ""Enjoy your stay cheerful place is clean and immaculate."" || [10.0/10] Johannes: ""Super Location, nice rooms and super friendly owners"" || [10.0/10] Victoria: ""We'll definitely stay here again when we come back!"" || [10.0/10] Alan: ""Location is perfect, very quiet, no traffic noise."" || [10.0/10] Frank: ""The room is very clean and modern with a spacious balcony."" || [8.8/10] Julie: ""Walking distance to bars, food, night market and Old Town."""
161820,8.1,1648,8.0,7.8,9.0,8.2,8.3,643,318,136,130,160,"[10.0/10] Jo: ""Had a great stay at this super value for money accommodation"" || [10.0/10] Thien: ""Very friendly staff, well priced, very convenient location."" || [7.2/10] TAN: ""Next to Hoi An old town, I can walk to old town 10 mins."" || [9.6/10] Gordana: ""Room was amazing, had a balcony overlooking the Main Street."" || [9.6/10] Duc: ""The room is quite nice with a chill space behind the room."" || [10.0/10] Christiano: ""Great location and great rooms, staff also very friendly."" || [10.0/10] Lê: ""All the facilities and flexible services are perfect ."" || [7.6/10] Kellie: ""Well priced and great location, staff were friendly."" || [10.0/10] Anh: ""Room is always clean, staff are polite and helpful."" || [10.0/10] Nguyen: ""The hotel have elevator and are bigger than in the pictures."""
21727448,9.2,2761,9.4,9.3,9.0,9.4,9.4,1279,238,55,45,43,"[10.0/10] Vanessa-Marie: ""Great hotel with the peace and tranquility of Hoi An."" || [8.4/10] Timothy: ""Very friendly staff overall with reasonable English skills."" || [10.0/10] Rey: ""We felt well cared for throughout our short stay."" || [9.6/10] Harsh: ""Rooms were way more spacious and beautiful than the photos!"" || [10.0/10] Harit: ""I have been here twice and its a very nice place to stay"" || [10.0/10] Samim: ""There is no better place to stay while visiting Hoi An."" || [10.0/10] Vanida: ""Large areas that has everything to rest, play, and dining."" || [9.6/10] AEREEM : ""A resort that I always go to when I go to Hoi An"" || [7.6/10] Nigel: ""The hotel was a nice stay and the 2bedroom villa was huge."" || [10.0/10] Monika: ""The staff noticed it after some time and returned us back."""
294023,9.1,961,9.3,9.1,8.7,9.4,9.3,402,82,27,15,20,"[9.2/10] Sophie: ""Location is good, only a 20 minute walk to the old town."" || [9.6/10] Anthony: ""I fully intend to spend more time here after my travels"" || [9.6/10] Ana Paula: ""Linh and all the staffs are really helpful and nice."" || [10.0/10] Maria: ""The staff were super helpful and so sweet and accommodating."" || [10.0/10] Chris: ""Great restaurant which also serves the best coconut coffee."" || [10.0/10] James: ""The room was very clean and comfortable and very spacious."" || [9.6/10] Suman: ""Great hospitality, cleanliness is on top notch."" || [9.6/10] Stephen: ""I only stayed for one night and would stay anytime again."" || [10.0/10] tony: ""The rooms are spacious and look exactly like the photos."" || [10.0/10] Joshua: ""It’s been the loveliest place that I have every stayed."""
1186354,9.1,5825,9.4,9.1,8.6,9.4,9.3,3126,892,247,146,70,"[10.0/10] Kayla: ""Gorgeous hotel in a great location for a great price."" || [10.0/10] Leonardo thiago: ""What really stood out was the exceptional customer service."" || [10.0/10] Pedram: ""One of the best hotels during my long Asia Trip."" || [9.2/10] Guy: ""Cost permitting, we will plan to stay again next year."" || [9.6/10] Sarah: ""The property is beautiful and has incredible views."" || [10.0/10] Angelina: ""The room size was generous & the cleanliness was impeccable."" || [10.0/10] Donelle: ""I’d absolutely stay here again the next time I visit Hoi An."" || [8.4/10] samer: ""If you're visiting Hoi An, I highly recommend staying here."" || [10.0/10] pakaphan: ""The hotel is quiet in the night , so I can sleep happily :)"" || [10.0/10] Robin: ""Summer and Alex are the best team they are pure sunshine."""
67270192,9.6,268,9.7,9.7,9.6,9.6,9.6,232,15,3,2,8,"[10.0/10] Telisea: ""Fully equipped room, clean pool, even a kids’ area."" || [8.0/10] Yamal: ""The room was cozy, clean, and had excellent air circulation."" || [10.0/10] Martin: ""Lots of light, gentle sea breeze, and a spacious layout."" || [10.0/10] Jose: ""Balcony sunsets over the skyline were unforgettable."" || [10.0/10] Ethan: ""The apartment’s balcony is ideal for reading and relaxing."" || [10.0/10] Truong: ""Clean room and fast service"" || [9.6/10] K k: ""Best Money spent Here"" || [10.0/10] Duy: ""Such a good place for vacation"" || [10.0/10] Vu: ""Good place to stay"" || [8.8/10] Jose: ""Infinity pool at sunset?"""
253958,7.1,1407,7.3,6.5,7.3,7.3,7.3,251,263,239,190,294,"[10.0/10] Duy: ""Overall, really good price for a cozy stay."" || [8.4/10] Harriet: ""Our room was very clean and spacious."" || [10.0/10] Cong Minh: ""Very good value for money and near beach"" || [7.6/10] Han: ""Very good location"" || [8.4/10] brooks: ""Room was great."""
33601471,8.1,1280,8.1,7.9,9.0,8.5,8.2,382,149,54,65,91,"[10.0/10] Aaron: ""An absolutely beautiful hotel and the staff are friendly."" || [10.0/10] Mike: ""Many areas to sit and the best beach access in the area."" || [8.4/10] Ivona: ""The location was really good, at the beach."" || [10.0/10] Ben: ""We had a deluxe beachfront and i was not disappointed."" || [10.0/10] marcel: ""The room cleaning was impeccable!"" || [9.2/10] michelle: ""The rooms are a good size and AC was good."" || [8.4/10] ThuyVan: ""Trong khu resort có 2 hồ bơi to, khá thoải mái."" || [8.8/10] Coral: ""Good resort and good location! Beautiful beach!"" || [8.4/10] Phạm: ""Wonderful location, friendly staff."" || [9.6/10] Hung: ""This resort has a large space and many rooms."""
37871271,9.3,2990,9.6,9.4,9.4,9.7,9.4,1973,285,65,41,30,"[10.0/10] Nhu: ""Nothing much to say but this hotel is a great choice"" || [9.2/10] Erik: ""We booked Rubens Boutique for my big family of 10+ rooms."" || [10.0/10] Tuan: ""The staff is friendly and accommodative to our requests."" || [10.0/10] Khoa: ""The room was very clean, and the hygiene was excellent."" || [10.0/10] Kaiyrgul: ""Spotless room with new furniture and a modern vibe."" || [9.6/10] Dat: ""The receptionists were really helpful and pleasant."" || [10.0/10] Andrew: ""I definitely will come back here on my next trip to Vietnam."" || [10.0/10] Long: ""Phòng mới, decor đẹp, hiện đại và sạch sẽ."" || [9.6/10] Philip: ""So clean and well cared for by the kind and friendly staff."" || [10.0/10] Phương: ""I love to stay here more and would recommend to everyone"""
36476200,9.3,3860,9.7,9.6,9.5,9.6,9.4,2088,230,46,27,27,"[10.0/10] Lydia: ""2 swimming pools with heaps of deck chairs to sit and relax."" || [10.0/10] Pei: ""They upgraded for me for the last night when it’s available."" || [10.0/10] Mantas: ""Everything feels authentic, cozy, and very well thought out."" || [10.0/10] sungyeong: ""Our heartfelt gratitude for such an exceptional experience."" || [9.2/10] Linh: ""A true boutique luxury place, worthy of a 5-star standard."" || [10.0/10] Łukasz: ""Here, too, we were well-cared for by the efficient staff."" || [10.0/10] Firat: ""We were staying at this hotel 2 nights and we loved it."" || [10.0/10] Juhee: ""We stayed 2 nights 3 days, everything was just perfect."" || [10.0/10] Xin Jie: ""The hotel grounds are so beautiful and well cared for."" || [10.0/10] Danny: ""The location is excellent, especially for kitesurfing."""
50121906,7.6,103,8.1,7.5,8.6,8.2,7.6,29,9,1,5,10,
32182588,9.2,3537,9.5,9.2,9.3,9.5,9.3,1545,266,68,54,40,"[10.0/10] Kimberley: ""Our junior suite and it was totally stunning."" || [10.0/10] Choi: ""Every single staff member was incredibly kind and welcoming."" || [10.0/10] SHADYA: ""WiFi is great, Tv also with a lot of channels from abroad."" || [10.0/10] trevor: ""Breakfast had so much choice and everything tasted great."" || [10.0/10] Pippa: ""We would definitely stay here again and would recommend."" || [10.0/10] Bruce: ""Awesome breakfast - best of our 3-week trip."" || [10.0/10] Angela: ""Would highly recommend and would definitely stay here again."" || [9.6/10] Polina: ""Be sure to book a room with a sea view—you won't regret it."" || [9.6/10] Marcin: ""I had a great week at Vipol during my windsurfing holidays."" || [10.0/10] 휴먼국제결혼TV: ""The room was very clean, and the staff were very friendly."""
30196571,9.1,2481,9.4,9.3,9.0,9.5,9.2,1602,229,89,81,69,"[10.0/10] Hoàng: ""It is very spacious, comfortable, surrounded by a garden."" || [9.2/10] Utku: ""Overall, we enjoyed our stay and would recommend this hotel."" || [9.6/10] Fernand: ""Breakfast is the best so far during my trip,at a price!"" || [10.0/10] Pak: ""Hotel with a beautiful view and big pool...nice beach."" || [9.6/10] Robert: ""We particularly enjoyed the spa options too."" || [10.0/10] Hang: ""The beach is clean and beautiful enough for swimming."" || [10.0/10] Son: ""Facilities are more than enough for a 4 star resort."" || [10.0/10] Song: ""Breakfast is the best: Variety and plenty."" || [9.6/10] Linh: ""Truly lives up to a real 4-star standard."" || [9.6/10] Maria: ""Great experience and really enjoyed all the facilities here!"""
34768604,8.7,3611,9.2,9.0,8.5,9.0,8.8,1987,461,128,130,190,"[10.0/10] Tan: ""The facilities, staff, comfort, details, etc."" || [9.2/10] jung: ""But my family including myself enjoy the time there so much."" || [10.0/10] Terezia: ""We had a lovely long weekend break at Movenpick, Phan Thiet."" || [10.0/10] Cong Khoa: ""Our room was spotless, spacious, and had a stunning view."" || [10.0/10] Terezia: ""Rooms were beautifully decorated and with comfy beds."" || [9.6/10] HOÀNG: ""The hotel was beautifully designed, to the smallest details."" || [9.2/10] Philipp: ""Overall we had a pleasant stay and can recommend the place."" || [10.0/10] Priyank: ""Awesome grand hotel with exquisite beach front location."" || [9.2/10] Duc: ""The breakfast buffet is exceptional with all varieties."" || [9.6/10] Quyen: ""Other than that, it’s definitely a place worth staying!"""
48362,8.9,5258,9.2,9.2,8.5,9.2,9.2,2448,772,246,138,103,"[9.2/10] Thilakshi: ""Garden area facing the beach was beautiful and relaxing."" || [10.0/10] HOANG PHUONG: ""It’s a perfect place to rest and enjoy the beauty of Mũi Né."" || [10.0/10] Thanh: ""The resort and its facilities are great and well-maintained."" || [9.6/10] Kimberly: ""We stayed in the executive suite and it’s ridiculously big."" || [9.6/10] Hồ: ""The family room has a perfect view to the sea and the pool."" || [10.0/10] Tan: ""The place is soo clean & the landscape is well maintained."" || [8.0/10] Peter: ""Bungalows come with four poster bed with mosquito netting."" || [10.0/10] Thi Nha Trang: ""She made us all felt like at home and well taken care of."" || [10.0/10] Viet: ""Our kids enjoyed the pool and playing yard very much."" || [10.0/10] Hyok: ""It has a clean facility with large luxurious common spaces."""
23780986,8.6,11868,9.0,8.9,8.5,8.9,8.7,6003,1529,470,515,740,"[9.6/10] Maxim: ""We booked a private pool villa, and it was fantastic."" || [10.0/10] Miaka: ""All is perfect from room, service, landscape to area."" || [10.0/10] DAE JIN: ""It was sad to leave, but will visit again soon !!!!!"" || [8.4/10] Thi My Loan: ""Our kids like the place with Game Center and Infinity Pool."" || [10.0/10] Nguyen Thi Dinh: ""Wonderful resort, nice and friendly staff, 5-star breakfast"" || [10.0/10] Kim: ""Amazing views of sunset each night from the infinity pool."" || [8.4/10] Kelly: ""The rooms were modern, comfortable, and impeccably clean."" || [9.6/10] Phuong: ""We stayed 2 nights at a 2 bedroom-villa & it was perfect."" || [10.0/10] Dahye: ""Thank you for all the kindly staffs and lovely facility !"" || [10.0/10] Thi Kim Thoa: ""I and my two children had a wonderful stay at the resort."""
149149,8.6,2961,8.7,8.6,8.8,9.1,8.7,1261,417,108,117,143,"[10.0/10] Gemma: ""The staff kindly upgraded us to a villa which was amazing."" || [8.4/10] Susan: ""While the rooms are very basis the facilities are excellent."" || [10.0/10] Michaiah: ""This is truly one of the best hotels I’ve ever stayed at."" || [7.2/10] Ngan: ""It has everything: pool, beach, sand, small water park."" || [8.8/10] Thanh Binh: ""Spacious room and next to the swimming pool and beach."" || [10.0/10] Damian: ""Amazing pool, very helpful staff and a amazing beach."" || [9.6/10] Luan: ""Good: excellent staff, 2 nice pools, great breakfast"" || [8.4/10] PC: ""The staff was exceptionally helpful and friendly."" || [10.0/10] Tony: ""The infinity pool has great view of the ocean."" || [8.0/10] Anna: ""We really enjoyed our stay there and all the facilities."""
80170830,9.1,68,9.4,9.2,8.8,9.7,9.3,43,8,2,0,3,"[10.0/10] Sam: ""Friendly staff,  spacious public areas, quiet and greenery."" || [9.6/10] Robert: ""The staff was great, they provided top notch service."" || [9.6/10] Ngan: ""Perfect for a short stay"" || [9.2/10] Triết: ""Good servicr"""
66811298,8.3,538,8.9,8.6,8.4,9.0,8.9,170,62,12,15,19,"[9.6/10] Aung Khant: ""Really familiar staff and the best location of the mui ne"" || [8.8/10] Coral: ""Extended an extra night cause I didn’t want to leave."" || [9.6/10] Florian: ""Besides that you get a great bang for the buck!"" || [10.0/10] Romain: ""It is super clean and everything you need is provided."" || [9.2/10] Claudio: ""The hotel is great and staff is even better."" || [8.4/10] Sharon: ""The pool was clean and a good temperature."" || [10.0/10] Oksana: ""We really enjoyed our stay in this hotel."" || [9.6/10] Sheryl: ""I've stayed for 3 nights and 4 days and enjoyed it."" || [10.0/10] elena: ""Outstanding price for this amazing room."" || [10.0/10] Juyoung: ""This place is the definition of beachfront oasis."""
42071345,9.1,1918,9.4,9.0,9.2,9.5,9.5,1181,246,67,48,22,"[10.0/10] Ting: ""The room was very comfortable and exactly the style I like."" || [10.0/10] Rock: ""Was so accommodating when my girlfriend and I checked in."" || [10.0/10] qiao: ""The breakfast place opposite the hotel is really delicious!!"" || [9.6/10] Irene: ""3 minutes walk to the beach, close to shops and restaurants."" || [9.6/10] Siti: ""But still I would really recommend to stay in this hotel."" || [10.0/10] Darema: ""Would stay there again if I go to Muine another time 👍"" || [10.0/10] Joshua: ""Hotel is clean and staff is super friendly."" || [10.0/10] Mariusz: ""There are too biggest advantages: location and staff."" || [10.0/10] azmina: ""It's very recommended for others to boom this hotel."" || [9.6/10] SangJun: ""Location is good, clean and the staffs are friendly."""
50121979,8.2,293,7.3,7.3,8.3,8.0,7.5,35,11,5,8,15,"[8.4/10] M Morris S: ""1991, was an Excellent place!"" || [10.0/10] Freddie: ""Excellent!"" || [8.0/10] M Morris S: ""Great Olace!"""
736941,8.0,5532,8.1,8.0,8.0,8.3,8.1,1740,1068,411,522,535,"[9.6/10] Egle-Riin: ""Very nice hotel with friendly staff and comfortable rooms."" || [9.6/10] Jarle: ""The poolerea, espessially the pool itself is wonderful."" || [8.8/10] Tran: ""The best thing about this hotel is the swimming pool."" || [10.0/10] Steve: ""Beautiful shell shaped pool next to beach."" || [8.4/10] Tanya: ""Great breakfast, spacious room and price is right!"" || [8.4/10] steinar: ""The rooms,hallways and common areas are big and comfortable."" || [9.6/10] Phương: ""Beautiful beach with clean and safe swimming pool"" || [9.6/10] Mai: ""I am highly recommend for staying at this Hotel."" || [8.4/10] Linh: ""I love the location, nice beach, friendly staff."" || [10.0/10] Huynh: ""Very good experience with big room for a group 3 members."""
25401851,8.5,1047,7.7,8.5,8.6,8.9,8.7,110,50,26,14,14,"[8.4/10] Pham: ""Very best choice for solo traveller"" || [7.6/10] Ian: ""As a resort everything you require is taken care of..."" || [10.0/10] yeyint: ""IHome Mui Ne was the best backpacker hostel ever I have benn"" || [10.0/10] Mark: ""Without a doubt the best hostel I've stayed at in Vietnam."" || [10.0/10] Stéphanie: ""The pool is clean, the sea is accessible within few steps."" || [9.2/10] Alice: ""The beds are comfortable and you have your own net."" || [9.6/10] Dinis: ""The staff, gym, the vibe, the food."" || [8.8/10] Juri: ""If you are looking for a relaxation this is your place."" || [9.2/10] Ainars: ""It's a great place if you are young and want to party."" || [9.2/10] Marlou: ""The location is amazing, right by the beach."""
344574,9.0,7493,9.3,9.2,8.7,9.3,9.1,3931,1277,351,216,128,"[10.0/10] MARK: ""The delicious breakfast was a delightful start to each day,"" || [9.6/10] Andres: ""Desing and size are completely perfect for a weekend escape!"" || [10.0/10] Lang: ""You won't be disappointed, this is a fabulous place to stay."" || [10.0/10] Julia: ""Would highly recommend this resort for a luxury getaway"" || [8.8/10] christopher: ""Lovely room with balcony overlooking the pool"" || [10.0/10] TIMOTHY: ""The beach club is very fun and good service."" || [10.0/10] Ching: ""The view from the ocean suite is just beyond standard."" || [10.0/10] MARIE FE: ""EXCELLENT service, accommodation and breakfast buffet."" || [10.0/10] Derek: ""Excellent facilities all inclusive amazing breakfast."" || [10.0/10] Christine: ""The beach is perfect as it's always clean and quiet."""
10137027,8.5,621,9.0,8.5,8.6,8.8,8.6,284,98,32,35,38,"[10.0/10] X: ""Our stay at the Yurii Hotel was exceptional in every aspect."" || [8.0/10] Thanh: ""The room is clean, the staff is supportive and helpful."" || [10.0/10] Dung: ""The wardrobe was open and solid to put your clothes in"" || [10.0/10] Minh: ""The bed also soft and big enough for two."" || [10.0/10] Trường: ""We had a fantastic stay at Yurii."" || [10.0/10] Grant: ""Super quiet clean hotel very friendly staff"" || [9.2/10] Lina: ""It has an elevator, so it was easy to move with the bags."" || [10.0/10] Pavan Kumar: ""Best Place to stay"" || [10.0/10] Phuong: ""Good service and clean room"" || [8.8/10] Riccardo: ""Rooms are clean and staff helpful."""
67116959,7.9,633,8.2,8.1,7.9,7.8,8.1,75,21,10,7,31,"[9.2/10] Daniel: ""Pools were awesome, everything was included in the room fee."" || [9.2/10] yilver: ""The hotel was clean and comfortable."" || [8.4/10] Ngoc Thuy Anh: ""The room is quite nice."""
64060008,9.1,485,9.7,9.3,9.3,9.6,9.3,307,36,7,9,8,"[10.0/10] Cuong: ""The best friendly staff and allow me to free upgrade room."" || [10.0/10] Vi: ""Great Location: The hotel's central location is perfect."" || [10.0/10] Josephine: ""We were upgraded to the suite without extra fees,"" || [9.6/10] Lê Thị: ""Nice place with friendly staff and clean, modern rooms"" || [10.0/10] ShanJu: ""Great location Great space and awesome environment."" || [10.0/10] Hoa My: ""Nice design , nice staff, good service"" || [10.0/10] Mai Linh: ""New accommodation, staffs are very friendly and helpful."" || [9.6/10] linh : ""I will book this hotel for my next trip"" || [9.6/10] Linh: ""This is a clean and cosy place"" || [10.0/10] Xuan Ngoc: ""I got great support from both agoda and hotel."""
288404,8.8,1259,9.0,8.7,9.2,9.2,9.0,521,159,49,43,27,"[10.0/10] Soi: ""One of the best in town absolutely will come back to stay"" || [10.0/10] anthony: ""Great locations, nice staff, clean room, and soft bed.."" || [8.4/10] Viet Linh: ""I recommend to stay in this hotel, close to everything."" || [10.0/10] Pascal: ""The roon was clean, staff really friendly, good place"" || [8.0/10] Priscilla: ""The breakfast was exceptional as was the wait staff."" || [10.0/10] john: ""A splendid excellent buffet breakfast included in the price."" || [9.6/10] Huy: ""Plus, morning buffet is good with quite a variety of dishes."" || [10.0/10] Minh Tân: ""The hotel in the center of city, staff is friendly"" || [8.0/10] Ah: ""On top floor is a Japanese restaurant seem quite popular."" || [9.2/10] Monique: ""Staff was very helpfull, room very clean, good breakfast."""
46727693,8.2,643,8.6,8.2,7.7,8.2,8.6,216,58,27,33,49,"[10.0/10] Cerys: ""Very clean - staff are lovely and the restaurant was great!"" || [10.0/10] Arianne Pauline: ""The staff were friendly and cleanliness was top notch."" || [10.0/10] nikolaj: ""It was a good experience with good and sweet people."" || [9.6/10] Eracil: ""Overall we had an amazing stay."" || [9.2/10] Hien: ""Overall, a great value for a family stay."" || [10.0/10] Kevin: ""Worthy place to stay i give it 9/10 ...."" || [8.8/10] Quyen: ""Staff helpful &quick response"" || [8.4/10] Thuan: ""Very nice place to stay and swimming."" || [9.2/10] Hoang Trung: ""I’m highly recommend this place for long trips."" || [9.6/10] Munn: ""Great sea views and attentive staff."""
11012,8.7,2795,8.9,8.7,8.6,9.1,8.8,1242,502,176,104,90,"[10.0/10] Keyvan: ""The food at the resort's restaurant was exceptional."" || [10.0/10] Albert: ""Staff is very polite and will attend to your needs."" || [10.0/10] Ngan: ""Really love this resort from the decoration and nice staff."" || [8.8/10] Jade: ""Aside from that small detail, everything else was perfect."" || [10.0/10] Stephen: ""Best of all, clean and wonderful beach is just steps away!"" || [10.0/10] Jae Woo: ""Aside that, it will be the best choice you will ever make."" || [8.4/10] Nguyen Thu: ""Infinity swimming pool has warm water so very comfortable."" || [10.0/10] Sunny: ""The staff were all extremely kind, welcoming, and helpful."" || [8.4/10] Steven: ""The staff are very friendly, helpful and welcoming drinks."" || [9.6/10] Laura: ""The hotel was great and the pools were lovely and warm."""
43419,8.3,4581,8.5,8.2,8.7,8.6,8.3,1696,994,370,306,266,"[9.6/10] shoji: ""A place where I can access the sea from in front of my room."" || [10.0/10] Laura: ""We had a beautiful room right on the beach, massive bed."" || [9.2/10] Christine: ""We enjoyed relaxing at the beach and lounging by the pool."" || [7.6/10] YOUNGMI: ""The room condition and bathroom were also clean and nice."" || [10.0/10] Cheryl: ""Saigon Mui Ne is a lovely hotel and highly recommended."" || [10.0/10] Trudy: ""The staff work very hard to keep the resort pristine."" || [10.0/10] Jinhee: ""It was very pleased to stay at Saigon Muine resort."" || [9.2/10] James: ""The rooms are clean, large and in good condition."" || [10.0/10] Manu: ""Such a wonderful place and steps away from the beach ....."" || [9.2/10] yeo: ""There was not a lot of guest so the pool was not crowded."""
48004348,8.9,2862,9.0,8.9,9.4,9.4,9.0,1574,316,101,109,85,"[10.0/10] Tram: ""The food was tasty with options for both adults and kids."" || [10.0/10] Hui: ""The swimming pool and vibe here is special and amazing!"" || [9.6/10] karin: ""Behind the Restaurant there is a second pool with sun beds."" || [9.2/10] Steven: ""My wife and I could not have asked for a better vacation."" || [10.0/10] Chen: ""Staff was really helpful with my stuff and booking."" || [10.0/10] Sarah: ""Rooms were awesome, and the swim up pool was an added bonus."" || [8.8/10] palita: ""The breakfast was delicious with a great variety of options"" || [10.0/10] eunjung: ""Just in front of the beach and the restaurant is so good."" || [9.6/10] Jordan: ""I would recomemnd the Clay as an amazing place to stay."" || [8.0/10] Kiet: ""A popular resort with great pool and great location."""
9757906,8.0,135,8.2,7.8,7.9,8.5,8.2,42,24,13,12,13,"[9.6/10] LAURENCE: ""Grear locationMany things to visits around."" || [10.0/10] Thai: ""Love the view and the room there so nice and clean!"" || [10.0/10] Михаил: ""I would like to come back here again."" || [8.4/10] Jamie: ""Nice pool, nice room, nice location."" || [10.0/10] Suresh: ""Great Manager Nick who took good care of us."" || [7.6/10] Des van den Brink: ""The hotel is clean and well facilitated."" || [8.8/10] Juho: ""Overall a good experience."" || [10.0/10] Rami: ""Nice hotel with nice rooms"" || [7.6/10] Georges: ""Très calme, bon service."" || [8.4/10] QUOC PHONG: ""Nice Hotel"""
75223,8.8,4493,8.8,8.8,8.8,9.0,8.9,1902,702,217,185,137,"[10.0/10] Mark: ""Nice restarsunt by the beach and a great pool and gardens."" || [8.0/10] SU JIN: ""I can't forget the sound of the wave at the private beach."" || [10.0/10] Jina: ""The receptionist was always kind and prompt in my request."" || [10.0/10] Paul: ""The rooms, facilities & breakfast are excellent."" || [10.0/10] Christopher: ""The Hotel, Staff and the facilities are the best in class"" || [9.6/10] Kinbarra: ""The breakfast buffet options were varied and tasted good."" || [10.0/10] Amanda: ""Location is excellent, hotel is very clean and well kept."" || [10.0/10] Paul: ""Breakfast buffet is very tasty with lots of selections."" || [10.0/10] Achraf: ""They went above and beyond to make my stay special,"" || [9.6/10] Swapnil: ""Good breakfast with lots of choice and super friendly staff."""
90319389,7.1,100,7.5,7.0,7.1,7.5,6.8,18,6,2,2,17,
43433,8.6,1543,8.8,8.3,9.0,8.6,8.5,535,324,126,85,47,"[10.0/10] Susan: ""Enjoyed our vacation here, with perfect weather and hotel!"" || [9.6/10] 아텀: ""I really recommend this hotel than any other big hotel."" || [9.6/10] Daniel: ""Rooms were modern, clean and well appointed."" || [10.0/10] Son: ""We stayed 2 nights at Blue Ocean and felt great to be there."" || [10.0/10] Tuan Minh: ""The resort was also very serene and had a beautiful pool."" || [9.6/10] Stephen: ""The large pool is lovely (tiles), and the beach is nearby."" || [10.0/10] vũ: ""Thank you for making our family vacation so memorable! ❤️"" || [9.6/10] Sharalyn: ""Good swimming pool with the option of tge beach as well."" || [10.0/10] TRAN: ""Really value for money, staffs are friendly."" || [8.4/10] Loi Van: ""Nice resort with spacious rooms including bathrooms"""
254905,8.8,6549,9.0,8.9,8.1,9.2,9.1,3035,1180,416,292,176,"[9.6/10] Tihomir: ""The facilities were top-notch, with a well-maintained pools."" || [9.6/10] HANG: ""Very clean resort, comprehensive service, friendly staffs."" || [9.2/10] Mona: ""The pools are huge and there’s happy hour by the pools."" || [9.6/10] Thi: ""The pools are fantastisch and the garden is stunning."" || [8.8/10] M: ""Thank you, Dieu Thy, for taking good care of your customers."" || [10.0/10] Raneam: ""We would not stay anywhere else if we return back to Mui Ne!"" || [10.0/10] Marcus: ""The staff is friendly, helpful, and made the stay enjoyable."" || [10.0/10] Thuỷ: ""The staff are truly excellent and nothing is too difficult."" || [10.0/10] Ngan: ""Huge two big swimming pools and one for kid pool."" || [9.6/10] Yosi: ""The grounds are kept very well and the staff was very kind"""
108278,8.8,1622,9.0,8.9,9.0,9.1,8.5,823,274,93,63,55,"[10.0/10] ha: ""Anantara was the best visit for our anniversary trip."" || [10.0/10] Lucy Charlotte: ""Delicious food, great rooms and great pool facilities."" || [10.0/10] ilker: ""Excellent Resort; one of the best I have stayed in vietnam"" || [9.6/10] Pedro: ""Beautiful resort, we had a good time here"" || [9.6/10] Mark: ""Regardless we absolutely loved our 5 nights stay!"" || [10.0/10] Jun: ""Thank you for professional, neat, and wonderful service~!!"" || [8.8/10] Long: ""My wife complemented the staff as being super friendly."" || [9.2/10] PATRICK: ""She made all the difference in our stay at the resort!"" || [10.0/10] Liana: ""All the hotel staff were very friendly service was prompt."" || [10.0/10] Karen: ""I had an amazing experience during my stay at this hotel."""
52137395,9.0,391,9.4,9.0,9.3,9.4,9.2,225,50,10,12,8,"[10.0/10] Tuan: ""Place is new clean and the staff is very friendly."" || [9.6/10] Ibrahim Engin: ""New bathroom appliances,smart tv,comfy beds."" || [10.0/10] Yvonne Faalele Pepe: ""Rooms are very clean, daily clean service."" || [8.4/10] Quan: ""Love the receptionist here she was very nice and friendly."" || [10.0/10] Rene: ""The rooms are, clean, bright and airy."" || [8.4/10] Bùi: ""The room was clean and the staff were nice."" || [8.0/10] Chris : ""Great place, staff is very friendly."" || [10.0/10] maitram: ""Very nice and clean hotel."" || [8.4/10] Sharon: ""The room was small but very clean."" || [10.0/10] Vi: ""Nice clean hotel, good location, nice staff"""
46867956,7.9,790,8.4,8.0,7.8,8.3,8.1,315,83,27,51,96,"[10.0/10] Hoa: ""There are so many swimming pool everywhere inside the hotel."" || [10.0/10] Tran : ""He gave us clear and detailed guidance during our stay."" || [9.2/10] Alana Cristina: ""If I could, I would book this room again!"" || [8.0/10] Jen : ""Apec Mandala have all we need - sand sea sky plus more!"" || [10.0/10] Hazel: ""We really recommend this hotel/accommodation."" || [8.4/10] Vu: ""Great location friendly staff and decent price"" || [7.2/10] henry: ""Beautiful infinity pool with ocean view."" || [9.2/10] Kevin: ""The room was clean, modern."" || [10.0/10] Hanh Nga: ""The room was spacious, clean and nice view."" || [8.0/10] Nguyen: ""Beautiful view, new facilities."""
64326129,8.9,237,9.0,8.8,9.5,9.3,8.8,127,34,11,7,10,"[10.0/10] Toni: ""Right on the beach and very close to restaurants and shops"" || [10.0/10] Đức Hoàng: ""The food is good enough, beach and pool were awesome"" || [8.4/10] Lauren: ""Great pool and beach area with lots of pool lounges."" || [10.0/10] RONALYN: ""The pool is wonderful but the beach is the main character."" || [10.0/10] Filip: ""Very pleasant swimming pool area and nice beach in front."" || [10.0/10] Robb: ""We loved spending a few nights at Mana Mui Ne."" || [9.6/10] Tammy: ""And cocktails at the roof bar are a must in the evening."" || [8.8/10] Phuong: ""There is a pool facing the beach, pretty decent view."" || [10.0/10] Diana: ""Love everything about this beach resort!"" || [10.0/10] alan: ""There was direct access to the beach and pool was excellent."""
262815,8.3,6192,8.1,8.2,8.8,8.2,8.4,2251,1165,548,450,468,"[10.0/10] Lyra May: ""The view was stunning and they had that great infinity pool."" || [10.0/10] Charles: ""The staff were very well trained and friendly and attentive."" || [9.2/10] Daniel: ""Pool just in front of the room and very nice view at sunset."" || [9.2/10] Elakkiya: ""Has an amazing pool and direct beach access, which we loved."" || [9.6/10] JAMES: ""It's one of the best places I've ever stayed."" || [9.2/10] Colum: ""We started in the beachfront bungalow which was really nice."" || [7.2/10] Daan: ""The view and ambience of this hotel are amazing."" || [9.6/10] Hang: ""There is a good view of the sea and clean swimming pool."" || [10.0/10] CHEW LIANG: ""Have private beach like those 5 Stars resort."" || [10.0/10] Moon: ""Nice swimming pool with a fabulous see view,"""
45574441,8.6,1187,8.9,8.8,8.7,8.9,8.7,589,149,51,57,76,"[9.6/10] Stephen: ""The pool is huge, and the breakfast was outstanding."" || [9.6/10] Marc: ""Great hotel with a lot of activities for children."" || [10.0/10] Yunn Lng: ""The kids’ facilities and swimming pool are well maintained."" || [10.0/10] Truc: ""We love the infinity pool, everything was clean."" || [10.0/10] jisu: ""Not only every room view but also gym view is ocean view."" || [8.0/10] Chee: ""Very near to very windy beach ideal for para surfing."" || [8.0/10] Thuy: ""The staff accommodated an early check in."" || [10.0/10] Nguyen: ""Nice resort, nice view, helpful staff."" || [10.0/10] Quang Huy: ""The resort also offers plenty of activities for all ages."" || [10.0/10] Derick Ryan: ""Senior Deluxe room was spectacular."""
83381718,9.0,72,9.5,9.1,9.3,9.6,9.0,18,2,2,2,0,"[10.0/10] Lionel: ""I look forward to staying here again!"" || [10.0/10] Nga: ""Clean Room, Quite place and frienly staff."" || [10.0/10] Nga: ""Special mention reception."""
64239645,9.2,503,9.5,8.9,9.4,9.6,9.1,124,17,4,7,3,"[10.0/10] Mateusz: ""Really nice resort, super clean, staff is nice and helpful."" || [10.0/10] Stefan: ""The place has a local charm combined with modern comfort."" || [10.0/10] Rana: ""The bungalow was spotless, spacious and comfortable."" || [10.0/10] stephen: ""Wonderful beach steps away and a excellent pool."" || [10.0/10] Marcelo: ""Great stay, impecable service!"" || [9.6/10] jacob: ""Fantastic staff, everyone was courteous and friendly."" || [10.0/10] Nico: ""The staff were exceptionally sweet and professional."" || [9.2/10] A.H. Nguyen: ""New resort, spacious rooms, comfortable beddings."" || [10.0/10] Tim: ""The staff are super accommodating and nice."" || [10.0/10] Wolfgang: ""This place is a wonderful oasis in the middle of Mui Ne."""
55960451,8.0,18,8.4,8.3,7.7,8.0,9.1,8,3,1,0,2,"[8.4/10] Maxim: ""Room was clean, comfy and had a nice sea view."" || [8.4/10] Maxim: ""Nice place for quick and relaxing stay"""
42062234,8.8,646,9.3,9.0,9.1,9.2,9.2,374,81,23,15,17,"[9.6/10] Nicholas: ""Front desk staff very helpful with transportation."" || [10.0/10] Toan: ""The staff is exceptionally helpful and courteous."" || [10.0/10] Geoff: ""I loved staying here and will definitely return."" || [10.0/10] Tan Thong: ""My room is on the highest floor so the view is fantastic."" || [7.6/10] Duncan: ""The ocean view room had a much more comfortable mattress."" || [9.6/10] Nicholas: ""Biz class hotel, excellrnt breakfast and staff"" || [8.4/10] Vuong: ""Hotel is clean, staffs are friendly and helfull."" || [8.0/10] Kenneth: ""There are some nice good value restaurants very close by."" || [7.6/10] Anh Nguyet: ""The breakfast buffet is excellent"" || [10.0/10] Toan: ""Very pleasant stay at this hotel."""
49020458,8.1,136,8.3,7.7,8.3,8.4,8.4,57,11,7,12,14,"[10.0/10] Hunter: ""Great stay and great staff and great location"" || [10.0/10] Heungryoul: ""Clean,  kindness,   and  all  new,  cheap"" || [10.0/10] Giedrius: ""Fresh renovation hotel."" || [8.8/10] Ha: ""Phòng sạch, thoải mái"" || [8.4/10] YAUHENI: ""Good value"""
337919,9.1,1834,9.4,9.2,9.4,9.4,9.1,990,196,56,32,24,"[10.0/10] Vikas: ""One of the best beachfront resort in Vietnam"" || [10.0/10] Lucinda: ""It’s a really unique, small, resort, right on the beach."" || [10.0/10] Chau: ""Eco-friendly and peaceful place, kind staff, great food."" || [10.0/10] Claire: ""The hotel staff were very welcoming and accommodating."" || [10.0/10] Han Qing: ""The bathroom was also very clean and well-maintained."" || [10.0/10] Aske: ""And the restaurant serves solid western food 🌟🌟🌟🌟🌟"" || [10.0/10] Jeff: ""We have been patrons of the sailing club for over 20 years."" || [10.0/10] Alison: ""Food is fabulous , rooms lovely , all the staff are amazing"" || [10.0/10] Mauricio: ""Rooms, swimming pool, spa, restaurant, staff… all perfect!"" || [10.0/10] Nuranggraini: ""Highly recommend Sailing Club Muine for any traveller..."""
185968,8.6,4157,8.6,8.4,9.0,8.8,8.6,1584,863,308,222,148,"[10.0/10] Kaya: ""Very clean good aircon good facilities great location"" || [9.6/10] Przemek: ""Clean and sound, staff was super helpful and kind."" || [8.8/10] Uyen Truc: ""Really good place with friendly and helpful staff."" || [9.6/10] Claus Pallisgaard : ""Fint stort hotel med fine værelser og god morgen."" || [9.6/10] Franz: ""The bathroom is large with a separate tub and large shower."" || [10.0/10] Michael: ""The room itself is a great size comfortable bed."" || [10.0/10] Cong: ""Nice and clean room with professional staffs and service."" || [10.0/10] GIANG: ""I'll book roon at this hotel for my next trips."" || [8.4/10] Loi Van: ""Great location which is next to the beach and public park"" || [10.0/10] mark brendon: ""Rooms are large, the staff helpful and a nice breakfast"""
39594846,8.6,471,9.0,8.8,9.0,9.0,9.0,110,21,5,6,10,"[8.8/10] naama: ""Perfect stay, good location, nice staff also adorable cats😍"" || [9.2/10] Matyas: ""Super clean, good location, incredible value."" || [10.0/10] Khan: ""The restaurant was a big plus and serves delicious dishes."" || [10.0/10] Tuan: ""Superb accommodation and friendliness!"" || [10.0/10] daniel: ""There is a shared kitchen, fully equipped and very clean."" || [9.2/10] Yolande: ""I really enjoyed my stay so much, that I've extended."" || [10.0/10] Peter: ""A very nice host who was very friendly and helpful."" || [10.0/10] Rina: ""Nice and kind hosts, the staff cleans every day."" || [10.0/10] Ray: ""I stayed for 1 night and it was quiet and good sleep."" || [10.0/10] Selma: ""Kitchen on the roof, we could borrow pans for cooking"""
400981,7.6,528,7.5,7.1,8.0,8.0,7.6,135,70,24,43,73,"[10.0/10] Cheah: ""Keep repeating staying this hotel for many years."" || [10.0/10] Jonathan : ""The pool is nice and there’s a direct access to the beach."" || [10.0/10] Andrew: ""Clean pool and beach access via stairs from the property."" || [10.0/10] Khoa: ""The hotel very good with nice view and friendly staff."" || [9.6/10] HYOUNG SOO: ""Highly recommended for those seeking great value!"" || [8.0/10] William: ""Friendly budget good location, recommend , will stay again"" || [10.0/10] Jason: ""Was great and we will stay there again"" || [10.0/10] Hunter: ""Great stay great staff great location"" || [10.0/10] michael: ""Super cool pool area and great staff."" || [8.4/10] Dung: ""And the price is more than right to fit budget vacation."""
47149373,8.5,532,8.8,8.7,8.6,8.7,8.8,331,44,7,16,60,"[10.0/10] Adam: ""The apartment looked fresh, clean, and beautifully arranged."" || [9.6/10] KACI: ""The room was spotless, fresh-smelling, and very comfortable."" || [8.4/10] Nhat: ""Totally love this place with the price so i will rate 11/10."" || [10.0/10] Alonso: ""This apartment offers great comfort at a reasonable price."" || [10.0/10] GOLDENBELD: ""The apartment was clean and welcoming from the start."" || [10.0/10] Madaline: ""It created a very positive travel experience for us."" || [9.2/10] Ara: ""Comfortable room, peaceful setting, and convenient location."" || [9.6/10] Meinards: ""Fair price, dependable quality, and a pleasant atmosphere."" || [9.6/10] JOHANSSON: ""We truly enjoyed our stay at this apartment in Phan Thiet."" || [9.6/10] JIMENES: ""Clean room, friendly host, and very peaceful environment."""
92000481,7.4,118,7.0,7.7,7.4,8.0,6.9,3,2,0,0,2,"[10.0/10] Dennis: ""The room is clean, infinity pool is great."" || [10.0/10] Dennis: ""All in all, highly recommended"" || [10.0/10] Dennis: ""The amenities are great."" || [10.0/10] Dennis: ""Value for your money"""
52020,8.7,2426,9.1,8.8,8.5,9.0,8.9,1025,448,144,97,58,"[9.6/10] Sam: ""Facilities are perfect, staff very friendly and helpfull."" || [9.6/10] Daniel: ""Beach front villa, excellent view, peaceful getaway."" || [10.0/10] Saw: ""The overall atmosphere was peaceful and relaxing."" || [10.0/10] Saw: ""The location is excellent, just a few steps from the beach."" || [8.0/10] SON CAO: ""A big advantage of this resort is its long and large beach."" || [9.6/10] Philip: ""If anyone wants to visit Phan Thiet, book Phu Hai Resorts."" || [10.0/10] richard: ""Perfect location with private beach to view sunrise"" || [8.8/10] Dev Kumar: ""Lovely hotel if you are looking for a quiet holiday"" || [9.6/10] Sương: ""The room floor is super clean, even under the beds."" || [8.8/10] Binh: ""The hotel itself is beautiful and well maintained."""
1567551,9.1,1475,9.3,9.2,9.0,9.3,9.3,947,225,63,30,36,"[10.0/10] YIRAN: ""Breakfast is served daily, offering great value for money."" || [10.0/10] Kenwood: ""Beyond the service, the place itself is absolutely stunning."" || [10.0/10] Richard: ""The location is great too nothing is too far away on a grab."" || [10.0/10] Ẩn danh: ""Everything was great if i ever comeback will stay with them🥰"" || [10.0/10] Mateu: ""Common areas, bar and swimmingpool are great and relaxing."" || [9.2/10] Sophie: ""Really good value for money, very clean & spacious rooms."" || [10.0/10] Megan: ""Kept extending so many times, we didn't want to leave :-)"" || [10.0/10] Katharina: ""I loved this hostel so much I moved back my final night."" || [10.0/10] Craig: ""This place is a must stay if you are visiting Phu Quoc."" || [10.0/10] Sarah: ""9station is the perfect hostel to stay at in Phu Quoc."""
83294991,9.3,587,9.7,9.6,9.4,9.6,9.5,381,41,11,7,7,"[10.0/10] Roan: ""The room was stylish, modern, and felt genuinely high-end."" || [10.0/10] Rahul: ""Breakfast was delicious with so many varieties available."" || [10.0/10] BENAMMAR: ""It was a wonderful experience, everything was perfect"" || [10.0/10] Chong Fung: ""Our Phu Quoc journey was truly complete — thank you."" || [10.0/10] Saket: ""Very good resort with beach access and private sit-out area."" || [10.0/10] XiaoShan: ""Would definitely stay here again if we visit Phu Quoc again."" || [9.6/10] Candice: ""We had a fantastic stay at WorldHotels Long Beach PQ Resort."" || [10.0/10] Chaturaporn: ""She was always smiling, incredibly polite, and so friendly."" || [10.0/10] Cindy: ""They helped us book a new room for an extra stay."" || [9.6/10] mohd yusof: ""I highly recommend this hotel to anyone visiting Phu Quoc."""
35749828,8.4,85,8.8,8.4,8.4,9.0,8.5,48,7,1,4,7,"[9.6/10] Alan: ""Can't say enough about my relaxing visit to this property."" || [10.0/10] Tobias: ""The staff takes care of the guests warmly and courteously."" || [10.0/10] Ashley: ""The hotel staff were very helpful, efficient and friendly."" || [9.6/10] Thái: ""Room is clean, spacious and can see direct ocean from room"" || [10.0/10] Viktor: ""The room and the hotel quality exceeded my expectation."" || [10.0/10] Aaron: ""The facilities are gorgeous and clean; pool is amazing."" || [9.6/10] Chim: ""Room was clean and tidy, staff were so friendly and helpful."" || [10.0/10] Jong Henn: ""Looking forward to returning to this hidden gem!"" || [10.0/10] Thi Thu Hien: ""The room, the staff, food,view are amazing."" || [9.6/10] Minh Anh: ""Reasonable price and overall it's a very great stay."""
754563,8.0,956,7.8,7.7,7.8,8.6,8.3,371,200,89,60,111,"[8.8/10] gord: ""Very relaxing, comfortable little resort, beautiful pool."" || [8.4/10] corleee: ""Great location and affordable stay with decent facilities"" || [8.0/10] Young: ""This place was an awesome resort if you are a nature lover."" || [8.0/10] Olivia: ""Beautiful view, nice pool and overall bungalow was great."" || [8.4/10] Nick: ""The bed was very comfortable and AC worked great."" || [9.2/10] Cheriel: ""Was really memorable experience to stayed on these resort."" || [7.6/10] Kai Cheong: ""The breakfast was great for us although simple."" || [10.0/10] Lina: ""The pool is really good, deep enough and long."" || [10.0/10] 隆太郎: ""They made me feel welcome from the moment I arrived."" || [8.8/10] ching: ""Nice swimming pool and excellent services"""
488842,7.7,980,7.5,7.0,8.6,8.1,7.9,269,151,81,91,111,"[10.0/10] Denis: ""Staff is friendly and price is cheap for such a big room!"" || [8.4/10] Ramdas: ""Very nice hotel, the room had a nice view of the sea."" || [10.0/10] Roshan: ""Amazing stay wonderful staff perfect location"" || [9.2/10] Jaden: ""The room is very nice clean and a good layout"" || [10.0/10] Rob: ""Receptionist and cleaners very helpful and friendly."" || [9.2/10] MR: ""Provide complimentary water, kettle, tea and coffee."" || [10.0/10] Ennzz: ""Nice and comfortable hotel to stay at the center of Phu Quoc"" || [8.8/10] Papa: ""Perfect for Relaxation, good value, good location."" || [7.2/10] Chloe: ""The room was quite large and was cleaned everyday!"" || [8.0/10] Pratik: ""Perfect location best view amazing rate"""
47208010,8.8,285,8.9,8.6,9.2,9.0,9.0,172,31,11,12,16,"[10.0/10] Camila: ""The breakfast was very good, and the room was cleaned daily."" || [9.6/10] Tomasz: ""We have been amazed how everything is clean and neat inside."" || [10.0/10] Anwar Faisal dahan: ""I love the hotel because every thing I need nearby me ❤️"" || [10.0/10] Shuwen: ""The breakfast is amazing and staffs adrenaline friendly."" || [9.2/10] Suresh: ""It was close to airport and room were well maintained."" || [10.0/10] Deniz: ""The rooms are clean and in very good condition."" || [9.6/10] Thippasone : ""Clean room, lovely breakfast, highly recommend"" || [10.0/10] Harisai: ""Very clean room and shower - literally 5 star."" || [10.0/10] Garrett: ""The room was spacious, clean and comfortable."" || [9.6/10] POLO PAUL: ""U only paid dorm price and u will get 5 ⭐⭐⭐⭐⭐ service"""
31179452,8.3,657,8.4,8.2,7.7,9.1,8.8,296,101,44,37,58,"[10.0/10] Jenny: ""Small, quiet room with small balcony with view into trees."" || [10.0/10] Mikasa: ""The room was a good size and had everything you need."" || [9.6/10] Robert: ""Stayed twice last 3 months and will go back again."" || [10.0/10] David: ""Room was very clean, Comfortable bed, good air con.. WiFi.."" || [8.8/10] tony: ""Great hotel,good location,friendly and clean."" || [10.0/10] Rebecca: ""The hotel staff was very helpful and accommodating."" || [10.0/10] Sapho: ""The staff was really kind and helpful and perfect"" || [9.6/10] Santhosh: ""Awesome at perfect location very close to airport"" || [10.0/10] Jacob: ""Would definitely reccommend this gem of a hotel!"" || [10.0/10] Penelope : ""Everything was perfect , recommande this hotel"""
86704271,9.1,12,9.5,9.3,9.3,9.6,9.8,9,2,0,0,0,"[10.0/10] Elise: ""The apartment was modern, clean, and well maintained."" || [9.2/10] lao: ""I recommend it to travelers who prefer a quiet atmosphere."" || [9.2/10] lao: ""A comfortable and quiet hotel"" || [10.0/10] Andronik: ""Good owner, good hotel, we recommend!"""
88640596,9.3,48,9.7,9.1,9.4,9.8,9.8,29,4,2,0,0,"[10.0/10] Natchar: ""The staff, Ms.Ngan takes a good care of us."" || [10.0/10] Khang: ""Totally satisfied with the service."" || [8.4/10] Hoang: ""Clean and comfortable"" || [9.6/10] krizel jayne: ""Love her energy."" || [8.0/10] Adel: ""Clean and tidy."""
11013,8.4,3643,8.4,8.0,9.0,8.6,8.3,1271,812,297,229,163,"[8.8/10] Vlastislav: ""We had a lovely room with a balcony facing the beach."" || [9.6/10] SANGYOUNG: ""Cannot complain anything about this resort..i do recommend."" || [8.8/10] atul: ""The room is spacious and offers great view of the beach."" || [9.2/10] Suchetana: ""The property is absolutely beautiful and right on the beach."" || [10.0/10] Anh: ""For what we paid we can’t fault the hotel in terms of value."" || [10.0/10] Amardeep: ""We truly enjoyed our time here and would happily come back!"" || [10.0/10] Chitralekha: ""We could walk 15 20 steps to beach and 15 20 steps to pool."" || [10.0/10] Angela: ""Breakfast is amazing, lots of choices, everything is great."" || [10.0/10] Prashant: ""Loved the views from the Beach front Villa that we booked."" || [10.0/10] Rod: ""Great spot it’s the only place I would come to in Phu Quoc"""
1275909,8.3,894,8.1,8.0,8.7,8.6,8.6,374,187,83,60,65,"[9.2/10] Islam: ""The staff are great and everyone makes you feel like home."" || [8.8/10] Teban: ""Also probably the most hospitable hosts ive had maybe ever."" || [10.0/10] Monaghan: ""I spent a week here and If i could stay longer I would!!!"" || [10.0/10] Rani: ""The place was clean and the staff was also kind"" || [10.0/10] Klim: ""I extended my staying because everything is amazing"" || [10.0/10] Callum: ""Great hostel with very friendly owners and staff."" || [10.0/10] Madison: ""Every floor has a common room (pool table and bar on 3rd)"" || [10.0/10] Paul: ""Also, this place is very beautiful really nice woodwork"" || [10.0/10] Sebastian: ""You cant find a better and cheaper place on the Island."" || [10.0/10] misao: ""Heritage Vietnam style house is so beautiful"""
12658706,7.9,175,6.7,6.9,7.8,7.6,7.9,15,14,2,4,13,"[9.6/10] Mehdi: ""It was nice overall, I'd comeback."" || [9.6/10] Mimi: ""This place is one of best vaule of money."" || [8.0/10] Mimi: ""Very great deal"" || [10.0/10] PAUL: ""Value For Money"" || [10.0/10] Phap Van: ""Good place"""
34249576,8.7,6979,8.9,9.1,8.7,9.1,9.0,3337,926,255,215,235,"[10.0/10] thao: ""The best resort for family"" || [10.0/10] Flora Ho Yan: ""Their hospitality made me feel welcome and valued."" || [9.2/10] Charles: ""Amazing bfast, food at the grill was also outstanding."" || [10.0/10] Lionmama: ""Villa is very clean and spacious with a private pool."" || [10.0/10] apichaya: ""Because the resort is really big, clean, nice, and gorgeous!"" || [10.0/10] Monica: ""Rooms are clean, beautiful and comes with your own pool."" || [10.0/10] Lauren: ""This was our second stay, we will definitely come again."" || [10.0/10] Fang Chi: ""Beautiful beach ,great swimming pool and friendly staff."" || [10.0/10] sisi: ""酒店的白沙滩秒杀西边跟北边的黄沙，新建的儿童俱乐部跟水上乐园都很优秀，后面换去洲际娃都看不上酒店的儿童泳池了。"" || [10.0/10] Trung: ""Competent staff, excellent facilities and so much more."""
80191658,9.2,78,9.7,9.6,9.4,9.7,9.4,53,7,0,0,1,"[8.4/10] Uunee: ""I stayed here alone for 7 days and felt very comfortable."" || [10.0/10] Nitesh Singh: ""I can't believe how beautiful and clean the inside was."" || [10.0/10] Wen: ""The bed was heaven, it can even accommodate 2 persons."" || [10.0/10] Kaan: ""Place and family who are the staff is just amazing."" || [10.0/10] VIỆT THẮNG: ""Honestly, I felt like they were cleaned every 60 minutes!"" || [10.0/10] Youshra: ""Loved my stay there, owner & staff are really nice."" || [10.0/10] notCat: ""I stayed here for a short time and I really like this place."" || [10.0/10] Antonella: ""Kind staff on site and lovely online support from the owner."" || [10.0/10] Trang: ""The hostel is new, very clean, and well managed."" || [9.2/10] Lukas: ""Perfect hostel and superb staff"""
78363671,8.5,619,8.5,8.4,9.2,8.4,8.8,197,69,19,16,29,"[10.0/10] norah: ""The apartment is new and clean."" || [10.0/10] William: ""Highly commendable this property and will book it again."" || [8.8/10] Ros: ""Great location where you can see firework every night."" || [10.0/10] Ashutosh: ""Great place,  great location and great value for money"" || [10.0/10] Gaurav: ""Brilliant view of fireworks and the sunset town."" || [10.0/10] Chandan : ""The room was clean, comfortable, and well-maintained."" || [10.0/10] Loganayagi: ""Highly recommended for the family, bachelors, etc etc"" || [10.0/10] Corlesia: ""Location, value for money and cleanliness 11/10!!"" || [9.6/10] Manika: ""Clean room, great view"" || [10.0/10] phương: ""Highly recommended for a comfortable and hassle-free stay."""
11056700,8.8,593,8.8,8.5,8.7,9.3,9.1,305,101,39,31,19,"[10.0/10] Francesca: ""Amazing place, like a little apartment in a room."" || [9.6/10] Evelyn: ""The hostel is very clean, I had a very comfortable stay."" || [9.6/10] Imran: ""I stayed in a clean private double room which was very good."" || [9.6/10] Aleksandra: ""I'll be happy to stay again if I come back to PQ."" || [10.0/10] Jonil Uric : ""The reviews don’t lie, this is your perfect spot!"" || [10.0/10] Khvoshch: ""The most comfortable hotel on the whole island!"" || [9.6/10] Grace: ""Our room was nice and it is in a great location"" || [9.6/10] Thanh-Thanh: ""Hostel's price is the first choice for budget travelers."" || [9.2/10] Wendy: ""Room was very clean with basic necessities provided."" || [9.2/10] Ryan: ""Good place to stay with great AC and helpful staff."""
61378897,8.5,543,8.3,8.2,8.6,8.6,8.9,73,25,13,6,14,"[10.0/10] Mukul: ""And the host, Hau (a cool guy), treated us very well."" || [9.2/10] Holly: ""The place was amazing, so clean and the pools were lovely."" || [9.6/10] Wen Yuan: ""Hotel staff are very friendly and helpful."" || [8.0/10] Bernard: ""Neat and tidy, clean, pool view from 3rd floor is good."" || [10.0/10] Emily: ""It’s a lovely, modern and clean room."" || [9.2/10] Vaneesh: ""Reception staff was always ready to help out."" || [10.0/10] Huong: ""The room was clean and comfortable."" || [8.8/10] Marjun: ""Staff were accommodating"" || [8.4/10] Maeve: ""Lovely hotel with huge pool area."" || [10.0/10] Arnel: ""Great place to stay in Phu Quoc."""
70368927,8.4,118,8.2,8.1,8.8,8.9,8.5,52,15,5,10,8,"[9.6/10] Melody: ""Excellent cleanliness and comfortable stay"" || [10.0/10] Indumathi: ""Best location, near to everything."" || [9.6/10] Vistamika: ""Staff were friendly and welcoming throughout my stay."" || [8.4/10] Zahid: ""The rooms were clean and comfortable,"" || [9.6/10] Rahul: ""The Mexican guy at the bar is very good!"" || [10.0/10] Mian: ""The dorm is nice and clean."" || [10.0/10] Shih-Chung: ""The bed is very comfortable ."" || [7.6/10] Gillian: ""Room was spacious and clean."" || [10.0/10] Aristotle: ""Friendly and helpful Staff"""
5972590,8.7,6878,9.0,9.0,8.8,8.9,8.9,1850,522,150,134,162,"[10.0/10] Jane: ""We had our own plunge pool which the kids enjoyed very much."" || [10.0/10] Hoa: ""Hotel is clean and new with fantastic facilities."" || [10.0/10] Siddharth: ""They gave us great rooms on top floor with sea view."" || [8.8/10] Diep: ""The quality and cleanliness of the food is outstanding."" || [10.0/10] Ichiko: ""Which made it very convenient to prepare our own meals."" || [10.0/10] Albert: ""The location was superb with pristine beaches nearby."" || [10.0/10] Tuyen: ""The beach and resort are all beautiful and services are top,"" || [10.0/10] Silvia: ""You can not miss saturday pool bubble party, it was awesome."" || [10.0/10] Huy: ""Nice room, good beach, very clean and calm beach."" || [7.6/10] Caroline: ""The best part is great  beach in front of resort to enjoy."""
85760429,8.9,10,9.5,9.3,9.0,9.5,10.0,7,0,1,0,0,"[10.0/10] Nguyen: ""Nice hotel, good location and affordable!"" || [10.0/10] Nguyen: ""Highly recommend"""
47613575,8.6,2582,8.6,8.6,9.2,8.5,8.9,1275,360,125,101,157,"[9.2/10] JITENDRA: ""We had a fireworks view room and its worth the money."" || [9.2/10] Amira Alia: ""Clean apartment, great view, and a pleasant stay overall."" || [10.0/10] Nurul Nabihah: ""The room was excellent with sea view and fireworks view."" || [9.2/10] Yasmine: ""I stayed here 2 weeks and I would definitely come back."" || [10.0/10] nur: ""The room was clean, comfortable, and well-maintained."" || [10.0/10] Nor: ""The best experience for me and family to stay here."" || [10.0/10] Tuyet: ""We have 2 bedrooms and a spacious living room + 2 bathrooms."" || [10.0/10] Kevin: ""The room is huge, clean, and has a wonderful view."" || [10.0/10] Bõbby: ""The apartment was very well kept, spotlessly clean and tidy."" || [10.0/10] siti: ""The apartment’s location was ideal with a stunning  seaview."""
39687976,7.9,318,8.2,7.8,8.2,8.1,8.3,121,43,18,14,42,"[10.0/10] Harry: ""That said, the hotel is very nice and in a great location"" || [10.0/10] EMIE: ""We had a truly memorable stay at this hotel!"" || [10.0/10] CHAN: ""Owner couples are easy going & very helpful."" || [9.6/10] Gianna: ""Almost perfect hotel, with great staff and location"" || [9.2/10] Andrijana: ""Great price, location and modern view of the room,"" || [8.4/10] Alex: ""Its standout feature is the owners' exceptional hospitality."" || [10.0/10] Dylan: ""The staff at Golden Dragon are very nice and helpful."" || [9.6/10] Michael: ""1 minute walk to beautiful beach."" || [9.2/10] Tomas: ""Great accomodation for the price"" || [9.2/10] Celmax: ""I had a great stay at Golden Dragon Hotel."""
5442703,8.9,2517,9.2,9.0,9.0,9.0,9.0,1431,315,99,68,98,"[10.0/10] Rahul: ""Don't miss the happy hours at the pool and beach bars."" || [9.2/10] Wong: ""We love the facilities and easy access to the beach."" || [9.6/10] Matthew: ""Overall we really enjoyed our stay stay at the Radisson Blu."" || [10.0/10] Arun: ""The rooms were just too good, layout, bedding and the views."" || [10.0/10] Tair: ""Thank you so much for perfect vocation and perfect service!"" || [10.0/10] Ajay: ""Would definitely stay here again for a beach/resort holiday"" || [10.0/10] Avinashkumar: ""Room was clean and they arranged for the crib as requested."" || [10.0/10] Karthik: ""Overall, a fantastic resort that I would happily return to!"" || [10.0/10] Manan: ""Their effort was really appreciable and touching."" || [10.0/10] Lek: ""It has beautiful private beach and kids club for my child."""
85404266,9.1,80,9.8,9.6,8.7,9.8,9.2,22,3,0,1,0,"[10.0/10] Leo: ""We will come back to this property on our next visit!"" || [10.0/10] Elle: ""The cleanest accommodation with the best staff."" || [10.0/10] Ibrahem: ""The owners made us feel at home and safe with them."" || [10.0/10] Quang: ""We had a wonderful 2-night stay here."" || [9.6/10] Solomon: ""The staff at the hotel are SO kind!"" || [10.0/10] Camille Paraino: ""Best place to stay in Phu Quoc"" || [8.8/10] Jieboy: ""Exceptionally clean room"" || [10.0/10] Ẩn danh: ""Thank you hadu for making our holiday 10stars"" || [10.0/10] Ravichandran: ""Had the best time in Hadu,loved it"" || [10.0/10] Kadir Mert: ""I highly recommend it to everyone🥰"""
88064160,8.8,23,9.1,9.1,9.5,9.6,9.4,12,2,0,0,1,"[10.0/10] abdelli: ""You can watch the fireworks from an amazing view"" || [10.0/10] Michael: ""Best value for the money"" || [10.0/10] abdelli: ""The room was cleaaan"" || [10.0/10] abdelli: ""Perfect spot"" || [10.0/10] Michael: ""Highly recommended!!"""
9776735,8.8,5718,9.1,9.2,8.6,9.3,9.0,2247,550,151,148,142,"[9.6/10] Terry: ""The main pool is great with plenty of places to chill out."" || [9.2/10] Tina: ""One of the most beautiful resorts I have ever stayed in,"" || [10.0/10] Michael: ""The grilled skewers at the swimming pool were great!"" || [9.6/10] kate: ""Breakfast the best we’d all ever had anywhere in the world."" || [10.0/10] Kin Wing Eric: ""I will no doubt to recommend all to stay in Pullman Hotel!"" || [9.2/10] Qian: ""The room had direct access to the pool, which was amazing!"" || [10.0/10] Fong: ""The hotel facilities are awesome and staffs are friendly."" || [9.6/10] christian: ""You can really feel the high standard in every detail."" || [9.6/10] Linda: ""The kids enjoyed kids club and the small outdoor area."" || [8.0/10] pamelyn: ""Also, it has a private beach with a nice sunset view."""
4968811,9.2,7077,9.4,9.2,9.3,9.5,9.3,3039,608,134,106,70,"[10.0/10] Minh Son: ""The breakfast was good and great view for airplanes landing."" || [10.0/10] ramganesh: ""Very good staffs, incredible food, everything was awesome!!"" || [10.0/10] Klara: ""The staff were attentive and always ready to help promptly."" || [9.6/10] Abhishek: ""The infinity pool was the highlight of the stay"" || [10.0/10] ling: ""They also have a gym which has all the basic equipments."" || [9.6/10] Jacob: ""The view of the ocean from the pool was unforgettable."" || [10.0/10] Martin: ""The hotel is very modern, friendly, and well equipped."" || [10.0/10] Badar: ""The room was spacious and very comfortable."" || [10.0/10] Ellen: ""Rooms were beautiful and cleaned every day with care."" || [10.0/10] Pamela: ""Rooms were unbelievable and luxurious, a real treat."""
2430159,9.0,14685,9.2,9.0,9.5,9.1,9.0,8396,2232,445,408,368,"[10.0/10] Jaruwan: ""We had a wonderful time that we stay in this hotel."" || [10.0/10] Byeongeun: ""The swimming pool was pristine and perfect for our family."" || [10.0/10] Garry: ""The staff are exceptional as are the amenities."" || [10.0/10] Steffi: ""Room is clean and tidy, with a pretty hat 👒 provided for use"" || [10.0/10] Paige: ""The service was incredible and super quick with everything."" || [9.6/10] Omeid: ""What truly stood out, however, was the exceptional service."" || [8.0/10] Maung Maung: ""Location was great for both south and north Phu Quoc area."" || [9.6/10] Tina: ""Perfect location, great pool, big room and nice bathroom."" || [10.0/10] Jen: ""Overall, we have a great stay and great value for money."" || [9.2/10] chow: ""Clean room with great ocean views and excellent location"""
6352970,8.7,4209,8.9,8.6,9.0,8.9,9.2,2152,713,229,168,134,"[9.2/10] Yoong: ""The room is enough to cater to 1 coffee table and 2 chairs."" || [10.0/10] Arun: ""Very nice rooms and newly built with all modern facilities"" || [9.6/10] Elizabeth: ""Enjoyed my 4 nights here would definitely come back"" || [10.0/10] WEI: ""It really superb service and good environment in this hotel."" || [10.0/10] PANUTSAYA: ""This hotel is very good the staff upgrade our rooms for us."" || [8.0/10] Maya: ""Very nice hotel , we got upgraded and enjoyed it very much"" || [8.4/10] Mohamad: ""It's so comfortable and had an enjoyable sleep at night."" || [8.4/10] Bee: ""Wifi speed is very Good.. This hotel is value for money."" || [9.6/10] Tsz Kiu: ""The house keeping team are excellent and hard working👍🏼"" || [10.0/10] 껍질: ""I felt great because the room was so clean."""
625168,8.8,11198,9.0,9.0,8.7,9.0,9.0,4529,1302,398,307,338,"[10.0/10] scott: ""You could not find a better place to vacation than Vinpearl."" || [10.0/10] Soumya: ""Widepread breakfast options with some indian option as well."" || [9.2/10] Tram: ""Excellent customer service and very good buffet for 3 meals."" || [9.6/10] Leo: ""Beautiful resort, great beach and pool, with very good food."" || [9.6/10] Kshitij: ""Vinpearl is an amazing property located right on the beach."" || [9.6/10] Subhashree: ""Had the best stay at Vinpearl, a little far from the city."" || [8.0/10] Sin Lun Thomas: ""It was the ideal spot to relax or enjoy water activities."" || [10.0/10] Cindy: ""The service was wonderful from bell hop to room service."" || [9.6/10] Tin: ""Staffs are polite and helpful if you need informations."" || [9.6/10] Aruna: ""Rooms were very clean and room service was excellent."""
29461033,8.9,250,9.5,9.0,8.4,9.4,9.2,132,31,6,8,6,"[9.6/10] Hema: ""I have fully satisfied with their service and facilities."" || [10.0/10] Ishai: ""The internet connection worked perfectly fine for our needs."" || [9.6/10] Pedro Ivo: ""The owners/staff are amazing, super friendly and helpful."" || [8.8/10] Antonella: ""The garden and pool are superb, I loved that!"" || [10.0/10] David: ""Ye would park my motorbike inside for me when I’d get back."" || [10.0/10] Giane: ""Very clean and quiet and amazing staff!"" || [9.6/10] Norman: ""The receptionist/owner was very professional and helpful."" || [7.2/10] akshay: ""Apart from the rooms are huge, clean and simply amazing."" || [9.6/10] Christal: ""Thanks for a very wonderful stay at Hill Star."" || [10.0/10] Akshada: ""The staff is very friendly and supportive."""
59358953,8.0,1678,7.9,7.8,8.9,7.7,8.2,407,132,47,51,145,"[10.0/10] Rajini: ""Thank you, Tui, for your kindness and great hospitality."" || [10.0/10] ROHAIZI: ""The hotel location was perfect, spotless and spacious."" || [10.0/10] Jyoti: ""My stay was only for one day but it was really good."" || [10.0/10] Dashrath: ""Full freedom and exciting infinity pool and view from room"" || [10.0/10] Jainam: ""Absolutely a fantastic property with an unforgettable view"" || [8.4/10] Pravin: ""Would definitely stay again if I return to phu quoc."" || [7.2/10] Eakom: ""It offers a sea view and a view of the Kiss Bridge."" || [9.2/10] Noushad: ""Had a wonderful stay at La Isla Hotel & Apartment."" || [10.0/10] Prakitthanant: ""I definitely do not regret choosing to stay here."" || [10.0/10] Kim: ""Best view in Phu Quoc with very friendly service."""
35312609,8.4,3323,8.5,8.2,9.0,8.9,8.7,1170,472,157,149,139,"[10.0/10] Andrew: ""Location perfect staff exceptional and food fantastic."" || [9.2/10] kapil: ""The room was excellent with all necessary modern amenities."" || [10.0/10] Lim: ""The room is face with seaview and the sunset is beautiful."" || [10.0/10] Joanne: ""Friendly helpful staff , room nice and clean,  comfy beds."" || [10.0/10] Oanh Thi: ""Will stay here again when we are coming to Phu Quoc again."" || [9.6/10] YAN YIN: ""The hotel is well-situated, two-min walk to the beach."" || [10.0/10] Hema: ""Location is perfect as its in the heart of the city."" || [10.0/10] Gemma: ""Great location right near the beach and the supermarket etc."" || [10.0/10] Rena: ""Will definitely book this hotel when I visit phu qouc again."" || [10.0/10] manh cuong: ""Best ocean view at the rooftop bar and restaurant."""
34479033,9.2,469,9.4,9.1,9.5,9.7,9.5,165,27,6,4,3,"[10.0/10] Margaret: ""The staff was really nice and nice to see he always smile."" || [10.0/10] Nur: ""The room is spacious enough, clean and comfortable."" || [10.0/10] Nguyen: ""The room price was very reasonable for the quality provided."" || [8.4/10] syed: ""But the staff Thom who took care of us is unbelievably good."" || [9.2/10] Naja: ""The staff are friendly and provide the best service for us."" || [9.6/10] Jiaying: ""Our Room is spacious, nicely decorated, bright and quiet."" || [10.0/10] Hải Thuỳ  Linh: ""Mộc for a memorable stay on Phú Quốc Island."" || [10.0/10] Sean: ""It was a lovely and clean space to spend the night."" || [10.0/10] Nuttanun: ""I recommend anyone who wants to come to stay here."" || [10.0/10] Soy: ""Staff Very Helpful, Take Care, Respectful, and Warm welcome."""
17242876,8.8,11314,9.1,8.8,9.3,9.0,9.0,5339,1507,409,352,311,"[10.0/10] Elizabeth: ""Thank you to the staff who made this stay so enjoyable."" || [10.0/10] Pai: ""The room was clean, comfortable, and very well maintained."" || [10.0/10] Pai: ""The room was clean, comfortable, and perfect for families."" || [10.0/10] Terry: ""Rooms are clean, quiet and with great view to vinwonders."" || [10.0/10] Ahmed: ""The rooms were clean, comfortable, and well maintained."" || [10.0/10] Muhammad Adam Rayyan: ""Great place for a family get away"" || [10.0/10] PATEL: ""Very good place to visit , excellent and polite staff"" || [10.0/10] Alonso: ""Definitely try to get a pool-view room if you can!"" || [10.0/10] ขวัญชัย: ""Clean, Good location with very friendly and friendly staff."" || [10.0/10] Shiv Kumar : ""Breakfast had lot of options and everything was very tasty."""
181816,8.6,130,8.3,8.6,9.2,8.9,8.8,67,20,3,2,9,"[10.0/10] Việt Bình: ""I had a truly wonderful two-day exprience at Hawaii Resort."" || [9.2/10] Sanni: ""Hawaii Resort is right next to beach with amazing sunsets."" || [10.0/10] Pawan: ""This property made my whole phu qouc journey so amazing."" || [10.0/10] Swadesh: ""I would recommend everyone to try this amazing stay"" || [8.0/10] Natalia: ""We stayed in Hawaii already 3 times in a garden bungalow."" || [9.2/10] Tristan: ""The swimming pool is huge and the breakfast is excellent."" || [10.0/10] Amelia: ""Our room was right next to the beach which made it easy."" || [9.6/10] Mr: ""⭐️⭐️⭐️⭐️⭐️ Would stay again 100% – exceeded expectations"" || [10.0/10] JIAHUI: ""Secondly, the hotel has a beach and swimming pool."" || [8.8/10] Jennifer: ""It’s affordable and rooms are simple but clean."""
36794957,8.1,835,8.0,7.7,8.7,8.3,8.2,142,88,28,31,36,"[8.8/10] Sabir: ""Great hotel with fabulous location and it's Value for Money"" || [10.0/10] Sivakandan: ""The hotel’s facilities exceeded my expectations."" || [10.0/10] Anastasia: ""The location was perfect, in the middle of city center."" || [9.6/10] Hoke: ""I don't like being claustrophobic so my room was great."" || [8.8/10] Denis: ""I was delighted with the room and service."" || [10.0/10] Van: ""Good breakfast, nice room, friendly staff."" || [10.0/10] LÊ: ""The staff are very friendly and attentive."" || [10.0/10] Yat San: ""A comfortable hotel with all the basic necessities."" || [10.0/10] Rajput: ""Great Hotel, Break fast excellent,  room superb"" || [9.2/10] Paras: ""Overall stay was nice and good value for money!"""
92655779,9.8,11,9.8,9.6,10.0,9.8,9.8,10,1,0,0,0,"[10.0/10] Nhan: ""The view was beautiful and the room felt very comfortable."" || [10.0/10] Lan: ""The staff were friendly and helpful throughout our stay."" || [10.0/10] huy: ""The hotel was clean, comfortable, and well equipped."" || [10.0/10] Van: ""The staff were warm, attentive, and always willing to help."" || [10.0/10] vu: ""Overall, a wonderful place to stay and highly recommended!"" || [10.0/10] Trangzz: ""The staff were very friendly, helpful, and welcoming."""
37712446,9.0,765,9.3,9.0,9.5,9.3,9.2,474,91,26,23,17,"[10.0/10] Sri: ""I love stay here !! The place the view the vibe so ohsem"" || [8.4/10] Nia devita: ""Very good service, and I got a free room upgrade, thank you"" || [10.0/10] Akshay: ""Definitely recommended for this cute and beautiful place"" || [10.0/10] Vanessa: ""The staff are friendly, and the rooms are clean :))))"" || [10.0/10] Syawal: ""Big room with big space but really cheap, clean, smell good"" || [10.0/10] Izwan: ""Also got kitchen inside.. will here again for my next trip"" || [9.6/10] Howard: ""Lovely hotel, excellent location, lovely staff."" || [10.0/10] Jennelyn: ""Would certainly be staying at the hotel again."" || [10.0/10] Paul: ""Has everything you will need and the staff is helpful!"" || [10.0/10] Ainaa: ""I love the daily cleaning which is top tier."""
85141652,8.3,65,8.5,8.4,8.2,8.9,8.7,29,8,5,2,5,"[10.0/10] Muhammad Faizan: ""It was amazing experience living in Cosi beach hotel."" || [8.8/10] Gene: ""The room was spacious and brand new with a large comfy bed."" || [10.0/10] Himanshu: ""And the breakfast was fresh and delicious every morning."" || [7.6/10] Kusum: ""The room price are steal the deal"" || [9.2/10] mahesh: ""Very good location"" || [9.2/10] Bertram: ""Lovely Place for Peace and Quiet"" || [7.6/10] chua: ""Good stay with amazing staff"" || [10.0/10] NGUYỄN: ""Good price & friendly host"""
48370,8.9,2381,9.0,8.7,8.8,9.1,8.7,959,344,152,58,54,"[9.6/10] Donna: ""Thank you to all the staff for making it such a lovely stay."" || [10.0/10] Duy: ""The sea view villa is such a healing and comfortable place."" || [8.4/10] Santanu: ""The spa space is serene, tranquil, beautifully done up."" || [9.2/10] le: ""By far my most favourite place to stay in Phu Quoc."" || [10.0/10] Elaine: ""One of my favourite resorts in 10 weeks of travel."" || [9.2/10] Lynn: ""Perfect environment with nice restaurants and spa on site."" || [10.0/10] Margaret: ""From start to finish our visit to Mango Bay was faultless."" || [10.0/10] 宣妘: ""The breakfast quality and variety is excellent."" || [10.0/10] hanna: ""The staff is wonderful - helpful and friendly."" || [9.6/10] Markus: ""I really love the Mango Bay, my favorite in Phi Quoc."""
1157572,8.7,5363,8.9,8.9,8.9,8.9,8.9,2628,892,261,198,222,"[8.0/10] Richard: ""Great pools and buffet breakfasts  and close to the beach!"" || [9.2/10] Geoff: ""Great facilities, lovely grounds and very attentive staff."" || [8.0/10] Abdullah: ""Breakfast was great, with a wide variety of options."" || [9.6/10] choutac: ""The swimming pool is dreamy, and we loved the giant hammoc."" || [10.0/10] daniel: ""The location was great near the market and the sea not far."" || [10.0/10] Lin: ""Breakfast was perfect and staff ensure food is sufficient."" || [7.6/10] Jeong: ""The location of this hotel is truly beautiful and superb."" || [10.0/10] Manoj: ""Excellent Hotel with Good Location and Awesome Amenities!"" || [8.8/10] Ruen Ying: ""Overall, we had a great stay at Novotel Phu Quoc Resort."" || [10.0/10] Thomas: ""The staff, food, rooms, pools, were all great!"""
1147156,9.0,1195,9.3,8.5,9.1,9.6,9.4,730,203,50,36,17,"[10.0/10] joanne: ""It’s in a fantastic location and the staff are so friendly."" || [10.0/10] Ryan: ""The WIFI very reliable as I needed to work everyday."" || [10.0/10] Risha: ""The bungalow itself was clean, cozy, and peaceful."" || [10.0/10] Attila: ""It is a new hotel with passionately kind and helpful staff."" || [10.0/10] Katherine: ""I cant even start to explain how lovely the bungalows were."" || [10.0/10] dhriti: ""The room was impeccably clean and the property is gorgeous."" || [9.2/10] Jorge: ""The location is very good and the staff is incredibly nice."" || [9.6/10] Lennart: ""I used it for one night and really appreciate it!"" || [10.0/10] ARATA: ""Very clean and comfortable room, kind and friendly staffs."" || [10.0/10] Katherine: ""Everything was clean and great value for money."""
87341728,9.8,2,10.0,10.0,9.0,10.0,10.0,1,0,0,0,0,
1266957,8.5,4302,8.7,8.6,8.2,8.8,8.7,1852,815,289,228,246,"[10.0/10] James: ""Security manager Jack Pham is very impressive, professional."" || [10.0/10] Reuben: ""Room and service was of great quality and comfort."" || [10.0/10] Stephanie: ""The breakfast buffet is delicious and has so many options!"" || [10.0/10] Katrhyn Aimee: ""We had such a wonderful stay at SOL by Meliá Phu Quoc!"" || [10.0/10] Anjali: ""The breakfast buffet was amazing with wife variety."" || [10.0/10] kary: ""We enjoyed the cooking class, yoga, archery and free kayaks."" || [8.0/10] Lin: ""Other than that, it was a really good stay for us."" || [8.0/10] Lubna: ""Thanks to the staff who made sure to be get all what I need"" || [10.0/10] Vania: ""Breakfast was beautiful and the swim up bar was very handy."" || [8.8/10] Mika: ""Pool, private beach, friendly staff, nice breakfast buffet."""
51082457,9.1,684,9.4,9.0,9.6,9.4,9.3,457,75,18,9,19,"[10.0/10] Venus: ""I would definitely stay here again when I visit Phu Quoc."" || [10.0/10] malvika: ""The location was perfect and the facilities well-maintained."" || [9.6/10] Paper: ""We highly recommend this hotel and hope to return soon!"" || [10.0/10] Danis: ""I love the way the hotel was decorated and kept clean."" || [8.0/10] pradya: ""Location just next to La Festa, opposite Kraft Beer."" || [10.0/10] Rens: ""Rooms are nice and clean, can see the fireworks every night."" || [10.0/10] Briony Sturgis: ""Amazing stay, spacious room with breathtaking view"" || [10.0/10] Joeun Hwang: ""Our room have sea view, good location, perfect breakfast."" || [10.0/10] nazareth: ""Watching firework shows from our room balcony is a BONUS."" || [10.0/10] Vu Tran Nhat Minh: ""The staff were very friendly and always willing to help."""
9612717,8.9,3441,9.0,8.9,9.2,9.1,8.9,1522,422,104,104,90,"[10.0/10] Haris: ""The room itself was spacious, clean, and very comfortable."" || [10.0/10] Qian: ""The service staff is also very friendly."" || [10.0/10] MONICA: ""The beachfront location here is unbeatable for sunset views."" || [9.6/10] Richard: ""We warmly recommend this hotel to anyone visiting Phu Quoc."" || [10.0/10] Alvin: ""Our room was clean, comfortable, and impeccably maintained."" || [10.0/10] Dhruv: ""I am in love with the hotel premises and it's maintenance."" || [10.0/10] Nitin: ""Excellent hotel with a very nice beach view from balcony."" || [10.0/10] Mandar: ""The absolute highlight of our trip was the resort staff."" || [10.0/10] Grant: ""This venue is a masterclass in laid-back elegance."" || [10.0/10] Gabriella: ""Sunset Beach provided the perfect setting for our honeymoon."""
296330,7.2,2626,7.0,6.5,8.1,7.4,7.2,547,578,306,345,532,"[8.0/10] William: ""The value and location (right on the beach) are unbeatable!"" || [9.6/10] Jack: ""Room was great can’t complain about anything with it."" || [9.6/10] debra: ""The staff here are wonderful! Very kind and helpful."" || [10.0/10] Riad: ""Great location surrounded with coll eateries and bar"" || [9.2/10] Jesse: ""Near everything, on the beach, walkable to town."" || [9.6/10] Sean: ""The noise at the hotel was minimal and my room was great."" || [10.0/10] Aparna: ""Beautiful beach resort at a very good location."" || [9.6/10] Эля: ""Special thanks to the staff for keeping the rooms clean."" || [8.4/10] William: ""Great location, great value and great staff!!!"" || [8.8/10] Pieter: ""Always end up extending our trip ,great place"""
87869906,9.7,8,10.0,9.4,10.0,9.7,10.0,5,1,0,0,0,"[10.0/10] HAN: ""I feel really lucky to have stayed at this apartment."""
1158643,8.4,2541,8.4,8.1,8.9,8.5,8.4,729,424,156,133,112,"[8.0/10] Văn: ""The staff were friendly and the housekeeping was top-notch."" || [9.6/10] Jessica: ""I was pleasantly surprised when they upgraded our room."" || [10.0/10] Andy: ""Direct access to the most popular part of long beach."" || [8.8/10] Janette: ""If we went again, I would definitely stay at the same hotel."" || [9.6/10] Jacqueline: ""They have a beach bar and massages also right on the beach."" || [10.0/10] Karen: ""We had an ocean view room with a balcony, amazing sunsets."" || [10.0/10] Sofyan: ""You have good service, good place and good private beach."" || [10.0/10] Richard: ""The location is excellent—just a short walk to the beach."" || [10.0/10] Paul : ""Excellent pool, great bungalow and very helpful staff"" || [10.0/10] Ken: ""Really enjoyed my five days at the Tropicana Resort."""
83129371,8.9,511,9.3,8.8,9.3,9.4,9.0,177,38,10,10,8,"[10.0/10] Tom: ""The pool was very nicely done and breakfast was excellent."" || [10.0/10] Kim: ""Rooms very clean and quiet at night to rest from tours."" || [10.0/10] Tun: ""- Wide, clean, nice family room with Netfix (60"" TV)"" || [10.0/10] Tina: ""We would definitely come back to stay at this hotel."" || [10.0/10] Mary: ""Wonderful place to stay, quiet rooms, lovely staff."" || [10.0/10] Matthew: ""Clean hotel not noisy in a very central location."" || [10.0/10] karl: ""Spotlessly clean with friendly helpful staff."" || [10.0/10] St: ""Fairly new hotel with HUGE beautiful rooms."" || [9.2/10] Stuart: ""It's a pleasant hotel and excellent value for money"" || [7.2/10] Ilhwan: ""I truly enjoyed my stay at Bailey Hotel."""
64861936,9.0,211,9.5,9.1,9.5,9.4,9.2,48,9,2,0,2,"[9.6/10] Hannah: ""Lovely shower and perfect location to explore Hue."" || [10.0/10] Anselm: ""Very clean room and nicely designed."" || [10.0/10] Ben: ""Walking distance from nightlife and good food options."" || [10.0/10] Nguyễn: ""The room is 100% sqeaky clean, organized."" || [8.8/10] Jasmine: ""Staff is very nice and the room was comfortable 😊"" || [10.0/10] Duc: ""Staff are lovely and facilities are boutique AF."" || [10.0/10] Ẩn danh: ""Friendly staff, right on Hue walking street."" || [10.0/10] Erika: ""Enjoyed my time at 1995S Hostel."" || [10.0/10] Janice: ""Very nice Deluxe Double room!"" || [10.0/10] Clare: ""Great location, good sized bed and facilities."""
30095600,8.6,295,9.2,8.8,7.6,9.2,8.8,128,45,16,12,15,"[9.6/10] Eleonora: ""Overall, the staff were extremely warm and hospitable."" || [10.0/10] Shariz: ""We had the garden view where we can also see the sunset."" || [9.2/10] Gaia: ""Highly recommend if you’re looking for a quiet peaceful stay"" || [9.6/10] An: ""They offer bicycle and motorbike rental services."" || [10.0/10] Artem: ""Two girls on reception were so kind and helpful, also cute"" || [10.0/10] PEI SHAN: ""Every experience at this homestay was so decent,"" || [9.2/10] Davy: ""Beautiful hotel & location."" || [8.4/10] Lê: ""Staff is very friendly and willing to support."" || [9.2/10] Scott: ""Staff was very attentive."" || [10.0/10] Furkan: ""If i have a time %100 i would extend my stay."""
5663891,9.4,9560,9.6,9.4,9.5,9.5,9.3,3504,486,97,74,64,"[9.6/10] Angela: ""One of if not the best hotel we have ever stayed in"" || [8.8/10] Chia Hsing: ""Great breakfast with many choices to fill up in the morning,"" || [10.0/10] TAEYOUNG: ""Other staffs also served very professionally on my requests."" || [10.0/10] Kyle: ""The staff always had great attitudes and were eager to help."" || [10.0/10] Kinh: ""I will try another Vinpearl property in Viet Nam this year."" || [10.0/10] Khoa: ""They went above and beyond to make sure my room was right."" || [9.2/10] Andrea: ""The facility was new, very clean and staff were friendly."" || [9.6/10] Christine: ""The first hotel I've been to with consistent hot showers."" || [9.6/10] Bradley: ""Good hotel, great bar, great breakfast and awesome staff"" || [10.0/10] Khiam Neng: ""I fell asleep almost immediately the moment I lay on it."""
34198470,9.1,4090,9.7,9.5,8.6,9.6,9.5,1784,222,62,50,48,"[10.0/10] Hoa: ""Overall, our stay at this 5-star hotel was simply perfect."" || [9.6/10] miae: ""The breakfast is delicious and there are lots of choices"" || [9.6/10] Vincenzo: ""The hotel is new great facilities with fantastic staff"" || [10.0/10] Nga: ""And the overall atmosphere makes for a relaxing stay."" || [10.0/10] ly: ""The room was spacious and the service was excellent."" || [9.2/10] Mark: ""Room was amazing (suite) with great views from the bath tub."" || [10.0/10] Huynh Uyen Nhi: ""The services are amazing - must check out their spa service."" || [9.6/10] Elena: ""Loved my first night so much, I have extended for another 2."" || [9.2/10] Jeannie: ""Amenities were great, would definitely recommend."" || [9.2/10] Estelle: ""The service was perfect, the room are very nice and clean."""
78424913,9.2,540,9.5,9.1,9.5,9.5,9.5,59,10,1,1,1,"[10.0/10] Yesica: ""The room was spotless, and everything was well maintained."" || [10.0/10] Harry: ""The rooms where all clean and the beds where spot on."" || [10.0/10] Natalí: ""I had a private room, everything was perfect, clean."" || [10.0/10] Merle: ""I would definitely stay there again and recommend it 10/10."" || [9.6/10] Fatema: ""Wonderful hosts, very clean accomodation!"" || [10.0/10] Kevin: ""The room was clean and the staff was super nice."" || [9.2/10] Chloe: ""Good location to the walking street and other activities."" || [10.0/10] barbara: ""Priv rooms are very big and spexiouse."" || [9.6/10] Ana: ""We also had a private bathroom in the room."" || [10.0/10] Jong BEOM: ""I would like to live here"""
237273,8.6,2776,8.8,8.4,8.8,8.9,8.6,885,427,125,115,79,"[10.0/10] THAT HOA: ""The rooms are modern, clean, and the staff is very friendly."" || [10.0/10] Dan: ""Mondial is a great place for staying when visiting Hue."" || [10.0/10] jeruel: ""We love our room, clean, and the bed is the best."" || [10.0/10] LEE MARK: ""Will patronize this hotel every time I will stay in Hue."" || [7.6/10] P: ""The hotel is modern with spacious rooms and amenities."" || [9.2/10] Phuong Mai: ""The room is clean and has beautiful view to the city."" || [9.6/10] Joanna: ""Can recommend with no doubt, fantastic place to stay"" || [9.6/10] Gabriele: ""Room was incredibly cleaned and staff was amazing."" || [10.0/10] christopher: ""It’s my new favorite 4 star hotel in the world."" || [9.2/10] Rick: ""We enjoyed our stay in this older but still nice hotel."""
70624,9.1,5799,9.2,8.9,9.5,9.3,9.1,2538,651,183,130,88,"[10.0/10] Aida: ""Staff was very friendly and helpful with issue of booking."" || [10.0/10] James: ""And the concierge, Mr. Van Duc, is attentive and friendly."" || [10.0/10] Loveleen: ""Definitely recommend this hotel if you are visiting Hue."" || [9.2/10] William: ""Great location and beautiful window views from the room"" || [8.4/10] Don Clement Kithsiri: ""Beautiful big hotel with extra spacious room with good view."" || [10.0/10] Imaara: ""And the staff delivers top-notch customer service."" || [10.0/10] 형규: ""Highly recommend staying in this hotel if you stay in Hue."" || [9.6/10] Margaret: ""Great facilities, beautiful spacious rooms, good location."" || [10.0/10] Gunjan: ""Great hotel, great staff, pool, breakfast and lovely spa."" || [9.6/10] Martin: ""I cannot recommend this hotel and its staff more highly."""
66751260,8.8,573,9.1,8.6,9.4,9.4,9.0,274,75,18,23,9,"[10.0/10] Ivan: ""The rooms are tastefully furnished, clean, and comfortable."" || [10.0/10] Rutchel: ""The hotel was clean, comfortable, and in a great location."" || [10.0/10] Sophie: ""Nice room, clean, updated recently with comfortable beds."" || [9.6/10] Petr: ""Very warm welcome and great services from hotel staff"" || [8.0/10] NOVALEE: ""Clean, good breakfast, friendly staff and great service.❤️"" || [9.6/10] Edgar: ""Breakfast was amazing with a lot of options for any taste."" || [10.0/10] Dondon: ""It’s modern, spotless, and beautifully designed."" || [10.0/10] Nguyễn Chí Thu Na: ""The room is neat with bright lights and clean facilities,"" || [9.2/10] Richard: ""Room is nice and staff are friendly."" || [10.0/10] Randy: ""We just spent 2 nights at Elegant Hotel and we loved it."""
91983217,7.4,5,7.5,5.0,7.5,10.0,10.0,,,,,,
63990397,8.9,172,9.0,8.8,9.5,9.6,9.2,99,17,5,6,5,"[10.0/10] David: ""Its a clean place, with food in the room if needed."" || [10.0/10] Nina-Iris: ""The location is perfect close to the riverfront,"" || [10.0/10] Amy: ""And the bathroom? Oh my... that was a GREAT BATHROOM! 😀."" || [9.6/10] Steven: ""Wonderful helpful staff, very clean, no negatives."" || [10.0/10] Alexander: ""The staff at Amy Hotel were absolutely wonderful."" || [10.0/10] Akash: ""Very good value hotel with lovely helpful staff."" || [8.8/10] Jared: ""Overall, I would say I had a wonderful stay at Amy Hotel."" || [9.6/10] Nicholas: ""Very good place to stay if it is your first time in Hue."" || [10.0/10] Dawn: ""Service doesn't come any better this 👍"" || [10.0/10] Anna: ""Always stayed in touch and ready to help with everything."""
80171166,8.5,72,8.3,7.9,9.4,8.7,8.4,18,4,0,1,2,"[10.0/10] Anh: ""Super clean & tidy, friendly staffs, good location."" || [10.0/10] Meggie: ""Clean and neat"""
56301218,9.1,255,9.2,8.9,9.5,9.5,9.2,167,29,10,4,8,"[10.0/10] Thomas: ""Lovely place, clean and friendly staff, would 100% recommend"" || [9.6/10] James: ""Extremely cheap for all the service and quality you receive."" || [10.0/10] Quynh: ""It seems like they care a lot ổn the details of this place."" || [10.0/10] Steve: ""Rooms are simple and comfortable, with everything you need."" || [10.0/10] Simon: ""The stay at this homestay was incredibly relaxed"" || [9.2/10] Lorena: ""The room was fine and, most importantly, clean."" || [8.8/10] Ẩn danh: ""My room was a decent size and everything was clean."" || [9.6/10] Joana: ""I stayed for two nights and it’s a lovely homestay."" || [10.0/10] Alessandra: ""Located in the centre with main attractions nearby."" || [10.0/10] Mirco: ""Homestay was great but the staff was even greater."""
12774972,8.8,415,9.3,8.9,8.6,9.5,9.0,222,58,20,16,13,"[9.2/10] Carly: ""The kids particularly loved the mezzanine beds and pool,"" || [9.6/10] Hang: ""A very nice place to heal my soul, with quiet and fresh air."" || [9.6/10] Lisa: ""The pool was a welcome sight for a hot traveller."" || [10.0/10] renee: ""The place was incredibly clean and beautiful."" || [8.4/10] Lois: ""When we come back we will choose this place again."" || [10.0/10] Nguyen: ""I stayed in the dorm four nights and it was great!"" || [10.0/10] Breezy: ""The facility is clean and the staff is extremely welcoming."" || [10.0/10] Manuel: ""Very beautiful house with relaxing pool"" || [10.0/10] Anh: ""The largest room with pool around is fantastic and unique."" || [9.2/10] Wanderer: ""Stuff was really friendly and awesome rooms."""
487432,9.0,1265,9.3,8.6,8.7,9.5,9.2,747,238,76,41,25,"[10.0/10] Ko Ko Oo: ""The rooms were spacious, clean, and very comfortable."" || [10.0/10] Megan: ""The room was very clean and the beds were very comfortable."" || [10.0/10] Huỳnh Vương Minh: ""Helpful staff, spacious room, EZ to access to other places!"" || [10.0/10] Abel: ""I had a fantastic stay at this hotel during my trip to Hue."" || [8.0/10] KWOK SING: ""The hotel room is large and the facilities are very good."" || [9.6/10] Nhật Huy: ""The room we had was perfect and very clean."" || [9.6/10] Christopher: ""Also located a short walk away from many restaurants."" || [9.6/10] Natasha: ""Steps to restaurants, laundry, spas, pharmacy, and shopping."" || [10.0/10] Roger: ""They arranged for our transit and trips and did a great job."" || [8.4/10] Nathalie: ""The staff are professional and available to help."""
223212,9.2,3117,9.5,9.3,9.1,9.5,9.3,1567,308,67,55,35,"[10.0/10] Nhien: ""They said it is the best out of 3 hotels they stayed in Hue"" || [9.6/10] Manh Nghia: ""The room size was generous, and the bathroom was spotless."" || [9.6/10] Bernard: ""I thank Ms Trang for her warm reception at checkin."" || [10.0/10] Anthony: ""Wonderful buffet breakfast, spacious grounds and large pool."" || [10.0/10] Vangelis: ""Everything was perfect, the rooms very beautiful and clean."" || [9.6/10] Auq: ""The room is big, bed is comfortable, and decor is so fancy~"" || [10.0/10] stephanie: ""Everything was beautiful and most importantly comfortable."" || [9.6/10] Apiwat: ""Great place - 5 star service and super reasonable price."" || [10.0/10] LIU: ""Location, staff, facilities, cleanliness are top notch."" || [10.0/10] Friday: ""The room, bed and everything else were of high taste."""
84486356,9.5,396,9.8,9.7,9.8,9.8,9.5,102,6,1,2,0,"[10.0/10] Valerie: ""It was like staying at a five star hotel in Miami."" || [10.0/10] Priyanka: ""Beautiful rooms and facilities and great, friendly staff."" || [10.0/10] joseph: ""Lovely, comfortable room with a great view of the river."" || [9.6/10] Daniel: ""Spacious clean luxurious rooms, nice gym, great staff"" || [10.0/10] hind: ""I would definitely stay here again if I was returning to hue"" || [10.0/10] Bret: ""The staff is super friendly and helpful in every way."" || [10.0/10] Ming: ""The location is perfect and the Hotel is brand new."" || [10.0/10] Robert: ""Everything and everyone here at this new hotel was spot on."" || [10.0/10] The Phong: ""We had a great stay in this new wonderful hotel."" || [10.0/10] Vu: ""Amazing view, large suite room with nice decor"""
2985061,8.9,1070,8.7,8.4,9.1,9.3,9.0,196,61,11,18,18,"[10.0/10] Yoann: ""The staff Lily and Lucy are lovely, kind and always helpful."" || [10.0/10] Juan: ""They did a fantastic job! Thanks for everything!"" || [10.0/10] Federico: ""The hostel is wonderful, well-located, and always clean."" || [10.0/10] Sam: ""Really good place very comfortable good shower and bed."" || [10.0/10] Evangeline: ""Fantastic hotel would recommend anyone to stay here."" || [9.2/10] Sharleen: ""I would stay here again if ever i go back to Hue."" || [10.0/10] SIMON: ""Great location with everything you’ll need close by."" || [10.0/10] Ondrej: ""All the ladies at the reception are very kind and friendly."" || [8.8/10] Ếch: ""The staff’s attitude was amazing — a cosmic-level 10 stars"" || [9.2/10] Holly: ""Friendly staff and super cheap, got everything I needed."""
1270314,8.8,787,8.5,8.3,9.2,9.3,9.0,281,109,34,28,23,"[10.0/10] Rachel: ""Clean room with AC, fan and balcony in a great location."" || [8.8/10] PAN: ""The room was spotlessly clean and very comfortable."" || [10.0/10] Sean: ""You can book this place with complete confidence."" || [10.0/10] Florencia: ""The room was comfortable and everything was well organized."" || [8.4/10] Rajat: ""Breakfast was best espacially the pancakes they provide,"" || [10.0/10] Tom: ""Staff weee amazing, particularly Lisa and Daniel."" || [10.0/10] jan: ""Have breakfast and other yummy food, motobike....and more."" || [10.0/10] Julia: ""People really nice, clean place and confi beds"" || [10.0/10] Eva: ""I just stayed here one night but everything was perfect!"" || [10.0/10] Adrian: ""Clean rooms, soft bed, good location, and amazing staff!"""
28523203,9.1,1254,9.1,8.8,9.3,9.4,9.3,239,49,23,10,11,"[9.6/10] kousuke: ""If I go to Hue again, I will definitely book it again!"" || [10.0/10] Dian: ""The property location was superb, near the walking street."" || [10.0/10] NARISSARA: ""I recommend to stay either you come solo or with friends,"" || [10.0/10] Megumi: ""I booked a private room with a private shower and toilet."" || [10.0/10] Callum: ""Was surprised how nice it was for the price!"" || [10.0/10] Bruna: ""Super clean, modern facilities, and very comfortable bed."" || [10.0/10] Ridip: ""Location was good, friendly staff and very clean room..."" || [9.2/10] NAI: ""The staff are really friendly and speaks good English."" || [9.2/10] Sayma: ""In this price this is the best hostel you can book."" || [8.8/10] Satya: ""The place was great, the staffs clean it everyday."""
61208896,9.1,599,9.2,9.0,9.6,9.5,9.4,382,58,10,13,19,"[10.0/10] JUNJIE: ""What really stood out, though, was the reception staff."" || [10.0/10] Stefan: ""The breakfast alone was worth the price of staying there."" || [10.0/10] Jude: ""The room and bathroom was very clean and well equipped."" || [9.6/10] seungyong: ""There was no noise, and they even provide breakfast."" || [10.0/10] Trần: ""Clean, good price, friendly staff, in center of Hue"" || [10.0/10] tin: ""Facilities are practically new and well maintained."" || [10.0/10] Norman: ""The biggest thing is that the staff are just amazing people."" || [10.0/10] Steven: ""It has AC, Fan, hot water, everything you’d want!"" || [9.2/10] Kairun: ""Although the value for money, staff and location are great."" || [9.6/10] Mihail: ""I spoke with the receptionist girls and they are awesome."""
42170600,9.4,616,9.6,9.4,9.5,9.8,9.5,112,18,5,1,3,"[7.2/10] Chanh Luan: ""Great place for a group of friend, family"" || [10.0/10] Katerina: ""Great toilets and showers, also very clean at any time."" || [9.2/10] Laia: ""Lovely interiors, kind family"" || [10.0/10] Ella: ""Everything is clean and there always so food to eat."" || [10.0/10] Emilia: ""The location in the heart of the old town was great"" || [10.0/10] Jade: ""I had a great stay and would highly recommend it!"" || [10.0/10] Hà: ""Staff really attentive, room was clean, high rating view."" || [9.6/10] Torie: ""AC was nice and strong, bathrooms very clean!"" || [9.6/10] Ali: ""For a solo traveler this is the one and only place in Hue"" || [10.0/10] Сергей: ""Very cozy rooms, everything inside the hotel is pleasant."""
412648,8.8,3207,8.9,8.5,9.2,9.0,8.8,1440,671,167,147,61,"[9.6/10] Graham: ""The staff were the highlight, could not do enough for us."" || [10.0/10] Peter: ""Beds are super comfortable too which is a rarity in Vietnam."" || [10.0/10] ALMA: ""The room is spacious and clean, location is great!"" || [8.0/10] Cuong: ""We're impressed with their breakfast, staffs are also nice"" || [10.0/10] Elizabeth: ""The hotel is clean and comfortable, great value."" || [10.0/10] Claire: ""Thank you Hotel Moonlight, we hope to be back again soon."" || [9.2/10] Chuong: ""The room is clean and spacious for the price."" || [10.0/10] William: ""Beautiful hotel in a good location with a great staff."" || [8.4/10] john: ""All staff were exceptional from bell boys to cleaners."" || [10.0/10] Richard: ""Great location, staff was superior; would recommend."""
1266926,9.4,3753,9.6,9.2,9.3,9.8,9.6,1266,214,43,25,5,"[10.0/10] weimin: ""The facilities are in excellent condition, with an elevator."" || [10.0/10] Dale: ""Our rooms were large, modern, well appointed and very clean."" || [10.0/10] Varun Pradeep: ""Excellent location, walking distance to hotels, market etc."" || [10.0/10] Manuel: ""Thank you so much for everything; we'll be back next time."" || [10.0/10] Miss: ""The best hotel is very comfortable to be here for vacation"" || [10.0/10] Phoenix: ""Lovely room, they upgraded us which was very nice of them."" || [8.8/10] Lydia: ""Great location - quick walk to lots of restaurants/bars"" || [10.0/10] thuvan: ""Khách sạn rất tốt, chỉnh chu từng chi tiết một."" || [10.0/10] Niamh: ""Staff were friendly, rooms were clean and spacious."" || [10.0/10] Melanie: ""Wonderful, peaceful stay, super helpful, and friendly staff."""
28915518,9.0,251,9.2,9.1,9.6,9.6,9.5,144,26,10,2,2,"[10.0/10] Minh: ""I stayed a few nights in different rooms, they are all nice."" || [10.0/10] DOUXIN: ""I will definitely stay here again when I come next time!"" || [10.0/10] Khôi: ""The room is very clean and the staff is really helpful."" || [10.0/10] Krowich: ""Clean rooms, affordable price, and friendly service."" || [8.4/10] Robert : ""Kind staff, good location and comfortable bed."" || [10.0/10] Bao Ngoc: ""The boutique hotel exceeded all expectations."" || [9.2/10] Malcolm: ""It's clean, safe, close to all the restaurants and services."" || [9.2/10] Aleksandra: ""Clean and nice room, friendly owner."" || [9.6/10] Adam: ""The hotel is at a great location, close to everything."" || [8.0/10] Tim: ""We had a fantastic stay at Sun Homestay!"""
89287891,9.0,89,9.1,8.7,9.6,9.6,9.1,60,5,1,6,4,"[10.0/10] MAI: ""Reception and bellman helpful"""
80012436,9.1,116,9.3,8.9,9.3,9.7,9.6,154,49,5,8,9,"[8.8/10] Alberte: ""The room was clean, and the staff was very nice and helpful."" || [10.0/10] B E: ""Daniel is an angel with a treasure of a disposition."" || [10.0/10] Daniela: ""The staff who take care of the cleaning are also super nice."" || [9.2/10] Fabrice: ""Don't look further, this is the perfect stay in Hué."" || [10.0/10] Matshidiso: ""Rooms and bathroom are clean and place is well-located 💯"" || [10.0/10] Koji: ""The next time I go to Hue, this is the place for me to book."" || [10.0/10] Charles: ""Had a great time, very clean space, very helpful staff."" || [9.6/10] Anh: ""Also, the room was clean and the location is convenient."" || [10.0/10] Robert: ""The staff were all kind, enthusiastic, and helpful"" || [8.8/10] James: ""Staff were all lovely and the breakfast was very good."""
1409886,9.1,2375,9.3,8.9,9.0,9.2,9.2,1001,290,65,55,37,"[10.0/10] jeremy: ""Nice choices for breakfast and kind and friendly staff"" || [10.0/10] Stewart: ""Nice pool and bar area with a very good restaurant attached."" || [8.8/10] Holger: ""I can, however, certainly recommend this well-managed hotel."" || [10.0/10] Micheal: ""Staff are excellent and the breakfast package is very good."" || [10.0/10] Patrick: ""Nice pool, nice rooms, good beds, nice restaurant and staff."" || [9.6/10] Robyn: ""The pool is a welcome sight after a long day of sightseeing."" || [10.0/10] Sharon: ""The pool is clean and has lovely plants and flowers around."" || [10.0/10] Teck: ""This hotel has great staff that are helpful and friendly."" || [8.8/10] catherine: ""Our room was very clean,  huge bed and very comfortable."" || [10.0/10] Fabian: ""Clean hotel, friendly stuff, nice pool, good breakfast"""
239406,9.0,2394,8.9,8.5,9.1,9.3,9.2,778,235,89,68,34,"[10.0/10] Huyền: ""The staffs are awesome, they helped me a lot to book a tour."" || [10.0/10] Jutiporn: ""The staff provided good service and the room was very clean."" || [9.6/10] Long: ""Nice & clean hotel with reasonable price for a twins room."" || [10.0/10] Helena: ""The beds were also really cozy and the room was beautiful!"" || [8.4/10] Helen: ""Location great for a short walk to the citadel."" || [8.8/10] Kayoko: ""The best of this hostel is their hospitality and support."" || [9.6/10] Michelle: ""The room was clean, the water was hot, and the AC works!"" || [9.2/10] Kenichi: ""I had a wonderful experience at Sunny A Hotel in Hue."" || [10.0/10] Julian: ""Amazing hotel, in a particularly peaceful location."" || [10.0/10] Phung: ""The location is perfect and easy to access anywhere"""
63438551,8.9,671,9.4,9.0,9.4,9.5,9.3,389,74,16,14,12,"[9.6/10] Julina: ""Very clean and comfy and the staff is very nice."" || [9.6/10] Thuy: ""Everything was great cleanliness and facility use."" || [9.6/10] Dexter: ""Excellent value and location - just *** per night"" || [10.0/10] David: ""Was a nice clean comfy hotel in not bad an area"" || [10.0/10] William: ""In a very central location, staff was kind and helpful."" || [9.2/10] Lac: ""He gave me 7 star service and Kly is lucky to have him."" || [9.2/10] Rhoda: ""Would recommend for short stays as it’s good location!"" || [10.0/10] Cam Van: ""Best location, walkable anywhere."" || [10.0/10] Marco: ""Location Was perfect for our 1 day visit to Da Nang."" || [9.6/10] Dexter: ""Great room in an excellent location for *** a night!"""
81839682,8.7,322,9.2,8.5,8.5,8.9,8.7,111,30,7,8,16,"[10.0/10] Mini Melanie: ""The staff are amazing and very attentive to their guests."" || [9.6/10] Julia: ""This hotel is very clean and the staff are very friendly."" || [10.0/10] Sanjay: ""Enjoy your next stay at Lumiere Hotel, Hue City!"" || [10.0/10] Artur: ""The room was clean, comfortable, and well maintained."" || [8.8/10] Dmitry: ""For the price, the room is very good and offers great value."" || [8.8/10] Jason: ""Definitely worth a couple nights stay!"" || [9.6/10] Đức: ""Big  and clean room, nice facility, good wifi."" || [9.6/10] Ngọc Hân: ""Good amenities, good view with 2 sides of big balcony."" || [10.0/10] Nhan: ""The hotel locates at one of the best locatio in Hue."" || [10.0/10] Nhat: ""Wonderful hotel for your next stay in Hue"""
88116630,9.7,5,10.0,9.2,10.0,9.6,9.6,3,1,0,0,0,"[10.0/10] Alvaro: ""Muy limpio."" || [10.0/10] Alvaro: ""Centrico y limpio"""
14694836,9.3,2709,9.6,9.4,9.5,9.5,9.3,917,126,31,17,24,"[10.0/10] Quang: ""Staying at Silk Path is one of the best hotel in Hue."" || [10.0/10] Chau: ""The excellent staff cannot do enough to please their guests."" || [10.0/10] Bernadette: ""I would highly recommend  and would love to return one day."" || [10.0/10] Ana: ""I loved my stay in this hotel and I really recommend it."" || [10.0/10] Uyen: ""Everyone speaks English and provides excellent services."" || [10.0/10] Michael: ""I will not consider another hotel if I visit Hue again."" || [10.0/10] Daniel: ""I definitely will book with you when I visit Hué again"" || [10.0/10] Melissa: ""Friendly helpful staff, clean, beautifully decorated."" || [10.0/10] Khanh Van : ""We would come back to Silk Path Grand in a heartbeat!"" || [10.0/10] Thomas: ""This is truly a mini resorts with beautiful garden and pool."""
90309578,8.8,30,9.9,8.8,9.5,9.3,9.2,13,3,0,0,1,"[10.0/10] Anh: ""Great Location with Spacious Room"" || [8.0/10] Đức: ""Staff very nice and supportive."" || [8.0/10] Đức: ""Nice staff"""
76059657,9.0,359,9.4,9.3,9.2,9.6,9.4,212,37,7,6,5,"[10.0/10] Dai: ""The breakfast had a lot of options and was excellent."" || [10.0/10] Tu: ""The room was so amazing, even better than on photos."" || [9.6/10] Jack: ""Perfect clean and comfortable spot for our stop in Hue."" || [10.0/10] Dinh: ""Definitely recommend to anyone who wants to visit Hue."" || [9.6/10] gareth: ""Would recommend for any one who is visiting Hue."" || [10.0/10] Quang Minh: ""I really like how the room was design and its cleanliness."" || [9.2/10] Jonathan: ""Good location, excellent service, and spacious room."" || [9.6/10] David: ""Really Clean and High Quality of Service"" || [10.0/10] Nevil: ""Everything was a top tier 4 star hotel experience."" || [10.0/10] Krista: ""Made us a fresh breakfast for 80vnd/pp and it was yummy."""
7427857,9.8,855,10.0,9.8,9.7,10.0,9.9,95,3,0,0,0,"[9.6/10] Linwan: ""Everything was sparkling clean and thoughtfully arranged."" || [10.0/10] Edith: ""We look forward to returning next time we are in Hue!"" || [10.0/10] Anna: ""This was, without a doubt, my favorite place to stay in Hue."" || [10.0/10] Bianca: ""Location is also great, very close to the citadel"" || [10.0/10] Julia: ""She was so kind, she helped me with many things."" || [10.0/10] Wilfredo: ""Comfy beds, hot shower and the host was so kind."" || [10.0/10] HENG: ""This is hands down the best homestay I’ve ever stayed at."" || [10.0/10] Rico: ""Chi, the owner, is a very nice lady and incredibly helpful."" || [9.6/10] Shinichiro: ""Very clean, friendly and they even provided free bicycles."" || [10.0/10] Terence: ""Chi and her husband are very friendly and gracious hosts."""
75684859,9.2,417,9.7,9.3,9.4,9.6,9.3,264,27,9,5,8,"[8.4/10] Prati: ""The room was perfect—clean, comfortable, and very well kept."" || [10.0/10] REMI: ""This hotel is new, and that really makes the difference."" || [10.0/10] FEDOR: ""Overall it was the best hotel we’ve had in Vietnam so far."" || [8.4/10] Anne: ""But super comfortable bed, wonderful staff, spotless room."" || [9.6/10] Ping Ham: ""We love the location of this hotel as it is very central."" || [10.0/10] Nguyen: ""From the moment I arrived, the service was exceptional."" || [10.0/10] William: ""The staff are very thoughtful, cheery and helpful."" || [8.4/10] Kieran: ""Less than 12 months old; and very clean and well maintained!"" || [10.0/10] David: ""Lovely staff, stylish rooms, fabulous pool area."" || [9.2/10] Tri: ""The place is small but clean and had all the necessities!"""
42170608,8.6,447,9.3,8.9,9.0,9.4,9.3,120,30,8,3,7,"[9.6/10] Nhi: ""If have opportunities next time back Hue i will stay here."" || [9.6/10] Noemie: ""This place is very beautiful and worth to spend some nights."" || [9.2/10] Anh: ""Fantastic Homestay"" || [10.0/10] Kenneth Austria: ""And the staff provided outstanding service."" || [10.0/10] Jules: ""Kind hostesses, very calm place near to the center of Hue !"" || [9.2/10] Wipawan: ""Room is Clean : )"" || [10.0/10] anthony: ""Clean and well located to visit the citadel"" || [9.6/10] Tuấn: ""Other than that btch, overall great place to stay."" || [10.0/10] Đặng: ""Wonderful place to spend your holiday in Hue city"" || [8.8/10] Melvin: ""Accomodation os badic but clean and good beds."""
58345900,8.7,382,8.7,8.6,9.3,9.2,9.0,161,44,11,15,12,"[10.0/10] Tan: ""Very nice hotel and staff are very welcoming and hospitable."" || [8.8/10] Erick: ""If you're looking for a short stay, this is a great option."" || [10.0/10] Thai Van: ""The staff is super friendly, very helpful."" || [9.6/10] Sergej: ""I had a great stay at the RHM apartment."" || [10.0/10] Thai Van: ""The hotel boasts complete and clean facilities."" || [10.0/10] Quyen: ""The place is clean, supportive and affordable."" || [10.0/10] Khang: ""Amazing service and accommodation."" || [7.6/10] Ai Lin: ""Excellent Helpful & Friendly Reception Staff"" || [8.0/10] Ross: ""Most important - the beds are comfortable!"" || [10.0/10] Tran: ""We gad one of the best experiences I'm this hotel."""
77571534,7.6,29,6.8,6.0,6.0,6.8,6.8,13,5,1,1,4,"[10.0/10] Andi Utari: ""The room was clean, with fresh towels and bed sheets."" || [9.2/10] Rin: ""The staff was very generous and helpful!"""
64024157,8.7,309,8.8,8.7,9.0,9.3,9.1,50,7,3,4,5,"[10.0/10] Jai: ""And the location was perfect for exploring the city."" || [10.0/10] Abigail: ""They offer free filtered water and free ice from the fridge."" || [10.0/10] Mahaut: ""Very clean and lot of space !"" || [9.2/10] vinh: ""Everything is good"" || [10.0/10] Toan: ""Highly recommend"""
87344617,9.2,709,8.6,7.7,8.0,8.9,8.6,5,1,1,0,0,
5710150,9.1,1832,8.7,8.0,8.7,9.2,8.6,100,40,16,12,12,"[8.4/10] Frank: ""I had a very pleasant 6-day stay in Hue at Hue Nino Hotel."" || [8.4/10] Frank: ""I had a very pleasant 6-day stay in Hue at Hue Seno Hotel."" || [10.0/10] Electa: ""Rooms are spacious with elegant beds and decor."" || [9.6/10] masanori: ""If I come to Hue, I would like to stay here again."" || [8.8/10] Mark: ""Hotel staff is great, very helpful and friendly."" || [9.6/10] SETIADI: ""The staffs help us to carry our luggage to the 3rd floor"" || [10.0/10] Huy: ""Breakfast is served in the morning for free"" || [10.0/10] MUN: ""Very warm staff and will give some travel suggestion."" || [9.2/10] Charles: ""Great value, clean room and very friendly staff"" || [10.0/10] Klei: ""First of all the location is good, close to the Citadel."""
32197914,9.2,2106,9.4,8.9,9.5,9.5,9.2,682,166,32,24,13,"[10.0/10] Kailun: ""I booked one night and added 3 more nights staying here."" || [8.8/10] Ian: ""The breakfast provided was delicious with good variety."" || [9.6/10] Hoang Son: ""Probably the best hotel I have ever stayed in Vietnam"" || [10.0/10] Charles: ""The hotel offers excellent breakfast and confortable rooms."" || [9.2/10] Daniel: ""Nice hotel and nearby imperial city, clean, nice breakfast"" || [10.0/10] Ekaterina: ""The hotel has a great location and a fascinating history."" || [10.0/10] Clay: ""Awesome pool, strong wifi, comfy bed and warm showers."" || [8.0/10] Leone: ""Very handy location to the Imperial Palace could walk."" || [9.6/10] Jennifer: ""The architecture, ambience and facilities are superb."" || [10.0/10] Pedro Gasparinetti: ""Good location and nice accommodation, I recommend it."""
67098247,8.2,247,8.8,8.9,8.6,8.9,8.9,107,15,1,4,11,"[10.0/10] Daniil: ""Amazing value for money."" || [10.0/10] Daniil: ""Highly recommend!"""
41198522,9.2,1802,9.4,8.9,9.6,9.6,9.3,580,112,28,14,11,"[10.0/10] Ben: ""This was our favourite place of our 3 week trip to Vietnam."" || [9.6/10] Khang: ""A huge thanks to the staff for their enthusiastic support."" || [8.8/10] J Tioria M: ""If I come again to Hue, I will stay here again."" || [10.0/10] Hieu: ""The place is sparkling clean with impressive decoration"" || [10.0/10] Tuong Huy : ""I rate 5 stars for every single thing about this place."" || [10.0/10] Tran: ""We have the best experiences in Hue by staying here."" || [9.6/10] Thanh: ""This boutique will be my go to next time I came back to Hue."" || [10.0/10] Ketsarin: ""I love interior and location near to many popular places :)"" || [9.6/10] Justin: ""A very well maintained and great place for a stay"" || [9.2/10] Daniel: ""It is also well located near restaurants, cafes and bars."""
90246763,8.7,14,10.0,10.0,10.0,10.0,9.6,5,0,0,0,0,"[9.6/10] Hannah: ""The rooms are stunning with ornate features and tiling."" || [9.6/10] Hannah: ""Beds are large and comfortable with lush linens."" || [9.6/10] Hannah: ""Gorgeous villas, everything is thought of."" || [9.6/10] Hannah: ""We loved the pool (with no curfew!)."""
84904762,9.1,441,8.7,8.7,8.0,8.2,8.4,26,7,1,3,3,"[9.2/10] Hao: ""The staff at the hostel are very friendly and kind hearted."" || [10.0/10] NINGYU: ""The breakfast and location were both fantastic."" || [9.6/10] Martyna: ""If I come back to Hue I'll stay there again :)"" || [10.0/10] Eileen: ""I kept extending my stay there!"" || [9.6/10] Isabelle: ""Cosy, comfort, everything you need is here."" || [9.6/10] Ramona: ""Within a  10 minute walk you are in the center of the city."" || [10.0/10] NERY: ""Also she gave me many useful advice to organise my trip."" || [9.2/10] Ana Isabel: ""The place was practical and convinient."" || [8.8/10] lei: ""If you wanna longer stay it's good choice"" || [8.8/10] Linda: ""I definetely recommend you to stay there."""
11002,8.5,4495,8.5,8.2,9.2,8.8,8.5,1677,945,360,261,159,"[10.0/10] Karen: ""Great location, friendly staff, great food and great value."" || [10.0/10] mychelle: ""Clean facility, great decorations, and exceptional staffs."" || [10.0/10] Hoàng Anh: ""Our room was spotless and the Wi-Fi worked perfectly."" || [8.8/10] Malou: ""The pool was sublime and we had a great time here."" || [10.0/10] MINH NGOC: ""One of the best hotel room I have ever stayed in"" || [8.0/10] Hu: ""Good location, friendly staff, well maintained facilities."" || [10.0/10] Vanny: ""I was appreciated Thảo to change the rooms as my request."" || [8.8/10] Rose Stanner: ""I had a wonderful stay at Hương Giang Hotel & Spa in Huế."" || [10.0/10] darian: ""Hotel is one of the best I have ever stayed in"" || [9.6/10] Nguyen Bao: ""Breakfast is good with many choices."""
625344,9.1,1255,9.2,8.6,9.2,9.4,9.3,756,171,52,36,31,"[9.6/10] Steve: ""Warm friendly staff, clean room with nice views of the city."" || [10.0/10] Ryan: ""Great location just off Chu Van An walking street."" || [8.8/10] Audrey: ""Great hotel at a great location! Perfect for walking around."" || [10.0/10] David : ""The hotel is well located and the room was perfectly clean."" || [9.6/10] Duy: ""Highly recommend for any tourists or VN natives."" || [8.8/10] Tuan: ""This is a best place to stay in Hue with affordable price"" || [10.0/10] William: ""We'll definitely stay at the Ruby next time we're in Hue."" || [10.0/10] Naomi: ""Great location, spacious clean rooms and amazing people!"" || [10.0/10] Gabor: ""The room is clean, spacious and meet the expectations."" || [10.0/10] Pierre: ""Room was big and clean, with a lovely view."""
16093065,9.1,825,9.5,9.3,9.2,9.5,9.5,437,68,19,9,13,"[10.0/10] Alex: ""Room was clean and comfortable and the staff helpful."" || [10.0/10] Kevin: ""Their Pho from their breakfast was one of its highlights."" || [10.0/10] Narathorn: ""The room is clean and provided shampoo is Estee lauder."" || [10.0/10] Pushkar: ""Best hotel with best stay with the best helpful people."" || [9.2/10] Ma. Ann Michelle: ""My room is very clean and smells so good and fresh."" || [10.0/10] Cally: ""Really great location and breakfast was impressive."" || [10.0/10] Geleen: ""Our stay at the A25 HOTEL in Sa Pa was absolutely wonderful!"" || [9.6/10] Cecil: ""Will surely stay here again if ever I’ll come back to Sapa."" || [10.0/10] Jacek: ""I highly recommend this place to all foreigners out there."" || [9.6/10] Patricia Mae: ""Good location - walking distance to city center."""
71165203,8.8,309,8.9,8.7,8.5,9.1,9.2,163,39,18,13,12,"[10.0/10] Jayrald Steve: ""The staff were very helpful, accommodating, and responsive."" || [10.0/10] Anna: ""Will definitely book here again when I get back to Sa Pa."" || [10.0/10] Florence May: ""The place was clean, comfortable, and well-maintained."" || [10.0/10] Marrouan: ""Great stay... new hostel with warm cozy clean beds"" || [9.2/10] Sam: ""Great facilities, many toilets and showers with hot water ."" || [10.0/10] Suvradip: ""Excellent stay will certainly stay and recommend others"" || [10.0/10] Ethan: ""Actually some is the best accommodation I’ve stayed at"" || [9.6/10] francelyn: ""Not to mention , you get free breakfast and water!!!"" || [7.6/10] Rachel: ""The beds are large and I even got a private window!"" || [9.6/10] Aung Kaday: ""One of the receptionist girl, she provide a lot of help."""
47266922,8.3,27,8.0,8.6,9.5,7.7,9.2,16,7,1,5,3,"[10.0/10] Abbey: ""I would happily stay again on my next visit."" || [10.0/10] joharry: ""Nice and recommended stay"" || [10.0/10] Noemi Grace: ""They were very helpful and nice."""
18588658,8.9,2166,9.1,8.9,8.7,9.3,9.2,418,114,37,22,25,"[10.0/10] Adeline: ""We loved talking to the host and totally enjoyed our stay."" || [8.8/10] Dave: ""What made the stay truly special, though, was the homeowner."" || [9.6/10] Yvonne: ""Dieu the host is always helpful and humorous during my stay."" || [8.8/10] Lim: ""Loved this home stay, it was the highlight of our sapa trip."" || [9.6/10] Yeva: ""All the staff were friendly and there was a super cute cat."" || [8.4/10] Valerie: ""Location was within sapa center so everything was walkable."" || [10.0/10] Alicia: ""Great hospitality from the team, very warm and friendly."" || [10.0/10] Sulipta: ""Best homestay in Sapa .. most recommended when in Sapa.."" || [9.6/10] Angelica: ""Heater on the shower works and the bathroom was clean."" || [8.4/10] Ciaran: ""I’d definitely recommend Mega View as a place to stay."""
56865839,7.8,79,8.2,7.5,9.5,8.5,8.2,6,2,0,3,1,"[9.2/10] Samuel: ""Nice place to stay in for one or two nights."" || [8.8/10] Damian: ""Well located though."" || [10.0/10] HONEY: ""Good location area."""
76249262,9.5,2508,9.0,8.8,8.6,9.2,9.1,42,6,2,1,6,"[10.0/10] Gladies: ""I totally recommend this hotel for your Sapa trip."" || [10.0/10] Maria Lourdes: ""Great place and very accommodating staffs!"" || [10.0/10] carren: ""We we'll surely book here again in the future!"" || [10.0/10] NOOR: ""Room very cleanes and modern."" || [10.0/10] ashoka: ""Great place to stay"" || [10.0/10] Tan: ""Very Good Hostel"" || [10.0/10] Goo: ""Excellent Stay"" || [10.0/10] Harpreet: ""Great hotel"" || [8.8/10] Ruta: ""Everything else is great."" || [10.0/10] Ahmad Khairul Wafi: ""Good place and cosy"""
73826022,9.0,423,9.0,8.6,9.1,9.3,9.1,78,9,5,6,4,"[8.8/10] SAI KIT: ""Overall, we had a great time and would recommend this hotel."" || [10.0/10] Olivia: ""I really enjoyed our stay in the Central Sapa July House."" || [10.0/10] Saida Falkou: ""Everything felt so comfortable and beautifully designed."" || [10.0/10] Senaida: ""The staff, were very friendly and helpful"" || [10.0/10] VINOJ: ""The location is one of the biggest advantages of this hotel."" || [9.6/10] Alan: ""Really clean, nice rooms, great value for money."" || [10.0/10] רונית: ""The location is central — I highly recommend it!"" || [10.0/10] MARRY JANE: ""Budget friendly but the room is spacious enough."" || [9.2/10] Mariah Shaira: ""Friendly management, clean and spacious room."" || [10.0/10] Mikhael: ""This hotel is near the lake and Sapa market."""
8099799,9.2,11456,9.5,9.3,9.2,9.4,9.4,6353,1079,243,174,147,"[10.0/10] Maelyssa: ""Overall, this is a hotel I would absolutely return to."" || [10.0/10] Jona: ""I highly recommend it to anyone looking for a flawless stay."" || [10.0/10] jedrik: ""The hotel has a spa, pool, and gym, which are all very nice."" || [10.0/10] Andy: ""Really love the Location, great staff, nice and clean room."" || [10.0/10] ONG: ""The room was huge with valley view, super value for money."" || [10.0/10] Alicia: ""Overall, KK Sapa Hotel is truly excellent value for money."" || [10.0/10] Laya: ""I would highly recommend staying here when coming to Sapa."" || [10.0/10] Kate Tria: ""The staff were incredibly warm, polite, and accommodating."" || [10.0/10] Angela: ""We booked a treatment at their Spa and it was heavenly."" || [10.0/10] Allan Patrick: ""Truly an exceptional experience from start to finish! ✨"""
77187476,8.4,870,8.2,8.1,9.0,9.0,8.7,225,85,29,24,28,"[10.0/10] Reynaldo Jr.: ""Value for money is very good, actually one of the best deal."" || [10.0/10] Marj: ""Overall, we truly enjoyed our stay and highly recommend it!"" || [10.0/10] Mikael Hoa: ""Super friendly, great recommendations and wonderful stay!"" || [10.0/10] Reynaldo Jr.: ""They made our stay very comfortable."" || [10.0/10] Clan: ""The service was great and the amenities were even better."" || [10.0/10] Reynaldo Jr.: ""Best place if you have a lot of activities in Sapa."" || [8.0/10] Brang: ""The room was clean, cozy, and offered beautiful views."" || [8.0/10] Thu: ""Warmly staff, good breakfast, good room."" || [8.8/10] Mark Roland: ""This hotel offer the best price when staying in Sapa."" || [8.4/10] Angela: ""Great Value for Budget Travelers with Excellent Privacy :)"""
77049496,9.4,697,9.5,9.2,9.3,9.8,9.6,228,34,2,8,5,"[10.0/10] Benjamin: ""Great hotel"" || [10.0/10] Rhoda: ""Overall we would come here again and rate this place highly!"" || [10.0/10] Jahan: ""The room was clean, comfortable, and everything was perfect."" || [10.0/10] Mae: ""The location was perfect and the staff were very helpful."" || [10.0/10] Jerson: ""The hospitality truly made the experience special."" || [10.0/10] Pratik: ""His warm gestures truly made our experience more memorable."" || [10.0/10] Virgilio: ""Will definitely book again here and i suggest try it too."" || [10.0/10] Michael Junice: ""The room is super nice and the ambience is very relaxing."" || [9.6/10] Leo: ""Very clean, and the owners are very genuine and friendly."" || [10.0/10] sainath: ""Highly recommend Glow Sapa Hotel to anyone visiting Sapa."""
14695708,8.2,507,8.2,8.0,8.1,8.8,8.2,55,31,8,21,20,"[9.6/10] Pao: ""The room was spacious and the bed itself was comfortable"" || [10.0/10] Luzviminda Bernardo: ""The host is very accommodating, welcoming and approachable."" || [8.8/10] Janice: ""They warmly welcome us and were very attentive to our needs."" || [8.8/10] BENIBE: ""The room is spacious with a nice view of the lake."" || [8.8/10] Yoni: ""All of the staff are very welcoming and helpful"" || [10.0/10] William: ""It’s a nice location just 3/4 minutes walk to the center!"" || [10.0/10] Amabelle: ""We love how the hotel is clean and quiet."" || [8.4/10] Sir: ""However, the view in their veranda is breathtaking."""
80582219,8.7,187,8.5,8.2,9.3,9.1,8.9,56,23,3,6,6,"[9.6/10] Kathrina Kc Crisandra: ""About the room, it’s quite decent and comfy for the price."" || [10.0/10] Lucy: ""Clean room, hot water, air conditioning, and lovely staff."" || [10.0/10] Omkar: ""Location staff and Hotel is totally nice and friendly..."" || [10.0/10] Zac: ""10/10 will definitely stay here again when I am in Sa Pa."" || [10.0/10] Nicole: ""Great hostel, very comfortable, nice breakfast, nice staff!"" || [10.0/10] Zac: ""The staff are very friendly and very helpful."" || [10.0/10] Kathrina Kc Crisandra: ""Everything in this hotel is great! Highly recommended"" || [8.8/10] Rothenburger: ""Very nice hostel, clean and really good breakfast!"" || [10.0/10] Moe: ""The hostel is wonderful and perfect for families."" || [10.0/10] nur: ""Overall, I really enjoyed my stay here!"""
1187717,8.5,1288,8.6,8.0,9.0,8.4,8.2,420,242,76,72,72,"[10.0/10] Low: ""The wholesome daily breakfast was a great start each day."" || [10.0/10] HASNI: ""Room condition is clean, new and super comfortable bed."" || [10.0/10] Ar-jay: ""Honestly, there’s nothing bad to say about this place."" || [10.0/10] JACKIE: ""I'd book the same hotel when i comeback. That's for sure. ❤️"" || [10.0/10] IRA NADINE: ""Breakfast was another highlight of our stay."" || [10.0/10] hediming: ""Best location hotel with beatiful lake view"" || [10.0/10] Kritsanachai: ""Room is clean and staff provided a very good service."" || [9.6/10] Lavanya: ""Good spacious rooms, amazing bathtub and breakfast."" || [9.2/10] Cinda: ""The hotel was clean and the staff was very helpful."" || [10.0/10] Jan Mart: ""Our group enjoyed a fantastic stay at this property in Sapa."""
75699250,9.5,129,9.9,9.7,9.1,9.8,9.7,39,1,1,1,0,"[10.0/10] Stella : ""The staff were very helpful and always ready to assist."" || [10.0/10] Willow : ""The room is new, clean, and well-designed."" || [10.0/10] Teresa: ""Staff were super friendly and the service was great."" || [10.0/10] rachel : ""The room is new, clean, and well designed."" || [10.0/10] Aijia: ""We had a wonderful 2 night stay at Hotel Montmartre de Sapa."" || [10.0/10] Alora: ""Staff were friendly and helpful whenever we needed anything"" || [8.4/10] Thi Duyen Trang: ""Very clean, breakfast (buffet with many choice)."" || [9.2/10] Insoo: ""Clean, kind, evene the breakfast is excellent."" || [9.2/10] Nhut: ""It is clean, quiet, and good location."" || [10.0/10] Nik: ""Best hotel in Vietnam"""
71558148,9.1,757,8.9,8.6,9.4,9.5,9.0,158,34,16,9,10,"[9.2/10] Genesis: ""Staff really did their best, and this cannot be discounted."" || [10.0/10] Lawrenz: ""Our room was overlooking the lake and it was breathtaking."" || [9.6/10] Vandana Jigjinni: ""I stayed here for 3 nights and had an amazing experience."" || [9.6/10] Charlotte: ""What truly made our stay special was the staff."" || [10.0/10] Lamiae: ""The room is beautiful and has a lovely view on the lake."" || [10.0/10] wanny: ""Perlayanan juga ramah, keluar masuk hotel selalu disapa."" || [10.0/10] chi: ""Highly recommend this hotel to anyone visiting the area!"" || [9.6/10] Maria Rain Halili: ""The staff were friendly, helpful, and always welcoming."" || [10.0/10] Henry: ""Facility were great and the service was so friendly!"" || [10.0/10] Carlos: ""Great place! Super clean, super soft and comfy beds!"""
30613732,8.7,805,9.2,8.9,9.1,9.6,9.5,165,45,9,6,7,"[10.0/10] Yunxiu: ""The staff members are friendly and helpful whenever I need."" || [10.0/10] Kaushik: ""By far the best homestay I stayed in Vietnam."" || [10.0/10] Harriet: ""Would happily stay again, that staff were really helpful."" || [9.6/10] PIOTR: ""Nice and clean rooms comfy beds with electric blankets."" || [10.0/10] eliana raquel: ""From the owner Tam, to the facilities, free breakfast."" || [10.0/10] Dani: ""Breakfast was nice and quickly served in a communal house."" || [10.0/10] AVI: ""The owner is such a lovely and helpful lady."" || [9.2/10] Nant: ""Room is spacious and clean."" || [10.0/10] Nin: ""I had the most amazing homestay during my entire trip!"" || [10.0/10] Yohanes: ""The host was super nice & helpful."""
5902358,8.8,2097,9.1,8.7,8.6,9.4,9.0,699,161,49,54,51,"[10.0/10] Pinyalak: ""The room also have a spectacular view of Sapa mountains."" || [9.6/10] Brett: ""Beds most comfortable we stayed in our 4 week Vietnam trip."" || [10.0/10] M: ""When I arrived I was pleasantly surprised to a room upgrade."" || [9.2/10] MITHLESH KUMAR: ""Room was beautiful and no complain about cleaniness."" || [10.0/10] Shayne: ""This is the best hotel we stayed in during our Vietnam trip."" || [10.0/10] Shivam: ""The breakfast over here was absolutely outstanding"" || [10.0/10] FLORENCIA: ""The personal are so kind specially Ruby and Van."" || [8.0/10] Joseph: ""Nice hotel, rooms are lovely and the beds are really comfy"" || [10.0/10] Hayley: ""We didn’t want to leave when it came to our check-out day!"" || [10.0/10] jo: ""The facilities are modern, spacious, and well-maintained."""
1275517,9.2,902,8.5,8.1,8.5,8.8,8.9,65,23,5,10,11,"[10.0/10] sasikorn: ""Ended up extending our stay here in Sa Pa with Zizi."" || [9.6/10] James: ""The owners are lovely and the place itself is gorgeous."" || [9.2/10] Michael: ""Excellent location for trekking to nearby villages."" || [10.0/10] Camille: ""The location was great with an impressive mountain view."" || [10.0/10] Sara: ""Truly my best homestay experience in Vietnam!"" || [10.0/10] Richard: ""Ultimate 5 star homestay"" || [8.4/10] Mon: ""Price is super affordable,only 78000Dongs per night."" || [9.2/10] Sabina: ""For $9 a night this is a lovely stay,"" || [10.0/10] Thomas: ""Beautiful scenery & helpful staff"" || [10.0/10] Teaghan: ""Great place to enjoy the view."""
64607990,8.6,731,9.2,8.7,8.9,9.4,9.3,167,46,10,9,8,"[10.0/10] Enda: ""Serenity Homestay was the perfect choice for my 4-week stay."" || [10.0/10] Megan : ""The electric blanket was amazing in the cold weather."" || [9.2/10] Bondan: ""Like for solo traveller I got twin-queen-bed!"" || [10.0/10] Marlon: ""The accommodation has a rooftop with a great view."" || [10.0/10] Valeryia: ""Amazing place to stay ! Very quite and beautiful 🤩"" || [8.0/10] zehra: ""There is an en-suite bathroom, which is also quite spacious."" || [10.0/10] Amanda: ""Also, the staff is very helpful and fast response."" || [10.0/10] Tzu Huei: ""He offered warm welcome and assisted us for early check-in!"" || [10.0/10] Kristen: ""Excellent value for the price when staying in Sapa."" || [8.8/10] Yash: ""Good value for money and a no fuss space overall."""
86593269,9.4,125,9.3,8.8,8.9,9.8,9.5,22,7,3,0,1,"[10.0/10] Andrew: ""Chin Chin is a gem, lovely to chat to and very helpful."" || [9.6/10] Avery: ""I couldn’t say enough good things about this place."" || [10.0/10] Jose: ""Best guesthouse in the world!"" || [9.6/10] Finn: ""Overall a lovely time and would go back again!"" || [9.6/10] Kim: ""We already can’t wait to come back!"" || [8.8/10] Sharon: ""Great views, great staff."" || [9.2/10] Annick: ""Beautiful place to stay"" || [10.0/10] Dino: ""Great food, great staff"" || [10.0/10] Laura: ""We had a lovely stay in Tả Van."" || [10.0/10] Diana: ""Clean and comfy"""
14695573,8.4,362,8.6,7.8,9.5,8.7,8.7,191,64,34,26,20,"[10.0/10] Jumpoon: ""The staff were very warm and offered wonderful hospitality."" || [10.0/10] Sheela: ""This is a perfect location if you wanna be in the center."" || [9.6/10] Adri: ""If we come back to Sapa, we’ll likely stay here again."" || [10.0/10] Jessica: ""Staff are friendly and they cleaned the room everyday."" || [9.6/10] Haidee: ""Felt at home and would stay again if there's a chance!"" || [10.0/10] Milan: ""Location is front of Sa Pa plaza, it is easy to walk around."" || [8.4/10] Tawatchai: ""The location is great, surrounding by restaurants, stores."" || [10.0/10] KELVIN: ""Host can speak english and is helpful"" || [10.0/10] Hon: ""I'm will use this guest house again in future."" || [8.8/10] Isobel: ""Just beside the Sapa Station going to fansipan"""
58688091,9.2,1197,9.3,9.0,8.9,9.7,9.4,358,87,16,17,13,"[10.0/10] maryjane: ""Highly recommend this place—great value for the price."" || [10.0/10] Daniel: ""Staff are so kind and go out of their way for guests."" || [9.6/10] anna sheila marie: ""Having such a nice staff makes everything better."" || [10.0/10] Dhananjay: ""The staff were extremely friendly and helpful throughout."" || [8.8/10] hui ping: ""Great room space with superb service from friendly staff."" || [9.2/10] Thitikhun: ""Good hotel to stay in sapa, staff very kind and friendly."" || [10.0/10] Paula: ""The room was very clean, modern and spacious."" || [10.0/10] Christian Lloyd: ""I highly recommend this hotel to anyone visiting Sapa!"" || [8.8/10] Kirk: ""The rooms were on par with any 4-star hotel in the US!"" || [9.6/10] Venecia: ""The hospitality and service more than made up for it."""
18516076,8.9,4901,9.2,9.0,8.9,9.2,9.1,2834,628,174,150,175,"[10.0/10] linda: ""The view of the mountains was amazing and very relaxing."" || [10.0/10] Aleck: ""There’s an infinity pool with an outstanding view."" || [8.8/10] Zhenyu: ""We stayed in the family suite with the most gorgeous views."" || [9.6/10] Chun Jek: ""The room is big and clean with all the amenities provided."" || [9.6/10] Maulidya: ""The staff also very welcoming, the service is 10 out of 10!"" || [10.0/10] Daniel: ""The nice pool where you can take Instagram-worth pictures."" || [10.0/10] Linda: ""Hotel room was very clean (so are the overall premises)"" || [10.0/10] Sharanya: ""The place itself was stunning, with breathtaking views."" || [10.0/10] mery: ""The view is breathtaking and the service is top-notch."" || [10.0/10] Nurul Izaati: ""Staff is very helpful and manager Louis very helpful"""
83780778,9.3,168,9.4,9.1,9.7,9.8,9.6,61,5,0,3,1,"[10.0/10] Nico: ""And the staff were exceptionally friendly and helpful."" || [10.0/10] Roselle: ""What we loved the most was the accommodating owner."" || [10.0/10] Rannie: ""I will stay here again if I will come back in Sapa."" || [10.0/10] kurnia: ""Their effort to communicate and help was truly appreciated."" || [10.0/10] judeben: ""As for the room, it is clean and beautiful."" || [10.0/10] Jeffry: ""I want to stay here again if I come here again."" || [10.0/10] HERMILLE: ""Love its sturdy bed and hot shower!"" || [10.0/10] Belinda: ""Exceptional service, lovely hotel!"" || [10.0/10] Jesmar: ""A very good stay in this Hotel!"" || [10.0/10] Arlene: ""Clean and very good price for the 7 pax."""
77497818,8.6,117,8.4,8.4,9.0,9.1,9.0,549,201,60,50,42,"[10.0/10] Elroy: ""It’s easily the best place I’ve stayed during my trip."" || [10.0/10] Tracy: ""The food they serve in their restaurant is worth the price."" || [9.6/10] Christina: ""We loved our stay here that we extended another night."" || [10.0/10] Thaw: ""I had a wonderful experience staying at this hotel."" || [10.0/10] Param: ""Best location, best view, yummy breakfast and cool staffs."" || [10.0/10] Jessica: ""Will probably stay here again in the future!"" || [9.6/10] MARICAR: ""The staff is hospitable, helpful specially the owner."" || [9.2/10] Daniel Sakti: ""Great location and walkable to sapa center"" || [7.2/10] Karamveer: ""Excellent location surrounded by beautiful mountain views."" || [8.0/10] Sreekanth: ""Family run homestay with an amazing view from the cafe!"""
92212501,10.0,11,10.0,10.0,10.0,10.0,10.0,9,0,0,0,0,"[10.0/10] Kathy: ""The room view is amazing, totally worth the money!"" || [10.0/10] Lập: ""Nice service, good location, friendly host"" || [10.0/10] Nguyen Truong: ""My room is clean and beautiful."" || [10.0/10] Nguyen: ""Brand new, clean."""
73179858,8.1,225,7.1,7.5,7.6,7.8,7.1,26,16,8,6,17,"[10.0/10] Cherry Mae: ""We stayed there for one night, and our stay was great!"" || [8.0/10] ma percila: ""Friendly and helpful staff"" || [9.6/10] Emman: ""I will definitely recommend this hotel."" || [8.8/10] Pete: ""I stayed in the dorm which was clean."" || [10.0/10] Pete: ""Will definitely stay here again."" || [10.0/10] Camille: ""Will definitely come again"" || [10.0/10] Sheen: ""Fantastic stay"" || [7.2/10] Athanasios Petros: ""Very friendly owner."""
1031263,8.2,1230,7.9,7.8,8.9,8.2,8.5,488,204,82,92,128,"[10.0/10] Sam: ""The rooms were spotless and quiet, ensuring a restful sleep."" || [8.8/10] Tess : ""It was convenient, comfortable, and family-friendly."" || [10.0/10] HANISA: ""The room is spacious, clean and the bed got heater."" || [8.8/10] Raezel: ""The hotel offered fantastic views and a comfortable sleep."" || [10.0/10] Charmie lyn: ""The hotel staff are incredibly friendly and accommodating."" || [8.8/10] MA. CORAZON: ""Location very near in sapa station, plaza and restaurant."" || [8.4/10] ELIZABETH: ""Its location is convenient and accessible to many places."" || [9.2/10] Janine: ""But overall the hotel itself on good with breakfast 👍👍👍"" || [10.0/10] Gracely: ""The staff is so friendly they even gave us free upgrade"" || [10.0/10] Lailah: ""We stayed in 505 which had large windows with amazing views."""
5831353,9.3,11365,9.5,9.4,9.5,9.5,9.4,7572,1216,232,162,144,"[10.0/10] Shareeq: ""The highlight for us was definitely the rooftop pool."" || [10.0/10] Jeanrose: ""The room was spacious, spotless, and beautifully designed."" || [10.0/10] Won Young: ""They made sure our stay in Sapa was comfortable and fun."" || [9.6/10] Karen: ""Great view of mountains and valley from mountain view rooms."" || [10.0/10] Karan: ""Location is 10/0 good view plus easily accessible to centre."" || [10.0/10] Maribel: ""Food, location, staff, cleanliness, everything is perfect."" || [10.0/10] Marivic: ""We got the best service from staff to facilities and food…"" || [10.0/10] Mary: ""They have a spa, gym, indoor (heated) and outdoor pool."" || [10.0/10] Beatrice: ""This is the best value for money accommodation in Sapa."" || [9.6/10] Jasmin: ""Check-in and check-out were both smooth and efficient."""
91258385,,,,,,,,,,,,,
40560157,9.5,1870,9.4,9.2,9.6,9.9,9.6,739,91,19,14,10,"[9.2/10] Yasmin: ""We got rooms with absolutely beautiful views."" || [9.6/10] Kandy: ""The room was very clean and the balcony view was wonderful."" || [9.6/10] Rita: ""The room itself also had an amazing view of the mountains."" || [10.0/10] Kat: ""Everyone was so warm, accommodating, and genuinely helpful."" || [10.0/10] Gergely: ""If you get the rooms with balcony then the view is amazing."" || [10.0/10] Yixing: ""Offered us free sapa tea whenever we were in the lobby."" || [9.6/10] Tia: ""The room was clean, comfortable, and well-maintained."" || [10.0/10] Aziz: ""Highly recommend this hotel for anyone visiting Sapa."" || [10.0/10] Xyre Judel Zamudio: ""They even gave us a gift after we have checked out."" || [10.0/10] Bondan: ""Overall, Tiger SaPa hotel is very recommended for you guys."""
2607925,9.1,6367,9.4,9.1,8.9,9.4,9.1,2794,664,171,128,116,"[10.0/10] Czarina: ""Dining at A Linh Restaurant was a highlight in itself."" || [10.0/10] Aileen: ""Everything was excellent regarding staff , service and food."" || [10.0/10] David: ""Would definitely recommend and will return for another stay."" || [10.0/10] Javier: ""Superb stay and very attentive staff in  a perfect location"" || [9.2/10] Thanaphon: ""A top-tier hotel in Sapa with stunning views from the room"" || [10.0/10] Paul Anthony: ""The hotel has free shuttle to from hotel to sapa church."" || [10.0/10] Paul: ""The best place to stay, hands down, in the town of Sa Pa"" || [10.0/10] Alina: ""The location is great — all the main sights are nearby."" || [10.0/10] Yoopadee: ""Room & facilities are exceptional & exceed expectation."" || [9.2/10] Saravanan: ""The room was spacious, clean, and beautifully designed."""
26852142,8.9,3575,8.9,8.9,9.3,9.3,9.0,2073,423,132,129,144,"[10.0/10] Steffie Blair: ""We had a wonderful time and will definitely be back!"" || [9.6/10] Jas: ""V convenient location, room is v clean & in gd condition."" || [9.6/10] Kelly Ann: ""From the moment we arrived, the staff made me feel welcomed."" || [10.0/10] patrina: ""The free breakfast was the best, it has variety of choices."" || [9.6/10] Marlene: ""Breakfast was delicious, with a good variety of options."" || [10.0/10] Dana: ""The amenities were amazing, we enjoyed the pool so much."" || [10.0/10] Glenn: ""Such an amazing view in the morning during breakfast"" || [10.0/10] Karmela: ""Perfect location with an amazing view if the weather allows."" || [8.0/10] Danish El Syarof: ""The have best view & the staff are really helpful & friendly"" || [10.0/10] Nurul: ""Very recommended, all staff very kind & friendly👏🏻"""
39830954,8.8,822,8.9,8.5,9.4,9.1,9.1,449,128,44,37,26,"[9.2/10] SHERENE: ""The room itself was clean, comfortable, and well-maintained."" || [10.0/10] Lorelei: ""A plus is the restaurant in the hotel that serves good food."" || [8.0/10] Jonathan: ""His hospitality made our trip even more enjoyable."" || [10.0/10] ANDRIAN: ""Thanks Legacy Hotel, gonna repeat again stay with you guys."" || [9.2/10] Haidar: ""From check-in to check-out, the service was impeccable."" || [10.0/10] Jill: ""The view of the lake from the room balcony is gorgeous."" || [9.6/10] Gabrielle Jahn: ""Will definitely recommend this hotel to my friends :)"" || [10.0/10] Ervin: ""The perfect hotel for families, close to everything!"" || [9.2/10] Pankaj: ""Rooms are clean, spacious, and very well maintained."" || [10.0/10] Yara: ""We stay in here for about 3days and it was amazing."""
91316170,9.3,7,10.0,10.0,10.0,10.0,10.0,4,0,0,0,0,"[10.0/10] Lou Kathleen: ""The owner My is very kind and accommodating."" || [10.0/10] Lou Kathleen: ""It was a great experience."""
92428405,8.3,21,8.3,8.0,7.7,8.9,8.6,4,1,0,1,1,
76727704,9.5,148,9.7,9.2,9.1,9.9,9.7,48,7,0,1,0,"[10.0/10] Dedre: ""If you are looking for a peaceful stay, this is your place."" || [10.0/10] Raweewong: ""The place is very nice with beautiful views and fresh air."" || [10.0/10] Zuhaili : ""One of the best homestay I’ve ever stayed in Vietnam."" || [8.4/10] Oai Ling: ""Room is constructed with pinewood, a very special experience"" || [9.6/10] Viktoria: ""We would 100% recommend this homestay to everyone!"" || [9.6/10] Ophelia: ""The views from our room were absolutely stunning."" || [9.6/10] Li: ""Host is a sweet couple that makes me feel home."" || [8.0/10] June: ""The room is great and I had balcony to enjoy the view."" || [9.6/10] Diori: ""The bed is the comfiest I had while in Sapa."" || [10.0/10] Akash: ""Peaceful, well built, comfortable and just beautiful."""
7406420,9.1,1605,9.2,8.9,9.2,9.6,9.4,927,185,42,26,35,"[10.0/10] ferry: ""The scenery is so beautiful and you can see at the balcony."" || [9.6/10] Emily: ""The staff was very helpful and we enjoyed our staying here."" || [10.0/10] Angelique Viola : ""The staff was especially attentive and very accommodating."" || [9.6/10] Mariel: ""Bedroom is spacious and the view from our room is awesome!"" || [9.6/10] Muhammad: ""They set a high level of service exceeding a 5 star hotel."" || [9.6/10] syaza: ""They accommodated an early check-in, which was a big plus."" || [9.2/10] kuilan: ""To have a temporary room to rest is of utmost importance."" || [10.0/10] wonder: ""3. The rooms are clean, spacious and have amazing views."" || [9.2/10] Julie: ""So convenient, views are amazing & the staff top notch"" || [10.0/10] Chin: ""Cleanliness is top tier and they have spacious rooms!"""
5649846,9.3,6072,9.6,9.6,9.8,9.5,9.2,2714,299,75,50,46,"[10.0/10] Must: ""This hotel is great, come to Sapa only first. 💗"" || [10.0/10] Bing: ""I also dined at Chic restaurant and really enjoyed the food."" || [9.6/10] T: ""The hotel was 5 star and the indoor swimming pool is amazing"" || [9.2/10] Yvonne: ""The location of the hotel is great and its link to a mall."" || [10.0/10] Douglas: ""The whole hotel is the most extraordinary  art experience."" || [10.0/10] Sir: ""If you have the budget, stay here for your entire Sapa trip."" || [9.6/10] Mary: ""From the lobby to the room it exudes class and cleanliness."" || [10.0/10] france: ""The actual hotel is so unique and luxurious"" || [10.0/10] Riel Louise: ""From the facilities, to the staff, to its location?"" || [10.0/10] Alan: ""This hotel has and is everything you could want in a hotel."""
73561103,9.4,731,9.4,9.0,9.5,9.4,9.4,124,16,4,4,6,"[10.0/10] Sofia: ""The dorm ist very clean, the beds are large and comfortable."" || [10.0/10] Ana: ""I'll definitely stay again here if given a chance."" || [10.0/10] roi: ""I slept in the dorms and everything was clean and well kept."" || [9.2/10] Nami: ""Best value in Sapa for single room"" || [9.6/10] Cherrylene: ""Spacious room, clean facilities, everyday they do cleaning."" || [10.0/10] Alexandre: ""The homestay is really nice with big rooms:)"" || [10.0/10] Brayan: ""I will definitely stay here next time around :)"" || [10.0/10] Nicolas: ""I will definitly come back here if I'm ever back in SaPa"" || [10.0/10] Mui Fong: ""Great Homestay in the Heart of Sapa"" || [10.0/10] Pratima: ""Great rooms clean stay and wonderful people."""
30726011,8.9,2415,9.2,8.8,9.3,9.2,9.0,1371,347,84,85,83,"[10.0/10] Lezel: ""The staffs were also kind and tended to some of my requests."" || [10.0/10] Kessya: ""From the moment I arrived, the staff went above and beyond."" || [9.6/10] Camille Deanne: ""It also has a Netflix which i didn't expect kudos to that!"" || [10.0/10] Tu Dao: ""They went above and beyond to helping me with any needs."" || [9.6/10] Don Fernando: ""The toilet facilities were spotless and well-maintained."" || [8.0/10] Md: ""The rooms were clean, well-maintained, and comfortable."" || [10.0/10] Phoejane: ""I had a wonderful stay at DeLaSol Sapa this summer."" || [9.6/10] Laisa: ""Staff are very nice and they clean our room nicely everyday."" || [10.0/10] paingthet: ""The breakfast was delicious, with a nice selection of food."" || [9.6/10] mark: ""Great staff , good size rooms, and recommend the breakfast."""
1603014,8.3,1812,8.3,8.1,8.4,8.6,8.6,805,409,127,120,162,"[9.6/10] Norie Angelie: ""Overall, this hotel exceeded our expectations in every way."" || [10.0/10] Jason: ""I got the room with the mountain view and it’s breathtaking."" || [10.0/10] pradipkumar: ""I would love to come back again here everything is awesome"" || [9.6/10] SUKHCHAN: ""Large rooms with excellent view and more modern hotel."" || [8.8/10] SHADYA: ""Great location, very dedicated staff, amazing mountains view"" || [7.2/10] Ronalyn: ""Lots of space for our luggage and for my kids to run around."" || [8.8/10] SHADYA: ""I had a great room with an amazing Mountain View."" || [10.0/10] Erika: ""The room was really spacious and the view was breathtaking."" || [7.6/10] Jennileen: ""On the positive side, the breakfast buffet was delightful."" || [9.2/10] Hazem: ""Great location, in the middle of moana and sapa central."""
73270,9.0,4159,9.2,9.0,9.3,9.1,8.9,914,208,67,57,61,"[9.6/10] Chris: ""The breakfast was fresh and it felt safe to eat everything."" || [10.0/10] Rimjhim: ""Strong WiFi and good sound insulation for a busy hotel."" || [9.2/10] Kartika: ""It's all these small details that makes me heart sing."" || [9.2/10] Vibhaker: ""Ms Julie's ever smiling service we will remember for long."" || [9.6/10] Mark: ""Willing to listen and help us out when we need assistance."" || [10.0/10] Kawan: ""Breakfast is superb, featuring a wide variety of choices."" || [10.0/10] Muhammad: ""Stayed for 4 nights and we had an amazing mountain view."" || [10.0/10] Elarpio: ""The best breakfast ever with amazing mountain view."" || [10.0/10] Thuỳ Mai: ""We searched for a luxury hotel for a decent price."" || [10.0/10] Sarawut: ""Breakfast was fresh and delicious, served with a big smile."""
410811,8.8,1598,8.6,8.3,9.0,9.3,8.9,836,394,131,73,59,"[10.0/10] Whindee-Ann Sotto: ""The staff were also very friendly, kind, and accommodating."" || [10.0/10] Aisling: ""Most of all the host was very welcoming and kind!"" || [10.0/10] Koh: ""I would definitely stay here again on my next trip to Sapa!"" || [10.0/10] Devendra: ""We had the room with a balcony which had an excellent view."" || [9.6/10] Eileen: ""Highly recommended unique hotel and we will be back again."" || [10.0/10] Lovelee: ""Overall, this place is fantastic and well worth the money!"" || [10.0/10] Dennis: ""Staffs are friendly and supportive on daily plan routine."" || [10.0/10] Galatia: ""I have a wonderful experience staying at this property."" || [10.0/10] Leanife: ""The room was clean, comfortable, and well-maintained."" || [10.0/10] Jasmin: ""The place is clean, comfortable, and well maintained."""
69363409,9.2,363,9.5,8.9,9.1,9.3,9.0,85,14,6,4,3,"[10.0/10] Levi: ""We also had a Red Doe bath here which was excellence value."" || [10.0/10] benson: ""This a recent built hotel so everything are clean and fresh."" || [10.0/10] Giezel: ""The location is perfect, close to many popular attractions."" || [10.0/10] Cristian: ""The reception staffs are very nice and always smiling."" || [10.0/10] Lee: ""And the views from our room is to die for."" || [10.0/10] Riena: ""And the location was strategic — close to halal restaurants."" || [8.0/10] Ferdinand: ""Nice hotel up a hill with beautiful views when clear."" || [9.6/10] Virginia: ""Great staff, good location and very clean."" || [8.8/10] Su: ""Room is nice and able to see the Muong Hoa monorail."" || [10.0/10] Riena: ""All the staff at this hotel are very friendly and attentive."""
92113492,9.7,12,9.7,9.0,9.3,9.7,10.0,5,1,0,0,0,"[10.0/10] Luca: ""One of the best accommodations we stayed at in Vietnam!"" || [10.0/10] Luca: ""Our room and the shared bathroom were very clean!"" || [10.0/10] Luca: ""Highly recommended!"" || [8.4/10] Dzung: ""New homestay"""
11055251,8.8,1642,9.0,8.6,8.9,9.2,9.1,865,274,90,75,53,"[10.0/10] Ritchel: ""For the price of a 2-star hotel, we received 5-star service."" || [8.8/10] Oleksandr: ""We stayed here for 2+1 nights and the rooms are great."" || [9.6/10] Geomelou Thea: ""The room was so nice and spacious, I was surprised."" || [9.6/10] Caitlin: ""The room itself is clean and complete in amenities."" || [8.8/10] Chiravan: ""Room pretty big, clean and the view from balcony is amazing!"" || [9.2/10] Charlotte: ""The rooms are clean and large, and the beds are comfortable."" || [8.8/10] Alfred: ""My room is having the best view of the mountainous scenery."" || [10.0/10] Dennie: ""We will come back and recommend this hotel to our friends."" || [9.2/10] Elsie: ""The room is clean and spacious and large enough for four."" || [10.0/10] KRISLEI: ""The hotel is walking distance to Sun Plaza about 1000m."""
5056635,8.7,1389,8.8,8.3,8.8,9.1,8.8,733,260,72,77,84,"[9.2/10] SUNGJOO: ""Fantastic staffs and perfect location to go around the town."" || [10.0/10] Cole: ""The team and staff at the hotel made the stay exceptional."" || [9.6/10] Siti Hajar: ""When we entered into the lobby, the staff greeted us warmly."" || [10.0/10] Rashmi: ""The stay was extremely comfortable and enjoyable."" || [9.6/10] MOHD ZUWAIRI: ""The hotel room was very comfortable for our family of six."" || [10.0/10] Nurul: ""The location, the staff, the Mountain View! ❤️"" || [8.0/10] Ervinna: ""Room suitable to accommodate 4adults + 2kids like us."" || [10.0/10] Ma Teresa Del Rosario: ""Will never book in other hotels except for this one."" || [10.0/10] Yuliani: ""I would highly recommend you to stay in this hotel.."" || [9.2/10] Ernest Patrick: ""There was a great view from the terrace of my room."""
39909193,8.8,910,8.8,8.6,9.2,9.2,9.1,142,57,14,8,4,"[10.0/10] Cameron: ""Wonderful staff in a lovely and clean hotel in a good area."" || [8.4/10] Eric: ""Very good location in Sapa so you can walk around easily."" || [10.0/10] Udi: ""The e perfect place if you are staying at Sapa."" || [8.0/10] Peter: ""We got upgraded to superior room  for no extra charge."" || [10.0/10] Wendy: ""We had a fabulous few nights at Cherry Sapa Hotel."" || [10.0/10] Alessandra: ""If I had to come back to Sapa, I will come back for sure."" || [8.8/10] Anne: ""Hotel is just mins away from the Lake, and Sun plaza."" || [10.0/10] Elisabeth: ""The hotel is homey, room is spacious and bed is big."" || [10.0/10] Christ: ""And breakfast is really really delicious."" || [10.0/10] Marcos: ""Breakfast is really good as well."""
62061383,9.0,67,9.1,9.0,8.5,9.6,9.4,39,14,4,1,2,"[9.6/10] Charlotte: ""Beautiful place and really friendly and helpful staff."" || [9.6/10] Jeremy: ""This place is one of the nicest I have ever stayed."" || [10.0/10] Toni: ""The pool, the views, the staff, the comfy bed."" || [10.0/10] Anastasia: ""Thank you so much for a pleasant stay, wonderful place!"" || [10.0/10] Mathilde: ""The view from our room on the mountains was beautiful."" || [10.0/10] Rey: ""The restaurant also serves good food at reasonable prices."" || [8.4/10] Faten: ""Amazing establishments with breathtaking views."" || [8.8/10] RANJITH: ""Overall the stay was nice and value for money."" || [9.2/10] Ma. Kristina Casandra: ""A very nice place worth your money, very nice indeed"" || [10.0/10] Duong: ""Highly recommend this homestay."""
