property_id,hotel_name,default_name,property_type,accommodation_type,stars,is_luxury,address_line,area_name,area_id,city_name,city_id,country_name,postal_code,latitude,longitude,year_opened,number_of_rooms,number_of_floors,check_in_from,check_out_until,breakfast_charge,airport_transfer_fee,gold_circle_award_year,today_booking,booking_count_last_24h,recommendation_score,main_image_url
18170457,"Wink Saigon Centre, Unscripted by Hyatt - 24 hours stay","Wink Saigon Centre, Unscripted by Hyatt - 24 hours stay",Hotel,Hotel,4.0,False,"75 Nguyen Binh Khiem, Tan Dinh Ward, Ho Chi Minh City, VietNam",District 1,93586,Ho Chi Minh City,13170,Vietnam,70000,10.791301727294922,106.70046997070312,2021,237,11,12:00,12:00,400000 VND,400000 VND,2025,Booked 5 times today,,,https://pix8.agoda.net/hotelImages/83513337/0/741897e72fd15bf3834be1100cfc3fec.jpeg?ce=3&s=1024x768
55765781,Grandma Lu's Saigon Signature,Grandma Lu's Saigon Signature,Hotel,Hotel,1.0,False,"No. 50, Nguyen Thai Binh Street, Nguyen Thai Binh Ward, Vietnam",District 1,93586,Ho Chi Minh City,13170,Vietnam,700000,10.7696599960327,106.69995880127,2024,37,5,14:00,12:00,,350000 VND,2025,Booked 24 times today,,,https://pix8.agoda.net/hotelImages/55765781/0/3428c8ba86fb1f0599ddd93809255f8c.png?ce=3&s=1024x768
35417217,Palette Amura Hotel - Near Gigamall,Palette Amura Hotel - Near Gigamall,Hotel,Hotel,2.0,False,18 Hiep Binh Chanh Ward,Thủ Đức,482413,Ho Chi Minh City,13170,Vietnam,70000,10.824762344360352,106.71930694580078,2025,50,2,14:00,12:00,,,,Booked 5 times today,,,https://pix8.agoda.net/hotelImages/35417217/0/74c9734e52e4b43d7144913c20e48cae.png?ce=3&s=1024x768
10983,Eastin Grand Hotel Saigon,Eastin Grand Hotel Saigon,Hotel,Hotel,5.0,False,"253 Nguyen Van Troi Street, Phu Nhuan District ",Phú Nhuận,93597,Ho Chi Minh City,13170,Vietnam,                    ,10.79656,106.673288,,268,7,14:00,12:00,440000 VND,22 VND,,Booked 16 times today,,,https://pix8.agoda.net/hotelImages/10983/-1/8554bc906dfefbbbce304d1c4e48116a.jpg?ce=0&s=1024x768
2235563,VyDa Backpacker Hostel,VyDa Backpacker Hostel,Hotel,Hostel,0.0,False,33D Đ. Nguyễn Trung Trực,District 1,93586,Ho Chi Minh City,13170,Vietnam,711045,10.775046120811558,106.69770106674605,2017,4,3,14:00,12:00,0 VND,,,Booked 4 times today,,,https://pix8.agoda.net/hotelImages/2235563/-1/438665a8cc94618dbce5d2cc860ffec7.jpg?ce=0&s=1024x768
34480840,9 Hostel and Suites,9 Hostel and Suites,Hotel,Hostel,3.0,False,90 Lê Lai,District 1,93586,Ho Chi Minh City,13170,Vietnam,7000000,10.7701588,106.693634,2021,49,7,14:00,11:30,0 VND,,,Booked 21 times today,,,https://pix8.agoda.net/hotelImages/34480840/0/32b2aa146f3add3d9a736265816c205d.jpg?ce=0&s=1024x768
37272417,Grandma Lu's Saigon Japan Town,Grandma Lu's Saigon Japan Town,Hotel,Hotel,1.0,False,18 Thái Văn Lung,District 1,93586,Ho Chi Minh City,13170,Vietnam,700000,10.7800789,106.7039,2023,22,4,14:00,12:00,,,,Booked 3 times today,,,https://pix8.agoda.net/hotelImages/37272417/0/2643bf9986dbb49d699b1ce0ac938a15.png?ce=3&s=1024x768
90004172,The Signature Boutique Hotel Saigon,The Signature Boutique Hotel Saigon,Hotel,Hotel,4.0,False,"47 - 49 Truong Dinh Street, Xuan Hoa Ward",District 3,31585,Ho Chi Minh City,13170,Vietnam,700000,10.776769,106.69074,,1,,14:00,12:00,,,,Booked 10 times today,,,https://pix8.agoda.net/hotelImages/90004172/0/129d3229b589030e9cdb6f2c3126d845.jpg?ce=3&s=1024x768
41306301,The Concept Hotel HCMC- District 1,The Concept Hotel HCMC- District 1,Hotel,Hotel,4.0,False,13 Nguyễn Thái Học ,District 1,93586,Ho Chi Minh City,13170,Vietnam,710000,10.764161109924316,106.69744110107422,2023,22,5,14:00,12:01,,,,Booked 6 times today,,,https://pix8.agoda.net/hotelImages/41306301/-1/be46a8f9d41ed26be92b570888feeafe.jpg?ce=0&s=1024x768
4972275,9 Hostel and Bar,9 Hostel and Bar,Hotel,Hostel,3.0,False,9 Bui Thi Xuan,District 1,93586,Ho Chi Minh City,13170,Vietnam,,10.772370964093982,106.69095821678638,2015,10,6,14:00,11:00,,,,Booked 25 times today,,,https://pix8.agoda.net/hotelImages/4972275/-1/8b017143586b6ec9ca3ae73306cdc4b5.jpg?ce=0&s=1024x768
80114585,PureJoy Hotel Saigon - Premium,PureJoy Hotel Saigon - Premium,Hotel,Hotel,4.0,False,"26A Le Thanh Ton Street, Ben Nghe ward, District 1, Viet Nam",District 1,93586,Ho Chi Minh City,13170,Vietnam,700000,10.7799480720754,106.704079222702,,1,,14:00,12:00,,,,Booked 10 times today,,,https://pix8.agoda.net/hotelImages/80114585/0/aaf98ae49800adf0089f90e799f2fcd1.jpg?ce=3&s=1024x768
85734134,Palette Phu Nhuan Apartment,Palette Phu Nhuan Apartment,NonHotel,Apartment/Flat,3.0,False,"483A Nguyễn Kiệm, Phường 9",Phú Nhuận,93597,Ho Chi Minh City,13170,Vietnam,0000,10.802653312683105,106.67896270751953,2025,36,,14:00,12:00,,,,Booked 4 times today,,,https://pix8.agoda.net/hotelImages/85734134/0/db23f5881aa864ae7c04b6c10f34feef.jpg?ce=3&s=1024x768
85267969,The Auberg Collection Hotel,The Auberg Collection Hotel,Hotel,Hotel,5.0,False,"78-80-82 Truong Dinh St., Ben Thanh Ward",District 1,93586,Ho Chi Minh City,13170,Vietnam,700000,10.773185729980469,106.69515991210938,2026,27,7,14:00,12:00,0 VND,500000 VND,,Booked 14 times today,,,https://pix8.agoda.net/hotelImages/85267969/0/e47b4b1714510a621d34362221d4836e.jpg?ce=3&s=1024x768
5869838,Roseland Sweet Hotel,Roseland Sweet Hotel,Hotel,Hotel,4.0,False,"04 Cao Ba Quat Street, Saigon Ward,  Ho Chi Minh City",District 1,93586,Ho Chi Minh City,13170,Vietnam,70 000,10.7785892486572,106.704795837402,2019,65,12,14:00,12:00,250000 VND,1000000 VND,2023,Booked 3 times today,,,https://pix8.agoda.net/hotelImages/5869838/-1/a41f62e586f0967edd45c42353101a5d.jpg?ca=16&ce=1&s=1024x768
13571664,LA VELA SAIGON HOTEL,LA VELA SAIGON HOTEL,Hotel,Hotel,5.0,True,"280 Nam Ky Khoi Nghia Street, Vo Thi Sau Ward, District 3, Ho Chi Minh City",District 3,31585,Ho Chi Minh City,13170,Vietnam,700000,10.788559913635254,106.6854248046875,2019,280,27,15:00,12:00,470000 VND,1200000 VND,2025,Booked 51 times today,,,https://pix8.agoda.net/hotelImages/13571664/-1/1f5534ab6fe32247daeb7a1775b309e5.png?ce=0&s=1024x768
60563235,KAS Eliana Luxury Hotel,KAS Eliana Luxury Hotel,Hotel,Hotel,3.0,False,13 Bui Thi Xuan Street,District 1,93586,Ho Chi Minh City,13170,Vietnam,70000,10.772,106.69077,2024,35,9,14:00,12:01,,,,Booked 3 times today,,,https://pix8.agoda.net/hotelImages/60563235/0/ec623d559b34e8ef24876df836dde6dd.png?ce=3&s=1024x768
36999606,Capsule Riverside Saigon,Capsule Riverside Saigon,Hotel,Capsule hotel,2.0,False,"No. 324, Vo Van Kiet Street",District 1,93586,Ho Chi Minh City,13170,Vietnam,70000,10.7618151,106.695976,2023,86,1,14:00,12:00,,,2024,Booked once today,,,https://pix8.agoda.net/hotelImages/36999606/0/e11a3e3c5f70a82c9a7d7464137aba79.png?ce=3&s=1024x768
31254730,"Express by M Village Võ Thị Sáu, a brand of Modern Village Lifestyle","Express by M Village Võ Thị Sáu, a brand of Modern Village Lifestyle",Hotel,Serviced apartment,3.0,False,232/15 Võ Thị Sáu ,District 3,31585,Ho Chi Minh City,13170,Vietnam,700000,10.78276538848877,106.68537902832031,2022,65,4,14:00,12:00,,,,Booked 5 times today,,,https://pix8.agoda.net/hotelImages/31254730/0/4c370bc1992f0181e3e6386a191b142d.png?ce=3&s=1024x768
75304051,Nicecy Hotel - Truong Quyen,Nicecy Hotel - Truong Quyen,Hotel,Hotel,2.0,False,"64 Đ. Trương Quyền, Phường 6",District 3,31585,Ho Chi Minh City,13170,Vietnam,700000,10.787196159362793,106.69210815429688,2025,30,6,14:00,12:00,0 VND,450000 VND,,Booked 8 times today,,,https://pix8.agoda.net/hotelImages/75304051/0/3e131edffbfd04c6fd49b0080572c764.jpg?ce=2&s=1024x768
93006841,Amory Royal Hotel,Amory Royal Hotel,Hotel,Bed & Breakfast,4.0,False,"252/43–45 Cao Thang Street, Ward 12",District 10,57522,Ho Chi Minh City,13170,Vietnam,70000,10.775668951840402,106.67564375078184,,65,10,14:00,12:00,,,,Booked 21 times today,,,https://pix8.agoda.net/hotelImages/93006841/0/671acba08792ac819080ccf66100ab74.png?ce=3&s=1024x768
230121,Golden Star Hotel - 60 Le Thanh Ton,Golden Star Hotel - 60 Le Thanh Ton,Hotel,Hotel,3.0,False,"60 Le Thanh Ton str, Saigon ward",District 1,93586,Ho Chi Minh City,13170,Vietnam,70000,10.778664,106.70295,2008,30,8,14:00,12:00,,600000 VND,,Booked 17 times today,,,https://pix8.agoda.net/hotelImages/230121/0/9aeb44d0b3eb640ab5764d6e3dbf256e.png?ce=3&s=1024x768
37844344,La Opera saigon hotel,La Opera saigon hotel,Hotel,Hotel,3.0,False,"01 Ngo Van Nam street, Ben Nghe ward",District 1,93586,Ho Chi Minh City,13170,Vietnam,700000,10.780940055847168,106.70631408691406,2023,42,8,14:00,12:00,,650000 VND,,Booked 7 times today,,,https://pix8.agoda.net/hotelImages/37844344/-1/afd434848b2795b1010793f6e6d57293.jpg?ce=0&s=1024x768
545120,Asian Ruby Center Point Hotel,Asian Ruby Center Point Hotel,Hotel,Hotel,3.0,False,46-48 Mac Thi Buoi Street,District 1,93586,Ho Chi Minh City,13170,Vietnam,70000,10.77538013458252,106.70466613769531,2013,50,7,14:00,12:00,,350000 VND,,Booked 19 times today,,,https://pix8.agoda.net/hotelImages/545120/-1/a14557283dffc1636973a9f23482d99b.jpg?ca=6&ce=1&s=1024x768
17522772,MEANDER Saigon,MEANDER Saigon,Hotel,Hotel,3.0,False,"3B Ly Tu Trong St., Sai Gon Ward, Ho Chi Minh City",District 1,93586,Ho Chi Minh City,13170,Vietnam,700000,10.7825565338135,106.705368041992,2020,42,9,15:00,12:00,,380000 VND,,Booked 3 times today,,,https://pix8.agoda.net/hotelImages/17522772/0/ccb75c8e76d60ce691c95e3402b4e6a1.jpg?ce=3&s=1024x768
35540459,KAS Ancient Boutique Hotel,KAS Ancient Boutique Hotel,Hotel,Hotel,3.0,False,47A Nguyễn Trãi,District 1,93586,Ho Chi Minh City,13170,Vietnam,,10.770548820495605,106.6924057006836,,30,11,14:00,12:00,,,,,,,https://pix8.agoda.net/hotelImages/35540459/0/78bdf549b76acee01352a83a7ee99184.jpg?ce=3&s=1024x768
74057351,The Signature Hotel Saigon,The Signature Hotel Saigon,Hotel,Hotel,4.0,False,39 Cách Mạng Tháng 8,District 1,93586,Ho Chi Minh City,13170,Vietnam,000000,10.771753,106.69255,,1,,14:00,12:00,,,,Booked 8 times today,,,https://pix8.agoda.net/hotelImages/74057351/0/2a28dec1a89bdb7f11e4799875e1bc1c.jpg?ce=2&s=1024x768
245858,KAS Sonata Luxury Hotel,KAS Sonata Luxury Hotel,Hotel,Hotel,3.0,False,40 Bui Thi Xuan street,District 1,93586,Ho Chi Minh City,13170,Vietnam,70000,10.771780967712402,106.69014739990234,2009,41,8,14:00,,200000 VND,,,Booked once today,,,https://pix8.agoda.net/hotelImages/245858/0/3a2ee6504bc3801e5609c7752c3b1007.jpg?ce=3&s=1024x768
30670517,YÊN LIVING BÌNH THẠNH ,YÊN LIVING BÌNH THẠNH ,Hotel,Serviced apartment,3.0,False,30/57B Nguyễn Cửu Vân,Bình Thạnh,61314,Ho Chi Minh City,13170,Vietnam,750000,10.7973413,106.708214,,1,,14:00,12:00,,,2024,Booked 7 times today,,,https://pix8.agoda.net/hotelImages/30670517/0/87f24cead89df921251aad85688a34ea.jpg?ca=27&ce=0&s=1024x768
87898903,Pink Suite Saigon Airport Hotel,Pink Suite Saigon Airport Hotel,Hotel,Hotel,4.0,False,"09 Nguyen Minh Hoang , Bay Hien Ward, Ho Chi Minh City",Tân Bình,481744,Ho Chi Minh City,13170,Vietnam,72100,10.800326347351074,106.64794921875,2026,65,,14:00,12:00,,,,Booked once today,,,https://pix8.agoda.net/hotelImages/87898903/0/9bdcb1d3524659ed1344de232cd8b2b5.jpg?ce=3&s=1024x768
87475901,Cherry Airport Hotel and Apartment,Cherry Airport Hotel and Apartment,Hotel,Hotel,3.0,False,"3 Đường C22, Phường 12",Tân Bình,481744,Ho Chi Minh City,13170,Vietnam,070000,10.798795,106.64988,,1,,14:00,11:00,,,,Booked 9 times today,,,https://pix8.agoda.net/hotelImages/87475901/0/d6aa4c067524e37e8e8ef7c8d8de2ac0.jpg?ce=3&s=1024x768
10971,Caravelle Saigon Hotel,Caravelle Saigon Hotel,Hotel,Hotel,5.0,True,"19-23 Lam Son Square, District 1",District 1,93586,Ho Chi Minh City,13170,Vietnam,                    ,10.776302337646484,106.70365142822266,1959,335,24,14:00,12:00,590000 VND,1680000 VND,,Booked 9 times today,,,https://pix8.agoda.net/hotelImages/6249915/0/68c8741d9375c89028c791827346e44c.jpg?ca=9&ce=1&s=1024x768
87898716,Pink Horizon Saigon Airport Hotel,Pink Horizon Saigon Airport Hotel,Hotel,Hotel,3.0,False,"30 Nguyen Ba Tuyen, Bay Hien Ward, Ho Chi Minh City, Viet Nam",Tân Bình,481744,Ho Chi Minh City,13170,Vietnam,70000,10.799396533891096,106.64785533791351,,1,6,14:00,12:00,,,,Booked 8 times today,,,https://pix8.agoda.net/hotelImages/87898716/0/4cf19b40d2c2b0789c440e409c5e3ba6.jpg?ce=3&s=1024x768
1158663,Roseland Corp Hotel,Roseland Corp Hotel,Hotel,Hotel,3.5,False,"8A/6D2 Th i Văn Lung Street (Japanese Area), Sai Gon Ward",District 1,93586,Ho Chi Minh City,13170,Vietnam,70000,10.7791271209717,106.70499420166,2016,70,12,14:00,12:00,250000 VND,1000000 VND,,Booked once today,,,https://pix8.agoda.net/hotelImages/1158663/0/aaec6a75ed0bea9ef90d0f967bd0fa1b.jpg?ce=3&s=1024x768
36088679,Celine Living - Central,Celine Living - Central,Hotel,Serviced apartment,4.0,False,231 Nguyen Dinh Chieu ,District 3,31585,Ho Chi Minh City,13170,Vietnam,70000,10.773738,106.68572,2023,9,9,15:00,12:00,,500000 VND,,Booked 11 times today,,,https://pix8.agoda.net/hotelImages/36088679/-1/23c5fe88332cddae5252b15076321228.jpg?ce=0&s=1024x768
35412483,SaiGon Europe Hotel - Bui Vien Walking Street,SaiGon Europe Hotel - Bui Vien Walking Street,Hotel,Hotel,3.0,False,"No. 207, De Tham, Pham Ngu Lao, District 1, Ho Chi Minh City.",District 1,93586,Ho Chi Minh City,13170,Vietnam,71012,10.767720222473145,106.6937026977539,,25,6,14:00,12:00,,400000 VND,,Booked 6 times today,,,https://pix8.agoda.net/hotelImages/35412483/0/83f066c30bc20dfdd1f159144d2f4e02.jpg?ce=2&s=1024x768
1161655,Bay Hotel Ho Chi Minh,Bay Hotel Ho Chi Minh,Hotel,Hotel,4.0,False,7 Ngo Van Nam Street,District 1,93586,Ho Chi Minh City,13170,Vietnam,70000,10.7805932864242,106.706911325455,2016,236,,14:00,12:00,300000 VND,1200000 VND,2025,Booked 5 times today,,,https://pix8.agoda.net/hotelImages/1161655/0/dc70f10f5d32368023741da480050ce2.jpg?ce=3&s=1024x768
75242621,KAS Milestone Premium Hotel,KAS Milestone Premium Hotel,Hotel,Hotel,4.0,False,"174 Đ. Nguyễn Thái Bình, Phường Nguyễn Thái Bình",District 1,93586,Ho Chi Minh City,13170,Vietnam,,10.767521,106.697655,,41,,14:00,12:00,,,,Booked twice today,,,https://pix8.agoda.net/hotelImages/75242621/0/a9120590bfc3541f942cfc125f4aa09f.jpg?ce=3&s=1024x768
51756230,The Concept Hotel HCMC- City Center,The Concept Hotel HCMC- City Center,Hotel,Hotel,4.0,False,"No. 160 Bis, Bui Thi Xuan Street, Phuong Pham Ngu Lao",District 1,93586,Ho Chi Minh City,13170,Vietnam,000000,10.768528938293457,106.68682861328125,,1,,14:00,,,,,Booked 11 times today,,,https://pix8.agoda.net/hotelImages/51756230/0/6d7ba8ae4293025507c2091c514c45b4.jpg?ce=2&s=1024x768
89597070,The Crown Airport Hotel,The Crown Airport Hotel,Hotel,Hotel,3.0,False,"14 Song Da Street, Tan Son Hoa Ward, Ho Chi Minh City, Vietnam",Tân Bình,481744,Ho Chi Minh City,13170,Vietnam,70000,10.806138,106.665436,2026,30,7,14:00,12:00,,100000 VND,,Booked 13 times today,,,https://pix8.agoda.net/hotelImages/89597070/0/4336e87b68899ae322146efb03320480.jpg?ce=3&s=1024x768
62095680,The Concept Hotel HCMC - Premium,The Concept Hotel HCMC - Premium,Hotel,Hotel,4.0,False,"27 Bà Huyện Thanh Quan, Phường 6",District 3,31585,Ho Chi Minh City,13170,Vietnam,,10.775259971618652,106.68977355957031,,1,,,,,,,Booked 24 times today,,,https://pix8.agoda.net/hotelImages/62095680/-1/6d1643cc49bcb3fe831227e938ded474.jpg?ce=0&s=1024x768
34309448,SOTETSU GRAND FRESA SAIGON,SOTETSU GRAND FRESA SAIGON,Hotel,Hotel,4.0,False,"8 Ly Tu Trong Street, Sai Gon Ward",District 1,93586,Ho Chi Minh City,13170,Vietnam,700000,10.78237,106.70475,2023,125,19,14:00,12:00,300000 VND,950000 VND,2023,Booked 10 times today,,,https://pix8.agoda.net/hotelImages/34309448/-1/bd36416aeed7635cb719aa7f7dd82dd9.jpg?ce=0&s=1024x768
43241722,The Noble Swan Central Dong Du Hotel,The Noble Swan Central Dong Du Hotel,Hotel,Hotel,3.0,False,30A Đông Du,District 1,93586,Ho Chi Minh City,13170,Vietnam,,10.7769518,106.705383,,40,7,14:00,12:00,,,,Booked 8 times today,,,https://pix8.agoda.net/hotelImages/43241722/0/c146dc8625c125b5267932c72e22eac4.jpeg?ce=0&s=1024x768
90514486,KunKin Retreat,KunKin Retreat,Hotel,Hotel,4.0,False,"46/37 Nguyễn Cửu Vân, Gia Định Ward",District 3,31585,Ho Chi Minh City,13170,Vietnam,700000,10.785082,106.67656,2026,59,8,14:00,12:00,190000 VND,,,Booked 48 times today,,,https://pix8.agoda.net/hotelImages/90514486/0/166d0132a281e435ca4ebbe9e4067338.jpg?ce=3&s=1024x768
63810012,MG Rosé Boutique Hotel,MG Rosé Boutique Hotel,Hotel,Hotel,3.0,False,"No. 6, 283, Pham Ngu Lao, Phuong Pham Ngu Lao",District 1,93586,Ho Chi Minh City,13170,Vietnam,,10.767248,106.69098,,17,,15:00,11:00,,,,Booked 11 times today,,,https://pix8.agoda.net/hotelImages/63810012/0/e04dcda4f9d8c0f25edc3508633034f0.jpg?ce=3&s=1024x768
298923,Hung Huong Hotel,Hung Huong Hotel,Hotel,Hotel,1.0,False,"321 Nguyen Thai Binh Str, Bay Hien Ward",Tân Bình,481744,Ho Chi Minh City,13170,Vietnam,70000,10.7964325,106.65339,2017,39,6,13:00,12:00,,,,Booked 3 times today,,,https://pix8.agoda.net/hotelImages/298923/0/b1bb774d893e1af2063f59a88340417f.jpg?ce=3&s=1024x768
7295630,Chotel Ben Thanh,Chotel Ben Thanh,Hotel,Hotel,3.5,False,"21B, Bui Thi Xuan, Phuong Ben Thanh, Quan 1",District 1,93586,Ho Chi Minh City,13170,Vietnam,000000,10.771546363830566,106.6902847290039,2019,47,10,14:00,12:00,,,2023,Booked 8 times today,,,https://pix8.agoda.net/hotelImages/7295630/-1/2b58c1ffbde7b3e02d0ce37c5138d8a6.jpg?ce=0&s=1024x768
36861374,Lotus  Airport  Hotel Saigon,Lotus  Airport  Hotel Saigon,Hotel,Hotel,3.0,False,"1D Bach Dang, Phuong 2, Quan Tan Binh",Tân Bình,481744,Ho Chi Minh City,13170,Vietnam,70000,10.814210891723633,106.66924285888672,,17,6,14:00,12:00,,100000 VND,,Booked 8 times today,,,https://pix8.agoda.net/hotelImages/36861374/-1/ce095b4a2e4899ef57384dcabc7d6a5f.jpg?ce=0&s=1024x768
81824485,PureJoy Hotel Saigon,PureJoy Hotel Saigon,Hotel,Hotel,4.0,False,"185-187 Nguyễn Thái Học, Phường Bến Thành",District 1,93586,Ho Chi Minh City,13170,Vietnam,700000,10.76855,106.69487,2026,1,,14:00,12:00,,,,Booked 11 times today,,,https://pix8.agoda.net/hotelImages/81824485/0/987821bada6a365145f2556f84b97622.jpg?ce=3&s=1024x768
85395993,Beige Hotel,Beige Hotel,Hotel,Hotel,3.0,False,"175/5 Pham Ngu Lao, Ben Thanh Ward, HCMC",District 1,93586,Ho Chi Minh City,13170,Vietnam,70000,10.768652,106.69435,,20,5,14:00,12:00,0 VND,,,Booked 4 times today,,,https://pix8.agoda.net/hotelImages/85395993/0/db7e156cdaf89b6a7b019ee444930c49.jpg?ce=3&s=1024x768
76065784,KAS Dilly Hotel,KAS Dilly Hotel,Hotel,Hotel,3.0,False,"191 Lê Thánh Tôn, Phường Bến Thành",District 1,93586,Ho Chi Minh City,13170,Vietnam,700000,10.773468017578125,106.69847106933594,,40,7,14:00,12:00,,,,Booked twice today,,,https://pix8.agoda.net/hotelImages/76065784/0/e1e96189be666a3289cd54ad26b6098f.jpg?ce=3&s=1024x768
33985059,Golden Lotus Grand Da Nang,Golden Lotus Grand Da Nang,Hotel,Hotel,4.0,False,"86 Le Quang Dao, My An ward, Ngu Hanh Son district, Danang city",Phước Mỹ,94163,Da Nang,16440,Vietnam,550000,16.049944,108.24532,2022,108,12,14:00,12:00,300000 VND,300000 VND,2025,Booked 18 times today,,,https://pix8.agoda.net/hotelImages/33985059/-1/046fb3afd075d77cb4fb7e67b930c96f.jpg?ce=0&s=1024x768
15949242,Canvas Danang Beach Hotel,Canvas Danang Beach Hotel,Hotel,Hotel,4.0,False,"234 Vo Nguyen Giap Street, Phuoc My Ward, Son Tra District, Da Nang, Viet Nam",Phước Mỹ,94163,Da Nang,16440,Vietnam,550000,16.066112518310547,108.24517059326172,2022,126,20,14:00,12:00,200000 VND,220000 VND,2025,Booked 6 times today,,,https://pix8.agoda.net/hotelImages/15949242/0/4fccec77965dc55ac5f54da4b2de8980.jpg?ce=2&s=1024x768
2911802,New Orient Hotel Da Nang,New Orient Hotel Da Nang,Hotel,Hotel,4.5,False,20 Dong Da,Hải Châu,94169,Da Nang,16440,Vietnam,550000,16.0824699401855,108.221397399902,2017,99,10,14:00,12:00,250000 VND,372000 VND,2025,Booked 23 times today,,,https://pix8.agoda.net/hotelImages/2911802/0/cdf34542c16dadcf33c0e67e04c9dde0.jpg?ce=2&s=1024x768
2401246,Dylan Hotel Danang,Dylan Hotel Danang,Hotel,Hotel,4.0,False,"93, 95 Ha Bong",Phước Mỹ,94163,Da Nang,16440,Vietnam,550000,16.0677528381348,108.244338989258,,50,12,14:00,12:00,,250000 VND,2024,Booked 12 times today,,,https://pix8.agoda.net/hotelImages/2401246/-1/2513c37cc5b16dcd022b68de3082de91.jpg?ce=0&s=1024x768
50599322,Sea Near Me Hotel Danang,Sea Near Me Hotel Danang,Hotel,Hotel,4.0,False,42 An Thượng 26,Phước Mỹ,94163,Da Nang,16440,Vietnam,550000,16.055441,108.2450112,2024,50,10,14:00,12:00,60000 VND,200000 VND,,Booked 14 times today,,,https://pix8.agoda.net/hotelImages/50599322/0/008a87faf2e6aa5425d6b7b85721e995.jpg?ce=3&s=1024x768
4435798,Hanami Hotel Danang,Hanami Hotel Danang,Hotel,Hotel,3.0,False,"61-63 Hoang Ke Viem, My An Ward, Ngu Hanh Son District",Phước Mỹ,94163,Da Nang,16440,Vietnam,,16.0486798497712,108.243307471275,2018,30,8,14:00,12:00,60000 VND,150000 VND,2024,Booked 9 times today,,,https://pix8.agoda.net/hotelImages/4435798/-1/a0e72beeed3ada9323e0cb82d058085a.jpg?ce=0&s=1024x768
58826821,Haya Hotel Danang,Haya Hotel Danang,Hotel,Hotel,3.0,False,"48 Phan Liem, My An, Ngu Hanh Son",Phước Mỹ,94163,Da Nang,16440,Vietnam,550000,16.0547886838432,108.245504490738,,33,8,14:00,12:00,,250000 VND,,Booked 12 times today,,,https://pix8.agoda.net/hotelImages/58826821/-1/dfd15dbad9fe312f854dc8a664647bdb.png?ce=0&s=1024x768
59620000,Star Near Me Hotel and Spa Danang,Star Near Me Hotel and Spa Danang,Hotel,Hotel,4.0,False,40 Loseby,An Hai Bac,184701,Da Nang,16440,Vietnam,550000,16.073545455932617,108.2419662475586,,90,11,14:00,11:00,80000 VND,150000 VND,,Booked 20 times today,,,https://pix8.agoda.net/hotelImages/59620000/-1/033987be59b48b34f97f4e995ab914e9.png?ce=0&s=1024x768
2915722,Fivitel Da Nang Hotel,Fivitel Da Nang Hotel,Hotel,Hotel,4.0,False,"388 Tran Hung Dao street , An Hai Tay Ward , Son Tra Dist .Da Nang city",Phước Mỹ,94163,Da Nang,16440,Vietnam,550000,16.051965714782533,108.23302689939737,2017,157,26,14:00,12:00,13 USD,350000 VND,2025,Booked 18 times today,,,https://pix8.agoda.net/hotelImages/2915722/-1/76a5daeb13863b20a9446577139d92a8.jpg?ca=28&ce=0&s=1024x768
6534301,Royal Beach Hotel,Royal Beach Hotel,Hotel,Hotel,4.0,False,"70 Loseby, Son Tra",Phước Mỹ,94163,Da Nang,16440,Vietnam,550000,16.073562622070312,108.24281311035156,2019,50,12,14:00,12:00,,,2024,Booked 10 times today,,,https://pix8.agoda.net/hotelImages/6534301/0/456d1a37c2137442506ffb1515e9d24a.jpg?ce=3&s=1024x768
16063401,Golden Lotus Hotel Da Nang - Rooftop Bar Sea View,Golden Lotus Hotel Da Nang - Rooftop Bar Sea View,Hotel,Hotel,4.0,False,"200 Tran Bach Dang Street, Ngu Hanh Son Ward , Da Nang City, Vietnam",Phước Mỹ,94163,Da Nang,16440,Vietnam,550000,16.0510196685791,108.2471923828125,2020,98,14,14:00,12:00,200000 VND,250000 VND,2025,Booked 8 times today,,,https://pix8.agoda.net/hotelImages/16063401/-1/e300d3b8b4fc6bb0191fb87726cc74cd.jpg?ce=0&s=1024x768
74957819,Wyndham Soleil Danang - Free Schedule Airport Shuttle,Wyndham Soleil Danang - Free Schedule Airport Shuttle,Hotel,Hotel,5.0,False,194 VO NGUYEN GIAP,Phước Mỹ,94163,Da Nang,16440,Vietnam,550000,16.070592880249023,108.24483489990234,2025,882,50,15:00,12:00,1100000 VND,,,Booked 3 times today,,,https://pix8.agoda.net/hotelImages/74957819/0/09608658476afb19522a738cb6b7abfc.png?ce=3&s=1024x768
40283156,Golden Lotus Luxury Hotel Da Nang - Complimentary Daily Afternoon Tea ,Golden Lotus Luxury Hotel Da Nang - Complimentary Daily Afternoon Tea ,Hotel,Hotel,4.0,False,"198B Tran Bach Dang Street,  Ngu Hanh SonWard, Da Nang City",Phước Mỹ,94163,Da Nang,16440,Vietnam,550000,16.052538,108.24661,2023,94,16,14:00,12:00,200000 VND,250000 VND,2025,Booked 11 times today,,,https://pix8.agoda.net/hotelImages/40283156/0/2cb07e9172ffd65479f607310fd32182.jpg?ce=2&s=1024x768
33702497,"Wink Danang Centre, Unscripted by Hyatt - 24 hours stay","Wink Danang Centre, Unscripted by Hyatt - 24 hours stay",Hotel,Hotel,4.0,False,"178 Tran Phu Street,  Hai Chau Ward",Hải Châu,94169,Da Nang,16440,Vietnam,550000,16.0654945373535,108.223495483398,2022,244,20,12:00,12:00,400000 VND,600000 VND,2025,Booked 19 times today,,,https://pix8.agoda.net/hotelImages/33702497/0/770fd73ee3f51144f6e16603c92f91d8.jpg?ce=3&s=1024x768
30976878,SEA LIGHT HOTEL DA NANG,SEA LIGHT HOTEL DA NANG,Hotel,Hotel,3.0,False,"Lot 45 An Thuong 29, Bac My Phu, Ngu Hanh Son, Da Nang 550000",Phước Mỹ,94163,Da Nang,16440,Vietnam,550000,16.0520515,108.24527,2021,40,11,14:00,12:00,100000 VND,200000 VND,,Booked 7 times today,,,https://pix8.agoda.net/hotelImages/30976878/-1/076e2a055319fdfdb808b9c27ded8676.jpg?ce=0&s=1024x768
78233501,Sujet Beach Hotel Da Nang by Haviland,Sujet Beach Hotel Da Nang by Haviland,Hotel,Hotel,0.0,False,"Lô G1 Phạm Văn Đồng, An Hải Bắc",An Hai Bac,184701,Da Nang,16440,Vietnam,550000,16.072458,108.23317,2025,60,7,15:00,12:00,120000 VND,,,Booked 6 times today,,,https://pix8.agoda.net/hotelImages/78233501/0/9ff3333c55fdec699b4d5dec84a0288b.jpg?ce=2&s=1024x768
36827082,"Wink Danang Riverside, Unscripted by Hyatt- 24 hours stay","Wink Danang Riverside, Unscripted by Hyatt- 24 hours stay",Hotel,Hotel,5.0,False,"No. 351, Tran Hung Dao Street",Phước Mỹ,94163,Da Nang,16440,Vietnam,550000,16.0672760009766,108.22925567627,2023,357,25,12:00,12:00,400000 VND,800000 VND,,Booked 5 times today,,,https://pix8.agoda.net/hotelImages/83513339/0/372d687858b0a25e9bf88b7f5d1510c4.jpeg?ce=3&s=1024x768
86583252,Sujet Marina Hotel Da Nang By Haviland,Sujet Marina Hotel Da Nang By Haviland,Hotel,Hotel,4.0,False,"22 Bạch Đằng, Thạch Thang",Hải Châu,94169,Da Nang,16440,Vietnam,550000,16.079315,108.22356,,37,8,15:00,12:00,99000 VND,,,Booked 6 times today,,,https://pix8.agoda.net/hotelImages/86583252/0/4694af1e873f4c015a579205f123a652.jpg?ce=3&s=1024x768
32712889,Solara Diamond Hotel Da Nang,Solara Diamond Hotel Da Nang,Hotel,Hotel,4.0,False,"27 Vo Van Kiet St, Son Tra, Da Nang",Phước Mỹ,94163,Da Nang,16440,Vietnam,550000,16.063533782958984,108.24434661865234,2018,74,18,14:00,12:00,150000 VND,180000 VND,,Booked 8 times today,,,https://pix8.agoda.net/hotelImages/32712889/-1/7fddb30478885035a5149b292b588668.jpg?ce=0&s=1024x768
59517049,Sujet Hotel Da Nang By Haviland,Sujet Hotel Da Nang By Haviland,Hotel,Hotel,3.0,False,03 Nguyễn Trường Tộ,Hải Châu,94169,Da Nang,16440,Vietnam,550000,16.058195114135742,108.21855163574219,2024,16,4,14:00,12:00,,,,Booked 6 times today,,,https://pix8.agoda.net/hotelImages/59517049/0/ad4eb9c664fc4eea7bbbd8f2cac62990.jpeg?ce=0&s=1024x768
1214913,Centre Hotel,Centre Hotel,Hotel,Hotel,3.0,False,18-20 Pham Phu Thu,Hải Châu,94169,Da Nang,16440,Vietnam,550000,16.067304611206055,108.22425079345703,2016,98,8,14:00,12:00,,150000 VND,2025,Booked 35 times today,,,https://pix8.agoda.net/hotelImages/1214913/-1/637785361870163888c240f2d0c0a84a.jpg?ca=29&ce=0&s=1024x768
8825326,G8 Luxury Hotel Da Nang,G8 Luxury Hotel Da Nang,Hotel,Hotel,4.0,False,59 LE DUAN - HAI CHAU - DA NANG,Hải Châu,94169,Da Nang,16440,Vietnam,550000,16.070714950561523,108.21757507324219,2019,118,20,14:00,12:00,300000 VND,,2025,Booked 28 times today,,,https://pix8.agoda.net/hotelImages/8825326/-1/17714107aca4c471dbd982ec94376a0e.jpg?ce=0&s=1024x768
517713,Orange City Center Hotel Da Nang - Near Han Market & Dragon Brigde,Orange City Center Hotel Da Nang - Near Han Market & Dragon Brigde,Hotel,Hotel,3.0,False,29 Hoang Dieu,Hải Châu,94169,Da Nang,16440,Vietnam,550000,16.065006256103516,108.21949005126953,2013,42,11,14:00,12:00,,5 VND,,Booked 5 times today,,,https://pix8.agoda.net/hotelImages/517713/0/43c1e92b116cc983461abb7b07396306.png?ce=3&s=1024x768
8264400,Rest Hotel & Apartment,Rest Hotel & Apartment,Hotel,Serviced apartment,3.5,False,"No.104,  3/2 street",Hải Châu,94169,Da Nang,16440,Vietnam,550000,16.085887908935547,108.2190170288086,2019,53,14,14:00,12:00,,250000 VND,,Booked twice today,,,https://pix8.agoda.net/hotelImages/8264400/0/70caf816ca9b60f0abea79332dc929c2.jpg?ce=2&s=1024x768
89418023,Dorm Beachside Da Nang By Haviland ,Dorm Beachside Da Nang By Haviland ,NonHotel,Apartment/Flat,2.0,False,"11 Nguyễn Hữu Thông, An Hải",Phước Mỹ,94163,Da Nang,16440,Vietnam,550000,16.071186,108.24182,,1,,14:00,12:00,,,,Booked once today,,,https://pix8.agoda.net/hotelImages/89418023/0/9b1351b6c0beb521a10c95f5fc7009e5.png?ce=3&s=1024x768
161693,Sun River Hotel,Sun River Hotel,Hotel,Hotel,3.5,False,"132-134-136 Bach Dang Street, Hai Chau Ward ",Hải Châu,94169,Da Nang,16440,Vietnam,50000,16.067476272583,108.224670410156,2008,45,10,14:00,12:00,200000 VND,250000 VND,2024,Booked 32 times today,,,https://pix8.agoda.net/hotelImages/161693/0/a7bb18ca8726cbbc15cfd4ffbbf38e7e.jpg?ce=3&s=1024x768
92050695,Sevana Hotel Mỹ Khê,Sevana Hotel Mỹ Khê,Hotel,Hotel,3.0,False,"38 Đông Kinh Nghĩa Thục, An Hải",An Hai Bac,184701,Da Nang,16440,Vietnam,550000,16.075323,108.241165,,1,,14:00,12:00,,,,Booked 7 times today,,,https://pix8.agoda.net/hotelImages/92050695/0/50ade6c74e1311a4481f76ff0a6d3a54.jpg?ce=3&s=1024x768
89104373,Ocean Soleil Hotel,Ocean Soleil Hotel,Hotel,Hotel,3.0,False,50 Võ Nguyên Giáp,Phước Mỹ,94163,Da Nang,16440,Vietnam,550000,16.085579,108.24815,,1,,12:00,12:00,,,,Booked 4 times today,,,https://pix8.agoda.net/hotelImages/89104373/0/f858ae676d6201e1da3480b5ab676a90.jpg?ce=3&s=1024x768
47008910,Lucia Beach Hotel,Lucia Beach Hotel,Hotel,Hotel,3.0,False,35 D. Đ&#236;nh Nghệ,Phước Mỹ,94163,Da Nang,16440,Vietnam,550000,16.0687313079834,108.24356842041,,26,8,14:00,12:00,,170000 VND,,Booked 12 times today,,,https://pix8.agoda.net/hotelImages/47008910/-1/119b53e9a46ece6eb202847258b3a55e.jpg?ce=0&s=1024x768
83491331,V Hotel Da Nang,V Hotel Da Nang,Hotel,Hotel,3.0,False,50 An Thượng 1,Phước Mỹ,94163,Da Nang,16440,Vietnam,550000,16.048877716064453,108.2482681274414,2025,16,7,14:00,12:00,,200000 VND,,,,,https://pix8.agoda.net/hotelImages/83491331/0/58f6216c562196dcf87556d680bc767b.jpg?ce=3&s=1024x768
305367,Quoc Cuong Center Da Nang Hotel by Haviland,Quoc Cuong Center Da Nang Hotel by Haviland,Hotel,Hotel,0.0,False,322 - 324 Hoang Dieu Street,Hải Châu,94169,Da Nang,16440,Vietnam,59000,16.057865142822266,108.21699523925781,2012,59,11,14:00,12:00,,,,Booked 11 times today,,,https://pix8.agoda.net/hotelImages/305367/0/1eba9c0653dd032039b2d36818305103.jpg?ce=3&s=1024x768
92135492,Sunrise Riverview Hotel,Sunrise Riverview Hotel,Hotel,Serviced apartment,4.0,False,8 Bạch Đằng,Hải Châu,94169,Da Nang,16440,Vietnam,550000,16.080788,108.22353,,1,,14:00,12:00,,,,Booked 6 times today,,,https://pix8.agoda.net/hotelImages/92135492/0/0b789842800f84433521eec90f6247dc.png?ce=3&s=1024x768
533079,Moonlight Hotel Da Nang - Near Dragon Bridge,Moonlight Hotel Da Nang - Near Dragon Bridge,Hotel,Hotel,3.0,False,"136-138-140 Phan Châu Trinh, phường Hải Châu, thành phố Đà Nẵng",Hải Châu,94169,Da Nang,16440,Vietnam,,16.063917,108.21977,2013,90,19,14:00,12:00,,,,Booked 20 times today,,,https://pix8.agoda.net/hotelImages/533079/0/57a40cd6688db9c5b76552a6ddce8b87.png?ce=3&s=1024x768
10003415,RHM Luxury Hotel And Suite,RHM Luxury Hotel And Suite,Hotel,Hotel,4.0,False,"02 An Tu Cong Chua Street, My An Ward, Ngu Hanh Son District, Da Nang City, Vietnam",Phước Mỹ,94163,Da Nang,16440,Vietnam,50507,16.0370086,108.23987080506,2024,51,12,14:00,12:00,,200000 VND,2025,Booked 4 times today,,,https://pix8.agoda.net/hotelImages/10003415/-1/cd9eae9415bbe8213381264e935c0b80.png?ca=27&ce=0&s=1024x768
61782961,Dian Hotel And Apartment,Dian Hotel And Apartment,Hotel,Hotel,4.0,False,99 Đường Ngô Thì Sĩ,Phước Mỹ,94163,Da Nang,16440,Vietnam,,16.04789924621582,108.24575805664062,,15,,,,,,,,,,https://pix8.agoda.net/hotelImages/61782961/0/fc4aa62eb5d7b545a2ad4e42da4c8117.jpg?ce=3&s=1024x768
12790732,Prague Hotel,Prague Hotel,Hotel,Hotel,4.0,False,75 Duong Dinh Nghe Street,An Hai Bac,184701,Da Nang,16440,Vietnam,550000,16.068729400634766,108.24177551269531,2022,55,12,14:00,12:00,100000 VND,150000 VND,,,,,https://pix8.agoda.net/hotelImages/12790732/-1/7d0eb692edd7f48e7e09609c925fb9cb.jpg?ce=0&s=1024x768
611493,SOCO Hotel,SOCO Hotel,Hotel,Hotel,4.0,False,305 Nguyen Van Thoai,Phước Mỹ,94163,Da Nang,16440,Vietnam,65000,16.055944442749023,108.24459838867188,2014,121,12,14:00,12:00,100000 VND,,,Booked 8 times today,,,https://pix8.agoda.net/hotelImages/611493/-1/b8f6706d3284f2bd3732fc844be6e4aa.jpg?ce=0&s=1024x768
39565306,The Backpacker hostel and Spa,The Backpacker hostel and Spa,Hotel,Hostel,5.0,False,"No. 27, Nguyen Dinh Street",Phước Mỹ,94163,Da Nang,16440,Vietnam,550000,16.0834179,108.242653,,1,,,,,,,Booked once today,,,https://pix8.agoda.net/hotelImages/39565306/-1/1eb6af56763673c432f8620954200341.jpg?ce=0&s=1024x768
6383377,Fivitel Boutique Da Nang,Fivitel Boutique Da Nang,Hotel,Hotel,4.0,False,"202 Nguyen Chi Thanh, Phuoc Chau, Hai Chau",Hải Châu,94169,Da Nang,16440,Vietnam,550000,16.064144134521484,108.22061157226562,,60,16,14:00,12:00,250000 VND,200000 VND,2025,Booked 15 times today,,,https://pix8.agoda.net/hotelImages/6383377/0/7360fe8fdc0bb6e6c11aecb7ffd10821.jpeg?ce=0&s=1024x768
2985282,Central Hotel & Spa Danang,Central Hotel & Spa Danang,Hotel,Hotel,3.5,False,"23 Hoang Dieu street,",Hải Châu,94169,Da Nang,16440,Vietnam,550000,16.06518660078,108.219457268715,,36,,14:00,12:00,100000 VND,,2025,Booked 4 times today,,,https://pix8.agoda.net/hotelImages/298/2985282/2985282_17101622570057835075.jpg?ca=6&ce=1&s=1024x768
43727586,Awaken Danang Hotel,Awaken Danang Hotel,Hotel,Hotel,5.0,True,148 Võ Nguyên Giáp,Phước Mỹ,94163,Da Nang,16440,Vietnam,550000,16.0758058,108.2449041,2023,287,26,15:00,12:00,300000 VND,400000 VND,2025,Booked 32 times today,,,https://pix8.agoda.net/hotelImages/43727586/0/c403b830c9b3d4f7044e134caa8ac2e1.jpg?ce=3&s=1024x768
4947690,Melia Vinpearl Danang Riverfront,Melia Vinpearl Danang Riverfront,Hotel,Hotel,5.0,False,"341 Tran Hung Dao, An Hai Bac Ward.",An Hai Bac,184701,Da Nang,16440,Vietnam,550000,16.0708026885986,108.229141235352,,864,,14:00,12:00,280000 VND,350000 VND,2025,Booked 12 times today,,,https://pix8.agoda.net/hotelImages/4947690/-1/f5dd1db7b2125faf6a1210227979f529.jpg?ce=0&s=1024x768
443623,Brown Bean Hotel - 2/9 Street,Brown Bean Hotel - 2/9 Street,Hotel,Hotel,0.0,False,380 Đ. 2 Th ng 9,Hải Châu,94169,Da Nang,16440,Vietnam,55000,16.038611621745808,108.22336911749638,2012,40,8,14:00,12:00,,,,Booked 5 times today,,,https://pix8.agoda.net/hotelImages/443623/0/ba27f882bc6ae66fc809441337b9433f.jpeg?ce=0&s=1024x768
2235797,Bantique Hotel,Bantique Hotel,Hotel,Hotel,4.0,False,"Lo 17-18 Pham Van Dong, quan Son Tra",An Hai Bac,184701,Da Nang,16440,Vietnam,50400,16.071453094482422,108.23506927490234,2017,72,14,14:00,12:00,,3000000 VND,,Booked 15 times today,,,https://pix8.agoda.net/hotelImages/2235797/12762202/c0249a8ec58570d8c2a781300d7fec1b.jpg?ce=0&s=1024x768
48029813,Sunset Sea Hotel,Sunset Sea Hotel,Hotel,Hotel,4.0,False,16 Loseby,An Hai Bac,184701,Da Nang,16440,Vietnam,550000,16.073399,108.24071,2020,1,12,14:00,12:00,,220000 VND,2024,Booked 4 times today,,,https://pix8.agoda.net/hotelImages/48029813/0/186cae156d1aa55098934f11a3dae643.png?ce=3&s=1024x768
90759139,An Sea Hotel Apartment 2 Min Walk to My Khe Beach,An Sea Hotel Apartment 2 Min Walk to My Khe Beach,Hotel,Serviced apartment,5.0,False,30/3 Ha Bong,Phước Mỹ,94163,Da Nang,16440,Vietnam,,16.067087,108.24379,,1,,14:00,12:00,,,,,,,https://pix8.agoda.net/hotelImages/90759139/0/b611b717d5e9f58f7ce4a4c9ef53cf0b.jpg?ce=3&s=1024x768
937111,Palmier Hotel,Palmier Hotel,Hotel,Hotel,3.0,False,"305 Tran Hung Dao St., Son Tra District",An Hai Bac,184701,Da Nang,16440,Vietnam,550000,16.07488250732422,108.22901153564453,,,,14:00,12:00,,200000 VND,,Booked 5 times today,,,https://pix8.agoda.net/hotelImages/937111/0/cee540a6dc0b07fa4a7f281c0fba7ef2.jpg?ce=3&s=1024x768
6432147,The Glomad Boutique Danang by DS ,The Glomad Boutique Danang by DS ,Hotel,Hotel,4.0,False,"41 - 43 Hà Bổng Street, Phuoc My Ward",Phước Mỹ,94163,Da Nang,16440,Vietnam,550000,16.0676169,108.2443592,2023,31,10,14:00,12:00,150000 VND,,,,,,https://pix8.agoda.net/hotelImages/6432147/-1/9f82c0708aca1132400da6d586e4d505.jpg?ca=9&ce=1&s=1024x768
2191465,Brilliant Majestic Hotel - Da Nang,Brilliant Majestic Hotel - Da Nang,Hotel,Hotel,4.0,False,121 - 123 Ho Nghinh ,Phước Mỹ,94163,Da Nang,16440,Vietnam,550000,16.0883796817791,108.238831006835,,24,5,14:00,12:00,,250000 VND,,,,,https://pix8.agoda.net/hotelImages/2191465/-1/361bf3609c0735a54997cde80abb864f.jpg?ce=0&s=1024x768
87725408,Kim Ngan Hotel,Kim Ngan Hotel,Hotel,Hotel,3.0,False,"53 Đỗ Bá st , Đà Nẵng",Phước Mỹ,94163,Da Nang,16440,Vietnam,,16.051409,108.24556,,1,,14:00,12:00,,,,Booked 11 times today,,,https://pix8.agoda.net/hotelImages/87725408/0/99f5a7d2196f19f8d190db573dc2da46.jpg?ce=3&s=1024x768
84364738,Hanoi Capsule Station Hostel,Hanoi Capsule Station Hostel,Hotel,Capsule hotel,2.0,False,"số 22 đường Trần Nhật Duật , Ho&#224;n Kiếm , H&#224; Nội, Việt Nam",Dong Xuan Market,481519,Hanoi,2758,Vietnam,100000,21.03896,105.85132,2024,8,6,14:00,12:00,,350000 VND,,Booked 9 times today,,,https://pix8.agoda.net/hotelImages/84364738/0/a4f5400e5dba7bc1e466a8e68061305b.jpg?ce=3&s=1024x768
87964772,Palette Ngoc Ha Luxury Residence,Palette Ngoc Ha Luxury Residence,Hotel,Hotel,3.0,False,"221/158 Ngoc Ha, Ngoc Ha Ward, Ha Noi, Hanoi",Ba Dinh,481525,Hanoi,2758,Vietnam,100000,21.03769302368164,105.82589721679688,2026,47,,14:00,12:00,,,,Booked 12 times today,,,https://pix8.agoda.net/hotelImages/87964772/0/4e83871b50c3461476da24e3f8cad76b.png?ce=3&s=1024x768
89925050,Townhouse Starlake Residence,Townhouse Starlake Residence,Hotel,Hotel,3.0,False,"23 Tang Thiet Giap, Dong Ngac, Ha Noi, Hanoi",Tu Liem District,495982,Hanoi,2758,Vietnam,100000,21.057567596435547,105.78129577636719,2026,36,,14:00,12:00,,,,Booked once today,,,https://pix8.agoda.net/hotelImages/89925050/0/750e0ba7c4ab05c81398a60765ee8f2b.jpg?ce=3&s=1024x768
78428713,Hanoi Railway Capsule,Hanoi Railway Capsule,Hotel,Hostel,5.0,True,34A Phố Lý Nam Đế 21/34A,Old Quarter,481521,Hanoi,2758,Vietnam,100000,21.032969,105.8441,,1,,14:00,11:00,,,,Booked 16 times today,,,https://pix8.agoda.net/hotelImages/78428713/0/d67aa4b52fcf3e60d5d5786a1bf19ed5.jpg?ce=2&s=1024x768
36144486,Madelise Palace Hotel & Spa,Madelise Palace Hotel & Spa,Hotel,Hotel,4.0,False,116 Phố Hàng Buồm 9,Old Quarter,481521,Hanoi,2758,Vietnam,100000,21.035614,105.85096,,40,,14:00,12:15,,400000 VND,2024,Booked 28 times today,,,https://pix8.agoda.net/hotelImages/36144486/-1/1d3efe864042c7c9c453f03bb957c647.jpg?ce=0&s=1024x768
85405330,2Re Hidden Hostel - Old Quarter Hanoi - Free Breakfast,2Re Hidden Hostel - Old Quarter Hanoi - Free Breakfast,Hotel,Guesthouse/bed and breakfast,3.0,False,58 P. H ng Bạc,Old Quarter,481521,Hanoi,2758,Vietnam,500000,21.0339849,105.852515,2025,19,7,14:00,12:00,0 VND,,,Booked 12 times today,,,https://pix8.agoda.net/hotelImages/85405330/0/42532c0cc7e309c208753c3177a32da3.jpg?ce=3&s=1024x768
62035781,Madelise Amica Hotel & Travel,Madelise Amica Hotel & Travel,Hotel,Hotel,4.0,False,"No. 33A, Hang Dieu, Cua Dong",Old Quarter,481521,Hanoi,2758,Vietnam,100000,21.033033,105.847015,,1,,14:00,12:00,,,,Booked 3 times today,,,https://pix8.agoda.net/hotelImages/62035781/0/af57987b53882e9010db1d9d24a8fc67.jpg?ce=0&s=1024x768
5060902,Little Charm Hanoi Hostel,Little Charm Hanoi Hostel,Hotel,Hostel,3.0,False,"44 Hang Bo, Hoan Kiem District,",Old Quarter,481521,Hanoi,2758,Vietnam,100000,21.0339857790312,105.849399715662,2018,146,5,13:00,11:00,50000 VND,400000 VND,2025,Booked 9 times today,,,https://pix8.agoda.net/hotelImages/5060902/0/1953844fbe23e6c41762ccce972a6a5e.png?ce=3&s=1024x768
84551326,Hanoi Backpackers Lodge,Hanoi Backpackers Lodge,Hotel,Hotel,3.0,False,70 Đường Trần Nhật Duật,Dong Xuan Market,481519,Hanoi,2758,Vietnam,100000,21.037819,105.852295,,1,,14:00,11:00,,,,Booked once today,,,https://pix8.agoda.net/hotelImages/84551326/0/965873d7f32b20e477e30d82da5f157b.jpg?ce=3&s=1024x768
87473942,Ritana Boutique Hotel & Spa,Ritana Boutique Hotel & Spa,Hotel,Hotel,4.0,False,4 Phố Thi S ch,Hai Ba Trung District,481529,Hanoi,2758,Vietnam,100000,21.017607,105.85386,2026,40,10,14:00,12:00,200000 VND,,,Booked 3 times today,,,https://pix8.agoda.net/hotelImages/87473942/0/0f2776d69315310e08d450370735b630.jpg?ce=3&s=1024x768
59406845,Eco Nest Hotel & Apartment,Eco Nest Hotel & Apartment,NonHotel,Apartment/Flat,4.5,False,92 Phố Thợ Nhuộm,Hoan Kiem District,62215,Hanoi,2758,Vietnam,,21.022480010986328,105.84903717041016,2021,39,7,14:00,12:00,0 VND,,,Booked 11 times today,,,https://pix8.agoda.net/hotelImages/59406845/-1/d61ed5da3383b172f671c8c2438db7f9.jpg?ce=0&s=1024x768
61394154,iRest Signature Ba Dinh Lakeside,iRest Signature Ba Dinh Lakeside,Hotel,Hotel,3.0,False,Pham Huy Thong ,Ba Dinh,481525,Hanoi,2758,Vietnam,10000,21.02713308422432,105.8101388294651,2024,25,8,14:00,12:00,,,,Booked 8 times today,,,https://pix8.agoda.net/hotelImages/61394154/0/91fce4ae6f385a87754132eb9c006e13.jpg?ce=0&s=1024x768
83292956,Townhouse Oak West Lake Apartment,Townhouse Oak West Lake Apartment,Hotel,Hotel,3.0,False,"70 Ng. 38 Đ. Xuân La, Xuân La",Tay Ho District,57582,Hanoi,2758,Vietnam,100000,21.070669174194336,105.80587768554688,2025,15,,14:00,12:00,,,,,,,https://pix8.agoda.net/hotelImages/83292956/0/ce92feb7df4cd10326d5c7d9ca3e9754.jpg?ce=3&s=1024x768
56185562,"Signature by M Village Thợ Nhuộm, a brand of Modern Village Lifestyle","Signature by M Village Thợ Nhuộm, a brand of Modern Village Lifestyle",Hotel,Hotel,4.0,False,"84 Tho Nhuom, Hoan Kiem Ward, Ha Noi",Hoan Kiem District,62215,Hanoi,2758,Vietnam,100000,21.023025512695312,105.84815979003906,,162,11,14:00,12:00,,,,Booked 3 times today,,,https://pix8.agoda.net/hotelImages/56185562/0/ca6f2b6026cbbbc5afac096725905a42.png?ce=3&s=1024x768
39526568,The One Hostel Hanoi,The One Hostel Hanoi,Hotel,Hostel,0.0,False,"70 Phố Hàng Mã Hàng Mã, Hoàn Kiếm",Dong Xuan Market,481519,Hanoi,2758,Vietnam,,21.036659240722656,105.84742736816406,,,,14:00,12:00,,,,Booked twice today,,,https://q-xx.bstatic.com/xdata/images/hotel/max1024x768/481239754.jpg?k=96c21ab855752a7c3a03fc6f0ec92ddab39269e9e9f9dbc0c9b3c0ac6ed205ec&o=
86465845,SUPER HOTEL HANOI - Grand Opening in 17 March 2026,SUPER HOTEL HANOI - Grand Opening in 17 March 2026,Hotel,Hotel,4.0,False,"So 4, Ngo 82 Duy Tan",Cau Giay,94745,Hanoi,2758,Vietnam,,21.03244,105.782394,,1,,14:00,12:00,,,,Booked 3 times today,,,https://pix8.agoda.net/hotelImages/86465845/0/e06488a12fb466a7b1e8e0759ceeba41.jpg?ce=3&s=1024x768
10960,Hanoi Daewoo Hotel,Hanoi Daewoo Hotel,Hotel,Hotel,5.0,False,"360 Kim Ma Street, Ba Dinh District",Ba Dinh,481525,Hanoi,2758,Vietnam,,21.0303982386348,105.812528729439,1996,411,18,14:00,12:00,554400 VND,1600000 VND,,Booked 9 times today,,,https://pix8.agoda.net/hotelImages/10960/0/120e596cae1e32ed8207fdd927613fb4.jpg?ce=3&s=1024x768
53015544,Era Apartment Cát Linh,Era Apartment Cát Linh,NonHotel,Apartment/Flat,4.0,False,"No. 19, Alley 167, Hao Nam Street, Cho Dua Era Apartment, Cat Linh",Dong Da,57583,Hanoi,2758,Vietnam,115000,21.028139114379883,105.8271484375,2024,1,7,14:00,12:00,,,,Booked 16 times today,,,https://pix8.agoda.net/hotelImages/53015544/0/d0c8668bab303197d0957630c7a25a7e.jpg?ce=0&s=1024x768
59315710,Hanoi Le Chateau Hotel & Spa,Hanoi Le Chateau Hotel & Spa,Hotel,Hotel,5.0,True,23-25 Phố Hàng Thiếc,Old Quarter,481521,Hanoi,2758,Vietnam,,21.03344,105.84792,2024,70,,14:00,12:00,,,2025,Booked 13 times today,,,https://pix8.agoda.net/hotelImages/59315710/0/bc8a0f526d1dcd3c593599bde22611b9.jpg?ce=0&s=1024x768
51491627,"M Village Hotel Hồ Gươm, a brand of Modern Village Lifestyle","M Village Hotel Hồ Gươm, a brand of Modern Village Lifestyle",Hotel,Hotel,3.0,False,"38  Hai Ba Trung street, Hoan Kiem district, Ha Noi city",Hoan Kiem District,62215,Hanoi,2758,Vietnam,100000,21.024559020996094,105.85221862792969,,46,,14:00,12:00,,,,,,,https://pix8.agoda.net/hotelImages/51491627/0/02affcd82cfbb8547a6a7ab5efc65649.png?ce=3&s=1024x768
34334661,HA NOI LE GRAND HOTEL,HA NOI LE GRAND HOTEL,Hotel,Hotel,3.0,False,"No. 3 B9, Dam Trau, Bach Dang Ward, Hai Ba Trung District, Hanoi",Hai Ba Trung District,481529,Hanoi,2758,Vietnam,100000,21.011812210083008,105.86497497558594,,46,7,14:00,12:00,,,,Booked 4 times today,,,https://pix8.agoda.net/hotelImages/34334661/-1/f6aae884e4a22ad0126012fd810ef735.png?ce=0&s=1024x768
65703930,Luxury Hanoi Hotel,Luxury Hanoi Hotel,Hotel,Hotel,3.0,False,"No. 507, An Duong Vuong, Nhat Tao, Bac Tu Liem",Tu Liem District,495982,Hanoi,2758,Vietnam,100000,21.090505599975586,105.78887176513672,2025,26,8,14:00,12:00,,300000 VND,,,,,https://pix8.agoda.net/hotelImages/65703930/0/63d39056921282ce7b937d13cf0bfd2a.jpg?ce=0&s=1024x768
30977576,Fukurai Hotel & Apartment 2,Fukurai Hotel & Apartment 2,Hotel,Serviced apartment,4.0,False,1 Ngõ 7,Ba Dinh,481525,Hanoi,2758,Vietnam,,21.0351925,105.814972,,14,,14:00,12:00,,,,Booked twice today,,,https://pix8.agoda.net/hotelImages/30977576/0/16fd315f0e55fc434fa9bf85cf3ea410.jpg?ce=2&s=1024x768
60158437,A89 Rosarian Hotel,A89 Rosarian Hotel,Hotel,Hotel,3.0,False,số 7 ngõ 89 Lê Đức Thọ,My Dinh,481532,Hanoi,2758,Vietnam,12014,21.0287685394287,105.769500732422,2020,20,8,14:00,12:00,50000 VND,300000 VND,,Booked twice today,,,https://pix8.agoda.net/hotelImages/60158437/0/68f9b60e60604ac10d333cea208a6a7b.jpg?ce=2&s=1024x768
247355,Grand Plaza Hotel Hanoi ,Grand Plaza Hotel Hanoi ,Hotel,Hotel,5.0,False,"117 Tran Duy Hung, Yen Hoa Ward, Ha Noi",Cau Giay,94745,Hanoi,2758,Vietnam,100000,21.00775909423828,105.7967300415039,2010,618,29,14:00,12:00,550000 VND,,,Booked 15 times today,,,https://pix8.agoda.net/hotelImages/247355/0/511227989b9cf5b9530ef82f509756e4.jpg?ce=3&s=1024x768
67232309,New Legacy Hotel & Apart 27 Nguyen Van Ngoc,New Legacy Hotel & Apart 27 Nguyen Van Ngoc,NonHotel,Apartment/Flat,5.0,False,27 Ng. 2 P. Nguyễn Văn Ngọc,Ba Dinh,481525,Hanoi,2758,Vietnam,100000,21.034252166748047,105.81075286865234,2020,12,6,14:00,12:00,,350000 VND,,Booked 6 times today,,,https://pix8.agoda.net/hotelImages/67232309/0/69bb99ff8d371c8ffcbf99f2dd2bd76b.jpeg?ce=0&s=1024x768
1517145,Old Quarter View Hanoi Hostel,Old Quarter View Hanoi Hostel,Hotel,Hostel,2.0,False,"(No 3 Noi Mieu), 42 Hang Giay, Hang Buom, Hoan Kiem, Hanoi",Old Quarter,481521,Hanoi,2758,Vietnam,100000,21.034542083740234,105.8511734008789,,10,,13:00,11:00,,,,Booked 13 times today,,,https://pix8.agoda.net/hotelImages/1517145/-1/38f9e776e140896bc1dc4b4ea1438868.jpg?ca=0&ce=1&s=1024x768
36836780,The Flower Boutique Hotel Hanoi,The Flower Boutique Hotel Hanoi,Hotel,Hotel,3.0,False,55 P. Nguyễn Trường Tộ,Ba Dinh,481525,Hanoi,2758,Vietnam,11100,21.0421688,105.8456144,2005,48,15,13:00,12:00,200000 VND,500000 VND,,Booked 3 times today,,,https://pix8.agoda.net/hotelImages/36836780/-1/fa71cc1a381c72fd385dbc5d1af6e9dd.jpg?ce=0&s=1024x768
1157099,V-studio Hotel Apartment 3,V-studio Hotel Apartment 3,Hotel,Serviced apartment,1.0,False,"No.16, lane 1, Dong Me Street, Me Tri Commune, Nam Tu Liem dt, Hanoi",My Dinh,481532,Hanoi,2758,Vietnam,10000,21.012344360351562,105.7771224975586,2014,34,8,14:00,12:00,,300000 VND,,Booked 4 times today,,,https://pix8.agoda.net/hotelImages/1157099/-1/0d8cfcb3c1af13b6a7a1345a19b0627f.jpg?ca=8&ce=1&s=1024x768
6944354,Hanoi Buffalo Hostel,Hanoi Buffalo Hostel,Hotel,Hostel,0.0,False,"44 Hang Giay Street, Hoan Kiem District, Ha Noi",Old Quarter,481521,Hanoi,2758,Vietnam,,21.034780502319336,105.85125732421875,,,,14:00,11:00,,,,Booked 4 times today,,,https://q-xx.bstatic.com/xdata/images/hotel/max1024x768/674389876.jpg?k=3d2f2e9c595ddc5d0415f111c8f1eab24322cc42249d5e0f1d28e04cb4c1a230&o=
1414688,NT Elysian Hotel,NT Elysian Hotel,Hotel,Hotel,2.0,False,"13 Hang Chieu str. O Quan Chuong Dong Xuan, Hoan Kiem dist.",Old Quarter,481521,Hanoi,2758,Vietnam,10000,21.037189483642578,105.85186004638672,,20,,14:00,12:00,,400000 VND,,Booked 4 times today,,,https://pix8.agoda.net/hotelImages/1414688/0/be9d32a708c4d6386547cd64a421880f.jpg?ce=2&s=1024x768
38934352,Silk Castle Hotel & Spa,Silk Castle Hotel & Spa,Hotel,Hotel,3.0,False,52a P. Cầu Gỗ,Old Quarter,481521,Hanoi,2758,Vietnam,100000,21.032312393188477,105.85275268554688,,30,7,14:00,11:59,,410000 VND,,Booked 8 times today,,,https://pix8.agoda.net/hotelImages/38934352/-1/4bfe2cd4752cd8c07b067ae8c10948d9.jpg?ce=0&s=1024x768
91461306,Dreamora Corner Hotel,Dreamora Corner Hotel,Hotel,Hotel,3.0,False,"Ng. 95 Đ. Bạch Đằng, Hồng Hà",Hoan Kiem District,62215,Hanoi,2758,Vietnam,,21.030813,105.859726,2026,30,6,14:00,12:00,,,,Booked once today,,,https://pix8.agoda.net/hotelImages/91461306/0/c57265401410ecd9d3512b2ff2765549.jpg?ce=3&s=1024x768
42521412,L'Signature Hotel & Spa,L'Signature Hotel & Spa,Hotel,Hotel,4.0,False,"4A-4B Ng. Bao Khanh, Phuong Hoan Kiem , Hanoi  ",Hoan Kiem District,62215,Hanoi,2758,Vietnam,10000,21.030668,105.850204,2023,35,13,14:00,12:00,250000 VND,650000 VND,2024,,,,https://pix8.agoda.net/hotelImages/42521412/-1/e92991e5fb019fc25a3c6ab72f04d534.jpg?ce=0&s=1024x768
4914609,Grand Cititel Hanoi Hotel & Spa,Grand Cititel Hanoi Hotel & Spa,Hotel,Hotel,4.0,False,13B Tong Dan,Hoan Kiem District,62215,Hanoi,2758,Vietnam,100000,21.027362823486328,105.85749053955078,2018,98,10,14:00,12:00,200000 VND,550000 VND,,Booked 6 times today,,,https://pix8.agoda.net/hotelImages/4914609/0/cf931ae6be239a6830d76a593543d533.jpg?ce=3&s=1024x768
67196155,Madelise Hanoi View Hotel,Madelise Hanoi View Hotel,Hotel,Hotel,4.0,False,50 Ng. Ng  Sỹ Li n,Dong Da,57583,Hanoi,2758,Vietnam,100000,21.02763659652974,105.83931328724135,,40,,14:00,12:00,,400000 VND,,Booked 16 times today,,,https://pix8.agoda.net/hotelImages/67196155/0/de3a87d7479a72e700d6da04c8932ffd.jpg?ce=2&s=1024x768
62079565,Moonlit Suites Hotel,Moonlit Suites Hotel,Hotel,Hotel,4.0,False,"7 Ngõ 275 Âu Cơ, Quảng An",Tay Ho District,57582,Hanoi,2758,Vietnam,,21.071062088012695,105.8253173828125,2024,47,,14:00,11:00,,,,Booked 12 times today,,,https://pix8.agoda.net/hotelImages/62079565/0/b4536942e71878fb9a3b6bff4e7793c8.jpg?ce=2&s=1024x768
78348259,Starlight Hotel Hanoi,Starlight Hotel Hanoi,Hotel,Hotel,3.0,False,"46 P. Hàng Bông, Hàng Gai",Old Quarter,481521,Hanoi,2758,Vietnam,100000,21.030765533447266,105.84790802001953,,8,4,14:00,12:00,,,,Booked twice today,,,https://pix8.agoda.net/hotelImages/78348259/0/264425060e54c19bc1872bcdb4815fbc.jpg?ce=3&s=1024x768
43397,Fortuna Hotel Hanoi,Fortuna Hotel Hanoi,Hotel,Hotel,4.5,False,"6B Lang Ha Street, Giang Vo Ward, Hanoi, Vietnam",Ba Dinh,481525,Hanoi,2758,Vietnam,100000,21.022665,105.818794,1999,345,17,14:00,12:00,350000 VND,1700000 VND,2023,Booked 5 times today,,,https://pix8.agoda.net/hotelImages/43397/0/1c045d119a0cb934241331513ac80ab1.jpg?ce=3&s=1024x768
10966,Pan Pacific Hanoi,Pan Pacific Hanoi,Hotel,Hotel,5.0,False,"1 Thanh Nien Road, Ba Dinh Ward",Tay Ho District,57582,Hanoi,2758,Vietnam,100000,21.04980978,105.839839,1998,270,20,14:00,12:00,543000 VND,75 VND,,Booked twice today,,,https://pix8.agoda.net/hotelImages/10966/0/43e403ba7e05dda422181146e272eaa8.jpg?ce=2&s=1024x768
38723203,Global Backpackers Hostel,Global Backpackers Hostel,Hotel,Hostel,3.0,False,"No. 45, Alley Huyen, Hang Trong, Hoan Kiem, Hanoi, Vietnam 05",Hoan Kiem District,62215,Hanoi,2758,Vietnam,,21.0293064,105.848114,,1,,,,,,,Booked 3 times today,,,https://pix8.agoda.net/hotelImages/38723203/0/862d657c17f64c2b4e4b071cdbffe6dc.png?ce=3&s=1024x768
32907021,Delica Premium Hotel,Delica Premium Hotel,Hotel,Hotel,4.0,False,41 Phố Hàng Quạt,Old Quarter,481521,Hanoi,2758,Vietnam,100000,21.032556533813477,105.84916687011719,2022,28,9,14:00,12:00,,380000 VND,,Booked 10 times today,,,https://pix8.agoda.net/hotelImages/32907021/-1/5eb873335e77911c9875989c2d2456af.jpg?ce=0&s=1024x768
46274613,Ha Noi Re Hostel,Ha Noi Re Hostel,Hotel,Hostel,0.0,False,"No. 6-8, Trung Yen Alley, Hang Bac Ward, Hoan Kiem District",Old Quarter,481521,Hanoi,2758,Vietnam,100000,21.03338050842285,105.85269165039062,2021,,0,14:00,12:00,,350000 VND,,,,,https://pix8.agoda.net/hotelImages/46274613/0/f6e887297bbcc780f60ede1a5a8f309c.jpeg?ce=0&s=1024x768
3143234,Grandiose Hotel & Spa,Grandiose Hotel & Spa,Hotel,Hotel,4.0,False,"9-11 Lieu Giai, Hanoi, Vietnam",Ba Dinh,481525,Hanoi,2758,Vietnam,100000,21.03521156311035,105.81465148925781,2017,68,10,14:00,12:00,250000 VND,1500000 VND,,Booked 3 times today,,,https://pix8.agoda.net/hotelImages/3143234/-1/2b1b06a9e9f73ba786ffa55d3f97b8a5.jpg?ca=0&ce=1&s=1024x768
39632912,Gloud Hotel,Gloud Hotel,Hotel,Hotel,4.0,False,"26-28 Mieu Dam Street, Yen Hoa Ward",My Dinh,481532,Hanoi,2758,Vietnam,000084,21.0071888,105.781631,2023,84,8,14:00,12:00,230000 VND,500000 VND,,Booked 4 times today,,,https://pix8.agoda.net/hotelImages/39632912/-1/bc23d92b85cf68d072e38b8561a334ba.jpg?ce=0&s=1024x768
55664055,Era Apartment Ham Long,Era Apartment Ham Long,NonHotel,Apartment/Flat,3.5,False,"Ng. Hàm Long 2, Phan Chu Trinh",Hoan Kiem District,62215,Hanoi,2758,Vietnam,,21.01902198791504,105.85432434082031,2019,15,10,14:00,11:00,0 VND,,,Booked twice today,,,https://pix8.agoda.net/hotelImages/55664055/0/2d997b631aabc664abcad02de982b905.jpg?ce=0&s=1024x768
37130257,HOTEL YAH HANOI & SPA,HOTEL YAH HANOI & SPA,Hotel,Hotel,3.0,False,14 Phố Kim Mã Thượng,Ba Dinh,481525,Hanoi,2758,Vietnam,11108,21.03583,105.81311,,42,9,14:00,12:00,200000 VND,,,Booked 9 times today,,,https://pix8.agoda.net/hotelImages/37130257/-1/ea176211e3ed7ab2e60abdb507f9938d.png?ce=0&s=1024x768
4782362,Eco Nest Apartment & Hotel Dinh Ngang,Eco Nest Apartment & Hotel Dinh Ngang,Hotel,Hotel,3.0,False,"06 Dinh Ngang, Cua Nam, Hoan Kiem, Hanoi-Highly recommended , great location",Hoan Kiem District,62215,Hanoi,2758,Vietnam,10000,21.02794536777569,105.84359139204025,,15,,14:00,12:00,,,,Booked twice today,,,https://pix8.agoda.net/hotelImages/4782362/0/645af9f81dac5c0d911477af466aa35d.png?ce=3&s=1024x768
8825461,BH Riverside Hotel,BH Riverside Hotel,Hotel,Hotel,3.0,False,"No 6A, Lane 75, Cau Dat Street, Chuong Duong Do Ward, Hanoi",Hoan Kiem District,62215,Hanoi,2758,Vietnam,100000,21.025592803955078,105.86129760742188,,21,,14:00,12:00,,350000 VND,,Booked 4 times today,,,https://pix8.agoda.net/hotelImages/8825461/0/9955cef15ab8226c83c38ae48a82424a.png?ce=3&s=1024x768
64171595,"M Village Hotel Thợ Nhuộm, a brand of Modern Village Lifestyle","M Village Hotel Thợ Nhuộm, a brand of Modern Village Lifestyle",Hotel,Hotel,4.0,False,"54 Tho Nhuom, Tran Hung Dao Ward, Hoan Kiem District, Ha Noi",Hoan Kiem District,62215,Hanoi,2758,Vietnam,100000,21.025331497192383,105.84556579589844,,88,9,14:00,12:00,,,,Booked 9 times today,,,https://pix8.agoda.net/hotelImages/64171595/0/54a3b01f55fdf85848de400cfcae28ca.png?ce=3&s=1024x768
2334084,Swandor Cam Ranh Resort-Ultra All Inclusive,Swandor Cam Ranh Resort-Ultra All Inclusive,Hotel,Resort,5.0,False,"Plot D13, Km No 11, Nguyen Tat Thanh Boulevard",Cam Hải Đông,569871,Nha Trang,2679,Vietnam,65000,12.037086486816406,109.21328735351562,2017,510,11,14:00,12:00,,,,Booked twice today,,,https://pix8.agoda.net/hotelImages/2334084/0/236a5bd2aa8ec2f246a71684445c1656.jpg?ce=3&s=1024x768
49495642,Aquamarine Cam Ranh by Swandor - Ultra All Inclusive,Aquamarine Cam Ranh by Swandor - Ultra All Inclusive,Hotel,Hotel,5.0,False,"Km 20 Nguyen Tat Thanh St, Bai Dai Beach, Cam Hai Dong Ward, Cam Lam Town, Khanh Hoa Province, Cam Hải Đ&#244;ng, Nha Trang, Vietnam, 65000 ",Cam Hải Đông,569871,Nha Trang,2679,Vietnam,650000,12.1027256331844,109.191493180565,2024,620,17,15:00,12:00,,,,Booked 4 times today,,,https://pix8.agoda.net/hotelImages/49495642/-1/dc2fb6b09014300a08cfcbc1ecb66b08.jpg?ce=0&s=1024x768
186561,Rembrandt Hotel Nha Trang,Rembrandt Hotel Nha Trang,Hotel,Hotel,3.5,False,2 Tran Quang Khai Street ,Loc Tho,93607,Nha Trang,2679,Vietnam,5700,12.233672142028809,109.1969985961914,2010,80,10,14:00,12:00,,350 VND,,Booked twice today,,,https://pix8.agoda.net/hotelImages/186561/0/3329b3ff1ce2fbb2739cb79e67d0dcd5.jpg?ce=2&s=1024x768
86514477,Sophia Central Nha Trang Hotel by HT,Sophia Central Nha Trang Hotel by HT,Hotel,Hotel,3.0,False,"35 Trần Quang Khải, Lộc Thọ",Loc Tho,93607,Nha Trang,2679,Vietnam,650000,12.233205,109.19627,,1,,14:00,12:00,,,,Booked 4 times today,,,https://pix8.agoda.net/hotelImages/86514477/0/b37c6db0f40d91a94ab02c9ebbd9295e.jpg?ce=3&s=1024x768
7710666,Florida Hotel,Florida Hotel,Hotel,Hotel,5.0,False,66 Quang Trung ,Loc Tho,93607,Nha Trang,2679,Vietnam,650000,12.249117851257324,109.19178009033203,2019,190,18,14:00,12:00,,400000 VND,,Booked 22 times today,,,https://pix8.agoda.net/hotelImages/7710666/-1/a7cd9fb08fe57036cd17f986f74f7979.jpg?ce=0&s=1024x768
13486290,Panorama Nha Trang StarBeach,Panorama Nha Trang StarBeach,Hotel,Serviced apartment,5.0,False,02 Nguyen Thi Minh Khai,Loc Tho,93607,Nha Trang,2679,Vietnam,650000,12.239385604858398,109.19612121582031,2021,100,40,14:30,11:30,,400000 VND,2024,Booked 7 times today,,,https://pix8.agoda.net/hotelImages/13486290/-1/333322ba894ab6acd324fafbced7ad3e.jpg?ce=0&s=1024x768
699308,Pavillon Garden Hotel Nha Trang,Pavillon Garden Hotel Nha Trang,Hotel,Hotel,3.0,False,16 Ton Dan Street,Loc Tho,93607,Nha Trang,2679,Vietnam,650000,12.2383221363493,109.196140766144,2014,60,12,14:00,12:00,,250000 VND,,Booked 4 times today,,,https://pix8.agoda.net/hotelImages/699/699308/699308_15051814160027564329.jpg?ca=4&ce=1&s=1024x768
49696172,Tuana Hotels Cam Ranh Resort ,Tuana Hotels Cam Ranh Resort ,Hotel,Hotel,5.0,False,"Km11, Nguyen Tat Thanh Boulevard, Nha Trang, Khanh Hoa",Cam Hải Đông,569871,Nha Trang,2679,Vietnam,65000,12.035503387451172,109.21376037597656,2014,318,11,14:00,12:00,,,,Booked 13 times today,,,https://pix8.agoda.net/hotelImages/49696172/0/88da641fcb2e6c0b6ef9617f7c6ccf91.jpeg?ce=0&s=1024x768
49691945,Panorama Nha Trang SanVilla ,Panorama Nha Trang SanVilla ,NonHotel,Apartment/Flat,5.0,False,"2 Nguyễn Thị Minh Khai, Lộc Thọ",Loc Tho,93607,Nha Trang,2679,Vietnam,650000,12.2388410568237,109.19563293457,,100,40,14:30,11:30,300000 VND,350000 VND,,Booked 8 times today,,,https://pix8.agoda.net/hotelImages/49691945/0/d192a5c17e291ecdeb7da1c1f1b8c4f4.jpg?ce=0&s=1024x768
4629184,Bondi Backpackers Nha Trang,Bondi Backpackers Nha Trang,Hotel,Hostel,0.0,False,35/91 Nguyen Thien Thuat,Loc Tho,93607,Nha Trang,2679,Vietnam,652080,12.241125465295694,109.19396096840501,2018,12,6,14:00,11:30,60000 VND,,,Booked twice today,,,https://pix8.agoda.net/hotelImages/4629184/30797437/b826eb8bc30c9ec338e396def54586e4.jpg?ce=3&s=1024x768
80005567,voco Scenia Bay Nha Trang By IHG,voco Scenia Bay Nha Trang By IHG,Hotel,Hotel,5.0,True,"Tower A, 25-26 Pham Van Dong, Bac Nha Trang Ward, Khanh Hoa Province, Viet Nam",Vinh Hai,494088,Nha Trang,2679,Vietnam,57100,12.2811994,109.2024262,2026,250,28,15:00,12:00,442000 VND,1134000 VND,,Booked twice today,,,https://pix8.agoda.net/hotelImages/80172359/0/f09e7bf7382f191bb3c3111b01a9229e.jpeg?ce=3&s=1024x768
66810496,Brilliant Bay Nha Trang Hotel,Brilliant Bay Nha Trang Hotel,Hotel,Hotel,4.0,False,96B1/15 Tran Phu,Loc Tho,93607,Nha Trang,2679,Vietnam,650000,12.2273711893839,109.198869498148,2023,73,17,14:00,12:00,80000 VND,,,Booked 9 times today,,,https://pix8.agoda.net/hotelImages/66810496/0/6ff4819d0931f2788429a2d7dc6fdc10.jpg?ce=2&s=1024x768
178263,Prime New,Prime New,Hotel,Hotel,4.0,False,22 Tôn Đản,Loc Tho,93607,Nha Trang,2679,Vietnam,650000,12.2375127,109.1961783,2009,74,15,14:00,12:00,,600000 VND,,Booked 7 times today,,,https://pix8.agoda.net/hotelImages/178263/0/ebd74dc6ffbffeb1e4cdb90acf14b262.png?ce=3&s=1024x768
706033,Nha Trang Palace Hotel,Nha Trang Palace Hotel,Hotel,Hotel,4.5,False,"09 Yersin Street, Loc Tho Ward",Loc Tho,93607,Nha Trang,2679,Vietnam,,12.249224592958937,109.19556335124071,2014,170,15,14:00,12:00,200000 VND,,2025,Booked 14 times today,,,https://pix8.agoda.net/hotelImages/706033/-1/a9c651c7b53397f4e3542148baa737c2.jpg?ce=0&s=1024x768
42367083,Pavillon Boutique Hotel & Apartment Nha Trang,Pavillon Boutique Hotel & Apartment Nha Trang,Hotel,Hotel,4.0,False,100/10b Trần Ph #250;,Loc Tho,93607,Nha Trang,2679,Vietnam,650000,12.2258968050619,109.200140991608,2023,48,,14:00,12:00,,,,Booked 3 times today,,,https://pix8.agoda.net/hotelImages/42367083/-1/1ffd43583a6d413fb9b9003847b63cf9.jpg?ce=0&s=1024x768
1162080,Diamond Bay Hotel,Diamond Bay Hotel,Hotel,Hotel,5.0,False,20 Tran Phu Street,Loc Tho,93607,Nha Trang,2679,Vietnam,,12.2483209609791,109.19607490272028,2016,275,20,14:00,12:00,375000 VND,1200000 VND,2025,Booked 12 times today,,,https://pix8.agoda.net/hotelImages/1162080/0/461090ca7632b761e54d6f656c6fcbb0.jpg?ce=2&s=1024x768
6508545,Royal HPM Hotel,Royal HPM Hotel,Hotel,Hotel,4.0,False,34/8 Nguyen Thien Thuat street,Tân Lập,62211,Nha Trang,2679,Vietnam,0258,12.235916137695312,109.1937026977539,2019,80,19,14:00,12:00,,18 USD,2024,Booked 11 times today,,,https://pix8.agoda.net/hotelImages/6508545/-1/3f1e7efb8fcaba330631a2b8b3263900.jpg?ca=9&ce=1&s=1024x768
79095712,Khach san Golden Beach Nha Trang,Khach san Golden Beach Nha Trang,Hotel,Hotel,3.0,False,"263 Nguyễn Thiện Thuật, Lộc Thọ",Loc Tho,93607,Nha Trang,2679,Vietnam,650000,12.2338085,109.194786,,1,,14:00,12:10,,,,Booked 8 times today,,,https://pix8.agoda.net/hotelImages/79095712/0/506a8770a63ab594923290d085bac52c.jpg?ce=2&s=1024x768
6421211,Muong Thanh Luxury Vien Trieu Nha Trang Hotel,Muong Thanh Luxury Vien Trieu Nha Trang Hotel,Hotel,Hotel,5.0,False,"Bai Duong Zone, Hon Chong Street,",Vĩnh Phước,503636,Nha Trang,2679,Vietnam,650000,12.274164199829102,109.20137023925781,2019,645,40,14:00,12:00,220000 VND,1100000 VND,2023,Booked 6 times today,,,https://pix8.agoda.net/hotelImages/6421211/-1/463228b714b4170001ed3c5e8b8ea5f0.jpg?ca=28&ce=0&s=1024x768
81128090,Dolphin Bay Hotel Nha Trang,Dolphin Bay Hotel Nha Trang,Hotel,Hotel,3.0,False,"71/10 Nguyễn Thị Minh Khai, Phường Nha Trang, Khánh Hòa",Tân Lập,62211,Nha Trang,2679,Vietnam,650000,12.237582,109.19195,,1,,14:00,12:00,,,,Booked 7 times today,,,https://pix8.agoda.net/hotelImages/81128090/0/9193c3229319c5cd4de0ebf2f06fd39f.jpeg?ce=3&s=1024x768
1158838,Starcity Bayfront Nha Trang Hotel ,Starcity Bayfront Nha Trang Hotel ,Hotel,Hotel,5.0,False,"72 - 74 Tran Phu Street, Loc Tho Ward",Loc Tho,93607,Nha Trang,2679,Vietnam,650000,12.234063148498535,109.19731903076172,2015,260,21,14:00,12:00,250000 VND,485000 VND,2025,Booked 22 times today,,,https://pix8.agoda.net/hotelImages/1158838/0/dea7b14d402d137535a29f124efa777f.png?ce=2&s=1024x768
32818875,RIS Panorama Nha Trang,RIS Panorama Nha Trang,Hotel,Serviced apartment,5.0,False,"02 Nguyễn Thị Minh Khai, Nha Trang, Khánh Hòa ",Loc Tho,93607,Nha Trang,2679,Vietnam,650000,12.2387714,109.195251,2019,47,40,14:00,12:00,300000 VND,450000 VND,2024,,,,https://pix8.agoda.net/hotelImages/32818875/0/e58be06ff1b431c686e964df4560385a.jpg?ce=3&s=1024x768
3613486,Quinter Central Nha Trang Hotel,Quinter Central Nha Trang Hotel,Hotel,Hotel,5.0,False,86/4 Tran Phu Street,Loc Tho,93607,Nha Trang,2679,Vietnam,650000,12.228417717261,109.19722652432,2017,168,13,14:00,12:00,,400000 VND,,Booked 6 times today,,,https://pix8.agoda.net/hotelImages/3613486/0/189c98099882426c2d252f1411e57361.jpg?ce=3&s=1024x768
10780056,Kymodo Panorama Apartment,Kymodo Panorama Apartment,Hotel,Serviced apartment,5.0,False,"02 Nguyen Thi Minh Khai Street, Panorama Building",Loc Tho,93607,Nha Trang,2679,Vietnam,650000,12.23876953125,109.1959457397461,2019,20,40,14:00,,,350 VND,2024,Booked 13 times today,,,https://pix8.agoda.net/hotelImages/10780056/-1/1d60b141c02a5ac196ffeb265deab107.jpg?ce=0&s=1024x768
55288610,Daisy Flower Nha Trang ,Daisy Flower Nha Trang ,Hotel,Hotel,4.0,False,"79 Nguyễn Thị Minh Khai, T&#226;n Lập",Phuoc Hoa,93608,Nha Trang,2679,Vietnam,650000,12.237793,109.1911,2023,82,12,14:00,12:00,,700000 VND,,Booked 5 times today,,,https://pix8.agoda.net/hotelImages/55288610/-1/f8e5c474f8bf94811cdc3726bdf06e2c.jpg?ce=0&s=1024x768
7466289,Virgo Hotel,Virgo Hotel,Hotel,Hotel,5.0,False,39 - 41 Nguyen Thi Minh Khai ,Tân Lập,62211,Nha Trang,2679,Vietnam,650000,12.238167762756348,109.19303894042969,2019,453,40,14:00,12:00,,750000 VND,2025,Booked 19 times today,,,https://pix8.agoda.net/hotelImages/7466289/-1/63a228f0438a61d37c105135602bfc59.jpg?ce=0&s=1024x768
445610,Havana Nha Trang Hotel,Havana Nha Trang Hotel,Hotel,Hotel,5.0,False,38 Tran Phu Street,Loc Tho,93607,Nha Trang,2679,Vietnam,650000,12.243383407592773,109.19631958007812,2012,1000,40,15:00,12:00,,,2025,Booked 58 times today,,,https://pix8.agoda.net/hotelImages/445610/0/9728c61fc16b1941eceb880149e5cddf.jpeg?ce=0&s=1024x768
6426068,The Alley Hostel,The Alley Hostel,Hotel,Hostel,1.0,False,239/4 Nguyen Thien Thuat Street,Loc Tho,93607,Nha Trang,2679,Vietnam,650000,12.23486614227295,109.19465637207031,,7,,14:00,12:00,,,,Booked twice today,,,https://pix8.agoda.net/hotelImages/6426068/-1/4e9566e9c4b38c1cea6e8fe148e58e7e.jpg?ca=7&ce=1&s=1024x768
5059416,Libra Hotel Nha Trang,Libra Hotel Nha Trang,Hotel,Hotel,5.0,False,14 H&#249;ng Vương,Loc Tho,93607,Nha Trang,2679,Vietnam,650000,12.24141253624653,109.19462397305199,,378,,15:00,12:00,160000 VND,500000 VND,,Booked 3 times today,,,https://pix8.agoda.net/hotelImages/5059416/-1/e2a1282e593d4eb2bb0dd181ad023516.jpg?ce=0&s=1024x768
10946381,Amber Nha Trang Hotel,Amber Nha Trang Hotel,Hotel,Hotel,3.0,False,"38 Biet Thu, Tan Lap Ward",Loc Tho,93607,Nha Trang,2679,Vietnam,650000,12.235631942749023,109.19486999511719,2019,43,19,14:00,12:00,200000 VND,350000 VND,,Booked 3 times today,,,https://pix8.agoda.net/hotelImages/10946381/-1/be18a35b5c5642bb71de204b0d49d565.jpg?ca=13&ce=1&s=1024x768
34005295,Starlight Nha Trang,Starlight Nha Trang,Hotel,Hotel,3.0,False,34 Nguyễn Thiện Thuật,Tân Lập,62211,Nha Trang,2679,Vietnam,650000,12.2364006,109.193993,,1,,14:00,12:00,,,,Booked once today,,,https://pix8.agoda.net/hotelImages/34005295/-1/2d28c6e156a7e8846291c8aba58b76a0.jpg?ce=0&s=1024x768
87940198,Diamond Blue Hotel Nha Trang,Diamond Blue Hotel Nha Trang,Hotel,Hotel,2.0,False,"17/15 Nguyễn Thị Minh Khai, Nha Trang",Loc Tho,93607,Nha Trang,2679,Vietnam,65000,12.238028,109.19453,,1,,14:00,00:00,,,,Booked 6 times today,,,https://pix8.agoda.net/hotelImages/87940198/0/f3919b6850287e2d3a4090bcf7f64a4b.jpg?ce=3&s=1024x768
37959569,Green Beach Hotel Nha Trang,Green Beach Hotel Nha Trang,Hotel,Hotel,5.0,False,65 Trần Quang Khải,Loc Tho,93607,Nha Trang,2679,Vietnam,650000,12.23310661315918,109.19568634033203,2022,203,29,14:00,12:00,250000 VND,500000 VND,,Booked 3 times today,,,https://pix8.agoda.net/hotelImages/37959569/-1/044c372aecc51fa84cc5bf548166d550.jpg?ce=0&s=1024x768
10681625,Regalia Gold Hotel,Regalia Gold Hotel,Hotel,Hotel,5.0,False,39 - 41 Nguyen Thi Minh Khai Street,Tân Lập,62211,Nha Trang,2679,Vietnam,650000,12.238172810259968,109.19264695783568,2019,856,40,14:00,12:00,,400000 VND,2025,Booked 30 times today,,,https://pix8.agoda.net/hotelImages/10681625/-1/7cd7e553a9c37ce3120bc8fdc037dca5.jpg?ca=11&ce=1&s=1024x768
10758837,Holi Panorama Condotel ,Holi Panorama Condotel ,Hotel,Serviced apartment,4.0,False,02 Nguyen Thi Minh Khai,Loc Tho,93607,Nha Trang,2679,Vietnam,650000,12.238694190979004,109.1952896118164,2019,89,40,14:00,12:00,,350000 VND,,Booked 16 times today,,,https://pix8.agoda.net/hotelImages/10758837/0/71eed8375b3453f13b34b5833896b33f.png?ce=3&s=1024x768
2269250,Seven Seas Hotel and Apartment,Seven Seas Hotel and Apartment,Hotel,Serviced apartment,3.5,False,118A Trinh Phong Street,Tân Lập,62211,Nha Trang,2679,Vietnam,650000,12.2381595311961,109.191413372755,2017,48,12,14:00,12:00,,,,,,,https://pix8.agoda.net/hotelImages/2269250/-1/6179b261cae9e64055abc48ff5387231.jpg?ce=0&s=1024x768
11283759,Marilyn Boutique Hotel Nha Trang,Marilyn Boutique Hotel Nha Trang,Hotel,Hotel,3.0,False,51 Duong Hien Quyen,Vĩnh Hòa,93604,Nha Trang,2679,Vietnam,650000,12.284992218017578,109.2032241821289,2018,30,8,14:00,12:00,0 VND,350000 VND,,,,,https://pix8.agoda.net/hotelImages/11283759/0/676e4311a6574285d57e5ea4da1600d2.jpg?ce=3&s=1024x768
44314368,King Hotel,King Hotel,Hotel,Hotel,2.0,False,132 Hùng Vương,Loc Tho,93607,Nha Trang,2679,Vietnam,650000,12.235294342041016,109.1954574584961,,1,,,,,,,Booked 4 times today,,,https://pix8.agoda.net/hotelImages/44314368/0/190fa37248b9ab9d2bf5078acab9303e.jpeg?s=1024x768
67349925,Seaside Boutique Hotel Nha Trang Beach,Seaside Boutique Hotel Nha Trang Beach,Hotel,Hotel,4.0,False,72a Đống Đa,Tân Lập,62211,Nha Trang,2679,Vietnam,650000,12.239309394848554,109.1919237607478,2025,127,25,14:00,12:00,,400000 VND,,Booked 20 times today,,,https://pix8.agoda.net/hotelImages/67349925/0/9a0693f14841573b2625fe2502f9d48b.jpg?ce=2&s=1024x768
79487625,The Gold Coast Hotel Nha Trang,The Gold Coast Hotel Nha Trang,Hotel,Hotel,3.0,False,"12 Trần Nguy n H n Street, Nha Trang Ward, Kh nh H a Province",Tân Lập,62211,Nha Trang,2679,Vietnam,650000,12.2430571,109.1911754,,81,20,14:00,12:00,,,,Booked 10 times today,,,https://pix8.agoda.net/hotelImages/79487625/0/261931a1239104689f84d233e079c34c.jpg?ce=2&s=1024x768
8798451,Ivy Hotel Nha Trang,Ivy Hotel Nha Trang,Hotel,Hotel,4.0,False,127 - 127A Hong Bang Street,Tân Lập,62211,Nha Trang,2679,Vietnam,650000,12.238504409790039,109.19202423095703,2020,80,20,14:00,12:00,,18 VND,,Booked 9 times today,,,https://pix8.agoda.net/hotelImages/8798451/-1/883656cee29adf48b84428b469a4308f.jpg?ca=9&ce=1&s=1024x768
6253467,Sata Hotel,Sata Hotel,Hotel,Hotel,3.0,False,"24E Nguyen Thien Thuat, Tan Lap, Nha Trang",Tân Lập,62211,Nha Trang,2679,Vietnam,65000,12.238810539245605,109.19347381591797,2019,77,21,14:00,12:00,,300000 VND,2025,Booked 39 times today,,,https://pix8.agoda.net/hotelImages/6253467/-1/c0040fe7ca38e32373be43db59504d0a.jpg?ca=9&ce=1&s=1024x768
394518,Le Duong Hotel Nha Trang,Le Duong Hotel Nha Trang,Hotel,Hotel,0.0,False,"95/4 Hung Vuong, Loc Tho, Nha Trang, Khanh Hoa",Loc Tho,93607,Nha Trang,2679,Vietnam,00084,12.2343339920044,109.196098327637,2012,20,,14:00,12:00,100000 VND,300000 VND,,Booked 3 times today,,,https://pix8.agoda.net/hotelImages/394/394518/394518_16082116120045660539.jpg?ca=6&ce=1&s=1024x768
64576655,Art Deluxe Hotel,Art Deluxe Hotel,Hotel,Hotel,3.0,False,98C/3.1 Trần Ph ,Loc Tho,93607,Nha Trang,2679,Vietnam,650000,12.226992531556707,109.1994522854821,2019,51,7,14:00,12:00,,,,Booked twice today,,,https://pix8.agoda.net/hotelImages/64576655/0/43e953b9beda94f45aff02dcb302142c.jpg?ce=2&s=1024x768
5780775,Canary Nha Trang Hotel,Canary Nha Trang Hotel,Hotel,Hotel,3.0,False,19 Mai Xuan Thuong,Vĩnh Hòa,93604,Nha Trang,2679,Vietnam,650000,12.282350540161133,109.19879913330078,,65,10,14:00,12:30,125000 VND,450000 VND,,Booked once today,,,https://pix8.agoda.net/hotelImages/5780775/-1/e794c69fb68b18e38e3f7f4a6ee4e495.jpg?ce=0&s=1024x768
256060,Green World Hotel Nha Trang,Green World Hotel Nha Trang,Hotel,Hotel,4.5,False,44 Nguyễn Thị Minh Khai,Loc Tho,93607,Nha Trang,2679,Vietnam,650000,12.2386831,109.1938864,2014,198,21,14:00,12:00,100000 VND,400000 VND,2025,Booked 6 times today,,,https://pix8.agoda.net/hotelImages/256060/-1/3ee8ce0a326ce112012e24f7cd386650.jpg?ce=0&s=1024x768
463095,Muong Thanh Grand Nha Trang Hotel,Muong Thanh Grand Nha Trang Hotel,Hotel,Hotel,4.0,False,6 Duong Hien Quyen Street,Vĩnh Hòa,93604,Nha Trang,2679,Vietnam,,12.283380508422852,109.2028579711914,2013,255,,14:00,12:00,,,,Booked twice today,,,https://pix8.agoda.net/hotelImages/463095/-1/b8c8baec44110f3d1be56396bc94bdfd.jpg?ce=0&s=1024x768
72120574,W Premium Nha Trang ,W Premium Nha Trang ,Hotel,Hotel,4.0,False,"28 Hàn Thuyên, Xương Huân",Xuong Huan,57589,Nha Trang,2679,Vietnam,650000,12.2531003952026,109.194580078125,2025,52,7,14:00,12:00,100000 VND,350000 VND,,Booked 3 times today,,,https://pix8.agoda.net/hotelImages/72120574/0/f8277c9945620816d3ad5d47922ec8a1.png?ce=3&s=1024x768
89175775,Jolia Nha Trang Hotel,Jolia Nha Trang Hotel,Hotel,Hotel,4.0,False,172/8 Bach Dang,Tân Lập,62211,Nha Trang,2679,Vietnam,650000,12.23877,109.192856,,37,7,14:00,12:00,,,,Booked 9 times today,,,https://pix8.agoda.net/hotelImages/89175775/0/c2e71481104973cb9f83a3b8687372ff.jpg?ce=3&s=1024x768
60691170,Panorama Luxury Beach Front,Panorama Luxury Beach Front,Hotel,Hotel,5.0,False,2 đường Nguyễn Thị Minh Khai,Loc Tho,93607,Nha Trang,2679,Vietnam,57000,12.2387738027261,109.195590722241,2019,800,40,14:00,11:50,,300000 VND,,Booked twice today,,,https://pix8.agoda.net/hotelImages/60691170/0/fc14678e63a884c68a01cab364f5db60.jpg?ce=3&s=1024x768
9746196,Sweet Lavender Hotel - Near Dalat Night Market,Sweet Lavender Hotel - Near Dalat Night Market,Hotel,Hotel,3.0,False,"04 Hai Thuong, Ward 1, Da Lat, Lam Dong",Dalat City Center,26795,Dalat,15932,Vietnam,66110,11.941669464111328,108.43181610107422,2017,44,6,14:00,12:00,,350000 VND,,Booked 15 times today,,,https://pix8.agoda.net/hotelImages/9746196/0/9aea0d2b7195462540221d891a97faa9.jpg?ce=3&s=1024x768
78727952,Liên's 2 Hotel Đà Lạt,Liên's 2 Hotel Đà Lạt,Hotel,Hotel,2.0,False,72 Đường L  Tự Trọng,Dalat City Center,26795,Dalat,15932,Vietnam,670000,11.9456701278687,108.43896484375,2025,37,6,14:00,12:00,,,,Booked twice today,,,https://pix8.agoda.net/hotelImages/78727952/0/89954a9c76fb10dafda03450177695a8.png?ce=3&s=1024x768
24333225,Le Recit Boutique Hotel de Dalat,Le Recit Boutique Hotel de Dalat,Hotel,Hotel,4.0,False,117 Bui Thi Xuan Street,Dalat City Center,26795,Dalat,15932,Vietnam,670000,11.9474449518355,108.440001577139,2021,51,5,14:00,12:00,0 VND,350000 VND,2025,Booked 9 times today,,,https://pix8.agoda.net/hotelImages/24333225/-1/113062a475bb0154ff39e81e6541fe17.jpg?ca=28&ce=0&s=1024x768
47614272,HT Boutique - The Elite Hotel ,HT Boutique - The Elite Hotel ,Hotel,Hotel,5.0,False,42 Đ Phạm Ngũ L&#227;o,Dalat City Center,26795,Dalat,15932,Vietnam,66100,11.938077926635742,108.43474578857422,2025,150,8,14:00,12:00,300000 VND,600000 VND,,Booked 5 times today,,,https://pix8.agoda.net/hotelImages/47614272/0/6743c230eda1e649b426d47e26c3de09.jpg?ce=3&s=1024x768
32680041,Tala Dalat Hotel,Tala Dalat Hotel,Hotel,Hotel,3.0,False,"No. 14, Khởi Nghĩa Bac Son Street",Old Train Station,61228,Dalat,15932,Vietnam,670000,11.937219619750977,108.45311737060547,2022,57,5,14:00,12:00,,,,Booked once today,,,https://pix8.agoda.net/hotelImages/32680041/-1/3e7206a4b2268a2eadef0c1c51b47a68.jpg?ce=0&s=1024x768
68388039,9 Inn - Staycation in Am Am Dalat,9 Inn - Staycation in Am Am Dalat,Hotel,Hotel,1.0,False,"91 Đ. Lữ Gia, Phường 9",Old Train Station,61228,Dalat,15932,Vietnam,66000,11.954702,108.45906,,12,3,14:00,12:00,,,,,,,https://pix8.agoda.net/hotelImages/68388039/0/5335edb6061ef802870c17a3e79613f5.jpg?ce=2&s=1024x768
31187868,Casanova Dalat Hotel & Coffee,Casanova Dalat Hotel & Coffee,Hotel,Hotel,0.0,False,"24 Luong The Vinh, Ward 3",Dalat City Center,26795,Dalat,15932,Vietnam,670000,11.933149337768555,108.44146728515625,2020,19,6,14:00,12:00,,300000 VND,,,,,https://pix8.agoda.net/hotelImages/31187868/715046873/193157da578cde24ba2f5052c96a161a.jpg?ce=0&s=1024x768
263080,Saphir Dalat Hotel,Saphir Dalat Hotel,Hotel,Hotel,4.0,False,22-24 Phan Nhu Thach Street,Dalat City Center,26795,Dalat,15932,Vietnam,02633,11.941886901855469,108.43468475341797,2003,90,6,15:00,12:00,200000 VND,,,,,,https://pix8.agoda.net/hotelImages/263080/0/1ea327ecdb3d063db238b84b7dd55922.jpg?ce=2&s=1024x768
88096088,HT Boutique 2 - The Lumina,HT Boutique 2 - The Lumina,Hotel,Hotel,5.0,False,"63/6 Đường Đống Đa, Xu n Hương - Đ  Lạt 63 Đường Đống Đa",Tuyen Lam Lake,378568,Dalat,15932,Vietnam,670000,11.9241495,108.43987,2026,100,4,14:00,12:00,350000 VND,500000 VND,,Booked 3 times today,,,https://pix8.agoda.net/hotelImages/88096088/0/a82709d0590a097817ae8aabfb400aa5.jpg?ce=3&s=1024x768
2664478,Dalat Rose Hill Villa ,Dalat Rose Hill Villa ,Hotel,Serviced apartment,3.0,False," 70/16 Nguyen An Ninh , Ward 6",Cam Ly Falls,93603,Dalat,15932,Vietnam,670000,11.9520268694664,108.426145613194,2017,10,1,14:00,12:00,,,,Booked once today,,,https://pix8.agoda.net/hotelImages/2664478/0/45cbf42e443ea7d8caa41160a04ae48d.jpg?ce=3&s=1024x768
6405142,Len Hotel,Len Hotel,Hotel,Hotel,4.0,False,"113 Bui Thi Xuan, Ward 2",Dalat City Center,26795,Dalat,15932,Vietnam,670000,11.946773529052734,108.44055938720703,2018,60,6,14:00,12:00,150000 VND,300000 VND,2024,Booked 8 times today,,,https://pix8.agoda.net/hotelImages/6405142/0/b7e17557806ae8d1a1f0810dec50ad7a.jpg?ce=3&s=1024x768
74577726,Amory Dalat Hotel,Amory Dalat Hotel,Hotel,Hotel,4.0,False,"21 Ho Xuan Huong, Ward 9",Old Train Station,61228,Dalat,15932,Vietnam,66000,11.9537699360681,108.471199387732,2025,40,6,14:00,12:00,,250000 VND,,Booked 21 times today,,,https://pix8.agoda.net/hotelImages/74577726/0/7699cb9bcf454fd50eb8c8108d7f53e7.png?ce=2&s=1024x768
23125479,Ami Boutique Hotel Dalat,Ami Boutique Hotel Dalat,Hotel,Hotel,3.0,False,17 Huynh Thuc Khang,Dalat City Center,26795,Dalat,15932,Vietnam,66000,11.935205459594727,108.42855072021484,2021,31,4,14:00,11:30,,250000 VND,,Booked 3 times today,,,https://pix8.agoda.net/hotelImages/23125479/-1/c92b2326d83636f5e09f302865c6f752.png?ce=0&s=1024x768
89495821,Rose Hill Retreat Garden,Rose Hill Retreat Garden,Hotel,Hotel,1.0,False,11 Đường Nguyễn An Ninh,Cam Ly Falls,93603,Dalat,15932,Vietnam,,11.954021,108.42876,,4,,14:00,12:00,,,,,,,https://pix8.agoda.net/hotelImages/89495821/0/7eb6859b6c2ea9fc99906c225da60f4b.jpg?ce=3&s=1024x768
46867196,Mai Diamond Hotel,Mai Diamond Hotel,Hotel,Hotel,3.0,False,"No. 38, Dinh Cong Trang Street, Ward 7",Love Valley / Dream Hill,94294,Dalat,15932,Vietnam,66000,11.967556953430176,108.42727661132812,2023,,,14:00,12:00,,,2024,Booked 5 times today,,,https://pix8.agoda.net/hotelImages/46867196/-1/dcba7c2c5c4e260a898cbf87eada9c30.jpg?ce=0&s=1024x768
86319765,Together is home,Together is home,Hotel,Hotel,3.0,False,"50 Đ. Thủ Khoa Huân, Phường 1",Dalat City Center,26795,Dalat,15932,Vietnam,,11.940306,108.434105,,1,,14:00,12:00,,,,Booked 10 times today,,,https://pix8.agoda.net/hotelImages/86319765/0/916da38885da5e377a41ad77e7b957a9.jpg?ce=3&s=1024x768
49736589,Le House Dalat,Le House Dalat,Hotel,Hotel,4.0,False,"124 Pham Ngoc Thach Street, Ward 6, Da Lat City",Dalat City Center,26795,Dalat,15932,Vietnam,670000,11.946918487548828,108.43251037597656,2025,30,5,14:00,12:00,300000 VND,350000 VND,,Booked 7 times today,,,https://pix8.agoda.net/hotelImages/49736589/-1/247d9ac383b7f6bd73573dfd65d04881.jpg?ce=0&s=1024x768
11023466,MINH CHIEN Hotel,MINH CHIEN Hotel,Hotel,Hotel,3.0,False,"31 Thien My, Phuong 4, Tp DA LAT",Dalat City Center,26795,Dalat,15932,Vietnam,67000,11.937547,108.4258923,2020,36,5,14:00,12:00,100000 VND,400000 VND,,,,,https://pix8.agoda.net/hotelImages/11023466/0/9b7bbcbbbad7a7f526ecc2b68ce11aba.png?ce=3&s=1024x768
6433136,New Life Hotel Dalat,New Life Hotel Dalat,Hotel,Hotel,3.0,False,"No. 06, Dong Da Street, Phuong Xuan Huong Ward - Da Lat, Lam Dong Province",Dalat City Center,26795,Dalat,15932,Vietnam,66000,11.9254455566406,108.444999694824,2019,66,7,14:00,12:00,150000 VND,650000 VND,,Booked 7 times today,,,https://pix8.agoda.net/hotelImages/6433136/0/226532200adeb89b4e7b62614017dc75.png?ce=3&s=1024x768
25128102,Hostel-John Cafe and Beer,Hostel-John Cafe and Beer,NonHotel,Homestay,3.0,False,"I13 kgh, Mac Dinh Chi, Ward 5",Dalat City Center,26795,Dalat,15932,Vietnam,,11.940981,108.426659,,,,14:00,,,,,Booked 4 times today,,,https://pix8.agoda.net/hotelImages/25128102/-1/8f6e33b24722b323bf58e27345bf3f9e.jpg?ca=19&ce=1&s=1024x768
89505311,"M Village Premier Hotel Xuan Huong Lakeside, a brand of Modern Village Lifestyle","M Village Premier Hotel Xuan Huong Lakeside, a brand of Modern Village Lifestyle",Hotel,Hotel,5.0,True,"19 Le Dai Hanh, Xuan Huong - Da Lat, Da Nang",Dalat City Center,26795,Dalat,15932,Vietnam,670000,11.945455551147461,108.44329833984375,2026,98,6,14:00,12:00,,,,Booked 10 times today,,,https://pix8.agoda.net/hotelImages/89505311/0/ec6d186e1934cd96884a695eff53aa13.png?ce=3&s=1024x768
81559521,Lang Ko Ho Farmstay,Lang Ko Ho Farmstay,Hotel,Guesthouse/bed and breakfast,3.0,False,"13/2 Trần Hưng Đạo, Phường 10",Old Train Station,61228,Dalat,15932,Vietnam,,11.938415,108.45056,,1,,00:00,23:00,,,,,,,https://pix8.agoda.net/hotelImages/81559521/0/3afd6177c10e8364376f3228623f4b9b.jpg?ce=3&s=1024x768
237128,The Western Hill Hotel,The Western Hill Hotel,Hotel,Hotel,4.0,False,135 - 145 Phan Dinh Phung,Dalat City Center,26795,Dalat,15932,Vietnam,,11.94530963897705,108.4344711303711,2010,104,4,,,,500000 VND,2025,Booked 8 times today,,,https://pix8.agoda.net/hotelImages/237128/0/bbea20ff5abf058fa819ff190a9e356d.jpg?ce=3&s=1024x768
67525161,Boho Boutique Dalat - Romantic Light Valley View,Boho Boutique Dalat - Romantic Light Valley View,Hotel,Hotel,4.0,False,"19 Đường Đinh Công Tráng, Phường 7",Love Valley / Dream Hill,94294,Dalat,15932,Vietnam,,11.964860916137695,108.42743682861328,2025,30,4,14:00,12:00,,,,Booked 3 times today,,,https://pix8.agoda.net/hotelImages/67525161/0/9e4743b75d359e44d0d043e769180c63.jpg?ce=2&s=1024x768
87124827,"Signature by M Village The Central Da Lat, a brand of Modern Village Lifestyle","Signature by M Village The Central Da Lat, a brand of Modern Village Lifestyle",Hotel,Hotel,5.0,True,"11 Phan Như Thạch, Phường 1",Dalat City Center,26795,Dalat,15932,Vietnam,66000,11.941131591796875,108.43550109863281,2026,104,6,14:00,12:00,,,,Booked 9 times today,,,https://pix8.agoda.net/hotelImages/87124827/0/932555f2ffcefe12941702f1100f9c3d.png?ce=3&s=1024x768
55640971,Mac Valley Dalat Hotel,Mac Valley Dalat Hotel,Hotel,Resort,3.0,False,57 Đường An B&#236;nh,Tuyen Lam Lake,378568,Dalat,15932,Vietnam,66100,11.9243485,108.4370051,,37,3,14:00,12:00,,350000 VND,,Booked twice today,,,https://pix8.agoda.net/hotelImages/55640971/0/9b77cdfb985397a669ffa6c8531727a6.jpg?ce=3&s=1024x768
81347536,Strawberry Hotel Dalat,Strawberry Hotel Dalat,Hotel,Hotel,1.0,False,"Hẻm 6 Mai Anh, Phường 6",Cam Ly Falls,93603,Dalat,15932,Vietnam,,11.949221,108.42939,,7,,14:00,12:00,,,,,,,https://pix8.agoda.net/hotelImages/81347536/0/425eb7c32dab45641a2135179767517c.jpg?ce=3&s=1024x768
7443091,Myrtle Boutique Hotel,Myrtle Boutique Hotel,Hotel,Hotel,2.0,False,32 Đường An Bình,Tuyen Lam Lake,378568,Dalat,15932,Vietnam,670000,11.928268432617188,108.43731689453125,2023,19,2,14:00,12:00,,250000 VND,,,,,https://pix8.agoda.net/hotelImages/7443091/-1/a1926261826bb47a8f5f59e7b8a7c2b8.jpg?ce=0&s=1024x768
55766720,Xuân Trường Dalat Central,Xuân Trường Dalat Central,Hotel,Hotel,3.0,False,148 Yersin,Xuan Huong Lake,69923,Dalat,15932,Vietnam,670000,11.945500373840332,108.4535903930664,2024,20,4,14:00,12:00,,,,,,,https://pix8.agoda.net/hotelImages/55766720/854156435/742a52819395cba609931022a6ba732d.jpg?ce=0&s=1024x768
91738477,PINEWOOD DALAT,PINEWOOD DALAT,Hotel,Hotel,3.0,False,"54 Vo Truong Toan, Lam Vien ward, Da Lat City, Vietnam",Xuan Huong Lake,69923,Dalat,15932,Vietnam,670000,11.961084,108.451096,,1,,14:00,12:00,,,,Booked 5 times today,,,https://pix8.agoda.net/hotelImages/91738477/0/0b92452b86af8486ecf3d9a3a2574c3f.jpg?ce=3&s=1024x768
62095968,Thao My Boutique Dalat,Thao My Boutique Dalat,Hotel,Hotel,3.0,False,"No. 16, Nguyen Thi Dinh, Ward 5",Dalat City Center,26795,Dalat,15932,Vietnam,670000,11.94101333618164,108.43038940429688,2024,11,4,14:00,12:00,,,,Booked 3 times today,,,https://pix8.agoda.net/hotelImages/62095968/-1/7fa67132cb1be04dfb606ab245d15a03.jpg?ce=0&s=1024x768
87765262,The Manor Boutique Da Lat ,The Manor Boutique Da Lat ,Hotel,Hotel,2.0,False,59 Nam Ky Khoi Nghia - Xuan Huong Da Lat,Dalat City Center,26795,Dalat,15932,Vietnam,66100,11.940359,108.435005,2026,10,5,14:00,12:00,,400000 VND,,Booked once today,,,https://pix8.agoda.net/hotelImages/87765262/0/137590ed39cc2c1899f2647be2197ae2.jpg?ce=3&s=1024x768
61392157,Nature Hotel - Nam Ky Khoi Nghia,Nature Hotel - Nam Ky Khoi Nghia,Hotel,Hotel,3.0,False,"No. 8A, Nam Ky Khoi Nghia, Ward 1",Dalat City Center,26795,Dalat,15932,Vietnam,670000,11.940804481506348,108.43588256835938,,1,,14:00,12:00,,450000 VND,,Booked 6 times today,,,https://pix8.agoda.net/hotelImages/61392157/0/9069900f0c8913c395b4d75849c04bff.jpg?ce=0&s=1024x768
10954459,Saigon’s Book Da Lat Hotel,Saigon’s Book Da Lat Hotel,Hotel,Hotel,3.0,False,"No. 16, Trạng Trình Street, Ward 09, Da Lat City, Lâm Đồng Province, Vietnam",Xuan Huong Lake,69923,Dalat,15932,Vietnam,670000,11.95128345489502,108.45401000976562,,62,,14:00,12:00,,,,Booked 3 times today,,,https://pix8.agoda.net/hotelImages/10954459/0/4ac34850c815e7ebed4fbc48765872eb.jpg?ce=3&s=1024x768
22887350,Peach Valley Hotel,Peach Valley Hotel,Hotel,Hotel,3.0,False,26k Yersin,Xuan Huong Lake,69923,Dalat,15932,Vietnam,671230,11.9433224,108.4511945,2020,22,,14:00,12:00,,300000 VND,,Booked 4 times today,,,https://pix8.agoda.net/hotelImages/22887350/0/e7fbea741ce7e575679a8663bda3057f.jpg?ce=3&s=1024x768
64328270,Celine Express - Q Dalat Hotel,Celine Express - Q Dalat Hotel,Hotel,Hotel,3.0,False,386 Hai Ba Trung,Dalat City Center,26795,Dalat,15932,Vietnam,670000,11.954744,108.43029,2025,40,8,14:00,12:00,,,,,,,https://pix8.agoda.net/hotelImages/64328270/0/db483e83cad164e39b9eb34792784c25.jpg?ce=2&s=1024x768
85781629,HT HOUSE Mai Hắc Đế,HT HOUSE Mai Hắc Đế,Hotel,Hotel,5.0,False,"65 Đ. Mai Hắc Đế, Phường 6 65 Đ. Mai Hắc Đế",Cam Ly Falls,93603,Dalat,15932,Vietnam,630000,11.948314,108.43017,2025,100,7,14:00,12:00,300000 VND,300000 VND,,Booked 4 times today,,,https://pix8.agoda.net/hotelImages/85781629/0/33399e902d5efb908cec602d17c4dcc7.jpg?ce=3&s=1024x768
37826264,The Amigo - Near Dalat Night Market,The Amigo - Near Dalat Night Market,NonHotel,Homestay,4.5,False,"No. 5, Thủ Khoa Huân Street",Dalat City Center,26795,Dalat,15932,Vietnam,66000,11.941326141357422,108.43372344970703,,1,4,14:00,12:00,,,,Booked 5 times today,,,https://pix8.agoda.net/hotelImages/37826264/0/fe2b9c3817d365a84fe2cf64887f2ca0.jpg?ce=3&s=1024x768
78729935,"Thu Hien hotel, Near Market, With Projector","Thu Hien hotel, Near Market, With Projector",Hotel,Hotel,2.0,False,"30 Đường Bà Triệu, Phường 3",Dalat City Center,26795,Dalat,15932,Vietnam,66000,11.937417030334473,108.43352508544922,2020,26,,14:00,12:00,,,,Booked 5 times today,,,https://pix8.agoda.net/hotelImages/78729935/1290680981/a4206ff3622b6192e5864d8242e05d4a.png?ce=3&s=1024x768
4942624,Thanh Thanh Hotel,Thanh Thanh Hotel,Hotel,Hotel,2.0,False,70B 3/2 Street,Dalat City Center,26795,Dalat,15932,Vietnam,670000,11.942225456237793,108.43399810791016,2018,20,5,14:00,11:30,,250000 VND,,Booked 8 times today,,,https://pix8.agoda.net/hotelImages/4942624/0/ad877a9fbcd1b536792800c281257033.jpeg?ce=0&s=1024x768
78972371,Thanh Thanh Station View,Thanh Thanh Station View,Hotel,Hotel,3.0,False,"126 Đường Tô Hiến Thành, Phường 3",Dalat City Center,26795,Dalat,15932,Vietnam,66000,11.929387,108.44338,,16,,14:00,12:00,,,,Booked once today,,,https://pix8.agoda.net/hotelImages/78972371/0/0f473586072d8cb59d8ea4f925e9b05f.jpg?ce=2&s=1024x768
30906925,Mooka 's Home (Backpackers),Mooka 's Home (Backpackers),Hotel,Hostel,0.0,False,"02 Co Loa, Ward 2",Cam Ly Falls,93603,Dalat,15932,Vietnam,,11.954899787902832,108.43560791015625,,,,,,,,,Booked twice today,,,https://q-xx.bstatic.com/xdata/images/hotel/max1024x768/139393954.jpg?k=b9db4048da467448406e13afcdd7761e5365ba0be077c12788f364538efe3cc3&o=
34612934,TTR Central Apart Hotel,TTR Central Apart Hotel,Hotel,Serviced apartment,5.0,False,4b Hải Thượng,Dalat City Center,26795,Dalat,15932,Vietnam,670000,11.942224502563477,108.43152618408203,2023,40,8,14:00,12:00,,280000 VND,,Booked 5 times today,,,https://pix8.agoda.net/hotelImages/34612934/-1/c9e5db4aecb3da8169b43e109b973908.jpg?ce=0&s=1024x768
42109640,MerPerle Dalat Hotel,MerPerle Dalat Hotel,Hotel,Hotel,5.0,False,"No. 1, Hung Vuong St, Xuan Huong Ward",Old Train Station,61228,Dalat,15932,Vietnam,66117,11.941118,108.458305,2023,389,10,14:00,12:00,,,,Booked 20 times today,,,https://pix8.agoda.net/hotelImages/42109640/-1/b08bf1a21346d22af285e01c541588eb.jpg?ce=0&s=1024x768
64524273,HT Boutique 2 - The Lumina Premium ,HT Boutique 2 - The Lumina Premium ,Hotel,Bed & Breakfast,3.0,False,"63/6 Đường Đống Đa,",Tuyen Lam Lake,378568,Dalat,15932,Vietnam,66116,11.924352,108.44188,2025,100,5,14:00,12:00,300000 VND,500000 VND,,Booked twice today,,,https://pix8.agoda.net/hotelImages/64524273/0/4b93b5d7e9bbd58a8522015694dc09ab.jpg?ce=3&s=1024x768
16936272,Dalat Sa - LemonGrass,Dalat Sa - LemonGrass,NonHotel,Homestay,3.5,False,83/2 Phan Dinh Phung,Dalat City Center,26795,Dalat,15932,Vietnam,640000,11.9440067,108.4337261,,,,14:00,11:00,,,,,,,https://pix8.agoda.net/hotelImages/16936272/-1/83cc4cdbc6552ec1e9b0e8fb5ba72833.jpg?ca=17&ce=1&s=1024x768
78974171,Romeo Juliet Hồ Tuyền Lâm DaLat,Romeo Juliet Hồ Tuyền Lâm DaLat,Hotel,Resort,3.0,False,"Tuyền Lâm, Phường 4",Tuyen Lam Lake,378568,Dalat,15932,Vietnam,,11.889478,108.43505,2019,1,,14:00,12:00,,,,Booked 6 times today,,,https://pix8.agoda.net/hotelImages/78974171/0/e8c34b41b34b0ab829ecabbb7cf8d961.png?ce=3&s=1024x768
7692491,TTR Moonstone Apart Hotel,TTR Moonstone Apart Hotel,Hotel,Hotel,3.0,False,86 Ly Tu Trong,Dalat City Center,26795,Dalat,15932,Vietnam,02633,11.945855140686035,108.43878173828125,2023,25,7,14:00,12:00,,280000 VND,,Booked 9 times today,,,https://pix8.agoda.net/hotelImages/7692491/-1/95afc544f2bcafb77bec3299cfd4c207.jpg?ce=0&s=1024x768
7125752,Dalat Boutique Hotel,Dalat Boutique Hotel,Hotel,Hotel,3.0,False,14 Huynh Thuc Khang St.,Dalat City Center,26795,Dalat,15932,Vietnam,670000,11.93533992767334,108.43020629882812,2019,39,,14:00,12:00,,,,Booked once today,,,https://pix8.agoda.net/hotelImages/712/7125752/7125752_19042615040074074930.jpg?ca=8&ce=1&s=1024x768
58905932,Roserie Home Garden Dalat,Roserie Home Garden Dalat,NonHotel,Apartment/Flat,4.0,False,"Alley 6 Doi  Mai Anh street, ward 6, Dalat city, Lam Dong Province ",Cam Ly Falls,93603,Dalat,15932,Vietnam,670000,11.949257850646973,108.4280014038086,2019,8,1,14:00,,0 VND,350000 VND,,,,,https://pix8.agoda.net/hotelImages/58905932/0/86bcb5b65b6cef44d4893e093537212a.jpeg?ce=0&s=1024x768
64197808,The Song Vung Tau Xinh,The Song Vung Tau Xinh,NonHotel,Apartment/Flat,5.0,False,28 Đường Thi S ch,Thang Tam,80639,Vung Tau,17190,Vietnam,790000,10.350024223327637,107.09586334228516,,1,,13:55,12:00,,,,Booked 23 times today,,,https://pix8.agoda.net/hotelImages/64197808/0/ab1f583eeca03d56ad34565b00bd06bd.jpg?ce=0&s=1024x768
36643921,The Sóng Apartment Vũng Tàu - Green House,The Sóng Apartment Vũng Tàu - Green House,Hotel,Serviced apartment,5.0,False,"No. 28, Thi Sach Street, The Song",Thang Tam,80639,Vung Tau,17190,Vietnam,78000,10.3500337600708,107.09611511230469,2022,50,36,14:00,11:30,,,2024,Booked 21 times today,,,https://pix8.agoda.net/hotelImages/36643921/-1/c3f42bbf7e50a92c7d8c7221f6ec5326.jpg?ce=0&s=1024x768
86719729,Townhouse Diamond Boutique Hotel Near Back Beach Vung Tau,Townhouse Diamond Boutique Hotel Near Back Beach Vung Tau,Hotel,Hotel,3.0,False,"55 Phan Văn Trị, Phường Thắng Tam",Thang Tam,80639,Vung Tau,17190,Vietnam,0000,10.338241577148438,107.08866119384766,2024,64,,14:00,12:00,,,,Booked 3 times today,,,https://pix8.agoda.net/hotelImages/86719729/0/c9cda18c1674bdec328fab6a7f367398.jpg?ce=3&s=1024x768
33941483,THE SÓNG APARTMENT VŨNG TÀU -  TRINH'S HOUSE,THE SÓNG APARTMENT VŨNG TÀU -  TRINH'S HOUSE,NonHotel,Apartment/Flat,5.0,False,"No. 28, Thi Sach Street, Thang Tam Ward, Vung Tau City, Vietnam",Thang Tam,80639,Vung Tau,17190,Vietnam,790000,10.3500337600708,107.09611511230469,2018,50,36,14:00,11:30,100000 VND,2000000 VND,,Booked 24 times today,,,https://pix8.agoda.net/hotelImages/33941483/0/ef8d86ed86ead714dc4036a873b5590d.jpg?ce=0&s=1024x768
44184739,The Song Apartment - Can Ho The Song - Mai Villa Vung Tau,The Song Apartment - Can Ho The Song - Mai Villa Vung Tau,NonHotel,Apartment/Flat,4.0,False,"28 Thi Sach Street, Ward 8, Vung Tau City, Ba Ria - Vung Tau",Thang Tam,80639,Vung Tau,17190,Vietnam,,10.349960327148438,107.09612274169922,,26,,14:00,11:30,,,,Booked 25 times today,,,https://pix8.agoda.net/hotelImages/44184739/0/0215f7d3c6748a04746b16b842fdf5ac.jpg?ce=0&s=1024x768
35937927,The Song Vung Tau Apartment -Villa near Beach,The Song Vung Tau Apartment -Villa near Beach,NonHotel,Apartment/Flat,5.0,False,28 Đường Thi Sách,Thang Tam,80639,Vung Tau,17190,Vietnam,78000,10.350034713745117,107.09611511230469,,2,,14:00,12:00,0 VND,210000 VND,,Booked 13 times today,,,https://pix8.agoda.net/hotelImages/35937927/0/2ff9db623b1fd9a3818f67f4a3e0c0ef.jpg?ce=3&s=1024x768
161729,The IMPERIAL Vung Tau Hotel ,The IMPERIAL Vung Tau Hotel ,Hotel,Hotel,5.0,False,"159 Thuy Van Street, Thang Tam Ward ",Thang Tam,80639,Vung Tau,17190,Vietnam,790000,10.3441352844238,107.095069885254,2009,350,19,15:00,12:00,365000 VND,,2025,Booked 7 times today,,,https://pix8.agoda.net/hotelImages/161729/0/f304d2948ae44a7c1117503401637c5c.png?ce=3&s=1024x768
61648385,Joi Boutique Bãi Trước,Joi Boutique Bãi Trước,Hotel,Hotel,3.0,False,"04 Thong Nhat, Vung Tau",Phường 1,62139,Vung Tau,17190,Vietnam,90000,10.345423,107.077034,2020,62,4,14:00,12:00,,,,Booked twice today,,,https://pix8.agoda.net/hotelImages/61648385/0/0d069a3c7b54da20edb422b2669b5510.png?ce=3&s=1024x768
33829122,Hotel DMelin,Hotel DMelin,Hotel,Hotel,4.0,False,"No. 12, Truong Cong Dinh, Ward 2, Vung Tau",Phường 2,20467,Vung Tau,17190,Vietnam,78206,10.342016220092773,107.07612609863281,2022,34,5,14:00,12:00,300000 VND,,,Booked 4 times today,,,https://pix8.agoda.net/hotelImages/33829122/-1/3792867ef4c050169c4ad5d9d229268a.png?ce=0&s=1024x768
5436583,Vias Hotel Vung Tau ,Vias Hotel Vung Tau ,Hotel,Hotel,5.0,True,"179 Thuy Van, Ward 8",Phường 8,519700,Vung Tau,17190,Vietnam,790000,10.35230541229248,107.10163879394531,2022,155,17,15:00,,350000 VND,2000000 VND,,Booked 8 times today,,,https://pix8.agoda.net/hotelImages/5436583/-1/c2555f7a2151f0387ce67da6d944cc49.jpg?ce=0&s=1024x768
48511716,MONTANA HOMESTAY VUNG TAU,MONTANA HOMESTAY VUNG TAU,NonHotel,Apartment/Flat,3.0,False,"Montana Homestay, No. 5, Hai Dang, Ward 2, Vietnam",Phường 2,20467,Vung Tau,17190,Vietnam,78000,10.34029769897461,107.07428741455078,,2,2,,,,,,Booked once today,,,https://pix8.agoda.net/hotelImages/48511716/-1/5b5445e036036a3196a8a7e810d5f792.jpg?ce=0&s=1024x768
178195,Mercure Vung Tau,Mercure Vung Tau,Hotel,Hotel,0.0,False,"03 Ha Long Street, Vung Tau Ward ",Thang Nhat,514765,Vung Tau,17190,Vietnam,790000,10.402391,107.14863,2008,80,3,14:00,11:00,404250 VND,,,Booked 3 times today,,,https://pix8.agoda.net/hotelImages/178195/-1/b7b8b8361b751210ae96feb550ea386b.jpg?ca=13&ce=1&s=1024x768
87305373,Vienna House by Wyndham Charm Long Hai,Vienna House by Wyndham Charm Long Hai,Hotel,Hotel,5.0,False,992 Vo Thị Sau Hai Son Ward,Long Hai Beach,281118,Vung Tau,17190,Vietnam,79418,10.382556915283203,107.23890686035156,2026,943,11,15:00,12:00,,,,Booked 5 times today,,,https://pix8.agoda.net/hotelImages/87305373/0/8273e34f7714d6a9dac459f7ccaa742f.png?ce=3&s=1024x768
52133786,OYSTER BAY HOTEL VUNG TAU,OYSTER BAY HOTEL VUNG TAU,Hotel,Hotel,4.0,False,"82B Trần Phú, Phường Vũng Tàu",Phường 5,93600,Vung Tau,17190,Vietnam,790000,10.363972,107.062195,2024,277,16,15:00,12:00,220000 VND,,,Booked 9 times today,,,https://pix8.agoda.net/hotelImages/52133786/0/b42dde6c1b2e08d7f7ec83973f455ea3.png?ce=3&s=1024x768
73004500,The Sim Hotel Vung Tau,The Sim Hotel Vung Tau,Hotel,Hotel,2.0,False,so 2 Đ. 3 Thang 2,Phường 8,519700,Vung Tau,17190,Vietnam,790000,10.3508841844119,107.093944680316,,24,,14:00,12:00,,,,Booked 4 times today,,,https://pix8.agoda.net/hotelImages/73004500/0/2763afdbed9c84392beea0691b24a5b2.jpg?ce=3&s=1024x768
22642078,Premier Pearl Hotel Vung Tau,Premier Pearl Hotel Vung Tau,Hotel,Hotel,4.0,False," 69-69A Thuy Van, Ward Vung Tau, Ho Chi Minh City",Phường 2,20467,Vung Tau,17190,Vietnam,78000,10.3321247590636,107.08901401683,2021,232,19,15:00,12:00,,,2025,Booked 19 times today,,,https://pix8.agoda.net/hotelImages/22642078/-1/b7ec645d88b860b07237b2682862f43c.jpg?ce=0&s=1024x768
64639976,Cherry hotel,Cherry hotel,Hotel,Serviced apartment,0.0,False,H59 Phan Chu Trinh,Phường 2,20467,Vung Tau,17190,Vietnam,793733,10.336030006408691,107.08161926269531,,,,00:00,00:00,,,,,,,https://q-xx.bstatic.com/xdata/images/hotel/max1024x768/635535562.jpg?k=5c2dbef4390fd35a23e5fbe0a275528fd87010db82e487a3ab65de4ce4fdfbb0&o=
11534281,Fusion Suites Vung Tau,Fusion Suites Vung Tau,Hotel,Hotel,4.0,False,02 Truong Cong Dinh,Phường 2,20467,Vung Tau,17190,Vietnam,,10.341588973999023,107.0757827758789,2020,170,20,15:00,12:00,,,2025,Booked 12 times today,,,https://pix8.agoda.net/hotelImages/11534281/-1/65a145ae5087d89a3e7142ca16675a96.jpg?ce=0&s=1024x768
412707,Muong Thanh Holiday Vung Tau Hotel,Muong Thanh Holiday Vung Tau Hotel,Hotel,Hotel,0.0,False,"9 Thong Nhat Street, Phuong Vung Tau, Thanh Pho HCM",Phường 1,62139,Vung Tau,17190,Vietnam,790000,10.3454599380493,107.075538635254,2012,85,11,14:00,12:00,300000 VND,,,Booked 6 times today,,,https://pix8.agoda.net/hotelImages/412/412707/412707_16051410260042325139.jpg?ca=6&ce=1&s=1024x768
11024791,ibis Styles Vung Tau,ibis Styles Vung Tau,Hotel,Hotel,3.0,False,"117 Thuy Van Vung Tau Ward, Ho Chi Minh City, Vietnam ",Thang Nhat,514765,Vung Tau,17190,Vietnam,700000,10.402391,107.14863,2019,250,13,15:00,12:00,341000 VND,3000000 VND,2024,,,,https://pix8.agoda.net/hotelImages/11024791/-1/da705fc7fba0fcb16203951676fe60c7.jpg?ca=18&ce=1&s=1024x768
5262146,Tomorrow Hostel,Tomorrow Hostel,Hotel,Hostel,3.0,False,92 Nguyen Truong To,Phường 3,93980,Vung Tau,17190,Vietnam,,10.3444239,107.07994800000006,,14,,14:00,12:00,,,,,,,https://pix8.agoda.net/hotelImages/5262146/-1/eb89c501ac41bc2ced3b813e5bf33b41.jpg?ce=0&s=1024x768
7394456,Annata Beach Hotel,Annata Beach Hotel,Hotel,Hotel,3.0,False,"165 Thuy Van, Thang Tam",Thang Tam,80639,Vung Tau,17190,Vietnam,79000,10.348811149597168,107.09803771972656,2019,86,12,14:00,12:00,,,,Booked 14 times today,,,https://pix8.agoda.net/hotelImages/7394456/87898656/0f95c9ce7e491e54f9711368b3b98e3e.jpg?ce=0&s=1024x768
39913715,Vung Tau The Song Apartment - Ocean Apartment,Vung Tau The Song Apartment - Ocean Apartment,NonHotel,Apartment/Flat,5.0,False,"No. 28, Thi Sach Street, Ward 8",Thang Tam,80639,Vung Tau,17190,Vietnam,78000,10.35007095336914,107.09593200683594,2022,1,,14:00,12:00,,220000 VND,2024,Booked twice today,,,https://pix8.agoda.net/hotelImages/39913715/-1/e342627db56af6cd2240a0e5264d4e3e.jpg?ce=0&s=1024x768
6944885,Marina Bay Vung Tau Resort & Spa,Marina Bay Vung Tau Resort & Spa,Hotel,Resort,5.0,False,115 Tran Phu,Phường 5,93600,Vung Tau,17190,Vietnam,790000,10.379894,107.05542,2019,100,2,15:00,12:00,,,2025,Booked 10 times today,,,https://pix8.agoda.net/hotelImages/6944885/-1/8790a92bc0b32cf839b782d15dfe1331.png?ce=0&s=1024x768
1122450,Pullman Vung Tau,Pullman Vung Tau,Hotel,Hotel,5.0,False,"15 Thi Sach Street, Vung Tau Ward, Ho Chi Minh City, Viet Nam",Thang Tam,80639,Vung Tau,17190,Vietnam,700000,10.34839153289795,107.09396362304688,2015,356,13,15:00,12:00,530000 VND,3500000 VND,,Booked once today,,,https://pix8.agoda.net/hotelImages/21608436/0/5cd10f2595b999ba19861eed92d29146.jpeg?ce=3&s=1024x768
32006799,Quang Anh Hotel by The Moment,Quang Anh Hotel by The Moment,Hotel,Hotel,3.0,False,16 Nguyễn Hữu Tiến,Phường 8,519700,Vung Tau,17190,Vietnam,,10.35433,107.100571,2019,40,5,14:00,12:00,,,,Booked once today,,,https://pix8.agoda.net/hotelImages/32006799/-1/2e86c61f02cb6a38a1d8c7b9c5c8fbf8.jpg?ce=0&s=1024x768
230334,The Coast Hotel,The Coast Hotel,Hotel,Hotel,3.0,False,300A Phan Chu Trinh street,Phường 2,20467,Vung Tau,17190,Vietnam,,10.3294038772583,107.08748626708984,,,,14:00,12:00,,150000 VND,,,,,https://pix8.agoda.net/hotelImages/230334/-1/8aca9ddd2d5e50b74a32ee10d1f34922.jpg?ca=9&ce=1&s=1024x768
63295375,SeaSide Apartment - CSJ Tower Vũng Tàu,SeaSide Apartment - CSJ Tower Vũng Tàu,Hotel,Serviced apartment,5.0,False,"169 Thùy Vân, Phường 8",Phường 8,519700,Vung Tau,17190,Vietnam,,10.350679,107.0995,,1,,15:00,12:00,,,,Booked twice today,,,https://pix8.agoda.net/hotelImages/63295375/0/72b77149c37678b4c6a5555c3d6f2e52.jpg?ce=0&s=1024x768
89090330,CouCou Homestead III-Beachside Hotel&Dorm Vung Tau,CouCou Homestead III-Beachside Hotel&Dorm Vung Tau,Hotel,Hotel,5.0,False,45/32 Thùy Vân,Phường 2,20467,Vung Tau,17190,Vietnam,790000,10.332237,107.087845,,1,,14:00,11:00,,,,,,,https://pix8.agoda.net/hotelImages/89090330/0/36acced664c5db2984ae2779a20570e3.jpg?ce=3&s=1024x768
87013541,Diamond Beach Hotel Near Lighthouse Vung Tau By Dancenter,Diamond Beach Hotel Near Lighthouse Vung Tau By Dancenter,Hotel,Hotel,3.0,False,"55 Phan Văn Trị, Phường Thắng Tam",Thang Tam,80639,Vung Tau,17190,Vietnam,,10.338241577148438,107.08866119384766,2024,64,,14:00,12:00,,,,Booked 3 times today,,,https://pix8.agoda.net/hotelImages/87013541/0/5248a20947070f940eb9432caef46731.jpg?ce=3&s=1024x768
73212695,Joi Boutique Bãi Sau,Joi Boutique Bãi Sau,Hotel,Hotel,2.0,False,"69 Phó Đức Chính, Phường Thắng Tam",Thang Tam,80639,Vung Tau,17190,Vietnam,790000,10.3378219604492,107.08837890625,2020,49,5,14:00,12:00,,,,Booked once today,,,https://pix8.agoda.net/hotelImages/73212695/0/d69ea75217770262c6cc269533c82180.png?ce=3&s=1024x768
59301526,STELLA Hotel & Apartment,STELLA Hotel & Apartment,Hotel,Hotel,3.0,False,98 Vo Thi Sau,Thang Tam,80639,Vung Tau,17190,Vietnam,790000,10.3378913787321,107.087115743551,2024,31,6,14:00,12:00,,1650000 VND,,Booked once today,,,https://pix8.agoda.net/hotelImages/59301526/0/285f84a05dad989df9fd86c225f43906.jpg?ce=0&s=1024x768
6363024,Melia Ho Tram Beach Resort,Melia Ho Tram Beach Resort,Hotel,Hotel,5.0,True,"Coastal Road, Ho Tram Hamlet, Ho Tram Commune, Ho Chi Minh City, Vietnam",Ho Tram Beach,281119,Vung Tau,17190,Vietnam,790000,10.471287727355957,107.3871841430664,2019,299,17,16:00,12:00,0 VND,,2024,Booked 44 times today,,,https://pix8.agoda.net/hotelImages/6363024/-1/e4007e8495e90ab0dc961e1bac0b1bf0.jpg?ce=0&s=1024x768
444262,BIG Hotel Vung Tau,BIG Hotel Vung Tau,Hotel,Hotel,3.0,False,147 Đ. Hoàng Hoa Thám,Thang Tam,80639,Vung Tau,17190,Vietnam,78000,10.3368153,107.0860605,2013,66,10,14:00,12:00,,,,Booked once today,,,https://pix8.agoda.net/hotelImages/444262/0/1734045dd1a9a576a6b2761a784be4f6.jpg?ce=2&s=1024x768
1370955,Happy Home Boutique Hotel Vung Tau ,Happy Home Boutique Hotel Vung Tau ,Hotel,Hotel,1.0,False,24A Nguyen Hien,Phường 2,20467,Vung Tau,17190,Vietnam,790000,10.331089806501609,107.08725392818451,2016,35,,14:00,12:00,,,,Booked once today,,,https://pix8.agoda.net/hotelImages/1370955/0/9fcb61c4bab9e9aeccc8fd283729198e.jpg?ce=2&s=1024x768
22732839,Sun Hill Hotel,Sun Hill Hotel,Hotel,Hotel,3.0,False,"H60 Phan Chu Trinh, Ward 2",Phường 2,20467,Vung Tau,17190,Vietnam,790000,10.335905075073242,107.08157348632812,2020,25,6,14:00,,,,,Booked twice today,,,https://pix8.agoda.net/hotelImages/22732839/-1/2029576fa6a3e62644164122bbc32a05.jpg?ca=17&ce=1&s=1024x768
90940010,Shin Hotel Vung Tau - Sea View ,Shin Hotel Vung Tau - Sea View ,Hotel,Hotel,3.0,False,"Shin HomeStay, 81/7/20 Thuy Van",Phường 2,20467,Vung Tau,17190,Vietnam,780000,10.332366943359375,107.08785247802734,,13,5,14:00,12:00,,,,Booked 5 times today,,,https://pix8.agoda.net/hotelImages/90940010/0/5aa7bd112b30f32cd1e36d1838017645.jpg?ce=3&s=1024x768
1196123,The Malibu Hotel,The Malibu Hotel,Hotel,Hotel,5.0,True,"263 Le Hong Phong, Thang Tam Ward, Vung Tau City",Thang Tam,80639,Vung Tau,17190,Vietnam,,10.347576125795149,107.09510207176208,2016,193,20,15:00,12:00,420000 VND,,2025,Booked twice today,,,https://pix8.agoda.net/hotelImages/1196123/-1/f25a5ae5309fde0f438fbc667c1a311c.jpg?ce=0&s=1024x768
79142852,Thùy Trang Hotel,Thùy Trang Hotel,Hotel,Hotel,2.0,False,"31 Phó Đức Chính, Phường Thắng Tam",Thang Tam,80639,Vung Tau,17190,Vietnam,790000,10.337314,107.08931,,1,,14:00,12:00,,,,Booked 8 times today,,,https://pix8.agoda.net/hotelImages/79142852/0/9331fca973945876309d1ba033138617.jpg?ce=2&s=1024x768
6886976,Golden Era Hotel (Vung Tau RIVA Hotel),Golden Era Hotel (Vung Tau RIVA Hotel),Hotel,Hotel,4.0,False,"03-05 Thuy Van, Phuong 2",Phường 2,20467,Vung Tau,17190,Vietnam,78000,10.329495429992676,107.08795928955078,2019,79,10,14:00,12:00,0 VND,,,Booked 6 times today,,,https://pix8.agoda.net/hotelImages/6886976/-1/b0169b0bd9074ddde1d11020c66b9ea0.jpg?ca=8&ce=1&s=1024x768
33855179,Nin Garden Homestay ,Nin Garden Homestay ,NonHotel,Homestay,2.5,False,"No. 26, Vo Thi Sau, Ward 2, Vung Tau City, Ba Ria - Vung Tau",Phường 2,20467,Vung Tau,17190,Vietnam,790000,10.331342697143555,107.0848617553711,,29,1,14:00,12:00,,,,,,,https://pix8.agoda.net/hotelImages/33855179/0/7cafb68992f3c3d8e7a16d22862a1fb7.jpg?ce=3&s=1024x768
37189836,Angsana Ho Tram,Angsana Ho Tram,Hotel,Resort,5.0,False,"Coastal Road, Ong To Hamlet, Ho Tram Commune, Ho Chi Minh City, Vietnam",Ho Tram Beach,281119,Vung Tau,17190,Vietnam,78507,10.47018051147461,107.37674713134766,2023,102,2,15:00,12:00,355000 VND,2500000 VND,,Booked 4 times today,,,https://pix8.agoda.net/hotelImages/37189836/0/8795546c4f25248221f988ca85443ae6.jpg?ce=3&s=1024x768
39665334,IXORA Ho Tram by Fusion,IXORA Ho Tram by Fusion,Hotel,Hotel,5.0,True,"The Grand Ho Tram, Ho Tram Hamlet, Ho Tram Commune, Ho Chi Minh City, Viet Nam",Ho Tram Beach,281119,Vung Tau,17190,Vietnam,790000,10.486485,107.45394,2023,196,11,16:00,12:00,442260 VND,,,Booked 6 times today,,,https://pix8.agoda.net/hotelImages/39665334/0/731b60a10033d57fabf8cd5afc7d0a4a.jpg?ce=3&s=1024x768
37854636,3H GRAND HOTEL,3H GRAND HOTEL,Hotel,Hotel,3.0,False,274 Phan Chu Trinh,Phường 2,20467,Vung Tau,17190,Vietnam,78000,10.330188751220703,107.08448791503906,2020,15,6,14:00,12:00,,,,Booked 4 times today,,,https://pix8.agoda.net/hotelImages/37854636/-1/74692a1c50318718dc8a45bdd0e2660c.jpg?ce=0&s=1024x768
255143,Green Hotel Vung Tau,Green Hotel Vung Tau,Hotel,Hotel,3.0,False,"147C Thuy Van Street, Bai Sau Beach, Vung Tau City",Thang Tam,80639,Vung Tau,17190,Vietnam,,10.337433815002441,107.09115600585938,,50,9,14:00,12:00,,83000 VND,,Booked twice today,,,https://pix8.agoda.net/hotelImages/255143/-1/615fb21fd65974209c1425fdf40dadcb.jpg?ce=0&s=1024x768
32179308,Mercury Hotel & Apartment,Mercury Hotel & Apartment,Hotel,Hotel,2.0,False,9 Trương Vĩnh K&#253;,Phường 1,62139,Vung Tau,17190,Vietnam,78000,10.3490496,107.0729067,,36,3,14:00,12:00,,,,,,,https://pix8.agoda.net/hotelImages/32179308/-1/b8e48926ad88407e4e29beea0c059646.jpg?ce=0&s=1024x768
31717323,Kim Minh Boutique - Luxury Hotel & Apartment,Kim Minh Boutique - Luxury Hotel & Apartment,Hotel,Hotel,0.0,False,"22 Ba Cu, Ward Vung Tau, Ho Chi Minh City",Phường 1,62139,Vung Tau,17190,Vietnam,900000,10.348957061767578,107.07568359375,2022,20,5,15:00,11:00,,,,Booked twice today,,,https://pix8.agoda.net/hotelImages/31717323/-1/ccbcadd01c835b7424366b6baa11bee4.jpg?ca=29&ce=0&s=1024x768
280768,P&T Hotel Vung Tau,P&T Hotel Vung Tau,Hotel,Hotel,3.0,False,158 Ha Long Street,Phường 2,20467,Vung Tau,17190,Vietnam,78000,10.341158866882324,107.07425689697266,2002,70,10,14:00,12:00,,,,,,,https://pix8.agoda.net/hotelImages/280768/-1/2308d753d6466a834f8658d8b7973fcd.jpg?ca=17&ce=1&s=1024x768
25773171,Holiday Inn Resort Ho Tram Beach By IHG,Holiday Inn Resort Ho Tram Beach By IHG,Hotel,Hotel,5.0,True,"The Grand Ho Tram, Ho Tram Hamlet, Ho Tram Commune, Ho Chi Minh City, Viet Nam",Ho Tram Beach,281119,Vung Tau,17190,Vietnam,790000,10.48612,107.4562,2021,502,18,16:00,12:00,17 USD,,,Booked 4 times today,,,https://pix8.agoda.net/hotelImages/25773171/0/bdd45a0630eae5dd5d78fc0ede35ca69.jpg?ce=3&s=1024x768
11016,Petro House Vung Tau (Block B),Petro House Vung Tau (Block B),Hotel,Hotel,3.0,False,"63 Tran Hung Dao st., Ward 1",Phường 1,62139,Vung Tau,17190,Vietnam,,10.349211692810059,107.07501983642578,,48,2,14:00,12:00,100000 VND,1600000 VND,,Booked 6 times today,,,https://pix8.agoda.net/hotelImages/11016/0/5164c0e97515a623675a310a889182a2.jpg?ce=2&s=1024x768
52733341,The Signature Hoi An,The Signature Hoi An,Hotel,Hotel,5.0,True,21 La Hối,Minh An,57588,Hoi An,16552,Vietnam,560000,15.8756019310309,108.323626598723,2024,76,3,15:00,12:00,600000 VND,500000 VND,2024,Booked 5 times today,,,https://pix8.agoda.net/hotelImages/52733341/-1/68cb6816133d882e161cba040891a2af.jpg?ce=0&s=1024x768
90025419,Hoi An Moon Premium Boutique Hotel and Spa,Hoi An Moon Premium Boutique Hotel and Spa,Hotel,Hotel,5.0,True,242 Nguyen Duy Hieu ,Son Phong,57587,Hoi An,16552,Vietnam,51000,15.881267,108.32743,2026,80,7,14:00,12:00,,,,Booked 3 times today,,,https://pix8.agoda.net/hotelImages/90025419/0/20080360eeadcf31817fbf92f83cb455.jpg?ce=3&s=1024x768
44777877,Grand Sunrise Palace Hoi An,Grand Sunrise Palace Hoi An,Hotel,Hotel,5.0,True,"320  Cua Dai Street, Cam Chau, Hoi An City",Cam Chau,502697,Hoi An,16552,Vietnam,51000,15.885579109191895,108.35022735595703,2023,85,7,15:00,12:00,350000 VND,450000 VND,2025,Booked 9 times today,,,https://pix8.agoda.net/hotelImages/44777877/0/81ce6608f2bec362ec9d2ef37473d1a9.png?ce=3&s=1024x768
2090182,La Siesta Hoi An Resort & Spa,La Siesta Hoi An Resort & Spa,Hotel,Resort,5.0,True,132 Hung Vuong,Thanh Ha,57586,Hoi An,16552,Vietnam,56000,15.8799668228239,108.316247463226,2013,137,6,15:00,12:00,0 VND,485000 VND,2024,Booked 3 times today,,,https://pix8.agoda.net/hotelImages/2090182/535778142/572ba66b6b3fe52d4e93332db2a93466.jpg?ce=0&s=1024x768
91933144,Faifo Boutique Hotel & Spa,Faifo Boutique Hotel & Spa,Hotel,Hotel,5.0,False,"89 Cửa Đại, Hội An Đông",Cam Chau,502697,Hoi An,16552,Vietnam,560000,15.892835,108.36113,2022,51,4,14:00,12:00,300000 VND,400000 VND,,Booked 4 times today,,,https://pix8.agoda.net/hotelImages/91933144/0/543147779fe3eba613bdea22f20667ba.png?ce=3&s=1024x768
79118577,Dolphins Hostel - Riverside Hoi An,Dolphins Hostel - Riverside Hoi An,Hotel,Hotel,3.0,False,"7 Thoại Ngọc Hầu, Phường Minh An",Minh An,57588,Hoi An,16552,Vietnam,540000,15.87589,108.32247,,18,,14:00,11:00,,,,,,,https://pix8.agoda.net/hotelImages/79118577/0/5e8ce4f21b9f36f26387cff309f44338.jpg?ce=2&s=1024x768
568331,Under The Coconut Tree Hoi An Homestay,Under The Coconut Tree Hoi An Homestay,NonHotel,Homestay,4.0,False,"Hamlet 7, An Bang, Cam An",Cam An,502696,Hoi An,16552,Vietnam,560000,15.913033485412598,108.33909606933594,,4,,14:00,12:00,75000 VND,,,Booked twice today,,,https://pix8.agoda.net/hotelImages/568331/0/7181a80bc5acbffdc705b3546b0fd6d1.jpeg?s=1024x768
74626874,Fuse Old Town Hoi An,Fuse Old Town Hoi An,Hotel,Hostel,3.0,False,126 Nguyen Truong To,Son Phong,57587,Hoi An,16552,Vietnam,,15.881629943847656,108.32910919189453,,1,,,,,,,,,,https://pix8.agoda.net/hotelImages/74626874/0/b01dc6600c372dad2d01a3cf63d22d42.jpeg?ce=2&s=1024x768
1070265,"Grand Signature Resort Hoi An by M Village, a brand of Modern Village Lifestyle","Grand Signature Resort Hoi An by M Village, a brand of Modern Village Lifestyle",Hotel,Resort,5.0,True,"No 28 Nguyen Tat Thanh, Hoi An Tay Ward, Da Nang City",Cam Ha,28347,Hoi An,16552,Vietnam,51000,15.88953685760498,108.32050323486328,2026,172,6,15:00,12:00,,,,Booked 8 times today,,,https://pix8.agoda.net/hotelImages/1070265/0/e7c89c0f3ccc5b476bb1e887e0f28a1a.jpg?ce=3&s=1024x768
50513384,Sen Village Hoi An,Sen Village Hoi An,Hotel,Hotel,5.0,True,"488  Cua Dai Street, Cam Chau Ward",Cam Chau,502697,Hoi An,16552,Vietnam,510000,15.8805872709755,108.340853237285,2025,94,3,15:00,12:00,,450000 VND,,Booked 8 times today,,,https://pix8.agoda.net/hotelImages/50513384/0/c2ac452335f4011c09a73e32ec3123df.jpg?ce=2&s=1024x768
39553445,Southern Hotel,Southern Hotel,Hotel,Hotel,3.0,False,"10 Dao Duy Tu, Cam Pho, Hoi An",Cẩm Phô,57585,Hoi An,16552,Vietnam,51000,15.8772027,108.3224585,2023,1,3,14:00,12:00,,290000 VND,,Booked 3 times today,,,https://pix8.agoda.net/hotelImages/39553445/0/ebff8999d6a271ebac313e75f7c14024.jpg?ce=3&s=1024x768
14498722,Okra Hoian Homestay,Okra Hoian Homestay,NonHotel,Homestay,4.5,False,14 Thích Quảng Đức,Cam Ha,28347,Hoi An,16552,Vietnam,560000,15.890687942504883,108.32855987548828,2020,4,2,14:00,12:00,,,,,,,https://pix8.agoda.net/hotelImages/14498722/-1/70000872d7d23bbac83b62fadf7099c3.jpg?ce=0&s=1024x768
77187803,L’Heritage Riverside Hoi An,L’Heritage Riverside Hoi An,Hotel,Hotel,4.0,False,54 Huyen Tran Cong Chua,Cam Chau,502697,Hoi An,16552,Vietnam,56000,15.8756139,108.3450969,2025,30,3,14:00,12:00,,400000 VND,,Booked 4 times today,,,https://pix8.agoda.net/hotelImages/77187803/0/4910330e0a9dd8c72fa3a16b970f7067.jpg?ce=3&s=1024x768
56224814,Reu Boutique Hotel,Reu Boutique Hotel,Hotel,Hotel,4.0,False,128/09 Ly Thai To Str,Cam Chau,502697,Hoi An,16552,Vietnam,51300,15.887673377990723,108.33541107177734,2024,60,7,14:00,12:00,,,,Booked 8 times today,,,https://pix8.agoda.net/hotelImages/56224814/-1/584ae8352d82c1c02d76959a3788cb3f.jpg?ce=0&s=1024x768
1985131,Hoi An Canal House Riverside a Salve by Haviland,Hoi An Canal House Riverside a Salve by Haviland,Hotel,Hotel,3.0,False,30 Nguyen Du,Cẩm Phô,57585,Hoi An,16552,Vietnam,51300,15.876383781433105,108.32067108154297,,25,,14:00,12:00,,450000 VND,,Booked twice today,,,https://pix8.agoda.net/hotelImages/198/1985131/1985131_17081507350055386674.jpg?ca=6&ce=1&s=1024x768
79080981,Smart Garden Homestay,Smart Garden Homestay,NonHotel,Homestay,4.5,False,"99/2 H ng Vương, Phường Cẩm Phổ Smart Garden Homestay",Cẩm Phô,57585,Hoi An,16552,Vietnam,51300,15.879753112792969,108.31906127929688,2019,5,2,13:00,11:00,110000 VND,350000 VND,,,,,https://pix8.agoda.net/hotelImages/79080981/0/323a20b6b0d48e554cb57e21061543a5.jpg?ce=3&s=1024x768
65269016,Ancient Town Hotel,Ancient Town Hotel,Hotel,Hotel,4.0,False,"No. 131, Tran Hung Dao, Minh An Ward",Cẩm Phô,57585,Hoi An,16552,Vietnam,560048,15.879949569702148,108.32526397705078,2019,50,3,14:00,12:00,,350000 VND,,Booked 5 times today,,,https://pix8.agoda.net/hotelImages/65269016/0/0cb3fc1c1b91dba7d3ad3cacc68b07a5.jpg?ce=2&s=1024x768
75864419,Dom Hostel Old Town Hoi An,Dom Hostel Old Town Hoi An,NonHotel,Homestay,3.5,False,Thái Phiên,Son Phong,57587,Hoi An,16552,Vietnam,560000,15.882051467895508,108.3274154663086,,1,,,,,,,Booked twice today,,,https://q-xx.bstatic.com/xdata/images/hotel/max1024x768/749244157.jpg?k=9af3979af822d0edce6844c88b49cf3f7572cab7387ad34805f84d038fe2aff6&o=
35957889,Mad Monkey Hoi An,Mad Monkey Hoi An,Hotel,Hostel,0.0,False,250 Cửa Đại,Cam Chau,502697,Hoi An,16552,Vietnam,,15.889047622680664,108.35345458984375,,226,,14:00,11:00,,,,Booked once today,,,https://pix8.agoda.net/hotelImages/35957889/0/f2478daa30845d611dd2bd9238b4702e.jpg?ce=2&s=1024x768
87071376,Unity Villa - Staycation,Unity Villa - Staycation,Hotel,Hotel,4.0,False,"Lý Thường Kiệt, Hội An",Son Phong,57587,Hoi An,16552,Vietnam,,15.882313,108.334564,2026,1,,14:00,11:00,,,,Booked 4 times today,,,https://pix8.agoda.net/hotelImages/87071376/0/f177ea7a36e0e94a45b73017670f4dbc.png?ce=3&s=1024x768
1803429,Wyndham Garden Hoi An Cua Dai Beach,Wyndham Garden Hoi An Cua Dai Beach,Hotel,Hotel,5.0,True,19 Lac Long Quan Street Cua Dai Beach,Cửa Đại,34249,Hoi An,16552,Vietnam,560000,15.898618698120117,108.36129760742188,,107,6,14:00,12:00,625000 VND,500000 VND,,Booked twice today,,,https://pix8.agoda.net/hotelImages/1803429/0/384b65b3cb999056d709fcd7bcfd8b96.png?ce=3&s=1024x768
16296813,Sam Sam Homestay Hoi An,Sam Sam Homestay Hoi An,NonHotel,Homestay,3.0,False,"25/16 duong 18/8, phuong Cam Pho",Cẩm Phô,57585,Hoi An,16552,Vietnam,560000,15.877385139465332,108.3214340209961,,9,3,13:00,11:00,,,,,,,https://pix8.agoda.net/hotelImages/16296813/-1/391525e8bd68c662e8299d8534bf93b8.jpg?ce=0&s=1024x768
66371126,Nesta Hoian Resort & Spa ,Nesta Hoian Resort & Spa ,Hotel,Resort,5.0,True,87 Cua Dai,Cam Chau,502697,Hoi An,16552,Vietnam,51300,15.893041179838109,108.3615200317383,2025,85,4,14:00,12:00,,400000 VND,,Booked 8 times today,,,https://pix8.agoda.net/hotelImages/66371126/0/0e81d05365319d174971cf675945c4bd.jpg?ce=3&s=1024x768
89178269,"M Village Resort Riverbeach Hoi An, a brand of Modern Village Lifestyle ","M Village Resort Riverbeach Hoi An, a brand of Modern Village Lifestyle ",Hotel,Hotel,5.0,True,"05 Cửa Đại, Hội An Đông",Cửa Đại,34249,Hoi An,16552,Vietnam,560000,15.896506309509277,108.36511993408203,2026,87,3,15:00,12:00,,,,Booked 5 times today,,,https://pix8.agoda.net/hotelImages/89178269/0/6ecb341a431d802f38ac12bae6cab9b5.png?ce=3&s=1024x768
16375525,New World Hoiana Hotel,New World Hoiana Hotel,Hotel,Hotel,5.0,True,"Hoiana Resort & Golf, Tay Son Tay Hamlet, Duy Hai Commune",Thang Binh,573816,Hoi An,16552,Vietnam,560000,15.830716133117676,108.40422058105469,2022,476,17,15:00,11:00,,,,Booked 11 times today,,,https://pix8.agoda.net/hotelImages/16375525/-1/33df9e612b8f4514805e0f21235c891d.jpg?ce=0&s=1024x768
3007182,Hoi An Canal House Riverside a Salve by Haviland,Hoi An Canal House Riverside a Salve by Haviland,Hotel,Hotel,3.0,False,"30 Nguyen Du, Cam Pho Ward, Hoi An",Cẩm Phô,57585,Hoi An,16552,Vietnam,,15.876439094543457,108.32078552246094,,,,14:00,12:00,,,,,,,https://q-xx.bstatic.com/xdata/images/hotel/max1024x768/109917466.jpg?k=03c28a05d27922cbcec1e0da954de8ad6a245e9c141ddde3fb1af085bf788ead&o=
84897663,Son Tra Villa Hoi An - Quiet Pool Villa Near Old Town,Son Tra Villa Hoi An - Quiet Pool Villa Near Old Town,Hotel,Hotel,4.0,False,"215 Nguyễn Tất Thành, Tân An",Thanh Ha,57586,Hoi An,16552,Vietnam,460000,15.890034,108.31509,,1,3,14:00,11:00,,350000 VND,,Booked 7 times today,,,https://pix8.agoda.net/hotelImages/84897663/0/9f7c7e9f18d08b307ddd78013793f6bd.jpg?ce=3&s=1024x768
39012886,iHome Hoi An,iHome Hoi An,Hotel,Hotel,3.0,False,54 Nguyễn Tri Phương,Cam Nam,519553,Hoi An,16552,Vietnam,,15.872444152832031,108.3326644897461,,,,14:00,12:00,,,,Booked once today,,,https://q-xx.bstatic.com/xdata/images/hotel/max1024x768/604786055.jpg?k=b7e06d290bb8b8b9798a4743ff0665d0f81bd25bb4e9337a5766323de4b437bb&o=
63917222,Hoianese Quiet Old Town Hotel,Hoianese Quiet Old Town Hotel,Hotel,Hotel,0.0,False,"30 Bà Triệu, Phường Cẩm Phổ",Cẩm Phô,57585,Hoi An,16552,Vietnam,,15.882243,108.32437,,20,4,14:00,11:00,,,,,,,https://pix8.agoda.net/hotelImages/63917222/0/e08b616e1fbbd01c6b15ffabc98605d8.jpg?ce=0&s=1024x768
46749251,Dom Hostel and Bar,Dom Hostel and Bar,Hotel,Hostel,0.0,False,"58 Bà Triệu 58 Bà Triệu, Tp Hội An",Son Phong,57587,Hoi An,16552,Vietnam,,15.8819198608398,108.325881958008,,,,,,,,,,,,https://pix8.agoda.net/hotelImages/46749251/0/764269544d9356cbb8703a01761c64df.jpeg?ce=0&s=1024x768
88966251,Old Lane Homestay Hoian,Old Lane Homestay Hoian,Hotel,Hotel,3.0,False,"625/5 Đ. Hai Bà Trưng, Hội An",Son Phong,57587,Hoi An,16552,Vietnam,55000,15.880502,108.32711,,1,,02:00,00:00,,,,,,,https://pix8.agoda.net/hotelImages/88966251/0/898c5cfbdc0bef43b7a50637b7f2bbb5.jpg?ce=3&s=1024x768
52499134,Harmony Old Town Hostel & Pool Bar,Harmony Old Town Hostel & Pool Bar,Hotel,Hotel,3.0,False,"107 Bà Triệu, Phường Minh An",Cẩm Phô,57585,Hoi An,16552,Vietnam,53000,15.880976,108.326096,,1,,14:00,11:00,,,,Booked once today,,,https://pix8.agoda.net/hotelImages/52499134/0/c29782db09cf93ddfbf61061b34f7373.jpg?ce=0&s=1024x768
7023976,Hoi An Fairy Garden Villa,Hoi An Fairy Garden Villa,Hotel,Hotel,2.0,False,"448/8 Nguyen Tri Phuong, Cam Nam ward, Hoi An city",Cam Nam,519553,Hoi An,16552,Vietnam,51312,15.869050025939941,108.34905242919922,2019,14,2,14:00,12:00,40000 VND,300000 VND,,Booked 3 times today,,,https://pix8.agoda.net/hotelImages/7023976/-1/dda639f24c86677ce04d7582e143b0d5.jpg?ce=0&s=1024x768
45941857,Cozy An Boutique Hotel Hoian,Cozy An Boutique Hotel Hoian,Hotel,Hotel,4.0,False,128 Trần Quang Khải,Cam Chau,502697,Hoi An,16552,Vietnam,51000,15.877423286437988,108.3388671875,2023,53,7,14:00,12:00,500000 VND,,2024,Booked 9 times today,,,https://pix8.agoda.net/hotelImages/45941857/0/6b0b62a356af01cb46b98d182ec9ac49.png?ce=3&s=1024x768
6207508,The Pearl Hoi An,The Pearl Hoi An,Hotel,Hotel,5.0,False,01 AN BANG BEACH CAM AN WARD,Cam An,502696,Hoi An,16552,Vietnam,560000,15.918909072876,108.330871582031,2019,581,4,15:00,12:00,600000 VND,700000 VND,,Booked 15 times today,,,https://pix8.agoda.net/hotelImages/6207508/-1/d98b6733fc8fb26d31a509d1ef60e542.jpg?ce=0&s=1024x768
87880062,Hoi An Hostel & Bar,Hoi An Hostel & Bar,Hotel,Hostel,3.0,False,"29 Đào Duy Từ, Hội An",Cẩm Phô,57585,Hoi An,16552,Vietnam,560000,15.876694,108.32095,,11,3,14:00,12:00,,,,,,,https://pix8.agoda.net/hotelImages/87880062/0/520fbea3204d669568c0783feec51d84.jpg?ce=3&s=1024x768
72420229,Old Town Hotel - 6 minute walk to the Japanese Bridge,Old Town Hotel - 6 minute walk to the Japanese Bridge,Hotel,Hotel,4.0,False,"16B B  Triệu, Phường Cẩm Phổ ",Cẩm Phô,57585,Hoi An,16552,Vietnam,550000,15.88284,108.324234,2024,50,4,14:00,12:00,100000 VND,300000 VND,,,,,https://pix8.agoda.net/hotelImages/72420229/0/cfde934217d5baf6b9219e79468f98dc.jpg?ce=3&s=1024x768
33923863,Cam An Houses,Cam An Houses,NonHotel,Entire House,3.5,False,150/1 Nguyễn Phan Vinh,Cam An,502696,Hoi An,16552,Vietnam,,15.913683,108.33729,,1,,14:00,12:00,,,,Booked once today,,,https://pix8.agoda.net/hotelImages/37289852/0/6a26dc6f20d7e916e42b7705f2688fa9.jpg?ce=0&s=1024x768
31037064,Little Oasis . An Eco Friendly Hotel & Spa,Little Oasis . An Eco Friendly Hotel & Spa,Hotel,Hotel,5.0,True,215 Lê Thánh Tông,Cam Chau,502697,Hoi An,16552,Vietnam,56000,15.88299,108.3507941,2023,132,,14:00,12:00,500000 VND,450000 VND,,Booked 5 times today,,,https://pix8.agoda.net/hotelImages/31037064/0/8b96184613d8f6fec0bdc53c4267ad0c.png?ce=3&s=1024x768
35133694,Hoi An Delicacy Hotel & Spa,Hoi An Delicacy Hotel & Spa,Hotel,Hotel,4.0,False,116 Hung Vương,Son Phong,57587,Hoi An,16552,Vietnam,560000,15.881267,108.32743,2022,75,7,14:00,12:00,350000 VND,450000 VND,,Booked 4 times today,,,https://pix8.agoda.net/hotelImages/35133694/0/8e09cd707112cec97d5421560d265a6f.jpg?ce=2&s=1024x768
32187167,Hoi An Legend Charm Boutique Hotel,Hoi An Legend Charm Boutique Hotel,Hotel,Hotel,3.0,False,121 Nguyễn Tri Phương,Cam Nam,519553,Hoi An,16552,Vietnam,560000,15.8723412,108.335693,2022,28,4,14:00,12:00,,,,Booked 6 times today,,,https://pix8.agoda.net/hotelImages/32187167/-1/b37c6671e992a9a878c8b8e6f0d8513f.jpg?ce=0&s=1024x768
38471593,Soleil by Soluna - A Charming Touch of Hoi An’s Heritage - formerly Hoi An Babylon Riverside,Soleil by Soluna - A Charming Touch of Hoi An’s Heritage - formerly Hoi An Babylon Riverside,Hotel,Hotel,5.0,False,"No. 02, Hoi Muong Bridge, Hoi An, Da Nang, Viet Nam",Cam Chau,502697,Hoi An,16552,Vietnam,51314,15.87731,108.34047,,,,14:00,12:00,,,,,,,https://pix8.agoda.net/hotelImages/38471593/0/41e053ae1f3719498455dec135fa6700.jpg?ce=3&s=1024x768
23386076,Nam Hoi Homestay,Nam Hoi Homestay,Hotel,Guesthouse/bed and breakfast,0.0,False,71 Nguyễn Phúc Tần,Minh An,57588,Hoi An,16552,Vietnam,,15.87494945526123,108.3253173828125,,,,14:00,12:00,,,,Booked twice today,,,https://q-xx.bstatic.com/xdata/images/hotel/max1024x768/369801457.jpg?k=02630ea7c7570d046644db49dbe92e43f26616b95d46e963004fb3afffb2ddc5&o=
33907372,Backhome Boutique Old Town Hoi An,Backhome Boutique Old Town Hoi An,Hotel,Hotel,0.0,False,"39-41 Ba Trieu, phuong Cam Pho",Cẩm Phô,57585,Hoi An,16552,Vietnam,,15.882080078125,108.3246078491211,,,,,,,,,,,,https://pix8.agoda.net/hotelImages/33907372/0/773938882119de03841e49af8909b17d.jpg?ce=3&s=1024x768
68290800,Calla Hotel - 4 minute walk to the Ancient Town,Calla Hotel - 4 minute walk to the Ancient Town,Hotel,Hotel,3.0,False,100A Đào Duy Từ,Cẩm Phô,57585,Hoi An,16552,Vietnam,510000,15.876956,108.32139,2016,1,3,14:00,12:00,140000 VND,350000 VND,,,,,https://pix8.agoda.net/hotelImages/68290800/0/d400b5955bdd8e5344588b90c4779a62.jpg?ce=2&s=1024x768
12775419,The Night Market Villa Hoi An,The Night Market Villa Hoi An,Hotel,,0.0,False,"59/22, 18/8 street, Cam Pho, Hoi An, Quang Nam",Cẩm Phô,57585,Hoi An,16552,Vietnam,51309,15.8758453975177,108.321947285856,,9,,14:00,,75000 VND,,,Booked once today,,,https://pix8.agoda.net/hotelImages/12775419/0/6370d003990fa00062564daf891bae33.jpeg?ce=0&s=1024x768
161820,Thanh Binh Central Hotel,Thanh Binh Central Hotel,Hotel,Hotel,3.5,False,98 Ba Trieu Street - Hội An City,Cẩm Phô,57585,Hoi An,16552,Vietnam,,15.880466209247817,108.3262041945668,2010,52,3,14:00,12:00,100000 VND,350000 VND,,Booked twice today,,,https://pix8.agoda.net/hotelImages/161820/-1/9dbc4c51594813984b92a708f2d2f65e.png?ca=10&ce=1&s=1024x768
21727448,Hoi An Memories Resort & Spa,Hoi An Memories Resort & Spa,Hotel,Resort,5.0,True,200 Nguyen Tri Phuong turn in,Cam Nam,519553,Hoi An,16552,Vietnam,51000,15.875346183776855,108.3384780883789,2021,102,2,14:00,12:00,300000 VND,500000 VND,,Booked once today,,,https://pix8.agoda.net/hotelImages/21727448/-1/695851e81ca4db44c2dd99b6ee85a356.jpg?ce=0&s=1024x768
294023,Loc Phat Hoi An Homestay Villa,Loc Phat Hoi An Homestay Villa,NonHotel,Homestay,5.0,False,"420 Cua Dai Street,",Cam Chau,502697,Hoi An,16552,Vietnam,510000,15.880878,108.34389,2010,10,2,14:00,11:30,100000 VND,300000 VND,,Booked once today,,,https://pix8.agoda.net/hotelImages/294023/-1/e81f5feb31d55cdb67321661c499fb30.jpg?ce=0&s=1024x768
1186354,Lasenta Boutique Hotel Hoian,Lasenta Boutique Hotel Hoian,Hotel,Hotel,0.0,False,"57 Ly Thuong Kiet, Hoi An Dong Ward, Da Nang City ",Cam Chau,502697,Hoi An,16552,Vietnam,51000,15.8822680340725,108.34063410759,2016,73,7,14:00,12:00,,,2024,Booked 11 times today,,,https://pix8.agoda.net/hotelImages/1186354/-1/02a4f8aa1daaf0148394a3f8f0cef8da.jpg?ce=0&s=1024x768
67270192,Mandala Couple Signature,Mandala Couple Signature,NonHotel,Apartment/Flat,5.0,False,"Apec Mandala Mui Ne,DT 716, duong Xuan Thuy, phuong Mui Ne",Mui Ne,502082,Phan Thiet,16264,Vietnam,800000,11.003043174743652,108.34625244140625,2024,3000,25,13:59,11:49,,,,Booked 5 times today,,,https://pix8.agoda.net/hotelImages/67270192/-1/79e13c013b928a2d5b39cfc161002bc5.jpg?ce=0&s=1024x768
253958,Palette Muine Boutique Hotel Near Mui Ne Beach,Palette Muine Boutique Hotel Near Mui Ne Beach,Hotel,Hotel,3.0,False,"25B Nguyen Dinh Chieu Street, Ham Tien Ward",Mui Ne,502082,Phan Thiet,16264,Vietnam,,10.942608833312988,108.192138671875,2024,95,9,14:00,12:00,,,,Booked 4 times today,,,https://pix8.agoda.net/hotelImages/253958/0/0dce4d0f0c3e1caac23a47e42c592889.jpg?ce=3&s=1024x768
33601471,Sea Lion Beach Resort Mui Ne,Sea Lion Beach Resort Mui Ne,Hotel,Resort,4.0,False,10 Nguyễn Đình Chiểu,Mui Ne,502082,Phan Thiet,16264,Vietnam,800200,10.940360069274902,108.19034576416016,2003,287,7,15:00,11:30,,,,,,,https://pix8.agoda.net/hotelImages/33601471/0/7a688cf925736350577995b33ae88c33.jpg?ce=3&s=1024x768
37871271,RUBENS BOUTIQUE HOTEL,RUBENS BOUTIQUE HOTEL,Hotel,Hotel,3.0,False,"D3 -32A Ocean City Urban Area, Phu Thuy Ward, Phan Thiet City, Binh Thuan, Vietnam",Phú Thủy,502081,Phan Thiet,16264,Vietnam,77120,10.93020248413086,108.11961364746094,2023,40,8,14:00,12:00,120000 VND,,,Booked 4 times today,,,https://pix8.agoda.net/hotelImages/37871271/-1/95afe99dc39499b0afb27618eb7b2066.jpg?ce=0&s=1024x768
36476200,The Anam Mui Ne,The Anam Mui Ne,Hotel,Resort,5.0,True,"18 Nguyen Dinh Chieu,  Quarter 1, Mui Ne Ward, Lam Dong Province",Mui Ne,502082,Phan Thiet,16264,Vietnam,77000,10.9423046112061,108.194702148438,2023,127,5,15:00,12:00,665000 VND,3500000 VND,,Booked 4 times today,,,https://pix8.agoda.net/hotelImages/36476200/-1/42e229660d003b4be447017ba5b8aaf1.jpg?ce=0&s=1024x768
50121906,1991 Hotel Phan Thiết,1991 Hotel Phan Thiết,Hotel,Hotel,2.0,False,"24 Nguy&#234;n Hồng,Phan Thiết",Phú Thủy,502081,Phan Thiet,16264,Vietnam,800000,10.940341,108.11197,2018,1,4,14:00,12:00,,,,Booked twice today,,,https://pix8.agoda.net/hotelImages/50121906/0/0beec55df43e74a41bccc1db4e175956.jpg?ce=0&s=1024x768
32182588,Vipol Mui Ne Hotel & Spa,Vipol Mui Ne Hotel & Spa,Hotel,Hotel,4.0,False,29A Nguyễn Đình Chiểu,Mui Ne,502082,Phan Thiet,16264,Vietnam,77117,10.942852973937988,108.1927490234375,2025,126,22,14:00,12:00,,,2025,Booked 6 times today,,,https://pix8.agoda.net/hotelImages/32182588/-1/365f8805b07a103c56d3c412f474fadc.jpg?ce=0&s=1024x768
30196571,Radisson Resort Phan Thiet,Radisson Resort Phan Thiet,Hotel,Hotel,4.0,False,"LAC LONG QUAN STREET,TIEN HAO HAMLET, TIEN THANH COMMUNE",Tien Thanh,93611,Phan Thiet,16264,Vietnam,770000,10.844649314880371,108.04185485839844,2022,76,3,15:00,12:00,280000 VND,2400000 VND,,Booked 4 times today,,,https://pix8.agoda.net/hotelImages/30196571/-1/35f58fe62121e66c422992b9327210d6.jpg?ce=0&s=1024x768
34768604,Movenpick Resort Phan Thiet,Movenpick Resort Phan Thiet,Hotel,Hotel,5.0,False,Hon Gio - Thuan Quy Street Tien Hoa Hamlet Tien Thanh Commune Binh Thuan,Tien Thanh,93611,Phan Thiet,16264,Vietnam,77100,10.85491943359375,108.04617309570312,2022,248,10,15:00,12:00,,,2024,Booked 6 times today,,,https://pix8.agoda.net/hotelImages/34768604/0/94a5dcc0a98c9d528aa7c175f1898d81.jpg?ce=2&s=1024x768
48362,Pandanus Resort,Pandanus Resort,Hotel,Resort,4.5,False,"3 Nguyen Huu Tho, Mui Ne",Mui Ne,502082,Phan Thiet,16264,Vietnam,77118,10.9448786049933,108.300122022629,2004,257,3,15:00,12:00,400000 VND,4000000 VND,,Booked 14 times today,,,https://pix8.agoda.net/hotelImages/48362/0/4fca5f32e2aaf7b3bd46708a3b4ac9b5.jpg?ce=3&s=1024x768
23780986,Centara Mirage Resort Mui Ne,Centara Mirage Resort Mui Ne,Hotel,Resort,5.0,False,Huỳnh Thúc Kháng,Mui Ne,502082,Phan Thiet,16264,Vietnam,77118,10.9461041,108.2682964,2021,984,1,15:00,12:00,350000 VND,4000000 VND,2025,Booked 16 times today,,,https://pix8.agoda.net/hotelImages/23780986/0/cad9f3d9a82f1c7b948ac97d6b30e7c1.jpg?ce=0&s=1024x768
149149,Le' VIVA Resort Mũi Né,Le' VIVA Resort Mũi Né,Hotel,Resort,4.0,False,"32 - Huynh Thuc Khang , Ham Tien Ward",Mui Ne,502082,Phan Thiet,16264,Vietnam,8462,10.950603485107422,108.25440216064453,2019,140,3,14:30,11:30,300000 VND,,,Booked 3 times today,,,https://pix8.agoda.net/hotelImages/149149/0/d3243c54613061fc582921d2f3c4b90f.png?ce=3&s=1024x768
80170830,Amigo Sol Phan Thiet,Amigo Sol Phan Thiet,Hotel,Resort,4.0,False,"Đường ĐT719, X  T n Th nh, L m Đồng  H m Thuận Nam, B nh Thuận",Ham Thuan Nam,62176,Phan Thiet,16264,Vietnam,70000,10.775014,108.020646,2025,176,3,15:00,12:00,,,,Booked twice today,,,https://pix8.agoda.net/hotelImages/80170830/0/fa6e65093d57dd91c366b9efc991d2ee.jpg?ce=3&s=1024x768
66811298,Rainbow Beach Mũi Né - Homestay & Coffee,Rainbow Beach Mũi Né - Homestay & Coffee,NonHotel,Homestay,5.0,False,Huynh Thuc Khang,Mui Ne,502082,Phan Thiet,16264,Vietnam,800000,10.946770668029785,108.26598358154297,2024,30,3,14:00,12:00,90000 VND,,,Booked 4 times today,,,https://pix8.agoda.net/hotelImages/66811298/0/0cd0a23c6610c361d0e2e72e32c62c6f.jpg?ce=0&s=1024x768
42071345,Wanderlust Hotel,Wanderlust Hotel,Hotel,Hotel,0.0,False,375 Nguyễn Đình Chiểu,Mui Ne,502082,Phan Thiet,16264,Vietnam,,10.953869819641113,108.24761962890625,,,,14:00,12:00,,,,Booked 4 times today,,,https://pix8.agoda.net/hotelImages/42071345/0/521dc980aa0c9d9b037ecb7be31426c1.jpeg?ce=0&s=1024x768
50121979,1991 Boutique Hotel Phan Thiết,1991 Boutique Hotel Phan Thiết,Hotel,Hotel,2.0,False,307 V&#245; Văn Kiệt,Phú Thủy,502081,Phan Thiet,16264,Vietnam,800000,10.940728187561035,108.11341094970703,,1,,14:00,12:00,,,,Booked 3 times today,,,https://pix8.agoda.net/hotelImages/50121979/0/904a91ef7260e8207f6eeeef5ddb5179.jpg?ce=0&s=1024x768
736941,Muong Thanh Holiday Mui Ne Hotel,Muong Thanh Holiday Mui Ne Hotel,Hotel,Hotel,4.0,False,54 Huynh Thuc Khang,Mui Ne,502082,Phan Thiet,16264,Vietnam,,10.949845314025879,108.25825500488281,2014,156,7,14:00,12:00,150000 VND,3000000 VND,,Booked 4 times today,,,https://pix8.agoda.net/hotelImages/736/736941/736941_15092916450036499573.jpg?ca=5&ce=1&s=1024x768
25401851,iHome Backpacker Resort - The iHome Original,iHome Backpacker Resort - The iHome Original,Hotel,Hostel,0.0,False,"KP 2, Hoa Binh Street, Ham Tien",Mui Ne,502082,Phan Thiet,16264,Vietnam,,10.953415870666504,108.24175262451172,,,,14:00,,,,,,,,https://q-xx.bstatic.com/xdata/images/hotel/max1024x768/572015390.jpg?k=655f1960a4fdf577ab7b6753ea848b072d7c88ef413183a5528ed919ffe6308b&o=
344574,The Cliff Resort and Residences,The Cliff Resort and Residences,Hotel,Resort,4.0,False,"Zone 5, Phu Hai Ward, Binh Thuan Province,",Mui Ne,502082,Phan Thiet,16264,Vietnam,80000,10.9368059028787,108.181673740764,2012,187,,15:00,12:00,550000 VND,3700000 VND,,Booked 7 times today,,,https://pix8.agoda.net/hotelImages/344574/0/97244b178a0566ee316b1fb5846a13ac.jpg?ce=2&s=1024x768
10137027,Yurii Hotel,Yurii Hotel,Hotel,Hotel,2.0,False,107/7- Lê Lợi Street - Hưng Long,Phú Thủy,502081,Phan Thiet,16264,Vietnam,77000,10.920296,108.109304,2019,20,3,14:00,12:00,,,,,,,https://pix8.agoda.net/hotelImages/10137027/-1/a648fac4591d5f20c7ac014694d6ff9d.jpg?ca=9&ce=1&s=1024x768
67116959,The Apec Mandala Ocean View Mui Ne - Condotel  ,The Apec Mandala Ocean View Mui Ne - Condotel  ,NonHotel,Apartment/Flat,5.0,False,"716 Đ. Xuân Thủy, Mũi Né",Mui Ne,502082,Phan Thiet,16264,Vietnam,,11.00290298461914,108.34673309326172,,70,36,14:00,12:00,,,,,,,https://pix8.agoda.net/hotelImages/67116959/0/4f9a558363acca0060b5cdbcd4ab167b.jpg?ce=0&s=1024x768
64060008,Amana Boutique Hotel - Phan Thiet,Amana Boutique Hotel - Phan Thiet,Hotel,Hotel,3.0,False,"Lô D3-4-6-8 đường số 5 Ocean Dunes, Phường Phú Thủy,",Phú Thủy,502081,Phan Thiet,16264,Vietnam,77120,10.929757,108.118805,2025,73,,14:00,12:00,,,,Booked 4 times today,,,https://pix8.agoda.net/hotelImages/64060008/0/ff5a887d46f9c5c3a35a1632da90b563.png?ce=2&s=1024x768
288404,Khách Sạn Hoàng Long Phan Thiết,Khách Sạn Hoàng Long Phan Thiết,Hotel,Hotel,3.0,False,249 Thu Khoa Huan St.,Phú Thủy,502081,Phan Thiet,16264,Vietnam,,10.9325539411479,108.108580112457,2011,53,9,14:00,12:00,,,,,,,https://pix8.agoda.net/hotelImages/288404/-1/42806e2fbc462b16cbedc8ae95b47ce1.jpg?ce=0&s=1024x768
46727693,Apec Mandala Mui Ne - Resort Hotel Apartment,Apec Mandala Mui Ne - Resort Hotel Apartment,NonHotel,Apartment/Flat,5.0,False,"DT716, Mui Ne, Phan Thiet City, Binh Thuan",Mui Ne,502082,Phan Thiet,16264,Vietnam,800000,11.002720832824707,108.34651184082031,2023,500,25,15:00,12:00,400000 VND,2000000 VND,,Booked twice today,,,https://pix8.agoda.net/hotelImages/46727693/-1/7c8075da2d5e44f72066b37a90fcfd6d.jpg?ce=0&s=1024x768
11012,Victoria Phan Thiet Beach Resort and Spa,Victoria Phan Thiet Beach Resort and Spa,Hotel,Resort,4.5,False,"Km 9, Phu Thuy Ward, Lam Dong Province, Viet Nam",Phu Hai,57536,Phan Thiet,16264,Vietnam,                    ,10.936878,108.17626,1997,57,,14:00,12:00,,,2025,Booked 3 times today,,,https://pix8.agoda.net/hotelImages/11012/0/39c76980e24f19377dc690d0395fc4e4.jpg?ce=3&s=1024x768
43419,Saigon Mui Ne Resort,Saigon Mui Ne Resort,Hotel,Resort,4.5,False,"56-97 Nguyen Dinh Chieu Str, Ham Tien Ward",Mui Ne,502082,Phan Thiet,16264,Vietnam,                    ,10.947531588678626,108.20382991436418,1999,91,3,13:30,12:00,370000 VND,260 VND,,Booked twice today,,,https://pix8.agoda.net/hotelImages/434/43419/43419_14032710470018874167.jpg?ca=2&ce=1&s=1024x768
48004348,The Clay Resort,The Clay Resort,Hotel,Resort,3.0,False,10 Nguyen Dinh Chieu,Mui Ne,502082,Phan Thiet,16264,Vietnam,800000,10.9399839,108.1900743,2023,64,2,15:00,12:00,,,,Booked 11 times today,,,https://pix8.agoda.net/hotelImages/48004348/0/19cdd7497900520adfdd504be131b986.jpg?ce=0&s=1024x768
9757906,Sunday Lotus Garden Resort By The Sea Mui Ne,Sunday Lotus Garden Resort By The Sea Mui Ne,Hotel,Hotel,3.0,False,200 Nguyễn Đình Chiểu,Mui Ne,502082,Phan Thiet,16264,Vietnam,77117,10.954500198364258,108.2425537109375,2019,49,3,14:00,12:00,,,,Booked twice today,,,https://pix8.agoda.net/hotelImages/9757906/0/668dedc85eebe80f90eabcc9d8cd643e.jpg?ce=3&s=1024x768
75223,HOANG NGOC BEACH RESORT,HOANG NGOC BEACH RESORT,Hotel,Resort,4.0,False,152 Nguyen Dinh Chieu ,Mui Ne,502082,Phan Thiet,16264,Vietnam,80000,10.954679,108.237335,2008,150,5,14:00,12:00,310000 VND,,2024,Booked 3 times today,,,https://pix8.agoda.net/hotelImages/75223/-1/f1480ed73c20e76391950adccfb914e5.jpg?ca=17&ce=1&s=1024x768
90319389,Mandala Cham Bay Resort 5 Star Mũi Né,Mandala Cham Bay Resort 5 Star Mũi Né,Hotel,Hotel,5.0,False,"Đ. Xuân Thủy, Mũi Né",Mui Ne,502082,Phan Thiet,16264,Vietnam,,10.999739,108.34722,2026,1000,28,15:00,12:00,,,,,,,https://pix8.agoda.net/hotelImages/90319389/0/e3d953db46cc39d755046798f2a608dc.jpg?ce=3&s=1024x768
43433,Blue Ocean Resort,Blue Ocean Resort,Hotel,Resort,4.5,False,"54 Nguyen Dinh Chieu, Mui Ne Ward, Lam Dong Province",Mui Ne,502082,Phan Thiet,16264,Vietnam,800000,10.947449684143066,108.20243835449219,2000,84,2,14:00,12:00,,3000000 VND,,,,,https://pix8.agoda.net/hotelImages/43433/-1/68085c26a962a1034606d5d88e221e5a.jpg?ca=7&ce=1&s=1024x768
254905,Muine Bay Resort,Muine Bay Resort,Hotel,Resort,4.0,False,"Quarter 14, Mui Ne Ward",Mui Ne,502082,Phan Thiet,16264,Vietnam,800000,10.9214270686497,108.293614983559,2010,212,,14:30,12:00,,2600000 VND,2025,Booked 4 times today,,,https://pix8.agoda.net/hotelImages/254905/0/c90e1fec9d040836fbb2e1b786eed678.jpg?ce=2&s=1024x768
108278,Anantara Mui Ne Resort,Anantara Mui Ne Resort,Hotel,Hotel,5.0,False,12A Nguyen Dinh Chieu ,Mui Ne,502082,Phan Thiet,16264,Vietnam,77117,10.941291809082031,108.19184875488281,2008,90,3,15:00,12:00,,2990000 VND,,,,,https://pix8.agoda.net/hotelImages/108278/-1/d1d6be58088b5dcd08a86a9d5b920d22.jpg?ce=0&s=1024x768
52137395,OSAKA BOUTIQUE PHAN THIET HOTEL,OSAKA BOUTIQUE PHAN THIET HOTEL,Hotel,Hotel,2.0,False,"A6-01 Khu Pho Bien Rang Dong, Phuong Phu Thuy, TP Phan Thiet, Tinh Binh Thuan",Phú Thủy,502081,Phan Thiet,16264,Vietnam,Vietnam,10.930270195007324,108.11206817626953,,1,,,,,1800000 VND,,,,,https://pix8.agoda.net/hotelImages/52137395/0/f4124a25ae21f38a8ce4bf7c3ef50ce4.jpg?ce=3&s=1024x768
46867956,APEC MANDALA Cham Bay Mui Ne,APEC MANDALA Cham Bay Mui Ne,NonHotel,Apartment/Flat,5.0,False,"Apec Mandala Cham Bay, DT 716 Xuan Thuy Road",Mui Ne,502082,Phan Thiet,16264,Vietnam,77118,11.002638,108.347946,,65,,15:00,12:00,,,,Booked twice today,,,https://pix8.agoda.net/hotelImages/46867956/0/122637fa7fcba8fad7a78b4371576184.jpg?ce=0&s=1024x768
64326129,Mana Mui Ne Beach Resort & Spa,Mana Mui Ne Beach Resort & Spa,Hotel,Resort,4.0,False,"20B Nguyen Dinh Chieu, Mui Ne Ward, Lam Dong Province, Vietnam",Mui Ne,502082,Phan Thiet,16264,Vietnam,800000,10.9437980651855,108.194808959961,2019,62,8,14:00,12:00,250000 VND,2000000 VND,,,,,https://pix8.agoda.net/hotelImages/64326129/-1/029ff5a973b283fd6c1afbb10a556047.jpg?ce=0&s=1024x768
262815,Lotus Village Resort - Muine,Lotus Village Resort - Muine,Hotel,Resort,3.5,False,"100 - 139D Nguyen Dinh Chieu Street, Ham Tien Ward, Mui Ne",Mui Ne,502082,Phan Thiet,16264,Vietnam,,10.9529762268066,108.215927124023,2011,56,,14:00,12:00,275000 VND,,,Booked 7 times today,,,https://pix8.agoda.net/hotelImages/262/262815/262815_14063017220020093265.jpg?ca=2&ce=1&s=1024x768
45574441,Asteria Mui Ne Resort,Asteria Mui Ne Resort,Hotel,Resort,5.0,False,Quarter 5,Mui Ne,502082,Phan Thiet,16264,Vietnam,800000,10.9511237588819,108.301368267484,2023,345,6,15:00,12:00,,,,Booked 7 times today,,,https://pix8.agoda.net/hotelImages/45574441/-1/926c9cd66b1caffb4e476876a16c50d5.jpg?ce=0&s=1024x768
83381718,Peace Home Boutique Hotel ,Peace Home Boutique Hotel ,Hotel,Hotel,3.0,False,"W4H7+XXP, Ph  Thuỷ, Th nh phố Phan Thiết, B nh Thuận",Phú Thủy,502081,Phan Thiet,16264,Vietnam,77000,10.929962,108.11495,2026,40,7,14:00,12:00,,,,Booked once today,,,https://pix8.agoda.net/hotelImages/83381718/0/e50c0264d1fd02e060c1751d576802ca.jpg?ce=3&s=1024x768
64239645,Coco Cottage Beachfront Resort,Coco Cottage Beachfront Resort,Hotel,Resort,4.0,False,"No. 48, Nguyen Dinh Chieu, Ham Tien Ward, Vietnam",Mui Ne,502082,Phan Thiet,16264,Vietnam,,10.946918487548828,108.20112609863281,,1,,14:00,12:00,,,,Booked 5 times today,,,https://pix8.agoda.net/hotelImages/64239645/0/ad9701f139136605094d2c08a8520c39.jpg?ce=2&s=1024x768
55960451,Apec Mandala Mũi Né - Topview Hotels & Apartment,Apec Mandala Mũi Né - Topview Hotels & Apartment,Hotel,Hotel,5.0,False,DT716,Mui Ne,502082,Phan Thiet,16264,Vietnam,770000,11.00221061706543,108.34886169433594,2023,1000,25,14:00,12:00,,,,,,,https://pix8.agoda.net/hotelImages/55960451/0/8379a8335ffdeec72a7f053dc5014ea8.jpeg?ce=0&s=1024x768
42062234,Tiffany Hotel & Restaurant,Tiffany Hotel & Restaurant,Hotel,Hotel,3.0,False,"D3 79-80, Phu Thuy Ward, Phan Thiet City, Binh Thuan, Vietnam",Phú Thủy,502081,Phan Thiet,16264,Vietnam,,10.93047046661377,108.12078857421875,,25,,14:00,12:00,,,,Booked 5 times today,,,https://pix8.agoda.net/hotelImages/42062234/-1/cf4a2b3846e127142b4e4d6cb894146c.jpg?ce=0&s=1024x768
49020458,Lavender Mui Ne Hotel,Lavender Mui Ne Hotel,Hotel,Hotel,3.0,False,"17 Block B Area 1 Ham Tien, Mũi Né, Vi&#234;̣t Nam ",Mui Ne,502082,Phan Thiet,16264,Vietnam,800000,10.954924,108.215385,,1,,14:00,12:00,,,,,,,https://pix8.agoda.net/hotelImages/49020458/0/4c07c9698a29c65108f666cbf531c4a6.jpeg?ce=0&s=1024x768
337919,Sailing Club Resort Mui Ne,Sailing Club Resort Mui Ne,Hotel,Resort,4.0,False,"24 Nguyen Dinh Chieu St., Ham Tien, Mui Ne",Mui Ne,502082,Phan Thiet,16264,Vietnam,,10.9442939758301,108.196060180664,2002,30,,14:00,12:00,1100000 VND,2970000 VND,2024,Booked once today,,,https://pix8.agoda.net/hotelImages/337919/0/55282573df38cb5842f7f143821c7e9d.jpg?ce=3&s=1024x768
185968,TTC Hotel - Phan Thiet,TTC Hotel - Phan Thiet,Hotel,Hotel,4.0,False,"Doi Duong area, 213 Le Loi street, Phan Thiet ward,  Lam Dong province, Vietnam ",Phú Thủy,502081,Phan Thiet,16264,Vietnam,800000,10.925790786743164,108.11473846435547,2010,180,14,14:00,12:00,180000 VND,,,Booked twice today,,,https://pix8.agoda.net/hotelImages/185968/0/7d91fc87d88d42a84c3e374806c793e4.jpg?ce=3&s=1024x768
39594846,T'H Homestay,T'H Homestay,NonHotel,Homestay,3.5,False,"43 Nguyễn Đình Chiểu, Phường Hàm Tiến",Mui Ne,502082,Phan Thiet,16264,Vietnam,,10.944707870483398,108.19596862792969,,,,14:00,12:00,,,,,,,https://q-xx.bstatic.com/xdata/images/hotel/max1024x768/431002881.jpg?k=4c55aa863c4307f9f6fc6db66b389dd4f7c15ec8d92b4882df7a08daccddb33c&o=
400981,Hai Yen Family Resort,Hai Yen Family Resort,Hotel,Hotel,3.0,False,"132 - Nguyễn Đ nh Chiểu, Khu phố H m Tiến 2",Mui Ne,502082,Phan Thiet,16264,Vietnam,0252,10.9550592334061,108.232144117355,,60,3,14:00,12:00,,2000000 VND,,,,,https://pix8.agoda.net/hotelImages/400/400981/400981_15062515080030818877.jpg?ca=4&ce=1&s=1024x768
47149373,Mandala Cham Bay Mui Ne Hotel & Apartment,Mandala Cham Bay Mui Ne Hotel & Apartment,Hotel,Hotel,5.0,False,"Xuan Thuy Road, Mui Ne Ward,  Phan Thiet City, Binh Thuan Province",Mui Ne,502082,Phan Thiet,16264,Vietnam,800000,11.00224781036377,108.3480224609375,,80,25,14:00,12:00,,,,,,,https://pix8.agoda.net/hotelImages/47149373/0/8db1189bc930b423ae7238c76e1c590e.png?ce=3&s=1024x768
92000481,Mandala Twilight Haven 5 Star ,Mandala Twilight Haven 5 Star ,Hotel,Hotel,5.0,False,"ĐT716, Mũi Né",Mui Ne,502082,Phan Thiet,16264,Vietnam,,11.0020895,108.34836,2026,109,29,15:00,12:00,150000 VND,,,,,,https://pix8.agoda.net/hotelImages/92000481/0/88e7359d208fb757a66e796ee31ebf8a.jpg?ce=3&s=1024x768
52020,Phu Hai Beach Resort & Spa Phan Thiet,Phu Hai Beach Resort & Spa Phan Thiet,Hotel,Resort,5.0,False,"Km 8, Nguyen Dinh Chieu Street, Hamlet 5",Phu Hai,57536,Phan Thiet,16264,Vietnam,800000,10.933955192565918,108.16874694824219,2001,112,1,15:00,12:00,290000 VND,3500000 VND,2025,,,,https://pix8.agoda.net/hotelImages/52020/0/87bbe28622c51ddc7a487d24a8222f85.png?ce=3&s=1024x768
1567551,9Station Hostel & Bar Phu Quoc                                                              ,9Station Hostel & Bar Phu Quoc                                                              ,Hotel,Hostel,3.0,False,"No. 3, Tran Hung Dao Street, 91",Duong Dong,483540,Phu Quoc Island,17188,Vietnam,922200,10.2065305,103.9659051,2016,38,2,14:00,11:00,,150000 VND,,Booked 9 times today,,,https://pix8.agoda.net/hotelImages/1567551/0/73fbddb91b493f46df489e66ddc2ae15.png?ce=3&s=1024x768
83294991,WorldHotels Long Beach Resort Phu Quoc,WorldHotels Long Beach Resort Phu Quoc,Hotel,Hotel,5.0,True,"152 Tran Hung Dao Street, Cua Lap Duong To Quarter",Duong Dong,483540,Phu Quoc Island,17188,Vietnam,922200,10.18899917602539,103.9664306640625,2025,,8,14:00,12:00,410000 VND,0 VND,,Booked 12 times today,,,https://pix8.agoda.net/hotelImages/82466726/0/3d5231064e694f8a5df7794a90061f9b.jpeg?ce=3&s=1024x768
35749828,Palette Casa De Sol Beach Resort,Palette Casa De Sol Beach Resort,Hotel,Hotel,3.0,False,"Group 3, Cay Sao Hamlet, Ham Ninh, Phu Quoc, Phu-Quoc",Ham Ninh,510425,Phu Quoc Island,17188,Vietnam,92510,10.256057,104.080246,2023,30,4,14:00,12:00,150000 VND,200000 VND,,Booked once today,,,https://pix8.agoda.net/hotelImages/35749828/0/3acf7fd9bf30d5399c254ffc6baff7e9.jpg?ce=3&s=1024x768
754563,Daisy Resort,Daisy Resort,Hotel,Resort,3.5,False,"127/2 Tran Hung Dao Street, Group 7, Duong Dong ward, Phu Quoc city",Duong Dong,483540,Phu Quoc Island,17188,Vietnam,920000,10.19950613,103.97003889,2015,44,1,14:00,12:00,150000 VND,200000 VND,,Booked 7 times today,,,https://pix8.agoda.net/hotelImages/754563/0/32d8f415bba23c49170455f1e9fcb2f4.jpg?ce=3&s=1024x768
488842,Venus Hotel Phu Quoc,Venus Hotel Phu Quoc,Hotel,Hotel,2.0,False,"60A Tran Hung Dao Street,Duong Dong",Duong Dong,483540,Phu Quoc Island,17188,Vietnam,0773,10.2133241397268,103.958891448921,2012,21,,14:00,12:00,,150 VND,,Booked 18 times today,,,https://pix8.agoda.net/hotelImages/488842/-1/80dc2c7b6c610fd4cd9fb2784605b475.jpg?ce=0&s=1024x768
47208010,Soul History Hotel Phu Quoc,Soul History Hotel Phu Quoc,Hotel,Hotel,3.0,False,88/1 Tran Hung Dao Street,Duong Dong,483540,Phu Quoc Island,17188,Vietnam,92506,10.2045316696167,103.96351623535156,2019,17,7,14:00,12:00,79000 VND,180000 VND,,Booked once today,,,https://pix8.agoda.net/hotelImages/47208010/0/9e4079e60156e14f0fdff2894a16cb4a.jpg?ce=3&s=1024x768
31179452,Duong Đong Hotel,Duong Đong Hotel,Hotel,Hotel,3.0,False,"Alley of Ba Phong Bridge, to the mountain, Closed Door, Duong To",Cua Lap,47699,Phu Quoc Island,17188,Vietnam,,10.182649612426758,103.97223663330078,,23,,14:00,12:00,,,,Booked 3 times today,,,https://pix8.agoda.net/hotelImages/31179452/-1/077a9a1f8bd1a0f64853a1e6529058e9.png?ce=0&s=1024x768
86704271,Crystal House ,Crystal House ,Hotel,Hotel,3.0,False,"1104 Waterfront, Marina, Bãi Trường",Duong To,513131,Phu Quoc Island,17188,Vietnam,91000,10.116218,103.982895,2022,26,,14:00,12:00,,,,,,,https://pix8.agoda.net/hotelImages/86704271/0/d3d42b1a5f3baf18249e841e711527e8.png?ce=3&s=1024x768
88640596,Mareva Khem Beach Hotel,Mareva Khem Beach Hotel,Hotel,Hotel,4.0,False,", Phú Quốc",An Thoi,511389,Phu Quoc Island,17188,Vietnam,922280,10.038247,104.02529,2026,38,,14:00,12:00,75000 VND,,,Booked once today,,,https://pix8.agoda.net/hotelImages/88640596/0/52a4df55610b14b145a5f4df494bf6d9.png?ce=3&s=1024x768
11013,Saigon Phu Quoc Resort and Spa,Saigon Phu Quoc Resort and Spa,Hotel,Resort,4.5,False,62 Tran Hung Dao Beachside Boulevard,Duong Dong,483540,Phu Quoc Island,17188,Vietnam,,10.20826244354248,103.96097564697266,1999,72,,14:00,12:00,250000 VND,0 VND,,Booked 11 times today,,,https://pix8.agoda.net/hotelImages/11013/0/4a226e7474f131aafba33bb5aa73fb72.jpg?ce=2&s=1024x768
1275909,Phu House Hostel,Phu House Hostel,Hotel,Hostel,2.5,False,"No. 122, Trần Hưng Đạo Street",Duong Dong,483540,Phu Quoc Island,17188,Vietnam,92509,10.1936720668683,103.967189043761,2016,25,3,14:00,11:00,,150000 VND,,Booked 8 times today,,,https://pix8.agoda.net/hotelImages/1275909/0/4dd467cf55c33b846fd21460e588f564.jpg?ce=2&s=1024x768
12658706,Palette Anh Vu Hotel Phu Quoc,Palette Anh Vu Hotel Phu Quoc,Hotel,Hotel,2.5,False,"77 NGUYEN TRUNG TRUC,KP.4,TT.DUONG DONG,PHU QUOC",Duong Dong,483540,Phu Quoc Island,17188,Vietnam,91000,10.219883918762207,103.96018981933594,2023,42,3,14:00,12:00,0 VND,25 VND,,Booked once today,,,https://pix8.agoda.net/hotelImages/12658706/0/5b7dab3ba5ea065f86a9ff0ea3c72bc0.png?ce=3&s=1024x768
34249576,New World Phu Quoc Resort,New World Phu Quoc Resort,Hotel,Resort,5.0,False,Khem Beach ,Bai Khem,597557,Phu Quoc Island,17188,Vietnam,92500,10.036684036254883,104.03104400634766,2021,366,0,15:00,12:00,1501500 VND,,2025,Booked 22 times today,,,https://pix8.agoda.net/hotelImages/34249576/0/b37c396d9007a4f92da96fcafafb581c.jpg?ce=2&s=1024x768
80191658,Mi Amor Luxury Hostel – Central South Phu Quoc Island,Mi Amor Luxury Hostel – Central South Phu Quoc Island,Hotel,Hostel,2.0,False,"AT77 An Thoi Street, Phu Quoc, An Giang",An Thoi,511389,Phu Quoc Island,17188,Vietnam,92500,10.036648746726483,104.00791622453687,2025,3,5,14:00,10:30,,,,,,,https://pix8.agoda.net/hotelImages/80191658/0/fe8e34542497930f182f5f5da9111a2f.jpg?ce=3&s=1024x768
78363671,Seaside Fireworks Apartment Free Gym & Pool,Seaside Fireworks Apartment Free Gym & Pool,Hotel,Serviced apartment,5.0,False,An Thới - Hòn Thơm,An Thoi,511389,Phu Quoc Island,17188,Vietnam,92500,10.02916431427002,104.00941467285156,,20,,15:00,12:00,,300000 VND,,Booked 10 times today,,,https://pix8.agoda.net/hotelImages/78363671/0/80c6dc9d0852dc1cdccc6bd1e627d6f7.jpg?ce=2&s=1024x768
11056700,Sleep Box Hostel Phu Quoc,Sleep Box Hostel Phu Quoc,Hotel,Guesthouse/bed and breakfast,1.0,False,57/12 tran hung dao,Duong Dong,483540,Phu Quoc Island,17188,Vietnam,92500,10.21271800994873,103.96041870117188,2019,12,4,14:00,12:00,,150000 VND,,,,,https://pix8.agoda.net/hotelImages/11056700/-1/9cc2bb800f78278ec7f3af2e73a1dd88.jpg?ca=9&ce=1&s=1024x768
61378897,Herring Beach Hotel Phu Quoc,Herring Beach Hotel Phu Quoc,Hotel,Hotel,3.0,False,", Dương Tơ",Duong To,513131,Phu Quoc Island,17188,Vietnam,,10.11604,103.982544,,1,,15:00,12:00,,,,Booked 4 times today,,,https://pix8.agoda.net/hotelImages/61378897/-1/dbc547eeaa962249a935f38e18d3d22d.jpg?ce=0&s=1024x768
70368927,Happy Bear Hostel Phu Quoc,Happy Bear Hostel Phu Quoc,Hotel,Hotel,3.0,False,179 Đường 30 Tháng 4,Duong Dong,483540,Phu Quoc Island,17188,Vietnam,,10.214625,103.9667,,15,3,14:00,12:00,,,,Booked once today,,,https://pix8.agoda.net/hotelImages/70368927/0/455841025e6ec99439bfe72dfde0e168.jpg?ce=3&s=1024x768
5972590,Premier Residences Phu Quoc Emerald Bay Managed by Accor,Premier Residences Phu Quoc Emerald Bay Managed by Accor,Hotel,Hotel,5.0,False,"Khem Beach, Phu Quoc Special Zone, An Giang Province, Vietnam",Bai Khem,597557,Phu Quoc Island,17188,Vietnam,920000,10.0350685,104.02786,2018,629,,15:00,12:00,20 USD,26 USD,,Booked 12 times today,,,https://pix8.agoda.net/hotelImages/21726991/1264024098/0d76f28e1ac8cbda4d9c46e7b9ca4de2.jpeg?ce=3&s=1024x768
85760429,Amorii Hotel Phu Quoc,Amorii Hotel Phu Quoc,Hotel,Hotel,3.0,False,"B9-206 Waterfront,  Marina complex, B&#227;i Trường, Ph&#250; Quốc",Duong To,513131,Phu Quoc Island,17188,Vietnam,922251,10.1163916,103.9817672,,1,,14:00,12:00,,,,,,,https://pix8.agoda.net/hotelImages/85760429/0/aacbc8c39e2d519a6a28a42b2a741998.jpeg?ce=3&s=1024x768
47613575,Rosie Hillside Seaview Phu Quoc Apartment,Rosie Hillside Seaview Phu Quoc Apartment,Hotel,Serviced apartment,5.0,False,"Burano Street, Sunset Town, Phu Quoc, Kien Giang",An Thoi,511389,Phu Quoc Island,17188,Vietnam,920000,10.029144287109375,104.00975799560547,,19,,14:00,12:00,120000 VND,,2025,Booked 21 times today,,,https://pix8.agoda.net/hotelImages/47613575/0/89768032c75f0bc64edc507fd2902d4c.jpg?ce=2&s=1024x768
39687976,Golden Dragon Hotel,Golden Dragon Hotel,Hotel,Guesthouse/bed and breakfast,3.0,False,"B5-604 Mango Village , Waterfront Marina ,Duong Bao , Duong To ",Duong To,513131,Phu Quoc Island,17188,Vietnam,12345,10.115856170654297,103.98297119140625,,1,,14:00,12:00,,120000 VND,,Booked 6 times today,,,https://pix8.agoda.net/hotelImages/39687976/0/3726cef4c897d3b5ffac7fe3c6a5641d.jpg?ce=0&s=1024x768
5442703,Radisson Blu Resort Phu Quoc,Radisson Blu Resort Phu Quoc,Hotel,Hotel,5.0,False,"Ganh Dau Beach,  Phu Quoc ",Gành Dầu,514049,Phu Quoc Island,17188,Vietnam,920000,10.328082084655762,103.8536605834961,2018,514,8,14:00,12:00,562000 VND,1701000 VND,2024,Booked 9 times today,,,https://pix8.agoda.net/hotelImages/9455708/0/a64fedd62c8d2a17372e1d59561fb2cb.jpeg?ce=0&s=1024x768
85404266,HADU Hotel & Café Phu Quoc,HADU Hotel & Café Phu Quoc,Hotel,Hotel,4.0,False,", Dương Tơ",Duong To,513131,Phu Quoc Island,17188,Vietnam,,10.116513,103.9839,,1,,14:00,12:00,,,,,,,https://pix8.agoda.net/hotelImages/85404266/0/e57f31f3bd915bfa96a6b133de9727e0.jpg?ce=3&s=1024x768
88064160,ROVA BOUTIQUE HOTEL,ROVA BOUTIQUE HOTEL,Hotel,Hotel,3.0,False,"41-43 POSITANO, Khu Sunset Town, Khu phố 6",An Thoi,511389,Phu Quoc Island,17188,Vietnam,,10.03158,104.0056,,1,,14:00,12:00,,,,Booked 4 times today,,,https://pix8.agoda.net/hotelImages/88064160/0/7e6447a1a237ef246a478aa302c8fe26.jpg?ce=3&s=1024x768
9776735,Pullman Phu Quoc Beach Resort,Pullman Phu Quoc Beach Resort,Hotel,Hotel,5.0,False,"Group 6, Ban Quy Hamlet, Duong Bao Area",Duong To,513131,Phu Quoc Island,17188,Vietnam,922270,10.12024211883545,103.98346710205078,2020,331,9,15:00,12:00,800000 VND,0 VND,2025,Booked 15 times today,,,https://pix8.agoda.net/hotelImages/9776735/-1/8456758e4800f010236a51228a374687.jpg?ca=13&ce=1&s=1024x768
4968811,Dusit Princess Moonrise Beach Resort,Dusit Princess Moonrise Beach Resort,Hotel,Hotel,5.0,True,"Tran Hung Dao Street, Group 2, Cua Lap Village, Duong To Commune, Phu Quoc Island",Cua Lap,47699,Phu Quoc Island,17188,Vietnam,,10.181074142456055,103.96744537353516,,108,,15:00,12:00,400000 VND,0 VND,2023,Booked 7 times today,,,https://pix8.agoda.net/hotelImages/4968811/0/d524195eb22cef401dabc7cf5230f931.jpg?ce=0&s=1024x768
2430159,Seashells Phu Quoc Hotel & Spa,Seashells Phu Quoc Hotel & Spa,Hotel,Hotel,5.0,True,Vo Thi Sau,Duong Dong,483540,Phu Quoc Island,17188,Vietnam,,10.214809140560208,103.95912213250995,,246,,15:00,12:00,462000 VND,0 VND,2025,Booked 14 times today,,,https://pix8.agoda.net/hotelImages/2430159/-1/b7665f0accb1d975be9109012ecf5ccb.jpg?ce=0&s=1024x768
6352970,An Phu Hotel,An Phu Hotel,Hotel,Hotel,3.0,False,"No.185A, Road 30/4, Duong Duong Town, Phu Quoc",Duong Dong,483540,Phu Quoc Island,17188,Vietnam,922200,10.214837074279785,103.9670639038086,,68,8,14:00,12:00,150000 VND,,2025,Booked 9 times today,,,https://pix8.agoda.net/hotelImages/6352970/-1/486b3236fe552eebbd72b93bdd3c4619.jpg?ca=8&ce=1&s=1024x768
625168,Vinpearl Resort & Spa Phú Quốc,Vinpearl Resort & Spa Phú Quốc,Hotel,Resort,5.0,False,"Bai Dai Beach, Ganh Dau",Gành Dầu,514049,Phu Quoc Island,17188,Vietnam,,10.337814331054688,103.84920501708984,2014,636,7,15:00,12:00,,,2024,Booked 20 times today,,,https://pix8.agoda.net/hotelImages/625168/-1/3dd5dcbcfdd9509dfe470905adad972a.jpg?ce=0&s=1024x768
29461033,Hill Star Hotel Phu Quoc,Hill Star Hotel Phu Quoc,Hotel,Hotel,2.0,False,172/8 Đ. 30 Tháng 4,Duong Dong,483540,Phu Quoc Island,17188,Vietnam,92000,10.21575927734375,103.97345733642578,2020,48,3,14:00,12:00,,250000 VND,,Booked twice today,,,https://pix8.agoda.net/hotelImages/29461033/-1/0a3b28de2b62109e689c299001040a0e.jpg?ce=0&s=1024x768
59358953,La isla Apartments & Villas - Sea View & Fireworks Phu Quoc,La isla Apartments & Villas - Sea View & Fireworks Phu Quoc,Hotel,Serviced apartment,5.0,False,"B28, Burano Street, Sunset Town, An Thoi, Thanh Pho Phu Quoc, An Giang ",An Thoi,511389,Phu Quoc Island,17188,Vietnam,90000,10.02829647064209,104.009521484375,2024,140,19,15:00,12:00,200000 VND,250000 VND,,Booked 3 times today,,,https://pix8.agoda.net/hotelImages/59358953/0/4cfc0e7d3e7611ce0830fc46080f0062.jpg?ce=0&s=1024x768
35312609,Aquasun Hotel Phu Quoc,Aquasun Hotel Phu Quoc,Hotel,Hotel,4.0,False,"No. 124, Hem 124, Tran Hung Dao Street",Duong Dong,483540,Phu Quoc Island,17188,Vietnam,095000,10.193764686584473,103.96543884277344,2022,108,11,14:00,12:00,254000 VND,300000 VND,,Booked 7 times today,,,https://pix8.agoda.net/hotelImages/35312609/-1/73c661ac71e53d7d5f7a9d0af0755c14.jpg?ce=0&s=1024x768
34479033,Mộc Homestay GrandWorld Phú Quốc,Mộc Homestay GrandWorld Phú Quốc,NonHotel,Homestay,4.0,False,VH84-GrandWorld,Gành Dầu,514049,Phu Quoc Island,17188,Vietnam,922251,10.325270652770996,103.86006164550781,2022,4,4,14:00,12:00,,400000 VND,,Booked once today,,,https://pix8.agoda.net/hotelImages/34479033/0/5e5373d07b0e606e30b4a4ba525e8be6.jpg?ce=0&s=1024x768
17242876,Vinholidays Fiesta Phú Quốc,Vinholidays Fiesta Phú Quốc,Hotel,Hotel,4.0,False,Ganh Dau,Gành Dầu,514049,Phu Quoc Island,17188,Vietnam,920000,10.324073791503906,103.85857391357422,2020,687,8,15:00,12:00,200000 VND,,2025,Booked 25 times today,,,https://pix8.agoda.net/hotelImages/17242876/-1/77f13db2325ef043d92a740cc551e1f8.jpg?ca=19&ce=1&s=1024x768
181816,HAWAII RESORT PHU QUOC,HAWAII RESORT PHU QUOC,Hotel,Hotel,3.5,False,68 Tran Hung Dao Street ,Duong Dong,483540,Phu Quoc Island,17188,Vietnam,0,10.206221580505371,103.96248626708984,2005,100,3,14:00,12:00,,250000 VND,,Booked 3 times today,,,https://pix8.agoda.net/hotelImages/181816/0/572234a0af2225e2db92e144aaec8122.jpg?ce=3&s=1024x768
36794957,Tahiti Central Seaview Phu Quoc Hotel,Tahiti Central Seaview Phu Quoc Hotel,Hotel,Hotel,3.0,False,"No. 51, Tran Hung Dao Street",Duong Dong,483540,Phu Quoc Island,17188,Vietnam,92500,10.212200164794922,103.95993041992188,2018,82,7,15:00,12:00,500000 VND,,,,,,https://pix8.agoda.net/hotelImages/36794957/608627189/6397704dbb9850617e70d1818acf9e07.jpg?ce=0&s=1024x768
92655779,MAY Boutique Hotel Phu Quoc,MAY Boutique Hotel Phu Quoc,Hotel,Hotel,4.0,False,", Đường Bào",Duong To,513131,Phu Quoc Island,17188,Vietnam,,10.129952,103.98277,,1,,14:00,12:00,,,,Booked 15 times today,,,https://pix8.agoda.net/hotelImages/92655779/0/d8309d68add84e64719a634e9c55f056.jpg?ce=3&s=1024x768
37712446,Rova Hotel Phú Quốc,Rova Hotel Phú Quốc,Hotel,Hotel,3.0,False,41-43 Positano ,An Thoi,511389,Phu Quoc Island,17188,Vietnam,92500,10.031484603881836,104.00562286376953,,1,,14:00,12:00,,,,Booked 7 times today,,,https://pix8.agoda.net/hotelImages/37712446/0/4b146034b56b32b2493b0199af94bc7d.jpg?ce=3&s=1024x768
85141652,Cosi Beach Hotel Phu Quoc,Cosi Beach Hotel Phu Quoc,Hotel,Hotel,3.0,False,"MARINA Waterfront - B i Trường, B-201-202, Đường B o, Ph  Quốc, Ki n Giang 922000, Vietnam Cosi Beach Hotel",Duong To,513131,Phu Quoc Island,17188,Vietnam,922000 ,10.116182,103.984436,2026,30,4,14:00,12:00,150000 VND,250000 VND,,Booked 4 times today,,,https://pix8.agoda.net/hotelImages/85141652/0/9c4c7f3818fc1c2b53fcb7874954f7a9.png?ce=3&s=1024x768
48370,Mango Bay Resort,Mango Bay Resort,Hotel,Resort,3.0,False,Ong Lang Beach,Ong Lang,20458,Phu Quoc Island,17188,Vietnam,                    ,10.2554232074393,103.943238258362,2002,44,,14:00,12:00,,230.000 VND,,Booked twice today,,,https://pix8.agoda.net/hotelImages/48370/-1/0051552c0b44b3e11856f2fa186dfc33.jpg?ca=18&ce=1&s=1024x768
1157572,Novotel Phu Quoc Resort,Novotel Phu Quoc Resort,Hotel,Hotel,5.0,False,"Sonasea Villas and Resort, Group 5, Duong Bao Area, Duong To, Phu Quoc Special Zone, An Giang Province, Vietnam",Duong To,513131,Phu Quoc Island,17188,Vietnam,922273,10.128235816955566,103.97811889648438,2016,366,5,15:00,12:00,18 USD,,2024,Booked 15 times today,,,https://pix8.agoda.net/hotelImages/1157572/-1/ced5567d6bca72082cd0a0d0db027387.jpg?ca=18&ce=1&s=1024x768
1147156,Cosy Bungalow,Cosy Bungalow,NonHotel,Entire bungalow,3.5,False,"71B, Tran Hung  Đao St, Ward 7, Duong Dong Town, Kien Giang Province",Duong Dong,483540,Phu Quoc Island,17188,Vietnam,92506,10.20796,103.96226,2015,10,,14:00,11:30,,250000 VND,,Booked 4 times today,,,https://pix8.agoda.net/hotelImages/114/1147156/1147156_17090717560056120258.jpg?ca=6&ce=1&s=1024x768
87341728,MeySunset Hotel Phu Quoc,MeySunset Hotel Phu Quoc,Hotel,Hotel,3.0,False,"104 Đường Kim Phượng 110, Đường Hồng Môn, Meyhomes Capital,Đặc khu Phú quốc, tỉnh an giang",An Thoi,511389,Phu Quoc Island,17188,Vietnam,,10.073536,103.994255,,1,,14:00,12:00,,,,,,,https://pix8.agoda.net/hotelImages/87341728/0/a8357b60b5fe82e2507e0880a21a3e31.jpg?ce=3&s=1024x768
1266957,SOL By Melia Phu Quoc,SOL By Melia Phu Quoc,Hotel,Hotel,5.0,False,"Duc Viet Tourist Area, Zone 1, Bai Truong, Duong To, Phu Quoc , Kien Giang",Duong To,513131,Phu Quoc Island,17188,Vietnam,920000,10.14627742767334,103.97735595703125,2016,284,6,15:00,12:00,458000 VND,0 VND,2025,Booked 6 times today,,,https://pix8.agoda.net/hotelImages/1266957/-1/b0ec3a1ca09f39bae2b4725f6b0c967b.jpg?ca=7&ce=1&s=1024x768
51082457,HAN Lagoon Sunset Hotel,HAN Lagoon Sunset Hotel,Hotel,Hotel,4.0,False,"01-03 Venice, Sunset Town, An Thoi, Phu Quoc, Sunset Town, Hoang Hon Town",An Thoi,511389,Phu Quoc Island,17188,Vietnam,92513,10.030108451843262,104.00582122802734,2021,20,6,22:00,12:00,,,,,,,https://pix8.agoda.net/hotelImages/51082457/0/32e3829e2e0208f166ae391ec525f7c0.png?ce=2&s=1024x768
9612717,Sunset Beach Resort & Spa - Beachfront Pirate Fire Show ,Sunset Beach Resort & Spa - Beachfront Pirate Fire Show ,Hotel,Resort,4.0,False,"Số 100C/2 Trần Hưng Đạo, Khu phố 7 Dương Đông",Duong Dong,483540,Phu Quoc Island,17188,Vietnam,920000,10.200146,103.962746,,117,9,15:00,12:00,,,,Booked 4 times today,,,https://pix8.agoda.net/hotelImages/9612717/-1/855e845d82e93bd58c4ebc6edd87bd1d.jpg?ca=10&ce=1&s=1024x768
296330,Arcadia Phu Quoc - Bungalow Beach,Arcadia Phu Quoc - Bungalow Beach,Hotel,Resort,3.0,False,118 Trần Hưng Đạo,Duong Dong,483540,Phu Quoc Island,17188,Vietnam,93000,10.19492006333276,103.9648649096489,2011,30,2,14:00,12:00,,,,,,,https://pix8.agoda.net/hotelImages/296330/0/1a257284d2b9b669b7008fc756136fa1.jpg?ce=3&s=1024x768
87869906,Sensea AT 104 Apartment An Thoi Central,Sensea AT 104 Apartment An Thoi Central,Hotel,Serviced apartment,3.0,False,Đ. Amalfi AT 104,An Thoi,511389,Phu Quoc Island,17188,Vietnam,,10.035817,104.00585,,1,,15:00,12:00,,,,,,,https://pix8.agoda.net/hotelImages/87869906/0/235c5ab43b66e3645d60779b1380d11e.jpg?ce=3&s=1024x768
1158643,Tropicana Resort Phu Quoc,Tropicana Resort Phu Quoc,Hotel,Resort,3.5,False,Khu Phố 7,Duong Dong,483540,Phu Quoc Island,17188,Vietnam,92500,10.1997089385986,103.964302062988,2015,53,3,14:00,12:30,,200000 VND,,Booked 9 times today,,,https://pix8.agoda.net/hotelImages/115/1158643/1158643_16091616240046550274.jpg?ca=6&ce=1&s=1024x768
83129371,Bailey Hotel Hue,Bailey Hotel Hue,Hotel,Hotel,0.0,False,5/28,Hue City,93617,Hue,3738,Vietnam,49000,16.4703291,107.5963155,2025,30,6,14:00,12:00,,250000 VND,,Booked 6 times today,,,https://pix8.agoda.net/hotelImages/83129371/0/3829ca56a50436914c8e8feacb1d1892.jpg?ce=3&s=1024x768
64861936,1995S Hostel,1995S Hostel,Hotel,Hotel,5.0,True,"16 Chu Văn An, Ph  Hội ",Hue City,93617,Hue,3738,Vietnam,490000,16.470027923583984,107.59505462646484,2025,11,6,14:00,12:00,,250000 VND,,Booked once today,,,https://pix8.agoda.net/hotelImages/64861936/0/1127fd7bb1465bcb461882c7330dd485.jpg?ce=0&s=1024x768
30095600,Hachi Homestay Spa,Hachi Homestay Spa,NonHotel,Homestay,5.0,False,16/18 Than Van Nhiep,Perfume River,80691,Hue,3738,Vietnam,52000,16.44584846496582,107.53594207763672,2021,17,2,14:00,12:00,0 VND,400000 VND,,,,,https://pix8.agoda.net/hotelImages/30095600/-1/114548e4d716731c678332fd6a46ef2d.jpg?ca=27&ce=0&s=1024x768
5663891,Melia Vinpearl Hue,Melia Vinpearl Hue,Hotel,Hotel,5.0,True,50A Hung Vuong street,Hue City,93617,Hue,3738,Vietnam,530000,16.463876724243164,107.5944595336914,2018,213,33,14:00,12:00,290000 VND,500000 VND,,Booked 5 times today,,,https://pix8.agoda.net/hotelImages/5663891/-1/c70525022b7d06c2b56fdf6d14689357.jpg?ce=0&s=1024x768
34198470,LA VELA HUE HOTEL,LA VELA HUE HOTEL,Hotel,Hotel,5.0,True,"17, No.22 Street Dong Nam Thuy An, Thanh Thuy",Hue City,93617,Hue,3738,Vietnam,49000,16.448122,107.617676,2022,199,17,14:00,12:00,350000 VND,400000 VND,2025,Booked 3 times today,,,https://pix8.agoda.net/hotelImages/34198470/0/b5e110271aaa5267e0c486d33e618361.jpg?ce=2&s=1024x768
78424913,Hue Imperial Hostel,Hue Imperial Hostel,Hotel,Hotel,2.0,False,"10A Hẻm 66 Lê Lợi, Phú Hội",Hue City,93617,Hue,3738,Vietnam,,16.469774,107.594536,,1,,14:00,12:00,,,,Booked once today,,,https://pix8.agoda.net/hotelImages/78424913/0/a969c401f1c55543dea69d87f693b48a.jpg?ce=3&s=1024x768
237273,Mondial Hotel Hue,Mondial Hotel Hue,Hotel,Hotel,4.0,False,17 Nguyen Hue Street,Hue City,93617,Hue,3738,Vietnam,540000,16.45777130126953,107.5830307006836,2010,99,9,14:00,12:00,220000 VND,350000 VND,,Booked 4 times today,,,https://pix8.agoda.net/hotelImages/237273/1256889054/d3a3b1ad0ca9eb56492642f9941b54ba.jpg?ce=2&s=1024x768
70624,TTC Imperial Hotel,TTC Imperial Hotel,Hotel,Hotel,5.0,True,"8 Hung Vuong Street, Thuan Hoa Ward, Hue City, Vietnam",Hue City,93617,Hue,3738,Vietnam,530000,16.4661102294922,107.591888427734,2006,192,16,14:00,12:00,250000 VND,455000 VND,2025,Booked 7 times today,,,https://pix8.agoda.net/hotelImages/70624/0/b15ff17a1c7c177a978586e1a0a178e6.jpg?ce=2&s=1024x768
66751260,Elegant Hotel,Elegant Hotel,Hotel,Hotel,0.0,False,"60 Nguyễn Tri Phương, Phú Hội",Hue City,93617,Hue,3738,Vietnam,,16.465866088867188,107.59424591064453,2025,30,5,14:00,12:00,,,,Booked 6 times today,,,https://pix8.agoda.net/hotelImages/66751260/0/c93daab9fc4c4673f149815ef3c423dc.jpg?ce=2&s=1024x768
91983217,Le Gia Homestay 2,Le Gia Homestay 2,NonHotel,Homestay,3.5,False,92 Phan Đăng Lưu,Imperial Citadel,481494,Hue,3738,Vietnam,49000,16.47542381286621,107.5870361328125,,,,14:00,12:00,,,,,,,https://q-xx.bstatic.com/xdata/images/hotel/max1024x768/900401239.jpg?k=360389f87eadf35c00a3b6f51f1cd3b2c51cfaedd5385b9c5f75d142904f85d1&o=
63990397,Amy Hotel Hue,Amy Hotel Hue,Hotel,Hotel,0.0,False,"39 Nguyen Cong Tru, Phu Hoi ",Hue City,93617,Hue,3738,Vietnam,530000,16.471446990966797,107.5971908569336,,20,,14:00,12:00,40000 VND,,,,,,https://pix8.agoda.net/hotelImages/63990397/0/a86a036e57228a54a81e532bae16ed6f.jpg?ce=3&s=1024x768
80171166,TN Hue Dorm,TN Hue Dorm,Hotel,Hotel,2.0,False,"26 Phạm Ngũ Lão, Phú Hội",Hue City,93617,Hue,3738,Vietnam,53000,16.469236373901367,107.59444427490234,,1,,,,,,,,,,https://pix8.agoda.net/hotelImages/80171166/0/f70ef8221f435d28b480c7a99d4d1e3c.jpeg?ce=2&s=1024x768
56301218,Hue Ancient Town Homestay,Hue Ancient Town Homestay,NonHotel,Homestay,3.5,False,"Kiet 14/01 Nguyen Cong Tru Street, Phu Hoi Ward, Hue City, Thua Thien Hue Province",Hue City,93617,Hue,3738,Vietnam,530000,16.471755981445312,107.5956802368164,,9,,14:00,12:00,35000 VND,270000 VND,,,,,https://pix8.agoda.net/hotelImages/56301218/0/e109f31b1897b5f67b5f3ae5b74ebee5.jpg?ce=3&s=1024x768
12774972,Sahi Homestay Retreat,Sahi Homestay Retreat,NonHotel,Homestay,4.5,False,27/245A Bui Thi Xuan,Perfume River,80691,Hue,3738,Vietnam,49131,16.45262908935547,107.56503295898438,2016,6,1,14:00,12:00,0 VND,300000 VND,,,,,https://pix8.agoda.net/hotelImages/127/12774972/12774972_20021010220087965818.jpg?ca=10&ce=1&s=1024x768
487432,Hue Serene Palace Hotel,Hue Serene Palace Hotel,Hotel,Hotel,0.0,False,21 Lane 42 Nguyen Cong Tru Street,Hue City,93617,Hue,3738,Vietnam,,16.47024154663086,107.5971908569336,2013,30,7,14:00,12:00,,305000 VND,,Booked 4 times today,,,https://pix8.agoda.net/hotelImages/487432/-1/a858e500b3dafe80169958b5616376db.jpg?ce=0&s=1024x768
223212,Indochine Palace Hotel,Indochine Palace Hotel,Hotel,Hotel,5.0,True,"105A Hung Vuong Street, Thuan Hoa Ward, Hue City, Hue, Vietnam, 52000",Hue City,93617,Hue,3738,Vietnam,52000,16.4603176116943,107.597953796387,2009,222,17,15:00,11:00,259000 VND,,,Booked 3 times today,,,https://pix8.agoda.net/hotelImages/223212/0/291965ead508870b02c78dc5ca98cf7a.jpg?ce=2&s=1024x768
84486356,"Grand Royal Riverside Hue, Fusion Collection","Grand Royal Riverside Hue, Fusion Collection",Hotel,Hotel,5.0,True,"2 Hùng Vương, Thuận Hóa",Hue City,93617,Hue,3738,Vietnam,530000,16.4628582000732,107.595199584961,2026,161,12,14:00,12:00,400000 VND,500000 VND,,Booked twice today,,,https://pix8.agoda.net/hotelImages/84486356/0/63753c63f67182db606160e37deeea55.jpg?ce=3&s=1024x768
2985061,Kha Hostel ,Kha Hostel ,Hotel,Hotel,2.0,False,5 kiet 29 V&#245; Thị S&#225;u tổ 11,Hue City,93617,Hue,3738,Vietnam,53000,16.46923226520615,107.59513221681114,2017,19,4,14:00,12:00,45000 VND,250000 VND,,,,,https://pix8.agoda.net/hotelImages/2985061/0/7bee7735ec79d24a6a640c5b5ff2ff1d.jpg?ce=2&s=1024x768
1270314,Amy Hostel Hue,Amy Hostel Hue,Hotel,Hostel,1.0,False,"05/14 Nguyen Cong Tru, Hue City",Hue City,93617,Hue,3738,Vietnam,530000,16.47162437438965,107.59573364257812,2010,10,3,14:00,12:00,75000 VND,10000 VND,,Booked twice today,,,https://pix8.agoda.net/hotelImages/1270314/0/10a8f3bbfa7329d78e85d3e2e3b8a8b9.jpg?ce=0&s=1024x768
28523203,TOVO HOSTEL,TOVO HOSTEL,Hotel,Hostel,0.0,False,31A Trần Quang Khải,Hue City,93617,Hue,3738,Vietnam,,16.464860916137695,107.5954818725586,,,,,,,,,,,,https://pix8.agoda.net/hotelImages/28523203/-1/ef39afd424cbc1e9bc4dbeb9258a56c2.jpg?ca=23&ce=0&s=1024x768
61208896,Nineties homestay,Nineties homestay,NonHotel,Homestay,3.0,False,1/26 Võ Thị Sáu,Hue City,93617,Hue,3738,Vietnam,,16.470319747924805,107.5965576171875,,1,,14:00,12:00,40000 VND,,,Booked twice today,,,https://pix8.agoda.net/hotelImages/61208896/0/bbb62ada3f47039d92d7db813b1b4d52.jpg?ce=0&s=1024x768
42170600,a-maze house,a-maze house,NonHotel,Homestay,4.0,False,"No. 122, Alley Lê Thánh Tôn, Hue City, Thua Thien Hue",Imperial Citadel,481494,Hue,3738,Vietnam,83-000,16.478303909301758,107.58006286621094,,113,,,,,,,,,,https://pix8.agoda.net/hotelImages/42170600/703574332/7ea848c6e573e94ac51ffc6885a718d4.jpg?ce=3&s=1024x768
412648,Moonlight Hotel Hue,Moonlight Hotel Hue,Hotel,Hotel,4.0,False,20 Pham Ngu Lao Street,Hue City,93617,Hue,3738,Vietnam,,16.469341278076172,107.59430694580078,2013,90,15,14:00,12:00,285000 VND,350000 VND,,Booked 6 times today,,,https://pix8.agoda.net/hotelImages/412/412648/412648_13060809180012724413.jpg?ca=0&ce=1&s=1024x768
1266926,HOTEL LA PERLE,HOTEL LA PERLE,Hotel,Hotel,2.0,False,24 Kiệt 42 Nguyễn Công Trứ,Hue City,93617,Hue,3738,Vietnam,530000,16.469938,107.59704,2016,28,6,14:00,12:00,100000 VND,250000 VND,,,,,https://pix8.agoda.net/hotelImages/1266926/0/f2cd65dd1ca874b9d77974c401d50305.jpg?ce=0&s=1024x768
28915518,The Sun Homestay,The Sun Homestay,NonHotel,Homestay,4.0,False,4 kiet 31 Nguyễn Công Trứ tổ 13,Hue City,93617,Hue,3738,Vietnam,52000,16.471848,107.596938,,,,14:00,12:00,,,,Booked twice today,,,https://pix8.agoda.net/hotelImages/28915518/-1/93efd8c879f8225efc73326e3f67d790.jpg?ca=24&ce=0&s=1024x768
89287891,Vina Boutique Hotel,Vina Boutique Hotel,Hotel,Hotel,3.0,False,"34a Vo Thi Sau Street, Thuan Hoa Ward, Hue City",Hue City,93617,Hue,3738,Vietnam,,16.470783,107.59612,,1,,14:00,12:00,,,,Booked twice today,,,https://pix8.agoda.net/hotelImages/89287891/0/b521009fd9abb539c5c50219b89089b8.jpg?ce=3&s=1024x768
80012436,Amy 2 Hostel Hue,Amy 2 Hostel Hue,Hotel,Hostel,4.0,False,10/26 Vo Thi Sau,Hue City,93617,Hue,3738,Vietnam,,16.47018814086914,107.59651184082031,,1,,,,,,,,,,https://pix8.agoda.net/hotelImages/80012436/0/22c5fdffd96c4aef5ca6fe7863b7d3f6.jpg?ce=2&s=1024x768
1409886,EMM Hotel Hue,EMM Hotel Hue,Hotel,Hotel,0.0,False,15 Ly Thuong Kiet,Hue City,93617,Hue,3738,Vietnam,,16.4630287502679,107.590889632702,2003,75,8,13:00,12:00,135000 VND,340000 VND,,Booked twice today,,,https://pix8.agoda.net/hotelImages/1409886/-1/f1196e2f57e8e0014c11246a7786ab3e.jpg?ce=0&s=1024x768
239406,Sunny A Hotel,Sunny A Hotel,Hotel,Hotel,0.0,False,17/34 Nguyen Tri Phuong Street ,Hue City,93617,Hue,3738,Vietnam,0234,16.464509963989258,107.59282684326172,2000,30,5,14:00,12:00,50000 VND,250000 VND,,Booked once today,,,https://pix8.agoda.net/hotelImages/239406/-1/074fe1a76eb2992cf75e932b3122233c.jpg?ca=7&ce=1&s=1024x768
63438551,Kly Luxury Hotel ,Kly Luxury Hotel ,Hotel,Hotel,0.0,False,"2A/34 Nguyen Tri Phuong , Phuong Thuan Hoa  , Thanh pho Hue",Hue City,93617,Hue,3738,Vietnam,49000,16.4644308,107.5920889,,1,,14:00,12:00,,,,Booked twice today,,,https://pix8.agoda.net/hotelImages/63438551/0/de791dafa223646b4e7542c22bba54f7.jpg?ce=0&s=1024x768
81839682,Lumiere Boutique Vy Da,Lumiere Boutique Vy Da,Hotel,Hotel,0.0,False,98 Pham Van Dong street,Hue City,93617,Hue,3738,Vietnam,530000,16.479244,107.60251,2026,174,6,14:00,12:00,,,,Booked twice today,,,https://pix8.agoda.net/hotelImages/81839682/0/cda26a0396ef7fa6542a2a06b82b3eb7.jpg?ce=3&s=1024x768
88116630,Hue Ancient Hostel,Hue Ancient Hostel,Hotel,Hotel,0.0,False,kiệt 14 Nguyễn Công Trứ,Hue City,93617,Hue,3738,Vietnam,53000,16.471817016601562,107.59574127197266,,,,14:00,12:00,,,,Booked twice today,,,https://q-xx.bstatic.com/xdata/images/hotel/max1024x768/901620490.jpg?k=9900f592c9e32258b27e30198e2969a5bdb05291dc9acd1ec2c928fb50499c82&o=
14694836,Silk Path Grand Hue Hotel,Silk Path Grand Hue Hotel,Hotel,Hotel,5.0,True,02 Lê Lợi,Hue City,93617,Hue,3738,Vietnam,49000,16.457670211791992,107.58026885986328,2020,198,4,14:00,12:00,545000 VND,500000 VND,,Booked once today,,,https://pix8.agoda.net/hotelImages/14694836/0/83f84599c96048928cf1ffe976e0d0c1.jpg?ce=3&s=1024x768
90309578,KunKin Boutique Garden Hue,KunKin Boutique Garden Hue,Hotel,Hotel,4.0,False,"36 Ph  Mộng St., Kim Long Ward",Imperial Citadel,481494,Hue,3738,Vietnam,532760,16.4621623813806,107.56306035028,2026,20,4,14:00,12:00,190000 VND,,,Booked twice today,,,https://pix8.agoda.net/hotelImages/90309578/0/a85e86c9a84770c5df0ff743127d5b44.jpg?ce=3&s=1024x768
76059657,Magnolia Boutique Hue,Magnolia Boutique Hue,Hotel,Hotel,4.0,False,10 Trần Hữu Dực,Hue City,93617,Hue,3738,Vietnam,490000,16.462547,107.605606,,1,,14:00,12:00,,,,Booked once today,,,https://pix8.agoda.net/hotelImages/76059657/0/5901bf5b37d5d11474738d42ab6ce020.jpg?ce=3&s=1024x768
7427857,Chi Homestay #4,Chi Homestay #4,Hotel,Hostel,0.0,False,129 Nguyễn Cư Trinh,Imperial Citadel,481494,Hue,3738,Vietnam,,16.468114852905273,107.5677490234375,,,,14:00,12:00,,,,,,,https://q-xx.bstatic.com/xdata/images/hotel/max1024x768/347361531.jpg?k=ff5208f064e91710a6f8b7cf428f333cc1d5e5567cc00813ccbf3cc8376e0072&o=
75684859,Le Carré Hue,Le Carré Hue,Hotel,Hotel,0.0,False,"44-54 Le Loi, Thuan Hoa Ward",Hue City,93617,Hue,3738,Vietnam,530000,16.469783782959,107.593643188477,2025,50,10,14:00,12:00,,,,Booked once today,,,https://pix8.agoda.net/hotelImages/75684859/0/f65691dd38a7d933712f5580c4fc172c.jpg?ce=2&s=1024x768
42170608,Tram Homestay,Tram Homestay,NonHotel,Homestay,3.5,False,"No. 30, Mai Khac Don, Kim Long, Hue City, Thua Thien Hue, Vietnam",Imperial Citadel,481494,Hue,3738,Vietnam,,16.467985153198242,107.5609130859375,,9,,14:00,,,,,Booked once today,,,https://pix8.agoda.net/hotelImages/42170608/0/9e1ec54f54b73c7348691955168e5537.jpeg?ce=0&s=1024x768
58345900,KLY Apartment Hotel,KLY Apartment Hotel,Hotel,Hotel,0.0,False,"36 Nguyen Tri Phuong, Phuong Thuan Hoa",Hue City,93617,Hue,3738,Vietnam,49000,16.4648990631104,107.592727661133,,1,,14:00,,,,,,,,https://pix8.agoda.net/hotelImages/58345900/-1/6172c05f2f2ba472c9df398ea4f060be.jpg?ce=0&s=1024x768
77571534,WINPI Homestay,WINPI Homestay,Hotel,Guesthouse/bed and breakfast,1.0,False,25 kiệt 40  Nguyễn Sinh Cung,Perfume River,80691,Hue,3738,Vietnam,49000,16.494234,107.59387,,8,3,00:14,,,,,,,,https://pix8.agoda.net/hotelImages/77571534/0/e59f684e6193e18e293fc86bac8279c4.jpg?ce=3&s=1024x768
64024157,1979 Homestay 2,1979 Homestay 2,NonHotel,Homestay,3.5,False,21 hẻm 103 Nhat Le,Imperial Citadel,481494,Hue,3738,Vietnam,530000,16.476503,107.577576,2020,1,2,14:00,11:30,,250000 VND,,Booked once today,,,https://pix8.agoda.net/hotelImages/64024157/0/587f0f4cd619c961fbbd783bb778f889.jpg?ce=2&s=1024x768
87344617,Nana Villa Hue,Nana Villa Hue,NonHotel,Apartment/Flat,4.5,False,"28 kiệt 147, Phan Đình Phùng",Hue City,93617,Hue,3738,Vietnam,490000,16.455875396728516,107.59601593017578,2019,11,3,14:00,12:00,50000 VND,,,Booked once today,,,https://pix8.agoda.net/hotelImages/87344617/0/f3684d9d3034f8e8fcd6b5af96e87a33.jpg?ce=3&s=1024x768
5710150,Hue Nino Hotel,Hue Nino Hotel,Hotel,Hotel,2.0,False,"14 Nguyen Cong Tru, Phu Hoi Ward",Hue City,93617,Hue,3738,Vietnam,530000,16.47165587124587,107.59562909603119,1998,20,,14:00,12:00,2 USD,17 VND,,,,,https://pix8.agoda.net/hotelImages/5710150/-1/63143fc02586eb4af8849b42f82cd7cd.jpg?ca=9&ce=1&s=1024x768
32197914,Spatel d'Annam - Imperial Boutique Spa & Hotel,Spatel d'Annam - Imperial Boutique Spa & Hotel,Hotel,Hotel,4.0,False,57 Dang Dung,Imperial Citadel,481494,Hue,3738,Vietnam,49000,16.473526000976562,107.57984161376953,2022,22,1,14:00,12:00,,350000 VND,,Booked 4 times today,,,https://pix8.agoda.net/hotelImages/32197914/-1/6c2b7f24f18c3fce0c80338a6b2ada92.jpg?ce=0&s=1024x768
67098247,CONIHOUSE - Homestay & Villa,CONIHOUSE - Homestay & Villa,Hotel,Guesthouse/bed and breakfast,5.0,False,Th nh Phố Huế,Hue City,93617,Hue,3738,Vietnam,70000,16.48333740234375,107.61314392089844,,1,3,14:00,12:00,,,,,,,https://pix8.agoda.net/hotelImages/67098247/0/4b6082648a973153d310c0204acf8c56.jpg?ce=2&s=1024x768
41198522,The Chum Boutique,The Chum Boutique,Hotel,Hotel,3.0,False,7 Trương Định ,Hue City,93617,Hue,3738,Vietnam,530000,16.4627552,107.587395,,1,,14:00,12:00,,700000 VND,,Booked once today,,,https://pix8.agoda.net/hotelImages/41198522/-1/06d2862ec5532161c11bda6fef7f9db4.jpg?ce=0&s=1024x768
90246763,Thien Y Villas,Thien Y Villas,NonHotel,Villa,4.5,False,20 / 31 Nguyen Thien Thuat ,Imperial Citadel,481494,Hue,3738,Vietnam,49000,16.467714,107.573364,,1,,01:00,11:00,,,,,,,https://pix8.agoda.net/hotelImages/90246763/0/ca684fdcf98064dd2fd13e602ecd86d0.png?ce=3&s=1024x768
84904762,Hue Loving Home & Cafe,Hue Loving Home & Cafe,NonHotel,Homestay,3.5,False,64 Hàn Mặc Tử,Hue City,93617,Hue,3738,Vietnam,,16.471437,107.603226,,1,,14:00,11:00,,,,,,,https://pix8.agoda.net/hotelImages/84904762/0/e5fccbc136af91bdc93cb08343df815d.jpg?ce=3&s=1024x768
11002,Huong Giang Hotel Resort & Spa,Huong Giang Hotel Resort & Spa,Hotel,Resort,4.0,False,"51 Le Loi Street, Thuan Hoa Ward, Hue City, Viet Nam",Perfume River,80691,Hue,3738,Vietnam,53000,16.471903,107.59477,1962,158,4,14:00,12:00,150000 VND,400000 VND,,Booked once today,,,https://pix8.agoda.net/hotelImages/11002/0/92e368ad2d1b727edcc0f8e98e6975f1.png?ce=3&s=1024x768
625344,Ruby Hotel,Ruby Hotel,Hotel,Hotel,2.0,False,35 Chu Văn An tổ 14,Hue City,93617,Hue,3738,Vietnam,49000,16.469223824427967,107.59629706604548,2014,20,5,14:00,12:00,0 VND,250000 VND,,,,,https://pix8.agoda.net/hotelImages/625/625344/625344_16092310530046828438.jpg?ca=6&ce=1&s=1024x768
16093065,A25 Premium  Hotel - 29 Thác Bạc - Sapa ,A25 Premium  Hotel - 29 Thác Bạc - Sapa ,Hotel,Hotel,3.0,False,"29 Thac Bac, group 4, Sapa ward, Tinh Lao Cai, Viet Nam",Sa Pa City Center,94940,Sapa,17160,Vietnam,330000,22.335147857666016,103.83731079101562,,63,5,14:00,12:00,,,,Booked twice today,,,https://pix8.agoda.net/hotelImages/16093065/0/a296be546dd8ea2a7e55677ac95bbb01.png?ce=3&s=1024x768
71165203,Brocade Backpacker,Brocade Backpacker,Hotel,Hostel,2.0,False,"66 Fansipan, TT. Sa Pa",Sa Pa City Center,94940,Sapa,17160,Vietnam,,22.332745,103.836914,,5,3,14:00,12:00,,,,Booked 5 times today,,,https://pix8.agoda.net/hotelImages/71165203/1129702394/35d435676f876a0d554ac9ea7d4cadef.jpg?ce=2&s=1024x768
47266922,Palette H&T Central Sapa Luxury Hotel,Palette H&T Central Sapa Luxury Hotel,Hotel,Hotel,3.0,False,"No. 12 Thu Dau Mot Street, Sapa Ward, Sapa Town, Lao Cai Province, Vietnam",Sa Pa City Center,94940,Sapa,17160,Vietnam,330000,22.33631134033203,103.84455871582031,2025,39,8,14:00,12:00,,,,Booked 4 times today,,,https://pix8.agoda.net/hotelImages/47266922/0/ca41cb008e0c2eda4c166dc251f6bc68.png?ce=3&s=1024x768
18588658,Mega View Homestay,Mega View Homestay,NonHotel,Homestay,5.0,False,24 Ngo Cau May,Sa Pa City Center,94940,Sapa,17160,Vietnam,333101,22.33201026916504,103.8433609008789,2020,15,4,13:00,11:00,70000 VND,310000 VND,,Booked 3 times today,,,https://pix8.agoda.net/hotelImages/18588658/-1/81c11b3c9bc6f7d4b0aecc2d3b7b1883.jpg?ca=16&ce=1&s=1024x768
56865839,Nhật's Sapa Central Hostel,Nhật's Sapa Central Hostel,NonHotel,Apartment/Flat,2.0,False,33 Phố Đồng Lợi,Sa Pa City Center,94940,Sapa,17160,Vietnam,330000,22.33282484597941,103.8424279413103,,1,,14:00,12:00,,,,Booked once today,,,https://pix8.agoda.net/hotelImages/56865839/0/6af752c36e78672b549e1f17857bf5eb.jpg?ce=2&s=1024x768
76249262,SAPA HUB hostel,SAPA HUB hostel,Hotel,Hostel,0.0,False,762 Đường Điện Biên Phủ,Sa Pa City Center,94940,Sapa,17160,Vietnam,60000,22.3400821685791,103.83988952636719,,,,14:00,12:00,,,,,,,https://q-xx.bstatic.com/xdata/images/hotel/max1024x768/717262747.jpg?k=39e7ee70c5e8e35f10224cfc8a5ca096a790f78427f70df63a47fbdec4e37c9c&o=
73826022,Central Sapa July House,Central Sapa July House,Hotel,Hotel,0.0,False,"2 Tô Vĩnh Diện, TT. Sa Pa",Sa Pa City Center,94940,Sapa,17160,Vietnam,,22.337555,103.84831,2018,16,6,13:30,11:30,100000 VND,,,Booked twice today,,,https://pix8.agoda.net/hotelImages/73826022/0/f034577968bb2b83afad68fac345cba1.jpg?ce=2&s=1024x768
8099799,KK Sapa Hotel,KK Sapa Hotel,Hotel,Hotel,0.0,False,25 Violet,Sa Pa City Center,94940,Sapa,17160,Vietnam,31700,22.33060646057129,103.84464263916016,,186,18,14:00,12:00,300000 VND,,2025,Booked 21 times today,,,https://pix8.agoda.net/hotelImages/8099799/-1/cd26223a233cf8e3ddb79ed6258d8bc7.jpg?ca=12&ce=1&s=1024x768
77187476,Saparis Station Hostel & Travel,Saparis Station Hostel & Travel,Hotel,Hotel,3.0,False,"161 Đ. Thạch Sơn, Street",Sa Pa City Center,94940,Sapa,17160,Vietnam,330000,22.337608,103.85123,,19,,14:00,12:00,55000 VND,,,Booked twice today,,,https://pix8.agoda.net/hotelImages/77187476/0/65f9aca2c5e98d53fd90d18064954a9c.jpg?ce=2&s=1024x768
77049496,Glow SaPa Hotel,Glow SaPa Hotel,Hotel,Bed & Breakfast,3.0,False,"619 Đường Điện Bi n Phủ, TT. Sa Pa ",Sa Pa City Center,94940,Sapa,17160,Vietnam,330000,22.340275,103.845894,,1,,13:00,11:00,,,,Booked twice today,,,https://pix8.agoda.net/hotelImages/77049496/0/9b00643bc6d2dfcd98c04357befec5be.jpg?ce=2&s=1024x768
14695708,Sapa Paramount Hotel,Sapa Paramount Hotel,Hotel,Hotel,3.0,False,"07 Hoang Dieu,",Sa Pa City Center,94940,Sapa,17160,Vietnam,,22.336559295654297,103.84149932861328,,,,14:00,12:00,50000 VND,,,,,,https://q-xx.bstatic.com/xdata/images/hotel/max1024x768/460220451.jpg?k=f70de5eefa39bc59f3fb7f46ed466a90ce71934bf0f7dd867d12f93191a6847f&o=
80582219,Sapa Central House,Sapa Central House,Hotel,Guesthouse/bed and breakfast,3.0,False,"238 Thach Son Street, Sa Pa",Sa Pa City Center,94940,Sapa,17160,Vietnam,330000,22.336578,103.84928,2025,30,4,14:00,12:00,65000 VND,310000 VND,,,,,https://pix8.agoda.net/hotelImages/80582219/0/f62f7ea6fced1185c8e8ed178147601e.jpg?ce=3&s=1024x768
1187717,Canvas Sapa Legend Hotel,Canvas Sapa Legend Hotel,Hotel,Hotel,3.5,False,"No 1, Thu Dau Mot Street, Sapa Town, Lao Cai Province",Sa Pa City Center,94940,Sapa,17160,Vietnam,,22.336536407470703,103.84442901611328,,69,4,14:00,12:00,,450000 VND,,Booked twice today,,,https://pix8.agoda.net/hotelImages/1187717/0/cd3bbddb3785309345c85aedaf70bbc2.png?ce=3&s=1024x768
75699250,Hotel Montmartre de Sapa,Hotel Montmartre de Sapa,Hotel,Hotel,4.0,False,"25-26 Đường T10, Tổ Phan Si Pang 3, Thành Phố SaPa, Tỉnh Lào Cai, Việt Nam",Sa Pa City Center,94940,Sapa,17160,Vietnam,333100,22.340523,103.838684,2026,30,,14:00,12:00,180000 VND,,,Booked 3 times today,,,https://pix8.agoda.net/hotelImages/75699250/0/1d40878ba4bfc0d27d52ca521ef18797.jpg?ce=3&s=1024x768
71558148,Quiet Sapa Hotel,Quiet Sapa Hotel,Hotel,Hotel,4.0,False,"19 Lê Văn Tám, TT. Sa Pa",Sa Pa City Center,94940,Sapa,17160,Vietnam,330000,22.336782455444336,103.8465576171875,,1,,,,,,,Booked once today,,,https://pix8.agoda.net/hotelImages/71558148/0/2262cd9e3b3ce53e868b3204f3700e01.jpg?ce=2&s=1024x768
30613732,Green Sapa Homestay,Green Sapa Homestay,NonHotel,Apartment/Flat,5.0,False,3-1 Nguyen Chi Thanh,Sa Pa City Center,94940,Sapa,17160,Vietnam,31752,22.3363800048828,103.836860656738,2023,10,2,14:00,12:00,0 VND,310000 VND,,,,,https://pix8.agoda.net/hotelImages/30613732/0/f21d700b74b578a48b7b53fd5a2b4e7f.jpg?ce=2&s=1024x768
5902358,My Boutique Hotel & Spa,My Boutique Hotel & Spa,Hotel,Hotel,4.0,False,049 Muong Hoa Street,Sa Pa City Center,94940,Sapa,17160,Vietnam,31700,22.329508,103.845795,2018,17,6,14:00,12:00,200000 VND,,,Booked 4 times today,,,https://pix8.agoda.net/hotelImages/5902358/-1/93ef12e264fca9bee41e8fe81c9b7889.jpg?ca=9&ce=1&s=1024x768
1275517,Zizi Mekhoo Sapa Homestay,Zizi Mekhoo Sapa Homestay,NonHotel,Homestay,4.0,False,"Lao Chai , Ta Van",Lao Chải Tả Ván,28348,Sapa,17160,Vietnam,33000,22.30605125427246,103.89627075195312,2015,6,,13:30,13:00,,,,Booked 4 times today,,,https://pix8.agoda.net/hotelImages/1275517/-1/72cb19321b3c1025465b88b0bc20fa22.jpg?ce=0&s=1024x768
64607990,Central Sapa Serenity Homestay,Central Sapa Serenity Homestay,NonHotel,Homestay,4.0,False,"116 Thạch Sơn, TT. Sa Pa",Sa Pa City Center,94940,Sapa,17160,Vietnam,,22.33652687072754,103.84721374511719,,1,,13:00,11:00,,,,,,,https://pix8.agoda.net/hotelImages/64607990/0/ebd9c39743ec2a219a695278c8e6c72c.jpg?ce=0&s=1024x768
86593269,The Trekker's SaPa Home ,The Trekker's SaPa Home ,Hotel,Inn,3.0,False,Ta Van,Lao Chải Tả Ván,28348,Sapa,17160,Vietnam,330000,22.3039,103.89996,,1,,12:00,00:00,,,,,,,https://pix8.agoda.net/hotelImages/86593269/0/ed1cb9a6cd04b57b18d617e1027e21d6.jpg?ce=3&s=1024x768
14695573,Camellia Guest House,Camellia Guest House,Hotel,Guesthouse/bed and breakfast,0.0,False,"3 Fansipan, Sapa, Lao Cai",Sa Pa City Center,94940,Sapa,17160,Vietnam,,22.334840774536133,103.84092712402344,,7,,14:00,12:00,75000 VND,,,Booked once today,,,https://pix8.agoda.net/hotelImages/14695573/-1/908d9d68a7f56e7ac3a231069c193f6c.jpg?ca=11&ce=1&s=1024x768
58688091,Sapa Praha Hotel,Sapa Praha Hotel,Hotel,Hotel,4.0,False,85 Violet,Sa Pa City Center,94940,Sapa,17160,Vietnam,330000,22.33171478678462,103.84165105026244,2018,29,5,14:00,12:00,,500000 VND,,Booked 10 times today,,,https://pix8.agoda.net/hotelImages/58688091/-1/8266f5e59423395d1baebecd753274bc.jpg?ce=0&s=1024x768
18516076,Sapa CatCat Hills Resort & Spa,Sapa CatCat Hills Resort & Spa,Hotel,Resort,4.0,False,86 Fansipan,Sa Pa City Center,94940,Sapa,17160,Vietnam,02143,22.332378387451172,103.8343505859375,2020,100,2,14:00,12:00,,,2025,Booked 10 times today,,,https://pix8.agoda.net/hotelImages/18516076/0/d51026e481bff0ac95e4bfdcf1b4bf2f.jpg?ce=0&s=1024x768
83780778,HARMONY HAVEN HOTEL,HARMONY HAVEN HOTEL,Hotel,Hotel,2.0,False,"118 Đ. Thạch Sơn, TT. Sa Pa",Sa Pa City Center,94940,Sapa,17160,Vietnam,330000,22.336555,103.84741,,1,,00:00,00:00,,,,,,,https://pix8.agoda.net/hotelImages/83780778/0/fb2dd9da434109661e5dc85e676e981b.jpg?ce=3&s=1024x768
77497818,Fansipan Terrace Cafe and Homestay,Fansipan Terrace Cafe and Homestay,NonHotel,Homestay,3.0,False,"067 Fansipan, TT. Sa Pa",Sa Pa City Center,94940,Sapa,17160,Vietnam,330000,22.332796096801758,103.83831787109375,,10,,12:00,11:00,,,,Booked 3 times today,,,https://pix8.agoda.net/hotelImages/77497818/0/14807f9b7ce09f010aad714272bf2064.jpeg?ce=2&s=1024x768
92212501,Sapa Station Hotel,Sapa Station Hotel,Hotel,Hotel,3.0,False,"672 Đường Điện Biên Phủ, Sa Pa",Sa Pa City Center,94940,Sapa,17160,Vietnam,333100,22.339643,103.84297,2026,50,6,14:00,12:00,60000 VND,320000 VND,,Booked once today,,,https://pix8.agoda.net/hotelImages/92212501/0/f1ed3d2ee5cb61a6f9a22d87e68b22a1.jpg?ce=3&s=1024x768
73179858,Sapa Hidden Gem Hotel & Spa,Sapa Hidden Gem Hotel & Spa,Hotel,Hotel,3.0,False,"35 Đ. Sở Than, street",Sa Pa City Center,94940,Sapa,17160,Vietnam,300000,22.337435,103.84052,2024,20,3,14:00,12:00,,,,Booked once today,,,https://pix8.agoda.net/hotelImages/73179858/0/476fa397ab146a447afe0799adb269ab.jpg?ce=2&s=1024x768
1031263,Sapa Mimosa Hotel,Sapa Mimosa Hotel,Hotel,Hotel,2.0,False,21 Tue Tinh,Sa Pa City Center,94940,Sapa,17160,Vietnam,8420,22.3338412580257,103.840842139616,2003,19,5,12:00,10:00,45000 VND,350000 VND,,Booked 3 times today,,,https://pix8.agoda.net/hotelImages/1031263/-1/fe2e8dbecee421eaf13368c8e777b39f.jpg?ca=0&ce=1&s=1024x768
5831353,Pistachio Hotel Sapa,Pistachio Hotel Sapa,Hotel,Hotel,4.0,False,"No 29, Group 5, Thac Bac street, Sapa Ward, Sapa district, Lao Cai province, Vietnam",Sa Pa City Center,94940,Sapa,17160,Vietnam,31700,22.33466339111328,103.83869934082031,2018,108,12,14:00,12:00,300000 VND,6000000 VND,2024,Booked 16 times today,,,https://pix8.agoda.net/hotelImages/5831353/-1/14de8cb27ea7f96aef70ee519127ca31.jpg?ca=14&ce=1&s=1024x768
91258385,The Myst Sapa Resort,The Myst Sapa Resort,Hotel,Resort,5.0,False,"06A Hoang Dieu Street, Sapa Ward, Lao Cai Province",Sa Pa City Center,94940,Sapa,17160,Vietnam,,22.336885452270508,103.84275817871094,2026,80,3,14:00,12:00,,,,Booked 6 times today,,,https://pix8.agoda.net/hotelImages/91258385/0/a03e3d957c18a3a4710328e485a2228b.png?ce=3&s=1024x768
40560157,Tiger Sapa Hotel,Tiger Sapa Hotel,Hotel,Hotel,3.0,False,022a Mường Hoa,Sa Pa City Center,94940,Sapa,17160,Vietnam,,22.33176040649414,103.84406280517578,,1,,13:00,11:00,,,,Booked 4 times today,,,https://pix8.agoda.net/hotelImages/40560157/0/907735c3adb205ddda20febe141b6edf.jpg?ce=3&s=1024x768
2607925,Pao's Sapa Leisure Hotel,Pao's Sapa Leisure Hotel,Hotel,Hotel,0.0,False,Sa Pa Ward,Sa Pa City Center,94940,Sapa,17160,Vietnam,330000,22.3273713805385,103.846771521494,2017,220,7,14:00,12:00,400000 VND,,2025,Booked 16 times today,,,https://pix8.agoda.net/hotelImages/2607925/0/1b6959d7ef9ece7b9eb32de069a11d64.png?ce=3&s=1024x768
26852142,Viettrekking Sapa,Viettrekking Sapa,Hotel,Hotel,4.0,False,Hoàng Liên,Sa Pa City Center,94940,Sapa,17160,Vietnam,333320,22.33382225036621,103.83673095703125,,37,5,14:00,12:00,150000 VND,3500000 VND,2025,Booked 16 times today,,,https://pix8.agoda.net/hotelImages/26852142/-1/d71b696a382ee3df85271fbc93c3d1aa.jpg?ce=0&s=1024x768
39830954,Sapa Legacy Hotel,Sapa Legacy Hotel,Hotel,Hotel,3.0,False,Ngũ Chỉ Sơn,Sa Pa City Center,94940,Sapa,17160,Vietnam,330000,22.3376884,103.84684,,31,4,14:00,12:00,,,,Booked once today,,,https://pix8.agoda.net/hotelImages/39830954/-1/d46177c499f28d9c42dc210a4cdc44fa.jpg?ce=0&s=1024x768
91316170,B & M Homes,B & M Homes,SingleRoom,Entire bungalow,3.0,False,"Giàng Tả Chải - Tả Van, Tả Van",Lao Chải Tả Ván,28348,Sapa,17160,Vietnam,,22.295658,103.903786,,,,14:00,11:00,,,,,,,https://pix8.agoda.net/hotelImages/91316170/0/be76c26d491f3f680a74f71f47219ed8.jpg?ce=3&s=1024x768
92428405,Violet Sapa Homestay,Violet Sapa Homestay,NonHotel,Homestay,3.0,False,45 Violet,Sa Pa City Center,94940,Sapa,17160,Vietnam,33300,22.332235,103.841896,,1,,14:00,12:00,,,,Booked once today,,,https://pix8.agoda.net/hotelImages/92428405/0/e43d093f9a7576d565922bd6296f04e6.jpg?ce=3&s=1024x768
76727704,Bees Homestay Sapa & Trekking,Bees Homestay Sapa & Trekking,NonHotel,Homestay,4.0,False,Sử 1,Lao Chải Tả Ván,28348,Sapa,17160,Vietnam,330000,22.2865837,103.9345079,2025,7,2,14:00,12:00,,310000 VND,,,,,https://pix8.agoda.net/hotelImages/76727704/0/2686828775dcc996b12bda693ab89712.jpg?ce=2&s=1024x768
7406420,Sapa Valley view hotel,Sapa Valley view hotel,Hotel,Hotel,3.0,False,"034 Muong Hoa street,Sapa Town",Sa Pa City Center,94940,Sapa,17160,Vietnam,,22.329139709472656,103.8456802368164,,15,,13:00,11:00,75000 VND,,,Booked once today,,,https://pix8.agoda.net/hotelImages/7406420/-1/e1829edbf4e013333f965a44c66bea46.jpg?ce=0&s=1024x768
5649846,Hotel de la Coupole - MGallery,Hotel de la Coupole - MGallery,Hotel,Hotel,5.0,True,1 Hoang Lien Street Sapa District Lao Cai Province,Sa Pa City Center,94940,Sapa,17160,Vietnam,33000,22.334686279296875,103.8404312133789,2018,249,10,14:00,12:00,520000 VND,,,Booked 6 times today,,,https://pix8.agoda.net/hotelImages/5649846/-1/733ab00d06f3490b71d7a556532ce09e.jpg?ca=8&ce=1&s=1024x768
73561103,Sapa Harmony Homestay,Sapa Harmony Homestay,Hotel,Serviced apartment,3.0,False,"17, Hung Ho Alley, Sapa, Lao Cai",Sa Pa City Center,94940,Sapa,17160,Vietnam,,22.33785057067871,103.84336853027344,,15,,,,,,,,,,https://pix8.agoda.net/hotelImages/73561103/0/22f60673c07d6934139cbdb86baf9ed1.jpg?ce=2&s=1024x768
30726011,DeLaSol Sapa - Central Boutique Hotel,DeLaSol Sapa - Central Boutique Hotel,Hotel,Hotel,4.0,False,"16 Muong Hoa Street, Sapa Ward, Lao Cai Province",Sa Pa City Center,94940,Sapa,17160,Vietnam,31000,22.33258056640625,103.8435287475586,2022,70,8,14:00,12:00,240000 VND,,,Booked 9 times today,,,https://pix8.agoda.net/hotelImages/30726011/0/c6d6662acfa6d3435e6068e3f7458fa8.jpg?ce=2&s=1024x768
1603014,Sapa Diamond Hotel,Sapa Diamond Hotel,Hotel,Hotel,3.5,False,"No.28A Muong Hoa, Sapa, Lao Cai",Sa Pa City Center,94940,Sapa,17160,Vietnam,333101,22.331602555281002,103.84429693222046,2017,55,12,14:00,12:00,10 VND,,,Booked 9 times today,,,https://pix8.agoda.net/hotelImages/1603014/-1/b9e4ed7038a3e9f2c300e26f51ddc46f.jpg?ce=0&s=1024x768
73270,Bamboo Sapa Hotel,Bamboo Sapa Hotel,Hotel,Hotel,4.0,False,18 Mường Hoa,Sa Pa City Center,94940,Sapa,17160,Vietnam,                    ,22.332406997680664,103.84367370605469,2002,106,7,14:00,12:00,600000 VND,3000000 VND,,Booked 11 times today,,,https://pix8.agoda.net/hotelImages/73270/-1/52537436d58a0331d390a97e5e4197f4.jpg?ce=0&s=1024x768
410811,Sapa Unique Hotel,Sapa Unique Hotel,Hotel,Hotel,3.0,False,039 Fansipan Street,Sa Pa City Center,94940,Sapa,17160,Vietnam,,22.3332557678223,103.840454101563,2010,25,,13:00,12:00,70000 VND,6000000 VND,,Booked 6 times today,,,https://pix8.agoda.net/hotelImages/410811/-1/7db7048978a56d03c48d91b39e82d8d9.jpg?ca=17&ce=1&s=1024x768
69363409,Lestar Hotel Sapa,Lestar Hotel Sapa,Hotel,Hotel,4.0,False,27 Th c Bạc,Sa Pa City Center,94940,Sapa,17160,Vietnam,330000,22.335082468642128,103.83737668605666,2025,52,9,14:00,12:00,150000 VND,,,Booked 3 times today,,,https://pix8.agoda.net/hotelImages/69363409/0/02ce058d359280a961631232a31e3a2e.png?ce=2&s=1024x768
92113492,Hmong Mountain Homestay Sapa,Hmong Mountain Homestay Sapa,Hotel,Guest House,5.0,False,"Thôn hòa sử pán 1, Tx.sa pa",Lao Chải Tả Ván,28348,Sapa,17160,Vietnam,,22.300066,103.9207,,1,,12:00,11:00,,,,,,,https://pix8.agoda.net/hotelImages/92113492/0/5774528c6ec5ac64ddbba818b17dd2da.jpg?ce=3&s=1024x768
11055251,Muong Hoa View Hotel,Muong Hoa View Hotel,Hotel,Hotel,3.0,False,038A Muong Hoa,Sa Pa City Center,94940,Sapa,17160,Vietnam,​​31000,22.327907314788597,103.84611644484403,,16,,13:00,12:00,60000 VND,,,Booked 4 times today,,,https://pix8.agoda.net/hotelImages/11055251/-1/c419f58075cf3dbead3f6bda8a47439f.jpg?ca=9&ce=1&s=1024x768
5056635,Lacasa Sapa Hotel,Lacasa Sapa Hotel,Hotel,Hotel,3.0,False,"08B Thac Bạc Road, SaPa town",Sa Pa City Center,94940,Sapa,17160,Vietnam,330000,22.335371,103.83938,2005,50,3,14:00,12:00,120000 VND,400000 VND,,Booked 3 times today,,,https://pix8.agoda.net/hotelImages/5056635/0/4993156a4d5567291df989185a298ddc.jpg?ce=3&s=1024x768
39909193,Cherry SaPa Hotel,Cherry SaPa Hotel,Hotel,Hotel,3.0,False,09 Nguyễn Viết Xuân (Chợ Sa Pa),Sa Pa City Center,94940,Sapa,17160,Vietnam,330000,22.338401794433594,103.85081481933594,2019,20,5,14:00,12:00,100000 VND,800000 VND,,,,,https://pix8.agoda.net/hotelImages/39909193/-1/a49b80c3b6b3635de75a3a5f5878a5a4.jpg?ce=0&s=1024x768
62061383,Muong Hoa Eco Villa,Muong Hoa Eco Villa,Hotel,Hotel,3.0,False,"Thôn Hòa Sử Pán 1, Xã Mường Hoa",Lao Chải Tả Ván,28348,Sapa,17160,Vietnam,330000,22.2983150482178,103.920532226562,2024,10,4,14:00,12:00,95000 VND,3000000 VND,,Booked once today,,,https://pix8.agoda.net/hotelImages/62061383/0/bb8aa5df3c7a085243462f13920e6575.jpg?ce=2&s=1024x768
