property_id,distance_to_beach_km,distance_to_center_km,airport_score,poi_score,transportation_score,nearby_place_name,nearby_place_type,nearby_distance_km,duration_minutes
18170457,,0.48,8.8,9.1,9.2,The Venerable Thich Quang Duc Monument,Monuments and Landmarks,0.14,
18170457,,0.48,8.8,9.1,9.2,Chua Ngoc Hoang,Places of Worship,0.28,
18170457,,0.48,8.8,9.1,9.2,Emperor Jade Pagoda,Places of Worship,0.28,
18170457,,0.48,8.8,9.1,9.2,TT Bảo Vệ Sức Khoẻ Lao Động,Hospitals and Medical Facilities,0.3,
18170457,,0.48,8.8,9.1,9.2,Gach Trang Tri Italy,Shopping Centers and Areas,0.34,
18170457,,0.48,8.8,9.1,9.2,Saigon Yoga,Fitness and Yoga Centers,0.36,
18170457,,0.48,8.8,9.1,9.2,Hoa Lu Stadium,Entertainment,0.4,
18170457,,0.48,8.8,9.1,9.2,Kho Fahasa,"Botanical Gardens, and Public Parks",0.41,
18170457,,0.48,8.8,9.1,9.2,Nhà thi đấu Hoa Lư,Entertainment,0.41,
18170457,,0.48,8.8,9.1,9.2,Rubik Zoo,Zoos and Aquariums,0.51,
55765781,,0.0,7.1,9.9,9.2,The Maydo Bespoke Tailor,Shopping Centers and Areas,0.03,
55765781,,0.0,7.1,9.9,9.2,Blue Space Art Gallery,Shopping Centers and Areas,0.07,
55765781,,0.0,7.1,9.9,9.2,Lacquer & Oil,Shops,0.09,
55765781,,0.0,7.1,9.9,9.2,Antique Street – Le Cong Kieu,Shopping Centers and Areas,0.09,
55765781,,0.0,7.1,9.9,9.2,Fine Arts Museum,Museums and Art Galleries,0.09,
55765781,,0.0,7.1,9.9,9.2,Mrs Hà,Hospitals and Medical Facilities,0.1,
55765781,,0.0,7.1,9.9,9.2,Nguyen Thai Binh Street,Famous Streets and Neighborhoods,0.1,
55765781,,0.0,7.1,9.9,9.2,Kool Beer Store,Bars,0.14,
55765781,,0.0,7.1,9.9,9.2,Old Market,Fresh Markets,0.23,
55765781,,0.0,7.1,9.9,9.2,Emergency Centre,Police and Emergency,0.26,
35417217,,,7.8,6.6,9.7,My Kim Apartment,Supermarkets,0.13,
35417217,,,7.8,6.6,9.7,Zakka mart Rivesive,Supermarkets,0.32,
35417217,,,7.8,6.6,9.7,Siêu Thị Sala,Supermarkets,0.62,
35417217,,,7.8,6.6,9.7,Nhà Thuốc Báo Phương,Hospitals and Medical Facilities,0.94,
35417217,,,7.8,6.6,9.7,Siêu Thị Mini Bình Minh,Supermarkets,1.35,
35417217,,,7.8,6.6,9.7,Vietnam House,Museums and Art Galleries,1.36,
35417217,,,7.8,6.6,9.7,Consulate General of Sweden,Embassies and Consulates,1.38,
35417217,,,7.8,6.6,9.7,Nhà Thuốc Tây Hòa Bình,Hospitals and Medical Facilities,1.41,
35417217,,,7.8,6.6,9.7,Ben Xe Mien Dong Bus Station,"Train, Metro and Bus Stations",1.43,
35417217,,,7.8,6.6,9.7,Saigon Outcast,Shopping Centers and Areas,1.43,
10983,,,9.6,9.3,9.5,Nguyen Van Troi Street,Famous Streets and Neighborhoods,0.09,
10983,,,9.6,9.3,9.5,Viện Y dược học dân tộc,Hospitals and Medical Facilities,0.24,
10983,,,9.6,9.3,9.5,Bệnh viện Phú Nhuận,Hospitals and Medical Facilities,0.24,
10983,,,9.6,9.3,9.5,TT TDTT quận Phú Nhận,Entertainment,0.27,
10983,,,9.6,9.3,9.5,Quan Khu 7 Stadium,Sports Venues,0.36,
10983,,,9.6,9.3,9.5,Hoang Van Thu Street,Famous Streets and Neighborhoods,0.39,
10983,,,9.6,9.3,9.5,White Palace Convention Center,Convention and Exhibition Centers,0.41,
10983,,,9.6,9.3,9.5,Sunleaf,Hospitals and Medical Facilities,0.47,
10983,,,9.6,9.3,9.5,Mai Handicrafts,Shops,0.51,
10983,,,9.6,9.3,9.5,Le Van Sy Street,Famous Streets and Neighborhoods,0.53,
2235563,,0.0,8.1,9.6,9.2,Le Saigonais,Shopping Centers and Areas,0.06,
2235563,,0.0,8.1,9.6,9.2,Eye Wear Store,Hospitals and Medical Facilities,0.09,
2235563,,0.0,8.1,9.6,9.2,Ho Chi Minh City Supreme People's Court,Business Offices,0.1,
2235563,,0.0,8.1,9.6,9.2,General Science Library Ho Chi Minh City,Libraries,0.12,
2235563,,0.0,8.1,9.6,9.2,Minh Nguyen Tailor,Shopping Centers and Areas,0.13,
2235563,,0.0,8.1,9.6,9.2,Thu Khoa Huan street,Famous Streets and Neighborhoods,0.13,
2235563,,0.0,8.1,9.6,9.2,Vietnam Adventure Tours,Tourist and Travel Info,0.15,
2235563,,0.0,8.1,9.6,9.2,The House of Saigon,Shopping Centers and Areas,0.16,
2235563,,0.0,8.1,9.6,9.2,Kenly Silk,Shopping Centers and Areas,0.18,
2235563,,0.0,8.1,9.6,9.2,Phi Phi Tailor,Shopping Centers and Areas,0.18,
34480840,,0.0,7.9,9.1,9.2,Gaya,Shops,0.05,
34480840,,0.0,7.9,9.1,9.2,23/9 Park,"Botanical Gardens, and Public Parks",0.13,
34480840,,0.0,7.9,9.1,9.2,Vòng xoay Phù Đổng Thiên Vương,"Botanical Gardens, and Public Parks",0.14,
34480840,,0.0,7.9,9.1,9.2,H&D Tailor,Shopping Centers and Areas,0.14,
34480840,,0.0,7.9,9.1,9.2,Pham Ngu Lao Street,Famous Streets and Neighborhoods,0.14,
34480840,,0.0,7.9,9.1,9.2,SahaBook,Shopping Centers and Areas,0.16,
34480840,,0.0,7.9,9.1,9.2,New Saigon Bar,Bars,0.16,
34480840,,0.0,7.9,9.1,9.2,Sacombank,Banks and Currency Exchange,0.16,
34480840,,0.0,7.9,9.1,9.2,Delta Adventure Tours,Things to do,0.16,
34480840,,0.0,7.9,9.1,9.2,163 Cyclo Bar,Bars,0.17,
37272417,,0.0,8.0,9.8,9.2,Quilts,Shops,0.02,
37272417,,0.0,8.0,9.8,9.2,Institute of Cultural Exchange with France,Things to do,0.04,
37272417,,0.0,8.0,9.8,9.2,Wild Horse Saloon,Bars,0.05,
37272417,,0.0,8.0,9.8,9.2,Sheridan's Irish House,Entertainment,0.06,
37272417,,0.0,8.0,9.8,9.2,Heart of Darkness,Entertainment,0.06,
37272417,,0.0,8.0,9.8,9.2,CORNER boutique Saigon,Shopping Centers and Areas,0.08,
37272417,,0.0,8.0,9.8,9.2,Veggy's,Shops,0.09,
37272417,,0.0,8.0,9.8,9.2,Reda,Shops,0.09,
37272417,,0.0,8.0,9.8,9.2,Alibi,Entertainment,0.09,
37272417,,0.0,8.0,9.8,9.2,Fronline Gallery,Shopping Centers and Areas,0.11,
90004172,,0.11,,,,Ho Chi Minh City Open University,"Colleges, Universities, and Educational institutions",0.08,
90004172,,0.11,,,,Yoko,Entertainment,0.16,
90004172,,0.11,,,,Workers' Club,Things to do,0.18,
90004172,,0.11,,,,Golden Dragon Water Puppet Theater,Theatres,0.19,
90004172,,0.11,,,,Water Puppet Show at Thao Dien Village,Theatres,0.21,
90004172,,0.11,,,,Vinh Loi Gallery,Shops,0.22,
90004172,,0.11,,,,Dr . Toàn,Hospitals and Medical Facilities,0.31,
90004172,,0.11,,,,Tao Đàn Park,"Botanical Gardens, and Public Parks",0.31,
90004172,,0.11,,,,Champa Temple,Places of Worship,0.31,
90004172,,0.11,,,,War Remnants Museum,Museums and Art Galleries,0.34,
41306301,,0.06,6.5,8.7,9.2,Sạp Khô Hải Phựợng,Supermarkets,0.04,
41306301,,0.06,6.5,8.7,9.2,Bismillah Tours and Travel,Shopping Centers and Areas,0.22,
41306301,,0.06,6.5,8.7,9.2,Galerie Quynh,Monuments and Landmarks,0.27,
41306301,,0.06,6.5,8.7,9.2,"Cho Dan Sinh (Hardware stores, army surplus, odds and ends)",Shopping Centers and Areas,0.27,
41306301,,0.06,6.5,8.7,9.2,Dan Sinh Market,Shops,0.33,
41306301,,0.06,6.5,8.7,9.2,Benh Vien Tai Mui Hong Sai Gon,Hospitals and Medical Facilities,0.35,
41306301,,0.06,6.5,8.7,9.2,BỆNH VIỆN TMH SÀI GÒN,Hospitals and Medical Facilities,0.37,
41306301,,0.06,6.5,8.7,9.2,Russian Market,Fresh Markets,0.37,
41306301,,0.06,6.5,8.7,9.2,vn,Hospitals and Medical Facilities,0.38,
41306301,,0.06,6.5,8.7,9.2,Phung Son Pagoda,Things to do,0.4,
4972275,,0.0,8.3,9.0,9.3,Benh Vien Mat Sai Gon,Hospitals and Medical Facilities,0.12,
4972275,,0.0,8.3,9.0,9.3,VietS Corner Flea Market,Shopping Centers and Areas,0.15,
4972275,,0.0,8.3,9.0,9.3,Zen Plaza,Shopping Centers and Areas,0.21,
4972275,,0.0,8.3,9.0,9.3,Tao Dan Park,"Botanical Gardens, and Public Parks",0.22,
4972275,,0.0,8.3,9.0,9.3,Nu Cuoi Duyen Dental Clinic,Hospitals and Medical Facilities,0.24,
4972275,,0.0,8.3,9.0,9.3,Champa Temple,Places of Worship,0.25,
4972275,,0.0,8.3,9.0,9.3,Vòng xoay Phù Đổng Thiên Vương,"Botanical Gardens, and Public Parks",0.27,
4972275,,0.0,8.3,9.0,9.3,Nguyen Du Stadium,Sports Venues,0.28,
4972275,,0.0,8.3,9.0,9.3,Tao Đàn Park,"Botanical Gardens, and Public Parks",0.29,
4972275,,0.0,8.3,9.0,9.3,Magonn Saigon,Shopping Centers and Areas,0.29,
80114585,,0.0,,,,Quilts,Shops,0.03,
80114585,,0.0,,,,Wild Horse Saloon,Bars,0.03,
80114585,,0.0,,,,Heart of Darkness,Entertainment,0.04,
80114585,,0.0,,,,Sheridan's Irish House,Entertainment,0.04,
80114585,,0.0,,,,Institute of Cultural Exchange with France,Things to do,0.05,
80114585,,0.0,,,,Veggy's,Shops,0.07,
80114585,,0.0,,,,Alibi,Entertainment,0.07,
80114585,,0.0,,,,Reda,Shops,0.08,
80114585,,0.0,,,,Fronline Gallery,Shopping Centers and Areas,0.08,
80114585,,0.0,,,,CORNER boutique Saigon,Shopping Centers and Areas,0.1,
85734134,,,,,,Ngọc Linh,Hospitals and Medical Facilities,0.33,
85734134,,,,,,Maison de Bunga,Shopping Centers and Areas,0.35,
85734134,,,,,,White Palace Convention Center,Convention and Exhibition Centers,0.57,
85734134,,,,,,Sài Gòn Smile,Hospitals and Medical Facilities,0.59,
85734134,,,,,,Hoan My Sai Gon Hospital,Hospitals and Medical Facilities,0.64,
85734134,,,,,,Sunleaf,Hospitals and Medical Facilities,0.67,
85734134,,,,,,Co-op Mart-NK Branch,Supermarkets,0.7,
85734134,,,,,,Hoang Van Thu Street,Famous Streets and Neighborhoods,0.72,
85734134,,,,,,Khu vui chơi trẻ em Đôrêmon,"Botanical Gardens, and Public Parks",0.83,
85734134,,,,,,Trạm Y Tế Phường 7 Quận Phú Nhuận,Hospitals and Medical Facilities,0.84,
85267969,,0.0,,,,Phan's Custom Tailor,Shopping Centers and Areas,0.08,
85267969,,0.0,,,,TD Central Hotel,Supermarkets,0.08,
85267969,,0.0,,,,Mariamman Hindu Temple,Places of Worship,0.11,
85267969,,0.0,,,,Consulate of Korea,Embassies and Consulates,0.12,
85267969,,0.0,,,,Queen Collection,Shopping Centers and Areas,0.14,
85267969,,0.0,,,,Shimmer Silver,Shopping Centers and Areas,0.15,
85267969,,0.0,,,,frutas,Supermarkets,0.15,
85267969,,0.0,,,,Conservatory of Music,Music Venues,0.18,
85267969,,0.0,,,,Pour Homme,Shopping Centers and Areas,0.19,
85267969,,0.0,,,,Nguyen Du Stadium,Sports Venues,0.19,
5869838,,0.0,7.7,9.4,9.2,Vasco's Bar,Bars,0.04,
5869838,,0.0,7.7,9.4,9.2,Fronline Gallery,Shopping Centers and Areas,0.09,
5869838,,0.0,7.7,9.4,9.2,The Refinery,Entertainment,0.09,
5869838,,0.0,7.7,9.4,9.2,Alibi,Entertainment,0.1,
5869838,,0.0,7.7,9.4,9.2,Veggy's,Shops,0.11,
5869838,,0.0,7.7,9.4,9.2,Vino,Entertainment,0.13,
5869838,,0.0,7.7,9.4,9.2,Reda,Shops,0.13,
5869838,,0.0,7.7,9.4,9.2,Wild Horse Saloon,Bars,0.14,
5869838,,0.0,7.7,9.4,9.2,Veddy's,Supermarkets,0.14,
5869838,,0.0,7.7,9.4,9.2,Consulate of Slovakia,Embassies and Consulates,0.15,
13571664,,1.48,9.2,9.3,9.8,Duc Lam Art Gallery,Shopping Centers and Areas,0.11,
13571664,,1.48,9.2,9.3,9.8,Hong Duc Hospital,Hospitals and Medical Facilities,0.34,
13571664,,1.48,9.2,9.3,9.8,Binh Soup Shop,Things to do,0.36,
13571664,,1.48,9.2,9.3,9.8,Wat Chantarangsay,Places of Worship,0.39,
13571664,,1.48,9.2,9.3,9.8,Eco,Hospitals and Medical Facilities,0.39,
13571664,,1.48,9.2,9.3,9.8,Chua Vinh Nghiem,Things to do,0.4,
13571664,,1.48,9.2,9.3,9.8,Vinh Nghiem Pagoda,Places of Worship,0.4,
13571664,,1.48,9.2,9.3,9.8,Mỹ Châu,Hospitals and Medical Facilities,0.4,
13571664,,1.48,9.2,9.3,9.8,Ho Chi Minh City Pasteur Institute,Hospitals and Medical Facilities,0.41,
13571664,,1.48,9.2,9.3,9.8,Turtle Lake,"Rivers, Reservoirs, and Lakes",0.42,
60563235,,0.0,8.3,9.1,9.3,Benh Vien Mat Sai Gon,Hospitals and Medical Facilities,0.08,
60563235,,0.0,8.3,9.1,9.3,VietS Corner Flea Market,Shopping Centers and Areas,0.13,
60563235,,0.0,8.3,9.1,9.3,Zen Plaza,Shopping Centers and Areas,0.19,
60563235,,0.0,8.3,9.1,9.3,Tao Dan Park,"Botanical Gardens, and Public Parks",0.23,
60563235,,0.0,8.3,9.1,9.3,Nu Cuoi Duyen Dental Clinic,Hospitals and Medical Facilities,0.25,
60563235,,0.0,8.3,9.1,9.3,Magonn Saigon,Shopping Centers and Areas,0.26,
60563235,,0.0,8.3,9.1,9.3,Vòng xoay Phù Đổng Thiên Vương,"Botanical Gardens, and Public Parks",0.28,
60563235,,0.0,8.3,9.1,9.3,Champa Temple,Places of Worship,0.3,
60563235,,0.0,8.3,9.1,9.3,Nguyen Du Stadium,Sports Venues,0.32,
60563235,,0.0,8.3,9.1,9.3,Lechat Silk,Shopping Centers and Areas,0.32,
36999606,,0.3,6.2,9.4,9.2,Russian Market,Fresh Markets,0.08,
36999606,,0.3,6.2,9.4,9.2,Bismillah Tours and Travel,Shopping Centers and Areas,0.09,
36999606,,0.3,6.2,9.4,9.2,Trạm Y tế phường 5,Hospitals and Medical Facilities,0.19,
36999606,,0.3,6.2,9.4,9.2,Galerie Quynh,Monuments and Landmarks,0.28,
36999606,,0.3,6.2,9.4,9.2,Sạp Khô Hải Phựợng,Supermarkets,0.34,
36999606,,0.3,6.2,9.4,9.2,GetFit Gym,Entertainment,0.37,
36999606,,0.3,6.2,9.4,9.2,Khu vui chơi Khánh Hội,"Amusement, Theme parks, and Water parks",0.45,
36999606,,0.3,6.2,9.4,9.2,Benh Vien Rang-Ham-Mat,Hospitals and Medical Facilities,0.48,
36999606,,0.3,6.2,9.4,9.2,Maxillo Facial Hospital,Hospitals and Medical Facilities,0.48,
36999606,,0.3,6.2,9.4,9.2,Công viên Khánh Hội,"Botanical Gardens, and Public Parks",0.51,
31254730,,1.04,9.0,8.3,9.9,L'Apothiquaire,Shops,0.11,
31254730,,1.04,9.0,8.3,9.9,Tai Mũi Họng Thành phố Hồ Chí Minh,Hospitals and Medical Facilities,0.22,
31254730,,1.04,9.0,8.3,9.9,Ear Nose Throat Hospital,Hospitals and Medical Facilities,0.23,
31254730,,1.04,9.0,8.3,9.9,Bao Tang Phu Nu Nam Bo,Museums and Art Galleries,0.28,
31254730,,1.04,9.0,8.3,9.9,Southern Women's Museum,Museums and Art Galleries,0.28,
31254730,,1.04,9.0,8.3,9.9,Consulate of Thailand,Embassies and Consulates,0.29,
31254730,,1.04,9.0,8.3,9.9,Traditional Medicine Hospital,Hospitals and Medical Facilities,0.43,
31254730,,1.04,9.0,8.3,9.9,Vo Thi Sau Street,Famous Streets and Neighborhoods,0.45,
31254730,,1.04,9.0,8.3,9.9,Metropole Wedding and Convention Center,Convention and Exhibition Centers,0.45,
31254730,,1.04,9.0,8.3,9.9,Bệnh viện Mắt TP. Hồ Chí Minh,Hospitals and Medical Facilities,0.46,
75304051,,0.81,,,,Le Van Tam Park,"Botanical Gardens, and Public Parks",0.16,
75304051,,0.81,,,,Mi Chi,Supermarkets,0.18,
75304051,,0.81,,,,Tan Dinh Church,Places of Worship,0.2,
75304051,,0.81,,,,Tiny Ink,Shopping Centers and Areas,0.22,
75304051,,0.81,,,,Cham Khanh,Shops,0.27,
75304051,,0.81,,,,VGF,Supermarkets,0.29,
75304051,,0.81,,,,Minh Phuong lacquer-ware gallergy,Shopping Centers and Areas,0.32,
75304051,,0.81,,,,Ho Con Rua,Famous Streets and Neighborhoods,0.32,
75304051,,0.81,,,,Saigon Square 2,Shopping Centers and Areas,0.33,
75304051,,0.81,,,,Consulate of Cambodia,Embassies and Consulates,0.34,
93006841,,1.23,,,,The New District,Shops,0.27,
93006841,,1.23,,,,ssstsrsdstedsdedfrestfffsd,Parking,0.28,
93006841,,1.23,,,,Khu Du lịch Kỳ Hoà,"Botanical Gardens, and Public Parks",0.37,
93006841,,1.23,,,,Sklep z herbatkami z grzybow,Hospitals and Medical Facilities,0.38,
93006841,,1.23,,,,FITO Museum,Museums and Art Galleries,0.4,
93006841,,1.23,,,,Bác sĩ Da liễu Võ Thị Bạch Sương,Hospitals and Medical Facilities,0.45,
93006841,,1.23,,,,Lan Anh Club,Entertainment,0.48,
93006841,,1.23,,,,Minh Hoa,Hospitals and Medical Facilities,0.48,
93006841,,1.23,,,,Hiếu Quyên,Hospitals and Medical Facilities,0.51,
93006841,,1.23,,,,Mien Nam Silk,Shopping Centers and Areas,0.52,
230121,,0.0,8.0,10.0,9.2,Veritas Shoes,Shopping Centers and Areas,0.02,
230121,,0.0,8.0,10.0,9.2,Veddy's,Supermarkets,0.08,
230121,,0.0,8.0,10.0,9.2,Vino,Entertainment,0.09,
230121,,0.0,8.0,10.0,9.2,Blue Gecko Bar,Bars,0.11,
230121,,0.0,8.0,10.0,9.2,Reda,Shops,0.12,
230121,,0.0,8.0,10.0,9.2,The Refinery,Entertainment,0.12,
230121,,0.0,8.0,10.0,9.2,Vincom Center,Shopping Centers and Areas,0.13,
230121,,0.0,8.0,10.0,9.2,Vincom Shopping Center,Shops,0.13,
230121,,0.0,8.0,10.0,9.2,Institute of Cultural Exchange with France,Things to do,0.15,
230121,,0.0,8.0,10.0,9.2,Alibi,Entertainment,0.15,
37844344,,0.0,7.8,9.2,9.2,Infant Hospital 2,Hospitals and Medical Facilities,0.12,
37844344,,0.0,7.8,9.2,9.2,Ha Phuong Souvenir Shop,Shopping Centers and Areas,0.12,
37844344,,0.0,7.8,9.2,9.2,Parkson Viet Nam,Shopping Centers and Areas,0.12,
37844344,,0.0,7.8,9.2,9.2,Vin Mart,Shopping Centers and Areas,0.12,
37844344,,0.0,7.8,9.2,9.2,Bao Tang Ton Duc Thang,Museums and Art Galleries,0.13,
37844344,,0.0,7.8,9.2,9.2,Consulate of Panama,Embassies and Consulates,0.14,
37844344,,0.0,7.8,9.2,9.2,Cepage,Entertainment,0.15,
37844344,,0.0,7.8,9.2,9.2,Cage,Entertainment,0.16,
37844344,,0.0,7.8,9.2,9.2,No 5 Ly Tu Trong,Entertainment,0.19,
37844344,,0.0,7.8,9.2,9.2,Sheridan's Irish House,Entertainment,0.23,
545120,,0.0,7.2,10.0,9.2,NGA Art And Craft,Shopping Centers and Areas,0.02,
545120,,0.0,7.2,10.0,9.2,Kito,Shopping Centers and Areas,0.02,
545120,,0.0,7.2,10.0,9.2,Usagi,Shopping Centers and Areas,0.04,
545120,,0.0,7.2,10.0,9.2,Qing,Entertainment,0.05,
545120,,0.0,7.2,10.0,9.2,Tricia & Verona,Shopping Centers and Areas,0.06,
545120,,0.0,7.2,10.0,9.2,Tara & Kys Art Gallery,Shopping Centers and Areas,0.06,
545120,,0.0,7.2,10.0,9.2,Palazzo Club,Casinos,0.06,
545120,,0.0,7.2,10.0,9.2,Tropic,Shopping Centers and Areas,0.07,
545120,,0.0,7.2,10.0,9.2,Miss Bee,Shopping Centers and Areas,0.07,
545120,,0.0,7.2,10.0,9.2,Dia Projects,Shopping Centers and Areas,0.07,
17522772,,0.0,8.1,9.4,9.2,No 5 Ly Tu Trong,Entertainment,0.03,
17522772,,0.0,8.1,9.4,9.2,Lush,Entertainment,0.05,
17522772,,0.0,8.1,9.4,9.2,Consulate of Panama,Embassies and Consulates,0.07,
17522772,,0.0,8.1,9.4,9.2,Carmen,Entertainment,0.08,
17522772,,0.0,8.1,9.4,9.2,Ha Phuong Souvenir Shop,Shopping Centers and Areas,0.09,
17522772,,0.0,8.1,9.4,9.2,Parkson Viet Nam,Shopping Centers and Areas,0.09,
17522772,,0.0,8.1,9.4,9.2,Vin Mart,Shopping Centers and Areas,0.09,
17522772,,0.0,8.1,9.4,9.2,Cepage,Entertainment,0.18,
17522772,,0.0,8.1,9.4,9.2,Westcoast Dental,Hospitals and Medical Facilities,0.21,
17522772,,0.0,8.1,9.4,9.2,Exotissimo,Shops,0.26,
35540459,,0.0,8.1,9.8,9.2,Zen Plaza,Shopping Centers and Areas,0.05,
35540459,,0.0,8.1,9.8,9.2,Gaya,Shops,0.12,
35540459,,0.0,8.1,9.8,9.2,Vòng xoay Phù Đổng Thiên Vương,"Botanical Gardens, and Public Parks",0.13,
35540459,,0.0,8.1,9.8,9.2,Nu Cuoi Duyen Dental Clinic,Hospitals and Medical Facilities,0.14,
35540459,,0.0,8.1,9.8,9.2,Lechat Silk,Shopping Centers and Areas,0.15,
35540459,,0.0,8.1,9.8,9.2,Magonn Saigon,Shopping Centers and Areas,0.17,
35540459,,0.0,8.1,9.8,9.2,23/9 Park,"Botanical Gardens, and Public Parks",0.17,
35540459,,0.0,8.1,9.8,9.2,Benh Vien Mat Sai Gon,Hospitals and Medical Facilities,0.18,
35540459,,0.0,8.1,9.8,9.2,Public Sport utilities,"Botanical Gardens, and Public Parks",0.21,
35540459,,0.0,8.1,9.8,9.2,FFF phạm ngũ lão,Supermarkets,0.21,
74057351,,0.0,,,,Nu Cuoi Duyen Dental Clinic,Hospitals and Medical Facilities,0.05,
74057351,,0.0,,,,Vòng xoay Phù Đổng Thiên Vương,"Botanical Gardens, and Public Parks",0.09,
74057351,,0.0,,,,Zen Plaza,Shopping Centers and Areas,0.11,
74057351,,0.0,,,,Pour Homme,Shopping Centers and Areas,0.16,
74057351,,0.0,,,,Benh Vien Mat Sai Gon,Hospitals and Medical Facilities,0.18,
74057351,,0.0,,,,Nguyen Du Stadium,Sports Venues,0.19,
74057351,,0.0,,,,H&D Tailor,Shopping Centers and Areas,0.2,
74057351,,0.0,,,,Shimmer Silver,Shopping Centers and Areas,0.2,
74057351,,0.0,,,,Gaya,Shops,0.22,
74057351,,0.0,,,,New Saigon Bar,Bars,0.27,
245858,,0.0,8.3,9.5,9.3,VietS Corner Flea Market,Shopping Centers and Areas,0.08,
245858,,0.0,8.3,9.5,9.3,Benh Vien Mat Sai Gon,Hospitals and Medical Facilities,0.1,
245858,,0.0,8.3,9.5,9.3,Tao Dan Park,"Botanical Gardens, and Public Parks",0.22,
245858,,0.0,8.3,9.5,9.3,Zen Plaza,Shopping Centers and Areas,0.24,
245858,,0.0,8.3,9.5,9.3,Magonn Saigon,Shopping Centers and Areas,0.25,
245858,,0.0,8.3,9.5,9.3,Bui Thi Xuan Street,Famous Streets and Neighborhoods,0.26,
245858,,0.0,8.3,9.5,9.3,Catholic Church Huyen Sy,Places of Worship,0.27,
245858,,0.0,8.3,9.5,9.3,GS25,Supermarkets,0.28,
245858,,0.0,8.3,9.5,9.3,BV Quốc tế phụ sản,Hospitals and Medical Facilities,0.29,
245858,,0.0,8.3,9.5,9.3,Nu Cuoi Duyen Dental Clinic,Hospitals and Medical Facilities,0.31,
30670517,,0.65,8.5,8.3,9.3,mini mart,Supermarkets,0.22,
30670517,,0.65,8.5,8.3,9.3,Palm Vietnam Travel - Day Tours,Shopping Centers and Areas,0.28,
30670517,,0.65,8.5,8.3,9.3,Consulate of Philippines,Embassies and Consulates,0.48,
30670517,,0.65,8.5,8.3,9.3,Hang Xanh,Famous Streets and Neighborhoods,0.51,
30670517,,0.65,8.5,8.3,9.3,Benh Vien Tham My Duy Thien,Hospitals and Medical Facilities,0.58,
30670517,,0.65,8.5,8.3,9.3,Khu Du lich Van Thanh,"Botanical Gardens, and Public Parks",0.78,
30670517,,0.65,8.5,8.3,9.3,Bác Sĩ Phạm Đình Hòa,Hospitals and Medical Facilities,0.83,
30670517,,0.65,8.5,8.3,9.3,Hiệu Thuốc Số 48,Hospitals and Medical Facilities,0.85,
30670517,,0.65,8.5,8.3,9.3,Kho Fahasa,"Botanical Gardens, and Public Parks",0.87,
30670517,,0.65,8.5,8.3,9.3,Henna Art By Kim,Shopping Centers and Areas,0.91,
87898903,,,,,,Hoang Hoa Tham Street,Famous Streets and Neighborhoods,0.29,
87898903,,,,,,Benh Vien Da Khoa Myduc,Hospitals and Medical Facilities,0.71,
87898903,,,,,,Etown,Famous Buildings,0.78,
87898903,,,,,,AEON mart,Supermarkets,0.79,
87898903,,,,,,HCMC International Exhibition & Convention Center,Convention and Exhibition Centers,0.98,
87898903,,,,,,Tan Binh Exhibition & Convention Centre,Convention and Exhibition Centers,1.02,
87898903,,,,,,Tan Binh Hospital,Hospitals and Medical Facilities,1.04,
87898903,,,,,,Khu thể thao - Tấn Trường,Entertainment,1.08,
87898903,,,,,,Bệnh viện Thống Nhất,Hospitals and Medical Facilities,1.09,
87898903,,,,,,Vincom Maximark Cộng Hòa,Supermarkets,1.13,
87475901,,,,,,Hoang Hoa Tham Street,Famous Streets and Neighborhoods,0.52,
87475901,,,,,,HCMC International Exhibition & Convention Center,Convention and Exhibition Centers,0.71,
87475901,,,,,,Tan Binh Exhibition & Convention Centre,Convention and Exhibition Centers,0.75,
87475901,,,,,,Tan Binh Hospital,Hospitals and Medical Facilities,0.77,
87475901,,,,,,Bệnh viện Thống Nhất,Hospitals and Medical Facilities,0.84,
87475901,,,,,,Benh Vien Da Khoa Myduc,Hospitals and Medical Facilities,0.93,
87475901,,,,,,Vincom Maximark Cộng Hòa,Supermarkets,0.94,
87475901,,,,,,Thong Nhat Hospital,Hospitals and Medical Facilities,0.96,
87475901,,,,,,Maximart,Supermarkets,0.97,
87475901,,,,,,AEON mart,Supermarkets,1.02,
10971,,0.0,7.5,9.6,9.2,Saigon Saigon Bar,Bars,0.02,
10971,,0.0,7.5,9.6,9.2,Q Bar,Bars,0.06,
10971,,0.0,7.5,9.6,9.2,Nha Hat Thanh Pho (Opera House),Famous Buildings,0.06,
10971,,0.0,7.5,9.6,9.2,Saigon Opera House (Ho Chi Minh Municipal Theater),Theatres,0.06,
10971,,0.0,7.5,9.6,9.2,Opera House,Music Venues,0.07,
10971,,0.0,7.5,9.6,9.2,Devon London Dong Khoi,Shopping Centers and Areas,0.07,
10971,,0.0,7.5,9.6,9.2,L'usine,Shopping Centers and Areas,0.07,
10971,,0.0,7.5,9.6,9.2,Tombo,Shopping Centers and Areas,0.07,
10971,,0.0,7.5,9.6,9.2,Municipal Theatre,Theatres,0.07,
10971,,0.0,7.5,9.6,9.2,Saigon Central Mosque,Places of Worship,0.07,
87898716,,,,,,Hoang Hoa Tham Street,Famous Streets and Neighborhoods,0.4,
87898716,,,,,,Benh Vien Da Khoa Myduc,Hospitals and Medical Facilities,0.7,
87898716,,,,,,AEON mart,Supermarkets,0.79,
87898716,,,,,,Etown,Famous Buildings,0.8,
87898716,,,,,,HCMC International Exhibition & Convention Center,Convention and Exhibition Centers,0.93,
87898716,,,,,,Tan Binh Exhibition & Convention Centre,Convention and Exhibition Centers,0.97,
87898716,,,,,,Tan Binh Hospital,Hospitals and Medical Facilities,0.98,
87898716,,,,,,Bệnh viện Thống Nhất,Hospitals and Medical Facilities,1.0,
87898716,,,,,,Công viên Bàu Cát,"Botanical Gardens, and Public Parks",1.06,
87898716,,,,,,Thong Nhat Hospital,Hospitals and Medical Facilities,1.12,
1158663,,0.0,7.7,9.7,9.2,Fronline Gallery,Shopping Centers and Areas,0.05,
1158663,,0.0,7.7,9.7,9.2,Vasco's Bar,Bars,0.08,
1158663,,0.0,7.7,9.7,9.2,Veggy's,Shops,0.09,
1158663,,0.0,7.7,9.7,9.2,Alibi,Entertainment,0.09,
1158663,,0.0,7.7,9.7,9.2,Wild Horse Saloon,Bars,0.11,
1158663,,0.0,7.7,9.7,9.2,Heart of Darkness,Entertainment,0.11,
1158663,,0.0,7.7,9.7,9.2,Sheridan's Irish House,Entertainment,0.12,
1158663,,0.0,7.7,9.7,9.2,Reda,Shops,0.13,
1158663,,0.0,7.7,9.7,9.2,Infant Hospital 2,Hospitals and Medical Facilities,0.13,
1158663,,0.0,7.7,9.7,9.2,The Refinery,Entertainment,0.14,
36088679,,0.28,8.6,7.7,9.7,Công viên Thích Quảng Đức,"Botanical Gardens, and Public Parks",0.22,
36088679,,0.28,8.6,7.7,9.7,Bệnh viện Da Liễu TPHCM,Hospitals and Medical Facilities,0.32,
36088679,,0.28,8.6,7.7,9.7,International Maternity Hospital in Saigon,Hospitals and Medical Facilities,0.33,
36088679,,0.28,8.6,7.7,9.7,Tao Dan Park,"Botanical Gardens, and Public Parks",0.41,
36088679,,0.28,8.6,7.7,9.7,Dr . Toàn,Hospitals and Medical Facilities,0.42,
36088679,,0.28,8.6,7.7,9.7,Dental Clinic: Phòng Nha khoa NS Đậu Đình Ân,Hospitals and Medical Facilities,0.43,
36088679,,0.28,8.6,7.7,9.7,Vinh Loi Gallery,Shops,0.44,
36088679,,0.28,8.6,7.7,9.7,Fit 24,Fitness and Yoga Centers,0.45,
36088679,,0.28,8.6,7.7,9.7,VietS Corner Flea Market,Shopping Centers and Areas,0.45,
36088679,,0.28,8.6,7.7,9.7,Chua Xa Loi,Things to do,0.47,
35412483,,0.0,7.5,9.7,9.2,Blue Dragon,Shops,0.02,
35412483,,0.0,7.5,9.7,9.2,TNK Travel,Tourist and Travel Info,0.03,
35412483,,0.0,7.5,9.7,9.2,Sapa,Shops,0.04,
35412483,,0.0,7.5,9.7,9.2,Ginkgo Concept Store,Shopping Centers and Areas,0.05,
35412483,,0.0,7.5,9.7,9.2,Go2,Entertainment,0.06,
35412483,,0.0,7.5,9.7,9.2,Hong Hoa Mini-Market,Shops,0.06,
35412483,,0.0,7.5,9.7,9.2,Bobby Brewers,"Wineries, Breweries, and Distilleries",0.07,
35412483,,0.0,7.5,9.7,9.2,Lucy's Dream,Shopping Centers and Areas,0.07,
35412483,,0.0,7.5,9.7,9.2,Kim Travel,Tourist and Travel Info,0.07,
35412483,,0.0,7.5,9.7,9.2,Papaya,Shopping Centers and Areas,0.08,
1161655,,0.0,7.6,9.7,9.2,Bao Tang Ton Duc Thang,Museums and Art Galleries,0.06,
1161655,,0.0,7.6,9.7,9.2,Cage,Entertainment,0.1,
1161655,,0.0,7.6,9.7,9.2,Infant Hospital 2,Hospitals and Medical Facilities,0.15,
1161655,,0.0,7.6,9.7,9.2,Ha Phuong Souvenir Shop,Shopping Centers and Areas,0.18,
1161655,,0.0,7.6,9.7,9.2,Parkson Viet Nam,Shopping Centers and Areas,0.18,
1161655,,0.0,7.6,9.7,9.2,Vin Mart,Shopping Centers and Areas,0.18,
1161655,,0.0,7.6,9.7,9.2,Consulate of Panama,Embassies and Consulates,0.21,
1161655,,0.0,7.6,9.7,9.2,Cepage,Entertainment,0.22,
1161655,,0.0,7.6,9.7,9.2,No 5 Ly Tu Trong,Entertainment,0.26,
1161655,,0.0,7.6,9.7,9.2,Sheridan's Irish House,Entertainment,0.27,
75242621,,0.0,,,,Dan Sinh Market,Shops,0.06,
75242621,,0.0,,,,Benh Vien Tai Mui Hong Sai Gon,Hospitals and Medical Facilities,0.1,
75242621,,0.0,,,,BỆNH VIỆN TMH SÀI GÒN,Hospitals and Medical Facilities,0.1,
75242621,,0.0,,,,"Cho Dan Sinh (Hardware stores, army surplus, odds and ends)",Shopping Centers and Areas,0.11,
75242621,,0.0,,,,vn,Hospitals and Medical Facilities,0.13,
75242621,,0.0,,,,Singapore Bussiness Group,Business Offices,0.15,
75242621,,0.0,,,,Foodco Mart,Supermarkets,0.16,
75242621,,0.0,,,,Gossip Club,Bars,0.21,
75242621,,0.0,,,,Phung Son Pagoda,Things to do,0.27,
75242621,,0.0,,,,Hong Dai,Hospitals and Medical Facilities,0.29,
51756230,,0.0,8.3,8.5,9.3,Cong Quynh dental clinic,Hospitals and Medical Facilities,0.13,
51756230,,0.0,8.3,8.5,9.3,Handspan Adventure Travel,Tourist and Travel Info,0.14,
51756230,,0.0,8.3,8.5,9.3,Co-op Mart,Shops,0.14,
51756230,,0.0,8.3,8.5,9.3,Co.op Mart Cống Quỳnh,Supermarkets,0.17,
51756230,,0.0,8.3,8.5,9.3,Co-op Mart-CQ Branch,Supermarkets,0.19,
51756230,,0.0,8.3,8.5,9.3,dentel center dr. hung,Hospitals and Medical Facilities,0.21,
51756230,,0.0,8.3,8.5,9.3,GS25,Supermarkets,0.23,
51756230,,0.0,8.3,8.5,9.3,Siêu Thi C&C,Supermarkets,0.23,
51756230,,0.0,8.3,8.5,9.3,BV Quốc tế phụ sản,Hospitals and Medical Facilities,0.23,
51756230,,0.0,8.3,8.5,9.3,Tu Du Opstetrics Hospital,Hospitals and Medical Facilities,0.24,
89597070,,,,,,Captain,Fitness and Yoga Centers,0.12,
89597070,,,,,,SaigonBus Parking,Parking,0.24,
89597070,,,,,,San Khau Kich Hong Van Superbowl,"Amusement, Theme parks, and Water parks",0.27,
89597070,,,,,,FUSOP,Entertainment,0.31,
89597070,,,,,,nha thuoc quynh mai,Hospitals and Medical Facilities,0.37,
89597070,,,,,,Hoang Van Thu Park,"Botanical Gardens, and Public Parks",0.53,
89597070,,,,,,Hồ nước ở công viên,"Rivers, Reservoirs, and Lakes",0.56,
89597070,,,,,,CLB Thể thao Không quân,Entertainment,0.56,
89597070,,,,,,Consulate of Myanmar,Embassies and Consulates,0.68,
89597070,,,,,,Nhà thi đấu Quân khu 7,Entertainment,0.69,
62095680,,0.08,,,,Vinh Loi Gallery,Shops,0.03,
62095680,,0.08,,,,Ho Chi Minh City Open University,"Colleges, Universities, and Educational institutions",0.12,
62095680,,0.08,,,,Tao Dan Park,"Botanical Gardens, and Public Parks",0.18,
62095680,,0.08,,,,Yoko,Entertainment,0.21,
62095680,,0.08,,,,Dr . Toàn,Hospitals and Medical Facilities,0.27,
62095680,,0.08,,,,Workers' Club,Things to do,0.28,
62095680,,0.08,,,,Champa Temple,Places of Worship,0.28,
62095680,,0.08,,,,Golden Dragon Water Puppet Theater,Theatres,0.3,
62095680,,0.08,,,,Tao Đàn Park,"Botanical Gardens, and Public Parks",0.3,
62095680,,0.08,,,,Công viên Thích Quảng Đức,"Botanical Gardens, and Public Parks",0.32,
34309448,,0.0,8.2,9.1,9.2,Carmen,Entertainment,0.01,
34309448,,0.0,8.2,9.1,9.2,Lush,Entertainment,0.06,
34309448,,0.0,8.2,9.1,9.2,No 5 Ly Tu Trong,Entertainment,0.06,
34309448,,0.0,8.2,9.1,9.2,Consulate of Panama,Embassies and Consulates,0.12,
34309448,,0.0,8.2,9.1,9.2,Ha Phuong Souvenir Shop,Shopping Centers and Areas,0.14,
34309448,,0.0,8.2,9.1,9.2,Parkson Viet Nam,Shopping Centers and Areas,0.14,
34309448,,0.0,8.2,9.1,9.2,Vin Mart,Shopping Centers and Areas,0.14,
34309448,,0.0,8.2,9.1,9.2,Cepage,Entertainment,0.15,
34309448,,0.0,8.2,9.1,9.2,Westcoast Dental,Hospitals and Medical Facilities,0.16,
34309448,,0.0,8.2,9.1,9.2,Exotissimo,Shops,0.23,
43241722,,0.0,7.3,9.6,9.2,Annam Gourmet Shop,Shops,0.04,
43241722,,0.0,7.3,9.6,9.2,Anupa Eco Boutique,Shopping Centers and Areas,0.06,
43241722,,0.0,7.3,9.6,9.2,Thi sach street,Famous Streets and Neighborhoods,0.06,
43241722,,0.0,7.3,9.6,9.2,Apocalypse Now,Entertainment,0.07,
43241722,,0.0,7.3,9.6,9.2,Consulate of Slovakia,Embassies and Consulates,0.11,
43241722,,0.0,7.3,9.6,9.2,Consulate of Australia,Embassies and Consulates,0.14,
43241722,,0.0,7.3,9.6,9.2,Saigon Central Mosque,Places of Worship,0.14,
43241722,,0.0,7.3,9.6,9.2,Tricia & Verona,Shopping Centers and Areas,0.14,
43241722,,0.0,7.3,9.6,9.2,Qing,Entertainment,0.16,
43241722,,0.0,7.3,9.6,9.2,Palazzo Club,Casinos,0.17,
90514486,,1.86,,,,K1 Boxing Centre,Sports Venues,0.08,
90514486,,1.86,,,,CoopMart Nhiêu Lộc,Supermarkets,0.19,
90514486,,1.86,,,,Viet Quoc 5,Hospitals and Medical Facilities,0.25,
90514486,,1.86,,,,Nha Khoa Vạn Hạnh,Hospitals and Medical Facilities,0.28,
90514486,,1.86,,,,Saigon Railway Station,"Train, Metro and Bus Stations",0.32,
90514486,,1.86,,,,CoopFood,Supermarkets,0.38,
90514486,,1.86,,,,Y Te Du Phong,Hospitals and Medical Facilities,0.5,
90514486,,1.86,,,,Bach Dang,"Rivers, Reservoirs, and Lakes",0.52,
90514486,,1.86,,,,Ho Chi Minh City Pedagogical University,"Colleges, Universities, and Educational institutions",0.53,
90514486,,1.86,,,,An Sinh Hospital,Hospitals and Medical Facilities,0.63,
63810012,,0.0,,,,Sinhbalo Adventures,Things to do,0.01,
63810012,,0.0,,,,Saigon Logistics,Shops,0.03,
63810012,,0.0,,,,Long Phi,Entertainment,0.06,
63810012,,0.0,,,,Saigon Tourist,Tourist and Travel Info,0.11,
63810012,,0.0,,,,Saigon Jane,Shopping Centers and Areas,0.11,
63810012,,0.0,,,,Thuan Phuoc Handicraft Company,Shopping Centers and Areas,0.12,
63810012,,0.0,,,,The Sun Art Gallery,Shopping Centers and Areas,0.12,
63810012,,0.0,,,,Ánh,Hospitals and Medical Facilities,0.13,
63810012,,0.0,,,,Dau Tam Tailor,Shopping Centers and Areas,0.14,
63810012,,0.0,,,,Luna gym,Fitness and Yoga Centers,0.15,
298923,,,9.6,6.8,9.2,HCMC International Exhibition & Convention Center,Convention and Exhibition Centers,0.25,
298923,,,9.6,6.8,9.2,Tan Binh Exhibition & Convention Centre,Convention and Exhibition Centers,0.29,
298923,,,9.6,6.8,9.2,Tan Binh Hospital,Hospitals and Medical Facilities,0.31,
298923,,,9.6,6.8,9.2,Bệnh viện Thống Nhất,Hospitals and Medical Facilities,0.51,
298923,,,9.6,6.8,9.2,Thong Nhat Hospital,Hospitals and Medical Facilities,0.63,
298923,,,9.6,6.8,9.2,Vincom Maximark Cộng Hòa,Supermarkets,0.7,
298923,,,9.6,6.8,9.2,Maximart,Supermarkets,0.74,
298923,,,9.6,6.8,9.2,Benh Vien Chỉnh Hinh Va Phuc Hoi Chuc Nang Tphcm,Hospitals and Medical Facilities,0.9,
298923,,,9.6,6.8,9.2,Hoang Hoa Tham Street,Famous Streets and Neighborhoods,0.96,
298923,,,9.6,6.8,9.2,Khoa Sports,Fitness and Yoga Centers,1.04,
7295630,,0.0,8.3,9.2,9.3,Benh Vien Mat Sai Gon,Hospitals and Medical Facilities,0.08,
7295630,,0.0,8.3,9.2,9.3,VietS Corner Flea Market,Shopping Centers and Areas,0.11,
7295630,,0.0,8.3,9.2,9.3,Zen Plaza,Shopping Centers and Areas,0.21,
7295630,,0.0,8.3,9.2,9.3,Magonn Saigon,Shopping Centers and Areas,0.22,
7295630,,0.0,8.3,9.2,9.3,Tao Dan Park,"Botanical Gardens, and Public Parks",0.25,
7295630,,0.0,8.3,9.2,9.3,Bui Thi Xuan Street,Famous Streets and Neighborhoods,0.25,
7295630,,0.0,8.3,9.2,9.3,Catholic Church Huyen Sy,Places of Worship,0.26,
7295630,,0.0,8.3,9.2,9.3,GS25,Supermarkets,0.28,
7295630,,0.0,8.3,9.2,9.3,BV Quốc tế phụ sản,Hospitals and Medical Facilities,0.28,
7295630,,0.0,8.3,9.2,9.3,Nu Cuoi Duyen Dental Clinic,Hospitals and Medical Facilities,0.3,
36861374,,,10.0,8.2,9.2,Phong Kham Da Khoa Vien Gut- Dieu Trị Benh Gut,Hospitals and Medical Facilities,0.11,
36861374,,,10.0,8.2,9.2,Southern Breeze - Day Tour,Museums and Art Galleries,0.26,
36861374,,,10.0,8.2,9.2,Bãi đậu Taxi Sân Bay,Parking,0.4,
36861374,,,10.0,8.2,9.2,bãi đậu xe taxi,Parking,0.4,
36861374,,,10.0,8.2,9.2,CGV Cinema CT Plaza,Theatres,0.43,
36861374,,,10.0,8.2,9.2,Câu lạc bộ Hàng không,Entertainment,0.46,
36861374,,,10.0,8.2,9.2,Bãi đậu xe Ga Quốc tế,Parking,0.46,
36861374,,,10.0,8.2,9.2,Parkson CT Plaza,Shopping Centers and Areas,0.47,
36861374,,,10.0,8.2,9.2,Sleep Zone,Bars,0.52,
36861374,,,10.0,8.2,9.2,nha thuoc quynh mai,Hospitals and Medical Facilities,0.62,
81824485,,0.0,,,,Xinh Xinh,Hospitals and Medical Facilities,0.03,
81824485,,0.0,,,,Sacombank,Banks and Currency Exchange,0.06,
81824485,,0.0,,,,163 Cyclo Bar,Bars,0.06,
81824485,,0.0,,,,Le Pub,Bars,0.07,
81824485,,0.0,,,,Hamong,Shopping Centers and Areas,0.08,
81824485,,0.0,,,,Hong Dai,Hospitals and Medical Facilities,0.08,
81824485,,0.0,,,,Hong Hoa Mini-Market,Shops,0.1,
81824485,,0.0,,,,SahaBook,Shopping Centers and Areas,0.11,
81824485,,0.0,,,,Gossip Club,Bars,0.12,
81824485,,0.0,,,,Pham Ngu Lao Street,Famous Streets and Neighborhoods,0.13,
85395993,,0.0,,,,163 Cyclo Bar,Bars,0.03,
85395993,,0.0,,,,Le Pub,Bars,0.04,
85395993,,0.0,,,,Sacombank,Banks and Currency Exchange,0.04,
85395993,,0.0,,,,SahaBook,Shopping Centers and Areas,0.05,
85395993,,0.0,,,,Hong Hoa Mini-Market,Shops,0.06,
85395993,,0.0,,,,Pham Ngu Lao Street,Famous Streets and Neighborhoods,0.07,
85395993,,0.0,,,,Delta Adventure Tours,Things to do,0.07,
85395993,,0.0,,,,Kim Travel,Tourist and Travel Info,0.08,
85395993,,0.0,,,,Mekong Tours,Things to do,0.08,
85395993,,0.0,,,,Xinh Xinh,Hospitals and Medical Facilities,0.09,
76065784,,0.0,,,,Kenly Silk,Shopping Centers and Areas,0.02,
76065784,,0.0,,,,Phi Phi Tailor,Shopping Centers and Areas,0.02,
76065784,,0.0,,,,Cho Dem Night Market,Fresh Markets,0.06,
76065784,,0.0,,,,F Fashion Shop,Supermarkets,0.06,
76065784,,0.0,,,,Bambou,Supermarkets,0.06,
76065784,,0.0,,,,Benthanh Street Food Market,Shopping Centers and Areas,0.09,
76065784,,0.0,,,,The House of Saigon,Shopping Centers and Areas,0.09,
76065784,,0.0,,,,market,Supermarkets,0.12,
76065784,,0.0,,,,Orchid's Tailor,Shopping Centers and Areas,0.12,
76065784,,0.0,,,,XQ Vietnam,Shopping Centers and Areas,0.13,
33985059,0.42,2.51,6.5,9.7,9.1,Danang Night Market,Shopping Centers and Areas,0.13,
33985059,0.42,2.51,6.5,9.7,9.1,Night market,Supermarkets,0.13,
33985059,0.42,2.51,6.5,9.7,9.1,Full Market,Supermarkets,0.24,
33985059,0.42,2.51,6.5,9.7,9.1,Beach Hotel Park,"Botanical Gardens, and Public Parks",0.35,
33985059,0.42,2.51,6.5,9.7,9.1,My Ke Beach Park,"Botanical Gardens, and Public Parks",0.39,
33985059,0.42,2.51,6.5,9.7,9.1,The Hinh fitness center,Fitness and Yoga Centers,0.4,
33985059,0.42,2.51,6.5,9.7,9.1,Bac My An Beach,Beaches,0.42,
33985059,0.42,2.51,6.5,9.7,9.1,Outdoor gym,Fitness and Yoga Centers,0.43,
33985059,0.42,2.51,6.5,9.7,9.1,Nha Thuoc Ha Hoang,Hospitals and Medical Facilities,0.48,
33985059,0.42,2.51,6.5,9.7,9.1,Bina gym,Fitness and Yoga Centers,0.54,
15949242,0.14,2.07,6.3,8.3,9.1,My Khe Beach,Beaches,0.14,
15949242,0.14,2.07,6.3,8.3,9.1,Pham van Dong Beach,Beaches,0.25,
15949242,0.14,2.07,6.3,8.3,9.1,Công viên BiểnĐông,"Botanical Gardens, and Public Parks",0.29,
15949242,0.14,2.07,6.3,8.3,9.1,Lifeguard Tower,Things to do,0.73,
15949242,0.14,2.07,6.3,8.3,9.1,Trung Tam Phong Chong Lao,Hospitals and Medical Facilities,0.75,
15949242,0.14,2.07,6.3,8.3,9.1,OASIS ART GALLERY,Shopping Centers and Areas,0.79,
15949242,0.14,2.07,6.3,8.3,9.1,AU MiniMart,Supermarkets,0.9,
15949242,0.14,2.07,6.3,8.3,9.1,Bệnh viện 199 Bộ Công An,Hospitals and Medical Facilities,0.97,
15949242,0.14,2.07,6.3,8.3,9.1,StormX,Shopping Centers and Areas,1.15,
15949242,0.14,2.07,6.3,8.3,9.1,Bac My An Beach,Beaches,1.16,
2911802,,0.0,8.6,7.2,9.2,Trung Tam Phuc Hoi Co Nhi Suy Dinh Duong Da Nang,Hospitals and Medical Facilities,0.09,
2911802,,0.0,8.6,7.2,9.2,Serenity,Hospitals and Medical Facilities,0.4,
2911802,,0.0,8.6,7.2,9.2,Dong Da Market,Fresh Markets,0.47,
2911802,,0.0,8.6,7.2,9.2,Da Nang Souvenirs & Cafe,Shopping Centers and Areas,0.57,
2911802,,0.0,8.6,7.2,9.2,Da Nang Museum,Museums and Art Galleries,0.68,
2911802,,0.0,8.6,7.2,9.2,Tram Y Te Phuong Thach Thang,Hospitals and Medical Facilities,0.82,
2911802,,0.0,8.6,7.2,9.2,River Viewpoint,Things to do,0.91,
2911802,,0.0,8.6,7.2,9.2,Tram Y Te Phuong Nai Hien Dong,Hospitals and Medical Facilities,0.97,
2911802,,0.0,8.6,7.2,9.2,Vietcombank,Banks and Currency Exchange,0.99,
2911802,,0.0,8.6,7.2,9.2,Bệnh Viện Đa khoa Quận Hải Châu,Hospitals and Medical Facilities,1.04,
2401246,0.24,1.97,6.4,9.3,9.1,Công viên BiểnĐông,"Botanical Gardens, and Public Parks",0.19,
2401246,0.24,1.97,6.4,9.3,9.1,My Khe Beach,Beaches,0.24,
2401246,0.24,1.97,6.4,9.3,9.1,Pham van Dong Beach,Beaches,0.24,
2401246,0.24,1.97,6.4,9.3,9.1,Lifeguard Tower,Things to do,0.57,
2401246,0.24,1.97,6.4,9.3,9.1,Trung Tam Phong Chong Lao,Hospitals and Medical Facilities,0.68,
2401246,0.24,1.97,6.4,9.3,9.1,AU MiniMart,Supermarkets,0.7,
2401246,0.24,1.97,6.4,9.3,9.1,Bệnh viện 199 Bộ Công An,Hospitals and Medical Facilities,0.91,
2401246,0.24,1.97,6.4,9.3,9.1,OASIS ART GALLERY,Shopping Centers and Areas,0.99,
2401246,0.24,1.97,6.4,9.3,9.1,Horizon Bar,Bars,1.11,
2401246,0.24,1.97,6.4,9.3,9.1,HD Fitness 996,Fitness and Yoga Centers,1.24,
50599322,0.27,2.27,7.0,10.0,9.1,StormX,Shopping Centers and Areas,0.04,
50599322,0.27,2.27,7.0,10.0,9.1,VPT Fitness,Fitness and Yoga Centers,0.23,
50599322,0.27,2.27,7.0,10.0,9.1,Bac My An Beach,Beaches,0.27,
50599322,0.27,2.27,7.0,10.0,9.1,My Khe Beach,Beaches,0.31,
50599322,0.27,2.27,7.0,10.0,9.1,Pharmacie,Hospitals and Medical Facilities,0.39,
50599322,0.27,2.27,7.0,10.0,9.1,OASIS ART GALLERY,Shopping Centers and Areas,0.44,
50599322,0.27,2.27,7.0,10.0,9.1,Beach Hotel Park,"Botanical Gardens, and Public Parks",0.59,
50599322,0.27,2.27,7.0,10.0,9.1,My Ke Beach Park,"Botanical Gardens, and Public Parks",0.68,
50599322,0.27,2.27,7.0,10.0,9.1,Night market,Supermarkets,0.7,
50599322,0.27,2.27,7.0,10.0,9.1,Danang Night Market,Shopping Centers and Areas,0.7,
4435798,0.66,2.4,7.4,8.5,9.1,Full Market,Supermarkets,0.03,
4435798,0.66,2.4,7.4,8.5,9.1,The Hinh fitness center,Fitness and Yoga Centers,0.17,
4435798,0.66,2.4,7.4,8.5,9.1,Nha Thuoc Ha Hoang,Hospitals and Medical Facilities,0.26,
4435798,0.66,2.4,7.4,8.5,9.1,Danang Night Market,Shopping Centers and Areas,0.32,
4435798,0.66,2.4,7.4,8.5,9.1,Night market,Supermarkets,0.32,
4435798,0.66,2.4,7.4,8.5,9.1,Bina gym,Fitness and Yoga Centers,0.48,
4435798,0.66,2.4,7.4,8.5,9.1,Beach Hotel Park,"Botanical Gardens, and Public Parks",0.61,
4435798,0.66,2.4,7.4,8.5,9.1,Outdoor gym,Fitness and Yoga Centers,0.63,
4435798,0.66,2.4,7.4,8.5,9.1,My Ke Beach Park,"Botanical Gardens, and Public Parks",0.63,
4435798,0.66,2.4,7.4,8.5,9.1,Bac My An Beach,Beaches,0.66,
58826821,0.19,2.39,6.7,9.8,9.1,StormX,Shopping Centers and Areas,0.12,
58826821,0.19,2.39,6.7,9.8,9.1,Bac My An Beach,Beaches,0.19,
58826821,0.19,2.39,6.7,9.8,9.1,My Khe Beach,Beaches,0.28,
58826821,0.19,2.39,6.7,9.8,9.1,VPT Fitness,Fitness and Yoga Centers,0.3,
58826821,0.19,2.39,6.7,9.8,9.1,Pharmacie,Hospitals and Medical Facilities,0.44,
58826821,0.19,2.39,6.7,9.8,9.1,Beach Hotel Park,"Botanical Gardens, and Public Parks",0.5,
58826821,0.19,2.39,6.7,9.8,9.1,OASIS ART GALLERY,Shopping Centers and Areas,0.5,
58826821,0.19,2.39,6.7,9.8,9.1,My Ke Beach Park,"Botanical Gardens, and Public Parks",0.59,
58826821,0.19,2.39,6.7,9.8,9.1,Night market,Supermarkets,0.62,
58826821,0.19,2.39,6.7,9.8,9.1,Danang Night Market,Shopping Centers and Areas,0.62,
59620000,0.45,1.76,6.6,7.7,9.1,AU MiniMart,Supermarkets,0.04,
59620000,0.45,1.76,6.6,7.7,9.1,Lifeguard Tower,Things to do,0.45,
59620000,0.45,1.76,6.6,7.7,9.1,Pham van Dong Beach,Beaches,0.45,
59620000,0.45,1.76,6.6,7.7,9.1,Horizon Bar,Bars,0.58,
59620000,0.45,1.76,6.6,7.7,9.1,Công viên BiểnĐông,"Botanical Gardens, and Public Parks",0.7,
59620000,0.45,1.76,6.6,7.7,9.1,My Khe Beach,Beaches,0.76,
59620000,0.45,1.76,6.6,7.7,9.1,Trung Tam Phong Chong Lao,Hospitals and Medical Facilities,0.91,
59620000,0.45,1.76,6.6,7.7,9.1,Bệnh viện 199 Bộ Công An,Hospitals and Medical Facilities,1.08,
59620000,0.45,1.76,6.6,7.7,9.1,Tuoi Tre Viet - Day Tours,Shopping Centers and Areas,1.18,
59620000,0.45,1.76,6.6,7.7,9.1,Vincom Plaza,Shopping Centers and Areas,1.25,
2915722,,1.34,8.7,7.7,9.1,Benh Vien Ngoai Khoa Nguyen Van Thai,Hospitals and Medical Facilities,0.24,
2915722,,1.34,8.7,7.7,9.1,"Loi Tai Handicrafts, Stones Sculptures",Shopping Centers and Areas,0.45,
2915722,,1.34,8.7,7.7,9.1,Tuyet Dung Stone,Shopping Centers and Areas,0.45,
2915722,,1.34,8.7,7.7,9.1,Xuan Truc Aerobic Yoga,Fitness and Yoga Centers,0.48,
2915722,,1.34,8.7,7.7,9.1,Club99,Casinos,0.48,
2915722,,1.34,8.7,7.7,9.1,Dapharco Blu,Hospitals and Medical Facilities,0.52,
2915722,,1.34,8.7,7.7,9.1,Sơn Trà hospital,Hospitals and Medical Facilities,0.7,
2915722,,1.34,8.7,7.7,9.1,Himalaya Yoga Studio,Fitness and Yoga Centers,0.73,
2915722,,1.34,8.7,7.7,9.1,Day & Night Viewpoint,Things to do,0.74,
2915722,,1.34,8.7,7.7,9.1,Trung tam y te Son Tra,Hospitals and Medical Facilities,0.76,
6534301,0.35,1.87,6.2,8.2,9.1,AU MiniMart,Supermarkets,0.07,
6534301,0.35,1.87,6.2,8.2,9.1,Pham van Dong Beach,Beaches,0.35,
6534301,0.35,1.87,6.2,8.2,9.1,Lifeguard Tower,Things to do,0.36,
6534301,0.35,1.87,6.2,8.2,9.1,Horizon Bar,Bars,0.53,
6534301,0.35,1.87,6.2,8.2,9.1,Công viên BiểnĐông,"Botanical Gardens, and Public Parks",0.65,
6534301,0.35,1.87,6.2,8.2,9.1,My Khe Beach,Beaches,0.71,
6534301,0.35,1.87,6.2,8.2,9.1,Trung Tam Phong Chong Lao,Hospitals and Medical Facilities,0.96,
6534301,0.35,1.87,6.2,8.2,9.1,Bệnh viện 199 Bộ Công An,Hospitals and Medical Facilities,1.14,
6534301,0.35,1.87,6.2,8.2,9.1,Tuoi Tre Viet - Day Tours,Shopping Centers and Areas,1.22,
6534301,0.35,1.87,6.2,8.2,9.1,Vincom Plaza,Shopping Centers and Areas,1.34,
16063401,0.18,2.64,5.7,9.2,9.1,Beach Hotel Park,"Botanical Gardens, and Public Parks",0.13,
16063401,0.18,2.64,5.7,9.2,9.1,Bac My An Beach,Beaches,0.18,
16063401,0.18,2.64,5.7,9.2,9.1,My Ke Beach Park,"Botanical Gardens, and Public Parks",0.19,
16063401,0.18,2.64,5.7,9.2,9.1,Night market,Supermarkets,0.22,
16063401,0.18,2.64,5.7,9.2,9.1,Danang Night Market,Shopping Centers and Areas,0.22,
16063401,0.18,2.64,5.7,9.2,9.1,Outdoor gym,Fitness and Yoga Centers,0.32,
16063401,0.18,2.64,5.7,9.2,9.1,Full Market,Supermarkets,0.47,
16063401,0.18,2.64,5.7,9.2,9.1,StormX,Shopping Centers and Areas,0.57,
16063401,0.18,2.64,5.7,9.2,9.1,Benh Vien Phuc Hoi Chuc Nang Da Nang,Hospitals and Medical Facilities,0.59,
16063401,0.18,2.64,5.7,9.2,9.1,The Hinh fitness center,Fitness and Yoga Centers,0.63,
74957819,0.11,2.08,,,,Pham van Dong Beach,Beaches,0.11,
74957819,0.11,2.08,,,,Công viên BiểnĐông,"Botanical Gardens, and Public Parks",0.25,
74957819,0.11,2.08,,,,Lifeguard Tower,Things to do,0.26,
74957819,0.11,2.08,,,,My Khe Beach,Beaches,0.32,
74957819,0.11,2.08,,,,AU MiniMart,Supermarkets,0.45,
74957819,0.11,2.08,,,,Horizon Bar,Bars,0.79,
74957819,0.11,2.08,,,,Trung Tam Phong Chong Lao,Hospitals and Medical Facilities,0.86,
74957819,0.11,2.08,,,,Bệnh viện 199 Bộ Công An,Hospitals and Medical Facilities,1.08,
74957819,0.11,2.08,,,,OASIS ART GALLERY,Shopping Centers and Areas,1.29,
74957819,0.11,2.08,,,,HD Fitness 996,Fitness and Yoga Centers,1.43,
40283156,0.15,2.58,6.1,8.1,9.1,Bac My An Beach,Beaches,0.15,
40283156,0.15,2.58,6.1,8.1,9.1,Beach Hotel Park,"Botanical Gardens, and Public Parks",0.23,
40283156,0.15,2.58,6.1,8.1,9.1,My Ke Beach Park,"Botanical Gardens, and Public Parks",0.32,
40283156,0.15,2.58,6.1,8.1,9.1,Night market,Supermarkets,0.37,
40283156,0.15,2.58,6.1,8.1,9.1,Danang Night Market,Shopping Centers and Areas,0.37,
40283156,0.15,2.58,6.1,8.1,9.1,StormX,Shopping Centers and Areas,0.39,
40283156,0.15,2.58,6.1,8.1,9.1,Outdoor gym,Fitness and Yoga Centers,0.49,
40283156,0.15,2.58,6.1,8.1,9.1,My Khe Beach,Beaches,0.49,
40283156,0.15,2.58,6.1,8.1,9.1,VPT Fitness,Fitness and Yoga Centers,0.52,
40283156,0.15,2.58,6.1,8.1,9.1,Full Market,Supermarkets,0.54,
33702497,,0.0,9.3,8.9,9.3,Thy Nga,Shops,0.03,
33702497,,0.0,9.3,8.9,9.3,Chicken Church,Places of Worship,0.13,
33702497,,0.0,9.3,8.9,9.3,Da Nang Catheral,Places of Worship,0.14,
33702497,,0.0,9.3,8.9,9.3,Brilliant Top Bar,Bars,0.18,
33702497,,0.0,9.3,8.9,9.3,Pheva Chocolate,Shopping Centers and Areas,0.26,
33702497,,0.0,9.3,8.9,9.3,Durian guy!,Supermarkets,0.28,
33702497,,0.0,9.3,8.9,9.3,Han River Bridge,Bridges,0.3,
33702497,,0.0,9.3,8.9,9.3,Charm Spa,Spas and Onsens,0.31,
33702497,,0.0,9.3,8.9,9.3,Diệp Tô Đường,Hospitals and Medical Facilities,0.32,
33702497,,0.0,9.3,8.9,9.3,Paul Bespoke Tailoring,Shopping Centers and Areas,0.33,
30976878,0.36,2.4,6.7,8.4,9.1,Night market,Supermarkets,0.33,
30976878,0.36,2.4,6.7,8.4,9.1,Danang Night Market,Shopping Centers and Areas,0.33,
30976878,0.36,2.4,6.7,8.4,9.1,Beach Hotel Park,"Botanical Gardens, and Public Parks",0.34,
30976878,0.36,2.4,6.7,8.4,9.1,Bac My An Beach,Beaches,0.36,
30976878,0.36,2.4,6.7,8.4,9.1,StormX,Shopping Centers and Areas,0.41,
30976878,0.36,2.4,6.7,8.4,9.1,My Ke Beach Park,"Botanical Gardens, and Public Parks",0.42,
30976878,0.36,2.4,6.7,8.4,9.1,Full Market,Supermarkets,0.42,
30976878,0.36,2.4,6.7,8.4,9.1,VPT Fitness,Fitness and Yoga Centers,0.46,
30976878,0.36,2.4,6.7,8.4,9.1,Pharmacie,Hospitals and Medical Facilities,0.51,
30976878,0.36,2.4,6.7,8.4,9.1,Outdoor gym,Fitness and Yoga Centers,0.54,
78233501,,0.79,,,,VinMart,Supermarkets,0.3,
78233501,,0.79,,,,Vincom Plaza,Shopping Centers and Areas,0.31,
78233501,,0.79,,,,Siêu thị Vincom,Supermarkets,0.33,
78233501,,0.79,,,,Song Han Bridge,Bridges,0.67,
78233501,,0.79,,,,Tram Y Te Phuong An Hai Tay,Hospitals and Medical Facilities,0.74,
78233501,,0.79,,,,Tram Y Te Phuong An Hai Bac,Hospitals and Medical Facilities,0.82,
78233501,,0.79,,,,Bệnh viện 199 Bộ Công An,Hospitals and Medical Facilities,0.83,
78233501,,0.79,,,,Trung Tam Phong Chong Lao,Hospitals and Medical Facilities,0.88,
78233501,,0.79,,,,Main Post Office,"Internet, Post and Phone Services",0.92,
78233501,,0.79,,,,Indochina Riverside Mall,Shops,0.94,
36827082,,0.36,9.0,7.5,9.1,Tram Y Te Phuong An Hai Tay,Hospitals and Medical Facilities,0.21,
36827082,,0.36,9.0,7.5,9.1,Mini mart,Supermarkets,0.41,
36827082,,0.36,9.0,7.5,9.1,Love Lock Bridge Da Nang,Bridges,0.46,
36827082,,0.36,9.0,7.5,9.1,Diệp Tô Đường,Hospitals and Medical Facilities,0.48,
36827082,,0.36,9.0,7.5,9.1,Da Nang Visitor Center,Tourist and Travel Info,0.49,
36827082,,0.36,9.0,7.5,9.1,Brilliant Top Bar,Bars,0.49,
36827082,,0.36,9.0,7.5,9.1,Han River Bridge,Bridges,0.5,
36827082,,0.36,9.0,7.5,9.1,Vincom Plaza,Shopping Centers and Areas,0.5,
36827082,,0.36,9.0,7.5,9.1,Siêu thị Vincom,Supermarkets,0.52,
36827082,,0.36,9.0,7.5,9.1,VinMart,Supermarkets,0.54,
86583252,,0.0,,,,Da Nang Souvenirs & Cafe,Shopping Centers and Areas,0.15,
86583252,,0.0,,,,Serenity,Hospitals and Medical Facilities,0.21,
86583252,,0.0,,,,Da Nang Museum,Museums and Art Galleries,0.37,
86583252,,0.0,,,,Trung Tam Phuc Hoi Co Nhi Suy Dinh Duong Da Nang,Hospitals and Medical Facilities,0.47,
86583252,,0.0,,,,River Viewpoint,Things to do,0.5,
86583252,,0.0,,,,Tram Y Te Phuong Thach Thang,Hospitals and Medical Facilities,0.72,
86583252,,0.0,,,,Dong Da Market,Fresh Markets,0.72,
86583252,,0.0,,,,Vietcombank,Banks and Currency Exchange,0.74,
86583252,,0.0,,,,Main Post Office,"Internet, Post and Phone Services",0.86,
86583252,,0.0,,,,Song Han Bridge,Bridges,0.87,
32712889,0.26,2.0,7.0,8.3,9.1,My Khe Beach,Beaches,0.26,
32712889,0.26,2.0,7.0,8.3,9.1,OASIS ART GALLERY,Shopping Centers and Areas,0.54,
32712889,0.26,2.0,7.0,8.3,9.1,Pham van Dong Beach,Beaches,0.56,
32712889,0.26,2.0,7.0,8.3,9.1,Công viên BiểnĐông,"Botanical Gardens, and Public Parks",0.59,
32712889,0.26,2.0,7.0,8.3,9.1,Trung Tam Phong Chong Lao,Hospitals and Medical Facilities,0.73,
32712889,0.26,2.0,7.0,8.3,9.1,StormX,Shopping Centers and Areas,0.87,
32712889,0.26,2.0,7.0,8.3,9.1,VPT Fitness,Fitness and Yoga Centers,0.91,
32712889,0.26,2.0,7.0,8.3,9.1,Bệnh viện 199 Bộ Công An,Hospitals and Medical Facilities,0.91,
32712889,0.26,2.0,7.0,8.3,9.1,Bac My An Beach,Beaches,0.92,
32712889,0.26,2.0,7.0,8.3,9.1,Pharmacie,Hospitals and Medical Facilities,1.02,
59517049,,0.29,9.7,9.0,9.2,Taseco Travel,Tourist and Travel Info,0.07,
59517049,,0.29,9.7,9.0,9.2,Benh Vien Phu Nu Tp.Da Nang,Hospitals and Medical Facilities,0.14,
59517049,,0.29,9.7,9.0,9.2,Pho Da Nang Pagoda,Monuments and Landmarks,0.24,
59517049,,0.29,9.7,9.0,9.2,Phap Lam Pagoda,Places of Worship,0.3,
59517049,,0.29,9.7,9.0,9.2,Da Nang Fresco Village,Attractions,0.32,
59517049,,0.29,9.7,9.0,9.2,Salem Spa,Spas and Onsens,0.37,
59517049,,0.29,9.7,9.0,9.2,Byfas Premium Tailoring,Shopping Centers and Areas,0.39,
59517049,,0.29,9.7,9.0,9.2,Family Medical Practice,Hospitals and Medical Facilities,0.46,
59517049,,0.29,9.7,9.0,9.2,Phòng khám ACC Đà Nẵng,Hospitals and Medical Facilities,0.47,
59517049,,0.29,9.7,9.0,9.2,Museum of Sa Huynh & Champa Culture,Museums and Art Galleries,0.52,
1214913,,0.0,9.2,9.6,9.3,Durian guy!,Supermarkets,0.07,
1214913,,0.0,9.2,9.6,9.3,Han River Bridge,Bridges,0.08,
1214913,,0.0,9.2,9.6,9.3,Brilliant Top Bar,Bars,0.08,
1214913,,0.0,9.2,9.6,9.3,Diệp Tô Đường,Hospitals and Medical Facilities,0.1,
1214913,,0.0,9.2,9.6,9.3,Da Nang Catheral,Places of Worship,0.11,
1214913,,0.0,9.2,9.6,9.3,Chicken Church,Places of Worship,0.13,
1214913,,0.0,9.2,9.6,9.3,Da Nang Visitor Center,Tourist and Travel Info,0.14,
1214913,,0.0,9.2,9.6,9.3,Paul Bespoke Tailoring,Shopping Centers and Areas,0.15,
1214913,,0.0,9.2,9.6,9.3,Thy Nga,Shops,0.22,
1214913,,0.0,9.2,9.6,9.3,Dana Tours,Tourist and Travel Info,0.23,
8825326,,0.0,9.5,10.0,9.9,Da Nang Fine Arts Museum,Museums and Art Galleries,0.05,
8825326,,0.0,9.5,10.0,9.9,Benh Vien Da Khoa Vinh Toan,Hospitals and Medical Facilities,0.06,
8825326,,0.0,9.5,10.0,9.9,Bao Tang Da Nang,Museums and Art Galleries,0.07,
8825326,,0.0,9.5,10.0,9.9,Thai Hoang Gemstone Painting,Museums and Art Galleries,0.1,
8825326,,0.0,9.5,10.0,9.9,Chi Lang Stadium,Sports Venues,0.17,
8825326,,0.0,9.5,10.0,9.9,University of Danang,"Colleges, Universities, and Educational institutions",0.2,
8825326,,0.0,9.5,10.0,9.9,Benh Vien Tu Binh Dan,Hospitals and Medical Facilities,0.27,
8825326,,0.0,9.5,10.0,9.9,Hospital C,Hospitals and Medical Facilities,0.3,
8825326,,0.0,9.5,10.0,9.9,Bệnh viện Chỉnh hình & Phục hồi Chức năng,Hospitals and Medical Facilities,0.33,
8825326,,0.0,9.5,10.0,9.9,Bệnh Viện Đa Khoa Đà Nẵng,Hospitals and Medical Facilities,0.34,
517713,,0.0,9.6,8.4,9.7,Nguyen HIen Dinh Tuong Theatre,Theatres,0.1,
517713,,0.0,9.6,8.4,9.7,Cho Cay Me Market,Fresh Markets,0.12,
517713,,0.0,9.6,8.4,9.7,Charm Spa,Spas and Onsens,0.14,
517713,,0.0,9.6,8.4,9.7,Truc Ha 2,Entertainment,0.21,
517713,,0.0,9.6,8.4,9.7,Han Market,Shopping Centers and Areas,0.35,
517713,,0.0,9.6,8.4,9.7,"Nhat Hoa Silk Co., Ltd",Shopping Centers and Areas,0.36,
517713,,0.0,9.6,8.4,9.7,Kitsch Stores,Shops,0.37,
517713,,0.0,9.6,8.4,9.7,Benh Vien Tu Binh Dan,Hospitals and Medical Facilities,0.41,
517713,,0.0,9.6,8.4,9.7,Chicken Church,Places of Worship,0.44,
517713,,0.0,9.6,8.4,9.7,Thy Nga,Shops,0.46,
8264400,,0.41,8.5,6.4,9.1,Trung Tam Phuc Hoi Co Nhi Suy Dinh Duong Da Nang,Hospitals and Medical Facilities,0.42,
8264400,,0.41,8.5,6.4,9.1,Dong Da Market,Fresh Markets,0.54,
8264400,,0.41,8.5,6.4,9.1,Thuan Phuoc Bridge,Bridges,0.76,
8264400,,0.41,8.5,6.4,9.1,Serenity,Hospitals and Medical Facilities,0.83,
8264400,,0.41,8.5,6.4,9.1,Da Nang Souvenirs & Cafe,Shopping Centers and Areas,1.02,
8264400,,0.41,8.5,6.4,9.1,Da Nang Museum,Museums and Art Galleries,1.1,
8264400,,0.41,8.5,6.4,9.1,Tram Y Te Phuong Thach Thang,Hospitals and Medical Facilities,1.11,
8264400,,0.41,8.5,6.4,9.1,Tram Y Te Phuong Nai Hien Dong,Hospitals and Medical Facilities,1.14,
8264400,,0.41,8.5,6.4,9.1,Bệnh Viện Đa khoa Quận Hải Châu,Hospitals and Medical Facilities,1.19,
8264400,,0.41,8.5,6.4,9.1,Cao Dai Temple,Places of Worship,1.19,
89418023,0.43,1.75,,,,AU MiniMart,Supermarkets,0.29,
89418023,0.43,1.75,,,,Pham van Dong Beach,Beaches,0.43,
89418023,0.43,1.75,,,,Lifeguard Tower,Things to do,0.48,
89418023,0.43,1.75,,,,Công viên BiểnĐông,"Botanical Gardens, and Public Parks",0.53,
89418023,0.43,1.75,,,,My Khe Beach,Beaches,0.57,
89418023,0.43,1.75,,,,Trung Tam Phong Chong Lao,Hospitals and Medical Facilities,0.68,
89418023,0.43,1.75,,,,Horizon Bar,Bars,0.81,
89418023,0.43,1.75,,,,Bệnh viện 199 Bộ Công An,Hospitals and Medical Facilities,0.87,
89418023,0.43,1.75,,,,HD Fitness 996,Fitness and Yoga Centers,1.21,
89418023,0.43,1.75,,,,Vincom Plaza,Shopping Centers and Areas,1.22,
161693,,0.0,9.2,9.5,9.3,Han River Bridge,Bridges,0.05,
161693,,0.0,9.2,9.5,9.3,Diệp Tô Đường,Hospitals and Medical Facilities,0.07,
161693,,0.0,9.2,9.5,9.3,Durian guy!,Supermarkets,0.08,
161693,,0.0,9.2,9.5,9.3,Brilliant Top Bar,Bars,0.09,
161693,,0.0,9.2,9.5,9.3,Da Nang Visitor Center,Tourist and Travel Info,0.1,
161693,,0.0,9.2,9.5,9.3,Da Nang Catheral,Places of Worship,0.16,
161693,,0.0,9.2,9.5,9.3,Paul Bespoke Tailoring,Shopping Centers and Areas,0.17,
161693,,0.0,9.2,9.5,9.3,Chicken Church,Places of Worship,0.18,
161693,,0.0,9.2,9.5,9.3,Dana Tours,Tourist and Travel Info,0.25,
161693,,0.0,9.2,9.5,9.3,Thy Nga,Shops,0.25,
92050695,0.56,1.68,,,,AU MiniMart,Supermarkets,0.21,
92050695,0.56,1.68,,,,Horizon Bar,Bars,0.51,
92050695,0.56,1.68,,,,Pham van Dong Beach,Beaches,0.56,
92050695,0.56,1.68,,,,Lifeguard Tower,Things to do,0.61,
92050695,0.56,1.68,,,,Công viên BiểnĐông,"Botanical Gardens, and Public Parks",0.91,
92050695,0.56,1.68,,,,Tuoi Tre Viet - Day Tours,Shopping Centers and Areas,0.97,
92050695,0.56,1.68,,,,My Khe Beach,Beaches,0.98,
92050695,0.56,1.68,,,,Trung Tam Phong Chong Lao,Hospitals and Medical Facilities,1.06,
92050695,0.56,1.68,,,,Tram Y Te Phuong An Hai Bac,Hospitals and Medical Facilities,1.12,
92050695,0.56,1.68,,,,Bệnh viện 199 Bộ Công An,Hospitals and Medical Facilities,1.21,
89104373,0.05,2.56,,,,Pham van Dong Beach,Beaches,0.05,
89104373,0.05,2.56,,,,Man Thai Fishing Village,Marina,0.09,
89104373,0.05,2.56,,,,Tram Y Te Phuong Man Thai,Hospitals and Medical Facilities,0.73,
89104373,0.05,2.56,,,,Horizon Bar,Bars,0.93,
89104373,0.05,2.56,,,,Co.opMart,Supermarkets,1.15,
89104373,0.05,2.56,,,,3D Museum Art in Paradise Danang,Museums and Art Galleries,1.23,
89104373,0.05,2.56,,,,Tuoi Tre Viet - Day Tours,Shopping Centers and Areas,1.27,
89104373,0.05,2.56,,,,Son Tra Ocean View Pool & Spa,"Botanical Gardens, and Public Parks",1.28,
89104373,0.05,2.56,,,,AU MiniMart,Supermarkets,1.46,
89104373,0.05,2.56,,,,Lifeguard Tower,Things to do,1.46,
47008910,0.23,1.97,6.8,9.3,9.1,Pham van Dong Beach,Beaches,0.23,
47008910,0.23,1.97,6.8,9.3,9.1,My Khe Beach,Beaches,0.25,
47008910,0.23,1.97,6.8,9.3,9.1,Công viên BiểnĐông,"Botanical Gardens, and Public Parks",0.25,
47008910,0.23,1.97,6.8,9.3,9.1,Lifeguard Tower,Things to do,0.5,
47008910,0.23,1.97,6.8,9.3,9.1,AU MiniMart,Supermarkets,0.58,
47008910,0.23,1.97,6.8,9.3,9.1,Trung Tam Phong Chong Lao,Hospitals and Medical Facilities,0.64,
47008910,0.23,1.97,6.8,9.3,9.1,Bệnh viện 199 Bộ Công An,Hospitals and Medical Facilities,0.87,
47008910,0.23,1.97,6.8,9.3,9.1,Horizon Bar,Bars,1.01,
47008910,0.23,1.97,6.8,9.3,9.1,OASIS ART GALLERY,Shopping Centers and Areas,1.11,
47008910,0.23,1.97,6.8,9.3,9.1,HD Fitness 996,Fitness and Yoga Centers,1.21,
83491331,0.13,2.84,,,,Outdoor gym,Fitness and Yoga Centers,0.1,
83491331,0.13,2.84,,,,Bac My An Beach,Beaches,0.13,
83491331,0.13,2.84,,,,My Ke Beach Park,"Botanical Gardens, and Public Parks",0.2,
83491331,0.13,2.84,,,,Night market,Supermarkets,0.22,
83491331,0.13,2.84,,,,Danang Night Market,Shopping Centers and Areas,0.22,
83491331,0.13,2.84,,,,Beach Hotel Park,"Botanical Gardens, and Public Parks",0.26,
83491331,0.13,2.84,,,,Benh Vien Phuc Hoi Chuc Nang Da Nang,Hospitals and Medical Facilities,0.33,
83491331,0.13,2.84,,,,Bina gym,Fitness and Yoga Centers,0.5,
83491331,0.13,2.84,,,,Full Market,Supermarkets,0.51,
83491331,0.13,2.84,,,,The Hinh fitness center,Fitness and Yoga Centers,0.61,
305367,,0.32,9.8,9.1,9.2,Taseco Travel,Tourist and Travel Info,0.11,
305367,,0.32,9.8,9.1,9.2,Benh Vien Phu Nu Tp.Da Nang,Hospitals and Medical Facilities,0.17,
305367,,0.32,9.8,9.1,9.2,Pho Da Nang Pagoda,Monuments and Landmarks,0.24,
305367,,0.32,9.8,9.1,9.2,Phap Lam Pagoda,Places of Worship,0.31,
305367,,0.32,9.8,9.1,9.2,Byfas Premium Tailoring,Shopping Centers and Areas,0.34,
305367,,0.32,9.8,9.1,9.2,Family Medical Practice,Hospitals and Medical Facilities,0.37,
305367,,0.32,9.8,9.1,9.2,Da Nang Fresco Village,Attractions,0.45,
305367,,0.32,9.8,9.1,9.2,HD Dental,Hospitals and Medical Facilities,0.51,
305367,,0.32,9.8,9.1,9.2,Salem Spa,Spas and Onsens,0.51,
305367,,0.32,9.8,9.1,9.2,Veston Tran,Shopping Centers and Areas,0.54,
92135492,,0.0,,,,Serenity,Hospitals and Medical Facilities,0.29,
92135492,,0.0,,,,Da Nang Souvenirs & Cafe,Shopping Centers and Areas,0.32,
92135492,,0.0,,,,Trung Tam Phuc Hoi Co Nhi Suy Dinh Duong Da Nang,Hospitals and Medical Facilities,0.37,
92135492,,0.0,,,,Da Nang Museum,Museums and Art Galleries,0.52,
92135492,,0.0,,,,River Viewpoint,Things to do,0.66,
92135492,,0.0,,,,Dong Da Market,Fresh Markets,0.69,
92135492,,0.0,,,,Tram Y Te Phuong Thach Thang,Hospitals and Medical Facilities,0.81,
92135492,,0.0,,,,Tram Y Te Phuong Nai Hien Dong,Hospitals and Medical Facilities,0.87,
92135492,,0.0,,,,Tram Y Te Phuong An Hai Bac,Hospitals and Medical Facilities,0.88,
92135492,,0.0,,,,Vietcombank,Banks and Currency Exchange,0.89,
533079,,0.0,9.6,8.2,9.5,Nguyen HIen Dinh Tuong Theatre,Theatres,0.05,
533079,,0.0,9.6,8.2,9.5,Cho Cay Me Market,Fresh Markets,0.14,
533079,,0.0,9.6,8.2,9.5,Charm Spa,Spas and Onsens,0.14,
533079,,0.0,9.6,8.2,9.5,Truc Ha 2,Entertainment,0.15,
533079,,0.0,9.6,8.2,9.5,Da Nang Fresco Village,Attractions,0.36,
533079,,0.0,9.6,8.2,9.5,Pheva Chocolate,Shopping Centers and Areas,0.41,
533079,,0.0,9.6,8.2,9.5,Cham Museum,Museums and Art Galleries,0.44,
533079,,0.0,9.6,8.2,9.5,Phap Lam Pagoda,Places of Worship,0.45,
533079,,0.0,9.6,8.2,9.5,Thy Nga,Shops,0.46,
533079,,0.0,9.6,8.2,9.5,Han Market,Shopping Centers and Areas,0.47,
10003415,,,7.1,7.2,9.1,Bac My An Market,Shopping Centers and Areas,0.57,
10003415,,,7.1,7.2,9.1,cho bac my an,Supermarkets,0.59,
10003415,,,7.1,7.2,9.1,M. Legrand,Shopping Centers and Areas,0.62,
10003415,,,7.1,7.2,9.1,Trạm Y tế phường Mỹ An,Hospitals and Medical Facilities,0.71,
10003415,,,7.1,7.2,9.1,Bina gym,Fitness and Yoga Centers,1.1,
10003415,,,7.1,7.2,9.1,Lotte Mart Supermaket,Supermarkets,1.17,
10003415,,,7.1,7.2,9.1,The Hinh fitness center,Fitness and Yoga Centers,1.18,
10003415,,,7.1,7.2,9.1,Namaka Jewelry,Shopping Centers and Areas,1.19,
10003415,,,7.1,7.2,9.1,Lotte Mart,Shopping Centers and Areas,1.2,
10003415,,,7.1,7.2,9.1,Sun World Amusement Park,Camping and Outdoors,1.23,
61782961,0.37,2.71,,,,Danang Night Market,Shopping Centers and Areas,0.16,
61782961,0.37,2.71,,,,Night market,Supermarkets,0.16,
61782961,0.37,2.71,,,,Full Market,Supermarkets,0.25,
61782961,0.37,2.71,,,,Bina gym,Fitness and Yoga Centers,0.31,
61782961,0.37,2.71,,,,The Hinh fitness center,Fitness and Yoga Centers,0.32,
61782961,0.37,2.71,,,,Bac My An Beach,Beaches,0.37,
61782961,0.37,2.71,,,,Outdoor gym,Fitness and Yoga Centers,0.39,
61782961,0.37,2.71,,,,Benh Vien Phuc Hoi Chuc Nang Da Nang,Hospitals and Medical Facilities,0.41,
61782961,0.37,2.71,,,,My Ke Beach Park,"Botanical Gardens, and Public Parks",0.45,
61782961,0.37,2.71,,,,Beach Hotel Park,"Botanical Gardens, and Public Parks",0.46,
12790732,0.44,1.75,7.5,8.0,9.1,Pham van Dong Beach,Beaches,0.44,
12790732,0.44,1.75,7.5,8.0,9.1,Công viên BiểnĐông,"Botanical Gardens, and Public Parks",0.45,
12790732,0.44,1.75,7.5,8.0,9.1,My Khe Beach,Beaches,0.46,
12790732,0.44,1.75,7.5,8.0,9.1,Trung Tam Phong Chong Lao,Hospitals and Medical Facilities,0.48,
12790732,0.44,1.75,7.5,8.0,9.1,AU MiniMart,Supermarkets,0.56,
12790732,0.44,1.75,7.5,8.0,9.1,Lifeguard Tower,Things to do,0.63,
12790732,0.44,1.75,7.5,8.0,9.1,Bệnh viện 199 Bộ Công An,Hospitals and Medical Facilities,0.7,
12790732,0.44,1.75,7.5,8.0,9.1,HD Fitness 996,Fitness and Yoga Centers,1.04,
12790732,0.44,1.75,7.5,8.0,9.1,Horizon Bar,Bars,1.07,
12790732,0.44,1.75,7.5,8.0,9.1,OASIS ART GALLERY,Shopping Centers and Areas,1.18,
611493,0.26,2.26,7.2,10.0,9.1,StormX,Shopping Centers and Areas,0.06,
611493,0.26,2.26,7.2,10.0,9.1,VPT Fitness,Fitness and Yoga Centers,0.19,
611493,0.26,2.26,7.2,10.0,9.1,Bac My An Beach,Beaches,0.26,
611493,0.26,2.26,7.2,10.0,9.1,My Khe Beach,Beaches,0.28,
611493,0.26,2.26,7.2,10.0,9.1,Pharmacie,Hospitals and Medical Facilities,0.37,
611493,0.26,2.26,7.2,10.0,9.1,OASIS ART GALLERY,Shopping Centers and Areas,0.41,
611493,0.26,2.26,7.2,10.0,9.1,Beach Hotel Park,"Botanical Gardens, and Public Parks",0.66,
611493,0.26,2.26,7.2,10.0,9.1,My Ke Beach Park,"Botanical Gardens, and Public Parks",0.75,
611493,0.26,2.26,7.2,10.0,9.1,Night market,Supermarkets,0.76,
611493,0.26,2.26,7.2,10.0,9.1,Danang Night Market,Shopping Centers and Areas,0.77,
39565306,0.52,2.0,4.9,6.9,9.1,Pham van Dong Beach,Beaches,0.52,
39565306,0.52,2.0,4.9,6.9,9.1,Tram Y Te Phuong Man Thai,Hospitals and Medical Facilities,0.62,
39565306,0.52,2.0,4.9,6.9,9.1,Tuoi Tre Viet - Day Tours,Shopping Centers and Areas,0.65,
39565306,0.52,2.0,4.9,6.9,9.1,Man Thai Fishing Village,Marina,0.67,
39565306,0.52,2.0,4.9,6.9,9.1,Horizon Bar,Bars,0.69,
39565306,0.52,2.0,4.9,6.9,9.1,AU MiniMart,Supermarkets,1.08,
39565306,0.52,2.0,4.9,6.9,9.1,Co.opMart,Supermarkets,1.23,
39565306,0.52,2.0,4.9,6.9,9.1,Tram Y Te Phuong An Hai Bac,Hospitals and Medical Facilities,1.24,
39565306,0.52,2.0,4.9,6.9,9.1,Lifeguard Tower,Things to do,1.26,
39565306,0.52,2.0,4.9,6.9,9.1,3D Museum Art in Paradise Danang,Museums and Art Galleries,1.34,
6383377,,0.0,9.5,8.5,9.5,Nguyen HIen Dinh Tuong Theatre,Theatres,0.06,
6383377,,0.0,9.5,8.5,9.5,Charm Spa,Spas and Onsens,0.07,
6383377,,0.0,9.5,8.5,9.5,Cho Cay Me Market,Fresh Markets,0.22,
6383377,,0.0,9.5,8.5,9.5,Truc Ha 2,Entertainment,0.24,
6383377,,0.0,9.5,8.5,9.5,Pheva Chocolate,Shopping Centers and Areas,0.33,
6383377,,0.0,9.5,8.5,9.5,Thy Nga,Shops,0.36,
6383377,,0.0,9.5,8.5,9.5,Da Nang Fresco Village,Attractions,0.39,
6383377,,0.0,9.5,8.5,9.5,Chicken Church,Places of Worship,0.39,
6383377,,0.0,9.5,8.5,9.5,Cham Museum,Museums and Art Galleries,0.4,
6383377,,0.0,9.5,8.5,9.5,Da Nang Catheral,Places of Worship,0.41,
2985282,,0.0,9.6,8.5,9.7,Nguyen HIen Dinh Tuong Theatre,Theatres,0.12,
2985282,,0.0,9.6,8.5,9.7,Cho Cay Me Market,Fresh Markets,0.13,
2985282,,0.0,9.6,8.5,9.7,Charm Spa,Spas and Onsens,0.14,
2985282,,0.0,9.6,8.5,9.7,Truc Ha 2,Entertainment,0.22,
2985282,,0.0,9.6,8.5,9.7,Han Market,Shopping Centers and Areas,0.33,
2985282,,0.0,9.6,8.5,9.7,"Nhat Hoa Silk Co., Ltd",Shopping Centers and Areas,0.34,
2985282,,0.0,9.6,8.5,9.7,Kitsch Stores,Shops,0.36,
2985282,,0.0,9.6,8.5,9.7,Benh Vien Tu Binh Dan,Hospitals and Medical Facilities,0.39,
2985282,,0.0,9.6,8.5,9.7,Chicken Church,Places of Worship,0.43,
2985282,,0.0,9.6,8.5,9.7,Da Nang Catheral,Places of Worship,0.45,
43727586,0.13,2.11,5.2,8.3,9.1,Pham van Dong Beach,Beaches,0.13,
43727586,0.13,2.11,5.2,8.3,9.1,Horizon Bar,Bars,0.21,
43727586,0.13,2.11,5.2,8.3,9.1,AU MiniMart,Supermarkets,0.37,
43727586,0.13,2.11,5.2,8.3,9.1,Lifeguard Tower,Things to do,0.38,
43727586,0.13,2.11,5.2,8.3,9.1,Công viên BiểnĐông,"Botanical Gardens, and Public Parks",0.81,
43727586,0.13,2.11,5.2,8.3,9.1,My Khe Beach,Beaches,0.87,
43727586,0.13,2.11,5.2,8.3,9.1,Tuoi Tre Viet - Day Tours,Shopping Centers and Areas,1.18,
43727586,0.13,2.11,5.2,8.3,9.1,Man Thai Fishing Village,Marina,1.22,
43727586,0.13,2.11,5.2,8.3,9.1,Trung Tam Phong Chong Lao,Hospitals and Medical Facilities,1.29,
43727586,0.13,2.11,5.2,8.3,9.1,Tram Y Te Phuong An Hai Bac,Hospitals and Medical Facilities,1.47,
4947690,,0.36,8.7,9.5,9.1,Siêu thị Vincom,Supermarkets,0.16,
4947690,,0.36,8.7,9.5,9.1,Vincom Plaza,Shopping Centers and Areas,0.17,
4947690,,0.36,8.7,9.5,9.1,VinMart,Supermarkets,0.19,
4947690,,0.36,8.7,9.5,9.1,Song Han Bridge,Bridges,0.28,
4947690,,0.36,8.7,9.5,9.1,Indochina Riverside Mall,Shops,0.48,
4947690,,0.36,8.7,9.5,9.1,Main Post Office,"Internet, Post and Phone Services",0.49,
4947690,,0.36,8.7,9.5,9.1,Indochina Riverside Towers,Shopping Centers and Areas,0.51,
4947690,,0.36,8.7,9.5,9.1,Da Nang Visitor Center,Tourist and Travel Info,0.53,
4947690,,0.36,8.7,9.5,9.1,Tram Y Te Phuong An Hai Tay,Hospitals and Medical Facilities,0.54,
4947690,,0.36,8.7,9.5,9.1,Diệp Tô Đường,Hospitals and Medical Facilities,0.55,
443623,,2.47,9.0,7.1,9.1,Cung Thể thao Tiên Sơn,Sports Venues,0.4,
443623,,2.47,9.0,7.1,9.1,Da nang Sports Hall,Sports Venues,0.42,
443623,,2.47,9.0,7.1,9.1,Eye Hospital Danang,Hospitals and Medical Facilities,0.42,
443623,,2.47,9.0,7.1,9.1,Benh Vien Mat,Hospitals and Medical Facilities,0.43,
443623,,2.47,9.0,7.1,9.1,Khu TDTT Tiên Sơn,Entertainment,0.52,
443623,,2.47,9.0,7.1,9.1,Sun World Amusement Park,Camping and Outdoors,0.54,
443623,,2.47,9.0,7.1,9.1,East Meets West Dental,Hospitals and Medical Facilities,0.55,
443623,,2.47,9.0,7.1,9.1,Asia Park,"Amusement, Theme parks, and Water parks",0.56,
443623,,2.47,9.0,7.1,9.1,Sun World Danang Wonders,"Amusement, Theme parks, and Water parks",0.56,
443623,,2.47,9.0,7.1,9.1,Làng Thể thao Tuyên Sơn,Entertainment,0.58,
2235797,,1.01,8.2,7.5,9.1,Vincom Plaza,Shopping Centers and Areas,0.5,
2235797,,1.01,8.2,7.5,9.1,VinMart,Supermarkets,0.51,
2235797,,1.01,8.2,7.5,9.1,Siêu thị Vincom,Supermarkets,0.53,
2235797,,1.01,8.2,7.5,9.1,Bệnh viện 199 Bộ Công An,Hospitals and Medical Facilities,0.66,
2235797,,1.01,8.2,7.5,9.1,Trung Tam Phong Chong Lao,Hospitals and Medical Facilities,0.67,
2235797,,1.01,8.2,7.5,9.1,Tram Y Te Phuong An Hai Tay,Hospitals and Medical Facilities,0.73,
2235797,,1.01,8.2,7.5,9.1,AU MiniMart,Supermarkets,0.81,
2235797,,1.01,8.2,7.5,9.1,HD Fitness 996,Fitness and Yoga Centers,0.87,
2235797,,1.01,8.2,7.5,9.1,Song Han Bridge,Bridges,0.88,
2235797,,1.01,8.2,7.5,9.1,Tram Y Te Phuong An Hai Bac,Hospitals and Medical Facilities,0.98,
48029813,0.56,1.66,7.3,7.1,9.1,AU MiniMart,Supermarkets,0.17,
48029813,0.56,1.66,7.3,7.1,9.1,Pham van Dong Beach,Beaches,0.56,
48029813,0.56,1.66,7.3,7.1,9.1,Lifeguard Tower,Things to do,0.58,
48029813,0.56,1.66,7.3,7.1,9.1,Horizon Bar,Bars,0.68,
48029813,0.56,1.66,7.3,7.1,9.1,Công viên BiểnĐông,"Botanical Gardens, and Public Parks",0.77,
48029813,0.56,1.66,7.3,7.1,9.1,My Khe Beach,Beaches,0.82,
48029813,0.56,1.66,7.3,7.1,9.1,Trung Tam Phong Chong Lao,Hospitals and Medical Facilities,0.84,
48029813,0.56,1.66,7.3,7.1,9.1,Bệnh viện 199 Bộ Công An,Hospitals and Medical Facilities,1.0,
48029813,0.56,1.66,7.3,7.1,9.1,Vincom Plaza,Shopping Centers and Areas,1.12,
48029813,0.56,1.66,7.3,7.1,9.1,VinMart,Supermarkets,1.12,
90759139,0.24,1.97,,,,My Khe Beach,Beaches,0.24,
90759139,0.24,1.97,,,,Pham van Dong Beach,Beaches,0.26,
90759139,0.24,1.97,,,,Công viên BiểnĐông,"Botanical Gardens, and Public Parks",0.28,
90759139,0.24,1.97,,,,Trung Tam Phong Chong Lao,Hospitals and Medical Facilities,0.61,
90759139,0.24,1.97,,,,Lifeguard Tower,Things to do,0.66,
90759139,0.24,1.97,,,,AU MiniMart,Supermarkets,0.76,
90759139,0.24,1.97,,,,Bệnh viện 199 Bộ Công An,Hospitals and Medical Facilities,0.84,
90759139,0.24,1.97,,,,OASIS ART GALLERY,Shopping Centers and Areas,0.93,
90759139,0.24,1.97,,,,HD Fitness 996,Fitness and Yoga Centers,1.16,
90759139,0.24,1.97,,,,Horizon Bar,Bars,1.19,
937111,,0.4,8.6,8.0,9.1,VinMart,Supermarkets,0.35,
937111,,0.4,8.6,8.0,9.1,Siêu thị Vincom,Supermarkets,0.36,
937111,,0.4,8.6,8.0,9.1,Song Han Bridge,Bridges,0.38,
937111,,0.4,8.6,8.0,9.1,Vincom Plaza,Shopping Centers and Areas,0.39,
937111,,0.4,8.6,8.0,9.1,River Viewpoint,Things to do,0.46,
937111,,0.4,8.6,8.0,9.1,Main Post Office,"Internet, Post and Phone Services",0.59,
937111,,0.4,8.6,8.0,9.1,Tram Y Te Phuong An Hai Bac,Hospitals and Medical Facilities,0.61,
937111,,0.4,8.6,8.0,9.1,Da Nang Souvenirs & Cafe,Shopping Centers and Areas,0.64,
937111,,0.4,8.6,8.0,9.1,Indochina Riverside Mall,Shops,0.71,
937111,,0.4,8.6,8.0,9.1,Indochina Riverside Towers,Shopping Centers and Areas,0.72,
6432147,0.24,1.97,6.4,9.2,9.1,Công viên BiểnĐông,"Botanical Gardens, and Public Parks",0.2,
6432147,0.24,1.97,6.4,9.2,9.1,My Khe Beach,Beaches,0.24,
6432147,0.24,1.97,6.4,9.2,9.1,Pham van Dong Beach,Beaches,0.24,
6432147,0.24,1.97,6.4,9.2,9.1,Lifeguard Tower,Things to do,0.58,
6432147,0.24,1.97,6.4,9.2,9.1,Trung Tam Phong Chong Lao,Hospitals and Medical Facilities,0.68,
6432147,0.24,1.97,6.4,9.2,9.1,AU MiniMart,Supermarkets,0.72,
6432147,0.24,1.97,6.4,9.2,9.1,Bệnh viện 199 Bộ Công An,Hospitals and Medical Facilities,0.91,
6432147,0.24,1.97,6.4,9.2,9.1,OASIS ART GALLERY,Shopping Centers and Areas,0.97,
6432147,0.24,1.97,6.4,9.2,9.1,Horizon Bar,Bars,1.13,
6432147,0.24,1.97,6.4,9.2,9.1,HD Fitness 996,Fitness and Yoga Centers,1.24,
2191465,,1.69,4.9,6.9,9.1,Tram Y Te Phuong Man Thai,Hospitals and Medical Facilities,0.37,
2191465,,1.69,4.9,6.9,9.1,Tuoi Tre Viet - Day Tours,Shopping Centers and Areas,0.66,
2191465,,1.69,4.9,6.9,9.1,Co.opMart,Supermarkets,0.8,
2191465,,1.69,4.9,6.9,9.1,3D Museum Art in Paradise Danang,Museums and Art Galleries,0.91,
2191465,,1.69,4.9,6.9,9.1,Tram Y Te Phuong Nai Hien Dong,Hospitals and Medical Facilities,1.01,
2191465,,1.69,4.9,6.9,9.1,Man Thai Fishing Village,Marina,1.02,
2191465,,1.69,4.9,6.9,9.1,Pham van Dong Beach,Beaches,1.06,
2191465,,1.69,4.9,6.9,9.1,Tram Y Te Phuong An Hai Bac,Hospitals and Medical Facilities,1.23,
2191465,,1.69,4.9,6.9,9.1,Son Tra Ocean View Pool & Spa,"Botanical Gardens, and Public Parks",1.25,
2191465,,1.69,4.9,6.9,9.1,Horizon Bar,Bars,1.37,
87725408,0.28,2.53,,,,Night market,Supermarkets,0.25,
87725408,0.28,2.53,,,,Danang Night Market,Shopping Centers and Areas,0.25,
87725408,0.28,2.53,,,,Bac My An Beach,Beaches,0.28,
87725408,0.28,2.53,,,,Beach Hotel Park,"Botanical Gardens, and Public Parks",0.3,
87725408,0.28,2.53,,,,My Ke Beach Park,"Botanical Gardens, and Public Parks",0.37,
87725408,0.28,2.53,,,,Full Market,Supermarkets,0.38,
87725408,0.28,2.53,,,,Outdoor gym,Fitness and Yoga Centers,0.48,
87725408,0.28,2.53,,,,StormX,Shopping Centers and Areas,0.49,
87725408,0.28,2.53,,,,VPT Fitness,Fitness and Yoga Centers,0.54,
87725408,0.28,2.53,,,,The Hinh fitness center,Fitness and Yoga Centers,0.55,
84364738,,0.0,,,,Hapro Food,Supermarkets,0.01,
84364738,,0.0,,,,Strassenmarkt,Supermarkets,0.04,
84364738,,0.0,,,,O Quan Chuong,Entertainment,0.19,
84364738,,0.0,,,,Long Bien Bridge,Bridges,0.21,
84364738,,0.0,,,,Old City Gate,Monuments and Landmarks,0.21,
84364738,,0.0,,,,Chua Quan Huyen Thien,Places of Worship,0.23,
84364738,,0.0,,,,Dong Xuan Market,Shopping Centers and Areas,0.23,
84364738,,0.0,,,,Kuy Son Propaganda Art,Shopping Centers and Areas,0.34,
84364738,,0.0,,,,Den Quan De,Monuments and Landmarks,0.34,
84364738,,0.0,,,,Tattoo 1984,Hospitals and Medical Facilities,0.35,
87964772,,1.59,,,,Huu Tiep Lake,Historical Buildings and Sites,0.12,
87964772,,1.59,,,,Hồ Bảy Gian,"Rivers, Reservoirs, and Lakes",0.23,
87964772,,1.59,,,,B52 Victory Museum,Museums and Art Galleries,0.26,
87964772,,1.59,,,,Huu Tiep Lake and the Downed B-52,Attractions,0.27,
87964772,,1.59,,,,Botanical Gardens (Vuon Bach Thao),Zoos and Aquariums,0.29,
87964772,,1.59,,,,Ban Buon Buoi Da Xanh & Sau Rieng,Supermarkets,0.32,
87964772,,1.59,,,,Phòng khám Nhi Khoa Đào Minh Tuấn,Hospitals and Medical Facilities,0.32,
87964772,,1.59,,,,Hồ Đầm Tròn,"Rivers, Reservoirs, and Lakes",0.37,
87964772,,1.59,,,,Ngoc Ha Lake,"Rivers, Reservoirs, and Lakes",0.38,
87964772,,1.59,,,,Tượng đài Lê Nin,"Botanical Gardens, and Public Parks",0.64,
89925050,,,,,,CLB Tennis & Bơi lội Tăng Thiết Giáp,Entertainment,0.16,
89925050,,,,,,METRO Thăng Long,Supermarkets,0.35,
89925050,,,,,,Trạm Y tế Phường Cổ Nhuế 1- Cổ Nhuế 2,Hospitals and Medical Facilities,0.49,
89925050,,,,,,Sương Mai,Hospitals and Medical Facilities,0.51,
89925050,,,,,,Vincom Plaza Bac Tu Liem,Shops,0.52,
89925050,,,,,,Paint A Dress,Shopping Centers and Areas,0.85,
89925050,,,,,,Công viên OCT1,"Botanical Gardens, and Public Parks",0.88,
89925050,,,,,,Hồ bơi chung cư,Sport Centers and Swimming Pools,0.93,
89925050,,,,,,Peace Park,"Botanical Gardens, and Public Parks",1.13,
89925050,,,,,,Nhà để xe CBCNV Viettel,Parking,1.15,
78428713,,0.0,,,,Houng Sen,Shopping Centers and Areas,0.3,
78428713,,0.0,,,,Evan Journey - Day Tours,Monuments and Landmarks,0.3,
78428713,,0.0,,,,Hanoi Train Street,Famous Streets and Neighborhoods,0.32,
78428713,,0.0,,,,Nam Tailor,Shopping Centers and Areas,0.32,
78428713,,0.0,,,,Cloud Sky Bar Hanoi,Bars,0.34,
78428713,,0.0,,,,Hang Da Galleria,Shopping Centers and Areas,0.34,
78428713,,0.0,,,,Vietnam National Tuong Theatre,Theatres,0.34,
78428713,,0.0,,,,Phòng Khám bệnh Đa khoa 38A Trần Phú,Hospitals and Medical Facilities,0.37,
78428713,,0.0,,,,"Duc Minh, Tailor made suit",Shopping Centers and Areas,0.37,
78428713,,0.0,,,,HEBE Store,Shopping Centers and Areas,0.4,
36144486,,0.0,7.8,9.0,8.5,Bach Ma Temple,Places of Worship,0.01,
36144486,,0.0,7.8,9.0,8.5,Market street for coffee,Supermarkets,0.05,
36144486,,0.0,7.8,9.0,8.5,NHA THUOC,Hospitals and Medical Facilities,0.07,
36144486,,0.0,7.8,9.0,8.5,Hanoi Gallery,Shops,0.08,
36144486,,0.0,7.8,9.0,8.5,Hieu Phuc Loi,Shops,0.1,
36144486,,0.0,7.8,9.0,8.5,Miniso,Supermarkets,0.11,
36144486,,0.0,7.8,9.0,8.5,Tattoo 1984,Hospitals and Medical Facilities,0.12,
36144486,,0.0,7.8,9.0,8.5,Den Quan De,Monuments and Landmarks,0.13,
36144486,,0.0,7.8,9.0,8.5,Mao's Red Lounge,Bars,0.13,
36144486,,0.0,7.8,9.0,8.5,Ta Hien Street,Famous Streets and Neighborhoods,0.14,
85405330,,0.0,,,,Nunal Boutique,Shopping Centers and Areas,0.05,
85405330,,0.0,,,,Lucky Star Shop,Shopping Centers and Areas,0.05,
85405330,,0.0,,,,Kitonali Bespoke Tailoring,Shopping Centers and Areas,0.07,
85405330,,0.0,,,,Dien Dam Gallery,Monuments and Landmarks,0.07,
85405330,,0.0,,,,Vietcraft,Shopping Centers and Areas,0.08,
85405330,,0.0,,,,Travel Agent Hanoi,Camping and Outdoors,0.09,
85405330,,0.0,,,,Factory Outlet,Shopping Centers and Areas,0.1,
85405330,,0.0,,,,87 Ma May,Things to do,0.1,
85405330,,0.0,,,,Hang Bac Temple,Places of Worship,0.11,
85405330,,0.0,,,,Viettime Craft,Shopping Centers and Areas,0.11,
62035781,,0.0,,,,Houng Sen,Shopping Centers and Areas,0.04,
62035781,,0.0,,,,Nam Tailor,Shopping Centers and Areas,0.11,
62035781,,0.0,,,,Vietnam National Tuong Theatre,Theatres,0.19,
62035781,,0.0,,,,Halong Bay Day Tours,Monuments and Landmarks,0.2,
62035781,,0.0,,,,Bia Hoi 68 Hang Quat,Bars,0.2,
62035781,,0.0,,,,Hang Da Galleria,Shopping Centers and Areas,0.21,
62035781,,0.0,,,,Ho Guom Audio,Shops,0.22,
62035781,,0.0,,,,Motorbike parking (Pho Hang But),Parking,0.22,
62035781,,0.0,,,,Cloud Sky Bar Hanoi,Bars,0.23,
62035781,,0.0,,,,"Duc Minh, Tailor made suit",Shopping Centers and Areas,0.26,
5060902,,0.0,7.6,9.3,8.9,Ho Guom Audio,Shops,0.05,
5060902,,0.0,7.6,9.3,8.9,Halong Bay Day Tours,Monuments and Landmarks,0.08,
5060902,,0.0,7.6,9.3,8.9,Umove,Shopping Centers and Areas,0.1,
5060902,,0.0,7.6,9.3,8.9,Den Quan Tran Vu,Monuments and Landmarks,0.11,
5060902,,0.0,7.6,9.3,8.9,Museum Of Independence,Museums and Art Galleries,0.11,
5060902,,0.0,7.6,9.3,8.9,Old Quarter,Famous Streets and Neighborhoods,0.13,
5060902,,0.0,7.6,9.3,8.9,Hang Ngang Hang Dao,Famous Streets and Neighborhoods,0.13,
5060902,,0.0,7.6,9.3,8.9,Phuc Loi Shop,Shopping Centers and Areas,0.13,
5060902,,0.0,7.6,9.3,8.9,Jazz Club Minh,Music Venues,0.14,
5060902,,0.0,7.6,9.3,8.9,Miniso,Supermarkets,0.15,
84551326,,0.0,,,,O Quan Chuong,Entertainment,0.11,
84551326,,0.0,,,,Hapro Food,Supermarkets,0.15,
84551326,,0.0,,,,Strassenmarkt,Supermarkets,0.16,
84551326,,0.0,,,,Old City Gate,Monuments and Landmarks,0.17,
84551326,,0.0,,,,Kuy Son Propaganda Art,Shopping Centers and Areas,0.18,
84551326,,0.0,,,,Den Quan De,Monuments and Landmarks,0.21,
84551326,,0.0,,,,Tattoo 1984,Hospitals and Medical Facilities,0.21,
84551326,,0.0,,,,NHA THUOC,Hospitals and Medical Facilities,0.24,
84551326,,0.0,,,,Hanoi Old Quarter Culture Exchange Center,Shopping Centers and Areas,0.25,
84551326,,0.0,,,,Bach Ma Temple,Places of Worship,0.27,
87473942,,0.88,,,,Phòng Khám Đa Khoa Dr. Binh Tele_Clinic,Hospitals and Medical Facilities,0.13,
87473942,,0.88,,,,Benh Vien Da Khoa Ha Noi,Hospitals and Medical Facilities,0.19,
87473942,,0.88,,,,Mai's Cafe,Shops,0.21,
87473942,,0.88,,,,The Huc Bridge,Bridges,0.25,
87473942,,0.88,,,,Australian Dental Clinic,Hospitals and Medical Facilities,0.26,
87473942,,0.88,,,,Cay Cau,Entertainment,0.31,
87473942,,0.88,,,,LeChat Studio,Shopping Centers and Areas,0.33,
87473942,,0.88,,,,Vietnam Intellectual Property Research Institute,Business Offices,0.33,
87473942,,0.88,,,,Embassy of Peru,Embassies and Consulates,0.42,
87473942,,0.88,,,,Hom Market,Shopping Centers and Areas,0.43,
59406845,,0.46,5.9,8.1,9.7,Embassy of India,Embassies and Consulates,0.07,
59406845,,0.46,5.9,8.1,9.7,Siêu thị thực phẩm chức năng GPCare - Cơ sở 3 - 65B Trần Hưng Đạo,Hospitals and Medical Facilities,0.1,
59406845,,0.46,5.9,8.1,9.7,Bệnh viện Mắt Hà Nội,Hospitals and Medical Facilities,0.22,
59406845,,0.46,5.9,8.1,9.7,Mosaique Livingroom,Entertainment,0.23,
59406845,,0.46,5.9,8.1,9.7,Embassy of France,Embassies and Consulates,0.24,
59406845,,0.46,5.9,8.1,9.7,Embassy of Turkey,Embassies and Consulates,0.28,
59406845,,0.46,5.9,8.1,9.7,Vietnamese Women's Museum,Museums and Art Galleries,0.28,
59406845,,0.46,5.9,8.1,9.7,Museum of People's Public Security,Museums and Art Galleries,0.3,
59406845,,0.46,5.9,8.1,9.7,British Embassy,Embassies and Consulates,0.34,
59406845,,0.46,5.9,8.1,9.7,Viet Duc Hospital,Hospitals and Medical Facilities,0.35,
61394154,,,,,,Ngoc Khanh Lake,"Rivers, Reservoirs, and Lakes",0.23,
61394154,,,,,,Hanoi Obstetrics & Gynecology Hospital,Hospitals and Medical Facilities,0.31,
61394154,,,,,,Tohe Style,Shopping Centers and Areas,0.32,
61394154,,,,,,National Hospital Of Pediatrics,Hospitals and Medical Facilities,0.32,
61394154,,,,,,Siêu thị điện máy Mediamart,Supermarkets,0.33,
61394154,,,,,,Thu Le Park,Zoos and Aquariums,0.44,
61394154,,,,,,Hanoi Zoological Gardens,Zoos and Aquariums,0.44,
61394154,,,,,,Vincom Center Nguyen Chi Thanh,Shops,0.44,
61394154,,,,,,Hồ Quan hệ,"Rivers, Reservoirs, and Lakes",0.46,
61394154,,,,,,Embassy of Russia,Embassies and Consulates,0.52,
83292956,,,,,,Viện Tim Hà Nội (cơ sở 2),Hospitals and Medical Facilities,0.31,
83292956,,,,,,Banana Playground,"Botanical Gardens, and Public Parks",0.51,
83292956,,,,,,Coconut Playground,"Botanical Gardens, and Public Parks",0.59,
83292956,,,,,,Chula fashion showroom,Shopping Centers and Areas,0.61,
83292956,,,,,,HeriTran Classic Cars Museum,Museums and Art Galleries,0.77,
83292956,,,,,,Pomelo Park,"Botanical Gardens, and Public Parks",0.95,
83292956,,,,,,Vin+ 35B Xuân La,Supermarkets,0.98,
83292956,,,,,,West Lake New Solar Amusement Park,"Amusement, Theme parks, and Water parks",1.15,
83292956,,,,,,Ho Tay Water Park,"Amusement, Theme parks, and Water parks",1.22,
83292956,,,,,,Mall,Supermarkets,1.23,
56185562,,0.43,6.0,8.4,9.8,Embassy of India,Embassies and Consulates,0.17,
56185562,,0.43,6.0,8.4,9.8,Embassy of Turkey,Embassies and Consulates,0.18,
56185562,,0.43,6.0,8.4,9.8,Siêu thị thực phẩm chức năng GPCare - Cơ sở 3 - 65B Trần Hưng Đạo,Hospitals and Medical Facilities,0.2,
56185562,,0.43,6.0,8.4,9.8,Museum of People's Public Security,Museums and Art Galleries,0.22,
56185562,,0.43,6.0,8.4,9.8,Bệnh viện Mắt Hà Nội,Hospitals and Medical Facilities,0.26,
56185562,,0.43,6.0,8.4,9.8,Hanoi Police Museum,Museums and Art Galleries,0.28,
56185562,,0.43,6.0,8.4,9.8,Hoa Lo Historical Prison,Museums and Art Galleries,0.3,
56185562,,0.43,6.0,8.4,9.8,Mosaique Livingroom,Entertainment,0.31,
56185562,,0.43,6.0,8.4,9.8,Hoa Lo Prison,Historical Buildings and Sites,0.31,
56185562,,0.43,6.0,8.4,9.8,Viet Duc Hospital,Hospitals and Medical Facilities,0.31,
39526568,,0.0,8.2,9.2,8.7,Pharmacy,Hospitals and Medical Facilities,0.04,
39526568,,0.0,8.2,9.2,8.7,Duc Nhan Tailor,Shopping Centers and Areas,0.09,
39526568,,0.0,8.2,9.2,8.7,Al Nour Mosque,Places of Worship,0.15,
39526568,,0.0,8.2,9.2,8.7,Motorbike parking (Pho Hang But),Parking,0.19,
39526568,,0.0,8.2,9.2,8.7,Phung Hung Mural Street,Famous Streets and Neighborhoods,0.2,
39526568,,0.0,8.2,9.2,8.7,Chua Cau Đong,Places of Worship,0.24,
39526568,,0.0,8.2,9.2,8.7,Evan Journey - Day Tours,Monuments and Landmarks,0.24,
39526568,,0.0,8.2,9.2,8.7,Night Market,Shopping Centers and Areas,0.24,
39526568,,0.0,8.2,9.2,8.7,Dong Xuan Market,Shopping Centers and Areas,0.25,
39526568,,0.0,8.2,9.2,8.7,Chua Quan Huyen Thien,Places of Worship,0.3,
86465845,,,,,,Hanoi Museum,Museums and Art Galleries,0.3,
86465845,,,,,,Follow me Hanoi - Day Tours,Shopping Centers and Areas,0.3,
86465845,,,,,,Benh Vien Da Khoa Y Hoc Co Truyen,Hospitals and Medical Facilities,0.38,
86465845,,,,,,Bệnh viện 198,Hospitals and Medical Facilities,0.46,
86465845,,,,,,gg,Fitness and Yoga Centers,0.57,
86465845,,,,,,National University,"Colleges, Universities, and Educational institutions",0.58,
86465845,,,,,,FPT shop,Supermarkets,0.61,
86465845,,,,,,Vm+ ct1 mỹ đình plaza 2,Supermarkets,0.61,
86465845,,,,,,Nha khoa Phương Anh 2,Hospitals and Medical Facilities,0.62,
86465845,,,,,,Nha khoa Dũng Tuyên,Hospitals and Medical Facilities,0.65,
10960,,2.85,7.8,8.8,7.9,Siêu thị điện máy Mediamart,Supermarkets,0.13,
10960,,2.85,7.8,8.8,7.9,Embassy of Finland,Embassies and Consulates,0.14,
10960,,2.85,7.8,8.8,7.9,Lotte Center Hanoi,Shopping Centers and Areas,0.14,
10960,,2.85,7.8,8.8,7.9,Lotte Department Store,Shopping Centers and Areas,0.15,
10960,,2.85,7.8,8.8,7.9,Lotte Ba Đình,Supermarkets,0.19,
10960,,2.85,7.8,8.8,7.9,Lotte Observation Deck,Monuments and Landmarks,0.2,
10960,,2.85,7.8,8.8,7.9,Tohe Style,Shopping Centers and Areas,0.2,
10960,,2.85,7.8,8.8,7.9,Ngoc Khanh Lake,"Rivers, Reservoirs, and Lakes",0.22,
10960,,2.85,7.8,8.8,7.9,Embassy of Japan,Embassies and Consulates,0.35,
10960,,2.85,7.8,8.8,7.9,United Nations Development Programme,Business Offices,0.4,
53015544,,1.44,7.1,8.2,8.7,Hồ Hào Nam,"Rivers, Reservoirs, and Lakes",0.11,
53015544,,1.44,7.1,8.2,8.7,Vm+ 41 Vũ thạnh,Supermarkets,0.2,
53015544,,1.44,7.1,8.2,8.7,British Council,Famous Buildings,0.27,
53015544,,1.44,7.1,8.2,8.7,Vm+ 83 An Trạch,Supermarkets,0.3,
53015544,,1.44,7.1,8.2,8.7,Vm+ 43 giảng võ,Supermarkets,0.44,
53015544,,1.44,7.1,8.2,8.7,Tượng đài Lê Nin,"Botanical Gardens, and Public Parks",0.44,
53015544,,1.44,7.1,8.2,8.7,Pet Mart Kim Mã,Supermarkets,0.49,
53015544,,1.44,7.1,8.2,8.7,ĐỨC LONG Pharmacy,Hospitals and Medical Facilities,0.51,
53015544,,1.44,7.1,8.2,8.7,Unimart Giảng Võ,Supermarkets,0.52,
53015544,,1.44,7.1,8.2,8.7,Nhà thi đấu Trịnh Hoài Đức,Entertainment,0.52,
59315710,,0.0,7.6,9.2,9.2,Halong Bay Day Tours,Monuments and Landmarks,0.09,
59315710,,0.0,7.6,9.2,9.2,Houng Sen,Shopping Centers and Areas,0.1,
59315710,,0.0,7.6,9.2,9.2,Nam Tailor,Shopping Centers and Areas,0.11,
59315710,,0.0,7.6,9.2,9.2,Ho Guom Audio,Shops,0.12,
59315710,,0.0,7.6,9.2,9.2,Bia Hoi 68 Hang Quat,Bars,0.14,
59315710,,0.0,7.6,9.2,9.2,Motorbike parking (Pho Hang But),Parking,0.17,
59315710,,0.0,7.6,9.2,9.2,Umove,Shopping Centers and Areas,0.22,
59315710,,0.0,7.6,9.2,9.2,Den Quan Tran Vu,Monuments and Landmarks,0.23,
59315710,,0.0,7.6,9.2,9.2,Phuc Loi Shop,Shopping Centers and Areas,0.23,
59315710,,0.0,7.6,9.2,9.2,Vietnamese Craft - Guild,Shopping Centers and Areas,0.24,
51491627,,0.14,6.2,8.9,9.3,British Embassy,Embassies and Consulates,0.07,
51491627,,0.14,6.2,8.9,9.3,V-Artroom,Shopping Centers and Areas,0.13,
51491627,,0.14,6.2,8.9,9.3,Vietnamese Women's Museum,Museums and Art Galleries,0.16,
51491627,,0.14,6.2,8.9,9.3,Bệnh viện Mắt Hà Nội,Hospitals and Medical Facilities,0.2,
51491627,,0.14,6.2,8.9,9.3,A Dong Art Gallery,Shopping Centers and Areas,0.21,
51491627,,0.14,6.2,8.9,9.3,Infostones Bookshop,Shops,0.22,
51491627,,0.14,6.2,8.9,9.3,American Club,Things to do,0.24,
51491627,,0.14,6.2,8.9,9.3,Domestic Post Office,"Internet, Post and Phone Services",0.26,
51491627,,0.14,6.2,8.9,9.3,Trang Tien,Famous Streets and Neighborhoods,0.27,
51491627,,0.14,6.2,8.9,9.3,Phá thai an toàn ở Nhà hộ sinh A - TTYT Hoàn Kiếm,Hospitals and Medical Facilities,0.27,
34334661,,1.95,4.8,6.5,7.9,Dam Trau Supermarket,Supermarkets,0.06,
34334661,,1.95,4.8,6.5,7.9,Hanoi Creative City,Entertainment,0.21,
34334661,,1.95,4.8,6.5,7.9,Yersin,"Botanical Gardens, and Public Parks",0.46,
34334661,,1.95,4.8,6.5,7.9,Viện vệ sinh dịch tễ Trung Ương,Hospitals and Medical Facilities,0.57,
34334661,,1.95,4.8,6.5,7.9,Vườn hoa Pasteur,"Botanical Gardens, and Public Parks",0.62,
34334661,,1.95,4.8,6.5,7.9,Cổng vào bệnh viện Việt Xô,Hospitals and Medical Facilities,0.62,
34334661,,1.95,4.8,6.5,7.9,Duoc Khoa,Hospitals and Medical Facilities,0.7,
34334661,,1.95,4.8,6.5,7.9,Bệnh viện Hữu nghị Việt Xô,Hospitals and Medical Facilities,0.7,
34334661,,1.95,4.8,6.5,7.9,108 Hospital,Hospitals and Medical Facilities,0.8,
34334661,,1.95,4.8,6.5,7.9,Vietnam association of architects,Camping and Outdoors,0.83,
65703930,,,,,,Chợ Vẽ,Supermarkets,1.0,
65703930,,,,,,Benh Vien Nam Thang Long,Hospitals and Medical Facilities,1.27,
65703930,,,,,,Pineapple Park,"Botanical Gardens, and Public Parks",1.63,
65703930,,,,,,Pomelo Park,"Botanical Gardens, and Public Parks",1.88,
65703930,,,,,,Coconut Playground,"Botanical Gardens, and Public Parks",2.24,
65703930,,,,,,Banana Playground,"Botanical Gardens, and Public Parks",2.38,
65703930,,,,,,Nhà để xe CBCNV Viettel,Parking,2.61,
65703930,,,,,,Cây Đa,Natural Parks and Forests,2.64,
65703930,,,,,,Peace Park,"Botanical Gardens, and Public Parks",2.69,
65703930,,,,,,Bệnh viện Đa khoa Phương Đông,Hospitals and Medical Facilities,2.71,
30977576,,2.67,8.5,7.5,7.9,Embassy of Japan,Embassies and Consulates,0.25,
30977576,,2.67,8.5,7.5,7.9,Lotte Ba Đình,Supermarkets,0.4,
30977576,,2.67,8.5,7.5,7.9,Lotte Observation Deck,Monuments and Landmarks,0.42,
30977576,,2.67,8.5,7.5,7.9,United Nations Development Programme,Business Offices,0.42,
30977576,,2.67,8.5,7.5,7.9,Lotte Center Hanoi,Shopping Centers and Areas,0.45,
30977576,,2.67,8.5,7.5,7.9,Embassy of Finland,Embassies and Consulates,0.45,
30977576,,2.67,8.5,7.5,7.9,Lotte Department Store,Shopping Centers and Areas,0.45,
30977576,,2.67,8.5,7.5,7.9,Family Medical Practice Hanoi,Hospitals and Medical Facilities,0.56,
30977576,,2.67,8.5,7.5,7.9,Bể Bơi Khăn Quàng Đỏ,Sport Centers and Swimming Pools,0.59,
30977576,,2.67,8.5,7.5,7.9,Quan Ngua Sports Complex,Entertainment,0.59,
60158437,,,6.9,6.8,7.9,V+ c-4 ngõ 63 lê đức thọ md2,Supermarkets,0.1,
60158437,,,6.9,6.8,7.9,Vm+ 86/20 mỹ đình,Supermarkets,0.44,
60158437,,,6.9,6.8,7.9,Vm+CT,Supermarkets,0.47,
60158437,,,6.9,6.8,7.9,Vm+ A12-BT1 lưu hữu phước,Supermarkets,0.47,
60158437,,,6.9,6.8,7.9,Vm+ c3-2 chung cư c3 MD1,Supermarkets,0.57,
60158437,,,6.9,6.8,7.9,Vm+ 44 nguyễn hoàng,Supermarkets,0.58,
60158437,,,6.9,6.8,7.9,V+ n4a5  mĩ dình,Supermarkets,0.61,
60158437,,,6.9,6.8,7.9,Vm+ 19 nguyễn cơ thạch,Supermarkets,0.63,
60158437,,,6.9,6.8,7.9,Vm+ số 16 ktdc 7.3-8.1 mỹ đình 2,Supermarkets,0.68,
60158437,,,6.9,6.8,7.9,Vm+ 156 trần bình,Supermarkets,0.7,
247355,,,5.1,7.5,7.9,vin mart Tran Duy Hung,Supermarkets,0.17,
247355,,,5.1,7.5,7.9,BigC,Supermarkets,0.37,
247355,,,5.1,7.5,7.9,BigC Thang Long,Shopping Centers and Areas,0.4,
247355,,,5.1,7.5,7.9,vin Mart Trung Hoa,Supermarkets,0.44,
247355,,,5.1,7.5,7.9,Siêu thị thực phẩm chức năng GPCare,Hospitals and Medical Facilities,0.46,
247355,,,5.1,7.5,7.9,Công viên quận Thanh Xuân,"Botanical Gardens, and Public Parks",0.56,
247355,,,5.1,7.5,7.9,Koang Huy Mart,Supermarkets,0.58,
247355,,,5.1,7.5,7.9,Ao làng,"Rivers, Reservoirs, and Lakes",0.62,
247355,,,5.1,7.5,7.9,Vườn hoa Trung Hòa - Nhân Chính,"Botanical Gardens, and Public Parks",0.62,
247355,,,5.1,7.5,7.9,Tran Duy Hung Street,Famous Streets and Neighborhoods,0.62,
67232309,,,,,,Lotte Observation Deck,Monuments and Landmarks,0.3,
67232309,,,,,,Lotte Department Store,Shopping Centers and Areas,0.34,
67232309,,,,,,Lotte Ba Đình,Supermarkets,0.36,
67232309,,,,,,Lotte Center Hanoi,Shopping Centers and Areas,0.37,
67232309,,,,,,Embassy of Finland,Embassies and Consulates,0.37,
67232309,,,,,,Embassy of Japan,Embassies and Consulates,0.39,
67232309,,,,,,Thu Le Park,Zoos and Aquariums,0.44,
67232309,,,,,,Hanoi Zoological Gardens,Zoos and Aquariums,0.46,
67232309,,,,,,Hanoi Botanical Zoo,Zoos and Aquariums,0.52,
67232309,,,,,,Siêu thị điện máy Mediamart,Supermarkets,0.58,
1517145,,0.0,7.7,9.4,8.7,Hang Bac Temple,Places of Worship,0.06,
1517145,,0.0,7.7,9.4,8.7,Hang Ngang Hang Dao,Famous Streets and Neighborhoods,0.08,
1517145,,0.0,7.7,9.4,8.7,Old Quarter,Famous Streets and Neighborhoods,0.08,
1517145,,0.0,7.7,9.4,8.7,Travel Agent Hanoi,Camping and Outdoors,0.09,
1517145,,0.0,7.7,9.4,8.7,Museum Of Independence,Museums and Art Galleries,0.09,
1517145,,0.0,7.7,9.4,8.7,Kitonali Bespoke Tailoring,Shopping Centers and Areas,0.1,
1517145,,0.0,7.7,9.4,8.7,Lucky Star Shop,Shopping Centers and Areas,0.1,
1517145,,0.0,7.7,9.4,8.7,Ta Hien Street,Famous Streets and Neighborhoods,0.11,
1517145,,0.0,7.7,9.4,8.7,Vietcraft,Shopping Centers and Areas,0.11,
1517145,,0.0,7.7,9.4,8.7,Mao's Red Lounge,Bars,0.12,
36836780,,0.25,8.8,9.5,7.9,54 Traditions Gallery,Shopping Centers and Areas,0.06,
36836780,,0.25,8.8,9.5,7.9,Bệnh viện Hồng ngọc,Hospitals and Medical Facilities,0.16,
36836780,,0.25,8.8,9.5,7.9,Travel Sense Asia - Private Day Tours,Shopping Centers and Areas,0.23,
36836780,,0.25,8.8,9.5,7.9,Vườn hoa Hàng Đậu,"Botanical Gardens, and Public Parks",0.24,
36836780,,0.25,8.8,9.5,7.9,nha thuoc Hai Linh,Hospitals and Medical Facilities,0.31,
36836780,,0.25,8.8,9.5,7.9,Phú thọ,Hospitals and Medical Facilities,0.32,
36836780,,0.25,8.8,9.5,7.9,BS Hồ Hoàng Dũng,Hospitals and Medical Facilities,0.35,
36836780,,0.25,8.8,9.5,7.9,Nha Thuoc Nhan Dan,Hospitals and Medical Facilities,0.37,
36836780,,0.25,8.8,9.5,7.9,Phung Hung Mural Street,Famous Streets and Neighborhoods,0.44,
36836780,,0.25,8.8,9.5,7.9,The Bookworm Hanoi,Shopping Centers and Areas,0.45,
1157099,,,5.3,8.4,7.9,Vm+ TDP số 5 mễ trì hạ,Supermarkets,0.1,
1157099,,,5.3,8.4,7.9,3D Gallery,Museums and Art Galleries,0.21,
1157099,,,5.3,8.4,7.9,Ao Tròn,"Rivers, Reservoirs, and Lakes",0.26,
1157099,,,5.3,8.4,7.9,The Garden Shopping Center,Shopping Centers and Areas,0.31,
1157099,,,5.3,8.4,7.9,Vm+ số 23 ngõ 14 mễ trì hạ,Supermarkets,0.4,
1157099,,,5.3,8.4,7.9,Vm+ lô 8 kdt mễ trì hạ,Supermarkets,0.62,
1157099,,,5.3,8.4,7.9,Sân Cây Đề,"Botanical Gardens, and Public Parks",0.62,
1157099,,,5.3,8.4,7.9,lina,"Botanical Gardens, and Public Parks",0.63,
1157099,,,5.3,8.4,7.9,V+,Supermarkets,0.68,
1157099,,,5.3,8.4,7.9,Vm+ 21-23 mễ trì thượng,Supermarkets,0.81,
6944354,,0.0,7.7,9.3,8.6,Travel Agent Hanoi,Camping and Outdoors,0.08,
6944354,,0.0,7.7,9.3,8.6,Hang Bac Temple,Places of Worship,0.09,
6944354,,0.0,7.7,9.3,8.6,Ta Hien Street,Famous Streets and Neighborhoods,0.09,
6944354,,0.0,7.7,9.3,8.6,Kitonali Bespoke Tailoring,Shopping Centers and Areas,0.09,
6944354,,0.0,7.7,9.3,8.6,Mao's Red Lounge,Bars,0.1,
6944354,,0.0,7.7,9.3,8.6,Hieu Phuc Loi,Shops,0.1,
6944354,,0.0,7.7,9.3,8.6,Hang Ngang Hang Dao,Famous Streets and Neighborhoods,0.1,
6944354,,0.0,7.7,9.3,8.6,Old Quarter,Famous Streets and Neighborhoods,0.1,
6944354,,0.0,7.7,9.3,8.6,Vietcraft,Shopping Centers and Areas,0.1,
6944354,,0.0,7.7,9.3,8.6,Museum Of Independence,Museums and Art Galleries,0.1,
1414688,,0.0,8.2,9.1,8.1,O Quan Chuong,Entertainment,0.05,
1414688,,0.0,8.2,9.1,8.1,Old City Gate,Monuments and Landmarks,0.11,
1414688,,0.0,8.2,9.1,8.1,Den Quan De,Monuments and Landmarks,0.14,
1414688,,0.0,8.2,9.1,8.1,Tattoo 1984,Hospitals and Medical Facilities,0.14,
1414688,,0.0,8.2,9.1,8.1,Kuy Son Propaganda Art,Shopping Centers and Areas,0.14,
1414688,,0.0,8.2,9.1,8.1,NHA THUOC,Hospitals and Medical Facilities,0.16,
1414688,,0.0,8.2,9.1,8.1,Bach Ma Temple,Places of Worship,0.18,
1414688,,0.0,8.2,9.1,8.1,Strassenmarkt,Supermarkets,0.19,
1414688,,0.0,8.2,9.1,8.1,Hapro Food,Supermarkets,0.19,
1414688,,0.0,8.2,9.1,8.1,Hieu Phuc Loi,Shops,0.19,
38934352,,0.0,7.1,9.9,8.7,Cau Go Street,Famous Streets and Neighborhoods,0.03,
38934352,,0.0,7.1,9.9,8.7,Vietnam Moontravel,Monuments and Landmarks,0.06,
38934352,,0.0,7.1,9.9,8.7,Hong Ha Anh Silk,Shopping Centers and Areas,0.11,
38934352,,0.0,7.1,9.9,8.7,Thang Long Water Puppet Theatre,Theatres,0.12,
38934352,,0.0,7.1,9.9,8.7,Vietnam Old Propaganda Posters,Shopping Centers and Areas,0.12,
38934352,,0.0,7.1,9.9,8.7,Ba Kieu Temple,Places of Worship,0.13,
38934352,,0.0,7.1,9.9,8.7,Cau The Huc,Monuments and Landmarks,0.15,
38934352,,0.0,7.1,9.9,8.7,Dien Dam Gallery,Monuments and Landmarks,0.16,
38934352,,0.0,7.1,9.9,8.7,Hang Dau Street,Famous Streets and Neighborhoods,0.17,
38934352,,0.0,7.1,9.9,8.7,Jade Mountain Temple,Historical Buildings and Sites,0.18,
91461306,,0.32,,,,Ben Chuong Duong,Monuments and Landmarks,0.11,
91461306,,0.32,,,,Thien Son Plaza,Shopping Centers and Areas,0.24,
91461306,,0.32,,,,Hanoi Ceramic Mosaic Mural,Monuments and Landmarks,0.35,
91461306,,0.32,,,,Vietcombank Tower,"Mountains, Hills and Caves",0.39,
91461306,,0.32,,,,Embassy of Ireland,Embassies and Consulates,0.47,
91461306,,0.32,,,,Hanoi Young Pioneer Palace,Monuments and Landmarks,0.48,
91461306,,0.32,,,,Fivimart Aupermkt,Supermarkets,0.53,
91461306,,0.32,,,,Do Manh Cuong Boutique,Shopping Centers and Areas,0.57,
91461306,,0.32,,,,Hang Dau Street,Famous Streets and Neighborhoods,0.6,
91461306,,0.32,,,,Embassy of Italy,Embassies and Consulates,0.6,
42521412,,0.0,6.9,9.6,9.3,Suffusive,Shops,0.02,
42521412,,0.0,6.9,9.6,9.3,Polite & Co,Bars,0.02,
42521412,,0.0,6.9,9.6,9.3,Royal Silk,Shopping Centers and Areas,0.05,
42521412,,0.0,6.9,9.6,9.3,Mekong Quilts,Shopping Centers and Areas,0.06,
42521412,,0.0,6.9,9.6,9.3,Hoan Kiem Lake Walking Street,Famous Streets and Neighborhoods,0.06,
42521412,,0.0,6.9,9.6,9.3,Circle K,Supermarkets,0.06,
42521412,,0.0,6.9,9.6,9.3,Airashi Silk,Shopping Centers and Areas,0.07,
42521412,,0.0,6.9,9.6,9.3,Curve - 24 Hour Tailoring,Shopping Centers and Areas,0.08,
42521412,,0.0,6.9,9.6,9.3,Statue of King Le Thai To,Monuments and Landmarks,0.12,
42521412,,0.0,6.9,9.6,9.3,Vanloi Oriental Style,Shopping Centers and Areas,0.13,
4914609,,0.18,6.4,8.4,8.3,Vietcombank Tower,"Mountains, Hills and Caves",0.06,
4914609,,0.18,6.4,8.4,8.3,Embassy of Italy,Embassies and Consulates,0.16,
4914609,,0.18,6.4,8.4,8.3,Vườn hoa Con Cóc,"Botanical Gardens, and Public Parks",0.19,
4914609,,0.18,6.4,8.4,8.3,Thien Son Plaza,Shopping Centers and Areas,0.22,
4914609,,0.18,6.4,8.4,8.3,L'Epicerie du Metropole,Shopping Centers and Areas,0.22,
4914609,,0.18,6.4,8.4,8.3,Embassy of Ireland,Embassies and Consulates,0.26,
4914609,,0.18,6.4,8.4,8.3,Hanoi Young Pioneer Palace,Monuments and Landmarks,0.26,
4914609,,0.18,6.4,8.4,8.3,Co Tan Park,"Botanical Gardens, and Public Parks",0.26,
4914609,,0.18,6.4,8.4,8.3,Museum of the Revolution,Museums and Art Galleries,0.28,
4914609,,0.18,6.4,8.4,8.3,Lan Chin,Entertainment,0.31,
67196155,,0.39,,,,Vm+ 11 ngỗ sỹ liên,Supermarkets,0.06,
67196155,,0.39,,,,Vm+ 14 Trần Quý Cáp,Supermarkets,0.09,
67196155,,0.39,,,,Bệnh viện Đa khoa Quốc tế Hồng Hà,Hospitals and Medical Facilities,0.1,
67196155,,0.39,,,,Benh Vien Da Lieu Ha Noi,Hospitals and Medical Facilities,0.12,
67196155,,0.39,,,,Street Market,Supermarkets,0.12,
67196155,,0.39,,,,The Rotten Grapes Improv Theater,Theatres,0.17,
67196155,,0.39,,,,Vinmart,Shopping Centers and Areas,0.25,
67196155,,0.39,,,,Van Mieu - Quoc Tu Giam,Things to do,0.26,
67196155,,0.39,,,,Goethe Institut,Monuments and Landmarks,0.29,
67196155,,0.39,,,,Coco Silk,Shops,0.31,
62079565,,,,,,Zenith yoga,Fitness and Yoga Centers,0.13,
62079565,,,,,,Gian Hàng Từ Thiện,Hospitals and Medical Facilities,0.23,
62079565,,,,,,Zeds Threads,Shopping Centers and Areas,0.3,
62079565,,,,,,George's Fashion Boutique,Shopping Centers and Areas,0.3,
62079565,,,,,,Ho Cam,"Rivers, Reservoirs, and Lakes",0.36,
62079565,,,,,,Quang Ba Flower Market,Shopping Centers and Areas,0.4,
62079565,,,,,,Emporium Hanoi,Shopping Centers and Areas,0.5,
62079565,,,,,,Naturally Vietnam - Organic Market,Supermarkets,0.51,
62079565,,,,,,K-market Xuân Diệ,Supermarkets,0.54,
62079565,,,,,,HanoiBoutique Tailoring,Shopping Centers and Areas,0.56,
78348259,,0.0,,,,Le Chalet Cafe,Shopping Centers and Areas,0.05,
78348259,,0.0,,,,Heydi Fashion House,Shopping Centers and Areas,0.07,
78348259,,0.0,,,,IndochinaSilk,Shopping Centers and Areas,0.08,
78348259,,0.0,,,,Hapro 68 Hàng Bông,Supermarkets,0.08,
78348259,,0.0,,,,Hai Van Printing and Embroidery Shop,Shopping Centers and Areas,0.08,
78348259,,0.0,,,,Phuong Dong Art Shop,Shops,0.1,
78348259,,0.0,,,,Tagilis,Shopping Centers and Areas,0.11,
78348259,,0.0,,,,Vietnam Cultural,Shopping Centers and Areas,0.12,
78348259,,0.0,,,,Vietnam National Tuong Theatre,Theatres,0.12,
78348259,,0.0,,,,Hang Da Galleria,Shopping Centers and Areas,0.13,
43397,,2.42,6.4,6.6,7.9,Embassy of The United States,Embassies and Consulates,0.14,
43397,,2.42,6.4,6.6,7.9,Benh Vien A,Hospitals and Medical Facilities,0.24,
43397,,2.42,6.4,6.6,7.9,Hapro Thành Công,Supermarkets,0.29,
43397,,2.42,6.4,6.6,7.9,Vietnam Exhibition and Fair Centre,Convention and Exhibition Centers,0.33,
43397,,2.42,6.4,6.6,7.9,Vinhomes Gallery,"Botanical Gardens, and Public Parks",0.36,
43397,,2.42,6.4,6.6,7.9,Vm+ 80 Nguyễn Phúc Lai,Supermarkets,0.39,
43397,,2.42,6.4,6.6,7.9,Unimart Giảng Võ,Supermarkets,0.55,
43397,,2.42,6.4,6.6,7.9,ĐỨC LONG Pharmacy,Hospitals and Medical Facilities,0.6,
43397,,2.42,6.4,6.6,7.9,Dong Da Lake,"Rivers, Reservoirs, and Lakes",0.61,
43397,,2.42,6.4,6.6,7.9,Hồ Giảng Võ,"Rivers, Reservoirs, and Lakes",0.62,
10966,,1.05,9.2,9.2,7.9,Paris Miki Vietnam,Hospitals and Medical Facilities,0.07,
10966,,1.05,9.2,9.2,7.9,Kim Lien Pagoda,Monuments and Landmarks,0.1,
10966,,1.05,9.2,9.2,7.9,Chua Tran Quoc,Places of Worship,0.32,
10966,,1.05,9.2,9.2,7.9,My spot,Things to do,0.35,
10966,,1.05,9.2,9.2,7.9,Hanoi Studio Gallery,Museums and Art Galleries,0.39,
10966,,1.05,9.2,9.2,7.9,Trạm Y tế phường Trúc Bạch,Hospitals and Medical Facilities,0.48,
10966,,1.05,9.2,9.2,7.9,Tran Quoc Pagoda,Things to do,0.5,
10966,,1.05,9.2,9.2,7.9,Truc Back Lake,"Rivers, Reservoirs, and Lakes",0.5,
10966,,1.05,9.2,9.2,7.9,An Duong Tennis Courts,"Botanical Gardens, and Public Parks",0.57,
10966,,1.05,9.2,9.2,7.9,The Bookworm Hanoi,Shopping Centers and Areas,0.61,
38723203,,0.0,6.7,9.7,9.6,Vietnam Country Tour - Day Tours,Monuments and Landmarks,0.04,
38723203,,0.0,6.7,9.7,9.6,Pasteur Street Craft Beer - Hoan Kiem Taproom & Restaurant,Bars,0.09,
38723203,,0.0,6.7,9.7,9.6,Magonn Design,Shopping Centers and Areas,0.09,
38723203,,0.0,6.7,9.7,9.6,Nha Tho,Monuments and Landmarks,0.1,
38723203,,0.0,6.7,9.7,9.6,Chua Ly Trieu Quoc Su,Places of Worship,0.11,
38723203,,0.0,6.7,9.7,9.6,Heydi Fashion House,Shopping Centers and Areas,0.12,
38723203,,0.0,6.7,9.7,9.6,Clouds,Shopping Centers and Areas,0.12,
38723203,,0.0,6.7,9.7,9.6,Vietnam Cultural,Shopping Centers and Areas,0.13,
38723203,,0.0,6.7,9.7,9.6,Hapro 68 Hàng Bông,Supermarkets,0.14,
38723203,,0.0,6.7,9.7,9.6,St. Joseph's Cathedral,Places of Worship,0.14,
32907021,,0.0,7.3,9.2,9.2,Bia Hoi 68 Hang Quat,Bars,0.03,
32907021,,0.0,7.3,9.2,9.2,Vietnamese Craft - Guild,Shopping Centers and Areas,0.1,
32907021,,0.0,7.3,9.2,9.2,F Silk,Shops,0.1,
32907021,,0.0,7.3,9.2,9.2,Ngoc Anh Fashion,Shopping Centers and Areas,0.1,
32907021,,0.0,7.3,9.2,9.2,Dinh Co Vu,Monuments and Landmarks,0.11,
32907021,,0.0,7.3,9.2,9.2,Vanloi Oriental Style,Shopping Centers and Areas,0.11,
32907021,,0.0,7.3,9.2,9.2,Silk silk,Shopping Centers and Areas,0.11,
32907021,,0.0,7.3,9.2,9.2,Phuc Loi Shop,Shopping Centers and Areas,0.11,
32907021,,0.0,7.3,9.2,9.2,Kenly Silk,Shops,0.12,
32907021,,0.0,7.3,9.2,9.2,Chie Design,Shopping Centers and Areas,0.12,
46274613,,0.0,7.3,9.4,8.6,Dien Dam Gallery,Monuments and Landmarks,0.08,
46274613,,0.0,7.3,9.4,8.6,Nunal Boutique,Shopping Centers and Areas,0.09,
46274613,,0.0,7.3,9.4,8.6,Cau Go Street,Famous Streets and Neighborhoods,0.11,
46274613,,0.0,7.3,9.4,8.6,Lucky Star Shop,Shopping Centers and Areas,0.11,
46274613,,0.0,7.3,9.4,8.6,87 Ma May,Things to do,0.12,
46274613,,0.0,7.3,9.4,8.6,Factory Outlet,Shopping Centers and Areas,0.13,
46274613,,0.0,7.3,9.4,8.6,Kitonali Bespoke Tailoring,Shopping Centers and Areas,0.13,
46274613,,0.0,7.3,9.4,8.6,Viettime Craft,Shopping Centers and Areas,0.14,
46274613,,0.0,7.3,9.4,8.6,Vietnam Moontravel,Monuments and Landmarks,0.14,
46274613,,0.0,7.3,9.4,8.6,Vietnam Old Propaganda Posters,Shopping Centers and Areas,0.14,
3143234,,2.67,8.5,7.6,7.9,Embassy of Japan,Embassies and Consulates,0.24,
3143234,,2.67,8.5,7.6,7.9,Lotte Ba Đình,Supermarkets,0.39,
3143234,,2.67,8.5,7.6,7.9,Lotte Observation Deck,Monuments and Landmarks,0.4,
3143234,,2.67,8.5,7.6,7.9,United Nations Development Programme,Business Offices,0.43,
3143234,,2.67,8.5,7.6,7.9,Lotte Center Hanoi,Shopping Centers and Areas,0.44,
3143234,,2.67,8.5,7.6,7.9,Lotte Department Store,Shopping Centers and Areas,0.44,
3143234,,2.67,8.5,7.6,7.9,Embassy of Finland,Embassies and Consulates,0.44,
3143234,,2.67,8.5,7.6,7.9,Family Medical Practice Hanoi,Hospitals and Medical Facilities,0.59,
3143234,,2.67,8.5,7.6,7.9,Quan Ngua Sports Complex,Entertainment,0.59,
3143234,,2.67,8.5,7.6,7.9,Benh Vien 354,Hospitals and Medical Facilities,0.59,
39632912,,,5.0,6.8,7.9,Vm+ 21-23 mễ trì thượng,Supermarkets,0.39,
39632912,,,5.0,6.8,7.9,Ao Tròn,"Rivers, Reservoirs, and Lakes",0.5,
39632912,,,5.0,6.8,7.9,Vietnam National Convention Center,Convention and Exhibition Centers,0.58,
39632912,,,5.0,6.8,7.9,Vm+ TDP số 5 mễ trì hạ,Supermarkets,0.67,
39632912,,,5.0,6.8,7.9,K-Market Greenbay,Supermarkets,0.69,
39632912,,,5.0,6.8,7.9,Vm+ G1 vinhomes green,Supermarkets,0.72,
39632912,,,5.0,6.8,7.9,Vm+ số 23 ngõ 14 mễ trì hạ,Supermarkets,0.73,
39632912,,,5.0,6.8,7.9,Keangnam Hanoi Landmark Tower,Monuments and Landmarks,0.76,
39632912,,,5.0,6.8,7.9,V+ g2 vinhomes greenbay lương thế vinh,Supermarkets,0.78,
39632912,,,5.0,6.8,7.9,3D Gallery,Museums and Art Galleries,0.89,
55664055,,0.73,5.5,7.9,8.8,Benh Vien Da Khoa Ha Noi,Hospitals and Medical Facilities,0.16,
55664055,,0.73,5.5,7.9,8.8,Cay Cau,Entertainment,0.17,
55664055,,0.73,5.5,7.9,8.8,The Huc Bridge,Bridges,0.18,
55664055,,0.73,5.5,7.9,8.8,Vietnam Intellectual Property Research Institute,Business Offices,0.2,
55664055,,0.73,5.5,7.9,8.8,Phòng Khám Đa Khoa Dr. Binh Tele_Clinic,Hospitals and Medical Facilities,0.24,
55664055,,0.73,5.5,7.9,8.8,Embassy of Peru,Embassies and Consulates,0.25,
55664055,,0.73,5.5,7.9,8.8,Mai's Cafe,Shops,0.25,
55664055,,0.73,5.5,7.9,8.8,Australian Dental Clinic,Hospitals and Medical Facilities,0.31,
55664055,,0.73,5.5,7.9,8.8,LeChat Studio,Shopping Centers and Areas,0.31,
55664055,,0.73,5.5,7.9,8.8,Embassy of Algeria,Embassies and Consulates,0.42,
37130257,,2.89,8.6,7.5,7.9,Embassy of Japan,Embassies and Consulates,0.33,
37130257,,2.89,8.6,7.5,7.9,Lotte Observation Deck,Monuments and Landmarks,0.41,
37130257,,2.89,8.6,7.5,7.9,Lotte Ba Đình,Supermarkets,0.43,
37130257,,2.89,8.6,7.5,7.9,Lotte Department Store,Shopping Centers and Areas,0.46,
37130257,,2.89,8.6,7.5,7.9,Lotte Center Hanoi,Shopping Centers and Areas,0.47,
37130257,,2.89,8.6,7.5,7.9,Embassy of Finland,Embassies and Consulates,0.47,
37130257,,2.89,8.6,7.5,7.9,Benh Vien 354,Hospitals and Medical Facilities,0.47,
37130257,,2.89,8.6,7.5,7.9,Quan Ngua Sports Complex,Entertainment,0.54,
37130257,,2.89,8.6,7.5,7.9,United Nations Development Programme,Business Offices,0.57,
37130257,,2.89,8.6,7.5,7.9,Quan Ngua Stadium,Sports Venues,0.66,
4782362,,0.04,6.6,9.3,9.9,Vườn hoa Cửa Nam,"Botanical Gardens, and Public Parks",0.03,
4782362,,0.04,6.6,9.3,9.9,Pheva chocolate Hanoi,Shopping Centers and Areas,0.08,
4782362,,0.04,6.6,9.3,9.9,Cao Minh Custom Tailor,Shopping Centers and Areas,0.09,
4782362,,0.04,6.6,9.3,9.9,Southern Gate,Famous Streets and Neighborhoods,0.14,
4782362,,0.04,6.6,9.3,9.9,Japan Supermarket,Supermarkets,0.2,
4782362,,0.04,6.6,9.3,9.9,Hanoi Train Street,Famous Streets and Neighborhoods,0.24,
4782362,,0.04,6.6,9.3,9.9,Vinmart,Shopping Centers and Areas,0.25,
4782362,,0.04,6.6,9.3,9.9,Minh Sinh Dental Clinic,Hospitals and Medical Facilities,0.26,
4782362,,0.04,6.6,9.3,9.9,Benh Vien K,Hospitals and Medical Facilities,0.29,
4782362,,0.04,6.6,9.3,9.9,Bệnh viện Răng Hàm Mặt Hà Nội,Hospitals and Medical Facilities,0.29,
8825461,,0.54,5.9,8.5,7.9,Vietnam National Museum of History,Museums and Art Galleries,0.21,
8825461,,0.54,5.9,8.5,7.9,Lan Chin,Entertainment,0.24,
8825461,,0.54,5.9,8.5,7.9,Army Hotel Swimming Pool,Sport Centers and Swimming Pools,0.28,
8825461,,0.54,5.9,8.5,7.9,Museum of the Revolution,Museums and Art Galleries,0.33,
8825461,,0.54,5.9,8.5,7.9,Geological Museum,Museums and Art Galleries,0.33,
8825461,,0.54,5.9,8.5,7.9,Co Tan Park,"Botanical Gardens, and Public Parks",0.35,
8825461,,0.54,5.9,8.5,7.9,Vietnam Luxury Golf Tours,Things to do,0.38,
8825461,,0.54,5.9,8.5,7.9,Hanoi Opera House,Monuments and Landmarks,0.39,
8825461,,0.54,5.9,8.5,7.9,Embassy of Italy,Embassies and Consulates,0.43,
8825461,,0.54,5.9,8.5,7.9,Vietcombank Tower,"Mountains, Hills and Caves",0.45,
64171595,,0.26,,,,Hanoi Towers Shopping Center,Shopping Centers and Areas,0.03,
64171595,,0.26,,,,Hoa Lo Prison,Historical Buildings and Sites,0.09,
64171595,,0.26,,,,Hoa Lo Historical Prison,Museums and Art Galleries,0.09,
64171595,,0.26,,,,Nha khoa Thăng Long,Hospitals and Medical Facilities,0.1,
64171595,,0.26,,,,Quan Su Pagoda,Places of Worship,0.1,
64171595,,0.26,,,,Ambassadors’ Pagoda,Monuments and Landmarks,0.11,
64171595,,0.26,,,,Hanoi Police Museum,Museums and Art Galleries,0.11,
64171595,,0.26,,,,Benh Vien K,Hospitals and Medical Facilities,0.18,
64171595,,0.26,,,,Bệnh viện Phụ sản Trung ương,Hospitals and Medical Facilities,0.2,
64171595,,0.26,,,,Hanoi City Court,Attractions,0.2,
2334084,,,9.6,5.4,7.1,Cam Ranh International Airport,Airports,2.95,
2334084,,,9.6,5.4,7.1,Vietnam - Russia Monument,Monuments and Landmarks,5.0,
2334084,,,9.6,5.4,7.1,Bai Dai Beach,Beaches,5.07,
2334084,,,9.6,5.4,7.1,Tram Y Te Xa Cam Thanh Bac,Hospitals and Medical Facilities,5.07,
2334084,,,9.6,5.4,7.1,Benh Vien Da Khoa Huyen Cam Lam,Hospitals and Medical Facilities,6.04,
2334084,,,9.6,5.4,7.1,The Shack,Things to do,8.94,
2334084,,,9.6,5.4,7.1,Hon Noi Island,Islands,12.03,
2334084,,,9.6,5.4,7.1,Hon Mieu Ngoai,Islands,13.34,
2334084,,,9.6,5.4,7.1,Hon Nhan,Islands,13.41,
2334084,,,9.6,5.4,7.1,Công viên 18 Tháng 10,"Botanical Gardens, and Public Parks",13.65,
49495642,,,9.3,5.8,7.1,Bai Dai Beach,Beaches,0.37,
49495642,,,9.3,5.8,7.1,The Shack,Things to do,1.49,
49495642,,,9.3,5.8,7.1,Benh Vien Da Khoa Huyen Cam Lam,Hospitals and Medical Facilities,5.47,
49495642,,,9.3,5.8,7.1,Crown Convention Center,Convention and Exhibition Centers,6.92,
49495642,,,9.3,5.8,7.1,Tram Y Te Xa Cam Thanh Bac,Hospitals and Medical Facilities,7.14,
49495642,,,9.3,5.8,7.1,Diamond Bay Golf Course,Golf Courses,7.65,
49495642,,,9.3,5.8,7.1,Nhu Tien Beach,Beaches,7.95,
49495642,,,9.3,5.8,7.1,100 Egg theme park,Natural Hot Springs and Waterfalls,9.72,
49495642,,,9.3,5.8,7.1,Hòn Tằm Island,Islands,9.86,
49495642,,,9.3,5.8,7.1,100 Eggs Mud Bath,Spas and Onsens,9.9,
186561,0.14,0.0,7.8,9.7,7.1,Sieu thi 101 tran quan khai,Supermarkets,0.02,
186561,0.14,0.0,7.8,9.7,7.1,Nha Trang Beach Massage,Shopping Centers and Areas,0.04,
186561,0.14,0.0,7.8,9.7,7.1,Vinkom plaza,Supermarkets,0.06,
186561,0.14,0.0,7.8,9.7,7.1,Kim Quang's Hand Painted T-Shirts,Shopping Centers and Areas,0.06,
186561,0.14,0.0,7.8,9.7,7.1,Sailing Club Divers,Things to do,0.1,
186561,0.14,0.0,7.8,9.7,7.1,Sailing Club,Bars,0.11,
186561,0.14,0.0,7.8,9.7,7.1,Nha Trang beach,Beaches,0.14,
186561,0.14,0.0,7.8,9.7,7.1,St. Joseph's Parish Church,Places of Worship,0.18,
186561,0.14,0.0,7.8,9.7,7.1,XQ Hand Embroidery,Shopping Centers and Areas,0.2,
186561,0.14,0.0,7.8,9.7,7.1,Yen yen spa 73/9 tran quan khai,Supermarkets,0.2,
86514477,0.26,0.0,,,,Nha Trang Beach Massage,Shopping Centers and Areas,0.06,
86514477,0.26,0.0,,,,Sieu thi 101 tran quan khai,Supermarkets,0.08,
86514477,0.26,0.0,,,,Yen yen spa 73/9 tran quan khai,Supermarkets,0.1,
86514477,0.26,0.0,,,,Vinkom plaza,Supermarkets,0.13,
86514477,0.26,0.0,,,,Hoang Yen Tailor,Shopping Centers and Areas,0.15,
86514477,0.26,0.0,,,,Coco Dive centre,Entertainment,0.15,
86514477,0.26,0.0,,,,Kim Quang's Hand Painted T-Shirts,Shopping Centers and Areas,0.16,
86514477,0.26,0.0,,,,Colorwaves Gallery,Museums and Art Galleries,0.17,
86514477,0.26,0.0,,,,St. Joseph's Parish Church,Places of Worship,0.18,
86514477,0.26,0.0,,,,Sailing Club Divers,Things to do,0.19,
7710666,0.51,0.36,5.5,7.8,9.7,Bệnh Viện Đa Khoa Tỉnh Khánh Hòa,Hospitals and Medical Facilities,0.01,
7710666,0.51,0.36,5.5,7.8,9.7,Viet Han Dental Clinic,Hospitals and Medical Facilities,0.15,
7710666,0.51,0.36,5.5,7.8,9.7,La rosa 17 ly tu trong,Supermarkets,0.16,
7710666,0.51,0.36,5.5,7.8,9.7,Sen Spa Nha Trang,Spas and Onsens,0.2,
7710666,0.51,0.36,5.5,7.8,9.7,Vietcombank Nha Trang,Banks and Currency Exchange,0.24,
7710666,0.51,0.36,5.5,7.8,9.7,Thap Tram Huong,Famous Buildings,0.25,
7710666,0.51,0.36,5.5,7.8,9.7,Doi csgt,Hospitals and Medical Facilities,0.27,
7710666,0.51,0.36,5.5,7.8,9.7,Phong Mach PhUc Hoi Chuc Nang,Hospitals and Medical Facilities,0.31,
7710666,0.51,0.36,5.5,7.8,9.7,Trung Tam Bao Ve Suc Khoe Ba Me,Hospitals and Medical Facilities,0.39,
7710666,0.51,0.36,5.5,7.8,9.7,Nha Tho Nui,Places of Worship,0.45,
13486290,0.14,0.0,6.3,8.9,8.1,Nha Trang Water Puppet,Entertainment,0.05,
13486290,0.14,0.0,6.3,8.9,8.1,2/4 Square,Famous Buildings,0.12,
13486290,0.14,0.0,6.3,8.9,8.1,Nha Trang beach,Beaches,0.14,
13486290,0.14,0.0,6.3,8.9,8.1,Tram Huong Tower,Monuments and Landmarks,0.15,
13486290,0.14,0.0,6.3,8.9,8.1,Galina Mud Bath and Spa,Spas and Onsens,0.22,
13486290,0.14,0.0,6.3,8.9,8.1,Tea House in Nha Trang,Shopping Centers and Areas,0.25,
13486290,0.14,0.0,6.3,8.9,8.1,Russian Information Center,Tourist and Travel Info,0.27,
13486290,0.14,0.0,6.3,8.9,8.1,k-mart,Supermarkets,0.28,
13486290,0.14,0.0,6.3,8.9,8.1,Siêu thị linh mart số 01 hùng vương,Supermarkets,0.28,
13486290,0.14,0.0,6.3,8.9,8.1,Dr. Tooth,Hospitals and Medical Facilities,0.28,
699308,0.15,0.0,6.9,8.5,7.9,Nha Trang Water Puppet,Entertainment,0.07,
699308,0.15,0.0,6.9,8.5,7.9,Galina Mud Bath and Spa,Spas and Onsens,0.12,
699308,0.15,0.0,6.9,8.5,7.9,Nha Trang beach,Beaches,0.15,
699308,0.15,0.0,6.9,8.5,7.9,Tea House in Nha Trang,Shopping Centers and Areas,0.16,
699308,0.15,0.0,6.9,8.5,7.9,2/4 Square,Famous Buildings,0.16,
699308,0.15,0.0,6.9,8.5,7.9,bệnh viện 22/12,Hospitals and Medical Facilities,0.22,
699308,0.15,0.0,6.9,8.5,7.9,Tram Huong Tower,Monuments and Landmarks,0.26,
699308,0.15,0.0,6.9,8.5,7.9,Rainbow Divers,Shops,0.26,
699308,0.15,0.0,6.9,8.5,7.9,Sailing Club Nha Trang,Things to do,0.26,
699308,0.15,0.0,6.9,8.5,7.9,King's palace,Monuments and Landmarks,0.26,
49696172,,,9.6,5.4,7.1,Cam Ranh International Airport,Airports,2.77,
49696172,,,9.6,5.4,7.1,Vietnam - Russia Monument,Monuments and Landmarks,4.82,
49696172,,,9.6,5.4,7.1,Tram Y Te Xa Cam Thanh Bac,Hospitals and Medical Facilities,5.14,
49696172,,,9.6,5.4,7.1,Bai Dai Beach,Beaches,5.27,
49696172,,,9.6,5.4,7.1,Benh Vien Da Khoa Huyen Cam Lam,Hospitals and Medical Facilities,6.17,
49696172,,,9.6,5.4,7.1,The Shack,Things to do,9.12,
49696172,,,9.6,5.4,7.1,Hon Noi Island,Islands,11.99,
49696172,,,9.6,5.4,7.1,Hon Mieu Ngoai,Islands,13.16,
49696172,,,9.6,5.4,7.1,Hon Nhan,Islands,13.24,
49696172,,,9.6,5.4,7.1,Công viên 18 Tháng 10,"Botanical Gardens, and Public Parks",13.51,
49691945,,0.0,6.6,8.3,8.1,Nha Trang Water Puppet,Entertainment,0.07,
49691945,,0.0,6.6,8.3,8.1,Nha Trang beach,Beaches,0.15,
49691945,,0.0,6.6,8.3,8.1,Galina Mud Bath and Spa,Spas and Onsens,0.15,
49691945,,0.0,6.6,8.3,8.1,Tea House in Nha Trang,Shopping Centers and Areas,0.18,
49691945,,0.0,6.6,8.3,8.1,2/4 Square,Famous Buildings,0.18,
49691945,,0.0,6.6,8.3,8.1,Dr. Tooth,Hospitals and Medical Facilities,0.22,
49691945,,0.0,6.6,8.3,8.1,Tram Huong Tower,Monuments and Landmarks,0.23,
49691945,,0.0,6.6,8.3,8.1,bệnh viện 22/12,Hospitals and Medical Facilities,0.23,
49691945,,0.0,6.6,8.3,8.1,Sapphire2,Hospitals and Medical Facilities,0.24,
49691945,,0.0,6.6,8.3,8.1,Viet Farm,Hospitals and Medical Facilities,0.27,
4629184,0.33,0.0,6.2,8.2,8.9,k-mart,Supermarkets,0.09,
4629184,0.33,0.0,6.2,8.2,8.9,Siêu thị linh mart số 01 hùng vương,Supermarkets,0.09,
4629184,0.33,0.0,6.2,8.2,8.9,Russian Information Center,Tourist and Travel Info,0.11,
4629184,0.33,0.0,6.2,8.2,8.9,Bac Thanh Church,Places of Worship,0.16,
4629184,0.33,0.0,6.2,8.2,8.9,Vincom Plaza Nha Trang,Shopping Centers and Areas,0.19,
4629184,0.33,0.0,6.2,8.2,8.9,Vincom Plaza,Supermarkets,0.21,
4629184,0.33,0.0,6.2,8.2,8.9,Dr. Tooth,Hospitals and Medical Facilities,0.25,
4629184,0.33,0.0,6.2,8.2,8.9,Pool Pub,Bars,0.26,
4629184,0.33,0.0,6.2,8.2,8.9,Sieu thi ngoc phuoc 71 to hien thanh,Supermarkets,0.29,
4629184,0.33,0.0,6.2,8.2,8.9,Hoang Gia Pearl Store,Shopping Centers and Areas,0.31,
80005567,,,,,,Vinamilk,Supermarkets,0.17,
80005567,,,,,,Kinh mart lô 56 phạm văn đồng,Supermarkets,0.33,
80005567,,,,,,Vinh quang,Supermarkets,0.41,
80005567,,,,,,Crazy shop 2 / Alphaviet,Supermarkets,0.53,
80005567,,,,,,Moonmilk deli,Supermarkets,0.69,
80005567,,,,,,Nha Trang Tourism & Art Culture College,"Colleges, Universities, and Educational institutions",0.75,
80005567,,,,,,VinMart,Supermarkets,0.8,
80005567,,,,,,Mini mart như quynh's 586 đường 2/4,Supermarkets,0.81,
80005567,,,,,,Thui Sport,Fitness and Yoga Centers,0.82,
80005567,,,,,,Shop mini ben viet phuc hoi chuc nang 6 pham van dong,Supermarkets,0.9,
66810496,0.17,0.0,,,,Crazy shop 3 / Alphaviet,Supermarkets,0.09,
66810496,0.17,0.0,,,,Anh Thu Crocodile,Shopping Centers and Areas,0.13,
66810496,0.17,0.0,,,,Phu Dong Water Park,"Botanical Gardens, and Public Parks",0.14,
66810496,0.17,0.0,,,,Central Park,"Amusement, Theme parks, and Water parks",0.15,
66810496,0.17,0.0,,,,Story Beach Club,Bars,0.17,
66810496,0.17,0.0,,,,Story Beach & Pool,Things to do,0.17,
66810496,0.17,0.0,,,,Nha Trang beach,Beaches,0.17,
66810496,0.17,0.0,,,,Siêu thị perkrestok 100 trần phú,Supermarkets,0.19,
66810496,0.17,0.0,,,,sieu thi mini mart,Supermarkets,0.22,
66810496,0.17,0.0,,,,Lien a 86 tran phu,Supermarkets,0.34,
178263,0.16,0.0,7.1,8.9,7.7,Galina Mud Bath and Spa,Spas and Onsens,0.08,
178263,0.16,0.0,7.1,8.9,7.7,Tea House in Nha Trang,Shopping Centers and Areas,0.12,
178263,0.16,0.0,7.1,8.9,7.7,Nha Trang Water Puppet,Entertainment,0.16,
178263,0.16,0.0,7.1,8.9,7.7,Nha Trang beach,Beaches,0.16,
178263,0.16,0.0,7.1,8.9,7.7,King's palace,Monuments and Landmarks,0.17,
178263,0.16,0.0,7.1,8.9,7.7,Rainbow Divers,Shops,0.18,
178263,0.16,0.0,7.1,8.9,7.7,Sailing Club Nha Trang,Things to do,0.18,
178263,0.16,0.0,7.1,8.9,7.7,Travel club Moscow,Natural Parks and Forests,0.18,
178263,0.16,0.0,7.1,8.9,7.7,bệnh viện 22/12,Hospitals and Medical Facilities,0.19,
178263,0.16,0.0,7.1,8.9,7.7,2/4 Square,Famous Buildings,0.23,
706033,0.08,0.67,5.5,9.3,9.1,Khanh Hoa Museum,Museums and Art Galleries,0.08,
706033,0.08,0.67,5.5,9.3,9.1,Nha Trang beach,Beaches,0.08,
706033,0.08,0.67,5.5,9.3,9.1,Nha Trang Center,Shopping Centers and Areas,0.13,
706033,0.08,0.67,5.5,9.3,9.1,Thap Tram Huong,Famous Buildings,0.19,
706033,0.08,0.67,5.5,9.3,9.1,Alexandre Yersin Museum,Museums and Art Galleries,0.21,
706033,0.08,0.67,5.5,9.3,9.1,Altitude Rooftop Bar,Bars,0.32,
706033,0.08,0.67,5.5,9.3,9.1,Pasteur Institute,"Colleges, Universities, and Educational institutions",0.34,
706033,0.08,0.67,5.5,9.3,9.1,Bệnh Viện Đa Khoa Tỉnh Khánh Hòa,Hospitals and Medical Facilities,0.4,
706033,0.08,0.67,5.5,9.3,9.1,La rosa 17 ly tu trong,Supermarkets,0.43,
706033,0.08,0.67,5.5,9.3,9.1,Sen Spa Nha Trang,Spas and Onsens,0.5,
42367083,0.15,0.0,8.3,8.9,7.1,Siêu thị perkrestok 100 trần phú,Supermarkets,0.07,
42367083,0.15,0.0,8.3,8.9,7.1,Anh Thu Crocodile,Shopping Centers and Areas,0.12,
42367083,0.15,0.0,8.3,8.9,7.1,Nha Trang beach,Beaches,0.15,
42367083,0.15,0.0,8.3,8.9,7.1,Story Beach & Pool,Things to do,0.16,
42367083,0.15,0.0,8.3,8.9,7.1,Crazy shop 3 / Alphaviet,Supermarkets,0.19,
42367083,0.15,0.0,8.3,8.9,7.1,Story Beach Club,Bars,0.2,
42367083,0.15,0.0,8.3,8.9,7.1,Phu Dong Water Park,"Botanical Gardens, and Public Parks",0.24,
42367083,0.15,0.0,8.3,8.9,7.1,Central Park,"Amusement, Theme parks, and Water parks",0.24,
42367083,0.15,0.0,8.3,8.9,7.1,sieu thi mini mart,Supermarkets,0.41,
42367083,0.15,0.0,8.3,8.9,7.1,Lien a 86 tran phu,Supermarkets,0.54,
1162080,0.08,0.6,5.6,9.8,9.0,Nha Trang Center,Shopping Centers and Areas,0.03,
1162080,0.08,0.6,5.6,9.8,9.0,Nha Trang beach,Beaches,0.08,
1162080,0.08,0.6,5.6,9.8,9.0,Khanh Hoa Museum,Museums and Art Galleries,0.16,
1162080,0.08,0.6,5.6,9.8,9.0,Altitude Rooftop Bar,Bars,0.21,
1162080,0.08,0.6,5.6,9.8,9.0,Thap Tram Huong,Famous Buildings,0.29,
1162080,0.08,0.6,5.6,9.8,9.0,Alexandre Yersin Museum,Museums and Art Galleries,0.3,
1162080,0.08,0.6,5.6,9.8,9.0,Pasteur Institute,"Colleges, Universities, and Educational institutions",0.44,
1162080,0.08,0.6,5.6,9.8,9.0,La rosa 17 ly tu trong,Supermarkets,0.46,
1162080,0.08,0.6,5.6,9.8,9.0,Bệnh Viện Đa Khoa Tỉnh Khánh Hòa,Hospitals and Medical Facilities,0.46,
1162080,0.08,0.6,5.6,9.8,9.0,Hai sam kho 36 tran phu,Supermarkets,0.48,
6508545,0.4,0.0,7.4,9.7,7.8,Lanterns Cooking Class,Things to do,0.04,
6508545,0.4,0.0,7.4,9.7,7.8,Vinadive,Entertainment,0.1,
6508545,0.4,0.0,7.4,9.7,7.8,vkhospital,Hospitals and Medical Facilities,0.11,
6508545,0.4,0.0,7.4,9.7,7.8,Can tin bv 22/12,Hospitals and Medical Facilities,0.11,
6508545,0.4,0.0,7.4,9.7,7.8,Crazy Kim Bar,Bars,0.13,
6508545,0.4,0.0,7.4,9.7,7.8,79 mart 91 nguyen thien thuat,Supermarkets,0.14,
6508545,0.4,0.0,7.4,9.7,7.8,Long Beach Pearl,Shopping Centers and Areas,0.15,
6508545,0.4,0.0,7.4,9.7,7.8,Viet Farm,Hospitals and Medical Facilities,0.15,
6508545,0.4,0.0,7.4,9.7,7.8,Su Spa Serene Beauty,Spas and Onsens,0.15,
6508545,0.4,0.0,7.4,9.7,7.8,bệnh viện 22/12,Hospitals and Medical Facilities,0.16,
79095712,0.34,0.0,,,,Ho Kinh Doanh Cua Hang 1001,Hospitals and Medical Facilities,0.05,
79095712,0.34,0.0,,,,Mai Loc Photo Gallery,Museums and Art Galleries,0.05,
79095712,0.34,0.0,,,,Colorwaves Gallery,Museums and Art Galleries,0.06,
79095712,0.34,0.0,,,,Coco Dive centre,Entertainment,0.07,
79095712,0.34,0.0,,,,Hung Hara,Shopping Centers and Areas,0.07,
79095712,0.34,0.0,,,,Amigos Divers,Camping and Outdoors,0.08,
79095712,0.34,0.0,,,,Hoang Yen Tailor,Shopping Centers and Areas,0.08,
79095712,0.34,0.0,,,,Su Spa Serene Beauty,Spas and Onsens,0.12,
79095712,0.34,0.0,,,,79 mart 91 nguyen thien thuat,Supermarkets,0.14,
79095712,0.34,0.0,,,,Yen yen spa 73/9 tran quan khai,Supermarkets,0.15,
6421211,,,4.2,6.7,7.1,Moonmilk deli,Supermarkets,0.11,
6421211,,,4.2,6.7,7.1,Shop mini ben viet phuc hoi chuc nang 6 pham van dong,Supermarkets,0.19,
6421211,,,4.2,6.7,7.1,Crazy shop 2 / Alphaviet,Supermarkets,0.26,
6421211,,,4.2,6.7,7.1,Mini mart như quynh's 586 đường 2/4,Supermarkets,0.43,
6421211,,,4.2,6.7,7.1,nha anh tam,Hospitals and Medical Facilities,0.51,
6421211,,,4.2,6.7,7.1,Husband Rock,Monuments and Landmarks,0.56,
6421211,,,4.2,6.7,7.1,Mini mart,Supermarkets,0.6,
6421211,,,4.2,6.7,7.1,Nha Trang University,"Colleges, Universities, and Educational institutions",0.68,
6421211,,,4.2,6.7,7.1,Vinamilk,Supermarkets,0.75,
6421211,,,4.2,6.7,7.1,Vinh Hai market,Supermarkets,0.95,
81128090,0.59,0.0,,,,Do Dien Khanh Gallery,Shopping Centers and Areas,0.1,
81128090,0.59,0.0,,,,Can tin bv 22/12,Hospitals and Medical Facilities,0.16,
81128090,0.59,0.0,,,,vkhospital,Hospitals and Medical Facilities,0.16,
81128090,0.59,0.0,,,,Sieu thi ngoc phuoc 71 to hien thanh,Supermarkets,0.17,
81128090,0.59,0.0,,,,Long Beach Pearl,Shopping Centers and Areas,0.2,
81128090,0.59,0.0,,,,Viet Farm,Hospitals and Medical Facilities,0.2,
81128090,0.59,0.0,,,,Sapphire2,Hospitals and Medical Facilities,0.2,
81128090,0.59,0.0,,,,Dr. Tooth,Hospitals and Medical Facilities,0.23,
81128090,0.59,0.0,,,,bệnh viện 22/12,Hospitals and Medical Facilities,0.28,
81128090,0.59,0.0,,,,Lanterns Cooking Class,Things to do,0.29,
1158838,,0.0,7.8,9.7,7.1,Kim Quang's Hand Painted T-Shirts,Shopping Centers and Areas,0.01,
1158838,,0.0,7.8,9.7,7.1,Sieu thi 101 tran quan khai,Supermarkets,0.07,
1158838,,0.0,7.8,9.7,7.1,Vinkom plaza,Supermarkets,0.07,
1158838,,0.0,7.8,9.7,7.1,Sailing Club Divers,Things to do,0.07,
1158838,,0.0,7.8,9.7,7.1,Sailing Club,Bars,0.07,
1158838,,0.0,7.8,9.7,7.1,Nha Trang Beach Massage,Shopping Centers and Areas,0.09,
1158838,,0.0,7.8,9.7,7.1,Nha Trang beach,Beaches,0.13,
1158838,,0.0,7.8,9.7,7.1,XQ Hand Embroidery,Shopping Centers and Areas,0.16,
1158838,,0.0,7.8,9.7,7.1,St. Joseph's Parish Church,Places of Worship,0.18,
1158838,,0.0,7.8,9.7,7.1,Nam Sao Spa Nha Trang,Spas and Onsens,0.23,
32818875,0.26,0.0,6.6,8.5,8.4,Nha Trang Water Puppet,Entertainment,0.11,
32818875,0.26,0.0,6.6,8.5,8.4,Galina Mud Bath and Spa,Spas and Onsens,0.14,
32818875,0.26,0.0,6.6,8.5,8.4,Tea House in Nha Trang,Shopping Centers and Areas,0.16,
32818875,0.26,0.0,6.6,8.5,8.4,Dr. Tooth,Hospitals and Medical Facilities,0.18,
32818875,0.26,0.0,6.6,8.5,8.4,bệnh viện 22/12,Hospitals and Medical Facilities,0.2,
32818875,0.26,0.0,6.6,8.5,8.4,Sapphire2,Hospitals and Medical Facilities,0.2,
32818875,0.26,0.0,6.6,8.5,8.4,2/4 Square,Famous Buildings,0.22,
32818875,0.26,0.0,6.6,8.5,8.4,Viet Farm,Hospitals and Medical Facilities,0.23,
32818875,0.26,0.0,6.6,8.5,8.4,Long Beach Pearl,Shopping Centers and Areas,0.23,
32818875,0.26,0.0,6.6,8.5,8.4,Nha Trang beach,Beaches,0.26,
3613486,,0.0,8.1,7.7,7.1,sieu thi mini mart,Supermarkets,0.2,
3613486,,0.0,8.1,7.7,7.1,Lien a 86 tran phu,Supermarkets,0.22,
3613486,,0.0,8.1,7.7,7.1,Crazy shop 3 / Alphaviet,Supermarkets,0.29,
3613486,,0.0,8.1,7.7,7.1,Phu Dong Water Park,"Botanical Gardens, and Public Parks",0.3,
3613486,,0.0,8.1,7.7,7.1,Central Park,"Amusement, Theme parks, and Water parks",0.31,
3613486,,0.0,8.1,7.7,7.1,Nha Trang Night Market,Shopping Centers and Areas,0.33,
3613486,,0.0,8.1,7.7,7.1,Nha Trang beach,Beaches,0.33,
3613486,,0.0,8.1,7.7,7.1,Anh Thu Crocodile,Shopping Centers and Areas,0.34,
3613486,,0.0,8.1,7.7,7.1,Story Beach Club,Bars,0.35,
3613486,,0.0,8.1,7.7,7.1,Story Beach & Pool,Things to do,0.37,
10780056,0.15,0.0,6.7,8.6,8.0,Nha Trang Water Puppet,Entertainment,0.04,
10780056,0.15,0.0,6.7,8.6,8.0,Nha Trang beach,Beaches,0.15,
10780056,0.15,0.0,6.7,8.6,8.0,Galina Mud Bath and Spa,Spas and Onsens,0.15,
10780056,0.15,0.0,6.7,8.6,8.0,2/4 Square,Famous Buildings,0.15,
10780056,0.15,0.0,6.7,8.6,8.0,Tea House in Nha Trang,Shopping Centers and Areas,0.18,
10780056,0.15,0.0,6.7,8.6,8.0,Tram Huong Tower,Monuments and Landmarks,0.22,
10780056,0.15,0.0,6.7,8.6,8.0,bệnh viện 22/12,Hospitals and Medical Facilities,0.24,
10780056,0.15,0.0,6.7,8.6,8.0,Dr. Tooth,Hospitals and Medical Facilities,0.26,
10780056,0.15,0.0,6.7,8.6,8.0,Sapphire2,Hospitals and Medical Facilities,0.27,
10780056,0.15,0.0,6.7,8.6,8.0,Viet Farm,Hospitals and Medical Facilities,0.29,
55288610,0.7,0.0,6.9,9.1,8.7,Do Dien Khanh Gallery,Shopping Centers and Areas,0.1,
55288610,0.7,0.0,6.9,9.1,8.7,Sieu thi ngoc phuoc 71 to hien thanh,Supermarkets,0.19,
55288610,0.7,0.0,6.9,9.1,8.7,Can tin bv 22/12,Hospitals and Medical Facilities,0.24,
55288610,0.7,0.0,6.9,9.1,8.7,vkhospital,Hospitals and Medical Facilities,0.24,
55288610,0.7,0.0,6.9,9.1,8.7,ca nuong,Hospitals and Medical Facilities,0.25,
55288610,0.7,0.0,6.9,9.1,8.7,Long Beach Pearl,Shopping Centers and Areas,0.29,
55288610,0.7,0.0,6.9,9.1,8.7,Viet Farm,Hospitals and Medical Facilities,0.3,
55288610,0.7,0.0,6.9,9.1,8.7,Dr. Tooth,Hospitals and Medical Facilities,0.3,
55288610,0.7,0.0,6.9,9.1,8.7,Sapphire2,Hospitals and Medical Facilities,0.3,
55288610,0.7,0.0,6.9,9.1,8.7,bệnh viện 22/12,Hospitals and Medical Facilities,0.38,
7466289,0.48,0.0,6.9,8.8,8.6,Dr. Tooth,Hospitals and Medical Facilities,0.1,
7466289,0.48,0.0,6.9,8.8,8.6,Sapphire2,Hospitals and Medical Facilities,0.11,
7466289,0.48,0.0,6.9,8.8,8.6,Long Beach Pearl,Shopping Centers and Areas,0.12,
7466289,0.48,0.0,6.9,8.8,8.6,Sieu thi ngoc phuoc 71 to hien thanh,Supermarkets,0.12,
7466289,0.48,0.0,6.9,8.8,8.6,Viet Farm,Hospitals and Medical Facilities,0.13,
7466289,0.48,0.0,6.9,8.8,8.6,Do Dien Khanh Gallery,Shopping Centers and Areas,0.15,
7466289,0.48,0.0,6.9,8.8,8.6,Can tin bv 22/12,Hospitals and Medical Facilities,0.19,
7466289,0.48,0.0,6.9,8.8,8.6,vkhospital,Hospitals and Medical Facilities,0.19,
7466289,0.48,0.0,6.9,8.8,8.6,bệnh viện 22/12,Hospitals and Medical Facilities,0.2,
7466289,0.48,0.0,6.9,8.8,8.6,Tea House in Nha Trang,Shopping Centers and Areas,0.24,
445610,,0.17,6.0,9.3,8.7,Hai sam kho 36 tran phu,Supermarkets,0.08,
445610,,0.17,6.0,9.3,8.7,Hoang Gia Pearl Store,Shopping Centers and Areas,0.08,
445610,,0.17,6.0,9.3,8.7,Nha Trang beach,Beaches,0.1,
445610,,0.17,6.0,9.3,8.7,Pool Pub,Bars,0.13,
445610,,0.17,6.0,9.3,8.7,Bac Thanh Church,Places of Worship,0.21,
445610,,0.17,6.0,9.3,8.7,Vincom Plaza Nha Trang,Shopping Centers and Areas,0.26,
445610,,0.17,6.0,9.3,8.7,Russian Information Center,Tourist and Travel Info,0.26,
445610,,0.17,6.0,9.3,8.7,Siêu thị linh mart số 01 hùng vương,Supermarkets,0.27,
445610,,0.17,6.0,9.3,8.7,k-mart,Supermarkets,0.27,
445610,,0.17,6.0,9.3,8.7,Vincom Plaza,Supermarkets,0.27,
6426068,0.31,0.0,7.5,9.5,7.4,Su Spa Serene Beauty,Spas and Onsens,0.01,
6426068,0.31,0.0,7.5,9.5,7.4,79 mart 91 nguyen thien thuat,Supermarkets,0.02,
6426068,0.31,0.0,7.5,9.5,7.4,Amigos Divers,Camping and Outdoors,0.05,
6426068,0.31,0.0,7.5,9.5,7.4,Vinadive,Entertainment,0.06,
6426068,0.31,0.0,7.5,9.5,7.4,Mai Loc Photo Gallery,Museums and Art Galleries,0.07,
6426068,0.31,0.0,7.5,9.5,7.4,Crazy Kim Bar,Bars,0.07,
6426068,0.31,0.0,7.5,9.5,7.4,Hung Hara,Shopping Centers and Areas,0.07,
6426068,0.31,0.0,7.5,9.5,7.4,Ho Kinh Doanh Cua Hang 1001,Hospitals and Medical Facilities,0.08,
6426068,0.31,0.0,7.5,9.5,7.4,AMart Co. Limited,Shopping Centers and Areas,0.09,
6426068,0.31,0.0,7.5,9.5,7.4,Hoi An Tailors,Shopping Centers and Areas,0.1,
5059416,0.22,0.0,6.1,8.5,8.8,k-mart,Supermarkets,0.02,
5059416,0.22,0.0,6.1,8.5,8.8,Siêu thị linh mart số 01 hùng vương,Supermarkets,0.02,
5059416,0.22,0.0,6.1,8.5,8.8,Russian Information Center,Tourist and Travel Info,0.03,
5059416,0.22,0.0,6.1,8.5,8.8,Bac Thanh Church,Places of Worship,0.11,
5059416,0.22,0.0,6.1,8.5,8.8,Vincom Plaza Nha Trang,Shopping Centers and Areas,0.17,
5059416,0.22,0.0,6.1,8.5,8.8,Pool Pub,Bars,0.18,
5059416,0.22,0.0,6.1,8.5,8.8,Vincom Plaza,Supermarkets,0.2,
5059416,0.22,0.0,6.1,8.5,8.8,Nha Trang beach,Beaches,0.22,
5059416,0.22,0.0,6.1,8.5,8.8,Hoang Gia Pearl Store,Shopping Centers and Areas,0.23,
5059416,0.22,0.0,6.1,8.5,8.8,Tram Huong Tower,Monuments and Landmarks,0.26,
10946381,0.3,0.0,7.4,9.8,7.6,Crazy Kim Bar,Bars,0.02,
10946381,0.3,0.0,7.4,9.8,7.6,AMart Co. Limited,Shopping Centers and Areas,0.04,
10946381,0.3,0.0,7.4,9.8,7.6,Hoi An Tailors,Shopping Centers and Areas,0.04,
10946381,0.3,0.0,7.4,9.8,7.6,Vinadive,Entertainment,0.05,
10946381,0.3,0.0,7.4,9.8,7.6,79 mart 91 nguyen thien thuat,Supermarkets,0.07,
10946381,0.3,0.0,7.4,9.8,7.6,Rainbow Divers,Shops,0.08,
10946381,0.3,0.0,7.4,9.8,7.6,Nam Sao Spa Nha Trang,Spas and Onsens,0.08,
10946381,0.3,0.0,7.4,9.8,7.6,Su Spa Serene Beauty,Spas and Onsens,0.09,
10946381,0.3,0.0,7.4,9.8,7.6,Lanterns Cooking Class,Things to do,0.1,
10946381,0.3,0.0,7.4,9.8,7.6,King's palace,Monuments and Landmarks,0.14,
34005295,0.39,0.0,7.2,9.7,7.9,Lanterns Cooking Class,Things to do,0.05,
34005295,0.39,0.0,7.2,9.7,7.9,bệnh viện 22/12,Hospitals and Medical Facilities,0.1,
34005295,0.39,0.0,7.2,9.7,7.9,Viet Farm,Hospitals and Medical Facilities,0.1,
34005295,0.39,0.0,7.2,9.7,7.9,Long Beach Pearl,Shopping Centers and Areas,0.1,
34005295,0.39,0.0,7.2,9.7,7.9,Vinadive,Entertainment,0.12,
34005295,0.39,0.0,7.2,9.7,7.9,vkhospital,Hospitals and Medical Facilities,0.13,
34005295,0.39,0.0,7.2,9.7,7.9,Can tin bv 22/12,Hospitals and Medical Facilities,0.13,
34005295,0.39,0.0,7.2,9.7,7.9,Sapphire2,Hospitals and Medical Facilities,0.13,
34005295,0.39,0.0,7.2,9.7,7.9,Crazy Kim Bar,Bars,0.13,
34005295,0.39,0.0,7.2,9.7,7.9,Rainbow Divers,Shops,0.15,
87940198,0.26,0.0,,,,Sapphire2,Hospitals and Medical Facilities,0.09,
87940198,0.26,0.0,,,,Tea House in Nha Trang,Shopping Centers and Areas,0.1,
87940198,0.26,0.0,,,,bệnh viện 22/12,Hospitals and Medical Facilities,0.1,
87940198,0.26,0.0,,,,Galina Mud Bath and Spa,Spas and Onsens,0.12,
87940198,0.26,0.0,,,,Viet Farm,Hospitals and Medical Facilities,0.12,
87940198,0.26,0.0,,,,Long Beach Pearl,Shopping Centers and Areas,0.12,
87940198,0.26,0.0,,,,Dr. Tooth,Hospitals and Medical Facilities,0.14,
87940198,0.26,0.0,,,,Nha Trang Water Puppet,Entertainment,0.21,
87940198,0.26,0.0,,,,Rainbow Divers,Shops,0.23,
87940198,0.26,0.0,,,,Lanterns Cooking Class,Things to do,0.23,
37959569,0.26,0.0,7.9,9.2,7.1,Yen yen spa 73/9 tran quan khai,Supermarkets,0.06,
37959569,0.26,0.0,7.9,9.2,7.1,Hoang Yen Tailor,Shopping Centers and Areas,0.09,
37959569,0.26,0.0,7.9,9.2,7.1,Coco Dive centre,Entertainment,0.09,
37959569,0.26,0.0,7.9,9.2,7.1,Colorwaves Gallery,Museums and Art Galleries,0.11,
37959569,0.26,0.0,7.9,9.2,7.1,Nha Trang Beach Massage,Shopping Centers and Areas,0.12,
37959569,0.26,0.0,7.9,9.2,7.1,Sieu thi 101 tran quan khai,Supermarkets,0.14,
37959569,0.26,0.0,7.9,9.2,7.1,Ho Kinh Doanh Cua Hang 1001,Hospitals and Medical Facilities,0.17,
37959569,0.26,0.0,7.9,9.2,7.1,Mai Loc Photo Gallery,Museums and Art Galleries,0.17,
37959569,0.26,0.0,7.9,9.2,7.1,St. Joseph's Parish Church,Places of Worship,0.19,
37959569,0.26,0.0,7.9,9.2,7.1,Hung Hara,Shopping Centers and Areas,0.19,
10681625,0.48,0.0,6.9,9.0,8.6,Sieu thi ngoc phuoc 71 to hien thanh,Supermarkets,0.1,
10681625,0.48,0.0,6.9,9.0,8.6,Do Dien Khanh Gallery,Shopping Centers and Areas,0.11,
10681625,0.48,0.0,6.9,9.0,8.6,Dr. Tooth,Hospitals and Medical Facilities,0.13,
10681625,0.48,0.0,6.9,9.0,8.6,Sapphire2,Hospitals and Medical Facilities,0.14,
10681625,0.48,0.0,6.9,9.0,8.6,Long Beach Pearl,Shopping Centers and Areas,0.15,
10681625,0.48,0.0,6.9,9.0,8.6,Viet Farm,Hospitals and Medical Facilities,0.16,
10681625,0.48,0.0,6.9,9.0,8.6,Can tin bv 22/12,Hospitals and Medical Facilities,0.19,
10681625,0.48,0.0,6.9,9.0,8.6,vkhospital,Hospitals and Medical Facilities,0.19,
10681625,0.48,0.0,6.9,9.0,8.6,bệnh viện 22/12,Hospitals and Medical Facilities,0.23,
10681625,0.48,0.0,6.9,9.0,8.6,Tea House in Nha Trang,Shopping Centers and Areas,0.28,
10758837,0.26,0.0,6.7,8.6,8.3,Nha Trang Water Puppet,Entertainment,0.11,
10758837,0.26,0.0,6.7,8.6,8.3,Galina Mud Bath and Spa,Spas and Onsens,0.13,
10758837,0.26,0.0,6.7,8.6,8.3,Tea House in Nha Trang,Shopping Centers and Areas,0.15,
10758837,0.26,0.0,6.7,8.6,8.3,Dr. Tooth,Hospitals and Medical Facilities,0.19,
10758837,0.26,0.0,6.7,8.6,8.3,bệnh viện 22/12,Hospitals and Medical Facilities,0.2,
10758837,0.26,0.0,6.7,8.6,8.3,Sapphire2,Hospitals and Medical Facilities,0.2,
10758837,0.26,0.0,6.7,8.6,8.3,2/4 Square,Famous Buildings,0.22,
10758837,0.26,0.0,6.7,8.6,8.3,Viet Farm,Hospitals and Medical Facilities,0.23,
10758837,0.26,0.0,6.7,8.6,8.3,Long Beach Pearl,Shopping Centers and Areas,0.23,
10758837,0.26,0.0,6.7,8.6,8.3,Nha Trang beach,Beaches,0.26,
2269250,0.69,0.0,6.8,9.6,8.8,Do Dien Khanh Gallery,Shopping Centers and Areas,0.05,
2269250,0.69,0.0,6.8,9.6,8.8,Sieu thi ngoc phuoc 71 to hien thanh,Supermarkets,0.14,
2269250,0.69,0.0,6.8,9.6,8.8,Can tin bv 22/12,Hospitals and Medical Facilities,0.24,
2269250,0.69,0.0,6.8,9.6,8.8,vkhospital,Hospitals and Medical Facilities,0.24,
2269250,0.69,0.0,6.8,9.6,8.8,Dr. Tooth,Hospitals and Medical Facilities,0.25,
2269250,0.69,0.0,6.8,9.6,8.8,Sapphire2,Hospitals and Medical Facilities,0.27,
2269250,0.69,0.0,6.8,9.6,8.8,ca nuong,Hospitals and Medical Facilities,0.27,
2269250,0.69,0.0,6.8,9.6,8.8,Long Beach Pearl,Shopping Centers and Areas,0.27,
2269250,0.69,0.0,6.8,9.6,8.8,Viet Farm,Hospitals and Medical Facilities,0.27,
2269250,0.69,0.0,6.8,9.6,8.8,bệnh viện 22/12,Hospitals and Medical Facilities,0.36,
11283759,,,3.4,5.9,7.1,Vinh quang,Supermarkets,0.07,
11283759,,,3.4,5.9,7.1,Kinh mart lô 56 phạm văn đồng,Supermarkets,0.13,
11283759,,,3.4,5.9,7.1,Nha Trang Tourism & Art Culture College,"Colleges, Universities, and Educational institutions",0.34,
11283759,,,3.4,5.9,7.1,Thui Sport,Fitness and Yoga Centers,0.42,
11283759,,,3.4,5.9,7.1,Vinamilk,Supermarkets,0.52,
11283759,,,3.4,5.9,7.1,VinMart,Supermarkets,0.92,
11283759,,,3.4,5.9,7.1,Crazy shop 2 / Alphaviet,Supermarkets,0.96,
11283759,,,3.4,5.9,7.1,Moonmilk deli,Supermarkets,1.12,
11283759,,,3.4,5.9,7.1,Vinh Hai market,Supermarkets,1.19,
11283759,,,3.4,5.9,7.1,Mini mart như quynh's 586 đường 2/4,Supermarkets,1.21,
44314368,0.3,0.0,7.5,9.8,7.3,Nam Sao Spa Nha Trang,Spas and Onsens,0.01,
44314368,0.3,0.0,7.5,9.8,7.3,Hoi An Tailors,Shopping Centers and Areas,0.03,
44314368,0.3,0.0,7.5,9.8,7.3,AMart Co. Limited,Shopping Centers and Areas,0.04,
44314368,0.3,0.0,7.5,9.8,7.3,St. Joseph's Parish Church,Places of Worship,0.07,
44314368,0.3,0.0,7.5,9.8,7.3,Crazy Kim Bar,Bars,0.08,
44314368,0.3,0.0,7.5,9.8,7.3,Rainbow Divers,Shops,0.1,
44314368,0.3,0.0,7.5,9.8,7.3,79 mart 91 nguyen thien thuat,Supermarkets,0.1,
44314368,0.3,0.0,7.5,9.8,7.3,King's palace,Monuments and Landmarks,0.1,
44314368,0.3,0.0,7.5,9.8,7.3,Travel club Moscow,Natural Parks and Forests,0.1,
44314368,0.3,0.0,7.5,9.8,7.3,Su Spa Serene Beauty,Spas and Onsens,0.11,
67349925,0.57,0.0,,,,Sieu thi ngoc phuoc 71 to hien thanh,Supermarkets,0.05,
67349925,0.57,0.0,,,,Do Dien Khanh Gallery,Shopping Centers and Areas,0.09,
67349925,0.57,0.0,,,,Dr. Tooth,Hospitals and Medical Facilities,0.19,
67349925,0.57,0.0,,,,Sapphire2,Hospitals and Medical Facilities,0.28,
67349925,0.57,0.0,,,,Long Beach Pearl,Shopping Centers and Areas,0.3,
67349925,0.57,0.0,,,,Viet Farm,Hospitals and Medical Facilities,0.3,
67349925,0.57,0.0,,,,ca nuong,Hospitals and Medical Facilities,0.32,
67349925,0.57,0.0,,,,Can tin bv 22/12,Hospitals and Medical Facilities,0.33,
67349925,0.57,0.0,,,,vkhospital,Hospitals and Medical Facilities,0.33,
67349925,0.57,0.0,,,,bệnh viện 22/12,Hospitals and Medical Facilities,0.37,
79487625,0.64,0.0,,,,Xom Moi Market,Shopping Centers and Areas,0.11,
79487625,0.64,0.0,,,,Vincom Plaza,Supermarkets,0.29,
79487625,0.64,0.0,,,,Vincom Plaza Nha Trang,Shopping Centers and Areas,0.31,
79487625,0.64,0.0,,,,Bac Thanh Church,Places of Worship,0.39,
79487625,0.64,0.0,,,,Siêu thị linh mart số 01 hùng vương,Supermarkets,0.43,
79487625,0.64,0.0,,,,k-mart,Supermarkets,0.43,
79487625,0.64,0.0,,,,Russian Information Center,Tourist and Travel Info,0.44,
79487625,0.64,0.0,,,,Sieu thi ngoc phuoc 71 to hien thanh,Supermarkets,0.46,
79487625,0.64,0.0,,,,Do Dien Khanh Gallery,Shopping Centers and Areas,0.51,
79487625,0.64,0.0,,,,La rosa 17 ly tu trong,Supermarkets,0.52,
8798451,0.58,0.0,6.6,9.8,8.7,Do Dien Khanh Gallery,Shopping Centers and Areas,0.03,
8798451,0.58,0.0,6.6,9.8,8.7,Sieu thi ngoc phuoc 71 to hien thanh,Supermarkets,0.07,
8798451,0.58,0.0,6.6,9.8,8.7,Dr. Tooth,Hospitals and Medical Facilities,0.17,
8798451,0.58,0.0,6.6,9.8,8.7,Sapphire2,Hospitals and Medical Facilities,0.22,
8798451,0.58,0.0,6.6,9.8,8.7,Long Beach Pearl,Shopping Centers and Areas,0.23,
8798451,0.58,0.0,6.6,9.8,8.7,Viet Farm,Hospitals and Medical Facilities,0.23,
8798451,0.58,0.0,6.6,9.8,8.7,Can tin bv 22/12,Hospitals and Medical Facilities,0.24,
8798451,0.58,0.0,6.6,9.8,8.7,vkhospital,Hospitals and Medical Facilities,0.24,
8798451,0.58,0.0,6.6,9.8,8.7,bệnh viện 22/12,Hospitals and Medical Facilities,0.31,
8798451,0.58,0.0,6.6,9.8,8.7,ca nuong,Hospitals and Medical Facilities,0.33,
6253467,0.47,0.0,6.4,8.3,8.6,Dr. Tooth,Hospitals and Medical Facilities,0.01,
6253467,0.47,0.0,6.4,8.3,8.6,Sieu thi ngoc phuoc 71 to hien thanh,Supermarkets,0.13,
6253467,0.47,0.0,6.4,8.3,8.6,Sapphire2,Hospitals and Medical Facilities,0.14,
6253467,0.47,0.0,6.4,8.3,8.6,Long Beach Pearl,Shopping Centers and Areas,0.17,
6253467,0.47,0.0,6.4,8.3,8.6,Viet Farm,Hospitals and Medical Facilities,0.17,
6253467,0.47,0.0,6.4,8.3,8.6,Do Dien Khanh Gallery,Shopping Centers and Areas,0.19,
6253467,0.47,0.0,6.4,8.3,8.6,bệnh viện 22/12,Hospitals and Medical Facilities,0.22,
6253467,0.47,0.0,6.4,8.3,8.6,Tea House in Nha Trang,Shopping Centers and Areas,0.24,
6253467,0.47,0.0,6.4,8.3,8.6,Galina Mud Bath and Spa,Spas and Onsens,0.26,
6253467,0.47,0.0,6.4,8.3,8.6,Can tin bv 22/12,Hospitals and Medical Facilities,0.27,
394518,0.22,0.0,7.6,9.0,7.1,St. Joseph's Parish Church,Places of Worship,0.06,
394518,0.22,0.0,7.6,9.0,7.1,Nha Trang Beach Massage,Shopping Centers and Areas,0.11,
394518,0.22,0.0,7.6,9.0,7.1,Sieu thi 101 tran quan khai,Supermarkets,0.11,
394518,0.22,0.0,7.6,9.0,7.1,Nam Sao Spa Nha Trang,Spas and Onsens,0.12,
394518,0.22,0.0,7.6,9.0,7.1,XQ Hand Embroidery,Shopping Centers and Areas,0.14,
394518,0.22,0.0,7.6,9.0,7.1,Kim Quang's Hand Painted T-Shirts,Shopping Centers and Areas,0.14,
394518,0.22,0.0,7.6,9.0,7.1,Mai Loc Photo Gallery,Museums and Art Galleries,0.15,
394518,0.22,0.0,7.6,9.0,7.1,Hoi An Tailors,Shopping Centers and Areas,0.16,
394518,0.22,0.0,7.6,9.0,7.1,Ho Kinh Doanh Cua Hang 1001,Hospitals and Medical Facilities,0.16,
394518,0.22,0.0,7.6,9.0,7.1,AMart Co. Limited,Shopping Centers and Areas,0.17,
64576655,0.19,0.0,,,,Anh Thu Crocodile,Shopping Centers and Areas,0.06,
64576655,0.19,0.0,,,,Crazy shop 3 / Alphaviet,Supermarkets,0.07,
64576655,0.19,0.0,,,,Story Beach & Pool,Things to do,0.11,
64576655,0.19,0.0,,,,Siêu thị perkrestok 100 trần phú,Supermarkets,0.12,
64576655,0.19,0.0,,,,Story Beach Club,Bars,0.13,
64576655,0.19,0.0,,,,Phu Dong Water Park,"Botanical Gardens, and Public Parks",0.13,
64576655,0.19,0.0,,,,Central Park,"Amusement, Theme parks, and Water parks",0.14,
64576655,0.19,0.0,,,,Nha Trang beach,Beaches,0.19,
64576655,0.19,0.0,,,,sieu thi mini mart,Supermarkets,0.27,
64576655,0.19,0.0,,,,Lien a 86 tran phu,Supermarkets,0.4,
5780775,,,3.5,5.9,7.1,Vinamilk,Supermarkets,0.28,
5780775,,,3.5,5.9,7.1,VinMart,Supermarkets,0.39,
5780775,,,3.5,5.9,7.1,Kinh mart lô 56 phạm văn đồng,Supermarkets,0.55,
5780775,,,3.5,5.9,7.1,Vinh quang,Supermarkets,0.6,
5780775,,,3.5,5.9,7.1,Vinh Hai market,Supermarkets,0.63,
5780775,,,3.5,5.9,7.1,Crazy shop 2 / Alphaviet,Supermarkets,0.72,
5780775,,,3.5,5.9,7.1,Mini mart như quynh's 586 đường 2/4,Supermarkets,0.76,
5780775,,,3.5,5.9,7.1,Thui Sport,Fitness and Yoga Centers,0.77,
5780775,,,3.5,5.9,7.1,Moonmilk deli,Supermarkets,0.87,
5780775,,,3.5,5.9,7.1,Nha Trang Tourism & Art Culture College,"Colleges, Universities, and Educational institutions",0.88,
256060,0.36,0.0,6.6,8.5,8.5,Dr. Tooth,Hospitals and Medical Facilities,0.04,
256060,0.36,0.0,6.6,8.5,8.5,Sapphire2,Hospitals and Medical Facilities,0.12,
256060,0.36,0.0,6.6,8.5,8.5,Viet Farm,Hospitals and Medical Facilities,0.16,
256060,0.36,0.0,6.6,8.5,8.5,Long Beach Pearl,Shopping Centers and Areas,0.16,
256060,0.36,0.0,6.6,8.5,8.5,Sieu thi ngoc phuoc 71 to hien thanh,Supermarkets,0.17,
256060,0.36,0.0,6.6,8.5,8.5,bệnh viện 22/12,Hospitals and Medical Facilities,0.19,
256060,0.36,0.0,6.6,8.5,8.5,Tea House in Nha Trang,Shopping Centers and Areas,0.2,
256060,0.36,0.0,6.6,8.5,8.5,Galina Mud Bath and Spa,Spas and Onsens,0.22,
256060,0.36,0.0,6.6,8.5,8.5,Do Dien Khanh Gallery,Shopping Centers and Areas,0.23,
256060,0.36,0.0,6.6,8.5,8.5,Nha Trang Water Puppet,Entertainment,0.26,
463095,,,3.4,5.9,7.1,Kinh mart lô 56 phạm văn đồng,Supermarkets,0.1,
463095,,,3.4,5.9,7.1,Vinh quang,Supermarkets,0.18,
463095,,,3.4,5.9,7.1,Vinamilk,Supermarkets,0.35,
463095,,,3.4,5.9,7.1,Nha Trang Tourism & Art Culture College,"Colleges, Universities, and Educational institutions",0.51,
463095,,,3.4,5.9,7.1,Thui Sport,Fitness and Yoga Centers,0.59,
463095,,,3.4,5.9,7.1,Crazy shop 2 / Alphaviet,Supermarkets,0.78,
463095,,,3.4,5.9,7.1,VinMart,Supermarkets,0.84,
463095,,,3.4,5.9,7.1,Moonmilk deli,Supermarkets,0.93,
463095,,,3.4,5.9,7.1,Mini mart như quynh's 586 đường 2/4,Supermarkets,1.03,
463095,,,3.4,5.9,7.1,Vinh Hai market,Supermarkets,1.07,
72120574,0.18,0.91,,,,Pasteur Institute,"Colleges, Universities, and Educational institutions",0.15,
72120574,0.18,0.91,,,,Pure Vietnam Beauty & Spa,Spas and Onsens,0.17,
72120574,0.18,0.91,,,,Nha Trang beach,Beaches,0.18,
72120574,0.18,0.91,,,,Nha Trang Post Office,"Internet, Post and Phone Services",0.2,
72120574,0.18,0.91,,,,Khanh Hoa Post Office,Business Offices,0.2,
72120574,0.18,0.91,,,,Công viên Yến Phi,"Botanical Gardens, and Public Parks",0.24,
72120574,0.18,0.91,,,,Alexandre Yersin Museum,Museums and Art Galleries,0.29,
72120574,0.18,0.91,,,,Dam Market,Shopping Centers and Areas,0.35,
72120574,0.18,0.91,,,,Thap Tram Huong,Famous Buildings,0.36,
72120574,0.18,0.91,,,,Khanh Hoa Museum,Museums and Art Galleries,0.41,
89175775,0.47,0.0,,,,Sieu thi ngoc phuoc 71 to hien thanh,Supermarkets,0.07,
89175775,0.47,0.0,,,,Dr. Tooth,Hospitals and Medical Facilities,0.08,
89175775,0.47,0.0,,,,Do Dien Khanh Gallery,Shopping Centers and Areas,0.13,
89175775,0.47,0.0,,,,Sapphire2,Hospitals and Medical Facilities,0.17,
89175775,0.47,0.0,,,,Long Beach Pearl,Shopping Centers and Areas,0.19,
89175775,0.47,0.0,,,,Viet Farm,Hospitals and Medical Facilities,0.19,
89175775,0.47,0.0,,,,Can tin bv 22/12,Hospitals and Medical Facilities,0.26,
89175775,0.47,0.0,,,,vkhospital,Hospitals and Medical Facilities,0.26,
89175775,0.47,0.0,,,,bệnh viện 22/12,Hospitals and Medical Facilities,0.26,
89175775,0.47,0.0,,,,Tea House in Nha Trang,Shopping Centers and Areas,0.29,
60691170,0.15,0.0,6.3,8.1,8.5,Nha Trang Water Puppet,Entertainment,0.07,
60691170,0.15,0.0,6.3,8.1,8.5,Galina Mud Bath and Spa,Spas and Onsens,0.14,
60691170,0.15,0.0,6.3,8.1,8.5,Nha Trang beach,Beaches,0.15,
60691170,0.15,0.0,6.3,8.1,8.5,Tea House in Nha Trang,Shopping Centers and Areas,0.17,
60691170,0.15,0.0,6.3,8.1,8.5,2/4 Square,Famous Buildings,0.19,
60691170,0.15,0.0,6.3,8.1,8.5,Dr. Tooth,Hospitals and Medical Facilities,0.22,
60691170,0.15,0.0,6.3,8.1,8.5,bệnh viện 22/12,Hospitals and Medical Facilities,0.22,
60691170,0.15,0.0,6.3,8.1,8.5,Sapphire2,Hospitals and Medical Facilities,0.23,
60691170,0.15,0.0,6.3,8.1,8.5,Tram Huong Tower,Monuments and Landmarks,0.24,
60691170,0.15,0.0,6.3,8.1,8.5,Viet Farm,Hospitals and Medical Facilities,0.26,
9746196,,0.0,7.0,9.7,7.0,Trung Tam Bao Ve Suc Khoa Sinh San,Hospitals and Medical Facilities,0.0,
9746196,,0.0,7.0,9.7,7.0,Vietnam Easy Riders,Things to do,0.09,
9746196,,0.0,7.0,9.7,7.0,gym boxing,Fitness and Yoga Centers,0.15,
9746196,,0.0,7.0,9.7,7.0,Cau Dat Tea Hill,"Mountains, Hills and Caves",0.18,
9746196,,0.0,7.0,9.7,7.0,Lan Anh Fitness Center,Fitness and Yoga Centers,0.23,
9746196,,0.0,7.0,9.7,7.0,Lam Dong Health Educational Media Center,Hospitals and Medical Facilities,0.32,
9746196,,0.0,7.0,9.7,7.0,Saigon Nite,Entertainment,0.32,
9746196,,0.0,7.0,9.7,7.0,Vinmart,Supermarkets,0.34,
9746196,,0.0,7.0,9.7,7.0,Groovy Gecko Tours,Monuments and Landmarks,0.38,
9746196,,0.0,7.0,9.7,7.0,Trung Tam Phong Chong Hiv/Aids,Hospitals and Medical Facilities,0.38,
78727952,,0.0,,,,100 Roof Bar,Bars,0.19,
78727952,,0.0,,,,Da Lat Market,Shops,0.3,
78727952,,0.0,,,,Trickland 3D Museum,Museums and Art Galleries,0.38,
78727952,,0.0,,,,Dalat Central Market,Shopping Centers and Areas,0.4,
78727952,,0.0,,,,Hoa Binh Theatre,Theatres,0.41,
78727952,,0.0,,,,Bãi đậu Khu Hòa Bình,Parking,0.41,
78727952,,0.0,,,,Da Lat Night Market,Shopping Centers and Areas,0.41,
78727952,,0.0,,,,Park Prenn,"Botanical Gardens, and Public Parks",0.48,
78727952,,0.0,,,,B21Bar,Bars,0.49,
78727952,,0.0,,,,Namsilk,Shopping Centers and Areas,0.5,
24333225,,0.0,5.1,6.6,7.9,Bui Thi Xuan High School's Stadium,Sports Venues,0.38,
24333225,,0.0,5.1,6.6,7.9,100 Roof Bar,Bars,0.41,
24333225,,0.0,5.1,6.6,7.9,Trung Tam Y Te Da Lat,Hospitals and Medical Facilities,0.41,
24333225,,0.0,5.1,6.6,7.9,Linh Son Pagoda,Places of Worship,0.45,
24333225,,0.0,5.1,6.6,7.9,Da Lat Market,Shops,0.53,
24333225,,0.0,5.1,6.6,7.9,Trickland 3D Museum,Museums and Art Galleries,0.6,
24333225,,0.0,5.1,6.6,7.9,đất trống,Natural Parks and Forests,0.61,
24333225,,0.0,5.1,6.6,7.9,Khanh Gym III,Fitness and Yoga Centers,0.62,
24333225,,0.0,5.1,6.6,7.9,Dalat Central Market,Shopping Centers and Areas,0.62,
24333225,,0.0,5.1,6.6,7.9,Hoa Binh Theatre,Theatres,0.62,
47614272,,0.09,7.6,7.8,8.2,Anh Sang,"Botanical Gardens, and Public Parks",0.27,
47614272,,0.09,7.6,7.8,8.2,Dalat Star,Monuments and Landmarks,0.36,
47614272,,0.09,7.6,7.8,8.2,The Cathedral of Dalat,Places of Worship,0.37,
47614272,,0.09,7.6,7.8,8.2,Prenn Falls,Natural Hot Springs and Waterfalls,0.38,
47614272,,0.09,7.6,7.8,8.2,Incombank,Banks and Currency Exchange,0.42,
47614272,,0.09,7.6,7.8,8.2,Dalat Central Post Office,"Internet, Post and Phone Services",0.43,
47614272,,0.09,7.6,7.8,8.2,Cau Dat Tea Hill,"Mountains, Hills and Caves",0.44,
47614272,,0.09,7.6,7.8,8.2,Datanla High Rope Course,Natural Parks and Forests,0.44,
47614272,,0.09,7.6,7.8,8.2,Nha Tho Da Lat,Monuments and Landmarks,0.44,
47614272,,0.09,7.6,7.8,8.2,Vietcombank,Banks and Currency Exchange,0.48,
32680041,,1.38,6.3,6.7,9.4,Thien Vien Truc Lam,Places of Worship,0.52,
32680041,,1.38,6.3,6.7,9.4,Dalat Old Railway Station,"Train, Metro and Bus Stations",0.52,
32680041,,1.38,6.3,6.7,9.4,Minh Tam,"Botanical Gardens, and Public Parks",0.59,
32680041,,1.38,6.3,6.7,9.4,Dalat Railway Station,Famous Buildings,0.59,
32680041,,1.38,6.3,6.7,9.4,Yersin Park Da Lat,"Botanical Gardens, and Public Parks",0.69,
32680041,,1.38,6.3,6.7,9.4,Thien Vuong Co Sat Pagoda,Places of Worship,0.69,
32680041,,1.38,6.3,6.7,9.4,The French Quarter,Famous Streets and Neighborhoods,0.69,
32680041,,1.38,6.3,6.7,9.4,XQ Village,Museums and Art Galleries,0.72,
32680041,,1.38,6.3,6.7,9.4,Lam Dong Museum,Museums and Art Galleries,0.82,
32680041,,1.38,6.3,6.7,9.4,Big C Đà Lạt,Supermarkets,0.85,
68388039,,1.88,,,,Sivananda Yoga Vedanta Center Dalat,Fitness and Yoga Centers,0.5,
68388039,,1.88,,,,Traditional Medicine Hospital,Hospitals and Medical Facilities,0.74,
68388039,,1.88,,,,Benh Vien Pham Ngoc Thach,Hospitals and Medical Facilities,0.75,
68388039,,1.88,,,,Lang Biang Supermaket,Supermarkets,0.83,
68388039,,1.88,,,,Da Lat Pedagogy College Stadium,Sports Venues,0.9,
68388039,,1.88,,,,Dalat Flower Gardens,Zoos and Aquariums,1.16,
68388039,,1.88,,,,Grand Lycee Yersin,Famous Buildings,1.2,
68388039,,1.88,,,,Kho hàng,Hospitals and Medical Facilities,1.25,
68388039,,1.88,,,,XQ Village,Museums and Art Galleries,1.46,
68388039,,1.88,,,,Dalat Railway Station,Famous Buildings,1.46,
31187868,,0.83,8.2,6.9,9.2,Vietcombank,Banks and Currency Exchange,0.47,
31187868,,0.83,8.2,6.9,9.2,Nha Tho Da Lat,Monuments and Landmarks,0.53,
31187868,,0.83,8.2,6.9,9.2,Dalat Central Post Office,"Internet, Post and Phone Services",0.54,
31187868,,0.83,8.2,6.9,9.2,Prenn Falls,Natural Hot Springs and Waterfalls,0.54,
31187868,,0.83,8.2,6.9,9.2,The Cathedral of Dalat,Places of Worship,0.55,
31187868,,0.83,8.2,6.9,9.2,Da Lat Cable Car,"Train, Metro and Bus Stations",0.64,
31187868,,0.83,8.2,6.9,9.2,Lam Vien Square,Famous Streets and Neighborhoods,0.64,
31187868,,0.83,8.2,6.9,9.2,Big C,Supermarkets,0.64,
31187868,,0.83,8.2,6.9,9.2,Incombank,Banks and Currency Exchange,0.71,
31187868,,0.83,8.2,6.9,9.2,strawberry field,Supermarkets,0.73,
263080,,0.0,6.7,9.6,7.8,Dalat Star,Monuments and Landmarks,0.1,
263080,,0.0,6.7,9.6,7.8,Dalat Travel Service,Things to do,0.1,
263080,,0.0,6.7,9.6,7.8,Agribank,Banks and Currency Exchange,0.12,
263080,,0.0,6.7,9.6,7.8,Cau Dat Tea Hill,"Mountains, Hills and Caves",0.13,
263080,,0.0,6.7,9.6,7.8,Park Prenn,"Botanical Gardens, and Public Parks",0.19,
263080,,0.0,6.7,9.6,7.8,Bãi đậu Khu Hòa Bình,Parking,0.22,
263080,,0.0,6.7,9.6,7.8,Hoa Binh Theatre,Theatres,0.23,
263080,,0.0,6.7,9.6,7.8,Groovy Gecko Tours,Monuments and Landmarks,0.23,
263080,,0.0,6.7,9.6,7.8,Datanla High Rope Course,Natural Parks and Forests,0.24,
263080,,0.0,6.7,9.6,7.8,Dalat Central Market,Shopping Centers and Areas,0.25,
88096088,,1.71,,,,strawberry field,Supermarkets,0.41,
88096088,,1.71,,,,Dalat Bus Station,"Train, Metro and Bus Stations",0.66,
88096088,,1.71,,,,Bao Dai's Summer Palace,Famous Buildings,1.3,
88096088,,1.71,,,,Vietcombank,Banks and Currency Exchange,1.38,
88096088,,1.71,,,,Prenn Falls,Natural Hot Springs and Waterfalls,1.38,
88096088,,1.71,,,,The Cathedral of Dalat,Places of Worship,1.4,
88096088,,1.71,,,,Nha Tho Da Lat,Monuments and Landmarks,1.44,
88096088,,1.71,,,,Dalat Central Post Office,"Internet, Post and Phone Services",1.44,
88096088,,1.71,,,,Hang Nga Crazy House,Famous Buildings,1.53,
88096088,,1.71,,,,Hang Nga Guest House and Art Gallery,Monuments and Landmarks,1.53,
2664478,,0.63,5.1,6.2,5.9,Domaine de Marie Convent,Places of Worship,0.51,
2664478,,0.63,5.1,6.2,5.9,Dalat Cathedral,Places of Worship,0.52,
2664478,,0.63,5.1,6.2,5.9,Domaine Cathedral,Places of Worship,0.53,
2664478,,0.63,5.1,6.2,5.9,Domaine de Marie Church,Places of Worship,0.56,
2664478,,0.63,5.1,6.2,5.9,Ecotourism Destinations Hoa Son Dien Trang,Monuments and Landmarks,0.74,
2664478,,0.63,5.1,6.2,5.9,Trung Tam Y Te Du Phong,Hospitals and Medical Facilities,0.74,
2664478,,0.63,5.1,6.2,5.9,Le Lai Palace Area,Things to do,0.75,
2664478,,0.63,5.1,6.2,5.9,Lam Dong General Hospital,Hospitals and Medical Facilities,0.85,
2664478,,0.63,5.1,6.2,5.9,Benh Vien Da Khoa Lam Dong Hospital,Hospitals and Medical Facilities,0.86,
2664478,,0.63,5.1,6.2,5.9,Trung Tam Phong Chong Benh Xa Hoi - Khu Kham Benh Chuyen Khoa,Hospitals and Medical Facilities,0.9,
6405142,,0.0,5.3,6.8,8.2,100 Roof Bar,Bars,0.4,
6405142,,0.0,5.3,6.8,8.2,Bui Thi Xuan High School's Stadium,Sports Venues,0.44,
6405142,,0.0,5.3,6.8,8.2,Trung Tam Y Te Da Lat,Hospitals and Medical Facilities,0.5,
6405142,,0.0,5.3,6.8,8.2,Da Lat Market,Shops,0.5,
6405142,,0.0,5.3,6.8,8.2,Linh Son Pagoda,Places of Worship,0.54,
6405142,,0.0,5.3,6.8,8.2,Trickland 3D Museum,Museums and Art Galleries,0.56,
6405142,,0.0,5.3,6.8,8.2,Dalat Central Market,Shopping Centers and Areas,0.6,
6405142,,0.0,5.3,6.8,8.2,Boat rental,Camping and Outdoors,0.61,
6405142,,0.0,5.3,6.8,8.2,Da Lat Night Market,Shopping Centers and Areas,0.62,
6405142,,0.0,5.3,6.8,8.2,Hoa Binh Theatre,Theatres,0.62,
74577726,,,,,,Than Tho Lake,"Rivers, Reservoirs, and Lakes",0.74,
74577726,,,,,,Lang Biang Supermaket,Supermarkets,0.97,
74577726,,,,,,King Bao Dai's Palace,Famous Buildings,1.03,
74577726,,,,,,Da Lat King Palace I,Museums and Art Galleries,1.05,
74577726,,,,,,Dinh 1 Da Lat,Famous Buildings,1.26,
74577726,,,,,,Dinh I Da Lat,Camping and Outdoors,1.26,
74577726,,,,,,Traditional Medicine Hospital,Hospitals and Medical Facilities,1.4,
74577726,,,,,,Benh Vien Pham Ngoc Thach,Hospitals and Medical Facilities,1.43,
74577726,,,,,,Sivananda Yoga Vedanta Center Dalat,Fitness and Yoga Centers,1.66,
74577726,,,,,,Lam Dong Museum,Museums and Art Galleries,1.92,
23125479,,0.65,8.7,9.7,6.3,Crazy House,Monuments and Landmarks,0.09,
23125479,,0.65,8.7,9.7,6.3,Vaccine Clinic,Hospitals and Medical Facilities,0.24,
23125479,,0.65,8.7,9.7,6.3,Hang Nga Guest House and Art Gallery,Monuments and Landmarks,0.25,
23125479,,0.65,8.7,9.7,6.3,Hang Nga Crazy House,Famous Buildings,0.26,
23125479,,0.65,8.7,9.7,6.3,Alleyway for hotel entrance,Things to do,0.27,
23125479,,0.65,8.7,9.7,6.3,Lam Ty Ni Pagoda,Museums and Art Galleries,0.35,
23125479,,0.65,8.7,9.7,6.3,củi khô,Things to do,0.48,
23125479,,0.65,8.7,9.7,6.3,Bao Dai's Summer Palace,Famous Buildings,0.59,
23125479,,0.65,8.7,9.7,6.3,gym boxing,Fitness and Yoga Centers,0.66,
23125479,,0.65,8.7,9.7,6.3,Vietnam Easy Riders,Things to do,0.73,
89495821,,0.41,,,,Dalat Cathedral,Places of Worship,0.17,
89495821,,0.41,,,,Domaine de Marie Convent,Places of Worship,0.51,
89495821,,0.41,,,,Domaine Cathedral,Places of Worship,0.53,
89495821,,0.41,,,,Domaine de Marie Church,Places of Worship,0.57,
89495821,,0.41,,,,Dalat Cultural Exchange Center,Monuments and Landmarks,0.8,
89495821,,0.41,,,,Outdoor excersice oark,Fitness and Yoga Centers,0.83,
89495821,,0.41,,,,Ecotourism Destinations Hoa Son Dien Trang,Monuments and Landmarks,0.88,
89495821,,0.41,,,,Trung Tam Y Te Du Phong,Hospitals and Medical Facilities,0.89,
89495821,,0.41,,,,Khanh Gym III,Fitness and Yoga Centers,0.93,
89495821,,0.41,,,,đất trống,Natural Parks and Forests,0.93,
46867196,,1.82,2.8,5.0,5.9,Benh Vien Nhi Lam Dong Hospital,Hospitals and Medical Facilities,0.93,
46867196,,1.82,2.8,5.0,5.9,Dalat Cathedral,Places of Worship,1.49,
46867196,,1.82,2.8,5.0,5.9,Dalat Countryside Tour - Day Tours,Natural Parks and Forests,1.59,
46867196,,1.82,2.8,5.0,5.9,Outdoor excersice oark,Fitness and Yoga Centers,1.99,
46867196,,1.82,2.8,5.0,5.9,Khanh Gym III,Fitness and Yoga Centers,2.01,
46867196,,1.82,2.8,5.0,5.9,Domaine de Marie Convent,Places of Worship,2.01,
46867196,,1.82,2.8,5.0,5.9,đất trống,Natural Parks and Forests,2.02,
46867196,,1.82,2.8,5.0,5.9,Domaine Cathedral,Places of Worship,2.04,
46867196,,1.82,2.8,5.0,5.9,Statue Of Golden Buddha,Monuments and Landmarks,2.05,
46867196,,1.82,2.8,5.0,5.9,Dalat Cultural Exchange Center,Monuments and Landmarks,2.07,
86319765,,0.0,,,,Dalat Star,Monuments and Landmarks,0.17,
86319765,,0.0,,,,Cau Dat Tea Hill,"Mountains, Hills and Caves",0.18,
86319765,,0.0,,,,Dalat Travel Service,Things to do,0.29,
86319765,,0.0,,,,Trung Tam Bao Ve Suc Khoa Sinh San,Hospitals and Medical Facilities,0.29,
86319765,,0.0,,,,Agribank,Banks and Currency Exchange,0.29,
86319765,,0.0,,,,Datanla High Rope Course,Natural Parks and Forests,0.32,
86319765,,0.0,,,,Vietnam Easy Riders,Things to do,0.35,
86319765,,0.0,,,,gym boxing,Fitness and Yoga Centers,0.36,
86319765,,0.0,,,,Anh Sang,"Botanical Gardens, and Public Parks",0.36,
86319765,,0.0,,,,Park Prenn,"Botanical Gardens, and Public Parks",0.38,
49736589,,0.0,5.9,8.0,6.5,Lam Dong General Hospital,Hospitals and Medical Facilities,0.22,
49736589,,0.0,5.9,8.0,6.5,Benh Vien Da Khoa Lam Dong Hospital,Hospitals and Medical Facilities,0.25,
49736589,,0.0,5.9,8.0,6.5,Saigon Nite,Entertainment,0.29,
49736589,,0.0,5.9,8.0,6.5,Tram Y Te Phuong 1,Hospitals and Medical Facilities,0.29,
49736589,,0.0,5.9,8.0,6.5,Lam Dong Health Educational Media Center,Hospitals and Medical Facilities,0.32,
49736589,,0.0,5.9,8.0,6.5,Trung Tam Phong Chong Hiv/Aids,Hospitals and Medical Facilities,0.33,
49736589,,0.0,5.9,8.0,6.5,Trung Tam Phong Chong Benh Xa Hoi - Khu Kham Benh Chuyen Khoa,Hospitals and Medical Facilities,0.33,
49736589,,0.0,5.9,8.0,6.5,Namsilk,Shopping Centers and Areas,0.33,
49736589,,0.0,5.9,8.0,6.5,Vinmart,Supermarkets,0.33,
49736589,,0.0,5.9,8.0,6.5,Domaine de Marie Church,Places of Worship,0.34,
11023466,,0.64,8.4,9.6,5.9,Lam Ty Ni Pagoda,Museums and Art Galleries,0.1,
11023466,,0.64,8.4,9.6,5.9,Alleyway for hotel entrance,Things to do,0.14,
11023466,,0.64,8.4,9.6,5.9,củi khô,Things to do,0.28,
11023466,,0.64,8.4,9.6,5.9,Crazy House,Monuments and Landmarks,0.43,
11023466,,0.64,8.4,9.6,5.9,Vaccine Clinic,Hospitals and Medical Facilities,0.52,
11023466,,0.64,8.4,9.6,5.9,Hang Nga Guest House and Art Gallery,Monuments and Landmarks,0.62,
11023466,,0.64,8.4,9.6,5.9,Hang Nga Crazy House,Famous Buildings,0.63,
11023466,,0.64,8.4,9.6,5.9,gym boxing,Fitness and Yoga Centers,0.64,
11023466,,0.64,8.4,9.6,5.9,Vietnam Easy Riders,Things to do,0.7,
11023466,,0.64,8.4,9.6,5.9,Trung Tam Bao Ve Suc Khoa Sinh San,Hospitals and Medical Facilities,0.79,
6433136,,1.79,9.3,5.2,10.0,Dalat Bus Station,"Train, Metro and Bus Stations",0.13,
6433136,,1.79,9.3,5.2,10.0,strawberry field,Supermarkets,0.78,
6433136,,1.79,9.3,5.2,10.0,Lam Vien Square,Famous Streets and Neighborhoods,1.35,
6433136,,1.79,9.3,5.2,10.0,Da Lat Cable Car,"Train, Metro and Bus Stations",1.37,
6433136,,1.79,9.3,5.2,10.0,Minh Tam,"Botanical Gardens, and Public Parks",1.4,
6433136,,1.79,9.3,5.2,10.0,Vietcombank,Banks and Currency Exchange,1.4,
6433136,,1.79,9.3,5.2,10.0,Big C,Supermarkets,1.45,
6433136,,1.79,9.3,5.2,10.0,Prenn Falls,Natural Hot Springs and Waterfalls,1.45,
6433136,,1.79,9.3,5.2,10.0,Big C Đà Lạt,Supermarkets,1.46,
6433136,,1.79,9.3,5.2,10.0,Nha Tho Da Lat,Monuments and Landmarks,1.46,
25128102,,0.27,7.5,7.4,5.9,Alleyway for hotel entrance,Things to do,0.43,
25128102,,0.27,7.5,7.4,5.9,gym boxing,Fitness and Yoga Centers,0.46,
25128102,,0.27,7.5,7.4,5.9,Vietnam Easy Riders,Things to do,0.48,
25128102,,0.27,7.5,7.4,5.9,Lam Ty Ni Pagoda,Museums and Art Galleries,0.49,
25128102,,0.27,7.5,7.4,5.9,Trung Tam Bao Ve Suc Khoa Sinh San,Hospitals and Medical Facilities,0.57,
25128102,,0.27,7.5,7.4,5.9,Trung Tam Phong Chong Hiv/Aids,Hospitals and Medical Facilities,0.59,
25128102,,0.27,7.5,7.4,5.9,Trung Tam Phong Chong Benh Xa Hoi - Khu Kham Benh Chuyen Khoa,Hospitals and Medical Facilities,0.59,
25128102,,0.27,7.5,7.4,5.9,Cam Ly Church,Places of Worship,0.61,
25128102,,0.27,7.5,7.4,5.9,Lam Dong Health Educational Media Center,Hospitals and Medical Facilities,0.61,
25128102,,0.27,7.5,7.4,5.9,Lan Anh Fitness Center,Fitness and Yoga Centers,0.62,
89505311,,0.01,,,,Boat rental,Camping and Outdoors,0.51,
89505311,,0.01,,,,Xuan Huong Lake,"Rivers, Reservoirs, and Lakes",0.56,
89505311,,0.01,,,,100 Roof Bar,Bars,0.63,
89505311,,0.01,,,,Bui Thi Xuan High School's Stadium,Sports Venues,0.64,
89505311,,0.01,,,,Da Lat Market,Shops,0.67,
89505311,,0.01,,,,Trickland 3D Museum,Museums and Art Galleries,0.68,
89505311,,0.01,,,,Dalat Golf Club,Golf Courses,0.76,
89505311,,0.01,,,,Trung Tam Y Te Da Lat,Hospitals and Medical Facilities,0.76,
89505311,,0.01,,,,Dalat Flower Park,Zoos and Aquariums,0.76,
89505311,,0.01,,,,Dalat Central Market,Shopping Centers and Areas,0.76,
81559521,,1.12,,,,Yersin Park Da Lat,"Botanical Gardens, and Public Parks",0.38,
81559521,,1.12,,,,Thien Vien Truc Lam,Places of Worship,0.5,
81559521,,1.12,,,,Big C Đà Lạt,Supermarkets,0.56,
81559521,,1.12,,,,Dalat Old Railway Station,"Train, Metro and Bus Stations",0.57,
81559521,,1.12,,,,Lam Vien Square,Famous Streets and Neighborhoods,0.58,
81559521,,1.12,,,,XQ Village,Museums and Art Galleries,0.6,
81559521,,1.12,,,,Dalat Railway Station,Famous Buildings,0.61,
81559521,,1.12,,,,Da Lat Cable Car,"Train, Metro and Bus Stations",0.62,
81559521,,1.12,,,,Big C,Supermarkets,0.72,
81559521,,1.12,,,,Minh Tam,"Botanical Gardens, and Public Parks",0.85,
237128,,0.0,6.1,9.8,7.2,Tram Y Te Phuong 1,Hospitals and Medical Facilities,0.07,
237128,,0.0,6.1,9.8,7.2,Namsilk,Shopping Centers and Areas,0.07,
237128,,0.0,6.1,9.8,7.2,B21Bar,Bars,0.08,
237128,,0.0,6.1,9.8,7.2,Phat Tire Ventures,Things to do,0.11,
237128,,0.0,6.1,9.8,7.2,Groovy Gecko Tours,Monuments and Landmarks,0.15,
237128,,0.0,6.1,9.8,7.2,Vinmart,Supermarkets,0.16,
237128,,0.0,6.1,9.8,7.2,Saigon Nite,Entertainment,0.2,
237128,,0.0,6.1,9.8,7.2,Park Prenn,"Botanical Gardens, and Public Parks",0.2,
237128,,0.0,6.1,9.8,7.2,Hoa Binh Theatre,Theatres,0.26,
237128,,0.0,6.1,9.8,7.2,Bãi đậu Khu Hòa Bình,Parking,0.3,
67525161,,1.54,,,,Benh Vien Nhi Lam Dong Hospital,Hospitals and Medical Facilities,1.12,
67525161,,1.54,,,,Dalat Cathedral,Places of Worship,1.19,
67525161,,1.54,,,,Dalat Countryside Tour - Day Tours,Natural Parks and Forests,1.42,
67525161,,1.54,,,,Domaine de Marie Convent,Places of Worship,1.71,
67525161,,1.54,,,,Outdoor excersice oark,Fitness and Yoga Centers,1.72,
67525161,,1.54,,,,Domaine Cathedral,Places of Worship,1.74,
67525161,,1.54,,,,Khanh Gym III,Fitness and Yoga Centers,1.75,
67525161,,1.54,,,,đất trống,Natural Parks and Forests,1.77,
67525161,,1.54,,,,Domaine de Marie Church,Places of Worship,1.77,
67525161,,1.54,,,,Dalat Cultural Exchange Center,Monuments and Landmarks,1.79,
87124827,,0.0,,,,Dalat Star,Monuments and Landmarks,0.02,
87124827,,0.0,,,,Datanla High Rope Course,Natural Parks and Forests,0.15,
87124827,,0.0,,,,Agribank,Banks and Currency Exchange,0.16,
87124827,,0.0,,,,Dalat Travel Service,Things to do,0.18,
87124827,,0.0,,,,Da Lat Night Market,Shopping Centers and Areas,0.22,
87124827,,0.0,,,,Cau Dat Tea Hill,"Mountains, Hills and Caves",0.23,
87124827,,0.0,,,,Dalat Central Market,Shopping Centers and Areas,0.23,
87124827,,0.0,,,,Bãi đậu Khu Hòa Bình,Parking,0.24,
87124827,,0.0,,,,Hoa Binh Theatre,Theatres,0.27,
87124827,,0.0,,,,Park Prenn,"Botanical Gardens, and Public Parks",0.28,
55640971,,1.63,9.6,5.6,8.8,strawberry field,Supermarkets,0.37,
55640971,,1.63,9.6,5.6,8.8,Dalat Bus Station,"Train, Metro and Bus Stations",0.94,
55640971,,1.63,9.6,5.6,8.8,Bao Dai's Summer Palace,Famous Buildings,1.03,
55640971,,1.63,9.6,5.6,8.8,Hang Nga Crazy House,Famous Buildings,1.33,
55640971,,1.63,9.6,5.6,8.8,Hang Nga Guest House and Art Gallery,Monuments and Landmarks,1.34,
55640971,,1.63,9.6,5.6,8.8,Prenn Falls,Natural Hot Springs and Waterfalls,1.35,
55640971,,1.63,9.6,5.6,8.8,The Cathedral of Dalat,Places of Worship,1.37,
55640971,,1.63,9.6,5.6,8.8,Vietcombank,Banks and Currency Exchange,1.37,
55640971,,1.63,9.6,5.6,8.8,Vaccine Clinic,Hospitals and Medical Facilities,1.41,
55640971,,1.63,9.6,5.6,8.8,Dalat Central Post Office,"Internet, Post and Phone Services",1.42,
81347536,,0.28,,,,Domaine Cathedral,Places of Worship,0.1,
81347536,,0.28,,,,Domaine de Marie Convent,Places of Worship,0.1,
81347536,,0.28,,,,Domaine de Marie Church,Places of Worship,0.11,
81347536,,0.28,,,,Ecotourism Destinations Hoa Son Dien Trang,Monuments and Landmarks,0.35,
81347536,,0.28,,,,Trung Tam Y Te Du Phong,Hospitals and Medical Facilities,0.36,
81347536,,0.28,,,,Lam Dong General Hospital,Hospitals and Medical Facilities,0.41,
81347536,,0.28,,,,Benh Vien Da Khoa Lam Dong Hospital,Hospitals and Medical Facilities,0.42,
81347536,,0.28,,,,Trung Tam Phong Chong Benh Xa Hoi - Khu Kham Benh Chuyen Khoa,Hospitals and Medical Facilities,0.48,
81347536,,0.28,,,,Trung Tam Phong Chong Hiv/Aids,Hospitals and Medical Facilities,0.5,
81347536,,0.28,,,,Lam Dong Health Educational Media Center,Hospitals and Medical Facilities,0.56,
7443091,,1.2,9.3,5.9,8.9,strawberry field,Supermarkets,0.13,
7443091,,1.2,9.3,5.9,8.9,Bao Dai's Summer Palace,Famous Buildings,0.88,
7443091,,1.2,9.3,5.9,8.9,Dalat Bus Station,"Train, Metro and Bus Stations",0.89,
7443091,,1.2,9.3,5.9,8.9,Prenn Falls,Natural Hot Springs and Waterfalls,0.91,
7443091,,1.2,9.3,5.9,8.9,The Cathedral of Dalat,Places of Worship,0.93,
7443091,,1.2,9.3,5.9,8.9,Vietcombank,Banks and Currency Exchange,0.94,
7443091,,1.2,9.3,5.9,8.9,Dalat Central Post Office,"Internet, Post and Phone Services",0.98,
7443091,,1.2,9.3,5.9,8.9,Nha Tho Da Lat,Monuments and Landmarks,0.98,
7443091,,1.2,9.3,5.9,8.9,Hang Nga Crazy House,Famous Buildings,1.0,
7443091,,1.2,9.3,5.9,8.9,Hang Nga Guest House and Art Gallery,Monuments and Landmarks,1.01,
55766720,,1.16,4.5,9.4,9.6,Grand Lycee Yersin,Famous Buildings,0.13,
55766720,,1.16,4.5,9.4,9.6,XQ Village,Museums and Art Galleries,0.28,
55766720,,1.16,4.5,9.4,9.6,Da Lat Pedagogy College Stadium,Sports Venues,0.29,
55766720,,1.16,4.5,9.4,9.6,Dalat Railway Station,Famous Buildings,0.37,
55766720,,1.16,4.5,9.4,9.6,Thien Vien Truc Lam,Places of Worship,0.4,
55766720,,1.16,4.5,9.4,9.6,Dalat Old Railway Station,"Train, Metro and Bus Stations",0.44,
55766720,,1.16,4.5,9.4,9.6,Sivananda Yoga Vedanta Center Dalat,Fitness and Yoga Centers,0.69,
55766720,,1.16,4.5,9.4,9.6,Benh Vien Pham Ngoc Thach,Hospitals and Medical Facilities,0.69,
55766720,,1.16,4.5,9.4,9.6,Traditional Medicine Hospital,Hospitals and Medical Facilities,0.72,
55766720,,1.16,4.5,9.4,9.6,The French Quarter,Famous Streets and Neighborhoods,0.78,
91738477,,1.72,,,,Boat rental,Camping and Outdoors,0.51,
91738477,,1.72,,,,Xuan Huong Lake,"Rivers, Reservoirs, and Lakes",0.56,
91738477,,1.72,,,,100 Roof Bar,Bars,0.63,
91738477,,1.72,,,,Bui Thi Xuan High School's Stadium,Sports Venues,0.64,
91738477,,1.72,,,,Da Lat Market,Shops,0.67,
91738477,,1.72,,,,Trickland 3D Museum,Museums and Art Galleries,0.68,
91738477,,1.72,,,,Dalat Golf Club,Golf Courses,0.76,
91738477,,1.72,,,,Trung Tam Y Te Da Lat,Hospitals and Medical Facilities,0.76,
91738477,,1.72,,,,Dalat Flower Park,Zoos and Aquariums,0.76,
91738477,,1.72,,,,Dalat Central Market,Shopping Centers and Areas,0.76,
62095968,,0.09,,,,gym boxing,Fitness and Yoga Centers,0.06,
62095968,,0.09,,,,Vietnam Easy Riders,Things to do,0.08,
62095968,,0.09,,,,Trung Tam Bao Ve Suc Khoa Sinh San,Hospitals and Medical Facilities,0.17,
62095968,,0.09,,,,Lan Anh Fitness Center,Fitness and Yoga Centers,0.33,
62095968,,0.09,,,,Cau Dat Tea Hill,"Mountains, Hills and Caves",0.35,
62095968,,0.09,,,,Lam Dong Health Educational Media Center,Hospitals and Medical Facilities,0.38,
62095968,,0.09,,,,Trung Tam Phong Chong Hiv/Aids,Hospitals and Medical Facilities,0.42,
62095968,,0.09,,,,Trung Tam Phong Chong Benh Xa Hoi - Khu Kham Benh Chuyen Khoa,Hospitals and Medical Facilities,0.45,
62095968,,0.09,,,,Saigon Nite,Entertainment,0.46,
62095968,,0.09,,,,Vinmart,Supermarkets,0.5,
87765262,,0.0,,,,Dalat Star,Monuments and Landmarks,0.1,
87765262,,0.0,,,,Cau Dat Tea Hill,"Mountains, Hills and Caves",0.23,
87765262,,0.0,,,,Datanla High Rope Course,Natural Parks and Forests,0.23,
87765262,,0.0,,,,Agribank,Banks and Currency Exchange,0.25,
87765262,,0.0,,,,Dalat Travel Service,Things to do,0.26,
87765262,,0.0,,,,Anh Sang,"Botanical Gardens, and Public Parks",0.28,
87765262,,0.0,,,,Da Lat Night Market,Shopping Centers and Areas,0.32,
87765262,,0.0,,,,Dalat Central Market,Shopping Centers and Areas,0.34,
87765262,,0.0,,,,Bãi đậu Khu Hòa Bình,Parking,0.34,
87765262,,0.0,,,,Park Prenn,"Botanical Gardens, and Public Parks",0.36,
61392157,,0.0,,,,Dalat Star,Monuments and Landmarks,0.08,
61392157,,0.0,,,,Datanla High Rope Course,Natural Parks and Forests,0.12,
61392157,,0.0,,,,Agribank,Banks and Currency Exchange,0.19,
61392157,,0.0,,,,Dalat Travel Service,Things to do,0.22,
61392157,,0.0,,,,Da Lat Night Market,Shopping Centers and Areas,0.22,
61392157,,0.0,,,,Dalat Central Market,Shopping Centers and Areas,0.24,
61392157,,0.0,,,,Anh Sang,"Botanical Gardens, and Public Parks",0.25,
61392157,,0.0,,,,Bãi đậu Khu Hòa Bình,Parking,0.27,
61392157,,0.0,,,,Cau Dat Tea Hill,"Mountains, Hills and Caves",0.28,
61392157,,0.0,,,,Trickland 3D Museum,Museums and Art Galleries,0.29,
10954459,,1.23,3.7,6.6,8.4,Sivananda Yoga Vedanta Center Dalat,Fitness and Yoga Centers,0.24,
10954459,,1.23,3.7,6.6,8.4,Da Lat Pedagogy College Stadium,Sports Venues,0.37,
10954459,,1.23,3.7,6.6,8.4,Dalat Flower Gardens,Zoos and Aquariums,0.54,
10954459,,1.23,3.7,6.6,8.4,Grand Lycee Yersin,Famous Buildings,0.61,
10954459,,1.23,3.7,6.6,8.4,Benh Vien Pham Ngoc Thach,Hospitals and Medical Facilities,0.7,
10954459,,1.23,3.7,6.6,8.4,Traditional Medicine Hospital,Hospitals and Medical Facilities,0.72,
10954459,,1.23,3.7,6.6,8.4,Dalat Flower Park,Zoos and Aquariums,0.88,
10954459,,1.23,3.7,6.6,8.4,XQ Village,Museums and Art Galleries,0.88,
10954459,,1.23,3.7,6.6,8.4,Dalat Railway Station,Famous Buildings,1.0,
10954459,,1.23,3.7,6.6,8.4,Dalat Golf Club,Golf Courses,1.0,
22887350,,0.91,5.1,9.7,9.6,XQ Village,Museums and Art Galleries,0.09,
22887350,,0.91,5.1,9.7,9.6,Thien Vien Truc Lam,Places of Worship,0.3,
22887350,,0.91,5.1,9.7,9.6,Grand Lycee Yersin,Famous Buildings,0.33,
22887350,,0.91,5.1,9.7,9.6,Dalat Railway Station,Famous Buildings,0.38,
22887350,,0.91,5.1,9.7,9.6,Dalat Old Railway Station,"Train, Metro and Bus Stations",0.41,
22887350,,0.91,5.1,9.7,9.6,Da Lat Pedagogy College Stadium,Sports Venues,0.63,
22887350,,0.91,5.1,9.7,9.6,Yersin Park Da Lat,"Botanical Gardens, and Public Parks",0.64,
22887350,,0.91,5.1,9.7,9.6,Big C Đà Lạt,Supermarkets,0.82,
22887350,,0.91,5.1,9.7,9.6,The French Quarter,Famous Streets and Neighborhoods,0.86,
22887350,,0.91,5.1,9.7,9.6,Dalat Flower Gardens,Zoos and Aquariums,0.9,
64328270,,0.4,,,,Dalat Cathedral,Places of Worship,0.03,
64328270,,0.4,,,,Domaine de Marie Convent,Places of Worship,0.56,
64328270,,0.4,,,,Domaine Cathedral,Places of Worship,0.59,
64328270,,0.4,,,,Domaine de Marie Church,Places of Worship,0.62,
64328270,,0.4,,,,Dalat Cultural Exchange Center,Monuments and Landmarks,0.7,
64328270,,0.4,,,,Outdoor excersice oark,Fitness and Yoga Centers,0.71,
64328270,,0.4,,,,Khanh Gym III,Fitness and Yoga Centers,0.79,
64328270,,0.4,,,,đất trống,Natural Parks and Forests,0.8,
64328270,,0.4,,,,Linh Son Pagoda,Places of Worship,0.89,
64328270,,0.4,,,,Ecotourism Destinations Hoa Son Dien Trang,Monuments and Landmarks,0.97,
85781629,,0.18,,,,Domaine de Marie Church,Places of Worship,0.1,
85781629,,0.18,,,,Domaine Cathedral,Places of Worship,0.13,
85781629,,0.18,,,,Domaine de Marie Convent,Places of Worship,0.15,
85781629,,0.18,,,,Ecotourism Destinations Hoa Son Dien Trang,Monuments and Landmarks,0.26,
85781629,,0.18,,,,Trung Tam Y Te Du Phong,Hospitals and Medical Facilities,0.28,
85781629,,0.18,,,,Lam Dong General Hospital,Hospitals and Medical Facilities,0.28,
85781629,,0.18,,,,Benh Vien Da Khoa Lam Dong Hospital,Hospitals and Medical Facilities,0.3,
85781629,,0.18,,,,Trung Tam Phong Chong Benh Xa Hoi - Khu Kham Benh Chuyen Khoa,Hospitals and Medical Facilities,0.37,
85781629,,0.18,,,,Trung Tam Phong Chong Hiv/Aids,Hospitals and Medical Facilities,0.39,
85781629,,0.18,,,,Lam Dong Health Educational Media Center,Hospitals and Medical Facilities,0.44,
37826264,,0.0,6.9,9.1,7.6,Cau Dat Tea Hill,"Mountains, Hills and Caves",0.06,
37826264,,0.0,6.9,9.1,7.6,Dalat Star,Monuments and Landmarks,0.17,
37826264,,0.0,6.9,9.1,7.6,Trung Tam Bao Ve Suc Khoa Sinh San,Hospitals and Medical Facilities,0.21,
37826264,,0.0,6.9,9.1,7.6,Dalat Travel Service,Things to do,0.22,
37826264,,0.0,6.9,9.1,7.6,Agribank,Banks and Currency Exchange,0.24,
37826264,,0.0,6.9,9.1,7.6,Vietnam Easy Riders,Things to do,0.29,
37826264,,0.0,6.9,9.1,7.6,Park Prenn,"Botanical Gardens, and Public Parks",0.29,
37826264,,0.0,6.9,9.1,7.6,Groovy Gecko Tours,Monuments and Landmarks,0.3,
37826264,,0.0,6.9,9.1,7.6,Vinmart,Supermarkets,0.31,
37826264,,0.0,6.9,9.1,7.6,gym boxing,Fitness and Yoga Centers,0.32,
78729935,,0.2,,,,Hang Nga Crazy House,Famous Buildings,0.41,
78729935,,0.2,,,,Anh Sang,"Botanical Gardens, and Public Parks",0.42,
78729935,,0.2,,,,Hang Nga Guest House and Art Gallery,Monuments and Landmarks,0.42,
78729935,,0.2,,,,Dalat Star,Monuments and Landmarks,0.47,
78729935,,0.2,,,,gym boxing,Fitness and Yoga Centers,0.47,
78729935,,0.2,,,,The Cathedral of Dalat,Places of Worship,0.48,
78729935,,0.2,,,,Prenn Falls,Natural Hot Springs and Waterfalls,0.48,
78729935,,0.2,,,,Cau Dat Tea Hill,"Mountains, Hills and Caves",0.49,
78729935,,0.2,,,,Crazy House,Monuments and Landmarks,0.5,
78729935,,0.2,,,,Vietnam Easy Riders,Things to do,0.51,
4942624,,0.0,6.6,9.4,7.5,Cau Dat Tea Hill,"Mountains, Hills and Caves",0.07,
4942624,,0.0,6.6,9.4,7.5,Dalat Travel Service,Things to do,0.14,
4942624,,0.0,6.6,9.4,7.5,Agribank,Banks and Currency Exchange,0.18,
4942624,,0.0,6.6,9.4,7.5,Dalat Star,Monuments and Landmarks,0.18,
4942624,,0.0,6.6,9.4,7.5,Park Prenn,"Botanical Gardens, and Public Parks",0.19,
4942624,,0.0,6.6,9.4,7.5,Groovy Gecko Tours,Monuments and Landmarks,0.19,
4942624,,0.0,6.6,9.4,7.5,Vinmart,Supermarkets,0.22,
4942624,,0.0,6.6,9.4,7.5,Phat Tire Ventures,Things to do,0.23,
4942624,,0.0,6.6,9.4,7.5,Trung Tam Bao Ve Suc Khoa Sinh San,Hospitals and Medical Facilities,0.24,
4942624,,0.0,6.6,9.4,7.5,Hoa Binh Theatre,Theatres,0.26,
78972371,,1.29,,,,Dalat Bus Station,"Train, Metro and Bus Stations",0.38,
78972371,,1.29,,,,strawberry field,Supermarkets,0.61,
78972371,,1.29,,,,Lam Vien Square,Famous Streets and Neighborhoods,0.93,
78972371,,1.29,,,,Vietcombank,Banks and Currency Exchange,0.93,
78972371,,1.29,,,,Da Lat Cable Car,"Train, Metro and Bus Stations",0.95,
78972371,,1.29,,,,Nha Tho Da Lat,Monuments and Landmarks,0.99,
78972371,,1.29,,,,Prenn Falls,Natural Hot Springs and Waterfalls,0.99,
78972371,,1.29,,,,Dalat Central Post Office,"Internet, Post and Phone Services",1.0,
78972371,,1.29,,,,Big C,Supermarkets,1.0,
78972371,,1.29,,,,The Cathedral of Dalat,Places of Worship,1.0,
30906925,,0.46,4.1,7.9,5.9,Khanh Gym III,Fitness and Yoga Centers,0.34,
30906925,,0.46,4.1,7.9,5.9,Outdoor excersice oark,Fitness and Yoga Centers,0.34,
30906925,,0.46,4.1,7.9,5.9,đất trống,Natural Parks and Forests,0.35,
30906925,,0.46,4.1,7.9,5.9,Dalat Cultural Exchange Center,Monuments and Landmarks,0.48,
30906925,,0.46,4.1,7.9,5.9,Linh Son Pagoda,Places of Worship,0.55,
30906925,,0.46,4.1,7.9,5.9,Dalat Countryside Tour - Day Tours,Natural Parks and Forests,0.58,
30906925,,0.46,4.1,7.9,5.9,Dalat Cathedral,Places of Worship,0.58,
30906925,,0.46,4.1,7.9,5.9,Trung Tam Y Te Da Lat,Hospitals and Medical Facilities,0.59,
30906925,,0.46,4.1,7.9,5.9,Thien Nhan,Hospitals and Medical Facilities,0.65,
30906925,,0.46,4.1,7.9,5.9,Bui Thi Xuan High School's Stadium,Sports Venues,0.74,
34612934,,0.0,6.9,9.5,6.8,Trung Tam Bao Ve Suc Khoa Sinh San,Hospitals and Medical Facilities,0.07,
34612934,,0.0,6.9,9.5,6.8,Vietnam Easy Riders,Things to do,0.11,
34612934,,0.0,6.9,9.5,6.8,Lan Anh Fitness Center,Fitness and Yoga Centers,0.16,
34612934,,0.0,6.9,9.5,6.8,gym boxing,Fitness and Yoga Centers,0.18,
34612934,,0.0,6.9,9.5,6.8,Cau Dat Tea Hill,"Mountains, Hills and Caves",0.22,
34612934,,0.0,6.9,9.5,6.8,Lam Dong Health Educational Media Center,Hospitals and Medical Facilities,0.25,
34612934,,0.0,6.9,9.5,6.8,Saigon Nite,Entertainment,0.28,
34612934,,0.0,6.9,9.5,6.8,Trung Tam Phong Chong Hiv/Aids,Hospitals and Medical Facilities,0.31,
34612934,,0.0,6.9,9.5,6.8,Vinmart,Supermarkets,0.31,
34612934,,0.0,6.9,9.5,6.8,Trung Tam Phong Chong Benh Xa Hoi - Khu Kham Benh Chuyen Khoa,Hospitals and Medical Facilities,0.34,
42109640,,1.71,4.9,9.7,9.7,The French Quarter,Famous Streets and Neighborhoods,0.08,
42109640,,1.71,4.9,9.7,9.7,Thien Vuong Co Sat Pagoda,Places of Worship,0.15,
42109640,,1.71,4.9,9.7,9.7,Lam Dong Museum,Museums and Art Galleries,0.19,
42109640,,1.71,4.9,9.7,9.7,Dalat Old Railway Station,"Train, Metro and Bus Stations",0.41,
42109640,,1.71,4.9,9.7,9.7,Dalat Railway Station,Famous Buildings,0.43,
42109640,,1.71,4.9,9.7,9.7,Thien Vien Truc Lam,Places of Worship,0.53,
42109640,,1.71,4.9,9.7,9.7,XQ Village,Museums and Art Galleries,0.74,
42109640,,1.71,4.9,9.7,9.7,Benh Vien Pham Ngoc Thach,Hospitals and Medical Facilities,0.77,
42109640,,1.71,4.9,9.7,9.7,Traditional Medicine Hospital,Hospitals and Medical Facilities,0.79,
42109640,,1.71,4.9,9.7,9.7,Grand Lycee Yersin,Famous Buildings,0.83,
64524273,,1.74,,,,Dalat Bus Station,"Train, Metro and Bus Stations",0.45,
64524273,,1.74,,,,strawberry field,Supermarkets,0.53,
64524273,,1.74,,,,Vietcombank,Banks and Currency Exchange,1.39,
64524273,,1.74,,,,Prenn Falls,Natural Hot Springs and Waterfalls,1.41,
64524273,,1.74,,,,The Cathedral of Dalat,Places of Worship,1.43,
64524273,,1.74,,,,Nha Tho Da Lat,Monuments and Landmarks,1.45,
64524273,,1.74,,,,Dalat Central Post Office,"Internet, Post and Phone Services",1.45,
64524273,,1.74,,,,Bao Dai's Summer Palace,Famous Buildings,1.49,
64524273,,1.74,,,,Lam Vien Square,Famous Streets and Neighborhoods,1.51,
64524273,,1.74,,,,Da Lat Cable Car,"Train, Metro and Bus Stations",1.53,
16936272,,0.0,6.4,9.8,7.2,Vinmart,Supermarkets,0.02,
16936272,,0.0,6.4,9.8,7.2,Phat Tire Ventures,Things to do,0.06,
16936272,,0.0,6.4,9.8,7.2,Groovy Gecko Tours,Monuments and Landmarks,0.08,
16936272,,0.0,6.4,9.8,7.2,Tram Y Te Phuong 1,Hospitals and Medical Facilities,0.1,
16936272,,0.0,6.4,9.8,7.2,Saigon Nite,Entertainment,0.1,
16936272,,0.0,6.4,9.8,7.2,Namsilk,Shopping Centers and Areas,0.11,
16936272,,0.0,6.4,9.8,7.2,B21Bar,Bars,0.12,
16936272,,0.0,6.4,9.8,7.2,Park Prenn,"Botanical Gardens, and Public Parks",0.16,
16936272,,0.0,6.4,9.8,7.2,Dalat Travel Service,Things to do,0.22,
16936272,,0.0,6.4,9.8,7.2,Lan Anh Fitness Center,Fitness and Yoga Centers,0.23,
78974171,,,,,,Tuyen Lam Lake,"Rivers, Reservoirs, and Lakes",1.08,
78974171,,,,,,samson peak,Things to do,1.26,
78974171,,,,,,Spill Way,Natural Hot Springs and Waterfalls,1.35,
78974171,,,,,,"Pine forest uphill trecking, good walking road",Fitness and Yoga Centers,1.38,
78974171,,,,,,Truc Lam Temple,Places of Worship,1.58,
78974171,,,,,,Truc Lam Zen Monastery,Monuments and Landmarks,1.59,
78974171,,,,,,Waterfall?,Natural Hot Springs and Waterfalls,1.67,
78974171,,,,,,Sacom Golf Club,Golf Courses,1.8,
78974171,,,,,,Bờ hồ,Camping and Outdoors,1.97,
78974171,,,,,,Datanla Falls,Natural Hot Springs and Waterfalls,1.98,
7692491,,0.0,5.7,7.6,8.2,100 Roof Bar,Bars,0.19,
7692491,,0.0,5.7,7.6,8.2,Da Lat Market,Shops,0.31,
7692491,,0.0,5.7,7.6,8.2,Trickland 3D Museum,Museums and Art Galleries,0.4,
7692491,,0.0,5.7,7.6,8.2,Dalat Central Market,Shopping Centers and Areas,0.4,
7692491,,0.0,5.7,7.6,8.2,Hoa Binh Theatre,Theatres,0.4,
7692491,,0.0,5.7,7.6,8.2,Bãi đậu Khu Hòa Bình,Parking,0.41,
7692491,,0.0,5.7,7.6,8.2,Da Lat Night Market,Shopping Centers and Areas,0.42,
7692491,,0.0,5.7,7.6,8.2,Park Prenn,"Botanical Gardens, and Public Parks",0.47,
7692491,,0.0,5.7,7.6,8.2,B21Bar,Bars,0.48,
7692491,,0.0,5.7,7.6,8.2,Namsilk,Shopping Centers and Areas,0.48,
7125752,,0.57,8.5,9.6,6.7,Hang Nga Guest House and Art Gallery,Monuments and Landmarks,0.1,
7125752,,0.57,8.5,9.6,6.7,Hang Nga Crazy House,Famous Buildings,0.1,
7125752,,0.57,8.5,9.6,6.7,Crazy House,Monuments and Landmarks,0.1,
7125752,,0.57,8.5,9.6,6.7,Vaccine Clinic,Hospitals and Medical Facilities,0.36,
7125752,,0.57,8.5,9.6,6.7,Alleyway for hotel entrance,Things to do,0.39,
7125752,,0.57,8.5,9.6,6.7,Lam Ty Ni Pagoda,Museums and Art Galleries,0.51,
7125752,,0.57,8.5,9.6,6.7,Bao Dai's Summer Palace,Famous Buildings,0.6,
7125752,,0.57,8.5,9.6,6.7,gym boxing,Fitness and Yoga Centers,0.6,
7125752,,0.57,8.5,9.6,6.7,củi khô,Things to do,0.66,
7125752,,0.57,8.5,9.6,6.7,Vietnam Easy Riders,Things to do,0.67,
58905932,,0.39,5.7,7.7,5.9,Domaine de Marie Convent,Places of Worship,0.24,
58905932,,0.39,5.7,7.7,5.9,Domaine Cathedral,Places of Worship,0.24,
58905932,,0.39,5.7,7.7,5.9,Domaine de Marie Church,Places of Worship,0.26,
58905932,,0.39,5.7,7.7,5.9,Ecotourism Destinations Hoa Son Dien Trang,Monuments and Landmarks,0.38,
58905932,,0.39,5.7,7.7,5.9,Trung Tam Y Te Du Phong,Hospitals and Medical Facilities,0.38,
58905932,,0.39,5.7,7.7,5.9,Lam Dong General Hospital,Hospitals and Medical Facilities,0.49,
58905932,,0.39,5.7,7.7,5.9,Benh Vien Da Khoa Lam Dong Hospital,Hospitals and Medical Facilities,0.49,
58905932,,0.39,5.7,7.7,5.9,Trung Tam Phong Chong Benh Xa Hoi - Khu Kham Benh Chuyen Khoa,Hospitals and Medical Facilities,0.53,
58905932,,0.39,5.7,7.7,5.9,Trung Tam Phong Chong Hiv/Aids,Hospitals and Medical Facilities,0.56,
58905932,,0.39,5.7,7.7,5.9,Le Lai Palace Area,Things to do,0.63,
64197808,0.42,1.09,,,,Lotte Mart,Supermarkets,0.21,
64197808,0.42,1.09,,,,Đài liệt sĩ,"Botanical Gardens, and Public Parks",0.35,
64197808,0.42,1.09,,,,Arena Vungtau,Sports Venues,0.36,
64197808,0.42,1.09,,,,Quán cơm Thảo Vy,Supermarkets,0.36,
64197808,0.42,1.09,,,,Lotte Mart Vung Tau,Shopping Centers and Areas,0.39,
64197808,0.42,1.09,,,,Back beach,Beaches,0.42,
64197808,0.42,1.09,,,,White Rabbit Park Vung Tau,"Botanical Gardens, and Public Parks",0.48,
64197808,0.42,1.09,,,,Bãi tắm Biển Đông,"Botanical Gardens, and Public Parks",0.7,
64197808,0.42,1.09,,,,Imperial Car Park,Parking,0.74,
64197808,0.42,1.09,,,,Imperial Plaza,Famous Buildings,0.77,
36643921,0.42,1.09,8.3,8.9,9.4,Lotte Mart,Supermarkets,0.24,
36643921,0.42,1.09,8.3,8.9,9.4,Arena Vungtau,Sports Venues,0.33,
36643921,0.42,1.09,8.3,8.9,9.4,Lotte Mart Vung Tau,Shopping Centers and Areas,0.36,
36643921,0.42,1.09,8.3,8.9,9.4,Quán cơm Thảo Vy,Supermarkets,0.37,
36643921,0.42,1.09,8.3,8.9,9.4,Đài liệt sĩ,"Botanical Gardens, and Public Parks",0.38,
36643921,0.42,1.09,8.3,8.9,9.4,Back beach,Beaches,0.42,
36643921,0.42,1.09,8.3,8.9,9.4,White Rabbit Park Vung Tau,"Botanical Gardens, and Public Parks",0.48,
36643921,0.42,1.09,8.3,8.9,9.4,Bãi tắm Biển Đông,"Botanical Gardens, and Public Parks",0.69,
36643921,0.42,1.09,8.3,8.9,9.4,Imperial Car Park,Parking,0.74,
36643921,0.42,1.09,8.3,8.9,9.4,Imperial Plaza,Famous Buildings,0.78,
86719729,0.34,0.0,,,,Back beach,Beaches,0.34,
86719729,0.34,0.0,,,,Fruits Market,Supermarkets,0.35,
86719729,0.34,0.0,,,,Nhà Thuốc Khánh Hậu,Hospitals and Medical Facilities,0.35,
86719729,0.34,0.0,,,,Whale Temple,Places of Worship,0.4,
86719729,0.34,0.0,,,,The Vung Tau War Heroes Shrine,Monuments and Landmarks,0.47,
86719729,0.34,0.0,,,,Linh Son Co Tu,Monuments and Landmarks,0.55,
86719729,0.34,0.0,,,,Lang Co Ong,Monuments and Landmarks,0.65,
86719729,0.34,0.0,,,,Sao Việt,Entertainment,0.72,
86719729,0.34,0.0,,,,Vungtau Beach Club,Entertainment,0.8,
86719729,0.34,0.0,,,,Imperial Plaza,Famous Buildings,0.84,
33941483,,1.09,8.3,8.9,9.4,Lotte Mart,Supermarkets,0.24,
33941483,,1.09,8.3,8.9,9.4,Arena Vungtau,Sports Venues,0.33,
33941483,,1.09,8.3,8.9,9.4,Lotte Mart Vung Tau,Shopping Centers and Areas,0.36,
33941483,,1.09,8.3,8.9,9.4,Quán cơm Thảo Vy,Supermarkets,0.37,
33941483,,1.09,8.3,8.9,9.4,Đài liệt sĩ,"Botanical Gardens, and Public Parks",0.38,
33941483,,1.09,8.3,8.9,9.4,Back beach,Beaches,0.42,
33941483,,1.09,8.3,8.9,9.4,White Rabbit Park Vung Tau,"Botanical Gardens, and Public Parks",0.48,
33941483,,1.09,8.3,8.9,9.4,Bãi tắm Biển Đông,"Botanical Gardens, and Public Parks",0.69,
33941483,,1.09,8.3,8.9,9.4,Imperial Car Park,Parking,0.74,
33941483,,1.09,8.3,8.9,9.4,Imperial Plaza,Famous Buildings,0.78,
44184739,0.42,1.09,8.2,8.9,9.4,Lotte Mart,Supermarkets,0.24,
44184739,0.42,1.09,8.2,8.9,9.4,Arena Vungtau,Sports Venues,0.33,
44184739,0.42,1.09,8.2,8.9,9.4,Lotte Mart Vung Tau,Shopping Centers and Areas,0.36,
44184739,0.42,1.09,8.2,8.9,9.4,Quán cơm Thảo Vy,Supermarkets,0.36,
44184739,0.42,1.09,8.2,8.9,9.4,Đài liệt sĩ,"Botanical Gardens, and Public Parks",0.38,
44184739,0.42,1.09,8.2,8.9,9.4,Back beach,Beaches,0.42,
44184739,0.42,1.09,8.2,8.9,9.4,White Rabbit Park Vung Tau,"Botanical Gardens, and Public Parks",0.47,
44184739,0.42,1.09,8.2,8.9,9.4,Bãi tắm Biển Đông,"Botanical Gardens, and Public Parks",0.68,
44184739,0.42,1.09,8.2,8.9,9.4,Imperial Car Park,Parking,0.74,
44184739,0.42,1.09,8.2,8.9,9.4,Imperial Plaza,Famous Buildings,0.77,
35937927,,1.09,8.3,8.9,9.4,Lotte Mart,Supermarkets,0.24,
35937927,,1.09,8.3,8.9,9.4,Arena Vungtau,Sports Venues,0.33,
35937927,,1.09,8.3,8.9,9.4,Lotte Mart Vung Tau,Shopping Centers and Areas,0.36,
35937927,,1.09,8.3,8.9,9.4,Quán cơm Thảo Vy,Supermarkets,0.37,
35937927,,1.09,8.3,8.9,9.4,Đài liệt sĩ,"Botanical Gardens, and Public Parks",0.38,
35937927,,1.09,8.3,8.9,9.4,Back beach,Beaches,0.42,
35937927,,1.09,8.3,8.9,9.4,White Rabbit Park Vung Tau,"Botanical Gardens, and Public Parks",0.48,
35937927,,1.09,8.3,8.9,9.4,Bãi tắm Biển Đông,"Botanical Gardens, and Public Parks",0.69,
35937927,,1.09,8.3,8.9,9.4,Imperial Car Park,Parking,0.74,
35937927,,1.09,8.3,8.9,9.4,Imperial Plaza,Famous Buildings,0.78,
161729,,0.47,6.3,9.9,8.9,Imperial Car Park,Parking,0.09,
161729,,0.47,6.3,9.9,8.9,Imperial Plaza Shopping Center,Shopping Centers and Areas,0.12,
161729,,0.47,6.3,9.9,8.9,Imperial Plaza,Famous Buildings,0.12,
161729,,0.47,6.3,9.9,8.9,Back beach,Beaches,0.13,
161729,,0.47,6.3,9.9,8.9,Vungtau Beach Club,Entertainment,0.18,
161729,,0.47,6.3,9.9,8.9,Bãi tắm Biển Đông,"Botanical Gardens, and Public Parks",0.21,
161729,,0.47,6.3,9.9,8.9,White Rabbit Park Vung Tau,"Botanical Gardens, and Public Parks",0.23,
161729,,0.47,6.3,9.9,8.9,Quán cơm Thảo Vy,Supermarkets,0.3,
161729,,0.47,6.3,9.9,8.9,Đài liệt sĩ,"Botanical Gardens, and Public Parks",0.59,
161729,,0.47,6.3,9.9,8.9,The Vung Tau War Heroes Shrine,Monuments and Landmarks,0.64,
61648385,0.34,0.0,,,,Vietcombank,Banks and Currency Exchange,0.16,
61648385,0.34,0.0,,,,New World,Hospitals and Medical Facilities,0.22,
61648385,0.34,0.0,,,,Ba Ria - Vung Tau Children House,"Botanical Gardens, and Public Parks",0.24,
61648385,0.34,0.0,,,,Vạn Thành,Hospitals and Medical Facilities,0.32,
61648385,0.34,0.0,,,,Cam,Supermarkets,0.33,
61648385,0.34,0.0,,,,Đông Y,Hospitals and Medical Facilities,0.34,
61648385,0.34,0.0,,,,Front Beach,Beaches,0.34,
61648385,0.34,0.0,,,,Vạn Phước Xuân,Hospitals and Medical Facilities,0.35,
61648385,0.34,0.0,,,,Trung Vuong Square,"Botanical Gardens, and Public Parks",0.36,
61648385,0.34,0.0,,,,Xuan Hoa Sport Gym,Fitness and Yoga Centers,0.36,
33829122,0.2,0.0,9.1,10.0,7.7,Xom Luoi Seafood Market (Cho Xom Luoi),Shopping Centers and Areas,0.08,
33829122,0.2,0.0,9.1,10.0,7.7,Tran Hung Dao Park,"Botanical Gardens, and Public Parks",0.15,
33829122,0.2,0.0,9.1,10.0,7.7,Hon Ba Island,Monuments and Landmarks,0.16,
33829122,0.2,0.0,9.1,10.0,7.7,Vung Tau Ferry Terminal,Monuments and Landmarks,0.16,
33829122,0.2,0.0,9.1,10.0,7.7,Front Beach Park,"Botanical Gardens, and Public Parks",0.19,
33829122,0.2,0.0,9.1,10.0,7.7,Front Beach,Beaches,0.2,
33829122,0.2,0.0,9.1,10.0,7.7,New World,Hospitals and Medical Facilities,0.22,
33829122,0.2,0.0,9.1,10.0,7.7,Ba Ria - Vung Tau Children House,"Botanical Gardens, and Public Parks",0.28,
33829122,0.2,0.0,9.1,10.0,7.7,Worldwide Arms Museum,Museums and Art Galleries,0.29,
33829122,0.2,0.0,9.1,10.0,7.7,Lotus Sea Tower,Famous Buildings,0.31,
5436583,0.08,1.64,7.4,9.2,7.4,Back beach,Beaches,0.08,
5436583,0.08,1.64,7.4,9.2,7.4,Lotte Mart Vung Tau,Shopping Centers and Areas,0.33,
5436583,0.08,1.64,7.4,9.2,7.4,Arena Vungtau,Sports Venues,0.49,
5436583,0.08,1.64,7.4,9.2,7.4,Lotte Mart,Supermarkets,0.88,
5436583,0.08,1.64,7.4,9.2,7.4,Quán cơm Thảo Vy,Supermarkets,0.92,
5436583,0.08,1.64,7.4,9.2,7.4,White Rabbit Park Vung Tau,"Botanical Gardens, and Public Parks",0.93,
5436583,0.08,1.64,7.4,9.2,7.4,Vung Tau Paradise Park,Things to do,1.02,
5436583,0.08,1.64,7.4,9.2,7.4,Đài liệt sĩ,"Botanical Gardens, and Public Parks",1.03,
5436583,0.08,1.64,7.4,9.2,7.4,Bãi tắm Biển Đông,"Botanical Gardens, and Public Parks",1.07,
5436583,0.08,1.64,7.4,9.2,7.4,The Chill Garden,Bars,1.08,
48511716,0.27,0.18,9.1,10.0,7.0,Worldwide Arms Museum,Museums and Art Galleries,0.04,
48511716,0.27,0.18,9.1,10.0,7.0,Lotus Sea Tower,Famous Buildings,0.05,
48511716,0.27,0.18,9.1,10.0,7.0,Hon Ba Island,Monuments and Landmarks,0.16,
48511716,0.27,0.18,9.1,10.0,7.0,Vung Tau Ferry Terminal,Monuments and Landmarks,0.16,
48511716,0.27,0.18,9.1,10.0,7.0,Front Beach Park,"Botanical Gardens, and Public Parks",0.2,
48511716,0.27,0.18,9.1,10.0,7.0,Front Beach,Beaches,0.27,
48511716,0.27,0.18,9.1,10.0,7.0,Xom Luoi Seafood Market (Cho Xom Luoi),Shopping Centers and Areas,0.27,
48511716,0.27,0.18,9.1,10.0,7.0,Motorbike parking,Parking,0.31,
48511716,0.27,0.18,9.1,10.0,7.0,Express Ship Harbour,Marina,0.35,
48511716,0.27,0.18,9.1,10.0,7.0,Mui Da Cafe parking,Parking,0.37,
178195,,,5.1,9.8,6.6,Anh Hospital,Hospitals and Medical Facilities,1.33,
178195,,,5.1,9.8,6.6,Metro Cash & Carry Store,Supermarkets,1.8,
178195,,,5.1,9.8,6.6,Đầm Mắm,"Rivers, Reservoirs, and Lakes",2.18,
178195,,,5.1,9.8,6.6,Con Dao Port,Ports/Ferries,2.51,
178195,,,5.1,9.8,6.6,Hồ Rạch Bà,"Rivers, Reservoirs, and Lakes",2.84,
178195,,,5.1,9.8,6.6,Vịnh Cửa Lấp,Natural Parks and Forests,3.06,
178195,,,5.1,9.8,6.6,Vịnh Sông Rinh,Natural Parks and Forests,3.1,
178195,,,5.1,9.8,6.6,Dong Xuyen Church,Places of Worship,3.13,
178195,,,5.1,9.8,6.6,Back beach,Beaches,3.75,
178195,,,5.1,9.8,6.6,Thảo Tiên,Hospitals and Medical Facilities,4.28,
87305373,,,,,,Dinh Co Temple,Monuments and Landmarks,0.7,
87305373,,,,,,Dinh Co Parking Lot,Parking,0.76,
87305373,,,,,,Medical Station of Long Hai Town,Hospitals and Medical Facilities,1.58,
87305373,,,,,,Cape of Kỳ Vân,Natural Parks and Forests,1.71,
87305373,,,,,,Động Huỳnh Hổ,"Mountains, Hills and Caves",2.56,
87305373,,,,,,Sân vận động,"Botanical Gardens, and Public Parks",2.74,
87305373,,,,,,Minh Dam Bases,Attractions,3.59,
87305373,,,,,,Minh Dam Base,Monuments and Landmarks,3.61,
87305373,,,,,,Son dong Hoang Dung - Non Tien,Places of Worship,3.7,
87305373,,,,,,Hòn Chóp Mao,"Mountains, Hills and Caves",3.84,
52133786,,2.18,9.8,8.4,6.6,Thanh Duc Me,Monuments and Landmarks,0.41,
52133786,,2.18,9.8,8.4,6.6,Sunset Viewpoint,Things to do,0.62,
52133786,,2.18,9.8,8.4,6.6,Motorcycle parking,Parking,0.64,
52133786,,2.18,9.8,8.4,6.6,The Big Mountain,"Mountains, Hills and Caves",0.72,
52133786,,2.18,9.8,8.4,6.6,Hồ Mây Thượng,"Rivers, Reservoirs, and Lakes",0.76,
52133786,,2.18,9.8,8.4,6.6,Statue of Mary,Monuments and Landmarks,0.84,
52133786,,2.18,9.8,8.4,6.6,Tương Kỳ,"Mountains, Hills and Caves",0.85,
52133786,,2.18,9.8,8.4,6.6,Ho May Tourist,Zoos and Aquariums,0.85,
52133786,,2.18,9.8,8.4,6.6,Hồ Mây Hạ,"Rivers, Reservoirs, and Lakes",0.86,
52133786,,2.18,9.8,8.4,6.6,Duc Me Bai Dau,Monuments and Landmarks,0.89,
73004500,0.65,1.06,,,,Lotte Mart,Supermarkets,0.09,
73004500,0.65,1.06,,,,Đài liệt sĩ,"Botanical Gardens, and Public Parks",0.25,
73004500,0.65,1.06,,,,Quán cơm Thảo Vy,Supermarkets,0.48,
73004500,0.65,1.06,,,,Arena Vungtau,Sports Venues,0.59,
73004500,0.65,1.06,,,,Lotte Mart Vung Tau,Shopping Centers and Areas,0.6,
73004500,0.65,1.06,,,,The Chill Garden,Bars,0.61,
73004500,0.65,1.06,,,,White Rabbit Park Vung Tau,"Botanical Gardens, and Public Parks",0.63,
73004500,0.65,1.06,,,,Back beach,Beaches,0.65,
73004500,0.65,1.06,,,,Titi Cam,Supermarkets,0.75,
73004500,0.65,1.06,,,,Vung Tau Bus Terminal,"Train, Metro and Bus Stations",0.76,
22642078,0.04,0.0,5.0,7.8,6.6,Back beach,Beaches,0.04,
22642078,0.04,0.0,5.0,7.8,6.6,Whale Temple,Places of Worship,0.29,
22642078,0.04,0.0,5.0,7.8,6.6,Đồi Con Heo,Things to do,0.52,
22642078,0.04,0.0,5.0,7.8,6.6,Nhà Thuốc Khánh Hậu,Hospitals and Medical Facilities,0.68,
22642078,0.04,0.0,5.0,7.8,6.6,Fruits Market,Supermarkets,0.73,
22642078,0.04,0.0,5.0,7.8,6.6,Tram Y Te Phuong 2,Hospitals and Medical Facilities,0.77,
22642078,0.04,0.0,5.0,7.8,6.6,Tuong Dai Chua Kito Vua,Monuments and Landmarks,0.81,
22642078,0.04,0.0,5.0,7.8,6.6,Hon Ba Islet,Islands,0.92,
22642078,0.04,0.0,5.0,7.8,6.6,Tao Phung Park,"Botanical Gardens, and Public Parks",0.94,
22642078,0.04,0.0,5.0,7.8,6.6,Linh Son Co Tu,Monuments and Landmarks,1.01,
64639976,0.92,0.0,,,,Tram Y Te Phuong 2,Hospitals and Medical Facilities,0.35,
64639976,0.92,0.0,,,,The Small Mountain,"Mountains, Hills and Caves",0.45,
64639976,0.92,0.0,,,,Lang Co Ong,Monuments and Landmarks,0.46,
64639976,0.92,0.0,,,,Nhà Thuốc Khánh Hậu,Hospitals and Medical Facilities,0.46,
64639976,0.92,0.0,,,,Linh Son Co Tu,Monuments and Landmarks,0.46,
64639976,0.92,0.0,,,,Fruits Market,Supermarkets,0.47,
64639976,0.92,0.0,,,,Lighthouse,Famous Buildings,0.48,
64639976,0.92,0.0,,,,Vung Tau Light House,Things to do,0.49,
64639976,0.92,0.0,,,,Tao Phùng,"Mountains, Hills and Caves",0.5,
64639976,0.92,0.0,,,,Sao Việt,Entertainment,0.64,
11534281,0.22,0.0,9.1,10.0,7.5,Xom Luoi Seafood Market (Cho Xom Luoi),Shopping Centers and Areas,0.08,
11534281,0.22,0.0,9.1,10.0,7.5,Hon Ba Island,Monuments and Landmarks,0.12,
11534281,0.22,0.0,9.1,10.0,7.5,Vung Tau Ferry Terminal,Monuments and Landmarks,0.12,
11534281,0.22,0.0,9.1,10.0,7.5,Front Beach Park,"Botanical Gardens, and Public Parks",0.16,
11534281,0.22,0.0,9.1,10.0,7.5,Tran Hung Dao Park,"Botanical Gardens, and Public Parks",0.19,
11534281,0.22,0.0,9.1,10.0,7.5,Front Beach,Beaches,0.22,
11534281,0.22,0.0,9.1,10.0,7.5,Worldwide Arms Museum,Museums and Art Galleries,0.23,
11534281,0.22,0.0,9.1,10.0,7.5,Lotus Sea Tower,Famous Buildings,0.25,
11534281,0.22,0.0,9.1,10.0,7.5,New World,Hospitals and Medical Facilities,0.28,
11534281,0.22,0.0,9.1,10.0,7.5,Ba Ria - Vung Tau Children House,"Botanical Gardens, and Public Parks",0.32,
412707,0.24,0.0,9.3,9.5,8.5,Vietcombank,Banks and Currency Exchange,0.06,
412707,0.24,0.0,9.3,9.5,8.5,Ba Ria - Vung Tau Children House,"Botanical Gardens, and Public Parks",0.13,
412707,0.24,0.0,9.3,9.5,8.5,Quang Trung Park,"Botanical Gardens, and Public Parks",0.23,
412707,0.24,0.0,9.3,9.5,8.5,Front Beach,Beaches,0.24,
412707,0.24,0.0,9.3,9.5,8.5,Xuan Hoa Sport Gym,Fitness and Yoga Centers,0.26,
412707,0.24,0.0,9.3,9.5,8.5,Siêu thị Mỹ Nghệ,Supermarkets,0.27,
412707,0.24,0.0,9.3,9.5,8.5,Vịnh Bãi Trước,Natural Parks and Forests,0.28,
412707,0.24,0.0,9.3,9.5,8.5,New World,Hospitals and Medical Facilities,0.3,
412707,0.24,0.0,9.3,9.5,8.5,Đông Y,Hospitals and Medical Facilities,0.32,
412707,0.24,0.0,9.3,9.5,8.5,Trung Vuong Square,"Botanical Gardens, and Public Parks",0.35,
11024791,,,5.3,7.1,7.3,Anh Hospital,Hospitals and Medical Facilities,1.33,
11024791,,,5.3,7.1,7.3,Metro Cash & Carry Store,Supermarkets,1.8,
11024791,,,5.3,7.1,7.3,Đầm Mắm,"Rivers, Reservoirs, and Lakes",2.18,
11024791,,,5.3,7.1,7.3,Con Dao Port,Ports/Ferries,2.51,
11024791,,,5.3,7.1,7.3,Hồ Rạch Bà,"Rivers, Reservoirs, and Lakes",2.84,
11024791,,,5.3,7.1,7.3,Vịnh Cửa Lấp,Natural Parks and Forests,3.06,
11024791,,,5.3,7.1,7.3,Vịnh Sông Rinh,Natural Parks and Forests,3.1,
11024791,,,5.3,7.1,7.3,Dong Xuyen Church,Places of Worship,3.13,
11024791,,,5.3,7.1,7.3,Back beach,Beaches,3.75,
11024791,,,5.3,7.1,7.3,Thảo Tiên,Hospitals and Medical Facilities,4.28,
5262146,0.63,0.0,9.1,7.8,9.3,Vạn Phước Xuân,Hospitals and Medical Facilities,0.07,
5262146,0.63,0.0,9.1,7.8,9.3,Trung tâm Y tế Phường 3,Hospitals and Medical Facilities,0.27,
5262146,0.63,0.0,9.1,7.8,9.3,New World,Hospitals and Medical Facilities,0.29,
5262146,0.63,0.0,9.1,7.8,9.3,Tran Hung Dao Park,"Botanical Gardens, and Public Parks",0.37,
5262146,0.63,0.0,9.1,7.8,9.3,Cam,Supermarkets,0.4,
5262146,0.63,0.0,9.1,7.8,9.3,Sao Việt,Entertainment,0.46,
5262146,0.63,0.0,9.1,7.8,9.3,Vietcombank,Banks and Currency Exchange,0.5,
5262146,0.63,0.0,9.1,7.8,9.3,Winmart,Supermarkets,0.5,
5262146,0.63,0.0,9.1,7.8,9.3,Xom Luoi Seafood Market (Cho Xom Luoi),Shopping Centers and Areas,0.51,
5262146,0.63,0.0,9.1,7.8,9.3,Ba Ria - Vung Tau Children House,"Botanical Gardens, and Public Parks",0.52,
7394456,0.16,1.09,7.3,9.7,8.7,Arena Vungtau,Sports Venues,0.09,
7394456,0.16,1.09,7.3,9.7,8.7,Back beach,Beaches,0.16,
7394456,0.16,1.09,7.3,9.7,8.7,Lotte Mart Vung Tau,Shopping Centers and Areas,0.23,
7394456,0.16,1.09,7.3,9.7,8.7,Quán cơm Thảo Vy,Supermarkets,0.37,
7394456,0.16,1.09,7.3,9.7,8.7,White Rabbit Park Vung Tau,"Botanical Gardens, and Public Parks",0.38,
7394456,0.16,1.09,7.3,9.7,8.7,Lotte Mart,Supermarkets,0.48,
7394456,0.16,1.09,7.3,9.7,8.7,Bãi tắm Biển Đông,"Botanical Gardens, and Public Parks",0.56,
7394456,0.16,1.09,7.3,9.7,8.7,Đài liệt sĩ,"Botanical Gardens, and Public Parks",0.57,
7394456,0.16,1.09,7.3,9.7,8.7,Imperial Car Park,Parking,0.7,
7394456,0.16,1.09,7.3,9.7,8.7,Imperial Plaza Shopping Center,Shopping Centers and Areas,0.73,
39913715,,1.1,8.5,8.7,9.6,Lotte Mart,Supermarkets,0.22,
39913715,,1.1,8.5,8.7,9.6,Arena Vungtau,Sports Venues,0.35,
39913715,,1.1,8.5,8.7,9.6,Đài liệt sĩ,"Botanical Gardens, and Public Parks",0.36,
39913715,,1.1,8.5,8.7,9.6,Quán cơm Thảo Vy,Supermarkets,0.37,
39913715,,1.1,8.5,8.7,9.6,Lotte Mart Vung Tau,Shopping Centers and Areas,0.38,
39913715,,1.1,8.5,8.7,9.6,Back beach,Beaches,0.42,
39913715,,1.1,8.5,8.7,9.6,White Rabbit Park Vung Tau,"Botanical Gardens, and Public Parks",0.48,
39913715,,1.1,8.5,8.7,9.6,Bãi tắm Biển Đông,"Botanical Gardens, and Public Parks",0.7,
39913715,,1.1,8.5,8.7,9.6,Imperial Car Park,Parking,0.74,
39913715,,1.1,8.5,8.7,9.6,The Chill Garden,Bars,0.77,
6944885,,,10.0,7.5,6.6,View at port,Things to do,0.57,
6944885,,,10.0,7.5,6.6,Hòn Sụp,"Mountains, Hills and Caves",0.66,
6944885,,,10.0,7.5,6.6,Vũng Mây,"Mountains, Hills and Caves",0.91,
6944885,,,10.0,7.5,6.6,Mũi Gành Rái,Natural Parks and Forests,1.02,
6944885,,,10.0,7.5,6.6,The Old Artillery Field Sao Mai - Nui Lon,Monuments and Landmarks,1.16,
6944885,,,10.0,7.5,6.6,Quan Am Cac Pagoda,Places of Worship,1.2,
6944885,,,10.0,7.5,6.6,Statue of Mary,Monuments and Landmarks,1.21,
6944885,,,10.0,7.5,6.6,Y Đức,Hospitals and Medical Facilities,1.29,
6944885,,,10.0,7.5,6.6,Motorcycle parking,Parking,1.31,
6944885,,,10.0,7.5,6.6,Thanh Duc Me,Monuments and Landmarks,1.58,
1122450,0.49,0.82,8.5,7.6,9.8,Đài liệt sĩ,"Botanical Gardens, and Public Parks",0.14,
1122450,0.49,0.82,8.5,7.6,9.8,Lotte Mart,Supermarkets,0.19,
1122450,0.49,0.82,8.5,7.6,9.8,Quán cơm Thảo Vy,Supermarkets,0.24,
1122450,0.49,0.82,8.5,7.6,9.8,White Rabbit Park Vung Tau,"Botanical Gardens, and Public Parks",0.4,
1122450,0.49,0.82,8.5,7.6,9.8,Back beach,Beaches,0.49,
1122450,0.49,0.82,8.5,7.6,9.8,Arena Vungtau,Sports Venues,0.54,
1122450,0.49,0.82,8.5,7.6,9.8,Imperial Car Park,Parking,0.55,
1122450,0.49,0.82,8.5,7.6,9.8,Imperial Plaza,Famous Buildings,0.57,
1122450,0.49,0.82,8.5,7.6,9.8,Imperial Plaza Shopping Center,Shopping Centers and Areas,0.59,
1122450,0.49,0.82,8.5,7.6,9.8,Bãi tắm Biển Đông,"Botanical Gardens, and Public Parks",0.6,
32006799,0.31,1.78,8.5,8.1,7.6,Back beach,Beaches,0.31,
32006799,0.31,1.78,8.5,8.1,7.6,Lotte Mart Vung Tau,Shopping Centers and Areas,0.46,
32006799,0.31,1.78,8.5,8.1,7.6,Arena Vungtau,Sports Venues,0.64,
32006799,0.31,1.78,8.5,8.1,7.6,Lotte Mart,Supermarkets,0.87,
32006799,0.31,1.78,8.5,8.1,7.6,Vung Tau Paradise Park,Things to do,0.89,
32006799,0.31,1.78,8.5,8.1,7.6,The Chill Garden,Bars,0.9,
32006799,0.31,1.78,8.5,8.1,7.6,Vung Tau Stadium,Sports Venues,0.92,
32006799,0.31,1.78,8.5,8.1,7.6,Ba Ria Vung Tau Indoor Arena,Entertainment,0.94,
32006799,0.31,1.78,8.5,8.1,7.6,Quán cơm Thảo Vy,Supermarkets,1.01,
32006799,0.31,1.78,8.5,8.1,7.6,Đài liệt sĩ,"Botanical Gardens, and Public Parks",1.04,
230334,0.13,0.0,4.9,9.8,6.6,Back beach,Beaches,0.13,
230334,0.13,0.0,4.9,9.8,6.6,Đồi Con Heo,Things to do,0.18,
230334,0.13,0.0,4.9,9.8,6.6,Tuong Dai Chua Kito Vua,Monuments and Landmarks,0.47,
230334,0.13,0.0,4.9,9.8,6.6,Tao Phung Park,"Botanical Gardens, and Public Parks",0.6,
230334,0.13,0.0,4.9,9.8,6.6,Whale Temple,Places of Worship,0.6,
230334,0.13,0.0,4.9,9.8,6.6,Hon Ba Islet,Islands,0.65,
230334,0.13,0.0,4.9,9.8,6.6,Pineapple Beach,Beaches,0.71,
230334,0.13,0.0,4.9,9.8,6.6,Tram Y Te Phuong 2,Hospitals and Medical Facilities,0.72,
230334,0.13,0.0,4.9,9.8,6.6,Nhà Thuốc Khánh Hậu,Hospitals and Medical Facilities,0.89,
230334,0.13,0.0,4.9,9.8,6.6,Fruits Market,Supermarkets,0.95,
63295375,0.14,1.38,,,,Lotte Mart Vung Tau,Shopping Centers and Areas,0.04,
63295375,0.14,1.38,,,,Back beach,Beaches,0.14,
63295375,0.14,1.38,,,,Arena Vungtau,Sports Venues,0.22,
63295375,0.14,1.38,,,,Lotte Mart,Supermarkets,0.62,
63295375,0.14,1.38,,,,Quán cơm Thảo Vy,Supermarkets,0.62,
63295375,0.14,1.38,,,,White Rabbit Park Vung Tau,"Botanical Gardens, and Public Parks",0.64,
63295375,0.14,1.38,,,,Đài liệt sĩ,"Botanical Gardens, and Public Parks",0.75,
63295375,0.14,1.38,,,,Bãi tắm Biển Đông,"Botanical Gardens, and Public Parks",0.81,
63295375,0.14,1.38,,,,Imperial Car Park,Parking,0.96,
63295375,0.14,1.38,,,,The Chill Garden,Bars,0.97,
89090330,0.15,0.0,,,,Back beach,Beaches,0.15,
89090330,0.15,0.0,,,,Whale Temple,Places of Worship,0.28,
89090330,0.15,0.0,,,,Đồi Con Heo,Things to do,0.48,
89090330,0.15,0.0,,,,Nhà Thuốc Khánh Hậu,Hospitals and Medical Facilities,0.61,
89090330,0.15,0.0,,,,Tram Y Te Phuong 2,Hospitals and Medical Facilities,0.65,
89090330,0.15,0.0,,,,Fruits Market,Supermarkets,0.67,
89090330,0.15,0.0,,,,Tuong Dai Chua Kito Vua,Monuments and Landmarks,0.75,
89090330,0.15,0.0,,,,Tao Phung Park,"Botanical Gardens, and Public Parks",0.91,
89090330,0.15,0.0,,,,Linh Son Co Tu,Monuments and Landmarks,0.93,
89090330,0.15,0.0,,,,Hon Ba Islet,Islands,0.94,
87013541,0.34,0.0,,,,Back beach,Beaches,0.34,
87013541,0.34,0.0,,,,Fruits Market,Supermarkets,0.35,
87013541,0.34,0.0,,,,Nhà Thuốc Khánh Hậu,Hospitals and Medical Facilities,0.35,
87013541,0.34,0.0,,,,Whale Temple,Places of Worship,0.4,
87013541,0.34,0.0,,,,The Vung Tau War Heroes Shrine,Monuments and Landmarks,0.47,
87013541,0.34,0.0,,,,Linh Son Co Tu,Monuments and Landmarks,0.55,
87013541,0.34,0.0,,,,Lang Co Ong,Monuments and Landmarks,0.65,
87013541,0.34,0.0,,,,Sao Việt,Entertainment,0.72,
87013541,0.34,0.0,,,,Vungtau Beach Club,Entertainment,0.8,
87013541,0.34,0.0,,,,Imperial Plaza,Famous Buildings,0.84,
73212695,0.41,0.0,,,,Nhà Thuốc Khánh Hậu,Hospitals and Medical Facilities,0.31,
73212695,0.41,0.0,,,,Fruits Market,Supermarkets,0.31,
73212695,0.41,0.0,,,,Whale Temple,Places of Worship,0.35,
73212695,0.41,0.0,,,,Back beach,Beaches,0.41,
73212695,0.41,0.0,,,,The Vung Tau War Heroes Shrine,Monuments and Landmarks,0.52,
73212695,0.41,0.0,,,,Linh Son Co Tu,Monuments and Landmarks,0.54,
73212695,0.41,0.0,,,,Lang Co Ong,Monuments and Landmarks,0.64,
73212695,0.41,0.0,,,,Sao Việt,Entertainment,0.72,
73212695,0.41,0.0,,,,Vungtau Beach Club,Entertainment,0.86,
73212695,0.41,0.0,,,,Tram Y Te Phuong 2,Hospitals and Medical Facilities,0.89,
59301526,0.51,0.0,6.5,8.4,8.3,Fruits Market,Supermarkets,0.18,
59301526,0.51,0.0,6.5,8.4,8.3,Nhà Thuốc Khánh Hậu,Hospitals and Medical Facilities,0.18,
59301526,0.51,0.0,6.5,8.4,8.3,Whale Temple,Places of Worship,0.39,
59301526,0.51,0.0,6.5,8.4,8.3,Linh Son Co Tu,Monuments and Landmarks,0.41,
59301526,0.51,0.0,6.5,8.4,8.3,Lang Co Ong,Monuments and Landmarks,0.51,
59301526,0.51,0.0,6.5,8.4,8.3,Back beach,Beaches,0.51,
59301526,0.51,0.0,6.5,8.4,8.3,The Vung Tau War Heroes Shrine,Monuments and Landmarks,0.57,
59301526,0.51,0.0,6.5,8.4,8.3,Sao Việt,Entertainment,0.61,
59301526,0.51,0.0,6.5,8.4,8.3,Tram Y Te Phuong 2,Hospitals and Medical Facilities,0.79,
59301526,0.51,0.0,6.5,8.4,8.3,Vungtau Beach Club,Entertainment,0.97,
6363024,,,4.3,7.3,6.6,Hamptons Plaza Ho Tram,Shopping Centers and Areas,0.63,
6363024,,,4.3,7.3,6.6,Hamptons Pier,Ports/Ferries,0.72,
6363024,,,4.3,7.3,6.6,110 K p. Pax to pitch up ur tent,Camping and Outdoors,2.62,
6363024,,,4.3,7.3,6.6,Khu du lịch Gió Biển,"Botanical Gardens, and Public Parks",4.56,
6363024,,,4.3,7.3,6.6,Núi Kho,"Mountains, Hills and Caves",5.29,
6363024,,,4.3,7.3,6.6,Núi Le,"Mountains, Hills and Caves",5.5,
6363024,,,4.3,7.3,6.6,Núi Giữa,"Mountains, Hills and Caves",5.83,
6363024,,,4.3,7.3,6.6,Núi Mộ Ông,"Mountains, Hills and Caves",5.96,
6363024,,,4.3,7.3,6.6,Di tích Dốc Cây Cám,"Botanical Gardens, and Public Parks",6.42,
6363024,,,4.3,7.3,6.6,Trạm Y tế xã Lộc An,Hospitals and Medical Facilities,6.43,
444262,0.56,0.0,6.5,8.5,7.7,Nhà Thuốc Khánh Hậu,Hospitals and Medical Facilities,0.07,
444262,0.56,0.0,6.5,8.5,7.7,Fruits Market,Supermarkets,0.12,
444262,0.56,0.0,6.5,8.5,7.7,Whale Temple,Places of Worship,0.36,
444262,0.56,0.0,6.5,8.5,7.7,Linh Son Co Tu,Monuments and Landmarks,0.39,
444262,0.56,0.0,6.5,8.5,7.7,Lang Co Ong,Monuments and Landmarks,0.48,
444262,0.56,0.0,6.5,8.5,7.7,Back beach,Beaches,0.56,
444262,0.56,0.0,6.5,8.5,7.7,Tram Y Te Phuong 2,Hospitals and Medical Facilities,0.63,
444262,0.56,0.0,6.5,8.5,7.7,Sao Việt,Entertainment,0.63,
444262,0.56,0.0,6.5,8.5,7.7,The Vung Tau War Heroes Shrine,Monuments and Landmarks,0.73,
444262,0.56,0.0,6.5,8.5,7.7,The Small Mountain,"Mountains, Hills and Caves",0.88,
1370955,0.2,0.0,5.0,9.1,6.6,Back beach,Beaches,0.2,
1370955,0.2,0.0,5.0,9.1,6.6,Đồi Con Heo,Things to do,0.34,
1370955,0.2,0.0,5.0,9.1,6.6,Whale Temple,Places of Worship,0.42,
1370955,0.2,0.0,5.0,9.1,6.6,Tuong Dai Chua Kito Vua,Monuments and Landmarks,0.61,
1370955,0.2,0.0,5.0,9.1,6.6,Tram Y Te Phuong 2,Hospitals and Medical Facilities,0.61,
1370955,0.2,0.0,5.0,9.1,6.6,Nhà Thuốc Khánh Hậu,Hospitals and Medical Facilities,0.71,
1370955,0.2,0.0,5.0,9.1,6.6,Fruits Market,Supermarkets,0.77,
1370955,0.2,0.0,5.0,9.1,6.6,Tao Phung Park,"Botanical Gardens, and Public Parks",0.77,
1370955,0.2,0.0,5.0,9.1,6.6,Pineapple Beach,Beaches,0.79,
1370955,0.2,0.0,5.0,9.1,6.6,Hon Ba Islet,Islands,0.83,
22732839,0.91,0.0,7.8,8.1,7.1,Tram Y Te Phuong 2,Hospitals and Medical Facilities,0.34,
22732839,0.91,0.0,7.8,8.1,7.1,The Small Mountain,"Mountains, Hills and Caves",0.44,
22732839,0.91,0.0,7.8,8.1,7.1,Lighthouse,Famous Buildings,0.47,
22732839,0.91,0.0,7.8,8.1,7.1,Nhà Thuốc Khánh Hậu,Hospitals and Medical Facilities,0.47,
22732839,0.91,0.0,7.8,8.1,7.1,Lang Co Ong,Monuments and Landmarks,0.47,
22732839,0.91,0.0,7.8,8.1,7.1,Linh Son Co Tu,Monuments and Landmarks,0.47,
22732839,0.91,0.0,7.8,8.1,7.1,Vung Tau Light House,Things to do,0.48,
22732839,0.91,0.0,7.8,8.1,7.1,Fruits Market,Supermarkets,0.48,
22732839,0.91,0.0,7.8,8.1,7.1,Tao Phùng,"Mountains, Hills and Caves",0.49,
22732839,0.91,0.0,7.8,8.1,7.1,Sao Việt,Entertainment,0.66,
90940010,0.16,0.0,,,,Back beach,Beaches,0.16,
90940010,0.16,0.0,,,,Whale Temple,Places of Worship,0.27,
90940010,0.16,0.0,,,,Đồi Con Heo,Things to do,0.5,
90940010,0.16,0.0,,,,Nhà Thuốc Khánh Hậu,Hospitals and Medical Facilities,0.59,
90940010,0.16,0.0,,,,Tram Y Te Phuong 2,Hospitals and Medical Facilities,0.64,
90940010,0.16,0.0,,,,Fruits Market,Supermarkets,0.65,
90940010,0.16,0.0,,,,Tuong Dai Chua Kito Vua,Monuments and Landmarks,0.76,
90940010,0.16,0.0,,,,Linh Son Co Tu,Monuments and Landmarks,0.92,
90940010,0.16,0.0,,,,Tao Phung Park,"Botanical Gardens, and Public Parks",0.92,
90940010,0.16,0.0,,,,Hon Ba Islet,Islands,0.96,
1196123,0.35,0.8,7.8,7.9,9.7,Quán cơm Thảo Vy,Supermarkets,0.09,
1196123,0.35,0.8,7.8,7.9,9.7,White Rabbit Park Vung Tau,"Botanical Gardens, and Public Parks",0.25,
1196123,0.35,0.8,7.8,7.9,9.7,Đài liệt sĩ,"Botanical Gardens, and Public Parks",0.29,
1196123,0.35,0.8,7.8,7.9,9.7,Lotte Mart,Supermarkets,0.31,
1196123,0.35,0.8,7.8,7.9,9.7,Back beach,Beaches,0.35,
1196123,0.35,0.8,7.8,7.9,9.7,Arena Vungtau,Sports Venues,0.44,
1196123,0.35,0.8,7.8,7.9,9.7,Imperial Car Park,Parking,0.45,
1196123,0.35,0.8,7.8,7.9,9.7,Bãi tắm Biển Đông,"Botanical Gardens, and Public Parks",0.46,
1196123,0.35,0.8,7.8,7.9,9.7,Imperial Plaza,Famous Buildings,0.49,
1196123,0.35,0.8,7.8,7.9,9.7,Imperial Plaza Shopping Center,Shopping Centers and Areas,0.5,
79142852,0.29,0.0,,,,Back beach,Beaches,0.29,
79142852,0.29,0.0,,,,Whale Temple,Places of Worship,0.31,
79142852,0.29,0.0,,,,Nhà Thuốc Khánh Hậu,Hospitals and Medical Facilities,0.4,
79142852,0.29,0.0,,,,Fruits Market,Supermarkets,0.42,
79142852,0.29,0.0,,,,The Vung Tau War Heroes Shrine,Monuments and Landmarks,0.57,
79142852,0.29,0.0,,,,Linh Son Co Tu,Monuments and Landmarks,0.65,
79142852,0.29,0.0,,,,Lang Co Ong,Monuments and Landmarks,0.75,
79142852,0.29,0.0,,,,Vungtau Beach Club,Entertainment,0.82,
79142852,0.29,0.0,,,,Sao Việt,Entertainment,0.83,
79142852,0.29,0.0,,,,Imperial Plaza,Famous Buildings,0.87,
6886976,0.03,0.0,4.9,9.7,6.6,Back beach,Beaches,0.03,
6886976,0.03,0.0,4.9,9.7,6.6,Đồi Con Heo,Things to do,0.22,
6886976,0.03,0.0,4.9,9.7,6.6,Tuong Dai Chua Kito Vua,Monuments and Landmarks,0.51,
6886976,0.03,0.0,4.9,9.7,6.6,Whale Temple,Places of Worship,0.58,
6886976,0.03,0.0,4.9,9.7,6.6,Tao Phung Park,"Botanical Gardens, and Public Parks",0.63,
6886976,0.03,0.0,4.9,9.7,6.6,Hon Ba Islet,Islands,0.64,
6886976,0.03,0.0,4.9,9.7,6.6,Tram Y Te Phuong 2,Hospitals and Medical Facilities,0.75,
6886976,0.03,0.0,4.9,9.7,6.6,Pineapple Beach,Beaches,0.81,
6886976,0.03,0.0,4.9,9.7,6.6,Nhà Thuốc Khánh Hậu,Hospitals and Medical Facilities,0.9,
6886976,0.03,0.0,4.9,9.7,6.6,Fruits Market,Supermarkets,0.96,
33855179,0.41,0.0,5.3,8.4,6.6,Tram Y Te Phuong 2,Hospitals and Medical Facilities,0.36,
33855179,0.41,0.0,5.3,8.4,6.6,Đồi Con Heo,Things to do,0.41,
33855179,0.41,0.0,5.3,8.4,6.6,Back beach,Beaches,0.41,
33855179,0.41,0.0,5.3,8.4,6.6,Whale Temple,Places of Worship,0.55,
33855179,0.41,0.0,5.3,8.4,6.6,Tuong Dai Chua Kito Vua,Monuments and Landmarks,0.56,
33855179,0.41,0.0,5.3,8.4,6.6,Pineapple Beach,Beaches,0.63,
33855179,0.41,0.0,5.3,8.4,6.6,The Small Mountain,"Mountains, Hills and Caves",0.66,
33855179,0.41,0.0,5.3,8.4,6.6,Nhà Thuốc Khánh Hậu,Hospitals and Medical Facilities,0.66,
33855179,0.41,0.0,5.3,8.4,6.6,Fruits Market,Supermarkets,0.72,
33855179,0.41,0.0,5.3,8.4,6.6,Tao Phung Park,"Botanical Gardens, and Public Parks",0.78,
37189836,,,4.3,6.2,6.6,110 K p. Pax to pitch up ur tent,Camping and Outdoors,1.47,
37189836,,,4.3,6.2,6.6,Hamptons Plaza Ho Tram,Shopping Centers and Areas,1.78,
37189836,,,4.3,6.2,6.6,Hamptons Pier,Ports/Ferries,1.83,
37189836,,,4.3,6.2,6.6,Trạm Y tế xã Lộc An,Hospitals and Medical Facilities,5.29,
37189836,,,4.3,6.2,6.6,Khu du lịch Gió Biển,"Botanical Gardens, and Public Parks",5.7,
37189836,,,4.3,6.2,6.6,Núi Le,"Mountains, Hills and Caves",5.9,
37189836,,,4.3,6.2,6.6,Quầy thuốc 172,Hospitals and Medical Facilities,5.94,
37189836,,,4.3,6.2,6.6,Vật tư Nông nghiệp Chín Diệp,Supermarkets,5.94,
37189836,,,4.3,6.2,6.6,Vật tư Nông nghiệp Chí Trang,Supermarkets,5.97,
37189836,,,4.3,6.2,6.6,Di tích Dốc Cây Cám,"Botanical Gardens, and Public Parks",5.99,
39665334,,,4.1,6.1,6.6,The Bluffs Ho Tram Strip,Golf Courses,0.83,
39665334,,,4.1,6.1,6.6,Hồ Cốc,Things to do,2.28,
39665334,,,4.1,6.1,6.6,Huong Phong Camping,Camping and Outdoors,2.35,
39665334,,,4.1,6.1,6.6,Khu du lịch Gió Biển,"Botanical Gardens, and Public Parks",3.23,
39665334,,,4.1,6.1,6.6,Núi Đá Dắt,"Mountains, Hills and Caves",3.63,
39665334,,,4.1,6.1,6.6,Núi Kho,"Mountains, Hills and Caves",4.6,
39665334,,,4.1,6.1,6.6,Núi Giữa,"Mountains, Hills and Caves",4.76,
39665334,,,4.1,6.1,6.6,Núi Mộ Ông,"Mountains, Hills and Caves",4.98,
39665334,,,4.1,6.1,6.6,Núi Hồ Linh,"Mountains, Hills and Caves",5.97,
39665334,,,4.1,6.1,6.6,Hamptons Plaza Ho Tram,Shopping Centers and Areas,6.89,
37854636,0.47,0.0,5.2,9.2,6.6,Đồi Con Heo,Things to do,0.33,
37854636,0.47,0.0,5.2,9.2,6.6,Tram Y Te Phuong 2,Hospitals and Medical Facilities,0.41,
37854636,0.47,0.0,5.2,9.2,6.6,Tuong Dai Chua Kito Vua,Monuments and Landmarks,0.43,
37854636,0.47,0.0,5.2,9.2,6.6,Pineapple Beach,Beaches,0.47,
37854636,0.47,0.0,5.2,9.2,6.6,Back beach,Beaches,0.47,
37854636,0.47,0.0,5.2,9.2,6.6,Tao Phung Park,"Botanical Gardens, and Public Parks",0.66,
37854636,0.47,0.0,5.2,9.2,6.6,Whale Temple,Places of Worship,0.67,
37854636,0.47,0.0,5.2,9.2,6.6,The Small Mountain,"Mountains, Hills and Caves",0.67,
37854636,0.47,0.0,5.2,9.2,6.6,Nhà Thuốc Khánh Hậu,Hospitals and Medical Facilities,0.79,
37854636,0.47,0.0,5.2,9.2,6.6,Nirvana,Places of Worship,0.84,
255143,0.11,0.0,5.4,7.5,7.7,Back beach,Beaches,0.11,
255143,0.11,0.0,5.4,7.5,7.7,Whale Temple,Places of Worship,0.42,
255143,0.11,0.0,5.4,7.5,7.7,The Vung Tau War Heroes Shrine,Monuments and Landmarks,0.58,
255143,0.11,0.0,5.4,7.5,7.7,Nhà Thuốc Khánh Hậu,Hospitals and Medical Facilities,0.61,
255143,0.11,0.0,5.4,7.5,7.7,Fruits Market,Supermarkets,0.62,
255143,0.11,0.0,5.4,7.5,7.7,Vungtau Beach Club,Entertainment,0.68,
255143,0.11,0.0,5.4,7.5,7.7,Imperial Plaza,Famous Buildings,0.74,
255143,0.11,0.0,5.4,7.5,7.7,Imperial Plaza Shopping Center,Shopping Centers and Areas,0.75,
255143,0.11,0.0,5.4,7.5,7.7,Imperial Car Park,Parking,0.77,
255143,0.11,0.0,5.4,7.5,7.7,Linh Son Co Tu,Monuments and Landmarks,0.84,
32179308,0.26,0.14,9.5,9.9,7.6,Lam Son Square Shopping Mall,Shopping Centers and Areas,0.11,
32179308,0.26,0.14,9.5,9.9,7.6,CGV Cinemas,Entertainment,0.11,
32179308,0.26,0.14,9.5,9.9,7.6,Lam Son Square,Shopping Centers and Areas,0.12,
32179308,0.26,0.14,9.5,9.9,7.6,OSC Vietnam Travel,Tourist and Travel Info,0.12,
32179308,0.26,0.14,9.5,9.9,7.6,Miow,"Botanical Gardens, and Public Parks",0.14,
32179308,0.26,0.14,9.5,9.9,7.6,SOS International Medical clinic,Hospitals and Medical Facilities,0.21,
32179308,0.26,0.14,9.5,9.9,7.6,Main Post Office,"Internet, Post and Phone Services",0.22,
32179308,0.26,0.14,9.5,9.9,7.6,Siêu thị Mỹ Nghệ,Supermarkets,0.23,
32179308,0.26,0.14,9.5,9.9,7.6,Xuan Hoa Sport Gym,Fitness and Yoga Centers,0.24,
32179308,0.26,0.14,9.5,9.9,7.6,Quỳnh Thi,Supermarkets,0.26,
31717323,0.42,0.0,9.4,9.8,8.7,Quỳnh Thi,Supermarkets,0.06,
31717323,0.42,0.0,9.4,9.8,8.7,Siêu thị trái cây,Supermarkets,0.07,
31717323,0.42,0.0,9.4,9.8,8.7,Trung Vuong Square,"Botanical Gardens, and Public Parks",0.07,
31717323,0.42,0.0,9.4,9.8,8.7,Đông Y,Hospitals and Medical Facilities,0.09,
31717323,0.42,0.0,9.4,9.8,8.7,Hồng Lập Thành,Supermarkets,0.09,
31717323,0.42,0.0,9.4,9.8,8.7,Vạn Thành,Hospitals and Medical Facilities,0.17,
31717323,0.42,0.0,9.4,9.8,8.7,Nha khoa Vĩnh Sinh,Hospitals and Medical Facilities,0.18,
31717323,0.42,0.0,9.4,9.8,8.7,OSC Vietnam Travel,Tourist and Travel Info,0.18,
31717323,0.42,0.0,9.4,9.8,8.7,Lam Son Square,Shopping Centers and Areas,0.19,
31717323,0.42,0.0,9.4,9.8,8.7,CGV Cinemas,Entertainment,0.19,
280768,0.17,0.12,9.2,10.0,7.1,Hon Ba Island,Monuments and Landmarks,0.08,
280768,0.17,0.12,9.2,10.0,7.1,Vung Tau Ferry Terminal,Monuments and Landmarks,0.08,
280768,0.17,0.12,9.2,10.0,7.1,Lotus Sea Tower,Famous Buildings,0.1,
280768,0.17,0.12,9.2,10.0,7.1,Front Beach Park,"Botanical Gardens, and Public Parks",0.1,
280768,0.17,0.12,9.2,10.0,7.1,Worldwide Arms Museum,Museums and Art Galleries,0.14,
280768,0.17,0.12,9.2,10.0,7.1,Front Beach,Beaches,0.17,
280768,0.17,0.12,9.2,10.0,7.1,Xom Luoi Seafood Market (Cho Xom Luoi),Shopping Centers and Areas,0.24,
280768,0.17,0.12,9.2,10.0,7.1,Vịnh Bãi Trước,Natural Parks and Forests,0.3,
280768,0.17,0.12,9.2,10.0,7.1,Motorbike parking,Parking,0.35,
280768,0.17,0.12,9.2,10.0,7.1,Tran Hung Dao Park,"Botanical Gardens, and Public Parks",0.37,
25773171,,,4.1,6.1,6.6,The Bluffs Ho Tram Strip,Golf Courses,1.02,
25773171,,,4.1,6.1,6.6,Hồ Cốc,Things to do,2.11,
25773171,,,4.1,6.1,6.6,Huong Phong Camping,Camping and Outdoors,2.17,
25773171,,,4.1,6.1,6.6,Khu du lịch Gió Biển,"Botanical Gardens, and Public Parks",3.43,
25773171,,,4.1,6.1,6.6,Núi Đá Dắt,"Mountains, Hills and Caves",3.6,
25773171,,,4.1,6.1,6.6,Núi Kho,"Mountains, Hills and Caves",4.84,
25773171,,,4.1,6.1,6.6,Núi Giữa,"Mountains, Hills and Caves",4.98,
25773171,,,4.1,6.1,6.6,Núi Mộ Ông,"Mountains, Hills and Caves",5.2,
25773171,,,4.1,6.1,6.6,Núi Hồ Linh,"Mountains, Hills and Caves",5.77,
25773171,,,4.1,6.1,6.6,Medical Station of Bung Rieng Commune,Hospitals and Medical Facilities,6.95,
11016,0.35,0.04,9.4,9.9,8.6,Quỳnh Thi,Supermarkets,0.06,
11016,0.35,0.04,9.4,9.9,8.6,OSC Vietnam Travel,Tourist and Travel Info,0.11,
11016,0.35,0.04,9.4,9.9,8.6,Lam Son Square,Shopping Centers and Areas,0.12,
11016,0.35,0.04,9.4,9.9,8.6,CGV Cinemas,Entertainment,0.12,
11016,0.35,0.04,9.4,9.9,8.6,Lam Son Square Shopping Mall,Shopping Centers and Areas,0.13,
11016,0.35,0.04,9.4,9.9,8.6,Siêu thị trái cây,Supermarkets,0.14,
11016,0.35,0.04,9.4,9.9,8.6,Trung Vuong Square,"Botanical Gardens, and Public Parks",0.15,
11016,0.35,0.04,9.4,9.9,8.6,Đông Y,Hospitals and Medical Facilities,0.16,
11016,0.35,0.04,9.4,9.9,8.6,Hồng Lập Thành,Supermarkets,0.16,
11016,0.35,0.04,9.4,9.9,8.6,Miow,"Botanical Gardens, and Public Parks",0.18,
52733341,,0.0,0.0,9.9,7.8,Hoi An Cocoon Silk,Shopping Centers and Areas,0.02,
52733341,,0.0,0.0,9.9,7.8,Bridge,Things to do,0.11,
52733341,,0.0,0.0,9.9,7.8,Sân bóng nhân tạo,"Botanical Gardens, and Public Parks",0.12,
52733341,,0.0,0.0,9.9,7.8,Vinh Hung Riverside Resort Spa,Spas and Onsens,0.15,
52733341,,0.0,0.0,9.9,7.8,Công Viên Vườn Tượng,"Botanical Gardens, and Public Parks",0.16,
52733341,,0.0,0.0,9.9,7.8,A MART,Supermarkets,0.18,
52733341,,0.0,0.0,9.9,7.8,Song Hoai Square,"Botanical Gardens, and Public Parks",0.19,
52733341,,0.0,0.0,9.9,7.8,Art Galleries,Shops,0.24,
52733341,,0.0,0.0,9.9,7.8,Cam Pho Temple,Places of Worship,0.25,
52733341,,0.0,0.0,9.9,7.8,Vy’s Market Restaurant & Cooking,Things to do,0.25,
90025419,,0.0,,,,Dental Clinic,Hospitals and Medical Facilities,0.07,
90025419,,0.0,,,,Vui Ve,Shopping Centers and Areas,0.08,
90025419,,0.0,,,,Yellow Sun Custom Tailor,Shopping Centers and Areas,0.09,
90025419,,0.0,,,,Shoe shop 702,Shopping Centers and Areas,0.11,
90025419,,0.0,,,,Chic Couture,Shopping Centers and Areas,0.12,
90025419,,0.0,,,,Ancient House,Monuments and Landmarks,0.13,
90025419,,0.0,,,,Dong Duong Indochhine,Shopping Centers and Areas,0.13,
90025419,,0.0,,,,Moon Milk supermarket,Supermarkets,0.13,
90025419,,0.0,,,,Cloth Shop Lucky Number,Shopping Centers and Areas,0.14,
90025419,,0.0,,,,Gia Hung,Shopping Centers and Areas,0.14,
44777877,,0.8,0.0,8.3,6.7,Bao Tin Shoes Shop,Shopping Centers and Areas,0.21,
44777877,,0.8,0.0,8.3,6.7,food marketplace,Supermarkets,0.24,
44777877,,0.8,0.0,8.3,6.7,Tohe Style,Shopping Centers and Areas,0.34,
44777877,,0.8,0.0,8.3,6.7,Thuan Tinh Island,Islands,0.34,
44777877,,0.8,0.0,8.3,6.7,Pharmacy,Hospitals and Medical Facilities,0.39,
44777877,,0.8,0.0,8.3,6.7,Viet Hue,Shopping Centers and Areas,0.65,
44777877,,0.8,0.0,8.3,6.7,Sarah's Boutique,Shopping Centers and Areas,0.69,
44777877,,0.8,0.0,8.3,6.7,Đất 513m,Things to do,1.1,
44777877,,0.8,0.0,8.3,6.7,Red Sky Cloth Shop,Shopping Centers and Areas,1.1,
44777877,,0.8,0.0,8.3,6.7,Aum Yoga Vietnam,Fitness and Yoga Centers,1.15,
2090182,,0.0,0.0,7.6,8.9,Tay Do Cloth Shop,Shopping Centers and Areas,0.32,
2090182,,0.0,0.0,7.6,8.9,79 Tony,Shopping Centers and Areas,0.39,
2090182,,0.0,0.0,7.6,8.9,Quây Thuôc 206,Hospitals and Medical Facilities,0.45,
2090182,,0.0,0.0,7.6,8.9,Market,Supermarkets,0.47,
2090182,,0.0,0.0,7.6,8.9,Cao Dai Pagoda,Monuments and Landmarks,0.57,
2090182,,0.0,0.0,7.6,8.9,Bùng bình tam giác,"Mountains, Hills and Caves",0.73,
2090182,,0.0,0.0,7.6,8.9,Bach Duong,Shopping Centers and Areas,0.78,
2090182,,0.0,0.0,7.6,8.9,huy hoang 2,Hospitals and Medical Facilities,0.79,
2090182,,0.0,0.0,7.6,8.9,Khoi Custom Tailor,Shopping Centers and Areas,0.8,
2090182,,0.0,0.0,7.6,8.9,Song Hoai Square,"Botanical Gardens, and Public Parks",0.8,
91933144,0.77,2.21,,,,Gạo lứt Cẩm Thanh,Supermarkets,0.38,
91933144,0.77,2.21,,,,Thu Thuy,Shopping Centers and Areas,0.52,
91933144,0.77,2.21,,,,Duc Minh Tailor,Shopping Centers and Areas,0.56,
91933144,0.77,2.21,,,,Charm Charm Tailor,Shopping Centers and Areas,0.67,
91933144,0.77,2.21,,,,Bao ni,Shopping Centers and Areas,0.68,
91933144,0.77,2.21,,,,Cam Thanh Com. house Playground,"Botanical Gardens, and Public Parks",0.74,
91933144,0.77,2.21,,,,Cua Dai Beach,Beaches,0.77,
91933144,0.77,2.21,,,,Yakim Costume Tailor,Shopping Centers and Areas,0.8,
91933144,0.77,2.21,,,,Pharmacy,Hospitals and Medical Facilities,1.04,
91933144,0.77,2.21,,,,Tohe Style,Shopping Centers and Areas,1.1,
79118577,,0.0,,,,Bridge,Things to do,0.09,
79118577,,0.0,,,,Hoi An Cocoon Silk,Shopping Centers and Areas,0.13,
79118577,,0.0,,,,Sân bóng nhân tạo,"Botanical Gardens, and Public Parks",0.16,
79118577,,0.0,,,,Song Hoai Square,"Botanical Gardens, and Public Parks",0.16,
79118577,,0.0,,,,Công Viên Vườn Tượng,"Botanical Gardens, and Public Parks",0.26,
79118577,,0.0,,,,Vinh Hung Riverside Resort Spa,Spas and Onsens,0.27,
79118577,,0.0,,,,Cam Pho Temple,Places of Worship,0.29,
79118577,,0.0,,,,Bach Duong,Shopping Centers and Areas,0.3,
79118577,,0.0,,,,huy hoang 2,Hospitals and Medical Facilities,0.31,
79118577,,0.0,,,,Art Galleries,Shops,0.31,
568331,,,0.0,8.1,6.7,An Bang Beach,Beaches,0.16,
568331,,,0.0,8.1,6.7,Pharmacie,Hospitals and Medical Facilities,0.18,
568331,,,0.0,8.1,6.7,Moyo Beach Club,Things to do,1.15,
568331,,,0.0,8.1,6.7,Tra Que Minty Garden,"Botanical Gardens, and Public Parks",1.31,
568331,,,0.0,8.1,6.7,Tra Que Vegetable Village,Monuments and Landmarks,1.37,
568331,,,0.0,8.1,6.7,Cua Dai Beach,Beaches,1.78,
568331,,,0.0,8.1,6.7,Ha My Beach,Beaches,1.85,
568331,,,0.0,8.1,6.7,Jack's Cat Cafe,Natural Parks and Forests,2.47,
568331,,,0.0,8.1,6.7,Yakim Costume Tailor,Shopping Centers and Areas,2.54,
568331,,,0.0,8.1,6.7,Phuoc Lam Pagoda,Places of Worship,2.68,
74626874,,0.0,,,,Dental Clinic,Hospitals and Medical Facilities,0.13,
74626874,,0.0,,,,Hoi An Cathedral,Places of Worship,0.14,
74626874,,0.0,,,,Kim Nhung Silk,Shopping Centers and Areas,0.16,
74626874,,0.0,,,,Hoi An Museum,Museums and Art Galleries,0.17,
74626874,,0.0,,,,Vi Khoa Clothes Shop,Shopping Centers and Areas,0.19,
74626874,,0.0,,,,Thuong Cloth Shop,Shopping Centers and Areas,0.2,
74626874,,0.0,,,,Ha Na Cloth Shop & Tailor,Shopping Centers and Areas,0.2,
74626874,,0.0,,,,Trang Cloth Shop,Shopping Centers and Areas,0.2,
74626874,,0.0,,,,New Stars Shoe Shop,Shopping Centers and Areas,0.21,
74626874,,0.0,,,,Tina Design,Shopping Centers and Areas,0.21,
1070265,,0.66,0.0,8.0,10.0,Khu văn hóa thể thao phường Tân An,"Botanical Gardens, and Public Parks",0.18,
1070265,,0.66,0.0,8.0,10.0,Hoi An Silk Village,Shopping Centers and Areas,0.25,
1070265,,0.66,0.0,8.0,10.0,Arthouse Vietnam Gallery,Museums and Art Galleries,0.33,
1070265,,0.66,0.0,8.0,10.0,Nguyen Tat Thanh Bus Station,"Train, Metro and Bus Stations",0.34,
1070265,,0.66,0.0,8.0,10.0,Chuc Thanh Pagoda,Places of Worship,0.71,
1070265,,0.66,0.0,8.0,10.0,Tượng Đài Nguyễn Duy Hiệu,"Botanical Gardens, and Public Parks",0.72,
1070265,,0.66,0.0,8.0,10.0,Supermarché,Supermarkets,0.82,
1070265,,0.66,0.0,8.0,10.0,Jack's Cat Cafe,Natural Parks and Forests,0.88,
1070265,,0.66,0.0,8.0,10.0,To To Boutique,Shopping Centers and Areas,0.88,
1070265,,0.66,0.0,8.0,10.0,Nhu Mai Fashion,Shopping Centers and Areas,0.9,
50513384,,0.0,0.0,10.0,6.7,Bingboong cloth shop,Shopping Centers and Areas,0.02,
50513384,,0.0,0.0,10.0,6.7,Yen Dung Tailors,Shopping Centers and Areas,0.02,
50513384,,0.0,0.0,10.0,6.7,Hoi An Spa - Na Spa & Beauty,Spas and Onsens,0.05,
50513384,,0.0,0.0,10.0,6.7,Red Sky Cloth Shop,Shopping Centers and Areas,0.06,
50513384,,0.0,0.0,10.0,6.7,Ngan Chau Jeans,Shopping Centers and Areas,0.18,
50513384,,0.0,0.0,10.0,6.7,Aum Yoga Vietnam,Fitness and Yoga Centers,0.19,
50513384,,0.0,0.0,10.0,6.7,Minh Chau Shoes Shop,Shopping Centers and Areas,0.21,
50513384,,0.0,0.0,10.0,6.7,La Vang,Shopping Centers and Areas,0.27,
50513384,,0.0,0.0,10.0,6.7,Shoes Shop 345,Shopping Centers and Areas,0.28,
50513384,,0.0,0.0,10.0,6.7,Smile Hoi An Tailor,Shopping Centers and Areas,0.29,
39553445,,0.0,0.0,4.8,6.7,Song Hoai Square,"Botanical Gardens, and Public Parks",0.07,
39553445,,0.0,0.0,4.8,6.7,Bridge,Things to do,0.11,
39553445,,0.0,0.0,4.8,6.7,Bach Duong,Shopping Centers and Areas,0.17,
39553445,,0.0,0.0,4.8,6.7,huy hoang 2,Hospitals and Medical Facilities,0.18,
39553445,,0.0,0.0,4.8,6.7,Bùng bình tam giác,"Mountains, Hills and Caves",0.19,
39553445,,0.0,0.0,4.8,6.7,Khoi Custom Tailor,Shopping Centers and Areas,0.2,
39553445,,0.0,0.0,4.8,6.7,Hoi An Cocoon Silk,Shopping Centers and Areas,0.2,
39553445,,0.0,0.0,4.8,6.7,Byfas Premium Tailoring,Shopping Centers and Areas,0.22,
39553445,,0.0,0.0,4.8,6.7,Cam Pho Temple,Places of Worship,0.22,
39553445,,0.0,0.0,4.8,6.7,Cao Dai Pagoda,Monuments and Landmarks,0.25,
14498722,,0.79,0.0,7.2,8.8,Chuc Thanh Pagoda,Places of Worship,0.24,
14498722,,0.79,0.0,7.2,8.8,Sunshine Hotel Swimmong Pool,Sport Centers and Swimming Pools,0.25,
14498722,,0.79,0.0,7.2,8.8,Jack's Cat Cafe,Natural Parks and Forests,0.38,
14498722,,0.79,0.0,7.2,8.8,Superfit,Fitness and Yoga Centers,0.47,
14498722,,0.79,0.0,7.2,8.8,Tiger Markets,Supermarkets,0.68,
14498722,,0.79,0.0,7.2,8.8,Hoang Dung Martial Arts Club,Entertainment,0.68,
14498722,,0.79,0.0,7.2,8.8,Quan Kong Temple,Places of Worship,0.7,
14498722,,0.79,0.0,7.2,8.8,Pacific Hospital,Hospitals and Medical Facilities,0.71,
14498722,,0.79,0.0,7.2,8.8,Tượng Đài Nguyễn Duy Hiệu,"Botanical Gardens, and Public Parks",0.72,
14498722,,0.79,0.0,7.2,8.8,9 Mart,Supermarkets,0.8,
77187803,,0.44,,,,Aum Yoga Vietnam,Fitness and Yoga Centers,0.53,
77187803,,0.44,,,,Ngan Chau Jeans,Shopping Centers and Areas,0.54,
77187803,,0.44,,,,Cam Nam Island,Islands,0.66,
77187803,,0.44,,,,Hoi An Spa - Na Spa & Beauty,Spas and Onsens,0.66,
77187803,,0.44,,,,Red Sky Cloth Shop,Shopping Centers and Areas,0.67,
77187803,,0.44,,,,Shoes Shop 345,Shopping Centers and Areas,0.67,
77187803,,0.44,,,,Sarah's Boutique,Shopping Centers and Areas,0.69,
77187803,,0.44,,,,Bingboong cloth shop,Shopping Centers and Areas,0.71,
77187803,,0.44,,,,Viet Hue,Shopping Centers and Areas,0.71,
77187803,,0.44,,,,Yen Dung Tailors,Shopping Centers and Areas,0.72,
56224814,,0.69,0.0,6.1,7.2,Superfit,Fitness and Yoga Centers,0.42,
56224814,,0.69,0.0,6.1,7.2,Tram Shoes and Handbags,Shopping Centers and Areas,0.54,
56224814,,0.69,0.0,6.1,7.2,Cloth Shop No Forty One,Shopping Centers and Areas,0.56,
56224814,,0.69,0.0,6.1,7.2,De Lantana,Shopping Centers and Areas,0.57,
56224814,,0.69,0.0,6.1,7.2,Sunshine Hotel Swimmong Pool,Sport Centers and Swimming Pools,0.59,
56224814,,0.69,0.0,6.1,7.2,Hoang Dung Martial Arts Club,Entertainment,0.6,
56224814,,0.69,0.0,6.1,7.2,Quan Kong Temple,Places of Worship,0.66,
56224814,,0.69,0.0,6.1,7.2,Tiger Markets,Supermarkets,0.68,
56224814,,0.69,0.0,6.1,7.2,Pharmacy 209,Hospitals and Medical Facilities,0.7,
56224814,,0.69,0.0,6.1,7.2,Hoi An Cathedral,Places of Worship,0.83,
1985131,,0.0,0.0,8.0,8.2,Bridge,Things to do,0.26,
1985131,,0.0,0.0,8.0,8.2,Song Hoai Square,"Botanical Gardens, and Public Parks",0.28,
1985131,,0.0,0.0,8.0,8.2,Hoi An Cocoon Silk,Shopping Centers and Areas,0.32,
1985131,,0.0,0.0,8.0,8.2,Sân bóng nhân tạo,"Botanical Gardens, and Public Parks",0.32,
1985131,,0.0,0.0,8.0,8.2,Cao Dai Pagoda,Monuments and Landmarks,0.33,
1985131,,0.0,0.0,8.0,8.2,Quây Thuôc 206,Hospitals and Medical Facilities,0.34,
1985131,,0.0,0.0,8.0,8.2,Market,Supermarkets,0.34,
1985131,,0.0,0.0,8.0,8.2,79 Tony,Shopping Centers and Areas,0.36,
1985131,,0.0,0.0,8.0,8.2,Bùng bình tam giác,"Mountains, Hills and Caves",0.37,
1985131,,0.0,0.0,8.0,8.2,Bach Duong,Shopping Centers and Areas,0.37,
79080981,,0.0,,,,Tay Do Cloth Shop,Shopping Centers and Areas,0.02,
79080981,,0.0,,,,79 Tony,Shopping Centers and Areas,0.09,
79080981,,0.0,,,,Quây Thuôc 206,Hospitals and Medical Facilities,0.15,
79080981,,0.0,,,,Market,Supermarkets,0.17,
79080981,,0.0,,,,Cao Dai Pagoda,Monuments and Landmarks,0.27,
79080981,,0.0,,,,Bùng bình tam giác,"Mountains, Hills and Caves",0.43,
79080981,,0.0,,,,Bach Duong,Shopping Centers and Areas,0.48,
79080981,,0.0,,,,huy hoang 2,Hospitals and Medical Facilities,0.49,
79080981,,0.0,,,,Khoi Custom Tailor,Shopping Centers and Areas,0.5,
79080981,,0.0,,,,Nhà thuốc Anh Đức (Pharmacy),Hospitals and Medical Facilities,0.5,
65269016,,0.0,,,,Bi Hanh,Shopping Centers and Areas,0.02,
65269016,,0.0,,,,Min Thu Bespoke Leather Bags & Shoes,Shopping Centers and Areas,0.04,
65269016,,0.0,,,,Nhat Vy,Shopping Centers and Areas,0.06,
65269016,,0.0,,,,Hoi An Tailor - Nu Ni,Shopping Centers and Areas,0.07,
65269016,,0.0,,,,Thanh Van Cloth Shop,Shopping Centers and Areas,0.07,
65269016,,0.0,,,,Binh Thuan Pharmacy,Hospitals and Medical Facilities,0.1,
65269016,,0.0,,,,724 Tailors,Shopping Centers and Areas,0.14,
65269016,,0.0,,,,Moon Milk supermarket,Supermarkets,0.15,
65269016,,0.0,,,,Thuan Thien,Shopping Centers and Areas,0.16,
65269016,,0.0,,,,An Nam Shoes Shop,Shopping Centers and Areas,0.16,
75864419,,0.0,,,,Dental Clinic,Hospitals and Medical Facilities,0.07,
75864419,,0.0,,,,Ancient House,Monuments and Landmarks,0.1,
75864419,,0.0,,,,Vui Ve,Shopping Centers and Areas,0.14,
75864419,,0.0,,,,Chic Couture,Shopping Centers and Areas,0.15,
75864419,,0.0,,,,Dong Duong Indochhine,Shopping Centers and Areas,0.15,
75864419,,0.0,,,,Cloth Shop Lucky Number,Shopping Centers and Areas,0.15,
75864419,,0.0,,,,Yellow Sun Custom Tailor,Shopping Centers and Areas,0.16,
75864419,,0.0,,,,Shoe shop 702,Shopping Centers and Areas,0.16,
75864419,,0.0,,,,Rubin Cloth Shop,Shopping Centers and Areas,0.19,
75864419,,0.0,,,,9 Mart,Supermarkets,0.2,
35957889,,1.27,0.0,8.3,6.7,Pharmacy,Hospitals and Medical Facilities,0.12,
35957889,,1.27,0.0,8.3,6.7,Tohe Style,Shopping Centers and Areas,0.18,
35957889,,1.27,0.0,8.3,6.7,Bao Tin Shoes Shop,Shopping Centers and Areas,0.31,
35957889,,1.27,0.0,8.3,6.7,food marketplace,Supermarkets,0.75,
35957889,,1.27,0.0,8.3,6.7,Thuan Tinh Island,Islands,0.75,
35957889,,1.27,0.0,8.3,6.7,Gạo lứt Cẩm Thanh,Supermarkets,0.9,
35957889,,1.27,0.0,8.3,6.7,Cam Thanh Com. house Playground,"Botanical Gardens, and Public Parks",1.11,
35957889,,1.27,0.0,8.3,6.7,Viet Hue,Shopping Centers and Areas,1.16,
35957889,,1.27,0.0,8.3,6.7,Sarah's Boutique,Shopping Centers and Areas,1.2,
35957889,,1.27,0.0,8.3,6.7,Yakim Costume Tailor,Shopping Centers and Areas,1.27,
87071376,,0.13,,,,Pharmacy 209,Hospitals and Medical Facilities,0.1,
87071376,,0.13,,,,Cloth Shop No Forty One,Shopping Centers and Areas,0.17,
87071376,,0.13,,,,Tram Shoes and Handbags,Shopping Centers and Areas,0.17,
87071376,,0.13,,,,De Lantana,Shopping Centers and Areas,0.18,
87071376,,0.13,,,,Bi79 shoe shop,Shopping Centers and Areas,0.31,
87071376,,0.13,,,,Bac Viet Quality Jewelry,Shopping Centers and Areas,0.31,
87071376,,0.13,,,,Benh Vien Da Khoa Hoi An,Hospitals and Medical Facilities,0.32,
87071376,,0.13,,,,House of Lan Vo,Shopping Centers and Areas,0.35,
87071376,,0.13,,,,Be Be Shoe Shop GHoi An,Shopping Centers and Areas,0.36,
87071376,,0.13,,,,Hoi An Hospital,Hospitals and Medical Facilities,0.36,
1803429,0.22,2.61,0.0,7.2,6.7,Cua Dai Beach,Beaches,0.22,
1803429,0.22,2.61,0.0,7.2,6.7,Duc Minh Tailor,Shopping Centers and Areas,0.33,
1803429,0.22,2.61,0.0,7.2,6.7,Yakim Costume Tailor,Shopping Centers and Areas,0.34,
1803429,0.22,2.61,0.0,7.2,6.7,Thu Thuy,Shopping Centers and Areas,0.4,
1803429,0.22,2.61,0.0,7.2,6.7,Charm Charm Tailor,Shopping Centers and Areas,0.45,
1803429,0.22,2.61,0.0,7.2,6.7,Bao ni,Shopping Centers and Areas,0.48,
1803429,0.22,2.61,0.0,7.2,6.7,Gạo lứt Cẩm Thanh,Supermarkets,1.01,
1803429,0.22,2.61,0.0,7.2,6.7,Cam Thanh Com. house Playground,"Botanical Gardens, and Public Parks",1.35,
1803429,0.22,2.61,0.0,7.2,6.7,Pharmacy,Hospitals and Medical Facilities,1.48,
1803429,0.22,2.61,0.0,7.2,6.7,Tohe Style,Shopping Centers and Areas,1.53,
16296813,,0.0,0.0,8.3,8.5,Song Hoai Square,"Botanical Gardens, and Public Parks",0.18,
16296813,,0.0,0.0,8.3,8.5,Cao Dai Pagoda,Monuments and Landmarks,0.21,
16296813,,0.0,0.0,8.3,8.5,Bridge,Things to do,0.21,
16296813,,0.0,0.0,8.3,8.5,Bùng bình tam giác,"Mountains, Hills and Caves",0.23,
16296813,,0.0,0.0,8.3,8.5,Bach Duong,Shopping Centers and Areas,0.24,
16296813,,0.0,0.0,8.3,8.5,Market,Supermarkets,0.25,
16296813,,0.0,0.0,8.3,8.5,huy hoang 2,Hospitals and Medical Facilities,0.25,
16296813,,0.0,0.0,8.3,8.5,Quây Thuôc 206,Hospitals and Medical Facilities,0.25,
16296813,,0.0,0.0,8.3,8.5,Khoi Custom Tailor,Shopping Centers and Areas,0.26,
16296813,,0.0,0.0,8.3,8.5,79 Tony,Shopping Centers and Areas,0.29,
66371126,0.69,2.32,,,,Gạo lứt Cẩm Thanh,Supermarkets,0.39,
66371126,0.69,2.32,,,,Thu Thuy,Shopping Centers and Areas,0.47,
66371126,0.69,2.32,,,,Duc Minh Tailor,Shopping Centers and Areas,0.52,
66371126,0.69,2.32,,,,Charm Charm Tailor,Shopping Centers and Areas,0.62,
66371126,0.69,2.32,,,,Bao ni,Shopping Centers and Areas,0.64,
66371126,0.69,2.32,,,,Cua Dai Beach,Beaches,0.69,
66371126,0.69,2.32,,,,Cam Thanh Com. house Playground,"Botanical Gardens, and Public Parks",0.74,
66371126,0.69,2.32,,,,Yakim Costume Tailor,Shopping Centers and Areas,0.8,
66371126,0.69,2.32,,,,Pharmacy,Hospitals and Medical Facilities,1.09,
66371126,0.69,2.32,,,,Tohe Style,Shopping Centers and Areas,1.15,
89178269,0.2,2.8,,,,Charm Charm Tailor,Shopping Centers and Areas,0.09,
89178269,0.2,2.8,,,,Thu Thuy,Shopping Centers and Areas,0.09,
89178269,0.2,2.8,,,,Bao ni,Shopping Centers and Areas,0.1,
89178269,0.2,2.8,,,,Duc Minh Tailor,Shopping Centers and Areas,0.14,
89178269,0.2,2.8,,,,Cua Dai Beach,Beaches,0.2,
89178269,0.2,2.8,,,,Yakim Costume Tailor,Shopping Centers and Areas,0.81,
89178269,0.2,2.8,,,,Gạo lứt Cẩm Thanh,Supermarkets,0.85,
89178269,0.2,2.8,,,,Cam Thanh Com. house Playground,"Botanical Gardens, and Public Parks",1.11,
89178269,0.2,2.8,,,,Alibaba Tailor,Shopping Centers and Areas,1.58,
89178269,0.2,2.8,,,,Pharmacy,Hospitals and Medical Facilities,1.62,
16375525,,,0.0,4.2,6.7,Golf,Golf Courses,1.29,
16375525,,,0.0,4.2,6.7,Fishmarket Dit Hai,Supermarkets,4.39,
16375525,,,0.0,4.2,6.7,VinWonders Nam Hội An,"Amusement, Theme parks, and Water parks",4.98,
16375525,,,0.0,4.2,6.7,Water Coconut Palms forest,Things to do,5.53,
16375525,,,0.0,4.2,6.7,Tram Y Te Xa Cam Thanh,Hospitals and Medical Facilities,6.8,
16375525,,,0.0,4.2,6.7,Red Bridge Cooking School,"Colleges, Universities, and Educational institutions",6.83,
16375525,,,0.0,4.2,6.7,Thuan Tinh Island Cooking,Things to do,7.01,
16375525,,,0.0,4.2,6.7,Alibaba Tailor,Shopping Centers and Areas,7.11,
16375525,,,0.0,4.2,6.7,Đất 513m,Things to do,7.35,
16375525,,,0.0,4.2,6.7,Cam Nam Island,Islands,7.49,
3007182,,0.0,,,,Bridge,Things to do,0.25,
3007182,,0.0,,,,Song Hoai Square,"Botanical Gardens, and Public Parks",0.26,
3007182,,0.0,,,,Hoi An Cocoon Silk,Shopping Centers and Areas,0.31,
3007182,,0.0,,,,Sân bóng nhân tạo,"Botanical Gardens, and Public Parks",0.32,
3007182,,0.0,,,,Cao Dai Pagoda,Monuments and Landmarks,0.32,
3007182,,0.0,,,,Quây Thuôc 206,Hospitals and Medical Facilities,0.33,
3007182,,0.0,,,,Market,Supermarkets,0.33,
3007182,,0.0,,,,Bùng bình tam giác,"Mountains, Hills and Caves",0.35,
3007182,,0.0,,,,Bach Duong,Shopping Centers and Areas,0.35,
3007182,,0.0,,,,79 Tony,Shopping Centers and Areas,0.36,
84897663,,0.84,,,,Supermarché,Supermarkets,0.27,
84897663,,0.84,,,,Arthouse Vietnam Gallery,Museums and Art Galleries,0.31,
84897663,,0.84,,,,Khu văn hóa thể thao phường Tân An,"Botanical Gardens, and Public Parks",0.48,
84897663,,0.84,,,,Hoi An Silk Village,Shopping Centers and Areas,0.51,
84897663,,0.84,,,,Nguyen Tat Thanh Bus Station,"Train, Metro and Bus Stations",0.75,
84897663,,0.84,,,,Phuoc Lam Pagoda,Places of Worship,1.18,
84897663,,0.84,,,,Tượng Đài Nguyễn Duy Hiệu,"Botanical Gardens, and Public Parks",1.23,
84897663,,0.84,,,,Tay Do Cloth Shop,Shopping Centers and Areas,1.23,
84897663,,0.84,,,,79 Tony,Shopping Centers and Areas,1.28,
84897663,,0.84,,,,Chuc Thanh Pagoda,Places of Worship,1.29,
39012886,,0.4,0.0,7.0,6.7,VinMart+,Supermarkets,0.14,
39012886,,0.4,0.0,7.0,6.7,Thanh Thuy Cloth Shop,Shopping Centers and Areas,0.41,
39012886,,0.4,0.0,7.0,6.7,Tan Loc Shoes Shop,Shopping Centers and Areas,0.43,
39012886,,0.4,0.0,7.0,6.7,Tam Kim Souvenir Shop,Shopping Centers and Areas,0.45,
39012886,,0.4,0.0,7.0,6.7,Ceramics Shops,Shops,0.47,
39012886,,0.4,0.0,7.0,6.7,Huy Ha Shoe Shop,Shopping Centers and Areas,0.47,
39012886,,0.4,0.0,7.0,6.7,Tu-Chi Bags,Shopping Centers and Areas,0.48,
39012886,,0.4,0.0,7.0,6.7,Lam Phat Leather,Shopping Centers and Areas,0.48,
39012886,,0.4,0.0,7.0,6.7,Ly Ly Art Gallery,Museums and Art Galleries,0.48,
39012886,,0.4,0.0,7.0,6.7,Nguyenhoa shoeshop,Shopping Centers and Areas,0.48,
63917222,,0.0,,,,Nhu Mai Fashion,Shopping Centers and Areas,0.01,
63917222,,0.0,,,,To To Boutique,Shopping Centers and Areas,0.03,
63917222,,0.0,,,,Rubin Cloth Shop,Shopping Centers and Areas,0.17,
63917222,,0.0,,,,Cloth Shop Lucky Number,Shopping Centers and Areas,0.21,
63917222,,0.0,,,,Dong Duong Indochhine,Shopping Centers and Areas,0.22,
63917222,,0.0,,,,Ancient House,Monuments and Landmarks,0.22,
63917222,,0.0,,,,Chic Couture,Shopping Centers and Areas,0.23,
63917222,,0.0,,,,Min Thu Bespoke Leather Bags & Shoes,Shopping Centers and Areas,0.26,
63917222,,0.0,,,,Shoe shop 702,Shopping Centers and Areas,0.27,
63917222,,0.0,,,,Bi Hanh,Shopping Centers and Areas,0.27,
46749251,,0.0,0.0,9.7,9.4,Rubin Cloth Shop,Shopping Centers and Areas,0.05,
46749251,,0.0,0.0,9.7,9.4,Ancient House,Monuments and Landmarks,0.06,
46749251,,0.0,0.0,9.7,9.4,Cloth Shop Lucky Number,Shopping Centers and Areas,0.07,
46749251,,0.0,0.0,9.7,9.4,Dong Duong Indochhine,Shopping Centers and Areas,0.08,
46749251,,0.0,0.0,9.7,9.4,Chic Couture,Shopping Centers and Areas,0.08,
46749251,,0.0,0.0,9.7,9.4,Shoe shop 702,Shopping Centers and Areas,0.13,
46749251,,0.0,0.0,9.7,9.4,Vui Ve,Shopping Centers and Areas,0.14,
46749251,,0.0,0.0,9.7,9.4,Yellow Sun Custom Tailor,Shopping Centers and Areas,0.15,
46749251,,0.0,0.0,9.7,9.4,Nhu Mai Fashion,Shopping Centers and Areas,0.17,
46749251,,0.0,0.0,9.7,9.4,To To Boutique,Shopping Centers and Areas,0.17,
88966251,,0.0,,,,Gia Hung,Shopping Centers and Areas,0.05,
88966251,,0.0,,,,Moon Milk supermarket,Supermarkets,0.05,
88966251,,0.0,,,,Yellow Sun Custom Tailor,Shopping Centers and Areas,0.06,
88966251,,0.0,,,,A Dong Silk Tailors,Shopping Centers and Areas,0.06,
88966251,,0.0,,,,Thuan Thien,Shopping Centers and Areas,0.07,
88966251,,0.0,,,,Vui Ve,Shopping Centers and Areas,0.07,
88966251,,0.0,,,,Kimmy Custom Tailor,Shopping Centers and Areas,0.07,
88966251,,0.0,,,,Sesan Tailor,Shopping Centers and Areas,0.07,
88966251,,0.0,,,,724 Tailors,Shopping Centers and Areas,0.08,
88966251,,0.0,,,,Shoe shop 702,Shopping Centers and Areas,0.08,
52499134,,0.0,0.0,9.8,9.1,Chic Couture,Shopping Centers and Areas,0.04,
52499134,,0.0,0.0,9.8,9.1,Dong Duong Indochhine,Shopping Centers and Areas,0.04,
52499134,,0.0,0.0,9.8,9.1,Shoe shop 702,Shopping Centers and Areas,0.04,
52499134,,0.0,0.0,9.8,9.1,Cloth Shop Lucky Number,Shopping Centers and Areas,0.04,
52499134,,0.0,0.0,9.8,9.1,Yellow Sun Custom Tailor,Shopping Centers and Areas,0.06,
52499134,,0.0,0.0,9.8,9.1,Rubin Cloth Shop,Shopping Centers and Areas,0.07,
52499134,,0.0,0.0,9.8,9.1,Vui Ve,Shopping Centers and Areas,0.07,
52499134,,0.0,0.0,9.8,9.1,Moon Milk supermarket,Supermarkets,0.09,
52499134,,0.0,0.0,9.8,9.1,Gia Hung,Shopping Centers and Areas,0.11,
52499134,,0.0,0.0,9.8,9.1,Ancient House,Monuments and Landmarks,0.11,
7023976,,1.2,0.0,4.7,6.7,Cam Nam Island,Islands,0.21,
7023976,,1.2,0.0,4.7,6.7,Đất 513m,Things to do,1.08,
7023976,,1.2,0.0,4.7,6.7,Red Bridge Cooking School,"Colleges, Universities, and Educational institutions",1.16,
7023976,,1.2,0.0,4.7,6.7,Aum Yoga Vietnam,Fitness and Yoga Centers,1.37,
7023976,,1.2,0.0,4.7,6.7,Ngan Chau Jeans,Shopping Centers and Areas,1.37,
7023976,,1.2,0.0,4.7,6.7,Shoes Shop 345,Shopping Centers and Areas,1.46,
7023976,,1.2,0.0,4.7,6.7,Sarah's Boutique,Shopping Centers and Areas,1.48,
7023976,,1.2,0.0,4.7,6.7,Viet Hue,Shopping Centers and Areas,1.49,
7023976,,1.2,0.0,4.7,6.7,Hoi An Spa - Na Spa & Beauty,Spas and Onsens,1.5,
7023976,,1.2,0.0,4.7,6.7,Red Sky Cloth Shop,Shopping Centers and Areas,1.51,
45941857,,0.0,0.0,9.1,6.7,Shoes Shop 345,Shopping Centers and Areas,0.14,
45941857,,0.0,0.0,9.1,6.7,Tan Tan Personal Tailoring,Shopping Centers and Areas,0.24,
45941857,,0.0,0.0,9.1,6.7,Tony The Tailor,Shopping Centers and Areas,0.27,
45941857,,0.0,0.0,9.1,6.7,Fai foo tattoo,Hospitals and Medical Facilities,0.29,
45941857,,0.0,0.0,9.1,6.7,Thang Shoes Shop,Shopping Centers and Areas,0.3,
45941857,,0.0,0.0,9.1,6.7,Smile Hoi An Tailor,Shopping Centers and Areas,0.3,
45941857,,0.0,0.0,9.1,6.7,La Vang,Shopping Centers and Areas,0.3,
45941857,,0.0,0.0,9.1,6.7,Minh Chau Shoes Shop,Shopping Centers and Areas,0.3,
45941857,,0.0,0.0,9.1,6.7,Hoi An Weights Gym,Fitness and Yoga Centers,0.3,
45941857,,0.0,0.0,9.1,6.7,Toan's Cloth Shop,Shopping Centers and Areas,0.31,
6207508,,,0.0,4.3,6.7,An Bang Beach,Beaches,0.52,
6207508,,,0.0,4.3,6.7,Ha My Beach,Beaches,0.78,
6207508,,,0.0,4.3,6.7,Pharmacie,Hospitals and Medical Facilities,1.01,
6207508,,,0.0,4.3,6.7,Tra Que Minty Garden,"Botanical Gardens, and Public Parks",2.12,
6207508,,,0.0,4.3,6.7,Tra Que Vegetable Village,Monuments and Landmarks,2.19,
6207508,,,0.0,4.3,6.7,Moyo Beach Club,Things to do,2.24,
6207508,,,0.0,4.3,6.7,Phuoc Lam Pagoda,Places of Worship,2.5,
6207508,,,0.0,4.3,6.7,Jack's Cat Cafe,Natural Parks and Forests,2.81,
6207508,,,0.0,4.3,6.7,Cua Dai Beach,Beaches,2.84,
6207508,,,0.0,4.3,6.7,Sunshine Hotel Swimmong Pool,Sport Centers and Swimming Pools,3.32,
87880062,,0.0,,,,Bridge,Things to do,0.23,
87880062,,0.0,,,,Song Hoai Square,"Botanical Gardens, and Public Parks",0.24,
87880062,,0.0,,,,Cao Dai Pagoda,Monuments and Landmarks,0.29,
87880062,,0.0,,,,Hoi An Cocoon Silk,Shopping Centers and Areas,0.3,
87880062,,0.0,,,,Quây Thuôc 206,Hospitals and Medical Facilities,0.31,
87880062,,0.0,,,,Market,Supermarkets,0.31,
87880062,,0.0,,,,Bùng bình tam giác,"Mountains, Hills and Caves",0.32,
87880062,,0.0,,,,Bach Duong,Shopping Centers and Areas,0.32,
87880062,,0.0,,,,Sân bóng nhân tạo,"Botanical Gardens, and Public Parks",0.33,
87880062,,0.0,,,,huy hoang 2,Hospitals and Medical Facilities,0.33,
72420229,,0.0,,,,To To Boutique,Shopping Centers and Areas,0.04,
72420229,,0.0,,,,Nhu Mai Fashion,Shopping Centers and Areas,0.06,
72420229,,0.0,,,,Rubin Cloth Shop,Shopping Centers and Areas,0.22,
72420229,,0.0,,,,Ancient House,Monuments and Landmarks,0.26,
72420229,,0.0,,,,Cloth Shop Lucky Number,Shopping Centers and Areas,0.26,
72420229,,0.0,,,,Dong Duong Indochhine,Shopping Centers and Areas,0.27,
72420229,,0.0,,,,Tượng Đài Nguyễn Duy Hiệu,"Botanical Gardens, and Public Parks",0.27,
72420229,,0.0,,,,Chic Couture,Shopping Centers and Areas,0.28,
72420229,,0.0,,,,9 Mart,Supermarkets,0.29,
72420229,,0.0,,,,Shoe shop 702,Shopping Centers and Areas,0.32,
33923863,0.22,,0.0,7.0,6.7,Pharmacie,Hospitals and Medical Facilities,0.14,
33923863,0.22,,0.0,7.0,6.7,An Bang Beach,Beaches,0.22,
33923863,0.22,,0.0,7.0,6.7,Moyo Beach Club,Things to do,1.36,
33923863,0.22,,0.0,7.0,6.7,Tra Que Minty Garden,"Botanical Gardens, and Public Parks",1.38,
33923863,0.22,,0.0,7.0,6.7,Tra Que Vegetable Village,Monuments and Landmarks,1.45,
33923863,0.22,,0.0,7.0,6.7,Ha My Beach,Beaches,1.64,
33923863,0.22,,0.0,7.0,6.7,Cua Dai Beach,Beaches,2.0,
33923863,0.22,,0.0,7.0,6.7,Jack's Cat Cafe,Natural Parks and Forests,2.44,
33923863,0.22,,0.0,7.0,6.7,Phuoc Lam Pagoda,Places of Worship,2.56,
33923863,0.22,,0.0,7.0,6.7,Yakim Costume Tailor,Shopping Centers and Areas,2.74,
31037064,,0.8,0.0,6.8,6.7,Thuan Tinh Island,Islands,0.07,
31037064,,0.8,0.0,6.8,6.7,food marketplace,Supermarkets,0.17,
31037064,,0.8,0.0,6.8,6.7,Bao Tin Shoes Shop,Shopping Centers and Areas,0.44,
31037064,,0.8,0.0,6.8,6.7,Tohe Style,Shopping Centers and Areas,0.58,
31037064,,0.8,0.0,6.8,6.7,Viet Hue,Shopping Centers and Areas,0.58,
31037064,,0.8,0.0,6.8,6.7,Sarah's Boutique,Shopping Centers and Areas,0.62,
31037064,,0.8,0.0,6.8,6.7,Pharmacy,Hospitals and Medical Facilities,0.62,
31037064,,0.8,0.0,6.8,6.7,Đất 513m,Things to do,0.82,
31037064,,0.8,0.0,6.8,6.7,Red Sky Cloth Shop,Shopping Centers and Areas,1.04,
31037064,,0.8,0.0,6.8,6.7,Aum Yoga Vietnam,Fitness and Yoga Centers,1.05,
35133694,,0.0,0.0,8.5,9.2,Dental Clinic,Hospitals and Medical Facilities,0.07,
35133694,,0.0,0.0,8.5,9.2,Vui Ve,Shopping Centers and Areas,0.08,
35133694,,0.0,0.0,8.5,9.2,Yellow Sun Custom Tailor,Shopping Centers and Areas,0.09,
35133694,,0.0,0.0,8.5,9.2,Shoe shop 702,Shopping Centers and Areas,0.11,
35133694,,0.0,0.0,8.5,9.2,Chic Couture,Shopping Centers and Areas,0.12,
35133694,,0.0,0.0,8.5,9.2,Ancient House,Monuments and Landmarks,0.13,
35133694,,0.0,0.0,8.5,9.2,Dong Duong Indochhine,Shopping Centers and Areas,0.13,
35133694,,0.0,0.0,8.5,9.2,Moon Milk supermarket,Supermarkets,0.13,
35133694,,0.0,0.0,8.5,9.2,Cloth Shop Lucky Number,Shopping Centers and Areas,0.14,
35133694,,0.0,0.0,8.5,9.2,Gia Hung,Shopping Centers and Areas,0.14,
32187167,,0.46,0.0,6.4,6.7,VinMart+,Supermarkets,0.32,
32187167,,0.46,0.0,6.4,6.7,Thanh Thuy Cloth Shop,Shopping Centers and Areas,0.49,
32187167,,0.46,0.0,6.4,6.7,Nguyenhoa shoeshop,Shopping Centers and Areas,0.53,
32187167,,0.46,0.0,6.4,6.7,Tran Duong House,Famous Buildings,0.54,
32187167,,0.46,0.0,6.4,6.7,Chic Unique Tailor,Shopping Centers and Areas,0.54,
32187167,,0.46,0.0,6.4,6.7,GM Tailor Hoi An,Shopping Centers and Areas,0.54,
32187167,,0.46,0.0,6.4,6.7,Tan Loc Shoes Shop,Shopping Centers and Areas,0.54,
32187167,,0.46,0.0,6.4,6.7,Pin Pin,Shopping Centers and Areas,0.54,
32187167,,0.46,0.0,6.4,6.7,Rin My Fashion Tailors,Shopping Centers and Areas,0.55,
32187167,,0.46,0.0,6.4,6.7,March Gallery,Museums and Art Galleries,0.55,
38471593,,0.0,0.0,9.5,6.7,Shoes Shop 345,Shopping Centers and Areas,0.16,
38471593,,0.0,0.0,9.5,6.7,Ngan Chau Jeans,Shopping Centers and Areas,0.24,
38471593,,0.0,0.0,9.5,6.7,Aum Yoga Vietnam,Fitness and Yoga Centers,0.25,
38471593,,0.0,0.0,9.5,6.7,Hoi An Spa - Na Spa & Beauty,Spas and Onsens,0.32,
38471593,,0.0,0.0,9.5,6.7,Minh Chau Shoes Shop,Shopping Centers and Areas,0.35,
38471593,,0.0,0.0,9.5,6.7,Bingboong cloth shop,Shopping Centers and Areas,0.35,
38471593,,0.0,0.0,9.5,6.7,Yen Dung Tailors,Shopping Centers and Areas,0.36,
38471593,,0.0,0.0,9.5,6.7,Red Sky Cloth Shop,Shopping Centers and Areas,0.37,
38471593,,0.0,0.0,9.5,6.7,La Vang,Shopping Centers and Areas,0.38,
38471593,,0.0,0.0,9.5,6.7,Smile Hoi An Tailor,Shopping Centers and Areas,0.39,
23386076,,0.0,0.0,9.2,7.5,A MART,Supermarkets,0.02,
23386076,,0.0,0.0,9.2,7.5,Hoàn Mỹ,Hospitals and Medical Facilities,0.07,
23386076,,0.0,0.0,9.2,7.5,Vinh Hung Riverside Resort Spa,Spas and Onsens,0.1,
23386076,,0.0,0.0,9.2,7.5,Vy’s Market Restaurant & Cooking,Things to do,0.1,
23386076,,0.0,0.0,9.2,7.5,Hoi An Night Market,Shopping Centers and Areas,0.14,
23386076,,0.0,0.0,9.2,7.5,Công Viên Vườn Tượng,"Botanical Gardens, and Public Parks",0.18,
23386076,,0.0,0.0,9.2,7.5,Hung Thinh Tailors,Shopping Centers and Areas,0.2,
23386076,,0.0,0.0,9.2,7.5,Hoi An Cocoon Silk,Shopping Centers and Areas,0.2,
23386076,,0.0,0.0,9.2,7.5,Sân bóng nhân tạo,"Botanical Gardens, and Public Parks",0.24,
23386076,,0.0,0.0,9.2,7.5,Hay Hay,Shopping Centers and Areas,0.25,
33907372,,0.0,0.0,9.8,9.6,Nhu Mai Fashion,Shopping Centers and Areas,0.04,
33907372,,0.0,0.0,9.8,9.6,To To Boutique,Shopping Centers and Areas,0.05,
33907372,,0.0,0.0,9.8,9.6,Rubin Cloth Shop,Shopping Centers and Areas,0.14,
33907372,,0.0,0.0,9.8,9.6,Cloth Shop Lucky Number,Shopping Centers and Areas,0.18,
33907372,,0.0,0.0,9.8,9.6,Dong Duong Indochhine,Shopping Centers and Areas,0.19,
33907372,,0.0,0.0,9.8,9.6,Ancient House,Monuments and Landmarks,0.2,
33907372,,0.0,0.0,9.8,9.6,Chic Couture,Shopping Centers and Areas,0.2,
33907372,,0.0,0.0,9.8,9.6,Min Thu Bespoke Leather Bags & Shoes,Shopping Centers and Areas,0.24,
33907372,,0.0,0.0,9.8,9.6,Shoe shop 702,Shopping Centers and Areas,0.24,
33907372,,0.0,0.0,9.8,9.6,Bi Hanh,Shopping Centers and Areas,0.25,
68290800,,0.0,,,,Song Hoai Square,"Botanical Gardens, and Public Parks",0.19,
68290800,,0.0,,,,Bridge,Things to do,0.19,
68290800,,0.0,,,,Cao Dai Pagoda,Monuments and Landmarks,0.25,
68290800,,0.0,,,,Bùng bình tam giác,"Mountains, Hills and Caves",0.27,
68290800,,0.0,,,,Bach Duong,Shopping Centers and Areas,0.27,
68290800,,0.0,,,,Hoi An Cocoon Silk,Shopping Centers and Areas,0.27,
68290800,,0.0,,,,huy hoang 2,Hospitals and Medical Facilities,0.28,
68290800,,0.0,,,,Market,Supermarkets,0.29,
68290800,,0.0,,,,Quây Thuôc 206,Hospitals and Medical Facilities,0.29,
68290800,,0.0,,,,Khoi Custom Tailor,Shopping Centers and Areas,0.3,
12775419,,0.0,0.0,8.8,8.0,Bridge,Things to do,0.14,
12775419,,0.0,0.0,8.8,8.0,Hoi An Cocoon Silk,Shopping Centers and Areas,0.18,
12775419,,0.0,0.0,8.8,8.0,Sân bóng nhân tạo,"Botanical Gardens, and Public Parks",0.18,
12775419,,0.0,0.0,8.8,8.0,Song Hoai Square,"Botanical Gardens, and Public Parks",0.19,
12775419,,0.0,0.0,8.8,8.0,Vinh Hung Riverside Resort Spa,Spas and Onsens,0.31,
12775419,,0.0,0.0,8.8,8.0,Công Viên Vườn Tượng,"Botanical Gardens, and Public Parks",0.32,
12775419,,0.0,0.0,8.8,8.0,Bach Duong,Shopping Centers and Areas,0.33,
12775419,,0.0,0.0,8.8,8.0,huy hoang 2,Hospitals and Medical Facilities,0.33,
12775419,,0.0,0.0,8.8,8.0,Cam Pho Temple,Places of Worship,0.34,
12775419,,0.0,0.0,8.8,8.0,Bùng bình tam giác,"Mountains, Hills and Caves",0.35,
161820,,0.0,0.0,9.6,9.0,Moon Milk supermarket,Supermarkets,0.05,
161820,,0.0,0.0,9.6,9.0,Shoe shop 702,Shopping Centers and Areas,0.05,
161820,,0.0,0.0,9.6,9.0,Binh Thuan Pharmacy,Hospitals and Medical Facilities,0.06,
161820,,0.0,0.0,9.6,9.0,Gia Hung,Shopping Centers and Areas,0.06,
161820,,0.0,0.0,9.6,9.0,Thanh Van Cloth Shop,Shopping Centers and Areas,0.06,
161820,,0.0,0.0,9.6,9.0,724 Tailors,Shopping Centers and Areas,0.06,
161820,,0.0,0.0,9.6,9.0,Yellow Sun Custom Tailor,Shopping Centers and Areas,0.07,
161820,,0.0,0.0,9.6,9.0,Nhat Vy,Shopping Centers and Areas,0.07,
161820,,0.0,0.0,9.6,9.0,Thuan Thien,Shopping Centers and Areas,0.07,
161820,,0.0,0.0,9.6,9.0,Hoi An Tailor - Nu Ni,Shopping Centers and Areas,0.08,
21727448,,0.14,0.0,7.3,6.7,Shoes Shop 345,Shopping Centers and Areas,0.36,
21727448,,0.14,0.0,7.3,6.7,Tan Tan Personal Tailoring,Shopping Centers and Areas,0.37,
21727448,,0.14,0.0,7.3,6.7,Tony The Tailor,Shopping Centers and Areas,0.4,
21727448,,0.14,0.0,7.3,6.7,Be Ny Souvenir Shop,Shopping Centers and Areas,0.4,
21727448,,0.14,0.0,7.3,6.7,Thang Shoes Shop,Shopping Centers and Areas,0.41,
21727448,,0.14,0.0,7.3,6.7,Fai foo tattoo,Hospitals and Medical Facilities,0.41,
21727448,,0.14,0.0,7.3,6.7,Bich Tham Custom Tailor,Shopping Centers and Areas,0.41,
21727448,,0.14,0.0,7.3,6.7,Kim Thy Tailor,Shopping Centers and Areas,0.42,
21727448,,0.14,0.0,7.3,6.7,Le Phuong Taylor Hoi An,Shopping Centers and Areas,0.42,
21727448,,0.14,0.0,7.3,6.7,Sun Cloth Shop,Shopping Centers and Areas,0.43,
294023,,0.01,0.0,8.6,6.7,Sarah's Boutique,Shopping Centers and Areas,0.17,
294023,,0.01,0.0,8.6,6.7,Viet Hue,Shopping Centers and Areas,0.21,
294023,,0.01,0.0,8.6,6.7,Red Sky Cloth Shop,Shopping Centers and Areas,0.27,
294023,,0.01,0.0,8.6,6.7,Aum Yoga Vietnam,Fitness and Yoga Centers,0.3,
294023,,0.01,0.0,8.6,6.7,Ngan Chau Jeans,Shopping Centers and Areas,0.31,
294023,,0.01,0.0,8.6,6.7,Hoi An Spa - Na Spa & Beauty,Spas and Onsens,0.32,
294023,,0.01,0.0,8.6,6.7,Bingboong cloth shop,Shopping Centers and Areas,0.33,
294023,,0.01,0.0,8.6,6.7,Yen Dung Tailors,Shopping Centers and Areas,0.35,
294023,,0.01,0.0,8.6,6.7,Minh Chau Shoes Shop,Shopping Centers and Areas,0.53,
294023,,0.01,0.0,8.6,6.7,Shoes Shop 345,Shopping Centers and Areas,0.54,
1186354,,0.0,0.0,8.4,6.7,Yen Dung Tailors,Shopping Centers and Areas,0.2,
1186354,,0.0,0.0,8.4,6.7,Bingboong cloth shop,Shopping Centers and Areas,0.2,
1186354,,0.0,0.0,8.4,6.7,Red Sky Cloth Shop,Shopping Centers and Areas,0.21,
1186354,,0.0,0.0,8.4,6.7,Hoi An Spa - Na Spa & Beauty,Spas and Onsens,0.24,
1186354,,0.0,0.0,8.4,6.7,Minh Chau Shoes Shop,Shopping Centers and Areas,0.3,
1186354,,0.0,0.0,8.4,6.7,La Vang,Shopping Centers and Areas,0.34,
1186354,,0.0,0.0,8.4,6.7,Ngan Chau Jeans,Shopping Centers and Areas,0.36,
1186354,,0.0,0.0,8.4,6.7,Smile Hoi An Tailor,Shopping Centers and Areas,0.36,
1186354,,0.0,0.0,8.4,6.7,Aum Yoga Vietnam,Fitness and Yoga Centers,0.37,
1186354,,0.0,0.0,8.4,6.7,Hoi An Weights Gym,Fitness and Yoga Centers,0.39,
67270192,,,,,,Sunrise view,Things to do,0.37,
67270192,,,,,,Jibe's Beach Club Suoi Nuoc Surfing,Things to do,1.39,
67270192,,,,,,Camping with a view,Camping and Outdoors,3.14,
67270192,,,,,,Bong lai tien canh,Camping and Outdoors,6.8,
67270192,,,,,,hòn rơm,Camping and Outdoors,6.92,
67270192,,,,,,Free camping,Camping and Outdoors,7.44,
67270192,,,,,,Red Sand Dunes,Attractions,8.09,
67270192,,,,,,Sand Dunes,Natural Parks and Forests,8.71,
67270192,,,,,,Mui Ne Market,Shopping Centers and Areas,9.92,
67270192,,,,,,Ham Tien Beach,Beaches,10.05,
253958,0.24,0.0,0.0,8.8,8.3,Đông Y,Hospitals and Medical Facilities,0.05,
253958,0.24,0.0,0.0,8.8,8.3,C2sky,Fitness and Yoga Centers,0.24,
253958,0.24,0.0,0.0,8.8,8.3,Ham Tien Beach,Beaches,0.24,
253958,0.24,0.0,0.0,8.8,8.3,Red Canyon,Natural Parks and Forests,0.29,
253958,0.24,0.0,0.0,8.8,8.3,Life-Line Clinic,Hospitals and Medical Facilities,0.37,
253958,0.24,0.0,0.0,8.8,8.3,Kitewell,Entertainment,0.84,
253958,0.24,0.0,0.0,8.8,8.3,Sea Link Golf Course,Golf Courses,0.89,
253958,0.24,0.0,0.0,8.8,8.3,Mui Ne Hils,Supermarkets,1.02,
253958,0.24,0.0,0.0,8.8,8.3,Sea Links City,Golf Courses,1.1,
253958,0.24,0.0,0.0,8.8,8.3,Surfpoint Kiteboarding School,Things to do,1.15,
33601471,,0.0,0.0,7.6,8.3,Ham Tien Beach,Beaches,0.21,
33601471,,0.0,0.0,7.6,8.3,Đông Y,Hospitals and Medical Facilities,0.27,
33601471,,0.0,0.0,7.6,8.3,C2sky,Fitness and Yoga Centers,0.39,
33601471,,0.0,0.0,7.6,8.3,Red Canyon,Natural Parks and Forests,0.59,
33601471,,0.0,0.0,7.6,8.3,Life-Line Clinic,Hospitals and Medical Facilities,0.67,
33601471,,0.0,0.0,7.6,8.3,Sea Link Golf Course,Golf Courses,0.73,
33601471,,0.0,0.0,7.6,8.3,Sea Links City,Golf Courses,0.95,
33601471,,0.0,0.0,7.6,8.3,Biển Sealinks,Camping and Outdoors,0.97,
33601471,,0.0,0.0,7.6,8.3,Bai Da Ong Dia,Attractions,1.02,
33601471,,0.0,0.0,7.6,8.3,Kitewell,Entertainment,1.11,
37871271,0.27,,0.0,7.0,8.3,Công viên Rainbow,"Botanical Gardens, and Public Parks",0.15,
37871271,0.27,,0.0,7.0,8.3,Doi Duong Beach,Beaches,0.27,
37871271,0.27,,0.0,7.0,8.3,Công viên Lộc Vừng,"Botanical Gardens, and Public Parks",0.3,
37871271,0.27,,0.0,7.0,8.3,Công Viên Hoa Ban,"Botanical Gardens, and Public Parks",0.32,
37871271,0.27,,0.0,7.0,8.3,Công viên Hòa Bình,"Botanical Gardens, and Public Parks",0.47,
37871271,0.27,,0.0,7.0,8.3,Sport Park,"Botanical Gardens, and Public Parks",0.61,
37871271,0.27,,0.0,7.0,8.3,vườn bảo lộc,Supermarkets,0.64,
37871271,0.27,,0.0,7.0,8.3,Công viên Nguyễn Tất Thành,"Botanical Gardens, and Public Parks",0.66,
37871271,0.27,,0.0,7.0,8.3,Công viên Đồi Dương,"Botanical Gardens, and Public Parks",0.84,
37871271,0.27,,0.0,7.0,8.3,Trái Cây 269,Supermarkets,0.86,
36476200,0.03,0.0,0.0,9.6,8.4,Ham Tien Beach,Beaches,0.03,
36476200,0.03,0.0,0.0,9.6,8.4,C2sky,Fitness and Yoga Centers,0.16,
36476200,0.03,0.0,0.0,9.6,8.4,Red Canyon,Natural Parks and Forests,0.16,
36476200,0.03,0.0,0.0,9.6,8.4,Life-Line Clinic,Hospitals and Medical Facilities,0.22,
36476200,0.03,0.0,0.0,9.6,8.4,Đông Y,Hospitals and Medical Facilities,0.3,
36476200,0.03,0.0,0.0,9.6,8.4,Kitewell,Entertainment,0.59,
36476200,0.03,0.0,0.0,9.6,8.4,Mui Ne Hils,Supermarkets,0.81,
36476200,0.03,0.0,0.0,9.6,8.4,Surfpoint Kiteboarding School,Things to do,0.93,
36476200,0.03,0.0,0.0,9.6,8.4,Surfpoint Vietnam,Entertainment,0.93,
36476200,0.03,0.0,0.0,9.6,8.4,Entrance to beach,Things to do,0.96,
50121906,,,0.0,9.4,9.0,Lotte Mart Phan Thiet Supermarket,Supermarkets,0.18,
50121906,,,0.0,9.4,9.0,Lotte Mart,Shopping Centers and Areas,0.2,
50121906,,,0.0,9.4,9.0,LotteMart Center,Supermarkets,0.21,
50121906,,,0.0,9.4,9.0,Công viên Võ Văn Kiệt,"Botanical Gardens, and Public Parks",0.61,
50121906,,,0.0,9.4,9.0,Công viên bờ kè,"Botanical Gardens, and Public Parks",0.62,
50121906,,,0.0,9.4,9.0,vườn bảo lộc,Supermarkets,0.86,
50121906,,,0.0,9.4,9.0,Trái Cây 269,Supermarkets,0.86,
50121906,,,0.0,9.4,9.0,Sài Gòn,Hospitals and Medical Facilities,0.88,
50121906,,,0.0,9.4,9.0,Vietcombank Binh Thuan,Banks and Currency Exchange,0.93,
50121906,,,0.0,9.4,9.0,Binh Thuan Bus Station,"Train, Metro and Bus Stations",1.02,
32182588,0.2,0.0,0.0,9.3,8.3,Đông Y,Hospitals and Medical Facilities,0.11,
32182588,0.2,0.0,0.0,9.3,8.3,Ham Tien Beach,Beaches,0.2,
32182588,0.2,0.0,0.0,9.3,8.3,C2sky,Fitness and Yoga Centers,0.21,
32182588,0.2,0.0,0.0,9.3,8.3,Red Canyon,Natural Parks and Forests,0.22,
32182588,0.2,0.0,0.0,9.3,8.3,Life-Line Clinic,Hospitals and Medical Facilities,0.3,
32182588,0.2,0.0,0.0,9.3,8.3,Kitewell,Entertainment,0.77,
32182588,0.2,0.0,0.0,9.3,8.3,Mui Ne Hils,Supermarkets,0.95,
32182588,0.2,0.0,0.0,9.3,8.3,Sea Link Golf Course,Golf Courses,0.96,
32182588,0.2,0.0,0.0,9.3,8.3,Surfpoint Kiteboarding School,Things to do,1.08,
32182588,0.2,0.0,0.0,9.3,8.3,Entrance to beach,Things to do,1.11,
30196571,,,0.0,6.3,8.3,Saint Mary Beach Resort and Camping,Camping and Outdoors,6.72,
30196571,,,0.0,6.3,8.3,South Phan Thiet Bus Station,"Train, Metro and Bus Stations",9.52,
30196571,,,0.0,6.3,8.3,Công viên cổng chữ Y,"Botanical Gardens, and Public Parks",9.59,
30196571,,,0.0,6.3,8.3,câu cá tiến hưng,Camping and Outdoors,9.72,
30196571,,,0.0,6.3,8.3,Khu Vực A,Hospitals and Medical Facilities,9.73,
30196571,,,0.0,6.3,8.3,Sông Cà Ty,"Rivers, Reservoirs, and Lakes",10.37,
30196571,,,0.0,6.3,8.3,Hồ Văn Thánh,"Rivers, Reservoirs, and Lakes",10.38,
30196571,,,0.0,6.3,8.3,Phan Thiet Church,Places of Worship,10.38,
30196571,,,0.0,6.3,8.3,Chợ Văn Thánh,Supermarkets,10.58,
30196571,,,0.0,6.3,8.3,trái cây ichi,Supermarkets,10.59,
34768604,,,0.0,6.3,8.3,Saint Mary Beach Resort and Camping,Camping and Outdoors,7.95,
34768604,,,0.0,6.3,8.3,South Phan Thiet Bus Station,"Train, Metro and Bus Stations",8.29,
34768604,,,0.0,6.3,8.3,Công viên cổng chữ Y,"Botanical Gardens, and Public Parks",8.37,
34768604,,,0.0,6.3,8.3,câu cá tiến hưng,Camping and Outdoors,8.49,
34768604,,,0.0,6.3,8.3,Khu Vực A,Hospitals and Medical Facilities,8.52,
34768604,,,0.0,6.3,8.3,Sông Cà Ty,"Rivers, Reservoirs, and Lakes",9.13,
34768604,,,0.0,6.3,8.3,Hồ Văn Thánh,"Rivers, Reservoirs, and Lakes",9.16,
34768604,,,0.0,6.3,8.3,Phan Thiet Church,Places of Worship,9.18,
34768604,,,0.0,6.3,8.3,Chợ Văn Thánh,Supermarkets,9.36,
34768604,,,0.0,6.3,8.3,trái cây ichi,Supermarkets,9.39,
48362,,,0.0,7.5,8.3,Red Sand Dunes,Attractions,0.64,
48362,,,0.0,7.5,8.3,Free camping,Camping and Outdoors,0.77,
48362,,,0.0,7.5,8.3,hòn rơm,Camping and Outdoors,1.29,
48362,,,0.0,7.5,8.3,Sand Dunes,Natural Parks and Forests,1.36,
48362,,,0.0,7.5,8.3,Bong lai tien canh,Camping and Outdoors,1.4,
48362,,,0.0,7.5,8.3,Mui Ne Market,Shopping Centers and Areas,1.79,
48362,,,0.0,7.5,8.3,Mui Ne Harbour,Attractions,1.92,
48362,,,0.0,7.5,8.3,Ham Tien Beach,Beaches,2.37,
48362,,,0.0,7.5,8.3,Fairy Stream (Suoi Tien),Natural Parks and Forests,2.4,
48362,,,0.0,7.5,8.3,Fishing Village,Attractions,2.47,
23780986,0.02,1.84,0.0,7.0,8.5,Ham Tien Beach,Beaches,0.02,
23780986,0.02,1.84,0.0,7.0,8.5,Ham Tien Mud Spa Center,Spas and Onsens,0.63,
23780986,0.02,1.84,0.0,7.0,8.5,Mui Ne Harbor,Famous Streets and Neighborhoods,0.94,
23780986,0.02,1.84,0.0,7.0,8.5,Fishing Harbour - Mui Ne,Things to do,0.95,
23780986,0.02,1.84,0.0,7.0,8.5,Fishing Village,Attractions,1.17,
23780986,0.02,1.84,0.0,7.0,8.5,Fairy Stream (Suoi Tien),Natural Parks and Forests,1.19,
23780986,0.02,1.84,0.0,7.0,8.5,Fairy Spring,Attractions,1.41,
23780986,0.02,1.84,0.0,7.0,8.5,Fairy Stream,Things to do,1.43,
23780986,0.02,1.84,0.0,7.0,8.5,Vita Garden Mini-Zoo,Zoos and Aquariums,1.43,
23780986,0.02,1.84,0.0,7.0,8.5,Phuong Trang Coach Station,"Train, Metro and Bus Stations",1.74,
149149,,0.23,0.0,9.2,9.9,Ham Tien Beach,Beaches,0.05,
149149,,0.23,0.0,9.2,9.9,Phuong Trang Coach Station,"Train, Metro and Bus Stations",0.22,
149149,,0.23,0.0,9.2,9.9,Fairy Spring,Attractions,0.24,
149149,,0.23,0.0,9.2,9.9,Fairy Stream,Things to do,0.3,
149149,,0.23,0.0,9.2,9.9,Lotus Lake,"Rivers, Reservoirs, and Lakes",0.35,
149149,,0.23,0.0,9.2,9.9,Vita Garden Mini-Zoo,Zoos and Aquariums,0.62,
149149,,0.23,0.0,9.2,9.9,Mui Ne Harbor,Famous Streets and Neighborhoods,0.67,
149149,,0.23,0.0,9.2,9.9,Rang Church,Places of Worship,0.73,
149149,,0.23,0.0,9.2,9.9,Ham Tien Mud Spa Center,Spas and Onsens,1.05,
149149,,0.23,0.0,9.2,9.9,Ham Tien Post Office,"Internet, Post and Phone Services",1.06,
80170830,,,,,,Saint Mary Beach Resort and Camping,Camping and Outdoors,1.38,
80170830,,,,,,Lu Glamping,Camping and Outdoors,8.81,
80170830,,,,,,KDL MuiKeGa-BinhThuan,Things to do,8.88,
80170830,,,,,,Hon Ba,Islands,9.34,
80170830,,,,,,Ke Ga Lighthouse,Monuments and Landmarks,9.34,
80170830,,,,,,Hai Dang Ke Ga,Camping and Outdoors,9.34,
80170830,,,,,,Ta Cu Mountain,"Mountains, Hills and Caves",14.47,
80170830,,,,,,Linh Son Truong Tho,Places of Worship,14.48,
80170830,,,,,,Ta Cu Moutain,"Mountains, Hills and Caves",14.89,
80170830,,,,,,Pharmacie,Hospitals and Medical Facilities,15.48,
66811298,,1.61,,,,Ham Tien Beach,Beaches,0.03,
66811298,,1.61,,,,Ham Tien Mud Spa Center,Spas and Onsens,0.41,
66811298,,1.61,,,,Mui Ne Harbor,Famous Streets and Neighborhoods,0.68,
66811298,,1.61,,,,Fairy Spring,Attractions,1.15,
66811298,,1.61,,,,Fairy Stream,Things to do,1.17,
66811298,,1.61,,,,Vita Garden Mini-Zoo,Zoos and Aquariums,1.19,
66811298,,1.61,,,,Fishing Harbour - Mui Ne,Things to do,1.21,
66811298,,1.61,,,,Fishing Village,Attractions,1.42,
66811298,,1.61,,,,Fairy Stream (Suoi Tien),Natural Parks and Forests,1.45,
66811298,,1.61,,,,Phuong Trang Coach Station,"Train, Metro and Bus Stations",1.48,
42071345,0.22,0.0,0.0,6.9,9.5,Rang Church,Places of Worship,0.14,
42071345,0.22,0.0,0.0,6.9,9.5,Ham Tien Beach,Beaches,0.22,
42071345,0.22,0.0,0.0,6.9,9.5,Ham Tien Post Office,"Internet, Post and Phone Services",0.23,
42071345,0.22,0.0,0.0,6.9,9.5,Ham Tien Market,Fresh Markets,0.28,
42071345,0.22,0.0,0.0,6.9,9.5,Vinh tan,Hospitals and Medical Facilities,0.32,
42071345,0.22,0.0,0.0,6.9,9.5,Lotus Lake,"Rivers, Reservoirs, and Lakes",0.48,
42071345,0.22,0.0,0.0,6.9,9.5,Phuong Trang Coach Station,"Train, Metro and Bus Stations",0.69,
42071345,0.22,0.0,0.0,6.9,9.5,Fairy Stream,Things to do,1.01,
42071345,0.22,0.0,0.0,6.9,9.5,Fairy Spring,Attractions,1.01,
42071345,0.22,0.0,0.0,6.9,9.5,Vita Garden Mini-Zoo,Zoos and Aquariums,1.18,
50121979,,,0.0,8.5,8.8,Lotte Mart Phan Thiet Supermarket,Supermarkets,0.33,
50121979,,,0.0,8.5,8.8,Lotte Mart,Shopping Centers and Areas,0.34,
50121979,,,0.0,8.5,8.8,LotteMart Center,Supermarkets,0.36,
50121979,,,0.0,8.5,8.8,Công viên bờ kè,"Botanical Gardens, and Public Parks",0.74,
50121979,,,0.0,8.5,8.8,Công viên Võ Văn Kiệt,"Botanical Gardens, and Public Parks",0.77,
50121979,,,0.0,8.5,8.8,vườn bảo lộc,Supermarkets,0.86,
50121979,,,0.0,8.5,8.8,Trái Cây 269,Supermarkets,0.91,
50121979,,,0.0,8.5,8.8,Sài Gòn,Hospitals and Medical Facilities,0.95,
50121979,,,0.0,8.5,8.8,Bệnh Viện Y học cổ truyền,Hospitals and Medical Facilities,1.02,
50121979,,,0.0,8.5,8.8,Vietcombank Binh Thuan,Banks and Currency Exchange,1.08,
736941,,0.68,0.0,9.2,9.6,Ham Tien Beach,Beaches,0.1,
736941,,0.68,0.0,9.2,9.6,Mui Ne Harbor,Famous Streets and Neighborhoods,0.24,
736941,,0.68,0.0,9.2,9.6,Fairy Spring,Attractions,0.24,
736941,,0.68,0.0,9.2,9.6,Fairy Stream,Things to do,0.29,
736941,,0.68,0.0,9.2,9.6,Vita Garden Mini-Zoo,Zoos and Aquariums,0.52,
736941,,0.68,0.0,9.2,9.6,Phuong Trang Coach Station,"Train, Metro and Bus Stations",0.57,
736941,,0.68,0.0,9.2,9.6,Ham Tien Mud Spa Center,Spas and Onsens,0.63,
736941,,0.68,0.0,9.2,9.6,Lotus Lake,"Rivers, Reservoirs, and Lakes",0.76,
736941,,0.68,0.0,9.2,9.6,Rang Church,Places of Worship,1.16,
736941,,0.68,0.0,9.2,9.6,Ham Tien Post Office,"Internet, Post and Phone Services",1.48,
25401851,0.03,0.0,0.0,6.5,9.3,Ham Tien Beach,Beaches,0.03,
25401851,0.03,0.0,0.0,6.5,9.3,Vinh tan,Hospitals and Medical Facilities,0.35,
25401851,0.03,0.0,0.0,6.5,9.3,Ham Tien Market,Fresh Markets,0.38,
25401851,0.03,0.0,0.0,6.5,9.3,Ham Tien Post Office,"Internet, Post and Phone Services",0.43,
25401851,0.03,0.0,0.0,6.5,9.3,Rang Church,Places of Worship,0.69,
25401851,0.03,0.0,0.0,6.5,9.3,Vietnam Easy-Riders Group,Tourist and Travel Info,0.73,
25401851,0.03,0.0,0.0,6.5,9.3,Sinh Cafe Coach Stop,"Train, Metro and Bus Stations",0.76,
25401851,0.03,0.0,0.0,6.5,9.3,Jibe Bar Diving Center,Camping and Outdoors,1.05,
25401851,0.03,0.0,0.0,6.5,9.3,Surfpoint Kiteboarding Center,Camping and Outdoors,1.06,
25401851,0.03,0.0,0.0,6.5,9.3,C2 Sky Kitesurfing Vietnam,Camping and Outdoors,1.06,
344574,,0.77,0.0,10.0,8.3,Bai Da Ong Dia,Attractions,0.01,
344574,,0.77,0.0,10.0,8.3,Biển Sealinks,Camping and Outdoors,0.06,
344574,,0.77,0.0,10.0,8.3,Poshanu Tower,Places of Worship,0.47,
344574,,0.77,0.0,10.0,8.3,Sea Link Golf Course,Golf Courses,0.67,
344574,,0.77,0.0,10.0,8.3,Sea Links City,Golf Courses,0.68,
344574,,0.77,0.0,10.0,8.3,Ham Tien Beach,Beaches,0.71,
344574,,0.77,0.0,10.0,8.3,Trung tâm huấn luyện Thể dục thể thao Quốc gia II - cơ sở Mũi Né,Entertainment,1.11,
344574,,0.77,0.0,10.0,8.3,RD Wine Castle,Historical Buildings and Sites,1.21,
344574,,0.77,0.0,10.0,8.3,Đông Y,Hospitals and Medical Facilities,1.27,
344574,,0.77,0.0,10.0,8.3,C2sky,Fitness and Yoga Centers,1.41,
10137027,0.14,,0.0,7.6,8.6,Quay thuốc so 19,Hospitals and Medical Facilities,0.05,
10137027,0.14,,0.0,7.6,8.6,Vinh Phu Church,Places of Worship,0.12,
10137027,0.14,,0.0,7.6,8.6,Doi Duong Beach,Beaches,0.14,
10137027,0.14,,0.0,7.6,8.6,Hung Long Church,Places of Worship,0.23,
10137027,0.14,,0.0,7.6,8.6,Benh Vien Y Hoc Co Truyen Hospital,Hospitals and Medical Facilities,0.32,
10137027,0.14,,0.0,7.6,8.6,Hồ Vĩnh Thủy,"Rivers, Reservoirs, and Lakes",0.56,
10137027,0.14,,0.0,7.6,8.6,Phan Thiet Fishing Port,Ports/Ferries,0.66,
10137027,0.14,,0.0,7.6,8.6,Công viên Đồi Dương,"Botanical Gardens, and Public Parks",0.74,
10137027,0.14,,0.0,7.6,8.6,Ferry Port,Ports/Ferries,0.75,
10137027,0.14,,0.0,7.6,8.6,Công viên Nguyễn Tất Thành,"Botanical Gardens, and Public Parks",0.93,
67116959,,,,,,Sunrise view,Things to do,0.33,
67116959,,,,,,Jibe's Beach Club Suoi Nuoc Surfing,Things to do,1.38,
67116959,,,,,,Camping with a view,Camping and Outdoors,3.12,
67116959,,,,,,Bong lai tien canh,Camping and Outdoors,6.82,
67116959,,,,,,hòn rơm,Camping and Outdoors,6.94,
67116959,,,,,,Free camping,Camping and Outdoors,7.46,
67116959,,,,,,Red Sand Dunes,Attractions,8.11,
67116959,,,,,,Sand Dunes,Natural Parks and Forests,8.74,
67116959,,,,,,Mui Ne Market,Shopping Centers and Areas,9.95,
67116959,,,,,,Fairy Stream (Suoi Tien),Natural Parks and Forests,10.09,
64060008,0.27,,,,,Công viên Rainbow,"Botanical Gardens, and Public Parks",0.22,
64060008,0.27,,,,,Công viên Lộc Vừng,"Botanical Gardens, and Public Parks",0.22,
64060008,0.27,,,,,Doi Duong Beach,Beaches,0.27,
64060008,0.27,,,,,Công viên Hòa Bình,"Botanical Gardens, and Public Parks",0.37,
64060008,0.27,,,,,Công Viên Hoa Ban,"Botanical Gardens, and Public Parks",0.42,
64060008,0.27,,,,,Sport Park,"Botanical Gardens, and Public Parks",0.53,
64060008,0.27,,,,,Công viên Nguyễn Tất Thành,"Botanical Gardens, and Public Parks",0.56,
64060008,0.27,,,,,vườn bảo lộc,Supermarkets,0.6,
64060008,0.27,,,,,Công viên Đồi Dương,"Botanical Gardens, and Public Parks",0.75,
64060008,0.27,,,,,Trái Cây 269,Supermarkets,0.8,
288404,,,0.0,8.0,9.2,Sài Gòn,Hospitals and Medical Facilities,0.26,
288404,,,0.0,8.0,9.2,Nguyen Tat Thanh City Square,"Botanical Gardens, and Public Parks",0.37,
288404,,,0.0,8.0,9.2,Trái Cây 269,Supermarkets,0.39,
288404,,,0.0,8.0,9.2,Binh Thuan Post Office,"Internet, Post and Phone Services",0.42,
288404,,,0.0,8.0,9.2,Co.opmart Shopping Mall,Shopping Centers and Areas,0.45,
288404,,,0.0,8.0,9.2,Sacombank Binh Thuan,Banks and Currency Exchange,0.48,
288404,,,0.0,8.0,9.2,VietinBank Binh Thuan,Banks and Currency Exchange,0.51,
288404,,,0.0,8.0,9.2,Victory Monument,Monuments and Landmarks,0.56,
288404,,,0.0,8.0,9.2,Sport Park,"Botanical Gardens, and Public Parks",0.64,
288404,,,0.0,8.0,9.2,vườn bảo lộc,Supermarkets,0.65,
46727693,,,0.0,8.4,8.3,Sunrise view,Things to do,0.36,
46727693,,,0.0,8.4,8.3,Jibe's Beach Club Suoi Nuoc Surfing,Things to do,1.36,
46727693,,,0.0,8.4,8.3,Camping with a view,Camping and Outdoors,3.15,
46727693,,,0.0,8.4,8.3,Bong lai tien canh,Camping and Outdoors,6.79,
46727693,,,0.0,8.4,8.3,hòn rơm,Camping and Outdoors,6.91,
46727693,,,0.0,8.4,8.3,Free camping,Camping and Outdoors,7.43,
46727693,,,0.0,8.4,8.3,Red Sand Dunes,Attractions,8.08,
46727693,,,0.0,8.4,8.3,Sand Dunes,Natural Parks and Forests,8.71,
46727693,,,0.0,8.4,8.3,Mui Ne Market,Shopping Centers and Areas,9.92,
46727693,,,0.0,8.4,8.3,Fairy Stream (Suoi Tien),Natural Parks and Forests,10.05,
11012,,1.4,0.0,7.7,8.3,Poshanu Tower,Places of Worship,0.17,
11012,,1.4,0.0,7.7,8.3,Trung tâm huấn luyện Thể dục thể thao Quốc gia II - cơ sở Mũi Né,Entertainment,0.55,
11012,,1.4,0.0,7.7,8.3,Bai Da Ong Dia,Attractions,0.6,
11012,,1.4,0.0,7.7,8.3,Biển Sealinks,Camping and Outdoors,0.64,
11012,,1.4,0.0,7.7,8.3,Sea Links City,Golf Courses,0.92,
11012,,1.4,0.0,7.7,8.3,Sea Link Golf Course,Golf Courses,1.04,
11012,,1.4,0.0,7.7,8.3,RD Wine Castle,Historical Buildings and Sites,1.36,
11012,,1.4,0.0,7.7,8.3,Ham Tien Beach,Beaches,1.36,
11012,,1.4,0.0,7.7,8.3,Đông Y,Hospitals and Medical Facilities,1.81,
11012,,1.4,0.0,7.7,8.3,C2sky,Fitness and Yoga Centers,1.98,
43419,,0.0,0.0,9.8,9.3,Ham Tien Beach,Beaches,0.03,
43419,,0.0,0.0,9.8,9.3,Muine Hot Spring Center,Attractions,0.08,
43419,,0.0,0.0,9.8,9.3,WindChimes Kitesurf,Things to do,0.1,
43419,,0.0,0.0,9.8,9.3,U-mart,Supermarkets,0.16,
43419,,0.0,0.0,9.8,9.3,Surfpoint Vietnam,Entertainment,0.23,
43419,,0.0,0.0,9.8,9.3,Entrance to beach,Things to do,0.23,
43419,,0.0,0.0,9.8,9.3,Surfpoint Kiteboarding School,Things to do,0.26,
43419,,0.0,0.0,9.8,9.3,Mui Ne Hils,Supermarkets,0.38,
43419,,0.0,0.0,9.8,9.3,Kitewell,Entertainment,0.57,
43419,,0.0,0.0,9.8,9.3,Hanh Cafe Coach Stop,"Train, Metro and Bus Stations",0.77,
48004348,,0.0,0.0,7.5,8.3,Ham Tien Beach,Beaches,0.17,
48004348,,0.0,0.0,7.5,8.3,Đông Y,Hospitals and Medical Facilities,0.32,
48004348,,0.0,0.0,7.5,8.3,C2sky,Fitness and Yoga Centers,0.43,
48004348,,0.0,0.0,7.5,8.3,Red Canyon,Natural Parks and Forests,0.64,
48004348,,0.0,0.0,7.5,8.3,Sea Link Golf Course,Golf Courses,0.72,
48004348,,0.0,0.0,7.5,8.3,Life-Line Clinic,Hospitals and Medical Facilities,0.72,
48004348,,0.0,0.0,7.5,8.3,Biển Sealinks,Camping and Outdoors,0.93,
48004348,,0.0,0.0,7.5,8.3,Sea Links City,Golf Courses,0.93,
48004348,,0.0,0.0,7.5,8.3,Bai Da Ong Dia,Attractions,0.98,
48004348,,0.0,0.0,7.5,8.3,Kitewell,Entertainment,1.16,
9757906,0.18,0.0,0.0,6.5,9.3,Ham Tien Beach,Beaches,0.18,
9757906,0.18,0.0,0.0,6.5,9.3,Vinh tan,Hospitals and Medical Facilities,0.24,
9757906,0.18,0.0,0.0,6.5,9.3,Ham Tien Market,Fresh Markets,0.28,
9757906,0.18,0.0,0.0,6.5,9.3,Ham Tien Post Office,"Internet, Post and Phone Services",0.33,
9757906,0.18,0.0,0.0,6.5,9.3,Rang Church,Places of Worship,0.63,
9757906,0.18,0.0,0.0,6.5,9.3,Vietnam Easy-Riders Group,Tourist and Travel Info,0.8,
9757906,0.18,0.0,0.0,6.5,9.3,Sinh Cafe Coach Stop,"Train, Metro and Bus Stations",0.83,
9757906,0.18,0.0,0.0,6.5,9.3,Lotus Lake,"Rivers, Reservoirs, and Lakes",1.04,
9757906,0.18,0.0,0.0,6.5,9.3,Jibe Bar Diving Center,Camping and Outdoors,1.13,
9757906,0.18,0.0,0.0,6.5,9.3,C2 Sky Kitesurfing Vietnam,Camping and Outdoors,1.13,
75223,,0.0,0.0,6.4,9.9,Ham Tien Beach,Beaches,0.07,
75223,,0.0,0.0,6.4,9.9,Vietnam Easy-Riders Group,Tourist and Travel Info,0.23,
75223,,0.0,0.0,6.4,9.9,Sinh Cafe Coach Stop,"Train, Metro and Bus Stations",0.26,
75223,,0.0,0.0,6.4,9.9,Jibe Bar Diving Center,Camping and Outdoors,0.56,
75223,,0.0,0.0,6.4,9.9,C2 Sky Kitesurfing Vietnam,Camping and Outdoors,0.56,
75223,,0.0,0.0,6.4,9.9,Surfpoint Kiteboarding Center,Camping and Outdoors,0.56,
75223,,0.0,0.0,6.4,9.9,Vinh tan,Hospitals and Medical Facilities,0.81,
75223,,0.0,0.0,6.4,9.9,Ham Tien Market,Fresh Markets,0.85,
75223,,0.0,0.0,6.4,9.9,Ham Tien Post Office,"Internet, Post and Phone Services",0.9,
75223,,0.0,0.0,6.4,9.9,Rang Church,Places of Worship,1.19,
90319389,,,,,,Sunrise view,Things to do,0.54,
90319389,,,,,,Jibe's Beach Club Suoi Nuoc Surfing,Things to do,1.05,
90319389,,,,,,Camping with a view,Camping and Outdoors,3.38,
90319389,,,,,,Bong lai tien canh,Camping and Outdoors,6.59,
90319389,,,,,,hòn rơm,Camping and Outdoors,6.71,
90319389,,,,,,Free camping,Camping and Outdoors,7.22,
90319389,,,,,,Red Sand Dunes,Attractions,7.9,
90319389,,,,,,Sand Dunes,Natural Parks and Forests,8.54,
90319389,,,,,,Mui Ne Market,Shopping Centers and Areas,9.72,
90319389,,,,,,Mui Ne Harbour,Attractions,9.89,
43433,,0.0,0.0,9.9,9.2,U-mart,Supermarkets,0.05,
43433,,0.0,0.0,9.9,9.2,Entrance to beach,Things to do,0.08,
43433,,0.0,0.0,9.9,9.2,Surfpoint Kiteboarding School,Things to do,0.11,
43433,,0.0,0.0,9.9,9.2,WindChimes Kitesurf,Things to do,0.11,
43433,,0.0,0.0,9.9,9.2,Ham Tien Beach,Beaches,0.12,
43433,,0.0,0.0,9.9,9.2,Muine Hot Spring Center,Attractions,0.13,
43433,,0.0,0.0,9.9,9.2,Surfpoint Vietnam,Entertainment,0.14,
43433,,0.0,0.0,9.9,9.2,Mui Ne Hils,Supermarkets,0.23,
43433,,0.0,0.0,9.9,9.2,Kitewell,Entertainment,0.44,
43433,,0.0,0.0,9.9,9.2,Life-Line Clinic,Hospitals and Medical Facilities,0.88,
254905,,,0.0,7.2,8.3,Mũi Né,Natural Parks and Forests,0.78,
254905,,,0.0,7.2,8.3,mui ne cape,Things to do,1.15,
254905,,,0.0,7.2,8.3,Linh Long Tu Temple,Places of Worship,1.18,
254905,,,0.0,7.2,8.3,Mui Ne Church,Places of Worship,1.26,
254905,,,0.0,7.2,8.3,Lang Ong,Places of Worship,1.33,
254905,,,0.0,7.2,8.3,Mui Ne Harbour,Attractions,1.49,
254905,,,0.0,7.2,8.3,Mui Ne Market,Shopping Centers and Areas,1.77,
254905,,,0.0,7.2,8.3,Ham Tien Beach,Beaches,2.74,
254905,,,0.0,7.2,8.3,Fishing Village,Attractions,2.81,
254905,,,0.0,7.2,8.3,Fairy Stream (Suoi Tien),Natural Parks and Forests,2.83,
108278,,0.0,0.0,8.2,8.3,Đông Y,Hospitals and Medical Facilities,0.1,
108278,,0.0,0.0,8.2,8.3,Ham Tien Beach,Beaches,0.14,
108278,,0.0,0.0,8.2,8.3,C2sky,Fitness and Yoga Centers,0.21,
108278,,0.0,0.0,8.2,8.3,Red Canyon,Natural Parks and Forests,0.4,
108278,,0.0,0.0,8.2,8.3,Life-Line Clinic,Hospitals and Medical Facilities,0.48,
108278,,0.0,0.0,8.2,8.3,Sea Link Golf Course,Golf Courses,0.87,
108278,,0.0,0.0,8.2,8.3,Kitewell,Entertainment,0.92,
108278,,0.0,0.0,8.2,8.3,Sea Links City,Golf Courses,1.08,
108278,,0.0,0.0,8.2,8.3,Mui Ne Hils,Supermarkets,1.13,
108278,,0.0,0.0,8.2,8.3,Biển Sealinks,Camping and Outdoors,1.16,
52137395,0.7,,0.0,7.4,8.7,Sport Park,"Botanical Gardens, and Public Parks",0.21,
52137395,0.7,,0.0,7.4,8.7,Trái Cây 269,Supermarkets,0.26,
52137395,0.7,,0.0,7.4,8.7,Sài Gòn,Hospitals and Medical Facilities,0.27,
52137395,0.7,,0.0,7.4,8.7,Binh Thuan Post Office,"Internet, Post and Phone Services",0.29,
52137395,0.7,,0.0,7.4,8.7,Công viên Hòa Bình,"Botanical Gardens, and Public Parks",0.38,
52137395,0.7,,0.0,7.4,8.7,vườn bảo lộc,Supermarkets,0.41,
52137395,0.7,,0.0,7.4,8.7,Công viên Nguyễn Tất Thành,"Botanical Gardens, and Public Parks",0.48,
52137395,0.7,,0.0,7.4,8.7,Công viên Lộc Vừng,"Botanical Gardens, and Public Parks",0.52,
52137395,0.7,,0.0,7.4,8.7,Nguyen Tat Thanh City Square,"Botanical Gardens, and Public Parks",0.53,
52137395,0.7,,0.0,7.4,8.7,Hồ Vĩnh Thủy,"Rivers, Reservoirs, and Lakes",0.62,
46867956,,,0.0,8.0,8.3,Sunrise view,Things to do,0.23,
46867956,,,0.0,8.0,8.3,Jibe's Beach Club Suoi Nuoc Surfing,Things to do,1.38,
46867956,,,0.0,8.0,8.3,Camping with a view,Camping and Outdoors,3.06,
46867956,,,0.0,8.0,8.3,Bong lai tien canh,Camping and Outdoors,6.89,
46867956,,,0.0,8.0,8.3,hòn rơm,Camping and Outdoors,7.0,
46867956,,,0.0,8.0,8.3,Free camping,Camping and Outdoors,7.52,
46867956,,,0.0,8.0,8.3,Red Sand Dunes,Attractions,8.18,
46867956,,,0.0,8.0,8.3,Sand Dunes,Natural Parks and Forests,8.81,
46867956,,,0.0,8.0,8.3,Mui Ne Market,Shopping Centers and Areas,10.01,
46867956,,,0.0,8.0,8.3,Fairy Stream (Suoi Tien),Natural Parks and Forests,10.17,
64326129,,0.0,,,,Red Canyon,Natural Parks and Forests,0.03,
64326129,,0.0,,,,Life-Line Clinic,Hospitals and Medical Facilities,0.06,
64326129,,0.0,,,,Ham Tien Beach,Beaches,0.17,
64326129,,0.0,,,,C2sky,Fitness and Yoga Centers,0.31,
64326129,,0.0,,,,Đông Y,Hospitals and Medical Facilities,0.36,
64326129,,0.0,,,,Kitewell,Entertainment,0.53,
64326129,,0.0,,,,Mui Ne Hils,Supermarkets,0.7,
64326129,,0.0,,,,Surfpoint Kiteboarding School,Things to do,0.83,
64326129,,0.0,,,,Entrance to beach,Things to do,0.86,
64326129,,0.0,,,,Surfpoint Vietnam,Entertainment,0.86,
262815,,0.0,0.0,9.9,9.4,Ham Tien Beach,Beaches,0.02,
262815,,0.0,0.0,9.9,9.4,Long Beach Pearl Museum,Museums and Art Galleries,0.22,
262815,,0.0,0.0,9.9,9.4,Joe's Cafe Muine,Bars,0.44,
262815,,0.0,0.0,9.9,9.4,Jibe's Bar Diving Center,Things to do,0.49,
262815,,0.0,0.0,9.9,9.4,C2Sky Kitesurfing Vietnam,Things to do,0.54,
262815,,0.0,0.0,9.9,9.4,Hanh Cafe Coach Stop,"Train, Metro and Bus Stations",0.7,
262815,,0.0,0.0,9.9,9.4,Muine Hot Spring Center,Attractions,1.47,
262815,,0.0,0.0,9.9,9.4,WindChimes Kitesurf,Things to do,1.5,
262815,,0.0,0.0,9.9,9.4,U-mart,Supermarkets,1.58,
262815,,0.0,0.0,9.9,9.4,Entrance to beach,Things to do,1.67,
45574441,,,0.0,7.6,8.3,Free camping,Camping and Outdoors,0.27,
45574441,,,0.0,7.6,8.3,Red Sand Dunes,Attractions,0.58,
45574441,,,0.0,7.6,8.3,hòn rơm,Camping and Outdoors,0.68,
45574441,,,0.0,7.6,8.3,Bong lai tien canh,Camping and Outdoors,0.79,
45574441,,,0.0,7.6,8.3,Sand Dunes,Natural Parks and Forests,1.43,
45574441,,,0.0,7.6,8.3,Mui Ne Market,Shopping Centers and Areas,2.35,
45574441,,,0.0,7.6,8.3,Mui Ne Harbour,Attractions,2.52,
45574441,,,0.0,7.6,8.3,Ham Tien Beach,Beaches,2.68,
45574441,,,0.0,7.6,8.3,Fairy Stream (Suoi Tien),Natural Parks and Forests,2.72,
45574441,,,0.0,7.6,8.3,Fishing Village,Attractions,2.79,
83381718,0.5,,,,,Công viên Hòa Bình,"Botanical Gardens, and Public Parks",0.08,
83381718,0.5,,,,,Sport Park,"Botanical Gardens, and Public Parks",0.11,
83381718,0.5,,,,,Công viên Lộc Vừng,"Botanical Gardens, and Public Parks",0.21,
83381718,0.5,,,,,vườn bảo lộc,Supermarkets,0.35,
83381718,0.5,,,,,Công viên Nguyễn Tất Thành,"Botanical Gardens, and Public Parks",0.35,
83381718,0.5,,,,,Trái Cây 269,Supermarkets,0.43,
83381718,0.5,,,,,Doi Duong Beach,Beaches,0.5,
83381718,0.5,,,,,Sài Gòn,Hospitals and Medical Facilities,0.52,
83381718,0.5,,,,,Công viên Rainbow,"Botanical Gardens, and Public Parks",0.53,
83381718,0.5,,,,,Binh Thuan Post Office,"Internet, Post and Phone Services",0.58,
64239645,,0.0,,,,Surfpoint Kiteboarding School,Things to do,0.06,
64239645,,0.0,,,,Mui Ne Hils,Supermarkets,0.08,
64239645,,0.0,,,,Entrance to beach,Things to do,0.09,
64239645,,0.0,,,,Ham Tien Beach,Beaches,0.14,
64239645,,0.0,,,,Surfpoint Vietnam,Entertainment,0.16,
64239645,,0.0,,,,U-mart,Supermarkets,0.18,
64239645,,0.0,,,,WindChimes Kitesurf,Things to do,0.26,
64239645,,0.0,,,,Muine Hot Spring Center,Attractions,0.28,
64239645,,0.0,,,,Kitewell,Entertainment,0.31,
64239645,,0.0,,,,Life-Line Clinic,Hospitals and Medical Facilities,0.72,
55960451,,,0.0,9.3,8.3,Sunrise view,Things to do,0.22,
55960451,,,0.0,9.3,8.3,Jibe's Beach Club Suoi Nuoc Surfing,Things to do,1.37,
55960451,,,0.0,9.3,8.3,Camping with a view,Camping and Outdoors,3.05,
55960451,,,0.0,9.3,8.3,Bong lai tien canh,Camping and Outdoors,6.91,
55960451,,,0.0,9.3,8.3,hòn rơm,Camping and Outdoors,7.03,
55960451,,,0.0,9.3,8.3,Free camping,Camping and Outdoors,7.55,
55960451,,,0.0,9.3,8.3,Red Sand Dunes,Attractions,8.22,
55960451,,,0.0,9.3,8.3,Sand Dunes,Natural Parks and Forests,8.86,
55960451,,,0.0,9.3,8.3,Mui Ne Market,Shopping Centers and Areas,10.04,
55960451,,,0.0,9.3,8.3,Lotus Lake Bau Sen,Attractions,10.19,
42062234,0.25,,0.0,6.8,8.3,Công viên Rainbow,"Botanical Gardens, and Public Parks",0.18,
42062234,0.25,,0.0,6.8,8.3,Công Viên Hoa Ban,"Botanical Gardens, and Public Parks",0.23,
42062234,0.25,,0.0,6.8,8.3,Doi Duong Beach,Beaches,0.25,
42062234,0.25,,0.0,6.8,8.3,Công viên Lộc Vừng,"Botanical Gardens, and Public Parks",0.43,
42062234,0.25,,0.0,6.8,8.3,Công viên Hòa Bình,"Botanical Gardens, and Public Parks",0.6,
42062234,0.25,,0.0,6.8,8.3,Sport Park,"Botanical Gardens, and Public Parks",0.74,
42062234,0.25,,0.0,6.8,8.3,vườn bảo lộc,Supermarkets,0.75,
42062234,0.25,,0.0,6.8,8.3,Công viên Nguyễn Tất Thành,"Botanical Gardens, and Public Parks",0.78,
42062234,0.25,,0.0,6.8,8.3,Công viên Đồi Dương,"Botanical Gardens, and Public Parks",0.95,
42062234,0.25,,0.0,6.8,8.3,Trái Cây 269,Supermarkets,0.98,
49020458,0.26,0.0,0.0,9.5,9.4,Ham Tien Beach,Beaches,0.26,
49020458,0.26,0.0,0.0,9.5,9.4,Long Beach Pearl Museum,Museums and Art Galleries,0.32,
49020458,0.26,0.0,0.0,9.5,9.4,Joe's Cafe Muine,Bars,0.52,
49020458,0.26,0.0,0.0,9.5,9.4,Jibe's Bar Diving Center,Things to do,0.53,
49020458,0.26,0.0,0.0,9.5,9.4,C2Sky Kitesurfing Vietnam,Things to do,0.59,
49020458,0.26,0.0,0.0,9.5,9.4,Hanh Cafe Coach Stop,"Train, Metro and Bus Stations",0.74,
49020458,0.26,0.0,0.0,9.5,9.4,Muine Hot Spring Center,Attractions,1.51,
49020458,0.26,0.0,0.0,9.5,9.4,WindChimes Kitesurf,Things to do,1.54,
49020458,0.26,0.0,0.0,9.5,9.4,U-mart,Supermarkets,1.62,
49020458,0.26,0.0,0.0,9.5,9.4,Entrance to beach,Things to do,1.71,
337919,,0.0,0.0,9.6,8.5,Life-Line Clinic,Hospitals and Medical Facilities,0.1,
337919,,0.0,0.0,9.6,8.5,Ham Tien Beach,Beaches,0.16,
337919,,0.0,0.0,9.6,8.5,Red Canyon,Natural Parks and Forests,0.18,
337919,,0.0,0.0,9.6,8.5,Kitewell,Entertainment,0.39,
337919,,0.0,0.0,9.6,8.5,C2sky,Fitness and Yoga Centers,0.42,
337919,,0.0,0.0,9.6,8.5,Đông Y,Hospitals and Medical Facilities,0.51,
337919,,0.0,0.0,9.6,8.5,Mui Ne Hils,Supermarkets,0.56,
337919,,0.0,0.0,9.6,8.5,Surfpoint Kiteboarding School,Things to do,0.68,
337919,,0.0,0.0,9.6,8.5,Entrance to beach,Things to do,0.71,
337919,,0.0,0.0,9.6,8.5,Surfpoint Vietnam,Entertainment,0.71,
185968,0.1,,0.0,8.9,8.5,Doi Duong Beach,Beaches,0.1,
185968,0.1,,0.0,8.9,8.5,Công viên Nguyễn Tất Thành,"Botanical Gardens, and Public Parks",0.11,
185968,0.1,,0.0,8.9,8.5,Công viên Đồi Dương,"Botanical Gardens, and Public Parks",0.17,
185968,0.1,,0.0,8.9,8.5,Hồ Vĩnh Thủy,"Rivers, Reservoirs, and Lakes",0.35,
185968,0.1,,0.0,8.9,8.5,Công viên Hòa Bình,"Botanical Gardens, and Public Parks",0.4,
185968,0.1,,0.0,8.9,8.5,Sport Park,"Botanical Gardens, and Public Parks",0.51,
185968,0.1,,0.0,8.9,8.5,Công viên Lộc Vừng,"Botanical Gardens, and Public Parks",0.54,
185968,0.1,,0.0,8.9,8.5,Binh Thuan Post Office,"Internet, Post and Phone Services",0.65,
185968,0.1,,0.0,8.9,8.5,Benh Vien Y Hoc Co Truyen Hospital,Hospitals and Medical Facilities,0.74,
185968,0.1,,0.0,8.9,8.5,Vinh Phu Church,Places of Worship,0.74,
39594846,0.2,0.0,0.0,9.5,8.5,Life-Line Clinic,Hospitals and Medical Facilities,0.11,
39594846,0.2,0.0,0.0,9.5,8.5,Red Canyon,Natural Parks and Forests,0.19,
39594846,0.2,0.0,0.0,9.5,8.5,Ham Tien Beach,Beaches,0.2,
39594846,0.2,0.0,0.0,9.5,8.5,Kitewell,Entertainment,0.4,
39594846,0.2,0.0,0.0,9.5,8.5,C2sky,Fitness and Yoga Centers,0.45,
39594846,0.2,0.0,0.0,9.5,8.5,Đông Y,Hospitals and Medical Facilities,0.52,
39594846,0.2,0.0,0.0,9.5,8.5,Mui Ne Hils,Supermarkets,0.54,
39594846,0.2,0.0,0.0,9.5,8.5,Surfpoint Kiteboarding School,Things to do,0.67,
39594846,0.2,0.0,0.0,9.5,8.5,Entrance to beach,Things to do,0.7,
39594846,0.2,0.0,0.0,9.5,8.5,Surfpoint Vietnam,Entertainment,0.71,
400981,0.04,0.0,0.0,6.7,9.8,Jibe Bar Diving Center,Camping and Outdoors,0.01,
400981,0.04,0.0,0.0,6.7,9.8,C2 Sky Kitesurfing Vietnam,Camping and Outdoors,0.01,
400981,0.04,0.0,0.0,6.7,9.8,Surfpoint Kiteboarding Center,Camping and Outdoors,0.04,
400981,0.04,0.0,0.0,6.7,9.8,Ham Tien Beach,Beaches,0.04,
400981,0.04,0.0,0.0,6.7,9.8,Sinh Cafe Coach Stop,"Train, Metro and Bus Stations",0.31,
400981,0.04,0.0,0.0,6.7,9.8,Vietnam Easy-Riders Group,Tourist and Travel Info,0.34,
400981,0.04,0.0,0.0,6.7,9.8,Jibe's Bar Diving Center,Things to do,1.31,
400981,0.04,0.0,0.0,6.7,9.8,Vinh tan,Hospitals and Medical Facilities,1.37,
400981,0.04,0.0,0.0,6.7,9.8,Ham Tien Market,Fresh Markets,1.42,
400981,0.04,0.0,0.0,6.7,9.8,Ham Tien Post Office,"Internet, Post and Phone Services",1.47,
47149373,,,0.0,9.0,8.3,Sunrise view,Things to do,0.26,
47149373,,,0.0,9.0,8.3,Jibe's Beach Club Suoi Nuoc Surfing,Things to do,1.34,
47149373,,,0.0,9.0,8.3,Camping with a view,Camping and Outdoors,3.1,
47149373,,,0.0,9.0,8.3,Bong lai tien canh,Camping and Outdoors,6.86,
47149373,,,0.0,9.0,8.3,hòn rơm,Camping and Outdoors,6.97,
47149373,,,0.0,9.0,8.3,Free camping,Camping and Outdoors,7.49,
47149373,,,0.0,9.0,8.3,Red Sand Dunes,Attractions,8.16,
47149373,,,0.0,9.0,8.3,Sand Dunes,Natural Parks and Forests,8.79,
47149373,,,0.0,9.0,8.3,Mui Ne Market,Shopping Centers and Areas,9.99,
47149373,,,0.0,9.0,8.3,Fairy Stream (Suoi Tien),Natural Parks and Forests,10.14,
92000481,,,,,,Sunrise view,Things to do,0.25,
92000481,,,,,,Jibe's Beach Club Suoi Nuoc Surfing,Things to do,1.34,
92000481,,,,,,Camping with a view,Camping and Outdoors,3.09,
92000481,,,,,,Bong lai tien canh,Camping and Outdoors,6.87,
92000481,,,,,,hòn rơm,Camping and Outdoors,6.98,
92000481,,,,,,Free camping,Camping and Outdoors,7.5,
92000481,,,,,,Red Sand Dunes,Attractions,8.17,
92000481,,,,,,Sand Dunes,Natural Parks and Forests,8.81,
92000481,,,,,,Mui Ne Market,Shopping Centers and Areas,10.0,
92000481,,,,,,Ham Tien Beach,Beaches,10.15,
52020,,2.22,0.0,7.5,8.3,Trung tâm huấn luyện Thể dục thể thao Quốc gia II - cơ sở Mũi Né,Entertainment,0.68,
52020,,2.22,0.0,7.5,8.3,Poshanu Tower,Places of Worship,1.05,
52020,,2.22,0.0,7.5,8.3,Bai Da Ong Dia,Attractions,1.45,
52020,,2.22,0.0,7.5,8.3,Biển Sealinks,Camping and Outdoors,1.5,
52020,,2.22,0.0,7.5,8.3,Sea Links City,Golf Courses,1.76,
52020,,2.22,0.0,7.5,8.3,Sea Link Golf Course,Golf Courses,1.91,
52020,,2.22,0.0,7.5,8.3,RD Wine Castle,Historical Buildings and Sites,2.11,
52020,,2.22,0.0,7.5,8.3,Ham Tien Beach,Beaches,2.15,
52020,,2.22,0.0,7.5,8.3,Po Sah Inu Towers,Monuments and Landmarks,2.47,
52020,,2.22,0.0,7.5,8.3,Ponashu Tower,Attractions,2.48,
1567551,0.53,0.01,7.5,8.1,8.7,C Mart,Supermarkets,0.38,
1567551,0.53,0.01,7.5,8.1,8.7,Supermarket K+Mark,Supermarkets,0.46,
1567551,0.53,0.01,7.5,8.1,8.7,Long Beach,Beaches,0.53,
1567551,0.53,0.01,7.5,8.1,8.7,Phu Quoc Medical Center,Hospitals and Medical Facilities,0.64,
1567551,0.53,0.01,7.5,8.1,8.7,Long Beach Pearl,Shopping Centers and Areas,0.67,
1567551,0.53,0.01,7.5,8.1,8.7,Coco Dive Center,Sports Venues,0.82,
1567551,0.53,0.01,7.5,8.1,8.7,Phu Quoc Hospital,Hospitals and Medical Facilities,0.96,
1567551,0.53,0.01,7.5,8.1,8.7,Vietnam Explore PADI Diving Center,Things to do,0.98,
1567551,0.53,0.01,7.5,8.1,8.7,Flipper Diving Club,Sport Centers and Swimming Pools,0.99,
1567551,0.53,0.01,7.5,8.1,8.7,Phil Hai Tourist,Sport Centers and Swimming Pools,1.12,
83294991,0.09,0.9,,,,Long Beach,Beaches,0.09,
83294991,0.09,0.9,,,,Nuoc Hoa Tan Hao,Supermarkets,0.44,
83294991,0.09,0.9,,,,Coi Nguon Museum,Museums and Art Galleries,0.44,
83294991,0.09,0.9,,,,Boutique ha spa,Spas and Onsens,0.52,
83294991,0.09,0.9,,,,Dive Center Searama,Camping and Outdoors,0.61,
83294991,0.09,0.9,,,,Phu Quoc Day Spa,Spas and Onsens,0.61,
83294991,0.09,0.9,,,,The Rabbit Hole Irish Bar,Bars,0.66,
83294991,0.09,0.9,,,,Sieu Thi Con Mart,Supermarkets,0.68,
83294991,0.09,0.9,,,,KingKong Mart,Supermarkets,0.72,
83294991,0.09,0.9,,,,Bin's Market,Supermarkets,0.73,
35749828,,,5.4,4.9,8.7,Rory's Beach Bar (Bar),Bars,0.37,
35749828,,,5.4,4.9,8.7,Da Ban Spring,Attractions,5.86,
35749828,,,5.4,4.9,8.7,Duong Dong Lake,"Rivers, Reservoirs, and Lakes",5.86,
35749828,,,5.4,4.9,8.7,NGÃ 3 quẹo vô tường hàng rào gạch,Camping and Outdoors,7.64,
35749828,,,5.4,4.9,8.7,Ham Ninh Pier,Ports/Ferries,9.0,
35749828,,,5.4,4.9,8.7,Cho Ham Ninh Market,Fresh Markets,9.14,
35749828,,,5.4,4.9,8.7,Phu Quoc National Park,Natural Parks and Forests,10.02,
35749828,,,5.4,4.9,8.7,Ngã 3 Cây Thông trong,Camping and Outdoors,10.24,
35749828,,,5.4,4.9,8.7,Phu Quoc Island,Natural Parks and Forests,10.26,
35749828,,,5.4,4.9,8.7,Nhà Dũng Tiến,Camping and Outdoors,10.45,
754563,0.77,0.04,8.3,8.5,8.7,Long Beach Pearl,Shopping Centers and Areas,0.41,
754563,0.77,0.04,8.3,8.5,8.7,KingKong Mart,Supermarkets,0.52,
754563,0.77,0.04,8.3,8.5,8.7,Bin's Market,Supermarkets,0.53,
754563,0.77,0.04,8.3,8.5,8.7,Dive Center Searama,Camping and Outdoors,0.66,
754563,0.77,0.04,8.3,8.5,8.7,Phu Quoc Day Spa,Spas and Onsens,0.66,
754563,0.77,0.04,8.3,8.5,8.7,The Rabbit Hole Irish Bar,Bars,0.68,
754563,0.77,0.04,8.3,8.5,8.7,Supermarket K+Mark,Supermarkets,0.72,
754563,0.77,0.04,8.3,8.5,8.7,Long Beach,Beaches,0.77,
754563,0.77,0.04,8.3,8.5,8.7,C Mart,Supermarkets,0.79,
754563,0.77,0.04,8.3,8.5,8.7,Coi Nguon Museum,Museums and Art Galleries,0.8,
488842,0.04,0.0,7.0,9.7,8.7,Long Beach,Beaches,0.04,
488842,0.04,0.0,7.0,9.7,8.7,Phil Hai Tourist,Sport Centers and Swimming Pools,0.06,
488842,0.04,0.0,7.0,9.7,8.7,Flipper Diving Club,Sport Centers and Swimming Pools,0.09,
488842,0.04,0.0,7.0,9.7,8.7,Vietnam Explore PADI Diving Center,Things to do,0.11,
488842,0.04,0.0,7.0,9.7,8.7,Sung Hung Pagoda,Monuments and Landmarks,0.14,
488842,0.04,0.0,7.0,9.7,8.7,Rainbow Divers,Things to do,0.19,
488842,0.04,0.0,7.0,9.7,8.7,Duong Dong Market,Shopping Centers and Areas,0.26,
488842,0.04,0.0,7.0,9.7,8.7,Post Office,"Internet, Post and Phone Services",0.28,
488842,0.04,0.0,7.0,9.7,8.7,Coco Dive Center,Sports Venues,0.29,
488842,0.04,0.0,7.0,9.7,8.7,Phu Quoc Night Merket,Shopping Centers and Areas,0.37,
47208010,0.27,0.0,7.5,8.2,8.7,C Mart,Supermarkets,0.12,
47208010,0.27,0.0,7.5,8.2,8.7,Supermarket K+Mark,Supermarkets,0.22,
47208010,0.27,0.0,7.5,8.2,8.7,Long Beach,Beaches,0.27,
47208010,0.27,0.0,7.5,8.2,8.7,Long Beach Pearl,Shopping Centers and Areas,0.55,
47208010,0.27,0.0,7.5,8.2,8.7,Phu Quoc Medical Center,Hospitals and Medical Facilities,0.78,
47208010,0.27,0.0,7.5,8.2,8.7,Coco Dive Center,Sports Venues,0.82,
47208010,0.27,0.0,7.5,8.2,8.7,Vietnam Explore PADI Diving Center,Things to do,0.99,
47208010,0.27,0.0,7.5,8.2,8.7,Flipper Diving Club,Sport Centers and Swimming Pools,1.01,
47208010,0.27,0.0,7.5,8.2,8.7,Bin's Market,Supermarkets,1.1,
47208010,0.27,0.0,7.5,8.2,8.7,The Rabbit Hole Irish Bar,Bars,1.1,
31179452,0.55,1.73,9.7,7.8,8.7,Sieu Thi Con Mart,Supermarkets,0.38,
31179452,0.55,1.73,9.7,7.8,8.7,Nuoc Hoa Tan Hao,Supermarkets,0.52,
31179452,0.55,1.73,9.7,7.8,8.7,Long Beach,Beaches,0.55,
31179452,0.55,1.73,9.7,7.8,8.7,Boutique ha spa,Spas and Onsens,0.63,
31179452,0.55,1.73,9.7,7.8,8.7,Landing Airplanes,Things to do,1.15,
31179452,0.55,1.73,9.7,7.8,8.7,Coi Nguon Museum,Museums and Art Galleries,1.27,
31179452,0.55,1.73,9.7,7.8,8.7,Dive Center Searama,Camping and Outdoors,1.43,
31179452,0.55,1.73,9.7,7.8,8.7,Ngoc Hien Pearl Farm,Supermarkets,1.44,
31179452,0.55,1.73,9.7,7.8,8.7,Phu Quoc Day Spa,Spas and Onsens,1.45,
31179452,0.55,1.73,9.7,7.8,8.7,KingKong Mart,Supermarkets,1.48,
86704271,0.25,,,,,Long Beach,Beaches,0.25,
86704271,0.25,,,,,INK 360 Rooftop Bar,Bars,0.4,
86704271,0.25,,,,,Farmers' Market,Supermarkets,3.97,
86704271,0.25,,,,,Sunset Sanato Beach Club,Things to do,4.29,
86704271,0.25,,,,,T Mart,Supermarkets,4.82,
86704271,0.25,,,,,Phu Quoc Pearl Farm,Shops,4.83,
86704271,0.25,,,,,Ho Quoc Temple,Places of Worship,5.01,
86704271,0.25,,,,,Phu Quoc International Airport,Airports,5.5,
86704271,0.25,,,,,Airport viewpoint,Things to do,5.64,
86704271,0.25,,,,,Ngoc Hien Pearl Farm,Supermarkets,6.09,
88640596,,,,,,Department of Chemistry Bar - JW Marriott Phu Quoc Emerald Bay Resort & Spa,Bars,0.68,
88640596,,,,,,Phu Quoc Prison,Historical Buildings and Sites,0.94,
88640596,,,,,,Sao Beach,Beaches,1.85,
88640596,,,,,,Benh Xa Quan Dan Y Dao Phu Quoc,Hospitals and Medical Facilities,2.05,
88640596,,,,,,Hon Thom Cable Car,"Train, Metro and Bus Stations",2.26,
88640596,,,,,,Sung Duc Pagoda,Places of Worship,3.02,
88640596,,,,,,An Thoi Port,Ports/Ferries,3.04,
88640596,,,,,,Long Beach,Beaches,4.38,
88640596,,,,,,Ho Quoc Temple,Places of Worship,8.04,
88640596,,,,,,Sunworld Hon Thom Phu Quoc,"Amusement, Theme parks, and Water parks",9.23,
11013,,0.0,7.2,9.8,8.7,Long Beach,Beaches,0.06,
11013,,0.0,7.2,9.8,8.7,Coco Dive Center,Sports Venues,0.32,
11013,,0.0,7.2,9.8,8.7,Phu Quoc Medical Center,Hospitals and Medical Facilities,0.42,
11013,,0.0,7.2,9.8,8.7,Vietnam Explore PADI Diving Center,Things to do,0.5,
11013,,0.0,7.2,9.8,8.7,Flipper Diving Club,Sport Centers and Swimming Pools,0.51,
11013,,0.0,7.2,9.8,8.7,C Mart,Supermarkets,0.62,
11013,,0.0,7.2,9.8,8.7,Phil Hai Tourist,Sport Centers and Swimming Pools,0.67,
11013,,0.0,7.2,9.8,8.7,Supermarket K+Mark,Supermarkets,0.72,
11013,,0.0,7.2,9.8,8.7,Sung Hung Pagoda,Monuments and Landmarks,0.73,
11013,,0.0,7.2,9.8,8.7,Rainbow Divers,Things to do,0.74,
1275909,0.31,0.41,8.6,9.8,8.7,Coi Nguon Museum,Museums and Art Galleries,0.09,
1275909,0.31,0.41,8.6,9.8,8.7,Dive Center Searama,Camping and Outdoors,0.09,
1275909,0.31,0.41,8.6,9.8,8.7,Phu Quoc Day Spa,Spas and Onsens,0.1,
1275909,0.31,0.41,8.6,9.8,8.7,The Rabbit Hole Irish Bar,Bars,0.2,
1275909,0.31,0.41,8.6,9.8,8.7,Bin's Market,Supermarkets,0.2,
1275909,0.31,0.41,8.6,9.8,8.7,KingKong Mart,Supermarkets,0.2,
1275909,0.31,0.41,8.6,9.8,8.7,Long Beach,Beaches,0.31,
1275909,0.31,0.41,8.6,9.8,8.7,Boutique ha spa,Spas and Onsens,0.74,
1275909,0.31,0.41,8.6,9.8,8.7,Long Beach Pearl,Shopping Centers and Areas,0.77,
1275909,0.31,0.41,8.6,9.8,8.7,Nuoc Hoa Tan Hao,Supermarkets,0.9,
12658706,0.46,0.02,6.6,8.9,8.7,Phu Quoc Night Market,Fresh Markets,0.23,
12658706,0.46,0.02,6.6,8.9,8.7,Fish Sauce Factory,Monuments and Landmarks,0.31,
12658706,0.46,0.02,6.6,8.9,8.7,Cao Dai Temple,Places of Worship,0.35,
12658706,0.46,0.02,6.6,8.9,8.7,Phu Quoc Crafts,Shops,0.4,
12658706,0.46,0.02,6.6,8.9,8.7,Phu Quoc Night Merket,Shopping Centers and Areas,0.41,
12658706,0.46,0.02,6.6,8.9,8.7,Vietnam Airlines Office,Famous Buildings,0.43,
12658706,0.46,0.02,6.6,8.9,8.7,Long Beach,Beaches,0.46,
12658706,0.46,0.02,6.6,8.9,8.7,Post Office,"Internet, Post and Phone Services",0.47,
12658706,0.46,0.02,6.6,8.9,8.7,Cau Castle,Famous Buildings,0.47,
12658706,0.46,0.02,6.6,8.9,8.7,Dinh Cau Rock (Cua Temple),Monuments and Landmarks,0.49,
34249576,,,4.9,10.0,8.7,Department of Chemistry Bar - JW Marriott Phu Quoc Emerald Bay Resort & Spa,Bars,0.28,
34249576,,,4.9,10.0,8.7,Phu Quoc Prison,Historical Buildings and Sites,1.56,
34249576,,,4.9,10.0,8.7,Sao Beach,Beaches,1.71,
34249576,,,4.9,10.0,8.7,Benh Xa Quan Dan Y Dao Phu Quoc,Hospitals and Medical Facilities,2.23,
34249576,,,4.9,10.0,8.7,Hon Thom Cable Car,"Train, Metro and Bus Stations",2.75,
34249576,,,4.9,10.0,8.7,An Thoi Port,Ports/Ferries,3.19,
34249576,,,4.9,10.0,8.7,Sung Duc Pagoda,Places of Worship,3.27,
34249576,,,4.9,10.0,8.7,Long Beach,Beaches,5.04,
34249576,,,4.9,10.0,8.7,Ho Quoc Temple,Places of Worship,8.21,
34249576,,,4.9,10.0,8.7,Sunworld Hon Thom Phu Quoc,"Amusement, Theme parks, and Water parks",9.14,
80191658,,,,,,Hon Thom Cable Car,"Train, Metro and Bus Stations",1.0,
80191658,,,,,,Phu Quoc Prison,Historical Buildings and Sites,1.39,
80191658,,,,,,Benh Xa Quan Dan Y Dao Phu Quoc,Hospitals and Medical Facilities,2.05,
80191658,,,,,,Sung Duc Pagoda,Places of Worship,2.4,
80191658,,,,,,Department of Chemistry Bar - JW Marriott Phu Quoc Emerald Bay Resort & Spa,Bars,2.44,
80191658,,,,,,An Thoi Port,Ports/Ferries,2.75,
80191658,,,,,,Long Beach,Beaches,3.06,
80191658,,,,,,Sao Beach,Beaches,3.4,
80191658,,,,,,Ho Quoc Temple,Places of Worship,8.51,
80191658,,,,,,INK 360 Rooftop Bar,Bars,8.86,
78363671,,,,,,Hon Thom Cable Car,"Train, Metro and Bus Stations",0.25,
78363671,,,,,,Benh Xa Quan Dan Y Dao Phu Quoc,Hospitals and Medical Facilities,1.31,
78363671,,,,,,Sung Duc Pagoda,Places of Worship,1.55,
78363671,,,,,,Phu Quoc Prison,Historical Buildings and Sites,1.88,
78363671,,,,,,An Thoi Port,Ports/Ferries,1.9,
78363671,,,,,,Department of Chemistry Bar - JW Marriott Phu Quoc Emerald Bay Resort & Spa,Bars,2.34,
78363671,,,,,,Sao Beach,Beaches,3.78,
78363671,,,,,,Long Beach,Beaches,3.79,
78363671,,,,,,Sunworld Hon Thom Phu Quoc,"Amusement, Theme parks, and Water parks",8.19,
78363671,,,,,,Hon Thom Island,Islands,8.52,
11056700,0.12,0.0,7.0,9.6,8.7,Long Beach,Beaches,0.12,
11056700,0.12,0.0,7.0,9.6,8.7,Vietnam Explore PADI Diving Center,Things to do,0.14,
11056700,0.12,0.0,7.0,9.6,8.7,Flipper Diving Club,Sport Centers and Swimming Pools,0.14,
11056700,0.12,0.0,7.0,9.6,8.7,Coco Dive Center,Sports Venues,0.2,
11056700,0.12,0.0,7.0,9.6,8.7,Phil Hai Tourist,Sport Centers and Swimming Pools,0.21,
11056700,0.12,0.0,7.0,9.6,8.7,Rainbow Divers,Things to do,0.24,
11056700,0.12,0.0,7.0,9.6,8.7,Sung Hung Pagoda,Monuments and Landmarks,0.25,
11056700,0.12,0.0,7.0,9.6,8.7,Phu Quoc Medical Center,Hospitals and Medical Facilities,0.31,
11056700,0.12,0.0,7.0,9.6,8.7,Post Office,"Internet, Post and Phone Services",0.34,
11056700,0.12,0.0,7.0,9.6,8.7,Phu Quoc Night Merket,Shopping Centers and Areas,0.39,
61378897,0.24,,,,,Long Beach,Beaches,0.24,
61378897,0.24,,,,,INK 360 Rooftop Bar,Bars,0.39,
61378897,0.24,,,,,Farmers' Market,Supermarkets,3.99,
61378897,0.24,,,,,Sunset Sanato Beach Club,Things to do,4.3,
61378897,0.24,,,,,T Mart,Supermarkets,4.84,
61378897,0.24,,,,,Phu Quoc Pearl Farm,Shops,4.84,
61378897,0.24,,,,,Ho Quoc Temple,Places of Worship,5.05,
61378897,0.24,,,,,Phu Quoc International Airport,Airports,5.53,
61378897,0.24,,,,,Airport viewpoint,Things to do,5.66,
61378897,0.24,,,,,Ngoc Hien Pearl Farm,Supermarkets,6.1,
70368927,0.91,0.0,,,,Phu Quoc Hospital,Hospitals and Medical Facilities,0.17,
70368927,0.91,0.0,,,,National Karaoke Quynh,Bars,0.44,
70368927,0.91,0.0,,,,Phu Quoc Medical Center,Hospitals and Medical Facilities,0.53,
70368927,0.91,0.0,,,,Phu Quoc Night Merket,Shopping Centers and Areas,0.69,
70368927,0.91,0.0,,,,Rainbow Divers,Things to do,0.75,
70368927,0.91,0.0,,,,Cao Dai Temple,Places of Worship,0.76,
70368927,0.91,0.0,,,,Post Office,"Internet, Post and Phone Services",0.76,
70368927,0.91,0.0,,,,Sung Hung Pagoda,Monuments and Landmarks,0.82,
70368927,0.91,0.0,,,,Coco Dive Center,Sports Venues,0.84,
70368927,0.91,0.0,,,,Phu Quoc Night Market,Fresh Markets,0.85,
5972590,,,4.8,8.6,8.7,Department of Chemistry Bar - JW Marriott Phu Quoc Emerald Bay Resort & Spa,Bars,0.26,
5972590,,,4.8,8.6,8.7,Phu Quoc Prison,Historical Buildings and Sites,1.38,
5972590,,,4.8,8.6,8.7,Benh Xa Quan Dan Y Dao Phu Quoc,Hospitals and Medical Facilities,1.87,
5972590,,,4.8,8.6,8.7,Sao Beach,Beaches,1.99,
5972590,,,4.8,8.6,8.7,Hon Thom Cable Car,"Train, Metro and Bus Stations",2.36,
5972590,,,4.8,8.6,8.7,An Thoi Port,Ports/Ferries,2.85,
5972590,,,4.8,8.6,8.7,Sung Duc Pagoda,Places of Worship,2.9,
5972590,,,4.8,8.6,8.7,Long Beach,Beaches,4.84,
5972590,,,4.8,8.6,8.7,Ho Quoc Temple,Places of Worship,8.38,
5972590,,,4.8,8.6,8.7,Sunworld Hon Thom Phu Quoc,"Amusement, Theme parks, and Water parks",8.91,
85760429,0.15,,,,,Long Beach,Beaches,0.15,
85760429,0.15,,,,,INK 360 Rooftop Bar,Bars,0.46,
85760429,0.15,,,,,Farmers' Market,Supermarkets,3.94,
85760429,0.15,,,,,Sunset Sanato Beach Club,Things to do,4.24,
85760429,0.15,,,,,T Mart,Supermarkets,4.79,
85760429,0.15,,,,,Phu Quoc Pearl Farm,Shops,4.79,
85760429,0.15,,,,,Ho Quoc Temple,Places of Worship,5.14,
85760429,0.15,,,,,Phu Quoc International Airport,Airports,5.52,
85760429,0.15,,,,,Airport viewpoint,Things to do,5.63,
85760429,0.15,,,,,Ngoc Hien Pearl Farm,Supermarkets,6.05,
47613575,,,4.3,6.4,9.4,Hon Thom Cable Car,"Train, Metro and Bus Stations",0.28,
47613575,,,4.3,6.4,9.4,Benh Xa Quan Dan Y Dao Phu Quoc,Hospitals and Medical Facilities,1.28,
47613575,,,4.3,6.4,9.4,Sung Duc Pagoda,Places of Worship,1.55,
47613575,,,4.3,6.4,9.4,Phu Quoc Prison,Historical Buildings and Sites,1.87,
47613575,,,4.3,6.4,9.4,An Thoi Port,Ports/Ferries,1.89,
47613575,,,4.3,6.4,9.4,Department of Chemistry Bar - JW Marriott Phu Quoc Emerald Bay Resort & Spa,Bars,2.3,
47613575,,,4.3,6.4,9.4,Sao Beach,Beaches,3.71,
47613575,,,4.3,6.4,9.4,Long Beach,Beaches,3.86,
47613575,,,4.3,6.4,9.4,Sunworld Hon Thom Phu Quoc,"Amusement, Theme parks, and Water parks",8.19,
47613575,,,4.3,6.4,9.4,Hon Thom Island,Islands,8.52,
39687976,0.24,,7.8,4.9,8.7,Long Beach,Beaches,0.24,
39687976,0.24,,7.8,4.9,8.7,INK 360 Rooftop Bar,Bars,0.36,
39687976,0.24,,7.8,4.9,8.7,Farmers' Market,Supermarkets,4.01,
39687976,0.24,,7.8,4.9,8.7,Sunset Sanato Beach Club,Things to do,4.33,
39687976,0.24,,7.8,4.9,8.7,T Mart,Supermarkets,4.86,
39687976,0.24,,7.8,4.9,8.7,Phu Quoc Pearl Farm,Shops,4.87,
39687976,0.24,,7.8,4.9,8.7,Ho Quoc Temple,Places of Worship,5.0,
39687976,0.24,,7.8,4.9,8.7,Phu Quoc International Airport,Airports,5.53,
39687976,0.24,,7.8,4.9,8.7,Airport viewpoint,Things to do,5.68,
39687976,0.24,,7.8,4.9,8.7,Ngoc Hien Pearl Farm,Supermarkets,6.13,
5442703,,,2.3,7.3,8.7,Dai Beach,Beaches,0.39,
5442703,,,2.3,7.3,8.7,Corona Casino,Casinos,0.79,
5442703,,,2.3,7.3,8.7,Vinpearl Grand World Phu Quoc,"Amusement, Theme parks, and Water parks",0.88,
5442703,,,2.3,7.3,8.7,Vinmec International Hospital,Hospitals and Medical Facilities,0.98,
5442703,,,2.3,7.3,8.7,Vinwonders Phu Quoc,"Amusement, Theme parks, and Water parks",1.3,
5442703,,,2.3,7.3,8.7,OBOB Beach Club Island (formerly Rock Island Club),Bars,3.23,
5442703,,,2.3,7.3,8.7,Fingernail Island,"Rivers, Reservoirs, and Lakes",3.24,
5442703,,,2.3,7.3,8.7,Vinpearl Safari Phu Quoc,Zoos and Aquariums,4.25,
5442703,,,2.3,7.3,8.7,Mui Ganh Dau Beach,Beaches,5.01,
5442703,,,2.3,7.3,8.7,Đình Thần Nguyễn Trung Trực Pagoda,Places of Worship,5.18,
85404266,0.36,,,,,Long Beach,Beaches,0.36,
85404266,0.36,,,,,INK 360 Rooftop Bar,Bars,0.43,
85404266,0.36,,,,,Farmers' Market,Supermarkets,3.95,
85404266,0.36,,,,,Sunset Sanato Beach Club,Things to do,4.28,
85404266,0.36,,,,,T Mart,Supermarkets,4.8,
85404266,0.36,,,,,Phu Quoc Pearl Farm,Shops,4.81,
85404266,0.36,,,,,Ho Quoc Temple,Places of Worship,4.91,
85404266,0.36,,,,,Phu Quoc International Airport,Airports,5.43,
85404266,0.36,,,,,Airport viewpoint,Things to do,5.61,
85404266,0.36,,,,,Ngoc Hien Pearl Farm,Supermarkets,6.09,
88064160,,,,,,Hon Thom Cable Car,"Train, Metro and Bus Stations",0.49,
88064160,,,,,,Benh Xa Quan Dan Y Dao Phu Quoc,Hospitals and Medical Facilities,1.8,
88064160,,,,,,Sung Duc Pagoda,Places of Worship,1.9,
88064160,,,,,,Phu Quoc Prison,Historical Buildings and Sites,1.94,
88064160,,,,,,An Thoi Port,Ports/Ferries,2.31,
88064160,,,,,,Department of Chemistry Bar - JW Marriott Phu Quoc Emerald Bay Resort & Spa,Bars,2.7,
88064160,,,,,,Long Beach,Beaches,3.39,
88064160,,,,,,Sao Beach,Beaches,3.88,
88064160,,,,,,Sunworld Hon Thom Phu Quoc,"Amusement, Theme parks, and Water parks",8.51,
88064160,,,,,,Hon Thom Island,Islands,8.83,
9776735,,,8.3,4.9,8.7,Long Beach,Beaches,0.34,
9776735,,,8.3,4.9,8.7,INK 360 Rooftop Bar,Bars,0.84,
9776735,,,8.3,4.9,8.7,Farmers' Market,Supermarkets,3.53,
9776735,,,8.3,4.9,8.7,Sunset Sanato Beach Club,Things to do,3.87,
9776735,,,8.3,4.9,8.7,T Mart,Supermarkets,4.39,
9776735,,,8.3,4.9,8.7,Phu Quoc Pearl Farm,Shops,4.39,
9776735,,,8.3,4.9,8.7,Ho Quoc Temple,Places of Worship,5.03,
9776735,,,8.3,4.9,8.7,Phu Quoc International Airport,Airports,5.05,
9776735,,,8.3,4.9,8.7,Airport viewpoint,Things to do,5.19,
9776735,,,8.3,4.9,8.7,Ngoc Hien Pearl Farm,Supermarkets,5.67,
4968811,,1.77,9.4,9.2,8.7,Sieu Thi Con Mart,Supermarkets,0.3,
4968811,,1.77,9.4,9.2,8.7,Nuoc Hoa Tan Hao,Supermarkets,0.53,
4968811,,1.77,9.4,9.2,8.7,Boutique ha spa,Spas and Onsens,0.89,
4968811,,1.77,9.4,9.2,8.7,Landing Airplanes,Things to do,0.95,
4968811,,1.77,9.4,9.2,8.7,Coi Nguon Museum,Museums and Art Galleries,1.32,
4968811,,1.77,9.4,9.2,8.7,Ngoc Hien Pearl Farm,Supermarkets,1.32,
4968811,,1.77,9.4,9.2,8.7,Dive Center Searama,Camping and Outdoors,1.48,
4968811,,1.77,9.4,9.2,8.7,Phu Quoc Day Spa,Spas and Onsens,1.5,
4968811,,1.77,9.4,9.2,8.7,The Rabbit Hole Irish Bar,Bars,1.55,
2430159,,0.0,6.9,10.0,8.7,Sung Hung Pagoda,Monuments and Landmarks,0.03,
2430159,,0.0,6.9,10.0,8.7,Rainbow Divers,Things to do,0.08,
2430159,,0.0,6.9,10.0,8.7,Long Beach,Beaches,0.09,
2430159,,0.0,6.9,10.0,8.7,Phil Hai Tourist,Sport Centers and Swimming Pools,0.1,
2430159,,0.0,6.9,10.0,8.7,Post Office,"Internet, Post and Phone Services",0.13,
2430159,,0.0,6.9,10.0,8.7,Duong Dong Market,Shopping Centers and Areas,0.13,
2430159,,0.0,6.9,10.0,8.7,Phu Quoc Night Merket,Shopping Centers and Areas,0.22,
2430159,,0.0,6.9,10.0,8.7,Cao Dai Temple,Places of Worship,0.24,
2430159,,0.0,6.9,10.0,8.7,Flipper Diving Club,Sport Centers and Swimming Pools,0.26,
2430159,,0.0,6.9,10.0,8.7,Vietnam Explore PADI Diving Center,Things to do,0.27,
6352970,0.92,0.0,7.1,7.7,8.7,Phu Quoc Hospital,Hospitals and Medical Facilities,0.13,
6352970,0.92,0.0,7.1,7.7,8.7,National Karaoke Quynh,Bars,0.43,
6352970,0.92,0.0,7.1,7.7,8.7,Phu Quoc Medical Center,Hospitals and Medical Facilities,0.58,
6352970,0.92,0.0,7.1,7.7,8.7,Phu Quoc Night Merket,Shopping Centers and Areas,0.73,
6352970,0.92,0.0,7.1,7.7,8.7,Cao Dai Temple,Places of Worship,0.79,
6352970,0.92,0.0,7.1,7.7,8.7,Rainbow Divers,Things to do,0.79,
6352970,0.92,0.0,7.1,7.7,8.7,Post Office,"Internet, Post and Phone Services",0.8,
6352970,0.92,0.0,7.1,7.7,8.7,Duong Dong Stadium,Sports Venues,0.86,
6352970,0.92,0.0,7.1,7.7,8.7,Sung Hung Pagoda,Monuments and Landmarks,0.86,
6352970,0.92,0.0,7.1,7.7,8.7,Phu Quoc Night Market,Fresh Markets,0.88,
625168,,,2.3,9.9,8.7,Dai Beach,Beaches,0.0,
625168,,,2.3,9.9,8.7,Vinwonders Phu Quoc,"Amusement, Theme parks, and Water parks",0.12,
625168,,,2.3,9.9,8.7,Vinmec International Hospital,Hospitals and Medical Facilities,0.85,
625168,,,2.3,9.9,8.7,Corona Casino,Casinos,1.55,
625168,,,2.3,9.9,8.7,Vinpearl Grand World Phu Quoc,"Amusement, Theme parks, and Water parks",1.68,
625168,,,2.3,9.9,8.7,Mui Ganh Dau Beach,Beaches,3.81,
625168,,,2.3,9.9,8.7,Đình Thần Nguyễn Trung Trực Pagoda,Places of Worship,4.02,
625168,,,2.3,9.9,8.7,OBOB Beach Club Island (formerly Rock Island Club),Bars,4.41,
625168,,,2.3,9.9,8.7,Fingernail Island,"Rivers, Reservoirs, and Lakes",4.42,
625168,,,2.3,9.9,8.7,Vinpearl Safari Phu Quoc,Zoos and Aquariums,4.62,
29461033,,0.51,7.3,6.9,8.7,Phu Quoc Hospital,Hospitals and Medical Facilities,0.58,
29461033,,0.51,7.3,6.9,8.7,National Karaoke Quynh,Bars,0.87,
29461033,,0.51,7.3,6.9,8.7,Mini Mart,Supermarkets,0.95,
29461033,,0.51,7.3,6.9,8.7,Duong Dong Stadium,Sports Venues,1.1,
29461033,,0.51,7.3,6.9,8.7,Phu Quoc Biking Tours - Day Tours,Camping and Outdoors,1.18,
29461033,,0.51,7.3,6.9,8.7,Phu Quoc Medical Center,Hospitals and Medical Facilities,1.24,
29461033,,0.51,7.3,6.9,8.7,Phu Quoc GYM,Fitness and Yoga Centers,1.27,
29461033,,0.51,7.3,6.9,8.7,Vietnam Airlines Office,Famous Buildings,1.38,
29461033,,0.51,7.3,6.9,8.7,Phu Quoc Night Merket,Shopping Centers and Areas,1.41,
29461033,,0.51,7.3,6.9,8.7,Phu Quoc Crafts,Shops,1.45,
59358953,,,4.4,6.4,9.4,Hon Thom Cable Car,"Train, Metro and Bus Stations",0.21,
59358953,,,4.4,6.4,9.4,Benh Xa Quan Dan Y Dao Phu Quoc,Hospitals and Medical Facilities,1.23,
59358953,,,4.4,6.4,9.4,Sung Duc Pagoda,Places of Worship,1.46,
59358953,,,4.4,6.4,9.4,An Thoi Port,Ports/Ferries,1.81,
59358953,,,4.4,6.4,9.4,Phu Quoc Prison,Historical Buildings and Sites,1.96,
59358953,,,4.4,6.4,9.4,Department of Chemistry Bar - JW Marriott Phu Quoc Emerald Bay Resort & Spa,Bars,2.35,
59358953,,,4.4,6.4,9.4,Sao Beach,Beaches,3.77,
59358953,,,4.4,6.4,9.4,Long Beach,Beaches,3.93,
59358953,,,4.4,6.4,9.4,Sunworld Hon Thom Phu Quoc,"Amusement, Theme parks, and Water parks",8.1,
59358953,,,4.4,6.4,9.4,Hon Thom Island,Islands,8.43,
35312609,0.1,0.35,8.4,9.4,8.7,Long Beach,Beaches,0.1,
35312609,0.1,0.35,8.4,9.4,8.7,The Rabbit Hole Irish Bar,Bars,0.14,
35312609,0.1,0.35,8.4,9.4,8.7,Phu Quoc Day Spa,Spas and Onsens,0.17,
35312609,0.1,0.35,8.4,9.4,8.7,Dive Center Searama,Camping and Outdoors,0.18,
35312609,0.1,0.35,8.4,9.4,8.7,Coi Nguon Museum,Museums and Art Galleries,0.22,
35312609,0.1,0.35,8.4,9.4,8.7,Bin's Market,Supermarkets,0.29,
35312609,0.1,0.35,8.4,9.4,8.7,KingKong Mart,Supermarkets,0.33,
35312609,0.1,0.35,8.4,9.4,8.7,Long Beach Pearl,Shopping Centers and Areas,0.76,
35312609,0.1,0.35,8.4,9.4,8.7,Boutique ha spa,Spas and Onsens,0.88,
35312609,0.1,0.35,8.4,9.4,8.7,Nuoc Hoa Tan Hao,Supermarkets,0.96,
34479033,,,3.1,8.3,8.7,Vinpearl Grand World Phu Quoc,"Amusement, Theme parks, and Water parks",0.45,
34479033,,,3.1,8.3,8.7,Corona Casino,Casinos,0.49,
34479033,,,3.1,8.3,8.7,Dai Beach,Beaches,1.12,
34479033,,,3.1,8.3,8.7,Vinmec International Hospital,Hospitals and Medical Facilities,1.28,
34479033,,,3.1,8.3,8.7,Vinwonders Phu Quoc,"Amusement, Theme parks, and Water parks",1.95,
34479033,,,3.1,8.3,8.7,OBOB Beach Club Island (formerly Rock Island Club),Bars,2.79,
34479033,,,3.1,8.3,8.7,Fingernail Island,"Rivers, Reservoirs, and Lakes",2.8,
34479033,,,3.1,8.3,8.7,Vinpearl Safari Phu Quoc,Zoos and Aquariums,3.68,
34479033,,,3.1,8.3,8.7,Mui Ganh Dau Beach,Beaches,5.55,
34479033,,,3.1,8.3,8.7,Đình Thần Nguyễn Trung Trực Pagoda,Places of Worship,5.68,
17242876,,,3.1,7.9,8.7,Vinpearl Grand World Phu Quoc,"Amusement, Theme parks, and Water parks",0.64,
17242876,,,3.1,7.9,8.7,Corona Casino,Casinos,0.66,
17242876,,,3.1,7.9,8.7,Dai Beach,Beaches,1.09,
17242876,,,3.1,7.9,8.7,Vinmec International Hospital,Hospitals and Medical Facilities,1.37,
17242876,,,3.1,7.9,8.7,Vinwonders Phu Quoc,"Amusement, Theme parks, and Water parks",1.96,
17242876,,,3.1,7.9,8.7,OBOB Beach Club Island (formerly Rock Island Club),Bars,2.68,
17242876,,,3.1,7.9,8.7,Fingernail Island,"Rivers, Reservoirs, and Lakes",2.69,
17242876,,,3.1,7.9,8.7,Vinpearl Safari Phu Quoc,Zoos and Aquariums,3.88,
17242876,,,3.1,7.9,8.7,Mui Ganh Dau Beach,Beaches,5.62,
17242876,,,3.1,7.9,8.7,Đình Thần Nguyễn Trung Trực Pagoda,Places of Worship,5.75,
181816,,0.0,7.4,9.1,8.7,Long Beach,Beaches,0.1,
181816,,0.0,7.4,9.1,8.7,C Mart,Supermarkets,0.34,
181816,,0.0,7.4,9.1,8.7,Supermarket K+Mark,Supermarkets,0.44,
181816,,0.0,7.4,9.1,8.7,Phu Quoc Medical Center,Hospitals and Medical Facilities,0.59,
181816,,0.0,7.4,9.1,8.7,Coco Dive Center,Sports Venues,0.6,
181816,,0.0,7.4,9.1,8.7,Long Beach Pearl,Shopping Centers and Areas,0.77,
181816,,0.0,7.4,9.1,8.7,Vietnam Explore PADI Diving Center,Things to do,0.77,
181816,,0.0,7.4,9.1,8.7,Flipper Diving Club,Sport Centers and Swimming Pools,0.79,
181816,,0.0,7.4,9.1,8.7,Phil Hai Tourist,Sport Centers and Swimming Pools,0.94,
181816,,0.0,7.4,9.1,8.7,Sung Hung Pagoda,Monuments and Landmarks,1.0,
36794957,0.1,0.0,8.5,9.1,8.7,Vietnam Explore PADI Diving Center,Things to do,0.08,
36794957,0.1,0.0,8.5,9.1,8.7,Flipper Diving Club,Sport Centers and Swimming Pools,0.09,
36794957,0.1,0.0,8.5,9.1,8.7,Long Beach,Beaches,0.1,
36794957,0.1,0.0,8.5,9.1,8.7,Coco Dive Center,Sports Venues,0.13,
36794957,0.1,0.0,8.5,9.1,8.7,Phil Hai Tourist,Sport Centers and Swimming Pools,0.22,
36794957,0.1,0.0,8.5,9.1,8.7,Sung Hung Pagoda,Monuments and Landmarks,0.27,
36794957,0.1,0.0,8.5,9.1,8.7,Rainbow Divers,Things to do,0.29,
36794957,0.1,0.0,8.5,9.1,8.7,Phu Quoc Medical Center,Hospitals and Medical Facilities,0.34,
36794957,0.1,0.0,8.5,9.1,8.7,Post Office,"Internet, Post and Phone Services",0.39,
36794957,0.1,0.0,8.5,9.1,8.7,Duong Dong Market,Shopping Centers and Areas,0.42,
92655779,0.57,,,,,Long Beach,Beaches,0.57,
92655779,0.57,,,,,INK 360 Rooftop Bar,Bars,1.92,
92655779,0.57,,,,,Farmers' Market,Supermarkets,2.45,
92655779,0.57,,,,,Sunset Sanato Beach Club,Things to do,2.83,
92655779,0.57,,,,,T Mart,Supermarkets,3.31,
92655779,0.57,,,,,Phu Quoc Pearl Farm,Shops,3.31,
92655779,0.57,,,,,Phu Quoc International Airport,Airports,4.07,
92655779,0.57,,,,,Airport viewpoint,Things to do,4.12,
92655779,0.57,,,,,Ngoc Hien Pearl Farm,Supermarkets,4.61,
92655779,0.57,,,,,Landing Airplanes,Things to do,4.98,
37712446,,,4.8,6.1,9.1,Hon Thom Cable Car,"Train, Metro and Bus Stations",0.48,
37712446,,,4.8,6.1,9.1,Benh Xa Quan Dan Y Dao Phu Quoc,Hospitals and Medical Facilities,1.79,
37712446,,,4.8,6.1,9.1,Sung Duc Pagoda,Places of Worship,1.89,
37712446,,,4.8,6.1,9.1,Phu Quoc Prison,Historical Buildings and Sites,1.95,
37712446,,,4.8,6.1,9.1,An Thoi Port,Ports/Ferries,2.3,
37712446,,,4.8,6.1,9.1,Department of Chemistry Bar - JW Marriott Phu Quoc Emerald Bay Resort & Spa,Bars,2.7,
37712446,,,4.8,6.1,9.1,Long Beach,Beaches,3.4,
37712446,,,4.8,6.1,9.1,Sao Beach,Beaches,3.89,
37712446,,,4.8,6.1,9.1,Sunworld Hon Thom Phu Quoc,"Amusement, Theme parks, and Water parks",8.5,
37712446,,,4.8,6.1,9.1,Hon Thom Island,Islands,8.82,
85141652,0.35,,,,,Long Beach,Beaches,0.35,
85141652,0.35,,,,,INK 360 Rooftop Bar,Bars,0.4,
85141652,0.35,,,,,Farmers' Market,Supermarkets,3.99,
85141652,0.35,,,,,Sunset Sanato Beach Club,Things to do,4.34,
85141652,0.35,,,,,Ho Quoc Temple,Places of Worship,4.85,
85141652,0.35,,,,,T Mart,Supermarkets,4.85,
85141652,0.35,,,,,Phu Quoc Pearl Farm,Shops,4.85,
85141652,0.35,,,,,Phu Quoc International Airport,Airports,5.45,
85141652,0.35,,,,,Airport viewpoint,Things to do,5.65,
85141652,0.35,,,,,Ngoc Hien Pearl Farm,Supermarkets,6.14,
48370,,,5.9,8.0,8.7,Snorkeling spot,Things to do,0.78,
48370,,,5.9,8.0,8.7,PQ LITTLE MART,Shopping Centers and Areas,0.96,
48370,,,5.9,8.0,8.7,Doi's Store,Shops,0.97,
48370,,,5.9,8.0,8.7,Phu Quoc Gallery of Contemporary Art (GoCA),Museums and Art Galleries,1.01,
48370,,,5.9,8.0,8.7,La Paloma,Supermarkets,1.19,
48370,,,5.9,8.0,8.7,Happy Farm PQ,Camping and Outdoors,1.5,
48370,,,5.9,8.0,8.7,K+Mark,Supermarkets,3.7,
48370,,,5.9,8.0,8.7,Fruits,Supermarkets,4.09,
48370,,,5.9,8.0,8.7,Da Ban Stream,Natural Parks and Forests,4.12,
48370,,,5.9,8.0,8.7,Fish Sauce Factory,Monuments and Landmarks,4.15,
1157572,,,8.7,4.9,8.7,INK 360 Rooftop Bar,Bars,1.83,
1157572,,,8.7,4.9,8.7,Farmers' Market,Supermarkets,2.62,
1157572,,,8.7,4.9,8.7,Sunset Sanato Beach Club,Things to do,2.87,
1157572,,,8.7,4.9,8.7,Phu Quoc Pearl Farm,Shops,3.46,
1157572,,,8.7,4.9,8.7,T Mart,Supermarkets,3.46,
1157572,,,8.7,4.9,8.7,Airport viewpoint,Things to do,4.35,
1157572,,,8.7,4.9,8.7,Phu Quoc International Airport,Airports,4.47,
1157572,,,8.7,4.9,8.7,Ngoc Hien Pearl Farm,Supermarkets,4.68,
1157572,,,8.7,4.9,8.7,Landing Airplanes,Things to do,5.04,
1147156,0.15,0.0,7.1,9.5,8.7,Long Beach,Beaches,0.15,
1147156,0.15,0.0,7.1,9.5,8.7,Phu Quoc Medical Center,Hospitals and Medical Facilities,0.41,
1147156,0.15,0.0,7.1,9.5,8.7,Coco Dive Center,Sports Venues,0.42,
1147156,0.15,0.0,7.1,9.5,8.7,C Mart,Supermarkets,0.53,
1147156,0.15,0.0,7.1,9.5,8.7,Vietnam Explore PADI Diving Center,Things to do,0.59,
1147156,0.15,0.0,7.1,9.5,8.7,Flipper Diving Club,Sport Centers and Swimming Pools,0.61,
1147156,0.15,0.0,7.1,9.5,8.7,Supermarket K+Mark,Supermarkets,0.63,
1147156,0.15,0.0,7.1,9.5,8.7,Phil Hai Tourist,Sport Centers and Swimming Pools,0.76,
1147156,0.15,0.0,7.1,9.5,8.7,Rainbow Divers,Things to do,0.8,
1147156,0.15,0.0,7.1,9.5,8.7,Sung Hung Pagoda,Monuments and Landmarks,0.81,
87341728,,,,,,Long Beach,Beaches,0.58,
87341728,,,,,,Phu Quoc Prison,Historical Buildings and Sites,4.27,
87341728,,,,,,INK 360 Rooftop Bar,Bars,4.51,
87341728,,,,,,Sao Beach,Beaches,4.97,
87341728,,,,,,Hon Thom Cable Car,"Train, Metro and Bus Stations",5.31,
87341728,,,,,,Ho Quoc Temple,Places of Worship,5.55,
87341728,,,,,,Department of Chemistry Bar - JW Marriott Phu Quoc Emerald Bay Resort & Spa,Bars,5.87,
87341728,,,,,,Benh Xa Quan Dan Y Dao Phu Quoc,Hospitals and Medical Facilities,6.38,
87341728,,,,,,Sung Duc Pagoda,Places of Worship,6.73,
87341728,,,,,,An Thoi Port,Ports/Ferries,7.11,
1266957,0.27,,9.9,7.2,8.7,Long Beach,Beaches,0.27,
1266957,0.27,,9.9,7.2,8.7,Farmers' Market,Supermarkets,0.67,
1266957,0.27,,9.9,7.2,8.7,Sunset Sanato Beach Club,Things to do,0.92,
1266957,0.27,,9.9,7.2,8.7,Phu Quoc Pearl Farm,Shops,1.45,
1266957,0.27,,9.9,7.2,8.7,T Mart,Supermarkets,1.46,
1266957,0.27,,9.9,7.2,8.7,Airport viewpoint,Things to do,2.41,
1266957,0.27,,9.9,7.2,8.7,Ngoc Hien Pearl Farm,Supermarkets,2.7,
1266957,0.27,,9.9,7.2,8.7,Phu Quoc International Airport,Airports,2.96,
1266957,0.27,,9.9,7.2,8.7,Landing Airplanes,Things to do,3.07,
1266957,0.27,,9.9,7.2,8.7,INK 360 Rooftop Bar,Bars,3.8,
51082457,,,4.7,5.7,9.3,Hon Thom Cable Car,"Train, Metro and Bus Stations",0.34,
51082457,,,4.7,5.7,9.3,Benh Xa Quan Dan Y Dao Phu Quoc,Hospitals and Medical Facilities,1.68,
51082457,,,4.7,5.7,9.3,Sung Duc Pagoda,Places of Worship,1.73,
51082457,,,4.7,5.7,9.3,Phu Quoc Prison,Historical Buildings and Sites,2.04,
51082457,,,4.7,5.7,9.3,An Thoi Port,Ports/Ferries,2.15,
51082457,,,4.7,5.7,9.3,Department of Chemistry Bar - JW Marriott Phu Quoc Emerald Bay Resort & Spa,Bars,2.7,
51082457,,,4.7,5.7,9.3,Long Beach,Beaches,3.53,
51082457,,,4.7,5.7,9.3,Sao Beach,Beaches,3.98,
51082457,,,4.7,5.7,9.3,Sunworld Hon Thom Phu Quoc,"Amusement, Theme parks, and Water parks",8.34,
51082457,,,4.7,5.7,9.3,Hon Thom Island,Islands,8.66,
9612717,,0.0,7.7,9.2,8.7,Long Beach,Beaches,0.04,
9612717,,0.0,7.7,9.2,8.7,Supermarket K+Mark,Supermarkets,0.33,
9612717,,0.0,7.7,9.2,8.7,Long Beach Pearl,Shopping Centers and Areas,0.41,
9612717,,0.0,7.7,9.2,8.7,C Mart,Supermarkets,0.41,
9612717,,0.0,7.7,9.2,8.7,The Rabbit Hole Irish Bar,Bars,0.67,
9612717,,0.0,7.7,9.2,8.7,Bin's Market,Supermarkets,0.73,
9612717,,0.0,7.7,9.2,8.7,Phu Quoc Day Spa,Spas and Onsens,0.77,
9612717,,0.0,7.7,9.2,8.7,Dive Center Searama,Camping and Outdoors,0.79,
9612717,,0.0,7.7,9.2,8.7,KingKong Mart,Supermarkets,0.79,
9612717,,0.0,7.7,9.2,8.7,Coi Nguon Museum,Museums and Art Galleries,0.94,
296330,,0.23,8.3,8.8,8.7,The Rabbit Hole Irish Bar,Bars,0.12,
296330,,0.23,8.3,8.8,8.7,Long Beach,Beaches,0.12,
296330,,0.23,8.3,8.8,8.7,Phu Quoc Day Spa,Spas and Onsens,0.22,
296330,,0.23,8.3,8.8,8.7,Dive Center Searama,Camping and Outdoors,0.24,
296330,,0.23,8.3,8.8,8.7,Bin's Market,Supermarkets,0.29,
296330,,0.23,8.3,8.8,8.7,Coi Nguon Museum,Museums and Art Galleries,0.34,
296330,,0.23,8.3,8.8,8.7,KingKong Mart,Supermarkets,0.35,
296330,,0.23,8.3,8.8,8.7,Long Beach Pearl,Shopping Centers and Areas,0.65,
296330,,0.23,8.3,8.8,8.7,Supermarket K+Mark,Supermarkets,0.86,
296330,,0.23,8.3,8.8,8.7,C Mart,Supermarkets,0.97,
87869906,,,,,,Hon Thom Cable Car,"Train, Metro and Bus Stations",0.92,
87869906,,,,,,Phu Quoc Prison,Historical Buildings and Sites,1.63,
87869906,,,,,,Benh Xa Quan Dan Y Dao Phu Quoc,Hospitals and Medical Facilities,2.11,
87869906,,,,,,Sung Duc Pagoda,Places of Worship,2.35,
87869906,,,,,,Department of Chemistry Bar - JW Marriott Phu Quoc Emerald Bay Resort & Spa,Bars,2.66,
87869906,,,,,,An Thoi Port,Ports/Ferries,2.73,
87869906,,,,,,Long Beach,Beaches,3.0,
87869906,,,,,,Sao Beach,Beaches,3.63,
87869906,,,,,,Ho Quoc Temple,Places of Worship,8.66,
87869906,,,,,,INK 360 Rooftop Bar,Bars,8.89,
1158643,,0.0,8.0,9.2,8.7,Long Beach,Beaches,0.14,
1158643,,0.0,8.0,9.2,8.7,Long Beach Pearl,Shopping Centers and Areas,0.26,
1158643,,0.0,8.0,9.2,8.7,Supermarket K+Mark,Supermarkets,0.33,
1158643,,0.0,8.0,9.2,8.7,C Mart,Supermarkets,0.43,
1158643,,0.0,8.0,9.2,8.7,The Rabbit Hole Irish Bar,Bars,0.56,
1158643,,0.0,8.0,9.2,8.7,Bin's Market,Supermarkets,0.59,
1158643,,0.0,8.0,9.2,8.7,KingKong Mart,Supermarkets,0.64,
1158643,,0.0,8.0,9.2,8.7,Phu Quoc Day Spa,Spas and Onsens,0.64,
1158643,,0.0,8.0,9.2,8.7,Dive Center Searama,Camping and Outdoors,0.66,
1158643,,0.0,8.0,9.2,8.7,Coi Nguon Museum,Museums and Art Galleries,0.82,
83129371,,0.0,,,,Tinh Hoa Art Shop,Shopping Centers and Areas,0.16,
83129371,,0.0,,,,Gold Silk Fashion,Shopping Centers and Areas,0.18,
83129371,,0.0,,,,Nha Thuoc Pharmacy,Hospitals and Medical Facilities,0.2,
83129371,,0.0,,,,Healing the Wounded Heart Shop,Shopping Centers and Areas,0.22,
83129371,,0.0,,,,Cathi 24,Entertainment,0.22,
83129371,,0.0,,,,Gia Huy Silk,Shopping Centers and Areas,0.23,
83129371,,0.0,,,,Green Bamboo Art Gallery,Museums and Art Galleries,0.24,
83129371,,0.0,,,,Olympic gym and fitness centre,Fitness and Yoga Centers,0.26,
83129371,,0.0,,,,Than Minh,Hospitals and Medical Facilities,0.29,
83129371,,0.0,,,,Dam Chuon Huong Quan,Natural Parks and Forests,0.3,
64861936,,0.0,,,,Gold Silk Fashion,Shopping Centers and Areas,0.07,
64861936,,0.0,,,,Cathi 24,Entertainment,0.09,
64861936,,0.0,,,,Tinh Hoa Art Shop,Shopping Centers and Areas,0.12,
64861936,,0.0,,,,Gia Huy Silk,Shopping Centers and Areas,0.14,
64861936,,0.0,,,,Nha Thuoc Pharmacy,Hospitals and Medical Facilities,0.14,
64861936,,0.0,,,,Healing the Wounded Heart Shop,Shopping Centers and Areas,0.15,
64861936,,0.0,,,,Than Minh,Hospitals and Medical Facilities,0.15,
64861936,,0.0,,,,Green Bamboo Art Gallery,Museums and Art Galleries,0.16,
64861936,,0.0,,,,K-Mart,Supermarkets,0.31,
64861936,,0.0,,,,Olympic gym and fitness centre,Fitness and Yoga Centers,0.33,
30095600,,,1.9,4.6,5.6,Thien Mu Pagoda,Places of Worship,1.28,
30095600,,,1.9,4.6,5.6,Tiger Arena,Historical Buildings and Sites,1.96,
30095600,,,1.9,4.6,5.6,Bệnh viện Trung ương Huế,Hospitals and Medical Facilities,2.18,
30095600,,,1.9,4.6,5.6,Vong Canh Hill,"Mountains, Hills and Caves",2.3,
30095600,,,1.9,4.6,5.6,Phu Mong Garden House,Zoos and Aquariums,2.76,
30095600,,,1.9,4.6,5.6,Tram Y Te Huong Long,Hospitals and Medical Facilities,2.82,
30095600,,,1.9,4.6,5.6,Hue City Hospital,Hospitals and Medical Facilities,3.34,
30095600,,,1.9,4.6,5.6,Tu Duc Tomb,Historical Buildings and Sites,3.55,
30095600,,,1.9,4.6,5.6,Phu Cam Church,Places of Worship,3.81,
30095600,,,1.9,4.6,5.6,Imperial Tomb of Dong Khanh,Historical Buildings and Sites,3.89,
5663891,,0.0,7.2,8.7,7.6,Vincom Plaza,Supermarkets,0.04,
5663891,,0.0,7.2,8.7,7.6,Central Cultural House,Things to do,0.17,
5663891,,0.0,7.2,8.7,7.6,MANNA SHOP,Shopping Centers and Areas,0.25,
5663891,,0.0,7.2,8.7,7.6,Tuệ Tĩnh Đường Liên Hoa,Hospitals and Medical Facilities,0.31,
5663891,,0.0,7.2,8.7,7.6,nha tuoc,Hospitals and Medical Facilities,0.32,
5663891,,0.0,7.2,8.7,7.6,Fruits and vegetables market,Supermarkets,0.34,
5663891,,0.0,7.2,8.7,7.6,Công viên Tôn Đức Thắng,"Botanical Gardens, and Public Parks",0.34,
5663891,,0.0,7.2,8.7,7.6,King's Panorama Bar,Bars,0.37,
5663891,,0.0,7.2,8.7,7.6,K-Mart,Supermarkets,0.41,
5663891,,0.0,7.2,8.7,7.6,Main Post Office,"Internet, Post and Phone Services",0.46,
34198470,,2.92,9.9,5.9,5.6,The Fine Arts Museum,Museums and Art Galleries,1.28,
34198470,,2.92,9.9,5.9,5.6,Centre For Counseling & Reproductive Health Care Services,Hospitals and Medical Facilities,1.52,
34198470,,2.92,9.9,5.9,5.6,Great local market!,Supermarkets,2.11,
34198470,,2.92,9.9,5.9,5.6,An Dinh Palace,Historical Buildings and Sites,2.26,
34198470,,2.92,9.9,5.9,5.6,Big C Supermarket,Supermarkets,2.4,
34198470,,2.92,9.9,5.9,5.6,Ngu Binh Mountain,"Mountains, Hills and Caves",2.4,
34198470,,2.92,9.9,5.9,5.6,Tả Bật Sơn,"Mountains, Hills and Caves",2.4,
34198470,,2.92,9.9,5.9,5.6,Thua Thien Hue Sports Centre,Entertainment,2.49,
34198470,,2.92,9.9,5.9,5.6,Vietcombank,Banks and Currency Exchange,2.49,
34198470,,2.92,9.9,5.9,5.6,Central Indoor Stadium,Entertainment,2.5,
78424913,,0.0,,,,Cathi 24,Entertainment,0.06,
78424913,,0.0,,,,Gold Silk Fashion,Shopping Centers and Areas,0.08,
78424913,,0.0,,,,Than Minh,Hospitals and Medical Facilities,0.1,
78424913,,0.0,,,,Gia Huy Silk,Shopping Centers and Areas,0.12,
78424913,,0.0,,,,Healing the Wounded Heart Shop,Shopping Centers and Areas,0.14,
78424913,,0.0,,,,Green Bamboo Art Gallery,Museums and Art Galleries,0.14,
78424913,,0.0,,,,Tinh Hoa Art Shop,Shopping Centers and Areas,0.14,
78424913,,0.0,,,,Nha Thuoc Pharmacy,Hospitals and Medical Facilities,0.17,
78424913,,0.0,,,,K-Mart,Supermarkets,0.26,
78424913,,0.0,,,,Toa Kham Pier,Ports/Ferries,0.33,
237273,,0.41,3.7,7.9,9.9,National School,"Colleges, Universities, and Educational institutions",0.21,
237273,,0.41,3.7,7.9,9.9,Ho Chi Minh Museum,Museums and Art Galleries,0.28,
237273,,0.41,3.7,7.9,9.9,Hue Water Puppet Theatre,Theatres,0.28,
237273,,0.41,3.7,7.9,9.9,Quoc Hoc Hue,"Colleges, Universities, and Educational institutions",0.36,
237273,,0.41,3.7,7.9,9.9,Quoc Hoc Hue High School for the Gifted,"Colleges, Universities, and Educational institutions",0.42,
237273,,0.41,3.7,7.9,9.9,Benh Vien Trung Ưong Hue - Khoa Tam Than,Hospitals and Medical Facilities,0.48,
237273,,0.41,3.7,7.9,9.9,Benh Vien Quoc Te Hue,Hospitals and Medical Facilities,0.48,
237273,,0.41,3.7,7.9,9.9,Gia Han,Hospitals and Medical Facilities,0.51,
237273,,0.41,3.7,7.9,9.9,Retail shop,Supermarkets,0.53,
237273,,0.41,3.7,7.9,9.9,Bao Quoc Pagoda,Monuments and Landmarks,0.54,
70624,,0.0,4.8,8.9,9.6,King's Panorama Bar,Bars,0.01,
70624,,0.0,4.8,8.9,9.6,nha tuoc,Hospitals and Medical Facilities,0.05,
70624,,0.0,4.8,8.9,9.6,MANNA SHOP,Shopping Centers and Areas,0.16,
70624,,0.0,4.8,8.9,9.6,Main Post Office,"Internet, Post and Phone Services",0.19,
70624,,0.0,4.8,8.9,9.6,K-Mart,Supermarkets,0.26,
70624,,0.0,4.8,8.9,9.6,Diem Phung Thi Art Exhibition House,Museums and Art Galleries,0.26,
70624,,0.0,4.8,8.9,9.6,Truong Tien Bridge,Bridges,0.29,
70624,,0.0,4.8,8.9,9.6,Nguyen Dinh Chieu Walking Street,Famous Streets and Neighborhoods,0.33,
70624,,0.0,4.8,8.9,9.6,XQ Hand Embroidery,Museums and Art Galleries,0.35,
70624,,0.0,4.8,8.9,9.6,Toa Kham Pier,Ports/Ferries,0.38,
66751260,,0.0,,,,Fruits and vegetables market,Supermarkets,0.16,
66751260,,0.0,,,,K-Mart,Supermarkets,0.19,
66751260,,0.0,,,,nha tuoc,Hospitals and Medical Facilities,0.2,
66751260,,0.0,,,,MANNA SHOP,Shopping Centers and Areas,0.24,
66751260,,0.0,,,,King's Panorama Bar,Bars,0.26,
66751260,,0.0,,,,Vincom Plaza,Supermarkets,0.26,
66751260,,0.0,,,,Green Bamboo Art Gallery,Museums and Art Galleries,0.32,
66751260,,0.0,,,,Healing the Wounded Heart Shop,Shopping Centers and Areas,0.33,
66751260,,0.0,,,,Gia Huy Silk,Shopping Centers and Areas,0.33,
66751260,,0.0,,,,Tuệ Tĩnh Đường Liên Hoa,Hospitals and Medical Facilities,0.34,
91983217,,0.77,,,,Dieu De Pagoda,Historical Buildings and Sites,0.22,
91983217,,0.77,,,,Dieu De National Pagoda,Places of Worship,0.27,
91983217,,0.77,,,,Tu Dam Pagoda,Monuments and Landmarks,0.28,
91983217,,0.77,,,,Bandstand Viewpoint,Things to do,0.38,
91983217,,0.77,,,,Dong Ba Market,Shopping Centers and Areas,0.39,
91983217,,0.77,,,,Dong Ba Bus Station,"Train, Metro and Bus Stations",0.45,
91983217,,0.77,,,,Coopmart,Supermarkets,0.49,
91983217,,0.77,,,,Perfume River,"Rivers, Reservoirs, and Lakes",0.53,
91983217,,0.77,,,,Chieu Ung Pagoda,Places of Worship,0.6,
91983217,,0.77,,,,Secret Viewpoint,Things to do,0.66,
63990397,,0.0,,,,Dam Chuon Huong Quan,Natural Parks and Forests,0.25,
63990397,,0.0,,,,Nha Thuoc Pharmacy,Hospitals and Medical Facilities,0.27,
63990397,,0.0,,,,Gold Silk Fashion,Shopping Centers and Areas,0.29,
63990397,,0.0,,,,Tinh Hoa Art Shop,Shopping Centers and Areas,0.31,
63990397,,0.0,,,,Cathi 24,Entertainment,0.34,
63990397,,0.0,,,,Olympic gym and fitness centre,Fitness and Yoga Centers,0.36,
63990397,,0.0,,,,Healing the Wounded Heart Shop,Shopping Centers and Areas,0.37,
63990397,,0.0,,,,Gia Huy Silk,Shopping Centers and Areas,0.38,
63990397,,0.0,,,,Pharmacy Bao Hung,Hospitals and Medical Facilities,0.39,
63990397,,0.0,,,,Cù lao nhân tạo Nguyễn Sinh Cung,Natural Parks and Forests,0.39,
80171166,,0.0,,,,Gia Huy Silk,Shopping Centers and Areas,0.08,
80171166,,0.0,,,,Green Bamboo Art Gallery,Museums and Art Galleries,0.09,
80171166,,0.0,,,,Healing the Wounded Heart Shop,Shopping Centers and Areas,0.1,
80171166,,0.0,,,,Cathi 24,Entertainment,0.12,
80171166,,0.0,,,,Than Minh,Hospitals and Medical Facilities,0.13,
80171166,,0.0,,,,Tinh Hoa Art Shop,Shopping Centers and Areas,0.13,
80171166,,0.0,,,,Gold Silk Fashion,Shopping Centers and Areas,0.14,
80171166,,0.0,,,,K-Mart,Supermarkets,0.2,
80171166,,0.0,,,,Nha Thuoc Pharmacy,Hospitals and Medical Facilities,0.23,
80171166,,0.0,,,,Fruits and vegetables market,Supermarkets,0.29,
56301218,,0.0,4.6,8.7,9.1,Nha Thuoc Pharmacy,Hospitals and Medical Facilities,0.12,
56301218,,0.0,4.6,8.7,9.1,Gold Silk Fashion,Shopping Centers and Areas,0.18,
56301218,,0.0,4.6,8.7,9.1,Cathi 24,Entertainment,0.23,
56301218,,0.0,4.6,8.7,9.1,Cù lao nhân tạo Nguyễn Sinh Cung,Natural Parks and Forests,0.27,
56301218,,0.0,4.6,8.7,9.1,Than Minh,Hospitals and Medical Facilities,0.29,
56301218,,0.0,4.6,8.7,9.1,Tinh Hoa Art Shop,Shopping Centers and Areas,0.3,
56301218,,0.0,4.6,8.7,9.1,Gia Huy Silk,Shopping Centers and Areas,0.34,
56301218,,0.0,4.6,8.7,9.1,Healing the Wounded Heart Shop,Shopping Centers and Areas,0.34,
56301218,,0.0,4.6,8.7,9.1,Green Bamboo Art Gallery,Museums and Art Galleries,0.36,
56301218,,0.0,4.6,8.7,9.1,Secret Viewpoint,Things to do,0.4,
12774972,,2.29,2.6,5.6,6.7,Phu Cam Church,Places of Worship,0.63,
12774972,,2.29,2.6,5.6,6.7,Hue City Hospital,Hospitals and Medical Facilities,0.78,
12774972,,2.29,2.6,5.6,6.7,Cồn Dã Viên,Islands,0.89,
12774972,,2.29,2.6,5.6,6.7,Vong Canh Hill,"Mountains, Hills and Caves",0.94,
12774972,,2.29,2.6,5.6,6.7,Phu Mong Garden House,Zoos and Aquariums,1.2,
12774972,,2.29,2.6,5.6,6.7,Tiger Arena,Historical Buildings and Sites,1.23,
12774972,,2.29,2.6,5.6,6.7,Benh Vien Duong Sat Hue,Hospitals and Medical Facilities,1.35,
12774972,,2.29,2.6,5.6,6.7,Hue Railway Station,"Train, Metro and Bus Stations",1.45,
12774972,,2.29,2.6,5.6,6.7,Gia Han,Hospitals and Medical Facilities,1.5,
12774972,,2.29,2.6,5.6,6.7,Bao Quoc Pagoda,Monuments and Landmarks,1.57,
487432,,0.0,6.3,8.3,8.0,Dam Chuon Huong Quan,Natural Parks and Forests,0.2,
487432,,0.0,6.3,8.3,8.0,Tinh Hoa Art Shop,Shopping Centers and Areas,0.21,
487432,,0.0,6.3,8.3,8.0,Olympic gym and fitness centre,Fitness and Yoga Centers,0.22,
487432,,0.0,6.3,8.3,8.0,Pharmacy Bao Hung,Hospitals and Medical Facilities,0.27,
487432,,0.0,6.3,8.3,8.0,Healing the Wounded Heart Shop,Shopping Centers and Areas,0.27,
487432,,0.0,6.3,8.3,8.0,Gold Silk Fashion,Shopping Centers and Areas,0.28,
487432,,0.0,6.3,8.3,8.0,Nha Thuoc Pharmacy,Hospitals and Medical Facilities,0.29,
487432,,0.0,6.3,8.3,8.0,Gia Huy Silk,Shopping Centers and Areas,0.29,
487432,,0.0,6.3,8.3,8.0,Green Bamboo Art Gallery,Museums and Art Galleries,0.3,
487432,,0.0,6.3,8.3,8.0,Cathi 24,Entertainment,0.32,
223212,,0.45,8.1,7.5,6.3,Vietcombank,Banks and Currency Exchange,0.02,
223212,,0.45,8.1,7.5,6.3,Big C Supermarket,Supermarkets,0.14,
223212,,0.45,8.1,7.5,6.3,Dental Clinic Tran Van Qua,Hospitals and Medical Facilities,0.26,
223212,,0.45,8.1,7.5,6.3,Công viên Tôn Đức Thắng,"Botanical Gardens, and Public Parks",0.31,
223212,,0.45,8.1,7.5,6.3,Central Cultural House,Things to do,0.39,
223212,,0.45,8.1,7.5,6.3,Great local market!,Supermarkets,0.42,
223212,,0.45,8.1,7.5,6.3,An Dinh Palace,Historical Buildings and Sites,0.43,
223212,,0.45,8.1,7.5,6.3,Redemptorist Church,Places of Worship,0.43,
223212,,0.45,8.1,7.5,6.3,Notre Dame Cathedral,Places of Worship,0.45,
223212,,0.45,8.1,7.5,6.3,Tuệ Tĩnh Đường Liên Hoa,Hospitals and Medical Facilities,0.5,
84486356,,0.02,,,,Central Cultural House,Things to do,0.09,
84486356,,0.02,,,,Vincom Plaza,Supermarkets,0.1,
84486356,,0.02,,,,Công viên Tôn Đức Thắng,"Botanical Gardens, and Public Parks",0.25,
84486356,,0.02,,,,Tuệ Tĩnh Đường Liên Hoa,Hospitals and Medical Facilities,0.3,
84486356,,0.02,,,,MANNA SHOP,Shopping Centers and Areas,0.37,
84486356,,0.02,,,,Vietcombank,Banks and Currency Exchange,0.42,
84486356,,0.02,,,,Dental Clinic Tran Van Qua,Hospitals and Medical Facilities,0.43,
84486356,,0.02,,,,Fruits and vegetables market,Supermarkets,0.44,
84486356,,0.02,,,,nha tuoc,Hospitals and Medical Facilities,0.46,
84486356,,0.02,,,,Redemptorist Church,Places of Worship,0.5,
2985061,,0.0,5.4,9.8,9.2,Tinh Hoa Art Shop,Shopping Centers and Areas,0.06,
2985061,,0.0,5.4,9.8,9.2,Gia Huy Silk,Shopping Centers and Areas,0.06,
2985061,,0.0,5.4,9.8,9.2,Healing the Wounded Heart Shop,Shopping Centers and Areas,0.06,
2985061,,0.0,5.4,9.8,9.2,Green Bamboo Art Gallery,Museums and Art Galleries,0.07,
2985061,,0.0,5.4,9.8,9.2,Cathi 24,Entertainment,0.15,
2985061,,0.0,5.4,9.8,9.2,Gold Silk Fashion,Shopping Centers and Areas,0.15,
2985061,,0.0,5.4,9.8,9.2,Than Minh,Hospitals and Medical Facilities,0.19,
2985061,,0.0,5.4,9.8,9.2,Nha Thuoc Pharmacy,Hospitals and Medical Facilities,0.23,
2985061,,0.0,5.4,9.8,9.2,K-Mart,Supermarkets,0.24,
2985061,,0.0,5.4,9.8,9.2,Fruits and vegetables market,Supermarkets,0.27,
1270314,,0.0,4.7,8.7,9.1,Nha Thuoc Pharmacy,Hospitals and Medical Facilities,0.12,
1270314,,0.0,4.7,8.7,9.1,Gold Silk Fashion,Shopping Centers and Areas,0.17,
1270314,,0.0,4.7,8.7,9.1,Cathi 24,Entertainment,0.22,
1270314,,0.0,4.7,8.7,9.1,Tinh Hoa Art Shop,Shopping Centers and Areas,0.28,
1270314,,0.0,4.7,8.7,9.1,Cù lao nhân tạo Nguyễn Sinh Cung,Natural Parks and Forests,0.29,
1270314,,0.0,4.7,8.7,9.1,Than Minh,Hospitals and Medical Facilities,0.29,
1270314,,0.0,4.7,8.7,9.1,Gia Huy Silk,Shopping Centers and Areas,0.33,
1270314,,0.0,4.7,8.7,9.1,Healing the Wounded Heart Shop,Shopping Centers and Areas,0.33,
1270314,,0.0,4.7,8.7,9.1,Green Bamboo Art Gallery,Museums and Art Galleries,0.34,
1270314,,0.0,4.7,8.7,9.1,Dam Chuon Huong Quan,Natural Parks and Forests,0.39,
28523203,,0.0,7.3,8.5,7.6,Vincom Plaza,Supermarkets,0.17,
28523203,,0.0,7.3,8.5,7.6,Tuệ Tĩnh Đường Liên Hoa,Hospitals and Medical Facilities,0.19,
28523203,,0.0,7.3,8.5,7.6,Central Cultural House,Things to do,0.19,
28523203,,0.0,7.3,8.5,7.6,Fruits and vegetables market,Supermarkets,0.21,
28523203,,0.0,7.3,8.5,7.6,Công viên Tôn Đức Thắng,"Botanical Gardens, and Public Parks",0.3,
28523203,,0.0,7.3,8.5,7.6,MANNA SHOP,Shopping Centers and Areas,0.33,
28523203,,0.0,7.3,8.5,7.6,K-Mart,Supermarkets,0.34,
28523203,,0.0,7.3,8.5,7.6,Tu Do Stadium,Sports Venues,0.35,
28523203,,0.0,7.3,8.5,7.6,nha tuoc,Hospitals and Medical Facilities,0.35,
28523203,,0.0,7.3,8.5,7.6,King's Panorama Bar,Bars,0.42,
61208896,,0.0,,,,Tinh Hoa Art Shop,Shopping Centers and Areas,0.17,
61208896,,0.0,,,,Gold Silk Fashion,Shopping Centers and Areas,0.21,
61208896,,0.0,,,,Nha Thuoc Pharmacy,Hospitals and Medical Facilities,0.22,
61208896,,0.0,,,,Healing the Wounded Heart Shop,Shopping Centers and Areas,0.23,
61208896,,0.0,,,,Gia Huy Silk,Shopping Centers and Areas,0.24,
61208896,,0.0,,,,Cathi 24,Entertainment,0.25,
61208896,,0.0,,,,Olympic gym and fitness centre,Fitness and Yoga Centers,0.25,
61208896,,0.0,,,,Green Bamboo Art Gallery,Museums and Art Galleries,0.25,
61208896,,0.0,,,,Dam Chuon Huong Quan,Natural Parks and Forests,0.27,
61208896,,0.0,,,,Than Minh,Hospitals and Medical Facilities,0.32,
42170600,,1.52,2.6,7.0,7.7,Hồ Đình,"Rivers, Reservoirs, and Lakes",0.19,
42170600,,1.52,2.6,7.0,7.7,Hồ Phú Văn,"Rivers, Reservoirs, and Lakes",0.21,
42170600,,1.52,2.6,7.0,7.7,Tinh Tam Lake,"Rivers, Reservoirs, and Lakes",0.43,
42170600,,1.52,2.6,7.0,7.7,Luc Bo Culture Space,Historical Buildings and Sites,0.59,
42170600,,1.52,2.6,7.0,7.7,Núi Thọ An,"Mountains, Hills and Caves",0.66,
42170600,,1.52,2.6,7.0,7.7,Garden Viewpoint,Things to do,0.68,
42170600,,1.52,2.6,7.0,7.7,Núi Quân Tử,"Mountains, Hills and Caves",0.68,
42170600,,1.52,2.6,7.0,7.7,Nguyen Van Troi Park,"Botanical Gardens, and Public Parks",0.72,
42170600,,1.52,2.6,7.0,7.7,Dieu De Pagoda,Historical Buildings and Sites,0.74,
42170600,,1.52,2.6,7.0,7.7,Co Ha Garden,"Botanical Gardens, and Public Parks",0.74,
412648,,0.0,4.9,9.5,9.5,Gia Huy Silk,Shopping Centers and Areas,0.09,
412648,,0.0,4.9,9.5,9.5,Cathi 24,Entertainment,0.1,
412648,,0.0,4.9,9.5,9.5,Than Minh,Hospitals and Medical Facilities,0.11,
412648,,0.0,4.9,9.5,9.5,Green Bamboo Art Gallery,Museums and Art Galleries,0.11,
412648,,0.0,4.9,9.5,9.5,Healing the Wounded Heart Shop,Shopping Centers and Areas,0.12,
412648,,0.0,4.9,9.5,9.5,Gold Silk Fashion,Shopping Centers and Areas,0.14,
412648,,0.0,4.9,9.5,9.5,Tinh Hoa Art Shop,Shopping Centers and Areas,0.14,
412648,,0.0,4.9,9.5,9.5,K-Mart,Supermarkets,0.21,
412648,,0.0,4.9,9.5,9.5,Nha Thuoc Pharmacy,Hospitals and Medical Facilities,0.22,
412648,,0.0,4.9,9.5,9.5,Toa Kham Pier,Ports/Ferries,0.3,
1266926,,0.0,6.5,8.8,7.8,Tinh Hoa Art Shop,Shopping Centers and Areas,0.18,
1266926,,0.0,6.5,8.8,7.8,Olympic gym and fitness centre,Fitness and Yoga Centers,0.19,
1266926,,0.0,6.5,8.8,7.8,Dam Chuon Huong Quan,Natural Parks and Forests,0.22,
1266926,,0.0,6.5,8.8,7.8,Healing the Wounded Heart Shop,Shopping Centers and Areas,0.24,
1266926,,0.0,6.5,8.8,7.8,Pharmacy Bao Hung,Hospitals and Medical Facilities,0.25,
1266926,,0.0,6.5,8.8,7.8,Gia Huy Silk,Shopping Centers and Areas,0.26,
1266926,,0.0,6.5,8.8,7.8,Green Bamboo Art Gallery,Museums and Art Galleries,0.26,
1266926,,0.0,6.5,8.8,7.8,Gold Silk Fashion,Shopping Centers and Areas,0.27,
1266926,,0.0,6.5,8.8,7.8,Nha Thuoc Pharmacy,Hospitals and Medical Facilities,0.29,
1266926,,0.0,6.5,8.8,7.8,Tu Do Stadium,Sports Venues,0.3,
28915518,,0.0,5.3,7.8,8.2,Nha Thuoc Pharmacy,Hospitals and Medical Facilities,0.25,
28915518,,0.0,5.3,7.8,8.2,Gold Silk Fashion,Shopping Centers and Areas,0.29,
28915518,,0.0,5.3,7.8,8.2,Dam Chuon Huong Quan,Natural Parks and Forests,0.3,
28915518,,0.0,5.3,7.8,8.2,Cù lao nhân tạo Nguyễn Sinh Cung,Natural Parks and Forests,0.34,
28915518,,0.0,5.3,7.8,8.2,Tinh Hoa Art Shop,Shopping Centers and Areas,0.34,
28915518,,0.0,5.3,7.8,8.2,Cathi 24,Entertainment,0.34,
28915518,,0.0,5.3,7.8,8.2,Healing the Wounded Heart Shop,Shopping Centers and Areas,0.4,
28915518,,0.0,5.3,7.8,8.2,Olympic gym and fitness centre,Fitness and Yoga Centers,0.4,
28915518,,0.0,5.3,7.8,8.2,Gia Huy Silk,Shopping Centers and Areas,0.4,
28915518,,0.0,5.3,7.8,8.2,Than Minh,Hospitals and Medical Facilities,0.41,
89287891,,0.0,,,,Nha Thuoc Pharmacy,Hospitals and Medical Facilities,0.16,
89287891,,0.0,,,,Gold Silk Fashion,Shopping Centers and Areas,0.16,
89287891,,0.0,,,,Tinh Hoa Art Shop,Shopping Centers and Areas,0.2,
89287891,,0.0,,,,Cathi 24,Entertainment,0.21,
89287891,,0.0,,,,Healing the Wounded Heart Shop,Shopping Centers and Areas,0.25,
89287891,,0.0,,,,Gia Huy Silk,Shopping Centers and Areas,0.26,
89287891,,0.0,,,,Green Bamboo Art Gallery,Museums and Art Galleries,0.27,
89287891,,0.0,,,,Than Minh,Hospitals and Medical Facilities,0.28,
89287891,,0.0,,,,Olympic gym and fitness centre,Fitness and Yoga Centers,0.32,
89287891,,0.0,,,,Dam Chuon Huong Quan,Natural Parks and Forests,0.32,
80012436,,0.0,,,,Tinh Hoa Art Shop,Shopping Centers and Areas,0.15,
80012436,,0.0,,,,Gold Silk Fashion,Shopping Centers and Areas,0.21,
80012436,,0.0,,,,Healing the Wounded Heart Shop,Shopping Centers and Areas,0.22,
80012436,,0.0,,,,Nha Thuoc Pharmacy,Hospitals and Medical Facilities,0.23,
80012436,,0.0,,,,Gia Huy Silk,Shopping Centers and Areas,0.23,
80012436,,0.0,,,,Green Bamboo Art Gallery,Museums and Art Galleries,0.24,
80012436,,0.0,,,,Olympic gym and fitness centre,Fitness and Yoga Centers,0.24,
80012436,,0.0,,,,Cathi 24,Entertainment,0.24,
80012436,,0.0,,,,Dam Chuon Huong Quan,Natural Parks and Forests,0.27,
80012436,,0.0,,,,Than Minh,Hospitals and Medical Facilities,0.31,
1409886,,0.0,5.5,8.0,8.3,Công viên Hai Bà Trưng,"Botanical Gardens, and Public Parks",0.22,
1409886,,0.0,5.5,8.0,8.3,Main Post Office,"Internet, Post and Phone Services",0.25,
1409886,,0.0,5.5,8.0,8.3,MANNA SHOP,Shopping Centers and Areas,0.25,
1409886,,0.0,5.5,8.0,8.3,Công Viên,"Botanical Gardens, and Public Parks",0.25,
1409886,,0.0,5.5,8.0,8.3,Imperial Craft Bia Brewpub,Bars,0.28,
1409886,,0.0,5.5,8.0,8.3,King's Panorama Bar,Bars,0.35,
1409886,,0.0,5.5,8.0,8.3,nha tuoc,Hospitals and Medical Facilities,0.36,
1409886,,0.0,5.5,8.0,8.3,Huenet 2,"Internet, Post and Phone Services",0.36,
1409886,,0.0,5.5,8.0,8.3,Hue Local Farmer's Direct Sales Store,Shopping Centers and Areas,0.37,
1409886,,0.0,5.5,8.0,8.3,Le Ba Dang Art Museum,Museums and Art Galleries,0.39,
239406,,0.0,6.1,9.8,8.5,MANNA SHOP,Shopping Centers and Areas,0.06,
239406,,0.0,6.1,9.8,8.5,nha tuoc,Hospitals and Medical Facilities,0.17,
239406,,0.0,6.1,9.8,8.5,King's Panorama Bar,Bars,0.21,
239406,,0.0,6.1,9.8,8.5,Vincom Plaza,Supermarkets,0.22,
239406,,0.0,6.1,9.8,8.5,Main Post Office,"Internet, Post and Phone Services",0.27,
239406,,0.0,6.1,9.8,8.5,K-Mart,Supermarkets,0.35,
239406,,0.0,6.1,9.8,8.5,Central Cultural House,Things to do,0.36,
239406,,0.0,6.1,9.8,8.5,Fruits and vegetables market,Supermarkets,0.37,
239406,,0.0,6.1,9.8,8.5,Diem Phung Thi Art Exhibition House,Museums and Art Galleries,0.44,
239406,,0.0,6.1,9.8,8.5,Tuệ Tĩnh Đường Liên Hoa,Hospitals and Medical Facilities,0.47,
63438551,,0.0,,,,MANNA SHOP,Shopping Centers and Areas,0.05,
63438551,,0.0,,,,nha tuoc,Hospitals and Medical Facilities,0.17,
63438551,,0.0,,,,King's Panorama Bar,Bars,0.18,
63438551,,0.0,,,,Main Post Office,"Internet, Post and Phone Services",0.2,
63438551,,0.0,,,,Vincom Plaza,Supermarkets,0.29,
63438551,,0.0,,,,Diem Phung Thi Art Exhibition House,Museums and Art Galleries,0.39,
63438551,,0.0,,,,K-Mart,Supermarkets,0.39,
63438551,,0.0,,,,Công Viên,"Botanical Gardens, and Public Parks",0.4,
63438551,,0.0,,,,Huenet 2,"Internet, Post and Phone Services",0.4,
63438551,,0.0,,,,XQ Hand Embroidery,Museums and Art Galleries,0.41,
81839682,,0.93,,,,gym,Fitness and Yoga Centers,0.29,
81839682,,0.93,,,,Phuoc Hung Pharmacy,Hospitals and Medical Facilities,0.71,
81839682,,0.93,,,,Cù lao nhân tạo Nguyễn Sinh Cung,Natural Parks and Forests,1.01,
81839682,,0.93,,,,Dam Chuon Huong Quan,Natural Parks and Forests,1.07,
81839682,,0.93,,,,Secret Viewpoint,Things to do,1.14,
81839682,,0.93,,,,Nha Thuoc Pharmacy,Hospitals and Medical Facilities,1.22,
81839682,,0.93,,,,Perfume River,"Rivers, Reservoirs, and Lakes",1.23,
81839682,,0.93,,,,Gold Silk Fashion,Shopping Centers and Areas,1.28,
81839682,,0.93,,,,Pharmacy Bao Hung,Hospitals and Medical Facilities,1.29,
81839682,,0.93,,,,Olympic gym and fitness centre,Fitness and Yoga Centers,1.33,
88116630,,0.0,,,,Nha Thuoc Pharmacy,Hospitals and Medical Facilities,0.13,
88116630,,0.0,,,,Gold Silk Fashion,Shopping Centers and Areas,0.19,
88116630,,0.0,,,,Cathi 24,Entertainment,0.24,
88116630,,0.0,,,,Cù lao nhân tạo Nguyễn Sinh Cung,Natural Parks and Forests,0.27,
88116630,,0.0,,,,Than Minh,Hospitals and Medical Facilities,0.3,
88116630,,0.0,,,,Tinh Hoa Art Shop,Shopping Centers and Areas,0.3,
88116630,,0.0,,,,Gia Huy Silk,Shopping Centers and Areas,0.35,
88116630,,0.0,,,,Healing the Wounded Heart Shop,Shopping Centers and Areas,0.35,
88116630,,0.0,,,,Green Bamboo Art Gallery,Museums and Art Galleries,0.37,
88116630,,0.0,,,,Secret Viewpoint,Things to do,0.4,
14694836,,0.66,3.3,8.2,10.0,Hue Water Puppet Theatre,Theatres,0.13,
14694836,,0.66,3.3,8.2,10.0,Gia Han,Hospitals and Medical Facilities,0.22,
14694836,,0.66,3.3,8.2,10.0,Ho Chi Minh Museum,Museums and Art Galleries,0.23,
14694836,,0.66,3.3,8.2,10.0,Hue Railway Station,"Train, Metro and Bus Stations",0.27,
14694836,,0.66,3.3,8.2,10.0,National School,"Colleges, Universities, and Educational institutions",0.29,
14694836,,0.66,3.3,8.2,10.0,Benh Vien Duong Sat Hue,Hospitals and Medical Facilities,0.37,
14694836,,0.66,3.3,8.2,10.0,Bao Quoc Pagoda,Monuments and Landmarks,0.4,
14694836,,0.66,3.3,8.2,10.0,Quoc Hoc Hue,"Colleges, Universities, and Educational institutions",0.54,
14694836,,0.66,3.3,8.2,10.0,Quoc Hoc Hue High School for the Gifted,"Colleges, Universities, and Educational institutions",0.58,
14694836,,0.66,3.3,8.2,10.0,Phu Xuan Park,"Botanical Gardens, and Public Parks",0.7,
90309578,,2.23,,,,Hue City Hospital,Hospitals and Medical Facilities,0.31,
90309578,,2.23,,,,Phu Mong Garden House,Zoos and Aquariums,0.67,
90309578,,2.23,,,,Truc Chi Garden,Shopping Centers and Areas,0.86,
90309578,,2.23,,,,Hồ Xã Tắc,"Rivers, Reservoirs, and Lakes",0.89,
90309578,,2.23,,,,Cồn Dã Viên,Islands,1.02,
90309578,,2.23,,,,Tram Y Te Huong Long,Hospitals and Medical Facilities,1.03,
90309578,,2.23,,,,Hồ Hậu Vệ,"Rivers, Reservoirs, and Lakes",1.18,
90309578,,2.23,,,,Hồ Võ Sanh,"Rivers, Reservoirs, and Lakes",1.22,
90309578,,2.23,,,,Phu Cam Church,Places of Worship,1.36,
90309578,,2.23,,,,Hồ Ngoại Kim Thuỷ,"Rivers, Reservoirs, and Lakes",1.43,
76059657,,0.9,,,,Thua Thien Hue Sports Centre,Entertainment,0.43,
76059657,,0.9,,,,Central Indoor Stadium,Entertainment,0.45,
76059657,,0.9,,,,Dental Clinic Tran Van Qua,Hospitals and Medical Facilities,0.68,
76059657,,0.9,,,,Big C Supermarket,Supermarkets,0.72,
76059657,,0.9,,,,Great local market!,Supermarkets,0.8,
76059657,,0.9,,,,Vietcombank,Banks and Currency Exchange,0.84,
76059657,,0.9,,,,Công viên Tôn Đức Thắng,"Botanical Gardens, and Public Parks",0.86,
76059657,,0.9,,,,Tuệ Tĩnh Đường Liên Hoa,Hospitals and Medical Facilities,0.93,
76059657,,0.9,,,,Pharmacy Bao Hung,Hospitals and Medical Facilities,0.98,
76059657,,0.9,,,,Tu Do Stadium,Sports Venues,1.01,
7427857,,1.81,2.5,8.4,6.3,Truc Chi Garden,Shopping Centers and Areas,0.2,
7427857,,1.81,2.5,8.4,6.3,Hồ Xã Tắc,"Rivers, Reservoirs, and Lakes",0.32,
7427857,,1.81,2.5,8.4,6.3,Hồ Võ Sanh,"Rivers, Reservoirs, and Lakes",0.5,
7427857,,1.81,2.5,8.4,6.3,Hồ Hậu Vệ,"Rivers, Reservoirs, and Lakes",0.73,
7427857,,1.81,2.5,8.4,6.3,Hồ Ngoại Kim Thuỷ,"Rivers, Reservoirs, and Lakes",0.8,
7427857,,1.81,2.5,8.4,6.3,Dien Tho Residence,Historical Buildings and Sites,0.83,
7427857,,1.81,2.5,8.4,6.3,Phung Tien Temple,Places of Worship,0.89,
7427857,,1.81,2.5,8.4,6.3,Benh Vien Da Khoa Nguyen Quang Hop,Hospitals and Medical Facilities,0.94,
7427857,,1.81,2.5,8.4,6.3,The Mieu Temple,Places of Worship,0.96,
7427857,,1.81,2.5,8.4,6.3,North Island,Islands,0.98,
75684859,,0.0,,,,Than Minh,Hospitals and Medical Facilities,0.03,
75684859,,0.0,,,,Cathi 24,Entertainment,0.08,
75684859,,0.0,,,,Gold Silk Fashion,Shopping Centers and Areas,0.13,
75684859,,0.0,,,,Gia Huy Silk,Shopping Centers and Areas,0.18,
75684859,,0.0,,,,Green Bamboo Art Gallery,Museums and Art Galleries,0.19,
75684859,,0.0,,,,Nha Thuoc Pharmacy,Hospitals and Medical Facilities,0.2,
75684859,,0.0,,,,Healing the Wounded Heart Shop,Shopping Centers and Areas,0.2,
75684859,,0.0,,,,Tinh Hoa Art Shop,Shopping Centers and Areas,0.23,
75684859,,0.0,,,,Toa Kham Pier,Ports/Ferries,0.23,
75684859,,0.0,,,,K-Mart,Supermarkets,0.26,
42170608,,2.52,2.1,6.9,7.0,Truc Chi Garden,Shopping Centers and Areas,0.59,
42170608,,2.52,2.1,6.9,7.0,Tram Y Te Huong Long,Hospitals and Medical Facilities,0.86,
42170608,,2.52,2.1,6.9,7.0,Phu Mong Garden House,Zoos and Aquariums,0.95,
42170608,,2.52,2.1,6.9,7.0,Hue City Hospital,Hospitals and Medical Facilities,0.99,
42170608,,2.52,2.1,6.9,7.0,Hồ Xã Tắc,"Rivers, Reservoirs, and Lakes",1.0,
42170608,,2.52,2.1,6.9,7.0,Hồ Võ Sanh,"Rivers, Reservoirs, and Lakes",1.22,
42170608,,2.52,2.1,6.9,7.0,An Hoa Bus Station,"Train, Metro and Bus Stations",1.31,
42170608,,2.52,2.1,6.9,7.0,Benh Vien Da Khoa Nguyen Quang Hop,Hospitals and Medical Facilities,1.33,
42170608,,2.52,2.1,6.9,7.0,Traditional Medicine Hospital,Hospitals and Medical Facilities,1.4,
42170608,,2.52,2.1,6.9,7.0,Hồ Hậu Vệ,"Rivers, Reservoirs, and Lakes",1.41,
58345900,,0.0,5.8,9.9,8.9,MANNA SHOP,Shopping Centers and Areas,0.04,
58345900,,0.0,5.8,9.9,8.9,nha tuoc,Hospitals and Medical Facilities,0.12,
58345900,,0.0,5.8,9.9,8.9,King's Panorama Bar,Bars,0.16,
58345900,,0.0,5.8,9.9,8.9,Vincom Plaza,Supermarkets,0.25,
58345900,,0.0,5.8,9.9,8.9,Main Post Office,"Internet, Post and Phone Services",0.25,
58345900,,0.0,5.8,9.9,8.9,K-Mart,Supermarkets,0.31,
58345900,,0.0,5.8,9.9,8.9,Fruits and vegetables market,Supermarkets,0.35,
58345900,,0.0,5.8,9.9,8.9,Central Cultural House,Things to do,0.39,
58345900,,0.0,5.8,9.9,8.9,Diem Phung Thi Art Exhibition House,Museums and Art Galleries,0.4,
58345900,,0.0,5.8,9.9,8.9,Truong Tien Bridge,Bridges,0.44,
77571534,,2.35,,,,Hue's Garden Houses,Zoos and Aquariums,1.06,
77571534,,2.35,,,,Chua Ong Pagoda,Places of Worship,1.18,
77571534,,2.35,,,,Chieu Ung Pagoda,Places of Worship,1.63,
77571534,,2.35,,,,Phuoc Hung Pharmacy,Hospitals and Medical Facilities,1.66,
77571534,,2.35,,,,Perfume River,"Rivers, Reservoirs, and Lakes",1.8,
77571534,,2.35,,,,Chợ Phú Bình,Supermarkets,1.82,
77571534,,2.35,,,,Don Mang Ca,Famous Buildings,1.88,
77571534,,2.35,,,,Tu Dam Pagoda,Monuments and Landmarks,1.94,
77571534,,2.35,,,,Dieu De National Pagoda,Places of Worship,1.95,
77571534,,2.35,,,,Dieu De Pagoda,Historical Buildings and Sites,2.01,
64024157,,1.56,,,,Tinh Tam Lake,"Rivers, Reservoirs, and Lakes",0.24,
64024157,,1.56,,,,Hồ Phú Văn,"Rivers, Reservoirs, and Lakes",0.31,
64024157,,1.56,,,,Núi Thọ An,"Mountains, Hills and Caves",0.47,
64024157,,1.56,,,,Garden Viewpoint,Things to do,0.49,
64024157,,1.56,,,,Núi Quân Tử,"Mountains, Hills and Caves",0.5,
64024157,,1.56,,,,Luc Bo Culture Space,Historical Buildings and Sites,0.5,
64024157,,1.56,,,,Hồ Đình,"Rivers, Reservoirs, and Lakes",0.52,
64024157,,1.56,,,,Động Phước Duyên,"Mountains, Hills and Caves",0.53,
64024157,,1.56,,,,Viewpoint,Things to do,0.54,
64024157,,1.56,,,,Co Ha Garden,"Botanical Gardens, and Public Parks",0.54,
87344617,,0.66,,,,Notre Dame Cathedral,Places of Worship,0.21,
87344617,,0.66,,,,An Dinh Palace,Historical Buildings and Sites,0.26,
87344617,,0.66,,,,Redemptorist Church,Places of Worship,0.33,
87344617,,0.66,,,,Great local market!,Supermarkets,0.5,
87344617,,0.66,,,,Vietcombank,Banks and Currency Exchange,0.53,
87344617,,0.66,,,,Big C Supermarket,Supermarkets,0.62,
87344617,,0.66,,,,Dental Clinic Tran Van Qua,Hospitals and Medical Facilities,0.79,
87344617,,0.66,,,,Imperial Craft Bia Brewpub,Bars,0.79,
87344617,,0.66,,,,Central Cultural House,Things to do,0.82,
87344617,,0.66,,,,Công viên Tôn Đức Thắng,"Botanical Gardens, and Public Parks",0.82,
5710150,,0.0,4.6,8.8,9.2,Nha Thuoc Pharmacy,Hospitals and Medical Facilities,0.11,
5710150,,0.0,4.6,8.8,9.2,Gold Silk Fashion,Shopping Centers and Areas,0.17,
5710150,,0.0,4.6,8.8,9.2,Cathi 24,Entertainment,0.22,
5710150,,0.0,4.6,8.8,9.2,Cù lao nhân tạo Nguyễn Sinh Cung,Natural Parks and Forests,0.28,
5710150,,0.0,4.6,8.8,9.2,Than Minh,Hospitals and Medical Facilities,0.28,
5710150,,0.0,4.6,8.8,9.2,Tinh Hoa Art Shop,Shopping Centers and Areas,0.29,
5710150,,0.0,4.6,8.8,9.2,Gia Huy Silk,Shopping Centers and Areas,0.33,
5710150,,0.0,4.6,8.8,9.2,Healing the Wounded Heart Shop,Shopping Centers and Areas,0.33,
5710150,,0.0,4.6,8.8,9.2,Green Bamboo Art Gallery,Museums and Art Galleries,0.35,
5710150,,0.0,4.6,8.8,9.2,Secret Viewpoint,Things to do,0.4,
32197914,,1.18,2.8,9.5,9.2,Luc Bo Culture Space,Historical Buildings and Sites,0.09,
32197914,,1.18,2.8,9.5,9.2,Núi Thọ An,"Mountains, Hills and Caves",0.15,
32197914,,1.18,2.8,9.5,9.2,Núi Quân Tử,"Mountains, Hills and Caves",0.16,
32197914,,1.18,2.8,9.5,9.2,Garden Viewpoint,Things to do,0.16,
32197914,,1.18,2.8,9.5,9.2,Co Ha Garden,"Botanical Gardens, and Public Parks",0.22,
32197914,,1.18,2.8,9.5,9.2,Viewpoint,Things to do,0.22,
32197914,,1.18,2.8,9.5,9.2,Nguyen Van Troi Park,"Botanical Gardens, and Public Parks",0.24,
32197914,,1.18,2.8,9.5,9.2,Động Phước Duyên,"Mountains, Hills and Caves",0.26,
32197914,,1.18,2.8,9.5,9.2,Hồ Minh Giám,"Rivers, Reservoirs, and Lakes",0.27,
32197914,,1.18,2.8,9.5,9.2,Hồ Tiểu Hữu Thiên,"Rivers, Reservoirs, and Lakes",0.33,
67098247,,1.97,,,,gym,Fitness and Yoga Centers,1.42,
67098247,,1.97,,,,Phuoc Hung Pharmacy,Hospitals and Medical Facilities,1.9,
67098247,,1.97,,,,Dam Chuon Huong Quan,Natural Parks and Forests,2.1,
67098247,,1.97,,,,Cù lao nhân tạo Nguyễn Sinh Cung,Natural Parks and Forests,2.22,
67098247,,1.97,,,,Thua Thien Hue Sports Centre,Entertainment,2.25,
67098247,,1.97,,,,Central Indoor Stadium,Entertainment,2.27,
67098247,,1.97,,,,Pharmacy Bao Hung,Hospitals and Medical Facilities,2.28,
67098247,,1.97,,,,Secret Viewpoint,Things to do,2.36,
67098247,,1.97,,,,Olympic gym and fitness centre,Fitness and Yoga Centers,2.37,
67098247,,1.97,,,,Nha Thuoc Pharmacy,Hospitals and Medical Facilities,2.38,
41198522,,0.0,4.0,7.9,8.5,Central Hospital,Hospitals and Medical Facilities,0.1,
41198522,,0.0,4.0,7.9,8.5,Công Viên,"Botanical Gardens, and Public Parks",0.14,
41198522,,0.0,4.0,7.9,8.5,Công viên Hai Bà Trưng,"Botanical Gardens, and Public Parks",0.21,
41198522,,0.0,4.0,7.9,8.5,Benh Vien Quoc Te Hue,Hospitals and Medical Facilities,0.27,
41198522,,0.0,4.0,7.9,8.5,Le Ba Dang Art Museum,Museums and Art Galleries,0.28,
41198522,,0.0,4.0,7.9,8.5,Huenet 2,"Internet, Post and Phone Services",0.3,
41198522,,0.0,4.0,7.9,8.5,Benh Vien Trung Ưong Hue - Khoa Tam Than,Hospitals and Medical Facilities,0.3,
41198522,,0.0,4.0,7.9,8.5,Hue Local Farmer's Direct Sales Store,Shopping Centers and Areas,0.34,
41198522,,0.0,4.0,7.9,8.5,XQ Hand Embroidery,Museums and Art Galleries,0.39,
41198522,,0.0,4.0,7.9,8.5,Quoc Hoc Hue High School for the Gifted,"Colleges, Universities, and Educational institutions",0.39,
90246763,,1.3,,,,Hồ Võ Sanh,"Rivers, Reservoirs, and Lakes",0.14,
90246763,,1.3,,,,Hồ Ngoại Kim Thuỷ,"Rivers, Reservoirs, and Lakes",0.2,
90246763,,1.3,,,,Dien Tho Residence,Historical Buildings and Sites,0.26,
90246763,,1.3,,,,Phung Tien Temple,Places of Worship,0.3,
90246763,,1.3,,,,Hồ Hậu Vệ,"Rivers, Reservoirs, and Lakes",0.31,
90246763,,1.3,,,,The Mieu Temple,Places of Worship,0.36,
90246763,,1.3,,,,Hồ Xã Tắc,"Rivers, Reservoirs, and Lakes",0.37,
90246763,,1.3,,,,Nine Dynastic Urns,Historical Buildings and Sites,0.38,
90246763,,1.3,,,,Halls of the Mandarins,Historical Buildings and Sites,0.47,
90246763,,1.3,,,,Forbidden Purple City,Attractions,0.5,
84904762,,0.37,,,,Dam Chuon Huong Quan,Natural Parks and Forests,0.46,
84904762,,0.37,,,,Pharmacy Bao Hung,Hospitals and Medical Facilities,0.6,
84904762,,0.37,,,,gym,Fitness and Yoga Centers,0.62,
84904762,,0.37,,,,Thua Thien Hue Sports Centre,Entertainment,0.65,
84904762,,0.37,,,,Central Indoor Stadium,Entertainment,0.66,
84904762,,0.37,,,,Olympic gym and fitness centre,Fitness and Yoga Centers,0.71,
84904762,,0.37,,,,Tu Do Stadium,Sports Venues,0.76,
84904762,,0.37,,,,Tinh Hoa Art Shop,Shopping Centers and Areas,0.85,
84904762,,0.37,,,,Nha Thuoc Pharmacy,Hospitals and Medical Facilities,0.91,
84904762,,0.37,,,,Healing the Wounded Heart Shop,Shopping Centers and Areas,0.91,
11002,,0.0,4.1,9.0,9.5,Nha Thuoc Pharmacy,Hospitals and Medical Facilities,0.07,
11002,,0.0,4.1,9.0,9.5,Gold Silk Fashion,Shopping Centers and Areas,0.15,
11002,,0.0,4.1,9.0,9.5,Cathi 24,Entertainment,0.19,
11002,,0.0,4.1,9.0,9.5,Cù lao nhân tạo Nguyễn Sinh Cung,Natural Parks and Forests,0.23,
11002,,0.0,4.1,9.0,9.5,Than Minh,Hospitals and Medical Facilities,0.24,
11002,,0.0,4.1,9.0,9.5,Secret Viewpoint,Things to do,0.32,
11002,,0.0,4.1,9.0,9.5,Tinh Hoa Art Shop,Shopping Centers and Areas,0.33,
11002,,0.0,4.1,9.0,9.5,Gia Huy Silk,Shopping Centers and Areas,0.35,
11002,,0.0,4.1,9.0,9.5,Healing the Wounded Heart Shop,Shopping Centers and Areas,0.36,
11002,,0.0,4.1,9.0,9.5,Green Bamboo Art Gallery,Museums and Art Galleries,0.37,
625344,,0.0,6.2,9.7,8.4,Tinh Hoa Art Shop,Shopping Centers and Areas,0.07,
625344,,0.0,6.2,9.7,8.4,Healing the Wounded Heart Shop,Shopping Centers and Areas,0.13,
625344,,0.0,6.2,9.7,8.4,Gia Huy Silk,Shopping Centers and Areas,0.15,
625344,,0.0,6.2,9.7,8.4,Green Bamboo Art Gallery,Museums and Art Galleries,0.15,
625344,,0.0,6.2,9.7,8.4,Olympic gym and fitness centre,Fitness and Yoga Centers,0.17,
625344,,0.0,6.2,9.7,8.4,Gold Silk Fashion,Shopping Centers and Areas,0.23,
625344,,0.0,6.2,9.7,8.4,Cathi 24,Entertainment,0.25,
625344,,0.0,6.2,9.7,8.4,Tu Do Stadium,Sports Venues,0.25,
625344,,0.0,6.2,9.7,8.4,Pharmacy Bao Hung,Hospitals and Medical Facilities,0.27,
625344,,0.0,6.2,9.7,8.4,Nha Thuoc Pharmacy,Hospitals and Medical Facilities,0.28,
16093065,,0.0,0.0,5.9,5.2,Sapa Culture Museum,Museums and Art Galleries,0.29,
16093065,,0.0,0.0,5.9,5.2,Quang Truong Square,Famous Streets and Neighborhoods,0.3,
16093065,,0.0,0.0,5.9,5.2,Sun Plaza,Shops,0.35,
16093065,,0.0,0.0,5.9,5.2,Sapa Tourist Information Center,Tourist and Travel Info,0.37,
16093065,,0.0,0.0,5.9,5.2,Indigo Cat,Shopping Centers and Areas,0.37,
16093065,,0.0,0.0,5.9,5.2,Sun World Fansipan Legend,Famous Streets and Neighborhoods,0.38,
16093065,,0.0,0.0,5.9,5.2,Fansipan Legend,Camping and Outdoors,0.38,
16093065,,0.0,0.0,5.9,5.2,Love Market,Shopping Centers and Areas,0.46,
16093065,,0.0,0.0,5.9,5.2,Hung's Organic farm,Supermarkets,0.49,
16093065,,0.0,0.0,5.9,5.2,The Stone Church (Holy Rosary Church),Monuments and Landmarks,0.49,
71165203,,0.01,,,,Heaven Sapa,Things to do,0.29,
71165203,,0.01,,,,Indigo Cat,Shopping Centers and Areas,0.31,
71165203,,0.01,,,,Hieu Stone,Shopping Centers and Areas,0.39,
71165203,,0.01,,,,Quang Truong Square,Famous Streets and Neighborhoods,0.44,
71165203,,0.01,,,,Sun Plaza,Shops,0.44,
71165203,,0.01,,,,Sapa Culture Museum,Museums and Art Galleries,0.45,
71165203,,0.01,,,,Hung's Organic farm,Supermarkets,0.48,
71165203,,0.01,,,,Sapa Tourist Information Center,Tourist and Travel Info,0.49,
71165203,,0.01,,,,Love Market,Shopping Centers and Areas,0.54,
71165203,,0.01,,,,Mini Mart,Supermarkets,0.56,
47266922,,0.0,0.0,7.9,8.4,Ta Van Village,Attractions,0.16,
47266922,,0.0,0.0,7.9,8.4,Ta Phin Ethnic Commune,Attractions,0.21,
47266922,,0.0,0.0,7.9,8.4,Sapa Hospital,Hospitals and Medical Facilities,0.25,
47266922,,0.0,0.0,7.9,8.4,Sa Pa Lake,"Rivers, Reservoirs, and Lakes",0.25,
47266922,,0.0,0.0,7.9,8.4,Notre Dame Cathedral Sapa,Places of Worship,0.26,
47266922,,0.0,0.0,7.9,8.4,Lao Chai Village,Attractions,0.26,
47266922,,0.0,0.0,7.9,8.4,Sapa Ethnic School,Attractions,0.26,
47266922,,0.0,0.0,7.9,8.4,Victoria SaPa Spa,Entertainment,0.27,
47266922,,0.0,0.0,7.9,8.4,Sapa Lake,"Rivers, Reservoirs, and Lakes",0.27,
47266922,,0.0,0.0,7.9,8.4,The Stone Church (Holy Rosary Church),Monuments and Landmarks,0.28,
18588658,,0.0,0.0,6.2,7.0,Sa Pa Clinic,Hospitals and Medical Facilities,0.12,
18588658,,0.0,0.0,6.2,7.0,Mountain Bar & Pub,Bars,0.14,
18588658,,0.0,0.0,6.2,7.0,Thac Bac Silver Waterfall,Natural Hot Springs and Waterfalls,0.2,
18588658,,0.0,0.0,6.2,7.0,Hung's Organic farm,Supermarkets,0.23,
18588658,,0.0,0.0,6.2,7.0,Sapa Ethnic School,Attractions,0.27,
18588658,,0.0,0.0,6.2,7.0,Mini Mart,Supermarkets,0.27,
18588658,,0.0,0.0,6.2,7.0,Mau Temple,Places of Worship,0.29,
18588658,,0.0,0.0,6.2,7.0,Lao Chai Village,Attractions,0.32,
18588658,,0.0,0.0,6.2,7.0,Sapa Hospital,Hospitals and Medical Facilities,0.32,
18588658,,0.0,0.0,6.2,7.0,Love Market,Shopping Centers and Areas,0.32,
56865839,,0.0,0.0,7.2,6.8,Sa Pa Clinic,Hospitals and Medical Facilities,0.06,
56865839,,0.0,0.0,7.2,6.8,Mountain Bar & Pub,Bars,0.1,
56865839,,0.0,0.0,7.2,6.8,Hung's Organic farm,Supermarkets,0.1,
56865839,,0.0,0.0,7.2,6.8,Mini Mart,Supermarkets,0.15,
56865839,,0.0,0.0,7.2,6.8,Sapa Ethnic School,Attractions,0.19,
56865839,,0.0,0.0,7.2,6.8,Love Market,Shopping Centers and Areas,0.2,
56865839,,0.0,0.0,7.2,6.8,Lao Chai Village,Attractions,0.22,
56865839,,0.0,0.0,7.2,6.8,Sapa Hospital,Hospitals and Medical Facilities,0.23,
56865839,,0.0,0.0,7.2,6.8,Indigo Cat,Shopping Centers and Areas,0.26,
56865839,,0.0,0.0,7.2,6.8,Notre Dame Cathedral Sapa,Places of Worship,0.27,
76249262,,0.03,,,,Victoria SaPa Spa,Entertainment,0.39,
76249262,,0.03,,,,Can Cau Market,Shopping Centers and Areas,0.48,
76249262,,0.03,,,,Sapa Culture Museum,Museums and Art Galleries,0.5,
76249262,,0.03,,,,Quang Truong Square,Famous Streets and Neighborhoods,0.54,
76249262,,0.03,,,,Sapa Tourist Information Center,Tourist and Travel Info,0.55,
76249262,,0.03,,,,The Stone Church (Holy Rosary Church),Monuments and Landmarks,0.57,
76249262,,0.03,,,,Ho Chi Minh Friendship Monument,Monuments and Landmarks,0.59,
76249262,,0.03,,,,Notre Dame Cathedral Sapa,Places of Worship,0.6,
76249262,,0.03,,,,Sun Plaza,Shops,0.6,
76249262,,0.03,,,,Coc Ly Market,Shopping Centers and Areas,0.61,
73826022,,0.0,,,,Xuân Trúong Mart,Supermarkets,0.03,
73826022,,0.0,,,,Mua Sam Tong Hop Sa Pa,Supermarkets,0.03,
73826022,,0.0,,,,Ta Phoi Cam Duong Cave,"Mountains, Hills and Caves",0.11,
73826022,,0.0,,,,San Van Dong,Entertainment,0.15,
73826022,,0.0,,,,Rock Ancient Field,Attractions,0.16,
73826022,,0.0,,,,Sapa Lake,"Rivers, Reservoirs, and Lakes",0.21,
73826022,,0.0,,,,Sa Pa Lake,"Rivers, Reservoirs, and Lakes",0.25,
73826022,,0.0,,,,Ho Chi Minh Friendship Monument,Monuments and Landmarks,0.32,
73826022,,0.0,,,,Ta Phin Ethnic Commune,Attractions,0.33,
73826022,,0.0,,,,Ham Rong Mountain,"Mountains, Hills and Caves",0.34,
8099799,,0.12,0.0,5.3,6.9,Thac Bac Silver Waterfall,Natural Hot Springs and Waterfalls,0.09,
8099799,,0.12,0.0,5.3,6.9,Rattan Bridge,Bridges,0.22,
8099799,,0.12,0.0,5.3,6.9,Sa Pa Clinic,Hospitals and Medical Facilities,0.32,
8099799,,0.12,0.0,5.3,6.9,Mountain Bar & Pub,Bars,0.33,
8099799,,0.12,0.0,5.3,6.9,Mau Temple,Places of Worship,0.37,
8099799,,0.12,0.0,5.3,6.9,Hung's Organic farm,Supermarkets,0.43,
8099799,,0.12,0.0,5.3,6.9,Sapa Ethnic School,Attractions,0.45,
8099799,,0.12,0.0,5.3,6.9,Mini Mart,Supermarkets,0.47,
8099799,,0.12,0.0,5.3,6.9,Lao Chai Village,Attractions,0.51,
8099799,,0.12,0.0,5.3,6.9,Sapa Hospital,Hospitals and Medical Facilities,0.51,
77187476,,0.0,,,,Ta Phoi Cam Duong Cave,"Mountains, Hills and Caves",0.19,
77187476,,0.0,,,,San Van Dong,Entertainment,0.21,
77187476,,0.0,,,,Sapa Market,Shopping Centers and Areas,0.22,
77187476,,0.0,,,,Sapa Bus Station,"Train, Metro and Bus Stations",0.28,
77187476,,0.0,,,,Xuân Trúong Mart,Supermarkets,0.3,
77187476,,0.0,,,,Mua Sam Tong Hop Sa Pa,Supermarkets,0.3,
77187476,,0.0,,,,Rock Ancient Field,Attractions,0.4,
77187476,,0.0,,,,Ham Rong Mountain,"Mountains, Hills and Caves",0.49,
77187476,,0.0,,,,Sapa Lake,"Rivers, Reservoirs, and Lakes",0.5,
77187476,,0.0,,,,Sa Pa Lake,"Rivers, Reservoirs, and Lakes",0.55,
77049496,,0.0,,,,Can Cau Market,Shopping Centers and Areas,0.14,
77049496,,0.0,,,,Ho Chi Minh Friendship Monument,Monuments and Landmarks,0.18,
77049496,,0.0,,,,Sa Pa Lake,"Rivers, Reservoirs, and Lakes",0.23,
77049496,,0.0,,,,Sapa Lake,"Rivers, Reservoirs, and Lakes",0.25,
77049496,,0.0,,,,Coc Ly Market,Shopping Centers and Areas,0.26,
77049496,,0.0,,,,Mua Sam Tong Hop Sa Pa,Supermarkets,0.36,
77049496,,0.0,,,,Xuân Trúong Mart,Supermarkets,0.37,
77049496,,0.0,,,,San Van Dong,Entertainment,0.41,
77049496,,0.0,,,,Ta Phoi Cam Duong Cave,"Mountains, Hills and Caves",0.47,
77049496,,0.0,,,,Rock Ancient Field,Attractions,0.49,
14695708,,0.0,0.0,8.1,7.6,Victoria SaPa Spa,Entertainment,0.11,
14695708,,0.0,0.0,8.1,7.6,The Stone Church (Holy Rosary Church),Monuments and Landmarks,0.15,
14695708,,0.0,0.0,8.1,7.6,Sapa Tourist Information Center,Tourist and Travel Info,0.16,
14695708,,0.0,0.0,8.1,7.6,Notre Dame Cathedral Sapa,Places of Worship,0.17,
14695708,,0.0,0.0,8.1,7.6,Sapa Culture Museum,Museums and Art Galleries,0.18,
14695708,,0.0,0.0,8.1,7.6,Quang Truong Square,Famous Streets and Neighborhoods,0.2,
14695708,,0.0,0.0,8.1,7.6,Sun Plaza,Shops,0.22,
14695708,,0.0,0.0,8.1,7.6,Ta Van Village,Attractions,0.23,
14695708,,0.0,0.0,8.1,7.6,Love Market,Shopping Centers and Areas,0.23,
14695708,,0.0,0.0,8.1,7.6,Sapa Hospital,Hospitals and Medical Facilities,0.23,
80582219,,0.0,,,,Ta Phoi Cam Duong Cave,"Mountains, Hills and Caves",0.11,
80582219,,0.0,,,,Xuân Trúong Mart,Supermarkets,0.17,
80582219,,0.0,,,,Rock Ancient Field,Attractions,0.17,
80582219,,0.0,,,,Mua Sam Tong Hop Sa Pa,Supermarkets,0.17,
80582219,,0.0,,,,San Van Dong,Entertainment,0.21,
80582219,,0.0,,,,Ham Rong Mountain,"Mountains, Hills and Caves",0.27,
80582219,,0.0,,,,Sapa Lake,"Rivers, Reservoirs, and Lakes",0.34,
80582219,,0.0,,,,Ta Phin Ethnic Commune,Attractions,0.34,
80582219,,0.0,,,,Sa Pa Lake,"Rivers, Reservoirs, and Lakes",0.39,
80582219,,0.0,,,,Sapa Market,Shopping Centers and Areas,0.44,
1187717,,0.0,0.0,7.7,8.4,Ta Van Village,Attractions,0.17,
1187717,,0.0,0.0,7.7,8.4,Ta Phin Ethnic Commune,Attractions,0.24,
1187717,,0.0,0.0,7.7,8.4,Sa Pa Lake,"Rivers, Reservoirs, and Lakes",0.24,
1187717,,0.0,0.0,7.7,8.4,Victoria SaPa Spa,Entertainment,0.25,
1187717,,0.0,0.0,7.7,8.4,Sapa Hospital,Hospitals and Medical Facilities,0.26,
1187717,,0.0,0.0,7.7,8.4,Notre Dame Cathedral Sapa,Places of Worship,0.26,
1187717,,0.0,0.0,7.7,8.4,Ho Chi Minh Friendship Monument,Monuments and Landmarks,0.26,
1187717,,0.0,0.0,7.7,8.4,Lao Chai Village,Attractions,0.27,
1187717,,0.0,0.0,7.7,8.4,Sapa Lake,"Rivers, Reservoirs, and Lakes",0.27,
1187717,,0.0,0.0,7.7,8.4,Sapa Ethnic School,Attractions,0.27,
75699250,,0.08,,,,Victoria SaPa Spa,Entertainment,0.51,
75699250,,0.08,,,,Sapa Culture Museum,Museums and Art Galleries,0.57,
75699250,,0.08,,,,Sun World Fansipan Legend,Famous Streets and Neighborhoods,0.58,
75699250,,0.08,,,,Fansipan Legend,Camping and Outdoors,0.58,
75699250,,0.08,,,,Can Cau Market,Shopping Centers and Areas,0.61,
75699250,,0.08,,,,Quang Truong Square,Famous Streets and Neighborhoods,0.61,
75699250,,0.08,,,,Sapa Tourist Information Center,Tourist and Travel Info,0.63,
75699250,,0.08,,,,The Stone Church (Holy Rosary Church),Monuments and Landmarks,0.67,
75699250,,0.08,,,,Sun Plaza,Shops,0.68,
75699250,,0.08,,,,Notre Dame Cathedral Sapa,Places of Worship,0.7,
71558148,,0.0,,,,Rock Ancient Field,Attractions,0.13,
71558148,,0.0,,,,Sapa Lake,"Rivers, Reservoirs, and Lakes",0.15,
71558148,,0.0,,,,Sa Pa Lake,"Rivers, Reservoirs, and Lakes",0.17,
71558148,,0.0,,,,Ta Phin Ethnic Commune,Attractions,0.18,
71558148,,0.0,,,,Mua Sam Tong Hop Sa Pa,Supermarkets,0.21,
71558148,,0.0,,,,Xuân Trúong Mart,Supermarkets,0.22,
71558148,,0.0,,,,Ho Chi Minh Friendship Monument,Monuments and Landmarks,0.24,
71558148,,0.0,,,,Ham Rong Mountain,"Mountains, Hills and Caves",0.28,
71558148,,0.0,,,,Ta Phoi Cam Duong Cave,"Mountains, Hills and Caves",0.3,
71558148,,0.0,,,,San Van Dong,Entertainment,0.34,
30613732,,0.0,0.0,5.9,5.3,Sun World Fansipan Legend,Famous Streets and Neighborhoods,0.28,
30613732,,0.0,0.0,5.9,5.3,Fansipan Legend,Camping and Outdoors,0.28,
30613732,,0.0,0.0,5.9,5.3,Sapa Culture Museum,Museums and Art Galleries,0.34,
30613732,,0.0,0.0,5.9,5.3,Quang Truong Square,Famous Streets and Neighborhoods,0.37,
30613732,,0.0,0.0,5.9,5.3,Sun Plaza,Shops,0.43,
30613732,,0.0,0.0,5.9,5.3,Sapa Tourist Information Center,Tourist and Travel Info,0.44,
30613732,,0.0,0.0,5.9,5.3,Indigo Cat,Shopping Centers and Areas,0.5,
30613732,,0.0,0.0,5.9,5.3,Love Market,Shopping Centers and Areas,0.55,
30613732,,0.0,0.0,5.9,5.3,The Stone Church (Holy Rosary Church),Monuments and Landmarks,0.55,
30613732,,0.0,0.0,5.9,5.3,Victoria SaPa Spa,Entertainment,0.56,
5902358,,0.27,0.0,5.0,7.0,Rattan Bridge,Bridges,0.18,
5902358,,0.27,0.0,5.0,7.0,Thac Bac Silver Waterfall,Natural Hot Springs and Waterfalls,0.21,
5902358,,0.27,0.0,5.0,7.0,Sa Pa Clinic,Hospitals and Medical Facilities,0.49,
5902358,,0.27,0.0,5.0,7.0,Mau Temple,Places of Worship,0.49,
5902358,,0.27,0.0,5.0,7.0,Mountain Bar & Pub,Bars,0.49,
5902358,,0.27,0.0,5.0,7.0,Ham Rong Mountain,"Mountains, Hills and Caves",0.6,
5902358,,0.27,0.0,5.0,7.0,Hung's Organic farm,Supermarkets,0.6,
5902358,,0.27,0.0,5.0,7.0,Sapa Ethnic School,Attractions,0.61,
5902358,,0.27,0.0,5.0,7.0,Ta Phin Ethnic Commune,Attractions,0.64,
5902358,,0.27,0.0,5.0,7.0,Mini Mart,Supermarkets,0.64,
1275517,,,0.0,4.6,4.7,Ta Van Clinic,Hospitals and Medical Facilities,0.6,
1275517,,,0.0,4.6,4.7,Ta Van,Things to do,0.67,
1275517,,,0.0,4.6,4.7,Homestay Giang ta chai,Camping and Outdoors,1.1,
1275517,,,0.0,4.6,4.7,Hâu Thào village,Things to do,1.32,
1275517,,,0.0,4.6,4.7,view of waterfall from the top,Things to do,1.72,
1275517,,,0.0,4.6,4.7,Lao Chai Clinic,Hospitals and Medical Facilities,1.83,
1275517,,,0.0,4.6,4.7,Viewpoint of the whole valley,Things to do,1.87,
1275517,,,0.0,4.6,4.7,Muong Hoa valley,"Mountains, Hills and Caves",2.23,
1275517,,,0.0,4.6,4.7,Hiking boots needed,Things to do,2.46,
1275517,,,0.0,4.6,4.7,Alpine Coaster SaPa,Things to do,3.55,
64607990,,0.0,,,,Rock Ancient Field,Attractions,0.06,
64607990,,0.0,,,,Ta Phin Ethnic Commune,Attractions,0.18,
64607990,,0.0,,,,Mua Sam Tong Hop Sa Pa,Supermarkets,0.18,
64607990,,0.0,,,,Xuân Trúong Mart,Supermarkets,0.18,
64607990,,0.0,,,,Sapa Lake,"Rivers, Reservoirs, and Lakes",0.19,
64607990,,0.0,,,,Sa Pa Lake,"Rivers, Reservoirs, and Lakes",0.23,
64607990,,0.0,,,,Ham Rong Mountain,"Mountains, Hills and Caves",0.23,
64607990,,0.0,,,,Ta Phoi Cam Duong Cave,"Mountains, Hills and Caves",0.25,
64607990,,0.0,,,,Ho Chi Minh Friendship Monument,Monuments and Landmarks,0.3,
64607990,,0.0,,,,San Van Dong,Entertainment,0.31,
86593269,,,,,,Homestay Giang ta chai,Camping and Outdoors,0.71,
86593269,,,,,,Ta Van Clinic,Hospitals and Medical Facilities,0.99,
86593269,,,,,,Ta Van,Things to do,1.0,
86593269,,,,,,view of waterfall from the top,Things to do,1.32,
86593269,,,,,,Viewpoint of the whole valley,Things to do,1.47,
86593269,,,,,,Hâu Thào village,Things to do,1.61,
86593269,,,,,,Hiking boots needed,Things to do,2.11,
86593269,,,,,,Lao Chai Clinic,Hospitals and Medical Facilities,2.27,
86593269,,,,,,Muong Hoa valley,"Mountains, Hills and Caves",2.67,
86593269,,,,,,Alpine Coaster SaPa,Things to do,3.99,
14695573,,0.0,0.0,9.2,6.7,Sun Plaza,Shops,0.03,
14695573,,0.0,0.0,9.2,6.7,Sapa Tourist Information Center,Tourist and Travel Info,0.04,
14695573,,0.0,0.0,9.2,6.7,Quang Truong Square,Famous Streets and Neighborhoods,0.08,
14695573,,0.0,0.0,9.2,6.7,Love Market,Shopping Centers and Areas,0.09,
14695573,,0.0,0.0,9.2,6.7,Sapa Culture Museum,Museums and Art Galleries,0.12,
14695573,,0.0,0.0,9.2,6.7,The Stone Church (Holy Rosary Church),Monuments and Landmarks,0.13,
14695573,,0.0,0.0,9.2,6.7,Mini Mart,Supermarkets,0.15,
14695573,,0.0,0.0,9.2,6.7,Notre Dame Cathedral Sapa,Places of Worship,0.15,
14695573,,0.0,0.0,9.2,6.7,Lao Chai Village,Attractions,0.18,
14695573,,0.0,0.0,9.2,6.7,Sapa Hospital,Hospitals and Medical Facilities,0.19,
58688091,,0.0,0.0,6.8,6.1,Hung's Organic farm,Supermarkets,0.17,
58688091,,0.0,0.0,6.8,6.1,Sa Pa Clinic,Hospitals and Medical Facilities,0.2,
58688091,,0.0,0.0,6.8,6.1,Indigo Cat,Shopping Centers and Areas,0.22,
58688091,,0.0,0.0,6.8,6.1,Mountain Bar & Pub,Bars,0.24,
58688091,,0.0,0.0,6.8,6.1,Mini Mart,Supermarkets,0.28,
58688091,,0.0,0.0,6.8,6.1,Love Market,Shopping Centers and Areas,0.31,
58688091,,0.0,0.0,6.8,6.1,Sapa Ethnic School,Attractions,0.34,
58688091,,0.0,0.0,6.8,6.1,Sun Plaza,Shops,0.35,
58688091,,0.0,0.0,6.8,6.1,Lao Chai Village,Attractions,0.36,
58688091,,0.0,0.0,6.8,6.1,Sapa Hospital,Hospitals and Medical Facilities,0.36,
18516076,,0.26,0.0,6.9,4.7,Hieu Stone,Shopping Centers and Areas,0.21,
18516076,,0.26,0.0,6.9,4.7,Heaven Sapa,Things to do,0.28,
18516076,,0.26,0.0,6.9,4.7,Fansipan Legend,Camping and Outdoors,0.54,
18516076,,0.26,0.0,6.9,4.7,Sun World Fansipan Legend,Famous Streets and Neighborhoods,0.54,
18516076,,0.26,0.0,6.9,4.7,Cat Cat Ethnic Village,Attractions,0.56,
18516076,,0.26,0.0,6.9,4.7,Indigo Cat,Shopping Centers and Areas,0.58,
18516076,,0.26,0.0,6.9,4.7,Tiên Sa Waterfall,Natural Hot Springs and Waterfalls,0.6,
18516076,,0.26,0.0,6.9,4.7,Quang Truong Square,Famous Streets and Neighborhoods,0.68,
18516076,,0.26,0.0,6.9,4.7,Sapa Culture Museum,Museums and Art Galleries,0.69,
18516076,,0.26,0.0,6.9,4.7,Sun Plaza,Shops,0.7,
83780778,,0.0,,,,Rock Ancient Field,Attractions,0.05,
83780778,,0.0,,,,Mua Sam Tong Hop Sa Pa,Supermarkets,0.17,
83780778,,0.0,,,,Xuân Trúong Mart,Supermarkets,0.17,
83780778,,0.0,,,,Ta Phin Ethnic Commune,Attractions,0.19,
83780778,,0.0,,,,Sapa Lake,"Rivers, Reservoirs, and Lakes",0.2,
83780778,,0.0,,,,Ham Rong Mountain,"Mountains, Hills and Caves",0.23,
83780778,,0.0,,,,Ta Phoi Cam Duong Cave,"Mountains, Hills and Caves",0.23,
83780778,,0.0,,,,Sa Pa Lake,"Rivers, Reservoirs, and Lakes",0.24,
83780778,,0.0,,,,San Van Dong,Entertainment,0.29,
83780778,,0.0,,,,Ho Chi Minh Friendship Monument,Monuments and Landmarks,0.31,
77497818,,0.0,,,,Indigo Cat,Shopping Centers and Areas,0.16,
77497818,,0.0,,,,Sun Plaza,Shops,0.32,
77497818,,0.0,,,,Quang Truong Square,Famous Streets and Neighborhoods,0.33,
77497818,,0.0,,,,Hung's Organic farm,Supermarkets,0.34,
77497818,,0.0,,,,Sapa Culture Museum,Museums and Art Galleries,0.36,
77497818,,0.0,,,,Heaven Sapa,Things to do,0.37,
77497818,,0.0,,,,Sapa Tourist Information Center,Tourist and Travel Info,0.38,
77497818,,0.0,,,,Love Market,Shopping Centers and Areas,0.4,
77497818,,0.0,,,,Mini Mart,Supermarkets,0.42,
77497818,,0.0,,,,The Stone Church (Holy Rosary Church),Monuments and Landmarks,0.48,
92212501,,0.01,,,,Can Cau Market,Shopping Centers and Areas,0.17,
92212501,,0.01,,,,Victoria SaPa Spa,Entertainment,0.27,
92212501,,0.01,,,,Ho Chi Minh Friendship Monument,Monuments and Landmarks,0.28,
92212501,,0.01,,,,Sa Pa Lake,"Rivers, Reservoirs, and Lakes",0.35,
92212501,,0.01,,,,Sapa Lake,"Rivers, Reservoirs, and Lakes",0.39,
92212501,,0.01,,,,Coc Ly Market,Shopping Centers and Areas,0.39,
92212501,,0.01,,,,Ta Van Village,Attractions,0.47,
92212501,,0.01,,,,The Stone Church (Holy Rosary Church),Monuments and Landmarks,0.49,
92212501,,0.01,,,,Notre Dame Cathedral Sapa,Places of Worship,0.5,
92212501,,0.01,,,,Sapa Hospital,Hospitals and Medical Facilities,0.54,
73179858,,0.0,,,,Victoria SaPa Spa,Entertainment,0.17,
73179858,,0.0,,,,Sapa Culture Museum,Museums and Art Galleries,0.21,
73179858,,0.0,,,,Sapa Tourist Information Center,Tourist and Travel Info,0.25,
73179858,,0.0,,,,Quang Truong Square,Famous Streets and Neighborhoods,0.25,
73179858,,0.0,,,,The Stone Church (Holy Rosary Church),Monuments and Landmarks,0.28,
73179858,,0.0,,,,Sun Plaza,Shops,0.3,
73179858,,0.0,,,,Notre Dame Cathedral Sapa,Places of Worship,0.31,
73179858,,0.0,,,,Love Market,Shopping Centers and Areas,0.35,
73179858,,0.0,,,,Lao Chai Village,Attractions,0.37,
73179858,,0.0,,,,Sapa Hospital,Hospitals and Medical Facilities,0.37,
1031263,,0.0,0.0,8.7,6.4,Sun Plaza,Shops,0.1,
1031263,,0.0,0.0,8.7,6.4,Hung's Organic farm,Supermarkets,0.1,
1031263,,0.0,0.0,8.7,6.4,Love Market,Shopping Centers and Areas,0.12,
1031263,,0.0,0.0,8.7,6.4,Mini Mart,Supermarkets,0.14,
1031263,,0.0,0.0,8.7,6.4,Indigo Cat,Shopping Centers and Areas,0.15,
1031263,,0.0,0.0,8.7,6.4,Sapa Tourist Information Center,Tourist and Travel Info,0.15,
1031263,,0.0,0.0,8.7,6.4,Quang Truong Square,Famous Streets and Neighborhoods,0.16,
1031263,,0.0,0.0,8.7,6.4,Sapa Culture Museum,Museums and Art Galleries,0.21,
1031263,,0.0,0.0,8.7,6.4,The Stone Church (Holy Rosary Church),Monuments and Landmarks,0.21,
1031263,,0.0,0.0,8.7,6.4,Lao Chai Village,Attractions,0.22,
5831353,,0.0,0.0,7.7,5.6,Quang Truong Square,Famous Streets and Neighborhoods,0.17,
5831353,,0.0,0.0,7.7,5.6,Sapa Culture Museum,Museums and Art Galleries,0.18,
5831353,,0.0,0.0,7.7,5.6,Sun Plaza,Shops,0.2,
5831353,,0.0,0.0,7.7,5.6,Sapa Tourist Information Center,Tourist and Travel Info,0.23,
5831353,,0.0,0.0,7.7,5.6,Indigo Cat,Shopping Centers and Areas,0.24,
5831353,,0.0,0.0,7.7,5.6,Love Market,Shopping Centers and Areas,0.32,
5831353,,0.0,0.0,7.7,5.6,Hung's Organic farm,Supermarkets,0.33,
5831353,,0.0,0.0,7.7,5.6,The Stone Church (Holy Rosary Church),Monuments and Landmarks,0.35,
5831353,,0.0,0.0,7.7,5.6,Mini Mart,Supermarkets,0.36,
5831353,,0.0,0.0,7.7,5.6,Notre Dame Cathedral Sapa,Places of Worship,0.38,
91258385,,0.0,,,,Victoria SaPa Spa,Entertainment,0.08,
91258385,,0.0,,,,Ta Van Village,Attractions,0.17,
91258385,,0.0,,,,The Stone Church (Holy Rosary Church),Monuments and Landmarks,0.18,
91258385,,0.0,,,,Notre Dame Cathedral Sapa,Places of Worship,0.19,
91258385,,0.0,,,,Sapa Hospital,Hospitals and Medical Facilities,0.23,
91258385,,0.0,,,,Lao Chai Village,Attractions,0.23,
91258385,,0.0,,,,Sapa Tourist Information Center,Tourist and Travel Info,0.27,
91258385,,0.0,,,,Sapa Ethnic School,Attractions,0.28,
91258385,,0.0,,,,Love Market,Shopping Centers and Areas,0.28,
91258385,,0.0,,,,Mini Mart,Supermarkets,0.31,
40560157,,0.0,0.0,5.8,7.3,Thac Bac Silver Waterfall,Natural Hot Springs and Waterfalls,0.13,
40560157,,0.0,0.0,5.8,7.3,Sa Pa Clinic,Hospitals and Medical Facilities,0.18,
40560157,,0.0,0.0,5.8,7.3,Mountain Bar & Pub,Bars,0.19,
40560157,,0.0,0.0,5.8,7.3,Mau Temple,Places of Worship,0.27,
40560157,,0.0,0.0,5.8,7.3,Rattan Bridge,Bridges,0.3,
40560157,,0.0,0.0,5.8,7.3,Hung's Organic farm,Supermarkets,0.3,
40560157,,0.0,0.0,5.8,7.3,Sapa Ethnic School,Attractions,0.31,
40560157,,0.0,0.0,5.8,7.3,Mini Mart,Supermarkets,0.33,
40560157,,0.0,0.0,5.8,7.3,Lao Chai Village,Attractions,0.37,
40560157,,0.0,0.0,5.8,7.3,Sapa Hospital,Hospitals and Medical Facilities,0.37,
2607925,,0.52,0.0,4.3,5.8,Rattan Bridge,Bridges,0.39,
2607925,,0.52,0.0,4.3,5.8,Thac Bac Silver Waterfall,Natural Hot Springs and Waterfalls,0.47,
2607925,,0.52,0.0,4.3,5.8,Mau Temple,Places of Worship,0.74,
2607925,,0.52,0.0,4.3,5.8,Sa Pa Clinic,Hospitals and Medical Facilities,0.74,
2607925,,0.52,0.0,4.3,5.8,Mountain Bar & Pub,Bars,0.75,
2607925,,0.52,0.0,4.3,5.8,Ham Rong Mountain,"Mountains, Hills and Caves",0.8,
2607925,,0.52,0.0,4.3,5.8,Hung's Organic farm,Supermarkets,0.84,
2607925,,0.52,0.0,4.3,5.8,Sapa Ethnic School,Attractions,0.87,
2607925,,0.52,0.0,4.3,5.8,Hang Dá Village,Famous Streets and Neighborhoods,0.87,
2607925,,0.52,0.0,4.3,5.8,Ta Phin Ethnic Commune,Attractions,0.87,
26852142,,0.0,0.0,5.6,5.0,Indigo Cat,Shopping Centers and Areas,0.35,
26852142,,0.0,0.0,5.6,5.0,Quang Truong Square,Famous Streets and Neighborhoods,0.39,
26852142,,0.0,0.0,5.6,5.0,Sapa Culture Museum,Museums and Art Galleries,0.4,
26852142,,0.0,0.0,5.6,5.0,Heaven Sapa,Things to do,0.4,
26852142,,0.0,0.0,5.6,5.0,Sun Plaza,Shops,0.42,
26852142,,0.0,0.0,5.6,5.0,Sun World Fansipan Legend,Famous Streets and Neighborhoods,0.45,
26852142,,0.0,0.0,5.6,5.0,Fansipan Legend,Camping and Outdoors,0.45,
26852142,,0.0,0.0,5.6,5.0,Sapa Tourist Information Center,Tourist and Travel Info,0.46,
26852142,,0.0,0.0,5.6,5.0,Hieu Stone,Shopping Centers and Areas,0.46,
26852142,,0.0,0.0,5.6,5.0,Hung's Organic farm,Supermarkets,0.5,
39830954,,0.0,0.0,7.5,8.9,Sapa Lake,"Rivers, Reservoirs, and Lakes",0.06,
39830954,,0.0,0.0,7.5,8.9,Sa Pa Lake,"Rivers, Reservoirs, and Lakes",0.11,
39830954,,0.0,0.0,7.5,8.9,Mua Sam Tong Hop Sa Pa,Supermarkets,0.15,
39830954,,0.0,0.0,7.5,8.9,Xuân Trúong Mart,Supermarkets,0.15,
39830954,,0.0,0.0,7.5,8.9,Ho Chi Minh Friendship Monument,Monuments and Landmarks,0.18,
39830954,,0.0,0.0,7.5,8.9,Rock Ancient Field,Attractions,0.18,
39830954,,0.0,0.0,7.5,8.9,Ta Phoi Cam Duong Cave,"Mountains, Hills and Caves",0.26,
39830954,,0.0,0.0,7.5,8.9,San Van Dong,Entertainment,0.27,
39830954,,0.0,0.0,7.5,8.9,Ta Phin Ethnic Commune,Attractions,0.28,
39830954,,0.0,0.0,7.5,8.9,Can Cau Market,Shopping Centers and Areas,0.35,
91316170,,,,,,Homestay Giang ta chai,Camping and Outdoors,0.29,
91316170,,,,,,view of waterfall from the top,Things to do,0.33,
91316170,,,,,,Viewpoint of the whole valley,Things to do,0.48,
91316170,,,,,,Hiking boots needed,Things to do,1.13,
91316170,,,,,,Ta Van,Things to do,1.67,
91316170,,,,,,Ta Van Clinic,Hospitals and Medical Facilities,1.76,
91316170,,,,,,Hâu Thào village,Things to do,2.6,
91316170,,,,,,Lao Chai Clinic,Hospitals and Medical Facilities,3.09,
91316170,,,,,,Muong Hoa valley,"Mountains, Hills and Caves",3.48,
91316170,,,,,,Alpine Coaster SaPa,Things to do,4.84,
92428405,,0.0,,,,Hung's Organic farm,Supermarkets,0.12,
92428405,,0.0,,,,Sa Pa Clinic,Hospitals and Medical Facilities,0.14,
92428405,,0.0,,,,Mountain Bar & Pub,Bars,0.18,
92428405,,0.0,,,,Indigo Cat,Shopping Centers and Areas,0.21,
92428405,,0.0,,,,Mini Mart,Supermarkets,0.22,
92428405,,0.0,,,,Love Market,Shopping Centers and Areas,0.25,
92428405,,0.0,,,,Sapa Ethnic School,Attractions,0.27,
92428405,,0.0,,,,Lao Chai Village,Attractions,0.3,
92428405,,0.0,,,,Sapa Hospital,Hospitals and Medical Facilities,0.3,
92428405,,0.0,,,,Sun Plaza,Shops,0.3,
76727704,,,,,,Viewpoint of the whole valley,Things to do,2.95,
76727704,,,,,,Hiking boots needed,Things to do,3.0,
76727704,,,,,,view of waterfall from the top,Things to do,3.07,
76727704,,,,,,Homestay Giang ta chai,Camping and Outdoors,3.55,
76727704,,,,,,Ban Ho Village,Attractions,4.05,
76727704,,,,,,Ta Van,Things to do,4.95,
76727704,,,,,,Ta Van Clinic,Hospitals and Medical Facilities,5.0,
76727704,,,,,,Hâu Thào village,Things to do,5.26,
76727704,,,,,,Hoang Lien National Park,Natural Parks and Forests,6.3,
76727704,,,,,,Lao Chai Clinic,Hospitals and Medical Facilities,6.31,
7406420,,0.31,0.0,4.8,6.5,Rattan Bridge,Bridges,0.22,
7406420,,0.31,0.0,4.8,6.5,Thac Bac Silver Waterfall,Natural Hot Springs and Waterfalls,0.25,
7406420,,0.31,0.0,4.8,6.5,Sa Pa Clinic,Hospitals and Medical Facilities,0.51,
7406420,,0.31,0.0,4.8,6.5,Mountain Bar & Pub,Bars,0.52,
7406420,,0.31,0.0,4.8,6.5,Mau Temple,Places of Worship,0.53,
7406420,,0.31,0.0,4.8,6.5,Hung's Organic farm,Supermarkets,0.62,
7406420,,0.31,0.0,4.8,6.5,Ham Rong Mountain,"Mountains, Hills and Caves",0.64,
7406420,,0.31,0.0,4.8,6.5,Sapa Ethnic School,Attractions,0.64,
7406420,,0.31,0.0,4.8,6.5,Mini Mart,Supermarkets,0.67,
7406420,,0.31,0.0,4.8,6.5,Ta Phin Ethnic Commune,Attractions,0.68,
5649846,,0.0,0.0,9.5,6.4,Sun Plaza,Shops,0.03,
5649846,,0.0,0.0,9.5,6.4,Quang Truong Square,Famous Streets and Neighborhoods,0.06,
5649846,,0.0,0.0,9.5,6.4,Sapa Tourist Information Center,Tourist and Travel Info,0.08,
5649846,,0.0,0.0,9.5,6.4,Sapa Culture Museum,Museums and Art Galleries,0.11,
5649846,,0.0,0.0,9.5,6.4,Love Market,Shopping Centers and Areas,0.14,
5649846,,0.0,0.0,9.5,6.4,The Stone Church (Holy Rosary Church),Monuments and Landmarks,0.18,
5649846,,0.0,0.0,9.5,6.4,Mini Mart,Supermarkets,0.19,
5649846,,0.0,0.0,9.5,6.4,Hung's Organic farm,Supermarkets,0.2,
5649846,,0.0,0.0,9.5,6.4,Notre Dame Cathedral Sapa,Places of Worship,0.21,
5649846,,0.0,0.0,9.5,6.4,Indigo Cat,Shopping Centers and Areas,0.21,
73561103,,0.0,,,,Victoria SaPa Spa,Entertainment,0.13,
73561103,,0.0,,,,Ho Chi Minh Friendship Monument,Monuments and Landmarks,0.23,
73561103,,0.0,,,,Sa Pa Lake,"Rivers, Reservoirs, and Lakes",0.27,
73561103,,0.0,,,,Ta Van Village,Attractions,0.27,
73561103,,0.0,,,,Can Cau Market,Shopping Centers and Areas,0.28,
73561103,,0.0,,,,The Stone Church (Holy Rosary Church),Monuments and Landmarks,0.31,
73561103,,0.0,,,,Notre Dame Cathedral Sapa,Places of Worship,0.31,
73561103,,0.0,,,,Sapa Lake,"Rivers, Reservoirs, and Lakes",0.31,
73561103,,0.0,,,,Sapa Hospital,Hospitals and Medical Facilities,0.34,
73561103,,0.0,,,,Lao Chai Village,Attractions,0.35,
30726011,,0.0,0.0,6.9,7.4,Sa Pa Clinic,Hospitals and Medical Facilities,0.08,
30726011,,0.0,0.0,6.9,7.4,Mountain Bar & Pub,Bars,0.08,
30726011,,0.0,0.0,6.9,7.4,Sapa Ethnic School,Attractions,0.21,
30726011,,0.0,0.0,6.9,7.4,Hung's Organic farm,Supermarkets,0.22,
30726011,,0.0,0.0,6.9,7.4,Thac Bac Silver Waterfall,Natural Hot Springs and Waterfalls,0.22,
30726011,,0.0,0.0,6.9,7.4,Mini Mart,Supermarkets,0.23,
30726011,,0.0,0.0,6.9,7.4,Mau Temple,Places of Worship,0.24,
30726011,,0.0,0.0,6.9,7.4,Lao Chai Village,Attractions,0.26,
30726011,,0.0,0.0,6.9,7.4,Sapa Hospital,Hospitals and Medical Facilities,0.26,
30726011,,0.0,0.0,6.9,7.4,Love Market,Shopping Centers and Areas,0.28,
1603014,,0.0,0.0,5.7,7.3,Thac Bac Silver Waterfall,Natural Hot Springs and Waterfalls,0.1,
1603014,,0.0,0.0,5.7,7.3,Sa Pa Clinic,Hospitals and Medical Facilities,0.21,
1603014,,0.0,0.0,5.7,7.3,Mountain Bar & Pub,Bars,0.21,
1603014,,0.0,0.0,5.7,7.3,Rattan Bridge,Bridges,0.27,
1603014,,0.0,0.0,5.7,7.3,Mau Temple,Places of Worship,0.28,
1603014,,0.0,0.0,5.7,7.3,Sapa Ethnic School,Attractions,0.33,
1603014,,0.0,0.0,5.7,7.3,Hung's Organic farm,Supermarkets,0.33,
1603014,,0.0,0.0,5.7,7.3,Mini Mart,Supermarkets,0.36,
1603014,,0.0,0.0,5.7,7.3,Lao Chai Village,Attractions,0.39,
1603014,,0.0,0.0,5.7,7.3,Sapa Hospital,Hospitals and Medical Facilities,0.39,
73270,,0.0,0.0,6.6,7.4,Sa Pa Clinic,Hospitals and Medical Facilities,0.1,
73270,,0.0,0.0,6.6,7.4,Mountain Bar & Pub,Bars,0.1,
73270,,0.0,0.0,6.6,7.4,Thac Bac Silver Waterfall,Natural Hot Springs and Waterfalls,0.2,
73270,,0.0,0.0,6.6,7.4,Sapa Ethnic School,Attractions,0.23,
73270,,0.0,0.0,6.6,7.4,Hung's Organic farm,Supermarkets,0.24,
73270,,0.0,0.0,6.6,7.4,Mau Temple,Places of Worship,0.24,
73270,,0.0,0.0,6.6,7.4,Mini Mart,Supermarkets,0.25,
73270,,0.0,0.0,6.6,7.4,Lao Chai Village,Attractions,0.29,
73270,,0.0,0.0,6.6,7.4,Sapa Hospital,Hospitals and Medical Facilities,0.29,
73270,,0.0,0.0,6.6,7.4,Love Market,Shopping Centers and Areas,0.31,
410811,,0.0,0.0,9.4,6.0,Indigo Cat,Shopping Centers and Areas,0.07,
410811,,0.0,0.0,9.4,6.0,Hung's Organic farm,Supermarkets,0.11,
410811,,0.0,0.0,9.4,6.0,Sun Plaza,Shops,0.16,
410811,,0.0,0.0,9.4,6.0,Love Market,Shopping Centers and Areas,0.19,
410811,,0.0,0.0,9.4,6.0,Mini Mart,Supermarkets,0.2,
410811,,0.0,0.0,9.4,6.0,Quang Truong Square,Famous Streets and Neighborhoods,0.22,
410811,,0.0,0.0,9.4,6.0,Sapa Tourist Information Center,Tourist and Travel Info,0.22,
410811,,0.0,0.0,9.4,6.0,Sa Pa Clinic,Hospitals and Medical Facilities,0.26,
410811,,0.0,0.0,9.4,6.0,Sapa Culture Museum,Museums and Art Galleries,0.26,
410811,,0.0,0.0,9.4,6.0,Lao Chai Village,Attractions,0.28,
69363409,,0.0,,,,Sapa Culture Museum,Museums and Art Galleries,0.28,
69363409,,0.0,,,,Quang Truong Square,Famous Streets and Neighborhoods,0.29,
69363409,,0.0,,,,Sun Plaza,Shops,0.34,
69363409,,0.0,,,,Indigo Cat,Shopping Centers and Areas,0.36,
69363409,,0.0,,,,Sapa Tourist Information Center,Tourist and Travel Info,0.36,
69363409,,0.0,,,,Sun World Fansipan Legend,Famous Streets and Neighborhoods,0.39,
69363409,,0.0,,,,Fansipan Legend,Camping and Outdoors,0.39,
69363409,,0.0,,,,Love Market,Shopping Centers and Areas,0.46,
69363409,,0.0,,,,Hung's Organic farm,Supermarkets,0.48,
69363409,,0.0,,,,The Stone Church (Holy Rosary Church),Monuments and Landmarks,0.48,
92113492,,,,,,Viewpoint of the whole valley,Things to do,1.7,
92113492,,,,,,view of waterfall from the top,Things to do,1.74,
92113492,,,,,,Homestay Giang ta chai,Camping and Outdoors,1.91,
92113492,,,,,,Hiking boots needed,Things to do,2.25,
92113492,,,,,,Ta Van,Things to do,3.17,
92113492,,,,,,Ta Van Clinic,Hospitals and Medical Facilities,3.17,
92113492,,,,,,Hâu Thào village,Things to do,3.21,
92113492,,,,,,Lao Chai Clinic,Hospitals and Medical Facilities,4.41,
92113492,,,,,,Muong Hoa valley,"Mountains, Hills and Caves",4.81,
92113492,,,,,,Alpine Coaster SaPa,Things to do,6.09,
11055251,,0.41,0.0,4.4,6.0,Rattan Bridge,Bridges,0.34,
11055251,,0.41,0.0,4.4,6.0,Thac Bac Silver Waterfall,Natural Hot Springs and Waterfalls,0.39,
11055251,,0.41,0.0,4.4,6.0,Sa Pa Clinic,Hospitals and Medical Facilities,0.65,
11055251,,0.41,0.0,4.4,6.0,Mountain Bar & Pub,Bars,0.66,
11055251,,0.41,0.0,4.4,6.0,Mau Temple,Places of Worship,0.67,
11055251,,0.41,0.0,4.4,6.0,Hung's Organic farm,Supermarkets,0.75,
11055251,,0.41,0.0,4.4,6.0,Ham Rong Mountain,"Mountains, Hills and Caves",0.76,
11055251,,0.41,0.0,4.4,6.0,Sapa Ethnic School,Attractions,0.78,
11055251,,0.41,0.0,4.4,6.0,Mini Mart,Supermarkets,0.81,
11055251,,0.41,0.0,4.4,6.0,Ta Phin Ethnic Commune,Attractions,0.81,
5056635,,0.0,0.0,9.3,6.0,Sapa Culture Museum,Museums and Art Galleries,0.08,
5056635,,0.0,0.0,9.3,6.0,Quang Truong Square,Famous Streets and Neighborhoods,0.09,
5056635,,0.0,0.0,9.3,6.0,Sun Plaza,Shops,0.15,
5056635,,0.0,0.0,9.3,6.0,Sapa Tourist Information Center,Tourist and Travel Info,0.16,
5056635,,0.0,0.0,9.3,6.0,Love Market,Shopping Centers and Areas,0.26,
5056635,,0.0,0.0,9.3,6.0,The Stone Church (Holy Rosary Church),Monuments and Landmarks,0.28,
5056635,,0.0,0.0,9.3,6.0,Indigo Cat,Shopping Centers and Areas,0.29,
5056635,,0.0,0.0,9.3,6.0,Notre Dame Cathedral Sapa,Places of Worship,0.31,
5056635,,0.0,0.0,9.3,6.0,Mini Mart,Supermarkets,0.31,
5056635,,0.0,0.0,9.3,6.0,Hung's Organic farm,Supermarkets,0.33,
39909193,,0.0,0.0,7.2,9.6,San Van Dong,Entertainment,0.15,
39909193,,0.0,0.0,7.2,9.6,Ta Phoi Cam Duong Cave,"Mountains, Hills and Caves",0.18,
39909193,,0.0,0.0,7.2,9.6,Sapa Market,Shopping Centers and Areas,0.19,
39909193,,0.0,0.0,7.2,9.6,Sapa Bus Station,"Train, Metro and Bus Stations",0.26,
39909193,,0.0,0.0,7.2,9.6,Xuân Trúong Mart,Supermarkets,0.26,
39909193,,0.0,0.0,7.2,9.6,Mua Sam Tong Hop Sa Pa,Supermarkets,0.27,
39909193,,0.0,0.0,7.2,9.6,Rock Ancient Field,Attractions,0.4,
39909193,,0.0,0.0,7.2,9.6,Sapa Lake,"Rivers, Reservoirs, and Lakes",0.46,
39909193,,0.0,0.0,7.2,9.6,Sa Pa Lake,"Rivers, Reservoirs, and Lakes",0.5,
39909193,,0.0,0.0,7.2,9.6,Ham Rong Mountain,"Mountains, Hills and Caves",0.53,
62061383,,,,,,Viewpoint of the whole valley,Things to do,1.59,
62061383,,,,,,view of waterfall from the top,Things to do,1.65,
62061383,,,,,,Homestay Giang ta chai,Camping and Outdoors,1.88,
62061383,,,,,,Hiking boots needed,Things to do,2.11,
62061383,,,,,,Ta Van,Things to do,3.18,
62061383,,,,,,Ta Van Clinic,Hospitals and Medical Facilities,3.19,
62061383,,,,,,Hâu Thào village,Things to do,3.32,
62061383,,,,,,Lao Chai Clinic,Hospitals and Medical Facilities,4.46,
62061383,,,,,,Muong Hoa valley,"Mountains, Hills and Caves",4.86,
62061383,,,,,,Ban Ho Village,Attractions,5.99,
