bundle_ref_id,itinerary_id,departure_date,cabin_class,airline_name,airline_code,flight_number,full_flight_code,origin_city,origin_code,origin_airport,origin_terminal,dest_city,dest_code,dest_airport,dest_terminal,departure_time,arrival_time,duration,stops,is_direct,price_vnd,discount_vnd,original_price_vnd,is_hacker_fare,booking_url
1976389572,A:SGN_20260918_A:DAD__1-0-0_ECO___1696350923,2026-09-18,Economy,VietJet Air,VJ,646,VJ 646,Ho Chi Minh City,SGN,Tan Son Nhat International Airport,Terminal 1,Da Nang,DAD,Da Nang International Airport,Terminal 1,2026-09-18T20:40,2026-09-18T22:00,1h 20m,0,True,1396666,0,1396666,False,https://www.agoda.com/en-us/packages/book?cid=1753802&pk=A%3ASGN_20260918_A%3ADAD__1-0-0_ECO___1696350923&pt=AAAA.AAAADJ4qPcFBb%2FMWFOfIkmjSl8W9JMXjFOH0G5izG46l3hbrO6XI%2Bz3UnZtERMRW2BjNW8SVKjTldcmjrq2eiLSfCi%2FtJtvn3iWAZdO35qXHzzTxvS6s38bHx%2FPAHvyexe824L7C%2B3V0X5PRbOk2qXsr6FlGOhP8nUWIV7MzpBTVftrFsRmi62jgmV25stEeHdvDLCjsZ3OwT4BA4zvYwHENcDgJd%2Fy0erfa85i00%2Fupis%2ByNKZoQdEGg0%2BLg%2BOcTw1Aew42dP90xKnp5DV7ML5zpj9bbNfCGb1d3s5eRf4bZQwqEvDLt%2BXZuDTdw5hGZY7vc4A%2B4hXCjaa48VIQo4EjMj5%2FVGYKI%2Fub0GLz5vwAtn5RyolsuwmNyA%3D%3D&ptyp=4
302264517,A:SGN_20260918_A:DAD__1-0-0_ECO___2049247448,2026-09-18,Economy,VietJet Air,VJ,652,VJ 652,Ho Chi Minh City,SGN,Tan Son Nhat International Airport,Terminal 1,Da Nang,DAD,Da Nang International Airport,Terminal 1,2026-09-18T21:10,2026-09-18T22:30,1h 20m,0,True,1396666,0,1396666,False,https://www.agoda.com/en-us/packages/book?cid=1753802&pk=A%3ASGN_20260918_A%3ADAD__1-0-0_ECO___2049247448&pt=AAAA.AAAADDzHUTqRHa5CQaJZyuBgwMAANNUvl2lBV%2BPGGO76MvDx%2FSczpnyxs%2BH1%2BlNX4yBUjVEq0TCdK%2F4HPYJbuK64CiZ%2BmVKRE4QalzKX2C%2FKaRnEcBHOPzxgytDRBG9kDyCp37mg8tLucmn0avkTh5MwIH%2FAZb2REKmYCgoR5RB75I33UR0WSdSEgmwJiedE6lo2Ml%2FHMFEruGNf2yn0UlE1hbQoBrAXOxjIDekeZWOBrKlqkH2NlYtXynbpQxHiBELGYbtt4eJAvpb9po%2BwK0r1vBi6Semp44TzxQlR5GVZIfxrjFaBvyZQ%2FQVqJt%2B1QePCdqgGsSaVZpY%2BNyp23Vt155BcNTz7DKX1zAreRj1x3SBwF8pZSY8%3D&ptyp=4
1304720469,A:SGN_20260918_A:DAD__1-0-0_ECO___55338074,2026-09-18,Economy,VietJet Air,VJ,644,VJ 644,Ho Chi Minh City,SGN,Tan Son Nhat International Airport,Terminal 1,Da Nang,DAD,Da Nang International Airport,Terminal 1,2026-09-18T19:20,2026-09-18T20:40,1h 20m,0,True,1396666,0,1396666,False,https://www.agoda.com/en-us/packages/book?cid=1753802&pk=A%3ASGN_20260918_A%3ADAD__1-0-0_ECO___55338074&pt=AAAA.AAAADOTobA2idJvq09Dv21baNZCzyHKc2auDos4%2Fz7esfja1SM9SaNuTNGEvAYXgrV0C3xdaByyINwqKaw1KaztejJoxhSHo8uird1Ls4%2FqOs8mgESDp62yFeRE9AH%2B7aYJnWXd%2BJ78BnIzjL88WLlMDn8A3AHivtEM%2FnHvGHBdGOzRHy%2FGjU2Ky%2Bmc7wjlGshEESkHixqCcUKpChAnML5Opy9plkG1YZodyMOgbMsMvLkzyQafI%2F6qmQ4p4y3AGapmGdZOoJe3dT5paPZNedpWH3ULlMy0lJZ3%2FT7oosoNBbcIKvTVj1NrMzuS3VLe3%2FBNPtAryIpmnbJSh6S2Q2qhYuOfCetcIREm%2BaNF12EYlM7F%2FmvzzPiM%3D&ptyp=4
1841631883,A:SGN_20260918_A:DAD__1-0-0_ECO___53055998,2026-09-18,Economy,VietJet Air,VJ,1626,VJ 1626,Ho Chi Minh City,SGN,Tan Son Nhat International Airport,Terminal 1,Da Nang,DAD,Da Nang International Airport,Terminal 1,2026-09-18T19:00,2026-09-18T20:20,1h 20m,0,True,1409546,0,1409546,False,https://www.agoda.com/en-us/packages/book?cid=1753802&pk=A%3ASGN_20260918_A%3ADAD__1-0-0_ECO___53055998&pt=AAAA.AAAADC5ST%2FXlDFPg9i5kpCmxZxPDbOVR0wGwf78C6sIJP1iy4g7G5Y8MZJEWRlcybinvnIOjdOW7gT9AY%2BHFPPcdEickhhsPQX%2F7UCxWywvSK1DBDQrbowbTMB1wmozvkil2Tu0u1xNeQt%2BN0nPd%2Fcou8LW0a4gKvMWWcaabPoI1IPP3%2BNt9fQqr786n23hmpfk%2FloFWQGHQsBd3Oj0bBxXyOxelllKk3hTdqcUOMOW4vRAAO828AWK2Jslz3lgaZv3C9DXb4SRvw%2BgXtV5WDtS8bpeXoCqk%2BDK1DZMMRkrtXxKrSrAhag%2FiGPeKYNUWMWC9cPnmfoB1KAGnQ8JGUwNv%2Bx4Qmp8BtHtykLkgp%2BO4cc4gKjni5wHgDw%3D%3D&ptyp=4
533200903,A:SGN_20260918_A:DAD__1-0-0_ECO___2115950733,2026-09-18,Economy,Sun PhuQuoc Airways,9G,984,9G 984,Ho Chi Minh City,SGN,Tan Son Nhat International Airport,Terminal 3,Da Nang,DAD,Da Nang International Airport,Terminal 1,2026-09-18T19:30,2026-09-18T20:55,1h 25m,0,True,1430461,13957,1444418,False,https://www.agoda.com/en-us/packages/book?cid=1753802&pk=A%3ASGN_20260918_A%3ADAD__1-0-0_ECO___2115950733&pt=AAAA.AAAADM2DWHDLg4%2B45crSHz2%2FHJKFtPzEdReuqHc%2BdIyi%2Bu4VSTMUDKQ2xYCOh%2FS7veMjzvao9NrR2nvi%2BgSYANbuSCj8W1EbJg3PPdy3OZLBGw4iH6SiThDdxhEv%2FRMKrTIpiVbXWLKAUKsxsUi5GymJAaPZyqdrlkHkDTMrC9DoLuupPkZM2ox2I8v%2F9m5%2BCi2J1Y2tMkzB8GWsivNq219MWGxYcYO%2BMGSTZioqYlDxbvgeWxLKTMFEqmenh4BNndGJqhnv35%2FMuuD1JQQC67M%2BXR6shD2kC2%2BsBZ0TbOCAeDGyEY0hBkd3RS%2FPy5GAmNJtJxk2jcppLIeQHRnDgnPmZZuh26dX9ce6z35a1xibEpdDzvkqsP4%3D&ptyp=4
1813360961,A:SGN_20260918_A:DAD__1-0-0_ECO___132540558,2026-09-18,Economy,Vietravel Airlines,VU,684,VU 684,Ho Chi Minh City,SGN,Tan Son Nhat International Airport,Terminal 3,Da Nang,DAD,Da Nang International Airport,Terminal 1,2026-09-18T18:20,2026-09-18T19:45,1h 25m,0,True,1549652,0,1549652,False,https://www.agoda.com/en-us/packages/book?cid=1753802&pk=A%3ASGN_20260918_A%3ADAD__1-0-0_ECO___132540558&pt=AAAA.AAAADMK3Dl7QaLmNE%2FmyoLQo9QVo5wyW5yjjfK8svpSV8o3xBEsRZzbEksoPribk2I%2FsajiO5celKgHYCRcqE9EbEq7l4ni7DRPrdyS%2BCe1SO1dbO%2FZByPMemi%2FfA5jv4qG6SV2aqSv6PwFXu2mFMGPdtdbxI41TAknhj0gPYNmbbieUfXOZYMNfimufLEK8PlRKmI7DfMj3%2Foah6Kho%2BfngzCcb64c23UOEd2JN%2B6hYfLB7GWhegm41F5eMWjR%2FYwvsfhdCcA46r%2FkcsasgV94WwtUxOBBuNkjWZ4gtChsYIcER0Q67wO0Q0ns1K2q1LLExcaOH2%2B1DQmH6TQJ6uQZjUDCF%2FPi9Bem6gLAChgWjXZ%2FkUXulhUW13w%3D%3D&ptyp=4
441962481,A:SGN_20260918_A:DAD__1-0-0_ECO___298494227,2026-09-18,Economy,Vietnam Airlines,VN,106,VN 106,Ho Chi Minh City,SGN,Tan Son Nhat International Airport,Terminal 3,Da Nang,DAD,Da Nang International Airport,Terminal 1,2026-09-18T05:45,2026-09-18T07:05,1h 20m,0,True,1577935,48237,1626172,False,https://www.agoda.com/en-us/packages/book?cid=1753802&pk=A%3ASGN_20260918_A%3ADAD__1-0-0_ECO___298494227&pt=AAAA.AAAADMPEl7XosWW4SYmn3FrhmdRa6bmpdGLEEf8K6aDhL8Evp7uAf3WPwv8Auavd7QwCaDnKfxXoLhnWJjg72kNv8b6U1%2FR8Rrfi2m3w%2FJ34%2FmGwKacYYB5e2G%2BtF7duCyOJqg%2BTBOG3SmFncUUkiGbvJgmWNc3BT0ATkdt0ig%2F0SzbwRW6iQRaMfCD81AfwLuqYoLAiPIqHtKU5r8pbfRO69GG8RvqLuCigjWbndTf2GkoIf20FIs66lYya62ffooKDtxBcPoQefxA2Z%2FWWSHOTOX3tkglldKIqj4hPCRS3XKJDS2Rj9DGALYH0ds4i5EUWziUcVadNhOekMtVyKWTGaUDUicyPc2kgmqiWFHlTtRdvyiM%2F7gJEoJ5O&ptyp=4
730049258,A:SGN_20260918_A:DAD__1-0-0_ECO___64376289,2026-09-18,Economy,Vietnam Airlines,VN,7108,VN 7108,Ho Chi Minh City,SGN,Tan Son Nhat International Airport,Terminal 3,Da Nang,DAD,Da Nang International Airport,Terminal 1,2026-09-18T05:50,2026-09-18T07:10,1h 20m,0,True,1577935,48237,1626172,False,https://www.agoda.com/en-us/packages/book?cid=1753802&pk=A%3ASGN_20260918_A%3ADAD__1-0-0_ECO___64376289&pt=AAAA.AAAADPZAOBofn6oQAYvZZtbM3rjqsf1gmWcDfjGPdCmWWdW0zHdpYHD4yaW0fGLd%2FcONX2FPUHkaeH7p110pr6oOlRnPInpkfTdYJoJGP8YvntgKDyiTT08zffF38hMtzlC5%2BBbYv9htQ%2FRrYdbfd8HebPpS8XHjkiKCmqIoUMtevnMneoTYWGsN7OYaQcKAfRDE1E7HX3II6u9oQbPSbARD6xqJibCkmDKdz0XBKXxN8Tqe1pNIcRCaSD%2BLp0d0J3NyAqUDAG3hWu6jUr2U9dMS4DsJn4gJq7W8kP6Z6C4FNdTkrhD3%2FnjryU7uEZV3A426feRAQvHfhxJwS%2BbAt%2F6eVWHewd6s1AunzTHKaOMTN%2Fxk%2B5zxGDQ3zaA%3D&ptyp=4
838043821,A:SGN_20260918_A:DAD__1-0-0_ECO___110190178,2026-09-18,Economy,Vietnam Airlines,VN,7134,VN 7134,Ho Chi Minh City,SGN,Tan Son Nhat International Airport,Terminal 3,Da Nang,DAD,Da Nang International Airport,Terminal 1,2026-09-18T20:15,2026-09-18T21:35,1h 20m,0,True,1579489,48284,1627773,False,https://www.agoda.com/en-us/packages/book?cid=1753802&pk=A%3ASGN_20260918_A%3ADAD__1-0-0_ECO___110190178&pt=AAAA.AAAADG10zxQ1ZvSnfU8HvXB6HZCWL%2BV6hGi5DuOPdLBSuGdQYA09wXuvsKncrWdv4XiWbdPaYEH59s2AWH7Uo4yuc4qPHgfWIS9%2FRGuzZnyzg337bYIBJJ4Abtt5rWRbsJxGYc6STI76ULwQ61VYNMuHJOFrdwo8o6Zt4dtlO3eSvJ6HXp56uN%2BQuy0Mn87G25lwBNKTYAPKIeCCv5MIkz1MBx5EV%2FgT9eHrGM7e2KrrEFKvCYnfHB%2FHKE9W5Pnas83aDTFLkXlRamoKKeiSmCFqbunFyiZpDMqaaZcfwq%2Fa%2B9HGKfsG4pNqwC%2B3bteCa7IPSFtQGDZFdkGR3dy%2FFNwk9T41WkIWmXrqSV%2Fl5zZPcP732Tvyzw%2Bq5ZM%3D&ptyp=4
524283985,A:SGN_20260918_A:DAD__1-0-0_ECO___981009606,2026-09-18,Economy,Vietnam Airlines,VN,142,VN 142,Ho Chi Minh City,SGN,Tan Son Nhat International Airport,Terminal 3,Da Nang,DAD,Da Nang International Airport,Terminal 1,2026-09-18T19:10,2026-09-18T20:45,1h 35m,0,True,1625328,49686,1675014,False,https://www.agoda.com/en-us/packages/book?cid=1753802&pk=A%3ASGN_20260918_A%3ADAD__1-0-0_ECO___981009606&pt=AAAA.AAAADGPKcMO9S8vw955gWMYoGP6605WEd3%2BZjQH7%2Bxxlpkm51EDvBTpf7Ms0GJWot3rnDLxw5Wv6aV6zZIjnHQYstNVR34Az5SdSK4ZHLoVQejADXYsoGUo2gzq4UPb%2BWDq7VIDWmgRqUQdVcJic%2Fj8VMJOPwR0DKgurMWSUT6ky4%2BeXIC5gf7uEAbG6gjg2G6lDzvDN%2FEKdgSWlwX8N9lTaRZIrQTJ34My2UgBUW0VoY%2FAckBe0Tq2VQNGkOFqktW%2FmIfpM8%2BTOlInNIBZ%2BtX%2BdvrJDMUD17wrl8R5MeEmYnk2FrCnNWIfepWSntv4t%2F2KjjBfebhOVuPVwbgeQZnc58nL2Pmd31Rv30Gp1gcqbZCdTRGZoyNpy%2FdOzwA%3D%3D&ptyp=4
2120266507,A:SGN_20260918_A:DAD__1-0-0_ECO___671204189,2026-09-18,Economy,Sun PhuQuoc Airways,9G,956,9G 956,Ho Chi Minh City,SGN,Tan Son Nhat International Airport,Terminal 3,Da Nang,DAD,Da Nang International Airport,Terminal 1,2026-09-18T07:05,2026-09-18T08:30,1h 25m,0,True,1639533,15997,1655530,False,https://www.agoda.com/en-us/packages/book?cid=1753802&pk=A%3ASGN_20260918_A%3ADAD__1-0-0_ECO___671204189&pt=AAAA.AAAADKjC6TEU5TnRtuSnLV6TA1W7k%2BgfHeMWEolE3dvt1seZgle472AsXk8gsJw51ireaQr%2BshNXdAhmQNnIEN8QR%2BL1Ld0%2FJsK4Tp7dKE9KQKJvVX4YuuFTrsojGIKFBdCnELGt2KlNlGVf4UIKG65E7OufPh8wHxNZE2H5ojWChOZ9TWn3ByGMUkRfnrjV4UVA9h8yjqVP%2FmSU4LRUWYV0cOH7Ik37RYHBZqt2GtLnSarK49MPG7NBUtZ1Pk3s6iwde2%2Br9JzsOSYNooUGHf0NdKambykv8v%2FmXjNzMb1V1gOXVoc0XugcpnS5G%2F%2BHBziShiarQLqeCdivq%2B1CeHsfTYsCJHAC3Rk%3D&ptyp=4
760184291,A:SGN_20260918_A:DAD__1-0-0_ECO___1805703703,2026-09-18,Economy,Vietravel Airlines,VU,672,VU 672,Ho Chi Minh City,SGN,Tan Son Nhat International Airport,Terminal 3,Da Nang,DAD,Da Nang International Airport,Terminal 1,2026-09-18T08:50,2026-09-18T10:15,1h 25m,0,True,1663533,0,1663533,False,https://www.agoda.com/en-us/packages/book?cid=1753802&pk=A%3ASGN_20260918_A%3ADAD__1-0-0_ECO___1805703703&pt=AAAA.AAAADBGELSorEBu%2FyXcDdunHAs5LFxpbPHnstwyO4Jt6Ah1BeUR6jExXbdf%2B30PjdjOizlNq%2B4WTQ2k38pAYHIwnyrSyH%2FCRi5MkhFABd8ECrHsdb5FtL1mW6Qg7wvAVudytNRMr61A1D9B%2BKHxEH%2FB9UOMR88fthUdSUcsIJVAc6mnQcXe6Gc44J1RcB6vJDsvMIYyh0uXb%2BkVkkV9Hzp3RPBcjbGLEJk9w8V8u4qktKNtEm5Ka0hRGa0FcfkRjUNvbzlpoGg1ASuKermbIhjZTUkyo7Di9%2B70rjMBLfVz6bErcr6Gjx9HLHonaryGpumlBfi%2F%2B2sAbUBeoPZJUK4xwjpExEWqV%2BNvP0TJdxfMs88fABzHfOON8uit3AfQs88PysNiL&ptyp=4
293821163,A:SGN_20260918_A:DAD__1-0-0_ECO___1058794263,2026-09-18,Economy,VietJet Air,VJ,1630,VJ 1630,Ho Chi Minh City,SGN,Tan Son Nhat International Airport,Terminal 1,Da Nang,DAD,Da Nang International Airport,Terminal 1,2026-09-18T05:05,2026-09-18T06:20,1h 15m,0,True,1693718,0,1693718,False,https://www.agoda.com/en-us/packages/book?cid=1753802&pk=A%3ASGN_20260918_A%3ADAD__1-0-0_ECO___1058794263&pt=AAAA.AAAADMbDCHEOBlFFGG4ASUN0oh0VB%2BmDEKnxQvmxduyx1xIIaxTVmQisVcNjLRKMeXWKb0lXv04Zfb52711B22azgtZCxKe8eHbfZaJ7nfnQ1h8Df9aChSzIrD5%2BplQYRvHWTG6LGmEpmh2B30aeXmCLPpKulGHQ2JkVOOZxJ%2FRpVbSxW57%2F2ZcPSmjvI3eAJV2gwuhG3d4kw4AnPfESjz11jaNWad7PZw6Q6j%2FlllWp38D0EeSjRPYNTV2mkS6rDOVTKT5zFp%2Bra08WvOG3HEwh4ElWbosb%2B9KSt1bRB9MAs6I6Kg9%2FS%2FVF4GpiRj%2ByN1HgpcvDocBihgV%2Fr4i0EfbhVnwAtF%2F7L9%2F%2F5to%2F10o2i%2B%2Fv6iiBaw%3D%3D&ptyp=4
460473058,A:SGN_20260918_A:DAD__1-0-0_ECO___1767895383,2026-09-18,Economy,Vietnam Airlines,VN,146,VN 146,Ho Chi Minh City,SGN,Tan Son Nhat International Airport,Terminal 3,Da Nang,DAD,Da Nang International Airport,Terminal 1,2026-09-18T19:55,2026-09-18T21:20,1h 25m,0,True,1704574,52108,1756682,False,https://www.agoda.com/en-us/packages/book?cid=1753802&pk=A%3ASGN_20260918_A%3ADAD__1-0-0_ECO___1767895383&pt=AAAA.AAAADD8%2FD5A6zyV0eByy3vLNNb2KuZvieU7kcHehcVhoa%2Fk6X69VM3v%2FoGV%2FBihOE7g6kMbukqiUAIrH7v9bFRoA6PLSvU74Z0uqKSaYQ8nUIjYly7U7TXLyFIqKfT0bZ%2Fuks7h8x0ZWk79KewEfNaDAyxqNNgjBTLvm1hhfpXdKe8SgQ1ZX%2BKHdm8K%2F1wTlyAJwwag5vrBjzNwrSJWaZgYWI%2BTj8HW9iZwWCLSV5CgiYMbzkSM4WnaUmLYtlSmx10iRYUQ9HAOTT%2B1uwRLL2x594JdubMEvD9QG%2BZCQoe0nekcB9Y%2BHDzv7z2eLvm99vbi6kmeQs952UGSXVJE2MLcNFVQ96le03gnTAoAl8YTVYGkwHhiU1TI47jU%3D&ptyp=4
64200200,A:SGN_20260918_A:DAD__1-0-0_ECO___1612115365,2026-09-18,Economy,VietJet Air,VJ,634,VJ 634,Ho Chi Minh City,SGN,Tan Son Nhat International Airport,Terminal 1,Da Nang,DAD,Da Nang International Airport,Terminal 1,2026-09-18T10:45,2026-09-18T12:05,1h 20m,0,True,1717993,0,1717993,False,https://www.agoda.com/en-us/packages/book?cid=1753802&pk=A%3ASGN_20260918_A%3ADAD__1-0-0_ECO___1612115365&pt=AAAA.AAAADLfwmkQtDORwXRb6gBvwpgNB6hf%2F3mW7MI1zKmFz45n4MoNRl%2Bt7GSBbZF2wgwOZ%2FkjKD1XIHNohQ3H2DEUtg%2BuaLu5xeayvc%2F53L%2BIpMm3jwuLfOGPDQIgaG6JzFdgZbbamPiZNgIYZNQY%2FM6Pd9ph%2FBUb14xK6poBsqfZqdnKoU8QPQWCbCMInrQaAOmk6OOqORP%2B%2FjKTGzqLsbxv7UlekR%2BNv4bSrRdMTGbV%2FX5X4d8dmsWzZnNkTuExh7NkbPSJ09PW065f6qZEQXTvstRNG97twzHEfdTwTyOMR7OLW8n6Eez6aaeH9wdRiVmG6oJaZ9VWJFn%2F1N%2FWQauCgLNi20%2FSGV%2BotYJ8%3D&ptyp=4
1412586278,A:SGN_20260918_A:DAD__1-0-0_ECO___1963625918,2026-09-18,Economy,Vietnam Airlines,VN,134,VN 134,Ho Chi Minh City,SGN,Tan Son Nhat International Airport,Terminal 3,Da Nang,DAD,Da Nang International Airport,Terminal 1,2026-09-18T15:45,2026-09-18T17:05,1h 20m,0,True,1767246,54024,1821270,False,https://www.agoda.com/en-us/packages/book?cid=1753802&pk=A%3ASGN_20260918_A%3ADAD__1-0-0_ECO___1963625918&pt=AAAA.AAAADMNYSnCnJVZ3R3S0107%2FZfipNEWnI5Mi%2BMp34mrjsLYrekIwy0kgVzxexcXdmC8srloSB6TLlh5kxPUrN6WC6AiORLU%2FXu1wjVkbfxwTvEVB3Dnq28Oypdrw6lRBpvoDlOil8p%2BQ0e5EvY46E%2FAr5Cw18bAw03RgZXRqNWKfnQqYw41VAKeCFfp%2FAYTIuiQd2VC3I3wHUwMgvKL%2F%2BWwGZVPMe8XXp%2B2lDfAITOAdba9jiq8%2FI2I5K2Mfo0xFtYfkVMUAKcESXYvQK%2B3xlsNHquvdqpUX%2FUS18N35Qu6AqAuLnWZvG%2FNt3k1Zw4Z6VBO6rbcQTHKIHxfyNgFjZYVtinM5Jgs08HO5sjFLuYQHtM%2FS4O3zx4oZu%2FjIcpBD&ptyp=4
2133820189,A:SGN_20260918_A:DAD__1-0-0_ECO___1727469863,2026-09-18,Economy,VietJet Air,VJ,640,VJ 640,Ho Chi Minh City,SGN,Tan Son Nhat International Airport,Terminal 1,Da Nang,DAD,Da Nang International Airport,Terminal 1,2026-09-18T15:10,2026-09-18T16:30,1h 20m,0,True,1787185,0,1787185,False,https://www.agoda.com/en-us/packages/book?cid=1753802&pk=A%3ASGN_20260918_A%3ADAD__1-0-0_ECO___1727469863&pt=AAAA.AAAADKt8P8I93PvSyNqL90m2NyirNICg14IOo%2Bwdi1nB5MGUJIuHW9B9MphWbPJ3EBk5798ObAiyWahe1S2tEwORnTFPc8P8z9bJPS6duA%2BgcVpa7MytFGnmhCjJtyyTIwQKOV4NsIuZFJADyE%2FCSDC828FqaNexSOZ233kgFolWm3gvs8bS79LCn%2Brm%2Fb%2FmnIsvkMSh0yrUNGObZkAvA7YYF3zofP5JP8R4VTN8%2BZzbJwkBL0rF%2BPfBY9zdMAyY02HG6HPWKVMJGJwDW%2BJndeYuL8v152hCVQXDkLuARHzTWkSuonVus%2BgRWgQ5U8g9dw8V8wnglHDtmtOp%2FLwZ7iGSjQOcENs3jk4sLPKM34N7jOsZ9InlNUqm2gRVSLU1Hen6DX4%3D&ptyp=4
224601672,A:SGN_20260918_A:DAD__1-0-0_ECO___1192052106,2026-09-18,Economy,VietJet Air,VJ,630,VJ 630,Ho Chi Minh City,SGN,Tan Son Nhat International Airport,Terminal 1,Da Nang,DAD,Da Nang International Airport,Terminal 1,2026-09-18T09:00,2026-09-18T10:20,1h 20m,0,True,1809003,0,1809003,False,https://www.agoda.com/en-us/packages/book?cid=1753802&pk=A%3ASGN_20260918_A%3ADAD__1-0-0_ECO___1192052106&pt=AAAA.AAAADEFy0Rua1Jo%2BczTUmS54XsqPLh9SGZGbD47vdZIMps1eACBKEQA%2BiUbJfgwnNGdviXiPFfzeck5HmBe2gZZotf11TkVoT%2FrrX8MQssO2oQXGgaCGoiifqsbSck0RzkMCLdgs1pwQZvQA%2B1zc8jcvQxKhFtf2iEX7Z5dI7oOTRT7C7%2FSZoYdbjzyNAWOe7uJtcb%2FUL2wvuE9Js8qPMvJxFxl%2FO2UshJmMz%2FDQIwEdZcabjCol02%2F62BzvAZiIudLlI%2BT3EafkHvYMNHHrzDhATCZCcx7OlnLTPc7126I9Viln7jSFPuTon5mabwL8cTcCYWxqmMvw9mSA774yb6kNmE1lzwK6URhcARfOnrswoRHC0Ag2MQ%3D%3D&ptyp=4
1348759252,A:SGN_20260918_A:DAD__1-0-0_ECO___1486657983,2026-09-18,Economy,VietJet Air,VJ,636,VJ 636,Ho Chi Minh City,SGN,Tan Son Nhat International Airport,Terminal 1,Da Nang,DAD,Da Nang International Airport,Terminal 1,2026-09-18T13:00,2026-09-18T14:20,1h 20m,0,True,1809003,0,1809003,False,https://www.agoda.com/en-us/packages/book?cid=1753802&pk=A%3ASGN_20260918_A%3ADAD__1-0-0_ECO___1486657983&pt=AAAA.AAAADHwZRrRfjkTkvY43Fa%2FjwqR6Ab0KW3UQqVz5PGvWA79pM75GDGcXVecYzTyTv6R2Np5%2FRGxtcHa0GUSGe4Sp80h5gvMmfbLbuCZilrxZt%2BAgkU8rCWUg5s1fhY6wHvVqAlVTBYo3TSEMHMJlLE0AO8%2BxbJFsy1ZpNw9X16UcXtIC0IPL9n6CSU5lBJQWddNIhAfa44LRwvYJZb6B5917LDVZafJcnZLZCEj6sl0TxB%2BTpYd23riBt%2FsxCwaHFeeF8%2FUohM64w2k81PDeBDv1ZLKbBMTNAyzk8DcYKPK574bhSvt4wb7H2pqSGXg9it%2FnxG6KrOzAEZJcUi8DVg19SckmuUmuVS4nZ4F%2FA9eWBfzvI20QRXE%3D&ptyp=4
495504991,A:SGN_20260918_A:DAD__1-0-0_ECO___1893613651,2026-09-18,Economy,VietJet Air,VJ,628,VJ 628,Ho Chi Minh City,SGN,Tan Son Nhat International Airport,Terminal 1,Da Nang,DAD,Da Nang International Airport,Terminal 1,2026-09-18T07:05,2026-09-18T08:25,1h 20m,0,True,1809003,0,1809003,False,https://www.agoda.com/en-us/packages/book?cid=1753802&pk=A%3ASGN_20260918_A%3ADAD__1-0-0_ECO___1893613651&pt=AAAA.AAAADJ%2Blkxr13geY3Z9DhWoJX26CqvnG0qIoB4aM0UROJh0pcWLg1s8CWhtTm1yFJE1AsgLYSHWuKx8cp%2BDI%2F9YGy8BT9MDd69S%2B%2B0SA9QS%2FsiAzTx7jPo%2Bp4%2FkcaVaW9lXFmytdnOc%2FwC1NNEuiH7ZXgkxkx8lqoNwUmXt%2FiQzLpYmYpJcVFQ5H8KVfhZZuDuWHNgVoLVAzG%2BYLDY9NgQpDdsnRaZlsYowUhzo4LvS5nVkhiAScaEWGQr8EtNIphWqHcGTCtOCAWktv2fdESW2FxNWPCXYxqxSc9%2FfrawhKnfQ4kSr503%2BeVSc24z%2BP%2Bnk%2Bk71Bq3MA0O27bTxL4y3f7gg%2BA1DL9MoUlKwCGXKE6e31y1Rbhw%3D%3D&ptyp=4
2101681731,A:SGN_20260918_A:DAD__1-0-0_PEO___1058794263,2026-09-18,PremiumEconomy,VietJet Air,VJ,1630,VJ 1630,Ho Chi Minh City,SGN,Tan Son Nhat International Airport,Terminal 1,Da Nang,DAD,Da Nang International Airport,Terminal 1,2026-09-18T05:05,2026-09-18T06:20,1h 15m,0,True,2791364,0,2791364,False,https://www.agoda.com/en-us/packages/book?cid=1753802&pk=A%3ASGN_20260918_A%3ADAD__1-0-0_PEO___1058794263&pt=AAAA.AAAADIF5Y9dVAuh64Wv7CG0XnRyP%2BgzUQrrJHCUr2HD9o5s92ZYn9cgqyLQDL9kOPDiEpuX9TluL7pjtcra75S4xFdlxoVcQw%2BM%2BK6TS0Uz5oq2DyoEzM78GDEjFeCNPXnn0SyNkQfDduflFMqrBh4HTqiFrk%2FU%2F5ENUg5rk4dg1hwzzyNP2sEwvHVLxJPNRrjpAG1xU%2BR96Ho0zu7fpqo6xjP9Uftz%2B%2FJQHeUmssz0QnE4%2BFjGvfvvy6Yq0%2Fa7khz9104tLWl30D4Yk5vCXddrcmwUumBk%2F3e82gV3AYKfH33MB6FOI8T1frUBykR%2BefpjNAepZCje%2BSShtSGbOe4WxFf%2BMAuc64Ohub1yI7JD6QA%3D%3D&ptyp=4
1506989834,A:SGN_20260918_A:DAD__1-0-0_PEO___1192052106,2026-09-18,PremiumEconomy,VietJet Air,VJ,630,VJ 630,Ho Chi Minh City,SGN,Tan Son Nhat International Airport,Terminal 1,Da Nang,DAD,Da Nang International Airport,Terminal 1,2026-09-18T09:00,2026-09-18T10:20,1h 20m,0,True,2791364,0,2791364,False,https://www.agoda.com/en-us/packages/book?cid=1753802&pk=A%3ASGN_20260918_A%3ADAD__1-0-0_PEO___1192052106&pt=AAAA.AAAADDtUTdIsMNlAG%2FPGbemi8%2BHIY4bTWf88RIVVL2BnfdtOnABDC8El081HKzfD54yAF%2FN13eNrERBcf1uweL4%2FT4XzJhFW4A01qFLEo%2B9bH3eILEt%2Fa%2Bkw77ySFsC5YUhQjDQuWmTzbMDGkv%2BGLRkNcVt7fl4bZZ2latAYZsF3EgNpS%2FdMuy6IrUR0JxuqAs9Ia0fsxNmXifdjwC%2B8kwZD439lD1%2BRsFf1XADhbOTIIA5qamYgdq%2FTotMapHkSzeGBHvyumOnX3qYE4oZgq8ZQik67XbwBLxnJEYlJ5Xs5Q6A9OBi57zrMQWa3JFH8FDhNfo5pXHXbOIh27TzaFS4kcIJmcbd8m5ug4vc6x%2FPzdA%3D%3D&ptyp=4
1227184685,A:SGN_20260918_A:DAD__1-0-0_PEO___1486657983,2026-09-18,PremiumEconomy,VietJet Air,VJ,636,VJ 636,Ho Chi Minh City,SGN,Tan Son Nhat International Airport,Terminal 1,Da Nang,DAD,Da Nang International Airport,Terminal 1,2026-09-18T13:00,2026-09-18T14:20,1h 20m,0,True,2791364,0,2791364,False,https://www.agoda.com/en-us/packages/book?cid=1753802&pk=A%3ASGN_20260918_A%3ADAD__1-0-0_PEO___1486657983&pt=AAAA.AAAADEZdiGi3jaPoH8Yq0jnbb6P3oJ2r9OPDumJTxNIvSenegdvQ4acnAiYacC074wp5WEcjJi3Na33LMZJ9cSDWniB7ALtsDLGPwHG61NyA7%2BOKFmv8UtIode2YO1kGn0VpvgJd2cXqNnJ5djkoKdkG2%2FgoW%2BKf6AlDPqSfXJc2KH0xJqdsNk0azu947oqQ80e2jTjz7tReed7s0JohUQwvawZ8PA4OuQouwm0iE35u%2BVS%2BbVzHRyX65mHLaUJsdjmqb3Nwn7Q%2B4tS%2FTNK2mQFwHr4bq2eN8JXilMKYmr2%2Fei%2BDhH9ks2hOrF14II9XbxKUeqQfKzVDOKIs0hV30o3rcLCEQg%2FgDfPnaVvHqPjb&ptyp=4
1530763030,A:SGN_20260918_A:DAD__1-0-0_PEO___1612115365,2026-09-18,PremiumEconomy,VietJet Air,VJ,634,VJ 634,Ho Chi Minh City,SGN,Tan Son Nhat International Airport,Terminal 1,Da Nang,DAD,Da Nang International Airport,Terminal 1,2026-09-18T10:45,2026-09-18T12:05,1h 20m,0,True,2791364,0,2791364,False,https://www.agoda.com/en-us/packages/book?cid=1753802&pk=A%3ASGN_20260918_A%3ADAD__1-0-0_PEO___1612115365&pt=AAAA.AAAADGZiz0m1mYFRhvEO4emn00jC1jKhIwqP0UfA8nVzi6jR63QCCZjDa1sktMmIvlmIyvm56A8Dz4kL9Dc2Mqtg8BhsjWd0HYSAwqZYfpj%2FrfkwL9k8qeUIzVrj5ZoY%2BsPMCwh8WgW1Zhbc403FkEo6U3CffnyDvuUUiXyiHqJeWIqyj%2FMHpBk69Yiiy7tpVqKqQjKcE5j6ocCSYHCZw9ISI3ND9xYKDkeJNNOgTv9UfkNel%2F288axQnQkt0dR4Qj1Px2xfKd12BRg0d5id3MRFlV6jKj1sP52w%2Bi1QhCc3thg82wCV8J0Xt4VRu%2FXUelpVbo%2B6r8BcyNoVAdDq4J77cB%2BkFit9OmHnGMDPF%2B2I&ptyp=4
2076906357,A:SGN_20260918_A:DAD__1-0-0_PEO___1696350923,2026-09-18,PremiumEconomy,VietJet Air,VJ,646,VJ 646,Ho Chi Minh City,SGN,Tan Son Nhat International Airport,Terminal 1,Da Nang,DAD,Da Nang International Airport,Terminal 1,2026-09-18T20:40,2026-09-18T22:00,1h 20m,0,True,2791364,0,2791364,False,https://www.agoda.com/en-us/packages/book?cid=1753802&pk=A%3ASGN_20260918_A%3ADAD__1-0-0_PEO___1696350923&pt=AAAA.AAAADHqWS37eIPmGDHSFWttVIfirxZ4bbgccELUQzBsfRa6yDELHhby281UKco7TLaIWExIYEEjEzdPeBdMPXFXVoRyyMaEGkiYdPyP4L0zTRM4adUUnBnCb5CYQJkw0wtGIW2YwYhXrGRXkYgrHjjNlCrdWRc8aiAVNPylk7X%2FliY0S1RJjavx0PFqdtZrb9uzs1QY6u2FXFTEIKdVCl188wQMNmx2FOfvIw2owPYm3kuJPPWKpvvby9pAbk2aED3zRLZh16ffdcK1ivjOZyHa5sC1KeJ7h78aFeTb5YuFE7Ob1shGRdNMpEczYxAaE9JEzesIi1B%2B%2FlEdPMBCYaqfNqyt5Ba9ufU3wxEalqtho&ptyp=4
250273543,A:SGN_20260918_A:DAD__1-0-0_PEO___1893613651,2026-09-18,PremiumEconomy,VietJet Air,VJ,628,VJ 628,Ho Chi Minh City,SGN,Tan Son Nhat International Airport,Terminal 1,Da Nang,DAD,Da Nang International Airport,Terminal 1,2026-09-18T07:05,2026-09-18T08:25,1h 20m,0,True,2791364,0,2791364,False,https://www.agoda.com/en-us/packages/book?cid=1753802&pk=A%3ASGN_20260918_A%3ADAD__1-0-0_PEO___1893613651&pt=AAAA.AAAADG4p6neRgdwJMis0kSAKzdQya65GwNvqyx%2BVbogbfeKsP3rXAcf6axwHyNMK403FAgBAkiGMrVM7v9k5gA0Ck7ozYY2RHsJ9X70QzgqiyDABe26E3HY8AC6g2UJWMLB2uM8PViDjnqUr%2FrbYYsKNeJ2nhIB5MrEK0hqRPNvlqW5dWpSm0gNaqPORZXv4FkRxDiHkYIjuAVzJEZmvk%2BoF6eMK%2FIHuRC6y1I7QGwifRfY2je%2FNZgb7kN6td0Prv5xNIJ0vZy4j2Eo7TwkVyfrilnG%2FUSSt9xZtXa8fe1RDuld7CY01DUlXTGOji1AL8DSovgvGhTaSGWu79Mi10f0EoauRKYVnL97A0DwtUSo%3D&ptyp=4
620306644,A:SGN_20260918_A:DAD__1-0-0_PEO___2049247448,2026-09-18,PremiumEconomy,VietJet Air,VJ,652,VJ 652,Ho Chi Minh City,SGN,Tan Son Nhat International Airport,Terminal 1,Da Nang,DAD,Da Nang International Airport,Terminal 1,2026-09-18T21:10,2026-09-18T22:30,1h 20m,0,True,2791364,0,2791364,False,https://www.agoda.com/en-us/packages/book?cid=1753802&pk=A%3ASGN_20260918_A%3ADAD__1-0-0_PEO___2049247448&pt=AAAA.AAAADMZ%2B29ri3sP%2BCkys6%2FIibZRYhWYRFX2xEQLJbDjhZ8f0Uz8xCfjFW%2FwK7w%2BSOFEK2uKJWu%2BWlbezvlPREAZMGl2XO0cqgqFnO0Tbu3nBAfGOsCkgZLJrlNfXFhIjA77cKcez%2BwTLSIDB03ZRcy73sC74eaArwQKdUsNUs7%2F%2FZSLpVgfWsazpzimzKDwJzkSM%2Bw50YoLIY%2BIWcqKEH7va9NyV23dF%2FNFBfjS%2BBl%2FVeivXWElnRITTOjsFgbpc7HR1HgMJvkCS9fPjM898k%2F%2F1EqmdyJu4HDSnbrTn6w7pcNPyWENjOzKgf9CkGANr57h1TLDPFcneppvOkAjgXu90ZSVXpogeK7UqdLwx%2BwM%3D&ptyp=4
196524078,A:SGN_20260918_A:DAD__1-0-0_PEO___53055998,2026-09-18,PremiumEconomy,VietJet Air,VJ,1626,VJ 1626,Ho Chi Minh City,SGN,Tan Son Nhat International Airport,Terminal 1,Da Nang,DAD,Da Nang International Airport,Terminal 1,2026-09-18T19:00,2026-09-18T20:20,1h 20m,0,True,2791364,0,2791364,False,https://www.agoda.com/en-us/packages/book?cid=1753802&pk=A%3ASGN_20260918_A%3ADAD__1-0-0_PEO___53055998&pt=AAAA.AAAADJ5w6x5PoWA9MKYSEUE95H6lmbyYuFnXGc9FRqSOD8W8u3OBwLKXPgSFyhlxFgQitlZbLva3x0ROh4brZOm1%2BZ5Q32auR%2BfM4xQBzJKL02FoFHGZ9Bbk%2BnpmavNtW7g%2BCIyf86jDTm%2BYL%2Bf7yyGZyvYKz7QnE8vnKd5akzQ5qpdTIth4WE%2F5kbfjbYMm077W0IWeM%2BgrhkjXC8gyFivGVkSGLDk0FZwlS%2FvgcBZAfQvndLprbBbNKASttNIGazjDy4Nx48TReWDhrJmnHE9bSclTVu1WwUE5DTttDfrNg%2B5erP65q4Rm1XFqNmH9tb4Hpp9B1nqKx3cV2DDhBHfO4TjEL3bDBI%2BTbd6K&ptyp=4
1331654509,A:SGN_20260918_A:DAD__1-0-0_PEO___55338074,2026-09-18,PremiumEconomy,VietJet Air,VJ,644,VJ 644,Ho Chi Minh City,SGN,Tan Son Nhat International Airport,Terminal 1,Da Nang,DAD,Da Nang International Airport,Terminal 1,2026-09-18T19:20,2026-09-18T20:40,1h 20m,0,True,2791364,0,2791364,False,https://www.agoda.com/en-us/packages/book?cid=1753802&pk=A%3ASGN_20260918_A%3ADAD__1-0-0_PEO___55338074&pt=AAAA.AAAADHBizxeT2tJzeoygfvQDzgSEHXTTlouD%2Fja4Nx%2FA3koLxaTQxM6E3fx11DF%2F4alFDxTuYXOWKbLbh2Q4s8W3jqJRi1Jf1jthRpylc0B6bxVKTcJ0Cpv%2FKiwYjgOrhKR2Q70I6E5c7oCgyERyh4pPfYSnCzYUGptxhZnVhQW85FdooWB9FuqTHevKKiGQE4r8b%2FfSAsbgbafMxuEAZ3Jj6shZeMSKbs%2BuoHAiDyVAASxIbsgQCTmlOD3PCViAzGTFfgJxTf7dvKcVhzZlkDMHJ%2F0C8dJWPkY%2BTszZXV2U6nTLYDJ6y3t8a3kxuExEqtlrznKSoJ8Eh8gxUDvE8AIwAS3hKRPYZLHHYOH%2FMQ%3D%3D&ptyp=4
1638223749,A:SGN_20260918_A:DAD__1-0-0_PEO___1387919261,2026-09-18,PremiumEconomy,VietJet Air,VJ,632,VJ 632,Ho Chi Minh City,SGN,Tan Son Nhat International Airport,Terminal 1,Da Nang,DAD,Da Nang International Airport,Terminal 1,2026-09-18T07:45,2026-09-18T09:10,1h 25m,0,True,2791364,0,2791364,False,https://www.agoda.com/en-us/packages/book?cid=1753802&pk=A%3ASGN_20260918_A%3ADAD__1-0-0_PEO___1387919261&pt=AAAA.AAAADOYt2muZBb2IdF%2BeDtrcFsJoVrDwDZiD3q2wdov3XbiniFdBrxphd5ncD%2FjHHuR4iBErzzjjgHdd1qPKVPB4u7lB6WDpan4C3vEdxeR4mooKbNNkqKC%2BvBjFFx9HE5U8hwwR9g7fcVDnYC1eR6YW28ok1hSfeuv41OvfDVGcV8x%2F0UG5qiFaQUXHipY5nkWj%2BnioWfteMFt51X8OtmAinOHU3UMNrWZFFgb38XWHq2AKWgFaFdp%2BH7z%2BQRsQiG18UmqQkqJ5mtXSwrWQItQ30HYjdAAX0n5Fd%2BqsmiUTTJOF9SMxiUd7B1tMj1Jx%2BOFCdyTbKszm9hKC%2FO9Uu3zYwY56gTvX5bkuSXQ1ue38&ptyp=4
701561051,A:SGN_20260918_A:DAD__1-0-0_PEO___1830623697,2026-09-18,PremiumEconomy,VietJet Air,VJ,648,VJ 648,Ho Chi Minh City,SGN,Tan Son Nhat International Airport,Terminal 1,Da Nang,DAD,Da Nang International Airport,Terminal 1,2026-09-18T20:00,2026-09-18T21:20,1h 20m,0,True,5024179,0,5024179,False,https://www.agoda.com/en-us/packages/book?cid=1753802&pk=A%3ASGN_20260918_A%3ADAD__1-0-0_PEO___1830623697&pt=AAAA.AAAADPeNHekMXX8Z5qzNDWYCnHoJcs0XbSlhtBa3yxRI3LWS3%2FBbYf4CC5RqS2224Yg%2Fq9CxDH2JaBza78isJwGbK72zNi7Bg389LyzMhuDRpKvYaNfzpUEA9DC4Im2UAjp6H89%2BiPjO0AzKvdHkexLBwUcZbEuQn0sMbs1w3XVWpa8CCYRv4TDU8OIQ4vSS1H3X4CF5kxfZcqHD%2BfAztPZGYC4IZTIQu6W3a4wHym1TGBKn%2Bu9Or7C9MU3V0iGX0MA37wjHIykr6EsooHFXGfWTv3FCyfAlJ5hNnMGMfsMnRQNmfwAXviXXryP6ksoaFL5tTHUftD8dhBs6Ti9OwK4UeLEbhx%2BhH2GVUUTNBQ%3D%3D&ptyp=4
1099842830,A:SGN_20260918_A:DAD__1-0-0_PEO___1323046165,2026-09-18,PremiumEconomy,Sun PhuQuoc Airways,9G,978,9G 978,Ho Chi Minh City,SGN,Tan Son Nhat International Airport,Terminal 3,Da Nang,DAD,Da Nang International Airport,Terminal 1,2026-09-18T18:50,2026-09-18T20:15,1h 25m,0,True,5918025,0,5918025,False,https://www.agoda.com/en-us/packages/book?cid=1753802&pk=A%3ASGN_20260918_A%3ADAD__1-0-0_PEO___1323046165&pt=AAAA.AAAADBXWMhR4Ic1pJKJi9ZbfPRt2Q3JYLRD%2BLRG%2Bu5aN6SCBi61pjAa8vG8E473RZJwVqTd%2B17WceSfxt3AOyf8YoERq1imtqIvR9ycXAwu7%2BUoaZybmwkKAOiGgj%2BsNBEHraOITriJbB%2FJyl6AtN6u13m%2FKQ%2B52u%2F0%2B1YynxTKzstZt517GGNODIVzTFTRmh1mfTwkVUffZ09zj%2FfBK2dTXAknv%2FVPJO%2FiFNQyGdzPVZFb%2BCKIqV7M09pAfdqQKM5BKm6sqe%2Bn0BD3uMbFeAZ1722e%2Bc8XScyQMMRfPjAfeyUVRZ5oHL2Ia3xfFv5f0Ue8PuRHK55uI1G3cUt%2FgXTEci%2FTm0lAAiWnrrmAWb42Ub4m8cQSUWg0%3D&ptyp=4
1216031034,A:SGN_20260918_A:DAD__1-0-0_PEO___65080649,2026-09-18,PremiumEconomy,Sun PhuQuoc Airways,9G,988,9G 988,Ho Chi Minh City,SGN,Tan Son Nhat International Airport,Terminal 3,Da Nang,DAD,Da Nang International Airport,Terminal 1,2026-09-18T20:45,2026-09-18T22:10,1h 25m,0,True,5918025,0,5918025,False,https://www.agoda.com/en-us/packages/book?cid=1753802&pk=A%3ASGN_20260918_A%3ADAD__1-0-0_PEO___65080649&pt=AAAA.AAAADHHdRxvMmbeRMfO3WmHBvHJ%2FBFFtYk5f01WP7UrZu9ilz3ntMyc%2BcIhwhqOZZXkojRuq3ASBH2GrysPB55kiHytYoB9owDK2VkNtkv6a9trc8oKX7lN%2BBskDA%2F7uyqEIm5Is3Zo9gshxTIM5Mz%2F%2Ba34P8fp6PkKHkfdAqDYvzNFUI78Ie01dKb2%2FQHrRGs1dgAqO3OFwMRMgXazyRaxwM8Hi0pUmWYHX3SGuc1vOWu83XJyea9LvTtzuZ6cxi2DbtqP7cLxfQ5A9tYZTRIszcHIWsF7EFSPgs79xC8yCMnMh6IZLWibiIqvVvIGpa7PZpN%2FNjVG4EdOGItKhJAP8QRkCZp4%2BA3V294bf8sZPubQT7yoW%2Fg%3D%3D&ptyp=4
954172483,A:SGN_20260918_A:DAD__1-0-0_PEO___39862251,2026-09-18,PremiumEconomy,VietJet Air,VJ,327,VJ 327,Ho Chi Minh City,SGN,Tan Son Nhat International Airport,Terminal 1,Da Nang,DAD,Da Nang International Airport,Terminal 1,2026-09-18T14:50,2026-09-18T21:30,6h 40m,1,False,9524723,0,9524723,False,https://www.agoda.com/en-us/packages/book?cid=1753802&pk=A%3ASGN_20260918_A%3ADAD__1-0-0_PEO___39862251&pt=AAAA.AAAADKJiDSR8YJyiAre6H%2FimO3vhK9xtz1lhVCuy7RPxg7qJVdemTxBTuc6hwM%2BoasGa1I%2FLkAViWMJ3tejQ98wr9xbUtI7JyuQZoRLGTXv%2BNY3NETUdXQYA4rTHcadChhiCLmBfVkwPMuKKVdDPMbZyclet32i3MWCpsS1VhnWgpqUTHD0mh0PUSnALfr1wPw7ZE0sZc8rFTBBmmD2SFsom5Y9IDaYlCs51ZB3pJ%2BygeV1v46Dk2%2Btch3HZY%2FN69%2Bu66THvr8ow29m5Ak7fy8l6kmTs%2BDQtbLETfWT3zGCKEHiM7jUSIjnx2us6a4A2mkmtvkSKc4KUavXcfWOws98I8npcXYsNne8FvF1Rt6rNj7P4dNvMIqrZEoT1Jto1ymhJQI5Keg%3D%3D&ptyp=4
1173816891,A:SGN_20260918_A:DAD__1-0-0_PEO___580086907,2026-09-18,PremiumEconomy,VietJet Air,VJ,335,VJ 335,Ho Chi Minh City,SGN,Tan Son Nhat International Airport,Terminal 1,Da Nang,DAD,Da Nang International Airport,Terminal 1,2026-09-18T11:20,2026-09-18T21:30,10h 10m,1,False,9524723,0,9524723,False,https://www.agoda.com/en-us/packages/book?cid=1753802&pk=A%3ASGN_20260918_A%3ADAD__1-0-0_PEO___580086907&pt=AAAA.AAAADBPkglcKEfIGj76id257TkbHrvTMA9JJXpJig%2FAbQIh6mKtAzazyW9VVQSVk0jXbiG8uFZiThfH0JCJtL9cvmF%2Fmejp1hGdI7UZI7pT%2Bj5cwAZQ0NHkcVVLkElVjLuGEUd%2BtYjq40bXFgYtZZ%2FcP8yVpS53wpG9%2Ba%2FWY4FUD3gaiSdYcmHbTV7DaFOPY05%2BAh0mTqixxqmA7EO9pGoApE0%2B%2F7vAwWG8%2F2hW55PXfauPJ5qStU4g%2F6ZzR2Nuo2Ik9lqj5G9OnLRg%2BkHh55TjL3FMny89iA%2Fq9pOKDFoMduU7SRdIYriVISoK7zrb%2BxXK3PmmU5szCh7xretSXWZh134d1TQL3tqksp8rVZavXGIJ%2F8kjwgFcUleXan3sgb1OS7W8iveOH&ptyp=4
1906807793,A:SGN_20260918_A:DAD__1-0-0_PEO___1068113391,2026-09-18,PremiumEconomy,VietJet Air,VJ,327,VJ 327,Ho Chi Minh City,SGN,Tan Son Nhat International Airport,Terminal 1,Da Nang,DAD,Da Nang International Airport,Terminal 1,2026-09-18T14:50,2026-09-19T11:20,20h 30m,1,False,9524723,0,9524723,False,https://www.agoda.com/en-us/packages/book?cid=1753802&pk=A%3ASGN_20260918_A%3ADAD__1-0-0_PEO___1068113391&pt=AAAA.AAAADA9CJLrcvtB2psSSHxn4DTLPwwOolSGz2ybunUbjWaYrqsUltOSYtRJgBp7RtJUf1Z1NcFrRTshsZb3djumj7%2B%2FtSGrR749WfbpA3QovUcS1bnzb%2F86BA0gY589KiCCuu0YXyVhV3EDUpIU6nXbYYrUyeupRSa2qL8gKDLM1zs2p6hzaiC%2FfzKbQEYp3lMG0bXU6jjDQjvJjWmkeiqlBzIDM2VuZPr1c0ujnoDfoTKzDcMbZSHoHcX0p6RnER5WKItKkmh2NZHVRf8IzUq9dkoZ45Aog7LHLORYTaXIGckH833M0IZERoSNJTsVK3YBcNMvohSc8SEiklAKireDyitKUEQt2kuhda5I6A5YFJQsdJNrMOw6fdCJ0qZhGRhbwSYCvukI17A%3D%3D&ptyp=4
2129943605,A:SGN_20260918_A:DAD__1-0-0_PEO___1789877586,2026-09-18,PremiumEconomy,VietJet Air,VJ,335,VJ 335,Ho Chi Minh City,SGN,Tan Son Nhat International Airport,Terminal 1,Da Nang,DAD,Da Nang International Airport,Terminal 1,2026-09-18T11:20,2026-09-19T11:20,24h 0m,1,False,9524723,0,9524723,False,https://www.agoda.com/en-us/packages/book?cid=1753802&pk=A%3ASGN_20260918_A%3ADAD__1-0-0_PEO___1789877586&pt=AAAA.AAAADAh4WLXRfRKac8NpTWxrZpqYmKUwgmONTbYlkAaQvF%2FvnTddL3ZQQ9iY%2FVgcZ%2BGis9aalbiEOqkRhS0tP%2FwZfZlGnHQrE1ixyeEo9hKhcQGzOX6IN9dt%2BQJOIlec9a9SesdYyrHzmNPv9OGtyQj4wrgrWeWbydCvD86bt1DL1Da43E6DhuUqcQNHU%2FnGJ89iHv7A8u1LZUnqaLCU%2Bl8UHPZX63OHAa4Txm8WsS6GkCszLoH9AGnlkwe%2BEj7K10Fw%2FWGAEPrDOMJ8lfgUoRnQQWJRIO9PwC%2BHhvoD2WuPxlVCNroeQ6Y6YhsxVSnLShD0ScwYCp8chy5piJleVyCTnbROlPtTjsdwZVO3B7QtMoAfNxKMIi86kzb1SGZcER6iwEGJRD9QFw%3D%3D&ptyp=4
959501550,A:SGN_20260918_A:DAD__1-0-0_BIZ___110190178,2026-09-18,Business,Vietnam Airlines,VN,7134,VN 7134,Ho Chi Minh City,SGN,Tan Son Nhat International Airport,Terminal 3,Da Nang,DAD,Da Nang International Airport,Terminal 1,2026-09-18T20:15,2026-09-18T21:35,1h 20m,0,True,3372570,85280,3457850,False,https://www.agoda.com/en-us/packages/book?cid=1753802&pk=A%3ASGN_20260918_A%3ADAD__1-0-0_BIZ___110190178&pt=AAAA.AAAADKrLqtp7N5S5Yp0w2JKP%2FNnGRnjG1RV2%2FoDnf3%2BjMY%2BSHHqjqa5T%2BJZHB4IKzK2S5aqJSruxCFpvdPxFYA9LyvvFsBa9cQwoidd4oWczhBve8Gps02I0QPlvFK7qrGvpeCSXWJQaqRYc2iekQ3UojcWBQku6Wno4%2FCAQ%2B4OLFL%2BO45F95d59PyW8vsRwDgQNHchimMd1Ua6yCXtYNYVFgYkTUYhUn2tuD2lf81wPNuVHQ261marUnr5w83X4AOL77e1qw4g4lRosxZzt5zjBzVRhKtgR83VIvHvlB6RSYoxTpGYS5mLzfO6BwvIxtLEOpdS5Q2oh%2F77q22QlNZ8wjnCVG9Lixn9D%2FWGu5OlKcaoPqIhDdw8Or5rA&ptyp=4
1356558398,A:SGN_20260918_A:DAD__1-0-0_BIZ___298494227,2026-09-18,Business,Vietnam Airlines,VN,106,VN 106,Ho Chi Minh City,SGN,Tan Son Nhat International Airport,Terminal 3,Da Nang,DAD,Da Nang International Airport,Terminal 1,2026-09-18T05:45,2026-09-18T07:05,1h 20m,0,True,3372570,85280,3457850,False,https://www.agoda.com/en-us/packages/book?cid=1753802&pk=A%3ASGN_20260918_A%3ADAD__1-0-0_BIZ___298494227&pt=AAAA.AAAADPQzMNbgq80HFd2KbYnJwz6V1GDOZB1tvxirvOYLVuVftEUOiauT0PAiIy%2FFoDQAecwWApX1PCZOXVsSvANJLT4sSy4S9UZD9VrgYMlFXXt%2BI0%2Bn3kQ38I4JD5VmBKNi78GY3zXraKf5RRgCe%2FXEV%2FOdaQs4BhaqQVAIqD5kEEB38kx85DQq8nwBzZNIMijqsK5o3AnZIPPhESllYLlBnBh2m10SzoCCOMCVUAGWFpkGzmTEegJbG0gTFk%2BVWU4LO4UAUA0cHAXLeDVtQyozeiDqA%2B5qo8iSY%2BoXHb3dDbdQBAXeKga3Jfe%2BHtxISLiiXGVWNHrIq9x35Obs6u3XxE5yifNR%2BHz0%2FlMXjJnEoeV%2B9IGg20MMsyJ%2Brab5hss%3D&ptyp=4
1660694022,A:SGN_20260918_A:DAD__1-0-0_BIZ___64376289,2026-09-18,Business,Vietnam Airlines,VN,7108,VN 7108,Ho Chi Minh City,SGN,Tan Son Nhat International Airport,Terminal 3,Da Nang,DAD,Da Nang International Airport,Terminal 1,2026-09-18T05:50,2026-09-18T07:10,1h 20m,0,True,3372570,85280,3457850,False,https://www.agoda.com/en-us/packages/book?cid=1753802&pk=A%3ASGN_20260918_A%3ADAD__1-0-0_BIZ___64376289&pt=AAAA.AAAADKe8t6qtkRzQ2bGrUDSSPAqtRsmU0oS3X%2FoKTQXwECqh8UXT9%2Bc3tet9vVjzaK%2F32flvs3VXlV%2FK7TSMNMcPOMwGDxYWxstDs%2FykfixA%2F%2BAGlaciaE49BVG2Knd%2F2%2Fj4I7KVqoPxDDOXhrpxxGNvMY%2FbUEC1lt2C9oD0c5AxR1CSf0rEy7927EVMsIkeIPsFK7Df7Tmb%2BSrF9krvUDELajJuAvf%2FlZs5qvXvsZw%2F5sgUomKlGm3UnCvFw%2FRQ%2FwvTGykgwZ%2BA0nitrW549SiqhU0VTQXGkUAQuyri52RU0ETUK%2BaJkTrzEoi11orKvuQVsfS6Dp0XkniM%2FJ%2BLbyj9U1pdnNOgmIHDisXkMNOj4H1Jr9CnqznDwz%2BVrOJ1%2Fg%3D%3D&ptyp=4
34431512,A:SGN_20260918_A:DAD__1-0-0_BIZ___53055998,2026-09-18,Business,VietJet Air,VJ,1626,VJ 1626,Ho Chi Minh City,SGN,Tan Son Nhat International Airport,Terminal 1,Da Nang,DAD,Da Nang International Airport,Terminal 1,2026-09-18T19:00,2026-09-18T20:20,1h 20m,0,True,3496256,0,3496256,False,https://www.agoda.com/en-us/packages/book?cid=1753802&pk=A%3ASGN_20260918_A%3ADAD__1-0-0_BIZ___53055998&pt=AAAA.AAAADJvMXiNefzFZyMoiL4wLSFeKRjBRIS1Fcx5FHE5AHzUeWYyjZlUY0AX0%2BF0F8dYWHedFwgSG4ww2wrB8kfNeQ1HXlr8zdUXTZ12mtDT%2FfunE2Bi6ig%2F%2Bc3kYYNhqgVxBXYx8I83aC04lLxCDyfZ3ev3Rx%2FfGvhokXdcZg8%2FSCSoELLiavXlwag0wbx9%2BArsOlbW7b4Fm8HeoNSxzc%2BhXXKg%2BkNiqZWGgeGK1r8miDM2n%2BqhbkBaH18LkclPsrmOTZyB31J21V%2FK1Utf3ncsP7hvCIkZkrRiEMEamxoH0N2RNwpDtct1NELptf6En47hzX0%2Bub69hjhuTzeao3AsB68kuwXrfJildqq%2FgLHaFmJGUNw%3D%3D&ptyp=4
923071917,A:SGN_20260918_A:DAD__1-0-0_BIZ___2115950733,2026-09-18,Business,Sun PhuQuoc Airways,9G,984,9G 984,Ho Chi Minh City,SGN,Tan Son Nhat International Airport,Terminal 3,Da Nang,DAD,Da Nang International Airport,Terminal 1,2026-09-18T19:30,2026-09-18T20:55,1h 25m,0,True,3624011,0,3624011,False,https://www.agoda.com/en-us/packages/book?cid=1753802&pk=A%3ASGN_20260918_A%3ADAD__1-0-0_BIZ___2115950733&pt=AAAA.AAAADGh2ItdI6eEYhdapsboCFvZtUMQMyQ49T12tPHD%2FTPCPytaq5rhTmPGKZYeC7xbgYk4sWngCayhWPUJdcy5EsmbzVZABRWsc%2BjfHAjLScbfY0rFbjgSt0cG1z78h%2FhLJCWYaoaNb8xXzzmCtUVj42Jzre8vNM9Q2pDKObZjVb02er8dl7evsgOSAL%2FSJ8Qeql1XxUjbFpc6wn4opbJCvqagkHMC7FY%2FGDrmvcPFIKPDvkY%2BX5Y94wPX9mXLXVfuTQJRSKar1VOWVTZa9%2BaYDzAmOxxqtcR2%2FzgIS4w920lQuOati%2BIGROhyBK3Klco7t30d7lXBHD%2Bn6MalsBAWUhKOr3dle1K3XkmIoKXu%2FYkItr9u3tmQ%3D&ptyp=4
795874691,A:SGN_20260918_A:DAD__1-0-0_BIZ___671204189,2026-09-18,Business,Sun PhuQuoc Airways,9G,956,9G 956,Ho Chi Minh City,SGN,Tan Son Nhat International Airport,Terminal 3,Da Nang,DAD,Da Nang International Airport,Terminal 1,2026-09-18T07:05,2026-09-18T08:30,1h 25m,0,True,3624011,0,3624011,False,https://www.agoda.com/en-us/packages/book?cid=1753802&pk=A%3ASGN_20260918_A%3ADAD__1-0-0_BIZ___671204189&pt=AAAA.AAAADBJg7NYcq%2F09CgiZL2fWfYZnFFPzr%2Fm4Em9OlvXczB9M8u3XQshb%2BdxYwQiHkuFfHwFp1wbRrG9E%2F7SFS6Rg4ahRdpBAljVv4HC7KtVesTeRtsp7lLxPgxuXrAN4k%2B1%2Bc8yojaVsoxfzXW6mt3HOxyCTwv6D2PkJfHG781Q8leaeOUvcITHbDhSEqihiB2TQbI4MxYgs1M9ev7v0tQ2PhI%2FHK5G2ZDaa2%2Fvb7nLOQqnMpXAFYUDV%2FBe%2FDWPVYmLDyilbQf5z3u7n9zkDF%2FL0X2mapDR8W7OgP92fm3dFkJUS8s7mdOHEf3UPFcx0a06TH9fLJXA5CsimTTlL5fTN7ea14NWTVpPVkO4CmGXfeZxGpwPoMg%3D%3D&ptyp=4
1452807046,A:SGN_20260918_A:DAD__1-0-0_BIZ___1511050030,2026-09-18,Business,Vietnam Airlines,VN,122,VN 122,Ho Chi Minh City,SGN,Tan Son Nhat International Airport,Terminal 3,Da Nang,DAD,Da Nang International Airport,Terminal 1,2026-09-18T10:00,2026-09-18T11:20,1h 20m,0,True,4564118,91543,4655661,False,https://www.agoda.com/en-us/packages/book?cid=1753802&pk=A%3ASGN_20260918_A%3ADAD__1-0-0_BIZ___1511050030&pt=AAAA.AAAADNS3CX3atzcU45WNIuBC8znenCmU53PQ46HNIF6VCpf08PxB8mhyzSyfnlXjrqSTXuKC45VWObm6YT%2FI20g5lp9raxmDXGXYBvG%2FddbzsvkuibNi1tFhRDAddIfpUAaEfjQzJhFL7AuetjdhVxmRm8vIW5M4E90NZADvLpd1ZGD3tJOSlkmrmtrSggT0bt7CuORU9wMmZJ4QZoyumb6uvw%2FJmvw3Rc5qqUG3IpRBvztQGiPPRoyXIJnE8S%2FluzieeAVlQ%2FwYcwHEI99Wvgp4rwKrche%2BDbuP0NSaJjU91n8FwMvTXeo6ksWMg4lEXOO%2F%2BLGGZm19t47kbdn5WRkjE%2BlNjBZ2Tpj%2BSoCpxtymPBcR8jxnMA%3D%3D&ptyp=4
1337205947,A:SGN_20260918_A:DAD__1-0-0_BIZ___1963625918,2026-09-18,Business,Vietnam Airlines,VN,134,VN 134,Ho Chi Minh City,SGN,Tan Son Nhat International Airport,Terminal 3,Da Nang,DAD,Da Nang International Airport,Terminal 1,2026-09-18T15:45,2026-09-18T17:05,1h 20m,0,True,4564118,91543,4655661,False,https://www.agoda.com/en-us/packages/book?cid=1753802&pk=A%3ASGN_20260918_A%3ADAD__1-0-0_BIZ___1963625918&pt=AAAA.AAAADMEgFXTJeUD7degJkCx6K9TXyo0Bx6iuJansn3CQmGRSKZZZ%2BsaglYZSIfXEnM%2FA56OiV%2Fw%2BlsI4w7DEmjYSC4uYXgQckjLL8tg4JWX9s2rD%2FMBsFcIXk0X0GekBPNeWvNTv56MGcbSW55oX8c3qwP9VETO7zCldzHzKxNEoXpDgMKdNClUZOiADYcGzQlPjvujYJe1jMSiYDPlffNK491W3dvtgsvKqO%2B38x0lzdDAP8i4Ll0%2B9AzX4iKd0PjJGBeGo3LbXSFjke%2FtqauXG5KIis1A4vEI3yOg7GuKqnh6kDq%2BtJRiyR2TAtO3lga8bi6hDWKT31uE6QjDlM4vNmZLGm3HDhLCmUmRQZ%2BF%2FkvTZNYm2Lw%3D%3D&ptyp=4
2037604073,A:SGN_20260918_A:DAD__1-0-0_BIZ___426491937,2026-09-18,Business,Vietnam Airlines,VN,126,VN 126,Ho Chi Minh City,SGN,Tan Son Nhat International Airport,Terminal 3,Da Nang,DAD,Da Nang International Airport,Terminal 1,2026-09-18T11:00,2026-09-18T12:20,1h 20m,0,True,4647059,93207,4740266,False,https://www.agoda.com/en-us/packages/book?cid=1753802&pk=A%3ASGN_20260918_A%3ADAD__1-0-0_BIZ___426491937&pt=AAAA.AAAADIAuOhM%2BDT3bIeBSLgIZN71uWWmPs0lIw%2FtMHcw1naV5i4iYkPH3JmK4UcfXbQVO0U187i5dn4vSD06uzpzHF0I0B6%2BLieqzZf3RXUbXtg0i9%2FEaYfxNS3QI7IZoTas3%2BMka2bd%2B8F94xt8RaP5C3oZ4f75xR0ibWDaA4VO%2Bph8l51KjJBcMSaeEOlOMebjwhv8N3MYpbkfeKBr26AHPI0D5h8GSC2qQjo%2F2mCB3x95Y0YtjjSpJeHyyJfufhNVVWIUuQ0jXU8FOPAeg8MbTINtl%2B8E%2FpIGDxVBgMqrAMSGKz2FfIx9j1p5bnVBPdZDJPtM7Hd%2BVvyiiNLXcc4QIHoNkOVuYQBrbtU4iUwEKkOVnxo76tGbF5N5xlF8A&ptyp=4
505396419,A:SGN_20260918_A:DAD__1-0-0_BIZ___1416094395,2026-09-18,Business,Vietnam Airlines,VN,6036,VN 6036,Ho Chi Minh City,SGN,Tan Son Nhat International Airport,Terminal 3,Da Nang,DAD,Da Nang International Airport,Terminal 1,2026-09-18T11:45,2026-09-18T13:15,1h 30m,0,True,4845908,97195,4943103,False,https://www.agoda.com/en-us/packages/book?cid=1753802&pk=A%3ASGN_20260918_A%3ADAD__1-0-0_BIZ___1416094395&pt=AAAA.AAAADDyvK7B4%2F%2BumDEcdu8Mks%2FK3i3jQ%2FlOenb%2BFTz6hUh3NVtP4dN84gs%2BW84Of0x0EigTJuV49lkDSu8yox43%2BTMsC%2FA2ax80hGlVzJTvGHTziF5k3AUScdm71o%2BekFH%2BNAyTmd5AhIyoiFrxEtraL6FWrT%2BrBL7ubtqsT06Tn7VYNccYKT2SqXOitB%2FgFeJmJFyLxYyZk19VGW%2Bb5ottvGxMgrxFsCuGas8uO6YFlvObvENzHgJrUthTyUEw2lng64AcYk6WeSL%2FDcP2LOn0DCFqvR9H2hblIn7A9PuW1Hmk9HZwpTC4SFitZHqxZ7EG1JIyQiMV793jaYYimHkISC0k9U%2FMoyH1V3lJE7u9F6qEStg%3D%3D&ptyp=4
1378452321,A:SGN_20260918_A:DAD__1-0-0_BIZ___1962537905,2026-09-18,Business,Vietnam Airlines,VN,110,VN 110,Ho Chi Minh City,SGN,Tan Son Nhat International Airport,Terminal 3,Da Nang,DAD,Da Nang International Airport,Terminal 1,2026-09-18T06:45,2026-09-18T08:05,1h 20m,0,True,5006296,100412,5106708,False,https://www.agoda.com/en-us/packages/book?cid=1753802&pk=A%3ASGN_20260918_A%3ADAD__1-0-0_BIZ___1962537905&pt=AAAA.AAAADA6%2FYnsWHKEvMTE1QhXTvyQwi4%2FrqUXWACBhwBapMICQ%2BloMVedjAbymsaTBdJb8GlbZwphJ8wcDSy%2F55jQF%2BKh2YxyEGqXcpzoxqLxyicPy03Mn8tts97YO9FYkq%2BieAIuuFxvVN9%2FBV98Z9zAWw8lK0W%2FqHRS1T0X9yHOzKPsYg%2BH4E93Lqvod9vgJNc3Jna2YECQiKCjN9pU1TeEXVbru0dFuJs6Akea0JN%2BRtd5dHjVW2iUSTJFe%2FXGn93wOPnuh0bHGEyW1t54X7oWwuFufNK3NBblCJeb6fXVhpu7YPrgaX9UTYwVouE0XEHoigQMq9pebmjBsBeMwbcyy8LHAPnMhj7fiyOOfVHM8je6A9tUxCg%3D%3D&ptyp=4
1582271494,A:SGN_20260918_A:DAD__1-0-0_BIZ___765291374,2026-09-18,Business,Vietnam Airlines,VN,140,VN 140,Ho Chi Minh City,SGN,Tan Son Nhat International Airport,Terminal 3,Da Nang,DAD,Da Nang International Airport,Terminal 1,2026-09-18T16:45,2026-09-18T18:05,1h 20m,0,True,6372849,62180,6435029,False,https://www.agoda.com/en-us/packages/book?cid=1753802&pk=A%3ASGN_20260918_A%3ADAD__1-0-0_BIZ___765291374&pt=AAAA.AAAADBVP5o0TjnsBpHy1I9qEVjuG2pizZ1ElBhBuv66GcoSEbvASi6ORQEvJ3DI8HfKyLBKNrfGiDjbcUsB1nVGxqzfkpuaJgxh5%2BkJcrd5o3W0orj0NnraClFxzsIqNdpfFLza7mmLpSxhOqOW9ec%2BpktXX228aRSUE9PMNPfPD02EBQOfHngmU3KsRmVlWDJ27dE88SG7d%2FzpeVpo7CaV%2Flvx1St0xIc4TfvEq%2Fy%2Fx%2BpOgbXvNagbFs4RFf9RXAdgf0AiLeIOrakrYhz4aE5UYndOHqvSUdjE7eLKgfos7ESqtU89pH5wjWtSAj0ml9RkoBN4efiKjR7%2FI8VfKstjq%2BmCBP3pLQTcDjgw7eQuq6qLjZi95&ptyp=4
1508773409,A:SGN_20260918_A:DAD__1-0-0_BIZ___1767895383,2026-09-18,Business,Vietnam Airlines,VN,146,VN 146,Ho Chi Minh City,SGN,Tan Son Nhat International Airport,Terminal 3,Da Nang,DAD,Da Nang International Airport,Terminal 1,2026-09-18T19:55,2026-09-18T21:20,1h 25m,0,True,6886409,67191,6953600,False,https://www.agoda.com/en-us/packages/book?cid=1753802&pk=A%3ASGN_20260918_A%3ADAD__1-0-0_BIZ___1767895383&pt=AAAA.AAAADNZXjKm9RN70AMSwCTZaavjAw7lKv2ZyuQFvhMolbgNRzm7gT13xV7%2FacjDhdeo0%2FDTbPghOuPhVQv2dmCMjRAxSDonWlGDXNc7rg1QSq9aJrxREupY9Zyk5Atw09W53SlLHP5yA9tmWEtRcDRYEsmiboTdVZpTT2O2%2B9DKuMygh8LIS%2FHC73TqoffhPq2anqY%2Fc%2BA%2F5wzciY0ySo9vpvfPbV8PajHR6u%2BWmtGeH6RglvgXjvCIzI6Tu6vu4AYwwJT%2FXx%2BioPW9DwbPKNAyhPQebw8Z69yhtt5k%2FaNMyeHvOSxjECUDjF2zM6L99K1vykMP%2BEVGafTBpNLHoZHtgKyNgsIx0QRN9Ap7xfHclCuFnWqdvSw%3D%3D&ptyp=4
109920548,A:SGN_20260918_A:DAD__1-0-0_BIZ___2001706964,2026-09-18,Business,Vietnam Airlines,VN,136,VN 136,Ho Chi Minh City,SGN,Tan Son Nhat International Airport,Terminal 3,Da Nang,DAD,Da Nang International Airport,Terminal 1,2026-09-18T16:00,2026-09-18T17:20,1h 20m,0,True,7360586,71818,7432404,False,https://www.agoda.com/en-us/packages/book?cid=1753802&pk=A%3ASGN_20260918_A%3ADAD__1-0-0_BIZ___2001706964&pt=AAAA.AAAADHcnQyyQ3v9N7zyAt05%2FAqbyG40rQHW1C%2BLxNqR4l89D7UmnNf%2BUaCGvhEXOO8s63cadodlt4Ac9lYD%2FKvdQGTF4Vjyf7O6nQfwwk%2BcAA8Miij4Kg2bihNPiCkOrUwVmisWh1LVarqQOlJ6dmFtcJB2uxpthZE3u2WCIN87rTeNDOmirWxi%2FDmUuW6EvlWLl4fc5XWhWjzVR3OcKlxfAl%2BP1iaUN32M6FG7KtJBAB%2BX23xHdBxVtvI5JFIKslNkGNX5DpGevMoT%2BFQTYHNb0qGXuTj5JpvEOChJxLiMFtq7Kp9sXiTRr4z12eFqVz4g4TnmwwPUVYm8O8FaX6FbUMIggubnY1j0LtzCNYiBXPi96JL0%3D&ptyp=4
1513224528,A:SGN_20260918_A:DAD__1-0-0_BIZ___738144752,2026-09-18,Business,Sun PhuQuoc Airways,9G,840,9G 840,Ho Chi Minh City,SGN,Tan Son Nhat International Airport,Terminal 3,Da Nang,DAD,Da Nang International Airport,Terminal 1,2026-09-18T12:25,2026-09-18T17:30,5h 5m,1,False,9256912,0,9256912,False,https://www.agoda.com/en-us/packages/book?cid=1753802&pk=A%3ASGN_20260918_A%3ADAD__1-0-0_BIZ___738144752&pt=AAAA.AAAADKr%2BhUFtDhiIx9U5W5lk0RcalVTTNeD0nAXxI3Cbsm2COi5hCCc1H1TwgLogGfutOhlbpOy5dPYZP8XFap%2BgysE%2FNFqUm9VxdsBTbnVy7tNmByGbEGDaz3Yo%2FjpM%2BLBOMqn4ZCQCch29rST8p2Rn0Y08C5EP05JKBliPdTH5pM%2B5Lnz6oFa4bNlQwCFEe%2BzzIm0g5ZVrgHrYlBnr8ywUgorbff77z23sHpqVgyc02qbHkoa99AsdwW7NBiwL0le%2FOm5%2Bjm9lQ0AK%2BOuksEh0x40HbOmy1dgjsS%2FOQBxBpVmYbd437g0tVKClrSCmYO8Hd22qF%2B2Vbt29hYysYVLoGowIRPIkNm46SCRUl9tBuVYlWRlMWZMFIbo%3D&ptyp=4
1791196384,A:SGN_20260918_A:HAN__1-0-0_ECO___1524419871,2026-09-18,Economy,Sun PhuQuoc Airways,9G,882,9G 882,Ho Chi Minh City,SGN,Tan Son Nhat International Airport,Terminal 3,Hanoi,HAN,Noi Bai International Airport,Terminal 1,2026-09-18T21:55,2026-09-19T00:05,2h 10m,0,True,2203938,60373,2264311,False,https://www.agoda.com/en-us/packages/book?cid=1753802&pk=A%3ASGN_20260918_A%3AHAN__1-0-0_ECO___1524419871&pt=AAAA.AAAADJMxwoZzYkdRca%2BMkAY5XhMoPSwm2nZeiu1c2MXo0sEIwTt2sSgwogR%2ByCKUz2x3EZOB92E%2FtBKtvEpyLFciGBZxWmbsiJEjOV%2B4JRPl9Vm7aRrx%2BJi3Az0tpzZK4Gv8N6N5SzA9MKsZVGA8282n0MbGMdQCwDJouNNkp%2FWq3aAgIarR4d1LsXa6BXPCX7bKR2O20Zm1gQfhoCtwALL8f6zy4snynQNvT5Q38Uyb3mdG1%2BvoaRxKGRnS6WoyeQz3OjODQ6cWuF62gcdwUH4ujOlhsLu3kD9cn9luo59%2FaUqeDJnwM4uJTASs3MDYTfGwr9O9S3oWWjOng6bGM%2FmzIgeqUC4sSBY%3D&ptyp=4
1384181318,A:SGN_20260918_A:HAN__1-0-0_ECO___736953668,2026-09-18,Economy,VietJet Air,VJ,162,VJ 162,Ho Chi Minh City,SGN,Tan Son Nhat International Airport,Terminal 1,Hanoi,HAN,Noi Bai International Airport,Terminal 1,2026-09-18T22:40,2026-09-19T00:50,2h 10m,0,True,2526072,6998,2533070,False,https://www.agoda.com/en-us/packages/book?cid=1753802&pk=A%3ASGN_20260918_A%3AHAN__1-0-0_ECO___736953668&pt=AAAA.AAAADCFljE4PKCXHXncjhhl9qONRagwdFcIJoBjBJumuxbFy%2FlRXUTh4C3TmI9RAjcY1p8VI1c%2F%2BUn7BJvL2tYHky3bc05i8%2Bh4b6yozH4B1l7YJRpYeXHtGcBq8yjhycH0VZj%2FulcQF5NvamuoecoqehMFVRpyEqDUWst5JKC8zd1fxORAYtkog0F%2BI2CMR4HjvevJZJ%2BCF%2BUmv3rA%2B2oQ6IJzQML6on0xrR2bJqp5GS4iEcGpV7qqaqZeKdFC5AL4cOEwkrkTqIxg%2Brv6OB%2Bw4%2B6AiA4x0tWnOqyaFPRTYOyoSNKfxj6mUrREzy%2BYSGkilPOFbowjHEGSfJBQoptAlXIBte1bQbMwlHRGYUVQO0KK1jA%3D%3D&ptyp=4
1670890069,A:SGN_20260918_A:HAN__1-0-0_ECO___1586277419,2026-09-18,Economy,VietJet Air,VJ,160,VJ 160,Ho Chi Minh City,SGN,Tan Son Nhat International Airport,Terminal 1,Hanoi,HAN,Noi Bai International Airport,Terminal 1,2026-09-18T20:30,2026-09-18T22:40,2h 10m,0,True,2576908,7139,2584047,False,https://www.agoda.com/en-us/packages/book?cid=1753802&pk=A%3ASGN_20260918_A%3AHAN__1-0-0_ECO___1586277419&pt=AAAA.AAAADF62mG7%2BW9s%2F%2By%2F0pJZ%2Bg78wYLqMxZj5uTpDgHyWX9XQtKZ4%2BPRm5cpx3fOVQH9wWOa7j5siuVVN%2FwWGT%2B4smIF%2BGnhfWb%2BJBNiDJHCp%2Bg5bsu%2B7ebd42qNKFB%2F9wSiiPZEiorspZJR5PzfhW1L93E7HGiNPEByJWTQdhCUd25C09DZc8zEsY6UIXgjWK%2FljYSr4snghMbpJXN75ieP%2Bqm47ne%2BaECQZc6J8AbE0VZaoT4psuwUpD9vuxv8O5RNyIw2h2GxgeTf0x%2FRwmQYxfOEHk73Bc1mc8FdNVwAVCZ%2FmIlwAOIsWaF63ejOqJuaz16wgva9PjXdEH80Ae46y0hjPJLnOmuOUh9e96KpZxyKfC%2FBz6Hx0cicnT5KzfBtrJBE%3D&ptyp=4
700890806,A:SGN_20260918_A:HAN__1-0-0_ECO___228214533,2026-09-18,Economy,VietJet Air,VJ,194,VJ 194,Ho Chi Minh City,SGN,Tan Son Nhat International Airport,Terminal 1,Hanoi,HAN,Noi Bai International Airport,Terminal 1,2026-09-18T19:45,2026-09-18T21:50,2h 5m,0,True,2726486,7554,2734040,False,https://www.agoda.com/en-us/packages/book?cid=1753802&pk=A%3ASGN_20260918_A%3AHAN__1-0-0_ECO___228214533&pt=AAAA.AAAADEwPY3xwQHRnVklKqL8axBnRK1waSi2jPaF%2FNNExkA5mMXAa5mTRvjcaUGtJ4qr9rM9W5i%2BvE%2FUbVUAa0yxiErP%2F6KUfsf59W4vs3YOuQ8UWAlhyuxlhxAhcpSlUqbreVqnxZYhNCKUQk4a2l%2BSmMwwpP5PkxyjFs1yUfJPrdZzuUVAvM%2BXA5EGuGC36Slk5a5iJCBWT9dEVGTyRImPdp1jcD7Hns0AlbLa9x1u5NKhxkmOOBjkThyplu1Dmr2A3rpI3lAmZa5G3u9xBwQdGHhTLWA9mSiX91dMn2ll7hsk3lqaOAndHqnn7pl1k9WtWkn4BPAWPq1gZ96VlKP99bcdWrgzCR3QB7ifIuYcdWoo%3D&ptyp=4
2003611821,A:SGN_20260918_A:HAN__1-0-0_ECO___725497384,2026-09-18,Economy,VietJet Air,VJ,168,VJ 168,Ho Chi Minh City,SGN,Tan Son Nhat International Airport,Terminal 1,Hanoi,HAN,Noi Bai International Airport,Terminal 1,2026-09-18T23:00,2026-09-19T01:10,2h 10m,0,True,2726486,7554,2734040,False,https://www.agoda.com/en-us/packages/book?cid=1753802&pk=A%3ASGN_20260918_A%3AHAN__1-0-0_ECO___725497384&pt=AAAA.AAAADLPxw81F6%2FYEpAQMMyxbZKI6SCxKYsskKDkWwi0GcWX%2FJOUEpJ3gkkz%2Fw0jfxdmedsR%2Fbrp7%2Fqg3Bv2dVvKSWI8XBSKBOyOoxR6YCAUh%2BP3YaO5e76xakDdT8oLFGwIMPYrYgo0pZcC7zNYeYnlUAqL4E26kdF3LMF%2B3X2WFMLI34qPx6iXPgq7zSpsnqX%2FLmJocEvWRrk5xOmSwU%2BoYrh1DYUNuHiCvg6CrysV9zOqInS341%2FwYFun4ZFrD2jPG1TA7MsObmIVcBJ1vRv7M%2FfoU5W2KOst2g0udToyigZjn6GLWQYtePD%2BZwTon5qJG5s1KLpshgZfMDolxCAiQBeElPL8%2BHOeGfif4Bx7Zf9Q2&ptyp=4
890801188,A:SGN_20260918_A:HAN__1-0-0_ECO___1666032989,2026-09-18,Economy,Vietravel Airlines,VU,774,VU 774,Ho Chi Minh City,SGN,Tan Son Nhat International Airport,Terminal 3,Hanoi,HAN,Noi Bai International Airport,Terminal 1,2026-09-18T07:00,2026-09-18T09:10,2h 10m,0,True,2879819,0,2879819,False,https://www.agoda.com/en-us/packages/book?cid=1753802&pk=A%3ASGN_20260918_A%3AHAN__1-0-0_ECO___1666032989&pt=AAAA.AAAADJaH%2ByHCGnTNDVJeVv%2B1CyuKzowlHFDBvWFvoxGqVbwHZqiFk22ZX0dAvajoO3QEJuY3LwWQE6YBR8hPoLo0YFHBuVEbbJqvMQGuRsHXZbSeKMgonQlSo55lY46sTMKwKEKEa%2BXjI%2FBbFwiFUweTYIuMWKMEhsGlx7LKcvGAkFMjcazunQTVDIxDOBTkJ9aTbuchR%2BDnV0GgaYzRduq2On1qRkL9VzcdIuBnSQeSazNrMfijf8xBG7o35%2BayIjBHEATnbFvI6iqy0WA%2FSKmT0w1V35x8SZsPNI57INmXo4wqhVeV1imdD4BAmU1%2Btg7mgRpZ6lDmbo2CGiJ2BHWLbqylGLsflTigSveok5r8Yp1kTFI1&ptyp=4
585148996,A:SGN_20260918_A:HAN__1-0-0_ECO___308819536,2026-09-18,Economy,Sun PhuQuoc Airways,9G,876,9G 876,Ho Chi Minh City,SGN,Tan Son Nhat International Airport,Terminal 3,Hanoi,HAN,Noi Bai International Airport,Terminal 1,2026-09-18T20:35,2026-09-18T22:45,2h 10m,0,True,3063795,36154,3099949,False,https://www.agoda.com/en-us/packages/book?cid=1753802&pk=A%3ASGN_20260918_A%3AHAN__1-0-0_ECO___308819536&pt=AAAA.AAAADF87RhXLsbQ4G5ebYMyssz6unuayBKuie8H25tzsWRNeXETCk7v23WV1rvq1Zbxg1gywEyUHV2zxwsLh1wnz%2BnoELLOyD7ihyVp2zqDejr%2BVgsC%2Bgp1jCF6u7ug4w62wOZ2SS9kfIakDW4Wq%2FXdISBEYP8U7D3n5M9Fyhq6Da92ixfkKPawZfunfQO4bdATO2DdifdtI2Fr0MhyB9k3ub%2F7Z%2BAWkavpSacpXbhr1nmVNQ8EN7Uv8GHnbrtD1mXNSJlraK6GaRroebUpTYKIUGQMVH7WftGssxyx%2BsoI%2B4%2F5YSytPDsCQ%2FN2e0u3y5KUoso2%2BaCzw1SS%2BmatUpSxHY1XGoi%2BLphXGsGaCSfIMwlhJ&ptyp=4
672660995,A:SGN_20260918_A:HAN__1-0-0_ECO___1681322552,2026-09-18,Economy,Sun PhuQuoc Airways,9G,880,9G 880,Ho Chi Minh City,SGN,Tan Son Nhat International Airport,Terminal 3,Hanoi,HAN,Noi Bai International Airport,Terminal 1,2026-09-18T21:10,2026-09-18T23:20,2h 10m,0,True,3118924,36805,3155729,False,https://www.agoda.com/en-us/packages/book?cid=1753802&pk=A%3ASGN_20260918_A%3AHAN__1-0-0_ECO___1681322552&pt=AAAA.AAAADPEu2jKDwG5hjIW%2FJ%2F6G%2B801urtea7rZ%2F72moe2yJb%2BXZJQQO4t13ICFaAxIeK4M0MVxBuFtz%2BcSk8GsFHFKL9CvyPYoudX0QNGNRaolRcpEHtfk%2BWP9dKKpaaU1MoQv4X6uf5K8IgsurbRaHfozkmIEfNH%2BAhKWz58rolSpU%2BqZ0%2BCNOHq8P8QIlAMLIUQGA3sRb7aFHbRk%2BT7wooOY5GMPYsRv7waI43nOzmFQoScvYVQiY8zRGOeSYyg4vaiXpaNU1%2Brt3VQf76LIpMTg2MXvrE0%2FVvaIiXnVeDJ%2BwqtTW9tcgoi4Ly1HtBAbc2%2F1KSYjWCm6I63lRUDF62tcs0987hA%3D&ptyp=4
385860861,A:SGN_20260918_A:HAN__1-0-0_ECO___1899647780,2026-09-18,Economy,Sun PhuQuoc Airways,9G,884,9G 884,Ho Chi Minh City,SGN,Tan Son Nhat International Airport,Terminal 3,Hanoi,HAN,Noi Bai International Airport,Terminal 1,2026-09-18T22:25,2026-09-19T00:35,2h 10m,0,True,3133169,36973,3170142,False,https://www.agoda.com/en-us/packages/book?cid=1753802&pk=A%3ASGN_20260918_A%3AHAN__1-0-0_ECO___1899647780&pt=AAAA.AAAADEoytejDR5ffg7vbkfWkQ0PY7q1i9kmI24UdHE3TzhTatQ%2B44Mpg7UucPdIXrJ7MejgRDP%2BoHIMMUtdb67hq2XI4U9Kb3YIPrA63gqEc7ghaiduGts%2BveNhwX%2Bbk8YQmXm1zQ5dbFfG4%2F8y9WWbrWJ5Hc95%2FQTVRTOnk%2BMWly5j6QxR2TZQ8YHZImVcz18Z6m%2BOCkOpVqOuGFWjYFIR2FsxVnkACR%2BG6m%2FlPKfUMqggPJoAGiOS%2BPPZ8zQSSc%2B8TSlHSZrYIFq2PZysacXT%2B8h0HsZ%2FXQrxGUi6Cp3qk8GQbLaaUzbJPBqeXeR0aK9UZmxGGvrKwZjCmoN%2FwGXKXqVfT32%2F9q%2BXUNBw%2BvTZ7N9QyD4DMLmIL&ptyp=4
327825487,A:SGN_20260918_A:HAN__1-0-0_ECO___2046277475,2026-09-18,Economy,Sun PhuQuoc Airways,9G,868,9G 868,Ho Chi Minh City,SGN,Tan Son Nhat International Airport,Terminal 3,Hanoi,HAN,Noi Bai International Airport,Terminal 1,2026-09-18T18:45,2026-09-18T20:55,2h 10m,0,True,3255034,38411,3293445,False,https://www.agoda.com/en-us/packages/book?cid=1753802&pk=A%3ASGN_20260918_A%3AHAN__1-0-0_ECO___2046277475&pt=AAAA.AAAADFl92Kv1psovn3iBsfUGVmMGAarAhD50N%2F5bnfzVxPOuG0rkTCEA1CsM8vcpIPHx1EsC72TKmzJm1EzhFM2mzs6StyVBRf4ZnFZl%2F%2B8XQ06SPnKXr4aSZhXwLo0VS3iPxQ7txI5BUHUpgOiOk0EOUC%2F3qeb1Oa15INf22clrztPEe3W4yQ02lfhPaJ9qjKrs5cz3BpCw1v3FqttmIv2JmxTnbjvB0xf58CkJcEgbMv5Sywoihni3gEnpQRcdhYeBeCYgoF3DulXpEcXE07LiGwMOBu7%2B9Wx39RIKU4Pgux4OOgDVL7cFdcvFcuJfLZh3CF%2FllHd5lLJ0cedUFLYKr6GJmvOogU9hWE%2F0WfwO6sA%3D&ptyp=4
1034331499,A:SGN_20260918_A:HAN__1-0-0_ECO___1275991362,2026-09-18,Economy,Vietnam Airlines,VN,224,VN 224,Ho Chi Minh City,SGN,Tan Son Nhat International Airport,Terminal 3,Hanoi,HAN,Noi Bai International Airport,Terminal 1,2026-09-18T22:00,2026-09-19T00:10,2h 10m,0,True,3268578,72374,3340952,False,https://www.agoda.com/en-us/packages/book?cid=1753802&pk=A%3ASGN_20260918_A%3AHAN__1-0-0_ECO___1275991362&pt=AAAA.AAAADO9b6AunQW48ZdNCTNhSVZ6kUfsjiTxZaaI1I%2FCozLbglaoxPVQpTUfTQLFbFxUcvp9euq6JycLtImOdgiSuWJ7IgSialyCMTAaPcBYgWXXsl%2BbS4NAjMxQkdVVoFt4uh7hyEdUe6kP%2FE55x52kM4VviR2lnVB5tmXSZ12B5OibkI09EPmu07SgR5O%2BGs5Gfw00BqslOt8iwcxrXw0Dbm71HJD63bHCrNhNhUYw6ZLUC3RdnYipYnAqUzZcRHEk9T0PXO6dK4AIb%2BNl1Ox8%2FBmbkV74KS71fCC3JBtP1sUz5bTku6M7MbauRvAGeZl3%2FMWuRsBnI%2F1f%2FzsPbt4Sx83SXle9Hw%2FN1CAhK5nKTzAdqziN9rMuUV2ocFA%3D%3D&ptyp=4
1505181886,A:SGN_20260918_A:HAN__1-0-0_ECO___1130518719,2026-09-18,Economy,Vietnam Airlines,VN,250,VN 250,Ho Chi Minh City,SGN,Tan Son Nhat International Airport,Terminal 3,Hanoi,HAN,Noi Bai International Airport,Terminal 1,2026-09-18T15:00,2026-09-18T17:10,2h 10m,0,True,3275105,72519,3347624,False,https://www.agoda.com/en-us/packages/book?cid=1753802&pk=A%3ASGN_20260918_A%3AHAN__1-0-0_ECO___1130518719&pt=AAAA.AAAADKyYh3Muhzz%2BEI8APQZ%2FT4xJ6XIs%2FcM5kf1xpL0x0%2BPjQ8Ti8b1NJxviwwPKiElH81IMV9t%2FhKfbFThue0x4nBUU%2B%2Baup1tFbRcpEK%2FHAkJ71srQqvPkTtlK5qmBYRo%2B348lBDtGUnzcONN8U0E2oBLaEbx6pe9xbPc4%2FsQJipy34rHBfxU6woukh53QoUs4bcGww9t14jsF6W7Im2Vxf19wgaBes3QX4DMST1u22e7OcewLKsuIwhaLcgLzPV3AVTTdkBCrzjbtNJ9KPx5Nnmoxth3hLcoFibMJDrG5Qjjea%2BJzel%2Ba0yWAIGd1%2BNKQTCgoOv%2BrGtrXrXs6os25TIDnv44fZ8Pwl0vBeqxgvRjBR46YONzxmfyDsQ%3D%3D&ptyp=4
1336254470,A:SGN_20260918_A:HAN__1-0-0_ECO___1765982152,2026-09-18,Economy,Vietnam Airlines,VN,7224,VN 7224,Ho Chi Minh City,SGN,Tan Son Nhat International Airport,Terminal 3,Hanoi,HAN,Noi Bai International Airport,Terminal 1,2026-09-18T21:45,2026-09-18T23:55,2h 10m,0,True,3275105,72519,3347624,False,https://www.agoda.com/en-us/packages/book?cid=1753802&pk=A%3ASGN_20260918_A%3AHAN__1-0-0_ECO___1765982152&pt=AAAA.AAAADFX7ua5kiQZsHgckAXuFuC3mznjjBdlMQZMruAhcu7xPfeXAcdOYOo8cm41LlHcrS%2Bj08rvdcOdgzjzBkrteb9NcEu78p%2Bmv17VzUTlF99gGh4D8YZ29Q8pTAm3rGYaA86JSOBA%2FbbJdFKTzqZXwerxvEdKg4u06sa7SwBQSVa4BUPCoAlgHXs0ejt4sCNzEoNeSJk%2BmI4BuV9B164Ep3CR%2BjCkcY48WFil0A7HPslM5urQ4mtdAb3rEbv84PotwQB3dAWAT%2FNxGT2wDgETk7X%2Bn%2BqGy5YXC7RJoWfXwrk3PivWXE3KuESmZPe82neUlvmgOyFBdEfDVCa4QYWgIZcidhQwgOr1NW5LtLuctoe9pa8%2F4y%2F3snL3e1Q%3D%3D&ptyp=4
583232563,A:SGN_20260918_A:HAN__1-0-0_ECO___957234851,2026-09-18,Economy,Vietnam Airlines,VN,252,VN 252,Ho Chi Minh City,SGN,Tan Son Nhat International Airport,Terminal 3,Hanoi,HAN,Noi Bai International Airport,Terminal 1,2026-09-18T18:35,2026-09-18T20:45,2h 10m,0,True,3275105,72519,3347624,False,https://www.agoda.com/en-us/packages/book?cid=1753802&pk=A%3ASGN_20260918_A%3AHAN__1-0-0_ECO___957234851&pt=AAAA.AAAADBxDT8Ot632pQVUQgyEvAXpY0m%2B1glF7d5KTkPnlaovW%2Bs1JdXC9dUowfbK5akvdLTk96dh7gdHbwfvaARQ4%2B9krYxSGID0%2BLOngd73D6ITGGD1Oy2yYLihogJYhtJaEsTagWCXvIjKNv%2FhvFjMln8m2f6GQpHE30udsrmMkUjOnqTAmeNzzJ030eXOjdwX9NH3wLSphufei7YWrag%2F%2F3aksK%2BPu9H5Ce3BidPNtyms4mESjSKFL8gN%2BzHVdUfLarpO3mrb%2F%2F5qc73po4%2BA1p8h%2BRVMFZt15cs9C2wR5PJegfrw8P%2BW0XyqK8RBSuv%2FZ0mz22xJV4aotMP4HGyqdTw5g2lF0QvARASRpuPxhpQlnSoBgd8wK0w%3D%3D&ptyp=4
812335979,A:SGN_20260918_A:HAN__1-0-0_ECO___763080639,2026-09-18,Economy,Vietnam Airlines,VN,7206,VN 7206,Ho Chi Minh City,SGN,Tan Son Nhat International Airport,,Hanoi,HAN,Noi Bai International Airport,,2026-09-18T14:15,2026-09-18T16:25,2h 10m,0,True,3281633,72663,3354296,False,https://www.agoda.com/en-us/packages/book?cid=1753802&pk=A%3ASGN_20260918_A%3AHAN__1-0-0_ECO___763080639&pt=AAAA.AAAADHPoHNng%2BNwg%2BX8qfMmAsxOq69VlqtpG3uwdb1PsaiJer90%2BXCWmU6pL22vRhWRkQxkTXFMTEfD5tzsMCxPUj1yRO7Zktg0EI3JjJSAfCHjzlyUWKuyNHgXoMtxDHki2cMjtvF5xKztH%2Bt2TKutHd4kKCKjX4681KhIEMcaoluWbCtp7WN0d3DZY0OiX0NHMV9pAnstW2OyylMkSba%2BJtDJ6UbYT%2Fi5puMTkE%2Fa2D%2BvE0CWTTWeiRL4y47Mztm1ZWx3FQNSMyEAXeEBi%2BDzS5yjYs%2Fwdgi4TcYmcZgFrHgsyN6k6yhjgshxgrAQlomz9LQjvkdMEqAEcjszsJSUpahmnbReAUeKmb6m8KGkmkUye%2FG7sZley&ptyp=4
433059371,A:SGN_20260918_A:HAN__1-0-0_ECO___141239466,2026-09-18,Economy,Vietnam Airlines,VN,270,VN 270,Ho Chi Minh City,SGN,Tan Son Nhat International Airport,Terminal 3,Hanoi,HAN,Noi Bai International Airport,Terminal 1,2026-09-18T23:00,2026-09-19T01:10,2h 10m,0,True,3282155,72675,3354830,False,https://www.agoda.com/en-us/packages/book?cid=1753802&pk=A%3ASGN_20260918_A%3AHAN__1-0-0_ECO___141239466&pt=AAAA.AAAADGbEBKDu9SLUiKeEEifIDZIHXOyoYgK0A2YivDW20esTgv53dGRMOonN93pfoNUAUGD2r8KeHOM5HnB0%2BjxJdJoxg09BcgeJJb54AlZ%2FRRTBKwZBCSz%2Bj0ft5EeiJ9cN7dFNE8s84iFnH5%2BuI2niGGnDXwLyMZXQen1qHpk%2Fg%2BlnrPBzKeIvLm2AndDaIm7y0mWEk8TKPPpELRnEPi3UoomN90h9fuUjLmcRYoA0%2BDhZbdO3uAKQX4HYD%2Fu2QI5IWPEMevBHOJ4byTKQUo18qpIaE5UVfNhEhDOM999Xx7TW5c183DIoPyeX8pv0YjqhE7bA0v8QpYBHO6g0lvCM4pNTVTub2QtCMU1Rd9TGscyjVI%2Fe7kYm4jHSBrMRllc%3D&ptyp=4
233191062,A:SGN_20260918_A:HAN__1-0-0_ECO___941413723,2026-09-18,Economy,Sun PhuQuoc Airways,9G,854,9G 854,Ho Chi Minh City,SGN,Tan Son Nhat International Airport,Terminal 3,Hanoi,HAN,Noi Bai International Airport,Terminal 1,2026-09-18T15:30,2026-09-18T17:40,2h 10m,0,True,3433349,40515,3473864,False,https://www.agoda.com/en-us/packages/book?cid=1753802&pk=A%3ASGN_20260918_A%3AHAN__1-0-0_ECO___941413723&pt=AAAA.AAAADJNeOkiaQOtys%2Fl7R8RWSqxsLV8nO7OUNiDscy%2F0UkHDtg3EY9CZti6YlXjmK9I0xnw6RKorLtM6a3djzajG%2B4dipC%2FIMc%2Bwvoqrt2jv6Wy8IN0qYNo0kJuPVAtmQszcR2%2BkT9Hej2tcuNb4oTekZwmyB%2B1DoKesVVlDidjC5uADToePpvFwB0ZE0YUnrUiP7ppzDlFppRl7MBapoqmB7n1HMui%2B%2BQDXezRi8e8cPKyvIr7aH8L5g8b7xsiXwcysfEsUMOdVTnz7y6QQLmQlnho21uiXxffds0wKp4OUiV8o5hZnC3j8dgJKCSdLktHXlz9bJLQ8uyPUwQWwCLmvUcjMEio%3D&ptyp=4
862446220,A:SGN_20260918_A:HAN__1-0-0_ECO___1674977515,2026-09-18,Economy,Vietnam Airlines,VN,260,VN 260,Ho Chi Minh City,SGN,Tan Son Nhat International Airport,Terminal 3,Hanoi,HAN,Noi Bai International Airport,Terminal 1,2026-09-18T21:00,2026-09-18T23:10,2h 10m,0,True,3476682,76982,3553664,False,https://www.agoda.com/en-us/packages/book?cid=1753802&pk=A%3ASGN_20260918_A%3AHAN__1-0-0_ECO___1674977515&pt=AAAA.AAAADPI57pLjD9%2BsoowRJP8pFFUK07ckb%2B1aDB1wDsX4%2BZI2MvuPEXeB8aKxfQIv%2BdOV3aRMPm60dBLUbwVdpQnZpGGD6MYkKzSS7Gx4EG62nSnrlqeqLBAKRm8csi0dyHhargjA4wqK%2FQqTcusQjvBYotOVFQ4q2olzEmbngOxUtNRExb5C67Suxg3SaaRlNaopG02ZPoeIHyoBq%2FvS%2FwAkiF%2FKwvZ7yD75%2Bq3n00LKN%2FfpxdRtaK3nqBgaapg5OdJBUeKQ%2FNA%2F5TzDsu95vzZWiZvoc3UVWc4MUBRTo5xy%2BAqFbuHBp6F8OMpzA26fUC%2FwG%2BcbPKRZnVR5Sn7GpvysTcVMfsM7zKA%2BsjNA0s5MIKkVXAZ3bZ8ojSWRONM2YWyozQ%3D%3D&ptyp=4
435029451,A:SGN_20260918_A:HAN__1-0-0_ECO___818668242,2026-09-18,Economy,Vietnam Airlines,VN,216,VN 216,Ho Chi Minh City,SGN,Tan Son Nhat International Airport,Terminal 3,Hanoi,HAN,Noi Bai International Airport,Terminal 1,2026-09-18T16:00,2026-09-18T18:10,2h 10m,0,True,3483994,77144,3561138,False,https://www.agoda.com/en-us/packages/book?cid=1753802&pk=A%3ASGN_20260918_A%3AHAN__1-0-0_ECO___818668242&pt=AAAA.AAAADNrGKTufTuiWk9R%2FueM8gQCRmuBnp1qxff8Ba8eQi2gohxjv7IoUq%2FG1c93DX%2FUtYfTmfAH1UP5klp1%2F7jSg9Ix%2Fgu22XihsQRex6btVpAwYntFruGWHjXYhdfDOTr876TQkAO%2BE8ZFolegBmiCCfJY8uwYNE1k%2Fa4OAUIvgko1W1HmeMneeARVtTmKfx7pVUa7OOKR9s0GOZQT8uyz1dC25Uau4JMfMlstj7Pneh2idiu86Suy6XsQgE%2B2PZ1tWD1Hz5xPuNZUi3Ds6gfFFly9nOfWbnsA%2Byv5XRscZHz7PWnDUiIipXyVsPbnW8NWwU2DQndr6sFBL9u3RtPDz%2BX4Gmp24NwOhcyeJevOuBA%2FopAc2PUtNSA%3D%3D&ptyp=4
1638997338,A:SGN_20260918_A:HAN__1-0-0_ECO___103809632,2026-09-18,Economy,Vietravel Airlines,VU,780,VU 780,Ho Chi Minh City,SGN,Tan Son Nhat International Airport,Terminal 3,Hanoi,HAN,Noi Bai International Airport,Terminal 1,2026-09-18T17:10,2026-09-18T19:20,2h 10m,0,True,3523063,0,3523063,False,https://www.agoda.com/en-us/packages/book?cid=1753802&pk=A%3ASGN_20260918_A%3AHAN__1-0-0_ECO___103809632&pt=AAAA.AAAADL6vv5x5M1o%2BVLlim8wDYHhFILxpgtO0HNVMfm%2FbjSi%2B2mEf5rOYgrAQsKxhLRpanbMd68qxOEO79Ij1BMAt0IMO3nJeQOFP4Ub8%2FUMyef6C2qzdQ4Pe%2FbFobPM3ZH98HJ5reITHeA7aSXe0m5vLN%2FoUp3wU9aKWf1CTl5Y2NVsTRSG8B8t0ROZCPJQJkq5CyOFhoSu8GXo0cJTI3W5j9Kkg0wKllzJDylzb%2Fkn9Qur2QjcGd22hDZBZCtMi9Xz%2FBBkSJaMKcIkooTDr5g%2BA%2FsUyXir7f5dUmNaiHlPLc%2BkttYKRDAN%2Bw0HNRxsb%2Byv8Z2cCNopxNpUM5PxCbBN0fG2cn1YJBSrdH6E%3D&ptyp=4
422082260,A:SGN_20260918_A:HAN__1-0-0_PEO___228214533,2026-09-18,PremiumEconomy,VietJet Air,VJ,194,VJ 194,Ho Chi Minh City,SGN,Tan Son Nhat International Airport,Terminal 1,Hanoi,HAN,Noi Bai International Airport,Terminal 1,2026-09-18T19:45,2026-09-18T21:50,2h 5m,0,True,4612317,36084,4648401,False,https://www.agoda.com/en-us/packages/book?cid=1753802&pk=A%3ASGN_20260918_A%3AHAN__1-0-0_PEO___228214533&pt=AAAA.AAAADCBKPqghhjVVJ3UNMJ%2FZF7pGNuiuoA5Xz296vy3%2FyXX5sob%2F2fvy7GwAfsrcJ7JNWl0%2BVvoyt8okx%2F%2BVLDbSVTd%2B8V1IpJTy7yQFLhx3PTXElufQ3mo48O6X62FF5t1F2y9wHOXpfR4%2BHGF0Zw58D7XNyilMCuJ1W0zx%2BY7dquovzXeqZmiSpvwmVRKcNgwYlE0zkz6NsXXKzij2uK47lOYa9Qq2KUyBKuZu5z%2BqRQ1e28ylzScDgOUDmBuRim%2BTh9EZWaEchmKziLwgyPlZUj6%2BMzYD6P2PaBMZ64XmL4rYtAsrlucRWMHc%2B5itKNdj%2B4L%2BAmqDFJ7hvIdZHDYObBDx%2Bu%2FqkXynf00%3D&ptyp=4
2025146008,A:SGN_20260918_A:HAN__1-0-0_PEO___1586277419,2026-09-18,PremiumEconomy,VietJet Air,VJ,160,VJ 160,Ho Chi Minh City,SGN,Tan Son Nhat International Airport,Terminal 1,Hanoi,HAN,Noi Bai International Airport,Terminal 1,2026-09-18T20:30,2026-09-18T22:40,2h 10m,0,True,4612317,36084,4648401,False,https://www.agoda.com/en-us/packages/book?cid=1753802&pk=A%3ASGN_20260918_A%3AHAN__1-0-0_PEO___1586277419&pt=AAAA.AAAADK43mKMoUzaCa19Hc7StKqRVR0ZZARU%2B%2BLWllk3ndDuNVricpL%2BZ9ATQz4SUw%2FlziZNdAJYqzOPsmfxe9mUFpIO52REyUrzAG2zoe%2FbsVq2TfATQObzb8QZi%2F%2FYDFEe8yo6mv3362gKPOXrbJXjAMyAIqJhUSztJj7roxbE1kY%2F4YdeZsSr1F7H1QoutwDV0r%2BWZI4paVmkvTqx03kYJ2QxVfBlLppnr6%2BFXgqENBwLOK6GMdQ9nwCK8FprVH4zBAnPcktReFSqmVyn%2FteiRYNgrbDV2Mt9kkD2RraocBj9jp3UA2p8bXiOjAHSTgOxdtkl5pL0Y%2BHugIlIlCVqRJFGaYiLlwVm%2B6sEGxw%3D%3D&ptyp=4
679925306,A:SGN_20260918_A:HAN__1-0-0_PEO___725497384,2026-09-18,PremiumEconomy,VietJet Air,VJ,168,VJ 168,Ho Chi Minh City,SGN,Tan Son Nhat International Airport,Terminal 1,Hanoi,HAN,Noi Bai International Airport,Terminal 1,2026-09-18T23:00,2026-09-19T01:10,2h 10m,0,True,4612317,36084,4648401,False,https://www.agoda.com/en-us/packages/book?cid=1753802&pk=A%3ASGN_20260918_A%3AHAN__1-0-0_PEO___725497384&pt=AAAA.AAAADJNY4%2F2Wk8%2FMibMhFMXjw7q5bigCa%2B85bkJ%2BE4Cctb40jK8lAJLGN2AZY4uFpNBff5wPn2Z%2BY4isOeMkb%2BYqOXiQEy7mkTm3SFGI3CK2GPPjldAtzUF4sdEcYVdOR0WJAqD%2BaHdG1Pe4h7Ur0KNC7FxrZMa2x3KQ%2BwBEyU3HN18gGVX%2FNeBOWEQ2BKGw%2BaMd95Uw%2F1nX3xqdoQ5bFMNRFnAywnFLRiglDThCn7IzlaSpp%2BageYCBG5mrWr5%2FqXWo%2Bbl2YKYOgydZOkvqM3c4yv7LUkPpLYncuKrwq7q4fJcXvrEDXbvXNqViH%2FSpSwC%2BA%2BxY3bLV1Davl%2Bfwvt0BAm4sIIvM%2FlEg4w%3D%3D&ptyp=4
1699492500,A:SGN_20260918_A:HAN__1-0-0_PEO___736953668,2026-09-18,PremiumEconomy,VietJet Air,VJ,162,VJ 162,Ho Chi Minh City,SGN,Tan Son Nhat International Airport,Terminal 1,Hanoi,HAN,Noi Bai International Airport,Terminal 1,2026-09-18T22:40,2026-09-19T00:50,2h 10m,0,True,4612317,36084,4648401,False,https://www.agoda.com/en-us/packages/book?cid=1753802&pk=A%3ASGN_20260918_A%3AHAN__1-0-0_PEO___736953668&pt=AAAA.AAAADPMpRUbWsH%2FhMCbivLbQm79wTE5KQquCbUr4TWykpOFFyym%2F4xoUsIyA8L04sN4ZsNU9QUrK7GsGEwsHiRvsDCcpuffHYAt%2FC%2FkUpwdZphrlqbndeNJhLqNW4aN4P6gqR5Jjp%2F1d2gaXVvlQOFacuMq0kUHSY7iMRYv3A%2BVgTdy6vkxFBNCgAnom2BEW5iIlZS%2BWm4u4MMUlIBG3KPMAnDNdUQQlNYPQ2Iktk0UOv2KFsToRSiMcOkrkjkl5Tq2nN56auVFoWQN5R379kKeYp5XstNIr3%2BWgl3vHZXoUT3x6AuqIR5fDuuz1dowF47O33p5aHW%2BPeoTSK83MN3rumsWT3rnn%2B7C38C0%3D&ptyp=4
2057045586,A:SGN_20260918_A:HAN__1-0-0_PEO___844463830,2026-09-18,PremiumEconomy,VietJet Air,VJ,1156,VJ 1156,Ho Chi Minh City,SGN,Tan Son Nhat International Airport,Terminal 1,Hanoi,HAN,Noi Bai International Airport,Terminal 1,2026-09-18T20:40,2026-09-18T22:55,2h 15m,0,True,5141040,14243,5155283,False,https://www.agoda.com/en-us/packages/book?cid=1753802&pk=A%3ASGN_20260918_A%3AHAN__1-0-0_PEO___844463830&pt=AAAA.AAAADDwxMYTn1DqPLgWiwutn0FKpycQOHHFc8dPKl9QKQ71w%2BCJJl193392%2B9QooHuxZg%2FZWg2fZPXH5k74RMm6RUFBsDc7qNHGPF13L512L0eq%2FBCj2BTerP9eP1UOr1fE6llFSBvZm8dGaSnffJidhyCTkXfuvcncdZDyGdrIs2YZlxRlDRNCXJs1fkIQsO4SJdOepSzIKIyIx8zI6G%2FHzoL%2F%2Bjwd%2BiftMJtHhGGlAP3n7%2BpQFKiAeTkGRr9nV1v789Zoxc73FaPMLpZBaMBWSHldQ3bdmSNTNU2m556JT0GDKnP6B4DHtTr8bY3y%2Fo22qtMYkiHur9T1hEyE6NKiOCMUpx6EkGh1Tvzp2HAlZgRp1XW7ynlqxGZb0imCg9XeV74IlaYUPWRJtpDHjtZnG0XE%3D&ptyp=4
586259858,A:SGN_20260918_A:HAN__1-0-0_PEO___299051997,2026-09-18,PremiumEconomy,VietJet Air,VJ,168,VJ 168,Ho Chi Minh City,SGN,Tan Son Nhat International Airport,Terminal 1,Hanoi,HAN,Noi Bai International Airport,Terminal 1,2026-09-18T00:00,2026-09-18T02:10,2h 10m,0,True,5183695,14361,5198056,False,https://www.agoda.com/en-us/packages/book?cid=1753802&pk=A%3ASGN_20260918_A%3AHAN__1-0-0_PEO___299051997&pt=AAAA.AAAADAOsoAMYynsfiAFBMXO4ltwkQBqe4m4fxj4op9gAeB2buCv4B2Oa1utw%2BV9NO105FCKRe%2FeE9vJFIZEGIjzRnMqSrGMLOGgkhimKPFyJ2XqbdYsHkjmvmefOYUk0G6IV6LrxkCde92ugt7vfzmcVQxwE15Vm37twAswfGT2X5zgNVwSgWIfbs3OLZ6j2dfIgrAcEOXTW8U90R0t3HgPkV9tQzgsqoKqQstDWIVOlO%2F%2B8nvBoR0OWiPHYImzI%2FvZW2MrGZfjrUKNZoG63gfKJVwRTGRwibhPYHpT7Is9xsYFGe4xPAKTXPyPVjlomP6Bv8UglltDtDSoTEUPhx06UKPEpIjk%3D&ptyp=4
319798229,A:SGN_20260918_A:HAN__1-0-0_PEO___1152023322,2026-09-18,PremiumEconomy,VietJet Air,VJ,148,VJ 148,Ho Chi Minh City,SGN,Tan Son Nhat International Airport,Terminal 1,Hanoi,HAN,Noi Bai International Airport,Terminal 1,2026-09-18T16:15,2026-09-18T18:25,2h 10m,0,True,5951084,16487,5967571,False,https://www.agoda.com/en-us/packages/book?cid=1753802&pk=A%3ASGN_20260918_A%3AHAN__1-0-0_PEO___1152023322&pt=AAAA.AAAADLO82wcqYDAjcE1wh6e%2BivfS0Q%2BaW1vQZN7XfgZ4EpKT76d7zefDEuNux1JrTDmTuCE2RuGuNYSGzpZQDncl0A0xVjjpLtYAe8vbHHy4EHlVb9t9aOx2XdjJjt3jvXBGKnnQNzgrB7TAUP7lW%2BzEt4SEYbgFJK7Jbn87zZrd5%2FpVqYa71Sy6TMW0%2BDQn2xbyZW%2Fld7xscUj4uLsQadf1pOtN6aG%2Fy%2Bl2WLSXTweeU%2BpG3xYxKj51WquSG9DXt7SpiDLs0zvmrAmmFjQm17pZb%2BgnfWU%2FlyaGA%2Be4Tltks8fm7NteP4rL9unlmUhJ9vIIysG4PaYlQd8dZmG1iSKC%2Bc5elh%2BmcwAQ3g%3D%3D&ptyp=4
314320728,A:SGN_20260918_A:HAN__1-0-0_PEO___1249845307,2026-09-18,PremiumEconomy,VietJet Air,VJ,150,VJ 150,Ho Chi Minh City,SGN,Tan Son Nhat International Airport,Terminal 1,Hanoi,HAN,Noi Bai International Airport,Terminal 1,2026-09-18T17:40,2026-09-18T19:50,2h 10m,0,True,5951084,16487,5967571,False,https://www.agoda.com/en-us/packages/book?cid=1753802&pk=A%3ASGN_20260918_A%3AHAN__1-0-0_PEO___1249845307&pt=AAAA.AAAADJ%2F3juw1zB21ftU75NdDWEoQnbaPgqEfGQAlFt1Fo2b%2Fz%2B649C0Ni%2BHxR87UPSYpiIBrri2KYyY0vhYfiivQ4cL3OJtiIUyQD5q1%2B3B4vzc9XrR27ig90IHYPeIEeiWUCOLcOOUuO69riUm6hmCrtOIurCgdZL7PPazRvTUG3jWRkW%2BT%2BQToaHmt4nXcE5KvhU3YtxolZ%2BessoDdKviBPJJX5sPXxzMxiMf22Tfn2fLhG25DBOgOFdE2GzTRGLURUo8xsxuosNG7H04FFJuUkWPM4dCxLTBaCyyiqX6MNNdYomBj5%2B6AF7LoPyQHos48C1I4gktJGCgdoGHt8%2BPlXIaOz4WMQ0AGyQ%3D%3D&ptyp=4
1676542372,A:SGN_20260918_A:HAN__1-0-0_PEO___1318929035,2026-09-18,PremiumEconomy,VietJet Air,VJ,146,VJ 146,Ho Chi Minh City,SGN,Tan Son Nhat International Airport,Terminal 1,Hanoi,HAN,Noi Bai International Airport,Terminal 1,2026-09-18T16:45,2026-09-18T18:55,2h 10m,0,True,5951084,16487,5967571,False,https://www.agoda.com/en-us/packages/book?cid=1753802&pk=A%3ASGN_20260918_A%3AHAN__1-0-0_PEO___1318929035&pt=AAAA.AAAADHGsQKmNxG0KnBFd0B271KzoEUcdlxvrOezRLmZXDQCwfUAQrBNdoB25PXM7z45SZvoZUOb7PmROyO9YuPB88IsXPLAn9wjUZPwbu54UpRRAD%2BjLl1F59mxWy2jE%2BtoO1XRDri%2FqEZY6EiEK9Ptk%2BaUzukdiVFhgTzcS9FeTpH6EaLOhzua7QvMANIQ%2Fe09K9PXERQ9mRwlwmf89brtMZg75yZRnJcvHTTt2bGxBsVLK4m89MAP4T4wRG7O4QFEsmAk0tMWaklnjU9cCifMhNnOAbtf%2Bc%2FCFkfW7Hwt2FZ35c5gSUqZkMbW7QT3wtERFpjALMrgUvbEMbkxOKKExwnl3RjE8ujHkL50%3D&ptyp=4
502899313,A:SGN_20260918_A:HAN__1-0-0_PEO___14568421,2026-09-18,PremiumEconomy,VietJet Air,VJ,126,VJ 126,Ho Chi Minh City,SGN,Tan Son Nhat International Airport,Terminal 1,Hanoi,HAN,Noi Bai International Airport,Terminal 1,2026-09-18T07:30,2026-09-18T09:40,2h 10m,0,True,5951084,16487,5967571,False,https://www.agoda.com/en-us/packages/book?cid=1753802&pk=A%3ASGN_20260918_A%3AHAN__1-0-0_PEO___14568421&pt=AAAA.AAAADNFYBlC6KsAwBvtjjddfk1hlC7%2FqAMz2Vi1RPtSXpB1616pA60SqSxaUkxqTeqf12XHjsNOMO7atXUD6nXQI5SrgaP%2FiyMwQf%2FM2be5Bf1F9r5xPbGqe%2FvJiK9IPy4651pi5Jm8W%2Bv%2BjR5uBe7bwNreHOb9KLHwyv4ub33ZXzslWYpPGjsRTHrZ%2BGfDof4Y8B5tnyqQPlGtKgNbf%2BJ9ZFqMXo03%2BibG0xaxW45GJPZWbiL71UJ4BDrOldDBU5oR6MUESKvaPGf7VPgspQw9BOCgBNePB2UjWhAScHgZa2PTRitpCcKM1yTO0Y0umVRf7U8v0rgpTGb60PTkX2F5OXlaBvQz2rw%3D%3D&ptyp=4
967076955,A:SGN_20260918_A:HAN__1-0-0_PEO___1970419292,2026-09-18,PremiumEconomy,VietJet Air,VJ,144,VJ 144,Ho Chi Minh City,SGN,Tan Son Nhat International Airport,Terminal 1,Hanoi,HAN,Noi Bai International Airport,Terminal 1,2026-09-18T15:55,2026-09-18T18:05,2h 10m,0,True,5951084,16487,5967571,False,https://www.agoda.com/en-us/packages/book?cid=1753802&pk=A%3ASGN_20260918_A%3AHAN__1-0-0_PEO___1970419292&pt=AAAA.AAAADBB%2B%2B6l3UntUjiB5i8dUQ5Q71zqXEnXf%2Bg5V7oof890tPcqTYIdlYxegQ7xpgEELwl9nedHmnXVbmITUWbTrwa74EguHI7YSHJQdrZCMwQBhzvC6j%2BfwgI4GudzaY6bhI7ou07q3CUFulUU2OT0syXszNSURUNc375uyMHEOTXCrhlL19wPvKjuR6NIxWlr0Y05uttuIy8iCqfMUvjL8EcWW1d6GM%2BqlZgAhSy390k3j9W%2Btl1v9bKRR4LYqCWDT0Sy%2Bp3hT7cDGOuytQL1RCnAEtrjnFWGt27t1ViyPo%2BebC90Mm%2BWfNRwiWNzkeWcuNvcY5cJBudIlvgvpMBzV2D25Iabkd3vY&ptyp=4
1049829253,A:SGN_20260918_A:HAN__1-0-0_PEO___296356400,2026-09-18,PremiumEconomy,VietJet Air,VJ,152,VJ 152,Ho Chi Minh City,SGN,Tan Son Nhat International Airport,Terminal 1,Hanoi,HAN,Noi Bai International Airport,Terminal 1,2026-09-18T17:10,2026-09-18T19:20,2h 10m,0,True,5951084,16487,5967571,False,https://www.agoda.com/en-us/packages/book?cid=1753802&pk=A%3ASGN_20260918_A%3AHAN__1-0-0_PEO___296356400&pt=AAAA.AAAADABqesHi4x5%2FHOloAKTb4anav3EgfWUKIybdHr5HtDEOMlJSi6IkEIOXe2upapQ2BuCObbCRl7%2BZi8UTVboslzYpskxQD7sWGhnRiz%2FZlaVa4vQU5Tn%2B%2BANw%2BKGPXTQLsh9aynyYtRyU6R0x1kLF0n37K7559h506EGoKz%2BwgisRULpxFLvyEljAX%2FIfa6CqLsjYICwrhMHRlFZk1IpCwql85QxuFF8ZFTVhfac6JznpJ%2FrRqHtXZh3e8w4LrrZ6ZMrAQVFj43diC5E71hlnItgnKZfqG%2BMYwWMxXkFm%2F%2FM3qi09fwOs4DgO%2BWMuUCcaEvijGL9%2F5R0XFBDzmgV7flW3zSZJEK0L&ptyp=4
1414822555,A:SGN_20260918_A:HAN__1-0-0_PEO___521775007,2026-09-18,PremiumEconomy,VietJet Air,VJ,1128,VJ 1128,Ho Chi Minh City,SGN,Tan Son Nhat International Airport,Terminal 1,Hanoi,HAN,Noi Bai International Airport,Terminal 1,2026-09-18T22:20,2026-09-19T00:30,2h 10m,0,True,5951084,16487,5967571,False,https://www.agoda.com/en-us/packages/book?cid=1753802&pk=A%3ASGN_20260918_A%3AHAN__1-0-0_PEO___521775007&pt=AAAA.AAAADJqMurZcYLbMFOM2WN0Tzt3d3xX5I%2Fgp2%2F90ZhB6F5TZSaPBkkjCsIGt1W49mCTIJTWjqRV4uXfCAQ4suTpsMHjB2FoKkM9DsLR1UWdVTjoHd9eA3nOADRoHaa0QrA4ggy1hBydwtJeLuxUAguhFooyu69nkhFBL5%2BO2gSLa2%2BoPJtKMlkFZp8MvBJuE8ZMRAqn7ZjwlgWnn0NscHXxFPEtpZJyH3tS8Qsa5vV7U0NbdzRCNrlfnulwxS8x4S5aDQaQHd8fZVs8ESC2dkK4o1Z81VrqrpAx8Ph%2BNN%2FkJek%2FvlBFJZOVljKTQwKYw2%2FL%2Bg%2B4ZiIGsawtHugZj89tQQAzhE%2F4tWeo%3D&ptyp=4
1012581924,A:SGN_20260918_A:HAN__1-0-0_PEO___830085788,2026-09-18,PremiumEconomy,VietJet Air,VJ,154,VJ 154,Ho Chi Minh City,SGN,Tan Son Nhat International Airport,Terminal 1,Hanoi,HAN,Noi Bai International Airport,Terminal 1,2026-09-18T18:45,2026-09-18T20:55,2h 10m,0,True,5951084,16487,5967571,False,https://www.agoda.com/en-us/packages/book?cid=1753802&pk=A%3ASGN_20260918_A%3AHAN__1-0-0_PEO___830085788&pt=AAAA.AAAADGW1%2FvqWfFdNgkbNiNZP8phQpriXY1ui49l1cIGt%2BOshAUPw8lc9NOtcK5zm1y7QVrAdRTfC75oXFo2qG%2B5DhsqSg8fOSJlJff%2Bu2xcsfmOrAQy334JnA%2BACLKcmWLTXAcFutxB%2BKZFsjeLDjsKhafHi5pdqf8GcQjoaTL3bvmUb1nzGaW0H3b%2Bu7ZlfYMELLO9f1omSpEDkl%2F02S2i7zuFbKbzLazJfyC84Doft4qCgaBqHiNheqIUIr7LH7vSmTsC%2B3X5ZBcrA8llNUuQwUEDMwap7Z7CifyhKrLIq7q2NAy%2BkM%2BT1cyXd1pPJDupyIMJCLQQ2SsW%2Bzuw%2FZh%2FlLPDOp%2Bd0xMVnwA%3D%3D&ptyp=4
1540721623,A:SGN_20260918_A:HAN__1-0-0_PEO___1649148697,2026-09-18,PremiumEconomy,Vietnam Airlines,VN,218,VN 218,Ho Chi Minh City,SGN,Tan Son Nhat International Airport,Terminal 3,Hanoi,HAN,Noi Bai International Airport,Terminal 1,2026-09-18T18:00,2026-09-18T20:10,2h 10m,0,True,6036849,71237,6108086,False,https://www.agoda.com/en-us/packages/book?cid=1753802&pk=A%3ASGN_20260918_A%3AHAN__1-0-0_PEO___1649148697&pt=AAAA.AAAADNkXjwhDZHHAE2AbdydXyfVD%2BTS8CmX4wqk4rduDVd5lyn%2BcuhxdRpQxxsP3in89fVxZWRCyZfCRpRQAvsp57Le70aLNmmvPg3Bt8OaMMFZO0zVxGRYxqf68nhUCkaiApXAyp9kpyQNYSTyHx0EZj%2By4LE8r%2BPfimTklJTD9wo7piiJOZTJqdF7UnQBVabsNimDxgoXK7OdUK9Snr6SZMo7gtIq8TJWFQkBcu8%2B3wgIoF9EO9fwPoFa33iwSaPsJjJ3%2Bz8nfjZRyuAD9zGpzANdYRd77bz7kiGKWg9EjfXrKgu3IakJs5xA5ocPXCqnZdro67FT%2FZYBFx68oXDwTlcxsJuhsYCMhnYyEYGaCGEDZ8aCzIw%3D%3D&ptyp=4
1776181471,A:SGN_20260918_A:HAN__1-0-0_PEO___941413723,2026-09-18,PremiumEconomy,Sun PhuQuoc Airways,9G,854,9G 854,Ho Chi Minh City,SGN,Tan Son Nhat International Airport,Terminal 3,Hanoi,HAN,Noi Bai International Airport,Terminal 1,2026-09-18T15:30,2026-09-18T17:40,2h 10m,0,True,9389363,15638,9405001,False,https://www.agoda.com/en-us/packages/book?cid=1753802&pk=A%3ASGN_20260918_A%3AHAN__1-0-0_PEO___941413723&pt=AAAA.AAAADN12dhEo%2FrLXVGVVBhxAxfyjjA8p3VkbC5utbEB6oUdJAxzEBzXzvXS4wGwWh8dPIzUTOPqkPJsriuJLywQJDDovLv8jUVD7XsSRv17ePiZKvDbsO2ImpPPBOde2V12UUasHhgHoILFnhKg%2BGi50FywYJ3FshANzy253aFXyU6tkL9iHU%2BMWXeuvznAE%2Bn6kZVNZ6vY2X4%2Bfo%2FDP4ghGMbXU8m9QBroREMwQNTM3zDuVv1TSoD%2BMZytswNEuQIc1IfYtzgbrYJxbfi05aVpAsgk2md1WqxnoKJjqqixJnY%2BEfUSXOmQVKdTT%2BAmpkp6BARZxzQTRuIiGClAwGttUsWEGo0DmJ2SYRZFve0xl9aTFHUE%3D&ptyp=4
1099587199,A:SGN_20260918_A:HAN__1-0-0_PEO___1496997331,2026-09-18,PremiumEconomy,Sun PhuQuoc Airways,9G,840,9G 840,Ho Chi Minh City,SGN,Tan Son Nhat International Airport,Terminal 3,Hanoi,HAN,Noi Bai International Airport,Terminal 1,2026-09-18T12:25,2026-09-18T14:35,2h 10m,0,True,9445050,15731,9460781,False,https://www.agoda.com/en-us/packages/book?cid=1753802&pk=A%3ASGN_20260918_A%3AHAN__1-0-0_PEO___1496997331&pt=AAAA.AAAADKqSbnVeArUN5mPhUdKYQKIuvmWCFdEgV1OwG5SUHzwldSXKJqcRCoRSqgtfKzf0lpKioFe8%2B%2BFOprqyw2HnjmgHQzYa0qjP%2BWpQrGF1HYR1i8N2fxBNYuoDLsobjd%2F2Ai7o3tMBxD6mzluBcDY9Z0uOOh2EBJqz7nkqRwvx%2FBynXqmG%2Bc7Yjcqr4CnQcUmnXBHK%2FomNrRi5F8CKVNCvSukGpJEik%2FWRdm4vReRjyzG3dcMcKvFtdwj1du2bHdDZ3GnNEygSCcrL3FRTDLC%2FHip7Q541uiqm22DJXHERxmWkBTMjNBlLOJTMA1PPwRD2eeJjnE%2B70nt0Bh3%2FXSw%2FscorRACfIROh1keWyhrKczg54npN&ptyp=4
2088688014,A:SGN_20260918_A:HAN__1-0-0_PEO___2052153402,2026-09-18,PremiumEconomy,Sun PhuQuoc Airways,9G,810,9G 810,Ho Chi Minh City,SGN,Tan Son Nhat International Airport,Terminal 3,Hanoi,HAN,Noi Bai International Airport,Terminal 1,2026-09-18T07:30,2026-09-18T09:35,2h 5m,0,True,9496475,15817,9512292,False,https://www.agoda.com/en-us/packages/book?cid=1753802&pk=A%3ASGN_20260918_A%3AHAN__1-0-0_PEO___2052153402&pt=AAAA.AAAADFOW2yCe6Zb8gthD2Zfcdb1k98YScIHXnYXqQMBzg50aID80jURAzz1lUqZpKkoIcGRF90jGovEh5fKUnOCOmDaIMI6T9rrgQjtkhykUP2iWJ9V4cRFS%2ByIVz6Xc9GzfBdt%2BAymQwZKRiGuUsW6bGXgJgeyt0Rdwm4NWkSZXhOe%2BknBfHshJNP1qVXkNZLvDd7uOUVc0rdcftuC%2BYwIaKAcLa9Aroy%2BRD1egTTQYtk1mJE9zkfJoxstyQ0B2jOAnv0W2P7mc4aFKoWLKhL4ATOdRNurn3w6vVu4huhM7cf8jbgKaScJHx2DX44DQUxX4OCyfiflbsH%2B93tFSV%2Fj9ifQJq8Scb8sI4CBX9EzyNkdjoTEh&ptyp=4
1247422693,A:SGN_20260918_A:HAN__1-0-0_PEO___1536269024,2026-09-18,PremiumEconomy,Sun PhuQuoc Airways,9G,808,9G 808,Ho Chi Minh City,SGN,Tan Son Nhat International Airport,Terminal 3,Hanoi,HAN,Noi Bai International Airport,Terminal 1,2026-09-18T06:30,2026-09-18T08:40,2h 10m,0,True,9496475,15817,9512292,False,https://www.agoda.com/en-us/packages/book?cid=1753802&pk=A%3ASGN_20260918_A%3AHAN__1-0-0_PEO___1536269024&pt=AAAA.AAAADEXnG6A72pRq0irwS0bo4D9hgWd%2BXYrUDebJ7xVNstxeKNh5KRVgcHdvYC622fGnMssVhE75oqHifaM4ERr4YElRG2CgQw50HwQqwetl0qCTu5bjhHj%2FKtr64JktsjgfuqgtK1yGwy4d9vAH2IAbwR%2FDrUdhpqwdSne1a7HkUVjAQCC%2Fds%2FpId4QjVo51yuzC1KGdOA%2BlK%2FAryNZApzr1GGPG5%2Bq14AUQ11BJuvHWG7zQ1rqiI6KWmfK%2FptDBeDyJx2HpYnILjVy4vjH3alBcIQjws59dghtwWAMVV5OuHpD6Mip3kQZ0WE47Q9nhStUepkAbeJTj8UVB1Bk1DBo65pdUfdwTzd2%2BY1r7gaJmkSxM4qL&ptyp=4
1155852113,A:SGN_20260918_A:HAN__1-0-0_PEO___1665743771,2026-09-18,PremiumEconomy,Sun PhuQuoc Airways,9G,802,9G 802,Ho Chi Minh City,SGN,Tan Son Nhat International Airport,Terminal 3,Hanoi,HAN,Noi Bai International Airport,Terminal 1,2026-09-18T05:15,2026-09-18T07:25,2h 10m,0,True,9496475,15817,9512292,False,https://www.agoda.com/en-us/packages/book?cid=1753802&pk=A%3ASGN_20260918_A%3AHAN__1-0-0_PEO___1665743771&pt=AAAA.AAAADOBsko6JqoSMLZigaja0asAni2jJSLFXIvP1mYbwgeeM0eTcWs63VL9rzpHFehV49JrjfCt%2B8rhC2dnPA3X%2FFqCAzWGqPZAp4rCkSwlu7uwuGF7GTpG3i4G2AhxUSU704NycsV8UQniPQCGYjQr8d7yoZ2xzKA7RRUezsHnN3oMMvdCMTAPtOiDedtt8%2BCJdmriDjVm6wWropiWXGdDKWBGPZWCf6BbFMvBhi4FvB4IDGTqud21mmuDHjXLp5QpksuU23ROUstJTUGICavsBdoZv6UG1SvYjEZvIqd3FVmrgY1WhBLg3ZYjAVCttC%2BbPUpjYtrrQ0maNLBIZm1%2FHUV3jBycZ3XBcz12c4TSD0Vx1icU%3D&ptyp=4
965699276,A:SGN_20260918_A:HAN__1-0-0_BIZ___1496997331,2026-09-18,Business,Sun PhuQuoc Airways,9G,840,9G 840,Ho Chi Minh City,SGN,Tan Son Nhat International Airport,Terminal 3,Hanoi,HAN,Noi Bai International Airport,Terminal 1,2026-09-18T12:25,2026-09-18T14:35,2h 10m,0,True,5761979,38648,5800627,False,https://www.agoda.com/en-us/packages/book?cid=1753802&pk=A%3ASGN_20260918_A%3AHAN__1-0-0_BIZ___1496997331&pt=AAAA.AAAADEHPJRTu82QC73%2FMA6Rgh3hOb906HU4AkwX77rcCwyuwbY4ZTxXqYkFHB3z7FOAykgc2UXNNucWFHnIWRWK%2FATP2T%2B1RQ0uDjIfFWT%2B3fcaQwB%2FGVMnTn2OXJjcB7%2BEVQqEyuwkzWIbfwxVUmfBjR5XXdOa1WeiPLNSK7SG4QEmA0uqCNXJdu6AXPOuC7ncq9J1Q3Rh%2F%2F46JsZFjXJzkstOgL4%2BHEQHyplIEvCA%2FqVi1k4z7kaqiONPZ6QQHPvSVGJy2FbFfUKpkD%2B5zNViFHhkdtK3Gpi83RbngNpInrdh4pHEVwfstXmYPaCj%2FllDRG4YWk32T%2FB5l13crGCWujqJf5uIU4qoLGsIGD37P2mhgXEky&ptyp=4
479984335,A:SGN_20260918_A:HAN__1-0-0_BIZ___1524419871,2026-09-18,Business,Sun PhuQuoc Airways,9G,882,9G 882,Ho Chi Minh City,SGN,Tan Son Nhat International Airport,Terminal 3,Hanoi,HAN,Noi Bai International Airport,Terminal 1,2026-09-18T21:55,2026-09-19T00:05,2h 10m,0,True,5761979,38648,5800627,False,https://www.agoda.com/en-us/packages/book?cid=1753802&pk=A%3ASGN_20260918_A%3AHAN__1-0-0_BIZ___1524419871&pt=AAAA.AAAADFRb0htJq2jBw85AaLX4YJzm9Jfge8k0saJsSdB6mAPdkAmoDNfcddMuEN7LTCkWJ1Epj9d0xb19d7JcwVAsOJIPYBMnACxi36NNgPK32AVteuSr4NGnfJQ2fs%2BTHSv%2F8W%2BKVMzr3zvjDdUORlIWvYPYJ4TkTeCGWuwxyNJ9xz8%2Fw7K%2BX832NGEwai9XFpq20O0IJBfXlDquzIbE6Bk95t7pQJ6lYwdmhkWPueyPfK9X57PXo5R%2FPP%2Fk%2BASkuc3liXES%2BvKP9pYX2imnzFgkLpqrDG0mLl1qpFe2uQ18nT2guPP1Uszadyfus%2BmxDX9pQI1gqkznBTjlrisyDC49HTtcKbM%2FEn5lDCAADT0PG1dK7qNVMw%3D%3D&ptyp=4
1356578189,A:SGN_20260918_A:HAN__1-0-0_BIZ___1536269024,2026-09-18,Business,Sun PhuQuoc Airways,9G,808,9G 808,Ho Chi Minh City,SGN,Tan Son Nhat International Airport,Terminal 3,Hanoi,HAN,Noi Bai International Airport,Terminal 1,2026-09-18T06:30,2026-09-18T08:40,2h 10m,0,True,5761979,38648,5800627,False,https://www.agoda.com/en-us/packages/book?cid=1753802&pk=A%3ASGN_20260918_A%3AHAN__1-0-0_BIZ___1536269024&pt=AAAA.AAAADP7KHG1XUGunBWXwiHe8AmuBVGa6MnIOu1lAq5xs3A1qc5fw2%2Bzlro0cx2569f533uZr5lLt%2FzpeD7FAs9p%2Bldf4V9mNbJQ4OgoUqMw90vQUO1J3RkBDzrCYlTTOCc7A2a8He8LHW1igNhFEPMxJKzzHFKSRx4fUGllpXevi4zpHbCCFpviFTSUp7XrtHAOA%2FUbg2lzR9yER8gGoFrrPV0Li5PACmw%2B96L7aeqohliIx9Z2YDz7Rtu8VU%2BjHUqpOz%2BaR%2BujlZqNoQlM12zKOCYL6QJ7oBTADjRPOjGtQHUvlcE5waIajN0%2B6A7Psf8gmERef6LCNoXhTwn6Vrj1MSYvXrb7iFlWAG9SA21r0YAIp%2Ba37s74%3D&ptyp=4
958961301,A:SGN_20260918_A:HAN__1-0-0_BIZ___1665743771,2026-09-18,Business,Sun PhuQuoc Airways,9G,802,9G 802,Ho Chi Minh City,SGN,Tan Son Nhat International Airport,Terminal 3,Hanoi,HAN,Noi Bai International Airport,Terminal 1,2026-09-18T05:15,2026-09-18T07:25,2h 10m,0,True,5761979,38648,5800627,False,https://www.agoda.com/en-us/packages/book?cid=1753802&pk=A%3ASGN_20260918_A%3AHAN__1-0-0_BIZ___1665743771&pt=AAAA.AAAADAE3qBHQM5ae%2FWJFmnlVhWD0mIew5uttze8kggcQ8chNHVdIEmUQjPeTfaNEzkOz1x6B7BbE%2F97N96vg%2BVR9697SM1ZO128ylBhhyqCAJE76WgZBYhN1G3M6Ki8K5mt0mI8J7r2YS9spxvRvdvbFndLcuGw%2Fkmx2n3RQoOnTxEfecQCmJBQe%2FVcFNU%2Fw%2B49AOJSXh03JIi3pJFSY34KYSngMyqjcesnCaYF928nsrBFJ94LoVgzAZ4DhFVUX5RNfYVg5UBQBBjp9Ib21OUlBGbCBQAAmefJF9UlJNj1koeByOQuQd1ROqeaM4%2FJOfbdo%2FzPRHPIUweht8aME5HEKGUNEG9UJnLyuEMG6MwKB7t7lu1nB&ptyp=4
173135418,A:SGN_20260918_A:HAN__1-0-0_BIZ___2046277475,2026-09-18,Business,Sun PhuQuoc Airways,9G,868,9G 868,Ho Chi Minh City,SGN,Tan Son Nhat International Airport,Terminal 3,Hanoi,HAN,Noi Bai International Airport,Terminal 1,2026-09-18T18:45,2026-09-18T20:55,2h 10m,0,True,5761979,38648,5800627,False,https://www.agoda.com/en-us/packages/book?cid=1753802&pk=A%3ASGN_20260918_A%3AHAN__1-0-0_BIZ___2046277475&pt=AAAA.AAAADF%2BNVLuvlV5vwQcNmFW4a%2BmMyAvESAOn6nG21iMkiJV2kf7Bd34FsaidOdGw3iP9YSPk4qv5RYecqT5inaYm8CtsqrcPznldlHDWKwyT5BooDXeLEw8Dl%2BjR9aLV2tpEBS4xTv9PL4g2EseQ2vkWBquGLHAhWGJnE0VmWEWZ%2Fye3dxenpUz655QqZl%2BjL8FX2ULNe%2ByTv%2BNaAWdtIHiTgoaNbB%2BxRrcGmCvFI9ozm0d1v3nyOkO5UPC2RugawWY%2BgtGbEdECWhFALhoLPDHt50CcESwueWjXFrrkPnU%2FlSkjKbC6AuBMzVzxAcimH6A7kVivKBVTgCMVumXNM%2FX6azXiByMCV4VbHxc%2BS%2F94ogMRB80peg%3D%3D&ptyp=4
732426281,A:SGN_20260918_A:HAN__1-0-0_BIZ___308819536,2026-09-18,Business,Sun PhuQuoc Airways,9G,876,9G 876,Ho Chi Minh City,SGN,Tan Son Nhat International Airport,Terminal 3,Hanoi,HAN,Noi Bai International Airport,Terminal 1,2026-09-18T20:35,2026-09-18T22:45,2h 10m,0,True,5761979,38648,5800627,False,https://www.agoda.com/en-us/packages/book?cid=1753802&pk=A%3ASGN_20260918_A%3AHAN__1-0-0_BIZ___308819536&pt=AAAA.AAAADBRdu0ilAlNexC8NH17d0vMl2328sMmAULrCrkLBTSYRdJoSvkV0wgfx0VRzUc8OV9ZmN%2FFMj5eRmxcIVAbXGFr%2BKcXmwAvAlWA75UhLFTn9SNbErqSchPbPxxlINTIRkYrrUc%2FcgaC6eDHJL30do1zuMw%2Bmje8ACLlVwoCgK4RfpYYeenh0dOx6eUb3D40tKXCaEroA3ohY2h63%2BNk5eJ0HYmp0WUxbykKQtDofukCQ1XTRksSkYB%2BHZvJ6N%2B%2FP6nwaxKSj9DtkyA1Zi3rqrAefTuR8v0jj9Zj69hRuQBKDUkh8EvtJ1OS7gL1XehcuUGQFv%2B1t2hurF1QRUaL5KpfUayavAR6JR2g6fVZBtVpHYfg%3D&ptyp=4
2052769373,A:SGN_20260918_A:HAN__1-0-0_BIZ___392741185,2026-09-18,Business,Sun PhuQuoc Airways,9G,824,9G 824,Ho Chi Minh City,SGN,Tan Son Nhat International Airport,Terminal 3,Hanoi,HAN,Noi Bai International Airport,Terminal 1,2026-09-18T09:25,2026-09-18T11:35,2h 10m,0,True,5761979,38648,5800627,False,https://www.agoda.com/en-us/packages/book?cid=1753802&pk=A%3ASGN_20260918_A%3AHAN__1-0-0_BIZ___392741185&pt=AAAA.AAAADJWathVPnUPRZqOVoxqC9em53%2BPSoBENE%2B%2FK6AODr97ZDDhkeosd5R6ecIQyy4SpYfV%2BJJIEVZLkXjDDVKLv1Ypf6cZ2PxHx5y%2BPCmHaRvNp6Ijm8jolIHFqs0S2d0MtS3h%2F5QuhjqnQ2HlW350fnEkh8zUh0OkegfFV419QnPshaeThQXhG%2Fz5CMCnJ7qd2jffkBLT4y6OdG0%2BCgPmUmOh1k8n2h4Q%2BO4rn2WJiekliDvwvs1lovl%2BXx75eCFOEbI77hE%2BvyrBePwjhsGxVhGRC6zdpM8BSV7ANbLsRAqmIlWQQ1kTl1ylQjB%2FVh5hUCRxl8Uqox5MaY9iK4PYSbkO7JC9QdZSBhH3Z5uwd2AiNFT4a&ptyp=4
170202145,A:SGN_20260918_A:HAN__1-0-0_BIZ___941413723,2026-09-18,Business,Sun PhuQuoc Airways,9G,854,9G 854,Ho Chi Minh City,SGN,Tan Son Nhat International Airport,Terminal 3,Hanoi,HAN,Noi Bai International Airport,Terminal 1,2026-09-18T15:30,2026-09-18T17:40,2h 10m,0,True,5761979,38648,5800627,False,https://www.agoda.com/en-us/packages/book?cid=1753802&pk=A%3ASGN_20260918_A%3AHAN__1-0-0_BIZ___941413723&pt=AAAA.AAAADKF%2FMgk5j3oLuR%2FWKJEWlblJz5ch5Uzz%2FlrvbDkIFmyshIsOLlaslqD31eISbGFRjHklMNlxWUBlrFDvDNjRccfxmsOMsuogxLugdtjOpIEw3rUOXxwTH853PIwfILVmzW7g9W6N4EiEkO79azsOVZH%2FRNauPASgKM2yPR0f7KPwfiOwzy%2F7jxVWzJqnSuv%2BeI2CS8z393zYo15cfCMuur7q1in88oxXYDT5kLnfPLFTALIzg4C%2FZtzcqZNsyViQOqpW8FFTJ6ohNJ9TJEi5n6AFmSCb%2F%2FpOoe3OaeVQBLy2GEM1FeaZLsP7RhUjpcoPf3EPr9GzLxE3dtGoTZDXaUkKO0U74A3Sk6w1eHN5UceGN9Q%3D&ptyp=4
1448783085,A:SGN_20260918_A:HAN__1-0-0_BIZ___175313532,2026-09-18,Business,Vietnam Airlines,VN,6002,VN 6002,Ho Chi Minh City,SGN,Tan Son Nhat International Airport,Terminal 3,Hanoi,HAN,Noi Bai International Airport,Terminal 1,2026-09-18T05:00,2026-09-18T07:10,2h 10m,0,True,6628242,78216,6706458,False,https://www.agoda.com/en-us/packages/book?cid=1753802&pk=A%3ASGN_20260918_A%3AHAN__1-0-0_BIZ___175313532&pt=AAAA.AAAADB8s1NoCUlB73UiBn8f4wcqXCnRvAM3P1LmTWomlIWU83uPAL%2F1czz1FMzZwCczdY%2FH%2Bk7F%2BU6x3NQqeuJXqgwrfcOYoPbVXOW7nhvj6MqeI6btU1Lc25vcFfZmHmH7rdhRw%2Fkqybe3yWITmbUeUnwC124e6iFDPzlnxHuGZPbMX%2F%2Fl6yUvDEWMg6ZjoAft7uV%2Fw%2BjWKnyZTso%2BklFSfRi5N27Sfh79bFvSPj28jczCU8dL7CQ%2B%2BfjlOfsNNBEuLBs6RK18Pt05c%2BFggdlyVvtT1TL2LUBGEvD%2FQNzKg3CNVQFFn1k5DKG389HHPZzjwyXGfR%2FZyJgedm%2BeIITO9YN8X2yzhQIQOwAMTVkLERz1U&ptyp=4
1713248258,A:SGN_20260918_A:HAN__1-0-0_BIZ___1765982152,2026-09-18,Business,Vietnam Airlines,VN,7224,VN 7224,Ho Chi Minh City,SGN,Tan Son Nhat International Airport,Terminal 3,Hanoi,HAN,Noi Bai International Airport,Terminal 1,2026-09-18T21:45,2026-09-18T23:55,2h 10m,0,True,6628242,78216,6706458,False,https://www.agoda.com/en-us/packages/book?cid=1753802&pk=A%3ASGN_20260918_A%3AHAN__1-0-0_BIZ___1765982152&pt=AAAA.AAAADB9sRU%2BQwLEsYcLd4J1d2e43h4Ng%2BbhoUvOTfr3ZRJULFJtmkX4AByaQ%2FIMHU0b654g1qwLUSymLgzU0XjBMUCPVZKwfxfbl0iLkuCcSZ9EdT8ObMOzMzHT%2F816CavYBe%2Bii2WrihVjSqhVlE91M5krVII44gHotVzzbgqxNoC8p0pnopymKvxcqRh9ESuZe325JyjG2galn6jXzHj6S2Texe0HllCLc7DdkytRg%2BF997n7oZsD3HK8bfkNAvAdEnlVGHh4bP7Ud2KR07mrfFBUdmiY6Xu0z9uvYxofuyCtZLM01wkYh8I7lLBpv0qc9bZAssXjgMnA7SL%2Fz2%2BDr12B%2FL1jj0lHp9iiut5seeAZNLyUTugWZSOOaEQ%3D%3D&ptyp=4
450506177,A:SGN_20260918_A:HAN__1-0-0_BIZ___957234851,2026-09-18,Business,Vietnam Airlines,VN,252,VN 252,Ho Chi Minh City,SGN,Tan Son Nhat International Airport,Terminal 3,Hanoi,HAN,Noi Bai International Airport,Terminal 1,2026-09-18T18:35,2026-09-18T20:45,2h 10m,0,True,6838210,80694,6918904,False,https://www.agoda.com/en-us/packages/book?cid=1753802&pk=A%3ASGN_20260918_A%3AHAN__1-0-0_BIZ___957234851&pt=AAAA.AAAADAcHGhrNUE96cEoFHGadVh6iH9pMkTEB38Lh7I1G6By16bTWtF8mm0sZ9ay3mdRH31HHUCW0XBTZXLIUofm1XCsR1ozdHrmGwojMVaqzw8DHdnBwBG0mwTMdx7FmOLjWY3%2FV4r8XFHz%2FZVlmf0%2FpXXzUfL3sPbtxBa8%2ByJLltdG7WbP%2FfhxFNQ5vx7oRngUd4rMaevBKeYCaqy2CHTMBgkvxT0yMdmxqbKuOh8D4%2B%2FmqpppAH3UWSkhTqjyP8%2FNocq%2BV%2BwVgDN%2BOmMFNE0PtT26ExjyOwgUPLoTAo81TCpg5y8XVfHwnU5FQ92miKpUk1XjBZnOvzhsFHfJzpRkK0Ey3jL9uTpXRSgbUwHh3iqa2ZzAGV91irw%3D%3D&ptyp=4
302081205,A:SGN_20260918_A:HAN__1-0-0_BIZ___849444939,2026-09-18,Business,Vietnam Airlines,VN,252,VN 252,Ho Chi Minh City,SGN,Tan Son Nhat International Airport,Terminal 3,Hanoi,HAN,Noi Bai International Airport,Terminal 1,2026-09-18T16:40,2026-09-18T18:50,2h 10m,0,True,6959549,82125,7041674,False,https://www.agoda.com/en-us/packages/book?cid=1753802&pk=A%3ASGN_20260918_A%3AHAN__1-0-0_BIZ___849444939&pt=AAAA.AAAADBiOKCqzjJk0zP95VCETtLKP7RZgz6YSb0J0LjdGFs%2BNukxmhdRC0G6QGrkLCJJju4hyeMqG8nVP%2B%2FuUUt0E5UGQehAlV%2B7xLldzvbIn353aaeMqnTgldgBs8v6Z376yXQnfXAlQnaEyQLRbl77kF%2BgTvfU1L7oM9XFlIK3zC%2F3MhCfhPJ0zC%2F8hqe4D1ksKmE9BbApbp6Ws4LgViUcuZpmIwGSyW3Y6bGjP%2BbstOUP6vXn%2F%2B29izL9E2RbxjrbIU67LFo3h7Qxa1pMNMiwy30EtXLAlYUFVdYbmD%2FsEwzCBm6lZvXYiU3BuIk1OQoFFDPOn%2Fp1%2BtRbsNqFqYEfrKwx622TG1etQE17ujqlSHO0%3D&ptyp=4
422727685,A:SGN_20260918_A:HAN__1-0-0_BIZ___1275991362,2026-09-18,Business,Vietnam Airlines,VN,224,VN 224,Ho Chi Minh City,SGN,Tan Son Nhat International Airport,Terminal 3,Hanoi,HAN,Noi Bai International Airport,Terminal 1,2026-09-18T22:00,2026-09-19T00:10,2h 10m,0,True,7176111,84681,7260792,False,https://www.agoda.com/en-us/packages/book?cid=1753802&pk=A%3ASGN_20260918_A%3AHAN__1-0-0_BIZ___1275991362&pt=AAAA.AAAADEWL%2Fd2rXXr%2BVs%2F10rKY%2FNL9fGeu9BoA1fl%2F%2B%2FtZMAyZsbZfOnzndKrcLFQdAC8T0lpFLp2pw6qh0Vt3dmixegt3GvP1j94vbyth0smSAemeqem8YV7sZbeEsND57SQt8gMI5DPCRORi1wA30416fHO2Hh8SRNfk%2BjPsN%2FbbdYgiWPx3xJy%2BurkNcBLuDU4SKnxJDwe8NUagZstfg%2Ft4hU9AbRd1Czprf20Wbkd7fBngQUP1V1d5HMdhA6Dy25SwCTPm7BUlRGCx794l8KLk6C19%2Bps1PX%2F%2BoXE7mfX9KSb2jiOYE5sSIkj9ug07fiyzUWMt40AiAdnvgSFMwUzhxv3EbvCarxOvAPhXf4ZDhMWsTeBzBBGGst%2Fs&ptyp=4
1496027719,A:SGN_20260918_A:HAN__1-0-0_BIZ___1674977515,2026-09-18,Business,Vietnam Airlines,VN,260,VN 260,Ho Chi Minh City,SGN,Tan Son Nhat International Airport,Terminal 3,Hanoi,HAN,Noi Bai International Airport,Terminal 1,2026-09-18T21:00,2026-09-18T23:10,2h 10m,0,True,8757203,103338,8860541,False,https://www.agoda.com/en-us/packages/book?cid=1753802&pk=A%3ASGN_20260918_A%3AHAN__1-0-0_BIZ___1674977515&pt=AAAA.AAAADF9k91IVMImzQEJAPz0rvF0SKDD2dgi%2FO8ldmfvlfMeQYG8pW6mnO4N6b2t1lSn1ZQd26fn%2FzPjpuNk22EeA2jTUQ2iXet2eJpgUyCmpXSlJ0M%2BHDqqnlsCiZPCh2tTu0s6sbmKHFQWM%2BQl7fLddJT3IdpKEHDQ%2BCkGj7vGXnnfiFqhhAnERvP7tHYB4dUHe2kW5rSF5KT2yA6ZtweBZZy3q%2FEuFqNQY6Bfj0TnU27SDIOOSO7T2u30ae8vviV%2BLsDVUoDqTXaA%2FeySxUOAUBK3D7bFv7Zg6kNOEXfoRUfu7hj%2B3xU1BWnIK0DI6ahi0zpo3HuiPKgA%2FeJRVwc8M0EwU7kOGdkUeUFk2bkjLj8NzzVbx%2BX%2FTZMjXPQ%3D%3D&ptyp=4
390807608,A:SGN_20260918_A:HAN__1-0-0_BIZ___2137389509,2026-09-18,Business,Vietnam Airlines,VN,206,VN 206,Ho Chi Minh City,SGN,Tan Son Nhat International Airport,Terminal 3,Hanoi,HAN,Noi Bai International Airport,Terminal 1,2026-09-18T06:00,2026-09-18T08:10,2h 10m,0,True,8757203,103338,8860541,False,https://www.agoda.com/en-us/packages/book?cid=1753802&pk=A%3ASGN_20260918_A%3AHAN__1-0-0_BIZ___2137389509&pt=AAAA.AAAADFcgJA4ugeDBw8sfczQXmOmBbAtVGm8inmBzUS7iTxFd6DtjBk1uM8ftVBM3eZjiSqNtPnhLreiR%2FZ17gzxaoh1qBbFt5Weak%2FrJJHhM%2FGhVv9GONpaYGgoXgDgrTg9EQgGHqPsyrkYRkj9aKYMzbeyl5e5eWu1v2R7%2BUMXzM0TeAj2K%2BNmhfFD%2BIVuZXdjaOwb97lBEO8nrvYR65fy0Ceq6ad8nkHRfNM2qng3wGamDtQm%2FbiJKiFfVhOtaJmbR3%2Fo%2F%2BWtMUI6bppXJjErGODklwWGKrjYzTBl92W2plftYF%2FR0fl1V5MwN1kZTwAc1B%2FeEQ7hSMln%2FEgWmRMPVsAk8Q8pQ7YBAjM5o3B0dN9Eb&ptyp=4
1485368568,A:SGN_20260918_A:HAN__1-0-0_BIZ___77201933,2026-09-18,Business,Vietnam Airlines,VN,220,VN 220,Ho Chi Minh City,SGN,Tan Son Nhat International Airport,Terminal 3,Hanoi,HAN,Noi Bai International Airport,Terminal 1,2026-09-18T20:00,2026-09-18T22:10,2h 10m,0,True,8757203,103338,8860541,False,https://www.agoda.com/en-us/packages/book?cid=1753802&pk=A%3ASGN_20260918_A%3AHAN__1-0-0_BIZ___77201933&pt=AAAA.AAAADMOWNPlX3y1eHRaQtsTrXK0WokVz0p3E8Ba2r1M6thYuvzMQZ1xLgSs3O%2FO304gzDq7IBFldVu8afXHdE3hUDK6qyNdfctmY1BBpstJiMVYmvhgkTG%2BQIJ3xd3lxkiPXlnhm5D8iIYAMEboBOydTC%2BU%2BKUt6jSJ5PZjSXCwHcqpIG71W6Fqhj6vFORdojX8%2BVZYmZ76LXRH3GVNPA%2BL%2BI4poYSXZ2e8%2F%2FvDjKJkt7lHgQ0wFsZNBe12pB066B4lcmEAyjsHqGEyetOcxeo02aMMVTVjB3SJvJG7RUoR3K7AJ060uaAisirbrlN%2FqjxCrnfjMwFIaFRaspJCw1%2FuSZD5l%2FFtVgzMTbJdLks7YYQ%3D%3D&ptyp=4
1721901229,A:SGN_20260918_A:HAN__1-0-0_BIZ___844463830,2026-09-18,Business,VietJet Air,VJ,1156,VJ 1156,Ho Chi Minh City,SGN,Tan Son Nhat International Airport,Terminal 1,Hanoi,HAN,Noi Bai International Airport,Terminal 1,2026-09-18T20:40,2026-09-18T22:55,2h 15m,0,True,9320730,25822,9346552,False,https://www.agoda.com/en-us/packages/book?cid=1753802&pk=A%3ASGN_20260918_A%3AHAN__1-0-0_BIZ___844463830&pt=AAAA.AAAADAmIiN8%2BiWAr2Ym7%2FVP3o6piLUI6nPMHtNIxjXKMNv5Lp5A5KrxrCmFqlVHBpok%2B%2BP2EfU0qmYDHes3ZkmEzDPCRVUfTayJjZlT5fPycMzKjRZPhv4qMXd3a4JtI38OTCNVyn85yrEBjaMwy0iAxloULWHplmVmKQh%2BHTy9GD8z%2BusjOH4i62NK2jnEiUMqDQGo7EBrk6ZGlaeWlTaggz98roqaKy1FHETk7TByuUqfM08bmwrmwpLG1ej4%2Fw8Q5uV%2FyiVCDUqn6nnl%2BCPKCLpniLgUfSzA8V8xPBF%2FmPsfGt8eUlr%2Fzop3g%2B9mgvfeRJ0xsDfZb3MZJYEexjv1MAJfPhzEi55M2EY3EUKA5EwUPM7qEqmr6PqsJzA%3D%3D&ptyp=4
1189480143,A:SGN_20260918_A:HAN__1-0-0_BIZ___1002664062,2026-09-18,Business,Vietnam Airlines,VN,214,VN 214,Ho Chi Minh City,SGN,Tan Son Nhat International Airport,Terminal 3,Hanoi,HAN,Noi Bai International Airport,Terminal 1,2026-09-18T14:00,2026-09-18T16:10,2h 10m,0,True,10073173,103950,10177123,False,https://www.agoda.com/en-us/packages/book?cid=1753802&pk=A%3ASGN_20260918_A%3AHAN__1-0-0_BIZ___1002664062&pt=AAAA.AAAADDvjeiCx2a%2B6fdF3ZlFei3mU9ALaMPnok9jy%2F0w2Z08hzLwH9hJ7E1oJ70WCfpOiPG2%2F0sfc8fTV3N6vR6Wj3OQdiyyoppuUOlocyLkMGiM3ylnYuV8hPdTa3TqGLZ5LQa%2ByXui90Ie3rLagMrSYH%2FhEYFZd1vtG%2Funjl9OHmMcii4nViIDjSNriKrR8ujAzQ2bVrZYl73O%2Fa7En6EH8tr%2F5yeqp%2Bu%2B6rH8Dg58LK%2BEJFhi%2F5tiGZ7WhzhENQ4dLVYrZ%2FZ6WONYVprFhfpj%2BF47oO%2B%2Fd4Q7upBC5x7Y748Zd7iEhTvxOkCX6nynYAZUiDGpAtw1n0It8A7%2B2Qkqt98nQ5K%2BA4YA3L03Mb%2BYxATkI&ptyp=4
57399874,A:SGN_20260918_A:HAN__1-0-0_BIZ___1130518719,2026-09-18,Business,Vietnam Airlines,VN,250,VN 250,Ho Chi Minh City,SGN,Tan Son Nhat International Airport,Terminal 3,Hanoi,HAN,Noi Bai International Airport,Terminal 1,2026-09-18T15:00,2026-09-18T17:10,2h 10m,0,True,10073173,103950,10177123,False,https://www.agoda.com/en-us/packages/book?cid=1753802&pk=A%3ASGN_20260918_A%3AHAN__1-0-0_BIZ___1130518719&pt=AAAA.AAAADPw3Hz6pFjax0l1P1TusLGXGVLqvs9YcQqDK%2BThCfIJpJ7rFSLQqUELZqKhFnckegQaaVJBezP%2FB7L5p3Zk48Nu1hp59t%2BqFdydgs3sdj2layB6KQLKQGriHVTB2n0VUWKm1D4gz%2B4%2Fc43%2BaNX9G7MHC44nKNvcsmHTDCNgQUN1m08YmBPS9k9T67QtnBC4bbog1l3mcN3NySUrbshU%2Fn3PkqLswWlVPGSDMs72wyiE2qhPEiGDQPuKGS%2FTC1jSRVdGyenKmlC70ovGL7hTF1g%2BojaMH4nbo%2BH%2BtgnpqUhUfsR5y2QRfg47c34%2FvNd%2FFbHy1LW%2BRuoVHMfjJzztOiFO33Qci5CMthVdYSO5Ekxw%3D&ptyp=4
1347355293,A:SGN_20260918_A:HAN__1-0-0_BIZ___1151185562,2026-09-18,Business,Vietnam Airlines,VN,254,VN 254,Ho Chi Minh City,SGN,Tan Son Nhat International Airport,Terminal 3,Hanoi,HAN,Noi Bai International Airport,Terminal 1,2026-09-18T17:00,2026-09-18T19:10,2h 10m,0,True,10073173,103950,10177123,False,https://www.agoda.com/en-us/packages/book?cid=1753802&pk=A%3ASGN_20260918_A%3AHAN__1-0-0_BIZ___1151185562&pt=AAAA.AAAADGaoUY23gXZBIX6SDE7bc2iOupRt09oM9ctw6oblEcaqO42eTsQXwZfhe334lJOkuQiBYGDl2c6d9Z%2FrauIIZl5vXnycidwAYEvP81wu20qgxtIKOnT9Q6Qf3CuzWawnZoKGhrF8hSP31SsDd%2BR%2FN8NbYcRMXqHr6YK%2BML%2FSnOH6L3Uv47E9idpeHhNAcgd%2Bx9%2BbTZDH74wyUeVoLZctjMnrq6Sy95iOBNe4DSIlh83bQcrfw1nxgSl%2FoADX8NYAxgjW9JLdOFbVeorih%2BnIheLlmJHfSXs8SOJYkziYl5W0113IlkE0FMumsk25YYb0%2FdbwYxSi2mr6D9GLtm6nmTlwVzbMktExBVSaDVbyYxvgYA%3D%3D&ptyp=4
402180491,A:SGN_20260918_G:NHA__1-0-0_ECO___1852603376,2026-09-18,Economy,Vietnam Airlines,VN,7340,VN 7340,Ho Chi Minh City,SGN,Tan Son Nhat International Airport,Terminal 3,Nha Trang,CXR,Cam Ranh International Airport,Terminal 1,2026-09-18T12:30,2026-09-18T13:35,1h 5m,0,True,1104148,13595,1117743,False,https://www.agoda.com/en-us/packages/book?cid=1753802&pk=A%3ASGN_20260918_G%3ANHA__1-0-0_ECO___1852603376&pt=AAAA.AAAADJlwnmCKFrWqv18QXQifbtavHlgdlGgIkgoa%2BLwoAaZ6kCJ6rcNIB4RPDPWN1VBcgk%2BnzkrOYF7YT673P%2FuxQm4hU4jF1BP%2BC0z%2BrlSTrrwWQHjwngIsRGvnYqJHwmoS0%2B%2FMb5Cg3KQJ95xw%2FlPJ4%2BqcRPNHoRWTg2%2FyAdWPuIfQrxwOeUHhresC0if1S755TrTeM%2BqEU0g7J1pDxMIlmstkim9NNLwOlNVpwpiLORmoxPzjH0Gji41ynxUQi%2FoeEsblgEJT8G%2Bih7WpJW%2F3PNfl1leKp86uUya5ZYl8Ulbv%2FB0pNYq3EJJy1bbVxxPI0I0URjfXckOx33mTP9K0YWYwfa8SPhe%2Bq7Q%2FpfvkrSQk8ob5FFXJlA%3D%3D&ptyp=4
1388106383,A:SGN_20260918_G:NHA__1-0-0_ECO___2088184935,2026-09-18,Economy,Vietnam Airlines,VN,1344,VN 1344,Ho Chi Minh City,SGN,Tan Son Nhat International Airport,Terminal 3,Nha Trang,CXR,Cam Ranh International Airport,Terminal 1,2026-09-18T13:05,2026-09-18T14:05,1h 0m,0,True,1121661,8092,1129753,False,https://www.agoda.com/en-us/packages/book?cid=1753802&pk=A%3ASGN_20260918_G%3ANHA__1-0-0_ECO___2088184935&pt=AAAA.AAAADOU%2BpD%2FvOlbsYpcWub7MevR8CxPGQ8qoON777Uyw%2Bne3eKaKrcPb3hrLOerQL6JxnXpH6duJql2HJ9GFzDo6mybt3nVBAy5UdgQ7XBG1R1JHO0Njya65X%2FeJzvMdtE2YR6ZLEY8wUXXP%2Bx2l4LUYXz9Q0c0O3Ews49nZ%2BtTQCnzYzpQG6H3sS7Enr1wB%2BXFaZEOO%2BCY54VSwCuLxpco%2Bnuc4va%2BVDgmXOxsmHsWA8otZXuT%2F8MHhzpOr8mREUioFeR43qs9ki9DrC8PmsDSzeZlgIn9pkP6TdQQu1DTQB1FqZezHkcRR550Rl7NXA4I4B2atJw%2F4an0phSdG0%2FcvluUNfz2tDghMwZJsT%2By0kdS87Rt8fC%2Fb&ptyp=4
1410870048,A:SGN_20260918_G:NHA__1-0-0_ECO___748945920,2026-09-18,Economy,Vietnam Airlines,VN,7346,VN 7346,Ho Chi Minh City,SGN,Tan Son Nhat International Airport,Terminal 3,Nha Trang,CXR,Cam Ranh International Airport,Terminal 1,2026-09-18T12:10,2026-09-18T13:15,1h 5m,0,True,1121661,8092,1129753,False,https://www.agoda.com/en-us/packages/book?cid=1753802&pk=A%3ASGN_20260918_G%3ANHA__1-0-0_ECO___748945920&pt=AAAA.AAAADPhI0svmLrQRTh7VtnjzOYu5LT5JwKKVmsxRJbu44cs0fm9Hnb6ExevWIRSBXceLylXqYu9Q0dyCPqEqQndUemnLqoyC%2Bgg39puf5TJu9BnOavNRKwWP5BYUDFU02FuJ7AJpBS%2BXAUbB2X%2BLGQuekYa0ePsATv0jy9yyA2yEp72qGP1HEpvd7N5xCnvNGow1DZnPL3mzLMgJA6dsEVa7JOt9FbD1vrZyKxo57VB6lD9ddddXA304LW28SbxyKOSYvndu8jui%2Fllsr61xDOgmL1QymZiC%2FYTfDar2dAcHWdJV7TNfc0xbd1IuY0Bn4%2B5mlyolqtY7Cv%2B1ceQ3u%2F8uLhbtwXM0O0gl0H%2FY2ft2yMZbeVTlcw%3D%3D&ptyp=4
976681098,A:SGN_20260918_G:NHA__1-0-0_ECO___649845736,2026-09-18,Economy,VietJet Air,VJ,600,VJ 600,Ho Chi Minh City,SGN,Tan Son Nhat International Airport,Terminal 1,Nha Trang,CXR,Cam Ranh International Airport,Terminal 1,2026-09-18T14:35,2026-09-18T15:35,1h 0m,0,True,1156191,0,1156191,False,https://www.agoda.com/en-us/packages/book?cid=1753802&pk=A%3ASGN_20260918_G%3ANHA__1-0-0_ECO___649845736&pt=AAAA.AAAADImt5T3%2F0%2B1p%2BMZSUOPtm99rqhyOcBpJZi%2Bf8hgm14Rjc6QvkhYICQk1iRzIcCBcVv3%2Fmh0tWWP9br2B7%2FZWnGsOmiyl4Wg%2F%2FBHbH%2Bc3RLsLxuHtTpEL1tm7ckW3d3aQ5dIOzhwJrpB0YqbWzQupEHbAl4%2BrFp1k1bHHd51SbhfdYJeFTUigEnTIePtKg6VGQT%2Fwe0LjqYA%2BmWlJR0rkCJBQRYZIRJNtXXbQsHwMrBDjb%2F74lnKJUxj12T6E6QFFOhXU0o8y3S%2BNk0mr5T0eZz%2B6MdEq2HOliP5QsClPP4EzCkpTX1ooE9cRfu7g%2Bj1hfEguhMaDMSTD8voj3JdHvYEDFgdTi1JHC49M4FpxmLWb9A%3D%3D&ptyp=4
1637465526,A:SGN_20260918_G:NHA__1-0-0_ECO___2071199864,2026-09-18,Economy,Vietnam Airlines,VN,1342,VN 1342,Ho Chi Minh City,SGN,Tan Son Nhat International Airport,Terminal 3,Nha Trang,CXR,Cam Ranh International Airport,Terminal 1,2026-09-18T09:05,2026-09-18T10:10,1h 5m,0,True,1662264,16219,1678483,False,https://www.agoda.com/en-us/packages/book?cid=1753802&pk=A%3ASGN_20260918_G%3ANHA__1-0-0_ECO___2071199864&pt=AAAA.AAAADIPiBoXQ2Bg2YeHdBLdu8KFt6MEoUSCLE8laXQQNC7AP1ZmMTeIkLs00GFeaUcC2fehI8zwPpT2nhBTH8DjH0AgpciDUirUWRIAsKV8OCR0OT%2F2rPPCchhuM95LRhqEl55hMpnO1pdk9BkEiUWcFsOAHkCBqY%2FfxDZBDTG3vihDOOzUEpm9JZqO3rv28cX2SuNZsc%2BhTjAn3dhmezl9tEtwNb%2FeCCDPq2tKqXtWwET1Bm1OB%2BMhR72iC06Z86%2FiugxEdTlGwy6zF7ddEPrWRoFnmVCVZaCJYHhFLklQckPiofpZ2Gi6et4y92Ome05RuB0N%2FrE4cf8xoRIDJNkuvUBWkgjJetFbz9Bz9cFvx7OIlF8Z89GA%3D&ptyp=4
630348828,A:SGN_20260918_G:NHA__1-0-0_ECO___461732277,2026-09-18,Economy,Vietnam Airlines,VN,6150,VN 6150,Ho Chi Minh City,SGN,Tan Son Nhat International Airport,Terminal 3,Nha Trang,CXR,Cam Ranh International Airport,Terminal 1,2026-09-18T19:10,2026-09-18T20:20,1h 10m,0,True,3069223,0,3069223,False,https://www.agoda.com/en-us/packages/book?cid=1753802&pk=A%3ASGN_20260918_G%3ANHA__1-0-0_ECO___461732277&pt=AAAA.AAAADE1u4o0sz%2BueU2oykfADv3h2KI5DqYSskY2sdBRPrCGnGjEfj8S%2BAkCf8zkVYo4KKFQrqTWaat%2BTAS%2FohS9arXdEo1kpPShiWBMT6oBmogTTp5%2FtyTaB62W4yX%2FwPRKhWQ9pQwTk0hO4MgfdkQVQoOGHAueG8hHvVjw%2F0OyDGmgx9TN1C2%2BtVu3ol3dl2EDZdgfrM%2BKxigSf2avIhkRAB2ewx7PuO2467HnTzY2y0TKw5Pl4iUa39TnnurZ6DQ20k%2BhRzhbXrGujxDRzSLW8mvmhkLYVl0wcER0sXtqKb%2FMkpJR67nJsybqeFU8XhunhaqkmNSWIT4R6ciRYKlIOsOHzs1GOYF1UXm8ermMsiEKDm3c%3D&ptyp=4
134536841,A:SGN_20260918_G:NHA__1-0-0_ECO___123000401,2026-09-18,Economy,Vietnam Airlines,VN,1340,VN 1340,Ho Chi Minh City,SGN,Tan Son Nhat International Airport,Terminal 3,Nha Trang,CXR,Cam Ranh International Airport,Terminal 1,2026-09-18T07:05,2026-09-18T08:05,1h 0m,0,True,3400281,0,3400281,False,https://www.agoda.com/en-us/packages/book?cid=1753802&pk=A%3ASGN_20260918_G%3ANHA__1-0-0_ECO___123000401&pt=AAAA.AAAADPwWE9xEiK0cIZy5I%2BctjmjY26ncmBs5Us4jLNI92Xyzzv82bWnKg0HRlzWUW%2FyFJmrBVbos%2B4DzJL2wRRK5uARMsvEVwYY9nfkF7U%2Fb%2F66clCqs4G%2FODtiJ%2FVd5VvUXQpK%2FXGoKDniQ69NlrflYySuqKa49HwlKHEa5hvhw%2FLFrEgordxLxWDNSJD9aGcIerT8mojyd8PHXKLmUf1%2FVloyHnlweiRU%2F9QYDyr437j5Az8z4seeXpwhIPtZ1hnufkEVGAS%2F7M3QTSJuuEQNKEbXrolDhHrQkO84uXKpS%2BMKcBErNkpgs0GEdYnF6YgkvZYToOnsPEcftSuWSFKbV4LjosxAfQO11%2B8r72dtDpu6zkHqQ&ptyp=4
664504577,A:SGN_20260918_G:NHA__1-0-0_ECO___902842759,2026-09-18,Economy,Sun PhuQuoc Airways,9G,1963,9G 1963,Ho Chi Minh City,SGN,Tan Son Nhat International Airport,Terminal 3,Nha Trang,CXR,Cam Ranh International Airport,Terminal 1,2026-09-18T09:40,2026-09-18T13:35,3h 55m,1,False,3859371,0,3859371,False,https://www.agoda.com/en-us/packages/book?cid=1753802&pk=A%3ASGN_20260918_G%3ANHA__1-0-0_ECO___902842759&pt=AAAA.AAAADDgLZyMLqJsJKUwZdfyqRvEGycYh9GBSasIkljy61syk1wkQMfBSJBM0cGMU2sWolHoLWOoe7IQrG8l%2FezgMEiDpP6GxGPgzB7PrmDGZAbqazDSHyGFK5U06M7fOIWLKc7RvYUhsOO6%2B9BsAESPMeNaqQ94%2BaZFxItKN6o2lYS8%2FR8IA8xfkmTD8URXM88JyF8HG7gFHE74M8qqiptP1ov0T1nllQDfmTP9YS%2FBc1men80hcqoI%2BooLNx%2BTtnlwBdXrbszRIsvbBQ4nETNE0YAHMiGOgbyfCOpjM1yMLKYIvLMitoEkinmpNZQAA0urj23h3KNHYiuL8WJBuLw%3D%3D&ptyp=4
1427636953,A:SGN_20260918_G:NHA__1-0-0_ECO___170039106,2026-09-18,Economy,Sun PhuQuoc Airways,9G,1969,9G 1969,Ho Chi Minh City,SGN,Tan Son Nhat International Airport,Terminal 3,Nha Trang,CXR,Cam Ranh International Airport,Terminal 1,2026-09-18T11:35,2026-09-19T13:35,26h 0m,1,False,4296115,0,4296115,False,https://www.agoda.com/en-us/packages/book?cid=1753802&pk=A%3ASGN_20260918_G%3ANHA__1-0-0_ECO___170039106&pt=AAAA.AAAADDlYS4MjK%2FV9TyN4NytdJ0HftzGSOJSXM99wTx35obLekX%2BwsaRW1mkTQtaFi3qv5Caaa1bhcam150rBFlgRo%2BsJmV7nknmumw5ZoxAgdvsiFljFEfgIMApXqPFs6huWMJeDNvm6Cf8oRDgo0cCsRdUi4T%2F1%2FT3YG8hnDIoIcSkv%2BkgKXNB6gaX4DcroW12M%2BtxpHuiduc%2Fd6E9%2FxWAkSVTLxGppng4I1cXuwH821MQjuDIMXIDd810yHOvu6QTGKKO2Z9cJ58Osi4btKigxsxzFBCW6n906goAmvr2L62MANzduhP9aEMNPWg88kQ%2FKDF5puBnzZY%2FFlMFQ33QD55t%2B0DwNJA%3D%3D&ptyp=4
289676163,A:SGN_20260918_G:NHA__1-0-0_ECO___1497730689,2026-09-18,Economy,Sun PhuQuoc Airways,9G,1981,9G 1981,Ho Chi Minh City,SGN,Tan Son Nhat International Airport,Terminal 3,Nha Trang,CXR,Cam Ranh International Airport,Terminal 1,2026-09-18T17:40,2026-09-19T13:35,19h 55m,1,False,4555363,0,4555363,False,https://www.agoda.com/en-us/packages/book?cid=1753802&pk=A%3ASGN_20260918_G%3ANHA__1-0-0_ECO___1497730689&pt=AAAA.AAAADF5JdgTwHzF4dClPL2H%2FYCTWAVjNiHINlkeiH2ts0Udp7OdYiKmmzFHhNxUTSsAj4FTTbEzKxcTolo587RAySufok%2Be85pKaXClRuO6%2BpOA1IECcPiKplZ35YAd5HD0cT2vOMSKgOOhfhPs9zl%2FhlJop1JUZPCFOfsWEMd1UiRFM3CEjI9arYdf55UwxeYP8qMmYHoNXQPA%2BRdINhewai%2FZI6xhOJgpCzIDuLBAcostblmeHb9GHdLoZN%2BVF0JhSFhXF5EAiaLRy45kSmQTQl71HhBlSGlNsPHFYMHAhxuuhmqJvzPvArFiCzrKWRDVlqcGFQ%2BgL9782RU0NjTSEJqCKjxQD&ptyp=4
1596946526,A:SGN_20260918_G:NHA__1-0-0_ECO___1646827677,2026-09-18,Economy,VietJet Air,VJ,168,VJ 168,Ho Chi Minh City,SGN,Tan Son Nhat International Airport,Terminal 1,Nha Trang,CXR,Cam Ranh International Airport,Terminal 1,2026-09-18T23:00,2026-09-19T17:50,18h 50m,1,False,4570650,0,4570650,False,https://www.agoda.com/en-us/packages/book?cid=1753802&pk=A%3ASGN_20260918_G%3ANHA__1-0-0_ECO___1646827677&pt=AAAA.AAAADMNIObtdHpebIpRWf%2FHDiqKfjb4TVT6%2BBHWU8Hyd0rIDiLIYmTfnU%2BX6r8TknKzBCRhuSc2MshBFsLRLXIQp%2B9izKqKfYcYMh1dKPs1bAUDg%2FUzc4YdM6Me9xr37sdbdd7vS1kgi2EbdltBoboZhjUXfQY8Ch518b6VyBE67t0Zorz6UvsZW2v%2Bvl8dxI%2FGcDEKnUh45%2FC%2BEoO8H3GwHnHH6xYxz9F5E4%2FWgwUMNRCReA4IUQjrp6q0ZqWqMUyk221DaFrjWm6hDfomqYGTNrsdxGeSgLrH09QwMHrAbnJXwgZj8TigutkF0RdEqA1e%2BCbzH%2B038P7oBMdXLODlG7CHoUaKNIbi1zW7dN9safwzDHWWjoRNNzQfpaF4Su%2F5gSgpeDRusPTFnMw%3D%3D&ptyp=4
1820154373,A:SGN_20260918_G:NHA__1-0-0_ECO___2069318938,2026-09-18,Economy,VietJet Air,VJ,168,VJ 168,Ho Chi Minh City,SGN,Tan Son Nhat International Airport,Terminal 1,Nha Trang,CXR,Cam Ranh International Airport,Terminal 1,2026-09-18T23:00,2026-09-19T20:05,21h 5m,1,False,4636028,0,4636028,False,https://www.agoda.com/en-us/packages/book?cid=1753802&pk=A%3ASGN_20260918_G%3ANHA__1-0-0_ECO___2069318938&pt=AAAA.AAAADCTM3IVr8MLIdRihU%2Be4iXx3caDCzbsKfrUcAiMkLXYoBmulWt4oEusRVUB5yxpkxlu5tEwKrTEZyv1CtU2ODi%2FiMA%2BxAiDlr3quAEwR6JT1RdNuigkKkvFyd9wjHlbwBAMhXaxcWeMCYhy%2FJg1vvQsxyCLb54WgVf2hafqLkcHwgoQaY%2BOdQCj2QzQc0sCtVV78lszZzB8W4tT6w9elF%2FoSsi4vPDzfvu6cHAgP8BSdqQjsObcCoM6KgkE36e0Z75rtztZl5r1MsgwJMuji3Bbvwi3JmiK01tpP4mYUcnSUOGX2Xz%2BeyPtCzg1GZIre14gf4pPWW7W%2BHA%2F4GQ9juIheAlLV5HRWn0bPoNarnwZv6KgKMcMck8%2Fg5v5LFA%3D%3D&ptyp=4
2127951284,A:SGN_20260918_G:NHA__1-0-0_ECO___708205774,2026-09-18,Economy,Sun PhuQuoc Airways,9G,1961,9G 1961,Ho Chi Minh City,SGN,Tan Son Nhat International Airport,Terminal 3,Nha Trang,CXR,Cam Ranh International Airport,Terminal 1,2026-09-18T08:15,2026-09-18T13:35,5h 20m,1,False,4678452,0,4678452,False,https://www.agoda.com/en-us/packages/book?cid=1753802&pk=A%3ASGN_20260918_G%3ANHA__1-0-0_ECO___708205774&pt=AAAA.AAAADPWZnGBJL1VCN9Qpjqa7q2CjEd47dcEySqtNUYnB2K2pE%2B7gtErZlvKshk5aMNjp%2FbpMfbbgw3KO0J4FlLV8gcAZkKrpg9cMYScse6yXvRgz7GmM2InHVh0sFVlv8YGBJBrp%2BGJxs%2BNtTbbI4oaIVDDc3R5rpmvGUwmY6qugtA1%2FAc17Fn3AU9QZExiCY8K5SsKRNpIdYbfktc2GHG%2BoGSiNjEeh3h6m45lhDSV1NPJSlYeXrqS8menJtQNp%2B4udvkXFHrOaCBNj3vW7l9XAPIj%2BnYeGOLOQZw9VTcnRftndO3Nz1LK15NqVgjxDH55w9MuDQlNxLGaonTk%3D&ptyp=4
947773309,A:SGN_20260918_G:NHA__1-0-0_ECO___476927080,2026-09-18,Economy,Sun PhuQuoc Airways,9G,1955,9G 1955,Ho Chi Minh City,SGN,Tan Son Nhat International Airport,Terminal 3,Nha Trang,CXR,Cam Ranh International Airport,Terminal 1,2026-09-18T07:05,2026-09-18T13:35,6h 30m,1,False,4678452,0,4678452,False,https://www.agoda.com/en-us/packages/book?cid=1753802&pk=A%3ASGN_20260918_G%3ANHA__1-0-0_ECO___476927080&pt=AAAA.AAAADC8%2FEbecJOj%2FpGtVuLdcTeexHUk%2BLJ11s%2F664IvVh2l2cv5Gve5D20kGGQ5fB%2F8ipO81gjZa%2F3kSYFOGV4DH8ulB10pA1P39qALPP02bSo3D5rl7ltoyNBRE7l1zgg83m3EIZABdePXoTKMZSF%2F4SYJWSPjvYK5Ml3HMlphMrqhzhUEvkWMKm2affSW1TBer2F2uTGG0N%2FdHRzbmokDkjmSkSMkhAj0wNBuI%2Bq9WAu2ns%2B16GnYpFpFQ4JdPO3Hao04kanZY4g1t2OLIJt7rHHzAcicCJfsN31C4vfxRf8CLBcrbsgBJ%2FkBN15fzxC7UBxL7FEdvPTfgHZI%3D&ptyp=4
2084929883,A:SGN_20260918_G:NHA__1-0-0_ECO___907775166,2026-09-18,Economy,VietJet Air,VJ,168,VJ 168,Ho Chi Minh City,SGN,Tan Son Nhat International Airport,Terminal 1,Nha Trang,CXR,Cam Ranh International Airport,Terminal 1,2026-09-18T23:00,2026-09-19T13:35,14h 35m,1,False,4697285,0,4697285,False,https://www.agoda.com/en-us/packages/book?cid=1753802&pk=A%3ASGN_20260918_G%3ANHA__1-0-0_ECO___907775166&pt=AAAA.AAAADAE3ASywaRZNGhlIMgpaxjS8dCKCrHXdUcg1HatQpXmmLJIBSgCdc362uLpTMHY72KTOuH5xE81ph6Rq9mRUvdSKJI3pItRcQF1aqGANIuBabGXf0R4bUejKA4KjFymhavqm2McdXdP3eFQSQztJJodNXJqpywzKESlmG10Bmiy3l6j152UMRecgol2Xin3Y8%2FypdWqbbPgL%2FT7cqnRRMorcVwmlfvK3GIdZ7fYD%2BMpYUKQZuX64Hofzp%2FDgtHRv0MycYc6WWl8JBf0yWjtMIZNcvhCM%2F5EAmHMB1a51Pmr9lav3UgOUJgHiQLB2AJ5m6lHZ1aXiUEWSEQdEH0doWIdVVLfTzeyTgqMwCYhksNO66yrp4nF5T476EtIQrC5nyEhy5fU8Z3ks&ptyp=4
465411414,A:SGN_20260918_G:NHA__1-0-0_ECO___799812879,2026-09-18,Economy,VietJet Air,VJ,162,VJ 162,Ho Chi Minh City,SGN,Tan Son Nhat International Airport,Terminal 1,Nha Trang,CXR,Cam Ranh International Airport,Terminal 1,2026-09-18T22:40,2026-09-19T17:50,19h 10m,1,False,5220029,0,5220029,False,https://www.agoda.com/en-us/packages/book?cid=1753802&pk=A%3ASGN_20260918_G%3ANHA__1-0-0_ECO___799812879&pt=AAAA.AAAADIGLABl3YADVG6HrGqBhCTSuTd6OISrC7amRBWJ%2FBlM2Fz%2FK9qDZcNxuRHf1vKHKqiQjHBA8MR13WEeUkOwfuWZ%2F7KyOxnp%2BoBkDbPLdLBdhspsNW0JaLKVEMWWW5Ig0wobSvPiDc45VN6yc9IyaUdGNGm1Q4xMHEp%2BZAm0LDsJoYv9ULodrA2srugIVd1NUIzW%2BQsRFa%2FIwDu%2BpdRwsITBDEKtPZ%2B3HXHbBx9RvXupXaneVtBJxC7icixNTOYGEiXbhdphXCqF01FofNxzmIr4lCbebTeHZgMOZxwXVtfy1TBnE7k8q1H4%2FJpS3LZwHrSS9214vKncKmrtbMEdKP2WmIVGBpfYF3XrYad0EkL9r1oYjw4bxYYwsEsS1j8H1jRVMHVHcqHg%3D&ptyp=4
1036273969,A:SGN_20260918_G:NHA__1-0-0_ECO___995034615,2026-09-18,Economy,VietJet Air,VJ,162,VJ 162,Ho Chi Minh City,SGN,Tan Son Nhat International Airport,Terminal 1,Nha Trang,CXR,Cam Ranh International Airport,Terminal 1,2026-09-18T22:40,2026-09-19T20:05,21h 25m,1,False,5293098,0,5293098,False,https://www.agoda.com/en-us/packages/book?cid=1753802&pk=A%3ASGN_20260918_G%3ANHA__1-0-0_ECO___995034615&pt=AAAA.AAAADBzBtNB2trW3wX3B4YfTJ%2FUCx1Owfu4g02VxLlpCRX5baoBzzsbOL1twMJf2kz6qCoa794CYV3po0dS1zY8TKN%2Bm6VYtzAh%2FNPe%2FGKsLEPxmUqsEAj%2BTUA3l3uiDSyV3y43cWdpgcjzBFIQsIExtD9BW3Q10hlRWAof5bfvsoh7jQbX0dvwsx8%2BXbg8WdbOYMI6TaYiLyDf0j8WNavC2b0ZkFPeKdhq1MZ1s1v5OeG5fxGTV4ckbq8Jsq%2Bk8N3Vk1vz3K2zxN3KorFTFyUoKVNK13d369j9HxZ9fm7oiad2VFCWFXzXGz0yKYPbhdkT2lGnHJL1tnczfs4rQM7NGPRQYN6piEuW7onRDTPtmaoXD1NU%2BVgBT3%2Fe2aA%3D%3D&ptyp=4
705826313,A:SGN_20260918_G:NHA__1-0-0_ECO___984506264,2026-09-18,Economy,VietJet Air,VJ,162,VJ 162,Ho Chi Minh City,SGN,Tan Son Nhat International Airport,Terminal 1,Nha Trang,CXR,Cam Ranh International Airport,Terminal 1,2026-09-18T22:40,2026-09-19T13:35,14h 55m,1,False,5338423,0,5338423,False,https://www.agoda.com/en-us/packages/book?cid=1753802&pk=A%3ASGN_20260918_G%3ANHA__1-0-0_ECO___984506264&pt=AAAA.AAAADLbwPxJb11oqb%2FRsWzjwBOFYH5BSlrbaDGwGVShvda3%2FSNOwZG6kdtRxdu1%2BrzdGtzOcZilYpiG0gK70SPRRr8zUgDSFzO28CYHk7LFD46%2B%2FeuFqBenOCoc9MvsqKlI6SMReDOIZnm8KZNyUGQJn2yVSdVWqAc4U9gzTCT%2FHdnHG0UNJl%2F8jtUtXea7oI8fQtrLxkACWKJcMHnIPHzfKNPao7lzgU8ZUH8qyjj64oSD%2FLV%2FZVrMKKpYKYfnEGL%2BHJn6tIRKjEDmLElnVfZBX2sQXth1yw1gKBKWf8fBqHzuvgAqJi2SKsK2PKyH7o53O5220pnvwDHG%2FPfYjJQPqgaGVqCdK5kij0jxnrdYsO8zwQn1bWKQthCqry9s%2FNZU0kb1VU2RF27ozWcY%3D&ptyp=4
604292988,A:SGN_20260918_G:NHA__1-0-0_ECO___1737808248,2026-09-18,Economy,VietJet Air,VJ,168,VJ 168,Ho Chi Minh City,SGN,Tan Son Nhat International Airport,Terminal 1,Nha Trang,CXR,Cam Ranh International Airport,Terminal 1,2026-09-18T23:00,2026-09-19T14:55,15h 55m,1,False,5338423,0,5338423,False,https://www.agoda.com/en-us/packages/book?cid=1753802&pk=A%3ASGN_20260918_G%3ANHA__1-0-0_ECO___1737808248&pt=AAAA.AAAADGbUVim%2FRsBTf6sdjgvdpFtm2S%2FRjXKMeOKRk6wDLw43BCcafgl79oIqVnALBNdfwOmLVGzQ2L9brcTdTZABC0BaNj5Bp6DFyh6CY0nlrKv4DWa22pWKDg8PJTkWz7jWzlzksgN3XijErAJJmwvMmJp7nyIJA%2FskISIcuPMiMHvnVhtdiqWcxwmWDDWXa0Gm08AgFEbNz0M208xvG1q%2Fccn5odfnK4OkNa5ONqg05fy%2FpFKEgONdlc2%2FcRaX46CSu36rwAI%2Bu%2BqMz0k6c57j2zAkXTDu23u6cGk6CWK2nz7x%2BWjEfgAv3wZcbr28J9UqZFiDevjd7WBs8cba3pdKDbmcKXLvZi53TR3BSBWPqQdh3oWjyTmkPmhisEUXPX1DJAUNCI0%2Buds1IetT&ptyp=4
539591411,A:SGN_20260918_G:NHA__1-0-0_ECO___1104700703,2026-09-18,Economy,VietJet Air,VJ,162,VJ 162,Ho Chi Minh City,SGN,Tan Son Nhat International Airport,Terminal 1,Nha Trang,CXR,Cam Ranh International Airport,Terminal 1,2026-09-18T22:40,2026-09-19T14:55,16h 15m,1,False,5338423,0,5338423,False,https://www.agoda.com/en-us/packages/book?cid=1753802&pk=A%3ASGN_20260918_G%3ANHA__1-0-0_ECO___1104700703&pt=AAAA.AAAADPDd7yS9la3LSPC4CY9ayaQguVohDurn0Yscy3x4QsWGSE1hxvCq7h%2Fgv%2FnHly7ht0sQgJ4lIhEizOWlWq1%2F%2B1Y6bpKj77u%2FQ%2B0P5UVhP3ewSU6FqTmOkW%2BXmocLXifm8HJb825ZBR48JPEdm0%2F6Je%2BS5OQMMTZa3Sq5wvVCuA3u%2F24h01wOVcNpn%2BLweqVzkQ%2FwiGYNANcyBMogp%2Fs75L5L4XGI2CqhWk8K0oyN2Kh0LKoFswX6M%2FeHqjGm9GNwLYCkGL%2BzFUTnMGKB3WEHX%2Fc1tT%2FV76jSxDPe3jzYoicSc09%2Fhqh%2BsfcfK1h8WzPE9oAu3nxNKc345B7c9lFnUTdexgCHrnk748h78vb72UfXKeZjhOJoY0wZYbnxokrdAsasjaF%2FQ5107LPh&ptyp=4
1533805253,A:SGN_20260918_G:NHA__1-0-0_BIZ___1852603376,2026-09-18,Business,Vietnam Airlines,VN,7340,VN 7340,Ho Chi Minh City,SGN,Tan Son Nhat International Airport,Terminal 3,Nha Trang,CXR,Cam Ranh International Airport,Terminal 1,2026-09-18T12:30,2026-09-18T13:35,1h 5m,0,True,4101330,19213,4120543,False,https://www.agoda.com/en-us/packages/book?cid=1753802&pk=A%3ASGN_20260918_G%3ANHA__1-0-0_BIZ___1852603376&pt=AAAA.AAAADK6gM9hx%2BrspqFBFASuybq%2FSTCKlikte1g6SOK8Lvc%2F%2FFGMzYBKRJ1A73PCUwvgeSemiuSFTHEhVRWKG7PYahbPfAI8WpRprO8lWZvzN8%2BqK5HQL3XnLXEk%2Fv5XXakRkS4%2Babk4uAXPzJrgl%2FNtGMzb%2BwTKvicLY0en3S%2B6yP3BQ%2BqXKYqUIB8TEb7LOUBtboMpTeT7nkbJKQLFLsRE0zsyfBwpwW4lx61K4BqKjc4QDAa%2FA0ECpMRzkmIEXXw8TOMMETeD3sfafIS9KDiY0Y%2BOCSWj3vkgO22oqBuSQua4UUosJuHmYFuKvdcg44hlnL4LlRSrUxlg%2Bgk19x1Zb7oHNlvFnU3y%2FFd%2FrC5LlB8Ow7S5I3%2FyJvQ%3D%3D&ptyp=4
1755067253,A:SGN_20260918_G:NHA__1-0-0_BIZ___2071199864,2026-09-18,Business,Vietnam Airlines,VN,1342,VN 1342,Ho Chi Minh City,SGN,Tan Son Nhat International Airport,Terminal 3,Nha Trang,CXR,Cam Ranh International Airport,Terminal 1,2026-09-18T09:05,2026-09-18T10:10,1h 5m,0,True,5024865,0,5024865,False,https://www.agoda.com/en-us/packages/book?cid=1753802&pk=A%3ASGN_20260918_G%3ANHA__1-0-0_BIZ___2071199864&pt=AAAA.AAAADA3kP%2FKyPVoZ5ZTiAuo0tJAme4Chq35ajpDQOZIv0TL55xGVPEWT%2BVWRYVdbPYJm4yiDsvPSxDWWy2J7NhfBvwvvrNq3FixjAnE0Q5kiDw2N%2FgbYlM7JslERboYPsZBeOOFwitDDRaolA7IJwf0CiXBFmRjaKmKtZ6M3XnX9fN3Q9KJytLtYm2lEor%2BH%2FuKxPYIdYvgHpw7NiIpp1yJieTahTLu9rxfU6P1NVH7kQwdJm%2B%2BaRBgvJ7X12n1uXr5QkUCCUqH%2BgaHw37TOaeGmYk3iAcpebj1PZAV8DNGiQgxJTwfMSeEXdMTqJOBKf9frCDqx%2Fg%2F8j6Y9dqmqCi2xEl0zHaIhxu1gAREntycf2x04MWU3dJw%3D&ptyp=4
1315943632,A:SGN_20260918_G:NHA__1-0-0_BIZ___748945920,2026-09-18,Business,Vietnam Airlines,VN,7346,VN 7346,Ho Chi Minh City,SGN,Tan Son Nhat International Airport,Terminal 3,Nha Trang,CXR,Cam Ranh International Airport,Terminal 1,2026-09-18T12:10,2026-09-18T13:15,1h 5m,0,True,5024865,0,5024865,False,https://www.agoda.com/en-us/packages/book?cid=1753802&pk=A%3ASGN_20260918_G%3ANHA__1-0-0_BIZ___748945920&pt=AAAA.AAAADIzQ9e2bNPuJZNoeraQItbpFZXan8ViQ8B%2Bk7C8U1Obw8PyZ9kQaJouUbTU3UuNVSRuuP3PFgk%2BiY1cWYxs5V%2Bsg5qR59ZIfWbBA4vAPY7v7wuUigx3%2FJ9jWNNsz4I92sG%2BZ1KZlIDMrdVyq2QdYpXdNac7Us904%2BJfx%2BJu9pRViLvHBFC9q2%2BC43%2BNcWa3dYVbX2UIIeIt7z3j8I%2BgZrdy2SoLQ8OTS%2BNJ5g%2B1L%2B%2F4LsEKI64yW6W6HJbBhrKO1szrXaNxeI%2FzvEr8cT%2BWKXe2afvPV2GMMVlS%2BgDngOhtNTaC2YBUaty3XAJteWLJkPMaoM8plOtsp1L%2F2ZMj6HYhE1x7iBLDPZKaKsjCOL6Ai0Y3PWg%3D%3D&ptyp=4
1188833617,A:SGN_20260918_G:NHA__1-0-0_BIZ___1384384913,2026-09-18,Business,Vietnam Airlines,VN,6150,VN 6150,Ho Chi Minh City,SGN,Tan Son Nhat International Airport,,Nha Trang,CXR,Cam Ranh International Airport,,2026-09-18T19:10,2026-09-18T20:20,1h 10m,0,True,5024865,0,5024865,False,https://www.agoda.com/en-us/packages/book?cid=1753802&pk=A%3ASGN_20260918_G%3ANHA__1-0-0_BIZ___1384384913&pt=AAAA.AAAADJD2I2hN6Hel28zhnauXgG4qQVTc9QLDyt%2FVz45rNN2eaULhDVrvJFRbu1Y6QCgbskTaWfmYpwhjk89HHG3W5xEI0%2FiIKuUF6VKsqLH1JMNIL9aG1pOQWnIApebFHFD0aNFmqK3U8d%2FfAus%2B4h3Xk%2BeLvVDkh1RdG6J%2FgElp1WoQ99BxyuXJYYv6N086mcdzfGgD%2BohLoCADtRo7rneGx27QLf3PqLweUC0kPl4EE15BA24YBM%2FTK%2ByP33k%2F9EZhcShLzldBCEJVAK6T9Lf4P5D8KXY8J1tKMiyetjpftYL2vuLl5f6Oz8jaHPgBLg1YjbuDo22MhpKk3oruz%2FCDwrxymK9gT4Q2E66vMZejYU70TO1qO01l&ptyp=4
1948349752,A:SGN_20260918_A:DLI__1-0-0_ECO___1845870464,2026-09-18,Economy,Vietnam Airlines,VN,1386,VN 1386,Ho Chi Minh City,SGN,Tan Son Nhat International Airport,Terminal 3,Dalat,DLI,Lien Khuong Airport,,2026-09-18T17:30,2026-09-18T18:25,0h 55m,0,True,1124690,10401,1135091,False,https://www.agoda.com/en-us/packages/book?cid=1753802&pk=A%3ASGN_20260918_A%3ADLI__1-0-0_ECO___1845870464&pt=AAAA.AAAADDhVFowMi7M7wZERwqjqRLalXFFCiXT4t5saBL2ZdEZpo4ZaI1wkD0w2nra7K%2BAiTNp6cJFTE9aJj16hFchymlbw8J9qcCq%2B8ILOKz7H2B5hoCvYIthSNMA5be2UgIuB0NkMqVV9CBHLgqzFMhfTAPJVlNFPn58P0NuyChT7BgU24Q3vbWVy0ol1j3ka7ZZZN5f08lUnCBmsGDNcdTd7C%2F0624l%2BQ2td2LgMMnPrQCDV9NjK532HJxcsbNjUxU%2B0oDVGI3Vm9HO0lt3jQKUGKk5dC3JxGuGkUFTbVSFGToIBCalIsYZIT0sgK4JuYUCwVlq6axyFbYwhI%2FfF9wGhcpHsFq%2FACXYvjJCr9xxbxC8qeBQ%2FIHWq7whG8JHj&ptyp=4
1471070447,A:SGN_20260918_A:DLI__1-0-0_ECO___274803383,2026-09-18,Economy,VietJet Air,VJ,1362,VJ 1362,Ho Chi Minh City,SGN,Tan Son Nhat International Airport,Terminal 1,Dalat,DLI,Lien Khuong Airport,,2026-09-18T06:10,2026-09-18T07:05,0h 55m,0,True,1133162,0,1133162,False,https://www.agoda.com/en-us/packages/book?cid=1753802&pk=A%3ASGN_20260918_A%3ADLI__1-0-0_ECO___274803383&pt=AAAA.AAAADFG1BMPqLZSZCWYzCUbIeLw9oVx6Iv5ITXJ2Vr1cy3snZ0Z8L3nRmaxvqoxiCrmRyd%2B60ceTmxmX3uB9esoqIwtakxazUgoMRnlkEupt487cMOxy9ZPD4L%2BKpUgonUqZpU2PBO1bcrv4DHl4ryymJMaqsWpRh3gEpM4hptQuOOYzzxL%2Ba8STaC8metSrbR734tw8GHDzg%2FJiUxuLHXy9BLG%2Frqs6Zc%2FoL25SQrdJ24bo9AimGwmSN7SajH8J21qPSxH9g5obhqr9gY0uyvDDfoKotMObnZHfvQ6QQTYIOgNmcLGACQod1HslOaCiNXiojkIfhYZm3F59ygtrKPbPR3xmxbdmQfqeAg%3D%3D&ptyp=4
687019625,A:SGN_20260918_A:DLI__1-0-0_ECO___85687799,2026-09-18,Economy,Vietnam Airlines,VN,1380,VN 1380,Ho Chi Minh City,SGN,Tan Son Nhat International Airport,Terminal 3,Dalat,DLI,Lien Khuong Airport,,2026-09-18T05:50,2026-09-18T06:45,0h 55m,0,True,1186835,10975,1197810,False,https://www.agoda.com/en-us/packages/book?cid=1753802&pk=A%3ASGN_20260918_A%3ADLI__1-0-0_ECO___85687799&pt=AAAA.AAAADF8JFwOJD0LJ2y7QbYZW4xQRfDkwDSsxD2oKrJ6ONkdRI5cV7nCimDXaAj49XKUAKzk2G8B%2FcXQ61CekwXk3EYuZ%2Boc5N7LSjQKO4yUqxWgVin9KxX%2FMyTMJ1QPKF27w3%2FTye9%2FRzgWJE2rBI%2FGVbUlx8Ro9rragCPXkrCvzRIE7rviiDH2qFX2HQ5y4BYQUDQChQ%2FQBzTIJYZOAbo9mu9ixhY%2Brf9NE%2BFr57Fa%2BsvVnmTSiWsJFoinKyV5CedD9j7ebETu%2FYneKp15VqUILVU6PGB9WkLXZXjrgWuC1VUlzs2YfwLEQDiDW3TO2NuMtGU9bZWS71ohI4GYprV6%2BKZgXrgURDmDZ7LisX27GaJJSYpd4RqgAMQ%3D%3D&ptyp=4
651825229,A:SGN_20260918_A:DLI__1-0-0_ECO___714584177,2026-09-18,Economy,Vietnam Airlines,VN,7388,VN 7388,Ho Chi Minh City,SGN,Tan Son Nhat International Airport,Terminal 3,Dalat,DLI,Lien Khuong Airport,,2026-09-18T14:05,2026-09-18T15:00,0h 55m,0,True,1389852,16401,1406253,False,https://www.agoda.com/en-us/packages/book?cid=1753802&pk=A%3ASGN_20260918_A%3ADLI__1-0-0_ECO___714584177&pt=AAAA.AAAADCMu68BSzjL%2BAaaKnSHfAGAFSIWvgwtdVClcwp6m104In5Zp5Y2xwxwhUYchUtqgTGCPz129fMsXYIevPmwihMk7zoDsa9qcffKLtoDGVs%2BJ90FSVYOjLxH1nn%2FmhcXYNh%2FOu6OlbbCkXXm28Obnzj%2F6VdvyQnD6Y%2F51IyU4oegDArG0ZCzmS9fEFkGuoAp5Hxb6oFDuJ%2FPZ3eB%2BphA3UQVVVJWo3RIHSLnGbb1VOZ4hvpGRTR5IhFDqXmSQ0qWFyjurxA4ZOcEj99y9HToAq3YveSbseR1i%2B8ej6WSpda4MmJTpb9SiUVGOIsUsWmxep%2BFaO6NgfohfZktqGPuPHFmzTk2bubbqkC1jIWIwnIramBoz4w%3D%3D&ptyp=4
159008620,A:SGN_20260918_A:DLI__1-0-0_ECO___660554153,2026-09-18,Economy,Vietnam Airlines,VN,6170,VN 6170,Ho Chi Minh City,SGN,Tan Son Nhat International Airport,Terminal 3,Dalat,DLI,Lien Khuong Airport,,2026-09-18T07:00,2026-09-18T07:55,0h 55m,0,True,1616966,19081,1636047,False,https://www.agoda.com/en-us/packages/book?cid=1753802&pk=A%3ASGN_20260918_A%3ADLI__1-0-0_ECO___660554153&pt=AAAA.AAAADJ9g0WZoBlBje4mIgC3Y11Gtvl5CUTs7%2BrKwl6tySqm7ZTFUahpLJ8brA8gckViG313nV8LWTmWtI2TTxUlFZyYKj9VWvh1Zf6bqwVUDV2QUTTpYbb1LdBQw%2BCPQWg%2BBEGqtEjCSyaHm2ohrU917SpVdqmPyeysb%2BU2NPO57CWdlbFstrc4eg8m%2F9UxAbIW7%2B8Mjwe7h6Wh3I8leqSLrKVkPywoKNdPEx%2Fe1tXyaSeq9GmmWcKOwLqiI3zRxMXIPcoX%2FOL9%2FIVTeXCjlStgLtISNgnEZ0sWJKGWrnnOp0nvDabzgOc2DR0n%2BaPXIfxthwM3Kcr8r8wLrBPp9jn%2BErY0TZppsftbxdluH%2BrD515tHm58X&ptyp=4
1786003838,A:SGN_20260918_A:DLI__1-0-0_ECO___940945166,2026-09-18,Economy,Vietnam Airlines,VN,1382,VN 1382,Ho Chi Minh City,SGN,Tan Son Nhat International Airport,Terminal 3,Dalat,DLI,Lien Khuong Airport,,2026-09-18T10:20,2026-09-18T11:15,0h 55m,0,True,1753340,20690,1774030,False,https://www.agoda.com/en-us/packages/book?cid=1753802&pk=A%3ASGN_20260918_A%3ADLI__1-0-0_ECO___940945166&pt=AAAA.AAAADJEK6%2B1%2FJu1D0jw5lNRJQpQUphdjqDYu%2Fgh1mkfrpXM8UEWaSExDLCVmXUTSyZN%2B4VK1JxyICwvJRZBCXCHgj%2Fyrqw%2FrXjyTbvwZWd8tZpgHjzZtiPkMdTXd79%2FHCODKHIfpiEfx4DbN4bAb%2B8Ti1LVySmnJAB0lHYxR%2FaUmHrJRyWfXgrWmRt4idrLbc7GW1IvW26Ga6uZIds%2F4cu4xzfoQ%2BEGS8%2FESGewYwVmRiU9KjbUEnFAqsXLBGNb%2FfeH46bEvtu96LaCPdogh%2FFVMZ%2BYQfBHxSDZLnADooNdxnRFT3TxTXRePOqZIhcBmhBg5GEJFvgnpo%2FoJf2kDfrHSLesOEFvHAujKSigS4uZmNY%2B6Y2wYUg%3D%3D&ptyp=4
59839500,A:SGN_20260918_A:DLI__1-0-0_ECO___840640908,2026-09-18,Economy,VietJet Air,VJ,362,VJ 362,Ho Chi Minh City,SGN,Tan Son Nhat International Airport,Terminal 1,Dalat,DLI,Lien Khuong Airport,,2026-09-18T15:00,2026-09-18T15:55,0h 55m,0,True,1805418,0,1805418,False,https://www.agoda.com/en-us/packages/book?cid=1753802&pk=A%3ASGN_20260918_A%3ADLI__1-0-0_ECO___840640908&pt=AAAA.AAAADDaD%2BbZFQC78v55U9MUAS3aTqtBHkj7SwPtdWZ%2BPgK6XwcqXzobQP0LB3xvU8C%2BokmNgpjWlcrAH4R7OIYoLTd%2BC1hNu7R20wfsvG7wNAaZslEDDg%2FSks63%2FlCHKJRoiWWlxMElkIVc%2FtUaGPFT3a%2F6VC5kNM4NyNGz1VcvICuXXKYkeBtyTz%2FT3L47yjorbleP51bBZpOHL2cAd6jArUjP%2Bt%2FoPIfHuN%2FY0QZfRelRFll2Xqn%2F0sD4yqMxsFuyadNxguAdz7YK73ytYcqr20loWVtEM3vdzEOuxfj7hWZ3FuMQ14jt%2ForFeFh90v8aJDPYrb4YrWXvQf3Uj1XghaIj9PqD8bHezreBNC1hyuGw%3D&ptyp=4
1037763348,A:SGN_20260918_A:DLI__1-0-0_ECO___1287795256,2026-09-18,Economy,Vietnam Airlines,VN,142,VN 142,Ho Chi Minh City,SGN,Tan Son Nhat International Airport,Terminal 3,Dalat,DLI,Lien Khuong Airport,,2026-09-18T19:10,2026-09-19T07:15,12h 5m,1,False,6052956,0,6052956,False,https://www.agoda.com/en-us/packages/book?cid=1753802&pk=A%3ASGN_20260918_A%3ADLI__1-0-0_ECO___1287795256&pt=AAAA.AAAADNyeutuZ%2BRXd%2FpXftlGffVVrecZpIhAJXzVRu1AxV4szaaSmAbaFtcNMoIxB4Uez%2BKg2kchnatTybMlVUcQNvl6GqEE5H272ZFQXe7T8%2BVdTz1eonfYmpv9FTwIFpLwdo37V9reZgCH6Cjd8xuk3vtmgfuN5Oci8A5ohLW8EgsKvNr4JECbTeOKbTNHs24H9YeJf6hhts1IpuklNI%2BNINLEnItDSMM9hCZCflUgQ9cyBb4YmgtNAZphUtcZxiH1G%2FLOjdyR%2Fl1YYexSepoyu8SI6m%2BWwWmHBOa5V7qnk5pf5JPuorJiBKxOflO2wA3lqcLtpfUpia5P0%2BM92Z%2FIqXXp%2FdaHkJ6gvPgMxYoc4xfw%3D&ptyp=4
608207697,A:SGN_20260918_A:DLI__1-0-0_ECO___1305353739,2026-09-18,Economy,Vietnam Airlines,VN,7134,VN 7134,Ho Chi Minh City,SGN,Tan Son Nhat International Airport,Terminal 3,Dalat,DLI,Lien Khuong Airport,,2026-09-18T20:15,2026-09-19T07:15,11h 0m,1,False,6722273,0,6722273,False,https://www.agoda.com/en-us/packages/book?cid=1753802&pk=A%3ASGN_20260918_A%3ADLI__1-0-0_ECO___1305353739&pt=AAAA.AAAADMS6OL1jIRpj1hM4pVEvKTzh2S49FyOwau6LP3%2B3%2FLZDWiaf4j8vXkYKrRMf4%2BPiwGE9ZylRG%2FGN10tSoW40dSnrvUe3MtiCisMbNESkLcZi9QJiKiJ603MOri1rw69i1LIsJQ%2BcVitfpny14iH6XRSfiudUuMy14aI05xy8EHQLN83K0JnpAPwo7fZhuaKC6rzDNeqyr8Xq6BOfr1HYPZAZSqJ%2FKDuCONP7D69zvL5Zk8vOwLoRMNtWgTaRCVWc2Zrw58v70nXddY56BL1cojI%2FeStBQa3gj1U3qZfTk3xcgqgu5hEQpQgjvNaOmkWCpjZVy2mXHtl0P0SXQow0aEecdCoPmkshyhNCN7vIMgP5bUwfbFEE%2BA%3D%3D&ptyp=4
624089723,A:SGN_20260918_A:DLI__1-0-0_ECO___382655919,2026-09-18,Economy,Vietnam Airlines,VN,140,VN 140,Ho Chi Minh City,SGN,Tan Son Nhat International Airport,Terminal 3,Dalat,DLI,Lien Khuong Airport,,2026-09-18T16:45,2026-09-19T07:15,14h 30m,1,False,7011843,0,7011843,False,https://www.agoda.com/en-us/packages/book?cid=1753802&pk=A%3ASGN_20260918_A%3ADLI__1-0-0_ECO___382655919&pt=AAAA.AAAADEb2i0ArMEgCuPYvb%2FO2v6ROmt3tPOueQsKeRcOS8D%2FHMuaJJdm6AzSBzb1r1IepneQFb%2FWSekTe%2FNaenpF1q2idINYJQAWNJV1SJpPtxYQ2jDaP6oIReCHDcnzSHOkseOigB5IwH4l3JnXsC1KRFKtZseUkDM%2FEaKOsF%2BeFrqm3PxbfXZUN7KOmWVWvkQ3UeTVbnUa9SvcURonzZqM2AWrQCXQqDp%2B5suoT5HqKSPxH3VFD68turISd8y5elYDMpcBH85IURaMH8fnrBX13ipuxyAp%2FgKQv3YwAr4U6gElfcHkdSl1BP0zpskFuju%2BRcKrh0p5PeT22FyeIq1Zl%2BhMpL%2By%2BeTerkpcW12HHacupLJ6mSkC2&ptyp=4
1267199788,A:SGN_20260918_A:DLI__1-0-0_ECO___1864296684,2026-09-18,Economy,Vietnam Airlines,VN,136,VN 136,Ho Chi Minh City,SGN,Tan Son Nhat International Airport,Terminal 3,Dalat,DLI,Lien Khuong Airport,,2026-09-18T16:00,2026-09-19T07:15,15h 15m,1,False,7011843,0,7011843,False,https://www.agoda.com/en-us/packages/book?cid=1753802&pk=A%3ASGN_20260918_A%3ADLI__1-0-0_ECO___1864296684&pt=AAAA.AAAADGXuehz%2FSsQZ3qdwiTxWV%2Fu7qovwuJ%2BVZn2sY1YCKQr9jKMfMOBhOKNxv13VWyMi8BupmPSbr%2B7WmDsaNkvablyGGXxxq6cjVsD53kxSFroIFKvxLwupM5wcSn4zVh7UKLN3Qnya0t9jX%2Fymlga3%2BwXU2U54hv19nvzLsyVPZUQEfqahXFbMBPWgg6NGTRWY88RQBCXEWaNvwpM4CMozjwvXjAbRJhFKvZV%2FGNAHg99WvGhndxTIai%2F1CjMnd7XmgJgRIvpOd%2BgGKBFOS9zUV6PVXawMXVJsstNslBcM6j%2BqzUJfKSAV%2Fbr0mBaRHOcuzg3Ru6eXbdY9Q55cm7Kg3TZED%2FRTDMMKZDBjHbkmjjrBDxYJ%2BKsiT2ht&ptyp=4
1363995590,A:SGN_20260918_A:DLI__1-0-0_ECO___1847733560,2026-09-18,Economy,VietJet Air,VJ,652,VJ 652,Ho Chi Minh City,SGN,Tan Son Nhat International Airport,Terminal 1,Dalat,DLI,Lien Khuong Airport,,2026-09-18T21:10,2026-09-19T11:25,14h 15m,1,False,7446139,0,7446139,False,https://www.agoda.com/en-us/packages/book?cid=1753802&pk=A%3ASGN_20260918_A%3ADLI__1-0-0_ECO___1847733560&pt=AAAA.AAAADHCrT0evOI%2Ffvy413G%2BP6px%2BTvCSBE%2B8xJuyVOEwXmpafx2w4qWZr6qC1ZBTP8QYq6uM4ayTZmvOo3NPsItRdQcFL%2FUekUtCGzyYH7VZY4boNDVCkYjHIWG8sF9Re16Jlwg3D51fW0ZnYb4Vll4y3KO0DzuHNrLwJcvb12PLsMTYkdAgCqmzm61qTOA1rmmsi7UjHD9lJ5wsMCvOfeXmIBAj%2BdRQTBhingrIwXsCufDXzXvFH5374UUW%2Ft1bnbncihbfhQR0m5B7Gz%2BTIRmYALZtNvUNj08nF5ZdgrCTlf2efNOxzW5TPI9G4i%2Bo8vN7P%2B4jbk1j%2FyVynhYhxqtfF9otR4ciZrK59Xvc7vCLReAyfURZpjdMOX%2F5XutB%2FMO%2F4Hr2EAbhXeT8JQ%3D%3D&ptyp=4
1292601805,A:SGN_20260918_A:DLI__1-0-0_ECO___887590868,2026-09-18,Economy,VietJet Air,VJ,646,VJ 646,Ho Chi Minh City,SGN,Tan Son Nhat International Airport,Terminal 1,Dalat,DLI,Lien Khuong Airport,,2026-09-18T20:40,2026-09-19T11:25,14h 45m,1,False,7446139,0,7446139,False,https://www.agoda.com/en-us/packages/book?cid=1753802&pk=A%3ASGN_20260918_A%3ADLI__1-0-0_ECO___887590868&pt=AAAA.AAAADLyacXMjqEt5Axva1Zm90cQR%2BWcEwgrfl1ZjSJtME6f6%2BslW%2BfZtNhoCpE2LySz%2Bdh0gs1ta%2F539Bs2MFG745LZr8%2FwyWkmeKrejglUinnfiya0gajb%2Fywtv4h%2FL7JfUwHdncVTxgpMBjoyXLGvDIVfMA6MA9oKLp281ZoC0KRQamAYiienm2SbI8p0vgVc0ebWqX6v5JPOpB7tKkOiT%2FGzsBixqsRV%2BpLfhvvB8dpSO73F7nV9E%2BQE8%2FSkAt89mupEhaO9dBf4TDr7YSLbo39zkcz%2FIsfsRdXytPCIela0s5bQW8jHUm934%2BxI1DcfN9DEY3VI4Y3sg5AObc9Y6pkF0o9z5snrH7O8l%2BPdg3%2FjdbYYEloZyWybv%2FYsZi3Bnur3LQna9cyM%3D&ptyp=4
974226102,A:SGN_20260918_A:DLI__1-0-0_ECO___1296359329,2026-09-18,Economy,Vietnam Airlines,VN,146,VN 146,Ho Chi Minh City,SGN,Tan Son Nhat International Airport,Terminal 3,Dalat,DLI,Lien Khuong Airport,,2026-09-18T19:55,2026-09-19T07:15,11h 20m,1,False,7743841,0,7743841,False,https://www.agoda.com/en-us/packages/book?cid=1753802&pk=A%3ASGN_20260918_A%3ADLI__1-0-0_ECO___1296359329&pt=AAAA.AAAADCO%2B4MkvR%2FtN5UdeXqwqvBRu6AikZMTTgjowt2MpWMYO5c34To8ar%2BWA96lIfenZvMZrExL%2BT%2BbL7%2BfINKxnXdankaAAfZf7xc43rKd0iXdf7idOpQBMi99JH%2B2pM%2BQrm0iUYKFIuupjnCm0iIdRzZQvcfSAeAFrP17hfpakfKCYbtAjin5Rl%2Bvgmw8jfuyYKX5HpBEDtLLFpeWKqXwUucGOr%2FT7HGbfvyfgVGClT5twkr1UiLkk%2Bfaa1pbwMxiMsVtMMZKiQQ5q%2BhOGCiwZiOpaTG3KXkQ3bTjIwHAWSUzXPHi0rbbgNXwNbhhWn6z00F0kwGegS2oepjWgP3GricenGWEoEIK8vd7iW4bZaKX3E%2FII99308w%3D%3D&ptyp=4
1086247437,A:SGN_20260918_A:DLI__1-0-0_ECO___1754622506,2026-09-18,Economy,Vietnam Airlines,VN,208,VN 208,Ho Chi Minh City,SGN,Tan Son Nhat International Airport,Terminal 3,Dalat,DLI,Lien Khuong Airport,,2026-09-18T08:00,2026-09-18T13:25,5h 25m,1,False,8047405,0,8047405,False,https://www.agoda.com/en-us/packages/book?cid=1753802&pk=A%3ASGN_20260918_A%3ADLI__1-0-0_ECO___1754622506&pt=AAAA.AAAADD%2BJscI2U3WV8%2F3mbtOtYfs7egiV3VWLNCC2Usf9krklny9b5fSQBtDSn0o%2FN7TSLA2%2BWdiWh7Y8ubrPg103nnx8zZ7nXO3r%2FU%2BDDvaplEji0ecAF8yANNiar4pb3vtyMRYfDhav6DQf8H3B4GbiNMuVcfAFHXhW1DBNKEvlrq6PJSWMBwoSJDLIwjBV96iOErrEqkutwlU%2FiQDJBVGLMC5cBc4%2F2%2B1lCMpK%2FIn0bR6d%2FZ5QNoDmF99JA3Il5V4Sc1wz7nW1JoXKEU%2FmgZEosayKfsBHeNWeurA%2FcpLVrkTXykpWyx%2F88gzc1Kzta23bauNOyfasBL0WQLxAscBnwYV4F4Hp3ogDV1CzPkOqkdE6GRujm0Xj8wVQbKC7tY%2FrWOPV%2BKVAZFseJouR%2Bi3P3iII2m0e&ptyp=4
1631966988,A:SGN_20260918_A:DLI__1-0-0_ECO___2141624221,2026-09-18,Economy,VietJet Air,VJ,162,VJ 162,Ho Chi Minh City,SGN,Tan Son Nhat International Airport,Terminal 1,Dalat,DLI,Lien Khuong Airport,,2026-09-18T22:40,2026-09-19T21:05,22h 25m,1,False,8537293,0,8537293,False,https://www.agoda.com/en-us/packages/book?cid=1753802&pk=A%3ASGN_20260918_A%3ADLI__1-0-0_ECO___2141624221&pt=AAAA.AAAADIVPSdNp6nOU6L5X2%2FZRO6mf4jxu9g3x5qhVN5Ze6ple6fd4KiMGahIkKlZGE%2BgekpgrvBspiI%2Bq66g3Ii3IC6L7jVSW6I1HTmU6TYBu9rYgD4NlAWfnQ1ah7bufuZRyZQVn8kZJFp3DL6yRhAHE5ZC%2Byi8B%2BHZPLCe1IpNOJe%2B0Lpn9Jq2tF3C44r7Ckin%2B9ixErk3jaCKhXQsy1rd04eI6IQ%2FU3uyQ3GCWYogqIIGt0ltBEgHIDWAPzSB7%2F1F6r9%2BA0onDTtNW8tPeH5CbgWS5hjWOPs0yqlshPgWxov7Pxtc0p%2B%2FmB1dKw1uqjqnWhTrh0KtJl3Y1DfzgaT317As2TFUzWMli49bvU4UXJ%2BqwQx%2BIANXM1P9VuAEdfk7WCFfuJ8ajZFg%3D&ptyp=4
813840604,A:SGN_20260918_A:DLI__1-0-0_ECO___1720274857,2026-09-18,Economy,VietJet Air,VJ,162,VJ 162,Ho Chi Minh City,SGN,Tan Son Nhat International Airport,Terminal 1,Dalat,DLI,Lien Khuong Airport,,2026-09-18T22:40,2026-09-19T17:30,18h 50m,1,False,9282472,0,9282472,False,https://www.agoda.com/en-us/packages/book?cid=1753802&pk=A%3ASGN_20260918_A%3ADLI__1-0-0_ECO___1720274857&pt=AAAA.AAAADIbmatzBLV6UUHVnIjUL7ZWGW1m8NnMwP7Em5MD8U3KprV04ymxA%2FHIxKXrjVuYcEyZsHTuykYeZWPbMNLUibuV1y49dh1pqsyaCsmrFzH3zFq1nA2wc07cJ4aBhlg63Eyn45gXVNNBdMUYDMh6XmqIdTIXT4ZpOmTSPP48IZiM7p%2BQBN%2FyZi%2F2XQM5NW6%2Fsazx6xLzo9aeXWXUx%2B4bFEwd5H%2ByBbiqZvn0Z9qQsS8loW4NVdREHF%2FcAWJmb3BUc%2Bd6ILR7RN9NvMhSzQLYRHEHWMY%2B7o5R%2BQqdr3MPSQzcPdaycKJNHQ%2BemRAybyTlHA%2BP4BNLSqRuSPyStwJnRiMVG9WfNeCXNkpfjB2IqAvo3Iwmy412fhz%2BVHGusUgfHy38GX7fjenhXfw%3D%3D&ptyp=4
1280061929,A:SGN_20260918_A:DLI__1-0-0_ECO___2140762252,2026-09-18,Economy,Vietnam Airlines,VN,224,VN 224,Ho Chi Minh City,SGN,Tan Son Nhat International Airport,Terminal 3,Dalat,DLI,Lien Khuong Airport,,2026-09-18T22:00,2026-09-19T08:50,10h 50m,1,False,9316830,0,9316830,False,https://www.agoda.com/en-us/packages/book?cid=1753802&pk=A%3ASGN_20260918_A%3ADLI__1-0-0_ECO___2140762252&pt=AAAA.AAAADLD0hgsnV5bZzppz1Ww2LGj%2FPw3dPVZgoIS22sQuCF1h036YObynFG%2F%2FldGO1L%2BwU8kMhXw%2BrYgV34%2BgauanWGkGEL6hujlzdXZDHQnk9MJCXiJ6aPhhthKcOUK6Z%2BqEtxCdp8iOJ2QWUFdKsBghGJN4zgsfbsy69Koh7O4rH7VunL5Z7%2FTN6hDWJIgOYCSMAlOK0aXCw4J3Z5TpBRzWedLjn9arzg1Sh6x8lhCt0yM2EoXFMxC1LaXikql9spOaRytfpaHhrwuvmUMxtDty5lXOIf6zqorcMpgIM3ITkZExpG97o7iZzjpLrdZqnRVIl%2BPEmcALWaJDnGwY9DfX86A6dUZatP1sluUmvr7x08WvCvIBgFqstv1FU9IBoLEKFvM%3D&ptyp=4
995030328,A:SGN_20260918_A:DLI__1-0-0_ECO___80337497,2026-09-18,Economy,Vietnam Airlines,VN,270,VN 270,Ho Chi Minh City,SGN,Tan Son Nhat International Airport,Terminal 3,Dalat,DLI,Lien Khuong Airport,,2026-09-18T23:00,2026-09-19T08:50,9h 50m,1,False,9614473,0,9614473,False,https://www.agoda.com/en-us/packages/book?cid=1753802&pk=A%3ASGN_20260918_A%3ADLI__1-0-0_ECO___80337497&pt=AAAA.AAAADHRKmoBjt03Q2ILU3lxNv1Dg936alrcvRtf%2FQ9Y1qNAz9Y%2F9NpAvPWATAvX0iuzghmh80BTaOnOBwVCMivrj9zPOI9FtuWpxKF6qXbvTBZVtVRFBfRjJrOuNZtIbzKNJNb8kR8YUZRe%2Bbds7PxhyUgtTex3llyLEXz0h5n%2F4snxHEg3zbwjx1fqGGXgAZeFRZRQLzxGmrYTQhtI4cfBrgqNJP1gBpxPICT3ZCVsWFXpwbqI2jkyQGiADaotsiYw1LxiH2ZFr8IBIkkAaC30k72yt7PvkD4uuCBC0xVu85o7XqdR1FaB96JG%2FW7TxO8nzidqoa1tkPf4Jmf8UFudAmLCthnOddv%2BDCuON0Sj5O7BVLu1zuYRIwIfEcAmnI99C&ptyp=4
1524296170,A:SGN_20260918_A:DLI__1-0-0_PEO___274803383,2026-09-18,PremiumEconomy,VietJet Air,VJ,1362,VJ 1362,Ho Chi Minh City,SGN,Tan Son Nhat International Airport,Terminal 1,Dalat,DLI,Lien Khuong Airport,,2026-09-18T06:10,2026-09-18T07:05,0h 55m,0,True,1794214,0,1794214,False,https://www.agoda.com/en-us/packages/book?cid=1753802&pk=A%3ASGN_20260918_A%3ADLI__1-0-0_PEO___274803383&pt=AAAA.AAAADKcVQuYfycG0zJGhe8Al7qbp%2BzQ9NrTUMkRlTpluTRvBelPGylk9W3oSa8eyY2wsIeIY6ec2Zo4Yan9B0VQ3B9WYHtxn7%2BVD5vTwAYycG%2Bmmq%2BhjE2L1P7PrCeLn%2BZKCNdItJaFVjzC%2F9%2FyJjqtrdFr30Q3abnrfCoSCB4Db%2BL082AysFvqHBG8i%2BlWFFLgmXW8ieUrsXkWeTtHGGqv6h5C96RsmlODndvRhzymQb%2FilXM9%2FxNHCZeQHb39CfaibT0rCS2tR46nbq7Q7dLAp52df4p%2FQXFz3ASifr0higS6neJswBKcPL0nLD1c80Mefkrf88mxyx%2B8lKq9C70%2F8a%2Fih5Dg0m9Poh8A%3D&ptyp=4
1794344533,A:SGN_20260918_A:DLI__1-0-0_PEO___840640908,2026-09-18,PremiumEconomy,VietJet Air,VJ,362,VJ 362,Ho Chi Minh City,SGN,Tan Son Nhat International Airport,Terminal 1,Dalat,DLI,Lien Khuong Airport,,2026-09-18T15:00,2026-09-18T15:55,0h 55m,0,True,5014223,0,5014223,False,https://www.agoda.com/en-us/packages/book?cid=1753802&pk=A%3ASGN_20260918_A%3ADLI__1-0-0_PEO___840640908&pt=AAAA.AAAADN%2Fk26TPi9IzmHvGRln7yti%2B4AaIglpSY5qw%2FJW1e5FQPzYHrMDTCpq0sDG8UKXKTKPMV8MpHIEYGfCRzw237avcv1e6tA8O62uFZVu7YrOC1xYOzl8eviFlA6bRjXhYJpS3jHMIZ%2BT2atk0z5BZWAxqe6nnWTR%2F7hxvLStUWFgKcv7cvWGyF3qO2YTngBntnTYb9zDaWn5Ud4Xt9M%2FbFl8HEd8tAPhjJI0EkDyU8L63BK73dlYERKHZJxBjJqXN2lC%2B7cp887wzRufs2N572e%2FbWas47OHDV8KK2Euc11GZL0w8XkmF1B%2B05YebFrxokNX4m%2BeieDC3R94ijxGjRdysCpSBLRne&ptyp=4
737091545,A:SGN_20260918_A:DLI__1-0-0_BIZ___85687799,2026-09-18,Business,Vietnam Airlines,VN,1380,VN 1380,Ho Chi Minh City,SGN,Tan Son Nhat International Airport,Terminal 3,Dalat,DLI,Lien Khuong Airport,,2026-09-18T05:50,2026-09-18T06:45,0h 55m,0,True,2668633,17900,2686533,False,https://www.agoda.com/en-us/packages/book?cid=1753802&pk=A%3ASGN_20260918_A%3ADLI__1-0-0_BIZ___85687799&pt=AAAA.AAAADNdp%2FDeJaTL1xFvfLRKpzXEpVONfVtjZhPx6HyzCrTADx55vY4W%2BcKFbPCtBqrx1DgmvpLTeYGKfYe87kK0t%2F1q4QwMiOgwaPbpPojTx%2FoaqGsDzyzeAMz1Odog69IWb3Oj0pU4eglvpxLMFwCwsTZQaBHl3RfMu4KMsLAVmhXln%2BuReUA7OX6x4PrkrjJqSOCwp8QzW92XoRASxIqZpXpjQrwTP97358cJ5TM1%2Bvh%2BXkW6ZMDhcHUdh5Chvmt6SsvqySvZ7Oxjr2UuM%2BasLmSEjrw9Hb45BthSvdOPpjSv9bMXQ0YtyuIFCLphwhpmeBfTAZylbW7mIYe8SFF%2BvpvvT5%2BfnctmuesZFwCAB%2FwjpYurorB3XjA%3D%3D&ptyp=4
574681932,A:SGN_20260918_A:DLI__1-0-0_BIZ___714584177,2026-09-18,Business,Vietnam Airlines,VN,7388,VN 7388,Ho Chi Minh City,SGN,Tan Son Nhat International Airport,Terminal 3,Dalat,DLI,Lien Khuong Airport,,2026-09-18T14:05,2026-09-18T15:00,0h 55m,0,True,3970342,6613,3976955,False,https://www.agoda.com/en-us/packages/book?cid=1753802&pk=A%3ASGN_20260918_A%3ADLI__1-0-0_BIZ___714584177&pt=AAAA.AAAADJa7jIIAKSyQ9P6mT%2FYhEvTuzmQQVZ0tZHPEckfn3DtTq5Tzk%2BAbvTiFt%2FX6edFtUUYNLbP7H%2BVCJDurc9ZHNHegQfaibnfVtpxKqtaTMCRApA1PgTIL4Gf254F2W0DolFwAmWr%2FGb34U%2FhuPHy92A49PGHO3EkJzN4WrDemz6HA9HI46cvvEkLInLZkPI5cNmE1QUmGTDxZ3nV44pHc2KoHKfSZH9n3bjEImMH%2F1C%2BvE30rKqbjDUzlBArQSsRghSsthNu3J2gDgzq1JTsB2ZFtC4gOG9fSsrs9NAqoye6eDUQ3CLqJXOKwqd%2FW69AatwNVozTnG6oOQ6pY9c%2BE4Dv0Zj0N0n4Yiz5%2Bl0e6RBF%2F1frqTgyJEQ%3D%3D&ptyp=4
1217615813,A:SGN_20260918_A:DLI__1-0-0_BIZ___940945166,2026-09-18,Business,Vietnam Airlines,VN,1382,VN 1382,Ho Chi Minh City,SGN,Tan Son Nhat International Airport,Terminal 3,Dalat,DLI,Lien Khuong Airport,,2026-09-18T10:20,2026-09-18T11:15,0h 55m,0,True,5873209,0,5873209,False,https://www.agoda.com/en-us/packages/book?cid=1753802&pk=A%3ASGN_20260918_A%3ADLI__1-0-0_BIZ___940945166&pt=AAAA.AAAADMfUp0VU%2BURARZG0s0dbrnYViTHhy2dJcaWdOz9kxE2V9wxZbnVho6Hx13B63ZnVwRCV03dr55p42oX%2BZk95%2FHxKsDHY4zAez%2BYleFciNXO8Bd2wUjAKo9gNIW3KZyJ3lF0T2hdOrKomOzycHvsy%2FgvAg5uWiSQQTU8ySmLQ%2BE4l9lbopl5ChmxV5VBYT1migt41h9mjob3xfEpudybdfQ6U%2Bsns9UmHRe3iSSh74q2hPA8e6FXjM3cu35qDWY76bcsez%2BscnlKO7NSjlQTVWGvOxNRcAXG698mqeqz5JfykNm2VHNmS%2BcDNjh4kj8Ik9Kff8y6h%2BQ5NwmCQE4U643MM9%2B46eaAa76Y%3D&ptyp=4
817368037,A:SGN_20260918_A:DLI__1-0-0_BIZ___1845870464,2026-09-18,Business,Vietnam Airlines,VN,1386,VN 1386,Ho Chi Minh City,SGN,Tan Son Nhat International Airport,Terminal 3,Dalat,DLI,Lien Khuong Airport,,2026-09-18T17:30,2026-09-18T18:25,0h 55m,0,True,6283881,0,6283881,False,https://www.agoda.com/en-us/packages/book?cid=1753802&pk=A%3ASGN_20260918_A%3ADLI__1-0-0_BIZ___1845870464&pt=AAAA.AAAADKjcZN10jhYd%2FFzzNOCuP4384%2BUOoSRW6PCeJ7hBc2rLjirPW665kjiPLKSsrKCOhy1nb%2BYNrAwusd8XHd0JRNCs%2Bvx2nXOF1Ue1%2FRt80eP5lV2cFE%2B2DfJowQjO7qJuu6ud%2BB2C5qfExZS5ma6y1Qbri%2Fr3%2BgYIr6Tqpl1gSvVpdO2qY%2FkQpgdTJP1p%2FtJKiuiyEPbJVc0AJlwDeX14k1DlcmrljRl7nSg1scP2gLh7v%2FT%2BI7Uk%2BtrF2dNvw8S0n8CxNUoQ8XRPeXlJotDbuvCTisiX2L%2B5lLRpANi93SrG%2FDuc4AXAj4QVqHN8XrIYJHLSyxr%2B5XyuwvWSUqEB9uiw9MgU6EzNSA%3D%3D&ptyp=4
1492095094,A:SGN_20260918_A:DLI__1-0-0_BIZ___660554153,2026-09-18,Business,Vietnam Airlines,VN,6170,VN 6170,Ho Chi Minh City,SGN,Tan Son Nhat International Airport,Terminal 3,Dalat,DLI,Lien Khuong Airport,,2026-09-18T07:00,2026-09-18T07:55,0h 55m,0,True,6283881,0,6283881,False,https://www.agoda.com/en-us/packages/book?cid=1753802&pk=A%3ASGN_20260918_A%3ADLI__1-0-0_BIZ___660554153&pt=AAAA.AAAADKUN7rN4uL5UoaSN3iR5ED1uaF%2FrZW9rrFwgkQFB1OctzrxiI%2FbJ9qiF46B9RnZSgp6gGGzurHB4yXZwPq4cSoP8XlKXAgMszXb510d4sUlyWdrKzeu8ugtobaVhfbUZ9wKQ3B1KggFyJAQ61HiWs5Z9GRAU93%2Ffv3c2SNPM8ErnB5aEs7geu2cLKeDhOz0lOxeYDTG%2FChBqDXAilWoZHpK0Xejye%2BJqem9r%2FQVkqwHdPMQ2epyajfCIBQ9M5jdk%2BiBkLQhQseHuNHm%2FqIHsd2bzJFET4PdNZa7JJffKJE9Zy8mpeqFQ2JLTGDOj0KKITAgHoOwbdhmHU8xueJcvdTk2EG8uDs4z&ptyp=4
770293905,A:SGN_20260918_A:PQC__1-0-0_ECO___920323827,2026-09-18,Economy,Vietnam Airlines,VN,6103,VN 6103,Ho Chi Minh City,SGN,Tan Son Nhat International Airport,,Phu Quoc Island,PQC,Phu Quoc International Airport,,2026-09-18T10:05,2026-09-18T11:10,1h 5m,0,True,969790,21980,991770,False,https://www.agoda.com/en-us/packages/book?cid=1753802&pk=A%3ASGN_20260918_A%3APQC__1-0-0_ECO___920323827&pt=AAAA.AAAADByCDVAgKACFm%2F4jvBwotz%2FDbYSTv4VzusOX%2BoSk1O8v4wVeciQFZk%2FdxPZIqa0zP2AUUUEZApJcfUhFRa49i0gU3J6hhEcwIpykryk7wiAKYgf9tm%2BOlp7EQUnTp%2BKRoDY5l0%2Fc90a84HEc55ivuovmkD8KGz28aEe9NiGo4BYdGdVBgLbrUxgAtlom7ASBaxE61Iw1m24gOsPnp7pZQpjcAocOf%2BxmYcJPwE3ojXpnBLTZ%2Fj46hX%2BM175sckhGA2SzyabgPY2kQb1prmaWX3j080%2BZ9XeeO3iyhPX4j%2FoURYLXTkeMX4AKdXtp1HDTSIxN4iwEUwQ7SYgk%2Brilx4J5KbcODNWwWSSLxYVChptVdT0KXgbznA%3D%3D&ptyp=4
1457852508,A:SGN_20260918_A:PQC__1-0-0_ECO___704823853,2026-09-18,Economy,Sun PhuQuoc Airways,9G,1985,9G 1985,Ho Chi Minh City,SGN,Tan Son Nhat International Airport,Terminal 3,Phu Quoc Island,PQC,Phu Quoc International Airport,Terminal D,2026-09-18T18:20,2026-09-18T19:20,1h 0m,0,True,1001275,0,1001275,False,https://www.agoda.com/en-us/packages/book?cid=1753802&pk=A%3ASGN_20260918_A%3APQC__1-0-0_ECO___704823853&pt=AAAA.AAAADMHv84fXBf29DJInbKFjMIvYgjQ%2FMmSsZAPr%2BT8ll58uXJP0uxhfkoLCCnzKiYPcp28jAyYLXcJzRY%2BvV8nxTgaE8H5%2F5V8F2JxFgiYO3TiMJIv4I9BjjLBpww1NMTjdkOiPTB5ZaYRoOUZfLIa3F5n%2FvBqIK5V95X2S8MgM4hlcar%2FpGKKgEYQ%2FiLkj2KBN4icgD%2F5SN100uwSe5yamKz2IqyCkJWSVs95h50a5pic3BAx2pxgnKb%2FtXGQlOwYCa%2Fp81OSlFN44O0oYf1%2BY1zqbN6OSPgxUaQ4NERbH4zxZNvpJRChccW2z4j4FHU2i3QGBPOzI9SqgHsmEfLg6MOs5vMLPDNlcOhhJkyrX6g%3D%3D&ptyp=4
774696897,A:SGN_20260918_A:PQC__1-0-0_ECO___1674472509,2026-09-18,Economy,Sun PhuQuoc Airways,9G,1965,9G 1965,Ho Chi Minh City,SGN,Tan Son Nhat International Airport,Terminal 3,Phu Quoc Island,PQC,Phu Quoc International Airport,Terminal D,2026-09-18T10:35,2026-09-18T11:35,1h 0m,0,True,1009305,0,1009305,False,https://www.agoda.com/en-us/packages/book?cid=1753802&pk=A%3ASGN_20260918_A%3APQC__1-0-0_ECO___1674472509&pt=AAAA.AAAADPKm6PosT1ORyHvbxH4zAsQTAssgxMfmiZMGu1jjX67ojGID996aC8M2fAwoUjamn8tIbyv%2F4T9eu9EMa%2BH8HNlUd5zsVRkXYasTmhdqkLFQutaHdHp31P1831n5%2BsuswZry4Zrv%2Fdz6o2Cd3Ne5VneafwBk2NEtupu3QIaULDzD3w3SJNKBYsbi1ZZaEOYQc%2BDxywPzT98TwKvMnMRTdcaDxTGRYZ9r4m8q8iwYWVQE0yXmYuU82hUPdAae4VDwSUAWrV%2FxUdfljwfWhSC3DRuWMptna9HVpMMwYP3RjixA%2F5dGU0dN4297p2RpZdTdNeq1qFk6KpSqiKxEb5GkTwJRJMtSebgnYdU9OrlBuA%3D%3D&ptyp=4
2086963150,A:SGN_20260918_A:PQC__1-0-0_ECO___1140887088,2026-09-18,Economy,Sun PhuQuoc Airways,9G,1963,9G 1963,Ho Chi Minh City,SGN,Tan Son Nhat International Airport,Terminal 3,Phu Quoc Island,PQC,Phu Quoc International Airport,Terminal D,2026-09-18T09:40,2026-09-18T10:40,1h 0m,0,True,1024561,0,1024561,False,https://www.agoda.com/en-us/packages/book?cid=1753802&pk=A%3ASGN_20260918_A%3APQC__1-0-0_ECO___1140887088&pt=AAAA.AAAADHGHkneiSIW3ynSsJUd13hqDvDoJHOGt3dqJnAIWNB4ZCoRX88fVczWwqSIwVWBKCicnuxnLGWIVRC8lUakylblAYhnjTvpllsmExY%2FRszaQ%2FZgGeVW07EJLMCoQ%2BrcvS8JPR%2FKK2emid1CSARqN1hytu7mnMHK%2BFmQKFj65J%2BANVDO%2BinFxCmf5MV2bvDukNcEQHPiI5r8Mc21uWIbxHojdOjpzFv48Ojt5dDqdL%2FMNNU%2BQnPMIe75IkdpIs2gG3FvgmYy%2BxCzOshrURKcLTQ2DBr%2BcPRYOUItcVZoI8ivUhD2E%2Fpuj4U8S8NBO%2F5gV2Z4N%2FxiIarOJi0r9xg5%2FRbkvcEH5qyanEJ1krOkR2Z%2FXQd8%3D&ptyp=4
1890073828,A:SGN_20260918_A:PQC__1-0-0_ECO___52455277,2026-09-18,Economy,Vietnam Airlines,VN,1829,VN 1829,Ho Chi Minh City,SGN,Tan Son Nhat International Airport,Terminal 3,Phu Quoc Island,PQC,Phu Quoc International Airport,Terminal D,2026-09-18T15:30,2026-09-18T16:30,1h 0m,0,True,1048196,18304,1066500,False,https://www.agoda.com/en-us/packages/book?cid=1753802&pk=A%3ASGN_20260918_A%3APQC__1-0-0_ECO___52455277&pt=AAAA.AAAADO2OieyiRFcXBoft31EluC0LIJ4GeRprbgWkwO3F6G2gm%2BCQT08ukOsAyfWr6rJqTShAQkID9wIziAz%2FH4sdrluWTssLH9WhugvmJboI2YiZuMMmdojEySMHR5iDowMBKK3jUdS9SHFbhc5UxbAIRjwdiYGHUikG6DkNSlsmDaZIN18FJ8MH54gN1CFuAjJBDo1iqNNUBLR1tj%2F0TH6IpLLHnN3e53MkF8UsfvmTV%2Bepzd38sH%2F0v2pFni%2FxI%2BUmUkfmhsBvP40Gc7EACk6az58L8kNb9TA8yKda5t1YIId6o2K8c2gw6JmFmVo3t5w9g6V%2F6omNr5ldWVBfYnOAsaI95ia2j4%2FNKoVKIQXq60V%2FgoYxB2D6dQ%3D%3D&ptyp=4
76309144,A:SGN_20260918_A:PQC__1-0-0_ECO___326119752,2026-09-18,Economy,VietJet Air,VJ,337,VJ 337,Ho Chi Minh City,SGN,Tan Son Nhat International Airport,Terminal 1,Phu Quoc Island,PQC,Phu Quoc International Airport,Terminal D,2026-09-18T09:20,2026-09-18T10:20,1h 0m,0,True,1144958,0,1144958,False,https://www.agoda.com/en-us/packages/book?cid=1753802&pk=A%3ASGN_20260918_A%3APQC__1-0-0_ECO___326119752&pt=AAAA.AAAADNTQ%2FR%2FLVMuy2BKCgtgf9239GezBlY3C4tfk1hAXvJdYkRx329R20NUm%2BYx2r4pBcthJIZSZ5TvAeqm6wuQhQLQ83gAGpoa4MPBLMNQmCfk905m2VFRTLh%2F6bLOmZeBTS1ISXkwbvSB19DsOr7byspRZYfX40vbyn%2FXWEAwMpvJqRGeDucE9bmRGj4gZrErx8qhzjF%2BuZyEq6mEtbR0hruYKuJVcUxmRclAW81W6%2BdenkyWgHrIV1GDNMlg%2BtyX4T3ICrjVwrHCwxNlxSSJAabWUNJSZ4sdwsEBbyWxdwWZZmZjAURUOqipnp3Q0coi2EV%2B9%2F%2FVzyFe0OV2jFGqgUAe6U1NFvx6lvfAGq6apO3S52Uio&ptyp=4
1381016507,A:SGN_20260918_A:PQC__1-0-0_ECO___481851565,2026-09-18,Economy,VietJet Air,VJ,335,VJ 335,Ho Chi Minh City,SGN,Tan Son Nhat International Airport,Terminal 1,Phu Quoc Island,PQC,Phu Quoc International Airport,Terminal D,2026-09-18T11:20,2026-09-18T12:20,1h 0m,0,True,1144958,0,1144958,False,https://www.agoda.com/en-us/packages/book?cid=1753802&pk=A%3ASGN_20260918_A%3APQC__1-0-0_ECO___481851565&pt=AAAA.AAAADHlxFe%2FZKsP1%2FuFbRoG0OKccmyc33Lo6qcuCCLtxzrLmDH672IlIjL%2Ba4gQyaqTGMF3AKDczo05IYiHvngaC2FCqLwMq3v%2Bq0ZN%2Fsoc62u2s%2FRb%2Fp5U%2BO6po7jRL435EXUZD6iZf7xVylaZNINy3ecxd1ysHlSgObfkOj5KJmqraAIJCP12V67GQn2ZlrOiQae8lwz9HLvL8ciuSK2pMZnQlj9A%2BGYRZFvM0KrZ1jVhxE0fT7EZ24ktoc%2BDuOicXQD6IKWa9t50zKxb5CGCTcjg9EwgMvzzoLdylz4wzaPMz6F5kzM%2FlypKOas6%2F9IC4lLjYpNXFF85PaQJ4d%2BIBA3s5osSJBkdb02reBfgBknekNKIarxbD&ptyp=4
767338971,A:SGN_20260918_A:PQC__1-0-0_ECO___643063455,2026-09-18,Economy,VietJet Air,VJ,327,VJ 327,Ho Chi Minh City,SGN,Tan Son Nhat International Airport,Terminal 1,Phu Quoc Island,PQC,Phu Quoc International Airport,Terminal D,2026-09-18T14:50,2026-09-18T15:50,1h 0m,0,True,1144958,0,1144958,False,https://www.agoda.com/en-us/packages/book?cid=1753802&pk=A%3ASGN_20260918_A%3APQC__1-0-0_ECO___643063455&pt=AAAA.AAAADP1omzIw0zlR7LlZpKv0P8nrigphT4IeaU1qNsAKCpwwngrQkkG%2Bu2LKNhGXrS5BWyRhMCU4CdAk7Ed6euN6Q%2BfryQk%2BnLm%2FDmodrqWZ000S28OCXQhKURsTw8inpy53R%2BGoHn5R4anGYtBYfp9fKZ9kXH%2BjHtET937S2LLZZUCoOcRyOQh4EdV8DnYb49HckCVRak1K9p9J%2F9TBfwe8B%2BCbmlTowQA7ndYY1BRspkRKgUPZgXOiR1bn2IjPN6Z8lNcugSFgXLnSq%2FKN7HKcXGH1766j3gb9hMsBFshwdb3Wbvo7gxgZCA8aJijK1ns54CjcqBforhpVCTMHxFp5MX6BMhdSB0ugdxqFjofQtAPcI2duIw%3D%3D&ptyp=4
754970619,A:SGN_20260918_A:PQC__1-0-0_ECO___1724137882,2026-09-18,Economy,VietJet Air,VJ,321,VJ 321,Ho Chi Minh City,SGN,Tan Son Nhat International Airport,Terminal 1,Phu Quoc Island,PQC,Phu Quoc International Airport,Terminal D,2026-09-18T08:50,2026-09-18T09:55,1h 5m,0,True,1144958,0,1144958,False,https://www.agoda.com/en-us/packages/book?cid=1753802&pk=A%3ASGN_20260918_A%3APQC__1-0-0_ECO___1724137882&pt=AAAA.AAAADNqD4kfSOFWz38c37%2BXPEGFQvZQApQuvJS6%2FQAFAs8bNaRxt%2FUbS85EjrLt0ctfy2v%2Bq0xlY%2BzoapoMdAEcCh58e2omRYPIg801ryaA9RuGFMk0CbB77jR45mlClqtTmTCXbDDGyNffoSxhwgoC3WqDKF2xM3fim%2FCS3E2v9siYcLRed2833jp5b8RbWIwX6vJXz8POgEk2wrZdr%2BeMuDIH%2BJJxax86u4CF2eGkmPaPMHQ2xkvZgHEfy5ZVldyGG0se%2Fc3ihMvQV3FtYChC1dc%2Bqu712puRiaK5KHwGPEbNF2IMV7ss2ub3IZGH6LPpUczm%2BvPRef2yW9rmMpzqYNxCpMqwRhwEsmYWyJzG%2B488NaGo%2FO%2FfL&ptyp=4
213341238,A:SGN_20260918_A:PQC__1-0-0_ECO___1554668283,2026-09-18,Economy,Pacific Airlines,BL,6103,BL 6103,Ho Chi Minh City,SGN,Tan Son Nhat International Airport,,Phu Quoc Island,PQC,Phu Quoc International Airport,,2026-09-18T10:05,2026-09-18T11:10,1h 5m,0,True,1145513,20003,1165516,False,https://www.agoda.com/en-us/packages/book?cid=1753802&pk=A%3ASGN_20260918_A%3APQC__1-0-0_ECO___1554668283&pt=AAAA.AAAADO3YIbc9%2BgxoT6TpnDPLx6G1kKDiw0YXw4r%2FDRoC8x%2BsRpcP80I0YXrknGSti%2BeyWEzg5ZUh%2BSAToJqVH39e73RoYmex3g74RM3tMAR1lPtYA35KVQUEvixDiZqXWioipVvUYpWo7RqnLOusqHWQP%2FeE%2BJosZgWSt%2FFwlI57AArAm17t%2FqMZjmkpzxW1RpPTaDqvNlg5BSQ6F%2F4YE2C5Ic9vsChTE7TqiYOfbaYL4LI14aPyA1M8Y%2FxZpvKVX5%2BTTCxrhJASITHm5jdA1UgQB5vgm8qcU7Zc0S91kEvIhKOS3jZelv1a%2Bx31Mv%2FGQDkS1MQoEi9FwYX3jlZQVXj1LcxTkpNxd%2FT%2BaUrwuys%2B%2BwKLKJjl&ptyp=4
1973637027,A:SGN_20260918_A:PQC__1-0-0_ECO___342606544,2026-09-18,Economy,Vietnam Airlines,VN,1823,VN 1823,Ho Chi Minh City,SGN,Tan Son Nhat International Airport,Terminal 3,Phu Quoc Island,PQC,Phu Quoc International Airport,Terminal D,2026-09-18T08:05,2026-09-18T09:00,0h 55m,0,True,1180138,20608,1200746,False,https://www.agoda.com/en-us/packages/book?cid=1753802&pk=A%3ASGN_20260918_A%3APQC__1-0-0_ECO___342606544&pt=AAAA.AAAADMy3PcVPSmF8jIqJ7E9xBXcmOb3O8aFGCofaw%2FQHfCJK%2F%2FD5%2BAfwLZIvw3Krf2hawNnqkqNWQvVQZKGtFXmRVTEGFBb1CYs44j5IFpjACv0lQTm2ID3I%2B0%2BC0xcRVrmrw0XXIyzW6tI2QUoq4MjbcAe09pAAV9W0O%2F6CXqjcP5wyhiIGxOh4rv4ik%2FC6WXPLNpXXkiOyTbb6yogz%2FenR5jXwwAtYEKPODcLD7%2BK5JZaWgSZ%2FYSXTgOFgsLgRgEFaCMRfPWOUHJqHbTZAle0pycZjHdJI%2BjcSUIKeq5R4mQzQMNUXHZwd8n7AIQEi%2BzuGaXaqj2xcM3BQWRPsIZ7Qm%2FVP7iI9snX8smcmW75I2GKL4tmVQ4sqtQ%3D%3D&ptyp=4
1992710279,A:SGN_20260918_A:PQC__1-0-0_ECO___438373815,2026-09-18,Economy,VietJet Air,VJ,339,VJ 339,Ho Chi Minh City,SGN,Tan Son Nhat International Airport,Terminal 1,Phu Quoc Island,PQC,Phu Quoc International Airport,Terminal D,2026-09-18T07:50,2026-09-18T08:50,1h 0m,0,True,1272810,0,1272810,False,https://www.agoda.com/en-us/packages/book?cid=1753802&pk=A%3ASGN_20260918_A%3APQC__1-0-0_ECO___438373815&pt=AAAA.AAAADMbm3qBudKZwSyd5RH3piT%2BOtfn56Q9LsNvf42uliCMdFOLLO3OCuylggwWilpD5As2ova099k3JDqcGLcCDFPwx%2Fo9ArrtvzpgJn4%2BLLmuVnkRz3BeJyWedgUy5a97%2BgTPPhlRobV5VVup37rL%2FRnFFIYHO9Xjx%2BfjVf9h267bQZq2m81bL18oBrPUwPoFbDgc5xXbuy82SG8Bx3wA2EPAiRotDYpXPPYHpHVOjuZs9Zg4YctDTgoHQizt6pmgQxf%2B8MpW636qgaOFtKcyS7OoSP1mWGG2czi5m%2FW5pPrpkG5o%2Fr%2FuvdGgZr4aik%2BIlu59qEzXqjQfxHEGxEUx%2B%2F%2BK3ECPWe1METZgvzh%2Br4fyhBQ%3D%3D&ptyp=4
1751957142,A:SGN_20260918_A:PQC__1-0-0_ECO___395863885,2026-09-18,Economy,Sun PhuQuoc Airways,9G,1969,9G 1969,Ho Chi Minh City,SGN,Tan Son Nhat International Airport,Terminal 3,Phu Quoc Island,PQC,Phu Quoc International Airport,Terminal D,2026-09-18T11:35,2026-09-18T12:35,1h 0m,0,True,1508714,0,1508714,False,https://www.agoda.com/en-us/packages/book?cid=1753802&pk=A%3ASGN_20260918_A%3APQC__1-0-0_ECO___395863885&pt=AAAA.AAAADGkr8K7DgTWtyulDO67UITaFMOTvfpfO96GCTI9t30ZmZwwRfBgNiehcAwuIBszD0XfPrHqgvWcahrKWIzVga%2F9mNV5zkf0cSV%2BDp%2B%2Fw3g1HKUmS8NzoBXGsaVIbnQNg8U%2BIWb3FNBTwA%2FkzsXKG5w5pMCtZzpSATnSg4K33lxZc5E3f4KnuaYQ4EwhxBqX90VBeOBALI29En8UGxRzIeei8DwFl2hcQPXNrELtGgVrHeQNu66CU4ptZ%2FPpH5SCnNPdVemL2qtyfHNd3anfJITDmJsiHMWYNn1Hee2IJupNy67%2BDqv61YfJ7PIsI8ikyFxVdCqAlGFP%2FB0WIEyDqYlvz7T0%3D&ptyp=4
1715002794,A:SGN_20260918_A:PQC__1-0-0_ECO___1149098139,2026-09-18,Economy,Sun PhuQuoc Airways,9G,1981,9G 1981,Ho Chi Minh City,SGN,Tan Son Nhat International Airport,Terminal 3,Phu Quoc Island,PQC,Phu Quoc International Airport,Terminal D,2026-09-18T17:40,2026-09-18T18:40,1h 0m,0,True,1512719,0,1512719,False,https://www.agoda.com/en-us/packages/book?cid=1753802&pk=A%3ASGN_20260918_A%3APQC__1-0-0_ECO___1149098139&pt=AAAA.AAAADOi5%2Fqndx8r%2FwDh%2BOryT%2FHZ3lWGsIlHaWGG07NZIDrhmXfRQ1biZ0Cfx7eGP4Hz1iFYiDBw7SEVOv5jgjUHnV%2BQHhtDLymLP3x8JE75pQylcu8KNvv%2BYBXmk7QYQE5hkyT6hTGip17DEGI6tj4OIn8Nrd1w8u0EvmhIvRA50B5G1OXs%2BOgNgNQHX6rkYUZ69MCAcmtzJtPAmMnmvXigHUDZGnHzmXS6bxrOeNU3s66FR5SMPYH9ZvpFeYGD2n6vE7Xv%2FNDrZusihHqHHHhHrYDS3ZfGIm9ojmV2OewAYIT5X7nEM4tw2qwQjfra6RS0P8n8m1pp7XUd1%2FOIRMrg1TVgfC2JcTw%3D%3D&ptyp=4
559413919,A:SGN_20260918_A:PQC__1-0-0_ECO___1712247870,2026-09-18,Economy,Sun PhuQuoc Airways,9G,1955,9G 1955,Ho Chi Minh City,SGN,Tan Son Nhat International Airport,Terminal 3,Phu Quoc Island,PQC,Phu Quoc International Airport,Terminal D,2026-09-18T07:05,2026-09-18T08:05,1h 0m,0,True,1771424,0,1771424,False,https://www.agoda.com/en-us/packages/book?cid=1753802&pk=A%3ASGN_20260918_A%3APQC__1-0-0_ECO___1712247870&pt=AAAA.AAAADElPQT0MqYomSK1utFQ5pvPLishRjOqvvIyXBVuGe9Fr64eFExg511ftuJDJRx8WDw8KHj3iNC5XGC2mC08JoQTJS05FwQVQU7cg5ovgzLdsRixURKUFnhQjzG5x6xSvQnnENi2%2FhjZRoQRZ71xKz%2F6UPV%2FWgo2hXp2xA5wCneBO2G%2F3vfKvL%2FrrE1dclBNnmFLFB6unKxNOhWWQyxEWNjmOBQebgOw%2FT%2FWRoy2esL8KfrRlvKKeMisP20LNmrJD8mwjNoRTKGak%2FsPNcVWIr6MCa49rLSnNyhhMd5tAfulmRkNO3gIHsUqEaILXp1fmlLXKMTIv2s%2Bko57vlzCQvIG40Mo%3D&ptyp=4
656788331,A:SGN_20260918_A:PQC__1-0-0_ECO___568155286,2026-09-18,Economy,Sun PhuQuoc Airways,9G,1961,9G 1961,Ho Chi Minh City,SGN,Tan Son Nhat International Airport,Terminal 3,Phu Quoc Island,PQC,Phu Quoc International Airport,Terminal D,2026-09-18T08:15,2026-09-18T09:15,1h 0m,0,True,1787977,0,1787977,False,https://www.agoda.com/en-us/packages/book?cid=1753802&pk=A%3ASGN_20260918_A%3APQC__1-0-0_ECO___568155286&pt=AAAA.AAAADGgdDUvZlg1L46iRvtVuxWRtRlcuh%2BOxxNqBCJpi7t4d4BkqY%2FELTACGK%2BX4qwmIsgs1bMyNpu5xg2OUjINFYDISfGI4b3%2BPSR1vPDpPI4S1X9jt6%2FThDB77ffqUpVq5nrDWcV0hIOPynsDXETCuNOK1gLz0nwqaKcPvrnIPwPkWYAZCrguNguU%2BcVCRposf9T2WLkm8uKnCE5nwMeABY0JA7etn4Io2s5fWTLio1PQAC3IDQvK09NAvddlDS1x%2FvZfyk%2BL6rIF2yILE7y0xR%2BOBRUfvIIfkyWM4rSJReCfBI5%2FPrlE2pPc96mQ2vUKHYVVuIFHP9hjRxDK8fh681%2FYErwh7QztpKtx4JrbTgmsE&ptyp=4
1213873735,A:SGN_20260918_A:PQC__1-0-0_ECO___1853296512,2026-09-18,Economy,VietJet Air,VJ,325,VJ 325,Ho Chi Minh City,SGN,Tan Son Nhat International Airport,Terminal 1,Phu Quoc Island,PQC,Phu Quoc International Airport,Terminal D,2026-09-18T14:25,2026-09-18T15:35,1h 10m,0,True,1826927,0,1826927,False,https://www.agoda.com/en-us/packages/book?cid=1753802&pk=A%3ASGN_20260918_A%3APQC__1-0-0_ECO___1853296512&pt=AAAA.AAAADL87lAOgvhLqj%2FVcAgRdcqMFrO2etR82raumi2fmhIIXy7XsoLGdgJclA0wBgQeaY1VxrQ4OkqWGoHpZaiBhEEfWaXDhBlnU%2FvY9rmo91oQzrNLPzG%2FJ0nNqDKRxjrE6vLQlvzNHsasoI9fpivE6XMhjoSGevbfPZ7ujpoPbLH4m9nzClRo8bN8ZIk1CY%2FwkRJi9dX5qf4mcIqXyOJWgBlUDzptIfXn0a%2FWhhNHQaEd2BaKukrn2xInMemCHu%2BWELpo3BrSmWywTFYKKd0NpY0fPPYxJ3QRUgdT%2FXAFyyaRXV3nhn1hFSNy4yx6wZEQstAcLxNDPEylfyhU5lYoVV7uzs2q5y0YdWY23LA4TSQZaGA%3D%3D&ptyp=4
2060308744,A:SGN_20260918_A:PQC__1-0-0_ECO___866739449,2026-09-18,Economy,Vietnam Airlines,VN,1835,VN 1835,Ho Chi Minh City,SGN,Tan Son Nhat International Airport,Terminal 3,Phu Quoc Island,PQC,Phu Quoc International Airport,Terminal D,2026-09-18T20:30,2026-09-18T21:30,1h 0m,0,True,1863690,37380,1901070,False,https://www.agoda.com/en-us/packages/book?cid=1753802&pk=A%3ASGN_20260918_A%3APQC__1-0-0_ECO___866739449&pt=AAAA.AAAADA9rQ9MUHohRkFkGkmx32uQ3ZCG5lgFjzhnV9q1FUHz4%2Fe2Ow1Zyo0rKGu5HS5Pt2tv4UtaGE9N14N5iFUIBZ%2BC%2BcYcIYZAZ6rRcawrMsKE0gf5fC%2BoiKCZ4JmlXh9aEgFRGW33FvR3zDTzplxVlxzV01SNLE4SYZKh%2FvL0t%2FPjs2aEChletHKcbulqeGlfvThWxAVM42SreAeXZ26RmLUxsunTaFIjhYInLGwGTBDbAcU0faJrWAje5BZqpzCrMCiRlNGK5b8fZvNOWX%2F0iiaxxgj7xMCafwMdELSMZsNo%2FJe75vQ7INJAzcVCEDW8Egs2kHXzGN6LifCliPlQytHVtCUz8O2%2FuJEQ0dd1O7rDxSPzBbRw6UmVK&ptyp=4
1053158907,A:SGN_20260918_A:PQC__1-0-0_ECO___1762346542,2026-09-18,Economy,VietJet Air,VJ,652,VJ 652,Ho Chi Minh City,SGN,Tan Son Nhat International Airport,Terminal 1,Phu Quoc Island,PQC,Phu Quoc International Airport,Terminal D,2026-09-18T21:10,2026-09-19T09:00,11h 50m,1,False,2563720,0,2563720,False,https://www.agoda.com/en-us/packages/book?cid=1753802&pk=A%3ASGN_20260918_A%3APQC__1-0-0_ECO___1762346542&pt=AAAA.AAAADKsZVMXOuCr%2FhRBZaUmsqjLAg%2F0JpmngYlkmCpr3nlqkdPBPybfw2bCMeZuXxl1HeASoDB%2FlzOiAeh5sWg88C5%2FN8%2F6NNQHCMNXYVP4JPqJY6RYgCnKG57aypopjqAzYxMPsVpxRbWEtStQzJXDsk3d4XinyR047inY4Gyg2s3JBJuz4BPBMJbzDCBxpfrnPFVOkAmoJldbsqyXncVrrU4UrNdw%2FtD0NArk8N%2Fyrr4yCJIFvXfFY%2B7NX%2BgbHKRLMSKLq32BZd4wi%2FmauzGfokvIqT%2BFef3rxwHJMB5Lejki2%2FKUvE%2BmipQdsn0o3RN0%2BLRYZsu7yNOZoWxBKar%2FV3qp1Zsl9Z4Q3PT2Wv3TjVwEt0GfvbDZBSOyvO8lkYFMChJ5UEUnIhACj&ptyp=4
1354471235,A:SGN_20260918_A:PQC__1-0-0_ECO___2071776741,2026-09-18,Economy,VietJet Air,VJ,168,VJ 168,Ho Chi Minh City,SGN,Tan Son Nhat International Airport,Terminal 1,Phu Quoc Island,PQC,Phu Quoc International Airport,Terminal D,2026-09-18T23:00,2026-09-19T08:35,9h 35m,1,False,4125820,0,4125820,False,https://www.agoda.com/en-us/packages/book?cid=1753802&pk=A%3ASGN_20260918_A%3APQC__1-0-0_ECO___2071776741&pt=AAAA.AAAADPqPiEwEAVo96RwnBDiV3Skp7Gqb3FliCM3DkbE9%2BqR4tFm7SuztK78V38WT0x%2F2LsdFoe54kOtLXM0gaKCDYF1xbEzpuxsg%2F0ERYvLN2WSn4Dk%2BM2%2BD03V6wZCbZXknmc1Qsi4il5zB65xXlMeysrRytaZPaRDXgPOMnC9uvUb6W4i%2FDOi7fvUJefb8DW5x85qXtEWrwR3Y0IlFOQk1pYXU1vTC5sCE3UqjdF84XD6NFKN8D1MidKERpGzTEJKx%2B9gjtCaFbrpHGQXajuNwEG4fllvn21bmKQT9C8qcOuUXwKZlzTBVQeNc7HAKPjLsrrv%2BTM6sfOA%2FuBoiwnAYcDL4hJvvUoqef7tcY%2BJCUenlApnKguUONfTDOVh0sPIsYj3Wjvh8npik&ptyp=4
196571108,A:SGN_20260918_A:PQC__1-0-0_PEO___326119752,2026-09-18,PremiumEconomy,VietJet Air,VJ,337,VJ 337,Ho Chi Minh City,SGN,Tan Son Nhat International Airport,Terminal 1,Phu Quoc Island,PQC,Phu Quoc International Airport,Terminal D,2026-09-18T09:20,2026-09-18T10:20,1h 0m,0,True,1815697,0,1815697,False,https://www.agoda.com/en-us/packages/book?cid=1753802&pk=A%3ASGN_20260918_A%3APQC__1-0-0_PEO___326119752&pt=AAAA.AAAADKUxd0Nh%2FeQGYg%2Fs6y1MiHYY2aRCrif4YSkVq89NYWNKsRJaxrMPBms%2FiyYKpS2fl7yw970q7qVm%2B7H9cApGR55R98hTApRl9Hdb6LCBCAoCLbbcnqqCV%2Biib%2B96azWxIiOIwJrPLApldnxQYKXl%2FgnU5XzrJlBXRxD4WBYNYegXTWiM%2BsYgtfdRE%2B9xZ%2BI33W3P587Rjn9s4bw0vWhCy%2Ba2bP9R6%2BEtLkHcSWwl8NvEyTnocyspeGyLQ0N7gMAbAXnNsz%2BQFJ3ZGTPCS9oRVjHVRyyUl%2F%2FnLzOVimFbZMBsazRHyl9quHV5SYnnbpcuiJqEigeQ%2BcjERwnMvaoB3g6JC6duVT4%3D&ptyp=4
1380700914,A:SGN_20260918_A:PQC__1-0-0_PEO___481851565,2026-09-18,PremiumEconomy,VietJet Air,VJ,335,VJ 335,Ho Chi Minh City,SGN,Tan Son Nhat International Airport,Terminal 1,Phu Quoc Island,PQC,Phu Quoc International Airport,Terminal D,2026-09-18T11:20,2026-09-18T12:20,1h 0m,0,True,1815697,0,1815697,False,https://www.agoda.com/en-us/packages/book?cid=1753802&pk=A%3ASGN_20260918_A%3APQC__1-0-0_PEO___481851565&pt=AAAA.AAAADGLPlf7FlOSsLahPLgBtd3odPNAm07APXMCjzX%2BDOZ5FDAA5Bus6GGCZ0lTeURudxRSpY%2FLFOf4Vu10Eqo72wikR4EVc8YcEXYQ7aq0gkBFoI88%2F8yZxrwtB6Vw64Ljf49aShb6KoeFC1l%2BfcMJF9sWwsLs6IDM7h4PaLOFfTfZlK56yG%2FcSjcM5snBtoBi3pPK6jhF%2FHMZH4%2FUeOOOgSVPMArSfNcqieOxX7ApWMoNcxwAfpUnNrjF9rY6bSqFhE0yuSgJAM4VDnDxRRiuSyFGG3UxbhCAKF3fO5rN%2FWKkfmJczKZ0epS2oJZxqnwqflc4MQUQ59ZJ63q2k1q8QBdHEXwWQQT3%2FAlGR&ptyp=4
130375378,A:SGN_20260918_A:PQC__1-0-0_PEO___643063455,2026-09-18,PremiumEconomy,VietJet Air,VJ,327,VJ 327,Ho Chi Minh City,SGN,Tan Son Nhat International Airport,Terminal 1,Phu Quoc Island,PQC,Phu Quoc International Airport,Terminal D,2026-09-18T14:50,2026-09-18T15:50,1h 0m,0,True,1815697,0,1815697,False,https://www.agoda.com/en-us/packages/book?cid=1753802&pk=A%3ASGN_20260918_A%3APQC__1-0-0_PEO___643063455&pt=AAAA.AAAADCVWo2D%2FkuXI9Hh%2BjCIWajxvC9D2pr%2F3mqKyf4phzQ2eWbegmexVVaWw39i7o4caWTqYU8DacwAVD6axvLt1W95z2L%2Feds6JbLlMfEdOq4aDpUMeqaD3n5CxCoFGAlu0vjW5N8cUe%2Bv6XW920o7t9%2FYDnAnZUYE6W6sMJZisKw2ylPJ%2B%2FeQlvJ5smSpPaKUrOPy8kIlRLNN51bNXwYGl8LtuGW4iOzpm5fbBlnmkJxGR7PgSFi74uj581zSitw8C%2BrGOrDydHUx7oRz0UmnvsWqtsIlwzntcHA3m55ZXJEIIXvo7u4b%2FQwKgpkIc34X1GiEM%2BIG4eqJmWT8cPp%2B9yEX%2BwN487tYQxXA%3D&ptyp=4
1969008892,A:SGN_20260918_A:PQC__1-0-0_PEO___1724137882,2026-09-18,PremiumEconomy,VietJet Air,VJ,321,VJ 321,Ho Chi Minh City,SGN,Tan Son Nhat International Airport,Terminal 1,Phu Quoc Island,PQC,Phu Quoc International Airport,Terminal D,2026-09-18T08:50,2026-09-18T09:55,1h 5m,0,True,1815697,0,1815697,False,https://www.agoda.com/en-us/packages/book?cid=1753802&pk=A%3ASGN_20260918_A%3APQC__1-0-0_PEO___1724137882&pt=AAAA.AAAADFmv2W0ohlXTvafPdMEPlAxwSKUyTIHcIOTfxWxrM92CVTYnQJgI%2FNREbYzGj6uZJiJ8f5U2sYsnuYId%2FO%2BwiyouIUdGKuVm80HYdt2zmIYAgdapz3RvOHvYoRcDsy166JBjGQ2trd6yqNIde8Vc%2F4Ytlfneu3Shk1jwb0mK37jA4Ku2wX24sbbhrmN6ulKawoRE874So%2FYcRstOlnu2%2F3owRynBcIVJxN3XauTSzaAnXtK3Fp6s6h%2F%2B3uHGRLewiNwQE5F%2BxhTM1qpj4B4mctD9abDH3p14rQ5UBLuruljX5g1DvrTrvUPAlhfbpekPGyD2%2BoLYY0TOcMx6D0Sodpz4lWx%2BRvCydbnG2w%3D%3D&ptyp=4
18689692,A:SGN_20260918_A:PQC__1-0-0_PEO___438373815,2026-09-18,PremiumEconomy,VietJet Air,VJ,339,VJ 339,Ho Chi Minh City,SGN,Tan Son Nhat International Airport,Terminal 1,Phu Quoc Island,PQC,Phu Quoc International Airport,Terminal D,2026-09-18T07:50,2026-09-18T08:50,1h 0m,0,True,2833058,0,2833058,False,https://www.agoda.com/en-us/packages/book?cid=1753802&pk=A%3ASGN_20260918_A%3APQC__1-0-0_PEO___438373815&pt=AAAA.AAAADLgaeBd3HAGHAiTAtv8ElLYUZN%2F5vxvfHFVTS4%2B2UyQlWssftkgh%2BtbvYNq%2B302HcqStbXfK9Po2JSFtrbh4QCtTnt54JePbnLZLytC%2FitdMkqg%2BdmFMpinSgRZHZBMnVWpdg3WJWOrZu4rjT6aiCb3xI%2BDMTZLyHOfxno1byGOXDdah6uTJYuLBMrFwarCF1xDSGtu05xjm6aN8%2Fai9bIU1XiQuBfa7Q7Lqd0%2ByzaAfnOqSmp2AerSm4wGsNaI4xkoXmbUURQ%2FswelxnrxRJaEH%2BqqfZztdBM98wQwe19ACZThkbWCFbk7yYxxy3QbteGCRmpL1SiRYgfl60%2Bzzmfox0Js%3D&ptyp=4
221372569,A:SGN_20260918_A:PQC__1-0-0_PEO___704823853,2026-09-18,PremiumEconomy,Sun PhuQuoc Airways,9G,1985,9G 1985,Ho Chi Minh City,SGN,Tan Son Nhat International Airport,Terminal 3,Phu Quoc Island,PQC,Phu Quoc International Airport,Terminal D,2026-09-18T18:20,2026-09-18T19:20,1h 0m,0,True,4310367,0,4310367,False,https://www.agoda.com/en-us/packages/book?cid=1753802&pk=A%3ASGN_20260918_A%3APQC__1-0-0_PEO___704823853&pt=AAAA.AAAADCMH3Yhan%2FiiqtVmG8WAdp8uCmIvXIBZwJ0Yyi8WrJIFS8gdp6OncSzML1GDy8QxuXwCwkWKCFx6imRaSHfWgCEN7yIKcjhuF%2FUVcDDa%2FC6kCPy%2Bx%2BRtCHGDLC5beKRhJhXGiEnGOAB8Yn7k%2F76HycS248e1543sY7tYQljD1teVe6iB1PeX1Uzi%2FsD76mjxXuPie46nEyYmJFRf8MVu5GMIT%2B729rXUQgm%2BjjT25Eske4yQy83xRfB%2FLoWvCGS2dnfNvX5qr80XSijyekMzJ7FeLgnVkLEJbI1cP1%2F32VEOBbarBmU%2BTVXOTPX9j57zvldGomSAOShKPERAByvNPZp%2Bk0e2HgMrmeBSHLtfWCg%3D&ptyp=4
261732003,A:SGN_20260918_A:PQC__1-0-0_PEO___1853296512,2026-09-18,PremiumEconomy,VietJet Air,VJ,325,VJ 325,Ho Chi Minh City,SGN,Tan Son Nhat International Airport,Terminal 1,Phu Quoc Island,PQC,Phu Quoc International Airport,Terminal D,2026-09-18T14:25,2026-09-18T15:35,1h 10m,0,True,5073961,0,5073961,False,https://www.agoda.com/en-us/packages/book?cid=1753802&pk=A%3ASGN_20260918_A%3APQC__1-0-0_PEO___1853296512&pt=AAAA.AAAADGV6LLKkUKpNWrszZYpUF0tKtqZV5oLYbV48MMFuXtf9X4QWgcokRVwyj1t3gJf0qycG3UMUIi5qY%2BZ2UiNYmSBkM%2FjAUGLo6Yo43WIEk%2Fg%2BWoc8hJVyHq66pfuGKj6V1S%2BVWay5XRN8r7cKl9sENevL4jcUYKI53%2FGcyW3nndiYla9Z58h%2FIHJJBINGOZ0Wu7J9Pw8f2QN3fp8EsIm9WGlKTliffPqxLaDD%2BgU4yLlOKPdovg6PMkQ%2FJgZ8VI17PRIYD938HiuPndE9TOD8DbDRJOcuACuMq9DkgT%2FJ3pflsh126aunw6VdqDFtvSYyJzejBIssABzYOyok6WIcrc5fxTawuaTaWw%3D%3D&ptyp=4
1561800601,A:SGN_20260918_A:PQC__1-0-0_BIZ___866739449,2026-09-18,Business,Vietnam Airlines,VN,1835,VN 1835,Ho Chi Minh City,SGN,Tan Son Nhat International Airport,Terminal 3,Phu Quoc Island,PQC,Phu Quoc International Airport,Terminal D,2026-09-18T20:30,2026-09-18T21:30,1h 0m,0,True,2657660,39549,2697209,False,https://www.agoda.com/en-us/packages/book?cid=1753802&pk=A%3ASGN_20260918_A%3APQC__1-0-0_BIZ___866739449&pt=AAAA.AAAADD4yu3yQFzicbTABh9k1ZP%2B7BJRPc98E5n3BIAt4rZc%2Bu4Uapl48SysRCmujWQuUSZ%2FtqzkZvFkFbxlAJpLPc4pOTx30tdEqMuVg4Tp3sQgf8ax1kwCZJNJH%2FsU4SURBiCLWAldk8OeFAxiR9WI%2Fls6eC7wNNd7Fj5B%2Fhu3FGbZgYpoB2ECjPHA6UIFeL6oHwQ4vzHQEI75oyKlEp9rF3%2F2M2tQd71tHk9ORpayDbxhFmj6Nn0uJntV0GFSyylz5Is7vurcDgvik%2F9PFGr6y8M5FtKJQTKQpZBG6FO5VvcyoxVIlU10r1Fe2goItapNfrRXsTO5RFEKDTrOmLWa4D9teJrHp6erWvkXA4VgOUh%2B65E%2ForHbjEmQ%3D&ptyp=4
270826009,A:SGN_20260918_A:PQC__1-0-0_BIZ___1140887088,2026-09-18,Business,Sun PhuQuoc Airways,9G,1963,9G 1963,Ho Chi Minh City,SGN,Tan Son Nhat International Airport,Terminal 3,Phu Quoc Island,PQC,Phu Quoc International Airport,Terminal D,2026-09-18T09:40,2026-09-18T10:40,1h 0m,0,True,3204530,0,3204530,False,https://www.agoda.com/en-us/packages/book?cid=1753802&pk=A%3ASGN_20260918_A%3APQC__1-0-0_BIZ___1140887088&pt=AAAA.AAAADFDiVMrh6ph9SwcMh5JERAO%2FJRipeauOtIAywe7i1nxAoCcgUtqGvE60Hv6UDfiQGYIDDovZnX8VKEInl0J3nOu3AqZRWwfepoWYD2WrUaStspo8R%2B3wz6wfTwxjjpZlfEiUr3yr6AC6AfGz%2F0KVF2cgeqmD8%2F9h21mB%2FSXZt9kGsL0g%2BnrgA%2B%2FBcDU4el87tKdtq9ywMGK1JeeowxTadEGB15P4tGS26p2ZVpxW0u9w%2Bdl0FjT5NmMZH7bShagJkyqNJfbb%2FPNllwS9WgGb0iKEoQtsiRIkSvp2mODFnOfp%2F26pjyFSOYBRs3%2FupDwkn9MOhTAxIeGbsk0kX%2FNva4lXMrZfv0cuIM1qNx45eHC6O0c%3D&ptyp=4
1755957648,A:SGN_20260918_A:PQC__1-0-0_BIZ___1674472509,2026-09-18,Business,Sun PhuQuoc Airways,9G,1965,9G 1965,Ho Chi Minh City,SGN,Tan Son Nhat International Airport,Terminal 3,Phu Quoc Island,PQC,Phu Quoc International Airport,Terminal D,2026-09-18T10:35,2026-09-18T11:35,1h 0m,0,True,3204530,0,3204530,False,https://www.agoda.com/en-us/packages/book?cid=1753802&pk=A%3ASGN_20260918_A%3APQC__1-0-0_BIZ___1674472509&pt=AAAA.AAAADG2ZJRblQmT48A4U9zVPRC%2BO55RSTkfEMiF7NyJUNTMuWR%2Fsawt%2FISmm0itz9eJbZYhQcY5B2mH1BWFGFaMKWhg9lGQRwHdh2eZJ7eqUT3smwodDheIim09EY0CZos6OuN3PGxcbHqqw6Uk4xo8Ml2f218c2iZjP2jL%2Bq6fh9%2BkqHtHqOvkpWOoX7nAdys0RXfujXyGTMu7jISNzsUV2vQXEfngNOFxMdeWKQD01UpBLfAPRuM19aKG3Xmbp9Fw85e7icsbdcT9%2Brz71hBgsYojMboIrYph0c5CYXkgGI4kfLG42L9ZBUlh2bB5bBjNFumVLhUnmZBnWgWnRCIdhlg9HD8ScYsuOanW%2BG3hxaEhlnDY%3D&ptyp=4
1577078487,A:SGN_20260918_A:PQC__1-0-0_BIZ___1712247870,2026-09-18,Business,Sun PhuQuoc Airways,9G,1955,9G 1955,Ho Chi Minh City,SGN,Tan Son Nhat International Airport,Terminal 3,Phu Quoc Island,PQC,Phu Quoc International Airport,Terminal D,2026-09-18T07:05,2026-09-18T08:05,1h 0m,0,True,3204530,0,3204530,False,https://www.agoda.com/en-us/packages/book?cid=1753802&pk=A%3ASGN_20260918_A%3APQC__1-0-0_BIZ___1712247870&pt=AAAA.AAAADBplD1CHCZhNDWan5TgSzUzUG6At%2BkzoYVy0oUsFt8Nr%2FSEzPA9aI69PCVRH1m9R%2FQGo0z1DCRxSJVjeLtuBf1DPFWVwB08T1GvR6Yuv3x1aNTbaGMJQONnhnu7YcsBWSeg%2BI2h8dM%2FGHrdg0vkxQmBoMdODDnJABSafFztWy0pL0MhiT4Nb7antklCAaspEECHR%2BAgunIyWxV3YgU622K6xjK4NSiSOTVWswV4HhN%2B0vPBJNlv3WRd1YCiaNvs7Zz7uTPYmMiP0USt3oe1xvdOhoBlGdUBq9TYF2h4F2taTiTeo02qSSqVqXALc6hdkNIswDsC6t6mHtOLYg21fE5czT3fEDaDHym%2FjtpQUzXMXn4o%3D&ptyp=4
1571843968,A:SGN_20260918_A:PQC__1-0-0_BIZ___519787230,2026-09-18,Business,Vietnam Airlines,VN,6103,VN 6103,Ho Chi Minh City,SGN,Tan Son Nhat International Airport,Terminal 3,Phu Quoc Island,PQC,Phu Quoc International Airport,Terminal D,2026-09-18T10:05,2026-09-18T11:10,1h 5m,0,True,3800820,37085,3837905,False,https://www.agoda.com/en-us/packages/book?cid=1753802&pk=A%3ASGN_20260918_A%3APQC__1-0-0_BIZ___519787230&pt=AAAA.AAAADEu%2Bh%2BeTUgnouG54qR32skk5qPTF7gcvmuUQDjjKP720%2BzmCEpXf%2BRBgYIw78lbjWH0OK4tRevaPbduEsEv4phrJQ0o8FiV8GY63QeDltd7jKUHgjrrlWv2D6zjWiDBcAbL33qyAKNnsbOPs3dZQ%2BFLVgHU5aAk0sjAJXix31Hhtk8%2BZu6uopQ7EjdCZ7n2Q9wTGZV1Z8jL8PpQKCL5oLkmzCrT6GBSQvULSXi9o3ADgMntO0Ks7rG43vEFbWh93xCPWD6njVhlhkybcmh%2FQHJzyP8rWpJkqKJ%2BqPGUwL7TjxiFNYH899R04cqt1WpwsxmdW7KiAgWPYidqxDJ%2F6r0xfR2a1ICC9twoOoWTJgCSV&ptyp=4
1792650371,A:SGN_20260918_A:PQC__1-0-0_BIZ___52455277,2026-09-18,Business,Vietnam Airlines,VN,1829,VN 1829,Ho Chi Minh City,SGN,Tan Son Nhat International Airport,Terminal 3,Phu Quoc Island,PQC,Phu Quoc International Airport,Terminal D,2026-09-18T15:30,2026-09-18T16:30,1h 0m,0,True,4308565,42039,4350604,False,https://www.agoda.com/en-us/packages/book?cid=1753802&pk=A%3ASGN_20260918_A%3APQC__1-0-0_BIZ___52455277&pt=AAAA.AAAADHklxIEmMiZShzDgu7%2BKKGGd3wXFPX0LIz1cY3KxUsnI8NxZspjUGMLDSPH9DnPzhaQyiJKUgQXcUEJIOzIym30zlN4ioOAtKT2KpeGuCsGdxRkj6aFybPkBosmhHW8yxpk3fwMNuP84iNDDStxr9aRbEteh9I6yLyRBK6zDKbWiYHhk1Chcd9%2BQaL%2Fx0Uj1udKdsxKwuMHNCFvJZ4jMwElAVjGTvz%2FWnX9qX0LdUZ0dEhbe80rwX2bEVNUPcwawbA3irkbEdd868zeyI5WKwCm4CxjLhMdr9Xx0ocg2mH1TkChM5CRBJc038RRH7OkZN18cvlE6QD%2F1nYpndCom5HKY8vPbRrrZRWao%2Fa1Ihmsp5xESECNGtDA%3D&ptyp=4
1788765206,A:SGN_20260918_A:PQC__1-0-0_BIZ___342606544,2026-09-18,Business,Vietnam Airlines,VN,1823,VN 1823,Ho Chi Minh City,SGN,Tan Son Nhat International Airport,Terminal 3,Phu Quoc Island,PQC,Phu Quoc International Airport,Terminal D,2026-09-18T08:05,2026-09-18T09:00,0h 55m,0,True,5395703,0,5395703,False,https://www.agoda.com/en-us/packages/book?cid=1753802&pk=A%3ASGN_20260918_A%3APQC__1-0-0_BIZ___342606544&pt=AAAA.AAAADBB4MXj0Rh3fNr98C39TpWSk6R%2BWn0hhbRfih2hmN0mkPBnQ65eV05%2F8YKSBGTjV%2B9WRzpejAhT%2Bc9%2BGbCYuyGCFI9bEMwkKljh4GCFwkvN8uUE%2FrHjDmnpi0M0%2Bt%2FDPsqBzfpto%2BsL2P6eOlNfr3XiKuWtQ7vhBzlmXhe01zr3K6hE94d%2BEXQXCo8bSik7L0bZ%2BpWnHDRB6u1gS%2B78g0tt4HOAybQ0ILsryVtnk%2BRz%2BGHIFd0YdLkLzx212cw%2BNlpn8Px2YTqvi9B1diMt1a2qesizXFD%2B%2BbT8iRN%2BpNNYWxc1NvEmFmX%2BfCPhQPFIndiz7kZXOjlXYHMD3cuihbgIxP8SvYn9f%2BfMnYePy&ptyp=4
2012199136,A:SGN_20260918_A:HUI__1-0-0_ECO___781332839,2026-09-18,Economy,Vietnam Airlines,VN,1374,VN 1374,Ho Chi Minh City,SGN,Tan Son Nhat International Airport,Terminal 3,Hue,HUI,Phu Bai International Airport,Terminal 2,2026-09-18T15:35,2026-09-18T17:05,1h 30m,0,True,1449239,0,1449239,False,https://www.agoda.com/en-us/packages/book?cid=1753802&pk=A%3ASGN_20260918_A%3AHUI__1-0-0_ECO___781332839&pt=AAAA.AAAADNywjCQaxc7AYGt61UusSj5v67a%2F9x1jRhYgu1CwNv74DVB4y24zJeFRlcFpo16CdMaYgWoUnqqnyBmpPDnCMKqTcmchCYBcTxtRLmecEb0Q9tuo0ztcD1N6bjCBQ%2F46dcSMTnjsBv9EnPVJIUKAmbAIRIRz0fKug6Uy4LBFCnRmJ0TQD44iRVL2Ph0B9Nl%2Fqv4KtyVXpeYrLrocUK2ULkEznC6fnyEzXd9Lg0xS08XTjf4%2F9ulto7lU6iusSQRBr%2F%2BDGGgbWC47MOai8Lo%2Bu8A%2FBbNCxM%2BJUI%2BRJuKoEe20vKPjWL5o%2BxBLOMxp2gCdV6W5rAAH9el7%2FCxCtFKwz7On1Y4RXMg1D%2FdEswKY5IV3sgvF&ptyp=4
2120108239,A:SGN_20260918_A:HUI__1-0-0_ECO___963592395,2026-09-18,Economy,Vietnam Airlines,VN,6160,VN 6160,Ho Chi Minh City,SGN,Tan Son Nhat International Airport,Terminal 3,Hue,HUI,Phu Bai International Airport,Terminal 2,2026-09-18T16:05,2026-09-18T17:40,1h 35m,0,True,1681712,0,1681712,False,https://www.agoda.com/en-us/packages/book?cid=1753802&pk=A%3ASGN_20260918_A%3AHUI__1-0-0_ECO___963592395&pt=AAAA.AAAADLVCX%2BQaSI%2FrkxRshG5nDz7BhrkGgiNuZ%2FloDD3bb%2BnG86D%2Fyr5lMpHkMORZBqKNgoMvLmlUy0oj%2Bn3PKVMXdHkFM8sGDeNvLotBdfOXzqvnsvrKQLOA7jLSUFlUR39hGav93d7%2BiUyBFha3lY1pi11XVH0CM%2FeODFYuM%2B86Q2KHB98AtydOo090m6ltncYyg20p3NxirBZBJoqsVPzziHYLawDcgg1bUER4qNW%2F0foLtPZU4%2F%2Bb1PDV05gcyM9mFP6PzTJlX1tkWxua70SSENrfUFP%2BtTeo5otFPbSgkmxA3APBlw%2F%2BaJ%2BJde4hPPcKZQJaZa5iiaetfYWS2zgSgZIseNUlL4Yz7TUnOgpWljns%2FR4%3D&ptyp=4
1768033244,A:SGN_20260918_A:HUI__1-0-0_ECO___1386020256,2026-09-18,Economy,VietJet Air,VJ,308,VJ 308,Ho Chi Minh City,SGN,Tan Son Nhat International Airport,Terminal 1,Hue,HUI,Phu Bai International Airport,Terminal 2,2026-09-18T14:15,2026-09-18T15:40,1h 25m,0,True,1819334,0,1819334,False,https://www.agoda.com/en-us/packages/book?cid=1753802&pk=A%3ASGN_20260918_A%3AHUI__1-0-0_ECO___1386020256&pt=AAAA.AAAADMZVIaZ8TE6Pxj1QgI1tLqYX3lJdBC15MOtAeuFeywJCCGp8Jcp%2BAHnJZZ8JWSEJpct8Fpy4vCwoywq9J0OJ7x0sBXR7ZKV5misA2cmjSoDNXHC%2BTNfoZ6GgIzI7o3tox1tujbdwZyJPNPP%2FBQYIrFdUtysv2khIymVncfClTazM23pSA6QfGKT6F4IxPCi2db1EFqv8FZQRMQXCGaXVDZ0nh5cHN4qPD8duST%2FAd0NEDk%2FRzMPY75GJRtiS9WnW9NGLEACj0CiL8exJQRYaObHxwWFrFWufYqgJJSDsKsBrwfDmASgE68UzamSRgoXYj%2FTRzpzbHWSCavPUw8hA0TivucjKGn3nOqeGe7bULUIEEMSaTaAHJlmGRibLreCsgyM%3D&ptyp=4
608128612,A:SGN_20260918_A:HUI__1-0-0_ECO___138403308,2026-09-18,Economy,VietJet Air,VJ,302,VJ 302,Ho Chi Minh City,SGN,Tan Son Nhat International Airport,Terminal 1,Hue,HUI,Phu Bai International Airport,Terminal 2,2026-09-18T05:30,2026-09-18T06:55,1h 25m,0,True,1987121,0,1987121,False,https://www.agoda.com/en-us/packages/book?cid=1753802&pk=A%3ASGN_20260918_A%3AHUI__1-0-0_ECO___138403308&pt=AAAA.AAAADP3C1x10wUbnhtZ4VVV7vHarYURf%2BCo9Vf0QGfUFJMLZdTOQVVe8AuSNyD24wmN9YBDMDAcHy3lw5ptevl5dp9CbBXI9NvmJwNlP5AjznM0liA0tr%2FGUiZXctlnybxXdF%2Fmc3%2FFCJIwE%2F62W2Mj48VOyE6LUf4fEqbM%2F4xaA%2BWM9kLFHz3rxRkUyuii%2B5vwlwTCoG41mL1pjU9lg6I5KAqifkm2ob%2BU18KoxHCU8DC5qhX80HCb%2BFgnGYDxTd4A1XW6d0NLjZFdYzvkXI6i04gxEgE55dywMCBAld7x9iVbMrMHVPJX8yW4Qe8sCJ101qwKEQuguSvri4zM9C0pFxS%2FiwzZTFI1MbXSLEV3T&ptyp=4
868518166,A:SGN_20260918_A:HUI__1-0-0_ECO___692933353,2026-09-18,Economy,VietJet Air,VJ,304,VJ 304,Ho Chi Minh City,SGN,Tan Son Nhat International Airport,Terminal 1,Hue,HUI,Phu Bai International Airport,Terminal 2,2026-09-18T09:00,2026-09-18T10:25,1h 25m,0,True,1987121,0,1987121,False,https://www.agoda.com/en-us/packages/book?cid=1753802&pk=A%3ASGN_20260918_A%3AHUI__1-0-0_ECO___692933353&pt=AAAA.AAAADH7vBuruxyK%2B5ai4HJL8o3K97mlWkRI8PlGifFWtste1n7M4r9FeMfEv2MzOnaTYpYxWeCWZxQY2cnZP3Lp0%2FVbbpRL7P%2BB0oEbHU1tpj1yPVdcyGKquqbCuxS8TRra1HFSo%2ByRa20apwz1GWS%2FwtwVrb98YYsXDaEeX5pWs5simz7Ed26L4vifezN1Iwr%2FtOm9Hmklq9y%2FKfE1JHifTRxjpwpvakR0EFH5UkJ%2BcAbC1t9gYNUbgv3y9aqaRWQBuExRGeO%2Bs9%2FOqfnHWT7Zs%2FbE3VvVbMRr8cfJXJ%2BxbN62IbTOhxmFuumh8I3OmuMyUI6El6AukpD1uflFChdtFiCY8ylQTT5ujev0qUYoY&ptyp=4
958858754,A:SGN_20260918_A:HUI__1-0-0_ECO___1093042265,2026-09-18,Economy,VietJet Air,VJ,304,VJ 304,Ho Chi Minh City,SGN,Tan Son Nhat International Airport,Terminal 1,Hue,HUI,Phu Bai International Airport,Terminal 2,2026-09-18T08:50,2026-09-18T10:15,1h 25m,0,True,2001925,0,2001925,False,https://www.agoda.com/en-us/packages/book?cid=1753802&pk=A%3ASGN_20260918_A%3AHUI__1-0-0_ECO___1093042265&pt=AAAA.AAAADEmF0cF52OjIGPBej3RMciO%2FYrGtY3Xg%2B244NrhGt2H6%2FOAMOgqXzMYrOs6lMEDuNzGnaIdiAx9Pk%2BJoBBTnGf9TnBwcShbeUoi7daGfbXlV%2Fh5FEt%2BjT1Bnt4ZMrq%2BvucxoQBIGmLhPtaXawaqYQbYXbOgKw5YepeBLlVw9uUflJYEOOow8oi36o%2FjmPoXOFiifj9MhPLyh7eXUAjgpEsBGEWNID2hlkz4akukPxfUANnQ8yRYnqU4y7nsE7mfLKPgLxNo%2FYn0yssnetn9lpEZQFvQ1OfaWI60%2B0KbrV%2BlbcPhnzsuwM3wWeLXd16knjyLzsa0KRxjRUIjnYLYNik4gs33HSNm2j7BtaF8EzA%3D%3D&ptyp=4
922654431,A:SGN_20260918_A:HUI__1-0-0_ECO___1701617286,2026-09-18,Economy,Vietnam Airlines,VN,1366,VN 1366,Ho Chi Minh City,SGN,Tan Son Nhat International Airport,Terminal 3,Hue,HUI,Phu Bai International Airport,Terminal 2,2026-09-18T05:45,2026-09-18T07:15,1h 30m,0,True,2099920,0,2099920,False,https://www.agoda.com/en-us/packages/book?cid=1753802&pk=A%3ASGN_20260918_A%3AHUI__1-0-0_ECO___1701617286&pt=AAAA.AAAADKliVsjmvb1JJuHIiHSwE4AIuWBh7IJTkfV%2Bl5%2F%2BA2mycHhOX0JYQZlirLTM5NQKc3qHxAwuud7QoFd3kf3KuqNyDt4Xf4EHxDrYeW5sNKCM1yAffp97xyTVHEitcVevbRu9xuglwJGoVgGCneZQ0tfbiTooUs1AnOPcmXY2%2B%2BBiGOmcDN3xjp2OeaBMKeDmtPp5ZHWdzh2kzUbay0cLQwKU9Q1yrDCOhSlo8xslPxmpw1AIcG%2BgNmoKu%2BuGinbyfqZLIVNT1g5VyiWTacyf9qOGd%2B8xc3or0OXDsKwhvHPA7dpobpZoTl6F%2B7YpEwl0MYCLUgHY6%2Brn2RZt3HoC20A%3D&ptyp=4
1563429553,A:SGN_20260918_A:HUI__1-0-0_ECO___920465566,2026-09-18,Economy,Vietnam Airlines,VN,1376,VN 1376,Ho Chi Minh City,SGN,Tan Son Nhat International Airport,Terminal 3,Hue,HUI,Phu Bai International Airport,Terminal 2,2026-09-18T20:10,2026-09-18T21:40,1h 30m,0,True,2421784,0,2421784,False,https://www.agoda.com/en-us/packages/book?cid=1753802&pk=A%3ASGN_20260918_A%3AHUI__1-0-0_ECO___920465566&pt=AAAA.AAAADPY7%2FuGywxfX2CobDires99zW%2B29IcvTK1JOHLA8RAskgPRnHqhfrmGxByTT5B56G%2BIonXxkNe%2BS2bfHx414T8nXiZuYFVkZCiQj3FtAWB%2B49V%2BKTAplQpbQTRntMQ11tuqJ163WEe9R0oFHQEm%2FuNoZzPbRH4RlAWyVFZZqbi7O9OxZTAx%2BjBE0%2F667%2BRXigdOiwmJo0mFxtNFYQv%2BITjl3OFit763ZvOqCZ1kUygM5cJ0Xkh5QOAJxNUzi1d2wvDH0OWTVNadOzHT410x%2BVzQ%2FGH6VcDjIcZksZi%2BaepOQTwXp8ZOOSCyAFUuMMSI8lYk6atlCikfXjDxcvf6iWfNE&ptyp=4
684222728,A:SGN_20260918_A:HUI__1-0-0_ECO___1400279433,2026-09-18,Economy,VietJet Air,VJ,306,VJ 306,Ho Chi Minh City,SGN,Tan Son Nhat International Airport,Terminal 1,Hue,HUI,Phu Bai International Airport,Terminal 2,2026-09-18T10:50,2026-09-18T12:15,1h 25m,0,True,2456485,0,2456485,False,https://www.agoda.com/en-us/packages/book?cid=1753802&pk=A%3ASGN_20260918_A%3AHUI__1-0-0_ECO___1400279433&pt=AAAA.AAAADONjpIu2v9Aw5hHoWZr%2Frq3U0NVRT%2Fn6%2Bgvtk8TIFEC3xqJ0ToR%2FCi7AkaN5w7aaGKrrPvf%2FmzS%2BVaB5gJVa%2BRAxqhrXuNxoS6Q2F0bmhOz2OwTE5MYAQcnk0JyGnkquotHEHSozHqL0ghF%2B8M6FasJH8%2BoakhnsykgK%2Bl2tY0M0scl5w8Jtbi5JciW%2B2yKwSD0%2By5lqAWmCtAKMcrAnm3qDaWXmkwVnkFcetKMkTMWaFvFpyAFnhvHiE22753oKmpBClACidmKWCQxNqVK8t7serH1gAQfSzEN%2Bc%2FE9WTPZi6omG7ADPQ8pu6ZztsG1KitV%2Fso1W9W67MRiEL1sI3qVI2ylPeWHSpT8DA%3D%3D&ptyp=4
63017022,A:SGN_20260918_A:HUI__1-0-0_ECO___1477437784,2026-09-18,Economy,VietJet Air,VJ,312,VJ 312,Ho Chi Minh City,SGN,Tan Son Nhat International Airport,Terminal 1,Hue,HUI,Phu Bai International Airport,Terminal 2,2026-09-18T18:00,2026-09-18T19:25,1h 25m,0,True,2456485,0,2456485,False,https://www.agoda.com/en-us/packages/book?cid=1753802&pk=A%3ASGN_20260918_A%3AHUI__1-0-0_ECO___1477437784&pt=AAAA.AAAADL7sVjaiI67HsExY3DAbl1PFSbVyVRxCDPYjgGshY2Rb72Woc%2BGgDWxKg9AtdGRJH4IC9sfdvDw3TqtljCNMbeq36hXzdGwdWRRoB5PB7%2FP3n3P3Fs%2B96whn4Yf4yEMJqkLIUGXEX0gP8rIHf%2F3z4G8kSm%2FkZ1tRgM18Lrw3GJskOSWYffmU5%2B1tVMIkZKTvxT84TjifMtnAADyrnS4EJObVH4KqxSeYOoFZ8BCEKwJjAKU3jOy0FKIXJHkK1yeFrHbEEV9kCTc7IVmG7tQjL0%2BswmOxfuaN6XSk%2FUIa%2BTAyJNLtn7q6nTxOdPzg6pJFXYYYvwgdQB3TMw9mdAvyiyHn4MNFXTAAuf4PYw%3D%3D&ptyp=4
37982279,A:SGN_20260918_A:HUI__1-0-0_ECO___1793197982,2026-09-18,Economy,VietJet Air,VJ,310,VJ 310,Ho Chi Minh City,SGN,Tan Son Nhat International Airport,Terminal 1,Hue,HUI,Phu Bai International Airport,Terminal 2,2026-09-18T16:20,2026-09-18T17:45,1h 25m,0,True,2456485,0,2456485,False,https://www.agoda.com/en-us/packages/book?cid=1753802&pk=A%3ASGN_20260918_A%3AHUI__1-0-0_ECO___1793197982&pt=AAAA.AAAADCVpmVNiqG%2FqZuwLMfSNk%2FEOa3eerswtR%2FKGVpyh21o%2BVysJuFlKZo%2FANzHpFITAS%2FrYaiBI1n3vXXS5o79XFU8qR05ybQLFwERaDlO%2FIbCOZ6Kf51FWlFJ9QJ57HjtxigmjWLMhf6zF7F9iojLhwj1yf6Xh1rljW4WdcWhXjIef%2FNWv%2F2kBkncw4iPbbmd2dVTMldaGeCcPbcX3Ze0RJ1xC3lA1LES%2FxvGLCM76kSFxCHEb%2BZdOzVJXG1xhUZ9RNO66eo%2Byi8ErCrD7cLw%2BMBnkBBwz05DaAjs9ce0ipPY5%2F8sSrvSJ8%2BfQfmxlS2a0Kkp5sQ2j81O9n48ZTq6OMhMOnpGc6gRklYMdfw%3D%3D&ptyp=4
1603342798,A:SGN_20260918_A:HUI__1-0-0_ECO___657993483,2026-09-18,Economy,VietJet Air,VJ,1312,VJ 1312,Ho Chi Minh City,SGN,Tan Son Nhat International Airport,Terminal 1,Hue,HUI,Phu Bai International Airport,Terminal 2,2026-09-18T20:00,2026-09-18T21:25,1h 25m,0,True,2456485,0,2456485,False,https://www.agoda.com/en-us/packages/book?cid=1753802&pk=A%3ASGN_20260918_A%3AHUI__1-0-0_ECO___657993483&pt=AAAA.AAAADK7HL0MGl%2BbmrPE7M98Zhx1B9aacR462glk8GGnoO8dT9AeGPIH9h04%2BHXMCdvD8yd5xZYKGqfURivJeLPT8%2B%2Bdy%2Fjpw%2FhH953m4%2BQGY5TMmdGKWNXVD3wukIn1pWKLDHxU9qhfjyp4t8wx9ArQF2ZPpfSoI7IJI9MDNB60ZWM0d3ZRPd2TPumtf5T830%2Bq10cs1qyAWNnYcQO0PVbMvX%2BBuLi3%2FKjowTh4DD4k8PbKEpJyKWxKsQcneJxG1E3j0PvXzzIP4zFnCbfrF8j%2B6Ta%2BkkRYKkGuj0VQ1jyrCOut%2FO0hcu80VNQeeTZSPYYC6B%2Bax1U8qObGup9NsKwgJYy90QWYnAEr3lpzxRw%3D%3D&ptyp=4
1797141055,A:SGN_20260918_A:HUI__1-0-0_ECO___719364260,2026-09-18,Economy,Vietnam Airlines,VN,1370,VN 1370,Ho Chi Minh City,SGN,Tan Son Nhat International Airport,Terminal 3,Hue,HUI,Phu Bai International Airport,Terminal 2,2026-09-18T11:05,2026-09-18T12:25,1h 20m,0,True,2533198,0,2533198,False,https://www.agoda.com/en-us/packages/book?cid=1753802&pk=A%3ASGN_20260918_A%3AHUI__1-0-0_ECO___719364260&pt=AAAA.AAAADOZrdjNX373OolZbdymjkskLLHWvJQwbttnR4dkywfWQK11zH3WNvYT4b4aaFGZTkjqJeyjjRl5eUVRN6vtU19Xupm6cdGmOz2ttjLcNKTxBcRsORNyxOa7rCf7Mck%2B4alIBQFYzygk1N%2BIxFRKYrOSlIx3o8s4zGPyIhBPBlN789i8GSW5q2WyG%2FlgFEQ4kkOu9s0p%2B7yHQobkzeY9%2FRsfRzztsE5FTfvYuYdS9uLGfinPOMve9nNAvc%2F1Kez4%2Fcy7JpU6o56HkFID87ALYeuFdwH0%2BBNYUQRU5G%2FYIli4cQD%2FsFkxQoa2c%2Fl08THkVpzhPyYVH1RFn9rUbKiMp6Mt6aWaE77SQ&ptyp=4
1571823546,A:SGN_20260918_A:HUI__1-0-0_ECO___731206402,2026-09-18,Economy,Vietnam Airlines,VN,7206,VN 7206,Ho Chi Minh City,SGN,Tan Son Nhat International Airport,,Hue,HUI,Phu Bai International Airport,Terminal 2,2026-09-18T14:15,2026-09-18T18:50,4h 35m,1,False,4534118,0,4534118,False,https://www.agoda.com/en-us/packages/book?cid=1753802&pk=A%3ASGN_20260918_A%3AHUI__1-0-0_ECO___731206402&pt=AAAA.AAAADNwHkne6be4bKWWEI%2BP8JKQ4ZBuZymN833xcsPVX6yAZPJCyxsAyjDPQzXWFFgnLPv1%2BqwXiJjBwt5xe4wchlxgP%2BaiGm6l84g%2FdFkeFxcQCiGcWhCquug%2F7SpRci0R%2Bf%2BluXRf%2BsjIpjROUyy%2FWvjXBfb7uTy%2FIrIMWid1xMreAEsEAHFm4ZO6pG07SrYGNhtfzNtIl61LfcyLe0R%2F2Ewsg36Mep0SVzAyCmvVBOhwk0W0LPkItEtIE0%2Bxfm4nfScdsoMaj6DWULJcR%2BBoxqNImjWoUd69%2BGqm1lJOj91qA2RujUGQRalO0nJQg6xmTMQMmyFynPIBmtgM3VJV0GRuiN0wEB%2Be0cLMsGJ5KcBjnIFl6PCpr&ptyp=4
173679112,A:SGN_20260918_A:HUI__1-0-0_ECO___2123710867,2026-09-18,Economy,VietJet Air,VJ,168,VJ 168,Ho Chi Minh City,SGN,Tan Son Nhat International Airport,Terminal 1,Hue,HUI,Phu Bai International Airport,Terminal 2,2026-09-18T23:00,2026-09-19T17:10,18h 10m,1,False,4790967,0,4790967,False,https://www.agoda.com/en-us/packages/book?cid=1753802&pk=A%3ASGN_20260918_A%3AHUI__1-0-0_ECO___2123710867&pt=AAAA.AAAADMZdVjZ1oyavxKVRGU5AQvJI1wYVtLTVO6s0qcdxDCw3CQAKtnjod0N4ajo42eI0S9sxXwUnXwI%2BgigHZjESvETzcIndrluM3776l3LvB82HEv%2BQ9FE1FC%2BWVhtBmhrQKrufrO%2FkjT%2Bx6mR2Po4Y9zwY0ftSo6zENIlla%2BVW0gvKQZG1oy4ogjRufZNgin94OtAFXWsshWlf5mHpIs%2Bu59VwUpMVvDf2Tkyxr1DPbjIq6qt9W%2B%2BryRkvLh2drEbbemRbeFNe8jGMP8nLhOsg7sWLH48fkcrBflv9W1Iv3s1zO6VmiTjRnloEogCTisej7vnHNvYRtBIEEZ%2BvcPTkCJbk8ZC8OdMsmLHsmoPZ6EB116xAqHg%3D&ptyp=4
1863160400,A:SGN_20260918_A:HUI__1-0-0_ECO___103985925,2026-09-18,Economy,VietJet Air,VJ,162,VJ 162,Ho Chi Minh City,SGN,Tan Son Nhat International Airport,Terminal 1,Hue,HUI,Phu Bai International Airport,Terminal 2,2026-09-18T22:40,2026-09-19T17:10,18h 30m,1,False,4790967,0,4790967,False,https://www.agoda.com/en-us/packages/book?cid=1753802&pk=A%3ASGN_20260918_A%3AHUI__1-0-0_ECO___103985925&pt=AAAA.AAAADGmZph9CJuqjUhDUkKWRTy6pA8QXv7XPcA6kY3iW5fF5Es8b%2BIRiRE2eSXCJfJrHUz%2FtUvm76nK%2F7l%2Bx2OyaVLBQ3xLbPJLph%2FhdCtWfK%2FxLNcNGfTqo%2F0XnTN%2BRzLIqglvL4way7uWTf6B9uh5LwWa8wW1p0VqJSiAgymsYwRsv3fsZv%2FHJh2VsPDXALPvSpeepxZ1n1f4HWmSKeWCe%2Fy0xIM3xG6Usp%2FhM66BnFzu7bmWnmUDy2IByUEtVhlAyzr%2B8lPhEUQHbccxwCaugpPb4%2BL8Yk2jyDWjutsySZ2GVZkgFcQEBRQMvZ2gzHBBsCON1Skte6JWqwvstWZHlIaMSVCk5L1rlsthXyt0FMkbGUTVhqA%3D%3D&ptyp=4
1075275096,A:SGN_20260918_A:HUI__1-0-0_ECO___355602167,2026-09-18,Economy,Vietnam Airlines,VN,214,VN 214,Ho Chi Minh City,SGN,Tan Son Nhat International Airport,Terminal 3,Hue,HUI,Phu Bai International Airport,Terminal 2,2026-09-18T14:00,2026-09-18T18:50,4h 50m,1,False,5026136,0,5026136,False,https://www.agoda.com/en-us/packages/book?cid=1753802&pk=A%3ASGN_20260918_A%3AHUI__1-0-0_ECO___355602167&pt=AAAA.AAAADPddfC1zPnZl%2FAif7cM3gHWPEMJlqta8spkcQcRSAZr2VYHIrmKvJe6VQ%2FiCKJH7uSRIiq2ouqbvp1mji02aEzPDaI5%2FAf88iQ2urayUuG4eNFCuxFv1SSPP9Eo5IhsJjbgvZjrprrcgq5aipN9BnFlfZ1hTKkoRVLm3XCaVoBxwisL7T8VFVRkL98Jc3wqAOX4F4n%2FW2IhJYSN6KRdLHm88%2FPKqof5nqgZLFRONwpBOhPgZMzoSmETVH0yQ8p49J4J1tU%2FxnPFPU9pIY8hFit4b63HUmbFv6TqQvsw5eqOWdQkjU%2BISnHZtEftOR4FVOQjnSv%2BGbUHy9dBo2FO2ssO6oZN9Cd0H4ISyBPklrsmJiM2Z4Lc%3D&ptyp=4
1369724301,A:SGN_20260918_A:HUI__1-0-0_ECO___1735307889,2026-09-18,Economy,Vietnam Airlines,VN,270,VN 270,Ho Chi Minh City,SGN,Tan Son Nhat International Airport,Terminal 3,Hue,HUI,Phu Bai International Airport,Terminal 2,2026-09-18T23:00,2026-09-19T08:20,9h 20m,1,False,5868942,0,5868942,False,https://www.agoda.com/en-us/packages/book?cid=1753802&pk=A%3ASGN_20260918_A%3AHUI__1-0-0_ECO___1735307889&pt=AAAA.AAAADGLOBaP%2B73qDXH%2BLwVFVqYkelJ%2FcuODAqQKs%2FucRlj4bHDSe9plhO94ZZEVdImKNbXOxG71qXulKnFLD1ONMYZCKpHyR1idJVaThUwD7g0xQc5lpeEJ77g%2FUujIjW4iBXH913EdfgjRWqsATh8j%2F0bTGb2VoNjNIS9WyEMOTAH6RWy8TW7vMkG5rLqPKu5lUpaqc%2BAQD0zpz%2FC%2BxzVLYAKPMTbpiv4VEt5yrPubXgHG93EnbeZIRP08a3crKuA0jUErHSfC79P2W3NHGM7HvnaS5Vghso%2BIBkHFShO%2BqTcDUQZprfUprjnX509OO1bbgnU5FcsGp3MDuHhYeKFWDgAEgXMk4pBZbzgVzzSH1hQcWL3OtE50%3D&ptyp=4
1937195410,A:SGN_20260918_A:HUI__1-0-0_ECO___750398125,2026-09-18,Economy,Vietnam Airlines,VN,224,VN 224,Ho Chi Minh City,SGN,Tan Son Nhat International Airport,Terminal 3,Hue,HUI,Phu Bai International Airport,Terminal 2,2026-09-18T22:00,2026-09-19T08:20,10h 20m,1,False,5868942,0,5868942,False,https://www.agoda.com/en-us/packages/book?cid=1753802&pk=A%3ASGN_20260918_A%3AHUI__1-0-0_ECO___750398125&pt=AAAA.AAAADLy1zbh%2B0LvJN6EXF2aqakOT%2BOqye3ZGeJqXB2LY81QiuxEEXpOWfBh00pyk9h9ixJnECrdkCx07fSTCKogDEjj3FXmRfS9l1w0ogY5z4U1Jw8pl8LSK55%2F8BMmwuQG2h5iIxIa0WAMajMuSJWKzw7tbhDG1PwFFT7dG4w3bO21pkdmqazThG4Xfy8xSaPzKXgPHGMfiYmvXYRM%2FBiHMkXA6%2F6mocQVnf8B4aq3HazwbacWPIoFLHnMyDXsBmuW2QpPlr9jRUhkkqYCLQOynA2Mwd1cUMLG6I%2BzM%2FmgxylINJaL6wi3cWSqRVnR4Wqp%2B7zYD7u8uAHQzMF%2FI3%2FcHf%2FJ%2BV0yCXWgxE8VYl7dP7RiNeQsaiA%3D%3D&ptyp=4
1423532218,A:SGN_20260918_A:HUI__1-0-0_ECO___973406839,2026-09-18,Economy,Vietnam Airlines,VN,270,VN 270,Ho Chi Minh City,SGN,Tan Son Nhat International Airport,Terminal 3,Hue,HUI,Phu Bai International Airport,Terminal 2,2026-09-18T23:00,2026-09-19T17:55,18h 55m,1,False,5868942,0,5868942,False,https://www.agoda.com/en-us/packages/book?cid=1753802&pk=A%3ASGN_20260918_A%3AHUI__1-0-0_ECO___973406839&pt=AAAA.AAAADODFySfCJjrUWRPWKXW4vLOk7rfzBOk7URgbzYsfCenM9WKlllzex2g0bza7MGw3wuHf8s6udahUdJ3kRwChqsoN8Qvo%2Ffl2cLR52NXQlzQLcwNvALoREyJuV0%2FK%2FyZHTot0iTvYg7nuwE3EQaWj9jdhINcgt4wTWoeuQ7wNS8J3pbfjObBVi4cjDPPORnEWkxwh8z74XPobX09xUE7IkYsL74zURIZUZVst5QKdJeIWnIcgEX8Tmt7y9GoOM1u88pkZIzN5ntlUyj8knInwjEDC8xO4MvThyD5R1NPcvAxnUULhfw6r0LXeMzmmHD8XADHSS9sT5VbUg%2BcQ5yC9qFP5%2B3n%2BmE5%2FxVANgsc67Z9JNFhq&ptyp=4
1772758004,A:SGN_20260918_A:HUI__1-0-0_PEO___1386020256,2026-09-18,PremiumEconomy,VietJet Air,VJ,308,VJ 308,Ho Chi Minh City,SGN,Tan Son Nhat International Airport,Terminal 1,Hue,HUI,Phu Bai International Airport,Terminal 2,2026-09-18T14:15,2026-09-18T15:40,1h 25m,0,True,2841396,0,2841396,False,https://www.agoda.com/en-us/packages/book?cid=1753802&pk=A%3ASGN_20260918_A%3AHUI__1-0-0_PEO___1386020256&pt=AAAA.AAAADFNiaqN9%2BhdxNBq9aFsm8NFYyY4quJZRNQI3NpmEqay3cGzRUJX0s0XOyv84pBLvTSHVA9bGO3Ixq7CzgBUkBWnH23SofFHeHZTWbBDHA0Pca43SRZxlwjkJgEcwLXyJ2HkvYAWDaEv%2BMDavE3Kf0amzi%2B70wlcZHhd6yA6oiqQuWCBqs%2FP2V4PUiVlPPVe6oCbsxm1c1WMK7zTI2x6TkBdjAaA6fISV2Vq%2FBkrnWKa4n83KqdlrudSnlAeNSlBLMgojEAVCoiNeus9n7nH0H%2BdYRnCMdPjJ5cTqLnpxsJCNWvSAUwVQ7dFwvPbTruDZWFKdVbMloIMxNe5EysQ02vpDiDnnQl%2BX&ptyp=4
1888835899,A:SGN_20260918_A:HUI__1-0-0_PEO___138403308,2026-09-18,PremiumEconomy,VietJet Air,VJ,302,VJ 302,Ho Chi Minh City,SGN,Tan Son Nhat International Airport,Terminal 1,Hue,HUI,Phu Bai International Airport,Terminal 2,2026-09-18T05:30,2026-09-18T06:55,1h 25m,0,True,3645761,0,3645761,False,https://www.agoda.com/en-us/packages/book?cid=1753802&pk=A%3ASGN_20260918_A%3AHUI__1-0-0_PEO___138403308&pt=AAAA.AAAADKVcNhkmPpNsKHdys%2BafZItHe%2FBipaOLiu%2FN4YgxcFm0k4a%2B9u4DgQmeFq4y0rxzr9DlOZ0ly%2BDsXX29VKJ52CFHfJRZoKjq6frLJtthqktT43VWA4XAxlwyNuyIvJtfQlaW8c1hRAQZnphiPMOf92X8lbyUnwePtBTn%2FGZnxwp6YTETdr8edN7tQQoiCQucaIQm54IFEKGE4O2N686orr1OkIPJ5x6IlKkYcUWxHSHrWEf47340EW89kMhOcRS7VWWrAuBefjjTzYPqX%2Biohu%2FaST%2B4mkwYZjg8bZteWWvW6g7dh23A3Yergor8hqoMuH7q6l0MrVgdmMkdyu9cs2xlVJGt&ptyp=4
168420933,A:SGN_20260918_A:HUI__1-0-0_PEO___692933353,2026-09-18,PremiumEconomy,VietJet Air,VJ,304,VJ 304,Ho Chi Minh City,SGN,Tan Son Nhat International Airport,Terminal 1,Hue,HUI,Phu Bai International Airport,Terminal 2,2026-09-18T09:00,2026-09-18T10:25,1h 25m,0,True,3645761,0,3645761,False,https://www.agoda.com/en-us/packages/book?cid=1753802&pk=A%3ASGN_20260918_A%3AHUI__1-0-0_PEO___692933353&pt=AAAA.AAAADKiuUtpAv230BPFPS7%2B0GIvFNkzMZR3hf7DZ5JqZn2e%2FbUIdstpshb7f8jTPbAmipYAQntqaZO2REP4oxQXV4YXc8HBuJo92vPfy%2BfTMTieWXcJ7TpJL2Wc12StAGQ0gd4WqOyk9ZWeaoDbEPTY9AkB8ZpJ2sNpmy5M3HsmzGQShetiRixfbjBkGs6hZCm3y0dgE4Grlj2GHB1GEg36kj8x%2FHBDhGDXT971TdhRqnG9HU7CpkG1iV59TBgYTIx2wp0YMjhhBG4lC3WJA%2B36M%2Fgfmf5%2FwJ4AfRIAmToeaT6VrUmw6hJwClcaJF5uPbt1C1vSHr0u7uDDoJRBcYG75OUguhxw%3D&ptyp=4
2084133972,A:SGN_20260918_A:HUI__1-0-0_PEO___1400279433,2026-09-18,PremiumEconomy,VietJet Air,VJ,306,VJ 306,Ho Chi Minh City,SGN,Tan Son Nhat International Airport,Terminal 1,Hue,HUI,Phu Bai International Airport,Terminal 2,2026-09-18T10:50,2026-09-18T12:15,1h 25m,0,True,5113786,0,5113786,False,https://www.agoda.com/en-us/packages/book?cid=1753802&pk=A%3ASGN_20260918_A%3AHUI__1-0-0_PEO___1400279433&pt=AAAA.AAAADM04Q01XVh8eq12O%2BUtTFXTSCT6vepHum4FdQw33cekUrda5e1d1iItJzM%2FgOu%2FGXZAilmOr5ekGsXDsZlIzPNseoiiqoMeuEPb2FrEAyTR%2FqfPfzG%2BBmEhp%2FJm4PaVrYm7GMOH7pjghkudRTx2paRLXWzB3tBq%2BUWYbILnEmc3WuMQLw2ZLrcLS%2FbZiPdXopJPyujOqE89YjZ%2BnPynUwVVP5T9siLQsBmIq3q8oAFDd2c2Cfhr3174ww81fSxOf8wf5RD64kzhIOdQ2zO%2BqxMGVo%2FsXWeHWlF6dZjnzbNxu5JQfS2CY1GPeA8LZcTk9Dbhp%2ByQV6AF%2FMKkH4vPx24ceufVd9yg%3D&ptyp=4
794463664,A:SGN_20260918_A:HUI__1-0-0_PEO___1477437784,2026-09-18,PremiumEconomy,VietJet Air,VJ,312,VJ 312,Ho Chi Minh City,SGN,Tan Son Nhat International Airport,Terminal 1,Hue,HUI,Phu Bai International Airport,Terminal 2,2026-09-18T18:00,2026-09-18T19:25,1h 25m,0,True,5113786,0,5113786,False,https://www.agoda.com/en-us/packages/book?cid=1753802&pk=A%3ASGN_20260918_A%3AHUI__1-0-0_PEO___1477437784&pt=AAAA.AAAADIKZKGm4rkMz41tdbEeJvgTnN%2BQ0aWVW1fMMVAIHa3tCFMaSFEA2omYUt1YdaBpRc8Pbb%2FsiHHF1ezP1LQETOlqvpqH%2FXGl4%2BYk62fgRx4PWxnKMu57FfqFbnJQAEE2QUkZMuuzKEUFSv4HcumoMrYJzc4dp8PR4i1hjlKuG%2B0%2FgV3dOhPpNS0iD6fWQs1rpdinj4rr3g95S0tfWWq5HWlhvURqUx9l9DVmVIe21YHindLVDM0WAqQROvecKKNT4C72TaBY1qDYsijcI%2BpjRRWNUtbSTWz88diHcfFuKYqB4JmE4sojni8NGbcEGnUD%2Bs99j%2Fb6pZNmCXdwX7lGf2PK%2BmFBF7Q%3D%3D&ptyp=4
1481374909,A:SGN_20260918_A:HUI__1-0-0_PEO___1793197982,2026-09-18,PremiumEconomy,VietJet Air,VJ,310,VJ 310,Ho Chi Minh City,SGN,Tan Son Nhat International Airport,Terminal 1,Hue,HUI,Phu Bai International Airport,Terminal 2,2026-09-18T16:20,2026-09-18T17:45,1h 25m,0,True,5113786,0,5113786,False,https://www.agoda.com/en-us/packages/book?cid=1753802&pk=A%3ASGN_20260918_A%3AHUI__1-0-0_PEO___1793197982&pt=AAAA.AAAADOZdKNKHPvjH%2F3Bxbw%2BnTx674avRQbG41EVlipBu3izxnGu0LZjeM%2BKRMxCFsuA6mDX3DcgJDb1EfvJ8b3XDuH36IglOU0n1hIDYYLr6iJq%2FJXoWsyhy5BF7G4nYjk1l%2FaGYZZACufn3%2Fmj8GFx%2F4HB2PBVpHYulaOhIqIZdGGBXYAIKBJrKJ71%2B3dd3faM5fdFDOonKgPwVu%2BZ1srS0zZ%2BfAorJ7hPgZIspBGQR%2FQ9e156YIJnQDGInfQaZg5PnwgeeoCeUeVFW7lB4y1lGDMjx%2FAbucz2L26qugujgeLMKnJ%2Bms1M8wGSl3lXgrz4C9T5MLFzBOA5MfCjUMfLZtBAF3UIwVw%3D%3D&ptyp=4
1393329778,A:SGN_20260918_A:HUI__1-0-0_PEO___657993483,2026-09-18,PremiumEconomy,VietJet Air,VJ,1312,VJ 1312,Ho Chi Minh City,SGN,Tan Son Nhat International Airport,Terminal 1,Hue,HUI,Phu Bai International Airport,Terminal 2,2026-09-18T20:00,2026-09-18T21:25,1h 25m,0,True,5113786,0,5113786,False,https://www.agoda.com/en-us/packages/book?cid=1753802&pk=A%3ASGN_20260918_A%3AHUI__1-0-0_PEO___657993483&pt=AAAA.AAAADB%2Fq8NsqXVsxIlfidv0CgKMHUPzksV%2Fea%2BQ7OBe%2BWn95ARud1ONWkmkyD%2BezT3O9MtAodNOK6Bm2Id0laGtD7x1N0JokflPYvx6g878gsV%2Bt4LK3UW5f9dnapkmJaFTJGzRgjAJx8zAapWe8R2OJOlN4dYt%2FJLiwZk8UT5uM7oQIBoL4%2F9dANdy%2FOqmaTniF8AvgnOvpjt7nzrnB22MFtYTfjgGC89fJAAAobJ5Gvjeezkd%2FwtgU11C%2BP1gMmYnxXylTzUxBMpQzH64VHRqLtus%2Fdnp8BbYrI6MAQc%2BZf3QDZ409mTAwpxn10t%2BqwfxY6%2BKpNuyVXRhFY5WtBNRVMjPXw7Ac&ptyp=4
254154320,A:SGN_20260918_A:HUI__1-0-0_PEO___1012552045,2026-09-18,PremiumEconomy,VietJet Air,VJ,1156,VJ 1156,Ho Chi Minh City,SGN,Tan Son Nhat International Airport,Terminal 1,Hue,HUI,Phu Bai International Airport,Terminal 2,2026-09-18T20:40,2026-09-19T10:35,13h 55m,1,False,9711542,0,9711542,False,https://www.agoda.com/en-us/packages/book?cid=1753802&pk=A%3ASGN_20260918_A%3AHUI__1-0-0_PEO___1012552045&pt=AAAA.AAAADHKH9UMWDtuD%2Fiws6hchyHa7L28soxZg5HQiqy59nY5v%2Bc6z28shiJ%2FfY9KF7TniDX1HZBI7rZomsr7RTHfD6%2BlBAR2tHi32lxiob3qEkNaiBSzrKoEHdSRz26JE7mE5I8Ch1M31R5QlZ7qwIhoPXINGmQALVkeUMzFRMjuOcwj1kf0DAxEuiJA0xXFwqtfvzJUADxpBw6gLbNaHQT0c8sS%2FqP3w09xSWoONwmWC4U%2BlC%2FZRSInlWi4AApAUBrRFYOCB5eVngrp1i0Ji1FzKtsFw2RK6T2MZ6WxoNAAUbwUmFURKVTI9DTLmSXw%2FjnU2m4MP7ssyDm%2BoZLfCecBJECIHTxQD8mfki2bvZgNcuIsMSo6M23E6xwmzVCMD28suCHvm0Ava7dzKRyYmxROI&ptyp=4
471425804,A:SGN_20260918_A:HUI__1-0-0_BIZ___920465566,2026-09-18,Business,Vietnam Airlines,VN,1376,VN 1376,Ho Chi Minh City,SGN,Tan Son Nhat International Airport,Terminal 3,Hue,HUI,Phu Bai International Airport,Terminal 2,2026-09-18T20:10,2026-09-18T21:40,1h 30m,0,True,3349541,0,3349541,False,https://www.agoda.com/en-us/packages/book?cid=1753802&pk=A%3ASGN_20260918_A%3AHUI__1-0-0_BIZ___920465566&pt=AAAA.AAAADC%2Bvj%2Bh%2Bn9Dq8hbhaXLx5ikbF%2BCsofLsmHgUokQLSmglRZGdBS7bRZBs65DS7UqTlK3wWko%2ByhPGztEAS%2BpLmxno1hNpjSJtziderB3rEjvhcw6MziEL8FPaoJtcOdnjA3O8ROXDHcCB93AnOO1MjXnHpwdEHJtNeSkn3%2FKsqsFzSm%2FElpTRnw4X2CV0RaozGKKxUT7bIlpzJy%2FOAhzrCuMyjKLTD9ShxvhHr5kwY29BMSLY4bPbiWnNkp14uVbmsye9lPTQbFukWsvTk4YN%2FvzB%2Fbc%2FMcnvShYowGN7LohtZaRtaC%2BEdHaDlcNTi%2FDdv%2BQlhsgmxY60kedfJICQteq2m8qD2JMEYshP1pATSz3J8SnNrBeU&ptyp=4
837411218,A:SGN_20260918_A:HUI__1-0-0_BIZ___1701617286,2026-09-18,Business,Vietnam Airlines,VN,1366,VN 1366,Ho Chi Minh City,SGN,Tan Son Nhat International Airport,Terminal 3,Hue,HUI,Phu Bai International Airport,Terminal 2,2026-09-18T05:45,2026-09-18T07:15,1h 30m,0,True,3989545,0,3989545,False,https://www.agoda.com/en-us/packages/book?cid=1753802&pk=A%3ASGN_20260918_A%3AHUI__1-0-0_BIZ___1701617286&pt=AAAA.AAAADE7JyFBBQxE82%2F8g9cmeBMUVQYEweDDnZWyiKlv8N7ys6Qq8m5SAfuVmgo8N4ZCBMkSThqhimCk%2FgAeu76kpYzVRYhK0PHGErJiSa21djoYM842VbJCDTtQFQkuCtJNj9ym23H6XCi0xIxp%2F5ZRl7VDzCHWHVSFx0B8sUJZSGs6pR%2F0CskyUBPIPFLdM7T8Xgxgmy%2BVYzUylZ3KY8Ynz3Ht7tbJKylWmF5Ls9YDX0qGCRXW1PmYw%2F4DSz2w0%2BtvX4wABJ4EAlfhZw14IuV14hbEUEnHcxBzkZbHWuj7j8cDeV3OZmZDqu89uYFYJHtO4JqH14ea5zM7pmCUYTEHzzHK%2FtC2VRwtL4Q%2BcC9Eq&ptyp=4
68510216,A:SGN_20260918_A:HUI__1-0-0_BIZ___781332839,2026-09-18,Business,Vietnam Airlines,VN,1374,VN 1374,Ho Chi Minh City,SGN,Tan Son Nhat International Airport,Terminal 3,Hue,HUI,Phu Bai International Airport,Terminal 2,2026-09-18T15:35,2026-09-18T17:05,1h 30m,0,True,3989545,0,3989545,False,https://www.agoda.com/en-us/packages/book?cid=1753802&pk=A%3ASGN_20260918_A%3AHUI__1-0-0_BIZ___781332839&pt=AAAA.AAAADNb0Z6rLDx0Gua0HuzvbU4%2ByDx8H6gQ%2FUciBmZ2GNzzvb2cx%2B2TizoRjpl0eFARwwGLUyYzBBomlvfwEf8rOSELuHzKOOQHWFuH0WYn07KKsjFBnCyNOni1VtcvjUPWGIihFxigtaW7Fb7Wg6gjijp0gd4%2BHf0782sdpXsJlKMrGAz%2BbLe2LM4F917YlsX8OMi1MBCvKkociweayF4YBXuLFmbRJAyFyuDFVKO5OzE4IuxX8U%2FW%2BFeKlAAvERRAn7KKp%2B3hKG1YJfOnQUcF5xj%2BtaRnOWa6RYInF0hwLptlzW%2BPeo6rQp1Ox01DgYvXcbZ%2B2MagUsLzCGcCw%2BhgKGDDcSwQ0U3%2BelvDFOw%3D%3D&ptyp=4
560471015,A:SGN_20260918_A:HUI__1-0-0_BIZ___963592395,2026-09-18,Business,Vietnam Airlines,VN,6160,VN 6160,Ho Chi Minh City,SGN,Tan Son Nhat International Airport,Terminal 3,Hue,HUI,Phu Bai International Airport,Terminal 2,2026-09-18T16:05,2026-09-18T17:40,1h 35m,0,True,3989545,0,3989545,False,https://www.agoda.com/en-us/packages/book?cid=1753802&pk=A%3ASGN_20260918_A%3AHUI__1-0-0_BIZ___963592395&pt=AAAA.AAAADLH6Cfk2pHKg5AHrYa7acML7pEr%2Bcn6YlwH7L6vw6dSOr7znXB52uYc%2Bf72ef0jNeTMu%2FaPScKOeYoi5phe7bqnS1MO7LPKR2pGwYz8agMMaNoduq4O%2B0k69a8NaRhIaTf7%2BJHnpUxdeBogfX8e4H3La%2F2rT%2F1NB0txmNj6nzyafwzRM6eECe4iShndC17jXiTpj5LRwNX%2BhPsnlorO%2FVsxEHIUWPlIyzoNopLvTaVfg2g7xVSrvj1va2rGS%2F5G7Ul8K1s%2BfaxuHpknHnsrzzvxlL%2FeRvEHrpr7klSk2qkMLa%2B1rPg0QlVzroL2x%2Fj%2B7Txmb1aBi7wiGtrWD181WDD5OS1gzWZTPX9fNSQ%3D%3D&ptyp=4
1546549156,A:SGN_20260918_A:HUI__1-0-0_BIZ___719364260,2026-09-18,Business,Vietnam Airlines,VN,1370,VN 1370,Ho Chi Minh City,SGN,Tan Son Nhat International Airport,Terminal 3,Hue,HUI,Phu Bai International Airport,Terminal 2,2026-09-18T11:05,2026-09-18T12:25,1h 20m,0,True,4153976,0,4153976,False,https://www.agoda.com/en-us/packages/book?cid=1753802&pk=A%3ASGN_20260918_A%3AHUI__1-0-0_BIZ___719364260&pt=AAAA.AAAADOX%2F7DLF9L7N3yirNCpYLD2yGRDmegfjNoyyDIAj5two4M6maq5DTCXGB093A8MnJkzdEWc0rJ9eDB8zB%2BXKLUY0GD%2F03pihiPKAKqwF%2BSFSiAAZIWbyEuO6eKdWk7Xrsbx4XgVlwda%2FCxq0Do07cwwEAkbJtzsQFS1pw71pLxm5B4qB4LrIdBdE3gsWTOBI6bf8ccnquNCGHEoXP22KN234%2FFAOb3VylYIs9%2B8DO1%2BxGDNNZJ0zRg%2FLhqGVeOAk4psHa59sw3L1dAadZPzq0S7Bb6Wu43gN1%2Fy79JOk9ittD2f7RyIYE3VfmJzJX4FTLiIyNQRWwhf8OZS2MLvNl9MsoIOVTOVMogrtW%2BXOJsjrWeluINfv&ptyp=4
2110988989,A:DAD_20260918_A:SGN__1-0-0_ECO___142634747,2026-09-18,Economy,Vietravel Airlines,VU,685,VU 685,Da Nang,DAD,Da Nang International Airport,Terminal 1,Ho Chi Minh City,SGN,Tan Son Nhat International Airport,Terminal 3,2026-09-18T18:55,2026-09-18T20:30,1h 35m,0,True,1215496,0,1215496,False,https://www.agoda.com/en-us/packages/book?cid=1753802&pk=A%3ADAD_20260918_A%3ASGN__1-0-0_ECO___142634747&pt=AAAA.AAAADMA5ogINk6jp18H9zP4FXlV8qj8DZZV2TaYSfgDsrkSQLb4NkUAjscB1g9AEF%2B1GCKdXGZ33f2EnKoGdCQwJdDengIeBBIwG1%2BlquR6%2B1Zfm2WRbOrsi2NI3G65zyCIXF%2BphVEz3HJr09HfrwwicA6UQHj8zVnrgiw6uV9gnHbGym4sBEPuWy%2FMIhObY9%2B22d9hiWUwyYZUZ62oAbW8S7gESfNi%2FKd6Z%2BOskYBkjWQNGa7txG1War52tgQQNBVbjL92jZipEoYxrkXyVVVv3hH5D9SIwC23wFd3mEaL27vT0a8UyrvnINx2i%2FCJtEpNG2t5QO3RdqRjiKlxdOf8DxvB8NAALNsMuT9gdHb8WGNS0vBIzgjXiNmy%2FRsYqgWd10Q%3D%3D&ptyp=4
1889702740,A:DAD_20260918_A:SGN__1-0-0_ECO___855388711,2026-09-18,Economy,Sun PhuQuoc Airways,9G,995,9G 995,Da Nang,DAD,Da Nang International Airport,Terminal 1,Ho Chi Minh City,SGN,Tan Son Nhat International Airport,Terminal 3,2026-09-18T21:35,2026-09-18T23:05,1h 30m,0,True,1221070,0,1221070,False,https://www.agoda.com/en-us/packages/book?cid=1753802&pk=A%3ADAD_20260918_A%3ASGN__1-0-0_ECO___855388711&pt=AAAA.AAAADBVus%2Fe2X4cWfVZZCQwqrMhJQ7P%2FTELTjMcAVtf%2F95OuzrF3bF7Y6L4587eAtM65sTilusXvFlAgf80IF%2BsnaNmpi7GyHuH4wTK2iUGJfArILwAwf2s6DQC2WBoQ6G7vJ9%2Fl4n9%2Bl5U32byW2%2BflXs%2BHb0UD9G133TJ81%2BtTte5Co0qYjBU21KljFn%2BYmR8e2ShtMKwABFxvhudo16ot6E8a3DqnoVGsCLfChsmh%2F4W1NaH%2Bb8OxtajFy0EIWsZdT3iEj99tjvMyM70D%2F%2BhfMUgH%2BNOuTBxEmLUwkNRyiYttgPTTDFz%2FnmEh2gfMC6Qk7HlXIKfPSl2THNcoqK9lLJMN%2BxNih4LR&ptyp=4
553205646,A:DAD_20260918_A:SGN__1-0-0_ECO___564029953,2026-09-18,Economy,Sun PhuQuoc Airways,9G,989,9G 989,Da Nang,DAD,Da Nang International Airport,Terminal 1,Ho Chi Minh City,SGN,Tan Son Nhat International Airport,Terminal 3,2026-09-18T20:55,2026-09-18T22:25,1h 30m,0,True,1331643,0,1331643,False,https://www.agoda.com/en-us/packages/book?cid=1753802&pk=A%3ADAD_20260918_A%3ASGN__1-0-0_ECO___564029953&pt=AAAA.AAAADEFDCw9zVU4xEL4PpRBF5GYp%2F7h45UkVZsiITZ8G6NFn%2F4WEj7157ojieeZ%2BGNdULDbZRM1k%2F6hhPkidvKbij%2FWQvozpwIFKse8uY4MBKL%2B5dzMAbMPVn7qVr3NdjOANsLe4ojMLppmR5UqX4yXw7097NZDZxuIv%2FhXvNYTWqHXGLJ%2BR3COZ31iJE0oiVyRMlE%2B1wlcyDySgET2a6jDZbGBM%2Bm%2B91N1g%2BHnDUWp2SGdP1neYzFBnPZNA9mj9vmmWWLp%2FSGyAGGoV8KbM77u28PR1H77AX3kH7Ti873NV74GjZQYP4ArBl2pShf9OQ1Ua8ndLsGx39ZU4WWcfyuZ7B7yJDd%2B2Gg%3D%3D&ptyp=4
1955045612,A:DAD_20260918_A:SGN__1-0-0_ECO___1852440985,2026-09-18,Economy,VietJet Air,VJ,627,VJ 627,Da Nang,DAD,Da Nang International Airport,Terminal 1,Ho Chi Minh City,SGN,Tan Son Nhat International Airport,Terminal 1,2026-09-18T08:55,2026-09-18T10:15,1h 20m,0,True,1445343,0,1445343,False,https://www.agoda.com/en-us/packages/book?cid=1753802&pk=A%3ADAD_20260918_A%3ASGN__1-0-0_ECO___1852440985&pt=AAAA.AAAADDQtj7f%2Bt6tbLBnDVvr%2F%2FcvB3Xrx0NKEd%2Bpm1JVnIV7S%2FPEYZOSy6O5UIfQY%2Fv4HgTfFjmNGp5fQIygec6PzmuKYojZIbvcSfpsM7puw%2FoRySqW5Vddf%2Fe5nMw1WDBXe%2BONA7E2hIMbqmHWHprecHxoiGG8o4Iy6XnTkg4al%2B8dchziSMCypr1BXu33FEkLHGcjpf4DQDpGBEtl3L7J6ebIJUwRtD%2BMNmdgUplfc3Nq1VegrNScsmA3cLKQwYqalBB97TFWZBYKFOUyr6NNIP3%2BDZHsH6fZ2%2FP5i7BQGAFVdYD7na5lDmSUr3tgomVrYk%2FGV5Xteh1ly%2BGzD4YASqjUBsgSMGT3vKLycqt2aUwJVGsyRKA%3D%3D&ptyp=4
1582114411,A:DAD_20260918_A:SGN__1-0-0_ECO___251178835,2026-09-18,Economy,VietJet Air,VJ,631,VJ 631,Da Nang,DAD,Da Nang International Airport,Terminal 1,Ho Chi Minh City,SGN,Tan Son Nhat International Airport,Terminal 1,2026-09-18T23:00,2026-09-19T00:20,1h 20m,0,True,1445343,0,1445343,False,https://www.agoda.com/en-us/packages/book?cid=1753802&pk=A%3ADAD_20260918_A%3ASGN__1-0-0_ECO___251178835&pt=AAAA.AAAADLXgVApWoYbd724NDB5cV46BwdpmovIMIOkaMqZXInks2Bqd3Qq60NpSGErrP3EsqnV4O0IATzdsCKmgnmK40%2BDMj9%2BocHV9ybigRwRmLWaZ10Agl2ZljDtfQpCtjeVyqMT939dIWcS8RhR4%2FseschA8LL7h7uV1fC%2Fp86ynvS4feDshbJOUzG9b48cxrY6RQg2HNJyRgzba7rhDd3RI6xvd8CBK97vZhd%2B0lQvCw1orCXRXdFTrkyt2ajvkFoD4A33Ia%2BkUOqH%2FeeI1cmlELeLY2w9LA10TqscBdUjOxD20FGpGjqWmyr7x22VFBhupzBtoPJ9mGD0DpgKgnMTkpTqCyQekMcsmzHbAvXt3cVk4g7VzCQ%3D%3D&ptyp=4
1068519847,A:DAD_20260918_A:SGN__1-0-0_ECO___763116157,2026-09-18,Economy,VietJet Air,VJ,639,VJ 639,Da Nang,DAD,Da Nang International Airport,Terminal 1,Ho Chi Minh City,SGN,Tan Son Nhat International Airport,Terminal 1,2026-09-18T17:05,2026-09-18T18:30,1h 25m,0,True,1445343,0,1445343,False,https://www.agoda.com/en-us/packages/book?cid=1753802&pk=A%3ADAD_20260918_A%3ASGN__1-0-0_ECO___763116157&pt=AAAA.AAAADOHTznN9t5TBpQJYGSDIVSpv9YezjSFgIrLB2OoIF7%2F4v8V3%2BHDwUBMtaYlXwCNYEh2t1uVYSiL%2F4pbYmscP6B1LqNKS%2BdJyiFyXZDVT0ym6x%2FHYr%2FrMHt8iIjUHakx1zfxj89StbNd2fzj8oSuoRyiPfd9WF1qi2iHW72iw0jK7MAQasRZKYxMtj0C8HH7mjDTK3pZeuXzL%2B3l5FOiZidSGj%2FsZR9UiIJF9dxAHpSnpIQYrzL4WMp2Ifxl%2F31f45xRSw9%2BGbub1UUpQhaEqgMsg2S8mOcl1Kfjf5Aq%2B7L7clYwarIsARjbkwUc5OJNOYsX96%2B%2BHE%2Fshc30ZsmCMlczLgZ%2FKyvp4tWq8v8W%2FZLbCFqBN&ptyp=4
1464049250,A:DAD_20260918_A:SGN__1-0-0_ECO___1360391815,2026-09-18,Economy,VietJet Air,VJ,637,VJ 637,Da Nang,DAD,Da Nang International Airport,Terminal 1,Ho Chi Minh City,SGN,Tan Son Nhat International Airport,Terminal 1,2026-09-18T16:40,2026-09-18T18:00,1h 20m,0,True,1459766,0,1459766,False,https://www.agoda.com/en-us/packages/book?cid=1753802&pk=A%3ADAD_20260918_A%3ASGN__1-0-0_ECO___1360391815&pt=AAAA.AAAADBIAVL2l6XRLQlKVadzbS8pMiZQtXoWFAKzAXtXYl3l%2F1RtUM%2FI0PshJ8DQGGbxgL90qHWE6yxALfHGGvgj6%2B7V%2FFEEIsepRJGAMpmSY1Em7%2FUMzeU9ErGMrgOoFQzQs2l9O%2BPCnmxOiMTwAU8RGeMAfkihfBAcNGhHsXcuzFtkcefcWvUi9y0bAE%2BHXlVBsqwyHcYO0za3xoKiS7npS2tJoUFDHPNVCQ1PnNGa6wW60Xa7rgMSo0f6i4Nx2UyXlD5GmOX7S1OGY29EwX5eSZ%2BTWjUCOT2GGPFSKxwR9AfmFBQ1uBvqUk64kpe3zIjGdRKpLDSlpTuvP8%2FjO8ZACq3VfTlZCs7CLR2dlBbNdMMwyJBSsrTx9gTw%3D&ptyp=4
566968837,A:DAD_20260918_A:SGN__1-0-0_ECO___1741644827,2026-09-18,Economy,Vietravel Airlines,VU,673,VU 673,Da Nang,DAD,Da Nang International Airport,Terminal 1,Ho Chi Minh City,SGN,Tan Son Nhat International Airport,Terminal 3,2026-09-18T10:55,2026-09-18T12:30,1h 35m,0,True,1587422,0,1587422,False,https://www.agoda.com/en-us/packages/book?cid=1753802&pk=A%3ADAD_20260918_A%3ASGN__1-0-0_ECO___1741644827&pt=AAAA.AAAADOypRlOjGAqweOzVRRPuy0Iwf%2Bo3Upx53g36OnZlwfYFLE8QLOL7Zx8n0X5bEn3v4rhbd66dLJsG%2Fjpi1RlqwCKhvmdji%2FJkc8brJhahAK9ecMEImrsjP%2B3YkMe9NN4D99sFFr%2FF5NhO1c2jp7gm762vxS5bmq%2B9OF4NW0YteNNRBUQgLqEX6A5Vv%2BhVD%2FmGL5fqRI59AAIpOWpe%2BcTVFBMR3%2BgmH5WgJPPNINXKZaD%2F1b6qbkkadUhgDvRHhJnDfY4UjIVIxekqJUt2qb3e%2FJjYorK77at%2FFIjO%2FULcPtDD4yOhU%2FvLL0jP7jrV%2FSgHYeAVcXxp6D66lJUBDC0eDD7Mb27s1s2Fnw%2FE2Zn1Nc2Umt6ECkaypJ6oANND5A%3D%3D&ptyp=4
1503783597,A:DAD_20260918_A:SGN__1-0-0_ECO___562709103,2026-09-18,Economy,VietJet Air,VJ,633,VJ 633,Da Nang,DAD,Da Nang International Airport,Terminal 1,Ho Chi Minh City,SGN,Tan Son Nhat International Airport,Terminal 1,2026-09-18T14:50,2026-09-18T16:10,1h 20m,0,True,1625353,0,1625353,False,https://www.agoda.com/en-us/packages/book?cid=1753802&pk=A%3ADAD_20260918_A%3ASGN__1-0-0_ECO___562709103&pt=AAAA.AAAADAWeJdz6f3Y68Zg2ENWlETXVaWbwAv%2BbwhulIU9vXfwSt%2FAS%2BvgnefrqFntzZXOiAhlyRrSZuStgvX%2FleGndWHlNpJF9K75rU5k4X%2Bgq7seS7ha2h61hTIx%2BCcsm8RaELQkLWVE0YergXeh00zbCex%2FLuqUGxX4rd1Ul%2B5E0hlJ7VbK0u2D4FCj0qF%2BkfOPx8EXwy6nhSJYpQYQa8lTuNocE5Y4Cm%2BQfTRgOuYy5S42ykpuHlWD7giPzF8U1ZB7CMUi4ktNqdTAcreHNgUmLpPb1TnBIgn3RS5vdZVfiTdmM8qlCcDOUG8Lh5%2Fbdd5ynz4es3nC8WA1ZXif257uS95AxVrxeXy7si05RvBhjOTXdt%2FjM&ptyp=4
1478417456,A:DAD_20260918_A:SGN__1-0-0_ECO___679315299,2026-09-18,Economy,VietJet Air,VJ,625,VJ 625,Da Nang,DAD,Da Nang International Airport,Terminal 1,Ho Chi Minh City,SGN,Tan Son Nhat International Airport,Terminal 1,2026-09-18T07:10,2026-09-18T08:30,1h 20m,0,True,1625353,0,1625353,False,https://www.agoda.com/en-us/packages/book?cid=1753802&pk=A%3ADAD_20260918_A%3ASGN__1-0-0_ECO___679315299&pt=AAAA.AAAADLHtGUsVujeX0dQYyzMBR9nUHY%2Boo9KQnGcvOJ4ZxwM4eS3NAR4jaKcslofuPaRrw8pFZfzeAAS%2F0gmUvOes41hi%2FPDY%2FM6ou0I8kCFDaRfkto9CVLW%2BI1LP8ZQ25wuImWwlL%2FOzoyZW9pzjGWjmjPKTs8Im4U4vLTJZKLxIEW4DfFuFhIbLtEsBTxGX5S%2BrWIW5f2s2QdFMQk56iWCZyyB2XukyavR7roTYLxQGQqplROuC6dmqLnsC5JQYKXjDkITp3Gzb2kH3ovPDFXv3HM4FyO5UZLxk6GHJeqlvCoaIJgSmWYRyRv6CcZB31ys0XwxU42oyd2oeLfuksqYhhENlVvzsNQlMrG0MMIHCuwrx4IZvCg%3D%3D&ptyp=4
1547801485,A:DAD_20260918_A:SGN__1-0-0_ECO___4900273,2026-09-18,Economy,Sun PhuQuoc Airways,9G,983,9G 983,Da Nang,DAD,Da Nang International Airport,Terminal 1,Ho Chi Minh City,SGN,Tan Son Nhat International Airport,Terminal 3,2026-09-18T18:15,2026-09-18T19:45,1h 30m,0,True,1685114,0,1685114,False,https://www.agoda.com/en-us/packages/book?cid=1753802&pk=A%3ADAD_20260918_A%3ASGN__1-0-0_ECO___4900273&pt=AAAA.AAAADJJYAChigkjrQ4qEccq7kIuFgEJrnl8cO%2FTeZXh8VUCh4PgL%2BkCdqXmXgsM0u88qV8YM%2FIGIErB7XxbDf%2FkStlakQXySKBrE5B6iW69nfC7C2eJvtqR2jkTh2tyOYAwIOi3%2FWs5eV%2BIiHexjIeIIfBIuGwNyqTwxLZE39bUFlj6dXP1QaWy5r5qGbRMjGo8HdBAHP38%2B8YUhp%2BwT1eAh9CkUqfj1FEi0MoYPWdq%2FHwDGc4xDVuKSdPmQEq5riFrWRaggSobFMT9GOpKV5ceHdndTsISBkLqHwXXXrBoMwAW9LxGsoq67CPRSE0BLFsXnkq%2FSKKJ4%2BwBiS4%2Fpv95aGD8l1wJ%2B&ptyp=4
1485522163,A:DAD_20260918_A:SGN__1-0-0_ECO___406632726,2026-09-18,Economy,VietJet Air,VJ,1643,VJ 1643,Da Nang,DAD,Da Nang International Airport,Terminal 1,Ho Chi Minh City,SGN,Tan Son Nhat International Airport,Terminal 1,2026-09-18T06:50,2026-09-18T08:10,1h 20m,0,True,1744064,0,1744064,False,https://www.agoda.com/en-us/packages/book?cid=1753802&pk=A%3ADAD_20260918_A%3ASGN__1-0-0_ECO___406632726&pt=AAAA.AAAADFB0TF7ue2xvBF71Qm1Ekkxh4K8nON02ITi1YL38UmZt9MDYqPu%2BcQXHsIFs0KP0HyOltdsRURb2rpmH0XvVcEjBFZOqsMP%2FL%2BdVXIwlPA69hogCCK5jXQUJ55FlbeX2xPO2xszdf0%2BOiDsUqGDfAo92Kiy7g6BZ7vHUWbquEqb3p3Alq0cCP5Fzyz8H2Y1VX3tkWIb3Rh6cq9tdZwgPF%2FY605fQYFOPkS6z3Kc%2FOAbG%2BgEAkeh4S1fyK5I01ftGLJ2W5yaVF%2FQP2q7JC%2FHhgPrXasgSGccIsPvUP1cwda8%2BSlQ5eQkKdcRNyKSaIocur%2BGTlwmdiDhXbk5m4NiabZS7dmjeiSwBLBLXYW4Eu1BecaT8&ptyp=4
932697137,A:DAD_20260918_A:SGN__1-0-0_ECO___446488169,2026-09-18,Economy,VietJet Air,VJ,645,VJ 645,Da Nang,DAD,Da Nang International Airport,Terminal 1,Ho Chi Minh City,SGN,Tan Son Nhat International Airport,Terminal 1,2026-09-18T21:10,2026-09-18T22:30,1h 20m,0,True,1744064,0,1744064,False,https://www.agoda.com/en-us/packages/book?cid=1753802&pk=A%3ADAD_20260918_A%3ASGN__1-0-0_ECO___446488169&pt=AAAA.AAAADEO9blIYf1uWYCK154Ofikg26XVlCYHKkvRzyNREUUacAiNwsGPYDVX1uPEuf4%2F25mEgy4ZgVUYBc0puMxmxBVn%2FaMcXqk5PWDamrxopbSeXxAIgEsKEMAvccbC0SdxC4h3rv9vlXpAR9n7Y55d5ZN9ZaFIzdIioEx4PmzgxjYLhhHqtsDMgF6DpkN%2Bk8KW%2Bl8kZjcNUu5gO%2BT2pgJyf6HelfFGcG83i%2BnIs6BQ3d98l7LRIhxWurcp%2BijxYadhnQqepDtwnX3r7kBUfU59mX2NS9qRyLFvFhb9kLqHbQqU2reW%2FzEygrcTGgLEKBCVPoOxBWN8CCK7%2B%2FNA525Hw0OAeCr%2FxJ3MXt8f4WhU0XUT3BEA%3D&ptyp=4
1556171163,A:DAD_20260918_A:SGN__1-0-0_ECO___88253743,2026-09-18,Economy,VietJet Air,VJ,629,VJ 629,Da Nang,DAD,Da Nang International Airport,Terminal 1,Ho Chi Minh City,SGN,Tan Son Nhat International Airport,Terminal 1,2026-09-18T10:50,2026-09-18T12:15,1h 25m,0,True,1744064,0,1744064,False,https://www.agoda.com/en-us/packages/book?cid=1753802&pk=A%3ADAD_20260918_A%3ASGN__1-0-0_ECO___88253743&pt=AAAA.AAAADH3CuIIs%2FtFk3uxOg9pg5e%2BHc0%2FPUSvW7GcRdImQnW07KhdnCibm%2FhnCkYyeb16Th%2BjN4rwSgSVA25lZP5jIEZqVClkY%2FCWrsDRAMXPkLell2S3TPlLqx%2FKS1Uvz0V1NamNfm92WLc%2FTjZNe7l%2F1cuQf03Sf5RAelKrWW6N0wTRkTpq7WVZv9Mk1GrsCogS2X23dLmNTvxDNZmLSeweFJB6GfUXQkEsQxH7l4jgDBKqydh7XvprAgkSfUtYODCBu56Al273yFs049PwN0ugFRpSIs3l%2BdfegXkK%2BO5UTaC6Oi0VE88pTNSDWUBjTnoFxozoQoprVQ5z3gq46wEdrAFWVpkjBoO4zA1mTSSZfrnaS%2BkE%3D&ptyp=4
1032935848,A:DAD_20260918_A:SGN__1-0-0_ECO___969106599,2026-09-18,Economy,Vietnam Airlines,VN,143,VN 143,Da Nang,DAD,Da Nang International Airport,Terminal 1,Ho Chi Minh City,SGN,Tan Son Nhat International Airport,Terminal 3,2026-09-18T21:20,2026-09-18T22:55,1h 35m,0,True,2247720,0,2247720,False,https://www.agoda.com/en-us/packages/book?cid=1753802&pk=A%3ADAD_20260918_A%3ASGN__1-0-0_ECO___969106599&pt=AAAA.AAAADEKhg2J50NuH693t9d%2BLHCDabvAapjHjnR2mc3jlecZSo0kV%2BXTGMs5PU6PlIIQRKsyEa0SCsXkD7jWZWRR4ib3iXg0jIEGwnyFw6zkadayXAtK3v8KPmBwfSNOghbscj8%2FPzZeaGEP5K4B8ai89kBY12AUX4nieZG8J2wO0bSqvTUbatzVGp2XIX%2FjWCn3WZVYXGdfGjQNITNkMfG3ezEnUmrbUzbnfEnRIuxv1Ist0mgHy4j9HzqM%2F0Oai9bk6SA2xr7JdfJYVscaNU%2BNDhTHjSCvnboWoBWllVjyKywku4Fm%2FoAYV12AH7S1TNZAgq6OHccJ6BLsBxOzyBZJbQ0ua6cQnJqrbGePaelYab2liXulhr8rNmi5FzTfw&ptyp=4
1258213152,A:DAD_20260918_A:SGN__1-0-0_ECO___6401128,2026-09-18,Economy,Vietnam Airlines,VN,119,VN 119,Da Nang,DAD,Da Nang International Airport,Terminal 1,Ho Chi Minh City,SGN,Tan Son Nhat International Airport,Terminal 3,2026-09-18T11:00,2026-09-18T12:35,1h 35m,0,True,2310995,0,2310995,False,https://www.agoda.com/en-us/packages/book?cid=1753802&pk=A%3ADAD_20260918_A%3ASGN__1-0-0_ECO___6401128&pt=AAAA.AAAADGYxPF6LyPPwfvTpsMSXmq3ToXjUA3DrW4vNR6cSAnmP4FsUBqfRTgUy6QWVcPtwG3lakMPEqLojqpx4dS9LbifYArpMMvZGR%2BqHD9ylFFbnHJC9txAU%2FYZAS8YGrb%2BCw8mpifsNlDKN9XpmvYUYicSUEiye45nCdKEiUUKo9IMO2cWkYa14UdFOuBbXzgvNVUc%2Fk3wHtUN780gjWO1NdSMLCl%2BOAILWJWg6vEMUkLYvGJPkw1ZIrsK7nee2Zxw5Rnbfe9W0l0jksSUahqElU0xA%2BWKauNliuwyK7A8pxnpe60RxNfPJTO8XLSxoUdg3Lpv3gf90zDJUqteRpzDz2mfTsQbyBu6B8c1NtFH%2B%2FXrvYF2n&ptyp=4
1159651279,A:DAD_20260918_A:SGN__1-0-0_ECO___649718683,2026-09-18,Economy,Vietnam Airlines,VN,127,VN 127,Da Nang,DAD,Da Nang International Airport,Terminal 1,Ho Chi Minh City,SGN,Tan Son Nhat International Airport,Terminal 3,2026-09-18T12:55,2026-09-18T14:30,1h 35m,0,True,2372935,0,2372935,False,https://www.agoda.com/en-us/packages/book?cid=1753802&pk=A%3ADAD_20260918_A%3ASGN__1-0-0_ECO___649718683&pt=AAAA.AAAADFk5bTLK3NT4WQNfOE5to0744vNDaZMwx9JyAxJSLWtRZT5QDKg9JXD68fMKbk6qmd3oYSwLakx9XbAkoKGq9F%2BYK3ceaQ9p9qrFS53fzg5bR%2BdakjeLyVjlGg53zpWURT6cPkmf%2BiElVfQEaoKwOKsN4%2Fqdit4svxFiHLQY%2BmOqwl0IRPWVVPxpN0kiSFF0QbZ60wMtiTYzTJCNHK%2BwBpxBoFdkJpcgBRsa3FiwXrrrUC1vcs%2Bhh3fBV70QYipbFMG1XPjgbxRLxg33ndh6Tx94MfioGaIituIQNU6k0DYdpcahA5%2Fh3p6lkRO5qw%2F0oh5c5iC7lLlGSTBHpqQbTepUPQRpKzit4DIo7iNnYbGnSa7gF4JvJhXVpt8%3D&ptyp=4
368083690,A:DAD_20260918_A:SGN__1-0-0_ECO___401115815,2026-09-18,Economy,Vietnam Airlines,VN,123,VN 123,Da Nang,DAD,Da Nang International Airport,Terminal 1,Ho Chi Minh City,SGN,Tan Son Nhat International Airport,Terminal 3,2026-09-18T11:55,2026-09-18T13:25,1h 30m,0,True,2377740,0,2377740,False,https://www.agoda.com/en-us/packages/book?cid=1753802&pk=A%3ADAD_20260918_A%3ASGN__1-0-0_ECO___401115815&pt=AAAA.AAAADB9TclOWaiIrD%2FwiE8lDCq%2FdNR1PehXMATJP3sE475vcJA5tT32IlZjkbSENwdMvtPYcmgapCqdZ7dXeew3bbT6L0wRHvJ0aAp5G8PHYfdMU8wMhskOn47rxK38%2FWALbGVbBazejtICCKZDhS%2B1xO517I3XMDO%2BFTbFue1gw8WzT31xlJe9XOVL0NulX5pPZXxt%2BXPTYEd%2BO%2BD92BTvs4HER3BOpD88HcGwb7xnx4uhnDn%2FN18OIeEKsQovyrI9pKfvaPjVX1zyqiPOA0CUiY02xFwOtktvxc3xuDjW9RUDWADY2WtI4PTKV1dvU1zVOOs6K8942FQyIBoZF0Hkv9488QHdMZhVeDd2UfOLGQK%2B1w7GJzF%2F5bbkd7g%3D%3D&ptyp=4
74481583,A:DAD_20260918_A:SGN__1-0-0_ECO___1032876075,2026-09-18,Economy,Vietnam Airlines,VN,129,VN 129,Da Nang,DAD,Da Nang International Airport,Terminal 1,Ho Chi Minh City,SGN,Tan Son Nhat International Airport,Terminal 3,2026-09-18T13:30,2026-09-18T15:05,1h 35m,0,True,2377740,0,2377740,False,https://www.agoda.com/en-us/packages/book?cid=1753802&pk=A%3ADAD_20260918_A%3ASGN__1-0-0_ECO___1032876075&pt=AAAA.AAAADKATF2dmAUFGmjEwh8PdCNq7%2BlDY8TkN3iBSt1HqiB7FSF%2Fk2hJFAiHm9k%2BwDbjqhoASaxdQxexSKwjG9Px%2FY9qag6oCFLoSBHq3%2Fqjoae1vZqDfA7TVH96Y516c4bY2yWoD8vCYi2V2Upa9q85xIwj48kiey9sYWeGFak7zQA1Q1bX6TS6HPiIxCBI7YziBT%2Flkzk%2Bm4wKZyuHAfYknPn2hYksYvuD5aB8KWmuyR6qox6drc4nv5M%2BKfAb2iq4dATUYWEl90nQoDCvUT98o%2FfSjwg4XvUGMWb0eInExIN8D2GTIDbqVL8yimf3mt40%2BBo2urAw0L3kRWkZySOPNRtIkJOm%2FX4rJ4Hl%2B7zqVWeRqoLRzAVDR17skFQ%3D%3D&ptyp=4
641432269,A:DAD_20260918_A:SGN__1-0-0_ECO___1530912983,2026-09-18,Economy,Vietnam Airlines,VN,113,VN 113,Da Nang,DAD,Da Nang International Airport,Terminal 1,Ho Chi Minh City,SGN,Tan Son Nhat International Airport,Terminal 3,2026-09-18T09:55,2026-09-18T11:30,1h 35m,0,True,2377740,0,2377740,False,https://www.agoda.com/en-us/packages/book?cid=1753802&pk=A%3ADAD_20260918_A%3ASGN__1-0-0_ECO___1530912983&pt=AAAA.AAAADK%2FXbRMcxcuGrnpYRFelgMRA22%2F5anH9xAJW7mKjg4162bmBl7z2mbhQzP4unxj9JkzLMd4PdL%2BR50jVwpYYkaJY1%2BNM5KkwIprEXyxBEXp2Ia3dlcoVjEQJDUNlLtfxj3P9tW%2FU4jo%2FshDaxIeE7oaVczjmV2n4oknt%2F8xGC5MGsU45MVYNaUKa8dwavgxH2%2B9gtuoKf4YUS%2FIR7%2F5V4XvVR%2FNkT5eKecZHrgc1EG5nlmb4yVzv%2F9bYn3paTldau0Q1kvgIVKCD%2FLMBxL8H1Iy2%2Fp%2BnpkyjuToBJrdRH3Znx6hQSzfgkhrIkPuZasoQKArypxgc5PvuzlAnaXr%2Fb4tmTuhEuz1kaprOwYpQyw1MBC8QXT3zkcOI728%3D&ptyp=4
1437632995,A:DAD_20260918_A:SGN__1-0-0_PEO___1360391815,2026-09-18,PremiumEconomy,VietJet Air,VJ,637,VJ 637,Da Nang,DAD,Da Nang International Airport,Terminal 1,Ho Chi Minh City,SGN,Tan Son Nhat International Airport,Terminal 1,2026-09-18T16:40,2026-09-18T18:00,1h 20m,0,True,2874752,0,2874752,False,https://www.agoda.com/en-us/packages/book?cid=1753802&pk=A%3ADAD_20260918_A%3ASGN__1-0-0_PEO___1360391815&pt=AAAA.AAAADGFi%2BBxg3VhRGsU7Pw9s76DCuF6kIsIuoYJVRFcOG7rN8YRXRRz3bpEJd6VyLyoopyC74Z0Vtcw8Kz%2FNHUBmRXBhe44dVKYua%2B1IL5wDSwiSzZIXszpulVH3yo7y8uuaVjc13Au96Emfdv2gxISPmzX%2B6uNXJwcKtsOvE9aO2ZzNCvgivbEu%2FYaibfK917HonL7OqvqDJkXXI1%2BvdFS3o9OouXzAt%2Fip1zGNvP%2F4tP0tvrtP1BcrkkBijnJZLUH5S3OjHbpHNCy7yeAtKpdj4zCS0O6UL14lLpr7ZmDKcZTyh4%2FizDHW5tA%2BtTBM4B3FKwQKOF1u24ZuIncdMzgAoXJ8OtWpoQyfwpJ6csnV&ptyp=4
1168161679,A:DAD_20260918_A:SGN__1-0-0_PEO___1852440985,2026-09-18,PremiumEconomy,VietJet Air,VJ,627,VJ 627,Da Nang,DAD,Da Nang International Airport,Terminal 1,Ho Chi Minh City,SGN,Tan Son Nhat International Airport,Terminal 1,2026-09-18T08:55,2026-09-18T10:15,1h 20m,0,True,2874752,0,2874752,False,https://www.agoda.com/en-us/packages/book?cid=1753802&pk=A%3ADAD_20260918_A%3ASGN__1-0-0_PEO___1852440985&pt=AAAA.AAAADLCgfgQvv2xgaMEWfAgRXkEUzHpYwlhmDWkGDgEqse%2BtraAouRls94%2F%2FpdvLgrKFSxVlL1LSi8%2FmbSHmK92VZ3d7zRg1SfOoJVUAzshbkKJ5cf240cown4MYL0E0z%2FidxlacHx2J%2BUq3UNN1bbeXpPFOssFGK7OfMMVyx%2FJqRt2fXSQnKsPf3VpM1cQRrnum7CRFrvfM9svhDKClaapZL%2FRl1cZtoTV%2FLhAovw9KsUIs2lKEl4Xs9RHRewPAxMVBq4uU0ybnaV0YMkjz8jUWW99wpAEOB5KQXQ9%2BqWCxHkZG30VJt8D6cXz7TuoYlAaX%2FMQb6Vykh%2FXIKrB7q824BG0aRkof9R68CSKERfOIsA%3D%3D&ptyp=4
975357595,A:DAD_20260918_A:SGN__1-0-0_PEO___251178835,2026-09-18,PremiumEconomy,VietJet Air,VJ,631,VJ 631,Da Nang,DAD,Da Nang International Airport,Terminal 1,Ho Chi Minh City,SGN,Tan Son Nhat International Airport,Terminal 1,2026-09-18T23:00,2026-09-19T00:20,1h 20m,0,True,2874752,0,2874752,False,https://www.agoda.com/en-us/packages/book?cid=1753802&pk=A%3ADAD_20260918_A%3ASGN__1-0-0_PEO___251178835&pt=AAAA.AAAADHaRVot92OwMgw6L%2B8Ij7cF3KwfLAuvzc6kkvQh3q06F9r7zpJV5cuQXbcVxP1HEOstEO%2FVNxP2%2Bge7GPEZw6yebysbcoXVEFIQZ5VRaRXgDSpY6pgnbzrsmdFArUZvkAoY%2Fngz9Mi2mUg4o9Be1oM7JD%2FiQRUHyUfva%2FFuWFIEfqYvPvBcAdPAfAupdBgPvnNtI9FlsItMHuVOh01Mh1F6FSG%2Fe8b0yDcwTRzaa9rJsdF2qOv%2FXucHV9tKFRWQToBqeCUg5l47CcpRr3sym4XZnNbjttfyyNtXtFVlP7RiR2TqMHyR4kW7H2e8OmbIJ9CpKcJoVLlwZUkKiY3rVoa%2Bty7fyZNfXQjxf2g%3D%3D&ptyp=4
384222170,A:DAD_20260918_A:SGN__1-0-0_PEO___406632726,2026-09-18,PremiumEconomy,VietJet Air,VJ,1643,VJ 1643,Da Nang,DAD,Da Nang International Airport,Terminal 1,Ho Chi Minh City,SGN,Tan Son Nhat International Airport,Terminal 1,2026-09-18T06:50,2026-09-18T08:10,1h 20m,0,True,2874752,0,2874752,False,https://www.agoda.com/en-us/packages/book?cid=1753802&pk=A%3ADAD_20260918_A%3ASGN__1-0-0_PEO___406632726&pt=AAAA.AAAADKxHyLnAXigtgb1ZRg3y8g9tAghD2Rp0dbCIH9KUFo6x6BBknaTzGvZDsTfEYA9x6gi%2FydyGEfzoJojZf0s7dqgh5M69%2F0LgAndXSbtkhClLxupfx8Bzapk0lV%2FlSA%2FcLE5ioG4CeCsAWzKxHj6bo5rmRLwri%2FjXYfycIZXYuGpzGLhNisPH3qKSZDaunB4nXTuO7u1lw0B3al0unRWkFrnn9HCGnANupgt0uE2pqcxdZ%2BeJlP6pzVQ0fXM5bu9vfLOOSsA51QpUQ3i1lhl48DAydtkyg1ookpiLo%2BHQMXU%2Fkd%2BQu8og6uKw8JTQcVEej%2FYANFsGUZgMAifkr7uV9tnIEPs1Tjvc4wUCy2o%3D&ptyp=4
915402683,A:DAD_20260918_A:SGN__1-0-0_PEO___446488169,2026-09-18,PremiumEconomy,VietJet Air,VJ,645,VJ 645,Da Nang,DAD,Da Nang International Airport,Terminal 1,Ho Chi Minh City,SGN,Tan Son Nhat International Airport,Terminal 1,2026-09-18T21:10,2026-09-18T22:30,1h 20m,0,True,2874752,0,2874752,False,https://www.agoda.com/en-us/packages/book?cid=1753802&pk=A%3ADAD_20260918_A%3ASGN__1-0-0_PEO___446488169&pt=AAAA.AAAADCsOG4Uk9QO7cVVfQAu%2F0VQCgI7Lo92cmdxhmdH7hPQJUpZTqdkrUZhGonmH8rPDLaptkiL1wJou9VdRYEJNdORnYJ0Hs3hrH2rC1HNL9q8ccHt1tkyhxeIT4eCBznQp4OzngY2saXC%2BQn02os7q6ykuts0CFISiDxRdEEOP7L2R0Uiknmq%2F0vejnDbB5%2F0SlMZHjYhSSHd%2Bz7LDu78njTlvO3oZ%2FnmsbdxnyLWgbhFRIqFuwu%2BKu35k9Sc3PisWK%2BmYuxmmmxMuLPYPi7hvLKi3Min1YtLIw54tngqWrTEhcnUXizXwGlnWvZtMnSBHSqNTpPB6eD6RyGXh7NMZmw%2BrC8ctodk62QIofog%3D&ptyp=4
410384768,A:DAD_20260918_A:SGN__1-0-0_PEO___562709103,2026-09-18,PremiumEconomy,VietJet Air,VJ,633,VJ 633,Da Nang,DAD,Da Nang International Airport,Terminal 1,Ho Chi Minh City,SGN,Tan Son Nhat International Airport,Terminal 1,2026-09-18T14:50,2026-09-18T16:10,1h 20m,0,True,2874752,0,2874752,False,https://www.agoda.com/en-us/packages/book?cid=1753802&pk=A%3ADAD_20260918_A%3ASGN__1-0-0_PEO___562709103&pt=AAAA.AAAADELBvGqc14FPvJuv2TZUfW2QTEafCi4rsYM%2FPRTk2RZt2x%2FODb72O9%2FKyqui6vPK5AOrFzHgvWeXLtGSe%2B8nCc%2FmFbeNBj3bQyEFRv9c3JaNncTVAcVsIsfKYGW3fVzyYSRA2fgwCOqaAcp6Zdr0kbBUrBmE8Itklw26OFxOMhJW8UMGO5z6S8N8Oz4QbyLS4HhvdJsx5bnbi%2FGsOJMO%2FCAhURhosAGO4ySJJfETfwFpUmfv%2BdvUr9EVMt%2Fw34YG5t9EPHcJ903WE3rd20pnCLftAAI02Wt9w0fNx1OAXIRzSx09zRhZNwuaJDcdmyTWtPkqypIemS9jHg8pWEeum5JCe7rnbf3QzyLC9g%3D%3D&ptyp=4
666096222,A:DAD_20260918_A:SGN__1-0-0_PEO___679315299,2026-09-18,PremiumEconomy,VietJet Air,VJ,625,VJ 625,Da Nang,DAD,Da Nang International Airport,Terminal 1,Ho Chi Minh City,SGN,Tan Son Nhat International Airport,Terminal 1,2026-09-18T07:10,2026-09-18T08:30,1h 20m,0,True,2874752,0,2874752,False,https://www.agoda.com/en-us/packages/book?cid=1753802&pk=A%3ADAD_20260918_A%3ASGN__1-0-0_PEO___679315299&pt=AAAA.AAAADN%2F4mdOxObjPcETmPHavFIrgfXeFu2%2FikWmLymRD7TV%2FEl5R18cW9RMy1LgwbZYvO7WAzbRTySBIzLfHb7lJdHnjKPtqWQebtNbtwpSeWsusyM3J%2F626ROShoSCLpG1%2Fx6E1n7Rg28JMVxVdUHOxfXsmPTJRF9wwItj0%2FBKdSv3asLsGMGK2J84DgxjQWmN7nHevGJo7SHE16MwJkGobyMS4JMayGQdOJbFkkdMQuiGNyJzhHfGsYUsX8eeyYQq%2FnU967%2FcvRrhCoM0pofTK1Sp9%2F1%2BAe2Ka917qZOa2ee%2BQJ1goP302fyFGcTaxg2wWRzhlkIRqAjsYSH7qGZh4alvobHYG8vCZJ5wozGs%3D&ptyp=4
1003766296,A:DAD_20260918_A:SGN__1-0-0_PEO___763116157,2026-09-18,PremiumEconomy,VietJet Air,VJ,639,VJ 639,Da Nang,DAD,Da Nang International Airport,Terminal 1,Ho Chi Minh City,SGN,Tan Son Nhat International Airport,Terminal 1,2026-09-18T17:05,2026-09-18T18:30,1h 25m,0,True,2874752,0,2874752,False,https://www.agoda.com/en-us/packages/book?cid=1753802&pk=A%3ADAD_20260918_A%3ASGN__1-0-0_PEO___763116157&pt=AAAA.AAAADLBh5gL%2BgRhfR0UdieVVK%2FOz1lgw1hMoak2exexYA%2F40HQpYcZ4oYFrWyP69zVexgEB0RFsbkUOVOVuKsywE8ptTz2%2F%2FETr7UnKtJ82ajYFSah66WssiA54rlW3OH4V8tG3V32CxZYW8ZdhE%2BZ1DMHOgzo22bwSdI1O3D2obGvtnzJ%2FmjX4KiscswJgDtbkQ6G6LPueEyDCQCKf0AlZNjR0FJ4cqDKioUsmHblOg1m6jhk7DgJ%2BXcbNG3Row8ArmE8liIA2Lt8zSIN4ZzPv1kSKAgDu2AZTjf6iMqC%2F1dMz065F2fuhARKMf06NqHmj46CuyYmtfRAQYWtrnTnq4K9tfVVStpZ3ekDWUBrL4&ptyp=4
1527487656,A:DAD_20260918_A:SGN__1-0-0_PEO___88253743,2026-09-18,PremiumEconomy,VietJet Air,VJ,629,VJ 629,Da Nang,DAD,Da Nang International Airport,Terminal 1,Ho Chi Minh City,SGN,Tan Son Nhat International Airport,Terminal 1,2026-09-18T10:50,2026-09-18T12:15,1h 25m,0,True,2874752,0,2874752,False,https://www.agoda.com/en-us/packages/book?cid=1753802&pk=A%3ADAD_20260918_A%3ASGN__1-0-0_PEO___88253743&pt=AAAA.AAAADBNXCRHORJuoMHYP6eh9Fg47TDyOFMJVt9CES8xwbBPxZNmvvy8JPzV5gBOFclbtr6frUvXn7onempbpl9hOciVk3%2BEyd5EumnPfARKkQP39RSSBU4ZKut3cIWHxfHJFoq%2FFQQGMDmNwo5LAShUACdTemAE8gzuAH8MpDBRZxAJHz56JqYfuQkTHPEubPyA%2FzeekSwzb93HGGPzU%2BSFcV2OYfR9f3G1emIa1YaBtMjG4sapOgcZ%2BSKHATpj9VaWbtZcN5Ete8DzzMpynsUu5fqJZZVeMPLTc5f7ZQ%2Bp7cu0%2FHJpnRjMooxwbecjgX0ZAQR0huQ6mD1tkOD1dJm5DFOUIqNeg57HhBJ4AOQ%3D%3D&ptyp=4
1377830329,A:DAD_20260918_A:SGN__1-0-0_PEO___361593519,2026-09-18,PremiumEconomy,VietJet Air,VJ,621,VJ 621,Da Nang,DAD,Da Nang International Airport,Terminal 1,Ho Chi Minh City,SGN,Tan Son Nhat International Airport,Terminal 1,2026-09-18T05:35,2026-09-18T07:00,1h 25m,0,True,5173525,0,5173525,False,https://www.agoda.com/en-us/packages/book?cid=1753802&pk=A%3ADAD_20260918_A%3ASGN__1-0-0_PEO___361593519&pt=AAAA.AAAADB2DK4vHuGyLiUEmT9x5RKkp3DDtr1T1RvT70yOkFW3GJFxyMzFxQvlBxnO9O8ejYpAK7i3zodQM0dqGWhqnjiGHhjEttJKYVQMcBERxP5EqDMRkDfvgxO1yR1D3bwF3pCkZSag9o9yLKWfWbtbzBstHmPXwfdMsNTIOpeDfAOUUbNFook61rbTkZC%2BmVt%2B1FKFnEIlt4%2FZgEZqB2DQorJeTiDG4slqmwm4Npv9lV9eX3JD0vgpYebRAC8nokejPbPDpRELjiin9mqfyzMHt5hT%2B9%2BQodVomg6fY470YAVuhmBOeaZymRIM6hvPBgR5GvO5VfFXgXEM9daifHPA%2B%2B9zKyTGiHMH3slFnkA%3D%3D&ptyp=4
950259221,A:DAD_20260918_A:SGN__1-0-0_BIZ___193805174,2026-09-18,Business,Vietnam Airlines,VN,7109,VN 7109,Da Nang,DAD,Da Nang International Airport,Terminal 1,Ho Chi Minh City,SGN,Tan Son Nhat International Airport,Terminal 3,2026-09-18T07:45,2026-09-18T09:20,1h 35m,0,True,3476306,0,3476306,False,https://www.agoda.com/en-us/packages/book?cid=1753802&pk=A%3ADAD_20260918_A%3ASGN__1-0-0_BIZ___193805174&pt=AAAA.AAAADMpceRhhfHxF0cNg%2FwXxYCahmoHUk2WuuuolT0STUFJ2tt%2BYH1%2F9TVpI3lW%2BggkD6Q2i1p%2BRwsFVS1CQ9w%2BNR5qPF9kZoBY%2FOifjNvovMj1yeHAxwdnY2qLUDc6A%2F8vIvbYu8wgvQYdUQP2LALx4G%2BwHG70q0VzqXK5Ng6DEYkaCKt63acWy0BAbXEsVYrJvgMC32KNVgN4fAOO3om1yTFO2RSD8MvYyRTVBGgnUcfAmbDepZ%2FhYNNUZN9OO6VsMxcxLLQHCAtXJhJmk2HmLwbU3A8gazffHtX%2BpnHks%2FuApWFTLdyWHCL5Xtn0MxbicndDv2julvPLXUvGfOVkI5VxJ1ymyi%2F1L3SZh8nedmrIBVsoFC4bhEWHjFxUW&ptyp=4
1931782093,A:DAD_20260918_A:SGN__1-0-0_BIZ___4900273,2026-09-18,Business,Sun PhuQuoc Airways,9G,983,9G 983,Da Nang,DAD,Da Nang International Airport,Terminal 1,Ho Chi Minh City,SGN,Tan Son Nhat International Airport,Terminal 3,2026-09-18T18:15,2026-09-18T19:45,1h 30m,0,True,3732695,0,3732695,False,https://www.agoda.com/en-us/packages/book?cid=1753802&pk=A%3ADAD_20260918_A%3ASGN__1-0-0_BIZ___4900273&pt=AAAA.AAAADPjyMe7wzSiMZDxZJulHFRWtuKXjaPtm4a9Do1tK2LkssqWPg%2F9HyApwF9yJRRDZubIXJ3jUVmepT8o2%2FkDYpdPnn64bwpGpaicg2pmzThrYZDi4lwQdWbb9Z5Q92HNH%2B3o0Fc34%2FtOfaKfzdqhfdSUbCprvPGkVDwCPGf18jibBlHFaDDM3FAP5eRGDzjjriogMu9mW5oPVtcz3aufDYN64GBkoUTvFNTcxFYA4HcJ0tpnKwhXyRvzV2aVG2sK0jldt%2BmRj2ELbkiOOVJSYI2jGu0iK0dGRUd9lyx7GmI3jz9S8LE9uvnA2%2F2tdlseH2oQ%2FmvZqHEJgJn6tfzUEbkp%2BkgKBYfB2r7eoauabi7RJz78%3D&ptyp=4
1745521473,A:DAD_20260918_A:SGN__1-0-0_BIZ___855388711,2026-09-18,Business,Sun PhuQuoc Airways,9G,995,9G 995,Da Nang,DAD,Da Nang International Airport,Terminal 1,Ho Chi Minh City,SGN,Tan Son Nhat International Airport,Terminal 3,2026-09-18T21:35,2026-09-18T23:05,1h 30m,0,True,3732695,0,3732695,False,https://www.agoda.com/en-us/packages/book?cid=1753802&pk=A%3ADAD_20260918_A%3ASGN__1-0-0_BIZ___855388711&pt=AAAA.AAAADNPGgpnj%2B9b1E3XSsb5YkWzab4tbyNqaf4xUpJiRdXhyBkL3MnL5MqlfB8YSjUn2R9AYrKDSH4Bjv3aBTDoRdVN1xno4vKKesrmJSbNntDEfkr53yqw60UH6ysAWz2wjwiS56ESYyizXs9YGbpfm2GkyLdJFFK4tvQCBvvACeJnzTUHrAhmGVSe2%2Bfj%2BgzlxWoQ%2BxSk1XIPUI7xEKtPTleNEx%2F8yvz2gj3Hj5cbukyIwAZcfO6OY9Ju1r9STygSIWJvfovWhgObA9UW2spiYqPAoENO08N%2FhmNPG9KaeMUI3G9AigRW4LGEJBBifHrWLNA9rvuIF7Cj04tkqm%2BM5lrKfHAUmBsC2vfrS3t5JthF8J0A08g%3D%3D&ptyp=4
73823479,A:DAD_20260918_A:SGN__1-0-0_BIZ___401115815,2026-09-18,Business,Vietnam Airlines,VN,123,VN 123,Da Nang,DAD,Da Nang International Airport,Terminal 1,Ho Chi Minh City,SGN,Tan Son Nhat International Airport,Terminal 3,2026-09-18T11:55,2026-09-18T13:25,1h 30m,0,True,4240258,0,4240258,False,https://www.agoda.com/en-us/packages/book?cid=1753802&pk=A%3ADAD_20260918_A%3ASGN__1-0-0_BIZ___401115815&pt=AAAA.AAAADCiqahhzbpnusEV8KkBowmp3FRiJQZVnycTEUH628Dhoi9yvAoCBVyZ58aheLTTkYs3qzFMX908rxYsqBe98poLFimEGzb106LuAzWzQeCtu1njH9iUc9drlgHgeVMSN%2BnKGSEXRpAHudYt2kJyemWN9aBivTRwnBJcGowKFBM78J8RA%2Byj1Md0lyyCAtex0HMIZ8jdNbKYuAtF4Rki1xk3Gq6207XwtWoUj1MN6MywSLFWwYCg%2BUtlVFzsBEaeZH5zGuzRKPhViynhLIj8n29NmwHknZm%2F6MGA2h02qZoEKrBIe%2F4vwY1%2FE1FGQ77Fm0IVGzr7GwBR1JH1nMSispkt5rjWQYjFi8lFcDF1TUup3&ptyp=4
904301876,A:DAD_20260918_A:SGN__1-0-0_BIZ___1032876075,2026-09-18,Business,Vietnam Airlines,VN,129,VN 129,Da Nang,DAD,Da Nang International Airport,Terminal 1,Ho Chi Minh City,SGN,Tan Son Nhat International Airport,Terminal 3,2026-09-18T13:30,2026-09-18T15:05,1h 35m,0,True,4240258,0,4240258,False,https://www.agoda.com/en-us/packages/book?cid=1753802&pk=A%3ADAD_20260918_A%3ASGN__1-0-0_BIZ___1032876075&pt=AAAA.AAAADD7TWFGxtCKVlfamw1dmx4wB7yJ6zYBlZMkj%2BgnxwKBPPSZ7t8wPhoxY9ZjAxhaYNq932cZw4D1Zj9fRxaVvrW%2F7W9uh11S5XceHDy6Wby9FpqmkNlwp%2F%2FCIa2tvTOpVwk%2BjtlaeNJrWsAbf%2F3oIIAwUGrncMgPVG8tUr2jP%2BGgqX75qBuOSq2e6fHW9wvQ3PaZszZUjJf0gDBk3VTy5o8bp3ol3E5CbLRY3wyFQd%2BZWkRblQNXPk%2FgQ5lfJTuoCQxSGpj0HkdOhs1cIiYUFv3FsoRpAAuFgUsDxSbj8s3ErdsC3d34JAMbiswuFxX96EWNoYjd%2B%2FRXjpVtoGIbiBhmUYN%2BORwHqdt0kR%2BJXs%2F7g%2FKM%3D&ptyp=4
749576610,A:DAD_20260918_A:SGN__1-0-0_BIZ___2113241567,2026-09-18,Business,Vietnam Airlines,VN,137,VN 137,Da Nang,DAD,Da Nang International Airport,Terminal 1,Ho Chi Minh City,SGN,Tan Son Nhat International Airport,Terminal 3,2026-09-18T17:55,2026-09-18T19:30,1h 35m,0,True,4240258,0,4240258,False,https://www.agoda.com/en-us/packages/book?cid=1753802&pk=A%3ADAD_20260918_A%3ASGN__1-0-0_BIZ___2113241567&pt=AAAA.AAAADPhjbuRFtcDpvXmKGcX8plxgETVOnl2hIMtWu5W98GMCqfj0Uc48ASQ59zJdWBsTSbd2MjwKiXS1Nc0uRhx4ss8a5Z4qvhpS65g7doEkXxbNdxSdVaeA2AV1iRmWDPiUJhqTemSTiXX%2BA81YpOllqo7gSVx2Y0XQkxgeKifpz%2F5diB%2FQuhS44u1EVKsYzbhGpeHae%2FXL2vUGkolgLl6GUb3EgbVJsEEs%2F98bsBBCJw%2Fg8nXrzdb0Yk64PlgbFbJ0GnfbOej0Oba2w8K3lt5P1Xt6pf2CH3cuIf1sHYQaeZ%2BLL%2FAIjQ6%2BL6FHOhVNWRy6viXuSjtIgPQrLSIbA5X1M0LE2EIae3InWGaRmRVV2EY3sQ%3D%3D&ptyp=4
2121922489,A:DAD_20260918_A:SGN__1-0-0_BIZ___360715651,2026-09-18,Business,Vietnam Airlines,VN,135,VN 135,Da Nang,DAD,Da Nang International Airport,Terminal 1,Ho Chi Minh City,SGN,Tan Son Nhat International Airport,Terminal 3,2026-09-18T17:40,2026-09-18T19:15,1h 35m,0,True,4240258,0,4240258,False,https://www.agoda.com/en-us/packages/book?cid=1753802&pk=A%3ADAD_20260918_A%3ASGN__1-0-0_BIZ___360715651&pt=AAAA.AAAADKOPZ48jcQgZ79i2SAYE9jvt4YTeJQgaMkaJ4xMtVg6rBiU3S2Pur%2F6lI%2B2E0lNK1PZDwiCscOLOtOeXE5B2ULWeDfPvJWNPjDiXtfnEAfbhxHUzfKLkzuTR0BE5p3kWfGWyl6JUveUBkVaIdaECfxNVM37d2DUrb6WUd%2FwNbyqEAxkVb0FwNaTHvXiJtm1kmsCpTVw0N0fskiDzBB%2BIzKJsYjVJzpQHBIl7v1zna4gS9zZrhDksIPXHKC3JtUlfqbqgT7oXnMBgzrA4sTyqNjNpJa4Pv2EL1IoEKWTAg0LfnnoC2nIPZde%2B4tX1dERo2l6N7z%2BFH0%2B7FJwsHDYygrxGU%2FGygRuLLW3uMAzkmygDfQ%3D%3D&ptyp=4
631817041,A:DAD_20260918_A:SGN__1-0-0_BIZ___475222970,2026-09-18,Business,Vietnam Airlines,VN,107,VN 107,Da Nang,DAD,Da Nang International Airport,Terminal 1,Ho Chi Minh City,SGN,Tan Son Nhat International Airport,Terminal 3,2026-09-18T07:40,2026-09-18T09:15,1h 35m,0,True,4240258,0,4240258,False,https://www.agoda.com/en-us/packages/book?cid=1753802&pk=A%3ADAD_20260918_A%3ASGN__1-0-0_BIZ___475222970&pt=AAAA.AAAADKXROVhoPddMvhHsMTLLTS%2BB8pb8a0BgAYEjrVoQQqfWwuEFW%2Fa27chijkUwO67yVvcFVrAZhvFE93vkkzGEJHZnIAi5buq3jQ02zh3Ti18yNhEJGOxIb9tSLZlBBWKgVhzWB7AZ9lDobWFU9wWlAO0AfpThXKSU1ck4xE3%2FuCPe6ttlElJ%2FeIPxaKteYfuZcFXSPH2Z%2FeR6M0DIhAZYXf6V14pdGjjny19MCYXVXVGdaST91YX3nVUc76%2Fa0s7KgN9ih1YIjRq6GAHwU2fKZhWoet2rreOeXMq3QBpfejsfYZY399bKK5HbpiwmlDQPDixSAxuBUGJVK2tBKjj0w4jiWZ6MOnrKAQ51aQnHRUugyQ%3D%3D&ptyp=4
559195185,A:DAD_20260918_A:SGN__1-0-0_BIZ___6401128,2026-09-18,Business,Vietnam Airlines,VN,119,VN 119,Da Nang,DAD,Da Nang International Airport,Terminal 1,Ho Chi Minh City,SGN,Tan Son Nhat International Airport,Terminal 3,2026-09-18T11:00,2026-09-18T12:35,1h 35m,0,True,4240258,0,4240258,False,https://www.agoda.com/en-us/packages/book?cid=1753802&pk=A%3ADAD_20260918_A%3ASGN__1-0-0_BIZ___6401128&pt=AAAA.AAAADHXi%2BnGjoP9QtkhV3EtRsjm2WPuQ2H8gJCo9BihNHXqfIRvlMWxmsFkwt0m121I5Z4Gzdi9GbnvUmhOWvktO3I4ASXaPhSDa5rfQMJSOut1AwMhItMYWWc5Uxyb66QCjQ29IxNLVbRwfL1ABpXcqIqzi%2FXPd5dEZ%2FkVjrQDuLRnPlVeHMafj03VS0UXmECn4d11pq9DiwFJ8AmjMpcn4TlPMvinxzg5j6he6CYY2FqZghKCjzLt0iuHeGJRdkPCOCWLJtYmn1McvdFj5%2BvtHd6hX0T0rEVOdtPcIMYSaRDpXsFIU5v3POA7y8BpG4mAnfkgAJkSAF4tsViEri97AaSeIYF7%2BsUBS%2FRPCR9xfxw%3D%3D&ptyp=4
1894875560,A:DAD_20260918_A:SGN__1-0-0_BIZ___649718683,2026-09-18,Business,Vietnam Airlines,VN,127,VN 127,Da Nang,DAD,Da Nang International Airport,Terminal 1,Ho Chi Minh City,SGN,Tan Son Nhat International Airport,Terminal 3,2026-09-18T12:55,2026-09-18T14:30,1h 35m,0,True,4240258,0,4240258,False,https://www.agoda.com/en-us/packages/book?cid=1753802&pk=A%3ADAD_20260918_A%3ASGN__1-0-0_BIZ___649718683&pt=AAAA.AAAADAMz7AElX%2FIUaHyI%2BFk4qNY9Wmwg1r0D80q%2FU%2Ba4YVEKpubexkanogocRDzJdORmQcwMQ%2B97RmtKtZ8lIaoLdnlMilobbftt0%2FizFKIVughV%2F0RLlGYYIl75qsMdFCT4zOG885jMhJJoeT4tyC8yVGzstyUzUhJAQvObu4FLkPO5RT2Zz2KwFMPqW3iFF9GY%2FrwzACqrqt9NPoFX9nbStuGu08t%2Fe2%2FkqQ0N7LZ%2Fwcgx8T%2BTbMefoiw4t5jHEXHlSjMPE%2FaAY5KIEQ3UoVDqiqRQuy7bvvfNXlVWtAxrl7NLiXwNEobqeu8jbNAeJpAUfllqChBHleR%2FzxdxHhyjUnGeF62qS1bdiRWaapk3pjNzu3E%3D&ptyp=4
1723111083,A:DAD_20260918_A:SGN__1-0-0_BIZ___159103947,2026-09-18,Business,Vietnam Airlines,VN,6037,VN 6037,Da Nang,DAD,Da Nang International Airport,Terminal 1,Ho Chi Minh City,SGN,Tan Son Nhat International Airport,Terminal 3,2026-09-18T13:50,2026-09-18T15:25,1h 35m,0,True,4603208,0,4603208,False,https://www.agoda.com/en-us/packages/book?cid=1753802&pk=A%3ADAD_20260918_A%3ASGN__1-0-0_BIZ___159103947&pt=AAAA.AAAADFvrbNl8IcjNL1afxXUvQvFKntn8rr0rhdYYxFBWDYhg07e1emO9Wo0p0EkhEBzI8kyNAJXabkTiqAEcQ91XF06VtYgbL600zckHz3NaLuwY0HRIkExMWMt3Srh9Ezqh9MvezzDNv0h%2FwBskkZ%2F5jOMMgfgCIaHiAP2gFanivMQLwCI4EYVgS8syve3qOatNHmxnT7GxmZHruJPIMj1hwCMZnK%2BKA5kp5d9lCUCMWT2YWGRq9GI5MwAAoXUT7A5iPmvmSswjZVz69EO2SwQYQjFWq7tsFpr5Nv0Qefs8rmmAeiVCmGUQd7AfuR%2FxykqavRWY8r4yIR0QuoXF0uW5alFkuKVIsRmP7gdnuwxm1HKHdOg%3D&ptyp=4
665615475,A:DAD_20260918_A:SGN__1-0-0_BIZ___873512380,2026-09-18,Business,Vietnam Airlines,VN,109,VN 109,Da Nang,DAD,Da Nang International Airport,Terminal 1,Ho Chi Minh City,SGN,Tan Son Nhat International Airport,Terminal 3,2026-09-18T08:40,2026-09-18T10:15,1h 35m,0,True,4603208,0,4603208,False,https://www.agoda.com/en-us/packages/book?cid=1753802&pk=A%3ADAD_20260918_A%3ASGN__1-0-0_BIZ___873512380&pt=AAAA.AAAADOn2piVz1RfcsIRG441NLnAF%2BLCh95pfGfeJBwXVVS4I2RYAqqCyoS4WLBvY7XK%2FUAkEHrr6BTrch%2FfgthDzYusSFAi0OGH2%2FPZGxEaRsmEBb0loF8ORiD5g3Jsr1%2Bxk3dU1tpW%2B1OUe8%2FoA%2FDC3UEYzbfjoykcNFI48L0aumLFvFlMHPChMrXikKJyLGvd3PzN2X%2FNIZIvssXVbdfb5oXifa%2FitEARXu4Dl83WQ99ewa3PYIliMSW6i03E0G%2B4%2FBeM1%2FIUhP9XjOg9F2SChfne9Md7iRxqpMZTUzUahqH7aSYutELiLT2tGahXfjcT3JPaOGXX5Ck8PgOGwReeJDDGHsLHF8dldkomBzxR81uxSBaU%3D&ptyp=4
1778785191,A:DAD_20260918_A:SGN__1-0-0_BIZ___1530912983,2026-09-18,Business,Vietnam Airlines,VN,113,VN 113,Da Nang,DAD,Da Nang International Airport,Terminal 1,Ho Chi Minh City,SGN,Tan Son Nhat International Airport,Terminal 3,2026-09-18T09:55,2026-09-18T11:30,1h 35m,0,True,5086692,0,5086692,False,https://www.agoda.com/en-us/packages/book?cid=1753802&pk=A%3ADAD_20260918_A%3ASGN__1-0-0_BIZ___1530912983&pt=AAAA.AAAADMzZ4%2B9T4rl7mwSNxIfzoRU6XMP6I8XheaBy4Jbjpl05YiGRg6r%2BvV1E7NVjxFpfe6YIP2XmtCnR%2BgbwN6Vj336CJw0eFC0T%2FeF53itTfd9pf6Mm7juxVi7nk4bVlDrDBc3FYxpqejVcv1rvGVC4RN4XUltGcA0a2%2FpaY58k7hXLlW%2F23mNFe27L3UcLezfCFc3dxlB6BFc5VASl18Q17s9YDWImiG9szI1waP4mGcPhqYXyqgJykG%2Fsgn0sUNi01fKPqEUzb2xBN3c24U7c6avUxfNMAtNjb4zfX06jC2FguZp519%2BV0DuT8Wh2V1wRfnNP4uCz6AcZ3aPwzWtLYGRuZIHNwRiDVg2l1%2BcT3uru5Fyd5g%3D%3D&ptyp=4
252521471,A:DAD_20260918_A:SGN__1-0-0_BIZ___902921908,2026-09-18,Business,Vietnam Airlines,VN,133,VN 133,Da Nang,DAD,Da Nang International Airport,Terminal 1,Ho Chi Minh City,SGN,Tan Son Nhat International Airport,Terminal 3,2026-09-18T15:20,2026-09-18T16:55,1h 35m,0,True,5666428,0,5666428,False,https://www.agoda.com/en-us/packages/book?cid=1753802&pk=A%3ADAD_20260918_A%3ASGN__1-0-0_BIZ___902921908&pt=AAAA.AAAADKNEEFHg7iNru4p0s5DAK3nQPkMNCIgjxoDr22XviJXgxhxrqL8XlOqlXIdUsvdqH6KQhhGKeSJ8YmAwnrbNINT6RsbmbMjb%2FvKYtDjgy6Zy0RNAAla9hNZYgBqa8FXL%2FE85%2Fh7YBh4VC0a9KL6zL6XQPDgO6s93ucCXSs%2Fs4UXN1oZLr9qSW9cojKtX8A%2BKnEIyAIu4VkE36FiM2w3JjWN8a%2FmC3nLsxbWXeo7NgBVNa7cKBOkzi0OS0z%2Bax9mNokxM7Rs29w50mdbagqsN4jizoHZKxJQFE3m7ZatJdxgN328VlcK8x%2BPtlknU%2Bzb%2BzVTOh0Hq4%2FL72x4VOA2d0mIF1Pb7V7x4f%2F3%2ByC0exblpwA%3D%3D&ptyp=4
555352882,A:DAD_20260918_A:HAN__1-0-0_ECO___1655293774,2026-09-18,Economy,Sun PhuQuoc Airways,9G,942,9G 942,Da Nang,DAD,Da Nang International Airport,Terminal 1,Hanoi,HAN,Noi Bai International Airport,Terminal 1,2026-09-18T22:55,2026-09-19T00:15,1h 20m,0,True,940890,2039,942929,False,https://www.agoda.com/en-us/packages/book?cid=1753802&pk=A%3ADAD_20260918_A%3AHAN__1-0-0_ECO___1655293774&pt=AAAA.AAAADIi2PCAppIl2amQcK9YYyJhCS0HVIQvg%2BNgozng7InS%2BzCJ7Y95UpjY0RIITAzKWfLOuhRRv78OXzPl2l3xT870kIx6G3QYVOBAWpRReVjWYujsPbf7Srw%2BvT2AJMJks4yyLb4kvWFp%2FCbDpd23CKWXkmOUlNF4aHssVrgFKNpGPTI1U9A%2BcSd3kLG4lnIH2T5Tka7DuHzXC%2FAOzbe3xwTKF5qCkabXcXMQVlHdlBrXjN0iN5GJLJeFy%2B4PRU6jvMuuw4fEJ49WuZafKeh6xhd84RAMBbNOwNeuzcHZyY7YZy7hC1gi3CX0ZberaxDikm7FS1P4CIEM%2FO17YDWg36Avbgxcb8LrXyBHvTFSkM9Nr&ptyp=4
1573405800,A:DAD_20260918_A:HAN__1-0-0_ECO___1551662927,2026-09-18,Economy,Vietravel Airlines,VU,638,VU 638,Da Nang,DAD,Da Nang International Airport,Terminal 1,Hanoi,HAN,Noi Bai International Airport,Terminal 1,2026-09-18T08:20,2026-09-18T09:50,1h 30m,0,True,1072523,0,1072523,False,https://www.agoda.com/en-us/packages/book?cid=1753802&pk=A%3ADAD_20260918_A%3AHAN__1-0-0_ECO___1551662927&pt=AAAA.AAAADGNjnLA%2BYh%2BwmIRWBLKWZwtPjZ6MDr53c3fgUA3CVeNvcbjFEleKXhxkbpcS2vJJScM2aL%2BQcgdrvd8LY3Xq36inF6usjLk9XRAupsPeNqXbA5OqIfYV5VvPGNwkruzN22gIMA5FQCDbUuaK%2FsmdYMvYkyUCLUH92Cu39lfmkj4JcYjxq4rGdLYg%2B5hzba69QWbKZ%2Brxvp%2Bhk9N%2BtudXfuIXk%2B%2FAjpWlB0Y6Qr0tgU2Be8nPIvGC6Td3s1NYDgNCER2ykcsc%2BNkmvQFBCdQPGnQ6xuAHs6BAq5YlKxqltpUkR6qad9aHUyhOyFq6km4HYVgLRXTgCfMdgdtGuC0ljNmNQvSB2QpbjlYm&ptyp=4
1962207111,A:DAD_20260918_A:HAN__1-0-0_ECO___348015799,2026-09-18,Economy,Vietravel Airlines,VU,658,VU 658,Da Nang,DAD,Da Nang International Airport,Terminal 1,Hanoi,HAN,Noi Bai International Airport,Terminal 1,2026-09-18T20:25,2026-09-18T21:55,1h 30m,0,True,1072523,0,1072523,False,https://www.agoda.com/en-us/packages/book?cid=1753802&pk=A%3ADAD_20260918_A%3AHAN__1-0-0_ECO___348015799&pt=AAAA.AAAADNl1TytqY3arSYUfw0pspK1N%2FFjaW4N3P05U2talcpfp97MbwCc5dwb3iNjAygdZcKiNWE3pLSqL4EG4CGuw7sziJo23RDmJt7JwLw8%2F4hpMYBNsaYelHe5mZl7IPXdhO15nmJNioGiKCsGA%2B9c8nINCyG6t62DnfsfoklWpcDnPZl2U1wjq8pXnNYvE0GCfNQbsnH3i8Jmu9sbanHncivpkcK4vApwvSQg0QlKYR4GEdl%2F%2ByPkfQddaLyOpz%2BQzsJn7iG8CIQnCACFvvDZ2fwqFSbwsMCzXP%2B2RK8O7lJ1v2ADTgT5T2T4UB%2FDU%2Bn4iArOWBSDq4ltDJWA8mlBHM6FzmQzbYf6nsJE%3D&ptyp=4
137201258,A:DAD_20260918_A:HAN__1-0-0_ECO___638662568,2026-09-18,Economy,Sun PhuQuoc Airways,9G,936,9G 936,Da Nang,DAD,Da Nang International Airport,Terminal 1,Hanoi,HAN,Noi Bai International Airport,Terminal 1,2026-09-18T20:05,2026-09-18T21:25,1h 20m,0,True,1208971,0,1208971,False,https://www.agoda.com/en-us/packages/book?cid=1753802&pk=A%3ADAD_20260918_A%3AHAN__1-0-0_ECO___638662568&pt=AAAA.AAAADOMbd7yVex3qURM63%2FIyWSXSPDpzP0as4kQqczUAPJrvotVaRjALpUlKmn7nzj1JfpeQFU%2BdMjYsiBIvEwojPyaxS3Hl31%2FnuT8A%2B6cHHH9%2Bqrl%2FOU0KBHxPpdnFZWgVHguKgmjqMs04GdPLfKHdI%2FLSf4PLdtKoXBlUSZAw6wVkjHou%2Btq9M8R%2F4HFkHv9NknouFnBUh25dvDO7fMmzP3KNtSbGgE22jH2dkX11BA1LDOU%2FINvsC9%2Fz%2B%2BSfj7%2Fpg%2FMBYrtiS0Yc6c1%2BxkSmlXBS2y3HizTSOoIyeHCozf9asOgAWLbqbky8Kr%2BW19ocvpk3mAMNoKU76jhkxkRncCwH918wDLskk7vPGfCL%2Fw%3D%3D&ptyp=4
1443317618,A:DAD_20260918_A:HAN__1-0-0_ECO___1813973992,2026-09-18,Economy,VietJet Air,VJ,520,VJ 520,Da Nang,DAD,Da Nang International Airport,Terminal 1,Hanoi,HAN,Noi Bai International Airport,Terminal 1,2026-09-18T19:35,2026-09-18T20:55,1h 20m,0,True,1272810,0,1272810,False,https://www.agoda.com/en-us/packages/book?cid=1753802&pk=A%3ADAD_20260918_A%3AHAN__1-0-0_ECO___1813973992&pt=AAAA.AAAADPWUt93ODClHZMsE2WWg%2Fl7EHtu%2BvWtM3LJsAvmyYvboeQsZWD%2BRYJdrJNjHA8Q%2B0MNmOdeJAvmXNhw4Nv5K6zlDsAiIjZ9Rpi4Y0m5MUpsa%2BAzKHODBt7TSq4YoaSzxOG%2Fx5DhilCwcrJt5dSx3Mze%2FbMGBvoLl2KBUN50tMAHa1qlGzSKJtny1cEcPwffWfZItIMBhDziHhNCh7gxPOi2Q4n3OCBqah0ocDKCiIJZWSSRiJH1njyGQTHVqRpKk08dpxvrV3BMec3KWClEcD%2B4qwN1qvgsAOkzXqheXE%2B8IOgrPY4f0VR8DoP6AC%2F%2FhpnzUud0sZDcfKEf39iETX6Hb6Bx8cdovABPZ%2B7SnIUc%3D&ptyp=4
1027603057,A:DAD_20260918_A:HAN__1-0-0_ECO___2065346909,2026-09-18,Economy,VietJet Air,VJ,1504,VJ 1504,Da Nang,DAD,Da Nang International Airport,Terminal 1,Hanoi,HAN,Noi Bai International Airport,Terminal 1,2026-09-18T12:40,2026-09-18T14:00,1h 20m,0,True,1272810,0,1272810,False,https://www.agoda.com/en-us/packages/book?cid=1753802&pk=A%3ADAD_20260918_A%3AHAN__1-0-0_ECO___2065346909&pt=AAAA.AAAADHIAydZ9H4uZ%2BahE%2BZnF7dmLvOtpdSrE8f%2FLdM%2F3sbAEobXEwQFhVv6kgMVn0iNj1hPRVnLHZ%2BCP97c7f8zlZRbUqlKup%2BNDQ%2BN9gyoFxoYRs6TYV6SAYCw7a3g5d5Fv%2FdHojGeL39%2FjzV90LYlmz1JwY0OagJKXq7DIYKAtuIhOS4zuBe1FizpeXfKh5IRFn0deEgZeQ0a%2F2bDJ%2FP4TowAnPKJUvaEhD77z4KR5nIKonLwykTPZ%2BZZ4DjMomOIVgC8OtJl0yJZNA1tLDPVQKykcP43NzpE0rFyPlg1jhh%2Bnqoh2c0KTg1di3CXUG6LTWVLl9wFubSlAYuTrh%2FS6q8UtDFhJlvhoGjDOUaINuZYl&ptyp=4
503824741,A:DAD_20260918_A:HAN__1-0-0_ECO___2074975301,2026-09-18,Economy,VietJet Air,VJ,524,VJ 524,Da Nang,DAD,Da Nang International Airport,Terminal 1,Hanoi,HAN,Noi Bai International Airport,Terminal 1,2026-09-18T09:20,2026-09-18T10:40,1h 20m,0,True,1272810,0,1272810,False,https://www.agoda.com/en-us/packages/book?cid=1753802&pk=A%3ADAD_20260918_A%3AHAN__1-0-0_ECO___2074975301&pt=AAAA.AAAADJxJ7c%2FcRc%2BkZuegpo9TTjzefmnLCaEk2fZ%2Bo%2F9DbdtcY9MQwl%2BkrmczBvbT1bHmfSUUdQ0zC%2Fs%2BVQzU66niPFdBA4%2BkeOR56VlAQ%2BE8atPS4I9FjXb4PQAxyQY4jn3TsSQBsVLbY7i3JIQMtZIvD5eR0ut%2BQ9o0toOyYuSQugkOW5tdFAmv1WPrakmnA9VAEf6vvJSwqzfZmN7d1nysri%2FtzjWNgPW%2FIBQGAuRwjOfIOzkYru%2BaP6ZHr7Wa5N8%2Bd4EXsOr4Mp6eRJYOhwb7t5dXXXUA2PDBPYNcvgykPcdfzCyuz5qe2hruW6eoV8sjdwAk1uP%2BpviuIWG03PWWswLle08OnOBC6Zg6d%2FWIuQ%3D%3D&ptyp=4
831228086,A:DAD_20260918_A:HAN__1-0-0_ECO___992624120,2026-09-18,Economy,VietJet Air,VJ,510,VJ 510,Da Nang,DAD,Da Nang International Airport,Terminal 1,Hanoi,HAN,Noi Bai International Airport,Terminal 1,2026-09-18T13:15,2026-09-18T14:35,1h 20m,0,True,1272810,0,1272810,False,https://www.agoda.com/en-us/packages/book?cid=1753802&pk=A%3ADAD_20260918_A%3AHAN__1-0-0_ECO___992624120&pt=AAAA.AAAADK%2Bp084GlAjcQELOkN4vTN1%2F%2FdOXxgxkY9rRBZPvkn79Oh0f6cwzcQxlu6pwH%2B7HKkcB6PS%2B5GZy743GA%2FTggc1Rx5o9tS9LCBuzsqu47lU3H%2FvnK9mu5vEnUgtCTtnJEE0EDWTVoTrhgqSY6wpEhuWw6P1tx%2BEQ6%2Bl%2BENg%2BLwklUyxOHTE7WIZgB%2B36%2BQdlY86SV%2FOAvFz2VEmnJQVVyIJX8KTksa5Hfwp6cNyAlCYcLOGF9keBHFBOelU2X6yf7ugoF8FbD9g%2F91A%2F5hxovcsGB6atO0l2NuJgHJu01S2sqVbMyi4ChrhaCyyk24T2frSGbTacoqZLdDehKy%2FpofRS79Iy%2FEfWg1h5fvIi21yT&ptyp=4
796661490,A:DAD_20260918_A:HAN__1-0-0_ECO___1212340692,2026-09-18,Economy,VietJet Air,VJ,1518,VJ 1518,Da Nang,DAD,Da Nang International Airport,Terminal 1,Hanoi,HAN,Noi Bai International Airport,Terminal 1,2026-09-18T18:25,2026-09-18T19:45,1h 20m,0,True,1417528,0,1417528,False,https://www.agoda.com/en-us/packages/book?cid=1753802&pk=A%3ADAD_20260918_A%3AHAN__1-0-0_ECO___1212340692&pt=AAAA.AAAADNX43EBZsjFftqCUD6vUb%2BlLaSV40ebFG9Bdp7%2BmEj8ytcT%2FTaB1bRXoWWJRip0EDY0ubWMxXK4bGMVsmNC5nNGI1uXPNCFbsnBx%2Foun4Hg7buVgCrWQOHGZtkiQTZPzff5%2B%2BkzxjPS4RyO74zrLPhRwEA7yClWyyEwnIBVB57DMAFTsYIhPj2kImQj5iVZFn5qutIZgIxZWHEbV%2F65u24nb0H2g8on4F57CtyQoQtMU5fLB3%2BaMVXTQ3VUi%2BINKyaSN8jU3UcGDtyhJv9NXAOpBpTLc9O9uiGyEzWt%2BKEPOpEbEoO%2Bj5d9lnm4wmMGLWou2H2Hk8xlDiW8LtugHyeoqz7pqBarGqeAb75y1aoZY&ptyp=4
511442595,A:DAD_20260918_A:HAN__1-0-0_ECO___972667242,2026-09-18,Economy,Vietnam Airlines,VN,6070,VN 6070,Da Nang,DAD,Da Nang International Airport,,Hanoi,HAN,Noi Bai International Airport,,2026-09-18T20:25,2026-09-18T21:55,1h 30m,0,True,1518058,30448,1548506,False,https://www.agoda.com/en-us/packages/book?cid=1753802&pk=A%3ADAD_20260918_A%3AHAN__1-0-0_ECO___972667242&pt=AAAA.AAAADPQSdImhxqLJU9qe9d05LT5jA%2FHCBHG0h2qtlYrUazzRfVvmdLNu2eNfRJpal2zpCfeHAR7IiWDk8v1R1RNAgmvGNp3YMLAmdTsULfDREmH8%2BALukCxmOAUHrekZq7lpzJfUOtuI7kOcE10Tf637f%2FZk0kTw33UDZ8qbN3jAB8JX3bVb%2BekZ6Vf3K1w4kwOVw5ROsUYRl6CVU7NWgJIV0Eb20Qs%2BoFnqOI%2BXqsQ0GmOMWeYBZN2T0R46dx9uxBdbGG%2FBKppnKsIk3Qc8C5Sha8kxv9GkJJ%2BrmGVSCC2lysJ8r9x%2B%2BAcyBto33jz1w%2BNXS2vAX9xRU1HDF07mFHkD2sdV8U1a9HJ%2B6VlFOqzPIqKLT%2FTKMppN7hg%3D&ptyp=4
659734502,A:DAD_20260918_A:HAN__1-0-0_ECO___1059551989,2026-09-18,Economy,VietJet Air,VJ,512,VJ 512,Da Nang,DAD,Da Nang International Airport,Terminal 1,Hanoi,HAN,Noi Bai International Airport,Terminal 1,2026-09-18T16:55,2026-09-18T18:15,1h 20m,0,True,1594073,0,1594073,False,https://www.agoda.com/en-us/packages/book?cid=1753802&pk=A%3ADAD_20260918_A%3AHAN__1-0-0_ECO___1059551989&pt=AAAA.AAAADLjxeajkXGbPhKy5stQnRaYSimoRL3x6vq%2FXh2haihw44itp3Qs9zgqVj2RpSp%2FSEwgkTFefQr9Ztrq09WdC0Gfx%2FMPRDzY5uAJdQh3mAxPBK%2FECeHayWcQwfofLYaH9ZJ0UExfsU054t%2FpPh%2B4G63yoFdHOChbpPJT6xduW%2FiwtVAZQVdhR%2BWjX9QUUvhR0XbYGsciKn37g%2BMKrsb%2F6p3s19SglC9qulB4eVbcmJ2Aj7Cm78LcAfx3qN1f81brs%2FkFInD5npcroIgdsOEHKfvNi3PiUrv6pShsv9xe4WUk%2FtiBENU1%2FSz%2FWxW4qeo3RlG761N5zUG0bT3vB4HmWmpjCUnn4leB55ujmQ%2FA11YtDGA%3D%3D&ptyp=4
1663887355,A:DAD_20260918_A:HAN__1-0-0_ECO___1016216887,2026-09-18,Economy,Pacific Airlines,BL,6070,BL 6070,Da Nang,DAD,Da Nang International Airport,,Hanoi,HAN,Noi Bai International Airport,,2026-09-18T20:25,2026-09-18T21:55,1h 30m,0,True,1729728,34693,1764421,False,https://www.agoda.com/en-us/packages/book?cid=1753802&pk=A%3ADAD_20260918_A%3AHAN__1-0-0_ECO___1016216887&pt=AAAA.AAAADAyLZ8TT%2F%2BaBwUTL8IgIwoMKbBaob2VQ1JIdTlSy17idaezvVMbq6KBEBayJqpjtTyvHwjTv5Sa6kUwGcguUlP5TE7YpSooCYHzQPHTpfLVQAy5CSDfkpyuTfAESzEhBybmwHoAAS8fCs1pF1IB%2BGqEFYNGilOxuJijPX7vfNzo%2BsSYRBPwU65KCAjcYQRg8ZNOHxNaVT9Okh3tQ4CjLtvLZW8NjntRD4%2BhwZSWtC%2BSoyJmlX2tgzrbwSe5ohLRtSSu9O5LjGvO5r39HA1oQBKk32YtEioolZ40soFSfd2p6Es0gCNBMDaLJYbVePDscQuupss%2B4HdixraLlA0q9IZwn1CzF9%2FIICk14ufhsmMqsuA14kQ%3D%3D&ptyp=4
1099185397,A:DAD_20260918_A:HAN__1-0-0_ECO___1898977304,2026-09-18,Economy,Sun PhuQuoc Airways,9G,922,9G 922,Da Nang,DAD,Da Nang International Airport,Terminal 1,Hanoi,HAN,Noi Bai International Airport,Terminal 1,2026-09-18T14:00,2026-09-18T15:20,1h 20m,0,True,1790380,0,1790380,False,https://www.agoda.com/en-us/packages/book?cid=1753802&pk=A%3ADAD_20260918_A%3AHAN__1-0-0_ECO___1898977304&pt=AAAA.AAAADEJCu92%2Byi5kSRq8fKXc2f6asyPgY2HwvwBs7lCTK0ZAYgIWT1jTXT%2F4TQ9h4gPgpAYKozbXnjAcKoDZHaV2PWMWUG37PtKxrwRvjgw4Km08UT6VSM3XdzMW6QKlSmFfW952rAIY5sRcZsjPRK45Ie46Fv3l2uqtDYFBbTXMM8bVYulzRpKJBwk6fx488G%2FGh0%2FbaYKbmlsiBunDkwgMXObLxtNBLQYbAuv6t5jAhy5BeBkswd1uXO8nPMtlMI5zafICZ8TZ1dfsa%2FZIZ3LNwkl3dceflKJSnWVpiRsUBHjJkVRMRhTk%2BT3A4cYgxmse34bm3okIP%2BGl6E11LP%2BPQQ7Bgo85jE7YNlpQZ9TgZA%3D%3D&ptyp=4
1042757954,A:DAD_20260918_A:HAN__1-0-0_ECO___1743464597,2026-09-18,Economy,Vietnam Airlines,VN,7196,VN 7196,Da Nang,DAD,Da Nang International Airport,Terminal 1,Hanoi,HAN,Noi Bai International Airport,Terminal 1,2026-09-18T20:30,2026-09-18T21:55,1h 25m,0,True,1887238,37853,1925091,False,https://www.agoda.com/en-us/packages/book?cid=1753802&pk=A%3ADAD_20260918_A%3AHAN__1-0-0_ECO___1743464597&pt=AAAA.AAAADAabh5Nq86%2Bysmoo%2BCNOZ7x8T9LS8bDXPRFbV8mrTAvuccsJZMscyRUXln8fwtkNXzLDSkdfkhA%2FkWw7oIBwe3ZxDeKFr%2FeNiG%2BYLo8BeIHO5Mn0ouOlcOqH0cdJkta3Qz8K12AESguZJmutCXaW9jQskUn5s3Z%2F3lwnhEdPQbs8LsWvejglsOhKjn8fJsBdaQz6kkzRXMFB9irzSGB0e3HUeZ%2BwVXHwFbJxX8R7BwwAF3BboXz7%2F4DPOwHE7eDB%2FsNivPWHC%2BocfJdcGF%2F5p%2BQE4KjiO3jq2%2BQBmVjcxFQOuYZV3CPRLv4uJ0sGdgWB6fKrVvemXZzn4HlWgEPS2w%2FWdc9ISVG2%2BUsmAFF%2BU4MhUAZkoT4njLOO&ptyp=4
25305228,A:DAD_20260918_A:HAN__1-0-0_ECO___857834131,2026-09-18,Economy,Vietnam Airlines,VN,188,VN 188,Da Nang,DAD,Da Nang International Airport,Terminal 1,Hanoi,HAN,Noi Bai International Airport,Terminal 1,2026-09-18T19:25,2026-09-18T20:50,1h 25m,0,True,2010472,40324,2050796,False,https://www.agoda.com/en-us/packages/book?cid=1753802&pk=A%3ADAD_20260918_A%3AHAN__1-0-0_ECO___857834131&pt=AAAA.AAAADByJla39jrWQbi6XNao4gQArScYnCQRb1SCe8kQhtRWti40Xo%2FOYJ%2FWKsrRajtFTFLVEdWope21nxna6YtGYnsxF3q%2B64NKdYL%2FU1OGWzQQxb7GTGufTCdhgOkKrtxnil2QuscIZhP%2BHOuNj%2BbTml6gTfBp4DQNaYMW0p8brcbQQCcDG%2BUYzFM89Stsu0VoeOr8nanRPSiKsqgTthqs3kQChL4Y15Z%2Fy%2FGgfo9UkHickEM%2FFCqUKXvg1brTJ0yej6fR7bP%2FdfwnvylCisMBmkQwtVKZ%2B6W2qUYaIldGiUN7CecoagRcDY2pz0L8u7n9I49fdWe1zJD6B3%2FIQG%2BJKQd6M3wnq3pnrousX1CtUMQ4Zc0tEQ6fk&ptyp=4
599832988,A:DAD_20260918_A:HAN__1-0-0_ECO___344499703,2026-09-18,Economy,Vietnam Airlines,VN,178,VN 178,Da Nang,DAD,Da Nang International Airport,Terminal 1,Hanoi,HAN,Noi Bai International Airport,Terminal 1,2026-09-18T18:10,2026-09-18T19:35,1h 25m,0,True,2069081,41500,2110581,False,https://www.agoda.com/en-us/packages/book?cid=1753802&pk=A%3ADAD_20260918_A%3AHAN__1-0-0_ECO___344499703&pt=AAAA.AAAADNoq0BM1ZFv1PebMRQi1IvhgajguOpNlllH6UUQ%2FVnFN1CfHevdsfWijPqvaXjVt0tB4CY9O8axYyhOas35hNl0l58Vj01jhZXev2zf5eyh5Y0LLNrsjaM%2FHYLxQZ6e06Hfw%2FPKHKGmlupEmWw1gFd2MQ6KJx1e%2F%2FvpUNepq0XLVrVVg2vK2Cd%2Fon%2BvV%2FZWR7vWQMUdfJYSLE7aDwdbzJAj0gb6Ot86SNagtKcELmi68zWic99uvZrNyyNmfd6fcN25vdxE6gnHL%2B4RgIicmOCG39rQV68co7262%2Ff1PiFjH0YOaLcj8gGhv582Z%2BstQwxfv3hhLufBUDPSuon3SpoL%2Bh1g%3D&ptyp=4
1205348168,A:DAD_20260918_A:HAN__1-0-0_ECO___825094965,2026-09-18,Economy,Vietnam Airlines,VN,180,VN 180,Da Nang,DAD,Da Nang International Airport,Terminal 1,Hanoi,HAN,Noi Bai International Airport,Terminal 1,2026-09-18T18:05,2026-09-18T19:30,1h 25m,0,True,2244644,45021,2289665,False,https://www.agoda.com/en-us/packages/book?cid=1753802&pk=A%3ADAD_20260918_A%3AHAN__1-0-0_ECO___825094965&pt=AAAA.AAAADGEaS86VWVi%2FVZPB2ZQz9jL9lYXP3EnXq8c1Y5T8SJcyVfpEvMMLekeMZUvyO3deI3Pqw%2BUTczseiXvqjyQGltsdHspNAgCMSKKG4Y6UlANRQdbywEir60pP8O8aQvoVhqMxdUO0moBXvuuEKGZ7Z5moeSfmFFY8PEO2k1%2BlR%2FAjJm%2FxNYPRhZXx8IGBeE9%2FsE1ErG8qLJCltKhBlFHIP0dPXURhgNxrsZo6o5N5ju2fB9BQ1E58UgsNzFbWjNyhaL4Nxnsxs%2BiTVCq3tbd5GQSgn0kilnnaeGMxsTpxqH73MwI4iRU2ZEEyXtwYHQoEFDoy%2FLImG5YBpSvzzL2QHWUsW54h2%2BAktpTTLfQpMOUf4RVRhU05xWQ%3D&ptyp=4
181282336,A:DAD_20260918_A:HAN__1-0-0_ECO___1434818581,2026-09-18,Economy,VietJet Air,VJ,514,VJ 514,Da Nang,DAD,Da Nang International Airport,Terminal 1,Hanoi,HAN,Noi Bai International Airport,Terminal 1,2026-09-18T07:30,2026-09-18T08:50,1h 20m,0,True,2351258,0,2351258,False,https://www.agoda.com/en-us/packages/book?cid=1753802&pk=A%3ADAD_20260918_A%3AHAN__1-0-0_ECO___1434818581&pt=AAAA.AAAADFRB9uWi3a903zSvAOjeBRXXXuVKncO866TgsJQ2FmqwrizDBQ3pDtL3rmmEEdYVry1DjvolHa0nQmopsgoyh23%2FUzhjfxf6pbzLGZ6%2BLbvSw5pVvyNAuiuWU2VjWaMrXRS5WCsL6oBOHo8KW3u05kXvoksszIPf%2BVlTsNV7H7n%2BUsomo0L%2Bh%2Fj2tuvUeDEvP8cxNliUPSJhnn7yYGPbttyphNM5C8Mi9n593fO2qN6PfO05NrBi7yM%2F8FO6%2BfYqFlSObJalhLA9MaJcORciqPIBmCG4LZlXME%2FVpP%2B2RR6xqnJ5WWGXVgHI3T4xy0QQAhQ33TMB81nDyRmfk5x6xONcens3T3IIpw%3D%3D&ptyp=4
86741391,A:DAD_20260918_A:HAN__1-0-0_ECO___947347893,2026-09-18,Economy,Vietnam Airlines,VN,6080,VN 6080,Da Nang,DAD,Da Nang International Airport,,Hanoi,HAN,Noi Bai International Airport,,2026-09-18T10:20,2026-09-18T11:50,1h 30m,0,True,2432243,48784,2481027,False,https://www.agoda.com/en-us/packages/book?cid=1753802&pk=A%3ADAD_20260918_A%3AHAN__1-0-0_ECO___947347893&pt=AAAA.AAAADOlq6J8QtxwQKTHnd19kMVoEfMoLphRPjOIxQ8qMsyejNar8muo7ztb%2FeAt1ST8p%2FmtZ9acqYdDq%2FNFD4hIT4SXDCQRgNTbaBrinDH6PEUbjbwJwQJb9sJtr%2FNb8lDB%2FXBA%2B44dAChVQrTSXWncxjLTYcY6IE37vt8CXigVfBWZACL28FABZ8lKcpWajdEjBE0gegFZsd5cdOFsGUugez2ixfxvM%2BQRJmujIVC6pyOqTIlcSmHwdTmrJxNb7tJ6I94P33CF8xEnLfnI%2BaWH3pt6yWB8SJfYGVHzy4h2Yf7cQhzD9JbN0WetALaehkahkB1ARQ1vxdOq1ZWsS1yC9WGS%2BQcjhlII%3D&ptyp=4
792318667,A:DAD_20260918_A:HAN__1-0-0_ECO___1196219721,2026-09-18,Economy,VietJet Air,VJ,528,VJ 528,Da Nang,DAD,Da Nang International Airport,Terminal 1,Hanoi,HAN,Noi Bai International Airport,Terminal 1,2026-09-18T16:05,2026-09-18T17:25,1h 20m,0,True,2437354,0,2437354,False,https://www.agoda.com/en-us/packages/book?cid=1753802&pk=A%3ADAD_20260918_A%3AHAN__1-0-0_ECO___1196219721&pt=AAAA.AAAADB0Hie%2BQ1CHagverk69IN7vAk7saIeNQjjjTJVp5iCpImCAPtaaZroltyod1zu%2BmeSjSMCPwN109yWpJuqCEuKmf9VLLbwvzd0WPM18ZFk4ZKqqqyhIDiw3PeUHXnGO%2FmhPECPCR%2FTN2US42m2%2BXZ%2FOXn4aPc3VQTZrlXnmqXmWdxNzEkmCtT9LuuUG5aUgT3gLxkAEjbSu%2Fa1hNrxxl%2FYlwMkDgm73uXlbYtl4vF3arkWOKPEIY0UVOSXnmSzDKfQflWqGupFlEsLVJsAgvSmQMVW0xDSruXC9ULl11hS1YAP3V6kAWE8y%2Bo2mHrqcz4WlMfAfFe4kFYYd7ze8JgP8BnWJq7Pw6j8yNTLw1K9g%3D&ptyp=4
1985495257,A:DAD_20260918_A:HAN__1-0-0_PEO___1059551989,2026-09-18,PremiumEconomy,VietJet Air,VJ,512,VJ 512,Da Nang,DAD,Da Nang International Airport,Terminal 1,Hanoi,HAN,Noi Bai International Airport,Terminal 1,2026-09-18T16:55,2026-09-18T18:15,1h 20m,0,True,2819160,0,2819160,False,https://www.agoda.com/en-us/packages/book?cid=1753802&pk=A%3ADAD_20260918_A%3AHAN__1-0-0_PEO___1059551989&pt=AAAA.AAAADKYSgO5dFomBQYPCaZVSO1nqJXehOyw6AEe8EkNw%2BA8M9xFsoL2tEwOg%2B64mLvv35I0ygsVxf9WzUauxBy20HBNX55Gtp8slBaFlzWs%2BAiMzR2yfIAjSAi7ZcDLozXiO%2FuyPiLRt9AuGu%2BnbxeyCSCSAgqtgZDcPvXuxNseBNeG7EUf4ihIZB279uDEcy%2FqvfiWhrwBQsSsJnCgQZoxtBOFYa1s00nRuE7hnZtbfeJjWvNyKmLTZOscTAAf8JKi8gzcDr28s%2FxxZOBDgGbKjHVROLzoFfUOY3lNSRmZW0SmMXkSMHYM%2BbhOIBLP4ppHB3nzFmPOEnIy3jpxan9gANq1pMApSoAwqR6ai&ptyp=4
1312750166,A:DAD_20260918_A:HAN__1-0-0_PEO___1212340692,2026-09-18,PremiumEconomy,VietJet Air,VJ,1518,VJ 1518,Da Nang,DAD,Da Nang International Airport,Terminal 1,Hanoi,HAN,Noi Bai International Airport,Terminal 1,2026-09-18T18:25,2026-09-18T19:45,1h 20m,0,True,2819160,0,2819160,False,https://www.agoda.com/en-us/packages/book?cid=1753802&pk=A%3ADAD_20260918_A%3AHAN__1-0-0_PEO___1212340692&pt=AAAA.AAAADHVM6Bsq8fiNocLa0dgG6N%2FlVWD5%2F3nPcbIgbKRgemDFv9f56zuV7TiU0ZaMUEGLQoCFcr7uAAWbzCbpk1MojE9gBpX3%2FQlvA7cQJprEPrPcFvg1SQhsKE76oot0CF71DdoRCGyG31n2KExN%2FHKHE2bWdgV2wZT12zB28Jubdlvja4bO4AfbD1AcUdlMGBgmgbEeJ0GAwoG8Vbb3bNoTifK9nRQGgI%2FCp2K78TenX8d2ktGv3P7A50DyHEhJJLeSPStO3dYIHlfcN5qtWpFyXXO%2BFLEXIxn%2BbAgpxAcg%2BLP17DKgeUUh7rGeMrzTRj4%2FitKUTWCeZx2H302VEEI32uTzKiOBX80uhXLb&ptyp=4
1370465637,A:DAD_20260918_A:HAN__1-0-0_PEO___1813973992,2026-09-18,PremiumEconomy,VietJet Air,VJ,520,VJ 520,Da Nang,DAD,Da Nang International Airport,Terminal 1,Hanoi,HAN,Noi Bai International Airport,Terminal 1,2026-09-18T19:35,2026-09-18T20:55,1h 20m,0,True,2819160,0,2819160,False,https://www.agoda.com/en-us/packages/book?cid=1753802&pk=A%3ADAD_20260918_A%3AHAN__1-0-0_PEO___1813973992&pt=AAAA.AAAADMwA1y7tAr0kdnFf9HG3W92UKjmCo9hzLaPhH0tw4iaBhjQ2c0Ox1uD4WdmvS%2F1qcJBtcHtOfLqkqPCj6o042wm0%2FYFRdJbYO18yrznwetYeLCv5QtViCtQffpeiPZ4r10dY1bURKpwFRxjJoCBUGGpkQbByzvWycE1wSi2ZHH2op2VzzhejfNREZr61pbdeiNDP9dsFZCVHmaI9FDdTYezKRDSlGE261YireLZDe1UToJWjoBtfdIxyX05gwcFfbKGe4pS8NtsDZyIYioFQqodecFPQCdj613nXLhFGUUXvSdqDnbVBS7LzElCRRnNPlnyWwafS%2FxxwnUuw8TZW6%2FpzU84ip%2BSRAa8p&ptyp=4
860829135,A:DAD_20260918_A:HAN__1-0-0_PEO___2065346909,2026-09-18,PremiumEconomy,VietJet Air,VJ,1504,VJ 1504,Da Nang,DAD,Da Nang International Airport,Terminal 1,Hanoi,HAN,Noi Bai International Airport,Terminal 1,2026-09-18T12:40,2026-09-18T14:00,1h 20m,0,True,2819160,0,2819160,False,https://www.agoda.com/en-us/packages/book?cid=1753802&pk=A%3ADAD_20260918_A%3AHAN__1-0-0_PEO___2065346909&pt=AAAA.AAAADJJLFNfmIuEFO5HkkkOnc%2BDvpdqunksbAZ3hX5THmxLLgYNrECByWo%2FHBr%2BVtQx7jSzLKO21qRd%2FbF7cSkAHfIJbZdipVpIw1Aer07K68AATl1rj3ZKvfG6qlVKazfVO8HzCcK5IoHw9kF4e03f%2BSKoegjKlXTFZnWori9MCdxReu7WFtex0eZGMuBf7Jq5dy4jfyZiDCAAlnK%2FD7%2FJ5a0EmpK%2B2iacNrfrzzqrp4UXtMwRkrbjgmwZdErH4JpRsIm%2FEhplkVKF6yqMJ8TE9A%2Fgbi1jnN3uj%2B0azjmUpY%2FNorpwpunVGmL6%2BEWs0DF95X7xs7Ss5hLAKUra98FYPdFn67uXEmIRyAk58&ptyp=4
783382738,A:DAD_20260918_A:HAN__1-0-0_PEO___2074975301,2026-09-18,PremiumEconomy,VietJet Air,VJ,524,VJ 524,Da Nang,DAD,Da Nang International Airport,Terminal 1,Hanoi,HAN,Noi Bai International Airport,Terminal 1,2026-09-18T09:20,2026-09-18T10:40,1h 20m,0,True,2819160,0,2819160,False,https://www.agoda.com/en-us/packages/book?cid=1753802&pk=A%3ADAD_20260918_A%3AHAN__1-0-0_PEO___2074975301&pt=AAAA.AAAADNVuvhASisxeWFc3RZBXesFeTtX9n%2ByP7x6XlVVq3w7N8bnEemmU0VuDkC5r2nGLEF1xKbiKlkoEBBadmqR1cnFkgOHgnt0R%2BiwAMj2F8D8YLWljhf2Aa4ep0xc7kuMJHCv1Zly6IqOTYN2ADNacGKOIBwogs7DyC7HXvqnep%2FpQvfNUMQ%2FxlYeoxEcx4kI2fY3ZebBZYpU1GklBxhzySSLao6vhcR3Y4i3rpdvd5KjoMl%2BA76JYw%2BANwyd6zIv6nJ90gO6yTdboNqIRVQ0VvO%2BRv43sE4bc1nrxVsjJPIpefB13f4FQYh6AGFcFIrVDzOgaiexEcUKAUgm4oTnfIK2e5nQ8%2FiqvjMDJ&ptyp=4
754999689,A:DAD_20260918_A:HAN__1-0-0_PEO___992624120,2026-09-18,PremiumEconomy,VietJet Air,VJ,510,VJ 510,Da Nang,DAD,Da Nang International Airport,Terminal 1,Hanoi,HAN,Noi Bai International Airport,Terminal 1,2026-09-18T13:15,2026-09-18T14:35,1h 20m,0,True,2819160,0,2819160,False,https://www.agoda.com/en-us/packages/book?cid=1753802&pk=A%3ADAD_20260918_A%3AHAN__1-0-0_PEO___992624120&pt=AAAA.AAAADAgXLqNWXIJlhW53pK1l9m0zuK%2BYtpogtIzoMyWz7VhMUfsxUDhH%2FL7JlL1%2Bm3jhNcyA5x5x3myhIPapkdBOTEESjyxaoWmsM72suQUHzcvttHR68xfToqdp61pyBZUyYDULa%2B53StugHKCeDuvIAVCpMn4WorxXS6BjqLLEV%2Brox%2BmZ87PASe%2BDHJsg9MepY%2BV964wQjpxIyqJyCBp1NhZXw0Rw8EDM1L8ulyv0PntbKgCbKTLQ7IlAv%2BpBXWEo7cs0rq4vRcBLND1P3eBNzuYO6Amdw22T5slqgXI7B7blrCAfSmzMzQlz0c2VXiiEf4Eh5Ln8%2BJS0oJN%2BMhdObu3xMtmAWwQ5Pw%3D%3D&ptyp=4
1732345063,A:DAD_20260918_A:HAN__1-0-0_PEO___1434818581,2026-09-18,PremiumEconomy,VietJet Air,VJ,514,VJ 514,Da Nang,DAD,Da Nang International Airport,Terminal 1,Hanoi,HAN,Noi Bai International Airport,Terminal 1,2026-09-18T07:30,2026-09-18T08:50,1h 20m,0,True,3617369,0,3617369,False,https://www.agoda.com/en-us/packages/book?cid=1753802&pk=A%3ADAD_20260918_A%3AHAN__1-0-0_PEO___1434818581&pt=AAAA.AAAADFUlKubISsOHI%2BJH7gHyDmRhBnXlJE4VnBlUlcMy1OXRHcV9ZIZZMzCtjR6tHQ3OnkrFk2iy8KcaA1svv8CiiUCg5ELna90F%2FtO8u89zQvKXw4sh5zTs2cqCGbMCz0pqFI70RA8Hj5yujrV2X7l7q3Kgt0O8Rp%2BhHpPDweV3JXjhKbIqGG7DOReIDUswO1yYY%2BxU7inNT0BsElXNMR%2BUICnsRfMLwCmZ3Lfsri438WLuiijxqpbXa2u43bgfbUwkZCYOXEhrBX10DUpRaIUIN6Pemb6uhumveAyrr5nriKi%2BcpbY%2F6ymCeqeVEXEZCbUB%2FtEdkfjq2TEcTCQDLBHHOtTK81ezXxieg%3D%3D&ptyp=4
649291390,A:DAD_20260918_A:HAN__1-0-0_PEO___1196219721,2026-09-18,PremiumEconomy,VietJet Air,VJ,528,VJ 528,Da Nang,DAD,Da Nang International Airport,Terminal 1,Hanoi,HAN,Noi Bai International Airport,Terminal 1,2026-09-18T16:05,2026-09-18T17:25,1h 20m,0,True,5073961,0,5073961,False,https://www.agoda.com/en-us/packages/book?cid=1753802&pk=A%3ADAD_20260918_A%3AHAN__1-0-0_PEO___1196219721&pt=AAAA.AAAADB9%2BnsSeo2kTMNHLs4%2BQ12gtsRYB05N2H8DOBjn%2BTHd7JHipnMRlVWsQHEnSInmgbyJqGD6AEnB8o4NSEipCGEvHEvc1JgdXzwNK5N68WT8CXzk1FABYrSZAbpRm4HK1kPNao2cmwVXmuAcoHVnrueAHSBqSFngKN5mG%2B%2FzmHbR3MnCl4I0E4GlFzlN%2FpFhRihu8ivLq52Iha1JqTRHIDLfl1iKw0F0STi%2B5to9MnMMtaufLIXiH1fZjY2gVK4Nw0w87f0qtEHiBYa6goPWz9F8YYMr0OXk1IKZVvbdip4v4Q5ZSEEpsXnH3%2B31IsIf2ynnsYvMsSHDUXJo23Nv%2B11nUBXHw%2F5DO&ptyp=4
443794273,A:DAD_20260918_A:HAN__1-0-0_PEO___1393701944,2026-09-18,PremiumEconomy,VietJet Air,VJ,518,VJ 518,Da Nang,DAD,Da Nang International Airport,Terminal 1,Hanoi,HAN,Noi Bai International Airport,Terminal 1,2026-09-18T20:50,2026-09-18T22:10,1h 20m,0,True,5073961,0,5073961,False,https://www.agoda.com/en-us/packages/book?cid=1753802&pk=A%3ADAD_20260918_A%3AHAN__1-0-0_PEO___1393701944&pt=AAAA.AAAADDkNfM9JXjR4Tg7BEq%2F3RDBOFsUNUhsJHi0%2Fb1n891pxPtyuB2ZGTDy4ZfgeNlqBg35%2BAhtlXjjooP0TxDFuCEUfs%2BJaF%2FNur8kowkRt7hxtOHDTvzOu3%2BtpBRH5rwLzL8UUiRuWeeDfrvU7PuvI3SCiH3NREOQNsLQV6fkIPYpYJHJVQ9G1Q7eMFzxgKTBK2l417UFZA24t4gO2JKmOyH%2BlhTcVsYAJqvAta5buv21WbBntbGsZKMyEu5gU17WTFsn9Bz%2FvD0kbBcTwIV9JW%2BPKWM6GNk9JPP5z16Bu3f%2FL2vuRn%2B9OR7xKfiKRJTsj47c6vJxKPyd5S8PIldU6ndq33T1wCYHrfA%3D%3D&ptyp=4
1707765530,A:DAD_20260918_A:HAN__1-0-0_PEO___1655293774,2026-09-18,PremiumEconomy,Sun PhuQuoc Airways,9G,942,9G 942,Da Nang,DAD,Da Nang International Airport,Terminal 1,Hanoi,HAN,Noi Bai International Airport,Terminal 1,2026-09-18T22:55,2026-09-19T00:15,1h 20m,0,True,6071095,0,6071095,False,https://www.agoda.com/en-us/packages/book?cid=1753802&pk=A%3ADAD_20260918_A%3AHAN__1-0-0_PEO___1655293774&pt=AAAA.AAAADDPZbAxfJp2RxzdsUe4NtbdrsUg%2BsXeyGjbob2kME5aeWj9EhE7W0n841fAnaCUSp66mAeyP%2BknRNBR6znbyhsfbGGfm87RAiPLd%2Butnx8zhJ4B8Nz5ZUp1Bl78CguhuzX16GQzZkepuSwTrUNnvpZZprFPX9ILqRT%2BDHFP1nN6YV6K%2BlQnjGdESSr9XOggVlbEeAnmSv99X7D7BTGvN680cwG2JRUSScm4s0375OBFE%2FcHR%2FKUIt5%2B3GApDUQw%2BzEmSUrR2iW3lcH%2FbezDC7DxivsrACa5H9fc8IS0rTN%2FO7eiPtqrfpycIi9qCLTZNSc38J%2Beooidfr6nsn%2BPM47pfSy42a5jP5DBLX%2F9f312hDw%3D%3D&ptyp=4
609757447,A:DAD_20260918_A:HAN__1-0-0_BIZ___1100614565,2026-09-18,Business,Vietnam Airlines,VN,6070,VN 6070,Da Nang,DAD,Da Nang International Airport,Terminal 1,Hanoi,HAN,Noi Bai International Airport,Terminal 1,2026-09-18T20:25,2026-09-18T21:55,1h 30m,0,True,3252255,48397,3300652,False,https://www.agoda.com/en-us/packages/book?cid=1753802&pk=A%3ADAD_20260918_A%3AHAN__1-0-0_BIZ___1100614565&pt=AAAA.AAAADOrVYjoQJonP2tMLT248UsnTW6tnrPXBOEl6AtzZLb3oH8o4muZPxsTLdEfbDUJ0pPQXvZfU0T7iRAKoGWsOsEFmE9S4yOSmfvfbEoy1nOTlat0AHJAHq%2BElhj1V7elRJKX%2FW9zngJBapC%2B1gnjj2MnurFwSG9THlWNKcqB1QNJmjfcOJF5%2Bh5W0lxh11Yikc8tYGv29iM8kFHro0qVgr7afrDZ1%2FtGwM3b1o0zShJfxLhu5Zm9B%2FVQqCl63P4aJ90vjlllvHfR8H6mTQ5jZpvHHEIm8HHlWBbeIDbz4ejziK7mBc%2Fb3B1nMfN2dZRvRhS9ry6oF6pHwijRftKPgDRr1QhjyepyhyzbLRVoLNmdj6D0Ck9uDBoQvbM4%3D&ptyp=4
146211970,A:DAD_20260918_A:HAN__1-0-0_BIZ___1791574648,2026-09-18,Business,Vietnam Airlines,VN,160,VN 160,Da Nang,DAD,Da Nang International Airport,Terminal 1,Hanoi,HAN,Noi Bai International Airport,Terminal 1,2026-09-18T08:50,2026-09-18T10:15,1h 25m,0,True,3275101,31955,3307056,False,https://www.agoda.com/en-us/packages/book?cid=1753802&pk=A%3ADAD_20260918_A%3AHAN__1-0-0_BIZ___1791574648&pt=AAAA.AAAADJWvD%2BKbpCHnSr1ONjMrNQWtBo%2FXAPhyu9p%2F%2ByrHYyj8eo5bLcBlKhV9k%2FRcsxri17GzusK0RnaQHqpjHtiarjp1KJ6v7E%2Bd%2F2oYhVmDgigSe8ynTav2d5KK0P%2BDokRxw3KLeHGnoIFYxaIMwZUrOC65ZMAELw8OQ4cva%2F15rMMx2QsagbLvyDyywUw%2BE08NE9jwfPrQ%2B%2Ff8kzu9ZgwS6sfPxvUOuJGXK89aQ9YlPbKIkBsaOEnHPR42Ygzh8CjWHYfcrd8fNxGUVU9k4p1i86CJvSWENw49zBuaCr9lEsUu3lUsKnawcXwibkfFpo6i6i6XLy2AmrrFVRFzPSJS2neAft8bfn7mr0wYeNY1qX2ZFnzvocd6eI2F&ptyp=4
721654587,A:DAD_20260918_A:HAN__1-0-0_BIZ___1743464597,2026-09-18,Business,Vietnam Airlines,VN,7196,VN 7196,Da Nang,DAD,Da Nang International Airport,Terminal 1,Hanoi,HAN,Noi Bai International Airport,Terminal 1,2026-09-18T20:30,2026-09-18T21:55,1h 25m,0,True,3281709,32020,3313729,False,https://www.agoda.com/en-us/packages/book?cid=1753802&pk=A%3ADAD_20260918_A%3AHAN__1-0-0_BIZ___1743464597&pt=AAAA.AAAADIFomGzDWNDm6x8NEma4dNAK0%2FWZEKXYm4fgDqOWbiEkiKpKoKczSMzfP6QpcXlt5k5bowx3gmcnC59Qd9DIxx2bxeDfWxaxLcCalY6eE9uF6tRF0yWhxlGvLpJMqKMVHw0y1fikjKTpevpReuNYlI%2BbTK4%2BRj2tu1EJqlYJV7vKhEp0GKb%2FLfYn%2FeUzo%2BkQYJ01Z4iCP%2FsknjSLDVxMMiueskw9%2BFPNkrhyap6d5LaPWz9wtOswemC9dJaDgtqBp1JeIZbqhI0nlgyJamlZbSkM%2BrLkSjwuKnXsu6iOy6ZRcKacl1L9kEHpI4Y1rsPS%2Fdk4moIYGWKgEpVsXHD29S4RNPwf%2FRoL9JCqC2XdquzOEQLYHuRMXXW%2B&ptyp=4
561192921,A:DAD_20260918_A:HAN__1-0-0_BIZ___1397777491,2026-09-18,Business,Vietnam Airlines,VN,6080,VN 6080,Da Nang,DAD,Da Nang International Airport,Terminal 1,Hanoi,HAN,Noi Bai International Airport,Terminal 1,2026-09-18T10:20,2026-09-18T11:50,1h 30m,0,True,3650426,35617,3686043,False,https://www.agoda.com/en-us/packages/book?cid=1753802&pk=A%3ADAD_20260918_A%3AHAN__1-0-0_BIZ___1397777491&pt=AAAA.AAAADF4%2B1VBNNU7Er04c0UKKbcWE5HG0DmwY61Twl0HUcT9kS2eLhIIfJGAmD9Sj%2Fjp14Wuacdr7YiESBKFPtzWR4KCXTIzCTuI3qvxzfGEYmjogRzKoh3rQlJLrJLud88ZPvW0573DMIgfcISd1qSfyKgfEIrGNrmnRxyjcHdS4vZwGirOtOVP1xTZjJWJtYaj7pdxtkd0H6am7VHtZ7WJ26WrrJTM5Z%2BxFaKtbA2x4u3pLCq%2FEaanrhE2q2xJQEiSbomxY2z6G1dEmgTG88CzB5EIkmLZrT249%2FN2zK5VUf50IpXV6dvzMCJbGESXuCsNVz0p61d3CV%2BCgyv3NH94OXyg61FsRZCMwKlF%2FeX78dPZAk%2BJD49lKKLCp&ptyp=4
161262917,A:DAD_20260918_A:HAN__1-0-0_BIZ___1898977304,2026-09-18,Business,Sun PhuQuoc Airways,9G,922,9G 922,Da Nang,DAD,Da Nang International Airport,Terminal 1,Hanoi,HAN,Noi Bai International Airport,Terminal 1,2026-09-18T14:00,2026-09-18T15:20,1h 20m,0,True,3668329,0,3668329,False,https://www.agoda.com/en-us/packages/book?cid=1753802&pk=A%3ADAD_20260918_A%3AHAN__1-0-0_BIZ___1898977304&pt=AAAA.AAAADIWXdsTmsL%2Fraz7k3DTpWmncMZTlHKNL%2BPxoOzlz%2F5SVYm7Z6p41B8EMmGloXp1FUv7Ye%2FnlFrpvnZ9pcyZAilW97D7WDUw7oqNIe9RGNUA2NiRUBt3rcoPnEDGE%2B83OG1c3GgmAq00RpuCq%2F%2BcY4dVayh7CRLJC0PGhgqRyLwHpojHJVe8DFaJvxxfYhwr19b%2BLGVzwLdgbDDtIv7mm%2FR0NLUgAm7rQREOskdMiNu%2BkLg4FdwBoqTMlwMJjciP0YVHQuobGcuZqYkcO6napANBBt7e0Y84394krX0eDA1%2FXZ%2Bjs8fMEW%2FB52s2eI9JqyNDisB9MQzckFQuYSpRwqMJhE%2BcK6fAT62QGsk%2FwZh7xOds%3D&ptyp=4
460942143,A:DAD_20260918_A:HAN__1-0-0_BIZ___1608949705,2026-09-18,Business,Vietnam Airlines,VN,170,VN 170,Da Nang,DAD,Da Nang International Airport,Terminal 1,Hanoi,HAN,Noi Bai International Airport,Terminal 1,2026-09-18T13:50,2026-09-18T15:15,1h 25m,0,True,4152620,40517,4193137,False,https://www.agoda.com/en-us/packages/book?cid=1753802&pk=A%3ADAD_20260918_A%3AHAN__1-0-0_BIZ___1608949705&pt=AAAA.AAAADIFsJkIYwgFF1zVXbGjcASfa%2BrQvFPhJMNZvXG3%2B1lW20wasoRbqd3VJ5N6e83jXxL05YP8y%2BtSzxPw3iTzItx5cmERMt%2B7xdlxHeM9tY3YaEq1EIw6U%2FlAK%2B9E5nnF42Zm%2BVAQfeqDUoL3jYGLerQdYKKhqognhzzb8QFtVROz%2BPveEmveJyFcZazzxJuZRN8hQJWhP9Mn%2B9B3E9frJaRCYmylHQ3bDUsv59g8GDmCH8%2BRb%2FB4%2BeBapMK0fMPXXK0sm2ddGoLE4oCJIsK41VMNavO1O7nfCz%2FppQkoHh28XznFnDtG7K5QHktIhSZxsIbPhnREOuzPjR6%2FeQ8S7xtDC2NSGxw4Zg9TTLQ4Z%2Fw9pDY6r0onY&ptyp=4
599039177,A:DAD_20260918_A:HAN__1-0-0_BIZ___264246131,2026-09-18,Business,Vietnam Airlines,VN,174,VN 174,Da Nang,DAD,Da Nang International Airport,Terminal 1,Hanoi,HAN,Noi Bai International Airport,Terminal 1,2026-09-18T16:35,2026-09-18T18:00,1h 25m,0,True,4160814,40597,4201411,False,https://www.agoda.com/en-us/packages/book?cid=1753802&pk=A%3ADAD_20260918_A%3AHAN__1-0-0_BIZ___264246131&pt=AAAA.AAAADKomWdrZ8NXhEV%2BgNXdiZxYr%2FTDZlaz%2FbBMGb2oYfHIANAfyJFaYnrWceLleLUuDoLQes%2B02vI9kFmbANbVO7mb%2BXcDNvYfxd8Z44oKrfIgL0i8sTPV1siD9zw85KBqfdSOi2lrafCEW%2FkETCUBsAi%2BH4xSrel8sCFZ4pTebuwgWjhTcf43aO9WWB03Y8%2F3mVd3QwT%2FHduVfka%2F4cPjom4LEVgyY4HU1HboV0wIJZgSX85VYW1Cl%2B9Bbsb7BbZVu4r3vufGBvwssRMnUfewtpuqWf61jc36jcIeUpucyIJ5WZZrpwmgcU0XUufIHLcta1hAN%2FVCnwkQaNa%2FeUw5lWsuiJs0kzBXowVlVd3DGjY4S3iToVE3cH2M%3D&ptyp=4
227757761,A:DAD_20260918_A:HAN__1-0-0_BIZ___15881217,2026-09-18,Business,Vietnam Airlines,VN,164,VN 164,Da Nang,DAD,Da Nang International Airport,Terminal 1,Hanoi,HAN,Noi Bai International Airport,Terminal 1,2026-09-18T09:45,2026-09-18T11:10,1h 25m,0,True,4169008,40677,4209685,False,https://www.agoda.com/en-us/packages/book?cid=1753802&pk=A%3ADAD_20260918_A%3AHAN__1-0-0_BIZ___15881217&pt=AAAA.AAAADDlpLwzXKdZ1Dexq0m%2FnIkbZV6eiLDE8AUY%2BzDGmPsZHdS0q31B6%2FMX6zqfwUog83AIW9RnlOx4OmC5vTAvgDkdl5OAO571ifEtrFSfPOeIQdsby3xG2eld7Z0xfFStrOzPopad91y4OqGKhvA8lFjHiFe2snIvX8XqpstCW%2FmvzOw5DHMtOjSnewcTzlS1nfXZ%2B%2BYgSkiBe%2BACp2E8lXMMqFL3Xj%2FKIxvB4fnwd80khmiM4Ma9lUadIRnRYDN99eN%2BQQzxDt4Npi9j0XVukUGXyTduRwS4KZ8MQqZ84r8cEjiHZZs3IBHafZzHCZLQZzOHpZH42OESCvvzra0TxPqlRfQjIVXKcjaS6VUJvSUGuT9cJ%2B1UE&ptyp=4
1615881280,A:DAD_20260918_A:HAN__1-0-0_BIZ___995764980,2026-09-18,Business,Vietnam Airlines,VN,168,VN 168,Da Nang,DAD,Da Nang International Airport,Terminal 1,Hanoi,HAN,Noi Bai International Airport,Terminal 1,2026-09-18T12:55,2026-09-18T14:20,1h 25m,0,True,4169008,40677,4209685,False,https://www.agoda.com/en-us/packages/book?cid=1753802&pk=A%3ADAD_20260918_A%3AHAN__1-0-0_BIZ___995764980&pt=AAAA.AAAADNsI0o7vdkl02FmZ0OkTtKB3zafrwM42U0Sr8GuQpho9rq5mgubR6prXbN36wxvqtFVnjly51ngmXmtELdGggsOosYXKijhY0rDkNpYO9p7rfxIb%2F98%2B21b%2FF4bVXasnoiNUWfaroLJ2ltUFjl%2FvDBEi9GYmGq%2FQUPPgDxU%2B1tQig53eMYHCC%2Bsxz0oRG2XfOAb5O%2BV674m3lYs3sR8XpIq7LV4cQEyztQ0wYsey33rTddYDK%2FsrDhOqVl9trZBD0D5bAMvNWvxBP852qmcDdbtc1bGMgYA%2BLRZ7pI9LG3%2BzSfvB5yYCbBjY2vffBFnqoDdOfVLQplQolgdvuuuqn%2BmFnjpcfK%2Bw%2FTuhfcoDoSJ%2FM4p3HV7E3%2BQg&ptyp=4
609492583,A:DAD_20260918_A:HAN__1-0-0_BIZ___1969050263,2026-09-18,Business,Vietnam Airlines,VN,7050,VN 7050,Da Nang,DAD,Da Nang International Airport,Terminal 1,Hanoi,HAN,Noi Bai International Airport,Terminal 1,2026-09-18T06:05,2026-09-18T07:30,1h 25m,0,True,5081151,49577,5130728,False,https://www.agoda.com/en-us/packages/book?cid=1753802&pk=A%3ADAD_20260918_A%3AHAN__1-0-0_BIZ___1969050263&pt=AAAA.AAAADIif9JxCxlkLMRwjfiMb%2FztoKP7uCUgI08JOhnQqnFYH9ms3kJMZAE3poDMKzt6v%2BPj9vuuYPEAlNJ82ThUsqzlGI%2BE6ZQNnxEsryN0qammJIEmSZ61NDizrdPlU8hr3VtgRf2wU6MrLG09qGFvYHGtV60tpe8Z1vvJiZqLe5Qs30tHU0z%2FRxJx8fqDucNJ4gPuYuquG4SiYTSOJlL9ltmar3dhxvwXY6zS%2FifcTB52rJ2zrArCGGFTUF5MWEGiA0z7klxaBg9o%2Bv4lOrIH0KpS6Kai0hr8XUxukpPzvnf3uyOjvb0oSSPPvgmsZTQYUhvTUWmwfcRNhKI1%2Fxr3fIxfExZPedRPkcoTd1z242Q%2FgwB05aP0%3D&ptyp=4
1339369882,A:DAD_20260918_A:HAN__1-0-0_BIZ___1177025524,2026-09-18,Business,Vietnam Airlines,VN,166,VN 166,Da Nang,DAD,Da Nang International Airport,Terminal 1,Hanoi,HAN,Noi Bai International Airport,Terminal 1,2026-09-18T11:35,2026-09-18T13:00,1h 25m,0,True,5594070,0,5594070,False,https://www.agoda.com/en-us/packages/book?cid=1753802&pk=A%3ADAD_20260918_A%3AHAN__1-0-0_BIZ___1177025524&pt=AAAA.AAAADNumR5lNQGEAjyMwV0W8q4GJ8jddyEx1c%2FwVB4L7i7IEG5IpUTBXE3a4XPJctHJxV4PIL0YrguqchmHWO5yWSqGbVv%2B4vsL%2FPow4Y0JdCrMmGRXwcn9lRhW%2BsyYW%2FQ1KRnUpnIq%2FB9F9CUkqmXCRhNwvp2lT59XWB8MMbjAP%2FIsMR37MLZcvWqG9ILf7JT82yFGQU36y6YeuMdr0xY9JbMjg2hDFICzCIqwBzLzWGpCP0l7vojCrdNdzDBQxSVhGs4gbWlCGBQRJ9k9RfTrIL1yqLaMSBfeR%2Fz%2Bl9F3JiTgbwteyWfxWwNxk6KA7Sr%2FUsbsWrOt%2FelX5qjqg3oJreCbqYOQOeIC%2BTGRxTyfAE5fZRmz1VxlFAsjW&ptyp=4
184138083,A:DAD_20260918_A:HAN__1-0-0_BIZ___825094965,2026-09-18,Business,Vietnam Airlines,VN,180,VN 180,Da Nang,DAD,Da Nang International Airport,Terminal 1,Hanoi,HAN,Noi Bai International Airport,Terminal 1,2026-09-18T18:05,2026-09-18T19:30,1h 25m,0,True,5595138,0,5595138,False,https://www.agoda.com/en-us/packages/book?cid=1753802&pk=A%3ADAD_20260918_A%3AHAN__1-0-0_BIZ___825094965&pt=AAAA.AAAADKCTB6H6m%2BZN%2BEhqeZ0ssNBT7C6bBV%2FxQvXl8jgXxwA0aHLnGei5PVbbM75B6K3C7bXjtQEcMbGp37wDN7yjUKb7iBUreTkW2szfX9brBXAI%2FvxHppSUtTc0OuBN5%2BxZNl1f6oixZzZi76PTmCHa1%2BLVIwIXGlkKwhaLBtpBVWQoTQylTBx6pEHkdyEaDSb1TeXWPw8171%2F5uvn%2BJmvziHVC0sNrWHXBY8Yp7A%2BQZhU6EVb8AEIswa0yKhjgN14SHWnYbJ4zXx%2FjLGcB6zq48PdH9fAYEjHKYdgr47FLgMv4hZgoYPl5RSjLl%2FOVIygrLLOk1v7VfOlYmk6KeJ2aaiMvJVphulHtRWQKw6e0BxY%3D&ptyp=4
2119921954,A:DAD_20260918_G:NHA__1-0-0_ECO___1510620052,2026-09-18,Economy,VietJet Air,VJ,631,VJ 631,Da Nang,DAD,Da Nang International Airport,Terminal 1,Nha Trang,CXR,Cam Ranh International Airport,Terminal 1,2026-09-18T23:00,2026-09-19T15:35,16h 35m,1,False,2728655,0,2728655,False,https://www.agoda.com/en-us/packages/book?cid=1753802&pk=A%3ADAD_20260918_G%3ANHA__1-0-0_ECO___1510620052&pt=AAAA.AAAADNEfBcVCsvv8AgwtEwpiYKbgho0iLfGV4A62g8lHBE9k%2FEmsRQYGJpzHe%2FnIAYA%2BuctlwqMO3OxRx9Zup3b1e6LbLH%2Bwqaq6rZH4K1RkVgpdWUdrujPsGqfRbJODzeCJFsLBQZCNeEGE8KxSzjVPrN0QVK0sytjbbJ0LhS3o9QaVjdpPc05jh6kOWzm8WJ0ItKdRUUYp244u8py5PCm0QoMtWr3dWQXFmFKd8spaGqqGRk09OVV901BfPPoE5qq15C8i4AnriCweMPy5AB5q9Bf98dHARu0FeTh2ZHi%2BHcGEIvtReOJW1hU%2FKMY2f5HAjClRXJL0EXOXihWrxlUS5lDwGE2sI%2FY2GXdD6aYmyeZKGsovRJSLCRois5s1tLD4CyKg5EpT2xVfjBGrfhJMjtmQ&ptyp=4
617342107,A:DAD_20260918_G:NHA__1-0-0_ECO___1611049017,2026-09-18,Economy,VietJet Air,VJ,645,VJ 645,Da Nang,DAD,Da Nang International Airport,Terminal 1,Nha Trang,CXR,Cam Ranh International Airport,Terminal 1,2026-09-18T21:10,2026-09-19T15:35,18h 25m,1,False,3029908,0,3029908,False,https://www.agoda.com/en-us/packages/book?cid=1753802&pk=A%3ADAD_20260918_G%3ANHA__1-0-0_ECO___1611049017&pt=AAAA.AAAADFxUozs17dNEOHppsg1Llrw8SywiUIyFz%2FyhYPftt%2FjRXbuvFlwavMJ%2BRyXH4kS1sw%2Bjc7ZroDfepqmWxNrXhUmiTzJAKR6RvH8Nzzrn5DihmmpQcSFEbqT%2BUbvB%2BXTE7dSDoen0xdB74Slm1fSiPfgYnX4zdKeKmaJONQqstL960ARvRwY9SVREvYVFOIgSczcbWLMrHW1oPLSp6nbV39jTVjRcxMSwdTSQRpcH6x8akrOAR9yPr9KT8pLu6FTQHznsVPYi7qtbISTo8bjdJYIaeSvHTGiut5phcMcwRc07OaCQ15FF0C6c6h4iagl4qy06IUxC2PlLzHhcb4uB2CVBCfZ0fWnLkNstD3TnqNZNvndgGgkSLX50lmmfm2jP1uAohY%2FofWTAmVp1CjU%3D&ptyp=4
332801501,A:DAD_20260918_G:NHA__1-0-0_ECO___412770569,2026-09-18,Economy,Vietnam Airlines,VN,113,VN 113,Da Nang,DAD,Da Nang International Airport,Terminal 1,Nha Trang,CXR,Cam Ranh International Airport,Terminal 1,2026-09-18T09:55,2026-09-18T13:35,3h 40m,1,False,3354847,5588,3360435,False,https://www.agoda.com/en-us/packages/book?cid=1753802&pk=A%3ADAD_20260918_G%3ANHA__1-0-0_ECO___412770569&pt=AAAA.AAAADFcshrVaLvnw8iLixTre%2BVezEE8D4sMkNVKz3Xs4NbEIhBvv6H9L6Mqf8q3pIl8JS4oq3goHqDfmpUsnn%2FEbB1jlsiOckf9aJbp7fc%2FjxZQs3FSgDrhvJiJvzZELKBjpWCclbKaS5u3brwlDkyX86crtQkkjlNcbIk4WbTS75uyk2m870OUmEwbwMeTasvadumZn5zHH0k9SjNWnbmlh12xNKoWb1y4gigf2ycvEbYvfG%2FlmeoebO10fblhUAOUQQAXKmkqAsxXk1vdBlmE%2BZZEJSBGgQJ6%2B1bGq%2BGV6oko213Issqri45sA3qWnUhihSKUQn2dYsFn35ivaDZU2Ck9utW57G0b2a3GGG2Ieea6q0xZlNQ%3D%3D&ptyp=4
1759796923,A:DAD_20260918_G:NHA__1-0-0_ECO___1853250329,2026-09-18,Economy,Vietnam Airlines,VN,113,VN 113,Da Nang,DAD,Da Nang International Airport,Terminal 1,Nha Trang,CXR,Cam Ranh International Airport,Terminal 1,2026-09-18T09:55,2026-09-18T14:05,4h 10m,1,False,3398811,5661,3404472,False,https://www.agoda.com/en-us/packages/book?cid=1753802&pk=A%3ADAD_20260918_G%3ANHA__1-0-0_ECO___1853250329&pt=AAAA.AAAADGw5OendcYOmRet1tK9W0hVYGjmHSlgrE6bk95bh0%2BgV6unonhss9C2YStLRFhlxxekD%2FcKsPGPV94LHcwo707lV0C3tgxS0gfDNS9z%2BpnedNYyZ0bnp6LVILO4VCIxtxXZmnsZgJ1%2FGzU1kp%2FDUD5iCrJNnpi4qPUptA9JY%2B2Y9QxNV9aLKlXQP7mDcME6LHh2CiWRAtBdgGtuG5sMwpYizR%2FpogpC0Wayuo0thd4HWjeeynbpGAWWUs84W9zooryhbP8119BRqdy4QPUOM6E34BwRmyW%2BlnUxd65hnmCGsscmE7rf9t6eXddjLV0H6OxUF%2BO6sTtiTMQU%2FRZJnjJPhUwxypc4zVkhfLc70sPaZCgleeCPvPGckVoKY&ptyp=4
1243851707,A:DAD_20260918_G:NHA__1-0-0_ECO___133147943,2026-09-18,Economy,VietJet Air,VJ,627,VJ 627,Da Nang,DAD,Da Nang International Airport,Terminal 1,Nha Trang,CXR,Cam Ranh International Airport,Terminal 1,2026-09-18T08:55,2026-09-18T15:35,6h 40m,1,False,3649546,0,3649546,False,https://www.agoda.com/en-us/packages/book?cid=1753802&pk=A%3ADAD_20260918_G%3ANHA__1-0-0_ECO___133147943&pt=AAAA.AAAADCQPs2Bpp0ojAgHgnHXrHk6mw6QWt9QuoOcUCzHUlFdvSuuQHkun779LtJrE68fssPA546ChQ8F1uzXFBHyZSlZWxFKhuzrSVvx0Kwbw7E3OONs%2FxrkcYGk8cPaWxSrpdjAZnNnGZY8XWvMKKgkD%2Fq%2B0p5U8XRyYrfspEDupO%2FoSI2ib%2Boe69Sb6JwsOxh2GS23r%2Byzgb8ijXf5rPJyfGmRBuzYNYxAiGIwdrgKtmFr562AJT3JltYkUuhGbSByErUsAne3hXKmY4JJuow3N0n8%2B317A3CLzm4IrTV%2BVqS6MNSfJlyvIAy%2BLo7yHJiPp7haL19jHle%2FhXU1vC5uq5Vg5dUyxXFh07Lk%2FcetEYifN52Emo2s6yamQSNPVT7feLK5DYPzp%2FkNobA%3D%3D&ptyp=4
176502614,A:DAD_20260918_G:NHA__1-0-0_ECO___600068988,2026-09-18,Economy,VietJet Air,VJ,639,VJ 639,Da Nang,DAD,Da Nang International Airport,Terminal 1,Nha Trang,CXR,Cam Ranh International Airport,Terminal 1,2026-09-18T17:05,2026-09-19T15:35,22h 30m,1,False,3649546,0,3649546,False,https://www.agoda.com/en-us/packages/book?cid=1753802&pk=A%3ADAD_20260918_G%3ANHA__1-0-0_ECO___600068988&pt=AAAA.AAAADF3ZGBqm8ug%2FMov8K9Z9kxt0DvYIHo8rqRr3Ql1YNLkOJOCoNFse9LSNIa%2FBfGaa1totsGHB%2BKSWMfMLpwgICbJuB54rR2VLseEOWb6tmXa8QmJ%2Bm5msM3nZq4uqX%2Fe8nIg0Fd2dCdhtjSA%2Fy2aRwoBMXzOcOdvwEDFc0ukGKx0Wdjz%2Bah2%2FEMGkvOCYvvoTDnyU52BmEjEpZrvAgEul9Bzqegcv8xN9pQ7l41JN7zqsZxEOD%2FRKohrrrYRrU6tZW5gKMPfHJPesURfX%2Fc16c3amM89no50cJZ%2BOGRRHC11i3aDQvP7eoMCi%2B4wJsqJY6NdTJW6s5unjxZJB6kVkeL6%2FGvGnSMOD1RoC9ynuv2KCNHi%2FJBR73ynw1bxFX9cujUMjXMo7j%2Fep&ptyp=4
1418994822,A:DAD_20260918_G:NHA__1-0-0_ECO___1908665909,2026-09-18,Economy,VietJet Air,VJ,637,VJ 637,Da Nang,DAD,Da Nang International Airport,Terminal 1,Nha Trang,CXR,Cam Ranh International Airport,Terminal 1,2026-09-18T16:40,2026-09-19T15:35,22h 55m,1,False,3649546,0,3649546,False,https://www.agoda.com/en-us/packages/book?cid=1753802&pk=A%3ADAD_20260918_G%3ANHA__1-0-0_ECO___1908665909&pt=AAAA.AAAADDg18QrMZQjyoQPyShjH3zl0eRYZZ1mm2V7uQ3ivkTHBhW25BP3BEdfZO2gL6vusuVTuUjHP8iZ5%2BJje3Fal%2FJW5pPtR7QPPU8UMZ2JfMjXuVOh8mYszfRPO6hYduxUZZ%2F9VxDh6z3SViamu0HzQJynQ7WCJWkhaJsFhBNUVpiWmtGJsh4zieOmFufHKDq8MXOyXF%2B5LBubuU9GjJA4sUI4WRQejz8mCFyd4TJwsdErML03MeN335j4Cwqf4uQzXMuffnyQyjf2kxhjJ%2FvKPZ4uiXFx7rDTO3vs9ysQ2mTyCIetD7X94l%2BT8lsRNR1Kvqv%2Br8JUnA88F3A5AsJkdoG8OntyDnyoGc%2FhEthp8U3FtLJ%2BswPLKuIzh9KD8TB8y%2BnB9cWo%2Bal9%2B0Q%3D%3D&ptyp=4
371270333,A:DAD_20260918_G:NHA__1-0-0_ECO___999887574,2026-09-18,Economy,VietJet Air,VJ,625,VJ 625,Da Nang,DAD,Da Nang International Airport,Terminal 1,Nha Trang,CXR,Cam Ranh International Airport,Terminal 1,2026-09-18T07:10,2026-09-18T15:35,8h 25m,1,False,3841217,0,3841217,False,https://www.agoda.com/en-us/packages/book?cid=1753802&pk=A%3ADAD_20260918_G%3ANHA__1-0-0_ECO___999887574&pt=AAAA.AAAADKjCfl9BuHFbsvLdiTMJGBQa6K%2BcYC5y6egkBzuRDmngtufEyl5tkIKXfs6by%2F4P2FskyVPN%2Bqb%2BHgbDNx3dXcyhiJ%2FVcviLPAc1iSUSXuvoGNp784kHkgr%2BpdYQWA8tOQc53YcRaSwtDAKE2jnoXyO3U3mZ2Q2VBEbjt9EdpayjpK5Z9TYmvBMFt%2FrL5Pk44WZs7TS7z2ryQz6Y1IHDVjoJQpZgoNWkMQ4El%2FY3eo%2BcFEAxTe5lo%2BZegNJb2w2Tb3wlx06qTD9N3fQ42OFHlEFTx2D4UvwcOkZPApgS4JfCGdqVI0E1242iMa9s5GkKLK%2FLOT0R2e2SQZDMMViprWHbIBwGiRjCoZ3CccbZD2rd6k2jCNF4%2BfZUIcRSE8bFcaC4yJ4BFlU%3D&ptyp=4
938199924,A:DAD_20260918_G:NHA__1-0-0_ECO___366918099,2026-09-18,Economy,VietJet Air,VJ,633,VJ 633,Da Nang,DAD,Da Nang International Airport,Terminal 1,Nha Trang,CXR,Cam Ranh International Airport,Terminal 1,2026-09-18T14:50,2026-09-19T15:35,24h 45m,1,False,3841217,0,3841217,False,https://www.agoda.com/en-us/packages/book?cid=1753802&pk=A%3ADAD_20260918_G%3ANHA__1-0-0_ECO___366918099&pt=AAAA.AAAADMQEdH5%2FbsTtLUBRex84ncK4FefjQ3ACVPJnFGtY65SJWMG1i%2FxZ01DaLSgX1PDSyUWW%2BTeesTLHMc6zly4xfbawOTEic%2F9gxcWpJSVisZf4e7vQy0X8ScC635sSjYz8Q69l7MPL9IvTnXVYpWh3%2BGEcSb5Ru032Qa8fvBMvmaYy9l%2BzKtiIoXUDo9PzohTxhLG4eIXY0hI%2BlCtQLq6iqpGNk98XgOzEqitSewMG4hkpUIEQvk%2BXwT4SmM%2BgpbcAvk3iHK3%2FA%2Bzsh76VejsKvKPC%2B57Qnq1618GVbMKsnJxYoDzju1SWgTLVNz%2F8RoLFK0WCTItGfIg88Erm1WTihjUXfHOQEUNZ1Z30qKWnl9YE7gSPy72QObtAYoPuVjdmOb%2B7kpJnnG0P&ptyp=4
603291499,A:DAD_20260918_G:NHA__1-0-0_ECO___462870665,2026-09-18,Economy,VietJet Air,VJ,629,VJ 629,Da Nang,DAD,Da Nang International Airport,Terminal 1,Nha Trang,CXR,Cam Ranh International Airport,Terminal 1,2026-09-18T10:50,2026-09-18T15:35,4h 45m,1,False,3949284,0,3949284,False,https://www.agoda.com/en-us/packages/book?cid=1753802&pk=A%3ADAD_20260918_G%3ANHA__1-0-0_ECO___462870665&pt=AAAA.AAAADJBQmYLwXvfbK9VfESupLF9N2n74gyXHslCpMjcdnN2YI0A4ZObeht749NL9DDyVnhb7cZ0LaVoP6wDZi0tFH62vjkxXlb9hOhoRGBzDASTPKkABCEPHArNcfQqgSIKe4TLxTcXa4%2BJtWNZPJiZH%2B0E37srlLGJG8ukt2Jl2sAtIrymjk0btp%2BzIKIUfs2qjBbSHOCyUsTj5rFQJe7%2FevFzki2ewrObPWcVeq8RMwu39oW%2FYfN8%2BqCvBD6%2BX%2FXzO0zpA2yGjFxZtIR7Pghu0EnOUL3NCCIlhghaBDvffFlFhfbJZ7dTvx4ZxMrZqhMtbH0uYqXFR%2B2LHjv1Md745tTntMp5Hxy5Ale3yLkVa7TCQF4YmWTlSHow%2B%2FbFhwZiy0M%2B%2B04T8jEDi&ptyp=4
1682013964,A:DAD_20260918_G:NHA__1-0-0_ECO___1223206357,2026-09-18,Economy,VietJet Air,VJ,1504,VJ 1504,Da Nang,DAD,Da Nang International Airport,Terminal 1,Nha Trang,CXR,Cam Ranh International Airport,Terminal 1,2026-09-18T12:40,2026-09-18T18:15,5h 35m,1,False,3949284,0,3949284,False,https://www.agoda.com/en-us/packages/book?cid=1753802&pk=A%3ADAD_20260918_G%3ANHA__1-0-0_ECO___1223206357&pt=AAAA.AAAADDLrs5xhxdkGcBpcCTrO3sLmsp5GLMlYfe9KQuF6oOQfr%2Fu1of3B%2BDJUfQTJIlONp3HYWNIRHVAM2CpSeghojhBu3tTFE4xExPpQinmdm%2B0T4ZowY65BGM%2BvcGP%2BYeVuPFpe7VaPzsyXMiTWhl7U2cKE0XEHDo3yfUSdNRS5q8jWx6%2BKk5JvHjl74360YL5kg7JULtWPvb8ksWzToN7PjjQtd26U71G9BAqen9cMPvMUFS5Ryt7PlbQ0UWyY5IE87Kd2xQUPCilkjQ%2B%2Foqtdmc%2B%2FAW7FeZXwezm%2BavAgMwsZOex6l43WtCGRokqTQqNfPkeTg5sUBEjRIbJAC3DT7Qk7Xl5wFSA4IFb%2BpN70gWlHXQWm3eER65%2FeTqUIAo39AtnrpWw02MoZEA%3D%3D&ptyp=4
1347368980,A:DAD_20260918_G:NHA__1-0-0_ECO___409772534,2026-09-18,Economy,VietJet Air,VJ,524,VJ 524,Da Nang,DAD,Da Nang International Airport,Terminal 1,Nha Trang,CXR,Cam Ranh International Airport,Terminal 1,2026-09-18T09:20,2026-09-18T14:55,5h 35m,1,False,3949284,0,3949284,False,https://www.agoda.com/en-us/packages/book?cid=1753802&pk=A%3ADAD_20260918_G%3ANHA__1-0-0_ECO___409772534&pt=AAAA.AAAADAIMLdY35oZnMjC6H4ect%2FAee6DEoKhUIqudbCfA6BvprCTayXOH0Ebdjwq90B5aVZaciEfEVB5dTG62%2FZ%2BBaRDmquwLkks0jlfetZsYTvstdi6XYwWfPW6Jd%2FKDXTa44DkrhLtum8ihwduvyWElF66Vu20aCLOTJkANoQCREX53GzGnTlljyTR7j5eqet1YDqrKVGy%2B0%2FsAYpsN8uz%2FCwJW923v3jR0yTAcQYMG6vZ10SMYecutZVF%2FFiVlZBw7M72xcOABqYtGeY%2BskPi8J1MqKew%2BbiNOn8kH5S4cfsnHRKmaCGrlotiWEhsD45UaBkDcq1RImtmOsGctPok8na8mj%2B9%2FteeqO%2BahbfYuQwEqq6fMyl6xrpC87uQq5diLKNJeg5XDStly&ptyp=4
767323046,A:DAD_20260918_G:NHA__1-0-0_ECO___1703071597,2026-09-18,Economy,VietJet Air,VJ,1643,VJ 1643,Da Nang,DAD,Da Nang International Airport,Terminal 1,Nha Trang,CXR,Cam Ranh International Airport,Terminal 1,2026-09-18T06:50,2026-09-18T15:35,8h 45m,1,False,3949284,0,3949284,False,https://www.agoda.com/en-us/packages/book?cid=1753802&pk=A%3ADAD_20260918_G%3ANHA__1-0-0_ECO___1703071597&pt=AAAA.AAAADLbojzLx64kCM29wqmSMahv0%2FHWvOwXsCQ0Lh1XD%2BW0BXVm8X3n%2FtW2BRUcpFst71K8wrxsTHgb%2B%2FhfjrcK6duejwq6qLiH9rpjPosWtvjNg2fgH%2B9hkr8Syax1Fh%2FdJmsP4gmNErdTLu6eXUo%2F8AfZMJfiCGcrOorTmzRKSp1aUoDOsK%2Byg10Ge%2FKVHMfcR7jxcpV2vCPUWZ2vNHi8L3yAcKi14BVNujHXb%2BkAPdgwzulfV475iSQvicUgGOhjX3DLfQ97UbtNoJcdSYKAnVDvQFxHielyr1Y8kjyro%2BSAur8LprOs4NoBdn4vQvQctkeTqOuuID%2B5j8ro2BoAYwv84zb6vTGz2QuOJq0wbcrkJx3AhgwjiRmUky3%2FbQWYeASGav6xgR8Bb&ptyp=4
2121258704,A:DAD_20260918_G:NHA__1-0-0_ECO___1308723519,2026-09-18,Economy,VietJet Air,VJ,520,VJ 520,Da Nang,DAD,Da Nang International Airport,Terminal 1,Nha Trang,CXR,Cam Ranh International Airport,Terminal 1,2026-09-18T19:35,2026-09-19T17:50,22h 15m,1,False,3949284,0,3949284,False,https://www.agoda.com/en-us/packages/book?cid=1753802&pk=A%3ADAD_20260918_G%3ANHA__1-0-0_ECO___1308723519&pt=AAAA.AAAADIAeCBm%2BB9kLAJOxrHn%2BMdrf%2FohF6nWDZ%2BOvhgwwQY346kTDNkfGjavNpzPlFy%2BinhtfqIcOGyhIbpz8fY781c1aCV4vmB3ez3yPnApmI02tqOJ10oG%2FTBjj%2F1YzbVgbKvsKklzMGe3gyPBJc639wTNY03fw1Mk0kzXaFCbwvDEXv3XLxJgrWNZ5pkioeouaIhos3cd7Pn4BWTBFw%2BY7loBSw4G94xdCGQHnSIzhUL1YTQblFc9RZS%2FvXm1awZlfY%2Fo3Gc3XXWuO7XsAnjm0v%2FXCNEBhNRGZLVjGvQO7wmTLFPVtzdJsGqrI%2FaP%2BRLSXmNdirVdxfsCxQIyQWLsvrl%2BAUWeEAo1EdHnRHyLc3RolOssmfsqLGgpTUsXL6g2aNEiU8bBzVJC2Fkw%3D&ptyp=4
1187834244,A:DAD_20260918_G:NHA__1-0-0_ECO___3961787,2026-09-18,Economy,VietJet Air,VJ,520,VJ 520,Da Nang,DAD,Da Nang International Airport,Terminal 1,Nha Trang,CXR,Cam Ranh International Airport,Terminal 1,2026-09-18T19:35,2026-09-19T20:05,24h 30m,1,False,3949284,0,3949284,False,https://www.agoda.com/en-us/packages/book?cid=1753802&pk=A%3ADAD_20260918_G%3ANHA__1-0-0_ECO___3961787&pt=AAAA.AAAADD0SRuHRvpKWpEn8hQ58ueLx8kLcBdcBdmqqww8CkuybO5epApO7SALLcfq60eW1qTeZlCfFL6P6i9MZItNckT0hsrPt9fxE9CnUssqRi%2FOaUOu5ofnOsGhKNhsqQbSZ8h8Cuc7oLdmlrvGJGE9%2FNZq9bqAis%2FO4VZbvubv5ald4QOzhtUYw4%2FoqcOY1jjmvadtncrrApYyv1sDaeJ7dPOc8%2FEbMIQ2I1diRdb%2FYa8q4yCkcM96I3C7YLUozVo0r9xj9VSgl%2BBEwiqcUpwUQFL4Lll33VUK3owsAXWAFeGuo6kdAkZP4FYkjxhcO%2B16bd7fw5DbTmNQtk5byk1H4VmIIN5%2F1VgvB7wBBy4FXWspXpYBvQ9rBYhYE0JJUUgofcLEI%2F2%2B3OQ%3D%3D&ptyp=4
2069318068,A:DAD_20260918_G:NHA__1-0-0_ECO___707123472,2026-09-18,Economy,VietJet Air,VJ,520,VJ 520,Da Nang,DAD,Da Nang International Airport,Terminal 1,Nha Trang,CXR,Cam Ranh International Airport,Terminal 1,2026-09-18T19:35,2026-09-19T13:35,18h 0m,1,False,4057351,0,4057351,False,https://www.agoda.com/en-us/packages/book?cid=1753802&pk=A%3ADAD_20260918_G%3ANHA__1-0-0_ECO___707123472&pt=AAAA.AAAADCmsYBi9Vceu05w6ctxte1tjwCxAtyQQrUlwBenoaHQv6E9MiNjE4ksSkrSs2f6jp4Nfb43VTNDl6VCAUj0ZQwgudkX%2B4rQGePXePWmFvTxRhtbk72Eyyj9ZL8Xn9EjLd3jwes7NpTBPQnfCsXbVpfNdQ9OthAusc0YqSAFsd65gSEpDMRMd1BFQ%2BkEWB0%2BJ9hSWa%2Fc1v8WoiczDqEfQ7Z4hbomBU21gYk9Bcy6PeouO%2FBTFQhLoyM29QZF7vo2fUtzYHSLE6A3%2FNzuYAmBwToiIfSuvquoPTUmyl3v8PgPjJngRWo%2F1mPfMy4avfytJH0GlTmwCRK4MVB9wAYyK3xRjot3lfNbY2qrLFBjm4LbHF7ggPCOrnkmiTnPe%2FLNkecvN6z7U9cdk&ptyp=4
803038755,A:DAD_20260918_G:NHA__1-0-0_ECO___1511053829,2026-09-18,Economy,VietJet Air,VJ,520,VJ 520,Da Nang,DAD,Da Nang International Airport,Terminal 1,Nha Trang,CXR,Cam Ranh International Airport,Terminal 1,2026-09-18T19:35,2026-09-19T14:55,19h 20m,1,False,4057351,0,4057351,False,https://www.agoda.com/en-us/packages/book?cid=1753802&pk=A%3ADAD_20260918_G%3ANHA__1-0-0_ECO___1511053829&pt=AAAA.AAAADFVWgzgQ0qVfFM87WgkjDtVbFZTDCI2Pv4bba15GGeMx7Dp679dOqCAj9DS9SIxfisXombLusQfs%2BesOr275nWUkIkW5TfqN8LCRfGi0qwBwq4QF7uLWt7dWp9r%2FjkCQFnfl6B9Zbocs96rZFXGTfR7QGW2zIZKAYjEXfAQ8zEa2hJCNi86An0r8%2B0hKJAdIFlVBYjr8xDqBJKjpK6OESGxFxjQ9BPMs8XFGs%2F%2Fcs1yJB1%2FezvGpFy5M81pdY%2BbcNQFxVn8%2FpkZO0VJsErwDldR8UEeUzju%2BDDT8ycSwZLaaCo6TdRyl5hSncucqL69jxrrLShm93wAyW5MBBLOpn17X%2Furzx3YAg7kzCOtmN283uFl4x9wudlGCSw%2B4mZaCtHySFzvxb6ndnw%3D%3D&ptyp=4
311287246,A:DAD_20260918_G:NHA__1-0-0_ECO___1019299448,2026-09-18,Economy,VietJet Air,VJ,510,VJ 510,Da Nang,DAD,Da Nang International Airport,Terminal 1,Nha Trang,CXR,Cam Ranh International Airport,Terminal 1,2026-09-18T13:15,2026-09-19T13:35,24h 20m,1,False,4057351,0,4057351,False,https://www.agoda.com/en-us/packages/book?cid=1753802&pk=A%3ADAD_20260918_G%3ANHA__1-0-0_ECO___1019299448&pt=AAAA.AAAADHvWlbPxEaTbviMHZoDdMJKV%2BvIUtqb%2FeuyPNPN%2FX2lkSE%2F2k0ydLM52v508Y3vhaOd2qlypGb1tj8nJBtntNYA%2BgUj2dvRBSXxnVB5jqILDk2ERSThSgi6bxh%2F6Vvwe5K2s1ngW6sUkePr5QYxI4dGaPoycPm5Ga4mYLpKmne2wXuXKhMMtObvblexohqKtXGFGIEsbL4YtDLRFGv0wZs5svbLNA0O0sAyRGo2So6YCoX5OSupZQN4fEEjTVWKpDNqhfqehmd6Ntro%2FfFw3jvkCADGt0TSDKGLG%2BK1kE14PUFNCsYq9zSbPNnGNAlEcCGrWCD%2Fc7HpOoGMFVXMNkVY7XzjXSmHXtAPSBntId53XMkc32HWn5faiBS0QOOGTS2FkrFBafvjs&ptyp=4
30947495,A:DAD_20260918_G:NHA__1-0-0_ECO___521856653,2026-09-18,Economy,VietJet Air,VJ,1504,VJ 1504,Da Nang,DAD,Da Nang International Airport,Terminal 1,Nha Trang,CXR,Cam Ranh International Airport,Terminal 1,2026-09-18T12:40,2026-09-19T13:35,24h 55m,1,False,4057351,0,4057351,False,https://www.agoda.com/en-us/packages/book?cid=1753802&pk=A%3ADAD_20260918_G%3ANHA__1-0-0_ECO___521856653&pt=AAAA.AAAADL5tRl8ZmjtJSq%2F1MWJTZATuXArTwLXOlFhMn%2Fe6RQSWP02zlwujPkhlMAr0n6V7hJD0xrMfB4Q5YX43xcXBEXA%2Fjl5OnZfX9Xy7eweJApaXgvnh6HGtXsgA7FqxjoyU24hrcm8YQmtpBx9XiU33ctfh8dYSyfmIMZRWLfYbPaWEWmYGz6bEC2lxbkosuAhRsXCEMec7hIwGyAayzwcfFEuuxkdSKsdIa4UqbceKmje29oH30FoS6zeF1rPJ45A2ALrEefuxgfSpBIsU2SxOa27i%2FKob6BWsNVCFV1oWZbl7VD6QW2T3mLH5yLIfL1tGUnoFP%2FDBYxn7FXj8W6YqWBzod%2BEj7Ml7n0gB28P7mBDl1L%2FIwPwa%2B5wfGk%2BsJT%2B7qt4iWFJKX%2F0%3D&ptyp=4
416172449,A:DAD_20260918_G:NHA__1-0-0_ECO___1068542116,2026-09-18,Economy,VietJet Air,VJ,510,VJ 510,Da Nang,DAD,Da Nang International Airport,Terminal 1,Nha Trang,CXR,Cam Ranh International Airport,Terminal 1,2026-09-18T13:15,2026-09-19T14:55,25h 40m,1,False,4057351,0,4057351,False,https://www.agoda.com/en-us/packages/book?cid=1753802&pk=A%3ADAD_20260918_G%3ANHA__1-0-0_ECO___1068542116&pt=AAAA.AAAADGLtdkQUG%2FuuRb60%2BHeF9%2Bi%2BDTKUPsS1G503Ut6esqUN1xMjHlc%2BDZ%2B4R55RQc%2FTxh4QLK85iE6DUwCEp4ZMiaWgpgnOxZz25Y7Z9ryCOEL5hCxmVPegpnIW%2Bs6d7pbCX6mKj%2Fcy%2FNqCSaTq7Vx%2FTUE%2BP4M%2FJO5t6yeYcSOOE4MBG7MzY%2BQOc1wDg2L4kGsTvb%2FhCe41tkQ%2BMMoSBjjjgXO7IyppEN550z7ne%2FGj8BCnBEQpUluSrQCW00C6LhFZYLVDZBYkf9aJLrMAMk9pVtx1rosKKCMT3I1U6C9B6rk74UqdA%2FDnjTfvmtQHSywz%2BWu5c5PGRaaBM4vgbg%2B%2FCSOHWLnsvEEGBpTDPF4n%2F6871k5bpWnZTTbq4PEnNthxC%2BiyJQiu4gkzpA%3D%3D&ptyp=4
481841336,A:DAD_20260918_A:DLI__1-0-0_ECO___1954112367,2026-09-18,Economy,Vietnam Airlines,VN,1955,VN 1955,Da Nang,DAD,Da Nang International Airport,Terminal 1,Dalat,DLI,Lien Khuong Airport,,2026-09-18T06:05,2026-09-18T07:15,1h 10m,0,True,2680539,39889,2720428,False,https://www.agoda.com/en-us/packages/book?cid=1753802&pk=A%3ADAD_20260918_A%3ADLI__1-0-0_ECO___1954112367&pt=AAAA.AAAADDTXsoqEcfXnrYQP5zOafiS2Nnuic99FGOiklD%2FpuenOhRupTfBgyTdhBWiAiAdk893nKjoEpXwkCjHZMU2f2tQw45iBEIRQm0MG6hyLHrkdHNOHCNFdPbxUWx2NGTZGXLvOgGPpe2M%2FdvXrQHFSuv9gY4a1TLpKEJLk%2FZC%2F8FO4GxribrDL1%2B%2FubFz4GVkB3YVC%2FAA6eomlUfy44f%2BwdWi4WBn%2BGa6RgBv1deqJGYR3zo7SPJc3Lq2WDK99sncD0%2F%2FZxpPtH9yBIqSS0uGGBf1meLqzyyPW9QjmYH6MymLi4acMfDA0apd5yL9axYMHGQQRJUP0poDLepvIHjwOk3yzST8v%2FzXb%2Fe0cbGA%3D&ptyp=4
2031802822,A:DAD_20260918_A:DLI__1-0-0_ECO___1445526410,2026-09-18,Economy,Vietnam Airlines,VN,1441,VN 1441,Da Nang,DAD,Da Nang International Airport,Terminal 1,Dalat,DLI,Lien Khuong Airport,,2026-09-18T13:45,2026-09-19T09:20,19h 35m,1,False,3329570,49547,3379117,False,https://www.agoda.com/en-us/packages/book?cid=1753802&pk=A%3ADAD_20260918_A%3ADLI__1-0-0_ECO___1445526410&pt=AAAA.AAAADILQhsiuv8lLdf8XtzPLDum0%2FhcbDKmSbObnhm51Zk9RhFGB6EpEgCTB%2FgXUL9Lbn000lAoTJuStuKnJfdPprWD5lGk3NWjb0vvGCGIYRFTUXAwIV%2FpPPP55NiIu2LasP3J51%2FUSGss%2BkNOaxi0wyGUqg13%2FpTA%2BDJWp2dZE6%2F1u6BFRYN1vB7Ukk%2B%2FsnXEt0qMlg2zU%2FCIwdWy77PSu8J%2BOZHmAtbIJO0HnylZP4sozcph5E2V%2FNEahiPzF2IkDhatiMnP1%2BE5WoDAnYJQM4%2BUGzidUyA5rz8CtO2nTe46JyagDHJXkr4UAlNiR4vDdqD1opr23dOT0fcij7Qoq5xBoapdZwCgsIhD4sMN50tPqbvhCqt9UrYaY3V0%3D&ptyp=4
868517081,A:DAD_20260918_A:DLI__1-0-0_ECO___54515766,2026-09-18,Economy,Vietnam Airlines,VN,6070,VN 6070,Da Nang,DAD,Da Nang International Airport,Terminal 1,Dalat,DLI,Lien Khuong Airport,,2026-09-18T20:25,2026-09-19T13:25,17h 0m,1,False,5834888,0,5834888,False,https://www.agoda.com/en-us/packages/book?cid=1753802&pk=A%3ADAD_20260918_A%3ADLI__1-0-0_ECO___54515766&pt=AAAA.AAAADAJuWPBxC09rKZfFh%2B03S7w1WkCTPHK5OWqUkcA7iccP%2FFsXG4mq9%2FqVrSTy6TaeLH2LV5AU%2B59GrxKcSaLDgzWYzA%2BMX4%2BFc29dtOaSDrv1iuCguwM15NGjoiEZbQvrOG93vTDe6U6F9pKnszPXkEKJTpWbamlPAAucBbRQ2FIlzyFSulMKRQ%2FlUA0YlMpQ5RFLwE18mCIwfzz8995iXec8HIc8Hh9coen6jbCbsRWQiM%2Bl7Xj%2FjM9SLPVLE7SkM2YqMRt7eImmooePD2uzu4dVNRJhyRH6kq9TjStxpw4sz8%2FmdtD7UzVPtg2no06qI43BxHUfkiAwhiYvB3xlxJwvlscbl5GdyFO44%2BWV%2B16ZHRtUn2kc&ptyp=4
1218605659,A:DAD_20260918_A:DLI__1-0-0_ECO___728859916,2026-09-18,Economy,Vietnam Airlines,VN,119,VN 119,Da Nang,DAD,Da Nang International Airport,Terminal 1,Dalat,DLI,Lien Khuong Airport,,2026-09-18T11:00,2026-09-18T15:00,4h 0m,1,False,6409433,0,6409433,False,https://www.agoda.com/en-us/packages/book?cid=1753802&pk=A%3ADAD_20260918_A%3ADLI__1-0-0_ECO___728859916&pt=AAAA.AAAADMvn%2BewkVdnmzbw%2BgbFYjyXeP7PZywDolsYDHBa1vUicxSABYtNzswG6496pvpIactncKT5q8K8tET18GrEL%2FuQdkepoYwCT8kz1NickdSJQUfbK1AKwlElHTqGar3KHKFdEq19zR35mMcUqGqDsA%2F0wNq3b3yHdnuggvFbNmRmuUnll5bSxqOEsf4TaPX0nOkYBP1by%2BwerEnFwpTx3b19E1quyZWwUoGa%2BlcPW%2BeqnMjsibDwsH%2FOT%2F0gLCzts5JI4qtE%2B1fQ3mX7q7nismWBYOrkmpu8JEVx50kMkx9%2Bi1rUc5%2B9xBiHSDTpxnvA34%2BuGuSLl8HP48p46gXXdMSVmM8G%2FNBaslkIq5tgJ4pGaQ94MIDEhMV0%3D&ptyp=4
894451612,A:DAD_20260918_A:DLI__1-0-0_ECO___139392160,2026-09-18,Economy,Vietnam Airlines,VN,113,VN 113,Da Nang,DAD,Da Nang International Airport,Terminal 1,Dalat,DLI,Lien Khuong Airport,,2026-09-18T09:55,2026-09-18T15:00,5h 5m,1,False,6409433,0,6409433,False,https://www.agoda.com/en-us/packages/book?cid=1753802&pk=A%3ADAD_20260918_A%3ADLI__1-0-0_ECO___139392160&pt=AAAA.AAAADKRmLb%2FxZC9cQlKPx6VvhzL6Jzt%2BxWxHPsPVvOga7jual4k597BBG9LDNBadGr7Moa0PuhNZJs6tUFBvFLCBMqcwtkYxb2qLjeZQB5fRIB2bHZTFh81IOnMz%2BJbXctWq4kTHJQq6Ghe5m%2F5jyZfOvOU0HlGMHv40k60yTKkb6hsgM1admrKzCtxOtrBf7VN0rWYo8qDaP75FolBymmJXLqhMXaeZtqETuA1cZ5S2a%2BCnSots%2FR7gmcak7skcjonkwX6A9w%2Fj7lFnKvOt4PQrcK1EIgJ9ijXoYr7uqbJHgHw%2FKGJ7zIdmVmsNPIEDRFsEFc%2FKcqRqsG5QgF7gfgHxED4KqAVCOzGpBlgUuFRmeG8MXIIFMjSQ&ptyp=4
1731654883,A:DAD_20260918_A:DLI__1-0-0_ECO___1014214134,2026-09-18,Economy,Vietnam Airlines,VN,119,VN 119,Da Nang,DAD,Da Nang International Airport,Terminal 1,Dalat,DLI,Lien Khuong Airport,,2026-09-18T11:00,2026-09-18T18:25,7h 25m,1,False,6409433,0,6409433,False,https://www.agoda.com/en-us/packages/book?cid=1753802&pk=A%3ADAD_20260918_A%3ADLI__1-0-0_ECO___1014214134&pt=AAAA.AAAADCV%2FS%2BTky91Ibrb%2FYVjtBVTC2akYFtje6sIYxcAEycSB7E7KkEg%2BwOPP2qx2yJlC7IiFlN12j78FgL5gCmksPWL2UI9tF%2BvtdEOAsd4N2qnxGNIyfstXCYWsho6zCt6oycC0ZzN%2FbBkRrQUXM5PWkgyYwddn%2FJuQ6IXpcufzX2czWpr%2BkTDkTC%2BsbYlUJFuwWnKzT8Jg2LJYVEWIiXrJNs3Ylvzeern%2FiZg0rYMe78RSVf%2BSNJSZ1rqGIFrzGoOCyJ5h8NBiSmQczPzf94vuuY%2FDdpcpEo7tLWqrblbkk%2BBx9qqQret60Rd5NKyyKdipd4PYmsiWmJuSSGZ76dk%2FavKzMWc9ZTImOvhs7FHx93y2Dkzf25Oj4kSh&ptyp=4
1826270157,A:DAD_20260918_A:DLI__1-0-0_ECO___1313539632,2026-09-18,Economy,Vietnam Airlines,VN,188,VN 188,Da Nang,DAD,Da Nang International Airport,Terminal 1,Dalat,DLI,Lien Khuong Airport,,2026-09-18T19:25,2026-09-19T13:25,18h 0m,1,False,6409433,0,6409433,False,https://www.agoda.com/en-us/packages/book?cid=1753802&pk=A%3ADAD_20260918_A%3ADLI__1-0-0_ECO___1313539632&pt=AAAA.AAAADOiVkBRjMssxqfvWmTQz3Ap%2FYyJoxJeLBNRoc6bkGo6drwZdBMrb32jz3lzhOxIVcax8cOJZoNkGxBG%2FdRBop8NKEk22gtKfGWc0BGdg%2ByBxqkb0yDKYA6S4s92pfoTzxKk90KqY1scgmIpnozml1tFnYkZY6BB1KwUR%2BwMrr1o2XLOpFy2HzxKP%2BJURo1G9THFPPakhm45oUIBrJRxl%2BVEzvcCmignN3yzgihJWjsG7a5kPa5EhU%2F0q66ev%2BZDtYKwHddUruRsU3OgyrpEc8JMLlN%2FLxCCyppV%2ByFbM%2FwpDGKBGTLXFFH%2FGzvcditAAOFN4dQJwDx8oP7n90t0cofZ55qB9FVsVgTP4oy2N56A3o49kuPoElow7&ptyp=4
2128023939,A:DAD_20260918_A:DLI__1-0-0_ECO___568948892,2026-09-18,Economy,Vietnam Airlines,VN,6037,VN 6037,Da Nang,DAD,Da Nang International Airport,,Dalat,DLI,Lien Khuong Airport,,2026-09-18T13:50,2026-09-18T18:25,4h 35m,1,False,6648115,0,6648115,False,https://www.agoda.com/en-us/packages/book?cid=1753802&pk=A%3ADAD_20260918_A%3ADLI__1-0-0_ECO___568948892&pt=AAAA.AAAADG25wRehniBOEhCaap4neWu%2B7WuvtMGCUdUYbSg65eC2JH1dX1L9yFok2KHkLC%2BmNPIKF1t2HPDc9KevFIjBSPFIeunmn3xIK5MHbQ6N0s95y%2BtWCwtCd8AtN0lr1vkqtNgayx2D3nYmVqU376bE%2FCxtVIZ1D96jcLIioW4dn6JRn7zYqTCQzslhuk8mYpF%2BgH196epkDYRGw50BkHYaJYOIev25Iw8wc5UYTBNcsBG0uybzWrd5ZZEfBu%2BIHjMorA30fykpYItH589KVz26L0if03KwhNFm2h%2BNTZkJu2tKTIz%2FCdnn7PwQXROe9B%2FRg%2F1ZPKYkS%2FXsFedJLGjwAU3RmDxdc8dqmR9eYg1NLQQVSPwO6BUiB98NrkZJALY8xKQdWQ%3D%3D&ptyp=4
1360639944,A:DAD_20260918_A:DLI__1-0-0_ECO___1216220987,2026-09-18,Economy,Vietnam Airlines,VN,7196,VN 7196,Da Nang,DAD,Da Nang International Airport,Terminal 1,Dalat,DLI,Lien Khuong Airport,,2026-09-18T20:30,2026-09-19T13:25,16h 55m,1,False,6984245,0,6984245,False,https://www.agoda.com/en-us/packages/book?cid=1753802&pk=A%3ADAD_20260918_A%3ADLI__1-0-0_ECO___1216220987&pt=AAAA.AAAADJ%2Bu3ipmxKpXNnmqS%2FOapTmU3UUeDPBWZGEWqYhw1XPCc%2FYU4mwZ333CS2517Mt%2Ff40WPtS7COgmsWXx%2FkkrcD2laLP3djdkF9oK%2Fhn9veHGLVLYPvdwZG8w7mks79YacMnEAImM5EQHzmTtG845SPmJIE4Cdx0aAP09MaVfzA3sbo782KEhNS%2BD829OkfaBkeU1kv0GPXkJ1CKJOtLSz5lYt2FjeoxQIM%2B3MBHh%2BwAmtt%2B1doI1xQ2TQau3XE2%2BUzlVGwkPALtk8O%2F3vrAb4UahgC92kSwaJa5LFTbz5SbRFv%2Frd5PhGj6bCgjfn8zToilffjIAsXCDYPnOwCRgp33I6YqpNUeWv1v6luSj5bPAcXv%2BlF0ZAblK&ptyp=4
572281072,A:DAD_20260918_A:DLI__1-0-0_ECO___59599997,2026-09-18,Economy,VietJet Air,VJ,524,VJ 524,Da Nang,DAD,Da Nang International Airport,Terminal 1,Dalat,DLI,Lien Khuong Airport,,2026-09-18T09:20,2026-09-18T15:50,6h 30m,1,False,7124907,0,7124907,False,https://www.agoda.com/en-us/packages/book?cid=1753802&pk=A%3ADAD_20260918_A%3ADLI__1-0-0_ECO___59599997&pt=AAAA.AAAADOplDjkdE%2BB1K95Lm6WGpcqy1IqizmdoXFgEsKHBjsip0usUmYoBY2pJtasDVttP35ZspwcOk2Z0PADeMBWhstfENrYuXG0N%2B6B1KuF0SvMSoYyEtDvIYEWJFWf73Mg2gJI%2BTDeU5VsHfPHvWfaXwpqc3fgRZ%2BrGGYZbyftC3yc3de33c%2F4rzm%2BcTgJpPwh96imBzs2mpb4QdmQ3Kuqhmy6uvuE4OPjbKyz2kJpsyJfYUqI1XmjXhD6MuMWLW1T8bgPrQjrA6qChN47ZwBGhLr49HVsT7nDsXbudYZz%2F2%2B5LejRHyDRv5wnztOKGoekIr%2FbmO0brmaq79LLn8%2FF1xbrURertxn8puDOsV%2Fg3b7wkvhnj6CweGT2hxU%2Br0sjobHArA4M5&ptyp=4
2010896333,A:DAD_20260918_A:DLI__1-0-0_ECO___1735307301,2026-09-18,Economy,VietJet Air,VJ,631,VJ 631,Da Nang,DAD,Da Nang International Airport,Terminal 1,Dalat,DLI,Lien Khuong Airport,,2026-09-18T23:00,2026-09-19T07:05,8h 5m,1,False,7124907,0,7124907,False,https://www.agoda.com/en-us/packages/book?cid=1753802&pk=A%3ADAD_20260918_A%3ADLI__1-0-0_ECO___1735307301&pt=AAAA.AAAADAdzoiLAZtX1BVn8vhWE01e2akg05rXavq9A2heYcAXFpPeDNOXMH9ihfTWMiwwW2QUiiaNNd7F4HhLvtUURSJNg4iiNAnhaZkjgGD3ICcPwlwxXeDbH4febSFTfMUDHY678YR0raLuXZ12P%2FTtYKecRJ4NuH5adDaIJCOt4zBJlqNqkaPm2iuiGrkGzXPsMYYAunMKOR8wlFV0AXQVvih21oey5q8TbmH0bzWgwJHpDBOMj%2Foxo9zlQXn%2F6bEWU9BgTCC9OKo09CbheCmJgbpXYvNuaMe6LWQilUbxmWiaFcEC4pcKExYciMCTPNkQFRdCmg7yd7rnCrcce%2FfeeWP72%2BABeDgEBVRcXCTWiKM2a4AQSr6fNAKRVaXhnODtif6Hgg5BN9hM8rA%3D%3D&ptyp=4
897317949,A:DAD_20260918_A:DLI__1-0-0_ECO___1326263189,2026-09-18,Economy,VietJet Air,VJ,524,VJ 524,Da Nang,DAD,Da Nang International Airport,Terminal 1,Dalat,DLI,Lien Khuong Airport,,2026-09-18T09:20,2026-09-18T17:30,8h 10m,1,False,7124907,0,7124907,False,https://www.agoda.com/en-us/packages/book?cid=1753802&pk=A%3ADAD_20260918_A%3ADLI__1-0-0_ECO___1326263189&pt=AAAA.AAAADA9IZmvpZMdN%2FEhseybEJDlJN%2BkDn82BLFlpKwNIQdxxHlUNWXcuLvYcUWd8Akvj4gRoBhwQJCdEn54XxAO0J2M2rC%2BhdSfFIvZJQSymZN%2B%2F8kxlE4rN07Zin7SoATlq%2FCtGuTMdKda6gLa9UJPQaHikQv9dICb7%2B7Zu8RMluQfCCUTDc8FAWZ6kmP%2BrVhLUz7DV8x2LT8b797P07EBIY6Evc1ZmEpF4I76xG2JwgwbW2mYW9FMOlY%2FOndXIneXGS79TwAuXx%2Bp5xnFoA5cmI326l9EfV1Ug9l7cFGVlOG%2FoPbHITqgEcI1dS9SY%2Ftd4HHg7BspL5EAkp4gxDHEV4zZ3OqoMEEVWFDCTwxlAbMcs4mcFTBXLZEHn8jmHQPVim8fN6l7P6AM%3D&ptyp=4
167379300,A:DAD_20260918_A:DLI__1-0-0_ECO___1414890974,2026-09-18,Economy,Vietnam Airlines,VN,180,VN 180,Da Nang,DAD,Da Nang International Airport,Terminal 1,Dalat,DLI,Lien Khuong Airport,,2026-09-18T18:05,2026-09-19T13:25,19h 20m,1,False,7263241,0,7263241,False,https://www.agoda.com/en-us/packages/book?cid=1753802&pk=A%3ADAD_20260918_A%3ADLI__1-0-0_ECO___1414890974&pt=AAAA.AAAADLsl9LmJqdsjpl2EC7ixFB1MGmUE8UZEy9V1u5R0DthqBRPyKxe%2FhQrKRo5LmljqSM2ifHKdHiYe9UJ5PPkAIAtg38TGA8m%2BSmZ%2Bhs4%2BjigvfmoYD0XjOcw%2B4sbl8vTSsrZWPUQnDAW8TLTMH6Yj2rGkWuK3IPfxE7r2A0bdRyt2svIwybp81AvfI1YcAtqGLfc5NQacj3kjhKpjqz3k3tWyK0R3o8OkUDAhuCJYNutCk%2BXCAbMfg3KZeA%2FQnx9W4N79pnUHq8o9RG9LfIUzw2ueFpxU%2BHQTS8M3dYcTjfSqvyJNnp7OEJhsHnWoyEor3tDZhePI1LhymIoDmzmy%2BSK%2Bt1HSRqdZ3iQwHIQGrg0Ih9y2JyQ650I%3D&ptyp=4
592245478,A:DAD_20260918_A:DLI__1-0-0_ECO___1855032133,2026-09-18,Economy,VietJet Air,VJ,637,VJ 637,Da Nang,DAD,Da Nang International Airport,Terminal 1,Dalat,DLI,Lien Khuong Airport,,2026-09-18T16:40,2026-09-19T07:05,14h 25m,1,False,7331103,0,7331103,False,https://www.agoda.com/en-us/packages/book?cid=1753802&pk=A%3ADAD_20260918_A%3ADLI__1-0-0_ECO___1855032133&pt=AAAA.AAAADDnUBnkDDQqsrjhY4YFwDSxQfpJweUkCCH5x99bO%2BYZwfU30Hvu5oMZ4e1uu6c2wXJ77Bzpx6UxPMSpxg1%2Fl6b2sLvrpCMLvq8EA4a2yjnjJ%2BNrhUQVKBO5aWiGQXmMBOlmJv5cnDKgnMKpyS0VZcm28SjWSBHG51vX68dVaRlZ9JFgnIbxc%2BQGTJAg%2BO%2BnDqSkAluK0gdYs0TnRY6fcUxmX%2FpQTTR6c12i8TTW4CFkDfWK%2FKsGGzW7ItQaGTNtkP%2Byyj4XnaRHOkNJat3LXjolwr%2BVe%2Fn7Kyd515eML9oOcbKQnnmjrOHpAgyHnyIwD7IIfyxXZ2oqwbOBWndtgrClI7ZAEZkK8ELVLfExmXPzjSXyjO4sb3kp46o35Yfw%2BA%2BvKnpgBjBI%3D&ptyp=4
1876850533,A:DAD_20260918_A:DLI__1-0-0_ECO___760908900,2026-09-18,Economy,VietJet Air,VJ,631,VJ 631,Da Nang,DAD,Da Nang International Airport,Terminal 1,Dalat,DLI,Lien Khuong Airport,,2026-09-18T23:00,2026-09-19T15:30,16h 30m,1,False,7389045,0,7389045,False,https://www.agoda.com/en-us/packages/book?cid=1753802&pk=A%3ADAD_20260918_A%3ADLI__1-0-0_ECO___760908900&pt=AAAA.AAAADCb0%2BeZ6LVajdm39gRMYMavepKypTDc7QJ9hCuxIbFlEztTV%2F98znITm%2Fg3pWSZuaVKmTQTEI2EXMZVLqpqSSUobRbSvsBuTSPJDCXA2VW5%2FcvbqE0xLFbADiGC4YJrcPb3gr%2B8vQtePu%2FkmbvMQSQZSDDlYi3Pq%2FaGNpbxt%2FVidHVJJu4%2BU%2By0ksCFhtnypEWbxWlG92JJQX1nCFooOg2Fho0RA1yM8PgeIKQi5Uf4YM1UYMHzFDeE6zDAbFu7nM9NqvOeQhstP%2FRQ7SlXQtGWCgu6OooumUZ3jZHkVHBVX9vEAM%2B9AvSGrRDZtZM3G8hoMvKUR0ZPKDslF2iYFqJWOL%2FgLi9wwzu1Pi3ZoJdd7lwWsnksKtY%2FICPyp3owe07vDIowDRFnU&ptyp=4
1400638515,A:DAD_20260918_A:DLI__1-0-0_ECO___1237019569,2026-09-18,Economy,VietJet Air,VJ,645,VJ 645,Da Nang,DAD,Da Nang International Airport,Terminal 1,Dalat,DLI,Lien Khuong Airport,,2026-09-18T21:10,2026-09-19T07:05,9h 55m,1,False,7446986,0,7446986,False,https://www.agoda.com/en-us/packages/book?cid=1753802&pk=A%3ADAD_20260918_A%3ADLI__1-0-0_ECO___1237019569&pt=AAAA.AAAADBatYcnQBw8xFrb1nNpR2bg9EXUJc1PqqVJlywnSbnW1SvwjkhH2EP2UIyn%2F4nbr62p7WHc2wkITQs%2BuY4fyE%2BwdFa%2BFc5yx83akXu1RlHMdYYtaH5GkPBHyMQ9%2F%2B2X793MbUj3iY%2ByXp78gWgdx4Qw5QZ5HqsuZ%2FLZwf7EmiIyIUOsNkIdi8sMl9ZPnCJRs5mTzC%2FZFnxIJ0s5Ixs5W9K06GmUjHyZlZZgO9FFX9rWpk4fKFo8%2FG84XnQK9iu50w1z139lKvCarQdFChQ3kv1ndlT2kdjupX1G9e7BLvfhzdPf4%2BQwmqZlTqUr5VNX22cbzkkRx4F%2B34U5kMN1CrVkpPMin%2BEjpwzcRAZOjkFwGdE%2FuHFLfvExXh1YtFtDq6cBlii4ve%2FSZ&ptyp=4
586938239,A:DAD_20260918_A:DLI__1-0-0_ECO___1300673958,2026-09-18,Economy,VietJet Air,VJ,720,VJ 720,Da Nang,DAD,Da Nang International Airport,Terminal 1,Dalat,DLI,Lien Khuong Airport,,2026-09-18T09:30,2026-09-18T17:55,8h 25m,1,False,7595513,0,7595513,False,https://www.agoda.com/en-us/packages/book?cid=1753802&pk=A%3ADAD_20260918_A%3ADLI__1-0-0_ECO___1300673958&pt=AAAA.AAAADB94RG1sH3AUYYzTlJkThNL1tMwbUZ7lxVedRqPBgQr8RuYIfdIp1axxCtqw3y9Rgj1pwJogXRFR%2FdqHuVl7KqgPxDlh%2B8sUwdCYCVxJLCTKDYYzO%2BsOcqTyJy0RLMaTwgW6zrytXCa9EX%2Fd8b2aS8BvaI84PkbnVN3QcOPtXUbwguM7%2BtJfmstz6emPRlTDp2uUj8fqVHFng7R7ZPbwbStzfcVh6XXIqr%2FseZ8UaSLBlg9w29JxkvFbn%2Fp6Q4c1OkvD1G3DA15L5D8RVXAmVZfastCFHvQ3hiMVFmwj2IP%2FgBUvwjyphNaI6CJRcweOpymm0dOcyB9CwgAVZuKxpxvCQ%2BHpenSq%2FvrtBlThAefho7a1kwtauEWDuosuS4MLALlTmeDLfaSeuQ%3D%3D&ptyp=4
1851682311,A:DAD_20260918_A:DLI__1-0-0_ECO___888432880,2026-09-18,Economy,Vietnam Airlines,VN,113,VN 113,Da Nang,DAD,Da Nang International Airport,Terminal 1,Dalat,DLI,Lien Khuong Airport,,2026-09-18T09:55,2026-09-19T07:55,22h 0m,1,False,7690412,0,7690412,False,https://www.agoda.com/en-us/packages/book?cid=1753802&pk=A%3ADAD_20260918_A%3ADLI__1-0-0_ECO___888432880&pt=AAAA.AAAADA3daB1zgupNQbDMe%2B727AvljnnABt7athnfm0suHuqJG6k%2Bw6H0nH7QCteuP3MmXK44vil%2FjlV79BItrq2PD7kqV16FAohUP9kDtbKhhR3Aw9cXJLL360ph86VoivXML9KOVkowKoXQQcOTKQdMQvw7sQsyocxXGPzMZUH91o%2FTR%2FKsg3ADskOBKf%2BaMCCd%2Bgj%2FKdA29pdvQNNwp0K7VvHMZ9nAu2nFLaNZI3jyww71EjaZ8i6ZISuxTPRd1yuBgC5tbSxMglokj6TIUPR2PKEXQii%2FEdAwLJD0OjY1ogntv6GuDf7nDlgAmNjGnX%2FAKJ4em2K7W8gM3BoJkrOUYlj8xs%2BV1phyoW%2Fb4AAs8QYYkhKL0E%2B7QA%3D%3D&ptyp=4
1438102177,A:DAD_20260918_A:DLI__1-0-0_ECO___1882802538,2026-09-18,Economy,Vietnam Airlines,VN,178,VN 178,Da Nang,DAD,Da Nang International Airport,Terminal 1,Dalat,DLI,Lien Khuong Airport,,2026-09-18T18:10,2026-09-19T13:25,19h 15m,1,False,7883173,0,7883173,False,https://www.agoda.com/en-us/packages/book?cid=1753802&pk=A%3ADAD_20260918_A%3ADLI__1-0-0_ECO___1882802538&pt=AAAA.AAAADLXAs32tHbepjbc%2FwfE377QoleBCEHws4QyEOYF3CqpA8K%2BJusaECm8w%2FqLEWwK0%2Fpn0fs3vkBy9UhFutDvwUe5ZBaJGb7I7TQFrfEUcA7nw9I91nddrjmjnu8H%2F4EVk05gdFnUqqTwIolQ7wTEEm01RHS%2FGcX77Zv8DSPbJUZN4tR5iBiZrw9BKfDw61siaNaGI%2F9iz7poac65Oo%2FD5Gompo0Q8eKNh8NTYwXEA%2Fsasw8xiyw0RoW3Ga%2FUn57eOGaB17uOt644EYJGIYE%2BNamGUtrNr34YWH3KMhpKzS9%2B5RKzyILR8spX4EHc%2BAvPG3QE%2F9UyTLVu6qdMTzU%2FITmRmlaxQnBHxSzLOLz0IUQdiL8tciQQh2zgLidSGpsFpflqMSw%3D%3D&ptyp=4
1390338136,A:DAD_20260918_A:DLI__1-0-0_ECO___1773713728,2026-09-18,Economy,Vietnam Airlines,VN,7050,VN 7050,Da Nang,DAD,Da Nang International Airport,Terminal 1,Dalat,DLI,Lien Khuong Airport,,2026-09-18T06:05,2026-09-18T10:40,4h 35m,1,False,9218883,0,9218883,False,https://www.agoda.com/en-us/packages/book?cid=1753802&pk=A%3ADAD_20260918_A%3ADLI__1-0-0_ECO___1773713728&pt=AAAA.AAAADGHmg6wNJ5xhyXI3wfy3DMUW6WmT%2FkPexJik%2FQNWmibAp1zzpx1wI9O2an%2BhxJbRTfsJ3Nop%2Bw94kdL1ZzzDj70wNGPWZEHymsgvc6RsXtZw0S5iyYzpAfjemn2PmfQI%2FMoXhVPo0FOpcxoPpqVrvcvhZpFPaX4DsdGWC6O6wClrt5s5gYzh2aQYngwWw2i0L%2FCOWIDN%2B7pcBpee5CsvPvy0DyiV3gbkbVq2z2ft5ThJChgOuo6I5FgjI%2FBan9ZPXwyF%2FVYBOsyRu80lLLmEU%2FYh48Sq3gaJdlfVJaP1Yy328Tiya83SUzlTkxCiakMCkUAkqUgUcml5ameieyUymGpANR3XmUosIhpTZRIi%2B%2BrFD19TqIrHank%3D&ptyp=4
1804527606,A:DAD_20260918_A:DLI__1-0-0_BIZ___1954112367,2026-09-18,Business,Vietnam Airlines,VN,1955,VN 1955,Da Nang,DAD,Da Nang International Airport,Terminal 1,Dalat,DLI,Lien Khuong Airport,,2026-09-18T06:05,2026-09-18T07:15,1h 10m,0,True,3430291,51046,3481337,False,https://www.agoda.com/en-us/packages/book?cid=1753802&pk=A%3ADAD_20260918_A%3ADLI__1-0-0_BIZ___1954112367&pt=AAAA.AAAADGfJEb6qPUamz%2B%2FSTurgdGUN%2BMsLItVl1ecYRfM1dLbi0YJYlsCZjs64eb02u3gh%2F751kQqUI%2BojUFvVqUi56rmlLsDAtvpU2fl1zciY1hOO4y1WHUvOPqduBdS%2FEZAw4Xh%2B%2FN24txtXma3nqMgY0eajZTLuZwh6BbChKoAWDMAs5kqV6h5cUdw4FTKXF8gIAEymJDuV7O8dq%2BBBagjHfMWadX2229GOZgLlFavgNU5TI6duqhJj1nLB9lvWM49GO9j3WKUlMtiV%2FDrtwXSmKz0KTh3w6Cjv16XPBOsTp2SejlAq9frK1AXgFfEUW1k9uKdzr7AMPwH7KmvArvFQ%2BSaG6rIH%2BzH%2FE17LKa%2BQauVhqlvnmEaUL44MWuvV&ptyp=4
88695135,A:DAD_20260918_A:PQC__1-0-0_ECO___2988515,2026-09-18,Economy,Sun PhuQuoc Airways,9G,2965,9G 2965,Da Nang,DAD,Da Nang International Airport,Terminal 1,Phu Quoc Island,PQC,Phu Quoc International Airport,Terminal D,2026-09-18T15:40,2026-09-18T17:25,1h 45m,0,True,1699612,7962,1707574,False,https://www.agoda.com/en-us/packages/book?cid=1753802&pk=A%3ADAD_20260918_A%3APQC__1-0-0_ECO___2988515&pt=AAAA.AAAADL4qhbc7WrcjpnhaygEjKlskC4CT82R6S8bQQ%2BOi9q363XUhXAyflPf7NdIsXQiNkIqzxS%2BQma37gLA5O7L%2Fhh244v%2BHdch87atCfl2G5XM80k3x60MtQIhD%2BtxZdVLaH6Q60A4CMULTDf70iasLU9w%2FbCg2w8ZTB%2FVGHYc%2F4lMP9gsluDLIhWgm8TU3f0hbgUBMiRhWsN2mkyeiqYSriCQFoU9AJuaZN8avw2Qx1s2PxpJkKOtgXBy5eMZ1umUyKvJCJ41Qf%2FsesZ4Iy4dlGCTNDuS9jaeojHR0nmHOqOZUtYT4Ud8dd9ZNLFNQpEs5Mq4js2Ybntt%2B%2BcmcS1aqOGVaGNBQVRJMB0aQzyU1LjxGhGoF&ptyp=4
1501109083,A:DAD_20260918_A:PQC__1-0-0_ECO___1180111463,2026-09-18,Economy,VietJet Air,VJ,717,VJ 717,Da Nang,DAD,Da Nang International Airport,Terminal 1,Phu Quoc Island,PQC,Phu Quoc International Airport,Terminal D,2026-09-18T17:25,2026-09-18T19:10,1h 45m,0,True,1855218,0,1855218,False,https://www.agoda.com/en-us/packages/book?cid=1753802&pk=A%3ADAD_20260918_A%3APQC__1-0-0_ECO___1180111463&pt=AAAA.AAAADEGr5sS8aWQT%2BPKmyAkHnSU7B3INCWxFSGC2kRw3rB7xI3YuU4kHfmsaZPQC1ZA19MyDFEh1Ov9cdJe95x1rwzDZ9ULmyMWvR7oW36KGKd61iXaAw6Bb5e96bpG9dfyF63oGyEMCyg2Q4IGIi2mffNN5qHBW7OFc%2BFHZc0PE3Fj0SfEIcVqLbAJ7h6MnmCW3IXYUayLKv2GEgDtGTIdii%2FUE11NOdOJ4h34d5XdRGtyLhkUwLTekEDsq63ZAacc5vM1ySFMCsCCUQvuUsfNz6WDo9nUfxN2kkONyu%2FpcKnE3N1XcaalIihkdkYPUWIMTuLFtSGPxIPT05ooXa%2BJdTlQYFSatnI%2BPSYFZuevEt0N9zqQM0w%3D%3D&ptyp=4
1309313525,A:DAD_20260918_A:PQC__1-0-0_ECO___1174466623,2026-09-18,Economy,Sun PhuQuoc Airways,9G,2963,9G 2963,Da Nang,DAD,Da Nang International Airport,Terminal 1,Phu Quoc Island,PQC,Phu Quoc International Airport,Terminal D,2026-09-18T09:10,2026-09-18T10:55,1h 45m,0,True,3285425,0,3285425,False,https://www.agoda.com/en-us/packages/book?cid=1753802&pk=A%3ADAD_20260918_A%3APQC__1-0-0_ECO___1174466623&pt=AAAA.AAAADNQY9Dukf7MsisTdQbCqoLiizFirA1fAmBrm6m7HlAR3lB7QHE%2BjFCfpYTMyxxWpm1ifug%2B3Opn9QiWst5TH7qWBqN9SRLFsVXUu5l6bKdp5Jva0EVxLtxGNYZF0RC9S5NBL8untztD7YOSiilsG5vkB%2BOOx9imeV9umQ4q8%2FLEFJjKxRQTIWsIJ1dfNv6Vt1Q7LC8myfzrfMxaiE7q%2FuOfyV8b8PfkYi%2BHtV3hudhg2pqh6iOC5vSTwD%2F2Ly2WkjvxjKv2l6x7EsK%2BCDpiWMRJZ0YeatDefgUIwxLE2xrWDCNK4xEis1uzEbVnV7IqfVMpv9EV4hQkMvY%2Fja5G%2BIAmBVk%2Bbq5DOHzBBi1b0TAIpAOycuB4%3D&ptyp=4
1024647382,A:DAD_20260918_A:PQC__1-0-0_ECO___1924714641,2026-09-18,Economy,Sun PhuQuoc Airways,9G,942,9G 942,Da Nang,DAD,Da Nang International Airport,Terminal 1,Phu Quoc Island,PQC,Phu Quoc International Airport,Terminal D,2026-09-18T22:55,2026-09-19T10:15,11h 20m,1,False,1603979,7514,1611493,False,https://www.agoda.com/en-us/packages/book?cid=1753802&pk=A%3ADAD_20260918_A%3APQC__1-0-0_ECO___1924714641&pt=AAAA.AAAADBoTaZHwpZlIw43x4yawmhsg3R79zy4bSB8KP067%2B3Q78NiwfUGr8I1VHGQTEQIPwpnVc5nG5iuFLgmllxRo5Hm5pIG2CykHTtsBSMy4CFkqbasY9Fsk5Oq0xrlEXzdk3dUCqlHP61TanyhkWGZ9eNoHlxMrQx5dL33wqwHeHJ0o%2BlRHom1efmf4BRly%2FTcDgIiG2sFVvcZHikAu1YUlsV%2Fbqg6D9iAbIyBKWrd%2B28F%2BJP7PHue2EGOdkp1aTCbVmayN2WR4FfGdaSaLdbzWFl2OlncPvwTtthhzGTFGkyiOsJW5NTdlQzk%2BLE6SrxKuaiDCGYeuqeiKv5Lxq75smmCmjJpEiJzfPGx8JDQbQE2ktqUzAr0NfVGvGg%3D%3D&ptyp=4
649280976,A:DAD_20260918_A:PQC__1-0-0_ECO___1059574149,2026-09-18,Economy,Sun PhuQuoc Airways,9G,942,9G 942,Da Nang,DAD,Da Nang International Airport,Terminal 1,Phu Quoc Island,PQC,Phu Quoc International Airport,Terminal D,2026-09-18T22:55,2026-09-19T09:15,10h 20m,1,False,1738319,0,1738319,False,https://www.agoda.com/en-us/packages/book?cid=1753802&pk=A%3ADAD_20260918_A%3APQC__1-0-0_ECO___1059574149&pt=AAAA.AAAADGvdOvmR2BiVf2gQ7Wzk1KgP%2BjWpAgJQ7DKrH62wo9H%2BxATnu1vdfJOW4Bnhjiy2qJtPsGhW%2Fxoq11t4Pm3g7K%2Fdt5TibyZh%2FFXf5BibrwvzQvM1fYP%2BK%2F%2BtDovhb8z0EzgmX1nImXJwd9COH0n1HPWoJuUefUqvcOPaz3nsY%2Bp3mltcp6JMGahBHIWwHKvm%2Fbcs%2FBvlMVoqoj0LVV0hTRq90263ztwc%2BsJMdTffkLjbJb7pRKznCJVrVFKg4vFlkGiMDpy13BnNyn5uExSThNbZZE6Qr5y2mvYoA7pqFreoUkbqOuNNWr9YVknM9s8p6hp19IS1OqG2eZUALcWES15VsIE0s8siQJv5&ptyp=4
360099964,A:DAD_20260918_A:PQC__1-0-0_ECO___2125435546,2026-09-18,Economy,VietJet Air,VJ,631,VJ 631,Da Nang,DAD,Da Nang International Airport,Terminal 1,Phu Quoc Island,PQC,Phu Quoc International Airport,Terminal D,2026-09-18T23:00,2026-09-19T12:25,13h 25m,1,False,2378868,0,2378868,False,https://www.agoda.com/en-us/packages/book?cid=1753802&pk=A%3ADAD_20260918_A%3APQC__1-0-0_ECO___2125435546&pt=AAAA.AAAADA0PVKlHeAwz9mfghxWHoj0Bn%2B0sEV6MwJgx2YMzHOpdbkhuGnkV3I%2BkuF9uFReRAgaPkG6CfyzR%2FIemqwmmnJqPIBbgs4I20flK8HGPnsb80yd2jelFEOtQgL8kJPusn7j9yK%2FqcQedNt83XLkDUmg4dPvN7ji6UrvGi%2BGt%2FhVv8mKhumThXBM7C3cTcuUhE9oNDDJF4YiqxbIhsvfBcXzWbyrQMuUaV91m4v%2FHk0x7yaxDzGEkWko3eQN7TnFARBHud3%2BMS69q44LEtG2HVdMw6mB4QKPkbI7RD%2BrP6W2svenjE1ChYjhYWEV6kioe7tP1AhjPMGeK%2FSKjckwtuUdJJVY7P%2FEhNVKQSTM3KgdeXskAHVN1zjbALQWGOZiS&ptyp=4
1594647014,A:DAD_20260918_A:PQC__1-0-0_ECO___1377801034,2026-09-18,Economy,VietJet Air,VJ,720,VJ 720,Da Nang,DAD,Da Nang International Airport,Terminal 1,Phu Quoc Island,PQC,Phu Quoc International Airport,Terminal D,2026-09-18T09:30,2026-09-18T17:45,8h 15m,1,False,2409335,0,2409335,False,https://www.agoda.com/en-us/packages/book?cid=1753802&pk=A%3ADAD_20260918_A%3APQC__1-0-0_ECO___1377801034&pt=AAAA.AAAADJ47vpeJfbt0BKk50iiU9RK%2Bctuvz9oeaFpNMEmOdTEZhQ1nQ45Odh5arcWa6AXJ5Ph6bZvbhqwmNWqwB6T3Vayh3d9zY8aiW42mgn%2Bk82EJQebKqrGIP7kOM%2FO7IRGrF2AHxcbuRF47%2FWNORNUu3ibRmbkLXkk%2BFBrDtyO8Bvhg%2B1D%2BscFx1QRzu6c0dk0pLZSTpZKPZ%2FyilC7vQ4zEdfmQO2AWKOwQNTBOJgwobSUiSyfC2cM%2BOhWxhfXOD6zKcD57uMfAEq5ikUT47nXBTmp4xxH5Qm4xit7p6tZCh%2B5mSb%2FCyKSkWRnlc%2BYkSJbPplG1IIOdDHlspK6I%2B%2Fm8atli836ar%2Fi6&ptyp=4
311720479,A:DAD_20260918_A:PQC__1-0-0_ECO___1700706494,2026-09-18,Economy,VietJet Air,VJ,639,VJ 639,Da Nang,DAD,Da Nang International Airport,Terminal 1,Phu Quoc Island,PQC,Phu Quoc International Airport,Terminal D,2026-09-18T17:05,2026-09-19T12:25,19h 20m,1,False,2465917,0,2465917,False,https://www.agoda.com/en-us/packages/book?cid=1753802&pk=A%3ADAD_20260918_A%3APQC__1-0-0_ECO___1700706494&pt=AAAA.AAAADGenLcPokISv%2FWPBabfbzK0ub0vH4gxjnX%2Fo4wuVbKs20hQsS5j%2F7CD4MeuAkMEvSlrw0hFP5GSf68s65cCvNbc9QK0UHELPnx4DCkG5czY%2FUV%2FBqgDx47yzfFl1AwgupqTRvc7JpGJerQCLD98g7FbVTtc%2BEmIVe1dcCA%2Fi0%2BbtWEJ9XgWGO42e6DnniX6XIHzirI0PPY9g9ojkBs4l93Kd58yZyhD6f9wn1OJWG%2FwkRTkExGr19%2Fz627FGw3L9cmYL2jNX9dkeaCRoGzoo0NRI%2FMQ965cHxjHIhYyY9Uc3GOtiRxEh5s49rdIVvyjQNT4GMku%2BebMPdhEXnJIKHRBntOx16NQ%3D&ptyp=4
1919227173,A:DAD_20260918_A:PQC__1-0-0_ECO___1130913584,2026-09-18,Economy,VietJet Air,VJ,520,VJ 520,Da Nang,DAD,Da Nang International Airport,Terminal 1,Phu Quoc Island,PQC,Phu Quoc International Airport,Terminal D,2026-09-18T19:35,2026-09-19T18:50,23h 15m,1,False,2520594,0,2520594,False,https://www.agoda.com/en-us/packages/book?cid=1753802&pk=A%3ADAD_20260918_A%3APQC__1-0-0_ECO___1130913584&pt=AAAA.AAAADIpLMoMGio2mPO3y5y2Hz2atl1e7MoIle7iQCnJ4MFZd5S0bDIm83PpFRV%2BbcOXojcP%2B2bkpTdt4hh%2FkG4j05bHMiRJHcDQIck30ZljVP4a30W3idqnsD%2BTmY11x%2FitQD7sNHJ2M3NeP62ewWCRcxG15ezlTdikaD4bSvJHCKOkS5UiWuXc5BsBA8endd594CbJYMqIKg%2B%2BJMG2iQnNbHLbFzEn3TqjsgXzeUWn6YOZq%2BKAhERwpi1e9IwTE3%2BDfofe%2BQykA79YhmPtedrfxQsWsUAxT3ISZy5I%2Fc%2B0OQ1I4shQxrSxUdvyB0rJFOCfj2kb2x6gqgK%2FM56GyOYA9FmvCAC82l2Lc&ptyp=4
2029501505,A:DAD_20260918_A:PQC__1-0-0_ECO___1732570400,2026-09-18,Economy,VietJet Air,VJ,637,VJ 637,Da Nang,DAD,Da Nang International Airport,Terminal 1,Phu Quoc Island,PQC,Phu Quoc International Airport,Terminal D,2026-09-18T16:40,2026-09-19T12:25,19h 45m,1,False,2631852,0,2631852,False,https://www.agoda.com/en-us/packages/book?cid=1753802&pk=A%3ADAD_20260918_A%3APQC__1-0-0_ECO___1732570400&pt=AAAA.AAAADJuTzkkddrEIiwcjIV77bIcHvAFPoFzCIA7Lxy4aCg3rP8%2BMUv7L4%2FUKAhdFmW7arWl5ktNvF9poP9KejHPcE%2BninUUFKetMP2HZ8LgHrztKlVaXnCtlg3oMo7hmUz4LC4SD%2FX%2Fy%2FLNTfkg200%2BphpjGdNWgjuxq3Xfrcla64%2FFkdrVYWtWvQX13Wsa76JGCFFkcpKX03HIULe9F66XqZBTQd%2BoTpa7hyQcQVKxSoBqsNCWPONo9yrSNOVPBjStlG4XhGf1dhORgx7e1rjGtl6oIi8uVgLjjmtGKU1DVz%2FssYzvVOuMmWdn%2BA7he2ILbIS2mlJphYn49V16v5TBxCh7Cw5AoQ%2F3J&ptyp=4
1591853805,A:DAD_20260918_A:PQC__1-0-0_ECO___1243652847,2026-09-18,Economy,VietJet Air,VJ,633,VJ 633,Da Nang,DAD,Da Nang International Airport,Terminal 1,Phu Quoc Island,PQC,Phu Quoc International Airport,Terminal D,2026-09-18T14:50,2026-09-19T12:25,21h 35m,1,False,2631852,0,2631852,False,https://www.agoda.com/en-us/packages/book?cid=1753802&pk=A%3ADAD_20260918_A%3APQC__1-0-0_ECO___1243652847&pt=AAAA.AAAADCE8SV0FWhJwO0ikdBVi6zJgOlx%2FE49tRPPU%2BvkMXidLB2EVOVXl655TQ3sn0xJxfwNWLsiHuxJXRnAEkBEQp4VNrncazfbmFujr58tH41pFqppNrXWHotM13T7bq2zJxYg0Pxo7LotKFF098%2F8EjMpwNHaqHYhRzS4Iyw8QugqBa44meJfWknI%2FEVJdbzNNJVDJgMS7rfxNOZwszwNvPkh%2BUqkrdJOfoo98IvCrO0Lid6QBCCQBx3qKMJArdS6D2M2BctEp%2Ftlj%2FJ3Ylk7ZfLacco3M8nwgENsMe9y4BCNfYQAokbbjA38fvq9dP2Codm2EunwFZj4So3nanru12hypW6iA4Kc%3D&ptyp=4
1155912155,A:DAD_20260918_A:PQC__1-0-0_ECO___1454040124,2026-09-18,Economy,VietJet Air,VJ,631,VJ 631,Da Nang,DAD,Da Nang International Airport,Terminal 1,Phu Quoc Island,PQC,Phu Quoc International Airport,Terminal D,2026-09-18T23:00,2026-09-19T15:50,16h 50m,1,False,2669664,0,2669664,False,https://www.agoda.com/en-us/packages/book?cid=1753802&pk=A%3ADAD_20260918_A%3APQC__1-0-0_ECO___1454040124&pt=AAAA.AAAADFJKJiGtny00FjuaP8%2FEWeXRjQhstBWdL4bB99oSqiaNajxLXB059nhsaSi%2Fk%2BoKpPHXVZaP1oa9Ylhbqrt4JysqUHfajKHCv3FudpFi8m2LEFlTQRJMybREeERRgyx77qRstg3hA2a1ERrJObk9rQAmxtn8DkOobdFMBJMqgbIE7KX2xgUAfKB8Et65gkTBKeWvslkn8J8C1fLTkWRUr5NrfIPpj0FnaM60pna8bVvdgDbF6QGy6L3t7H0tMjPf%2B5eWF6R0pFmHV1q58kgYxqaIkclsiqTM8sZZHYPvRnopPhPEzRfKJMuEy8EdnoWmnA0b2iGCze97%2B%2Bp0vLUwNnTk3bh4SPrgtw%3D%3D&ptyp=4
1724023187,A:DAD_20260918_A:PQC__1-0-0_ECO___642951272,2026-09-18,Economy,VietJet Air,VJ,639,VJ 639,Da Nang,DAD,Da Nang International Airport,Terminal 1,Phu Quoc Island,PQC,Phu Quoc International Airport,Terminal D,2026-09-18T17:05,2026-09-19T15:50,22h 45m,1,False,2669664,0,2669664,False,https://www.agoda.com/en-us/packages/book?cid=1753802&pk=A%3ADAD_20260918_A%3APQC__1-0-0_ECO___642951272&pt=AAAA.AAAADP6HgOp6RJ1mtYaZfyd5bXIWuJVO%2FGMXt8qz8Gv1DSlCdf%2Bc4yRU%2BmSFFNAMNRdw0XqPkl7TONE9ZTgk2CMjQRGXu5eqAVGvABVkrgUiF%2FkDjzd9xzUKsLYE803B8%2B8v7SwMeGBLyh1SCzISqPcy1mJMekSkiHlGGbmPfTDIBwyO%2BJAIhzp7fSCFXZ60bommzmOZt66W5OT2cP1hQGe1xY2BS1JbrSWzvXy8k7LErradwrya5zAagACmAVp%2Fov4JFCooDc%2F2qMUnufHUH3chZiJa77PCPPGpcG51Rm7c4ciEZ4711pkuUzwf4hoTO2W4QRThTpSWMq8julduv8YUJl7EMQcSggin&ptyp=4
471987224,A:DAD_20260918_A:PQC__1-0-0_ECO___2098597525,2026-09-18,Economy,VietJet Air,VJ,1518,VJ 1518,Da Nang,DAD,Da Nang International Airport,Terminal 1,Phu Quoc Island,PQC,Phu Quoc International Airport,Terminal D,2026-09-18T18:25,2026-09-19T18:50,24h 25m,1,False,2669664,0,2669664,False,https://www.agoda.com/en-us/packages/book?cid=1753802&pk=A%3ADAD_20260918_A%3APQC__1-0-0_ECO___2098597525&pt=AAAA.AAAADATAiwq%2FIJqz6GQciA41FQCGZxUrOfkmvnrpbGdvnAcxwjvG%2BaIoDVD3q9oa00dKDbrS3Q9g92cCNQ4grbdNvLV8HwEqlEv0bKgZ5vQiqLquAi8H0%2BcknJqXmhNXTcubZGyfJmDUzCkXSxiHRHblzjTkiBOSEZdnZFvGTDYRVWqe7SQgmGWeFR%2BLZ9ej1wnixUzPU0OiVGmAgMAYkk8U6Ej%2Bw%2ByXd%2FNBPtomG6zPj6U1v2UOhpJs%2BW6bpCPHEQeXchWv8tp51kLIwnd3ek82djEKShrcEAHbBcWjq9F8dVzxyFa15W0%2BaynBGarBArG2rBgbQTaEk6mxh1Ecpz0lorrlFycwfVFb&ptyp=4
400842459,A:DAD_20260918_A:PQC__1-0-0_ECO___1412825233,2026-09-18,Economy,VietJet Air,VJ,510,VJ 510,Da Nang,DAD,Da Nang International Airport,Terminal 1,Phu Quoc Island,PQC,Phu Quoc International Airport,Terminal D,2026-09-18T13:15,2026-09-18T18:50,5h 35m,1,False,2762153,0,2762153,False,https://www.agoda.com/en-us/packages/book?cid=1753802&pk=A%3ADAD_20260918_A%3APQC__1-0-0_ECO___1412825233&pt=AAAA.AAAADI%2BSGDDNwM4SpQ6NGiTu0NbXKSYKWGDgk1Q1QBEiJsTSsXpNiaihrp9zpbpID51YmiTH8bcOjf1BYBbx1X8DPIaGicsmVpCCuoO0OdM40WYWHAvFAZNNCRD0%2F8s2hf3JXxHygyPvl0z7f%2Fn0foD%2BBJySczwwCfy%2BTdi84J0AZN2CkXfXzBK5umn%2FY4zkWyw8zSJ5B4dw7eRCl6j5d37pnflSkvjXw8dQ63O2h4rRUDw1SVKRj3kNkxlXP74fdeBTBeXpGPRf%2B7CnjDvI4R%2FK9BopsYqQC%2FANt23a6nkRdKsgPa9CfSeP%2Fg8EXH8nZKG6yFZIxZ4FooUuSxUZPz%2F0Apc5mawE&ptyp=4
846721988,A:DAD_20260918_A:PQC__1-0-0_ECO___290564092,2026-09-18,Economy,VietJet Air,VJ,1504,VJ 1504,Da Nang,DAD,Da Nang International Airport,Terminal 1,Phu Quoc Island,PQC,Phu Quoc International Airport,Terminal D,2026-09-18T12:40,2026-09-18T18:50,6h 10m,1,False,2762153,0,2762153,False,https://www.agoda.com/en-us/packages/book?cid=1753802&pk=A%3ADAD_20260918_A%3APQC__1-0-0_ECO___290564092&pt=AAAA.AAAADIuF8bcoTpJZ7QLbriG5t2hFwVOUg1V9gEhmaPpQUZjbcxoWiuP4Fwem%2B1JWyrii%2BwY%2FY%2BxPsevIXSJbRefGwk%2B6YiFrmp8QD3oZRcMdZAF%2FuqWKwj3Xph3qEanSAcrfHRDj0lAFF46kGSB4xERa4gsV6Aa3E%2BMl1o6oOLw0ZBwZyOExvBaty3nkWzTmxPkBkypt0eb7VzkNb%2FSBLRNrmelK%2FX9MOACoJmatN98lSE3FV3M92ZH9jkczgw85U%2Fug5hkbxtNdYHGOn53vJeDR7MvcluPvERi5q1NX9F6vCiDqnEoNrbSVuSMXNrpl1tM7aZwXDcAj7VSF5BCruZptTtl7La0%3D&ptyp=4
2072089994,A:DAD_20260918_A:PQC__1-0-0_ECO___2146774961,2026-09-18,Economy,VietJet Air,VJ,524,VJ 524,Da Nang,DAD,Da Nang International Airport,Terminal 1,Phu Quoc Island,PQC,Phu Quoc International Airport,Terminal D,2026-09-18T09:20,2026-09-18T18:50,9h 30m,1,False,2762153,0,2762153,False,https://www.agoda.com/en-us/packages/book?cid=1753802&pk=A%3ADAD_20260918_A%3APQC__1-0-0_ECO___2146774961&pt=AAAA.AAAADETy3svblpEAjRiU8ALAk1oBnsnGOttG5q3F6%2F5o9KOCm2nVHNJIDkDq5I0o2yius682A6nIF1%2BWGAsqXlSRmyZHhH0Mx1OXaaY0Hbb%2BretUtlM%2FZerj3vzYunE6AXUFTNXmJ3A3SrvekKq0XeNd%2B0WqdzyPgOtZ9h5pR2YVOJaQ7DwFhDsDA22nJUVGZDmbOTdqjVYF4Si%2FPuNem0ILSfl7gG8y2qclx7a%2B06lGTcfq01fMbEaRtIXr6yWsGVlhTU%2FhQhLZHGT6oCKiu4tWn9%2FcsTTBNbZi1T6bc0CWU4%2B0Z9CrgjmSmu1a5AkayKicfxCDyuH%2BKFSlicS9jIj51dwlc11rdM0%3D&ptyp=4
435086085,A:DAD_20260918_A:PQC__1-0-0_ECO___165054612,2026-09-18,Economy,VietJet Air,VJ,520,VJ 520,Da Nang,DAD,Da Nang International Airport,Terminal 1,Phu Quoc Island,PQC,Phu Quoc International Airport,Terminal D,2026-09-18T19:35,2026-09-19T08:35,13h 0m,1,False,2762153,0,2762153,False,https://www.agoda.com/en-us/packages/book?cid=1753802&pk=A%3ADAD_20260918_A%3APQC__1-0-0_ECO___165054612&pt=AAAA.AAAADLcNHgBrUPQAt9LUTFthCSSz0X46mUn64od9OkVJtBeZk%2F0u3P1k%2Bl%2F4xx3%2FGy7Ud9N7h0LC8DbHzLU37lDtekhDhaqtekCFnvhP4RHsQHoMdWnoT%2FO%2FY738RjTzY%2BJ8qEJLTOoR0eH5q4PZNk0HoUCwLo664xl6IzV4a%2F6g1d%2BWELP97gRLgmPANz9L9Nv3oRRi3TKIV50r6MlCaWbbeHkW3SbxmONI08zHfELIhWmivEPdH7%2Bv%2BLwfMjFwj3Wo7b%2FWM56r4XzyHWFEvIw6vuJQmCFjm%2F96LS%2FsY0AvRriPu1AaxWjUI4f28Gu%2FJDpQiq0ZanVvF1iSbA9oexTanwe3ZKni&ptyp=4
1045260897,A:DAD_20260918_A:PQC__1-0-0_ECO___1127684657,2026-09-18,Economy,VietJet Air,VJ,645,VJ 645,Da Nang,DAD,Da Nang International Airport,Terminal 1,Phu Quoc Island,PQC,Phu Quoc International Airport,Terminal D,2026-09-18T21:10,2026-09-19T12:25,15h 15m,1,False,2762153,0,2762153,False,https://www.agoda.com/en-us/packages/book?cid=1753802&pk=A%3ADAD_20260918_A%3APQC__1-0-0_ECO___1127684657&pt=AAAA.AAAADF0QUzWfboY2IkzWMjW61YkVmWjAnRAWmOW517Cb67BCEV4QwjNQi%2BB7nomr4k7czXddc%2B0DTqeXrZkzqHux4XmlAECyuzCFnZtDbY3fx%2Bl9MuPfduge%2FzAQ5IN0hWbiIaOB14qyXxLuN%2Brn7x42nGpGfe2eEe2b%2BuTneMKzTOaRKXpxEg%2FLwgXBVWKjTKqB3JJAhk0drcme4Y9frMTAD9x5GlKBkcNSp2keac6p9viNe08lJ7%2BIwpcnCPB89JRupTBohhyOPMkHxxbxKIpgHOVXSA1YQpkuUrGlJYERh7B4Vvmh3YZCvubt7IfItL9bSlqcFx6YMbfJKhXU23L8bgbq%2BDOxJbU%3D&ptyp=4
2130440263,A:DAD_20260918_A:PQC__1-0-0_ECO___269565568,2026-09-18,Economy,VietJet Air,VJ,520,VJ 520,Da Nang,DAD,Da Nang International Airport,Terminal 1,Phu Quoc Island,PQC,Phu Quoc International Airport,Terminal D,2026-09-18T19:35,2026-09-19T10:50,15h 15m,1,False,2762153,0,2762153,False,https://www.agoda.com/en-us/packages/book?cid=1753802&pk=A%3ADAD_20260918_A%3APQC__1-0-0_ECO___269565568&pt=AAAA.AAAADOtlGuUfMYEbPze1uOzxrM%2FbvGizs7ziexqOB4EUkRt4d4FMhyRTovmNTJkJGW5wgii9aIUOJUb3nhrhWW3CNNkDq4pZo1iJCzRJou77fbPVTvN494sswZvJl2AOwPVDiKWcUHgO%2F%2FHTrX4SYPw%2FUtvJEPfQHF2huiVCKobgJJerTWHoZKkTrux5%2Bjpj%2F82oOPMHWILwwv9zjtNRkPEwckYfEoIBccPmyAiy3p6URArTciyi6%2FMBnbd4ooIizI5u3f4hSwqN2aegXq83z%2BhUvS%2FNDup6c5uGFjzPCw4dEcMCXznGW5386JB8r%2F0EflM7bUeqOpzscgk%2F5d4mk%2FUyaNl17KSc%2Bg%3D%3D&ptyp=4
1552618967,A:DAD_20260918_A:PQC__1-0-0_PEO___1180111463,2026-09-18,PremiumEconomy,VietJet Air,VJ,717,VJ 717,Da Nang,DAD,Da Nang International Airport,Terminal 1,Phu Quoc Island,PQC,Phu Quoc International Airport,Terminal D,2026-09-18T17:25,2026-09-18T19:10,1h 45m,0,True,3376631,0,3376631,False,https://www.agoda.com/en-us/packages/book?cid=1753802&pk=A%3ADAD_20260918_A%3APQC__1-0-0_PEO___1180111463&pt=AAAA.AAAADMGgUkRxa%2FjJuMKyljGQK8Bnd41BtqN6sHHpse6BNHoWVL8N%2FNY0GbTsqJt4Xi8yiBQCQDXfFM5NfpPkMsH3kRBvhlp3mofaZyLPGxIBby0IAXioZmmjnZICRekS64OVTkmgsBAqH%2B1hQcaP%2FQNWZR5qgqwOGovxbMZhIR9A9IyxhoHrmd126JALGFiaxfQf8Kf3BkWkcTOgvjJXHQuWyEer63MjKRZ7VN6DmN0QIshz7XEyuzj9jq4YNyw1b0WdwV%2BGSqrEZuUpmcUpbOM5KQbkqU9OL5V4ITqhQYCUn8bVMgkQ%2BjTWfgReAWnZWDgYa%2Bn7OKvMx8kJukLDWKkMj%2BGWM%2BLEQd1ZKHJxXiQ%3D&ptyp=4
1949588502,A:DAD_20260918_A:PQC__1-0-0_BIZ___1174466623,2026-09-18,Business,Sun PhuQuoc Airways,9G,2963,9G 2963,Da Nang,DAD,Da Nang International Airport,Terminal 1,Phu Quoc Island,PQC,Phu Quoc International Airport,Terminal D,2026-09-18T09:10,2026-09-18T10:55,1h 45m,0,True,4508250,0,4508250,False,https://www.agoda.com/en-us/packages/book?cid=1753802&pk=A%3ADAD_20260918_A%3APQC__1-0-0_BIZ___1174466623&pt=AAAA.AAAADNK%2FWfpom8FPlcX%2F9slLSuy3FXsWLLmll4z0TjocLKRyp3ayhhfXpsVSI3FNDaEYm5bIT%2FYRbgbVB8NVlfMCekQ1bQUHBWz0uQkyv6xItXsQay8sJ3PeQFMJVbUDQg9ffAROWtVFrH8UCM%2FUs1rjKzO7C2u3QFHIM80y9qzX7UjZq1EDXv0wNGp1E%2B137EboIZm3%2FptKXXkFTX7XV%2F53IgdTrjRmSnop%2Fh6lGXLvHs9aVhxsUYvqGp%2FawTAkXzCWVB8regi5RxC5uI2WQlR3FE7%2Be%2B4badxzAcXGNPmnzVyzPaOn4REDy7pTkdOOSBh4VypMFk6%2Bs%2FZfKRmKhBKHyFx%2ByxRjpHW8WPt7%2Fq7sbQavONO%2F1hmp&ptyp=4
1281583233,A:DAD_20260918_A:PQC__1-0-0_BIZ___1584124370,2026-09-18,Business,Vietnam Airlines,VN,7050,VN 7050,Da Nang,DAD,Da Nang International Airport,Terminal 1,Phu Quoc Island,PQC,Phu Quoc International Airport,Terminal D,2026-09-18T06:05,2026-09-18T13:20,7h 15m,1,False,4487201,66774,4553975,False,https://www.agoda.com/en-us/packages/book?cid=1753802&pk=A%3ADAD_20260918_A%3APQC__1-0-0_BIZ___1584124370&pt=AAAA.AAAADAjONezTsk2GIRNQR8iMS0%2Faz%2FxrX9axN4SFhHn84eZ1SZvVWLGDyD6nx6kDzz21J2WDoa6tojmXG18pgWefBCsC3N29F322juTDyhX1Yv8xl1mIFFZwvS0DTUfludFwW59a5HGA88%2F%2BpKH0CbaWHOe%2FAkQpOn9Lx1rLQprkfOVnRiJCLRYy%2BBRNrZRx1YAMf8WGnTZrPhCZi18QQ5VM1zyQwyh5iSsDh9azu0VAV4vJIsozdpQYQouHIROslwtt6xfwVNS5Wbjeo0XmZsy7wBNm67d9Kt6GAO9WSHQCKnexoEiTZUL2qA3Oi1RlX3X4UHhYFM4XoZfa8dNMF414vIXNs%2B6ZXTZSpQ72%2Fp4pgsW2xL7dEPYN7Ygarb1NTw%3D%3D&ptyp=4
1906308615,A:DAD_20260918_A:PQC__1-0-0_BIZ___111424773,2026-09-18,Business,Vietnam Airlines,VN,127,VN 127,Da Nang,DAD,Da Nang International Airport,Terminal 1,Phu Quoc Island,PQC,Phu Quoc International Airport,Terminal D,2026-09-18T12:55,2026-09-18T16:30,3h 35m,1,False,5084852,49613,5134465,False,https://www.agoda.com/en-us/packages/book?cid=1753802&pk=A%3ADAD_20260918_A%3APQC__1-0-0_BIZ___111424773&pt=AAAA.AAAADFhHbRU81TeSVXJcZnDx1s79CxCr4FoMilJS7tZvG9aO%2FLFPHETHS4n5rW3UuuYOcCqfLjR6s5XK3kyVZpd9Nto1BLNfGqwNBdG%2FVVARHrZuncFWua6A6EBDJCo%2BlFR%2FMQqctlAuXGmNi7iNaM%2Bde5f9koe6dGXXZ5Dm5VB6Est9M%2BMhOXxwY4IHx0idz3fIsK%2BIBGGe%2Fpvopa%2BY0zpVU0oQsW2YAmR7ZOMOSt8ggMBUysNOqzAhr9dbZYrW8hVNXJKEzv49HJPFY%2FIDosEAGmTgT8tKU69HEQeZrwlA3qDryXUAGUhNivgArzcHgMBOddFzcwrLI3Sd4ZGbPcNKkIMULnVruMXDONwypnl5s%2BmfCoqqgttVSrIXFQ%3D%3D&ptyp=4
1413847168,A:DAD_20260918_A:PQC__1-0-0_BIZ___1238141724,2026-09-18,Business,Vietnam Airlines,VN,123,VN 123,Da Nang,DAD,Da Nang International Airport,Terminal 1,Phu Quoc Island,PQC,Phu Quoc International Airport,Terminal D,2026-09-18T11:55,2026-09-18T16:30,4h 35m,1,False,5084852,49613,5134465,False,https://www.agoda.com/en-us/packages/book?cid=1753802&pk=A%3ADAD_20260918_A%3APQC__1-0-0_BIZ___1238141724&pt=AAAA.AAAADBxVes7ae7uDFEJBe7i6BvB5P1TjNiHuZrcM5NlNiP4xY0ggAohDlYkkZoQeO%2BwrzcEa8eG0ubrrAnIexn4nPSORvGsuITfF%2Bh72n%2FlYwvpH2%2F%2Fa%2FztU%2B3HMtvAV5dvzQcWHYZ6Pr3P3X6C8SCcEw1xeGFC%2FK6xRQ35FM%2BJedCTG%2FcLxEfYTomFpc%2BoOzX1fKLr8gg%2BHAvNhpm%2B8dHmBSZVEpmlxT4yP4Ob61UEXyRJSn3kk9H9e8OkX1HbtDys%2B1b0u5TorvlkEvxiEhWMmxT9uMWdVgrYQxgz%2BKd%2By0dGb8W%2BYdBk9RV358qVRFOEdsvyYmdSm3ATjpd5xfrbiBmEwk4vj0UGnPiPlTCWJ3HB6gx9qdevuKw7dKk6o&ptyp=4
94508693,A:DAD_20260918_A:PQC__1-0-0_BIZ___1253253628,2026-09-18,Business,Vietnam Airlines,VN,137,VN 137,Da Nang,DAD,Da Nang International Airport,Terminal 1,Phu Quoc Island,PQC,Phu Quoc International Airport,Terminal D,2026-09-18T17:55,2026-09-18T21:30,3h 35m,1,False,5979859,0,5979859,False,https://www.agoda.com/en-us/packages/book?cid=1753802&pk=A%3ADAD_20260918_A%3APQC__1-0-0_BIZ___1253253628&pt=AAAA.AAAADFCQADSWNTy5%2FJEoQMjGyACPJuL8F8lWkAZOpW1dBmE38Xa3ep5lYpovcuVdjrSPx4iJIz5PsSWD%2BqEz8Z%2FX%2F98g7JvoyhLtCLbzfN9k3HtI3FLPO1HEFukW3eMGTIc050KSRg2xPZLyLz2xmYDyiTB3YKNb0WxThEUOHwY7Sx2ZU5q%2F1pa8D%2FgpRQbNi44R8LvY5rcbOz18mr8GX0bikIzeVAG1PxzgKe9CvqsjJ%2Fy9iXF6Q6j8F9lNzbSmf09ocMLYp89F8oI8Pq0xsKC6A4xgbjiticEykD3vlHYcFLysjygNfFR3vOxHPBG7Sk6XUPXXPt0QjD3RmjKOHxr7jiX4nOj1G3wEeKLBO4edFYPaU897Rh2drAvFQA%3D%3D&ptyp=4
324969826,A:DAD_20260918_A:PQC__1-0-0_BIZ___1567020244,2026-09-18,Business,Vietnam Airlines,VN,135,VN 135,Da Nang,DAD,Da Nang International Airport,Terminal 1,Phu Quoc Island,PQC,Phu Quoc International Airport,Terminal D,2026-09-18T17:40,2026-09-18T21:30,3h 50m,1,False,5979859,0,5979859,False,https://www.agoda.com/en-us/packages/book?cid=1753802&pk=A%3ADAD_20260918_A%3APQC__1-0-0_BIZ___1567020244&pt=AAAA.AAAADGJgds45UrGPA77uKgLsCaotgszPaD4hXO7uu8Mlf3eVujAn4hjt2DTBfSIS81fOCDChtYHTi1x3HpjvFfg7GKhKJ5eXZDNaWPq%2FJLgoIGt5d4ZIdtiTUY2YoUOUuaTKSlqhfj3FZ6IFLtZwKf%2BXROqsdytMP3D7lyMrdSgcpQBzCgxsjt48XaNDJpRklb%2FVm9%2FX0avnp%2FhAvTBAMJDn2PBtJaeHQMJMyZJfTh30y2L5tuaFcU7GyHP5UHBwpJ6C5XErajpwZRXOTailrPhfwfnyE9A2LOT6oApXDZTZYXyC73vB6rHAfGZIOLzre7JTIzEbUY%2Fck8dxVhWq5s3B%2F4HIKBsRtvLTIOguUkT54QSqAeboTZ55ZZRHMT0%3D&ptyp=4
774935111,A:DAD_20260918_A:HUI__1-0-0_ECO___181543822,2026-09-18,Economy,Vietnam Airlines,VN,162,VN 162,Da Nang,DAD,Da Nang International Airport,Terminal 1,Hue,HUI,Phu Bai International Airport,Terminal 2,2026-09-18T15:00,2026-09-18T18:50,3h 50m,1,False,3906794,0,3906794,False,https://www.agoda.com/en-us/packages/book?cid=1753802&pk=A%3ADAD_20260918_A%3AHUI__1-0-0_ECO___181543822&pt=AAAA.AAAADJP45A14Za1MBS1kbibUQ7sAE41bbzQ3H%2Fooxtl9sf873Q9iMLOBcw6MVkPz4nPKwlY8bFJ%2Bsl8cWZFk9NpWOUWXqyf7nj6x3idLGCGoz7M%2FI7BIeAEz8tR0ACg61RCDweBjBOe3a64cXvfvuNzMw285T0zhevi7i7yBBN2IkhheK8bcPjdnBkKLnIQJN%2BqcnZdVWRhJtxs8v6PH%2FjELC2V5Zo%2BHv3I5RB3Kz%2FmmnNBQ9jZUMQpfyY84zqdWvTFyyCADtjCed5S4OCthfi%2FDjUShAb%2BneKbFsX4VnvfSdVTAbIolzY1odol4hS0dCLIxjBo9KKFOSwRxyDfxUCd2EVdHS6aVmXyR364V8lXlU9O02%2Fl3vOL%2B&ptyp=4
551979401,A:DAD_20260918_A:HUI__1-0-0_ECO___706314600,2026-09-18,Economy,Vietnam Airlines,VN,7162,VN 7162,Da Nang,DAD,Da Nang International Airport,Terminal 1,Hue,HUI,Phu Bai International Airport,Terminal 2,2026-09-18T14:50,2026-09-18T18:50,4h 0m,1,False,3906794,0,3906794,False,https://www.agoda.com/en-us/packages/book?cid=1753802&pk=A%3ADAD_20260918_A%3AHUI__1-0-0_ECO___706314600&pt=AAAA.AAAADJcd8MrupX6xoKgEQi9PNEIS3FfINmXhsE8iWhl5drwaGBroKGqW0B%2Fcv32eTvbxffIy5bJdQbnjuAgWojztzW8N7nSKMCqCOs66Hv%2F8Z7789FfKN6q3KLDpR5Vw7Hn5BVpB5G%2BdLMEWidnXNzcTsYF5Lbl0CO1FqhivBMfbuOilrn8mmcRRFS28ZcFnwwiChLUoNe069JeoKy10x65079KVKMVn2mlLg2YLNHswUBgugBX2ueViKX9PaU4JueKcVyRMB%2ByYowQQcHr98BpzxsNEQNKFn3IGCMoginFtbBROj4mjzwzX%2BKrWUBQsn%2BxGngp%2FCxLtAVuQDhua8IYTB8qwf%2FMThZO3Fdr8kALPWxEr8MfxLFpDew%3D%3D&ptyp=4
1198143429,A:DAD_20260918_A:HUI__1-0-0_ECO___1455328888,2026-09-18,Economy,Vietnam Airlines,VN,6070,VN 6070,Da Nang,DAD,Da Nang International Airport,,Hue,HUI,Phu Bai International Airport,Terminal 2,2026-09-18T20:25,2026-09-19T08:20,11h 55m,1,False,4224495,0,4224495,False,https://www.agoda.com/en-us/packages/book?cid=1753802&pk=A%3ADAD_20260918_A%3AHUI__1-0-0_ECO___1455328888&pt=AAAA.AAAADIiTHLDyDhry84U1Ic49eAL1nu1E%2BcpLcy1D%2FWCpncOOqkgfufeHIPNwI3owDIoh0eV17%2FV%2FgrhbNjWOMqO44zZNNEYxUMbcoQRCfiBK4QuN0M1p2NXwKEIFJZfa5Kws3PO3l3dX58iCn7lPHoeAvuMExV5MshrFHc51dEZpJ2cRyDLPwdpV12xfMxUP7D8VDpUnF9KtF5TvXL1KZIBQCRv76Pez0ghph9qC3Eb3dweTY%2FZCVnqMJByNFUGS7dtcIwQ%2FiSZ7KxyfRBc6oHPxiV1KS3OyivWxsmQbcrV4c7CMBNoAdkmCT3ORoqrWKvGWhZKYPEN0R1FREPk6NC%2BV6gfDnc3zUQE1OWobf4JJH1LjOrZtCKdzHRJ4YGWMQJs%3D&ptyp=4
946535423,A:DAD_20260918_A:HUI__1-0-0_ECO___153976256,2026-09-18,Economy,Vietnam Airlines,VN,188,VN 188,Da Nang,DAD,Da Nang International Airport,Terminal 1,Hue,HUI,Phu Bai International Airport,Terminal 2,2026-09-18T19:25,2026-09-19T08:20,12h 55m,1,False,4804808,0,4804808,False,https://www.agoda.com/en-us/packages/book?cid=1753802&pk=A%3ADAD_20260918_A%3AHUI__1-0-0_ECO___153976256&pt=AAAA.AAAADM1K1YssO2nFXWPBBv75YxkegGmFVCYC4jcOOKt8QeqE5epO%2F64%2FvFFsgA8X0fG2HxipY1JTAvQXekaWx2ia3yaFOegPRLPzG5wN6GwcIYQhQIEApF67VR68oNbM0ynod96FUn3N7Hogk2tsiLP5L5vnhDW%2F52qqZUzEUGZ96s4EYmY7m3gyqsPAgLsM724n%2B9YITPHsKVEN5W7o6sBIZoq0FAvuaDEHiLiye2wHVr1YtMDY0iWO3GdzqzUsnUva3X3d62Iz%2F1Opl22m6wcSd8wXwGIQZ4ddbjlFx0nWQxKtrTaWofxK2jS2oQmNBAwJepILhDzJ8Wflc1yBcWgtr9yJHaONW5QyEXh2V2FlWQ7aju4ekA8%2BVM6z30A%3D&ptyp=4
28664962,A:DAD_20260918_A:HUI__1-0-0_ECO___929348172,2026-09-18,Economy,Vietnam Airlines,VN,6070,VN 6070,Da Nang,DAD,Da Nang International Airport,,Hue,HUI,Phu Bai International Airport,Terminal 2,2026-09-18T20:25,2026-09-19T21:35,25h 10m,1,False,4897125,0,4897125,False,https://www.agoda.com/en-us/packages/book?cid=1753802&pk=A%3ADAD_20260918_A%3AHUI__1-0-0_ECO___929348172&pt=AAAA.AAAADKX%2B%2F6uoaFyC8KphMjy6dpbbbrvhJBr1gXocy81rO%2BDXTOF6yGlOCvnbXfY1i1G%2F4FMSF0uklw%2BRBO3SEERIVWxN9z3XW%2BFDjHzsV1GpzRwS8zdJiN4Aldym9DuDXq%2Fh2jjzXc6dsywRghYeW9wc0o60bFY5imxA3otOS9mRQ9q%2B6Qo6br2jo4XRmXQ3iBzNAtKx8BpuO5YBeCCaiENiULdzSsGk192dkiaieLQdTHxiogasU%2B4b47awQSKxRjcbeR9ZHzrCI8Hy0zmuyp0mAGtcNU3ym%2FDTRSmc4Vnf7Nk%2FGPu6yZscyXhnzsgv3DrD5et7%2FFlzVTWfP2uEa9yELAR7p%2FBzAZ32TEbc4wktrksMwI5GLxFfclub46Fm&ptyp=4
344603639,A:DAD_20260918_A:HUI__1-0-0_ECO___1493358470,2026-09-18,Economy,Vietnam Airlines,VN,7196,VN 7196,Da Nang,DAD,Da Nang International Airport,Terminal 1,Hue,HUI,Phu Bai International Airport,Terminal 2,2026-09-18T20:30,2026-09-19T08:20,11h 50m,1,False,5097280,0,5097280,False,https://www.agoda.com/en-us/packages/book?cid=1753802&pk=A%3ADAD_20260918_A%3AHUI__1-0-0_ECO___1493358470&pt=AAAA.AAAADLalcnplEOO5wGuUsBtqQ6Tl5IUo1WlxkK0AtAgP1no1W%2B%2FmlTIZ7sQemE%2BdX7VuVaK5F%2BHCCDRY%2ByLqwUhQhwNeWT4hEwqLMeZUJDxuE%2BQoiU3wb5G3MLq%2BPVl77Iz2aI12hKFBrRjmmrVrHjyqtzX7dhN85zn1%2B2oqgu0S9GlpbT1raDEPqMy9h4W7Hh7QhPJSraj4Enkh0%2BaMO1Y91nXqiNY4eBoXiCo3qTlgneOKvRnwFKennMoams9DUVLecPJO0QP8%2F6NOyhHS6iskU4D8fDVbC4woIrMqXXCukr0mM62aAk8tf2vzAIUs5ado0k8vsJ20Ldf6RzjEhwVljEm0HsFWxuC2RW9k8U5T3vW0wuwWJMe8GwBF1cbGjQ%3D%3D&ptyp=4
1461857225,A:DAD_20260918_A:HUI__1-0-0_ECO___435961149,2026-09-18,Economy,Vietnam Airlines,VN,180,VN 180,Da Nang,DAD,Da Nang International Airport,Terminal 1,Hue,HUI,Phu Bai International Airport,Terminal 2,2026-09-18T18:05,2026-09-19T08:20,14h 15m,1,False,5442024,0,5442024,False,https://www.agoda.com/en-us/packages/book?cid=1753802&pk=A%3ADAD_20260918_A%3AHUI__1-0-0_ECO___435961149&pt=AAAA.AAAADIzxbrJbrF7DkrSGy9qsV8zoSOzaVA30wVePTGrf%2FT%2F6CFH4KfO7KVtJSpcA3f8nk13SZlvSGgH9CorAolbTwC6crOr7AdkYGfJVWnHTnADP5uzCT0xvlhfjKxQEiS%2FY0bnH8HLCSKoDEHzU4gfwATC44VBD6f8YxggsNpRp3LHYFrNNf9IVNphluhdRo7priQc3ClxwiFEXTayns3cTL%2FBrY9dWDlo0Q8pRfz3csrIVJ9kDuFOo35dLjKYzRhZf9wJhecFWq2ucNUWE1vji3NziuNI3LaPooWWEXplGkleTsaACNAEYOi0U0jRMeRS4UGQCS6JLoHB7ESFcH%2BCG1j%2FJBGc8HgnZd2E6oQt64jhqHtBmRuJ1bEdiX3w3BVw%3D&ptyp=4
408200800,A:DAD_20260918_A:HUI__1-0-0_ECO___2085756681,2026-09-18,Economy,Vietnam Airlines,VN,178,VN 178,Da Nang,DAD,Da Nang International Airport,Terminal 1,Hue,HUI,Phu Bai International Airport,Terminal 2,2026-09-18T18:10,2026-09-19T08:20,14h 10m,1,False,6032150,0,6032150,False,https://www.agoda.com/en-us/packages/book?cid=1753802&pk=A%3ADAD_20260918_A%3AHUI__1-0-0_ECO___2085756681&pt=AAAA.AAAADHo8iUCbISgMfBkbsrBtqdjkSSstztHq1eHwTYWiJ5mNuzfNu1rF%2BCpBWdCtBL7oM5bPyVShO%2B3%2BnfWmEMJbels6vf8qyeYgTifDDXOj4WVO8QJR4jOQ2HF6Qolqjcl81CGGt6NnmSS2nygnrtAfy6SzAsiSCwhHo1TwWRbT45q2nTd%2Bv9a8BCvdD28qpocbN35vb%2Fq8SLIFxUXGFlzljZC%2BremTuhaOmBojitw3MpJY%2FsKE0%2BV0wg8ZlcuyKGz3Vl8ghjW%2Bi2XOuTGKRXZFNu8Madnjli8eoJGRKpeozCmRutKl9gofRon4grhEzwWsHDtEI05WjXH%2FMp0tZu%2B%2FqcjMEa3U%2FqBf%2F60bSkkY%2FaGjBPE1IXAIf43mBRI0rw%3D%3D&ptyp=4
1034818140,A:DAD_20260918_A:HUI__1-0-0_ECO___158597617,2026-09-18,Economy,Vietnam Airlines,VN,178,VN 178,Da Nang,DAD,Da Nang International Airport,Terminal 1,Hue,HUI,Phu Bai International Airport,Terminal 2,2026-09-18T18:10,2026-09-19T17:55,23h 45m,1,False,6032150,0,6032150,False,https://www.agoda.com/en-us/packages/book?cid=1753802&pk=A%3ADAD_20260918_A%3AHUI__1-0-0_ECO___158597617&pt=AAAA.AAAADByYRZRwlr0QcEQxMkTmsIHKp3Kth%2B5P%2FhZbBhTgdy1aqIlHhEM6i2Dc8aFFe3o8bWu0X3A2lKDQ6d%2BIjW23fV7Z%2FodmYRXFBKFWvMROok6RBjZQu469XkUDjqSm4N4W1%2BBWqZpDgxgQ%2Bpu5Dxn0kGC9RzT1CDb6nneJ2VMeLoCVGM7YW9sS0h0pnW4n0esdqveP3Wd0Y1gRgdw5mbjmgsMWEDoqr8Oht7mob0%2F9iV032uHlDi8n3b3XE%2FWN7R0D2SY%2Bztl%2BL6Hr5%2FGX1I3rCrVME5x2wIASs%2Fo8JIDFSCmiTJvFOKx9%2BIqkZQmiGhGNkvUHbuEc4sLdNB9VIjXRg%2F%2FLLgxZmOykyyybO%2FZgRuOiGx1AJ06Ia8ABTKVB3Y0%3D&ptyp=4
397924153,A:DAD_20260918_A:HUI__1-0-0_ECO___1371004640,2026-09-18,Economy,Vietnam Airlines,VN,6070,VN 6070,Da Nang,DAD,Da Nang International Airport,,Hue,HUI,Phu Bai International Airport,Terminal 2,2026-09-18T20:25,2026-09-19T17:55,21h 30m,1,False,6260665,0,6260665,False,https://www.agoda.com/en-us/packages/book?cid=1753802&pk=A%3ADAD_20260918_A%3AHUI__1-0-0_ECO___1371004640&pt=AAAA.AAAADAFMzFLFVjapkEQZMcOrj810CXRKvK%2BhPikZAFB9j6VICO4cSAN1Mu3F0eqLDQuO%2BSJkIkVy1vglDldulmm%2Bnlby%2FF6Z3jrsHpLsya8eoXYleSgrdZA8TzcHd3BCTLMI2wdFuHf1QNjXp1KHA%2BKiMv7AT8vGOaI%2BenzDVGKH2ZEmIa2LLhtZxKKTFEb%2FUVwwHtoIUB7Dv%2Bovb5gkbOqSK2F6Im283XvxPjlVPCuFKkeSjSLR%2F9yweUKQJdGgopoK2IWBnDTe6%2FdSnSo63oIp1%2FGbRkGHQJziYYw%2FJshr4gOrQRlthVCPhTfqrUeleTzj9eSfFJRLT1Z7MT3Gs3%2Ba2vclwrBVdTuBt%2BquX4kjYhnYbt8cMfNRQxmkfwxJew%3D%3D&ptyp=4
1702155264,A:DAD_20260918_A:HUI__1-0-0_ECO___1017575251,2026-09-18,Economy,Vietnam Airlines,VN,170,VN 170,Da Nang,DAD,Da Nang International Airport,Terminal 1,Hue,HUI,Phu Bai International Airport,Terminal 2,2026-09-18T13:50,2026-09-18T17:55,4h 5m,1,False,6765544,0,6765544,False,https://www.agoda.com/en-us/packages/book?cid=1753802&pk=A%3ADAD_20260918_A%3AHUI__1-0-0_ECO___1017575251&pt=AAAA.AAAADEnWg7b7AIxd8gjI9Dtz%2FDDFqzokY274e5aABL9gLPR07VJ0Xe89t7bnfH53W4kIW8XBE8A6s8f2NDcLCIrKbDEWn92pbka7MybYj2ugf502yCa3YOFhgQwy12QCFaYiG%2B0pqRVznQkqCx0VvvNbdWTNjox%2FArKzSbg5ZSjkHIcWRqE0loAmFXBk1OCpKY%2FTw8KXNHsiQe1%2FxNUXI%2BRViJkFz5bs4eJOdfa8iZA0XOVRZHByHOeeSj3hr1ejT3S%2FEG1pS9ffHOMDyrHQikVq8LIbXTzMaxavvFdWwXmVpsqeSL61nFFQnpxp1PfjNKiJfaflOBIYUWc5D0%2F0dR7lIJZxZ5f35zlyQGpRfBNPP9i16YktSAwqMHw6PG%2BdghlS&ptyp=4
2052149839,A:DAD_20260918_A:HUI__1-0-0_ECO___37937238,2026-09-18,Economy,Vietnam Airlines,VN,127,VN 127,Da Nang,DAD,Da Nang International Airport,Terminal 1,Hue,HUI,Phu Bai International Airport,Terminal 2,2026-09-18T12:55,2026-09-18T17:05,4h 10m,1,False,6765544,0,6765544,False,https://www.agoda.com/en-us/packages/book?cid=1753802&pk=A%3ADAD_20260918_A%3AHUI__1-0-0_ECO___37937238&pt=AAAA.AAAADJ%2FuBTBGvsSyAP50dCaqSm1a584yiVbihuXuepxRgQJU64E%2FFj0kiUJCs2Nxa4Rl5jwHVlxZpOCgPzyNTEHYgLmYelNslw41WkqjQRsqfoEE9rfDR7wCWlqGkJf%2BXle52jvdek4Tk9sbjfgvXV48NsqPNVQTWHHlXSwcjc984HjHtnRKu9jJ3ExUjr6arvVYZZ%2FaOyd16%2BqO4MZjklxT5cssXNgIczsM1Uu3Bbb0lRSUjRpFzWJajG92UGSo32R7g%2BtfjBuYpPThQCiJUw5E4esNy1p049iToEJ%2BAA2zDYmkzRDPX0HXhMUMbygdce5BOmQlzoucp6G4HQ3yFtWzI1G6l%2BA%2FuWFpO6WvxY5%2Fu7d2O3UMgD5qcgSq8MPr&ptyp=4
2009058165,A:DAD_20260918_A:HUI__1-0-0_ECO___84205394,2026-09-18,Economy,Vietnam Airlines,VN,170,VN 170,Da Nang,DAD,Da Nang International Airport,Terminal 1,Hue,HUI,Phu Bai International Airport,Terminal 2,2026-09-18T13:50,2026-09-18T18:50,5h 0m,1,False,6765544,0,6765544,False,https://www.agoda.com/en-us/packages/book?cid=1753802&pk=A%3ADAD_20260918_A%3AHUI__1-0-0_ECO___84205394&pt=AAAA.AAAADCACDK7RlUUAYf7k5bGBI0xLf8RjGpcRxWkBjIHgWXhpE7BPwzhCMKYowwYMZHbphQxFiU0kgUqggH9P%2B5JrN%2BPA9wS8Dnk2viWqy0Us3DPdg895t60qwjPQteLYnKF69Tyvlv930e11k0JAhwJYR%2F2RvA0vUQuHO3MUbsekVau4fkzCJmf4QYZWKtMLtAoX%2BZc8AvJy4W8kbIOFj1OBrQ1x5d7xHS%2BBZjUOl%2F8mM0yPB4sLrxjEM2PJd6Hy8zqPZEDRUyC0gZO9mpUJQnTgOieW%2B1ZE6nQ2cKKwHXYIHhTFm9SzdPua78I0VOpgPFoqFzQ%2FbyYSl6c3rKsuas%2BxIWBtLc%2FpcXLrcT3lxY4jXnhQwqg3xxcng6UqvDGe&ptyp=4
432412484,A:DAD_20260918_A:HUI__1-0-0_ECO___342397662,2026-09-18,Economy,Vietnam Airlines,VN,123,VN 123,Da Nang,DAD,Da Nang International Airport,Terminal 1,Hue,HUI,Phu Bai International Airport,Terminal 2,2026-09-18T11:55,2026-09-18T17:05,5h 10m,1,False,6765544,0,6765544,False,https://www.agoda.com/en-us/packages/book?cid=1753802&pk=A%3ADAD_20260918_A%3AHUI__1-0-0_ECO___342397662&pt=AAAA.AAAADNIBm3num9jx%2FSZX9l8vLjC9JjRlyLrRRq1Mr7OPHMBI%2BgEcI8t6%2BiXcXSG%2F1CF1ckYBqUdbh3syuU2v7Iey%2FVyttm90m95830BnFrHVPQiL%2B43SMRcwnjxzZdrygBxsMbeb8ZLzjf5THcPLjvGgUzZnnZIc19e%2B5yJyj%2FYQy9qgJPtl7FbBYZi7Li6viPHiWkM4OAqNBilCgOGvo3IHBKNRyKVuQHLv6Ri%2F9qnnCkZU2iTnE4QkWXosUxVldTqD0x5AJFRBlW63mDO8DnjNo2ukonyn1ewsX0SL3cGXByxG8lJXanVuURbq4WAiMtWNK5rINyXAJ4sw0BTYT2k8RjHcQeHM%2FBnpl%2BjY4Dcz55ct6DhmM6sv3o4sZmhvPQ%3D%3D&ptyp=4
651373182,A:DAD_20260918_A:HUI__1-0-0_ECO___336657653,2026-09-18,Economy,Vietnam Airlines,VN,119,VN 119,Da Nang,DAD,Da Nang International Airport,Terminal 1,Hue,HUI,Phu Bai International Airport,Terminal 2,2026-09-18T11:00,2026-09-18T17:05,6h 5m,1,False,6765544,0,6765544,False,https://www.agoda.com/en-us/packages/book?cid=1753802&pk=A%3ADAD_20260918_A%3AHUI__1-0-0_ECO___336657653&pt=AAAA.AAAADBan2d8%2BkmEfTwnZfkEZRJ10s7NsFnqGISRA7ETvagyqOcW%2FLpfZ0dn3U14qqxXQMZH9ezXTT%2F9KFB%2B16L118qjYDbvUvNuQTR84xVCQFo8ecZYC9uH9fD8WuTgwCuPEXAQNJSGVvwUzQvs16xT6PO4KaswdByvA%2FJGIDSbfPx3sfXxaNtD3vbtk78bK1W0jmWki0rIVs51fsnQhD%2FE8z%2FwzjPX3fqSQfcfbFteVyRDTQYHzlsMKyE2XWx6419e2OpDbuY1mEkyjVC%2F36%2FKFutmtXSzn%2FvdSrazQG7SADzVITPg7CHK5F%2BnmKsx%2ByvOb9mtQUs3JsCWJtlu2b%2FTcbjXDvVHaFTw05kMZlAT7c6AwNyJa9yyO0t13zIBeOw%3D%3D&ptyp=4
1193873297,A:DAD_20260918_A:HUI__1-0-0_ECO___469217005,2026-09-18,Economy,Vietnam Airlines,VN,113,VN 113,Da Nang,DAD,Da Nang International Airport,Terminal 1,Hue,HUI,Phu Bai International Airport,Terminal 2,2026-09-18T09:55,2026-09-18T17:05,7h 10m,1,False,6765544,0,6765544,False,https://www.agoda.com/en-us/packages/book?cid=1753802&pk=A%3ADAD_20260918_A%3AHUI__1-0-0_ECO___469217005&pt=AAAA.AAAADOUU6MSOEVVDxsEH%2F9KvPx3%2FgcYmWInx6Yl28WOiQ3FXC8Tij5L0vgOTh66kjd%2BhCaoS1f3qvjqfOXLLRJya%2BdOc3D8S5TgimJOnq4Tw12rKrw%2Bjb4kI2L%2FQlOmrlv0mz3%2FzKHOeSu3srrUyYV5kE58QK5wRE6RN7LKFFl11LGAsX%2FW%2F0dDgdEUE%2F3n2npIDfwk37C0VRFi86tM3CJ%2FzhBA373PKC4d9EO97l0auVLMNL%2F1aq%2F8EmmHkRz0SQH53wuJs8f%2FFuxQe4MVymT3I3HH0XBZNcK4cFVS%2B9TMEfMokcgdqErEkfGsHG3aC09UBD57mTo0s6yr3YUpGtLoR7fWerEeT7NQ%2Bx2VUdIqOBbAfUsVtDGnuJCz5z8GVtl8%3D&ptyp=4
1699604645,A:DAD_20260918_A:HUI__1-0-0_ECO___1090098687,2026-09-18,Economy,Vietnam Airlines,VN,6080,VN 6080,Da Nang,DAD,Da Nang International Airport,,Hue,HUI,Phu Bai International Airport,Terminal 2,2026-09-18T10:20,2026-09-18T17:55,7h 35m,1,False,6765544,0,6765544,False,https://www.agoda.com/en-us/packages/book?cid=1753802&pk=A%3ADAD_20260918_A%3AHUI__1-0-0_ECO___1090098687&pt=AAAA.AAAADM1aH0h2J5owTFVMDnT2Ho6oYu95bFJtOousETXVVki6HKpdXZsUc%2BjnpazJGBerRlwU6YPrMJ9ekn1HxMYlW%2FJJ3QuG8%2FNgKtOl7%2BfE1XJ9wRBAep9If7UeigWYTvXQQCTA2iJ5JTsnsrRrR%2Bh0tUI6xFVNuLSpY1c4Z4x82ORcss%2FK1PNfv0z5Z%2Bdheq7afhHY2rkEG7sSBCfCRPGDF3U8oqQxOMMxFhJesb2wBfAFTZ0%2FMkr8JmBoSCl4mL0rsurcpA03C63MtNPTR7CuYBYX5auywIcT2BfClMsf0GRI28Jmkx%2BfhAgSVGoNEfO5H%2FUXbXs4D%2F%2FCdfolnCTRRHg2Y2%2FmYcO1wZVeGZpg3s0GA9zlgjuzTFLNFTZqFEQ%3D&ptyp=4
1817147024,A:DAD_20260918_A:HUI__1-0-0_ECO___702498066,2026-09-18,Economy,Vietnam Airlines,VN,164,VN 164,Da Nang,DAD,Da Nang International Airport,Terminal 1,Hue,HUI,Phu Bai International Airport,Terminal 2,2026-09-18T09:45,2026-09-18T17:55,8h 10m,1,False,6765544,0,6765544,False,https://www.agoda.com/en-us/packages/book?cid=1753802&pk=A%3ADAD_20260918_A%3AHUI__1-0-0_ECO___702498066&pt=AAAA.AAAADA1Qp5KaOt4XzxRu6S6Nl8vIrRaBeMoUQKpVErV91Myu2Z7KVRRVAQ8PaHNVYJe6mBmwJC07lxw0eM0pHVG%2BoBOwBrP%2FFhQa076iUet98MYw5zALVSTojoh%2FiMuEXeuuxHOQdYAuNQ%2BwOnkm4yTl5rPVdpv3RLglqaP8ZZWF4OJWZc7Iwh193tqVPozBwm8sVhu%2Fziq%2FNAlbdALxGnFR6HeNHJ3rEtIfsFcZUyAepvReE%2B11vcICWiiNja%2FYQY4fwzgHwE4XdxWw%2BJVRk47vjEv0f0cqjAQYaNw2yfNkKFFBWK3zWVKGxHy6dK2L3MMKUTnbzqNYbQ7BqhuyIIGWvXUpruHB8udciZfvlc8%2F6GQKut7HWrLo2IXSTOZ%2B9Q%3D%3D&ptyp=4
83906769,A:DAD_20260918_A:HUI__1-0-0_ECO___518086532,2026-09-18,Economy,Vietnam Airlines,VN,109,VN 109,Da Nang,DAD,Da Nang International Airport,Terminal 1,Hue,HUI,Phu Bai International Airport,Terminal 2,2026-09-18T08:40,2026-09-18T17:05,8h 25m,1,False,6765544,0,6765544,False,https://www.agoda.com/en-us/packages/book?cid=1753802&pk=A%3ADAD_20260918_A%3AHUI__1-0-0_ECO___518086532&pt=AAAA.AAAADNhiJLRBJgiBHZoSGa6PkxoOJHbvSqmbr%2Bl5teyOLMRZ6HHd5d66Zx7aaaiphUicSuW8EeM9wtpC1AhskwIg9YAMsv09DO54EgMBuGdyH3aiEl%2B25KcWLF9Ox1nUflGlZDYdhN0W53y3YY%2FE3eo1zhduwlKzDg9l1oGOyvtiQs%2FJFQdccF59Hb%2F%2FYwVTPdRHU5Ik8unGKT8p70JfEpkr8DUcw9WaGZTDJDOtRXkpviTQciXb2pEhthwpWIaZr2BXJ6uDbdfFsWqs1utWLPNVGBuYweJHs%2BFcIUpX8GeeN%2F8XsrgHOEpED%2B5FP%2F91ubnAyHdWs65P2gymf2SPHUyQ%2F0gLAsITuzDZK0rEzFdQG985%2BuS4DzFbre5e6Y8%3D&ptyp=4
1568553963,A:DAD_20260918_A:HUI__1-0-0_ECO___1937761324,2026-09-18,Economy,Vietnam Airlines,VN,6080,VN 6080,Da Nang,DAD,Da Nang International Airport,,Hue,HUI,Phu Bai International Airport,Terminal 2,2026-09-18T10:20,2026-09-18T18:50,8h 30m,1,False,6765544,0,6765544,False,https://www.agoda.com/en-us/packages/book?cid=1753802&pk=A%3ADAD_20260918_A%3AHUI__1-0-0_ECO___1937761324&pt=AAAA.AAAADAlKLbNor38UET8bUAD5KZ714GvDM1awFCrhOn4otSmnmz8NOlt1jsHQc2Tsx2k%2BALiq%2FekxSXwLbx8QEqq%2BTml7i%2FzcxoURAJz08K7O%2FoKePXuq7FWoK%2BcXw6lfVbG%2FnYE4ZBbbED7FNOioIOxOA0wrzBYIMWM83jBEOt0Y1XvcfZ3xCE1WuMTzA2rg2oTl2UXubuVtG6Peh4DVVwEajXWYz8STX5I7L6WTkKjBiEvHY3f6sEcj%2FgJqEQMikJu3bp1%2Fxnfgbx7FgTCRJoAX4kYph7aH7yY5PGbHSJI3E%2FfcRwhZX224PTDFaessb1TKntV0cG2u0honubn2DzXMrfVnnGflQ80nXGF2f74j2mMdjeU1iHiTonorB690s7IT&ptyp=4
963988518,A:DAD_20260918_A:HUI__1-0-0_PEO___1909910711,2026-09-18,PremiumEconomy,Vietnam Airlines,VN,7109,VN 7109,Da Nang,DAD,Da Nang International Airport,Terminal 1,Hue,HUI,Phu Bai International Airport,Terminal 2,2026-09-18T07:45,2026-09-18T12:25,4h 40m,1,False,9193901,0,9193901,False,https://www.agoda.com/en-us/packages/book?cid=1753802&pk=A%3ADAD_20260918_A%3AHUI__1-0-0_PEO___1909910711&pt=AAAA.AAAADJIKhbiY9Xe8iFG2nIQ%2BbMKT5SlHswSlcJB5CzuZAMa%2BQfYzy6tZv2hJqmtEB%2BArs6eMJfyM0xxjslnNC2M7jCUdvbh1tn%2BAY9Z%2FUBx1G6tx1zhXuFGSpOm1aaM4vL5ptczDjfzF6mwI63TTlsLTP6vjxcApYFPuquSvotRJCv0LFlfBNgh3BAHHyl%2Fezw%2BRJpkdDsrykVN%2BPsLJMetXl8ji4vlSv2TkWruQR%2F84tN5AEiYounwG%2Fi%2BLD8uSe%2Fg8alfi1p%2BbCu9YQs9T3YOqWejrp9efkp4YzTsdU0QJ6NfcPo%2FjClhy6gbMXOgOHLdb3ivmcc4AqQaWv2D7vnFzx2Vonv9pqINTGIJSiLP5DJkFIptIVK2rueyceQlnW5muHuMQv1eX45gEjzJhThJ74rRtPQb4xuiFguJWIdSFXeKi8OvtxHcb7zrqL6phG0UbcuFnMyOt5ZOcwHbi04H2KCEPBkEy81VUHTd2qja4%2FyCzGxore39sddKQpIbJeDPIioncMokXRLZge10C1uu%2BqwF0ML62WkLg&ptyp=4
238906112,A:DAD_20260918_A:HUI__1-0-0_PEO___1199905350,2026-09-18,PremiumEconomy,Vietnam Airlines,VN,107,VN 107,Da Nang,DAD,Da Nang International Airport,Terminal 1,Hue,HUI,Phu Bai International Airport,Terminal 2,2026-09-18T07:40,2026-09-18T12:25,4h 45m,1,False,9193901,0,9193901,False,https://www.agoda.com/en-us/packages/book?cid=1753802&pk=A%3ADAD_20260918_A%3AHUI__1-0-0_PEO___1199905350&pt=AAAA.AAAADHnClmj5bJhuesmK7xkC3KlaXh6R%2FHdqmSiy3ymCQptkeDacrUDG3o6dk4Rkoa5M0VDRVMKI4h4HyO%2Fyy%2FuZxXdbysWb3Ia%2B78J2MKuGeKTBdBAgwqZfs35%2FxXLt%2F2CI5qcMNohgRWekIE%2FleUI0eA4YVCDTkBkILF9y8kWTGtZtc487vCtYoXpHstCD5EWUT%2FuVmnALzKSIRTZ%2F%2BzJRNPeIyfuGSnXCY12kopU1dgUg8tGs7iPR8Y4bNlVw7FCmB2Q6Tms3myRAOGsCJ83f%2BJNzTnL0gR7aqMOCDxNNV183P9wPmO8xWLJUHX%2B6UZ37rkPct94mREM40bHtGuboo4iOQxIzUCXGMQlQMlJtuKE9xl6VPmcjTwxGy0eG3XsbN4x7fCvIBf711QNocDiek%2B5ZbLGBf0dhBOR7DoCL44kDKg8yMn3JGWPzBOG1OsTYLdpC%2B439U126eVTJgVu7L7Vnmm6Kr2Zm0HAYsZYxcwo%2BH1h%2Fs7fBl7lhs5J756vxEiI3koE7HxQGG3vvcQuKDhI2E2AKjm8%3D&ptyp=4
1429729041,A:DAD_20260918_A:HUI__1-0-0_PEO___181543822,2026-09-18,PremiumEconomy,Vietnam Airlines,VN,162,VN 162,Da Nang,DAD,Da Nang International Airport,Terminal 1,Hue,HUI,Phu Bai International Airport,Terminal 2,2026-09-18T15:00,2026-09-18T18:50,3h 50m,1,False,9825387,0,9825387,False,https://www.agoda.com/en-us/packages/book?cid=1753802&pk=A%3ADAD_20260918_A%3AHUI__1-0-0_PEO___181543822&pt=AAAA.AAAADJ6uM%2BozwHYvBpa9lUAuS7Eqc%2BbGlTmth9UcOeA7C3A22Tku0Lk0Ltxf4p%2Bcvfq4LNX7Eq9xjKOGm9h9GdaSG912AtPuae5wRWjwWwvPuaZVFcWPnfCm0jZHOG7NfkV9iHyaBkgzLTrRWoQvyLwxm300iPd9hfYx0Yf%2B3aDnKyMZjcGapbMuFM%2BXFB2XbLGam%2FYksIB%2FpAN6MN6dlje2izMkFRJUucu53EqYLBz%2Fy27Ufh8EGQNxNAJvZ4xSxoY8KyGZz8%2Fveb%2FX3w0yVqX2z0r73vUPfJHIRhodYIKBptbX%2BDBbLWNDaNRMYxK6RPBgNc3TZzSE22%2Fj%2Bg8PSZpp2fHg7cj0CCdijAKlAvErcgZLHWxSoGWywPLKijMKDDCYOEEk26fPsCEz3ORSWtYccqxKPY%2B9S8Ulj7w3MDHIQG%2FG3SZOFM7%2BC%2FBVmuMPughW15FigJyao%2Fn6Lq%2Bycdq48QdO6yuI92jy2uvCunay2mIh3uRGDYWsUnvjT0k6ovrWDoigbDkx5uu5u%2BKrdUEA5eQN7y7b4Kg%3D&ptyp=4
1348448552,A:DAD_20260918_A:HUI__1-0-0_PEO___706314600,2026-09-18,PremiumEconomy,Vietnam Airlines,VN,7162,VN 7162,Da Nang,DAD,Da Nang International Airport,Terminal 1,Hue,HUI,Phu Bai International Airport,Terminal 2,2026-09-18T14:50,2026-09-18T18:50,4h 0m,1,False,9825387,0,9825387,False,https://www.agoda.com/en-us/packages/book?cid=1753802&pk=A%3ADAD_20260918_A%3AHUI__1-0-0_PEO___706314600&pt=AAAA.AAAADP1MAxS51YKCY16JZxVkg7ftwIP5dXx0VXSY%2BgQE2CDoObpZ%2BSD4x0IrKhHZM8oRCzpezbX8YpLLqXdukh5fA38O4YlFt1B%2BcrBkonr4XO2OIAWEj8tXhcK8tVuA1kakLmKCjoqnbg77Y%2B%2BpFJXBu4AG%2F8390cjtCkc59ObqCG%2BGusOu5ygUPUG9DD2zFpwN0N8Mqy%2FqHDV%2F4W%2BQ7Xezu0UO10CNEd65uPeAs8jksApMdVooOmiXkFgLe7AgzrUD4UrDTCl2QQuAQqhWliqydp4868Phex5cCIrrAyRzfarfBeNfgj6lY8%2FuaGvXMVqnwxNmuLfzSpD9FXk3%2BfpHbRv3%2BNzXhBHn6fgJoy2dzHtgxvB17RBxn2839wXeuF%2F%2FxQaI9Ytv38NxYmC6X4kFJGXQ0j%2B%2Fg6LowSdUOvcuxUec57gqKFJ7u2VKKoxOhsMG%2FwnndbpZURHPxclOdJNhMC9S0BGH%2F6BblVT4fW2WqGdjDWav4NAp0QoXzCGCDIfdkrSLCRTE7VUvzrrKTyy8CLp6fMTZng%3D%3D&ptyp=4
829587629,A:DAD_20260918_A:HUI__1-0-0_PEO___37937238,2026-09-18,PremiumEconomy,Vietnam Airlines,VN,127,VN 127,Da Nang,DAD,Da Nang International Airport,Terminal 1,Hue,HUI,Phu Bai International Airport,Terminal 2,2026-09-18T12:55,2026-09-18T17:05,4h 10m,1,False,9825387,0,9825387,False,https://www.agoda.com/en-us/packages/book?cid=1753802&pk=A%3ADAD_20260918_A%3AHUI__1-0-0_PEO___37937238&pt=AAAA.AAAADHEH%2F6hfso3GSbIw8x0ZLhFU1WeVU5ohvymoihKDJCmMPLRvYb4anxDbWEwTKc9qczQwjFgPB4FqGww%2FxL77HEPFiLW2nzusicVQ%2FH7D9u0Am3C1TG1%2B0jpGLpgm7r8WaFuB4s%2BUzyiVDcRoDNCDFVUzARiMjadKTRAEIT%2FClrzQpUcRsDfI6NNJUGd39U9FJPeWecGgiuwkVPoqwTvNQPmK4habk9UT6zeV8CiFT%2BRgvt0OJw7%2FHUU4lsMnLCRqIPoUxS3f2hP8gHTkXuok%2B%2BjFPb%2BWX4ipiDcX%2F4P%2FNGz1RK%2BSG%2FOhPEto5Tv6yfsKCF68sL4mXgfjZdJzjGMiv7VAed9B0C9n7EWIQCV73zWgYrezYlH6EkzDMB31SNce9b1dJqg8ThPQ6J6f29TSTYSvJEPbZOFbYVkYM2uxqqDnFDv4yd%2F6LRH4yxWTkH9aFwGMjz%2FNA9%2BjihC2gPA08exGATz3bDfXBSDV2I4f0DdoUxotCIlaG1y82Rd6tiZa18Ut37HKomODrPRfw95Wl8%2FaSw%3D%3D&ptyp=4
2009984123,A:DAD_20260918_A:HUI__1-0-0_PEO___1723883425,2026-09-18,PremiumEconomy,Vietnam Airlines,VN,168,VN 168,Da Nang,DAD,Da Nang International Airport,Terminal 1,Hue,HUI,Phu Bai International Airport,Terminal 2,2026-09-18T12:55,2026-09-18T17:55,5h 0m,1,False,9825387,0,9825387,False,https://www.agoda.com/en-us/packages/book?cid=1753802&pk=A%3ADAD_20260918_A%3AHUI__1-0-0_PEO___1723883425&pt=AAAA.AAAADBGnaygDRcy52izTsr9CPTcOjeaIdj4b1G8HMSdVWsWjzlVYfs3Z6h1FLRMQplEt%2Fi5ePZuGvTZka4nzQg8LtKdWNvA3bPaSgMAbflxftA5sFW79zgTc3M3F1t%2FR%2BHm45i893ZvKUGyv%2BmZyAwsNLb%2FohvYazAKCb17x%2B6gKJaw9g7r%2BncV07yO73pn7UqCk8l9l35oSq%2B0VQnir%2BnE79gTrj%2B1iKd8uh4tdFmXVMtgaengDqaOa%2F9UDW7witzdvn9abIgN2TR4mYrl6jHKeDhfwzMreFiLpZC4cSx%2B9aErm9eJLb5emszc1o0Vu3sYgGGrIkPdHp3EYL0%2B6ROaFjw7v9%2BoM1Pp9LgzanVQ46IREvnoRJ8xTefFldBg7pyiGc%2B556o9QziZu0HU5qj6YQAjhqKzEyc%2B2%2BS2qvvTdBD%2FT%2BgcAgnIkfK4Uip8BTZ3Oo6Mw5O7yi3QB9SWfI8gOn6iPNPYq5X8AHHftiIl09MMzeD%2Fe4aSN3nBYBmX0adEjtkr6EEP8RKu%2BfATw%2Bn1StYrZw7Gz&ptyp=4
1676401191,A:DAD_20260918_A:HUI__1-0-0_PEO___342397662,2026-09-18,PremiumEconomy,Vietnam Airlines,VN,123,VN 123,Da Nang,DAD,Da Nang International Airport,Terminal 1,Hue,HUI,Phu Bai International Airport,Terminal 2,2026-09-18T11:55,2026-09-18T17:05,5h 10m,1,False,9825387,0,9825387,False,https://www.agoda.com/en-us/packages/book?cid=1753802&pk=A%3ADAD_20260918_A%3AHUI__1-0-0_PEO___342397662&pt=AAAA.AAAADB%2FVCr%2BLYpvxQrzlcFqPuIBGhbxrDoVF%2B6Z9h6pYez8XaJr9KUSkfOMG5G1Svfws%2BBx0bzk4NgKDjkzc43OsBQ5VtCZB5JuTCNKzarLFr8ghrkAE9wW7xDzi15jfg%2B1FCuq5%2Fy9Qbq5%2Fru9tbKYuUBkv3NhviaDfR4P9CC3JeltA41XdRnItDZSGCYQCHyLwUJ2mJhdWfMpBvtshOqKiqSyw5uiuFyAHLFEqnET4Nq7%2Bsm%2FNS0PhOvCF08D1Vy%2FCk0IryfU8wD8hkRjzudrvpPxJUSTdZSrxuH8%2FBzrCCM5RTNjMTtjXGpzll57vQwS5RYDP0CT0%2BeGMng6uQFta7%2BJ3EyY0%2BZ5Sdz2HHrtHql4t9GN2Gnv%2Bvu3hlPgYw5TmnuK64iKFH1yZRLkYQ5b2W0RyOzWaYly4B1H6U%2BgIPb0Ty%2Bhmde%2FFCRuuCcuk7lhdkAfGkvUrxKKjUV%2FmC7sYstjQV75oYrEuDq6rDTJgL3CknC89oCBYkW9JrbtNBYlcX4LpOCDgohFPQbKmLaIixHbOwD3Vf44%3D&ptyp=4
563238569,A:DAD_20260918_A:HUI__1-0-0_PEO___1979413777,2026-09-18,PremiumEconomy,Vietnam Airlines,VN,168,VN 168,Da Nang,DAD,Da Nang International Airport,Terminal 1,Hue,HUI,Phu Bai International Airport,Terminal 2,2026-09-18T12:55,2026-09-18T18:50,5h 55m,1,False,9825387,0,9825387,False,https://www.agoda.com/en-us/packages/book?cid=1753802&pk=A%3ADAD_20260918_A%3AHUI__1-0-0_PEO___1979413777&pt=AAAA.AAAADKc5aZKyHPutqs56KkU3zjLwx6HOWKiIxMqpzDgiHOhs2do%2Fe2jZ5b4dkF7U%2F8MoMDCXqJVD5WpBU2Z1qqqV2rI2CtoSpBvD0ZvTI%2Bn6c7Psa3%2FuhPcvAkyFuK6XKQJ8JrfUOMZn9ApiN7cSn3EFQZCpu3LV2ld%2BacAimGf0h%2BImVL%2FrJM7SWyyW1oEAnGtF0az5szp9w2egH%2BFZ4Ii%2F33U9R6wGc1SJ%2Btd6vUSzGPZgbGoOyFdNQo5MVtlEs0FNTVBBjTvWm5zAd2T2sKRNIHELRBlHTe6safqLrumVsGfcETxM39UQhb%2FfpydXIGSQbzfoingZdEpFDCV6M9z1y6hSVGfh4ZOZCGJGRvnzzAGjGyujYRElvVHlxyHge0WyQjwqqmeKihNEvskSmvXxUGHccq6WFQhzK8%2BmjvJZL9ru22oqlYmDxz%2BP6HXoKXqQcxIGYIfylt%2Fta0fVaOMBltCkpLNLs%2FkH3mpNHWzGk%2B05L3l9cPgL3FpZP85GZydoPF86AA8Ka2kSleizQ1T2PSq5MzPRfQ%3D%3D&ptyp=4
1958195237,A:DAD_20260918_A:HUI__1-0-0_PEO___336657653,2026-09-18,PremiumEconomy,Vietnam Airlines,VN,119,VN 119,Da Nang,DAD,Da Nang International Airport,Terminal 1,Hue,HUI,Phu Bai International Airport,Terminal 2,2026-09-18T11:00,2026-09-18T17:05,6h 5m,1,False,9825387,0,9825387,False,https://www.agoda.com/en-us/packages/book?cid=1753802&pk=A%3ADAD_20260918_A%3AHUI__1-0-0_PEO___336657653&pt=AAAA.AAAADPKUHTklBAy0iexFwEmfv2z37OAdzJ3NMqrKsoKTjiqGhijWYkuHUkZpqelqgu7FWf4SiJXNF818rvq78QDkWoeI%2FUxybvpFZ04vozVKaaumQA9XbRkfu7wt7wE5V%2BxaRPxewGBtIT%2FGWNeLadity8FY9ocsp24C4DE2kr3v%2FlDV1LGhZNmT8bE5VGJzKSTN%2Bu0x%2BzYfvr3qSJ3Ue18zACvzpaho8lgTp5xirgIsk66LF8FsOjcQGTL55UXferbRoVx7muZfcRx%2FN%2B%2BDGv%2Fd4%2FbFgjCCxcWfYQfWV5LIWpekauZMxBV%2F%2FRSv8Hl0y%2FJBpe0di6a%2FY9KhxLcP1WN0KTlRqjRbmANOiS9Ln4o1HdL9YmNaV2KAvItyNccnH49DGTrep4Kn9DK%2FG5tM8p%2FYk8WimosNL%2FV3nC3FmaqMWPikZgI%2FLeGQPqkziyofo2xuhHAkMKkjQt%2BNeNlrDRGOYFypEKDIl3X0LQ0O7TGkqh4D81nzvZC6EmVJkdMjnnlw7bP41nYDDcAOm2RjEGW9AXxcbRPcJA%3D%3D&ptyp=4
793511136,A:DAD_20260918_A:HUI__1-0-0_PEO___469217005,2026-09-18,PremiumEconomy,Vietnam Airlines,VN,113,VN 113,Da Nang,DAD,Da Nang International Airport,Terminal 1,Hue,HUI,Phu Bai International Airport,Terminal 2,2026-09-18T09:55,2026-09-18T17:05,7h 10m,1,False,9825387,0,9825387,False,https://www.agoda.com/en-us/packages/book?cid=1753802&pk=A%3ADAD_20260918_A%3AHUI__1-0-0_PEO___469217005&pt=AAAA.AAAADKjVyqQuFnyZRHiDoXkNV0jTME96plXaZOeYKstBhZwOZ%2BuR9HXmwzD7UObZx0qz0PfqomE741jULi0kxCH%2BF89%2BXkI1p0zjefujpEPbkmgATaJVz6%2FV%2BDQSf86mgJy9eFc1EeBXrD91peESrq30XQ7LfA3P9gwxNE6TGfL7uFW5WGIuDl%2FMV5NBf%2BtCKYa6idcGrlyIxHkgVvAW1SOgJNNQDEyl6PhgmEd7adym7Ka2wStSv5Eo7%2FbE2HP6LZedSmm9Hc8WCMmt2HX0CVKX24D%2BMhCplu4l47IqavYvaXrAktn8z53UA15O0GRoiH7HH1ypO8Wx%2BjMkoYikkxgLQ4vKOHZnEtJWguiSadBBl%2FBnJmEUp8dpb0Go5rwtX4rePZReewYuaSghccURrl8%2Fu9YCTNHE7WIqn2LCPgSeHpaX98WvdkOzqUqyUZwjB%2FRf4eGZX0VpAhX3Fe7RrkEEIn5QnpkvbphfV50vyMy47Mg%2FZCoEWhglMpGBJX80FMNJ0awy%2Fj5J1dtwLM%2FwPb48eNPtRZg%3D&ptyp=4
867704705,A:DAD_20260918_A:HUI__1-0-0_PEO___50548535,2026-09-18,PremiumEconomy,Vietnam Airlines,VN,129,VN 129,Da Nang,DAD,Da Nang International Airport,Terminal 1,Hue,HUI,Phu Bai International Airport,Terminal 2,2026-09-18T13:30,2026-09-18T21:40,8h 10m,1,False,9825387,0,9825387,False,https://www.agoda.com/en-us/packages/book?cid=1753802&pk=A%3ADAD_20260918_A%3AHUI__1-0-0_PEO___50548535&pt=AAAA.AAAADAckwrx%2FeRd6gfzE9ja7rv4fWncCz%2FXKz83ztPNKDqdDihIIyzcPsTIdRnKshUnA84pfLPDQpXGl7wX5b5IO%2BLuxLtoqHtIv41yG3idxfYQf1%2Bg8jLT3NtwHo%2FVvbLenT9Mbmf138phuRBnwKiyIg42YSb28m8bp4JTTtmNDvMLHuvktFJzGehXGnBenKk08bLD6RJRtQHWo00drSYRbgqQyDCxN%2Fxl4ovzT9hunyIcd43nvlNF5ZK7eNNN5Lg4Pp%2Fd6UkngCl5YAg0K5z5mfRDSledVEeve%2FmrIHbd19lApexoL9S1sRTXZN56Znb0Y6hlfWtnJ4KEkzp2YmFYbx7qJDI%2FxgAA%2BM5imvYfcFXcImysls70o7wSOThYSxV4pV9RuQq6tMURfMKqowVEH5Dssnhpa6VlYQkKal117Fmk3BZ7JvOUIsF4pKwDHCtncHO18TZH%2BpdVv%2F9rmEH77p6jTrtlacW8sOPs32JBfGkt66OIZDcUPzdAnVTYRztq9xlxvFTDlgbgB%2F3ZTt%2F%2Bgr9twHQ%3D%3D&ptyp=4
225459990,A:DAD_20260918_A:HUI__1-0-0_PEO___702498066,2026-09-18,PremiumEconomy,Vietnam Airlines,VN,164,VN 164,Da Nang,DAD,Da Nang International Airport,Terminal 1,Hue,HUI,Phu Bai International Airport,Terminal 2,2026-09-18T09:45,2026-09-18T17:55,8h 10m,1,False,9825387,0,9825387,False,https://www.agoda.com/en-us/packages/book?cid=1753802&pk=A%3ADAD_20260918_A%3AHUI__1-0-0_PEO___702498066&pt=AAAA.AAAADADIsItfSIQJJNjixhVqlSHRxeUzYFxNCGoz5%2FpNVq0SZFvCxs87%2Fkllr2tEQvXLwKsTsPRqWk%2Fy0LX1y3qI%2FosUcAsRHIivR0ucLQ%2Br%2FzS80r4Kh5G8nM3xFIagyGw2phGi%2BPQYQ4G%2FBpKjTcndKtrt%2FH6wKY3AqHJC4HAqd%2B0y0kwUtngw8hZ8xy%2Fj5BVcciWYOV%2BQIZVycihKd9aPOCXC70pGqt%2Bs8pDqAcHW55T2CctgmK5EQeGbMBVhBa5tIBKMgX6LLzbebewn1HUAmdpe7x8HKGSPa6Xp%2FOBRk7pJLSy0jIk%2B35NCTiRBbePZUGsnurPeK0vp6AwG%2FxlCYILSCjcN%2BR7zAM77TgtSAbMA5pztRp6DLu2YccjHs%2FYljcRZhDdKE%2BJ9S2eRlwfkv2mC8kBViXiscbacorSoGPNkGW9GabDY%2BlibGfq1girH3kBVqAoXg%2BXSJ92K76a%2F7E%2BmdLjVomayiKqk0u7vRIakzuxCJe7FjGmxLFG3UcLi62Lg9pZSjrwCjkACa6Azle0dQRS2xQ%3D%3D&ptyp=4
1055694762,A:DAD_20260918_A:HUI__1-0-0_PEO___518086532,2026-09-18,PremiumEconomy,Vietnam Airlines,VN,109,VN 109,Da Nang,DAD,Da Nang International Airport,Terminal 1,Hue,HUI,Phu Bai International Airport,Terminal 2,2026-09-18T08:40,2026-09-18T17:05,8h 25m,1,False,9825387,0,9825387,False,https://www.agoda.com/en-us/packages/book?cid=1753802&pk=A%3ADAD_20260918_A%3AHUI__1-0-0_PEO___518086532&pt=AAAA.AAAADEVgjWVa2yHlP0hWDstfKbEq5IdJzS%2Fp2qMiARKH5TJ0Vgz4ZhnOJA9wg%2BVG0yNprVT47xavbEYwq9S2ezAO4%2FDZS7YJ5DEXgpOvWbvlApcNj%2BvWbtjrI1qy%2Fj7naeBm5wTO1Ipf2H4jqjXvM7E9apulguVEy4XtkyOI1z3dGO8pHrZdrEunNkwGoY%2BbFiDxlrxX%2FMPO4ESvGOBPcOyWuU%2FocHkKAXTcoV3BUQ10yUn97Yb2d9ToJanLtJiWX8DHrV8Vb5xmOcx868l6v2VZCQHhpOYl3q5IQjpY0zL7lBvoOxC4AfgU28%2Bn%2BU0HJ4kwUrP%2B7ablBUG7lQtFs%2BKrgX3Gk1TNhl1%2FXoPHiOeiaTbXZI0ALgqATyBfDdo1Ste5jXOK%2B%2BLaGuIyLwjGQGx6SHgOM4GvFeLLc%2BzWeSy4hAtB3QjJm4%2FnjSmokf21xe5X794hjJC9m1thgZWq%2BLoikz2kaocNiZrSOnBeRgaqDTK5vqtkxQ59mOsMn6w6Y76Ee5WpgZPcbBd7%2F0wqZ7%2B1xt5ghsZRjg%3D%3D&ptyp=4
1921360181,A:DAD_20260918_A:HUI__1-0-0_PEO___1956864080,2026-09-18,PremiumEconomy,Vietnam Airlines,VN,127,VN 127,Da Nang,DAD,Da Nang International Airport,Terminal 1,Hue,HUI,Phu Bai International Airport,Terminal 2,2026-09-18T12:55,2026-09-18T21:40,8h 45m,1,False,9825387,0,9825387,False,https://www.agoda.com/en-us/packages/book?cid=1753802&pk=A%3ADAD_20260918_A%3AHUI__1-0-0_PEO___1956864080&pt=AAAA.AAAADCgzSdSzA62B3O%2BqBb9ZJ0towWAdtP8AYPdOzcZMb%2BIIdM4la34knUYY%2FKd4EfZlgOZANl%2B6cIxoP3QarqH2WOaGRC7v8hB9FWHNMp8HpigL4lIQhrUVqZy3a4BtRgbZctEoy%2BBVfuztDlAXQx3O2y9z9Md1YDgdPF6XeIWMzn%2BunULBGopxYGpJvkD8DWrh5AAZIgHsCC9Z%2Bjy6N9pZgEi7CoSKW0cjdmP5jg8lryNXLicMN6ZJkYCBXkiQNL33MnA4YhWRm0a7UqEtMCagGU%2FvqqQuj5V1j6vjVlVtXj%2BIwlG68cUFYG6ueKRq3foSR63nb5%2FOxfSqGvQyC561PfIjZ2l9U0ACHfH0QENjZ4Hjja2cIb20A8dK8sOLjQ8y5XkXgwC6LyheqBADvUbRZKm7%2Fm%2BFJ7AUHqCQ%2BjjgHJfGa672Xfy%2BKZYiuWNIgvqTqQzimJMtMDpZ8JMtlWx8ntub4oMmpwdQxWxQSyMjBPKWO0MdDGzYrst2SvxtRIdkdKE1jQjsl%2Bfd%2FmORztyMW24sTdmIyOc%3D&ptyp=4
1467165732,A:DAD_20260918_A:HUI__1-0-0_PEO___1450824418,2026-09-18,PremiumEconomy,Vietnam Airlines,VN,133,VN 133,Da Nang,DAD,Da Nang International Airport,Terminal 1,Hue,HUI,Phu Bai International Airport,Terminal 2,2026-09-18T15:20,2026-09-18T21:40,6h 20m,1,False,10684640,0,10684640,False,https://www.agoda.com/en-us/packages/book?cid=1753802&pk=A%3ADAD_20260918_A%3AHUI__1-0-0_PEO___1450824418&pt=AAAA.AAAADGz0XK3IBZRmn9dfRPDHd7iP8LN0RZoso0tMXgUP1%2BwwK5xQTTONpeOaOPEybaZDiMleuk0W7CUH2W3l9rYE%2FEC79hpv%2FmvfuVqBU2JC6H%2BRZvh88NFxSjTM4oK9LJEQXwLgo8z%2F4ozruIA%2F41etnQEuXofI0zdJZTegcI4vYIZMAImJCXROITIxt%2FOXGY6oFb0K1TN11PfLvtcrzXm4cvQc3%2FsNJZVwFj68oNUa6cFk9s6mTgQ2XoIoIB5YI%2FS8vVV6E4sdtXSfxrtKdgKminlOBm9Ie6w3MfnDfcn93104mPXOWcP6w%2B8c1ezGnB5MO%2FxIerctJ%2BA7SKWIcaQyDzjVzjnkaES0mJdAaUJuKtN0wliuBeleLj9CR4k%2FMqmEgFCwVM0BNTP%2FfUa0VB%2F05zmKWOrLK5ixUEKw8NOHZ7qljpaxussLVTygYOi%2FWXqHKDs8b3wSTGD%2FHn6VIb1hCOArrWrZO0%2FfBzlZ%2FvtlPoyWmyENfWbXMSCD29RiffVWRHI8vfoAhEZCXdAkX5NhT%2BdJcVv7cA%3D%3D&ptyp=4
936109490,A:DAD_20260918_A:HUI__1-0-0_PEO___1017575251,2026-09-18,PremiumEconomy,Vietnam Airlines,VN,170,VN 170,Da Nang,DAD,Da Nang International Airport,Terminal 1,Hue,HUI,Phu Bai International Airport,Terminal 2,2026-09-18T13:50,2026-09-18T17:55,4h 5m,1,False,11542552,0,11542552,False,https://www.agoda.com/en-us/packages/book?cid=1753802&pk=A%3ADAD_20260918_A%3AHUI__1-0-0_PEO___1017575251&pt=AAAA.AAAADP9FhTtU8IjayeQZAjGyJeKDCD1%2FgTNAdsuRdD2r3uo8vSKYTdh0%2FwyrAKh4PdRcb26hXv%2FTwKXnE5bXcyYPlmhvS9brmQGUQX7T9JQIyQXOFkJ48Mlox7eE6Vf0KI9umoyvYPsuw0GmJVx9ppZkxZFsuSmerPFeCoP1hsee3nyOP10AMYzSrnG80SbowiqSBKyCFcjc4v5JnJ2n2ObnMDCiaFsygxnbzYegrgrI51Uk%2BuiWFN6sTgKCkR1qTQ9ZaznEjw7nmb24HbOEcJDmsMXBDEEqQacfN0i9GO5vVmABv%2FEX8gHQD3UD9t3E0sDmTh15IKNNHbehnRrEZ3tAZ1r8FkNnXQ2Nv1gTiEfTIKHo8njpHLnICUuRS1rjk2b0AJrQWDCNkU3ZfGg6zuI4qYbpwQA%2FzLfyR%2FkBaa%2FjUUdKqgO2C45Ba2Fu1e5FMzLKU9H4NS63%2BUIBHxHgP5tuqB%2FCog3WqoktT%2FAiqbvcN%2B9rRB3iE7EKIxAnytf4yvlelVhYgrM4rReFhg6SLiuKHPTvR4T752gAGnS6S1HU&ptyp=4
1684461123,A:DAD_20260918_A:HUI__1-0-0_PEO___84205394,2026-09-18,PremiumEconomy,Vietnam Airlines,VN,170,VN 170,Da Nang,DAD,Da Nang International Airport,Terminal 1,Hue,HUI,Phu Bai International Airport,Terminal 2,2026-09-18T13:50,2026-09-18T18:50,5h 0m,1,False,11542552,0,11542552,False,https://www.agoda.com/en-us/packages/book?cid=1753802&pk=A%3ADAD_20260918_A%3AHUI__1-0-0_PEO___84205394&pt=AAAA.AAAADPMaYoNdx4kOY8Ihc9IHnY%2BdZMxcnlSEiSWsnNrueU1B79zfsDuMVkcKeXdif6h%2BN9o2RyEPb94c4An4fVjttbqrB9JY6spo1b%2BSQpPLQqrLXZdxKqw6odk8YS5pxHMLoSfTILSMNxkVQuCsdOOg8jCV0tbVJk%2FbGgYXZntKREzZvBnHUXHJF%2FgIVkbLYZNvGDkHJd261a3yotj%2BEbhejLN2hiY4I5LdjdW0ToDAD77za%2Fama23eQFTvMyIA0yr4%2FC8spwVoCM%2Fd3Qm3oHy6%2FFGu9kmgNesuHIPaqNgObX3BikQqqSfGYzhoEencZ5GtnJCo1w9vGQLELRfpisycuYlBY3J7hPEKafNx2YHZXxyBCL9l3D634ZlBFNMR8Xx9niOSoJvwaIdGHN2CIVvB9kaNX1HX%2BbSuyvOlpmek0%2B%2BsvauW4V7FjEbYBvKdssVX1Qu%2BFbGHUHX4EIYn5Z91Z9hiSdqcTIP2tbSL8zyjUtLjuNPLYwuVltCQtZ7HfFkm1G9RtF9oWpMBfDHBm%2B5Y5N8ca6ind29Uch6Acg%3D%3D&ptyp=4
1130123638,A:DAD_20260918_A:HUI__1-0-0_PEO___1839955372,2026-09-18,PremiumEconomy,Vietnam Airlines,VN,166,VN 166,Da Nang,DAD,Da Nang International Airport,Terminal 1,Hue,HUI,Phu Bai International Airport,Terminal 2,2026-09-18T11:35,2026-09-18T17:55,6h 20m,1,False,12402994,0,12402994,False,https://www.agoda.com/en-us/packages/book?cid=1753802&pk=A%3ADAD_20260918_A%3AHUI__1-0-0_PEO___1839955372&pt=AAAA.AAAADL9optHtXU9iXuof69OD7K1WoMEVtEzS6cfLH5Ee763GSqx7J9Qg3CZQ7AfC1%2Fh1fQ5ITolkrUjbs941w8t3pUqu3jhr%2BrRgnpJv2YqXb5%2FcvkCP%2FV0RppbYxY4s%2FaUOTFDJ9u0aDH8zwLzMZBJ%2BALnv1Qp4zvQ38SkZYqnsw1isJUWDi5cX4b6MbjrCLaXRpN2zHeg903TnibVFtaTEhT1DDMqFfGg9Q9CBQnIRvuwPh6BOroXuR%2BmCXQ6waAx8Oza3gu%2B7%2FhyI1T3ikWlZj38Ra3xj57kWNKr0s5XXa%2BP3hyhr0oRWik%2BkoWMCykssfTjOsIwqjUcmrhV60zzOUXzKhvEP9eyjrNe3tBI0sS6HUVrs%2FO2%2Fr03cICmvmio4kiAVAtl2wcD0QmrkRpU1Py8%2BnDGOVNALLVEwRASFI5v3EQBLjduOlAhMfv0tUmwUqHQ1g4Esy%2FF%2FfGzB5QS3mlDegT4jrv%2BFhjTDBYuG62A5mQWSyR6%2BoTDbjMjI7irSOXjj42ZBw%2BnZbUZ%2FA3iGUjDziDFPxxLw5FXmmQp6&ptyp=4
634744036,A:DAD_20260918_A:HUI__1-0-0_PEO___1050476503,2026-09-18,PremiumEconomy,Vietnam Airlines,VN,166,VN 166,Da Nang,DAD,Da Nang International Airport,Terminal 1,Hue,HUI,Phu Bai International Airport,Terminal 2,2026-09-18T11:35,2026-09-18T18:50,7h 15m,1,False,12402994,0,12402994,False,https://www.agoda.com/en-us/packages/book?cid=1753802&pk=A%3ADAD_20260918_A%3AHUI__1-0-0_PEO___1050476503&pt=AAAA.AAAADHf%2BQbtrj4IVUdbVz5t%2FOQLnRX%2Fo%2B7uvZuyQ67hMitmeXHN6WvEX4o0engWdJ99tun9EyRww%2FhL6wVvu50u%2Bl29UlTBe4ZAaTQa4Y3pedL1mMepR0cUyV4M7p71lQdy0DA%2FMDB%2FeoybQoFYO31hLnY7TF0Hu9WUZVnjOMoTVncxSFSGEzYXbyutUdxmxOV8WSdxQ0%2BUwXMu6uUCWMTsvHpPervIx9%2Be3bNRMkTa948biazsPZF45nhj3OcgF0qC%2BNoD0%2B%2Fw7Sz9vs0PMzTEMwrf%2BBAxFjg13kQFpAd5yugA9JNIPz3eFSEI5gQs6eBtsmCYrRXH8c83ppomxq72EX%2FgA5iSLtBuQghaK5bZ%2FQzHtyKE%2BTkLVUD7hZihhJmG6k5%2Ff8uWihdHDAbyJWJoLg0ESo86ZT8Ejt%2Br0BZd6%2FsSrEiysT%2F1BuyfLLKRGD5Zb82qCGa%2B4UVNgsEIAne5fh3emHKoyc2WWm%2Fu%2FiH59%2BByMDWIUqBj7vvcyrZm%2Fa7feGHx%2BKrXQZSDr7SurFvOq7LSlolfw48CO0Kx8OjqP&ptyp=4
901527477,A:DAD_20260918_A:HUI__1-0-0_PEO___923560025,2026-09-18,PremiumEconomy,Vietnam Airlines,VN,188,VN 188,Da Nang,DAD,Da Nang International Airport,Terminal 1,Hue,HUI,Phu Bai International Airport,Terminal 2,2026-09-18T19:25,2026-09-19T07:15,11h 50m,2,False,15312878,0,15312878,False,https://www.agoda.com/en-us/packages/book?cid=1753802&pk=A%3ADAD_20260918_A%3AHUI__1-0-0_PEO___923560025&pt=AAAA.AAAADG6P3HgmoX7lZLboK9qDZ4yakvlb3oqexXEH0oKFlQ2%2FXDULBDI%2B%2FKw8BoLFtLBf4cz9p0ZUux8FCuxiWoU0h4UNkjg%2BPspdfkfVykmMChquRzyFwv%2BTAnejS%2BuXpUAr2ZR1dH3YRpQz%2B6YTpNhJGE%2BGrmwXzknzUlrnp3WhsJSzm8GEfcCF07IfEJZ4QiTQPs8c9HYF%2FJ0gTtOusAjIVRqaRWQPdwz6yDAUaXKAzmeu0twTICEF5lyrLENJJNISOMMvXjzonVo6gdWmlVZIuRos4Ndn3f70Ii%2BQXG5kGyNwAUnkh2jt2DFilsL8Ek5RqF7mAmzH1pTIyKezwUNgS5eNbgYaoGHfOKx9FLOwG8zWepbqVbzF8jEIqzQp5q2avBDzURZjzVU4Ma%2BHQT34XPT%2B0%2BpXSeB4RU2NvcrxrrIor7CpINazD%2FmCcKhkl3XoYmdeCLItjysjyBauoh28%2Fbeqsw1Jd%2FpjNaIWakd8pPmcxwRA%2FLbC%2BW5sWfx9tlyheLQIkNMhEMh7R82KBh5NNXr992gm95N1%2F2E%3D&ptyp=4
1712066359,A:DAD_20260918_A:HUI__1-0-0_BIZ___1909910711,2026-09-18,Business,Vietnam Airlines,VN,7109,VN 7109,Da Nang,DAD,Da Nang International Airport,Terminal 1,Hue,HUI,Phu Bai International Airport,Terminal 2,2026-09-18T07:45,2026-09-18T12:25,4h 40m,1,False,11059450,0,11059450,False,https://www.agoda.com/en-us/packages/book?cid=1753802&pk=A%3ADAD_20260918_A%3AHUI__1-0-0_BIZ___1909910711&pt=AAAA.AAAADN42F7z7KqcOD54VZtTH8Oo0mnzDWIDZneYlhuGJrlzhtWUH1eI8Dm%2BkskKkHlyae387RVCeuOxNfaGEc1gQ1ejqTyoty3WBNZ8S%2Fe9ekv91X97mbZeebLSY8l3%2BpBsVEBuAD16Xrhv5ylud6pWO3MDNuZ2mCYGygO7IvcJBXc%2BTfrTDbjheFI9PgOkmAlKlw2iaoRGnlR%2BbdSo%2F8lPiRZycrcV474hARVkJp3gfL38dTtA1g22ipa85ikoPZKm61gjw6mCnhcD7iHFhf5Ouy%2FWh5TGtSBbGdXcTLRMwlGbTIPC5LU4R%2BYQ%2FfEOtWUQYOk5OvLmjrxMxke5OOYI6f6%2BFbiNnVU%2B7J4C5t0sFL%2BpA45JGLepa2Ee32WzOZTK46cwG8UQYcwW5muoO64K7%2B4fybhCWRdyK3041OrwXhCcV3n5HGuqbJy7l7YwhTJQ%2BeUwOuID5Az8v8pR75Mu%2BDem9B2lcukpBUY7LbEUUnWNVtCVZS9JiLS%2FUnhAnRXYtYBzGJ6IOdSgp044HeRORqoEgpCxkdw%3D%3D&ptyp=4
1661181650,A:DAD_20260918_A:HUI__1-0-0_BIZ___1017575251,2026-09-18,Business,Vietnam Airlines,VN,170,VN 170,Da Nang,DAD,Da Nang International Airport,Terminal 1,Hue,HUI,Phu Bai International Airport,Terminal 2,2026-09-18T13:50,2026-09-18T17:55,4h 5m,1,False,12558083,0,12558083,False,https://www.agoda.com/en-us/packages/book?cid=1753802&pk=A%3ADAD_20260918_A%3AHUI__1-0-0_BIZ___1017575251&pt=AAAA.AAAADLrYu94g1MNNHFZSLHP8jaVFYroJmi3Rlrql0FcKBuLoolI3TQEhn%2FASfk1iMqbSHqFVsSeSa4iq9WgR%2FVyk6JRszPMRbSK4tOMzlQE1vEwoGg%2FxIDmv7Wa6GBP32nwpfX1YsOer0AaK1vPay9ZD%2B0hf6kvG76L4Tqtrkkd%2FtHHrSwCAynM7ly3aMfYpALI1RygTEEo%2BO9uvUZPJsemmNhpStNtIqMmqT%2BzAfEjS6mTIam52c4LNGQ7g3Cw63I8TfKb1xYjfE54vdn7bqs6cwa%2BHTgJcIQ06DLs%2FnkeC9Gvm%2Bk9zpybhoGZpZRFakNGQwLv7DEaBF2ANYN6ekpYmPjIBNdQCCrTPVpzr2GQy811FiWsRY%2Ba%2F6BE7bil%2BTW5oKGnOZSpucbMPECLqtgMCZvvX68CZlgAzIgrr02xUIf5cu3mEluxALqiX%2FdvIHVAAyF3uWvvTcHIh5TUYZgSVkF0pQOTG41t5uBvqQMdSZyrp%2Bov4czeuJYIUda8uMeUTyCXNgIsX1ZFPFWdkhGcNDkDLKEJegZUyBg%3D%3D&ptyp=4
1857824845,A:DAD_20260918_A:HUI__1-0-0_BIZ___1723883425,2026-09-18,Business,Vietnam Airlines,VN,168,VN 168,Da Nang,DAD,Da Nang International Airport,Terminal 1,Hue,HUI,Phu Bai International Airport,Terminal 2,2026-09-18T12:55,2026-09-18T17:55,5h 0m,1,False,12558083,0,12558083,False,https://www.agoda.com/en-us/packages/book?cid=1753802&pk=A%3ADAD_20260918_A%3AHUI__1-0-0_BIZ___1723883425&pt=AAAA.AAAADANeLygL7OAFTjFjfYa5tjOP6w%2FhxD8wuqLijeRoYVoYVIcjYBsEgJoWUHUSgYPz01UXfBRHXPOueVZJh6RgujpTk9rRe48%2FwCykX2pHFJ7X8EeKU5owXGx%2Br4JuD0khg5DcLcvmc8cnGxlm%2FSM6ecqKq41CzoJpbPA%2B5UqpA6GJI75jcXQB%2By5dCuxA9Vuw26qXtimYdwNVHjTLhecQ0lbEtmoB5F6wsbeaWM374scVp9M1CjyyZu0v5Bl60K358ccCdAEERX7btJQVSgbJoWTdTyc9q7FFVzdfYCHGwl9tCbqV%2F%2BSsUTSglA%2BQfeYFGf2sjhUpEkxtWU0Dcg8XMaMlTy4bKkGiA0tPJ5XQb1CRiCuTEjYsu7mFakYqf%2Fo2Vh%2BEDB7T%2BsZboe5mVBwyxOjC5SHRIrffp%2BLh55VBCz7OPdCMaKu2SizLzvNlFGtHbpXPasUExQ%2FVfBtiYpMl3CpQp3L%2BNTsgPZDBq7DzpA0mAxtstLWuSUi%2Byp7hOyBds2FztD4CL5GnPV%2FeC%2BY3BlgVmcoQjqMdvA%3D%3D&ptyp=4
2027196734,A:DAD_20260918_A:HUI__1-0-0_BIZ___84205394,2026-09-18,Business,Vietnam Airlines,VN,170,VN 170,Da Nang,DAD,Da Nang International Airport,Terminal 1,Hue,HUI,Phu Bai International Airport,Terminal 2,2026-09-18T13:50,2026-09-18T18:50,5h 0m,1,False,12558083,0,12558083,False,https://www.agoda.com/en-us/packages/book?cid=1753802&pk=A%3ADAD_20260918_A%3AHUI__1-0-0_BIZ___84205394&pt=AAAA.AAAADJuXP6giG2sOjOKUZA9Mlj33PV5sPn9z01B19ZeMuDc0vUGQrHKNHTnVCtdkRhEBb0Mn71NhCWSABq8LCy3%2Bgotgxqh7ygHy7q205VByZmyoIRajl%2BhM%2By%2BtVBCIWZxFPGXxVLkSr%2FD3xys%2FUokdV4T%2BWMHWNBFatkkoj1NmR0uQZ4qsuJIbXeW51moapOZ0sUOGfgn7QYtCBwtYe2Lm8yxgkLgUhnfo1BLwGCuqwc9O5e0aByvsrR6pNkgyPg2EByDOMcgoz3kw8%2FZbRKDBrKv5MqhHXMYABZ0hZSMTXtt8nUDv1bnGknsOlWFev%2BsdxoJ0yb4W7esK3DcrgLMAO5%2F1knOQHrvmnMa2EnjlsXqfjGwGLKnhuH22QX7cVyGpxyVIuOxSHPm%2BN8%2BVfopGS2ZuASPPClewOmShf6Br%2FDXxMvzUFHi8OdOfSaKQ7I%2FCQ2n6aZtSrmXk%2BU1l1DVDHGR6eat%2Fd0kpcS0W6BvSYWmMQ2OfXmsMzZK%2FgC%2FWEXOEsvGmc5KDvkikf34%2Bgw9%2B9WP%2B6hi4KMHe&ptyp=4
463800709,A:DAD_20260918_A:HUI__1-0-0_BIZ___1979413777,2026-09-18,Business,Vietnam Airlines,VN,168,VN 168,Da Nang,DAD,Da Nang International Airport,Terminal 1,Hue,HUI,Phu Bai International Airport,Terminal 2,2026-09-18T12:55,2026-09-18T18:50,5h 55m,1,False,12558083,0,12558083,False,https://www.agoda.com/en-us/packages/book?cid=1753802&pk=A%3ADAD_20260918_A%3AHUI__1-0-0_BIZ___1979413777&pt=AAAA.AAAADEdOHGm3xn8TldE7A6RAxjWaxSV3hIAQCuqJya0GcXDoUE8dCBM0AujfuR40jbTSr%2BE8opB7ciwbJ5aSUDYwE%2FkNkwbJkfR9FbThqYPaDGmNqZFfYE%2BNhf8tIt%2FoxqCR4au3K7m3gPUETJ1A36XQ0%2B7fRvM7rFAiZyC%2BD7sWuf4jSyhX4Xd1jnKn9nmle5I%2BI59InEgX2KNQhLHuErjtFYDbT08ht3SZh59Y%2FWiqdb9bxcegwvOxn5kjyr97mrzDRjRZso4fgoWg2qRySe%2FKJ%2BjXok6SQu%2FaRuFC1dEMAe3qjUGuvLs4N%2BmX4%2BWt11idD4%2F6Xuy03oo6VHuG49Z%2BrtF008QvEwOrwCGoOemxMIo6E5L3qNGRT2C3QcUBZceESTLiQLZOxsHudFnq%2FDd7OZ53dSq%2BRFayGEojNQtHFgeivSdRnrnMUuKucBs5SeGRyakI6Q%2BJLNf4XsT7GwiKmpLUkNSTsDdUX8EonrY6lt8Kw8h4pIS7hOkEDNGXthXOB1hI7XIziMKadpqhdfay%2FqWirL3Rhsv2&ptyp=4
1492289561,A:DAD_20260918_A:HUI__1-0-0_BIZ___702498066,2026-09-18,Business,Vietnam Airlines,VN,164,VN 164,Da Nang,DAD,Da Nang International Airport,Terminal 1,Hue,HUI,Phu Bai International Airport,Terminal 2,2026-09-18T09:45,2026-09-18T17:55,8h 10m,1,False,12558083,0,12558083,False,https://www.agoda.com/en-us/packages/book?cid=1753802&pk=A%3ADAD_20260918_A%3AHUI__1-0-0_BIZ___702498066&pt=AAAA.AAAADFjinx%2BZ1A7FYRu9GhyPQuse0aADheX3oBzsonYaFs21gPF5fFn%2BxJQCpyw09oU9ZHaqqRfg2eJYdIYv4JROZ8kODmiofdI7pHORZfzn1RGCXNZk9AR5i%2FesBGe6dgFnYTDwk7qNIs5eaPOA3rbWq4QD14pECYHp%2BsWv9JPoIXfZIK1NvymwCUnhrTStKWYwql5ZQsyDPZdDWceCNrcdx4VRVbHIOJlrDklaF0gXt8s0savfnkDEn6p8k3s9x8KtaTLUKDzKQE%2Fd%2Bbcxslwm6fhQgUFDKi1u9ZN4V2QRy7neLAzdhgEizcJFCnDt95xBygYGDHIRcSJvRCHslgPb241GmBNILi3zpPXSIO%2FWqTMRBXijsiTuDT06h0b67hMT4lxKQv9Qe1RhZinQraeNUlw8h0DnBYWmTB2gCmgmKTbxihVLuNLBkbacMgaWjsWKAkDkZaWk1RFcLo2WFgnvLq%2F8kv9hdPaC5Dfp%2B79U7Ewo4HsM%2F2rHj%2BejcErD%2BUyAQWsR8Z9VZFj5%2BvscyKTA7vupp4TL9Wg%3D&ptyp=4
1537928222,A:DAD_20260918_A:HUI__1-0-0_BIZ___1956864080,2026-09-18,Business,Vietnam Airlines,VN,127,VN 127,Da Nang,DAD,Da Nang International Airport,Terminal 1,Hue,HUI,Phu Bai International Airport,Terminal 2,2026-09-18T12:55,2026-09-18T21:40,8h 45m,1,False,12558083,0,12558083,False,https://www.agoda.com/en-us/packages/book?cid=1753802&pk=A%3ADAD_20260918_A%3AHUI__1-0-0_BIZ___1956864080&pt=AAAA.AAAADPQhoX%2FdF%2FPXez%2FzNROJKmKvgPlqgzZEVLwz%2Faj32Vf%2Bj1Dz4bGLWfP%2B7Mx3KzBeO0hFJrJX1k4jCfR7HrmBT6TiBI7TzMpIbk021L%2FI3KMWPaP7%2BrBYF78Por9UfY%2FmpJupy2VktKc0NdScOuoTJTulhyePmMXuRSONvD3cEigv2OzQaFZd5L5eutp5jKDiThW8s67PGA7CFgEvyxfKTc4I6C3Y85xXnur%2Fi%2BzW5kSV%2FbG%2FNXWDL5wTtPRraF2QjQfnHVXPyd%2F0F90gNGBl%2FHaC%2Bol0kEE%2BKQ9Mu2WICThIYleesql2moYL19EYTV%2BvoNp7Vst5LMoa3n7hN41HDIYrlP56OD9OPE8qTZaWDGnb%2F%2FilXWEFJd%2FoWdwxXjEOz%2FLB1fSfNRbEhOaawxreQ1jZTRJk3Wv8ewIx0O12GiTfB6UohlPz0AaaoMWWQOH1HJqE0idsm7OpKFw8Ol9hG7yA1CjzU2fCDluI61yh2gOCtVg58Fjk85eV4QF5%2FlLPS2Xs5Jfi0BJEVEWbUyAbu81Fc8egJIOgiQ%3D%3D&ptyp=4
910838018,A:DAD_20260918_A:HUI__1-0-0_BIZ___1839955372,2026-09-18,Business,Vietnam Airlines,VN,166,VN 166,Da Nang,DAD,Da Nang International Airport,Terminal 1,Hue,HUI,Phu Bai International Airport,Terminal 2,2026-09-18T11:35,2026-09-18T17:55,6h 20m,1,False,13418859,0,13418859,False,https://www.agoda.com/en-us/packages/book?cid=1753802&pk=A%3ADAD_20260918_A%3AHUI__1-0-0_BIZ___1839955372&pt=AAAA.AAAADJi%2F2ZpFHy6ToCry5MzaT37JmsYCC%2FA4stjYnHMvdrKp%2BLYUZCOxPG%2Fd7k0pi%2B%2BFn1WrcYgu0lDeaZ89D3YgHRqwHx0t4qOOTQYB33Nf%2B0TMLwfx5N0pP3BgoH%2F%2FE12UXTzbrMECSa5TWiXXBXEUWLwCvDFRIIlZBrwio15%2BZvjJZfKq09l3vcWcK5MGuJ%2BCsPGQ7W7SugrLN8O2XKqzbnv4XLAFlw0vQ%2F1aAv%2B8RUakHKDeAEMSLBPUhh%2FtryO0BMD6x9Xl8jrJm167A2IPGDwcgBefJoYGue0rZQr1xw9gux6g8tbzZgi5HmmlXRxOXNlhQFUcD8BRyMQ8Iq21MtamieRYArfAPrx0pwvfUey3sKX9yrevx8XgxB%2FCnEInsmkkEnQsXBKn%2BWPn1gn7%2FtX9SohIo3kdEEAOBaHdg4FxbTRcxbDgj6y1FeA2SDtLn4bBizzUi%2F1H%2FWMImxQJaIuq%2FSVOKziM8xrBo%2BT0Jq2oy3Uz5octD8fWW38WDqc7IZ7FY%2BAJJaaBfCbOUpGZLAwKY1qQwtI%3D&ptyp=4
210775325,A:DAD_20260918_A:HUI__1-0-0_BIZ___1050476503,2026-09-18,Business,Vietnam Airlines,VN,166,VN 166,Da Nang,DAD,Da Nang International Airport,Terminal 1,Hue,HUI,Phu Bai International Airport,Terminal 2,2026-09-18T11:35,2026-09-18T18:50,7h 15m,1,False,13418859,0,13418859,False,https://www.agoda.com/en-us/packages/book?cid=1753802&pk=A%3ADAD_20260918_A%3AHUI__1-0-0_BIZ___1050476503&pt=AAAA.AAAADIzHC5QWAzaPhgT%2BfMzR6Z%2FbdmzgkyxzlnxlNoXS56vvqtzoyBbl4f32Lbf5SXN5xKL7iWF%2F2V7Yi4WjYx3KBm%2Bpu6peTfQ3EvkpKTJdNPiJ9VK2wFCdnl1FxiZkS33wJufZ%2B5xUt9mu1kbxPvrpHjkuFE%2BsKsgW%2Bor0SqIh3CusF6AfGYgUy0SvkQFoqulRmkXTu4%2F%2Fp98%2B7DOSJ7bVOR5IIlQkFHhi6pnvCSXyY89LEzEZqv1r6Tf5PZuTpHgQ4ndRaHSuDr5Jncnt7QupuV0EIFWCaF0oTcMWl6%2B8W6cV2BaWnvsGfogSvS0DaFzK7bAhVDrPI84LESlEAxPOv4VtvxJkpKy7yWvvnnqFNKSmG2h%2BC7yOcGx9ViSKxgvzOWHBsVCwbADfngjHzcGi8kx6Ro0XDoDAL0t5bI5DfHebXcYDVnUqgKLmdcGdz4qAWcvXlIbhUpcxAZAG5%2FCcx%2FA8ofmQLuYT7HGIjk8WHN%2FUHh3Jn5ZumRZXD2xtP4mURU4uNvjZzBSRQmUhIe3cgkzmWiW%2FwBc%3D&ptyp=4
1782224184,A:DAD_20260918_A:HUI__1-0-0_BIZ___950709312,2026-09-18,Business,Vietnam Airlines,VN,7196,VN 7196,Da Nang,DAD,Da Nang International Airport,Terminal 1,Hue,HUI,Phu Bai International Airport,Terminal 2,2026-09-18T20:30,2026-09-19T12:25,15h 55m,3,False,54923835,0,54923835,False,https://www.agoda.com/en-us/packages/book?cid=1753802&pk=A%3ADAD_20260918_A%3AHUI__1-0-0_BIZ___950709312&pt=AAAA.AAAADKFJ3F%2F7DSctb%2FSaiURnGeoHDk9NG%2BQSk0L5oXla%2B7Gf4UXEFNYp7dyXl%2BcK5HZBvTdGFEtN5wdSIReLZfCvJ09Mx6ClOQDgvELQf%2B5R%2BRz5ppcVD0OjzvkJeGpDEpbz1Y6o4auqpv1Fj1EWJXh%2Bb%2FFGY8Ddm4%2FKkxgpwtkxspotfLxLJ5zsEDNE6%2FFrtXnyTO%2FVtJaO9y%2BQkpLm6Rbg%2F%2BnRGAXVeXBG7N1HFz4qcPUIIVGiEXtUaik49DuvIX8IcDIdH3z3V%2FTBUnEcG2GY9yZY5o%2FqWDq50ZnPbIV%2B3fHScr77YuYl3uIUJoLmT0hYy4vUKqFpKI7DWieMd1ML3laC7UFOT87oSuRl5GRK8ta68SataDw8A5cidGDr9UQQs3a%2Bb98FbGdzQCT7Tii5OR8bWCDnDlUvnucVzsUlkOhGIi9rQkSapBNg%2FH2AQ8MBUjsXuFGb98%2Bn8Vreeg1GJLsN71S9xHkSonhHud0mYQ%2BZS%2B0IEUILraig1ZnVnGmzeiiPnmJq%2BEKcLO4%3D&ptyp=4
961784032,A:HAN_20260918_A:SGN__1-0-0_ECO___1129742772,2026-09-18,Economy,Vietravel Airlines,VU,775,VU 775,Hanoi,HAN,Noi Bai International Airport,Terminal 1,Ho Chi Minh City,SGN,Tan Son Nhat International Airport,Terminal 3,2026-09-18T09:50,2026-09-18T12:00,2h 10m,0,True,2201453,0,2201453,False,https://www.agoda.com/en-us/packages/book?cid=1753802&pk=A%3AHAN_20260918_A%3ASGN__1-0-0_ECO___1129742772&pt=AAAA.AAAADCb8y2YEreKW%2BbcmVgQNXB9Ta331QlZZ3L%2BujqgFjtEwwmqY8IJuI4U8HY8PpxN2w7fN8LBsUY%2FB2f6TMbPLKiGEZhqsY22qHetgeNm1rDLGZ%2F3iJLq%2FWUz8KycmUc12SyCMSj4x41JyZ9dBCJL86W2FOkU7X%2BPghEDwnfTookIXYwkPCOXR0MiX3gXC4cF1DOZ1oTWwwx5Ea4zExILF8X7GO6HTiSVxyzoiyVpOZps1fwDEbra7XWTTOOssJWiRum1DXjNCMqXG9jjGIDxNMUV5YGG1CrD9otE%2B9mbwTwfAnEC0hTkMMNLargMmh2%2FLvlqc%2FkuLR9h6WcQVZpgEwzlQobZtkYE%2F43VdlCI0kkrCBBWblBtb&ptyp=4
1425473774,A:HAN_20260918_A:SGN__1-0-0_ECO___738103048,2026-09-18,Economy,Vietravel Airlines,VU,779,VU 779,Hanoi,HAN,Noi Bai International Airport,Terminal 1,Ho Chi Minh City,SGN,Tan Son Nhat International Airport,Terminal 3,2026-09-18T21:55,2026-09-19T00:05,2h 10m,0,True,2233874,0,2233874,False,https://www.agoda.com/en-us/packages/book?cid=1753802&pk=A%3AHAN_20260918_A%3ASGN__1-0-0_ECO___738103048&pt=AAAA.AAAADIlcLffzsN6la8ORC3sfEZAfCuIgyYSrL%2FMft2YH3s1xSS1wU30Edvpf36j26HOnvJxrPMXKX8oriW6vAka1b5U6GydVaW0KTg2GGsnYF2abpGtVRZsksAf2GIwtMmOZKr310hBYPipiVb8S%2B3Y2UUTICk6lj1g9evWwgMdPM7MlxW1BKfR4136Z8ZmgluoIm65jLWDIrAy1v9Azy6p%2BE155R1ZiIvahsRAxK%2FLzR40ilX2HvS5M5KDD4fxDeuCC1eYx8wcBJhDyW18jpzvRxLy2q%2FFbqN6ax2IzlAkqOY689E1pi8A1Vyyu7oizymg2lfYV7lA06Ffxid%2F6piKj7FR0TvUkNDAVHoA%3D&ptyp=4
162422821,A:HAN_20260918_A:SGN__1-0-0_ECO___1078015053,2026-09-18,Economy,VietJet Air,VJ,169,VJ 169,Hanoi,HAN,Noi Bai International Airport,Terminal 1,Ho Chi Minh City,SGN,Tan Son Nhat International Airport,Terminal 1,2026-09-18T23:25,2026-09-19T01:35,2h 10m,0,True,2372300,0,2372300,False,https://www.agoda.com/en-us/packages/book?cid=1753802&pk=A%3AHAN_20260918_A%3ASGN__1-0-0_ECO___1078015053&pt=AAAA.AAAADO8TOQKTU43j5PUEf3hEBqiP58u3f0I35INgut12ylRPmQdetRLRaOs2WPSPq7uEEn0IIbZELjk%2Fijw8Zzp%2FDZKOxggGNoa4WaE6M3veJkvqxnnOeSjbV%2FJ%2FqQ4JEOVAGq2XDWYhO%2BBIDeOqy6Za4bubEZrzkHXbeQ4tcm3q8j1oZ61r7u21Cpqp630dLK0HVJsiky0Desf6pAEWT5%2BNPnLl4TKGWOEutqbo8VsxwvF5%2Bytji5I4OmCM9PDPm4Lwb4FvCAV4qV%2F8rFIBpH%2FIm5MBS1t5Lv3Ai5IwUvWCsPFoR2d3Q279hXzsoRg%2FeUSVewBNGlSskgpOdNYasWm7ntqs3ilFYZdPu7H%2B2eaR&ptyp=4
505582493,A:HAN_20260918_A:SGN__1-0-0_ECO___315815429,2026-09-18,Economy,Vietravel Airlines,VU,751,VU 751,Hanoi,HAN,Noi Bai International Airport,Terminal 1,Ho Chi Minh City,SGN,Tan Son Nhat International Airport,Terminal 3,2026-09-18T08:30,2026-09-18T10:40,2h 10m,0,True,2388426,0,2388426,False,https://www.agoda.com/en-us/packages/book?cid=1753802&pk=A%3AHAN_20260918_A%3ASGN__1-0-0_ECO___315815429&pt=AAAA.AAAADN0t5pHxZxrLaigQnJSyivRfTJmxnWVYqgZj%2BUQlWx%2FPYimKceNn534tFZHfxqiNqJF95A9AwLpaxgKfu66zjiWVozuBLLko5XOIvcGqF1Tm%2FWaWSLE%2FxlYuboy1z7g4UId2OW6H20BSW9mGZGiWAIOPqDoBmQaetqeiOGj26RCyLeZ7nHP5afN4HUTCqb9z0MXwl6Kv7BHGod50f9EVKm%2FSVI9RfSykv1tgRmW1Fe87I14NQBNG%2BvIaHTWeP%2BdJ0iplZE5ALL6ZKxl%2BbFmbiBo2f2oMWpgiWKoijKKEcvAMuUPc1ZfS9aBLwf4y4Wg8SfcPvfajFsXJI7zUdfPLUstq9ENvzoYQ7AmErEtgTiLA0g%3D%3D&ptyp=4
352845842,A:HAN_20260918_A:SGN__1-0-0_ECO___1053764784,2026-09-18,Economy,VietJet Air,VJ,145,VJ 145,Hanoi,HAN,Noi Bai International Airport,Terminal 1,Ho Chi Minh City,SGN,Tan Son Nhat International Airport,Terminal 1,2026-09-18T14:40,2026-09-18T16:50,2h 10m,0,True,2485241,0,2485241,False,https://www.agoda.com/en-us/packages/book?cid=1753802&pk=A%3AHAN_20260918_A%3ASGN__1-0-0_ECO___1053764784&pt=AAAA.AAAADOY6P%2Fji23pfEPM9jjaB5coTGQ4VPkXF0McM23TO1DgOVMAYfCFkrSJC%2FVGm03jv0wA83HEHPUbdSx4ZA6MctPwcZ%2BYZ10MmwzK4TjvxfwiPhaecz6CklmTHtEEfdQuJROy01xn9af2tazXQEPQ0SEJmLmKbmPNf78CpTkGKs1E9iI6rU2QEQ7nDrSEoBhKyhhavYRbS2P9hGItae%2BxrOENT7CofxfvShXJ5jW%2FAR2ZDQjZ8Qcm6%2Bbe4lxu%2FX06opaErat7GHrIs58BeoQpQrxaMfyzVT8UPNct41Cfz604zOek08%2F8m%2BlnV3SvCa8BBh1uRc%2BA%2BSa7ASrjxnPUf%2FshSoAFRqdmBGMYTulXpGxFpRjnAxxR7b2Qa4SBSts6g&ptyp=4
1069998140,A:HAN_20260918_A:SGN__1-0-0_ECO___1347164837,2026-09-18,Economy,VietJet Air,VJ,147,VJ 147,Hanoi,HAN,Noi Bai International Airport,Terminal 1,Ho Chi Minh City,SGN,Tan Son Nhat International Airport,Terminal 1,2026-09-18T15:45,2026-09-18T17:55,2h 10m,0,True,2485512,0,2485512,False,https://www.agoda.com/en-us/packages/book?cid=1753802&pk=A%3AHAN_20260918_A%3ASGN__1-0-0_ECO___1347164837&pt=AAAA.AAAADHeu1dUCAjw6ShzRPat92Zu3e8GHqVx4%2FsvZioEKYQKwewGICQLqQJF3XXVpHF1Fzsr%2B5HlVFKJ%2F1AqBa1QkO3MqpmnJKCVrPEbNd%2FSOB3BCjJOK9ocNcRFxr5Y88%2F8QcbJ7YGCDlnMT5Vk96mK2O2iV1vvsEOlDLTGxCo5CQbH0rqZVXY6fbZyqLOYgm%2FLZSyqUCnNlc9zTrnbcJPcLGW%2FiYx7Wm%2Brgx6DRAc5qgBvTsPEW%2BXTWFVT%2FTNkYxDudSrVqkxPKt4zWHf%2Fzl8ZQxjsIu4v6pBEGPo3%2BEMuoaJ%2BvWD6J7xAz2uZ9TGvQOfzfcbeFdPttPs4vTzcxOx2wJoxFk0cTvcNQ4LOt9aT0cA5jmJZPcHhCY40OMHzYP7k%3D&ptyp=4
350129867,A:HAN_20260918_A:SGN__1-0-0_ECO___2844494,2026-09-18,Economy,VietJet Air,VJ,131,VJ 131,Hanoi,HAN,Noi Bai International Airport,Terminal 1,Ho Chi Minh City,SGN,Tan Son Nhat International Airport,Terminal 1,2026-09-18T10:10,2026-09-18T12:20,2h 10m,0,True,2485512,0,2485512,False,https://www.agoda.com/en-us/packages/book?cid=1753802&pk=A%3AHAN_20260918_A%3ASGN__1-0-0_ECO___2844494&pt=AAAA.AAAADFQWCIt7PmWIIO26K5mqAwM8MDvXN8cul2FmzhgiqqLlKQEZ9csGrB5JPIIXP0XMMEyR4dWvegGPix7BqRKFBzYUTS6sOYGvPDF17aK01fFr7nq9LNrwoebc6vsC0KJDKfDzdf7T2iZKkT28Al0DRvnHueBi0GZ7JvP%2BwYumtrg%2FzibOrtQRqML1jJ%2B8%2BXPmkkjPSB3hC%2FcmfXqGZ2waNetBgNdcR3xC5njt9W7QkX2pblf52fQTYGMdBHXLWzJNfux%2Bu4WBf96f3gLc5JoOPaTuc0Im1DdT%2FSMEdaAELHsDWV1gfNZGTvyZrHGze6hFD0vPcvQxuiDHmC%2BH3lnscrRND67u7C8p4Al9i0IGdfLGpqf7%2Fm9ViUGtug%3D%3D&ptyp=4
945921241,A:HAN_20260918_A:SGN__1-0-0_ECO___1105470725,2026-09-18,Economy,VietJet Air,VJ,161,VJ 161,Hanoi,HAN,Noi Bai International Airport,Terminal 1,Ho Chi Minh City,SGN,Tan Son Nhat International Airport,Terminal 1,2026-09-18T20:55,2026-09-18T23:05,2h 10m,0,True,2576733,0,2576733,False,https://www.agoda.com/en-us/packages/book?cid=1753802&pk=A%3AHAN_20260918_A%3ASGN__1-0-0_ECO___1105470725&pt=AAAA.AAAADIvuPss7nS%2BVE9zTtxKqZLzGvZBMuOWFBbOO6vAA4TSO7%2BwOP7sM3GlVUF89hJN4%2F7btB4KLIxXssp9SK6RcxiWFw91%2B7cfILz%2B7ltAThvwEq6JK%2FiZf1NBOPyHS23mN6AUJWEpCSMx%2BbB5NoXmWMbBgdnq1wcXo%2BL3nyZqyDYs7azP1LYwhFnK%2BlMwBqO22HuiXxuFptjvbXG7lULilPzhaSnplpatylXckOOkZApGW0M3LuA12ZB1mkYwsU5Nj5m0rgA7d3lBg8ewNiFk%2BHPUjUzKxfyHEWqCImLl5KoQY%2BwTJ7i0ipJsiW4L3xLY0GcXy0JmNptI5FdwF%2B%2F6cgjKSrwjvFu337NtjUIEV&ptyp=4
812157435,A:HAN_20260918_A:SGN__1-0-0_ECO___1578352381,2026-09-18,Economy,VietJet Air,VJ,159,VJ 159,Hanoi,HAN,Noi Bai International Airport,Terminal 1,Ho Chi Minh City,SGN,Tan Son Nhat International Airport,Terminal 1,2026-09-18T20:10,2026-09-18T22:20,2h 10m,0,True,2576733,0,2576733,False,https://www.agoda.com/en-us/packages/book?cid=1753802&pk=A%3AHAN_20260918_A%3ASGN__1-0-0_ECO___1578352381&pt=AAAA.AAAADA6gjSvH1gFcIqFAw94yPA9RT01JzK591%2FSSBweFw4fbcuPckdN%2BpGflc9MakZR1W0MkWsvN4KsBumAV%2BA70WZwNFbwQ6tWyeEFUrIGGpNhlnx6IybQQSkUllAwhaGtP2fV7oZf23OfIapIYYq0outbQZrywrqYKe3CAThn4FCqwdH9vA2ePHIWDcAm0k2oakKd3TG%2BHEw5%2FNptGUWqFLqgHQyhUFj352jQmSsAh%2BIhYdIAIRvk25g3HvK95WNqdzqob2cbwrQQc8D1vgOh%2BOCQUdMR7lV9yNt%2FCQ%2BOciZBLTSvCECG6dbKNOBoCLqsEXIFqZbjD3kdVWZPCZaIsR00THEDde8g9MRIfMj8%3D&ptyp=4
500273297,A:HAN_20260918_A:SGN__1-0-0_ECO___1897882236,2026-09-18,Economy,VietJet Air,VJ,123,VJ 123,Hanoi,HAN,Noi Bai International Airport,Terminal 1,Ho Chi Minh City,SGN,Tan Son Nhat International Airport,Terminal 1,2026-09-18T05:30,2026-09-18T07:40,2h 10m,0,True,2576733,0,2576733,False,https://www.agoda.com/en-us/packages/book?cid=1753802&pk=A%3AHAN_20260918_A%3ASGN__1-0-0_ECO___1897882236&pt=AAAA.AAAADBU1Lz5efSQIpWFlRxlS13R6WSSHFDdlbs4o5LuqvlUG9tss2aiWj6moNAbUYuTqPXxTC8RneTJVu4kKaB7e141bNfelBEJQazJijZWmEGfnf2S0pr6Snfj3tUFnL4NTQaaYgortv%2Fcu96ZZaX44ECbduNULAhhhfziB3aY%2F6D7eXWrusDXXKKrFWWmW69EQMjBUUovDKb6wRcaXixMQ%2FxZQ4YervMgdicOSwiyUPvPPDS1Iy%2FAye%2B71PwMZXZSONKnpxBv9UhiAo2ldvo0ekeIAgyrZ92SkPzAoGIa92fqS74ARKQl0ktQNJuU2095CNUriYE4NsBinpx%2FoxJ8VoPpedEra7prb28wzlmA%3D&ptyp=4
491345164,A:HAN_20260918_A:SGN__1-0-0_ECO___1958949386,2026-09-18,Economy,VietJet Air,VJ,129,VJ 129,Hanoi,HAN,Noi Bai International Airport,Terminal 1,Ho Chi Minh City,SGN,Tan Son Nhat International Airport,Terminal 1,2026-09-18T08:45,2026-09-18T10:55,2h 10m,0,True,2576733,0,2576733,False,https://www.agoda.com/en-us/packages/book?cid=1753802&pk=A%3AHAN_20260918_A%3ASGN__1-0-0_ECO___1958949386&pt=AAAA.AAAADF9ybeyqowrrhp5b1ox8GiXEHRhUS4lqLuMz%2Bdc%2BiuV1Gw%2BlYgeaNM%2BsK6%2BAOUHsyVqXOKfBypYQ7OLRnJMb9mjxJDQDeUIQ4WZas0DDwqUr%2F7QlhY%2BGh2%2FCVUD50rUOUihpk8mZcCEo0Qj%2Ffn%2F8K%2BoN0TmKYj3K%2B34%2BbshpMqEyl%2FzIz6HMTD40reu92vTJD9oOorITAd4KUx%2Fv%2Fmjzol9gNxuZjG61krdB%2BplWFHbOWVG5BhTHGLSfsX4UduqKRjdaNyQVG4BkFpfbZFflOXo3DN7L9FYjaHC0aVsds3xzz7WKkYtk1ns40FJTd%2B0glfgR8wTy7MiKuwONUoArTOinEjxMIzmzCWH1QM1L&ptyp=4
1363116101,A:HAN_20260918_A:SGN__1-0-0_ECO___30094592,2026-09-18,Economy,VietJet Air,VJ,121,VJ 121,Hanoi,HAN,Noi Bai International Airport,Terminal 1,Ho Chi Minh City,SGN,Tan Son Nhat International Airport,Terminal 1,2026-09-18T06:00,2026-09-18T08:10,2h 10m,0,True,2576733,0,2576733,False,https://www.agoda.com/en-us/packages/book?cid=1753802&pk=A%3AHAN_20260918_A%3ASGN__1-0-0_ECO___30094592&pt=AAAA.AAAADOkW7pGzFqiSeLGg7Kohdx%2F07wE%2BVurQDsWYNRCh66ruUcdCN6gq1K1e6yS45zahgJyJI5795MtqfVJtbo%2BY3I6Bxrs%2B0d49h6uPfUkBlY0w5v6wfpagYRjvh4JPLQafLwy%2FIBq5sSoeAM8rX2siGgNbgkq6JLBlc9kxlTsP8FqDYsQZLLCC1Age03Uk1yPGWSaZgZLiiv9gw2oryb1Vj927NWtp92sfHXjs9%2BK18%2BWxalLcn3aRo7XindnPAb7P2JXtOJaZGgDU%2FlEW%2Bym9VovstKZHquOsQi%2BbZvfD5ICvBruhg1qfC43SvpK2ST1J51jNdY1%2B6BapZtRP%2BRFbaJRS2TiZ%2Bbeu5TDwr3Q%3D&ptyp=4
1931698177,A:HAN_20260918_A:SGN__1-0-0_ECO___397743994,2026-09-18,Economy,Vietravel Airlines,VU,787,VU 787,Hanoi,HAN,Noi Bai International Airport,Terminal 1,Ho Chi Minh City,SGN,Tan Son Nhat International Airport,Terminal 3,2026-09-18T20:00,2026-09-18T22:10,2h 10m,0,True,2580794,0,2580794,False,https://www.agoda.com/en-us/packages/book?cid=1753802&pk=A%3AHAN_20260918_A%3ASGN__1-0-0_ECO___397743994&pt=AAAA.AAAADMgG1qACsvRgNhxQfJccduKr3sMmISwRAuXLsqwD4O%2BHPVz%2BEZ%2BJiL77hRD4wVZ9kAAfvnmjWXT0BaWXznbexAMSO6vq6pLo5f57%2F9I1cxCRWXVvMs6Pyq0co55JxC3rrU0TZ38BWZP8uKh184pvc%2Bk3T%2Fx%2BSLmM2WtDOhaP2mO3e3YcnK9uZvqNiA4eo2ziy2kNzTGcsNpy6mk2fq9n0dir02oqjx%2B5oXuwOQuKuf7By3%2FX2Lbto3t8l4kiJTveyoLAOF3vcg51ITDh6yyYx5AsEWKpIXQvOZ0svl9tNwLD0oerVC7A8hLaz0nKrh2uTsmgQ3mT5rsLg%2Fu87kAKZnxT3ztHpo8eydhxy0NyLS7dIj47ug%3D%3D&ptyp=4
1052377871,A:HAN_20260918_A:SGN__1-0-0_ECO___132928553,2026-09-18,Economy,VietJet Air,VJ,137,VJ 137,Hanoi,HAN,Noi Bai International Airport,Terminal 1,Ho Chi Minh City,SGN,Tan Son Nhat International Airport,Terminal 1,2026-09-18T12:20,2026-09-18T14:30,2h 10m,0,True,2694561,0,2694561,False,https://www.agoda.com/en-us/packages/book?cid=1753802&pk=A%3AHAN_20260918_A%3ASGN__1-0-0_ECO___132928553&pt=AAAA.AAAADJihfsi4GLsAE9FZBXjo1F8SPiUAag1pdUWC2K3slj39%2FNQzwB9CHzP4nm4pyQ5uMFjYnXMiescaLzdJON9SqwSohsz4Da2APyFn4wGbX3k0N6MtioZ2yZ0C9NodxG0FgkhOcjA2Zf%2FFXK7tNpQDXXZQX3Irom2HdpW8Oult%2FCIOrS1tzfJA8wbv8bVaj2P%2F8LBlou29i8mASY4LBiFMpt4ROeEaXldLHUaCteEvsgS%2Bwj7SpH9xD7TW35UYXqtkUWqxyTFGu%2FRP2ZmBkKPCokXu1BmLa9N49VHQzoonCa6%2BTfLllwPtum8JsAWZK%2BCfR%2B7P3ESKhphH2MPcHgChrEJzE9HpojA6kU0VtLa3aM0XXo2e30jYfPw9qghsBw%3D%3D&ptyp=4
2018730082,A:HAN_20260918_A:SGN__1-0-0_ECO___113193966,2026-09-18,Economy,VietJet Air,VJ,125,VJ 125,Hanoi,HAN,Noi Bai International Airport,Terminal 1,Ho Chi Minh City,SGN,Tan Son Nhat International Airport,Terminal 1,2026-09-18T07:00,2026-09-18T09:10,2h 10m,0,True,2781167,0,2781167,False,https://www.agoda.com/en-us/packages/book?cid=1753802&pk=A%3AHAN_20260918_A%3ASGN__1-0-0_ECO___113193966&pt=AAAA.AAAADLRqBkUmjkinn3gD0DaHqP0qo57uo3zY%2BLfTkkEUuaiZhmh4UO%2FRJMkxlth1kFImQqYdOCmbzT96m6SD6BaYFYqwPF7ITWxVQdpopOdOjrgIYl9QtGoRk8%2F0Pcvi0Mo2vOCp0q%2F20%2FsId17g1omsX5YLTqLdbdv9sChN6sS%2B6wYlrQEYk8zHRAKyhO%2B6kAoFTlmbZcTH9nfm2JGyIAg7S6XlWmwlZbbPnEd9hDhMyyh94GWRdoZV8LdnNa3dHJRrvvJkZTpad4uftKzT4JnSn%2BVD0KmxcpUlBDaT6Cs%2FWHDVOJlPKv9vAfbmxPGNNFDu5eGk2hSoWBvgOmfOKnBH%2B7cAxgk%2Bknr9Nfym6w%3D%3D&ptyp=4
603071510,A:HAN_20260918_A:SGN__1-0-0_ECO___390130577,2026-09-18,Economy,VietJet Air,VJ,167,VJ 167,Hanoi,HAN,Noi Bai International Airport,Terminal 1,Ho Chi Minh City,SGN,Tan Son Nhat International Airport,Terminal 1,2026-09-18T22:45,2026-09-19T00:55,2h 10m,0,True,2781167,0,2781167,False,https://www.agoda.com/en-us/packages/book?cid=1753802&pk=A%3AHAN_20260918_A%3ASGN__1-0-0_ECO___390130577&pt=AAAA.AAAADD5c5jkR6IK6oIpN5uvHFoVT2wbBZ0zN8Lis3FjIbBV%2BmrXfAEvvBd7zYH%2BjaO7gPyVn6tCB6bWq6bgrrWakbYVjLpklFfPlYr8sB5BUSzq5PUp88qypQEW4xzSL14WDbKTwUP7LVs3iRZNhtUdMRdtB7lGWFYB482V6wkSCJq2f6ZyGzc7kVJLvzzbwzKZFfxUBJDyOgmXkOWIldcSmtltuwOy5wsr8LpMZuPt%2F1BF0H9%2FEN9P%2ByqhmFz3due%2BXwwmHY%2BzDRZ9oE3qJE83ExxRWXhb5CCs18%2B5JrKheriY1nIm28ufotzF%2Fuo46Z3aNn9f%2F2u9QNMWN3QQouXYe7ChiH46XM%2Bv4x%2BDjfA%3D%3D&ptyp=4
864857205,A:HAN_20260918_A:SGN__1-0-0_ECO___19163997,2026-09-18,Economy,Sun PhuQuoc Airways,9G,883,9G 883,Hanoi,HAN,Noi Bai International Airport,Terminal 1,Ho Chi Minh City,SGN,Tan Son Nhat International Airport,Terminal 3,2026-09-18T21:55,2026-09-19T00:05,2h 10m,0,True,2982578,0,2982578,False,https://www.agoda.com/en-us/packages/book?cid=1753802&pk=A%3AHAN_20260918_A%3ASGN__1-0-0_ECO___19163997&pt=AAAA.AAAADDBPAUukImhCyRmjFJyXoZTwVx8i58SN9vji9tqIH7qlKWIyEhts%2BHB6ZuOyMrfBVnxTTUk%2B%2B6FUfy792l1GyVr4Lh%2F0yHO%2FV00gUXDDFRAcjaShxMOOnZ2bTRvFAbg%2FSSmtcwAkUsg%2BJ%2FL3WPCnrSXb8uWX%2Fo3Gp1QySOIscC4dFC16QHerFumgnYR8eUt5szZ%2BvXTJiRV1MQ%2Ft9SOdn2p3gOm5DCXJfdzl%2B8ZW2mFnK93uZwjz53jHJpBvzPmyLktAGh5Kj5m0oPktSQN4ebl2fTlkb65wU5E05FYhefdVXLuYpNbQfNdLNAbWmuAWUYoGfNs1iAa9b6ZOlSel63XOU1ZxU0fRm2UFzkoOFCc%3D&ptyp=4
90639492,A:HAN_20260918_A:SGN__1-0-0_ECO___971649392,2026-09-18,Economy,Sun PhuQuoc Airways,9G,841,9G 841,Hanoi,HAN,Noi Bai International Airport,Terminal 1,Ho Chi Minh City,SGN,Tan Son Nhat International Airport,Terminal 3,2026-09-18T12:25,2026-09-18T14:35,2h 10m,0,True,2982578,0,2982578,False,https://www.agoda.com/en-us/packages/book?cid=1753802&pk=A%3AHAN_20260918_A%3ASGN__1-0-0_ECO___971649392&pt=AAAA.AAAADAudaXF7IdokcxOR04Y2ABUXWf%2B6SVlVeJ5XERAladft8rh9EWuE8izDexivoFVHNjSMwHWrlknYEIPWpAWwyu%2FUG0z3nTbW3vsBu7Ocr5M0Eufuj96RKWEVmHBtlJbNFRQy2m1HThkEe9zMCfn6JfiPwdp9NIBbrFHc4R0cf0MoZsUC96rf%2F7h6u4eCEHTlO%2BeCKkfK9wR6HuGYdZaLhqS6q50R1objro5%2FYNaAizxxi1dSPUbY7mmKo2NnpiZKHAyYOp8P3k7N%2FZ%2BKMQcl8kGmjWtZsyuygZ%2BqduaaNU0mDDytdfxt20XCzn91ds0jla4%2BA7pbMfhOo8HPr3yjs1nDTOnkXJEB7XCdNVMopw%3D%3D&ptyp=4
1464259565,A:HAN_20260918_A:SGN__1-0-0_ECO___1130698951,2026-09-18,Economy,Sun PhuQuoc Airways,9G,893,9G 893,Hanoi,HAN,Noi Bai International Airport,Terminal 1,Ho Chi Minh City,SGN,Tan Son Nhat International Airport,Terminal 3,2026-09-18T23:30,2026-09-19T01:40,2h 10m,0,True,3058950,0,3058950,False,https://www.agoda.com/en-us/packages/book?cid=1753802&pk=A%3AHAN_20260918_A%3ASGN__1-0-0_ECO___1130698951&pt=AAAA.AAAADCAAp38%2B0ESLToRiL9seRwdsKSXZLKQgV1hf%2BddmURWauiOkMLs2GAy0EvV3gOsRCTgA8yr93n00U%2BhqHZH1g3dCELznFiXYmjoULf6pmSl1Bu8O3WZKBX4wqD1znMx03qIuynv4Qb0qC0%2FGB7urVDU%2F1XHMJNamQ5W2Kwbiw03%2F%2B4oagsanSwQ3EIWPBc9OcS2U7z1dmmlAX5gL2OE6Mxr3T3iAp9dbe8uh1n6v0YqHFCcyDbFYnJIzDPKYIGxtjrRG87TPkBtbJiavqlbIGzN6Pm3NXqf2r8csW7qyJtMCPy11EKWunHJPiLI9%2Bj8JYoLFzG2D9rIethvkH71gVq8KWTAugP8TTlhZ40wsuD4CyKqNAjycLw%3D%3D&ptyp=4
2055779041,A:HAN_20260918_A:SGN__1-0-0_ECO___986989834,2026-09-18,Economy,VietJet Air,VJ,155,VJ 155,Hanoi,HAN,Noi Bai International Airport,Terminal 1,Ho Chi Minh City,SGN,Tan Son Nhat International Airport,Terminal 1,2026-09-18T18:55,2026-09-18T21:05,2h 10m,0,True,3129763,0,3129763,False,https://www.agoda.com/en-us/packages/book?cid=1753802&pk=A%3AHAN_20260918_A%3ASGN__1-0-0_ECO___986989834&pt=AAAA.AAAADFeEwNb%2Fm1vOs%2F8kb03VlH2S%2FvlqNBcHb8AdYjCamhLlXASveeJPWkZMZvtwQIudEQX37O9b7c43HW%2BhlEtUJheenhXHlc5BW9M1R0oJnHBtmc64IRdBHXZo8vvNZtClfEjHzQqVJF1IXYEmuS3Tcxo17R0BnRUhQPCg3%2BjeeaJLznZDtsJi4gGrVCPn5G%2Fl6M9oWH4qtSaVvw8k0C0JyzbobBgS0B%2BfhSwOLUalp2L1jXtoQGuQzdsPS7A30wZABeLkrHqt3iGfk0zevJkoAiC4%2BIxPuKZtyaiYIlHvYv9efg50mWUaU6qpAWx8%2Bdbms4eTUeBgAHx2ypT6uge%2FRv8VkMp4NPyd%2FXz5GNE%3D&ptyp=4
876640278,A:HAN_20260918_A:SGN__1-0-0_PEO___1078015053,2026-09-18,PremiumEconomy,VietJet Air,VJ,169,VJ 169,Hanoi,HAN,Noi Bai International Airport,Terminal 1,Ho Chi Minh City,SGN,Tan Son Nhat International Airport,Terminal 1,2026-09-18T23:25,2026-09-19T01:35,2h 10m,0,True,3369973,0,3369973,False,https://www.agoda.com/en-us/packages/book?cid=1753802&pk=A%3AHAN_20260918_A%3ASGN__1-0-0_PEO___1078015053&pt=AAAA.AAAADH2ckCKeCsllR1nziIni3tFc343hgh4fVkMyokxTBgf87WxwTf2ddknlZnp557qVGnI4qwqWqctHs2Y4Pa%2Fm98hArqhdT%2FDw84vAoDzoWnkECnF7YvsqamgKVk4ucnYCvFDkSQWTo84KiYRLsKA2JKCrAkwU90zNGBjFCosTK%2Bqs1YS4JzJkjSSddnSAtuMp%2BhLQnbVQe8V3d7Qt6NhFFBSv0AnfwzV%2Fp9R5zNkbkOKsE2vgzepmVPf6ZQLYPDsLtzqDUJN9semjzlNNUnHRuE4M5hjDixiin3iUUD6%2BYqMDwMpvsOnLVBpwdGQ7WNbJypHT7K9trI59YvyrPFzENrdDGa0aY0teYg%3D%3D&ptyp=4
1285484140,A:HAN_20260918_A:SGN__1-0-0_PEO___1053764784,2026-09-18,PremiumEconomy,VietJet Air,VJ,145,VJ 145,Hanoi,HAN,Noi Bai International Airport,Terminal 1,Ho Chi Minh City,SGN,Tan Son Nhat International Airport,Terminal 1,2026-09-18T14:40,2026-09-18T16:50,2h 10m,0,True,4728527,0,4728527,False,https://www.agoda.com/en-us/packages/book?cid=1753802&pk=A%3AHAN_20260918_A%3ASGN__1-0-0_PEO___1053764784&pt=AAAA.AAAADHvtxORSU2YWUfk9P4nEzDdc9L33cuoP1%2BkexmgGtJhJ2AHFYJd82YE57zcQ5YFFrVcIJqIPHTR77CMJRIMpJugo7EQJI3nSSN4q2ZHrVgEhTEy0L1N8m%2F7VXHZB%2B5%2FRJrQvjz%2B9MFxh8%2BJLMtN%2BNHxlWt72ST7vmcp8iZBq6fyxCH1KEuF38fQ%2BEONTqR75Vz4w9LKHWZJsT4yfyLrkq0OIUnwf%2Fkv10bVlW7FBAEP35M7CIunULOmgY47dqZK6gdkBxxEm2vSXlfj4QI1nC7oBcCLUgsUQae95vffzvUjqY4w1skJwQz49dGoqsjt7zeOxB79nKny%2FG1AeEJWqEEjOVsj96KkzLA%3D%3D&ptyp=4
740407107,A:HAN_20260918_A:SGN__1-0-0_PEO___1105470725,2026-09-18,PremiumEconomy,VietJet Air,VJ,161,VJ 161,Hanoi,HAN,Noi Bai International Airport,Terminal 1,Ho Chi Minh City,SGN,Tan Son Nhat International Airport,Terminal 1,2026-09-18T20:55,2026-09-18T23:05,2h 10m,0,True,4728527,0,4728527,False,https://www.agoda.com/en-us/packages/book?cid=1753802&pk=A%3AHAN_20260918_A%3ASGN__1-0-0_PEO___1105470725&pt=AAAA.AAAADOYhlW1q7qROy60hg50b2VJkphQV0T6qPZ8LqwW0EhKAyFA8Qf1UZNq2vYY9%2FIeWNefyG%2FFmO6TMjsfCFPQY8U%2BrAILXNFRbgfJsB1x0FKQ8eyz9MLInaEEnVWWFR8CPC71D4uETUywl%2F0%2BpqKS0FT4D49fW4iMNoE1cpURWVtP8HkBfW1tv40u6ynpZmELOI1KGZ0gbr%2BeukIBk8YXRsy9kD4xVccgrd2%2FzigDgK%2FsZFptMCa1TCSLdwFBZysUWGTOFFsz2ZGFJsCRUUl2pspdNnRrhefJzrArDrwBEvLa%2BOyL9ePf7zNXe8qA5vQAi%2BLbph4l%2BqpEDdsR0fgGmfVqZ13%2FKwRA%3D&ptyp=4
2106197230,A:HAN_20260918_A:SGN__1-0-0_PEO___113193966,2026-09-18,PremiumEconomy,VietJet Air,VJ,125,VJ 125,Hanoi,HAN,Noi Bai International Airport,Terminal 1,Ho Chi Minh City,SGN,Tan Son Nhat International Airport,Terminal 1,2026-09-18T07:00,2026-09-18T09:10,2h 10m,0,True,4728527,0,4728527,False,https://www.agoda.com/en-us/packages/book?cid=1753802&pk=A%3AHAN_20260918_A%3ASGN__1-0-0_PEO___113193966&pt=AAAA.AAAADDoU3G4lurVNFlCKwn6oYzxJPeoD997wxTWz2SDSB04EiLwtcOCW7yo0J7XSTF0Hm6itW5Yc62kLCEC%2FD24771hDxgv7aN7R7oxuC%2F0R0fr2LHbl2qZY1K6iNRffshJqEv9YwemKehgDVTf%2Fq0Jihbc6Q6ARkzShDpYgCNCbPQg7enkWN1mSVThpt2woppisYND7tJw5Wsa%2FuPjT1ciO69eWWT%2FaLxQPt3SSCqYFHWwkek3y8aj4ty52f98H%2BakbyXOLCtV0u0iTkH1O705aK4y6T3hTAbXtNGYxKkLcfz%2BR0dJiRO1jDWaqhlf9gGo%2BAHsN%2BoupRcbyFNAt9RV6Z%2Fwdwb4PZWRPIg%3D%3D&ptyp=4
1670636543,A:HAN_20260918_A:SGN__1-0-0_PEO___132928553,2026-09-18,PremiumEconomy,VietJet Air,VJ,137,VJ 137,Hanoi,HAN,Noi Bai International Airport,Terminal 1,Ho Chi Minh City,SGN,Tan Son Nhat International Airport,Terminal 1,2026-09-18T12:20,2026-09-18T14:30,2h 10m,0,True,4728527,0,4728527,False,https://www.agoda.com/en-us/packages/book?cid=1753802&pk=A%3AHAN_20260918_A%3ASGN__1-0-0_PEO___132928553&pt=AAAA.AAAADOalLwFud0adsHJb3yVnuY24OJJ%2FWtFLoAxk1WuAJBkMe3VqIc%2FlDyoB%2BzfEWup74WAeyoqn4b86Uyqi3xro20WAN7rsyClJFWnI1dTR0%2FFaKsKuj8qdESP8qIsuSObnEsVxccoVFSn2qYquIuhVi6rH%2FDFrb3a3y837k2fogibxoseO2mW%2BV0yoXyQmwUNOb2q2R5LyCe2cVCUSNu0Gf4yt5lsRUA19PwgRkOVtCdyGVJPv0%2FD%2BVl6h6eSNoq6ci%2BxHyK1ht4P655Jnt%2Fma1kdNT42C2Cac%2BctM%2B3Ha5mSy6H%2FOvrDPBsqn3qglwIYmnzKHbLgFcRmjgbtfF31KBX9e%2FI7RxUAc&ptyp=4
2133601272,A:HAN_20260918_A:SGN__1-0-0_PEO___1347164837,2026-09-18,PremiumEconomy,VietJet Air,VJ,147,VJ 147,Hanoi,HAN,Noi Bai International Airport,Terminal 1,Ho Chi Minh City,SGN,Tan Son Nhat International Airport,Terminal 1,2026-09-18T15:45,2026-09-18T17:55,2h 10m,0,True,4728527,0,4728527,False,https://www.agoda.com/en-us/packages/book?cid=1753802&pk=A%3AHAN_20260918_A%3ASGN__1-0-0_PEO___1347164837&pt=AAAA.AAAADM7jY2VEwdxI2nOVpPC0GL9CnbTDaArQyrds8iqP17SRXGV%2FgO9IryTlO%2FrIgg0Toult%2Bfh9rkfCQtsh8ULblba1mhp6%2Bp0we%2Fhe94HFaAm7QkgabsvoqyskvYRpuEaL3LLVUQDzAkFHhsps1RcQr2HB6V1j1%2BzqWyVRBzGK5tLYTalI%2BV39kVc88y5Plq0zMnocpZHKlijV%2BwT%2BOp4892roqPsOKV2BY9dVHyWADUQAIC40cwfvzLqehyIxAD4sd%2BEDVYA4rn2nb2BxCbWiCeVNNK3w7Qh15dZN1XLmyq6XRgSbMjPWSxBvUsthwN7uQgf%2Fb7lkX2I55YZMcxERK455RS1PRQN4ewg%3D&ptyp=4
1470819433,A:HAN_20260918_A:SGN__1-0-0_PEO___1578352381,2026-09-18,PremiumEconomy,VietJet Air,VJ,159,VJ 159,Hanoi,HAN,Noi Bai International Airport,Terminal 1,Ho Chi Minh City,SGN,Tan Son Nhat International Airport,Terminal 1,2026-09-18T20:10,2026-09-18T22:20,2h 10m,0,True,4728527,0,4728527,False,https://www.agoda.com/en-us/packages/book?cid=1753802&pk=A%3AHAN_20260918_A%3ASGN__1-0-0_PEO___1578352381&pt=AAAA.AAAADPmhY9W9MQ6EuHk0kpKs%2FShqCuh3LHBIUYC1e0F%2BaDO6KcZD%2F1Q2mB75mFrLp%2F0Y4IB%2F0UG1u2elnqN2u%2FVMkvYgBmo50NgXB5jkVidjDYMUWDV6jpCjlmpNQQwlWEgHsedBBbxVXIjXuzWYj%2FhVZd%2BtQ6SnbI%2FnPM9tAuPpqoM9J7%2B8piG5I1wtOa9xytMIrGk3R%2Fk5CH8Y%2Bp2u0qpig%2BZWYyQ5a0RN7xciX8jS413aOZs1ZBe6%2BZv3KfdjaaSzv9IQh7Tet9VaQW32B3IVbAwPdO1osdWn9FtMVgkW9DlLkNIerN2ZWHvu4Y%2FOEKpm3zgqgOT%2FJLDa9rFr5B3eCfDYbPsVK5sofY0%3D&ptyp=4
1595202840,A:HAN_20260918_A:SGN__1-0-0_PEO___1897882236,2026-09-18,PremiumEconomy,VietJet Air,VJ,123,VJ 123,Hanoi,HAN,Noi Bai International Airport,Terminal 1,Ho Chi Minh City,SGN,Tan Son Nhat International Airport,Terminal 1,2026-09-18T05:30,2026-09-18T07:40,2h 10m,0,True,4728527,0,4728527,False,https://www.agoda.com/en-us/packages/book?cid=1753802&pk=A%3AHAN_20260918_A%3ASGN__1-0-0_PEO___1897882236&pt=AAAA.AAAADCGL2WzAin7rPG6WsX92ViyM%2BFavVXr8joiadEwQRWxWQPcCCcOzsQmsAdfmuEqBcPmTDLx5ZDBaHK8fPfje%2BfKY5%2B2lswvq%2BOvFhoJ9GID6MCPKo52PNqFnk8RhOf4ArhkRB7CYD7NnPzI0I8FVVeJxg9YfSvCffrapTNK1YegnDVzD9NkKyqbZxDbVAyy0%2B4I5f1xfNg9et0wZxzEnrdZxt%2FvwLGl1dOnZeZuu3%2Fr2XtDA0K39WZCJJypaEGVU2UNEVM0rHXwXZM1AhIfiN%2BT%2BlahXPhvq%2Br6NRXCoK%2F9S9J1AoEof42rVk%2BnnBjOu3109r7AHpq4Kd9evAfLlOq3V9dwCxnxIa3U%3D&ptyp=4
757512371,A:HAN_20260918_A:SGN__1-0-0_PEO___1958949386,2026-09-18,PremiumEconomy,VietJet Air,VJ,129,VJ 129,Hanoi,HAN,Noi Bai International Airport,Terminal 1,Ho Chi Minh City,SGN,Tan Son Nhat International Airport,Terminal 1,2026-09-18T08:45,2026-09-18T10:55,2h 10m,0,True,4728527,0,4728527,False,https://www.agoda.com/en-us/packages/book?cid=1753802&pk=A%3AHAN_20260918_A%3ASGN__1-0-0_PEO___1958949386&pt=AAAA.AAAADOkBamzu%2BlabsoZ95LihY0FyL%2FHo2%2B8fWDtjwObnEjcz53Vkvnj5Wz46emKku5Xznsh4UDSCn2q%2Fu6iAqW04YE9HnW7QSObKGo90Q8luXYGhRm8A9JpGh1zmgezD%2Fio%2FGFkg9cL74Dbh0eADyTqU5FVhkUZrH%2FLHXRFQ4WqYSBn0%2Fexk5J4GkyuuhvoOtFjhYo%2BdqoDBBb606O0vbZTpOEQuHvkSIL1zismvq6sGWv4cBqK%2BOFAWUZPlN7oXNGzN9kQ88H8cpWUSxcva%2B1KA2qo3kWNv%2F63c0BwbAp5ctsCwMqnivUdkf07BWR3BXerZqClZZv9vyYUEUkgmrN64RGx2qGlVT0Rx&ptyp=4
1131500894,A:HAN_20260918_A:SGN__1-0-0_PEO___2844494,2026-09-18,PremiumEconomy,VietJet Air,VJ,131,VJ 131,Hanoi,HAN,Noi Bai International Airport,Terminal 1,Ho Chi Minh City,SGN,Tan Son Nhat International Airport,Terminal 1,2026-09-18T10:10,2026-09-18T12:20,2h 10m,0,True,4728527,0,4728527,False,https://www.agoda.com/en-us/packages/book?cid=1753802&pk=A%3AHAN_20260918_A%3ASGN__1-0-0_PEO___2844494&pt=AAAA.AAAADN7MZpp6XORLyPSEZA%2BJX2kgwO4iQwWZvi1Yuovd7yh0enhuIvO5V4yGqAF1hd98wGx74R2kJ7TizCMsHmiw81vlxmJr%2F0q%2FNuWuKuds%2FjhI1SVyO3eyoMKa6TQaGXjVjj0qQiPmj6FQAB3VyeV21PArIbK6%2BOoTnCBEBm6A3zwNQuksM17OkHSWi8CrzA1nuxUjorT2fHvCiKUt1K4MkDxQWqfcwdqXnAylfRmUsGfSmm03ajJGi%2FUcoyug0WpuKb3WYEAEfMVABuel%2B2wh4sRG9Cs%2FYX1ycTNDbpiLvrAg8%2F1qQZGTODHS%2BxWjC08Pa%2BG3Cjuhw9Tnqnzx6DBN2i%2B4XrdpFRQ%3D&ptyp=4
1434361136,A:HAN_20260918_A:SGN__1-0-0_PEO___30094592,2026-09-18,PremiumEconomy,VietJet Air,VJ,121,VJ 121,Hanoi,HAN,Noi Bai International Airport,Terminal 1,Ho Chi Minh City,SGN,Tan Son Nhat International Airport,Terminal 1,2026-09-18T06:00,2026-09-18T08:10,2h 10m,0,True,4728527,0,4728527,False,https://www.agoda.com/en-us/packages/book?cid=1753802&pk=A%3AHAN_20260918_A%3ASGN__1-0-0_PEO___30094592&pt=AAAA.AAAADD88XqyHdbAse%2FgsJF%2FlOCJvcw62LlDOdsmozJ4VMJLKYreTtswjvEDTkZZho%2F3kVVHpqOcYBhHAZ%2BZ3zHZKlYzxAmPnB7JMyeMmljOyONvU%2Fh2CPfuEEfaj1M%2FZzuLbis2iz%2BGdMfMtXGbocElmpQkxNx9fssIKV%2F4%2F0tp8qGXWc4st4m6o88EPNOIq2Xq%2Bk%2BKSFX6aCLvFnx7bEGtCAJTL8QbkK8El4AgSUhuUBKjrRS5pqiOhRuetI5ifuDdrnXj65lbC%2F5l0ei013x6b8QyBo4RycSVeauzkckXFIMeEzYHtjyDux2SpNtGrrAxZOw%2BpiDkL%2BMScfJrQnN0pLJI9ozWSNX4n&ptyp=4
309096546,A:HAN_20260918_A:SGN__1-0-0_PEO___390130577,2026-09-18,PremiumEconomy,VietJet Air,VJ,167,VJ 167,Hanoi,HAN,Noi Bai International Airport,Terminal 1,Ho Chi Minh City,SGN,Tan Son Nhat International Airport,Terminal 1,2026-09-18T22:45,2026-09-19T00:55,2h 10m,0,True,4728527,0,4728527,False,https://www.agoda.com/en-us/packages/book?cid=1753802&pk=A%3AHAN_20260918_A%3ASGN__1-0-0_PEO___390130577&pt=AAAA.AAAADAtmZQje6O%2BAcOWHbBQrbsP22KArekw%2BHUvku2Q37vBFo7djUSMCdtA9VuXWg61sxm5osRmcgOtbLM%2BWZ8F9SZm%2FUmApYrTdj%2BB%2B4Od1AMYchQKXStUJy0qvTSNPPRmNTjYUnA4dHVFs05aOOv2BQgGy%2BcIkc1qKVgDhRoIaB4hZdJx5%2F4SEnZYZFrExQkCUiuFJiAJgGUA%2Bk4j5mFblmraAk5zYAk1NgVPxe4yWyP8sYtHmLC3AgoWFQo%2Fur6xOlj8gEcv%2FCN3NUMBTbn387jby0S6YfxsUGMwQ7hh27NuddFjrSQjm5x37p8ouMjwzKXCRQiw2gv7h5R7plkTHzrJZkORazvs%3D&ptyp=4
751532226,A:HAN_20260918_A:SGN__1-0-0_PEO___986989834,2026-09-18,PremiumEconomy,VietJet Air,VJ,155,VJ 155,Hanoi,HAN,Noi Bai International Airport,Terminal 1,Ho Chi Minh City,SGN,Tan Son Nhat International Airport,Terminal 1,2026-09-18T18:55,2026-09-18T21:05,2h 10m,0,True,4728527,0,4728527,False,https://www.agoda.com/en-us/packages/book?cid=1753802&pk=A%3AHAN_20260918_A%3ASGN__1-0-0_PEO___986989834&pt=AAAA.AAAADF4xsY69OO%2FfZMGjUtM%2FJfOqIPQCx4rY4bKffYoTdECyUA40QTBCI5RCh7TP%2Bbvy0XjS2W3rw9O07aATDrhZ4gp8QAbrEi1od04yC2RasnFeINKPWVC3GyJZhj1EFQAoPlErvfivZuZ%2BuKvC1PkK3WpuYHyG8GDPwVV4BKvxSIoF5%2B717HwSTU2H6nq5UcLUC6v6zAVZrR1l87GTHzNCCtiucLJJzDjUA2vB701frTB%2FC0%2FMm9VpiMNLpKhz9m9WfRBnbiNdIweOe7SlD2RfKZa7ySWS7981VZJOAKbIkKPPtxlqXBclHNcZctZAcGYLr9REcIjrn4aj1bnXn%2BTsB0QwjsF81pcp&ptyp=4
609295143,A:HAN_20260918_A:SGN__1-0-0_PEO___1591669664,2026-09-18,PremiumEconomy,VietJet Air,VJ,1127,VJ 1127,Hanoi,HAN,Noi Bai International Airport,Terminal 1,Ho Chi Minh City,SGN,Tan Son Nhat International Airport,Terminal 1,2026-09-18T19:55,2026-09-18T22:00,2h 5m,0,True,6070436,0,6070436,False,https://www.agoda.com/en-us/packages/book?cid=1753802&pk=A%3AHAN_20260918_A%3ASGN__1-0-0_PEO___1591669664&pt=AAAA.AAAADL2ri1AUnpp55rUjObU9ZLKJLKBDl48KsuIJm%2Fddi%2FBus%2BkBCaIafU4yfEeM0JWnJpYb%2BrR%2BWTmIq75%2Bux7IIoS0fk8OJQcVF0GVA5G3uqQgUUkPLWKP%2FNqOTHRydJ5PukbYJ1H9zs9L3UH99%2BZPTk%2F3UCrVEb1pwWKteUa%2ByHA5WyMPP85HFKOWDtGuIW8EsQo7jAXgXEcP9vQlQaC2KsDS%2BYiVcEfaJoqwJ8qKTg0%2FeuDveZOVCAKLH1OBOA4%2FpNosZfkEo%2FdNlSfDks6iLA1EeThOmtlzKqEWZrfqDRTjEdN3yvtEe3KRNJHXrUHtdHzu%2F0MVA79uTBdC53Nd2f6EthHSZkwd0g%3D%3D&ptyp=4
1660376194,A:HAN_20260918_A:SGN__1-0-0_PEO___1904571154,2026-09-18,PremiumEconomy,VietJet Air,VJ,133,VJ 133,Hanoi,HAN,Noi Bai International Airport,Terminal 1,Ho Chi Minh City,SGN,Tan Son Nhat International Airport,Terminal 1,2026-09-18T11:20,2026-09-18T13:30,2h 10m,0,True,6070436,0,6070436,False,https://www.agoda.com/en-us/packages/book?cid=1753802&pk=A%3AHAN_20260918_A%3ASGN__1-0-0_PEO___1904571154&pt=AAAA.AAAADB5PxVgPZ1cQ4kDfCrqDhwBAHog8pb6s%2B3ruXug2mn2AZBa64AYhmJWILG94AS2plhk%2FudIR5gZavcgGMG7ZuEa%2FJIq1Thr%2FXZGFmx8p1w75VozewhSK9Nld4vAjoUuDulKInE3Jffbje3%2FLvSUgMElAN7C8w6nqqR35Lu77M3NKzR4yvbpIp5tmBM1glcv4FYdfBvrkc3RNRRoWSU7QZnw7qPclCaoEWEGlKWd972DwFcd9o%2FkUnc7osc8oKXR6gAghuVYLtA1m9p9OuP8xp3S2biDcxTGWwMaeuBEeH7z1nFWU0S5CmDwTpNdhUhePWvdPk6SnmYh1WrCGW95RXNIIh0ggFXDFZYE%3D&ptyp=4
1246951126,A:HAN_20260918_A:SGN__1-0-0_PEO___1907905778,2026-09-18,PremiumEconomy,VietJet Air,VJ,163,VJ 163,Hanoi,HAN,Noi Bai International Airport,Terminal 1,Ho Chi Minh City,SGN,Tan Son Nhat International Airport,Terminal 1,2026-09-18T21:25,2026-09-18T23:35,2h 10m,0,True,6070436,0,6070436,False,https://www.agoda.com/en-us/packages/book?cid=1753802&pk=A%3AHAN_20260918_A%3ASGN__1-0-0_PEO___1907905778&pt=AAAA.AAAADJVEXNCRJ4EmIxKhpQfZltwebCFmrdDrDcJO9l70Hb8KGkThBAtB4XTxwW14I3hsjHXx2cI%2BPWMUYplIvjfeVTjcytpcqLbYAYYjeRVl%2BuyXhh%2B6VKiq0x5aOkFrNiPIpKv%2BFp5dHFPsKosEMvtW9S2GB6F%2BkxKuf1nZGP3MZq7OzIC5uZrRxGmSiL40O1hxjXqT9CJaiRZFufz4zM44mAT8dW9YslKaAHsKSyHGUxGDOEHuY36EvBky2LmKpKWVaV9uUoblbukPMVQ6AtBEv5hBAv9QjDddXgln1Xv7GOEJXJfFh5lWO7KPuKuLIycDGNq30%2BgssluPMzAHayAHZ8llPzpLhJDiOVA%3D&ptyp=4
137907212,A:HAN_20260918_A:SGN__1-0-0_PEO___912733472,2026-09-18,PremiumEconomy,VietJet Air,VJ,143,VJ 143,Hanoi,HAN,Noi Bai International Airport,Terminal 1,Ho Chi Minh City,SGN,Tan Son Nhat International Airport,Terminal 1,2026-09-18T14:05,2026-09-18T16:15,2h 10m,0,True,6070436,0,6070436,False,https://www.agoda.com/en-us/packages/book?cid=1753802&pk=A%3AHAN_20260918_A%3ASGN__1-0-0_PEO___912733472&pt=AAAA.AAAADBhYS%2Fk%2BS%2FcVoBmfxaVz4f9gQ4nih9v8NAmiRbe73t5bks5IwvKAfCUltixBlP0EMEajlO0nSHpAvf9loOmusbuVu%2B0M11%2FXnx%2BNTJRuAVE472efTSzDYVRt6boxiBR5GVGbV4XsFbY84iRThVSzZTbfcEmVMz8JANtxTvspOcDbABrQn3t2bXEQVobeKnIqrXeu0h3%2F7UOs9jTLpLOYFTUW4HU0itZ5Yn8TRuQCRIHcnl8%2BiuUpqAnEkgNAQ5mE6sBXW2ocs7G29LxrBil%2BxwBLFPNsj1nRhgUQnt1peow0i8eJEjmPRXd1lRqB2dO%2FrdI%2F%2FvQIoRwoX4bFNpNlMg0%2FhWkLsb4%3D&ptyp=4
1718149695,A:HAN_20260918_A:SGN__1-0-0_PEO___1316847334,2026-09-18,PremiumEconomy,Sun PhuQuoc Airways,9G,869,9G 869,Hanoi,HAN,Noi Bai International Airport,Terminal 1,Ho Chi Minh City,SGN,Tan Son Nhat International Airport,Terminal 3,2026-09-18T18:45,2026-09-18T20:55,2h 10m,0,True,9761534,0,9761534,False,https://www.agoda.com/en-us/packages/book?cid=1753802&pk=A%3AHAN_20260918_A%3ASGN__1-0-0_PEO___1316847334&pt=AAAA.AAAADHEzA1KBok7TQOCV2yDIwGn1JDhRmGYwljEeqgt5wqfrhqTuccQsHyd2UA0erZ6yDi92BfmGH7ErWiC0rcuT7gcH8hIcvMbG0OBFP0Wcz48nQ2p%2Bv0rZd%2BXYWhfgm3TjyQOu6Gku%2FgQd7UkcxChdc4gMYsUTxlzt%2F7VW3MtDPbGrkAh4xyUfKTog5xLXrP%2B8NSf%2F%2FkIhDVHRfbswfXk4J9uGiSYZgTT%2BBMVPzVXSYo7yI3IpCIoq0ZoOEsnxiDGjjKwLePArmj5VOlsg4Vzwe1xkmKDoC7FJBrI5FWluvIBETedvzVhUNOC%2BJLqQPwGuI6UREfEpDoTBc%2F9TmrrFq9a7S6pzXob6FEtL8l3DVqjDXqXZ&ptyp=4
30786142,A:HAN_20260918_A:SGN__1-0-0_PEO___1138543111,2026-09-18,PremiumEconomy,VietJet Air,VJ,773,VJ 773,Hanoi,HAN,Noi Bai International Airport,Terminal 1,Ho Chi Minh City,SGN,Tan Son Nhat International Airport,Terminal 1,2026-09-18T16:25,2026-09-19T09:10,16h 45m,1,False,9652740,0,9652740,False,https://www.agoda.com/en-us/packages/book?cid=1753802&pk=A%3AHAN_20260918_A%3ASGN__1-0-0_PEO___1138543111&pt=AAAA.AAAADLyWoHhFdOsJjOC6Qalbm1wqc%2B5UIIfjF54EJ2BbiU9Z4TJMymcvDz2X%2B8Qx%2FDtJBPVoPiQO97bcbgrl09ifYPZ84SH80hyiCa%2FowuqK6T6C8MqjZ%2FKQ7cKojdc6%2BkTQRzaJJa54%2FTid27Qn4jV17hONEsO5xmbnh3pV2L%2FBdPmmJ0TqO4oCJmo66gyujqMJZtrfhan7okQyXsl1BQDXzOtOd%2BgsxP6ySBQuoBG%2FcBseWzjIpULQ9lAXn%2B4Vu7LZImT8iRAWoJ42v%2BTzFQCQrX5aGzht2%2B%2B9yuP4rm9RiT%2FB4zKV7CcFQJP4cMvUMmMWGckgVqa27q%2BkRZRpqTNefeqi7CZa3pO%2B3JpYCPGfVMMq%2F5zQOz0fzO%2Fxu023EQdO8ZQ%3D&ptyp=4
614039768,A:HAN_20260918_A:SGN__1-0-0_PEO___8873426,2026-09-18,PremiumEconomy,VietJet Air,VJ,773,VJ 773,Hanoi,HAN,Noi Bai International Airport,Terminal 1,Ho Chi Minh City,SGN,Tan Son Nhat International Airport,Terminal 1,2026-09-18T16:25,2026-09-19T14:15,21h 50m,1,False,9652740,0,9652740,False,https://www.agoda.com/en-us/packages/book?cid=1753802&pk=A%3AHAN_20260918_A%3ASGN__1-0-0_PEO___8873426&pt=AAAA.AAAADHHmArrLKrp8lerBsrvWVEmz0Cx3nl8QNp6sOMH%2BX0xlcpGzFFsl%2Bf39f6iuRs%2FJl9VlP7LboU3kWOITcibnHEWDYJALAh%2FZC0ThQj0PH%2BkqSh00L7Uamwhunny6SkZzKR6OnIMOXdSQfXFJKDmqc%2BdMs1C8%2BtJRJv76Vz2%2F4zPm5zKZmnLI2rSyEaiO2UohQbPDRV31Fv72TjRFkOMMGlDjxBhTMbd%2FyJjzI%2FQrYgQsMuz6ckZP1QGGgjSiwFr20c%2F54W5I6aFnA9uk2eICSSsl9uvW%2FJGfFX95eKqUJJUsOQxaApWQItlKcjD5giscAfMbKXg7U1ecgWTpkiYdniaRtzZMP85GqBJ57lw1lw41aATQ1o0tAXuGXRYLdGtU&ptyp=4
557438419,A:HAN_20260918_A:SGN__1-0-0_BIZ___350790805,2026-09-18,Business,Vietnam Airlines,VN,6025,VN 6025,Hanoi,HAN,Noi Bai International Airport,Terminal 1,Ho Chi Minh City,SGN,Tan Son Nhat International Airport,Terminal 3,2026-09-18T22:55,2026-09-19T01:10,2h 15m,0,True,4903366,0,4903366,False,https://www.agoda.com/en-us/packages/book?cid=1753802&pk=A%3AHAN_20260918_A%3ASGN__1-0-0_BIZ___350790805&pt=AAAA.AAAADBfiMyz9uXUtgwWKq%2Fs2BII6YzxuKm1gYy7h5BCsrOqZoKTF9Zox%2F%2F4W%2BIKql9P6u6AW32vJqw%2FMhcbc5grmkAQU25r4u7CwS0O9NMih4gt%2B7sYKGDBjsGQ56XYFFGySd7wFRajPoCsZIdp7n%2BnUuN2PLFTA6u22j0rH7pbi0RQqjYWorIdIluZ%2FjtIdlsIwxx2uZVhdZIgQWGP0uTmxPQyKGCIPHpJyU7Eo2OAJX3tHVJFly%2Br7o%2F9l%2BhVb11qAd99hlQhnFRcpbgySwHqBPqUQkNvd8jWCu9SXavJ1pRGk5zTdIeLl2hL4t5YPw7kAcKtwxlxTEEkQTKGvHG%2BUG2FZhNAtf1tfseZTBSXfX%2FxaSgeNXw%3D%3D&ptyp=4
1480436547,A:HAN_20260918_A:SGN__1-0-0_BIZ___108508647,2026-09-18,Business,Sun PhuQuoc Airways,9G,825,9G 825,Hanoi,HAN,Noi Bai International Airport,Terminal 1,Ho Chi Minh City,SGN,Tan Son Nhat International Airport,Terminal 3,2026-09-18T09:25,2026-09-18T11:35,2h 10m,0,True,5997935,0,5997935,False,https://www.agoda.com/en-us/packages/book?cid=1753802&pk=A%3AHAN_20260918_A%3ASGN__1-0-0_BIZ___108508647&pt=AAAA.AAAADKRa3j2OE2QpgCQT6PC6b4ZKzktRnhsJ3RbO6WZOURyAf18xrv2FBKjqK%2B4JIhvon6nFAoK4ELm9xJAbWh6dgJb67Ail94AxZ5RJU1jiaEoXCMx4IfVxCooy4l0UA1T5A9VLigtVizXnmSjzc62b3K7icxfSGRJgnguFtErYFN7tJu3oFXTJZUAqQxIyWHfhsJgAKB2SUH%2FEHwDJuIOYftbru8CuUlp74Ye2qFqDictfu2YhRb%2FVWNyOSKDYqZ6YhRYhmd2Zpkj57beanSaFq6zMIxVicbGSBdsQDPBbpPpdKbiPbkvNcCI2L4DXNM%2B7%2BJRjtet%2B1ZqQ%2B4H1dLOWTsoV%2FB%2Bw3JcOHS2qGrWAPE%2ByTdY%3D&ptyp=4
1391736971,A:HAN_20260918_A:SGN__1-0-0_BIZ___1085101230,2026-09-18,Business,Sun PhuQuoc Airways,9G,805,9G 805,Hanoi,HAN,Noi Bai International Airport,Terminal 1,Ho Chi Minh City,SGN,Tan Son Nhat International Airport,Terminal 3,2026-09-18T05:45,2026-09-18T07:55,2h 10m,0,True,5997935,0,5997935,False,https://www.agoda.com/en-us/packages/book?cid=1753802&pk=A%3AHAN_20260918_A%3ASGN__1-0-0_BIZ___1085101230&pt=AAAA.AAAADJ9t94NMP4LJIYJyv3tAnhZb%2FCJSUJAFbQqD6PGj3evN%2F%2F0IlEIcBUAkZS8diyzONgVvO%2FhbMpfubhQhU4sLXM4uAXCUvLBw5J%2Bzb%2F53v%2BqV4%2BT9N4cv5PX33%2FRpwMGsDZycjSHOwTnCZ80v0WE%2B9WtHDgFOy%2Bicnj4JxDsH8cSlSFn2Qdaj2WOG09oKDq2MBLdSLCPxrGrTxRMRJKN0DCMleYRmBcXhsRXp%2FG1BdiMeaVn8nsDLX%2BZ%2B4X%2B4PfwOzNYS8TKT%2BQss8Pxl7z4%2BlSbLdpqUxdMfRj3w%2FdU1bGoSs3gW486YmMQpVksaUdxNWSjvzgHZF1UNiuOH7vW0ghT52p4U06HTmpCf7C2MhXr8rMc%3D&ptyp=4
1682050411,A:HAN_20260918_A:SGN__1-0-0_BIZ___1221229841,2026-09-18,Business,Sun PhuQuoc Airways,9G,855,9G 855,Hanoi,HAN,Noi Bai International Airport,Terminal 1,Ho Chi Minh City,SGN,Tan Son Nhat International Airport,Terminal 3,2026-09-18T15:30,2026-09-18T17:40,2h 10m,0,True,5997935,0,5997935,False,https://www.agoda.com/en-us/packages/book?cid=1753802&pk=A%3AHAN_20260918_A%3ASGN__1-0-0_BIZ___1221229841&pt=AAAA.AAAADNnp%2BFDSkSGj1tx%2BCuhiOJ9gheMKlDbJEJ8stlAqet90wTwtu2xhIv5fZ4XRA7HdMQu2yHLXtZ9ur4FbmWSrmht53lBQamHvGqO9GWALWXyOyk6Su0dATwQ%2Fqia%2Fs14bGko%2Bm6JgOusen1gUAT7VN6bdxYmTjxkz3pbi1ZqR%2BV0H1B%2FqhmICbSLEiKlIDZ7MS5%2F5DXiXKnRnvtGZiYqhcmRJAN6480DyWyvhXfFKKXXx10AfhlSCLUBouiOf13OTOJSMgOGSDacdv1UFOaZNZTJ%2B8tjg61ziUB8qlRWghjWbju8ufz74HAeLilEP3xvQyf1MMJBYkPQWdei4zt6xzCQp%2BtU4jrnD16oTAky%2FmCOPNA%3D%3D&ptyp=4
2120326517,A:HAN_20260918_A:SGN__1-0-0_BIZ___1316847334,2026-09-18,Business,Sun PhuQuoc Airways,9G,869,9G 869,Hanoi,HAN,Noi Bai International Airport,Terminal 1,Ho Chi Minh City,SGN,Tan Son Nhat International Airport,Terminal 3,2026-09-18T18:45,2026-09-18T20:55,2h 10m,0,True,5997935,0,5997935,False,https://www.agoda.com/en-us/packages/book?cid=1753802&pk=A%3AHAN_20260918_A%3ASGN__1-0-0_BIZ___1316847334&pt=AAAA.AAAADOqm1776T7uHwuctrpC2bpXDEurm03i7xJ8Gjz1c65ntFDl2%2Bd%2BD1ulE78yRrMOa5zZ%2FWgo3ytoJyqz52Lx6a8eySLJCW3ZCbhaUNEKud4XCfDzUCuJ0Gv5fleQdhJXe4ra%2B1fsmf3mRKrpKyrPdgaR4GCBQMKL%2BpAz2PpVxne0eCgAjqCkOydVJwzVxpA3z4oWbEQIcdH0w24eGGI59u5ru1WGyvC2KQODIPjPUpZq4ADRg6Php5E%2F4IwaS1E7wvEzsl2VqvID8xzEcURvTefRXX9%2FLV7qElKTMLeBZupkMUJPnahPSyZ49kiGekm31fdeQ6LVt20Bb%2FJUdxAu7k9PD3so3dJxSC3bFmqdCJdRYNEA%3D&ptyp=4
2018353394,A:HAN_20260918_A:SGN__1-0-0_BIZ___1546070484,2026-09-18,Business,Sun PhuQuoc Airways,9G,809,9G 809,Hanoi,HAN,Noi Bai International Airport,Terminal 1,Ho Chi Minh City,SGN,Tan Son Nhat International Airport,Terminal 3,2026-09-18T06:30,2026-09-18T08:40,2h 10m,0,True,5997935,0,5997935,False,https://www.agoda.com/en-us/packages/book?cid=1753802&pk=A%3AHAN_20260918_A%3ASGN__1-0-0_BIZ___1546070484&pt=AAAA.AAAADC30bIlylntjBajG7sJ6XhqsKU9%2F2ykRFZLwb55MS10n2G9dRrauZg5Wb6%2BZctZIBk3eI2uOrulF4wOgKL9NJGqJdwUhbvobCeopo4Sk%2BgJsy%2FVhASS8rjLcj4Z%2Bv12D98OHcIVogKwfXIgw5q5QoKYN%2F5DrJIsFzul%2BXUjVM3qQLSClCgmQVRchPpxwPc0gxb3uOtVT9K2Cm8TIijcDNWAc6kQ2dmO0QGAckBuPMjTwP2eUHkJwrhipGo%2FmrlisJcHn9%2F9jzY28kieuf4kWodxXlV%2BuHIW9xlK3tMPPhthKyfr%2F84jhm4VaVVPzOtsxA0H6JCSbMKf1Jbc%2B8m%2FYR3jxAAZTxbz%2Bn4z6hSPurDCslPpw&ptyp=4
1666210730,A:HAN_20260918_A:SGN__1-0-0_BIZ___19163997,2026-09-18,Business,Sun PhuQuoc Airways,9G,883,9G 883,Hanoi,HAN,Noi Bai International Airport,Terminal 1,Ho Chi Minh City,SGN,Tan Son Nhat International Airport,Terminal 3,2026-09-18T21:55,2026-09-19T00:05,2h 10m,0,True,5997935,0,5997935,False,https://www.agoda.com/en-us/packages/book?cid=1753802&pk=A%3AHAN_20260918_A%3ASGN__1-0-0_BIZ___19163997&pt=AAAA.AAAADJ9Q0fACtksk8ZsWEsBycCDED7Bhm5uOLy1geTAzhZqhktbNNsxLqisdimDZ%2BdIu0AilLhIrDzfl7Rkp7gRJa7P9Dr%2F%2BYqbOHHlPEXVeZWQl6fBc31b2TfG14mBN7YFZZd9exHEXeIHC0W2vzF2PGQaiuZeJ3EMQ2mIfPJFAi4a5di%2B8GhCfELJ5WS%2FIaaK0eHwlG1s8KajVON%2F842E1znSZWZDC%2F71VJFLq0E2c3JthwMDJBGRVPiura48mLWveByCHEAIDitwqLT0%2FQ2h4kdGA9Rs6G8ERVVYuD95rm8eTx6EFb6FEhW8I7lsIDhnw6uQPsqkM2VcFKIHvFJMMPM4%2FIa1bgUHWi2U7Ws6hbcwoFg%3D%3D&ptyp=4
1673725865,A:HAN_20260918_A:SGN__1-0-0_BIZ___44031561,2026-09-18,Business,Sun PhuQuoc Airways,9G,879,9G 879,Hanoi,HAN,Noi Bai International Airport,Terminal 1,Ho Chi Minh City,SGN,Tan Son Nhat International Airport,Terminal 3,2026-09-18T20:35,2026-09-18T22:45,2h 10m,0,True,5997935,0,5997935,False,https://www.agoda.com/en-us/packages/book?cid=1753802&pk=A%3AHAN_20260918_A%3ASGN__1-0-0_BIZ___44031561&pt=AAAA.AAAADO7ONxhPxp873vOMIVQHrNBNRJgkCrVH9zvPQxlS2T%2FEkWlxmZf9A3VOR3zDxS4FZKkg%2F%2FXl9exBI6bfsNfsHkY25WQpEQBZzAswg4HMwS4iKoIXrVRyjMBRdGu7mioOtzDOH8j4A5bl5e1bguYAT2JNH0JZMsBbl89Hkxtie8D%2BFyeq34YkouIXWn9aR1foj%2F9AJPxTg72hhpVffRSKptgjCcqUgMTa40BU63jpvIfSZlNsV5MSricnI5hhEEnQv%2BjsJtbgb1LTXLjh88Khs9B%2FnibcD9WXNA1vmGhI3enUkcO%2BcQzRz8rzh3Kcxnx%2F%2B8LhNrwfLs0udTTNG5eiDnQumEgvz9aOdjV%2B0AIK%2BWT3&ptyp=4
2116044407,A:HAN_20260918_A:SGN__1-0-0_BIZ___971649392,2026-09-18,Business,Sun PhuQuoc Airways,9G,841,9G 841,Hanoi,HAN,Noi Bai International Airport,Terminal 1,Ho Chi Minh City,SGN,Tan Son Nhat International Airport,Terminal 3,2026-09-18T12:25,2026-09-18T14:35,2h 10m,0,True,5997935,0,5997935,False,https://www.agoda.com/en-us/packages/book?cid=1753802&pk=A%3AHAN_20260918_A%3ASGN__1-0-0_BIZ___971649392&pt=AAAA.AAAADHvR63tl08lB1kYTlOsEDZMdtj2P0T2eeArKjbSiI45SB33Y7Vmrq5MvYeAQ17PyweIXPeCpkFNPy5ezw5CqWrFvO1%2BCOcChJLnLrJYdmpEaNTzoDY755J9yGfLUL2l%2B495dKxDqOsuhq8EduFmby9hOLdIVlgWMoKNn2FUmypMgdB9Mq3OwHlJpqzzuQOr4H%2BWJ24cgm2VGLoa9tuEDxUUswEympA3zseHOyZrw551DIgJxzMtNzuTWoM834TPQLmAD0Zd%2BrbwRidjlO9Dn1Ngn8P3JtZtxx7MliozPKPcKZ5lv3IaHmQc%2BVl0aZbvBF30Lgzds7jnMf%2BZ0JCDpUljKel2F%2BSoMcXhPdx40bmJw%2FA%3D%3D&ptyp=4
362740339,A:HAN_20260918_A:SGN__1-0-0_BIZ___989710528,2026-09-18,Business,Sun PhuQuoc Airways,9G,873,9G 873,Hanoi,HAN,Noi Bai International Airport,Terminal 1,Ho Chi Minh City,SGN,Tan Son Nhat International Airport,Terminal 3,2026-09-18T19:15,2026-09-18T21:25,2h 10m,0,True,6490307,0,6490307,False,https://www.agoda.com/en-us/packages/book?cid=1753802&pk=A%3AHAN_20260918_A%3ASGN__1-0-0_BIZ___989710528&pt=AAAA.AAAADMfFYTAoboR9c4zNeYf5VAUTJdiW4FI9%2FYpq0oR39pFgTIP69hQ2X4a416EKvS1ifpiUeL%2Blsv3LSNXYAysYvVO%2BOKZtCJ2HEYEZeGDbyqc3SUvMxuI2AgUskwO9HSre4NuK%2BlmsOi5bLusGwgEpiGuppAJcdyHsoBfJ52nXqAXIHyoeJxIIbVXoA9zegXQsjYFG50bzphoV2YydogKT1NE269wQQZR%2BEMatFbPl94yS39YYWeczzdK2e14MLlhsJ371BSJz7MeYx2CSR92WaLSdJHL2SOmcACXnPddVHgsa4Nf51ArXXLZiV9GYR1OYYdDXfJsUh%2Fg0wyIIRtOYhIDqzAOfxTW000IYOn9y8%2BsfvQ%3D%3D&ptyp=4
895052439,A:HAN_20260918_A:SGN__1-0-0_BIZ___1595231265,2026-09-18,Business,Vietnam Airlines,VN,267,VN 267,Hanoi,HAN,Noi Bai International Airport,Terminal 1,Ho Chi Minh City,SGN,Tan Son Nhat International Airport,Terminal 3,2026-09-18T22:00,2026-09-19T00:10,2h 10m,0,True,7515967,0,7515967,False,https://www.agoda.com/en-us/packages/book?cid=1753802&pk=A%3AHAN_20260918_A%3ASGN__1-0-0_BIZ___1595231265&pt=AAAA.AAAADLW5WptrQ%2Ft7qtWS5vVt1QTgPsaPBOK3rXFT11jLb7xR6C%2B3jzhK2syN5AwRA3smxxFEnfH98dDaX5NbpMDA%2BDAmGzJiY26%2BGWC7BrjIHFFy7Dv4FrdMz9qNy5lrAhyw7E9ZwQsD%2BKuk9yaoVkTPM8CPxEPmC%2F%2Fa6i7HiZGesriTAXCPiectHNACL%2FEWD%2Brek8aQ89J7y%2B9Hmg4zZ3cBM95UyJU%2BR5phURNIZLC%2BA51fWxOmmu%2FjHcb5SVK8lRsoqI35M2RfIO3pOEZLNZcQ6xXKrpEyeyqbdGpk3ddvHL2%2FpSgndhIUOK7B71VievVTi1s4ZAb1n1HHYBl%2F%2BPDn%2FENqzOFOr3jWb97jH2EH&ptyp=4
1808530113,A:HAN_20260918_A:SGN__1-0-0_BIZ___1646256879,2026-09-18,Business,Vietnam Airlines,VN,205,VN 205,Hanoi,HAN,Noi Bai International Airport,Terminal 1,Ho Chi Minh City,SGN,Tan Son Nhat International Airport,Terminal 3,2026-09-18T05:00,2026-09-18T07:10,2h 10m,0,True,7641804,0,7641804,False,https://www.agoda.com/en-us/packages/book?cid=1753802&pk=A%3AHAN_20260918_A%3ASGN__1-0-0_BIZ___1646256879&pt=AAAA.AAAADCzCJZAv18s2wx51Uylfdh2HNF73bNIrBGaxEkYp8qz4dvvnaEqQ5o1TPt829ndQvOort9M27ZOqYWjSCP3dbrx21xsuUNSUkC0Q4t3BsyDA6auEoHeXRv7uKki6Pb6PZkd2lSjfPoaFaR7%2F9u5yAEq92le8ViaWyfFA30G0M8X2FM0ki0OQiYgfqpD3xYoq8I7Id2CcMPqGBXTozQ5n%2F%2BQJeSwZfRM3au7XB%2BtyGB099ooVFci8Ejn4nNpirAykJs5QDnV91r5ksfHfFNOobmRqLruejYswqjEzmirmhTRjekMHREF2kdB9eOJI0G5bjBCgd6OL3damCo%2Bv6e%2Bp0BucVeKr&ptyp=4
1149409454,A:HAN_20260918_A:SGN__1-0-0_BIZ___758348016,2026-09-18,Business,Vietnam Airlines,VN,265,VN 265,Hanoi,HAN,Noi Bai International Airport,Terminal 1,Ho Chi Minh City,SGN,Tan Son Nhat International Airport,Terminal 3,2026-09-18T20:30,2026-09-18T22:45,2h 15m,0,True,7641804,0,7641804,False,https://www.agoda.com/en-us/packages/book?cid=1753802&pk=A%3AHAN_20260918_A%3ASGN__1-0-0_BIZ___758348016&pt=AAAA.AAAADOPSpFi3f7tP732ltBvaEWmh58fGNx2alKVq6k6W3XxBNf6YM3i8mZ2tDxR%2FIhESx6V1OC6ZJM8cFPmyZXqfMBjy6OdObjqos8OoHJqu%2F8RNCEtDyigdhKqFImhZZgQrcL43lwTn6BXyKmgO0wmYpsvdPgE1Q2uTtwbEgCC4JYqmQvikkOM9TOMgBWosDH291ITQw%2BMM3lY%2FKCVgBcGuYcZ9xbamXrhBTMchJQhHOK6LShajCA%2F8EwZ3OZJOqJETI3KivQ2ROPjNIEw8EmyBY%2FY1V4E%2BOMpqnLuxVYD8O%2BdEx%2F52b3Kz5tsNkTbSDaHQWwCCDeHpWmnqBfmrXGslzWWNUNI%3D&ptyp=4
612866355,A:HAN_20260918_A:SGN__1-0-0_BIZ___1897882236,2026-09-18,Business,VietJet Air,VJ,123,VJ 123,Hanoi,HAN,Noi Bai International Airport,Terminal 1,Ho Chi Minh City,SGN,Tan Son Nhat International Airport,Terminal 1,2026-09-18T05:30,2026-09-18T07:40,2h 10m,0,True,8010652,0,8010652,False,https://www.agoda.com/en-us/packages/book?cid=1753802&pk=A%3AHAN_20260918_A%3ASGN__1-0-0_BIZ___1897882236&pt=AAAA.AAAADFN3mfukBKmUuaN1CbVaGuEtb6MHp9GYghrQtu02zMzJA6WzaX0uylEBGVRVLuawn4ThLFnLsCrgxqKB7uiFqemag6M0kiw0%2F751SFo9wppWu9zBWck%2BajFCc2rrSKJCDxfXuhiYk%2FSDClwId%2ByqxcPg%2BUiDzxQJvCUG5GKLsUc23RfGFO2VbC0MR8KnZCLE0uBJWChdB5ql9XBORt%2B6zv93kJdGai8vb0b%2BLH7y0bhM0tjqvHuB72lIkZxUNzkEYtf%2Fq6c6P%2BsVwRiDMG5hKEsi3X22w9nxwyIdRTvauhiSTc0%2FOEuarw5XXCQFFh%2FKNBYwU0ZyefUaW8hlS4BEw%2BdH8uHmuwn7o5TCoE2tCDTfTGg%3D&ptyp=4
1990137269,A:HAN_20260918_A:SGN__1-0-0_BIZ___1878289760,2026-09-18,Business,Vietnam Airlines,VN,221,VN 221,Hanoi,HAN,Noi Bai International Airport,Terminal 1,Ho Chi Minh City,SGN,Tan Son Nhat International Airport,Terminal 3,2026-09-18T21:00,2026-09-18T23:10,2h 10m,0,True,9145052,0,9145052,False,https://www.agoda.com/en-us/packages/book?cid=1753802&pk=A%3AHAN_20260918_A%3ASGN__1-0-0_BIZ___1878289760&pt=AAAA.AAAADMbWCIK3DHEmfvTXJvT5BQHbve2fiFEoAp3tlgFs4Z2iJNjo%2FK6arCV4lwrn99KYIR%2FkSPT16Fp0UQfrol0zIRC%2FKkZEb1lZZDvn76DUBwWEizQHCOR2T%2FXB2UsfUX8pyRlqLt%2BhuzRptmz%2B24oX4hNw4Z99oAUCUjSRC6t5u0fX%2F7gsnkJfMd2INSD%2F0kpAXUAAIeY7TFCPhArqV%2BnCgrR6b14%2F62HeJMhsiDnzJNJWFgz33Z17WX4M6Ad%2F1rAU%2B4p3QCRQyAminQCYvqvwl%2FtYQL2B%2F2tUDPS%2FvTGNikPG3AXSYoA33Qz1iLORh%2Bniit6rGRU3mtqTqrDfALOW%2BxOdG7L7eDvaOjwJGvCDrCc%3D&ptyp=4
339057388,A:HAN_20260918_A:SGN__1-0-0_BIZ___1493391586,2026-09-18,Business,Vietnam Airlines,VN,219,VN 219,Hanoi,HAN,Noi Bai International Airport,Terminal 1,Ho Chi Minh City,SGN,Tan Son Nhat International Airport,Terminal 3,2026-09-18T19:00,2026-09-18T21:10,2h 10m,0,True,10170500,0,10170500,False,https://www.agoda.com/en-us/packages/book?cid=1753802&pk=A%3AHAN_20260918_A%3ASGN__1-0-0_BIZ___1493391586&pt=AAAA.AAAADOHitxI3UsUwkBOzZLcTY%2Bdt%2FP0hEMFRvAFVAuag%2FMHzCk68o1mdCgiRajTO8mzaPV8Sx3IDXEYwymqGg%2B8%2BuL89m282Zs%2BymOmZeKNPghelsQVKUoaSMdBWdV8AyXrgJB58s4vPtcu0dwMrg6jMV2KiHC3R867JppuxqSWBSsuTY4RTD9jMFT9sKbn0%2BkpCHMgHZWrvisy1xoUo%2Bxpc%2FXB5yOio8US685lao5LkNWhDQV3GVqzP3la8yobnnJSEjA9W7aVpICYb0x9Ngm3mMaYxsH0x7A1Vdl95DMNd8CICcm7T%2FtfH9GPBLG5iaCRW99x0t6ConbX5X1NR0pdSFbhoodNOAtrb8Chn5nh69S%2F7SnFtJsWKosw%3D&ptyp=4
891432831,A:HAN_20260918_A:SGN__1-0-0_BIZ___1071337716,2026-09-18,Business,Vietnam Airlines,VN,217,VN 217,Hanoi,HAN,Noi Bai International Airport,Terminal 1,Ho Chi Minh City,SGN,Tan Son Nhat International Airport,Terminal 3,2026-09-18T17:00,2026-09-18T19:10,2h 10m,0,True,10485500,0,10485500,False,https://www.agoda.com/en-us/packages/book?cid=1753802&pk=A%3AHAN_20260918_A%3ASGN__1-0-0_BIZ___1071337716&pt=AAAA.AAAADOrL8%2FCd1XUpGG0QUhOcWsg8LHVAdDOGShzibAknHWgcU0SglctPpnfE0F8t8S3c0RFhrujaOa2blkmjS0oW5fidWZA%2BgqJbLAAQSJAuERhTCL6gHoorovqDROnSdtvbbDGO0CeRZ5WWdygS7lNKY7WOoPoNkkEJCONdrSDCLR5E29%2Bo%2B1BXbnQk01eB1jo0qdyDCfbGJLpXHN2VFBXPZE0I3N6qw00IldTWirGJSXYylABJ%2BhZe%2FUksZT0%2BOYtFlCSxzsp4INN2p2WpA0eX1%2BlPdPcjk1hEjszXVuOdigs%2B6Sk8%2ByPxxPyh0KFY3oVOpolhYBKf6EMDpZwcdCriymM%2BfPPT&ptyp=4
1690424906,A:HAN_20260918_A:SGN__1-0-0_BIZ___1468395270,2026-09-18,Business,Vietnam Airlines,VN,207,VN 207,Hanoi,HAN,Noi Bai International Airport,Terminal 1,Ho Chi Minh City,SGN,Tan Son Nhat International Airport,Terminal 3,2026-09-18T07:00,2026-09-18T09:10,2h 10m,0,True,10485500,0,10485500,False,https://www.agoda.com/en-us/packages/book?cid=1753802&pk=A%3AHAN_20260918_A%3ASGN__1-0-0_BIZ___1468395270&pt=AAAA.AAAADPkx7wGQxsx6u31vcim2X3LIJVr38pliV6IlOYeU3HviSbbb6tbOfNHoWbi5chel%2BGqad5JsmjH0Z%2FYXZ2N040Bcq%2FUmnofJ4YlTPEFPb0ewcIEOHz3Jtf5Ttle6kQcT8hrOwF5HqLESk5ZARsjktayrotdH%2Bw4y%2B9rZ6HHVrGiHmB%2FsxqBZhTNeJdbjP2GSSRsSpfOsqHLaNJeKfhIcjp%2BZz4mjpDgEGIlfwCDBmvRAa6T9VhTjmSbmPhDkJnp%2FFU5WKP7D7ya1Z%2FGEfDcIaPgePW%2BsCEY281X3hbvxIdfQAeNZxzqawfo4R2yml5jSl9CwXUgqr7SYwXSivJWCiWgR5odAiw%3D%3D&ptyp=4
656589392,A:HAN_20260918_A:SGN__1-0-0_BIZ___1833908122,2026-09-18,Business,Vietnam Airlines,VN,273,VN 273,Hanoi,HAN,Noi Bai International Airport,Terminal 1,Ho Chi Minh City,SGN,Tan Son Nhat International Airport,Terminal 3,2026-09-18T16:00,2026-09-18T18:10,2h 10m,0,True,10485500,0,10485500,False,https://www.agoda.com/en-us/packages/book?cid=1753802&pk=A%3AHAN_20260918_A%3ASGN__1-0-0_BIZ___1833908122&pt=AAAA.AAAADGEY4JP9s%2BYAtvYysos738X0xtRobWHVRoc2jvaP4PDzVe58ziaXgZ02y6mgnNrphG82b5wWX5dynVBmP%2BTx8ddbotG0R%2FlLLaVBSPEzHAv3QPgJ4wAl7UOJ1npIaj3Akyk93Ron0L59XNj8Gy1ncX9Xl5xrhGABkksSfW4N2SfWgVrBtcsYNnkl8Ze9QAHUAnoHZojA7KiGhOcyG2Wk3R3CvPKF%2BpfaOcSTSTE3dbz1amhBn949Aua8HBtIW7TEzxwdv7zdsr%2FLxVkbVYlTEDSiJqX5go6lRdIjHVav8bDFNUKrjxhRxLpKZ1WEbv%2BCRFxDAvi6GNxXsTkWNg0OJrj4GHTy&ptyp=4
1250870771,A:HAN_20260918_A:SGN__1-0-0_BIZ___530351671,2026-09-18,Business,Vietnam Airlines,VN,7207,VN 7207,Hanoi,HAN,Noi Bai International Airport,Terminal 1,Ho Chi Minh City,SGN,Tan Son Nhat International Airport,Terminal 3,2026-09-18T15:35,2026-09-18T17:45,2h 10m,0,True,10485500,0,10485500,False,https://www.agoda.com/en-us/packages/book?cid=1753802&pk=A%3AHAN_20260918_A%3ASGN__1-0-0_BIZ___530351671&pt=AAAA.AAAADHsOiTe8%2BWOSWNc2OsK0%2BMy%2FU20pFJoMZshiRZWoX%2B1NXm6NOf%2BZd1KDzf6%2FHD1FRanCp%2FhifstwsDyQfv8SRsVNUFhPnfkm6VDdSES4MIcb0e%2F6vFWxtteUph0NVc8gIY%2F9Qn%2BCYwax%2FrRNAwhbfO82fXLDBmesL4N0z0ralidzvJXiB7xO4TmKGFzBhVsthV3585CXMEuuiU4ION0LwsmXoNbFUCUTXTNpIZ4BR1R2XhHIXnFle%2BvASvoG1VA1CNHmlgWwpw7kRhp3zCmzIx0xyGpCkC4aJmxawFcC%2BFBaYpuqxSlXvz7xNA4NY8CL7bqf%2F1VxfudN3j8PIPP9J0FYFAM%3D&ptyp=4
655355530,A:HAN_20260918_A:DAD__1-0-0_ECO___22291642,2026-09-18,Economy,Vietravel Airlines,VU,635,VU 635,Hanoi,HAN,Noi Bai International Airport,Terminal 1,Da Nang,DAD,Da Nang International Airport,Terminal 1,2026-09-18T06:15,2026-09-18T07:40,1h 25m,0,True,1079691,0,1079691,False,https://www.agoda.com/en-us/packages/book?cid=1753802&pk=A%3AHAN_20260918_A%3ADAD__1-0-0_ECO___22291642&pt=AAAA.AAAADGcFuy7im5A4%2BZ8r5IKn5ZkO0Crjd4iBuzups5BKa2rJ2lPyPWJSm2Q5WSpJMUJ%2BcVq0ptGefwQOTEiXOwnKH0YTmmWUBsRn7RUx7WARL7EKFYqOFE%2FMtACVOvj8JXk2uw3fVw8bEfMCVSnUhMgc%2BPJ69xKRxuCaXImLEqCpAuU%2BOKXQVMxG45nyVU%2FE5kbbRtnGjwrdpj%2BOlCb7RuATXwTp3og8koJVjaELHHS0kB2nOGbB%2BaIpcQglFfujSeLaSTDvmqOrVm7%2Fdd%2F3R1y07w5%2BiGRS4Af9LZcVnjSj9HZoM6afJwv3xI85ICKpn6EZx93t%2FzHCr%2BijMr4B%2F1I9eYizxG9FTLIU4WE%3D&ptyp=4
548536611,A:HAN_20260918_A:DAD__1-0-0_ECO___101037815,2026-09-18,Economy,Sun PhuQuoc Airways,9G,907,9G 907,Hanoi,HAN,Noi Bai International Airport,Terminal 1,Da Nang,DAD,Da Nang International Airport,Terminal 1,2026-09-18T07:00,2026-09-18T08:20,1h 20m,0,True,1192373,0,1192373,False,https://www.agoda.com/en-us/packages/book?cid=1753802&pk=A%3AHAN_20260918_A%3ADAD__1-0-0_ECO___101037815&pt=AAAA.AAAADADt41haaxL0O4LffxDiMnevQ%2FTONgjA3REdbRALO0oLscIqdpM2dYFsnwarNhB7FvYALoc3lmW2urmlUmEwUVMHsA5q%2BElyFinTVAxFkJ%2FmZT3HNClOkAd2%2BdYwEnJHsl0c3I76s%2FSnn%2BOzs7OJdv6tweEqN1HR4998loRXb%2FqEDZrULcvsO%2BKlAzH1yqiFIJ9LL5cPZHXhL1R5m0w8%2FvA8JIDX%2BWJ0014H7erDLuWsDRuu5y2Gwid64IKxrZUCYj%2FfkWV5K9JSfPM3LgW5ulppf18DpoX4RzwOD1ENyUsVrqjAg2oz46irSkGf2DvBlC%2FlzcCGu%2F3u9zWdFTAUc8ePJwGDWwSSM0aq602eTw%3D%3D&ptyp=4
193033319,A:HAN_20260918_A:DAD__1-0-0_ECO___990790348,2026-09-18,Economy,Sun PhuQuoc Airways,9G,927,9G 927,Hanoi,HAN,Noi Bai International Airport,Terminal 1,Da Nang,DAD,Da Nang International Airport,Terminal 1,2026-09-18T16:10,2026-09-18T17:30,1h 20m,0,True,1192373,0,1192373,False,https://www.agoda.com/en-us/packages/book?cid=1753802&pk=A%3AHAN_20260918_A%3ADAD__1-0-0_ECO___990790348&pt=AAAA.AAAADCBoR%2BVIqYCSZwz8pKH6LM%2B5sjqEDXoB3K8s%2BaryAECImN7oUiz%2BsK%2B8yOIybMygrDZt2Mtlhy8G0XWj%2FxhzUVtbBqHWtsf7WrWkDkVeB%2B4wBUPdpstO0GMJHeKhdhzfMfq3mapNSyRLpA%2BPoepn4XIvav2vh%2B6ijoK3qdh7VBBarZhU%2ByxPvT77KTfhcj00zbI5LMSVLI%2BjgpUUjqTam3g6RGhtLH6KQkUA3I6HHq2O9Td1B1fv8eEtiTUsshnzrV060R51i%2Br%2BryIg%2FyKUvL0G9plmrM3j9tb9UsTlu0KEF5vhhvXC3Z0ENNmiBgqmAhk0EjEK%2BFXZS301JsQYBFBtjoLeHam8VguYiI9O&ptyp=4
2113468071,A:HAN_20260918_A:DAD__1-0-0_ECO___1336765227,2026-09-18,Economy,Vietravel Airlines,VU,639,VU 639,Hanoi,HAN,Noi Bai International Airport,Terminal 1,Da Nang,DAD,Da Nang International Airport,Terminal 1,2026-09-18T16:55,2026-09-18T18:20,1h 25m,0,True,1199447,0,1199447,False,https://www.agoda.com/en-us/packages/book?cid=1753802&pk=A%3AHAN_20260918_A%3ADAD__1-0-0_ECO___1336765227&pt=AAAA.AAAADK41FYoKGIRiuNhS4j2wIFwyolv5iuUaMt8RlZRuOHYqPPtZ0SvLTwr2fRZs55sZvKJFtz2Ev6E2wxhH6HncdYGBcreFSipQCMeNencdnim0Kij67wmiX1ip0cMgj5lE17%2Bmz%2FSPfTsl67MqNp9hrfdUU1AZ80I4QNXwoLgSwSOQkiaVfwdSGR7keZX0ouyIcorDkUVgtpJQ5Rj1XtIaIkWgF%2FY9GFXKLO4JHrhYQX%2BG%2FXKDk51oN%2FdYLpPvL0fHJ2uSVbdSXgI8lrA3hkT6q5Xm1yvlgOss2SySp9oNzGlxdC%2FGuwt6MwwUdSQvVYKOxtQE%2FkklPfKgtgw4qZHLhtgnk%2FdAp4X05V%2Bb&ptyp=4
1407758665,A:HAN_20260918_A:DAD__1-0-0_ECO___1042729914,2026-09-18,Economy,Sun PhuQuoc Airways,9G,905,9G 905,Hanoi,HAN,Noi Bai International Airport,Terminal 1,Da Nang,DAD,Da Nang International Airport,Terminal 1,2026-09-18T06:15,2026-09-18T07:35,1h 20m,0,True,1318053,0,1318053,False,https://www.agoda.com/en-us/packages/book?cid=1753802&pk=A%3AHAN_20260918_A%3ADAD__1-0-0_ECO___1042729914&pt=AAAA.AAAADAFszEdBAnJp6aP4WHx2QmAgnXnVPTZ%2Bm56pVMf57xFqKuc5U43L52MOkDsy5M8lvO2QdliYjbA1ONMlgnYSGEx2oGoIUQmD1t2kDL7Pir5jWB5s7cJPVDyMh5TYuyU9fTquHoS2HKpjWI0sHYzJbQKMnL8dQuFE7QCv%2BqwJ8nQCUT8ZM05BSLsZcGpA%2BVCqN9yVJFgY4Lo4rW3nU%2BaE8G2FG%2Fel1P0PZuTl7v6djXP5kuULbrL0oLNkvAXNGwg4Us%2Bv7oj8EhuEPb68BKo%2BnZBZmghzEYSNF2DNqMX1EpBefDN60HXrmx4S2gUEfibdon2f%2B%2F89eNS3pfu8Ly%2FnlmQrya671rlDj0X%2BkLM%3D&ptyp=4
87391178,A:HAN_20260918_A:DAD__1-0-0_ECO___348322223,2026-09-18,Economy,Vietnam Airlines,VN,7055,VN 7055,Hanoi,HAN,Noi Bai International Airport,Terminal 1,Da Nang,DAD,Da Nang International Airport,Terminal 1,2026-09-18T16:15,2026-09-18T17:40,1h 25m,0,True,1535922,14986,1550908,False,https://www.agoda.com/en-us/packages/book?cid=1753802&pk=A%3AHAN_20260918_A%3ADAD__1-0-0_ECO___348322223&pt=AAAA.AAAADCRKuuG4AsGjIHolf7vy3YejiWiDZzSFkMPMOPf%2ByX7%2BShTjuxRJcXb1YRWYtWw3lPGK0fIqA6ekV35h7k9DrclcJ9N7Nl04hrlgXhzDlcyhcXYOte3dw3ndHojtanc2qA%2FwvaXS1i6ASfDXD10BmNmuxc%2B6so26og8cWb%2BriT%2B2INazr3uIsNa6ZKUkXZyB5khFZRcu1CxmA1Xr2OpZLAv3qCvsrYxRaYUT9RyblBbnLQz525pGuRj4RzpUlnU68zYzjkVKvV3W9YlGN0h7YUMuHTMwreKFC%2BNA1XXKOHPOQAdf%2BFGrTTGpYamVtU%2FGTGra%2FlKyLszIrIIqKwCE06YfwBCaF1limOGp1le%2BKLw%2F9iYC&ptyp=4
1606910608,A:HAN_20260918_A:DAD__1-0-0_ECO___1063499821,2026-09-18,Economy,VietJet Air,VJ,517,VJ 517,Hanoi,HAN,Noi Bai International Airport,Terminal 1,Da Nang,DAD,Da Nang International Airport,Terminal 1,2026-09-18T17:45,2026-09-18T19:05,1h 20m,0,True,1609713,0,1609713,False,https://www.agoda.com/en-us/packages/book?cid=1753802&pk=A%3AHAN_20260918_A%3ADAD__1-0-0_ECO___1063499821&pt=AAAA.AAAADLByHKYj8BehPzPLumcVehrcAERJOH7YHpPoNldG6tJSItH2Jicn3EG6%2B7dC9hkRwIjEbPd1%2F5oNIFVgr3EX5c3JWoL%2FmQ46FqLZi3c4EwzY%2BqOs%2FxjJfm6MjagOQOAFtqJBbhq%2ByCakO4DFAQMusDhMvqEAfB8XOkBDJZdgbtyWKHUbM%2FUORTUs36xnl505VnLgUpE3F25iBaDrB%2B33QZpu77%2BuGaTFD%2FWzf5QVZW2TGOQCI3hCSCorUAlEL873Q2UIWbY%2FT8E8vTCdHWqrSHUy8%2F88Rv5DpFUkKugD357Eh%2B%2FXs5p33uDAonIokeeq%2F4Zn%2BjXaynbfbyTdWCrVF%2F3H%2FzQm3CTK79upQgUCIQ%3D%3D&ptyp=4
904681667,A:HAN_20260918_A:DAD__1-0-0_ECO___1723304082,2026-09-18,Economy,VietJet Air,VJ,1505,VJ 1505,Hanoi,HAN,Noi Bai International Airport,Terminal 1,Da Nang,DAD,Da Nang International Airport,Terminal 1,2026-09-18T14:35,2026-09-18T15:55,1h 20m,0,True,1609713,0,1609713,False,https://www.agoda.com/en-us/packages/book?cid=1753802&pk=A%3AHAN_20260918_A%3ADAD__1-0-0_ECO___1723304082&pt=AAAA.AAAADIOpOzBRBAjSYsyEN7PcsRvNn8Tm3kytjj70s6%2BtAKafYLYd8jsROV4poBTOHRbld7SBnyCiYu8gSj9lLGf%2FE1ipTc0DhgyyRQbaPh6Kvq18fZZQM7b0C3%2BM5Yt3vSTjcGuFrLpy4qegoivhX4wQhSsD%2Fbi3JJT7aW4na5znrw4k5K3QQ%2BIJpO9nYLONnq%2BBhg%2B%2FUroP3ry2EKmiNelx0G%2FE046cp37j1VMLttC7XhYDxCIkGybOwGr4YWM5um4RUbJoK7fNZGdbBGnc3y2s%2FV%2BxEQmWint65g23TreJYI8o1lTKr75Q7RTLWe8%2ButOWjiLZyzDr83Aasb0edFy%2BFprN5YhmS1GjSNI3MM6b&ptyp=4
1004058526,A:HAN_20260918_A:DAD__1-0-0_ECO___2114899962,2026-09-18,Economy,VietJet Air,VJ,501,VJ 501,Hanoi,HAN,Noi Bai International Airport,Terminal 1,Da Nang,DAD,Da Nang International Airport,Terminal 1,2026-09-18T05:40,2026-09-18T07:00,1h 20m,0,True,1609713,0,1609713,False,https://www.agoda.com/en-us/packages/book?cid=1753802&pk=A%3AHAN_20260918_A%3ADAD__1-0-0_ECO___2114899962&pt=AAAA.AAAADMnn6wTljzhytBj6P%2BMqTd%2Bmm2aL%2FBy0FHUDq4ae03kUu19LusNMs8pBoenoFd7ZoAd5RKKkZneHXD2PKKI4HTCvSWYXAiY7PqiBm1wlzIMyzPVekoZwupwkqPyrTdRRNA9OeRQSaWTGxt2mXI7eKcf%2Fl9Q1Y%2Fo9cqVjKmQIvl9TFiKFiilw8LJAoDX%2FlZjd%2BR2m3JQjlWs9%2FNx9i%2B7tVI5i4l6LaPpAkBg1WsNszh5RoWFXslXv3cfeg3%2FIihMhujtwNuBh0J5q7mJ0ilZ2kOIb5KHVg0fnouQ2QB4pm7iTSt40KTpZUQcTEFiv3swSbuK3rHqyC1qM0xAB%2BewrSX4RYmmHK2r3iPKij0%2B8SeM%3D&ptyp=4
2007730401,A:HAN_20260918_A:DAD__1-0-0_ECO___528316996,2026-09-18,Economy,VietJet Air,VJ,1511,VJ 1511,Hanoi,HAN,Noi Bai International Airport,Terminal 1,Da Nang,DAD,Da Nang International Airport,Terminal 1,2026-09-18T16:35,2026-09-18T17:55,1h 20m,0,True,1609713,0,1609713,False,https://www.agoda.com/en-us/packages/book?cid=1753802&pk=A%3AHAN_20260918_A%3ADAD__1-0-0_ECO___528316996&pt=AAAA.AAAADETvaofaJIDflTUV10eI4eo4FRfS2JA0HjC%2F%2BfRLwfiypZ5oMLymKoX55O68e4PSEyHl62RmSQbcGFJnIsBL5F1zKYf1cmMQvi8WGaH18RCMxdlxghWHnx53nTngubsprpfrl1N5Ph4mAlhGX9xYdLQ23M8xw%2F02UB0Y6CvigqvzunwVdMGGIt3c0bEiZmeod7WOR4Lv%2F0GejcoErRdrSl05gmOvEAuBoWyN7AM0NQzguUpH2RxPqJKzSUrP4tMxN7Lz3PxXr%2B1K9SA%2FcHiANfxOL5f8sGwm6qYE6IQWU18SajZKZMXDyVdodHNb1hLfItLav8PY5PwblIn9Nm0uqrh31KuDLUsYuGulNZZ3&ptyp=4
1550629635,A:HAN_20260918_A:DAD__1-0-0_ECO___1512534961,2026-09-18,Economy,Sun PhuQuoc Airways,9G,935,9G 935,Hanoi,HAN,Noi Bai International Airport,Terminal 1,Da Nang,DAD,Da Nang International Airport,Terminal 1,2026-09-18T18:05,2026-09-18T19:25,1h 20m,0,True,1866523,0,1866523,False,https://www.agoda.com/en-us/packages/book?cid=1753802&pk=A%3AHAN_20260918_A%3ADAD__1-0-0_ECO___1512534961&pt=AAAA.AAAADE5xd%2BMY207oxKLMd1L9X%2Fx%2BcGVcfVmLLZALVkuW%2FXqdm9YLWrxj2vsufodL%2FAPMPfdjhDVaGxUU2c3BMamcmCfHvNPKMFfowfGh3hiojRim3UCPYMc9lNqAJxxinDwYje9rmToPCEmPTJVmY05ATxBqvPKHEt6tOhl4Cxzzeh8RGAS4PO5Njg4He2SyY5PwiI8YnK4tMpCELlK1I%2BQiDOuTrgP99kMTjDVsMXXiRuxBB9rVLgLkQYH5yg66S21PnktryVIKf2K%2FohZlp%2ByHYmlKQGketbbQKNj31hSmFvPKs9bh7I4pq0VyqQUVvn%2BxTiDWJeOY%2BX%2FTljIAvkrYcV3519DAA7FBpzJFHVs%3D&ptyp=4
904098427,A:HAN_20260918_A:DAD__1-0-0_ECO___20320428,2026-09-18,Economy,VietJet Air,VJ,507,VJ 507,Hanoi,HAN,Noi Bai International Airport,Terminal 1,Da Nang,DAD,Da Nang International Airport,Terminal 1,2026-09-18T11:10,2026-09-18T12:30,1h 20m,0,True,1990989,0,1990989,False,https://www.agoda.com/en-us/packages/book?cid=1753802&pk=A%3AHAN_20260918_A%3ADAD__1-0-0_ECO___20320428&pt=AAAA.AAAADOp3MbFv8b0PaoAkaNR3ScO3UxOFrFBdDZ5JaXjhI0Cx4ARGyAl6qG9i9agsRDCv%2B5UNQm44YPNho7USBETTa%2BFJTWgj1uTP60h7SXhxLWQq%2BwkOeaMV72AObQrXtr2%2BliMnOrljaTOBkd7IHB7lZ2ve8E6FP3H4HwJ7DcZP6RR%2FkktnrEKQPAdQP7qAy1wEVbMxRU1pR3jE7bZr13uR5nHVf32lGriV2lnEaII%2Bw5LeD4OPZKo6uLQxlsg1Tl%2BE48YUEb7RRGMvlpuFDmxg7LAM6e%2BxxI1i5RDBvmUSj0xxXm7mrhfRu4I%2FgVqn7wYnI3pU3uexrxguUKe%2FcxP2ejUGIvkM3lDP5ahRa48%3D&ptyp=4
764784190,A:HAN_20260918_A:DAD__1-0-0_ECO___37761376,2026-09-18,Economy,Vietnam Airlines,VN,6071,VN 6071,Hanoi,HAN,Noi Bai International Airport,,Da Nang,DAD,Da Nang International Airport,,2026-09-18T18:20,2026-09-18T19:50,1h 30m,0,True,2020144,19711,2039855,False,https://www.agoda.com/en-us/packages/book?cid=1753802&pk=A%3AHAN_20260918_A%3ADAD__1-0-0_ECO___37761376&pt=AAAA.AAAADGC40S%2BXr5mEOkdLIk9UeRWjWv5eMJE6%2BcQuBB1dW9h4IlrN2FkRHqTIw%2BCjhPelkiCIl18n1Mni8tsfmfiko8eos8%2BsRtBWOUKH2s1RUPUE%2FqOqBxmwhQua7bOWTRvxR7chdpOyWCP2jT%2FwDOubHEay%2FYeASi%2FMIvM0kThaqOHi30HCwREkyl%2FtMztrDv%2F8%2B5kP42QIGNtfwUEmcGYUeDQesem49x3OhTwEeu7fmat31hzrAJuCJ%2BdmyXAFpOmi4Q5zFiBLLdp5gxyBrCtIycGz5GhONuTj24jSYS9L2VcguXx6hKodW%2FB%2BT2HVUEb6JyXbfctkfZpKGSeZENSIzPc8g48UYf9kYM0qX6%2Bb4uNNfoO8fg%3D%3D&ptyp=4
539421496,A:HAN_20260918_A:DAD__1-0-0_ECO___2110927203,2026-09-18,Economy,Vietnam Airlines,VN,177,VN 177,Hanoi,HAN,Noi Bai International Airport,Terminal 1,Da Nang,DAD,Da Nang International Airport,Terminal 1,2026-09-18T16:10,2026-09-18T17:35,1h 25m,0,True,2030980,19816,2050796,False,https://www.agoda.com/en-us/packages/book?cid=1753802&pk=A%3AHAN_20260918_A%3ADAD__1-0-0_ECO___2110927203&pt=AAAA.AAAADCg0NYrACCISgiWHeDahHSkWvdI003YnO1CEkGg2mVAmT8IJCLdE1vuPfNXBk0bsrb%2FPSKwdi4v63nZSsmocNz3WuM7ZNO6spju5eDe5ggztUTDo5gd4lWn3GY%2BqA3W1gDC5HB%2Fvb%2FeaOvkkfr36vIxqefDILIusmVc1LicTVHkFy%2BmxPAGy4JZM0DZJhaHobeP80QzHn%2BqSQMT4GVPkKIjNJidSTPRLs1W%2Fg80plxbleL4Fniuj9iPhybvxwYAFmYGj1JyiBL8s9vkg8NMAzcXUW%2FIA6gXP24k4oWr7OL1B8%2B8fygsPzN0U%2BiQmCdRtc69V6REfpBVM2%2BhxUDyr%2BXz19jU5vUUkIh8qyqzHo4oifW9aobBv&ptyp=4
3629063,A:HAN_20260918_A:DAD__1-0-0_ECO___376653798,2026-09-18,Economy,Vietnam Airlines,VN,187,VN 187,Hanoi,HAN,Noi Bai International Airport,Terminal 1,Da Nang,DAD,Da Nang International Airport,Terminal 1,2026-09-18T17:25,2026-09-18T18:50,1h 25m,0,True,2030980,19816,2050796,False,https://www.agoda.com/en-us/packages/book?cid=1753802&pk=A%3AHAN_20260918_A%3ADAD__1-0-0_ECO___376653798&pt=AAAA.AAAADMsFNtQch4TqxkR9A%2F4ShiXRwBGRpegtWBFvYDrMEauakcoA1wU1AUEYQbkNHbFi3GuxoK7Lc%2B4PwFba0UQwpAHZmJ4mkJJMWuM%2F8XFCfSxz%2FJZiu1NzQuCvF9Qkk0SkmVMPzsXwQPCOkrAQ9l55Wh391eAx5n6GPL3N4L9%2BDICTcTOI88tidzTcrNVyXPiw8b9K2Ziia8czohNc4PEk5FRmapORKVbPxAbSSwXxv9YGKbwTfQUi9wcenySzwueZxDSy0rnzMhjgPThpLpi6LkGqK8uPbo9nXkPGrgUjIbdXyE71IdvwePOu%2B0FRxfTXkPB5hZmbvZtHgeGYQLbfG8Omf08BIReuLe%2FruptI1EJo%2FdCU&ptyp=4
1973792349,A:HAN_20260918_A:DAD__1-0-0_ECO___654233130,2026-09-18,Economy,Vietnam Airlines,VN,7163,VN 7163,Hanoi,HAN,Noi Bai International Airport,Terminal 1,Da Nang,DAD,Da Nang International Airport,Terminal 1,2026-09-18T17:05,2026-09-18T18:30,1h 25m,0,True,2075914,20255,2096169,False,https://www.agoda.com/en-us/packages/book?cid=1753802&pk=A%3AHAN_20260918_A%3ADAD__1-0-0_ECO___654233130&pt=AAAA.AAAADKxCJyblea%2BeWpFPxvzuEmzVfXJhBf0DfUESEkHDGf%2Ba6vavNJ14iaq8I6ERTIXGwaUNAJgfdF1HmBJ2Yv1v3ytJTYa7Buz5iXghS4TlM6pJ8SFE%2BMEIBhtZhklRLnHcxbEHLBj%2FhMm8%2FbWnY0xDmfMEnw7n%2FxI7bLElB39dc6EvM4HL%2FaP%2Bz%2F3%2BnK8v6O8lN6wIP3VObZkOrz6vhhoF8CmqkaZh6HiamnInzqjtgkIHq5Dh8i9taUOS8VYPdDMLCIihh168hextq7%2B5AVCteB1352KqvLRQDDkYOp%2FEjGiooNlp7GEnprsz%2BEb%2BEGIsiiqdL6ndHfaQH2Az5SiwaSiZa3jrTIVVLKyZVfxHc%2F1YrN%2Fm&ptyp=4
721945451,A:HAN_20260918_A:DAD__1-0-0_ECO___6731173,2026-09-18,Economy,Vietnam Airlines,VN,163,VN 163,Hanoi,HAN,Noi Bai International Airport,Terminal 1,Da Nang,DAD,Da Nang International Airport,Terminal 1,2026-09-18T07:45,2026-09-18T09:10,1h 25m,0,True,2153886,21016,2174902,False,https://www.agoda.com/en-us/packages/book?cid=1753802&pk=A%3AHAN_20260918_A%3ADAD__1-0-0_ECO___6731173&pt=AAAA.AAAADAojG6rLPC1Lb34G4DR9JsrlOYLYboVVvv7%2FnGN8DAXm4Q3f2vZIUAfSEA1fshIWm%2FJnPOPmMKkpBJugP4BeHMjtP72Q%2BZIQuTN84CztFekfROPBchjnUPIPMpl4AjKyMlZ1FMp4Ni1pKYrZOKVScibIwyZ8N8bLbHohQ8nbO522N7pE54pUgOd4dbpWb7tw9jbYaJ16rn%2ByYv50mVyE3OjJAUP50tiyH1L9d8iAmRXIRGCItGhB9ERWA6UOn5uHUUJ5VlMx2Gecf8yVxKioJcapk3DXILHG1%2FTCtBOyiHLlTV9AC%2BwKzTbRn0erv8JGJOqNvoVx8WngYkTQWw3oPcwHMyGE1ptQG89RMDTGzQt%2F6uw%3D&ptyp=4
109381959,A:HAN_20260918_A:DAD__1-0-0_ECO___415564872,2026-09-18,Economy,VietJet Air,VJ,503,VJ 503,Hanoi,HAN,Noi Bai International Airport,Terminal 1,Da Nang,DAD,Da Nang International Airport,Terminal 1,2026-09-18T07:30,2026-09-18T08:50,1h 20m,0,True,2204618,0,2204618,False,https://www.agoda.com/en-us/packages/book?cid=1753802&pk=A%3AHAN_20260918_A%3ADAD__1-0-0_ECO___415564872&pt=AAAA.AAAADCn6XYsRzToiU1r4ULIStE%2BoHKniMSwFMO72Cq%2B1DQyAWrIvZxN83SlDb5tfLkO3Kdslf6FbPw5feybQzhdEqcu55QE4sn5TG4Lio9kLzM6Q9bsOnaocP2aK3u2hXMOUdl6Zrxan4nzjEWMytTGkrz7VAil8qhKwcR1X1e2sHXon1ofo3h0vuF8SlYQl7VYHYwoBGOBOCAP44n8Dob0a1XQFkb2Z3XpB%2B5MdAWaijfYc5bKFa4pkRqRVTTTYOKRtV5qgzLSWCs1EtrlupCdMFLbZg8u4DkOVZQsxYb4w27V%2FjSKa5rvEqIC40f1Z2vGPCTboYvdtbQi7X%2BAj%2BxWKJYqIyQ%3D%3D&ptyp=4
272603019,A:HAN_20260918_A:DAD__1-0-0_ECO___899451378,2026-09-18,Economy,Pacific Airlines,BL,6071,BL 6071,Hanoi,HAN,Noi Bai International Airport,,Da Nang,DAD,Da Nang International Airport,,2026-09-18T18:20,2026-09-18T19:50,1h 30m,0,True,2264897,22099,2286996,False,https://www.agoda.com/en-us/packages/book?cid=1753802&pk=A%3AHAN_20260918_A%3ADAD__1-0-0_ECO___899451378&pt=AAAA.AAAADHl791caHTfLU3CaBfZg94zZkjU0mrkOSBrPcsZ%2FONQPAx42VjkvJeRiNASN%2BpilEmTxExdQqmL61fGrLGmjCey9T618t%2BqG9sceS0sKpQ02MMzddiaKjO%2FZFJo2EsVNCnGHBAiC%2Fq716bpsE5Dzu%2FnlNF%2BtjmolVddA1s2oVUbCfy0PDiPwrvi%2BNJ5g5tdGgt29foSlVWy0g%2FfNxxfyGFBMQu2GcFXOR%2F195YdJRExa92H4qLfAfTcCVcKcYtlvhy9I4xHJfJeq%2FiKMDTyD3SgLdzQn148afhZ21LyOUj0TPg3W6LeoQjwan7yYmsSvWfMPirmfPHRQKNcaBuTdpo48jmpz3qClZkYEsscyCa%2BIZNE%3D&ptyp=4
1376549343,A:HAN_20260918_A:DAD__1-0-0_ECO___2051281025,2026-09-18,Economy,Vietnam Airlines,VN,7055,VN 7055,Hanoi,HAN,Noi Bai International Airport,Terminal 1,Da Nang,DAD,Da Nang International Airport,Terminal 1,2026-09-18T13:50,2026-09-18T15:15,1h 25m,0,True,2347627,22906,2370533,False,https://www.agoda.com/en-us/packages/book?cid=1753802&pk=A%3AHAN_20260918_A%3ADAD__1-0-0_ECO___2051281025&pt=AAAA.AAAADA2jpyWWCkIEJVNBWqh0XXd0xaPwcd5szP%2F0cFYWlnqeSSlu74ZvJF%2FIeanvcc5RJ1ZdifAyAJQqlabAN1ZwdeMsHH2YVP26HFxYCgFNU5dnkKhC%2FuwdK92dRdZTJgIrUS%2FD0OMlPYtIbF%2BHUmNSHXONq1QRNh%2FVQWcPggTDtPUIgjiqvadOirIQZ%2FGa%2BavtRCo4YC92vE9iOUrYlkc1WfPpZXqstzpVBwwz%2FZE4XHeiTreBSGZeNkQtg6KTJRlSR4BUYbk%2B3%2FPHcQY8s6%2FDOeSgkArJlR2RnChJYRyCideLe%2BQT45%2F4rcDUEcUHcD8neiAy4qLs0Le84QVUer%2BbKOVOsk%2FfBVevBaEybMc78Y0%3D&ptyp=4
919752193,A:HAN_20260918_A:DAD__1-0-0_PEO___1063499821,2026-09-18,PremiumEconomy,VietJet Air,VJ,517,VJ 517,Hanoi,HAN,Noi Bai International Airport,Terminal 1,Da Nang,DAD,Da Nang International Airport,Terminal 1,2026-09-18T17:45,2026-09-18T19:05,1h 20m,0,True,2846956,0,2846956,False,https://www.agoda.com/en-us/packages/book?cid=1753802&pk=A%3AHAN_20260918_A%3ADAD__1-0-0_PEO___1063499821&pt=AAAA.AAAADKcDRkf382rDVl9Ex8sBo4RwEonEMrX0b359stP7UnaBVe1kUY83z3SKE85g%2B7U0M4xnTKj6RAtCruUuQs0MNyjlvo%2FBUij8i6kk169k5o04mwNe8YwzyGRZ6pPz2yNF5Z%2BzyreIQqz813kp%2BnINEBrt5bcSiAkXfWpWeePu1zN65%2FOB4ASKT7tShE2ftCNFZxM8BSMZ0wQYC1MaRoLhhluEhTY1G79G%2FafFkLaFKnV1zK6J5vuBR6XoOq1bqpL2SXSwbp%2BWY8AWXOu%2BFpPks0JOUBm4tp44o8ozsOwJkLv9eJFJMO0HpOE%2FV%2F1FghX06GuOnHnJM5bVRbDibIbAuj8VhRxrG4Y%3D&ptyp=4
1224474015,A:HAN_20260918_A:DAD__1-0-0_PEO___1723304082,2026-09-18,PremiumEconomy,VietJet Air,VJ,1505,VJ 1505,Hanoi,HAN,Noi Bai International Airport,Terminal 1,Da Nang,DAD,Da Nang International Airport,Terminal 1,2026-09-18T14:35,2026-09-18T15:55,1h 20m,0,True,2846956,0,2846956,False,https://www.agoda.com/en-us/packages/book?cid=1753802&pk=A%3AHAN_20260918_A%3ADAD__1-0-0_PEO___1723304082&pt=AAAA.AAAADGBSTvlQIEluoq%2FefZimm6BNt6P1KytNR2ug35%2BnKxBgGw1Ee7ZTN%2FqyUFJrKcXHE1NrPvcPEqlYshmN6gQhU23UcjBoeTlPvBymxXBGlkx87GbOg82eyAeGKXQrPGazdKRDXvvyv9sxuNqwct3yf1GH6cGClvjM9wVf5OvfazlW46eAMOOS7azAq937zECcKOL3hBXMRfPzLTlKnyhe0apPIyOD9dbm3d95NjZAIrVr3Lr6HG3mPWCw6SGRXFRVZNcLnic1Xy8M85tzaU6G2XQ4PppR08Wh7YqkaQ5NN34l%2B6CXWHgHbYeRd9ryV7FCFcplHIltZj%2BI0jvqJLL2XpDPi6j%2BRFYw&ptyp=4
69169529,A:HAN_20260918_A:DAD__1-0-0_PEO___2114899962,2026-09-18,PremiumEconomy,VietJet Air,VJ,501,VJ 501,Hanoi,HAN,Noi Bai International Airport,Terminal 1,Da Nang,DAD,Da Nang International Airport,Terminal 1,2026-09-18T05:40,2026-09-18T07:00,1h 20m,0,True,2846956,0,2846956,False,https://www.agoda.com/en-us/packages/book?cid=1753802&pk=A%3AHAN_20260918_A%3ADAD__1-0-0_PEO___2114899962&pt=AAAA.AAAADJE8wYFdDzXgou1ZwFBrXyFy4JOI46B2UXWUN9tfV08LQcE2BXJ15X4nuK5w8hWJhGd5iwPKWQg8pOkWd4e9GgGCBkMw5KlgrspId9RMeLH%2F3qeevWrow7IutUSyXe0hqEmItEQJlQDkotqd5L8emrlrsSs9vfwStR06z6zWK3mSwWKgWRm9Fp8xAh3PmhkxtEVXfGqac8r1drA5by9cUcVLiwBRObX%2Bxc0Vzn3fXtHaM%2FgALTV1WNozlHTuE6hYRO9A%2B2xz961TWyOXROLjxySFQVYF9s19hRmcqGlTD2LTpVroIOia%2FnxLNjbBDD0nP1nbon9XhObHyHdnVw5I%2FjcL5g3weA%3D%3D&ptyp=4
1640975853,A:HAN_20260918_A:DAD__1-0-0_PEO___528316996,2026-09-18,PremiumEconomy,VietJet Air,VJ,1511,VJ 1511,Hanoi,HAN,Noi Bai International Airport,Terminal 1,Da Nang,DAD,Da Nang International Airport,Terminal 1,2026-09-18T16:35,2026-09-18T17:55,1h 20m,0,True,2846956,0,2846956,False,https://www.agoda.com/en-us/packages/book?cid=1753802&pk=A%3AHAN_20260918_A%3ADAD__1-0-0_PEO___528316996&pt=AAAA.AAAADPWzvGm8qal%2F3SalpvqBF%2FnIEydrMcif5H74gnXbLUFupxvpt8dvCC72mCuZfH98kOr3nlu22L4YttdGu9NJOu65NzbW7Ss%2FUT7%2BdlsPCzRMRilpI3PZHatuy9S%2FYS6XcumiXrylGubdDXT9a9Q%2FAHtpDjQ4Tqdold9oTWYfZ1x00xQBEW%2FrA7nFO%2FgOLuwNaCbePTNOCI7Y2Co77fDSfgqVznbOa5G4AA74N0ZxgT%2BnAaYBDH%2F2TGbrVmwAixtT2ZeGtMzwIPjV18AZmx9z69%2B%2BnMdT9q2ph%2FFaMxZCWa91YlpQz3amgdAANpTjXfXzjLSeZkMvysSe3TdsuvhdTcAL2cPD&ptyp=4
556152822,A:HAN_20260918_A:DAD__1-0-0_PEO___20320428,2026-09-18,PremiumEconomy,VietJet Air,VJ,507,VJ 507,Hanoi,HAN,Noi Bai International Airport,Terminal 1,Da Nang,DAD,Da Nang International Airport,Terminal 1,2026-09-18T11:10,2026-09-18T12:30,1h 20m,0,True,3652859,0,3652859,False,https://www.agoda.com/en-us/packages/book?cid=1753802&pk=A%3AHAN_20260918_A%3ADAD__1-0-0_PEO___20320428&pt=AAAA.AAAADEPNIf6aKpt2xE3fU%2FSbHI0QQjiGe5t2aavq4mozb%2F1JBYCzt6OYQR5h11SgOpHICrcw%2BD%2BnSDlV8ANUOQAGGpHaSsMilyY3oj%2FlU6jsozYiW5cFjY%2BIdFW7ZllxoZf3WHhVSn0RVu2T4VSNCBc0k%2BHL3k3q6Urg88LcRW2zvUwVouSdxHiqwl5lZbt%2FKH%2B72mwhRfR9wceeltv0MJLusVrhyDm79ze7xgezmk17J3oJeBKKMAMf6ho9ph1PoBY8XsWEpyf6Cq0Zcd2lW6ZnyA6njoUlk0F3UutobaYp4Oh1NKAYqd%2FKycb7FfJZeYh1WRtAECXIjyt9QyjS07hVvwM5&ptyp=4
2136382030,A:HAN_20260918_A:DAD__1-0-0_PEO___415564872,2026-09-18,PremiumEconomy,VietJet Air,VJ,503,VJ 503,Hanoi,HAN,Noi Bai International Airport,Terminal 1,Da Nang,DAD,Da Nang International Airport,Terminal 1,2026-09-18T07:30,2026-09-18T08:50,1h 20m,0,True,3652859,0,3652859,False,https://www.agoda.com/en-us/packages/book?cid=1753802&pk=A%3AHAN_20260918_A%3ADAD__1-0-0_PEO___415564872&pt=AAAA.AAAADKea8EZu%2FNK51lUWKesPlki4bDYMM%2BVEcHqYS6D8b3tSj%2BgCofTcHr6pI1JG%2FcgWko6m%2B886SgC08NgWB%2BNAWo31AWTcZ%2Fx9Iv6MZc2YRZe%2BXZyqG2y%2Blvj5t%2B%2BdcgDVFvIH%2BcuvmHD2uJPeYOzPUrZlLQj%2B%2FghK5qDOyXF7ZfIcmnq2lI4flTWGDU0xm2WsRgHAxtV4PVXFaz8nmW3VJ3rRAnh6VNuF8CTJtO%2FACFUjeXVHCIKFl%2BF20pup9AxRV8ZIeZVEtf5NMMSeGCS1Ahb5lOZM5gBob%2FdyL%2FEgJX2J71hrOygo%2BBsAjBrW%2Fjy5qpawv%2Bra%2Bjwl%2B2ibWSC1YLzHDkTP&ptyp=4
1322419363,A:HAN_20260918_A:DAD__1-0-0_PEO___1016219209,2026-09-18,PremiumEconomy,VietJet Air,VJ,523,VJ 523,Hanoi,HAN,Noi Bai International Airport,Terminal 1,Da Nang,DAD,Da Nang International Airport,Terminal 1,2026-09-18T19:40,2026-09-18T21:00,1h 20m,0,True,4558018,0,4558018,False,https://www.agoda.com/en-us/packages/book?cid=1753802&pk=A%3AHAN_20260918_A%3ADAD__1-0-0_PEO___1016219209&pt=AAAA.AAAADAwv2QVw%2BntWumIsh4cMJk1pa26HtWI6fFBL4hx5uG3mYPOYuVl6hquBR6TYwqb0OcWfvJy85xXpUx0yEHu2ckyZs00K7qUmWVx7ZB7Q7IvUFLBQ2nw9T3n7otuuwFmq03aGhV7i54Eo6zrTBGZjoE427Rlpt%2FbSpeIHtCUxsk2Fu%2B%2F8lXTS3YTFcrR0Fnfh6nqog21bWiGgtybo3BhOO%2BSq%2BmNH8hTbd7Vo6Kk%2F1E1lXmhPYgLmYTWbKrFGiEQTFt3sdqWZBarX8QOl0TD4%2FMipep1tkZU2cTmnPgQDR1CFLrvLX7uPRVHkhCqyBFxGresM495cFGtQZW8H1XFI82MC47rzXTQ%3D&ptyp=4
2132903065,A:HAN_20260918_A:DAD__1-0-0_PEO___1018231947,2026-09-18,PremiumEconomy,VietJet Air,VJ,525,VJ 525,Hanoi,HAN,Noi Bai International Airport,Terminal 1,Da Nang,DAD,Da Nang International Airport,Terminal 1,2026-09-18T14:15,2026-09-18T15:35,1h 20m,0,True,5123743,0,5123743,False,https://www.agoda.com/en-us/packages/book?cid=1753802&pk=A%3AHAN_20260918_A%3ADAD__1-0-0_PEO___1018231947&pt=AAAA.AAAADAr%2BBtTCBCVd0%2BUNb3gkmjiMv1TQZddzdlpqJhwTqEFwb%2FcEoWXNoXkG2cpLPYLskLsFS7wrDM%2BSaJpS4McvWz3D8S1e1qh3%2BG4rbNHrT4bswx%2BUQXEOPjnjbxHwbx6DJbP30sF6VijA6vRDk37yKym9YWEhzSu8%2B8%2BxNVGiFC6ttTuafmMiQYTVJhL%2F%2FgoUp0%2FtoHdl9Fb3quql79OJlyZbves8sTqFdGx6WHrigt9%2F1oINXIyPmJdOEzINTCSGG2A7pE9dDqkWO8loj1IuuWrtkIynckM%2FpXje%2F2ZBpl62udDxecgZOLic7BgtrocM91acJ70tQOBSbGaLMfx%2B3M%2Fc8WbLygU%3D&ptyp=4
1364725712,A:HAN_20260918_A:DAD__1-0-0_PEO___1316467840,2026-09-18,PremiumEconomy,VietJet Air,VJ,511,VJ 511,Hanoi,HAN,Noi Bai International Airport,Terminal 1,Da Nang,DAD,Da Nang International Airport,Terminal 1,2026-09-18T15:05,2026-09-18T16:25,1h 20m,0,True,5123743,0,5123743,False,https://www.agoda.com/en-us/packages/book?cid=1753802&pk=A%3AHAN_20260918_A%3ADAD__1-0-0_PEO___1316467840&pt=AAAA.AAAADLRjiHeCQ4lNgJ1Bl9t42og6foOWZi488UKS31PdblGMc1YqOkqOctA11Zkj%2Fv97fKyJSH0elH4lJJx0bo8mJQ%2B%2FBcA9ufGHnEoiFADdZ9%2B7P6rOdRPopimkVqJJYcVLyIJJoFbm22OVUUY%2BlpOFM4o8id8j9BOqP1%2Bq%2BZklJ36AKJTDZPjJs%2BBJ7hc8tNagC8DbzJnDjj%2BWGEvPyTReK0EF50hOIC1uDR0OMuyT8MppJaANdDDU4rWyuLarwVJxIlNpOw4rQtvgXLexKTBnCGVV7doEGeWHXXtnPKhyY2QgPyCDZzkH0pQ1WkXmJqnKPocCrQnGTLKu%2Fch4Ws0lzFtl5VMEAA%3D%3D&ptyp=4
168401687,A:HAN_20260918_A:DAD__1-0-0_PEO___986608340,2026-09-18,PremiumEconomy,VietJet Air,VJ,521,VJ 521,Hanoi,HAN,Noi Bai International Airport,Terminal 1,Da Nang,DAD,Da Nang International Airport,Terminal 1,2026-09-18T19:00,2026-09-18T20:20,1h 20m,0,True,5123743,0,5123743,False,https://www.agoda.com/en-us/packages/book?cid=1753802&pk=A%3AHAN_20260918_A%3ADAD__1-0-0_PEO___986608340&pt=AAAA.AAAADJg7EB6FkvuXxqQiHkP2Vl8ZLF73Ta1R6m7XWmeZJu2yL%2Fih0HQ7ImJdaDck9Cixa%2FzThhn9FW43u0tvoFy4Gg5jeKot8h9ardDylKSWQIu4S34tNhyoKEY2Nmho0VjK8K3qEfAWrybrnGKsXoa8JpmqysoyvmTyRyoSIByM3I%2FAfaxfWXe4EtqtO2OusbjbSC9g6gr7wPI1PSZFs0x17gqzasF%2FiaNHhlGPVS3boGxpyhO2HELX26KOa8qq2aSuoB0f17LGaMlWl%2F%2BOdaqU6AkeMqVLwnDMbQr2SmiCWMcfPqct6Y9twV%2BuPbrPfp4u3g68Ll4IuFIlRhjIMglQBt9%2Fxjbw&ptyp=4
715826806,A:HAN_20260918_A:DAD__1-0-0_BIZ___1252777339,2026-09-18,Business,Vietnam Airlines,VN,6071,VN 6071,Hanoi,HAN,Noi Bai International Airport,Terminal 1,Da Nang,DAD,Da Nang International Airport,Terminal 1,2026-09-18T18:20,2026-09-18T19:50,1h 30m,0,True,3278620,15359,3293979,False,https://www.agoda.com/en-us/packages/book?cid=1753802&pk=A%3AHAN_20260918_A%3ADAD__1-0-0_BIZ___1252777339&pt=AAAA.AAAADHMFMzZXdOvYtUirCAIzYa%2Fg8%2FRqJ90ktdFO4IyDvJTfhDJUprjvSiJni1xqHjXn50jpjuM44ZBzR5wxX%2B56gBSNQ3C3O3Kt70A3UU1z3xm019RORluSamQCqz79l3tfru9bXbLVclHHVFf1DzdrHdscqbixqlqGzgz23n6AS1jnmEJ4TOco8wMgOc%2Blq7%2BzPKfbPIdT9EDmYy2FxqjbzlG2%2FFs%2F3CFMFSI2fW4BSFEciDMl%2BgYzxI3NYgPWULSArcgIsV%2FzZoM9sTDv1hOZUkJCqyMQzwnQK3dLst1G4GfUYSeirRztSmgKSIpp8j4HWWnOFYlZeRIbKZbwTuFk8wi8rjxWbA%2BAopNz1NhPxjpp0EV7sua9&ptyp=4
1988163106,A:HAN_20260918_A:DAD__1-0-0_BIZ___1301734849,2026-09-18,Business,Vietnam Airlines,VN,179,VN 179,Hanoi,HAN,Noi Bai International Airport,Terminal 1,Da Nang,DAD,Da Nang International Airport,Terminal 1,2026-09-18T16:05,2026-09-18T17:30,1h 25m,0,True,3301764,0,3301764,False,https://www.agoda.com/en-us/packages/book?cid=1753802&pk=A%3AHAN_20260918_A%3ADAD__1-0-0_BIZ___1301734849&pt=AAAA.AAAADI9hTPax2sRqtJt11mGwH37W%2Beufod2UX9ShWfryNEO0jv04dh6NlIv0Huvs2bxUqyXv3gWupH%2BwSM22aeYTM8bfVqTySYVuqPm8DAaVkvxz81dbqDydkueBubTmPbIDOv62G1bwrmifCM8uDsYdmdwZqHaQN%2F5YLx%2Bc0bfp2KqIVQA5cx%2Bk7p89vlc89mSUv2YOOgWhmRaoL5JICNVQN7Hd6SHcon8Mym7mST7UjGG3U40ZPWZlnyVw3I8tMHWp2gc%2BWQCZpuxG1hzdO3nCxfhTzTrGBDgvME9p6NjfllSFnIKFgyqUEIkDEUR9b8NUlmhSyrJeTMpgO%2BW8PSp3089HAGGBQSlfu7VAgBOcv52DCRbeK0gb&ptyp=4
2124850571,A:HAN_20260918_A:DAD__1-0-0_BIZ___990790348,2026-09-18,Business,Sun PhuQuoc Airways,9G,927,9G 927,Hanoi,HAN,Noi Bai International Airport,Terminal 1,Da Nang,DAD,Da Nang International Airport,Terminal 1,2026-09-18T16:10,2026-09-18T17:30,1h 20m,0,True,3676043,0,3676043,False,https://www.agoda.com/en-us/packages/book?cid=1753802&pk=A%3AHAN_20260918_A%3ADAD__1-0-0_BIZ___990790348&pt=AAAA.AAAADNPZjNfzGR7mnKMnrwMAW58QosOHhpvEWcmTj4c4blmJbzmr13%2BHFOWV7YwgwLMZq3z6kIcnuvAZWXqp6OdiT9b%2FWm3sdRUbZo8Y56oKxmKr2wLdV%2Bx2LfLEzA8rvu%2BJ%2Fkm7v1ZISRH%2BKBFfzXXpo3%2BNyuHNaZke0bv%2F4DrdqIbtGJfO%2BJeAs4W3Cc3XcLMQYIQdIL8oiIib%2FlYFqOd6M3geLGuphzFS4cjg66Sp%2FSUEfOCC00JQdDsE7nwRcUuIWnBqfaECI5Z0sGK7Q%2FPy55Sds0UwAcPk%2FvwcKjDubUQx8qUc4QK0u2kzQHkSv5nxBtUFrsrGbyvsx3Dy6mGTdyeh0WBidQxz7PJWPuDYVg%3D%3D&ptyp=4
998889446,A:HAN_20260918_A:DAD__1-0-0_BIZ___2099586982,2026-09-18,Business,Vietnam Airlines,VN,169,VN 169,Hanoi,HAN,Noi Bai International Airport,Terminal 1,Da Nang,DAD,Da Nang International Airport,Terminal 1,2026-09-18T11:50,2026-09-18T13:15,1h 25m,0,True,4194552,0,4194552,False,https://www.agoda.com/en-us/packages/book?cid=1753802&pk=A%3AHAN_20260918_A%3ADAD__1-0-0_BIZ___2099586982&pt=AAAA.AAAADHzUVE44h8vtbR74jk5Ri0VS95fMQp2yFx56ZyXzB70%2Fb6QBqHoRpT%2FxtOQS8MUZ%2FWbEvg66LPHwmt6lS1Ui4feZQFFfERaRCpqeW5%2FFO0Mw7nm9PmROaxsczh1PtjiumKl%2BfX9PlVHBbiLkx54lj95lQOTlFcqdJnBMtFwWcFhtXnN3nNo44uF9YB7xMTnRFw%2FqpTIoypkAtI5NSHTG%2ByENe7gZKCeP3xd4WKScaLG7yNS516Tz%2FfQgrysXQMS8%2F%2BCwUux3Z9IA8dTAyVnYNytON2uQ3EHh8TpStzcC19FWt0opUHOXDTnuODQDpSkSptWvuxnWtxkkHqQAS4UOB9X2UD1qxflGUm7jia5LV8DaHbq%2B&ptyp=4
2062176413,A:HAN_20260918_A:DAD__1-0-0_BIZ___1452849880,2026-09-18,Business,Vietnam Airlines,VN,165,VN 165,Hanoi,HAN,Noi Bai International Airport,Terminal 1,Da Nang,DAD,Da Nang International Airport,Terminal 1,2026-09-18T09:35,2026-09-18T11:00,1h 25m,0,True,4198289,0,4198289,False,https://www.agoda.com/en-us/packages/book?cid=1753802&pk=A%3AHAN_20260918_A%3ADAD__1-0-0_BIZ___1452849880&pt=AAAA.AAAADLw86YpphFpAb1hyLah9BYQ5M7p3ZsbBD%2BMNactJW%2FbU5hLyHabkNg78lMgEuxnwVic%2BRClMzUujTIzI12Drha5GtbuATnIsBywIqpULxOj1%2FXnFWFLT6uBl7b5eEat3dpM%2BFO%2F1NwyalnSQCtMhLF4qqQeYKX86891gFmxQIhRUqVEbybGAz464OqUTaONCjOIZMVlOz%2BuAeHjl5jioq3YMUuFVuWFOP1xw%2FL25nLIrkaIxMZQhHX2AUIU8tqukXZ4dvI50oimt7ILDIm1eWSOpr2Vj9fAijhOph%2Bw6sbuiIVZ1ww%2Fa1m48b12UfmPw6HyfHn2JQdwBOmCqRPIP8RrLiWNJTFPcfoOIzKxK&ptyp=4
1711270481,A:HAN_20260918_A:DAD__1-0-0_BIZ___418362517,2026-09-18,Business,Vietnam Airlines,VN,159,VN 159,Hanoi,HAN,Noi Bai International Airport,Terminal 1,Da Nang,DAD,Da Nang International Airport,Terminal 1,2026-09-18T06:50,2026-09-18T08:15,1h 25m,0,True,4198289,0,4198289,False,https://www.agoda.com/en-us/packages/book?cid=1753802&pk=A%3AHAN_20260918_A%3ADAD__1-0-0_BIZ___418362517&pt=AAAA.AAAADGLB9%2F8XRWhU1Ur3Y%2B8L6BLgH6XKOvyjvGOCqvEQ%2BB45l7DUeammI6a%2BxZ8vsowq0p%2FrGksegNlZ9LduLrzjYgkIxJs4%2BqEzcr9kuYLfdTHmlzL5vMYJB8HU%2FZ%2FpqwlnPdWSFfFiAzUcl3hNQbYaqtSKKwPsKxVgZJjxsUulYDMdvcMdsPlzrwp0M35m9AV4GzH2gRpAbimeLOkZ5kRRmseqdxvDCevGqdGilYocjkUYFf%2Ft1LnA9aYYqkCcuL%2FYkzmeJ2Cxh1btvV4xYIW2R03gqQTPm%2FijJJ6jUd8pfWSLYGPNrUp%2Fc%2BwWLxJMRFl%2FXi9tNN6yDDKPQRwYgrh9fGtKrKEukVeGcSDoEcM%3D&ptyp=4
273913916,A:HAN_20260918_A:DAD__1-0-0_BIZ___918611958,2026-09-18,Business,Vietnam Airlines,VN,167,VN 167,Hanoi,HAN,Noi Bai International Airport,Terminal 1,Da Nang,DAD,Da Nang International Airport,Terminal 1,2026-09-18T10:55,2026-09-18T12:20,1h 25m,0,True,4198289,0,4198289,False,https://www.agoda.com/en-us/packages/book?cid=1753802&pk=A%3AHAN_20260918_A%3ADAD__1-0-0_BIZ___918611958&pt=AAAA.AAAADFpDvxWF0apioB0e%2Bf1VzOn5kZFUSsX4rz4YhK1LbrfaY6mDL%2BqLrQkqHMiFySbIzTgPJzrBO4Y8%2FGjzVpJYemWgtZB6M8QmTySrYHxNWbaR1mNjTeGFLmx7%2BfrVGO64ikAYg%2B6PvR2IeKDnXabo3k7zpsl0ALyOOYhAGGP8gY4Wwmvhalz8dIaZI7%2FzcNHQSAUw6y7oFNBnZS1wW6YM5NRF4HOS87JydVkIgAwmWAIlnB7Sb17PQVdnBTiDdJZbXYV0%2BTDGwPmT9Iu6qMVoz%2BwtNbbabA%2FYwOssvQdzUVb9EyG%2FTEfjpaFTr1K1pzCGXSOIomtpdnHjWFjx5aac6CIWRp27oS33RDhk&ptyp=4
1112066321,A:HAN_20260918_A:DAD__1-0-0_BIZ___511493429,2026-09-18,Business,Vietnam Airlines,VN,6081,VN 6081,Hanoi,HAN,Noi Bai International Airport,Terminal 1,Da Nang,DAD,Da Nang International Airport,Terminal 1,2026-09-18T08:15,2026-09-18T09:45,1h 30m,0,True,4198289,0,4198289,False,https://www.agoda.com/en-us/packages/book?cid=1753802&pk=A%3AHAN_20260918_A%3ADAD__1-0-0_BIZ___511493429&pt=AAAA.AAAADAzbZPaH4IqcsvKZ137UZNmDoPlKR4daL7tZ%2FPZFDy4hxbuAdaBwIPZveI4sgruXXt67kMQmuGK3unwSKo2esbhzLsHuNT3v5LbjvKbfzmzYzNLShOETbF1PC1y0OKq4dOFh0zpsDhtfwImtifjpHReJHhsIre0apJCQL%2Fgq2HKFhyTo0Vn0HfHNOmaggPS5Y2qzyG3ROsrFO7gEaXwSO3I4ks0JPnnuiS8hHTTpwxxcHxBk3pmV9nRklJ6P58WpznPEjFOyegu6WWY8gBLI8gOM0jG0YpWQOAXCrEE5k%2BJ%2FGz29c2l99VutBu4%2Fg6pXMW4bG9%2FatVfUwbKwXI7TS5IqyvcYlc3WNRV79Q%3D%3D&ptyp=4
701765728,A:HAN_20260918_A:DAD__1-0-0_BIZ___1262927977,2026-09-18,Business,Vietnam Airlines,VN,199,VN 199,Hanoi,HAN,Noi Bai International Airport,Terminal 1,Da Nang,DAD,Da Nang International Airport,Terminal 1,2026-09-18T20:30,2026-09-18T21:55,1h 25m,0,True,5076393,0,5076393,False,https://www.agoda.com/en-us/packages/book?cid=1753802&pk=A%3AHAN_20260918_A%3ADAD__1-0-0_BIZ___1262927977&pt=AAAA.AAAADBdQuqEVea7ugpMHVCoilcBbfGJptxyPaPXdkkIu%2BkUQNWCxAJCD747%2BOKybZkqKlUxhi5C%2Bb1J%2FLvtVLID%2FnrnYI20p7cuTxjVonFAFf%2BMkxkZoBEwfwubNZf3InMrPchtraYSLyiI20WnOMVhL2WmEKbE5qfo54%2FhAnXxJaT%2F9T%2FPHSNQX6GA6cqilGZ%2FQjrZKQcwQ6B7kbHcJYoFkp0QeoZB3DFMp1MYLz2ouKSgKTQ5TTYM%2BGD%2BX7ulv8zz8JjEf8G%2FZOpJnCDnPVNFGxEKOO0p%2ByW8LWp8h4PKSmjcbz87NMm9Dbx5ZP%2Fx%2B9Ouqm3fQ%2BmWVoGMz2cdwdOcuF5JMEZJdnlAprlyL8Nd3&ptyp=4
1814020263,A:HAN_20260918_A:DAD__1-0-0_BIZ___1927144841,2026-09-18,Business,Vietnam Airlines,VN,7053,VN 7053,Hanoi,HAN,Noi Bai International Airport,Terminal 1,Da Nang,DAD,Da Nang International Airport,Terminal 1,2026-09-18T18:40,2026-09-18T20:05,1h 25m,0,True,5076393,0,5076393,False,https://www.agoda.com/en-us/packages/book?cid=1753802&pk=A%3AHAN_20260918_A%3ADAD__1-0-0_BIZ___1927144841&pt=AAAA.AAAADJF3%2B0jKYFUxy4epcoKenrukfOYU5ttq7gWAcXoALcJeGOgHxRO2ehSdHUovCVAo%2B%2Bo%2Fj0llr7rk0xv%2BifGnO%2F8mHUhk2k67S6py50HctHfPkCZadq48J4TSg4WfmS06Uz5KLyHwTKT9ZLYeNXlfmBEYMytVqllesV%2B1weyVky7p1fqy43jeqQiR2WJy3I%2FOmNW0eZFeyECOngoyWzgjGeZh9VJOeUvn%2BiRpkmdBG%2FyMgzAI0z2Tp%2BDpfv5NzvvDa%2FH98ruFRXXK%2B3h7EQzIElHFOxBgAoOuZmemNd8Rwapujuu9fqdKpROnX6q4pSm7dTZ3pwQbjszvgEzkDX6bXcuf7LvDLEMhWlH5zIM%3D&ptyp=4
1836303380,A:HAN_20260918_A:DAD__1-0-0_BIZ___654233130,2026-09-18,Business,Vietnam Airlines,VN,7163,VN 7163,Hanoi,HAN,Noi Bai International Airport,Terminal 1,Da Nang,DAD,Da Nang International Airport,Terminal 1,2026-09-18T17:05,2026-09-18T18:30,1h 25m,0,True,5076393,0,5076393,False,https://www.agoda.com/en-us/packages/book?cid=1753802&pk=A%3AHAN_20260918_A%3ADAD__1-0-0_BIZ___654233130&pt=AAAA.AAAADIx%2ByDm6Y52ncaErSZOskK5hnjUObJD8QttT8ZqI0%2BSIjb%2BKBkgkOWy6Fr%2BIVavk3xqSCn6NmfxTOk0aeBTlhWx2vo6%2BLTcXkIdfJsla0AlxfXU038Brlt3HU5DzzrR9IffTGf7ooyHRoiVxJXaeQBoGTyRSuJKDuKK%2Ba6fm1QkvFm%2FWTiUsMUTJbzOAKTYiDeFuetNUh1eHjuk%2B8Zoj%2BHDKBRNs1j5n6mFSc62CXdgBUlsh21FdjOTK0%2B%2FddwOWYBEONxbdwXQGFDQZn97ZKLxnfkv%2FpBT9AQmKcw6fyRTVfqu6sY0K0G1TGEACQelSXk%2BbmtSKXXltbAPZjaISRii%2BPbmxhhsNsTVM2fhS&ptyp=4
733597838,A:HAN_20260918_A:DAD__1-0-0_BIZ___6731173,2026-09-18,Business,Vietnam Airlines,VN,163,VN 163,Hanoi,HAN,Noi Bai International Airport,Terminal 1,Da Nang,DAD,Da Nang International Airport,Terminal 1,2026-09-18T07:45,2026-09-18T09:10,1h 25m,0,True,5076393,0,5076393,False,https://www.agoda.com/en-us/packages/book?cid=1753802&pk=A%3AHAN_20260918_A%3ADAD__1-0-0_BIZ___6731173&pt=AAAA.AAAADCo3F6EMHK%2BsKsD1Awd8xyL4qEKnQdsHZu2ZbybU8wyFAfeE0epUxELnSV4Qq7E%2BG6oXfNmeSurgTZ9adE%2BhZYC3flcGrnNceH8c8sKmiyiTqsreCUaE0cTPzxQng%2FBcynctEcoX8MOmewE53olA60S2i%2BQ2%2BDIpG82JAvzvX2MZjdb7Ufc7zjtFXvfXJY9Q%2BswLcXmAUFzLO6Wqjri%2FqAIEnfR%2Fz6gR98AZMfguVcwKVO2W9%2F4YYfMq4WfpHS4Ht9aXoTPzAT2EeqMHbLUIJHaXPpzixtWD9q%2FvkaXEJffaq5aDQtZWI38dfSjsBc%2FIhiCV9sAEyN5r%2FAmbnaOV0BYiUjWjr9aoFRY%3D&ptyp=4
20429844,A:HAN_20260918_A:DAD__1-0-0_BIZ___348322223,2026-09-18,Business,Vietnam Airlines,VN,7055,VN 7055,Hanoi,HAN,Noi Bai International Airport,Terminal 1,Da Nang,DAD,Da Nang International Airport,Terminal 1,2026-09-18T16:15,2026-09-18T17:40,1h 25m,0,True,5651071,0,5651071,False,https://www.agoda.com/en-us/packages/book?cid=1753802&pk=A%3AHAN_20260918_A%3ADAD__1-0-0_BIZ___348322223&pt=AAAA.AAAADBwy4qQt5U9ZtUGl6uHoDRJv30qMrRwUKh%2F4RhXrt86tttGEWLOymB01%2BvrtC1SXCczhOKTdUWRGiLI%2B%2BPv1O8vp3bVPMstZY7quif8znctrUltePsiZj1gUwmBkU4OVBoTmW1s9ld8TwqDWnpPnyh9iOT%2Bgq%2Fl9M9E9yjjgmsYrXXjmVSIlp%2F%2B5C41KMkd34npZxJ8QhkpVDfYtyONGAnXtZT48AK%2FdWiPFZMVmaXYkPYCFtNUOSsXOHV5aeXxXW5niVWm%2B3Ff7StCzWE8M82R79sleika%2BOt88B%2BARtr0A1GIv1OvCLNjY5%2Flcjx4CcfY3%2BMa1Tn3cCdtaG4lmzhU9QUnUqi2MvbjXeQ%3D%3D&ptyp=4
1495254243,A:HAN_20260918_A:DAD__1-0-0_BIZ___1132488527,2026-09-18,Business,Sun PhuQuoc Airways,9G,855,9G 855,Hanoi,HAN,Noi Bai International Airport,Terminal 1,Da Nang,DAD,Da Nang International Airport,Terminal 1,2026-09-18T15:30,2026-09-18T20:55,5h 25m,1,False,9420543,0,9420543,False,https://www.agoda.com/en-us/packages/book?cid=1753802&pk=A%3AHAN_20260918_A%3ADAD__1-0-0_BIZ___1132488527&pt=AAAA.AAAADGXzZMy2qlI0p%2FJRKNFa0s7vnAAwIG1MMHOzjStFK%2BQU56Ym6%2FLM6lSntCqNM0RkWUsjlZH3AagqcoATFCkeEfb6AcsruiW5Subr26xPg8O%2BiITS6Nym%2BBSBa81aJG7cFiepNIfgY48oNsrgC3eLlmCrMa8cUhnsTrCji20NwQaRqqfFS13ADjClaGiMFEDrfdzjsmAygP1Fp%2B94Jc%2BWnb6zr%2B8FPXPXANSZkMJAEtHxuEaksYtB9cASHzULDQ%2FsLcViO%2FBE1Y%2FKauXkA9gW2upay9ninSZiCRYajIFcfsF2TmSqi%2F1vnuIRNPOm4vSjMWIz8DHpKqzLlHTMgpiO2p2HjDUYsYHksMMELOavJhueFbNj8A%3D%3D&ptyp=4
1887932164,A:HAN_20260918_A:DAD__1-0-0_BIZ___2028765522,2026-09-18,Business,Sun PhuQuoc Airways,9G,1209,9G 1209,Hanoi,HAN,Noi Bai International Airport,Terminal 1,Da Nang,DAD,Da Nang International Airport,Terminal 1,2026-09-18T08:10,2026-09-18T13:20,5h 10m,1,False,10038184,0,10038184,False,https://www.agoda.com/en-us/packages/book?cid=1753802&pk=A%3AHAN_20260918_A%3ADAD__1-0-0_BIZ___2028765522&pt=AAAA.AAAADOdqPdDdTO7E9lgllgBWCiw4e3x0aoYRukgyjVndqOLx%2BbeCsioc0JA9AzYaGgUvVH0A4sNH8U9hZmtJMUptmjDhOl2f48lqyLgERxmJXo1QjXqZri35I4a%2B%2BAAqwtgIl807J2yYjtJTVZS%2FpR2iYbtfyFll8UotG4w0KrfMPVTqJYN%2BXRIs7wEm%2BTb72uK5E30m0N8Sxplp3rgK8bNuRYUmJI5woji33AdYXFIWWWcEq5J68CSsP%2FKJxrDBQmo%2BL2%2BYfte8QA5kAKn7aokq8ZGhFldVM%2BHVz6aSO0vXr5jA18l3RwzsQNRzT47zVA%2BGNzSt2Xr5x9C1s8XwYTZ9X0%2F7f%2FrF8m09pqJMFw1KCWmvpMQK&ptyp=4
2010357107,A:HAN_20260918_G:NHA__1-0-0_ECO___1770065553,2026-09-18,Economy,VietJet Air,VJ,773,VJ 773,Hanoi,HAN,Noi Bai International Airport,Terminal 1,Nha Trang,CXR,Cam Ranh International Airport,Terminal 1,2026-09-18T16:25,2026-09-18T18:15,1h 50m,0,True,957622,0,957622,False,https://www.agoda.com/en-us/packages/book?cid=1753802&pk=A%3AHAN_20260918_G%3ANHA__1-0-0_ECO___1770065553&pt=AAAA.AAAADJu1K2L%2B%2BJ0CuesOOFuM1dwkAvPtAUZlnE2NMKWBq8fOneLa3QETMZy3CAFZcAWrKEPBlV2MwsBjAYQvaGmAYL5DbCzjq6J9QkCFYVT6mclHbth%2Bvt9Yqh9JNKF3xzlWLmVbGOnSU1m4v%2BV2LYza8glqseixlsBDUbEvaItuOwUqd%2F80kDSma3cBv7kycRvsctJ4fdQtp0aJRk4vLfhwRKLln36K7iApSPVYiVCyLVX%2Bh1g2DQIvZSy5IKcMUnbkPzzVLGCmKlS8A67JhHbwj4hi0me32VoXFTgg%2BkKDkihDBpoybCsV8hn0kXO3EU52GhqZEEVk%2FuMSERTJEFUGTJx0YVM2o26eWXMoJbDaib8cuG5RTOk%3D&ptyp=4
2103750891,A:HAN_20260918_G:NHA__1-0-0_ECO___820491473,2026-09-18,Economy,Vietravel Airlines,VU,1271,VU 1271,Hanoi,HAN,Noi Bai International Airport,Terminal 1,Nha Trang,CXR,Cam Ranh International Airport,,2026-09-18T07:10,2026-09-18T09:10,2h 0m,0,True,1403129,0,1403129,False,https://www.agoda.com/en-us/packages/book?cid=1753802&pk=A%3AHAN_20260918_G%3ANHA__1-0-0_ECO___820491473&pt=AAAA.AAAADGetumx819mxYXx4AeA3NIy%2BVs5j22MBbDssammHOxe2F%2FcLyIAt1Yy4izgE1KuE4vRpdxEFcMGj1gnQboRgNy3xIU2d52ob00OxHcrxlKQIsvbg9ODV5bitV0vhiMA2lr1eH%2B9KaQJbXm2xYHYDURA1sTx911S7RXZ%2BtylNO6PxtyZ%2Bep4ptvP%2BOHq4%2BHvvwQKfrAZpH23WdyYvi8u1f4YAqOW2ndcOyTKyZOlW8iO6TC0A2cHiIJ5Ni9PfgrUelRbF%2Fpr5oI%2FhRAxb95q3O77XPS4lIg49FnK0wLPbsvSYm5dJSTrdMRmkxwvCOL%2BdvKVb%2BjM1ps%2B6JA%2BNGf3YMbl6fxwLrRAxNQoerkk%3D&ptyp=4
1081914467,A:HAN_20260918_G:NHA__1-0-0_ECO___1628895674,2026-09-18,Economy,VietJet Air,VJ,787,VJ 787,Hanoi,HAN,Noi Bai International Airport,Terminal 1,Nha Trang,CXR,Cam Ranh International Airport,Terminal 1,2026-09-18T13:10,2026-09-18T14:55,1h 45m,0,True,1606311,0,1606311,False,https://www.agoda.com/en-us/packages/book?cid=1753802&pk=A%3AHAN_20260918_G%3ANHA__1-0-0_ECO___1628895674&pt=AAAA.AAAADIFSpxlzJple%2BJGo%2BGagZpNiEBfwuSgriOG73Nu5HBaHYWgkxpfD%2BWQiTl%2B0xp3uSyIx21iVEgZu1vWpOXMkGts6jcFzYsiZ97C6AsDsUgncEVtH1hPto5djDbDhXQiJR1zdZ3b7dli1CkQx4llN5mFVVGC0MvLI0CmnOrwQ1ernkC0uv5y96u8NtztIBt2yPfEysOe9%2FwVjRzYckWUPZFuKf40c7u7ohCtXhFtKzrkLupd%2FcJhSumXx6fbd1jNprB5mcqcTYU6OBJ77BU44lDhJqX0MYtZOMeJ7xUhKyTKCznRpN4AoKXfbNeIqsV9miUQfRne%2BXBVJNhtH4U9YWyOsb4OA8g%2FOHJUx4HTTTAzpuOaL&ptyp=4
719007650,A:HAN_20260918_G:NHA__1-0-0_ECO___1810127566,2026-09-18,Economy,VietJet Air,VJ,771,VJ 771,Hanoi,HAN,Noi Bai International Airport,Terminal 1,Nha Trang,CXR,Cam Ranh International Airport,Terminal 1,2026-09-18T05:45,2026-09-18T07:35,1h 50m,0,True,1879649,0,1879649,False,https://www.agoda.com/en-us/packages/book?cid=1753802&pk=A%3AHAN_20260918_G%3ANHA__1-0-0_ECO___1810127566&pt=AAAA.AAAADERL%2BS6FL%2Fxs82soMb3Mi67t33W5jm0mzaVaIWCfjdHZ8%2Ffm7%2BLHuyslSto1Clj6xiDVUTg8ueSmtJDC4QxKDO5mZKpRkDbPgrKx1Ik1bOGbSYZeJTrAJJ1S%2F9UnEJeBo1GkvHg5RwR4o7b%2BxzCNp%2FC9cEZjwYk8oKCLUFq0Y%2FCNuc1G1OQJr91cWaZOECQ6M1rcldn%2BrfZFmnBNFG5DN9ZXsDgQ%2F86ThgtKNs5hod0%2FCMru2N40A2SG0XCNxaMMNLFTUdafUNXpaBtncbcEB%2B7VGzbIt0kvcnMV4P62eWv9p%2B%2FamIug9Qpiq0gj5%2BD0Vr%2FKvxWyPZ7v2ENbpaAygU7Go8UBLGtqIvn6rCII1k4%3D&ptyp=4
1836183536,A:HAN_20260918_G:NHA__1-0-0_ECO___486753624,2026-09-18,Economy,Vietnam Airlines,VN,1563,VN 1563,Hanoi,HAN,Noi Bai International Airport,Terminal 1,Nha Trang,CXR,Cam Ranh International Airport,Terminal 1,2026-09-18T16:30,2026-09-18T18:30,2h 0m,0,True,1938450,0,1938450,False,https://www.agoda.com/en-us/packages/book?cid=1753802&pk=A%3AHAN_20260918_G%3ANHA__1-0-0_ECO___486753624&pt=AAAA.AAAADAU%2FmvfBwQyTmX0lUN7S4IxOJVERccJ1bI8l%2BR%2BPcQglZTLU91PxwXM1srVr0YtkZ34RO%2FGs4e%2BUJPRQMIqW5maepQBgMyPGQwTKkshc65Au%2FbqPbD2zS%2Fccuh9gOSLiK1e7TNbUWGO2K5x5%2FPCgNjtJj0LDZBPJ%2F8F7nRdO39kh8SeiUr9BNPcVNVFG3RirBMg6UmzFYunindLbFrXIAhoOxxsEPsNVJfztbvkQDyv376wvqWGrZu3fEv4EVxTMvwxcIhgPyOGEaQ5INdP5wwgcS8p9cAEV0ur8OJ3TuI%2FOGS0bXUk9kEE4V1ha8NMMH5RHcSZpuIKRPhKQnw3lLq%2F6ZcY4%2FnIpYmQS7gNbIcYE9PHV5XqNmxhH&ptyp=4
1364674463,A:HAN_20260918_G:NHA__1-0-0_ECO___1985219016,2026-09-18,Economy,Sun PhuQuoc Airways,9G,1145,9G 1145,Hanoi,HAN,Noi Bai International Airport,Terminal 1,Nha Trang,CXR,Cam Ranh International Airport,Terminal 1,2026-09-18T10:25,2026-09-18T12:15,1h 50m,0,True,2175102,0,2175102,False,https://www.agoda.com/en-us/packages/book?cid=1753802&pk=A%3AHAN_20260918_G%3ANHA__1-0-0_ECO___1985219016&pt=AAAA.AAAADL1ICq%2Bd3MMph3tfmL%2BoC9mej%2FoTBnZ%2Fx26Oq94stb77o6lx4kRM%2F7tArczI2hZm4GEL9FO%2BOn3n%2F77mpRctZmVEBoRYzlcm4Di3GgO0K4QtvBEa17kvExbgh7V0awh%2BVHsyDD3WhcSSRj9AKNFa4P4XS%2Fd2%2Fe4P%2BjvSH5a0paKuHfTHKzOesiSYViXaGCH3awJhrxpPdsXTJA9qiNvzlYoD4VbFRpttgCyENHZp4F5HixwydGrFd4lqqkhWCdY6ynJKBM3mTa5rx3avtEZSoJl8befPpjnbOEqQdwqxJwtyqAP7TBqCMEvsLzeuvZA0g2hpeu7qMAU2rWU6E%2FQj4GNPOesvjjSqMjd0ajMQY831i7Q%3D&ptyp=4
2068220310,A:HAN_20260918_G:NHA__1-0-0_ECO___187822169,2026-09-18,Economy,Vietnam Airlines,VN,1559,VN 1559,Hanoi,HAN,Noi Bai International Airport,Terminal 1,Nha Trang,CXR,Cam Ranh International Airport,Terminal 1,2026-09-18T13:25,2026-09-18T15:25,2h 0m,0,True,2188728,0,2188728,False,https://www.agoda.com/en-us/packages/book?cid=1753802&pk=A%3AHAN_20260918_G%3ANHA__1-0-0_ECO___187822169&pt=AAAA.AAAADG23XlovmBN3PHuj60NCWjZ4rf4nwDeXPt4ZxmDsq6DUultmwqKz8IjkQcyzVovEUAYw7LHtohJnv7Gt9pzEZCm%2FFMA46o6GrQmhoVgNZU%2FyKg1VegkIO%2Bo5qr1iWjUqAFnajFZU0k35ZN5x5nTAbUJyWnxZPSrOgwqFuxE%2Br1AND3U6sOWn8GgnYqbMrZe%2Fkjz1col1DRuXN58utPVH6%2B2OD2o0dG%2FrRz1TOFktljp1ttldK%2FOy7FcpWN0P0B18QGhuwsJe8UWgEuyzdoUb3oJowmfF%2FPn2nZkHaJQKPWWl9ilWdlaDneHJINSJvdK3tW4XYNAJSjsA2jdi%2F3qvAHYXtSMwkA6GJI1c3E5RFmz0OEKQ7DEjTjc%3D&ptyp=4
424431965,A:HAN_20260918_G:NHA__1-0-0_ECO___613962754,2026-09-18,Economy,Sun PhuQuoc Airways,9G,1143,9G 1143,Hanoi,HAN,Noi Bai International Airport,Terminal 1,Nha Trang,CXR,Cam Ranh International Airport,Terminal 1,2026-09-18T07:15,2026-09-18T09:05,1h 50m,0,True,2409925,0,2409925,False,https://www.agoda.com/en-us/packages/book?cid=1753802&pk=A%3AHAN_20260918_G%3ANHA__1-0-0_ECO___613962754&pt=AAAA.AAAADLNmzisObnzHNrt12BOyFTlzgqLtzslJaSvYjKKm6OwZpj7gscGN5P5DSKfH1PdT%2BSwAriA6pzlJUpSgWP1r1eESnRX9Fy0WZyrF%2FpJ%2FvcVd0MUhvI6F8LwVY7jaK3OqMMWeJtDY72BWBdTsBX0YhyC04kXnRdGJGed8WVMb2DvsLQtRLQTclOkC4i2rQiw%2BdCaX176c3ztBwbrAFZjOAiBw26rh9EQk32Gox%2BvnUlmFtT9W%2F%2FnpL1VwkArhFSvxtZ%2FXkzV0DziuqLJppcq6CosdOWIIWKRhkqDLsdRP0sNVEWVTkSCgM6p%2B9YQxYSn3VprC6%2Bezmpq%2FFPra%2BSrSPdJ7rGubgjI5aJjRtvrfjPo%3D&ptyp=4
558141958,A:HAN_20260918_G:NHA__1-0-0_ECO___2046277408,2026-09-18,Economy,Vietnam Airlines,VN,1553,VN 1553,Hanoi,HAN,Noi Bai International Airport,Terminal 1,Nha Trang,CXR,Cam Ranh International Airport,Terminal 1,2026-09-18T09:55,2026-09-18T11:55,2h 0m,0,True,2756181,0,2756181,False,https://www.agoda.com/en-us/packages/book?cid=1753802&pk=A%3AHAN_20260918_G%3ANHA__1-0-0_ECO___2046277408&pt=AAAA.AAAADDG6qUSxVTfO1yFHWm6htqZijethP%2BMA4f%2FEfrnF7MCaHDWFDckGhvo4bbQyZSka0E7fSAt7jHVazql%2FGw6YUcv0%2BxlcMtx3PBS%2BfZUIJJx87t%2FEdfM57QRnl2FLWsFnTBaWf3Nh4fjG%2BW8sP03LOgcZXK5me4MoOQRwW6C0dvH4gAuv6osIhkEv8KcDO%2B3aeddwSLWzQ4EVR2gJV0VYeXF0rV2F%2BZkWgLD8tLtvqyzsR7zDnB47hG%2BVuk7WkKi35fzHUcNcRGUMXOBv8QnkFMK8qyDWsnKbATSLhJqYN38rm4X8RiS53qXKriCoMW5K5HliLA%2BwX5hgXx7Svn1EowA2FXuQfEMwPiLiiEeBq%2B9D2p%2BOMo13X7P5&ptyp=4
1212806044,A:HAN_20260918_G:NHA__1-0-0_ECO___2115761389,2026-09-18,Economy,Vietnam Airlines,VN,1561,VN 1561,Hanoi,HAN,Noi Bai International Airport,Terminal 1,Nha Trang,CXR,Cam Ranh International Airport,Terminal 1,2026-09-18T15:20,2026-09-18T17:20,2h 0m,0,True,3236426,0,3236426,False,https://www.agoda.com/en-us/packages/book?cid=1753802&pk=A%3AHAN_20260918_G%3ANHA__1-0-0_ECO___2115761389&pt=AAAA.AAAADCNNGRzNWJhcVj9GIPIrN7d%2B16FC2UtvgUvOEdH%2FIGkdfezFfMHWPriPywE99DkjIFP7RFOYBVsBJ%2BYnN%2FUrYl6rCbniKT5ssAca4%2Bd29iB6DUOtYeRAIBfKyrGoftnwyXonifh7zyIpmsB2EDnDAQr770raxOEz6yoxx6stEysYc57%2FAKyXJjGz5a0t0kUWxGPBen0l5NyWKQR7nn692GzG5WkwNDzd8UpcGCS7dQVAfRdmnlJC1aWdSFKkoQrGMCgkn20VJ6hOyz5YVij41tepjE9402is7Jvdplx%2BTiHSfZvJak54Y3phAehmPdNCVRlU8sFLL8ZR6dqEWAkSu0BE24XICn6O8DKzKQeS4GK%2Fr9FD%2FdbhosgizA%3D%3D&ptyp=4
1163574482,A:HAN_20260918_G:NHA__1-0-0_ECO___172208741,2026-09-18,Economy,VietJet Air,VJ,781,VJ 781,Hanoi,HAN,Noi Bai International Airport,Terminal 1,Nha Trang,CXR,Cam Ranh International Airport,Terminal 1,2026-09-18T18:15,2026-09-18T20:05,1h 50m,0,True,3792472,0,3792472,False,https://www.agoda.com/en-us/packages/book?cid=1753802&pk=A%3AHAN_20260918_G%3ANHA__1-0-0_ECO___172208741&pt=AAAA.AAAADGtisJqo5fs9A4y%2FQ%2Bs8ZUUSbGafbbm3tDapBRsHVthKswsaJ1zgFJMJab8x0p5ULothV5ygsdnOIVfYGE424DnjAW%2FXboc5nLLuSMFaIWZq%2BJt8Rjp37RbykwXw2M%2B0pUU5zO9mYwmliSfj1Ih8bAXdTaD491CVojJSZ%2FPup1ly1%2B059G3pxZL8%2BsBgw%2Bip%2FG0MG8AH0jWWeImqfUK%2BOKHMHpH5SI%2FBgFA28KpQi9glkDXRMa22UwWbTzELMqBNHQb7AGybMRTxwhhpb7IlouABds7wcOTPoe%2FNg3yKvHW%2FLbNhSFqTS72TFP7WesGE9rBNNyTvYD856dGoIPo0qprzrLfZTfOSkmfHJYpRt%2BSLemnaUExw3lFWYtDCbg%3D%3D&ptyp=4
1372293903,A:HAN_20260918_G:NHA__1-0-0_ECO___716583511,2026-09-18,Economy,VietJet Air,VJ,775,VJ 775,Hanoi,HAN,Noi Bai International Airport,Terminal 1,Nha Trang,CXR,Cam Ranh International Airport,Terminal 1,2026-09-18T11:45,2026-09-18T13:35,1h 50m,0,True,3792472,0,3792472,False,https://www.agoda.com/en-us/packages/book?cid=1753802&pk=A%3AHAN_20260918_G%3ANHA__1-0-0_ECO___716583511&pt=AAAA.AAAADEW6YKCoTJSNu8hsOT4luZppAS9Y1zT4HNlSmsMdHLTk3vnJdYUJHi9gZVOXGOUEZEjPHyjOElswPD6JqsWIP0QMfEwiAWvD3jyKY8f66SvljdvISatbGyDL8S22K%2BGxoqCFZMJARTsuwIdWRngdvZcpE9UCXj9zvr7JharX4xJ%2F5uc1C7NOpyTO5fQIwtS1L6jPLxI5uHqE0nAo05bkSuJ0%2BZSFjiLxBXQj3xCn%2BgfjRVUg6aZATiBMsgJTOe1G4rNflEBziEX0I7%2BZ881e1eHPBwT%2BMNPPSDkkrP8Hw2V0GcrsEovR1aItdy3UN%2BQGXHhDQ5OpaTog76FeQcgFV50bz%2FZpZKc85kbS%2Fybr%2FV8s7tbPaoqf5BnXeuQ%3D&ptyp=4
1436181697,A:HAN_20260918_G:NHA__1-0-0_ECO___1285496122,2026-09-18,Economy,Sun PhuQuoc Airways,9G,1207,9G 1207,Hanoi,HAN,Noi Bai International Airport,Terminal 1,Nha Trang,CXR,Cam Ranh International Airport,Terminal 1,2026-09-18T07:10,2026-09-18T13:35,6h 25m,1,False,1851781,0,1851781,False,https://www.agoda.com/en-us/packages/book?cid=1753802&pk=A%3AHAN_20260918_G%3ANHA__1-0-0_ECO___1285496122&pt=AAAA.AAAADDuihKjSD8YRpu%2Fj0YIfSemZqRkgNNp0bdo0AD2PUf0HiUjh0JDy6azupdE%2B1aFf%2BaomfpBMHdWWm8EUuAeDHfK99M7mEAJ3a8XsqxbP%2FGlW0NvzaN%2FiYRtN99AnMqVN4y8wPHaAy9QUgu%2FEaAUB0LOLCWfBmD2fEHs3k0rG5vbI37Ru6F8CGH5pG%2BOMPqjTaueZ%2BGs%2B1uv%2BJyxtqoA3urjzCdEmWTfwFD8%2B6%2F6r0vmFnEDxYrcK244hkMVpyd5v%2B%2BqRy0RxlQ6CLXpTrcCaOOnmRXBeRub32BnE8emCFdqc3ROus%2BALfp54W4UvsvmLqRJ%2BNk%2F2S%2BldpgGb%2FI%2FwGtTlUCblXugxpA1hDQMtjbm4537f5TNj%2BQ%3D%3D&ptyp=4
1835171929,A:HAN_20260918_G:NHA__1-0-0_ECO___529231121,2026-09-18,Economy,Sun PhuQuoc Airways,9G,1209,9G 1209,Hanoi,HAN,Noi Bai International Airport,Terminal 1,Nha Trang,CXR,Cam Ranh International Airport,Terminal 1,2026-09-18T08:10,2026-09-18T13:35,5h 25m,1,False,2157436,0,2157436,False,https://www.agoda.com/en-us/packages/book?cid=1753802&pk=A%3AHAN_20260918_G%3ANHA__1-0-0_ECO___529231121&pt=AAAA.AAAADMHyeOeahSSVixdXWpV1NvBHICqo0ePsZwK9xFigK9AN865bhfVnXRK7NQyJxxPRQAlKnMDQQlQOw%2F%2BnUpDJfBUimx5Gwqv6q5LZn2u6%2FZXYYD1Svgej%2B09pTFiUThOujM1tA%2FBqZuxwuHDNDRCRa%2F1zAewjQCTJqGXkfllm8424%2BVPds8xPix7UE5TlLYIFpBhqb90t%2BPcg6Otmh9WrUl8w5B%2FkK7tk9x2cvo7d1A4FKvV%2BtmCjNHmLQzn5nPrpKAXzhvqxed291bpJbLFBQDIy6AXEW17%2F%2Fe0%2BlWm67QPt4SimfkIu71QdZiGDXFEuEpOS4UuoOmylD4bOvj5fJPSvjWEivcNZEHdGvzspB2ILVhDzww%3D%3D&ptyp=4
776256371,A:HAN_20260918_G:NHA__1-0-0_ECO___1509127168,2026-09-18,Economy,Vietnam Airlines,VN,1715,VN 1715,Hanoi,HAN,Noi Bai International Airport,Terminal 1,Nha Trang,CXR,Cam Ranh International Airport,Terminal 1,2026-09-18T06:50,2026-09-18T15:45,8h 55m,1,False,3583497,0,3583497,False,https://www.agoda.com/en-us/packages/book?cid=1753802&pk=A%3AHAN_20260918_G%3ANHA__1-0-0_ECO___1509127168&pt=AAAA.AAAADNiw5b8zzlxKGJsB26L0kKI3hK8gUV%2B2ZDtrW94KQIInf%2BdrhMF5tLOegUYEQg%2BmAhEm24sj%2BwhnFduae8SQ6PBZMf1ShE3lPdAiO%2BaOXX5TU8xPF4oBg2RhwtnTfnJwHn4KFYWAzwJOcV%2BXBAsO7SLVLas3L6yO7a%2BzujrKEbAR7nY9VpaUOVajQhQyYmzPstAzjW%2FOp0%2BjguLQMcQWwdxujBQhPHEA6hSyYN8XxhJ7VnJPa06ATCXUzLj%2F%2FpmNRsRnSWuNpg7m%2FlOg%2F84oOfEkxl2wFobI3pI7N6AeuIUioidXVLo2oF7JqRm5hAwCCja9SF8kZz8HtreXxyaETlFqblf%2FJTHzScIZX9R18bF6N7dySV0c&ptyp=4
2018853392,A:HAN_20260918_G:NHA__1-0-0_ECO___1857154168,2026-09-18,Economy,VietJet Air,VJ,169,VJ 169,Hanoi,HAN,Noi Bai International Airport,Terminal 1,Nha Trang,CXR,Cam Ranh International Airport,Terminal 1,2026-09-18T23:25,2026-09-19T15:35,16h 10m,1,False,3815776,0,3815776,False,https://www.agoda.com/en-us/packages/book?cid=1753802&pk=A%3AHAN_20260918_G%3ANHA__1-0-0_ECO___1857154168&pt=AAAA.AAAADLdykBallYW%2BSna4w%2BQCF9p250EMBp2IgM9K%2B0FSacO5ZiwZVxnSDiyMYxP2OcjpkigQ54Sv9Bl5PPf2hOHerXfzUIJekIzhM1InI9isNfkSKyuwyAzqw39KYLClkNR2pC39sG8JQTjHHL1i1PSaz6%2F3ZNHc2dSXSneE01sunQp6RY0SOhfZR0SaYvtKWEW1mT6bl0OUUtgO6sLxJ4iODfNbPSmGTxbyuza%2F4NFUtC45odIaLLFQoJrQXkbCo6RY9NFrRL1Ln0V3OJZE5ErovvAef77Zm8qUTMwHS1Dz5RuX82Z7ENy5FlTdl3LaKKolBy2vTLL8KZp2vXrUEFMx9PDwL4X%2BbAtQFt5uVtNNEtPjeGrLlbsYrGPxC7gyrNxcPzCd146Rp8m5fgB9&ptyp=4
350407310,A:HAN_20260918_G:NHA__1-0-0_ECO___116619309,2026-09-18,Economy,VietJet Air,VJ,161,VJ 161,Hanoi,HAN,Noi Bai International Airport,Terminal 1,Nha Trang,CXR,Cam Ranh International Airport,Terminal 1,2026-09-18T20:55,2026-09-19T15:35,18h 40m,1,False,4019478,0,4019478,False,https://www.agoda.com/en-us/packages/book?cid=1753802&pk=A%3AHAN_20260918_G%3ANHA__1-0-0_ECO___116619309&pt=AAAA.AAAADNNFzvY583MOzi0VffooYjzQMkQlPdy6KvUz1gOEFGi5Js61UMqWZ1x4jS%2Fqr0MzFrdw1HVLY%2FMq3PPfLOChBfF%2FR2c7ez1bnWUAsOZz5Up8wvQvhsBj5SYfmuFth6RFB7GXbuK1DEt47%2BGQE1dMfaludR0GL2ufPpMT1qVxWfSrrXrnz2E9RFUCO7AO%2FYyzGpeLZWOMQeGyH9Qgn9k1W3hk%2BsDpKzg8AsUPRAM0Rvf5QVd6d8%2BQH1VNcgtx7xeVigyCwoicNzUMVjDYuYvSI%2FIFmww%2BFIcgPWuzkWnnZtCR5gW1d%2BobjblJrlvawYtF7p0Rj3BkqZMXM9TZWtaLAHPApEPM%2BwbHcxrD76UHMaUx0ZkM80KoZ4ni0XrbyaCVbcvor%2FL2TvgK&ptyp=4
561866044,A:HAN_20260918_G:NHA__1-0-0_ECO___1523426162,2026-09-18,Economy,VietJet Air,VJ,131,VJ 131,Hanoi,HAN,Noi Bai International Airport,Terminal 1,Nha Trang,CXR,Cam Ranh International Airport,Terminal 1,2026-09-18T10:10,2026-09-18T15:35,5h 25m,1,False,4069649,0,4069649,False,https://www.agoda.com/en-us/packages/book?cid=1753802&pk=A%3AHAN_20260918_G%3ANHA__1-0-0_ECO___1523426162&pt=AAAA.AAAADHhIGo3QK9JciF7uiziygc9maicJ%2FodOJ7WO22QlLG7gevzUdTr%2FrhumzACmiu07LWSiR%2BIJsRKnnf3AuPeVDTTbjVnyQlXyQxhBGTQYoxNCoOncC6%2F2I0CNjoIEDj0fAgYRUZ26hHEzyfWJj%2FsP7z1xtVhMsJFkpRjlVnsZZ57Nu3uUdYvAbHTt48uHp9SSQMqeFq5vPghd7Y8K8zesotH6WDeFqm8h75DtoxQGZZph3WdIbCzHXA4yFWvgGxT9ISrKerAhNwiqQrkoKcQdfxFjLz9dRjfAtRJgW1MfPcBR1411k5G4YxPbmYfQNrDazwzNyMzgcBrSqFLK2Bj2dn5zbvTR&ptyp=4
1237775511,A:HAN_20260918_G:NHA__1-0-0_ECO___1709425387,2026-09-18,Economy,VietJet Air,VJ,129,VJ 129,Hanoi,HAN,Noi Bai International Airport,Terminal 1,Nha Trang,CXR,Cam Ranh International Airport,Terminal 1,2026-09-18T08:45,2026-09-18T15:35,6h 50m,1,False,4069649,0,4069649,False,https://www.agoda.com/en-us/packages/book?cid=1753802&pk=A%3AHAN_20260918_G%3ANHA__1-0-0_ECO___1709425387&pt=AAAA.AAAADJFZjKcKfNqMgINS7veB63x%2FBAJCvAa5l9bj%2BVo9OBTKuaJU3linhWTvBcZFqHR9IzfH6lu%2Fd4qcMdj1NKVhaYaHV8PKyxMhCg3UsD%2F5BAg%2BhzzbnKWW%2BYlTVm27xY711UY2Rtx1A3QhlFzmyY7%2F0igvRlbC968h0hViczEP3s4jyAiR4mr1BVHjTnhp8ePNrWi2O07G9iUzkUZbvpdxSe%2FbzAQyC%2For7RxEBK6mKGxUT0F%2BYG86KH4zoBHrUXtIhUa%2FwMncZd2024OormPip3dUeT7glHRWRlojuz0vAdfBiW4q6xtPt1euD2Em7hnECvDpxJw1cr%2FRD16T%2BPhXdU58O4H5RA%3D%3D&ptyp=4
176023821,A:HAN_20260918_G:NHA__1-0-0_ECO___1776206699,2026-09-18,Economy,VietJet Air,VJ,121,VJ 121,Hanoi,HAN,Noi Bai International Airport,Terminal 1,Nha Trang,CXR,Cam Ranh International Airport,Terminal 1,2026-09-18T06:00,2026-09-18T15:35,9h 35m,1,False,4069649,0,4069649,False,https://www.agoda.com/en-us/packages/book?cid=1753802&pk=A%3AHAN_20260918_G%3ANHA__1-0-0_ECO___1776206699&pt=AAAA.AAAADMo1IvC2q%2F2G44EG%2BeDYB9LCLx3Cor2VEIUXg2WOfx%2F1fRLkfxqb4%2B1QYhblOyCIP%2BoB24%2BOpfB5%2BuJNJRt8VDfK4ajj%2F3bIgq83DI0lOk%2FIpUFCEDoZzWAIxEIkOVjTces6kaRyFRAvpNzxNHHUn6HvoJJkO5PM7N5EetBBakimkrpliXOZ7H3n0A7Lrmdum6rS79HSJ%2FuaY7HlFXZpDfmXcgfNDAgckWg6yyjPeQ4%2FtvBWpGfvhKoh865j6BjmMGAhcDDhzPPV%2FGTdysFBmm2DOis85LTKG9s6NBNLWLL%2BB7Z7ymQvO1%2BGZVHIedVho7EIlZXicaaAnWpJ%2FIhFTzHm18rv&ptyp=4
2063982084,A:HAN_20260918_G:NHA__1-0-0_BIZ___2046277408,2026-09-18,Business,Vietnam Airlines,VN,1553,VN 1553,Hanoi,HAN,Noi Bai International Airport,Terminal 1,Nha Trang,CXR,Cam Ranh International Airport,Terminal 1,2026-09-18T09:55,2026-09-18T11:55,2h 0m,0,True,6703739,0,6703739,False,https://www.agoda.com/en-us/packages/book?cid=1753802&pk=A%3AHAN_20260918_G%3ANHA__1-0-0_BIZ___2046277408&pt=AAAA.AAAADB1nWiR5xsUO6zhAlZMZyqOw7v2%2BNbV3xqNbyLfo5qT64diQMyB8G0vHaIjOjDNtHd%2FMyQk0u0grjqnYLwSO1kwOk7poWsizS72I3ecQRMXFjYTh2wQB9Noq%2BeOkYyFUYjFNQqKYM%2FMiod2MrmcY7KPqYLiC%2BrV11c325X9yJ6BUnRISS%2BvgtDNhLIJ7R9znJ5MZ8Aas6harZWNdjGw2MgPNpBOxuvVxYvbHAKvi%2BW%2FipUi7%2FuSHZNFe%2Btgk80EzQDYhW5%2B%2FPSgWgbm3oQBSEgadLsMN3qpKG0ZHU59%2FLjRn8U%2BsiD2ajhgMT6Jl8PHroUr5jhQcyKTBMZc%2FdOLJAIF91kySK2ZBIuE3jgDmgYgXtig%3D&ptyp=4
1518577926,A:HAN_20260918_G:NHA__1-0-0_BIZ___2115761389,2026-09-18,Business,Vietnam Airlines,VN,1561,VN 1561,Hanoi,HAN,Noi Bai International Airport,Terminal 1,Nha Trang,CXR,Cam Ranh International Airport,Terminal 1,2026-09-18T15:20,2026-09-18T17:20,2h 0m,0,True,9907544,0,9907544,False,https://www.agoda.com/en-us/packages/book?cid=1753802&pk=A%3AHAN_20260918_G%3ANHA__1-0-0_BIZ___2115761389&pt=AAAA.AAAADAJZ5SNl1mrxUZB2VEHFjUO%2FJFIVcMsoSZNsvRCWLBfyRe1Z7EjYmVJHmk0aFPxcY4Q2VuwZBeaUDXEuJgK8KOKZGeBo8UccHRmIQ2VlKol9QvsCJtyOhrC6ExTEX6jrTkvTyepB76WuAEzcRROUKaWoYA5r9gWAMdcJUfeTFotiG5JxF25fcBM7oal%2ByGfR9qOVopdcxTLdCu4rcCc73SsnNhECgDnqWPB3I0KeCEWdtS0DE6bWNsAxDjdUOS3DhN1L%2B2rUvETUe0%2FcPl9LR7b08BY4UGBhDjIei7ISBithzkGQO7wRJEEo9WnFyIpPOcngcqk18J0c%2BDdBHesq9UyER3SMO09v%2BEgwPZe58Ozk&ptyp=4
343685427,A:HAN_20260918_G:NHA__1-0-0_BIZ___529231121,2026-09-18,Business,Sun PhuQuoc Airways,9G,1209,9G 1209,Hanoi,HAN,Noi Bai International Airport,Terminal 1,Nha Trang,CXR,Cam Ranh International Airport,Terminal 1,2026-09-18T08:10,2026-09-18T13:35,5h 25m,1,False,9069606,0,9069606,False,https://www.agoda.com/en-us/packages/book?cid=1753802&pk=A%3AHAN_20260918_G%3ANHA__1-0-0_BIZ___529231121&pt=AAAA.AAAADF5VSxrDTJhvuYfQUPZ6D%2FCx4lBaZLQDqItQzQFIzS4R7bZAONgu4m8%2Ba%2BDTTSFcDw06qYN5DPalRYy%2FQQ21QlxIovEICvFMpNYwN3Q0tuDMeLOFILOQV%2BZj8B3gTseLp1qO1MQs3%2B1%2BmTbdyZ94HUWaUZv8S7dIq5sOI6Edrg6wFl8CBY3JFTDt2kHoWJjI7tREOiYgNxTRJ3QGtqSDA3HK9HhKWBnIdcK8UG19iPF1BKtJxFtNjNZe9Yx357IVV4VLqyC27Yb6By%2BaTrOmj6d64i4MD0ndc8BdLy4wRUAcOmyPnDSA%2BoPOHsGZO6nuMXSBSEKTIYAvKtt7LBBFeU8tQF2jRBu0advE5Ul2%2F3jUbozkqA%3D%3D&ptyp=4
337824800,A:HAN_20260918_A:DLI__1-0-0_ECO___2037023257,2026-09-18,Economy,Vietravel Airlines,VU,1283,VU 1283,Hanoi,HAN,Noi Bai International Airport,Terminal 1,Dalat,DLI,Lien Khuong Airport,,2026-09-18T17:20,2026-09-18T19:05,1h 45m,0,True,941152,0,941152,False,https://www.agoda.com/en-us/packages/book?cid=1753802&pk=A%3AHAN_20260918_A%3ADLI__1-0-0_ECO___2037023257&pt=AAAA.AAAADJWcUFbM6D6hhvdrP2qTygia0XbZSkLi%2BK0r3%2BE1pHM8WmazEI1lSANlsEqYL%2BxVYjcMFd2cgtN53xUiOtJxKb6e8HJq0fsYg9KvH%2FGEYFBs6LKkIJF2oFZ2nb5O6v0gXU9Pb4Nd33lT%2BPGuqPsb12tiHoiOachPZcituJs3bAAe5e3RV8yOvYGvgNbNAVdOgO0SuZhQIkqpgbBjblZDc8wOnvEa7yxISUMBGofSyilP0blsa4wbiKG3VEVaf4yGb5kACSgcMMWHjOj9G1bGSTF15ROfbd1D3ATCIbGJ0esBPJqQ1NRKdMp790SMMiBlKcxbX%2B0WL6jENsMT4Q%2BWpkOhz%2B%2BKT35zkQrtfyzvbE4%3D&ptyp=4
840313295,A:HAN_20260918_A:DLI__1-0-0_ECO___1398590382,2026-09-18,Economy,VietJet Air,VJ,405,VJ 405,Hanoi,HAN,Noi Bai International Airport,Terminal 1,Dalat,DLI,Lien Khuong Airport,,2026-09-18T15:40,2026-09-18T17:30,1h 50m,0,True,1016804,0,1016804,False,https://www.agoda.com/en-us/packages/book?cid=1753802&pk=A%3AHAN_20260918_A%3ADLI__1-0-0_ECO___1398590382&pt=AAAA.AAAADGEcGyC0je6EZZ6Sb4pfGCmsdyX%2BYNUgCLm4cK8TzP1uWJTAlMh4uJ0otz%2FWvEZHEd9%2F13sF5kM9b9AHXmlx7CFtkxkjYXEHc0OX%2BboLvRk53Wg7CNJclFLSLf869Lk5EsYXkvoxc9AoHHv2JWNp%2F5Wh%2BclEGTP8nGH%2B5RCth6h68S2iOwlJjJBwhAJdM4FRb9BhpbAeYcpvou8SZoHeFcLtNYpMRGxwEVtueWkUqXPe0YicpeCxWbHLTHCBTSMFhZ%2Bbjrt0bJkMfXNUm9LTMfzQSImsQ9NMnc%2B5rvQMV4xKXHmXdp6lz78Xqo9uVS6ZYQ3LAF4%2B95otNDw4ZYpDkBgWjHRvvmiErTEN&ptyp=4
514084541,A:HAN_20260918_A:DLI__1-0-0_ECO___1565893479,2026-09-18,Economy,VietJet Air,VJ,407,VJ 407,Hanoi,HAN,Noi Bai International Airport,Terminal 1,Dalat,DLI,Lien Khuong Airport,,2026-09-18T14:00,2026-09-18T15:50,1h 50m,0,True,1016804,0,1016804,False,https://www.agoda.com/en-us/packages/book?cid=1753802&pk=A%3AHAN_20260918_A%3ADLI__1-0-0_ECO___1565893479&pt=AAAA.AAAADBDt2qLo4w35dNDb1MtcSHyNzFDpLXAsmQTe3qMKbod%2BanWmsfMEIV0GkY3jW7AEFzJZLkXzqrNHctikUedYebdVBexRThUnPTwFZJCqtw6qcF4fYOv4XLqC%2FBdg9tKt1LlRf6FNXJm7zKcAB%2Fh4Sct0hULjYlmHFOEf2%2FOqcZxFDT6izw9%2B5tZkLo7yKqrwbXG3dws9xkwyuiBZpBbYBMOYTdXZfyRNVcrL5zgKIvYRYT38nHKYSWomDwmQKA1i0LiP%2B6%2BO0sJb7Ze9JZsyOK8Wlt4jZdeM9dXvpeBH5YyOC30I0h3AW5tYnT1%2F1gKAFW%2Bk8MgWTIcCwLF5MgCOU9O4lp7Y7hUkmLpN&ptyp=4
242038874,A:HAN_20260918_A:DLI__1-0-0_ECO___2008035920,2026-09-18,Economy,VietJet Air,VJ,403,VJ 403,Hanoi,HAN,Noi Bai International Airport,Terminal 1,Dalat,DLI,Lien Khuong Airport,,2026-09-18T10:25,2026-09-18T12:15,1h 50m,0,True,1600556,0,1600556,False,https://www.agoda.com/en-us/packages/book?cid=1753802&pk=A%3AHAN_20260918_A%3ADLI__1-0-0_ECO___2008035920&pt=AAAA.AAAADNoNYI4yKQk8lB9NNPBXhoNkYL8g1yDFmBwJyF0nIgRmzSksa0bdo2KK7%2FSuBMUCPzKgRPK3L0E7e3rqyt%2BGh2EmxsqJ35cDjKU4fwio8rU6CVDBSuVjTB%2B30GcK%2FeX%2FgM%2BVt0i%2BYVJ8rlc11E3jZPnx0CuNFHs7WRPstaFS9QJwXBvCd7jvih3QaUEakPRSi%2Bh%2BH%2Bvp1fIltYASEPYz%2FZL%2BU2Rsl4jkR%2FHWrLTZ7pQNl90CLMf52eYC7ZNIgS5FbGh58%2FnDE%2BKjsIeFGzKVWyhOGVvDqzuT2k9kBwSPxduo2KxbqUJenssJnbNd5oZVx6ccHjvj6C86VgUxe2kNJHsZVMiJMwcSAmJY&ptyp=4
591170801,A:HAN_20260918_A:DLI__1-0-0_ECO___222641867,2026-09-18,Economy,VietJet Air,VJ,401,VJ 401,Hanoi,HAN,Noi Bai International Airport,Terminal 1,Dalat,DLI,Lien Khuong Airport,,2026-09-18T07:00,2026-09-18T08:50,1h 50m,0,True,1731990,0,1731990,False,https://www.agoda.com/en-us/packages/book?cid=1753802&pk=A%3AHAN_20260918_A%3ADLI__1-0-0_ECO___222641867&pt=AAAA.AAAADFCPWI0juMg7s0QlWYHy8gxHgcftHNj4OBvGRdXHe0djucHhmNB6t1mr4evXokxpSkM0i%2FzoKOJkqdsManpSDY5s9p4zbO7eLY4B4LysSi%2BB7PNJRv%2FFRMsGekjOoSjuPCx2FJwJjj9ONga36v6yTMjgJrEXPRYWyk1uT3G8Zx8dg2uZ2Fluzgob3Q%2B5%2FD%2FIfb%2FpzTG5pO8wCcr50dZXuPTQ93%2Fy8fljlBicht%2FA%2FnwXT8Ew8uTagLfSAdM4CwOVblKarM9Qc%2BTBy7fbjkl3GagAFw0PmYeRGo9eJlOwwkURJn6Zqi9mzxENFr45911GfmuAN318sU0Y0dgNa8MurV%2BFV%2F1xq7CM3FJ%2BGMtFg2ER5de9SPLbUzBtO5JzkPSZppCKVQ%3D%3D&ptyp=4
1477818780,A:HAN_20260918_A:DLI__1-0-0_ECO___1154274294,2026-09-18,Economy,Vietnam Airlines,VN,1575,VN 1575,Hanoi,HAN,Noi Bai International Airport,Terminal 1,Dalat,DLI,Lien Khuong Airport,,2026-09-18T11:30,2026-09-18T13:25,1h 55m,0,True,2091582,41951,2133533,False,https://www.agoda.com/en-us/packages/book?cid=1753802&pk=A%3AHAN_20260918_A%3ADLI__1-0-0_ECO___1154274294&pt=AAAA.AAAADFt%2FUUfAaUpx9C9jRbhowbBtZ9w%2BHk%2BVJakURoPNo1qJLGe9pQeHR7uLbAgoJ3LHGUScE1uK1Xcvj4BMOLvoTNFcrsPqGkQo1u8K2b3zxdIgd7AbTgSvI%2Byw8SLi0BsqLNiTVhuq%2BdcRFXqe56RGGDCQ%2F38R%2FZIasSewdackBHeHH00F6myUXussUjmu1aNgSvKXFYOCcI2o%2FGjWSxvb7M6nOYaopRtEl%2F6id%2FE5IERdxzXyk78cYjyq6NvDZz1AsDCY6ONjLo0NZE5PyyJKQTU9jtIp9y45Jnw%2FfHja5HHDHnNd2MkeOQVp7jDgkJMebHMfgYOnCM8qHT0uU5kCsbIBhX1A73EFp7E12x6ooLqlI0awt%2B5idsPhgznY&ptyp=4
1256152257,A:HAN_20260918_A:DLI__1-0-0_ECO___1740078453,2026-09-18,Economy,Vietnam Airlines,VN,7579,VN 7579,Hanoi,HAN,Noi Bai International Airport,Terminal 1,Dalat,DLI,Lien Khuong Airport,,2026-09-18T08:45,2026-09-18T10:40,1h 55m,0,True,3627430,35393,3662823,False,https://www.agoda.com/en-us/packages/book?cid=1753802&pk=A%3AHAN_20260918_A%3ADLI__1-0-0_ECO___1740078453&pt=AAAA.AAAADCCAHSF5ErQj0QeFJssTKPzcxaT9EbsEom6KoHnwp4o2Mo6jxvbVanpGY1NRaKf1OkDWt8BTviwVA%2FUTvrv8s42tH8rpJzVNvaNk2Cxrhvk9WGHJfHFoxEkfBvwg5rNVt%2BGW9wfbSM00nnwQUw0yYQ%2FHJ53vWmYFOzGYlSzs1IvdrlekfqLkzgbBCS0CVATMwYRqZzeEnmx4X0etcqiOz1OCZbB%2BiYKRHnZfcBlu2A1WRuR%2FGjGryhsjp%2FrJ%2F7%2BXp03wZ1VUlG4ltNfNpGm0uztPpNdvD1jD6ICBKLJXUiKgJ8pFba34mxJ6IL4PtJS0OEyKwBS0SEDNK8wpZj3hgZzfwjEjUoSPEjy9ZgYJs1Otnabb5YJ7V26pdRQnHA%3D%3D&ptyp=4
1415008846,A:HAN_20260918_A:DLI__1-0-0_ECO___883371074,2026-09-18,Economy,Vietnam Airlines,VN,1573,VN 1573,Hanoi,HAN,Noi Bai International Airport,Terminal 1,Dalat,DLI,Lien Khuong Airport,,2026-09-18T06:55,2026-09-18T08:50,1h 55m,0,True,3640382,35519,3675901,False,https://www.agoda.com/en-us/packages/book?cid=1753802&pk=A%3AHAN_20260918_A%3ADLI__1-0-0_ECO___883371074&pt=AAAA.AAAADC8GSUbQfGWrtiMH6uD%2ByDaHriLBzBnhfM64hc1DFmH99rQUORjCcFbSx1AgjwtaMg27lAe7DVc6m9%2Fqoop4xTEONna3H%2FALLMM8PoheFNC7iyYikrI6Xj419E9c9%2BIUl7iS7%2ByS5hLfxJGe41WWqo573oEg0gB%2Bn41IBjSrIvd4YCRSBpXKZVTKgoh2W7jpuIay2sqXv5bW4Wpl2Rgc944BT8auHBSnsnIZJxPhjId%2BFT6nkH01v%2B4dl%2ByG0SagDDRsE0kd6uean%2BpC7x3W1HaR83aldXA95HRWFB7b57Nn4DHic5Auvr2EUwffDe6f7gTE8ue9q58au3bOdgIE17qm5kk7oITqLFGYDBs%3D&ptyp=4
2042981786,A:HAN_20260918_A:DLI__1-0-0_ECO___997208697,2026-09-18,Economy,VietJet Air,VJ,409,VJ 409,Hanoi,HAN,Noi Bai International Airport,Terminal 1,Dalat,DLI,Lien Khuong Airport,,2026-09-18T19:15,2026-09-18T21:05,1h 50m,0,True,3762937,0,3762937,False,https://www.agoda.com/en-us/packages/book?cid=1753802&pk=A%3AHAN_20260918_A%3ADLI__1-0-0_ECO___997208697&pt=AAAA.AAAADJtVUTtCXiPqrvf9Acnby13U8H82D6hpQYuaKWbg%2FQhJrfxwZOpWjNXLLZPwjNJtXUgSCjz5nJ7JPphbBPn4czUcYi7RsYIKnHGIMwVGR54%2B74NiSQEm3B%2Ba3MPyj0tioF3mphwCIUECXREcrrLCmCWnZ%2BXLJbRmf4CmUSyj%2B62nTaXRWAzFXorPdlNl%2Fx82XEHg6CtA3nrvzxBeO4MHT7n%2B%2B3WzDg%2Ba2DTmtpEEtstehENHwDSjd0quIdC5rSwn2FOvuUdHUT5VagRMoe2n6QKxzAXbas7vqbNR0mrObwSdlNTDFGYOZrVY4yTt7%2BvS%2FcHL1RirCSQPoGtmQ%2BmOnZuKWXlIGToGDNMQ4Mea%2BOtK8h3TqDJgGwSnq1Blt%2BuX6Zdh4uw%3D&ptyp=4
350955509,A:HAN_20260918_A:DLI__1-0-0_ECO___973983677,2026-09-18,Economy,Vietnam Airlines,VN,253,VN 253,Hanoi,HAN,Noi Bai International Airport,Terminal 1,Dalat,DLI,Lien Khuong Airport,,2026-09-18T14:00,2026-09-18T18:25,4h 25m,1,False,5282398,24746,5307144,False,https://www.agoda.com/en-us/packages/book?cid=1753802&pk=A%3AHAN_20260918_A%3ADLI__1-0-0_ECO___973983677&pt=AAAA.AAAADKLnqVB2lXwQmz0XoXeCVmz%2BKKl3IWP3MCjWc0UhbZ28FW8lPS%2F3dc%2BVzVaNZ3%2FiEIG4k8WPNQf6L2MRdl%2BW5OM%2BSVo96W0rtkYDusHWykyD3f8r55Hg6QA%2BzEiWEx94a7SvtSxpx5CajZjgzHB5Mb46zKj7Ma6B9XpT0yc7dKNeCf%2FzK3v8TgcVIkcUIMXRmk2dvFwGrt8Kip2ZfY%2BoDtsPBU5s5EJvdV%2Fuzq2VSaXMmzGrCAEaqIlsBZng3Lig9JiuPuzklZSx0z5On0%2BRASQ4eCQpb5dB4ISWBt1OM97RZEN%2F2qUdSJMKIcY0K8m%2Fq25iXoihU5WrjNJidiUjgi3rfacTEthcKBEK7ab3jQI%3D&ptyp=4
217126344,A:HAN_20260918_A:DLI__1-0-0_ECO___1539679994,2026-09-18,Economy,Vietnam Airlines,VN,6071,VN 6071,Hanoi,HAN,Noi Bai International Airport,,Dalat,DLI,Lien Khuong Airport,,2026-09-18T18:20,2026-09-19T07:15,12h 55m,1,False,6626489,0,6626489,False,https://www.agoda.com/en-us/packages/book?cid=1753802&pk=A%3AHAN_20260918_A%3ADLI__1-0-0_ECO___1539679994&pt=AAAA.AAAADM4P2kzLM1XNJCQFnH%2B3m0gYv54d4jBMqPuubNn3e04HIUgbymq9buBpfnkrOha6ae77npGFG1HVtY78iqeFfra64whF1Ism7Cn1zlVf5Y2N5N95t%2BkdV9rIKPcJGuTSP8ys%2FbgbLzlhxYklkP%2BEv2N%2BkWu8L2Y%2BFWltZICKsJ3a9WmFm5MfhXEu%2BEVK2XyJryyH0beVyWQO4oqjqo2Tm%2BbASRKuz8k7q2GL1AwqE9xvMWQQs5X0TmbQnGvMGorqoF1hnmhH%2FIXWdcX6%2BU6%2F3AWr9AzBByxT4mikU6C0DrcYsP73niqvWm1Ws6XMc9To%2FvDHps70UMB%2Fa%2FGDEZZ7YTChgVjCKLb5CyqBw2%2FTZRwp&ptyp=4
1283263234,A:HAN_20260918_A:DLI__1-0-0_ECO___98303429,2026-09-18,Economy,Vietnam Airlines,VN,7053,VN 7053,Hanoi,HAN,Noi Bai International Airport,Terminal 1,Dalat,DLI,Lien Khuong Airport,,2026-09-18T18:40,2026-09-19T07:15,12h 35m,1,False,6938324,0,6938324,False,https://www.agoda.com/en-us/packages/book?cid=1753802&pk=A%3AHAN_20260918_A%3ADLI__1-0-0_ECO___98303429&pt=AAAA.AAAADBy5s77Q8L6FdebCv9c5eOezl6dg5VDsEApJ5Hmae%2B5x35BnLSO%2FQvp%2BKx8M%2BQ6IPWra9wHdsNV1PzSpx2nTtKf2QxKNijNzMRizc8MEol%2FAcJLhfoPftITDRaCAZ7EEKjnYbXo1g91ibQxofQz3bp5AMy3QnN6NB34v1qfZ7Bp%2F8ZLjC90WNw9qp7NmcMsKOX9JqOdGg14ubWr%2FsfLn%2FxRmcRAOeFQdbEwHCI8n6HGvv0yO4DV4v3vBu95rV3EgpfDVkb7hkT6oU9sFBFxRfmNkIRzCrA2%2BAD8c%2BdxGSvQG5i4jrXuCjGei4zeNgQDn2rxfUR1HDvPBfkAm3SdFgd34yIpBOuFV6C4yMJzTCQ%3D%3D&ptyp=4
2086574652,A:HAN_20260918_A:DLI__1-0-0_ECO___158793649,2026-09-18,Economy,Vietnam Airlines,VN,179,VN 179,Hanoi,HAN,Noi Bai International Airport,Terminal 1,Dalat,DLI,Lien Khuong Airport,,2026-09-18T16:05,2026-09-19T07:15,15h 10m,1,False,7651432,0,7651432,False,https://www.agoda.com/en-us/packages/book?cid=1753802&pk=A%3AHAN_20260918_A%3ADLI__1-0-0_ECO___158793649&pt=AAAA.AAAADOMJgWUyy4yKJa%2FLRJKQylFVuLlP67Jk2J6E0zF3h4H1Cs7UjG5ygnXMTbl7%2Fd3D7FZ%2Bn5c0YnXKAX9IDsXJtdcwfyeEJ%2BjunX%2BPC21wlX3kyB1wCx0PlGw8PqOK862HNyY3ERFYTXB4YpzNPCZHgfHrXXUeFjdkK2y%2B6uC7wOqSz0LhpaG4V8lj%2BiVuPocvQ%2FZQhHb4sjzARnD7PyyuVSDwiRueepvrzZ8q9d0NUC43vyN7vWOGe7A%2FKsY9V9aR8UvPxlRPLAt2M3ZtujpyyGFJmrSdcm2kW9ObvRzKYkO30BzNZz0To6A%2BcgHqNYc%2F5GFUQNVQwqOPx%2FunECaSJuM6nEiV1VHMR%2BxGHoylofY%3D&ptyp=4
838003748,A:HAN_20260918_A:DLI__1-0-0_ECO___1944979086,2026-09-18,Economy,Vietnam Airlines,VN,6081,VN 6081,Hanoi,HAN,Noi Bai International Airport,,Dalat,DLI,Lien Khuong Airport,,2026-09-18T08:15,2026-09-19T07:15,23h 0m,1,False,7651432,0,7651432,False,https://www.agoda.com/en-us/packages/book?cid=1753802&pk=A%3AHAN_20260918_A%3ADLI__1-0-0_ECO___1944979086&pt=AAAA.AAAADNdyuNki9sc7ChkgcyohaY8hM5%2B%2Fctjet0ks%2BdOvd%2Fj5vkc4TKGjHfCU%2Baks7w1RfGNEp%2BA6Zma%2F9z1LmXKtuWOwnUMEaSdBkfLPKQZnDBnBkWvIzkcUbmol3pUsJCxcE57FElFVTDcFRTG0jOmPYSfCg0VYWhk%2FZKk20QrCDZ0%2FT8TPHl6Ihyc4T2IcYCNb65rMSWeHWNyq%2Fn49GpkE3KDV8kMsQ2bZV7faPRsBfbTZfLntEmi%2BV6xxJp0DsTiP%2B3kVGkhTnLIV04agXaEgn6TNhR4CEr45TQcAO77JLD071jNaBs0kHPBv2a2J7xgXgZEQrQ0GW4SdEVu9DPvMJc0PPtC9pg5HYa2ZbU4adASf&ptyp=4
1912947696,A:HAN_20260918_A:DLI__1-0-0_ECO___193348817,2026-09-18,Economy,Vietnam Airlines,VN,169,VN 169,Hanoi,HAN,Noi Bai International Airport,Terminal 1,Dalat,DLI,Lien Khuong Airport,,2026-09-18T11:50,2026-09-19T07:15,19h 25m,1,False,7926958,0,7926958,False,https://www.agoda.com/en-us/packages/book?cid=1753802&pk=A%3AHAN_20260918_A%3ADLI__1-0-0_ECO___193348817&pt=AAAA.AAAADKg8iCeVtZn286Q4I0KWeNy%2F0BSlVPaIi%2Frrv8XkI7CSn7ou8gDTEckkmYLH1kN1RjbdpR2vvgXTOK0d4xT4amuNNULNwHQzH0XR2lHnD7GDnFMMPz2a43yhNyYX6MApmVnB0DihRMvUEij9x6iJ73%2F7cu%2BX2NC2t77yh7CYRf%2FZZRr4q5vT9ROq%2F05RmRKUUX0QtiM6z0GHiZXZIHhCfIqoPPd5A5waTP77cd%2BJx5FviZOBYpF%2BTmGJKgSdHRG%2B3LsrnIkfKlDfNYRM2oMjzSArQD4skyNX%2BM4OHpVo%2FPTZ3MIEok4rGBu%2FdHB1hJX8L44p3nPrOytzLkkgog52UREjbMc70NcTeXHnrZyVFOOlsw%3D%3D&ptyp=4
767887464,A:HAN_20260918_A:DLI__1-0-0_ECO___1826670018,2026-09-18,Economy,Vietnam Airlines,VN,205,VN 205,Hanoi,HAN,Noi Bai International Airport,Terminal 1,Dalat,DLI,Lien Khuong Airport,,2026-09-18T05:00,2026-09-18T11:15,6h 15m,1,False,8206221,0,8206221,False,https://www.agoda.com/en-us/packages/book?cid=1753802&pk=A%3AHAN_20260918_A%3ADLI__1-0-0_ECO___1826670018&pt=AAAA.AAAADMyPw%2BpOlU0WAu2P3Qxvz97X6TeRJ%2BimJl1ZKDrHgT8BBTKoUSSLccsfP3aY7ey8t7z8f9CETE8k%2Fu8qZGC%2FTMRjdpPZSM5wneh4exBsKqhQ7VBMySJDkTvQYAPZ8r9uaykk4IU%2Fst%2BKOaJARmTLkd%2FQuIj9IZ9Hx6BnqfrO18G%2BRUcLTkMtVSF572iKlmtGOxD33OSSbnaCqZbVQTW53fpuhhMXp4kgN5oU4tLidDljscIqPBB1wEUttsoKbNKdW3ZREvlZCnkEMtW4oZwtT2WnV7FtjOK43HOr4CYo%2FZPAv6uJXa0ANeoiXGNQomQt2h5qCmuCI6rQxknM7gYUbguXUoX7MyAq56dL%2Fv%2FehQv8&ptyp=4
1807556223,A:HAN_20260918_A:DLI__1-0-0_PEO___1398590382,2026-09-18,PremiumEconomy,VietJet Air,VJ,405,VJ 405,Hanoi,HAN,Noi Bai International Airport,Terminal 1,Dalat,DLI,Lien Khuong Airport,,2026-09-18T15:40,2026-09-18T17:30,1h 50m,0,True,2596168,0,2596168,False,https://www.agoda.com/en-us/packages/book?cid=1753802&pk=A%3AHAN_20260918_A%3ADLI__1-0-0_PEO___1398590382&pt=AAAA.AAAADLSJX%2BU7LKXiP0NtwoJxPCq9YAf23YFiIfUJwEXpxwzXLWQxmMYB%2FzAHoRGAaarkz11zjl49LxD9x8%2F1erZl%2BPAtrSwSgm%2BZeoBq9oZe5qCAZzIIYR2gl%2Fhj%2FMdycd3l7fW2VkmHHx6egxx7zhdhfBiyp7nh1HtWx8bgBkOCJbSkrTr%2B7GS9xcGmHgv66zAtysPhW5j1KAc2ldnAywYKNNIHAYSiD5mS9F5Xaiyqh1%2B43c4KvrRnDwNVweYcHuQS0G%2BcU4%2B77wg%2B%2FExSACrhp%2Bsc4RppFJFHL2K7B%2BtB7u0VsYIOsVK2IJLaaC4JBtJoalGZxajb1QJ3BPUK2aqVdf3by0lWvw6MhiKo0x%2F0cg%3D%3D&ptyp=4
77423652,A:HAN_20260918_A:DLI__1-0-0_PEO___1565893479,2026-09-18,PremiumEconomy,VietJet Air,VJ,407,VJ 407,Hanoi,HAN,Noi Bai International Airport,Terminal 1,Dalat,DLI,Lien Khuong Airport,,2026-09-18T14:00,2026-09-18T15:50,1h 50m,0,True,2596168,0,2596168,False,https://www.agoda.com/en-us/packages/book?cid=1753802&pk=A%3AHAN_20260918_A%3ADLI__1-0-0_PEO___1565893479&pt=AAAA.AAAADCdolzbE7hHba1%2BKIO357adESzQKikHtyKokuyCF69iYxKMF1EeT2NnHk3xp7%2BA6iITKpZqCaok1yQTvMH43%2BStK7d1bjbu8sJpsWkSYxM8ieenRwcjLPX40Fo7p7cV7geHYDkufLFi5fkERzGuY3q3WvKR%2BS1P6P4HpG0oALFCUkzqZleUfnXBQPZQPZJfbWoNSsij7a0t1AMMHu1Cx5K0x18iRYcyt7qNNQlc9GFZVbm65oRYQmRTAWn9OsYun6%2FXLhElKPtCkLGMfI4vJBi2xmkuqysFzFzASPhK3XV%2Bm4eh%2BInK7nOHP9ewZTuiO3I6s3D7U1qCqdue6tiTt1shlxVgOk2vFW%2BZNkg%3D%3D&ptyp=4
1210396233,A:HAN_20260918_A:DLI__1-0-0_PEO___2008035920,2026-09-18,PremiumEconomy,VietJet Air,VJ,403,VJ 403,Hanoi,HAN,Noi Bai International Airport,Terminal 1,Dalat,DLI,Lien Khuong Airport,,2026-09-18T10:25,2026-09-18T12:15,1h 50m,0,True,2596168,0,2596168,False,https://www.agoda.com/en-us/packages/book?cid=1753802&pk=A%3AHAN_20260918_A%3ADLI__1-0-0_PEO___2008035920&pt=AAAA.AAAADMka3ptaYvZnvKGinIkOyHJKNyDvPWDbrm0SgxjEjmImH38aZUcaQ%2BxhwNcWDFvzh5c0WjTyEiOhBdCNH7t%2BXh6dxGF3zLPegeG40kSLqvSsq0OtZB36Cpzn9RoLEb92UIakasgxJwICuLbpV%2BfoeIxvYmApwJgR12Z%2F7A6ohqyBOleiOzgE%2BPH6PZlJSy1iHY%2Bo05FsnibqqRiyaNK99FsmETj8%2BgAPQKr%2BKb0SGxPzedZsU1YG5j3xrPyluPH%2FSGLOeoOjTKC1KM%2ByQ1HFwgORQbTGBa62THDWrnGb0iRDXE6k8w%2BMW8wUJMIu0Efriz8TADGePrq3s%2FlLr%2BVNcZXtiObC5LDWlDpptgQ9Ig%3D%3D&ptyp=4
315738617,A:HAN_20260918_A:DLI__1-0-0_PEO___222641867,2026-09-18,PremiumEconomy,VietJet Air,VJ,401,VJ 401,Hanoi,HAN,Noi Bai International Airport,Terminal 1,Dalat,DLI,Lien Khuong Airport,,2026-09-18T07:00,2026-09-18T08:50,1h 50m,0,True,3393277,0,3393277,False,https://www.agoda.com/en-us/packages/book?cid=1753802&pk=A%3AHAN_20260918_A%3ADLI__1-0-0_PEO___222641867&pt=AAAA.AAAADEfnnD%2By8pJrlLUhxX%2FePmPuc1AdpmWPHjq9oAEAjT3amCs0kTAHoDwgeEXAsxxnAuQxwa3S497lNK4cjBTezr9UWKTbGw3UFCTnxMWelP3KWmzPxEFTVK6xWnNglngT9mtLtqjqt8RenKeCmAOoZpXYlXoGo%2FsEwd6CKWeQzSKNI%2B26vlI2gIexfRel8o2RJ%2BgsQ93Nmp0i7pkUXjzdTE2RdbTTgCrk7ojGTIZZASm7rBvGctDhRxBGx%2Bsqy8cNL%2F8PtJgdvpTexawGrofzwscj%2FWYhU3nCZ3bszkCxlzqMBOH2jKeRnSAniyv71oKH0IPQKiCN%2FQJy5rT5dMEiCOZz%2FbDnisce&ptyp=4
1311113264,A:HAN_20260918_A:DLI__1-0-0_PEO___997208697,2026-09-18,PremiumEconomy,VietJet Air,VJ,409,VJ 409,Hanoi,HAN,Noi Bai International Airport,Terminal 1,Dalat,DLI,Lien Khuong Airport,,2026-09-18T19:15,2026-09-18T21:05,1h 50m,0,True,6082371,0,6082371,False,https://www.agoda.com/en-us/packages/book?cid=1753802&pk=A%3AHAN_20260918_A%3ADLI__1-0-0_PEO___997208697&pt=AAAA.AAAADHaI0m86Fm521js6F%2BB3wETrd0mrWpw3YFD8izQYyyJYbJVjQ4TprCD6OkTXcbhEt3W5J%2B3h4o1GsHyfEqYHy4vHVJH2mZ6YzLxhznK6kohs2C20ZKqjiH9xjwe%2BAqzJWsZyXmV6Umrzm0p%2BeQ%2Fzg25s%2BxuUQr8UFjoNiDyGjvb4HSI6RQrW62BOzME3GByxQAwSujOkn%2BCTmKx1tgpfetAcX587wzLCHmK2nIGugQYYoDabYHPZd4oUFaeKOTL2ufehczIgbwktSBMa6TASa%2BlyCEJYVJPf%2B5vmqB3nnLNI76SlikxY5SHf96AQBu1%2BUeyYOGzfIks%2BX0%2FmijG8HGg2P3OQgiXNV%2FL1&ptyp=4
1558458686,A:HAN_20260918_A:DLI__1-0-0_BIZ___1740078453,2026-09-18,Business,Vietnam Airlines,VN,7579,VN 7579,Hanoi,HAN,Noi Bai International Airport,Terminal 1,Dalat,DLI,Lien Khuong Airport,,2026-09-18T08:45,2026-09-18T10:40,1h 55m,0,True,5375906,25184,5401090,False,https://www.agoda.com/en-us/packages/book?cid=1753802&pk=A%3AHAN_20260918_A%3ADLI__1-0-0_BIZ___1740078453&pt=AAAA.AAAADPxA5TO2g0llelIpF9ZOaT%2BbeSCgXocH1VheAcosYWZXipc9WKksQsUESkpqQt0H1Va58x81rCoC%2F5VMT2k6VxnaGpfuBSwThACZ%2BIFNcvoPV%2F78nFRe%2BqdMqVqkB%2FMtBsPocadYiNgkYR%2FKvLOt0jRomjqGfSYZzr0j4o%2B63lUDHZoFdKf4aAQIJGPymaV3MQXoLofK8Jz91i1WsdlDyXRtktVZEzEf1vwRe5p0GTIvbARdT5stACcBewsWunblPKrkpyoZm%2FQEBBdHyB%2FzVbDO5m0QF5sNv29yATQMJSuW9iQEI%2BZ588et9m0gebQIZWlk%2F47x9KePtRwZ3T0Opjp4%2BMTe5y1XTZ6%2BzCeQ%2FXev2g%2BcCy%2FlavmztY8lRy8%3D&ptyp=4
681919050,A:HAN_20260918_A:PQC__1-0-0_ECO___729309712,2026-09-18,Economy,VietJet Air,VJ,447,VJ 447,Hanoi,HAN,Noi Bai International Airport,Terminal 1,Phu Quoc Island,PQC,Phu Quoc International Airport,Terminal D,2026-09-18T08:45,2026-09-18T10:50,2h 5m,0,True,673989,0,673989,False,https://www.agoda.com/en-us/packages/book?cid=1753802&pk=A%3AHAN_20260918_A%3APQC__1-0-0_ECO___729309712&pt=AAAA.AAAADFekv0pFgmSLhe%2B5HcSw3Dr%2B%2B6HK%2FYVSiX1wbgi%2B5qAZ0IyHV8HJxuMhwNZuvF9RYaIXU82Xpj7M4h28MjBaqcepmCY2oosSyHDfnql%2FRnH%2F%2BEaqJRVuqPEAuni3By5%2Ftfhw%2FI87hnilS8M5ip8xJ1%2F%2F9tJOyKlfsovK4%2Boh2W%2FZ%2BlGGtrta86MpHlsqfBbfxLs0%2BvY6MrxHVsdMKhAiGVOLafAZWtN1wYFiqsR93%2FXWatN5y3RimdLrQXLJtM%2BcmpSrAzG6dnNuALAKJhetwxbtfV4WeuAtQDTew0fsL1qKzt5k23hiafhYeFFqWOUDkaPm1ASiKEBiFs%2B8WIq5tKAGRwZY%2BtlRkv0%3D&ptyp=4
473763277,A:HAN_20260918_A:PQC__1-0-0_ECO___1199052507,2026-09-18,Economy,Sun PhuQuoc Airways,9G,1229,9G 1229,Hanoi,HAN,Noi Bai International Airport,Terminal 1,Phu Quoc Island,PQC,Phu Quoc International Airport,Terminal D,2026-09-18T14:15,2026-09-18T16:20,2h 5m,0,True,1072470,0,1072470,False,https://www.agoda.com/en-us/packages/book?cid=1753802&pk=A%3AHAN_20260918_A%3APQC__1-0-0_ECO___1199052507&pt=AAAA.AAAADJD5jGge9HroPxD9UQHr6Q4R%2BWetmoV3RMH1U%2BnoGWmXUg4DyDFUSwe8wd7LQxTAUy5pC96PmTw7FI2aIogxp%2FuSsUQONAxv%2FH0zuCzZmNP%2By20eWGRpVvrGHP51SdrfxnagYmC9F5PrPIVwNDWI6umoO56TsgLlBszKW4dJVyiWDiedhlai0gI9xGnoUnV98bQzOcPYMBSvLPQ1ooR0v4dzsfMSmq07ys6fM3GsbIfc6nLGtaIf4%2Fw0Fui1828jos8LBtKv2eS7tPFbATvGDyOntC7myaT20mrHOPRQnZmkhkaEfUAqwyfsdPvJdToQWt3TDEqGHqsScOwZNLdB9jVrkGIkCWXeFfvLrMZj%2BF4%3D&ptyp=4
474793441,A:HAN_20260918_A:PQC__1-0-0_ECO___1812020291,2026-09-18,Economy,VietJet Air,VJ,441,VJ 441,Hanoi,HAN,Noi Bai International Airport,Terminal 1,Phu Quoc Island,PQC,Phu Quoc International Airport,Terminal D,2026-09-18T16:45,2026-09-18T18:50,2h 5m,0,True,1127731,0,1127731,False,https://www.agoda.com/en-us/packages/book?cid=1753802&pk=A%3AHAN_20260918_A%3APQC__1-0-0_ECO___1812020291&pt=AAAA.AAAADEeDSq5%2B8VvB8sKabh%2BwZkPJCQlOKRZ8EAklZLSqZereBdO5zez6QWdEY2uXJBLn6CXLMLM2my0a9HbjySi%2BGEDCGA9%2BHjyr1a58yB3AFTtfTmZ6ItFEyu31IY3fldX1qy93HsnE0z1snaWK%2BT5x0q2IdHeG1mvjJgzJ6%2B12I8Bj2pYxNImyVsoY8bWJV0zVBlI0ECCl3TPm9GyfN4t3dZJjqAaCcjyCTyKdoGW04DBeZGxEN%2B3qizxcR4PAYf1fmB1jLB75aJtjkOJmA3K%2Bc0tirHD0xaVWaQTVpwgZuCYgubypfvif5TRDZ4UQJiT6kLze%2F%2BDaqrhYqIqIRtgw%2B8SuJWwUUbFkmw%3D%3D&ptyp=4
1090260446,A:HAN_20260918_A:PQC__1-0-0_ECO___104579933,2026-09-18,Economy,Sun PhuQuoc Airways,9G,1221,9G 1221,Hanoi,HAN,Noi Bai International Airport,Terminal 1,Phu Quoc Island,PQC,Phu Quoc International Airport,Terminal D,2026-09-18T10:20,2026-09-18T12:25,2h 5m,0,True,1172838,0,1172838,False,https://www.agoda.com/en-us/packages/book?cid=1753802&pk=A%3AHAN_20260918_A%3APQC__1-0-0_ECO___104579933&pt=AAAA.AAAADNUdKLdgfrkSythrzLoHzl4tB3wYEqNg6aG420Rfzbx34gQytBymSVzc%2BpdAbGJXQTmbAK0xyudd4ruRDrc9La4kklBj4FX7XNQmDOONhjQBpqWWshWmfSPOS%2FTOKJc%2BcOTV1kofvBF2lhLHgCtMOBx43xU%2Fqy5gL7By4OylRTVSOpvxxoAnZYkZ2i99YW5tN1UcRbRlwh%2Fe%2FkNBdMkn7vtzjH7%2BlN8T8k11XTZu73aLOgMvcZbdemjrG5tG%2Fd5y3Rr9c9ScSOh27OqMyK9vHQpH47duffyBx%2Byz%2F9kbvROFaInrWaP8%2B1DdQUUy33JzbDeHOKx%2BEBV3muWzTkQmg21EzVPGMsYyOWxmStw60DA%3D&ptyp=4
305467382,A:HAN_20260918_A:PQC__1-0-0_ECO___1861955892,2026-09-18,Economy,Sun PhuQuoc Airways,9G,1207,9G 1207,Hanoi,HAN,Noi Bai International Airport,Terminal 1,Phu Quoc Island,PQC,Phu Quoc International Airport,Terminal D,2026-09-18T07:10,2026-09-18T09:15,2h 5m,0,True,1180868,0,1180868,False,https://www.agoda.com/en-us/packages/book?cid=1753802&pk=A%3AHAN_20260918_A%3APQC__1-0-0_ECO___1861955892&pt=AAAA.AAAADH8OVQBILyKedyTlWJtsMbB6nIe7YcA1acDVPAxn3xAt046cvPCsny%2B3z3FR8ukqY%2FQk8NceBCuOmagwYNE1%2F9QgH9JNi2FKtqMZlYqmsTmVV1IBgD4lGkYjuJiAawwfmnvRen%2BHfUYps56AscdSxy6Jvvrjd1kn3liFvyrC64WUsw4nuOixOANNB9Z1LC05vS6q%2BOVk%2FiJW73iY5RNXCWfuj%2BbIY%2FDmr0VDUeDnBOSE1ZX8YCPe6jjzPBy6R2pA8%2BI1prjOfNo7x7MvhZonUZfojYHB9vY6%2BGSAzUznRESX0ftocIZmBp45%2FYw7JWZzhpOdLymfcpp2vnPT%2BX5UMN6RqFgVFnm%2BVOjC57hVwyA%3D&ptyp=4
1221585040,A:HAN_20260918_A:PQC__1-0-0_ECO___1395088051,2026-09-18,Economy,Sun PhuQuoc Airways,9G,1225,9G 1225,Hanoi,HAN,Noi Bai International Airport,Terminal 1,Phu Quoc Island,PQC,Phu Quoc International Airport,Terminal D,2026-09-18T13:45,2026-09-18T15:50,2h 5m,0,True,1196659,0,1196659,False,https://www.agoda.com/en-us/packages/book?cid=1753802&pk=A%3AHAN_20260918_A%3APQC__1-0-0_ECO___1395088051&pt=AAAA.AAAADAwo8Uh7XOxI8PTUPxyGyaSLvv6%2BuBFORhOlVQ1OIbMi%2BCMenObZwyVsSborIzBeD1hQ%2BEfY0oPnbzR2QBWB5%2B7%2B6NwKiEQsZvlOWXkNLRKRJsr3HlAjwehTuG%2FJubYmqbwHrfmfqPxNY67LYBNLpSglU%2BpXQFDkT%2BVaCwrqEZCYfC8NKqHnGcJTw2ZhgW4tG1itCqka0EY3FyLzgktzKVZrWeC%2F9SQaDz1TxRFOq8jewNbSQ8mDCbCyvFc2C7pOJLi9TUp3YaTI6TYoAUUmVSVefJ8GhdIxFgMZ4YF7Amn%2FTH4tOgbMdBlU8YIn%2FVP%2FqQQmr%2Btcn97iywi4MGpGF5aDYPZH4OThPxJQn%2BGpb2mv78lv&ptyp=4
552675254,A:HAN_20260918_A:PQC__1-0-0_ECO___364902436,2026-09-18,Economy,Vietnam Airlines,VN,1233,VN 1233,Hanoi,HAN,Noi Bai International Airport,Terminal 1,Phu Quoc Island,PQC,Phu Quoc International Airport,Terminal D,2026-09-18T11:10,2026-09-18T13:20,2h 10m,0,True,1407645,28233,1435878,False,https://www.agoda.com/en-us/packages/book?cid=1753802&pk=A%3AHAN_20260918_A%3APQC__1-0-0_ECO___364902436&pt=AAAA.AAAADBlCUNP2j84629Po568H%2BQsEYcn%2BoqShT4IwPuK7BHj8i8XaZKGx%2BmfFsT%2FcHA0qNrRhfD3%2FbcM7WWbw5OXXzwFTzgfJz9GqgcGFyv0LtgUhbGDuuhok6PpzsbgxUSIp2IKRaD0FauMpt55Oi7OJ0NLjmu5GU%2F8T19yrbeUPwir54XVGfdqUxptYuEyEi4kZM%2BAyRso9XS0ysZtLvKQgADYx4MpcW3Cu6POG7oDm9ZWmeRFL%2F7e8%2Fz94QF8NY52Q6idHcsxKElj7GDFGrXH%2BgT84zFRM1tjSHT963HrBykJbmn9V2g%2B5cW39U3j1Og5otgcPiPVua6u89SL3dI7Fap7UQU0peQj4umXqJZWKxspQlw%3D%3D&ptyp=4
1726095774,A:HAN_20260918_A:PQC__1-0-0_ECO___1301615099,2026-09-18,Economy,Sun PhuQuoc Airways,9G,1209,9G 1209,Hanoi,HAN,Noi Bai International Airport,Terminal 1,Phu Quoc Island,PQC,Phu Quoc International Airport,Terminal D,2026-09-18T08:10,2026-09-18T10:15,2h 5m,0,True,1456386,0,1456386,False,https://www.agoda.com/en-us/packages/book?cid=1753802&pk=A%3AHAN_20260918_A%3APQC__1-0-0_ECO___1301615099&pt=AAAA.AAAADPkzf49wK0xJpTkDcsCx%2Bf24RO86Y6qKuOCyRh1hSJCPDK9dgd1zDvLMgiEGc94NOYODb6V69ozZhOSPwBtr4aDseuHDOK1d71O05sbS38tg%2BdziZJwrKGBCsiDEYwNDgt%2FHiUVseN89gl29J3BXYcwHGSplM%2BEBhsDsD6wx73g0rKFET%2FNCMMT9eVN5zpFgCKwTOtO94alcc6Dqui9eDdZKMhLLzmj%2F%2B1i0vImfccdapEz7L7YQI6v826Lb6CWu9Y7D1ALOy1G9a3jZEh4aO7rzWuD2FCCJo1cPsNthhMnh0qzOtv4eVAoqACjzEayELQGv5m6mzvahrjMfRxRWAHXn2egQYCMSZ7ao93hYCbA%3D&ptyp=4
276076399,A:HAN_20260918_A:PQC__1-0-0_ECO___1621802673,2026-09-18,Economy,VietJet Air,VJ,451,VJ 451,Hanoi,HAN,Noi Bai International Airport,Terminal 1,Phu Quoc Island,PQC,Phu Quoc International Airport,Terminal D,2026-09-18T11:45,2026-09-18T13:55,2h 10m,0,True,1719205,0,1719205,False,https://www.agoda.com/en-us/packages/book?cid=1753802&pk=A%3AHAN_20260918_A%3APQC__1-0-0_ECO___1621802673&pt=AAAA.AAAADMvzBgornGvFpO4YRq1DaLh4FhHrb88wlrTQ6aFzDOmC0sHZG6cTbPcjb0RrQnDnRyWG%2FNS9k5KKluOGk1ch8qej3yH7KwuGDDl6O0YKD%2BmhKmk64MFurOxDbNYEWCYTpSKmw5W%2BgGq7re7%2FtbY4%2BpBwPRnllO9jy6wJsFOl%2BtTMIvCN%2FdY%2BEAc6nl1Lvaf6HeVNaET5EWjehy6CQE0avyJ2B7de1ihp0PQ8APa7RXbjbT2Yz55raSaNVXVmedotGNIE9%2B5dqKrsxYZf01XXqF8zBucrDtt08K9nXUgnE1cxJ%2FiXlz62r21qUSqIyzKPYOyRC9nEgr5m6oOj6kHiZDbe7His3Fh83rG6CQ7k4eEKvRrlp00%3D&ptyp=4
917131102,A:HAN_20260918_A:PQC__1-0-0_ECO___912366801,2026-09-18,Economy,VietJet Air,VJ,453,VJ 453,Hanoi,HAN,Noi Bai International Airport,Terminal 1,Phu Quoc Island,PQC,Phu Quoc International Airport,Terminal D,2026-09-18T13:00,2026-09-18T15:05,2h 5m,0,True,1777146,0,1777146,False,https://www.agoda.com/en-us/packages/book?cid=1753802&pk=A%3AHAN_20260918_A%3APQC__1-0-0_ECO___912366801&pt=AAAA.AAAADKoG8Vz0qJABLNSJRN9k71MM%2F59nbnQaEO%2BdgWHOOam2phYBDp7nsf9mDjcNE4kO5X9jRG6WzGgyXC3Rcr5RnIgPKeN6ab%2BCV2MvOl1Cbi1F0lFuzUjc94q%2Fg%2F26mMWQLFHrB4fILXaAnYCjxi3lrOxgcB5xksm8bfIpHaID0a7o%2FLeD312Q51VqDTvwlVnRgNHB9Pviu%2FXILfM2qEoKDw9TsGmfVwbO7ZDtalr8eltdafrMq0rztcjWIpG8QlUls4nO01r1ZiqtC0fixLNeTqdZY%2FVzp2EhWIGa4Wn%2BJrVECLJzIiV6c6AdwoY%2FPDP7M4XiZHrVT7PEWlgtUnF8DswQJENwIbK6PtbIhYRJKZLr&ptyp=4
2057307406,A:HAN_20260918_A:PQC__1-0-0_ECO___1013892979,2026-09-18,Economy,VietJet Air,VJ,449,VJ 449,Hanoi,HAN,Noi Bai International Airport,Terminal 1,Phu Quoc Island,PQC,Phu Quoc International Airport,Terminal D,2026-09-18T06:30,2026-09-18T08:35,2h 5m,0,True,4408999,0,4408999,False,https://www.agoda.com/en-us/packages/book?cid=1753802&pk=A%3AHAN_20260918_A%3APQC__1-0-0_ECO___1013892979&pt=AAAA.AAAADO4VAoKnY8uTGN3nP%2BATCSvYd%2Fx%2FgJ9IH5k1f7HQEpba0oYlcRJM%2B1DiEiXAFVA2TUV6zIBgXZNZ5R6SDe1k9LyLM9SoFLmPeXUG0b1gbFtzw2ZP765kqZGoHJkdHqcSvvabByccYYi%2FVvq2YX5TJVrwCchECfe5J0yvVy92%2Bua4ZuaEfFHXZmoiYQDY1EcBix%2BIyJ8rf7acmwcu8%2FqOL48WiajF%2B2MuXWavnEGouLsciA43x4nJXkY8oDGrUMHZUj1DaFxXMjEbYqAks4tsHn2udGLuUWGDn5DR%2FgrflaAU7s2UpjQmhzA7jtyibgfz703sZCns1T23DPtwFn8%2Bu%2Bgy%2FCmEMfxwaAigMPEiH%2F%2BCpfGTrFMeZw%3D%3D&ptyp=4
681371841,A:HAN_20260918_A:PQC__1-0-0_ECO___2023842980,2026-09-18,Economy,VietJet Air,VJ,455,VJ 455,Hanoi,HAN,Noi Bai International Airport,Terminal 1,Phu Quoc Island,PQC,Phu Quoc International Airport,Terminal D,2026-09-18T20:05,2026-09-18T22:10,2h 5m,0,True,4435296,0,4435296,False,https://www.agoda.com/en-us/packages/book?cid=1753802&pk=A%3AHAN_20260918_A%3APQC__1-0-0_ECO___2023842980&pt=AAAA.AAAADAG66RybauQuIEg0%2BXbZdvLufQSZSPYcFcNyVG%2FGBauKad7Ems%2BP6wXPEDa5Fl9cWnHHaZCKyIG9MDBIV8NdN%2BHfNnboHqOxKxpRWT7T1Q6A43eaip3zVR4Y8A4YHOWkTtQCo2J4XclZBWPU8hMCyqg6ptJNyY4y%2FIn1l9V8KcOZuJZiffc0WIwIt5D%2Br311IoeVtKqw0ZLNQ9XQTQR%2Btzx18a33jbgM%2FSdTqSjM6xfgHwwp62O6yVvN51zCnXHVGVJXeBNIP9%2BcUFR4%2BxC3GBgKDyd5eifH1y5y1DXc3E2JEbfW%2Fth4rzOOratZJJgYq9SWBntXi%2FXgtdweAUCWfxb%2FlXHBzYyx&ptyp=4
283638458,A:HAN_20260918_A:PQC__1-0-0_ECO___765619106,2026-09-18,Economy,VietJet Air,VJ,517,VJ 517,Hanoi,HAN,Noi Bai International Airport,Terminal 1,Phu Quoc Island,PQC,Phu Quoc International Airport,Terminal D,2026-09-18T17:45,2026-09-19T09:00,15h 15m,1,False,2735610,0,2735610,False,https://www.agoda.com/en-us/packages/book?cid=1753802&pk=A%3AHAN_20260918_A%3APQC__1-0-0_ECO___765619106&pt=AAAA.AAAADGceBLEb2j8kSueZUJGNUDwD%2BnZS0L2UQeFYwZEouGzA8Si7EWGoCOSUtxEKEt8mppg3twk9ruTcSmStK5Y0uXnvJ%2FSmPiIXxo5Gj1XCnbI%2FF7zGPuJsQNgbQF4SPYYe8htab50xHfV1klxCxP1yhoPQnb3QoMfxjNsf6xVNJ%2FX2RF2IUYOWBHMV7u5M20H8eXvowLugu87X4z%2BdeKTsaRRVpqZLjM99%2F3c3p%2Buavx2egMPut0qN0YUa6OzUslm7%2BtFWtz0td1dWKKEJE6qmUHRkXk9DY4XuQYJj8dIl79Mf0oeYZ83J7PTvvThFdVJsLpGgFA9M8LAYiu5bQmUGABYCjAEyqf6kMN7RfUdW8Ph4OM8%3D&ptyp=4
1971735936,A:HAN_20260918_A:PQC__1-0-0_ECO___608785903,2026-09-18,Economy,Sun PhuQuoc Airways,9G,1145,9G 1145,Hanoi,HAN,Noi Bai International Airport,Terminal 1,Phu Quoc Island,PQC,Phu Quoc International Airport,Terminal D,2026-09-18T10:25,2026-09-18T15:45,5h 20m,1,False,3399757,0,3399757,False,https://www.agoda.com/en-us/packages/book?cid=1753802&pk=A%3AHAN_20260918_A%3APQC__1-0-0_ECO___608785903&pt=AAAA.AAAADJvr41Aervbehf9WrRyJHycxxsq3AiI%2BRQe4jSFKqmrIvHaEJhtpV%2B%2B8JuuEJMwSEmGhZXdXGV0VHmUzI%2F6kNf9Z%2Fs1IyuCJCxRe6IJP%2FlP5lK%2F6UyA4EPpvRMnAK7i%2B2RzrM9RgvOmnvjWyb%2BoYMJztRiNhc6FZY%2B29RerO9jxGuDXxOi31T%2FQBLKB40TKrTPbxdGGAsnqOqP2rITGfMaw5rmJxsP%2BhCpjIeWJXofL6GlcS9alM%2FsgKV4JEwyLPD2PAByl7T7Ypp7d0qVMtXRkUsTLrx10GF5m0rmW8%2FNrnnqn7E1Ts1g6rHjQgLfWyE0Dj%2F4gHp5eRGsbIxa7JGDDtH01c45aiPygm%2FWHKpChy&ptyp=4
436744402,A:HAN_20260918_A:PQC__1-0-0_ECO___1356748862,2026-09-18,Economy,VietJet Air,VJ,169,VJ 169,Hanoi,HAN,Noi Bai International Airport,Terminal 1,Phu Quoc Island,PQC,Phu Quoc International Airport,Terminal D,2026-09-18T23:25,2026-09-19T12:25,13h 0m,1,False,3529539,0,3529539,False,https://www.agoda.com/en-us/packages/book?cid=1753802&pk=A%3AHAN_20260918_A%3APQC__1-0-0_ECO___1356748862&pt=AAAA.AAAADOzZh2%2BxhI%2F7%2Bk4SK9ksy%2F9B8cKJkI5ZsdJlmBju1NTTdgbHGg7SoW7tW5LM3Bjr8B%2BERwntAjCa4tTXqhWdT05OzVwNp084G7XLEdfNHgS%2BwWFxog6vFAkeI8s1HKMEevmCATUOyyE23wG27P%2FCylruZtHB9ctLQA3bA%2F9KgtaS8mjO7eShWaIf7pMn%2BaawBFiPMmVRCXGD0QhGGbfv4I%2FRd5vGfjLvshIhwkpfX284bStJyhPFg0a8etqBeRFC6oksqVNbOalego%2BMD%2FLYv2ihteHFgBmFiVx7CdaTsGu5qJ8UJr2rBHzG2hur92Mu3sbSUvOHJGLkLgDCVngt64N7FRvYu0ifNVr5UZrqHBu26PV7dLp7eJWh&ptyp=4
1903864266,A:HAN_20260918_A:PQC__1-0-0_ECO___665314840,2026-09-18,Economy,VietJet Air,VJ,161,VJ 161,Hanoi,HAN,Noi Bai International Airport,Terminal 1,Phu Quoc Island,PQC,Phu Quoc International Airport,Terminal D,2026-09-18T20:55,2026-09-19T12:25,15h 30m,1,False,3529539,0,3529539,False,https://www.agoda.com/en-us/packages/book?cid=1753802&pk=A%3AHAN_20260918_A%3APQC__1-0-0_ECO___665314840&pt=AAAA.AAAADKRZSGnkfvd%2FMn2sV9HgmBgBIMqYD%2BCizZlOW62tH072d%2BTHp5%2FBOq9NIWi0pxQ3ruPq%2F08UaFUb%2FGCubDRYmKJIfgsxz%2FXUbnqSFVA7B%2B3qmoNwEVVR%2Fnp59uwCMtDyIq0WB4ThIGkO3i5WR17HdE0q7gZBCN3EeSmbcYwYxgsC2OoRYeT4pjz%2FQRPgd6GIFij%2BS3knn2GwdN%2BTU3yMNXImQlDwMK%2FpLrz2XcuzC0NVP0XVG4FKjKj1jXgK07a5m10LnG7HIGlxHmDh5sQbcaGaMPvoiTRAf1EvMpmkjvwpQpMWsZIzWKo7Mrbdh%2BZxlOafSJH0gq8vv%2BIssS3AH4XKFaUjfHcIix23B%2FQmRMRFUEYt060fIFM%3D&ptyp=4
1433723574,A:HAN_20260918_A:PQC__1-0-0_ECO___1851599422,2026-09-18,Economy,VietJet Air,VJ,169,VJ 169,Hanoi,HAN,Noi Bai International Airport,Terminal 1,Phu Quoc Island,PQC,Phu Quoc International Airport,Terminal D,2026-09-18T23:25,2026-09-19T15:50,16h 25m,1,False,3733014,0,3733014,False,https://www.agoda.com/en-us/packages/book?cid=1753802&pk=A%3AHAN_20260918_A%3APQC__1-0-0_ECO___1851599422&pt=AAAA.AAAADNKYI5AWTkKehD3ZyQL%2FVEycyObrFvFcmEKI%2Fri8D60coBE7Xdcy11HV%2F1j2pV%2Bf8J5h5YeVGpWWQ%2BQdH9Q9HBIWdnmBNMAKSJOYOtAxK6QTrmE4Jr4CEdsAUZOAM4XpTqlGEkNKDNmE7B8lS%2BAODoFUPnVtSD4IU1q4q2zvXVPgJLZ7ThSXy3fIxsrJYlXzPvU5f9Ueegp4dj96TMgluRi1M%2FF0UJcPNxhvgyy1mrp3RJ4NJ7p5IO99SxLirkQP8EOwE6areaumq1%2B1nryrD66LpWGiK3r7hbp4cltAjpG4f3I9vGtDSrV5TXtjBBljXutdcQxJn%2BMXb4WmODcTHjsLi0GqU54rH81wrDja7pYHwQNpqNRHs9w4ey3B&ptyp=4
2056168970,A:HAN_20260918_A:PQC__1-0-0_ECO___1551480883,2026-09-18,Economy,VietJet Air,VJ,121,VJ 121,Hanoi,HAN,Noi Bai International Airport,Terminal 1,Phu Quoc Island,PQC,Phu Quoc International Airport,Terminal D,2026-09-18T06:00,2026-09-18T12:20,6h 20m,1,False,3956619,0,3956619,False,https://www.agoda.com/en-us/packages/book?cid=1753802&pk=A%3AHAN_20260918_A%3APQC__1-0-0_ECO___1551480883&pt=AAAA.AAAADKwrwveu7lmAIR%2Fdgw3F0q18pSd9Q1tDxZ8YmSfhaRpljTOAvsQViTNU%2BS5e0qH2YzmGwSpcxEt7hlRQef%2Byu8y5EGwiVAA%2BX2hVoXIU%2BI29nWJ0n6kENGqUG%2Be1bfHNjz4E1ANdvDYaWzhffCVDWZ7E7KOGtdPjWfXdYkx2xrj3Db6EeEQ5uveXNCTf4c%2F6jHFvWaAb4AV%2FhEz8MAR2X5uPVAFUtfbDM9LdTKyYxyFoSJvCUy0Vjv4UWoMmE8xPr%2BSsESUFAMystnHyK4l5qmYXRhb5ECrL%2BP5%2FgzlkxE6H2PpNG%2B7axKAOFktc9rT6gOoGlHY8ZxXdMGb2ejbJMS%2FYOsuRo%2FZbsClR4CtbPmxkGI8%3D&ptyp=4
270777126,A:HAN_20260918_A:PQC__1-0-0_ECO___419791637,2026-09-18,Economy,VietJet Air,VJ,123,VJ 123,Hanoi,HAN,Noi Bai International Airport,Terminal 1,Phu Quoc Island,PQC,Phu Quoc International Airport,Terminal D,2026-09-18T05:30,2026-09-18T12:20,6h 50m,1,False,3956619,0,3956619,False,https://www.agoda.com/en-us/packages/book?cid=1753802&pk=A%3AHAN_20260918_A%3APQC__1-0-0_ECO___419791637&pt=AAAA.AAAADNQhMqukN5gOl1k2oN6HWvHDb6kVMo4YiuUFPIBlgERwiDBl%2B%2FGPiGhuKdZNBy3bg2oKPgPAO2DPbW8rm9vQzP5fHmG%2BsIQPHE6UiRrX0HxP5yZW4IATi0dzeEpZl2606rj%2BS%2FFq8YthwyOAILcYsEe4TDn3YSr%2B9neWZPmddZEidQstydzC6Afxh6F7UNIp5Wap%2FXh32w1N1xx2cbYOMrXql%2FiPunOeKm7R6SYPuB8ghuv9O9d%2Fzdxr33add%2B2xWq6U1MHAb%2FJ7%2ByO5z9YsphT4YP4Cx9WjHPOQVysQoBkZvlk%2FQtyqq04VCYGkB8xpAniUs5iuRTef8TSyMywU8QzvlftSdOOjdHrWqtTIiq1l&ptyp=4
13980270,A:HAN_20260918_A:PQC__1-0-0_ECO___922161535,2026-09-18,Economy,VietJet Air,VJ,169,VJ 169,Hanoi,HAN,Noi Bai International Airport,Terminal 1,Phu Quoc Island,PQC,Phu Quoc International Airport,Terminal D,2026-09-18T23:25,2026-09-19T09:55,10h 30m,1,False,3956619,0,3956619,False,https://www.agoda.com/en-us/packages/book?cid=1753802&pk=A%3AHAN_20260918_A%3APQC__1-0-0_ECO___922161535&pt=AAAA.AAAADG4oXI4D%2F16JR5loI9WHanP45TO23WzECRmp8VyvobEeueOPs%2BzyjbZnIe9QDrzXbh0Hp9iArnV5eo4Mf%2BwqBRPowBAbuP5HRVhPwX03zpfPT1eV3i79P%2F3t2sKulUrGgw9kDwgOVZgAkffhiRO%2BNu%2FbTSJ4JY7Ek9nfDdv%2BKxXj5ddqPxvroPhF2udG9tdk8yJ4cumqRXVx%2BV%2F8UVJfvJ0Mh35vjPH%2FIbpKZTNYYA4vTBcAANmqOjn%2F9YYdxIqRQp86rZ1EKyOIzCAWvcjiYqFFoELI%2BnvdW2liMfXooRiiBZBueL0B131DlUH0W2gZbUVMpC89x3HebuMwLG0Hmc3i7mV2BN4wm5X4YUXEC%2BTm%2BAfZQzh5vjQ%3D&ptyp=4
790078533,A:HAN_20260918_A:PQC__1-0-0_PEO___1812020291,2026-09-18,PremiumEconomy,VietJet Air,VJ,441,VJ 441,Hanoi,HAN,Noi Bai International Airport,Terminal 1,Phu Quoc Island,PQC,Phu Quoc International Airport,Terminal D,2026-09-18T16:45,2026-09-18T18:50,2h 5m,0,True,2596168,0,2596168,False,https://www.agoda.com/en-us/packages/book?cid=1753802&pk=A%3AHAN_20260918_A%3APQC__1-0-0_PEO___1812020291&pt=AAAA.AAAADFWRJPkibtcQFC0Q2PixYLK%2Bd%2BvZlTDLIODc4mtpjPs8xIsVmXJYi8NMKyDzfcYvK3BhGYzSt2yEIz1k2vLBdijuDQvjLoHiGSpcbptO7hVLaCNrXNkmPZQfznprROlhybo1HYJS3dUhaos%2BdDVNyiH7vg1d7NNW8gA9nkn%2FFQcT3qp4ZTWl7A19AwU0ux56Q7rW1tNlIu83hkSfVgXNTYusIsmfiqclYiGFvojWLh%2BAEpmc7kkag0xBSlOmIabH3QxVLw1E5vSNg1eN103hrC4oopfq01Rk1OiR6Jfwx0qx6o7pF%2FovS4bfzS7JFYumwruwFU6l5hvD5cjR%2BCKdDswoLs1Xuyr3L0aF&ptyp=4
2031326472,A:HAN_20260918_A:PQC__1-0-0_PEO___729309712,2026-09-18,PremiumEconomy,VietJet Air,VJ,447,VJ 447,Hanoi,HAN,Noi Bai International Airport,Terminal 1,Phu Quoc Island,PQC,Phu Quoc International Airport,Terminal D,2026-09-18T08:45,2026-09-18T10:50,2h 5m,0,True,2596168,0,2596168,False,https://www.agoda.com/en-us/packages/book?cid=1753802&pk=A%3AHAN_20260918_A%3APQC__1-0-0_PEO___729309712&pt=AAAA.AAAADDPcRkU%2FuK%2FlUS6Z4sh37TZ2cjXtPXmRA1hi6xvahk1IZNLoO1r%2Fv%2BzdRpPjfbdUO3uIUgxAGASC%2B%2BA5OXsAl%2FkyRMF5F%2BvMFBnJB1Xb8%2FDmSI6knlqnkl0mBTt5MvjWYrWOdAT1boK%2B9FAWe7CpKouIP%2BsM8TFjc9c8cIQAemi0YD9%2BjCektqUEYYC3AzGBHcmyWyHVQQkwbFVl%2BClbslI%2F07OPv1blZuevC%2F7hovO9yCEAnyX2OnxsbJ2Dt%2FSrqQlx5qBdra5bEj9oz4VmOVycwGNRSoqd8z2QPe5E1R%2B3AAKlmifXlkRFMG0VKaKYMhkorocyDaDCPV%2FmgMYgA0xCt7MpbqX4Nq2u&ptyp=4
376729260,A:HAN_20260918_A:PQC__1-0-0_PEO___1621802673,2026-09-18,PremiumEconomy,VietJet Air,VJ,451,VJ 451,Hanoi,HAN,Noi Bai International Airport,Terminal 1,Phu Quoc Island,PQC,Phu Quoc International Airport,Terminal D,2026-09-18T11:45,2026-09-18T13:55,2h 10m,0,True,3393277,0,3393277,False,https://www.agoda.com/en-us/packages/book?cid=1753802&pk=A%3AHAN_20260918_A%3APQC__1-0-0_PEO___1621802673&pt=AAAA.AAAADFilwibXj45A3wQKuLwJoPNrHukayJZ9kOavWPb7zHGVH7G2eJvycDNtjKB1jYyIMv7AlbpGb74xPbD8tDQrp31LF09KCECTkTS1KSGERWcW9R5AtTrXevTIg%2BK1DQfikUgBCJklZp44iK1qWF0WcRTQuyLbWvR8Z3HkiB%2F9Hvj14q1tazr9OB7S3KM0wRka0iLTb12nWGpkvstVE3qFxCqOdsEr2PiLKYrg8fcgBIIqsQuu3YF9u1G58iulL8FqMGx%2B4JnUmv6gxBWrQr84fPAVdJqF0hMH3OlA1OT3nBsIqsrtlLILuvmylccmlHMgwRdJKeKqw2gy3VveFTYFgTIZNMZpN3x0&ptyp=4
1351178313,A:HAN_20260918_A:PQC__1-0-0_PEO___1013892979,2026-09-18,PremiumEconomy,VietJet Air,VJ,449,VJ 449,Hanoi,HAN,Noi Bai International Airport,Terminal 1,Phu Quoc Island,PQC,Phu Quoc International Airport,Terminal D,2026-09-18T06:30,2026-09-18T08:35,2h 5m,0,True,6082371,0,6082371,False,https://www.agoda.com/en-us/packages/book?cid=1753802&pk=A%3AHAN_20260918_A%3APQC__1-0-0_PEO___1013892979&pt=AAAA.AAAADOXoyTuiaVW%2FPKEZaTdkJbjGEg2UohxUFnxgxqiK6g6YNAac3sVVkSre2jJwyp0Rgf4fW6JelKj23JqRK4xATqD7WD2mm6%2BCnUsXlxcPYWRzGjU05BQxmod%2BPINpYI7unnFfOAnDfZ3iJLdfmyDNRajZP8f8KzlMNtJAqWxErb6Si7iTrjRjs5d%2B3O5lUx8nHWdD%2FRB60IzjP6n8n2L6LZz2t7eC0bCgc2jFr0hH8yb6Qb6jY0lI0t0e0V8wb1K7V3jXZuWl8bRsM6qz%2FEt2ccrwTMmCYrKXH7qpfn7wlAUCenda8NSwA7KMUQyuk2uECMbbMhFXhTFdYJmeCE10r2IhLPNGB8dfKXc%3D&ptyp=4
257437566,A:HAN_20260918_A:PQC__1-0-0_PEO___2023842980,2026-09-18,PremiumEconomy,VietJet Air,VJ,455,VJ 455,Hanoi,HAN,Noi Bai International Airport,Terminal 1,Phu Quoc Island,PQC,Phu Quoc International Airport,Terminal D,2026-09-18T20:05,2026-09-18T22:10,2h 5m,0,True,6082371,0,6082371,False,https://www.agoda.com/en-us/packages/book?cid=1753802&pk=A%3AHAN_20260918_A%3APQC__1-0-0_PEO___2023842980&pt=AAAA.AAAADLD1L93o1sfJiwFwyEtFuDnlK8b4la6xP5dqd%2FbwyN5wdMucPbSRX1HFTV6lpOzcqhb44On0KDW5WNBIi23CP3q7n3t1BUjaR1opPkrvxKkAfO0yykzei1NfR7QRU0PNFTqrVLpUODqD4H3qCOZWLJpqGYLcRM4bV7jpKNwxVIyqwrtvcEkYl1Sm5OlK0dy5LDRXTWj5FFinA4Fxqxcc0xIER9MQhukd7RzFBFi7djPp%2BS5wOUXPsAgynt1HNHAIWi%2FdBbGmBMz44N%2F4HKkiZXTLJfLBiRVJ6I0T3TELEsJckkUIpIZFvdtcZct%2BZFjAjeFnCnfxqK9ZyhsfrbvpodjOMs0VqKtm&ptyp=4
409384586,A:HAN_20260918_A:PQC__1-0-0_PEO___561850419,2026-09-18,PremiumEconomy,Sun PhuQuoc Airways,9G,825,9G 825,Hanoi,HAN,Noi Bai International Airport,Terminal 1,Phu Quoc Island,PQC,Phu Quoc International Airport,Terminal D,2026-09-18T09:25,2026-09-18T19:20,9h 55m,1,False,13707516,0,13707516,False,https://www.agoda.com/en-us/packages/book?cid=1753802&pk=A%3AHAN_20260918_A%3APQC__1-0-0_PEO___561850419&pt=AAAA.AAAADFx6oEDXnI%2B04BrMnMIcyW7CxgRPB9efjFfmFIXXTIfJ2dTggFwtgtoPuR%2F3JQ0%2FG4BfocOq29%2FuDApAaiov9Q7rf19nwh5q2CsQ6DitmkiOFin3dfcJ%2BvlizIYv%2BNLLXuTp2Ynrp1E7inC1OKtfJYkpt5rXqE8VcEkGlnOrdztWqVrMlYIaacTw5%2FwssrtebWitefhpgd5QhAMG3K8BnEhkHN3bCuy009BAQVu0ODYUOYbuvHXMxuQlKMEg7yPnYP1ArDeLNeP2NbHkqMUrpxBbMukbVQ%2FpzxxRLYGeaXWj0e0MA2I3LLyClsTVPGEs3B1motjacU5gqWqYq312Q9awfwjYVG%2F9mfPBkMyKF8O0RE8%3D&ptyp=4
369483225,A:HAN_20260918_A:PQC__1-0-0_BIZ___1199052507,2026-09-18,Business,Sun PhuQuoc Airways,9G,1229,9G 1229,Hanoi,HAN,Noi Bai International Airport,Terminal 1,Phu Quoc Island,PQC,Phu Quoc International Airport,Terminal D,2026-09-18T14:15,2026-09-18T16:20,2h 5m,0,True,5537583,0,5537583,False,https://www.agoda.com/en-us/packages/book?cid=1753802&pk=A%3AHAN_20260918_A%3APQC__1-0-0_BIZ___1199052507&pt=AAAA.AAAADI9wAEPnNLKm3ji7wXMrhisgpgie%2Be%2BxRbOLZB9CnOmd64CuISkWe8n4sM%2BmqZ0JD8tqc1VkJehWbJ18aTYwNAgnq2cecwaVYjOS0OVmhc45nV2BT4%2BIGJD4KZpzyzteIPPm70Fn%2Fzotlox4zCikYVh2KpvOgQNh0gSFsjd%2FidRFfY7liVfHzO6qWboFy7pkz5ewD8qbhPIFBwLsvOzYZh57dKUsw4Aawezx30OL0Um%2FoTY5APY6dFcov8eteeJCFD0j6mkiZE0K3%2BB0hkrpnhpoqzdE9UwNca2j%2BWpzLNcYO10Rl34NmqVKFt0l8FB5P%2F5Ew5O%2BO7J8DGXXYnChmenG0E1oYlnu%2BP0%2Fuftd2kBT0e1%2B&ptyp=4
61341202,A:HAN_20260918_A:PQC__1-0-0_BIZ___1301615099,2026-09-18,Business,Sun PhuQuoc Airways,9G,1209,9G 1209,Hanoi,HAN,Noi Bai International Airport,Terminal 1,Phu Quoc Island,PQC,Phu Quoc International Airport,Terminal D,2026-09-18T08:10,2026-09-18T10:15,2h 5m,0,True,5537583,0,5537583,False,https://www.agoda.com/en-us/packages/book?cid=1753802&pk=A%3AHAN_20260918_A%3APQC__1-0-0_BIZ___1301615099&pt=AAAA.AAAADJg%2BJZ%2FdezUl713hzGWYy5f9yNhKEnTbHkrjSPwvFJDhlKb2HZmWw4i8DRXHcfKozSFbSEaaOjylLX7kyGl8JuW3Ca4AeUpLoNHpgkqrc6M7fkjgXau0FX3ggaRt3T6UhT581f2rFwqhxnwcArFzrRr%2Fby1%2FkKkAuXhjdJoiitvu%2BWedaER7owQ0bL%2FCdBrqpezr%2Fyyg0N9IKqX0tOycAcAgSAi8J2Uw9tbY%2Fz%2B0iP0kEPCl3dYCe1Ho03s2sMLTigaWAok9NKLtQDL6YJ62KQ1JXTUWfvVc3u7e2LCr4m6fz5QW1t62eTJ15CjqDznTF9%2B8xh4TM%2FOK5kimmkxZojAHHTzcLzrdeZ8thfYG6zrej2c%3D&ptyp=4
1397404186,A:HAN_20260918_A:PQC__1-0-0_BIZ___1395088051,2026-09-18,Business,Sun PhuQuoc Airways,9G,1225,9G 1225,Hanoi,HAN,Noi Bai International Airport,Terminal 1,Phu Quoc Island,PQC,Phu Quoc International Airport,Terminal D,2026-09-18T13:45,2026-09-18T15:50,2h 5m,0,True,5537583,0,5537583,False,https://www.agoda.com/en-us/packages/book?cid=1753802&pk=A%3AHAN_20260918_A%3APQC__1-0-0_BIZ___1395088051&pt=AAAA.AAAADItaYBsEFvZ7pUtLuDCTYNUcJgHJ7DdzRraNezbVXgvVA5q%2FiDRFafi%2FzfE6wb7Oj%2F%2FZnyIXRbrXyYNrFJAjEpV180gsb5IHk%2FwTQTGOyfKjhsibsJ3GHVxF4mEHa3LbSRklGR806Rz%2FT0XkEy2EWKDuPLNHphTh3R6VJpjnDtQva9pDZePtWew9CbWH8PTSGhhwYrEFMmb4cUdvYHbX%2FR0tylwq0rJqgBRBTdIUszKh%2B%2FTifl83Sohh3xAEzmfs%2BKyTPkmuA0RJCqOOuon1YMZDO9kqslZYm%2FfkBXepjOSKwGmr0OkH%2BEFmIgfUJ2NiWf6pxmv4QgUi5zuxhe2KaZdfcOmK1pHj38SMpeE%2BocZTREDHlw%3D%3D&ptyp=4
2000344877,A:HAN_20260918_A:PQC__1-0-0_BIZ___364902436,2026-09-18,Business,Vietnam Airlines,VN,1233,VN 1233,Hanoi,HAN,Noi Bai International Airport,Terminal 1,Phu Quoc Island,PQC,Phu Quoc International Airport,Terminal D,2026-09-18T11:10,2026-09-18T13:20,2h 10m,0,True,6343221,0,6343221,False,https://www.agoda.com/en-us/packages/book?cid=1753802&pk=A%3AHAN_20260918_A%3APQC__1-0-0_BIZ___364902436&pt=AAAA.AAAADGJwGj9YS0d4m2a7Kh3L%2Bpo3ijl9KYIPvYjwWzE9aH3Fdk0sC47lcLhi%2B7kdtR%2FUdeYJPuEr57eMRgQVm2ZMmRdFed5JzRESqrKRJ9EEJAekwfWkvghLDi6V7LjXbMdiips9VfPFrc5%2BlZajJqDiJ4NF4sFk8QqcHI9ztpGTMchUPAQwgmFd9dETjwdfP0usQgNEN%2Bs8Q42n1x2NAY6%2F0h5XDxYC2rMXOEq9UkPyKSbO5We0VHMuav35pDVoGbVquYHrogGIj3MlBBBdYMwy1i5MjFmHsYrBj%2F4zMTGSgzXNPHzJHVtWMX7xL7fWfaYM%2BKJtuDxOwSmSvGZhyFsNt3CapGJEN45w8p7%2BlXa93Lbetd15cHcT&ptyp=4
864624733,A:HAN_20260918_A:PQC__1-0-0_BIZ___1356620786,2026-09-18,Business,Vietnam Airlines,VN,6025,VN 6025,Hanoi,HAN,Noi Bai International Airport,,Phu Quoc Island,PQC,Phu Quoc International Airport,Terminal D,2026-09-18T22:55,2026-09-19T09:00,10h 5m,1,False,5680603,26611,5707214,False,https://www.agoda.com/en-us/packages/book?cid=1753802&pk=A%3AHAN_20260918_A%3APQC__1-0-0_BIZ___1356620786&pt=AAAA.AAAADKsQNnJuhC8jyz1Kqr3VX0EYgKeZN8RMHPkeQsffckLZRiQKqxQNHoxIFYNO3LMK6vrrd0XgW%2FeNqfDCqnH02zpO81T%2BpU7r2p4bSv1Qjm4hzHMKjrvwAEJ8J7jLTiy2CqBIW%2Bze0UfalOXzsF7L1J0oLqba%2BgA%2FAwHiPPsHsdsl0tedZQ1PWxjydqwZ4dWCjSqtmM9gofiynXds5H6XtTy%2BOMOgACMiaWJLHHc5JYSv%2B6HXN57HUiyiEu6EdurYKr4dy6tFbJbC55KGDSdHtO1FCp74Vb0IY3fFcI3gsiMQpx1%2Bd22TuFQc25hTL%2FdiiT9mrE9C8BeMQGSnpsuVAcY71AmxwE04BiBeFpuvOvz92X8l7OxKLnXmNLGAWUnfx0Sqig%3D%3D&ptyp=4
1318870085,A:HAN_20260918_A:PQC__1-0-0_BIZ___2013266089,2026-09-18,Business,Vietnam Airlines,VN,6345,VN 6345,Hanoi,HAN,Noi Bai International Airport,,Phu Quoc Island,PQC,Phu Quoc International Airport,,2026-09-18T12:30,2026-09-18T17:05,4h 35m,1,False,6517027,0,6517027,False,https://www.agoda.com/en-us/packages/book?cid=1753802&pk=A%3AHAN_20260918_A%3APQC__1-0-0_BIZ___2013266089&pt=AAAA.AAAADL1p6mDNNOrLBvYqFTgehq34wYbk7l9T878E9jOYhyfyLOz6XRv0qIwsEkubV39ujj8KDYsE4D8DkMswQYG6Dd6nFlQ2A5cNDMmmNKj1HoTPo71JILv9DOVsUJLRG8pf0gy57tPycbkcb0CU12TYNB7DVIgwqaPEoBkUcZ47IuCv9Fao%2FM5%2Bc4AOCKV2ylj9fHn6N2RJIvL5LY07oSJqoxGT6CPE03PtxEqoMTp3iUUwBTWGFOalE2yQeFJ8pbJx1rzArXp%2FvE1g%2FcmRsXuR8hNmR1QGHGs%2FqRC8o91oTUX145KhoY69qMjNuopu%2BWK2WzLnx8OT6HOQoB9hrJdhspmw9w2qtVg24IXc0fPjgVSX2L2Fu%2Fju4Q%3D%3D&ptyp=4
232109380,A:HAN_20260918_A:PQC__1-0-0_BIZ___749833558,2026-09-18,Business,Sun PhuQuoc Airways,9G,805,9G 805,Hanoi,HAN,Noi Bai International Airport,Terminal 1,Phu Quoc Island,PQC,Phu Quoc International Airport,Terminal D,2026-09-18T05:45,2026-09-18T10:40,4h 55m,1,False,8931268,0,8931268,False,https://www.agoda.com/en-us/packages/book?cid=1753802&pk=A%3AHAN_20260918_A%3APQC__1-0-0_BIZ___749833558&pt=AAAA.AAAADLeqv5jVVWWPTY0JWYoJboLBklZEQR1CEmh0UP23rDi7QtfpAZ%2FFo1uQ%2F3k3vKNLgBeyHFsNGCiY59HSCw3%2F4lxA0eJcuio%2FhsZeCVsz2h%2BemyVRYcVNsykSxRngVwTZpUaaTJKo%2B%2FX9MmxQ6lp7aOmIWKmyNYaelgmq9JhdsIWNiMoncS3Lxv36TSIQrC%2FYc4FuSdGqIbD%2Fh7%2Fb8g0OwREx%2BS7t0U8Y27tYmbtlJr19UhPBWs3huIdKdbWxgcNWrYoQ7osUl1zZSjt2t7fW3nxItQ%2F3xy7%2B4Z%2FkNzdWJZi%2FQskBlDbZ50MGn4ZFIcI7U5g4NW0Mr5A2q2ssmuWhI6aqZv64C2%2BlpZyBMqSDK0LEMwuLuw%3D%3D&ptyp=4
435582075,A:HAN_20260918_A:PQC__1-0-0_BIZ___165627306,2026-09-18,Business,Vietnam Airlines,VN,217,VN 217,Hanoi,HAN,Noi Bai International Airport,Terminal 1,Phu Quoc Island,PQC,Phu Quoc International Airport,Terminal D,2026-09-18T17:00,2026-09-18T21:30,4h 30m,1,False,12047021,0,12047021,False,https://www.agoda.com/en-us/packages/book?cid=1753802&pk=A%3AHAN_20260918_A%3APQC__1-0-0_BIZ___165627306&pt=AAAA.AAAADLeZiVnebfxAKMEgrf4TfczpZuBl04BKtuTbH72ixiQkowo6ck89chbP2qCmBYsfuOJ6wyIyqv3lXCglb39A%2BsRGZHy%2FdhRk0ilw9LpkTPrzQxmscnLMw%2BbB41M9PE%2BpDPUbn2%2FGRBkfd%2FI96G7PXUaomwDvTRkLzBIr0GMgA0ZRxjV36%2FPjuxZR9z%2BxaIGwQUkmSKSK71n1IW7zQf%2FkoyLoizzVhqHZF586iYmmxwxvikd84ohtpgzgddEcnZKplhUemuXTOKFDQFDhP9mCLRAfD7my7WdJxKMENwCQzfQbJQW7UB9Or24dUOcJoasSvrmXaEH%2FswZePG%2BsUwaM9R%2F0cDRFZgW9Y8wUpGBxSpE78FwEt06%2FyQ%3D%3D&ptyp=4
1090800707,A:HAN_20260918_A:PQC__1-0-0_BIZ___1374785178,2026-09-18,Business,Vietnam Airlines,VN,273,VN 273,Hanoi,HAN,Noi Bai International Airport,Terminal 1,Phu Quoc Island,PQC,Phu Quoc International Airport,Terminal D,2026-09-18T16:00,2026-09-18T21:30,5h 30m,1,False,12047021,0,12047021,False,https://www.agoda.com/en-us/packages/book?cid=1753802&pk=A%3AHAN_20260918_A%3APQC__1-0-0_BIZ___1374785178&pt=AAAA.AAAADEooVBj5%2FozR3OTSBWkRVEO19o5IFq%2BynRmDQuR6MEAanCBdpmsy2nmGn0MqVR18pqDt6nTJRNzt3YgFIFbgO2Xy8Cn91O8oO6bbRMWeaEFdWNHGd5gadJsO0Qceot7NEcSvw3LJw%2B62JvOHYjpsCTdQlX0TWFqjyhoNfP25Q71i%2FiW78fsiM%2FchvjmWpoj%2B0%2B%2FtpVSk6HbCy5B8%2FvXkeYVp1kQePh4vf9Fk%2BnYxHf7LVSARshQpQOTWLZD5QYksfoUrk%2BO6%2FKjlU7E9iCkhMjfJIYN34YGbs4SjjTrLwSK0iCkYIizI7%2FP7sO9lQXAkUQNcdeedgDu1MTLqvk5BEBVtbjdWz5Sg1idbzlNfQyfqtlL%2F2dAP2fw%3D&ptyp=4
456609550,A:HAN_20260918_A:HUI__1-0-0_ECO___1135783865,2026-09-18,Economy,Vietnam Airlines,VN,1541,VN 1541,Hanoi,HAN,Noi Bai International Airport,Terminal 1,Hue,HUI,Phu Bai International Airport,Terminal 2,2026-09-18T05:40,2026-09-18T07:00,1h 20m,0,True,1063453,35340,1098793,False,https://www.agoda.com/en-us/packages/book?cid=1753802&pk=A%3AHAN_20260918_A%3AHUI__1-0-0_ECO___1135783865&pt=AAAA.AAAADJ7tH7FD%2BuHkyWcZTFEqngekMauBJrnBWxI7L1dOAnfxH%2Ffoz%2FjogKT7q995X7o3oKEgCHnMbsMIKsui5mLOA5woXOInJ3q3eANJCWRNSIX8Bg0LprQQiCmm%2BUkX0KBul%2FZ9WB%2B3FQbjqm7MCFvv7FokhUZUuTt7CVrP8GuHqBkC4cBycAAmdrmnHH2q%2FlvPDXi5BWSpwj4tZXRCAn8W2Sd0joQEpZvRTSANvBctuwiF55sY4HPsf6TQwBGL491k3i6%2F65BN%2BBAqiRD7x4eBpIZbwhroldynGzzMskTJgmBNeEpbrlUQI%2FNJ4UmPOp3c2x8qdgFUxfM4J2I6ljhx04tIs%2BcWyVtz%2BCZ%2F9e6UKqiYglkjhZdqUb9TzLiq&ptyp=4
2023302223,A:HAN_20260918_A:HUI__1-0-0_ECO___1294051676,2026-09-18,Economy,Vietnam Airlines,VN,1545,VN 1545,Hanoi,HAN,Noi Bai International Airport,Terminal 1,Hue,HUI,Phu Bai International Airport,Terminal 2,2026-09-18T16:35,2026-09-18T17:55,1h 20m,0,True,1168131,32616,1200747,False,https://www.agoda.com/en-us/packages/book?cid=1753802&pk=A%3AHAN_20260918_A%3AHUI__1-0-0_ECO___1294051676&pt=AAAA.AAAADGcpZM3xv%2F0aUGWy8aKy8lLGNnFXjejhGU3GEwGYXHfVgLrpWqp84XWr81cngwfDk%2F5jBLuslhr4sT9wrMnbttvD9ECEO5P6kcgiRtJn78AFuB5FEnGBwu8FWRtdqRjeC3kJOXjkDNxhMKPKaF1DHjtaKkvlve2l9CDsmXysgGhqmJb5uogRvjts5ynv2ZLDLheJhc9EiujmVLq3ib17wFelOY%2Ff7XR4%2FKniF2KKIQRc7M9v9Rnq33mbjiGxjuErYTMr3VIH10YKF%2FM0DmnTBFj2XqyyHw8AOkGm7zIiDWVgG1yljQ98SNm8a1hT5EqSTrSWvuc4uTEIuBB4gYC4S6WYuGtHvSMM5eyXrAp7OIFogm7KhnH4FLTiuSHj&ptyp=4
1354659253,A:HAN_20260918_A:HUI__1-0-0_ECO___2027463662,2026-09-18,Economy,Vietnam Airlines,VN,7547,VN 7547,Hanoi,HAN,Noi Bai International Airport,Terminal 1,Hue,HUI,Phu Bai International Airport,Terminal 2,2026-09-18T17:30,2026-09-18T18:50,1h 20m,0,True,1172804,32746,1205550,False,https://www.agoda.com/en-us/packages/book?cid=1753802&pk=A%3AHAN_20260918_A%3AHUI__1-0-0_ECO___2027463662&pt=AAAA.AAAADN0QasLAvbIBqS%2B7mxQXAVP5eSqkyrs5RLxUNvd524gnMBIwf%2BPVZp%2Be%2BG1KgG0TwXB3EYICKfF4zsI67lxFhgZKSmw6EkrMvYb%2F6sdSR2KF9fLgLfd56I99TowirlA%2FcFjqlKqDIcdwz9NhBZNen62eKgpMjoKsEPpmvVZgZyV1b4gUenWHfCj5oYek1LvR3iILv37dBKG6oAb%2F4eDou%2BHEyklcci6UgWcVsuXIP9jCGnrmKvrumVKbxBcP19k6iOJwdHuzpPenVS%2BTYhGri%2FMAF2bs4bqp8KKhSLukT%2Fabu96UTn7Tmt0%2Fg9sCAR1JSW9197w00dYzzmy4UsKh%2BlPCl2O1wflNt4M3feYNcQKca4trKBX4RM0S2ijWqg%3D%3D&ptyp=4
1746199396,A:HAN_20260918_A:HUI__1-0-0_ECO___906439345,2026-09-18,Economy,VietJet Air,VJ,567,VJ 567,Hanoi,HAN,Noi Bai International Airport,Terminal 1,Hue,HUI,Phu Bai International Airport,Terminal 2,2026-09-18T15:55,2026-09-18T17:10,1h 15m,0,True,2413440,0,2413440,False,https://www.agoda.com/en-us/packages/book?cid=1753802&pk=A%3AHAN_20260918_A%3AHUI__1-0-0_ECO___906439345&pt=AAAA.AAAADMFh%2BbzoqabF2Qedc68uH7hbkX5mgMMCTaaI9%2FfvjhOcefCkjWzjlvGn4O9MN4%2B9yfuRwZkaqWtjHyTWT3ddk%2F6fAFl3xeK9sVbNxDUA7TilaYCHiJw570lVAPXouSBtXOlepAO5oQk9K3jcam1U%2B7bA2zkOA1ndXhhu76jZL9ey2c2wqp83EMcYbCGhSUhfbY69JMsEZVIPqzQ9KJtwC%2FRbiqslQASysnSL%2B7%2BpDP43vQUrxqGoAo4gL2yS9vM4h3F%2B0omBuG5OVeJ2mQUoJb1SnFAg1R1JxTNjf7FuzME2CBmpJpSc10VsAUhGzYTRbNE0H84Y4irF%2Fvrw0sP4xYFGsqpeAfyTQtLowLB0u6upjg%3D%3D&ptyp=4
715145830,A:HAN_20260918_A:HUI__1-0-0_ECO___231357996,2026-09-18,Economy,Vietnam Airlines,VN,265,VN 265,Hanoi,HAN,Noi Bai International Airport,Terminal 1,Hue,HUI,Phu Bai International Airport,Terminal 2,2026-09-18T20:30,2026-09-19T07:15,10h 45m,1,False,5993805,89194,6082999,False,https://www.agoda.com/en-us/packages/book?cid=1753802&pk=A%3AHAN_20260918_A%3AHUI__1-0-0_ECO___231357996&pt=AAAA.AAAADE9D7Uhjyo5tJuTdUsd7cyZzyujMZTtC5Rk80Q3TxgdSNh67kbHUAT5htXg%2BZEzxOGbmtT%2FnCKsbAI0KnZkafnbo4ApvPaR2P0cNEor2ecpMpSkbIWdwX2IPhg6Kl3b6vyjFJ36uq7rK8XcE4ub2a8od8tvb30eprvnnPwQgk2GOkgI5na6zf8nk7qJjvwWqpA8D0KjyNETlNCqcbpIhlydP3gmIdw9ybD27lJ9Vkqqj%2FjaZy9p%2FOZr5n3urqPRQKUS%2BJ17%2FmkcblCsfafPNO4%2FRG6tfQWTH7H37U8bH2yUVNppnQHZnKrLGTbP8aOrB%2FO5Dl%2FGUEl7rp6b%2B%2BwsYR1GqqaSBbDKACFpyluKNyGs7ApHsuV22qK526jb7g5E%2BJf1mZ4QlaK%2BGGPz5oTf8d7byTQ%3D%3D&ptyp=4
1633585892,A:HAN_20260918_A:HUI__1-0-0_ECO___1335696098,2026-09-18,Economy,Vietnam Airlines,VN,207,VN 207,Hanoi,HAN,Noi Bai International Airport,Terminal 1,Hue,HUI,Phu Bai International Airport,Terminal 2,2026-09-18T07:00,2026-09-18T12:25,5h 25m,1,False,6185715,60354,6246069,False,https://www.agoda.com/en-us/packages/book?cid=1753802&pk=A%3AHAN_20260918_A%3AHUI__1-0-0_ECO___1335696098&pt=AAAA.AAAADPYetoQ0mZboHLOCuN2jxAbskAKjR36%2Bxgm18optUgJugDPff3Jqhgpbg4ZXx9ckLj7FlavytfBgwAQ6GalkLLyEbDkvsaPM1lLNf0Csul9AzZUwSF4vy5Sxz4nnoKylm6A7%2BDXSOFfYc4ShlrPo7TiaKSYMIsI4Flv5U9A2s%2BNS9RGnqirYt5J0VypAdTS9PtQmidC1WXirskHeQMkLViHM3r413mw%2BPYnQu1S%2BUqZw6R2R2yy9hXmEzcUjQSvDcyF0PjxXwOAALGhgIr9nABj3RaRUQZFvw2UHZ0A%2B8zXmDt8SEr1I2Shgaxywj7KH%2FxtM0A3KrSWezbsf5t%2BPglLo97yxRmBgGIPJ%2FZHnX1eVsQUgoYB4pWtsxozXU3oIrRFSUVDWlpwDWV7f74oXnuzTcu9Q5PWrpKSazudDEu2VJA%3D%3D&ptyp=4
1539824119,A:HAN_20260918_A:HUI__1-0-0_ECO___832221210,2026-09-18,Economy,Vietnam Airlines,VN,265,VN 265,Hanoi,HAN,Noi Bai International Airport,Terminal 1,Hue,HUI,Phu Bai International Airport,,2026-09-18T20:30,2026-09-19T17:40,21h 10m,1,False,6305978,61528,6367506,False,https://www.agoda.com/en-us/packages/book?cid=1753802&pk=A%3AHAN_20260918_A%3AHUI__1-0-0_ECO___832221210&pt=AAAA.AAAADEsmd5briOVtbE53u2WS73Buwaafh8x1nc4jUZhu3tlx3yx2BGkIkiCLlNLKG1tBci43lAF3khi146GYJrQwYeuTBowmJ4DwQ3lY0INYtWNTkMRYdLEHSNaFwhsrVeB2tgD3F03eEFUBbUmN9iiSY39UhP%2BvBVvNHDGG2pCc1rKORVlaUcpbZFsbPr0g4YyshMIjuHXhJfV%2BHkGfpvVjiTRTJWhA2ui1vCtiWdC5w%2FCG%2F2CPhkH6fw9zd15oieNC3qJfO%2FH4mskQI4%2BS%2FJYqGGRXXVzWBLxa0STTygEtoz4c3t8gueqRie83sNJq6VGim1gt9xCcK%2Bj%2BeWPyiR%2FN%2BIlWQGnnzcGen%2BwPZcLtGgb9XDGKNOW%2FRw9gXASWXjAy9L23n3A%3D&ptyp=4
462576838,A:HAN_20260918_A:HUI__1-0-0_ECO___273654262,2026-09-18,Economy,Vietnam Airlines,VN,263,VN 263,Hanoi,HAN,Noi Bai International Airport,Terminal 1,Hue,HUI,Phu Bai International Airport,,2026-09-18T20:00,2026-09-19T17:40,21h 40m,1,False,6305978,61528,6367506,False,https://www.agoda.com/en-us/packages/book?cid=1753802&pk=A%3AHAN_20260918_A%3AHUI__1-0-0_ECO___273654262&pt=AAAA.AAAADNKsuJYrlpxy%2Bj2OeiZbqz%2FVtu6v3uDJX7YhP%2FGKOyU5cTGyIovFVRvluyRNoaqvEabmCOuEjf35L7Uv3JE4iylb2BPNiAruEZP0HNvTY788D%2B2mTx0yd0TyUWoYyPcaTkUIh7fiz6Km3AJxhEoR3O2ENGjxGxKC1UlDC1BdLHqcmyQJZZd3wtmBIDe5roNINuT5zyb78asf8DjUH%2BqXdFafP1iDvO7Y1COG7FGe8Wwsf0mIqBKkJg8gu0I40DAvfFnp3iTnPg%2FhHCfwTg6aqX6bo%2FVVJaKaCNmIaQHL6UvaFrmchQNhSCPIu0Z%2BGkiPcdERaXlEV420R7kMKNlziSxB2ntNZpu217X1VkqKLJfKfqU9DZdr32wimw%3D%3D&ptyp=4
830613444,A:HAN_20260918_A:HUI__1-0-0_ECO___923916301,2026-09-18,Economy,Vietnam Airlines,VN,6025,VN 6025,Hanoi,HAN,Noi Bai International Airport,Terminal 1,Hue,HUI,Phu Bai International Airport,Terminal 2,2026-09-18T22:55,2026-09-19T07:15,8h 20m,1,False,6467473,63103,6530576,False,https://www.agoda.com/en-us/packages/book?cid=1753802&pk=A%3AHAN_20260918_A%3AHUI__1-0-0_ECO___923916301&pt=AAAA.AAAADHmkYtLVndrHy6y7I3fwMfH0xmH79NaSvgI%2Bzbtn0vYothn0vg%2BuHsNKLwiphaJXZRtt7WpUX2VruzL1RwPsXJ%2B9Bpwl2f6Ec3om%2FNuof84ubar2MVxC44GQJCmdjA%2FC0uUyS1m7edPKgftalIze60cbEDiIbFh0qYEAOe1Ydqzlx%2F9WWcZrAVmEPGtn%2B5o1siDXOM7IFNQoW6HhY%2FYmm44y53YsP%2BGMVrFrDFhTcCWpWHa%2FwjqrC5ahcXRGRsAcWJws69Jz371KFkmoe3V7HPNKZWdLcXaR1BF9MN%2BS2TRLA9kzPOAsB3RTKVcXUejy3H5xh%2BXSOLsDl3l8VF8Dx%2FYFVJ5BQFBg%2FJyvwYp8Xsx9jmFxRTuMhOpu9kxzJM%2F%2BNFdttDAI&ptyp=4
1108191353,A:HAN_20260918_A:HUI__1-0-0_ECO___2103052484,2026-09-18,Economy,Vietnam Airlines,VN,207,VN 207,Hanoi,HAN,Noi Bai International Airport,Terminal 1,Hue,HUI,Phu Bai International Airport,Terminal 2,2026-09-18T07:00,2026-09-18T17:40,10h 40m,1,False,6770375,66059,6836434,False,https://www.agoda.com/en-us/packages/book?cid=1753802&pk=A%3AHAN_20260918_A%3AHUI__1-0-0_ECO___2103052484&pt=AAAA.AAAADL%2BnGTBOIn2MSX5GLrnVfmuLrKnSHxvSxKveDkJpnEA0KpYc%2FGOTcLTeU%2FTM6nEBInPxnpSXU7RXB8fvh7NkvfYpobNkfUNUfSj6sSfGuJ0NplemO97%2FTynOb5te%2B5XTWCjS4c0wo6rlmHA%2BDRlZFollF4dt5OxJeizHupJb%2FeUlXTxgVj5mscA4K59l4AfR%2BvqTY9aJAElg3NCu%2BErc4eF2q03uYcAjGdn4nPNQTRI5J5%2BSX8a0tMmkBg%2BT6Sxo04WkJ%2FMHt%2FFn%2B5YAyCHJ%2FPDZvs335dDZAoHqdu4sCRhlH8SjtuIw3FZzHRKJEX5YR9%2BAYi3tOtm%2FUi31sjIQ8P7g8Q1IeLVJYENnBLL8U6ogED0Gu85SRck%3D&ptyp=4
529252149,A:HAN_20260918_A:HUI__1-0-0_ECO___1411164180,2026-09-18,Economy,Vietnam Airlines,VN,267,VN 267,Hanoi,HAN,Noi Bai International Airport,Terminal 1,Hue,HUI,Phu Bai International Airport,Terminal 2,2026-09-18T22:00,2026-09-19T17:05,19h 5m,1,False,6891959,67245,6959204,False,https://www.agoda.com/en-us/packages/book?cid=1753802&pk=A%3AHAN_20260918_A%3AHUI__1-0-0_ECO___1411164180&pt=AAAA.AAAADES3cbn494xJ3O6wgqdvoZtcqZUX2byxjoMy4SwUunAt%2BmGLtO2OpAsTPvCz1j9SMEKyfKisScMsqs%2F5y3J3FfU8tp1eC31%2BkZ7IgRQzYn7ahVkRUXbb1w77xovhZ8NSiIztRP4S8sUdp4NQVC6Z%2FxsnvTz8CggUQfq%2B%2FgONhOuTpX7I4r3Jssf7LUKhnrtEHXHstdMj3svX2%2BH9cAykMhT7P%2BPcdTLN7Jp8IobmGK%2F%2BCyR3nbsqpfWMNdyQFDJYW%2F7xY3TEFbdYOh3bVvIonAhhOw8%2FxPzv1ffYazAFY3BBl6g4wusc9yFkQBhKXWtz4kXQG8weTyyq06eDTe91rN73C4e0w49bZtwVuV52%2Fk05n4PJ1MBEQFK68O5T0xR2sP7s3u0xVQ%3D%3D&ptyp=4
235404318,A:HAN_20260918_A:HUI__1-0-0_ECO___642031180,2026-09-18,Economy,Vietnam Airlines,VN,243,VN 243,Hanoi,HAN,Noi Bai International Airport,Terminal 1,Hue,HUI,Phu Bai International Airport,Terminal 2,2026-09-18T06:00,2026-09-18T17:05,11h 5m,1,False,7155479,69816,7225295,False,https://www.agoda.com/en-us/packages/book?cid=1753802&pk=A%3AHAN_20260918_A%3AHUI__1-0-0_ECO___642031180&pt=AAAA.AAAADI7fLzY7p%2BrqpMEg7U06PAgl469Zka63rdf6MZm%2FzlLmcfNeqYbkH1b3JREFkODSc%2F7DuojJlNtAJZHn74bTIJF2lGXGbimSci%2FZGL1lQRJFfR5MyrS0m4jL2%2BLfYZdvJw4WqfSMjLBLaPZ%2FuRyj%2FQncXDElov1iFw9s%2FZUhapwrFyqH4vOVJ3UBDkzjZO2U5qJlBBmXl%2F3ElFcI2kkY2ZEdVMblzNlBBSlqyvzW4gs1cGmLf%2BzqLLSh5XRCyAW1d6NwLYCpjVrycmQtASq1aRjFI%2FnMxearbwTxXfEWPf2xtOqX4Gv3GMu8cA0rBmB3s0SAdDoqgAeFByObPX5v2vTdDkVylE8DZG56JxQM9RnqfqOFYnQ9zrs%3D&ptyp=4
2085288129,A:HAN_20260918_A:HUI__1-0-0_ECO___1896640975,2026-09-18,Economy,Vietnam Airlines,VN,217,VN 217,Hanoi,HAN,Noi Bai International Airport,Terminal 1,Hue,HUI,Phu Bai International Airport,Terminal 2,2026-09-18T17:00,2026-09-18T21:40,4h 40m,1,False,7179267,70048,7249315,False,https://www.agoda.com/en-us/packages/book?cid=1753802&pk=A%3AHAN_20260918_A%3AHUI__1-0-0_ECO___1896640975&pt=AAAA.AAAADJ7rXzvEKY3NDt8B8h1V2vLVHFVKfeteTe2AB%2BdyPaPWoZF2vgqCbKf%2FJtNtS7QD9bCXQvmd08e8FIjmaJwli75G6Ta8dRpCnbCV1EsHinBEpqPB%2BevishNObjhd3dolvKxUxEaljU0jG8ojfRYDzpMWXNx7vESWyXPueyvGtKedrHCDyunmwn2eDFX8QGaWZHV4GgRvaYvLa8Mxov9NHP3DjyOclsd0JigD99iikJOkKXG8gE1dLlZ1eoJvF4mM%2FkawU4EO6EdoRW0BgZt5bwxANfdrNT7wIwJx%2B4SrfOWZhdVPTD3bZfcuRpBOEXQk2oxsK%2Bp8RJxDT15%2FyaUrsF1FAu9cgr1kjHn8aBIHey%2FWsXfAIfnG&ptyp=4
2054423147,A:HAN_20260918_A:HUI__1-0-0_ECO___922526905,2026-09-18,Economy,Vietnam Airlines,VN,207,VN 207,Hanoi,HAN,Noi Bai International Airport,Terminal 1,Hue,HUI,Phu Bai International Airport,Terminal 2,2026-09-18T07:00,2026-09-18T17:05,10h 5m,1,False,7435651,72550,7508201,False,https://www.agoda.com/en-us/packages/book?cid=1753802&pk=A%3AHAN_20260918_A%3AHUI__1-0-0_ECO___922526905&pt=AAAA.AAAADHalP%2BXx98LsruiyQMeGGc4WLmF0nm%2F4J2euJnFQrCPK4ijYTCxxEL4cz%2Fma9ErdTLbTSGmuzaVsr%2FO9XsVB2%2FczpzYxS%2Fu%2BzBa7nl19D0PyAC46zS%2FWRtpK1%2BlQImwLNWt7xoS20zf%2FysiLt63JuWrroA2LAxdnUeMzQhqB4rxzGzS5hbiuU6ZIGksxvI%2FPuMenpaHs8WkFw4wN3yM54i1K%2BmBfy4Tp%2BKMi8A6RLm%2FdfJZLeAh5mDTAehVlKgvbFhqySn5FwCLrM19icT5F1zSg1H1bA159CflXjTqHJK06slrq8aEqgjIfLanI4kInwKxGKDo7IHqIAmxQIKdeJ107raPPZ1GpwcqmI3DVC11VQzAT6JLCMMW46A%3D%3D&ptyp=4
1265373229,A:HAN_20260918_A:HUI__1-0-0_ECO___534406606,2026-09-18,Economy,Vietnam Airlines,VN,205,VN 205,Hanoi,HAN,Noi Bai International Airport,Terminal 1,Hue,HUI,Phu Bai International Airport,Terminal 2,2026-09-18T05:00,2026-09-18T17:05,12h 5m,1,False,7435651,72550,7508201,False,https://www.agoda.com/en-us/packages/book?cid=1753802&pk=A%3AHAN_20260918_A%3AHUI__1-0-0_ECO___534406606&pt=AAAA.AAAADP1aUejGwBwEusMZbDG3c%2Bq8HLkoqW5WgfcjWxkHyhrA6u3MgtIq0C4fHzomL4Q0dlu8ujSL0bYt%2BuqnrV%2B7%2F08WGIJLaVnWXF4DX%2FEJpLrEpjVvvXwc58YUOV5oBPDFqq0%2BO2vQaUVB0KCPOHSNzQ3US0h5%2F1vaW9t5e43vFTdAkQfsdd4aEd76WDgU7d96edm%2BNeNV%2FnBg1V2eLvBQip5CUnl6ZcGDq9Ry%2FxYglObQ8ToXV7WORHp7GOhmd%2BOLqW8DtOe75LkwmeTPYoNSaUIyCkvF2Q0c%2F%2FUyq4ZcPfOPEnQxPF%2Fw14UASlaeaxREyc91FTKPqk0wLvSbpnFCtxx2BTEkWuH9Mg7DYv9D%2BQHoXqUqsA%2FkaM2kWq4%3D&ptyp=4
1349986529,A:HAN_20260918_A:HUI__1-0-0_ECO___1397197711,2026-09-18,Economy,Vietnam Airlines,VN,205,VN 205,Hanoi,HAN,Noi Bai International Airport,Terminal 1,Hue,HUI,Phu Bai International Airport,Terminal 2,2026-09-18T05:00,2026-09-18T17:40,12h 40m,1,False,7465518,72841,7538359,False,https://www.agoda.com/en-us/packages/book?cid=1753802&pk=A%3AHAN_20260918_A%3AHUI__1-0-0_ECO___1397197711&pt=AAAA.AAAADPUY3d2Jkyp8Va6L9bC4LtPuoLMhVH%2BWapoOghNS8Im6ARCB3QMAHBz3Rdhr3vZxbpF1YBZQUA%2FtbQmZ4dfEQXYDqKUZsTk6o1SW5xBskguV2Lr6aLm0DZ5fg7%2FqqSVgQMww5rHiLpVXLDVoX9MwHVx93SzV31C4yquEJP45I03GDW9Pvgz9KmxcBMO0ZnuAotqS4BAnyTr61zYkg8KvewRidCiSrOlq9oGOP6HAzMtD4vV%2FYCOpLeGI4LE1JIu0JzoyVlRwaDFmWNum5Pk%2BjFe8PlvW4ibL5bs9WYLM91cOx0Xh5RPUwtIoBf%2FBo46HqCYEKyDCzf72y9IsxmgtZ6Rd9zrP%2BZxjMqzPVeTkMRBgAySmLIligN4%3D&ptyp=4
960574582,A:HAN_20260918_A:HUI__1-0-0_ECO___1926214102,2026-09-18,Economy,Vietnam Airlines,VN,267,VN 267,Hanoi,HAN,Noi Bai International Airport,Terminal 1,Hue,HUI,Phu Bai International Airport,Terminal 2,2026-09-18T22:00,2026-09-19T12:25,14h 25m,1,False,7621727,74366,7696093,False,https://www.agoda.com/en-us/packages/book?cid=1753802&pk=A%3AHAN_20260918_A%3AHUI__1-0-0_ECO___1926214102&pt=AAAA.AAAADC7vkseLzla1bcUH6SC7dTRfjU5B%2Fyr%2BS4BUClApY5LCzbHcgwCAXKHjRDozVisWw0ZF9gPvA0VJdM2Bl7naMu34kP2MeaIkYS7RlVHcV1KTcqEA452yL6ksG5qb7TNi7IlDWmX9MESPqrPfRIN8gSQVhVJgXQrZZ6L8idd3ETK4T0hgSkUcndL7rawqHu9Y53Km6G2ZIsmS44unhh1u%2BprA3C%2FQW1sn07%2BHykVyqj4MDS7ejBe7I1%2BcU1IUOZ9%2BE4WnTplmj%2FcrUDjKVsbVyzC0%2BGLGrN1JkOUYY%2BWeLiAuVrgz7LdIaW7fDn9t0gPSCNqBPenr1r%2F0WqXNxdHjtjqWYmPa4YjnytTPU%2FZ9QwEwcXLHyD%2FjIAzQu5G1rtGgLX9h8K%2F8eME%3D&ptyp=4
632965704,A:HAN_20260918_A:HUI__1-0-0_ECO___379631709,2026-09-18,Economy,Vietnam Airlines,VN,243,VN 243,Hanoi,HAN,Noi Bai International Airport,Terminal 1,Hue,HUI,Phu Bai International Airport,Terminal 2,2026-09-18T06:00,2026-09-18T17:40,11h 40m,1,False,8722591,85107,8807698,False,https://www.agoda.com/en-us/packages/book?cid=1753802&pk=A%3AHAN_20260918_A%3AHUI__1-0-0_ECO___379631709&pt=AAAA.AAAADJC51lf8DGy3Gl3WGQkPrg1pALUyWVBHZ264TvXaRVc%2F428lspr4bogEBWl8XcM3wHNNJ1ql6ZuX1PfbsNswDNt%2FKjJsp1p4Z%2B4vEGxBTQThJdFvFLYMKLmFVH2Uhy2FACywNoVuFsItS%2FxLIQZaYR7LBVsmCvEUQMuZQybFPcES4vm7qV%2Bz1wYxS6WQ45xBewDh6P1ETn9opf8Qljw4KkqjYyNl8KoMIrTHSZV08bci0T6bwWVmEfsAv%2FwR9ypr1T5xcftfxFwQlV9E%2BnGqmc5OMlYb8NPZuY6EwWW9wsPgNSsXUrrTMaQsQHYVv%2FWJ%2FlQ%2BM00Bt4XvUA4eTUhg&ptyp=4
1266245970,A:HAN_20260918_A:HUI__1-0-0_ECO___1820499689,2026-09-18,Economy,Vietnam Airlines,VN,243,VN 243,Hanoi,HAN,Noi Bai International Airport,Terminal 1,Hue,HUI,Phu Bai International Airport,Terminal 2,2026-09-18T06:00,2026-09-18T12:25,6h 25m,1,False,8992454,87740,9080194,False,https://www.agoda.com/en-us/packages/book?cid=1753802&pk=A%3AHAN_20260918_A%3AHUI__1-0-0_ECO___1820499689&pt=AAAA.AAAADC4E%2BxMXnQVAUYXAwG4KHd7Mk5EUGubRuRhyRU3cxqA%2BvIxUuBk66Eh8Bej2hTuaB1f2IYYULZFx%2FMtrpDtXzIBHYfp3vY0oIoBdR%2BsdlFwm2RJSv%2Brj%2Bl8VbrfNKFX4CUwBcp1e18c13jwb%2FVIopVBuBVSCF4C7Z%2FxEMK%2FSIUoP0mPOxRV8PAw3W8nnWrIFdu5dKnpw5zUYvp9uD4xtlkHMeTmSMCqKpieM%2BBgsoDYJ2WQTP0xWnJQ6dxI0Rg9QIWIGygD%2B2WDUdP8r3TISK%2FWKeW01ArDM5Zv5gjIoR47iFqdll1YVZrvl%2Fgb8eQMg%2BpCBeZLFVpVkKIX%2Fjjy5NxlAjE%2FwgOyUBfjQ10vAOVOwEx4yn8%2Fl30yU0PQv&ptyp=4
1152917121,A:HAN_20260918_A:HUI__1-0-0_ECO___677940149,2026-09-18,Economy,Vietnam Airlines,VN,205,VN 205,Hanoi,HAN,Noi Bai International Airport,Terminal 1,Hue,HUI,Phu Bai International Airport,Terminal 2,2026-09-18T05:00,2026-09-18T12:25,7h 25m,1,False,8992454,87740,9080194,False,https://www.agoda.com/en-us/packages/book?cid=1753802&pk=A%3AHAN_20260918_A%3AHUI__1-0-0_ECO___677940149&pt=AAAA.AAAADD5ZQJKgpAuWejGwpYOI%2B9GHk1wBy1toMVHS0ssK4LuOaOnSkGP7616apHgbJ3VP9rKx3gZ0fHVDJhWT0rsPJOfSLYr8Ea6iKvONbKOKhOAWuVR7qtlCL09LbPxJ8SvS6Ae%2BAuucdbRN8wDRpNy4ivQweOxTdhFhgtzI3xUyPtZ66GM4VlaFuBeReigZ7FCHgfQWLqBei1LKGJpFWgo3JqN%2BlfzbHfO6eu9cabHZNuvasUPcE2JBJSy7HxN3uvSro863xBsa0NPemgVPR1p7uDlIvK9rBeejRFnBp5RdK89kQEEwsAo657b7d9%2B1wXV2wNVghCJI1ilhZzJKBfZiOcvK%2FImJsy6Q5713YiNH7ks%2BxgGHTdlvdP%2FNCQ%3D%3D&ptyp=4
1824518350,A:HAN_20260918_A:HUI__1-0-0_PEO___906439345,2026-09-18,PremiumEconomy,VietJet Air,VJ,567,VJ 567,Hanoi,HAN,Noi Bai International Airport,Terminal 1,Hue,HUI,Phu Bai International Airport,Terminal 2,2026-09-18T15:55,2026-09-18T17:10,1h 15m,0,True,4999288,0,4999288,False,https://www.agoda.com/en-us/packages/book?cid=1753802&pk=A%3AHAN_20260918_A%3AHUI__1-0-0_PEO___906439345&pt=AAAA.AAAADPgWJBEXFXN%2BQcrsEQQgCXWIG%2FdTpf3ExBtCTW99%2BKYtcqEBl88a5T1oRiLbpLGAyasCHu4uLtKEBuTAdnb%2Bv2E4PjkgShxgX9Rzk%2FcM9owilJg%2F1gfvBpfAv3c6yjxRfJVKeVWoRtvfUbRWYsODUxYQlzr9xpYYPk54std4qbzlrBRLSv07%2BnnsiTSR4n%2B1EUMWjgp%2FwFznCqZX7JMtG6Wp%2F%2FLLLihVSVOy5VGRhC2%2Fzx1n0dJWlRG7toE85ngpk8tBwiOZW4XThskoJ6EjNeNV47kt1u1Vp6NHreVXycBR%2BXhb3d6gT1zzpUVVbFMD4P8iPza0FrQ%2FojiAMwiXd4rFkP5F65ZRVE0kDLlb&ptyp=4
2065273891,A:HAN_20260918_A:HUI__1-0-0_BIZ___1135783865,2026-09-18,Business,Vietnam Airlines,VN,1541,VN 1541,Hanoi,HAN,Noi Bai International Airport,Terminal 1,Hue,HUI,Phu Bai International Airport,Terminal 2,2026-09-18T05:40,2026-09-18T07:00,1h 20m,0,True,3265063,82562,3347625,False,https://www.agoda.com/en-us/packages/book?cid=1753802&pk=A%3AHAN_20260918_A%3AHUI__1-0-0_BIZ___1135783865&pt=AAAA.AAAADJ%2FaMsalB7HnC1n9rqoxwKJkxVtQzQqLZJL4c%2FkyiEgyOtZXxzliC5XMV8mMtUjQUqfOjrbcAu5%2BMQK61GjS%2BGBFPU16JX87SPqSpjTN4Y9kFkuu9MxHgNNSpvJU3RVlCXXy8xM4h8dQApKgf5RjlWXvlEJh4AQJ%2F4wmfWb8xFLj3hFgGDyLMRfDTEebBEG1mBHrcO7x4eLxKq9CYnx3SUb53mK4JWKNkQMOdrsGk%2B8JObMVU0jrKmI%2BQhkDSsgoANirbLgBgF1hOsvQMT26NgLKOZncfXm2s7PU51FHSb5b%2BRTumj7y4X2Hbk%2Fmw6ikP0ebSlle1kFwoUAAS0I%2FSHZ%2FH9MNibSu6JZjcI6pv81fzGnqTrxJmZi8oHb%2BwKge&ptyp=4
840323341,A:HAN_20260918_A:HUI__1-0-0_BIZ___1294051676,2026-09-18,Business,Vietnam Airlines,VN,1545,VN 1545,Hanoi,HAN,Noi Bai International Airport,Terminal 1,Hue,HUI,Phu Bai International Airport,Terminal 2,2026-09-18T16:35,2026-09-18T17:55,1h 20m,0,True,3288342,65955,3354297,False,https://www.agoda.com/en-us/packages/book?cid=1753802&pk=A%3AHAN_20260918_A%3AHUI__1-0-0_BIZ___1294051676&pt=AAAA.AAAADNdmZB6jLqXsIVgZ7TR9%2Ff7I3IivVnfwMmuexD3OpGVYPAycu0K9dpImH8Y3mxDmh5uDBscRlo8wwqlMu8ITFMvPCvMapL1m%2BZrt2O9u1jNTS4Yfy6PglD3qcigde6p9fk5pd%2BeN2tWMlEWWqWjJiqb7HBUxs93ASLJQAoYjL8Htfn9Fu9jGn4DXWIYFiRvxHPftmd%2FyRN%2B%2BY3jAdwQo5WfUNqa8pt6aHD7v%2FZiGAJ8YadbNskfNEDDpQ6hdwdC%2Fb2Jq%2FmYEWBoxbGZNcUJMkr6uz%2BmSV2mMIANEfxjcsnB8Rt7bvn1y7OGzDYb0oJfhGzTWESbsJgYJ1VVNCcB6i4tEcdmuvWVOWzw8C6sDxskFsWBgp2hgqhjwtbY%3D&ptyp=4
1844513119,A:HAN_20260918_A:HUI__1-0-0_BIZ___2027463662,2026-09-18,Business,Vietnam Airlines,VN,7547,VN 7547,Hanoi,HAN,Noi Bai International Airport,Terminal 1,Hue,HUI,Phu Bai International Airport,Terminal 2,2026-09-18T17:30,2026-09-18T18:50,1h 20m,0,True,3998967,80208,4079175,False,https://www.agoda.com/en-us/packages/book?cid=1753802&pk=A%3AHAN_20260918_A%3AHUI__1-0-0_BIZ___2027463662&pt=AAAA.AAAADFSFZaGE%2FVXuag7zSwhhQvx8Gatsiuc7k4%2BrIDInV18m9z%2FE13SwvMV0rDSB0RVf1lyunDM%2FdEmUcsqGBntijn8RvkEVOOOjogsRKoSqfKJsXy20EcN6WbAI2f8AOPgbwNliGFSPSpZ7RwttoFgUKunqbK4qzQmX7cBlcE1A42fWAWovXx4lDsR1kZsbeKNfuHlk%2FyqE50dGy%2Fu0vR4gyB20xjM%2B0NQBtkYTGAR4BDyDC6pg5kU1lMsUOlcxuLZ0D3EoRYsGTmk3nHjOopHYM6FIwvH8igGmc1BNWS2R0q7hOSlaXRzZmBuU5A7G%2FoUdhQsnWbu1RCHYTIU4Gg6iBSiuU8eim8dSLHITrNsnJfSXCS7HH5LUc%2Fl2wOUg8w%3D%3D&ptyp=4
1154507618,G:NHA_20260918_A:SGN__1-0-0_ECO___1893642213,2026-09-18,Economy,VietJet Air,VJ,609,VJ 609,Nha Trang,CXR,Cam Ranh International Airport,Terminal 1,Ho Chi Minh City,SGN,Tan Son Nhat International Airport,Terminal 1,2026-09-18T08:00,2026-09-18T09:00,1h 0m,0,True,696323,0,696323,False,https://www.agoda.com/en-us/packages/book?cid=1753802&pk=G%3ANHA_20260918_A%3ASGN__1-0-0_ECO___1893642213&pt=AAAA.AAAADEK32nhElCI4pRhBnKu0mnoI4EmgmiHwWcCM0wUdoDAotgQ%2BLxocEWb41j%2F%2BxKV%2BaGIDczqgVSgI7KzF9CX3Nl1evpTYQ6F3EAiGk9wmCugnyDI3pkOZYYBYKwuscLEKtYPrN4onzEvZDarrdsUKOfGDz3pGYRUZXQZcy32lWb33N3OlhZUffcBaS41yqj%2F1NwmglkmKl55FZrCyBeCq6yabiQMR%2FgMwyu%2FZb1ChHTdVUeGEMby3qF11ymGRog9GLugKFiOSW2qRJhmurj1soXtaS1eY4oDfs8o4N2NdWivccUfLYhAwNKd3GJr5GaPgAQ7hIyLWwCtjRpIG85Vj41Z1AgRew6Bvio%2FmmMnPy3M%3D&ptyp=4
1788351489,G:NHA_20260918_A:SGN__1-0-0_ECO___1181965692,2026-09-18,Economy,Vietnam Airlines,VN,7341,VN 7341,Nha Trang,CXR,Cam Ranh International Airport,Terminal 1,Ho Chi Minh City,SGN,Tan Son Nhat International Airport,Terminal 3,2026-09-18T10:35,2026-09-18T11:40,1h 5m,0,True,935751,26127,961878,False,https://www.agoda.com/en-us/packages/book?cid=1753802&pk=G%3ANHA_20260918_A%3ASGN__1-0-0_ECO___1181965692&pt=AAAA.AAAADK3YvnOe2yxQYhdlCr8Qiu1QwLm%2B9MLhsEwMQaBV2q9xoyWAn6alS7dkLDwmzRzNW4Eu3DErSHgO8EaCHxZj%2FQDUa0RwhXn%2FISdeyGqHV%2BzZQTVXnL%2FFCL%2BLgaG%2BsSTHFPXzhmquwWsC9HXuz2K8eoDLnaZQyRtem3YaKw%2Fh3bZVnM9GxDHf7WOznYk7bHziN3A19k1pOPfJCBI7G6NXFHiyM5xMo%2BvNtaP487o%2FkgBn4Q0vC75bcbUJ3VgI0g9fwEOQfYCsXCQdU%2BhulsyOctbBMyuHCP7JUug4qhG0GhQ943bngYGyTUodW3GSITOGwqL2nPWg9YASWuF8ThvRLE14hXfgQY%2FaxRITZg%3D%3D&ptyp=4
1425674098,G:NHA_20260918_A:SGN__1-0-0_ECO___592805199,2026-09-18,Economy,Vietnam Airlines,VN,1341,VN 1341,Nha Trang,CXR,Cam Ranh International Airport,Terminal 1,Ho Chi Minh City,SGN,Tan Son Nhat International Airport,Terminal 3,2026-09-18T08:40,2026-09-18T09:45,1h 5m,0,True,935751,26127,961878,False,https://www.agoda.com/en-us/packages/book?cid=1753802&pk=G%3ANHA_20260918_A%3ASGN__1-0-0_ECO___592805199&pt=AAAA.AAAADN%2BRAnJchzFKAwb3jFjZzT7iVSzFoKHyXbZ%2BuAd2%2BSSbHjPpyL9OgY2veEPEHlhPYNzdI%2BqhozPrr3mDEPJQWj2HuE8AMTlDYs%2BKW29JeRJ%2Bo16wGhbtSs7Lb5%2BMETrY9oVij6hAWos%2BnIiKyvvhd1azSEkteIKooZkYrN9J2twMhbXX8EFiP6aZeYHwPzWZATrN1OlDrDQCvDw3birU%2BxszKF2fzrwSkZE7rKdd9bQ%2FuX08qy1akEKcgU4tQL5KzmMT5PM6X3Jy3iD0zgpHfI%2BXDJKB1x7ywsLDi76AjDDVXOTmGWO%2BoG1vVhpiKwOKLI27nSZBSx42BkBVBrWSfs%2F8cW00At4T6Zh8&ptyp=4
1566512991,G:NHA_20260918_A:SGN__1-0-0_ECO___8232368,2026-09-18,Economy,Vietnam Airlines,VN,6151,VN 6151,Nha Trang,CXR,Cam Ranh International Airport,,Ho Chi Minh City,SGN,Tan Son Nhat International Airport,,2026-09-18T20:55,2026-09-18T22:05,1h 10m,0,True,1702502,52045,1754547,False,https://www.agoda.com/en-us/packages/book?cid=1753802&pk=G%3ANHA_20260918_A%3ASGN__1-0-0_ECO___8232368&pt=AAAA.AAAADCcDSV42h1gC34H4RPo5ML8RLvNkCmDTbDltnnTmOCha7mWKAN%2B%2Fo8i8PlmHbt9AVwpPUp%2B2DPL%2BS76ToLocTNiLOCvjnUDVNacBjpH6SZ0BJ4bqldsP0QRfnnwm%2FlYCigxYhMdEkt7lKiW1by5UL3Pib8AVe55SrssvS2nahh6Zq4YJIJc14gi34rNWvJo4Ev67lj99Nf3pvdoFSn80D1%2FtxeFBlpNF0b3Vo73LXj%2B57AIWmMeF4xqE1JCUsI%2BXgCJx52O0lub6QvHTDz7EOrvz2u3am3U6lSXQyVyZlWQtXvERhQRpIa07SFa42OR8yv88fO49XRqNti7tvkdD3C0aZDPdqZ0XpAXJRTDbdzYUYmCBsLxtAOYkOKdSDRzdZ6wBmfG1VkAJhcVUb2qaZzEwx3BjIkJtLqcU&ptyp=4
1694299162,G:NHA_20260918_A:SGN__1-0-0_ECO___1071681103,2026-09-18,Economy,Vietnam Airlines,VN,1343,VN 1343,Nha Trang,CXR,Cam Ranh International Airport,Terminal 1,Ho Chi Minh City,SGN,Tan Son Nhat International Airport,Terminal 3,2026-09-18T10:45,2026-09-18T11:50,1h 5m,0,True,3253281,65252,3318533,False,https://www.agoda.com/en-us/packages/book?cid=1753802&pk=G%3ANHA_20260918_A%3ASGN__1-0-0_ECO___1071681103&pt=AAAA.AAAADBtxOZcaIy8yS%2BvtxU3vCakbvqEmQsIq7IqQYQqWbTNujFd8I1jPYS2Eawn8xmsIeGbeoV4QQJ5DlkGujORvzC%2B1UjxLyxjIivJlYoR%2BWhQHNsi8OxSzuGvuUvm1orSvL77qjZAWMcQy9%2FD7oGpFFK6emSMbbD%2FSfA5PYjiQAcNnZnQgJ%2BEjZeaE3GMfxa4jh0bpbGHkvXFfMQdIYawJo5z0oAjbQXZa2d0z%2BWPC0PPHXyhXXH49BzjEzHAtwvIZdDK%2FceG75qx0%2BWpkSYgLvQN6PBmYHVsX%2FtuvGsNgHuthSbjqSOPxsXJz3c66CwCjeZ3zM5En7vKeWoBThqIyBmVRcQNIq0m2xr5EBoty1bLvJA%2BUdoTfsKJjJkBZrjPC8w%3D%3D&ptyp=4
277269464,G:NHA_20260918_A:SGN__1-0-0_ECO___1317147691,2026-09-18,Economy,Vietnam Airlines,VN,1345,VN 1345,Nha Trang,CXR,Cam Ranh International Airport,Terminal 1,Ho Chi Minh City,SGN,Tan Son Nhat International Airport,Terminal 3,2026-09-18T14:40,2026-09-18T15:45,1h 5m,0,True,4865532,97589,4963121,False,https://www.agoda.com/en-us/packages/book?cid=1753802&pk=G%3ANHA_20260918_A%3ASGN__1-0-0_ECO___1317147691&pt=AAAA.AAAADFcj9PZ40ieZJUb0EfnvpS9xRP2gU7d7TCEzCr5z8H7F36rmKgUm8M3MHZXulIu%2Fl%2BAMJZaXJ4%2B1Maj43E7bbyWcy8uqjNqKesm9JgMTkvBEP2ZF7U4Ae6wGIPXci51%2FDfmmDApnLBj8kUbogZGPJDm4MGgQ34k6joVaOgU%2BwQhqWFJVxC3dYJZFR7K419v8q%2BdW9aP%2BJi1LKag3TYve9NRkmNrgGxfkZkTv2p%2BOsNQSK14OoyvGqGcWJq8UuevIhDxxWD%2FODUCNlO6JBzUwsmyzRz%2Bly6GQaYu%2FZAaHhGiJ%2B2y4GIv%2BBs%2Bt%2BWjB%2BSzMrg7iawNE6JqvqL49zV2G6nRCO8AtGy9lEsAOvCGqYFTuOsTN&ptyp=4
1418840071,G:NHA_20260918_A:SGN__1-0-0_ECO___4578173,2026-09-18,Economy,Vietnam Airlines,VN,7347,VN 7347,Nha Trang,CXR,Cam Ranh International Airport,Terminal 1,Ho Chi Minh City,SGN,Tan Son Nhat International Airport,Terminal 3,2026-09-18T13:50,2026-09-18T14:55,1h 5m,0,True,4865532,97589,4963121,False,https://www.agoda.com/en-us/packages/book?cid=1753802&pk=G%3ANHA_20260918_A%3ASGN__1-0-0_ECO___4578173&pt=AAAA.AAAADPC9uf6H9H42Jddielxe%2BfKt4qdBkeeU2mthfLJukySstqezfSyJlIturDGZZbtQASlhe67WCzmaZFpmZxXpRKmOKOGs7NXmQMrrCl1UBUh1jAMolON9Sg8YSlapaagNNY3S40Fk68E7uDxtItbWl9%2FXEPtOdpTFrbR%2Bc3fgzFYASZJIx%2FfkTyYrTXnn%2B6W0GigGgdUrtWxIY0P7yHBWI5Qp1FF4JyGDRPX%2B6Nk8I3W9SdpJJRqz7c1Vi17XNJOD3Z0rZ4IOUi5ayKs1J8S5LXsMBoTGn6bx%2BpMcl%2FyhlgXI0XqAfyEEUUX%2Faly0SRm8xhdOWfb1td%2BiaWBwG6zsmOcg9v2IOQuf1cWQBHtOvrl0%2BqgU&ptyp=4
33393947,G:NHA_20260918_A:SGN__1-0-0_ECO___333516774,2026-09-18,Economy,Sun PhuQuoc Airways,9G,2953,9G 2953,Nha Trang,CXR,Cam Ranh International Airport,Terminal 1,Ho Chi Minh City,SGN,Tan Son Nhat International Airport,Terminal 3,2026-09-18T14:25,2026-09-18T18:05,3h 40m,1,False,1339612,19935,1359547,False,https://www.agoda.com/en-us/packages/book?cid=1753802&pk=G%3ANHA_20260918_A%3ASGN__1-0-0_ECO___333516774&pt=AAAA.AAAADHz3dvThPT7S9h2awnL%2FO5CM%2Fxo%2FkkfcFHiSFX7EOcaa4Z%2F0LxyKpUSM0vzRazndC5TWPldlm2%2BoLsxBiF0TWrnqGssROGTx6v1rbM89p1CqvyXiKmdXJEB88srdHCZ%2FNrU0eifKhyyTdQx6NmCoAlDx%2FBG8K3h0xE8MZ9c2Ewfrf%2BGdUskAmnp%2BcPkQHgIhLGkXPvhkHoeo2Z1IqGdWURNljPU4%2BkVYB1liD80nBTKCT8Y0WRx5IJRpF3Y7ndfASyLCPzhAc7gvh3gUPUvHNZ6eeISB8SSadqSNqeBc3O3utiyvToRVuQeypCN1V6cSRs5aGrnlEIdxVymB%2FKVHV0oTpbY53NA%3D&ptyp=4
5610042,G:NHA_20260918_A:SGN__1-0-0_ECO___714114519,2026-09-18,Economy,Sun PhuQuoc Airways,9G,2953,9G 2953,Nha Trang,CXR,Cam Ranh International Airport,Terminal 1,Ho Chi Minh City,SGN,Tan Son Nhat International Airport,Terminal 3,2026-09-18T14:25,2026-09-18T19:10,4h 45m,1,False,1446056,14109,1460165,False,https://www.agoda.com/en-us/packages/book?cid=1753802&pk=G%3ANHA_20260918_A%3ASGN__1-0-0_ECO___714114519&pt=AAAA.AAAADF8M48m8Ailg%2Bl7e7dteO%2BQzpMI3m2ruDPFyEaIVWH1WW9zeThH0FFWXi87mmDDCy8CHd90%2BehQVNIa5lbWbLWxIF5g0QHs4uhlgtXjITKuJRCRx3qTFVJFh1tWvuW0cmGeR4bzkt4KZEFEPcE6FIjjAFoNnjbFdxdsjJtChH0i5hBegPgiMfmoykz24tXXGHj1EYN1%2BNztH9T9MOJQkzjsc0wRxAhlRqK69neiOO2WQWw8IHWQQ%2BoUNALm5H%2FlbkW3y2JfXt9esPelz%2BZxCdiC14ETB5Zbjrym1KjhHqha3pgBiQgr7UeTb38DS%2F3dGSHVQ0r9Wtc5Y%2Fp8y7SUfXVV%2B5D7i&ptyp=4
929884,G:NHA_20260918_A:SGN__1-0-0_ECO___1191365481,2026-09-18,Economy,Sun PhuQuoc Airways,9G,2953,9G 2953,Nha Trang,CXR,Cam Ranh International Airport,Terminal 1,Ho Chi Minh City,SGN,Tan Son Nhat International Airport,Terminal 3,2026-09-18T14:25,2026-09-18T20:25,6h 0m,1,False,1446056,14109,1460165,False,https://www.agoda.com/en-us/packages/book?cid=1753802&pk=G%3ANHA_20260918_A%3ASGN__1-0-0_ECO___1191365481&pt=AAAA.AAAADOlPg9tF2AQNsU6VB7I0H6tfVRXTfYE%2FJVdh84rx1fL8a%2FfB2WxYp3G%2BaGKzWfYP79W6lWvsTEs4FK9vIVBY6YF3%2B37iOHBBYFjvJCDfIFXOoXObxUz8ZZ45%2BV%2Bnhc169oekU763teaTyBv2Z7mfI%2Fo8zjCCVXbJXNIrk2%2ByY1XVVtp99Qt%2Bhw6jrv6RHVCCcZVEz0hg%2BgKztv%2F1uIgPUFflESd3NsD67i5BQ3AzDajL01Y6g1WndNpAdWYb21dWhNGJvm%2BnnZQ07lKXfLM%2BfTrpoWGU%2FmimSZH2f7GcWnymcXyPVbXK0XX3sPKJjT497n96brnvDkCsBnjqU688RjrgSfXe&ptyp=4
637916018,G:NHA_20260918_A:SGN__1-0-0_ECO___1832533438,2026-09-18,Economy,Sun PhuQuoc Airways,9G,2953,9G 2953,Nha Trang,CXR,Cam Ranh International Airport,Terminal 1,Ho Chi Minh City,SGN,Tan Son Nhat International Airport,Terminal 3,2026-09-18T14:25,2026-09-18T21:05,6h 40m,1,False,1446056,14109,1460165,False,https://www.agoda.com/en-us/packages/book?cid=1753802&pk=G%3ANHA_20260918_A%3ASGN__1-0-0_ECO___1832533438&pt=AAAA.AAAADLBkI2M77ymz%2BoEC49Ci3AdnEMLj0Ai9fCggGBzYu495KzhyHOYgwgqdCwp2fDoFr1f4lUz1PBEXhDEiLJCX5LFNG3uNK0IiYRkFPz%2FAuxvIxWngBfU%2BL9UgKO1s0L6rLofYU8g3FJzjP7jpV9vQweqUxbnUXrwNC9vg4oNF%2BLyW35n2GNmmOpc2yKtdmIlV28WYbOzBddXl7Q%2F%2BJMN34WdTeFjZpNDBr3ETnOKn%2FRqEU9UjbZuW08Gb0thjYj8cvWDc3tjNLZXcRXIX2iSiz3ZRozeOFAQ9WIMII4DowqfHvwqY52GL%2BeEeTWbCQ4xlF9yXiLNCS3a831qqZCBeQ%2BCBdZ%2BXAHBU&ptyp=4
1003855657,G:NHA_20260918_A:SGN__1-0-0_ECO___726625382,2026-09-18,Economy,Vietnam Airlines,VN,1530,VN 1530,Nha Trang,CXR,Cam Ranh International Airport,Terminal 1,Ho Chi Minh City,SGN,Tan Son Nhat International Airport,Terminal 3,2026-09-18T11:50,2026-09-18T21:00,9h 10m,1,False,4238894,85020,4323914,False,https://www.agoda.com/en-us/packages/book?cid=1753802&pk=G%3ANHA_20260918_A%3ASGN__1-0-0_ECO___726625382&pt=AAAA.AAAADDwcKWOMpSfJfsjJ0RyD3RPN7Awem5YM0okFiXHsiOcsn9T7ExAzsd%2F6SmztO74Ln8wAFkGbQOjRQqQEKDRigHn2Tlnd5WrLyBmhGAHDle1as4m2cGZBZBAtd19cqA7lcrQNfJAIxB0wRJO6uZ9rsbg4Qa0HvemG1IIm%2FFyv0%2B8VDBPRv4HSEolrqgEQOQrWTQtBwjtH3IlL5B0KFeQD97WXB%2F0bypRc%2BwMPDmHe4t8aeoXCK%2F86ZtR7qyfOkVJO3Od2iTrHVhiEieaNuhtK4YPIAIkpOya7Wvt%2BSqX02mFmgKOsGzWCsUXnxBkbiiJUHxzI%2BcRfZzsVw54xgKNvKyaTGWVuo5gyWX7O7d2%2FBOaHwY3%2BIaiXJtJR46BFAYn2V2fi&ptyp=4
529448248,G:NHA_20260918_A:SGN__1-0-0_ECO___2030175363,2026-09-18,Economy,Vietnam Airlines,VN,1530,VN 1530,Nha Trang,CXR,Cam Ranh International Airport,Terminal 1,Ho Chi Minh City,SGN,Tan Son Nhat International Airport,Terminal 3,2026-09-18T11:50,2026-09-18T23:10,11h 20m,1,False,4238894,85020,4323914,False,https://www.agoda.com/en-us/packages/book?cid=1753802&pk=G%3ANHA_20260918_A%3ASGN__1-0-0_ECO___2030175363&pt=AAAA.AAAADEIgjQOeewr8kAn7cCDQKJJ%2Bb1SH2BtMng7IZKN%2FMXpsh7Ti6K3HUMagxQUjp%2FYgGZEulhi2xJ4OrBk9NUEZ9tkEj%2B2QVC%2F7w1SN98tFbPAZ0ljqYYgzZz8uojScUcN1myvxLPUJesVjAmrZOsRWBvpuKkv9ZyDjkJFK5wrusq%2BV3RGbRNe1ZbZe0XPl4b5as4%2BMUNkPFZRCOrg96GIdn20eohcl7IkVpkFYav1HC8ASC7hm5Mlsw%2BEDtJzagWoejAZiTeCoiqtyYwi%2BHW06eqvWnsxYOoUUdI1qwGJNxEUDTYyCfBpNbqX%2BPakj7wrnIZdwI1F09egkaroHDQ0bxaelOrn1cYuTy%2BwnmaPpJfDiF6Us1a70DWI9NZnlP0LP%2BqI3&ptyp=4
183509242,G:NHA_20260918_A:SGN__1-0-0_ECO___1615511608,2026-09-18,Economy,Vietnam Airlines,VN,1530,VN 1530,Nha Trang,CXR,Cam Ranh International Airport,Terminal 1,Ho Chi Minh City,SGN,Tan Son Nhat International Airport,Terminal 3,2026-09-18T11:50,2026-09-18T18:30,6h 40m,1,False,4660665,93480,4754145,False,https://www.agoda.com/en-us/packages/book?cid=1753802&pk=G%3ANHA_20260918_A%3ASGN__1-0-0_ECO___1615511608&pt=AAAA.AAAADPD3vnB46BdNaOU3ZJqUdhcvFXgLFnxxerWUgifJ3qDDFWSky8TqYVe9XCQu0hiOeqy5GVhWANQndfHuhy9jD9JQlMXScZbYvVqKKpLv%2BsPxFTpeCJejpeqbJut9N06DnLWM7HF1UlKRPw486%2BF%2F229Icpdv0NamC47zl48haZ31sbCz1%2BSN4eUgnLJ4M%2Fgiih3pp3DuOueJMqmsF2%2B50GoT5HGsmq7DYRG1wWqLcXJpUebCNy7AxCrKLeW7O3loA4xq0b0BTA0jD%2BG2DXqpUAp2B4ITTmrOFrwSzX33HgH164oHTHI%2BmSuM7Fk1fufbk2NIsVOu67wQM8nnw5t%2BiILMTVaArt4HfqRvgTiTyCtQNLmnMbRafEIAE5PUPnUZ%2Bxn%2FgWY%3D&ptyp=4
1992274553,G:NHA_20260918_A:SGN__1-0-0_ECO___134918300,2026-09-18,Economy,Sun PhuQuoc Airways,9G,1144,9G 1144,Nha Trang,CXR,Cam Ranh International Airport,Terminal 1,Ho Chi Minh City,SGN,Tan Son Nhat International Airport,Terminal 3,2026-09-18T13:00,2026-09-18T22:45,9h 45m,1,False,6453282,0,6453282,False,https://www.agoda.com/en-us/packages/book?cid=1753802&pk=G%3ANHA_20260918_A%3ASGN__1-0-0_ECO___134918300&pt=AAAA.AAAADLI4qYpjfJeMlpR4tkkX3g9GYxihYRG02P4nXlSD2B58LpO5Unk6I2%2FYTkMk0fq81wmr%2F68lpso8EcvrOPYrFNSB9RVv%2FrP2EV84Nmk%2FQjh1VQJcshtq%2FX6cM0JyEAAgJGFKDueO9vE1D1rIpDI5rtDxd9pfJkHoyo0XiF%2B3t0xStNSAvozq%2FIs7Tm6XI3iLpm8op%2FrxHU3lxIjx8LsGJ9D%2BlXomlV85AP4WkEBISYd6i186gUPlkyzuvNMiJNHhIjjaD0Xb8tL7uMIowCt%2Fr9PxZn3f508uPN83GUKa3aTQkA5i55sxehTfCMv2DGh8ACHvakZsHOi4kor8GQ2ezbFYMp7NAX1LWuxGJdkm%2B1haq6WFf6EL9w%3D%3D&ptyp=4
993929498,G:NHA_20260918_A:SGN__1-0-0_ECO___2145892554,2026-09-18,Economy,Sun PhuQuoc Airways,9G,1142,9G 1142,Nha Trang,CXR,Cam Ranh International Airport,Terminal 1,Ho Chi Minh City,SGN,Tan Son Nhat International Airport,Terminal 3,2026-09-18T09:45,2026-09-18T15:10,5h 25m,1,False,7286503,0,7286503,False,https://www.agoda.com/en-us/packages/book?cid=1753802&pk=G%3ANHA_20260918_A%3ASGN__1-0-0_ECO___2145892554&pt=AAAA.AAAADBeDFjyXUWQnwsqhF64XcFr0A5QqDpFA1ky5dHTbbnRH8y2AVRzxaPrMZ8FHXVp%2F2s4tDrVBHe%2BlVms%2FqB0E3yFaUrC5oJAAP5Q4Bj%2FWBUNpleucUkc2tZCqtZQHAiuiuhe01bh%2BT%2FmwFXGUK%2FYf06Ksvx1Y1dmUkOUeHXsrDkRyVV3voGQpa%2B4A7xc4yorjn4KDDaPikz14Trgh7oPKUm2OmgqsGCOcjcYfGmmG3tUjUdoXVcegcqed%2F1wZYSD2WOopvN6iNYFDANDJWPEHwoS%2BQIDk9iIOoqmrfOItoCi2w9srqxHIhbN%2F5gJR7KGSW4Qo8hqBxviQ8Z6d&ptyp=4
2120262980,G:NHA_20260918_A:SGN__1-0-0_ECO___818664419,2026-09-18,Economy,Sun PhuQuoc Airways,9G,1142,9G 1142,Nha Trang,CXR,Cam Ranh International Airport,Terminal 1,Ho Chi Minh City,SGN,Tan Son Nhat International Airport,Terminal 3,2026-09-18T09:45,2026-09-18T17:40,7h 55m,1,False,7286503,0,7286503,False,https://www.agoda.com/en-us/packages/book?cid=1753802&pk=G%3ANHA_20260918_A%3ASGN__1-0-0_ECO___818664419&pt=AAAA.AAAADNU62SlqPYMMJqeAtUBkAU6GLeRNMWzC5LdpHWj3z1PiMTVzP5AY9fQEbq%2F2cq3tqr29YphWxkgteZVVJYxQBnqQVOBHjnbOecYuzvG9%2FK0op1mntNgNmAzR1Lj4Ru%2FUW7DKFlMrdhgXyy8lO1lsrtukkBvNga5Tft8kBdUcKgkCAdcuoZIbY7BR%2F0xMul9t1nckS7OJOG4FCpjnOcBkVp2xNtdUswcdTJxB0reYc6GGEfxpdORtHuuWin5Bvqs487mLu9jkze9bpLK2%2FGxizC5QQvEbcfIF38Uj83Dqt5GBJKTf2iXydpAExtK1otjL4LBZ0gMhw1C%2BjM1b&ptyp=4
1552043909,G:NHA_20260918_A:SGN__1-0-0_ECO___465472692,2026-09-18,Economy,Vietnam Airlines,VN,1552,VN 1552,Nha Trang,CXR,Cam Ranh International Airport,Terminal 1,Ho Chi Minh City,SGN,Tan Son Nhat International Airport,Terminal 3,2026-09-18T12:30,2026-09-18T17:45,5h 15m,1,False,8373169,81697,8454866,False,https://www.agoda.com/en-us/packages/book?cid=1753802&pk=G%3ANHA_20260918_A%3ASGN__1-0-0_ECO___465472692&pt=AAAA.AAAADA3j9b9nguEvVyMdvSRD8%2Bt2eUaOrf3fCNa2sYruY7RXTHIEJ%2FPViMANdh6Npp%2BlAcWie%2BbruIpS1M%2FJTI6Xq67Z0FNjFk0ccNReQu4ryvS0Cd28KW5FK8gNte5Aw2AhyBsT4gcTkIt5vFuUbN3zUx26vWAoJeZK8g1Uj4PuCNYQdFDBtVsZSgisgnbqDhZqnc%2BKkBPOMObcv0R%2BgOXngZR3RkS4EEP5hZhbyIulWLWOtHM5Y99E4wg18UBrFcPY2XmDFgDZ%2Fub1iYOvE%2B87P4xmoxe5cijJbYvijgHVUFcB9q6NjC%2FO7maR%2FYwcpYRZZXEJFX7VO1apXrhNgVDdPE9Qo4XaL%2BMpOrfjgSNyiRZiJFbZyfM2%2FSRNtU8aopJo9he0KBNAfo9YnLCSwX0DA1tmXqk8wi2EAPtH&ptyp=4
688051670,G:NHA_20260918_A:SGN__1-0-0_ECO___1340079847,2026-09-18,Economy,Sun PhuQuoc Airways,9G,1144,9G 1144,Nha Trang,CXR,Cam Ranh International Airport,Terminal 1,Ho Chi Minh City,SGN,Tan Son Nhat International Airport,Terminal 3,2026-09-18T13:00,2026-09-18T20:55,7h 55m,1,False,8491302,0,8491302,False,https://www.agoda.com/en-us/packages/book?cid=1753802&pk=G%3ANHA_20260918_A%3ASGN__1-0-0_ECO___1340079847&pt=AAAA.AAAADEoTcMdA67o6Pr6NCMSnGiq5b%2B193mxXgQofic8Ku4KMMYhX9o7j3cTz9rVkPZQSiZq3dF2VwkrucnBjNMmApLMkPYsSbVzYRY%2BpKOC3gbGzIHNANq8h0Q6%2FlwqX3JPSOXrMZLjdK6Wrax4zOAMXBgPd3SDWJyPbLr%2F40L%2Fia9etH%2B1Gph2y3D0bq0X2CxY0eioJxE5spbsOOOWXXHhGcgnbjjkpQ%2F1aN3WVs4C7s3NoofITJTiJXUfKOvZBeyYSA46ajesAPds3%2BC5OzCdUD%2BDBEpVGN7mvu%2BaifvRBM5R0UAUW4uPvgg8nIUJZZmTcT6zI6BJzCcAiD8%2BT0wQMOf7eb9cnjjx4Hf%2FPFG9%2B77alEg%2Bw&ptyp=4
706857507,G:NHA_20260918_A:SGN__1-0-0_ECO___1477799011,2026-09-18,Economy,Sun PhuQuoc Airways,9G,1144,9G 1144,Nha Trang,CXR,Cam Ranh International Airport,Terminal 1,Ho Chi Minh City,SGN,Tan Son Nhat International Airport,Terminal 3,2026-09-18T13:00,2026-09-18T21:25,8h 25m,1,False,8491302,0,8491302,False,https://www.agoda.com/en-us/packages/book?cid=1753802&pk=G%3ANHA_20260918_A%3ASGN__1-0-0_ECO___1477799011&pt=AAAA.AAAADHqjiWkMD4M8yZQTjwkAVnGQ4lQ8lmwxr55STMJlphXF70r0fxbCqUSBeyn1206L7ADUpz58qUAhTupzSFXHaOduBn7g0AIrETe1SjwQhATDB4ptfwl3Vkn73yr7xsDuXbQ3MdHIMr%2B0RojgZqL4PiutoENFGaxSpbSCqI0jOsoVHnFbN9GQ%2FR0BK64x1xtcBy%2BOebu5Tnq03sCux20RRrgUqw%2BYhONzwMav1B5AODlxh22d0ViBes8y2UsuqYDy6RdOEvH8h32JioOPETJKWfYWy1EyPl0rRWPL9jRhr2B%2BxcMmAF9LIt5DasYX%2BKmsAYfVhG0f%2F0WJTqf0I75BnBx9UZE%2FT6pYG7IfQASmJN64XvSEnw%3D%3D&ptyp=4
1125036430,G:NHA_20260918_A:SGN__1-0-0_BIZ___1893642213,2026-09-18,Business,VietJet Air,VJ,609,VJ 609,Nha Trang,CXR,Cam Ranh International Airport,Terminal 1,Ho Chi Minh City,SGN,Tan Son Nhat International Airport,Terminal 1,2026-09-18T08:00,2026-09-18T09:00,1h 0m,0,True,3486975,0,3486975,False,https://www.agoda.com/en-us/packages/book?cid=1753802&pk=G%3ANHA_20260918_A%3ASGN__1-0-0_BIZ___1893642213&pt=AAAA.AAAADAgtOytFymaAS3JAa2mzsFxXNt3%2FDRk5xJBa9q639ObE1czreKzlCaSo%2BRhWvYTg%2B%2Bj5mMcVjgZcrrUsa%2BxUix5hto6mQPgHagBZQwBNW7tTpTIkWoPl6MD6V3Y7sRhohhaV8pMc5N7K5DOJl2VNE%2B0%2Bfe%2FRqFDMHAZAohcKt1OiFnEr5Jap6neUaHF51WZOmLcjMgHy0k4ea8%2FqbMcvKM0O%2F%2Bybf%2BRQSY%2Fql36XJHmQATw05unLwMgqCBCwzV0seqsVHCo4Lr%2FBq3G04TZowdSwJ8nv2OXYdYCQR%2FeeeH4E57P4gAUdx%2FphtF6KYADrEPnpGsCjEXM8w01R6%2Fvak0yT7xc1Jb5r1zLCCi8Uj5ZNF5kLLw%3D%3D&ptyp=4
339999525,G:NHA_20260918_A:SGN__1-0-0_BIZ___1181965692,2026-09-18,Business,Vietnam Airlines,VN,7341,VN 7341,Nha Trang,CXR,Cam Ranh International Airport,Terminal 1,Ho Chi Minh City,SGN,Tan Son Nhat International Airport,Terminal 3,2026-09-18T10:35,2026-09-18T11:40,1h 5m,0,True,4051296,81257,4132553,False,https://www.agoda.com/en-us/packages/book?cid=1753802&pk=G%3ANHA_20260918_A%3ASGN__1-0-0_BIZ___1181965692&pt=AAAA.AAAADMHDsjyQDv87yv7ntMHXk0xXgaRv2K9oIXDtHuo1OhkEQ7ocg3UDJseGfdr%2FJnHbi1sjZeMjsXggrAFrXpNyx4IOg0ZsIChglsA%2FAcbwtlR6YWYtXsn2Ic6gqXovovKCwPNDrzecrncOlxwe2KGPWzTuTVUw5%2Bk8VcZ9HPP6Yj%2FacjC0W9%2Fu3gK1ONKerzf8FNPaQaUi5L7x620sBghHJS6b5%2FLL6eXxobEDOHbzkji9ryrqsaGXjKeRsWQF3wrZwafu0n3LCPLhwi%2Bx685%2FOMJLrMN5YWW53CJhYuPW%2BD%2FETE1XiqRpjpSr%2FyRTtp2lIakSNCZJCfKtVxO%2BORS2L7sPfeSiMyDhyjGOgjmPlHASR5axIA%3D%3D&ptyp=4
1886552164,G:NHA_20260918_A:SGN__1-0-0_BIZ___1317147691,2026-09-18,Business,Vietnam Airlines,VN,1345,VN 1345,Nha Trang,CXR,Cam Ranh International Airport,Terminal 1,Ho Chi Minh City,SGN,Tan Son Nhat International Airport,Terminal 3,2026-09-18T14:40,2026-09-18T15:45,1h 5m,0,True,4936176,99006,5035182,False,https://www.agoda.com/en-us/packages/book?cid=1753802&pk=G%3ANHA_20260918_A%3ASGN__1-0-0_BIZ___1317147691&pt=AAAA.AAAADMzNo0IL6VBCw0lapohftP8Yud9p5EV%2FvZSzbwqSSUn98y0AESdi%2B3H8nOJC4Zg44IhqD%2BqoiEnhgjZcg5RpYwr9qrc8SLAYtMod0W%2FJEkR9dzIjQuR5uLpcFEufo3W6UoLRJ2CPlN4mICFzqEbnZ63gUAYI2gzZL7DkTsXfxiBiZGv1HIj1WYsgNf4syywBZyusL6hdF7dKjDWKvjgaDp2O4eRNPltiWNRxY20F3LExxHPMxHHukLHL%2BBMEZl8XQui%2F6bvvbFaNxeXlxRgVJbaBEX%2BfbMx19pPHXQSJRNwmF%2FX%2F5oFDr1AB4ZyLP8qelvf6mezAOEX2CJXZcXcmrLeHwPSN4PuuGtCfHIicpw6wYihQHGS%2F&ptyp=4
1706862009,G:NHA_20260918_A:SGN__1-0-0_BIZ___8232368,2026-09-18,Business,Vietnam Airlines,VN,6151,VN 6151,Nha Trang,CXR,Cam Ranh International Airport,,Ho Chi Minh City,SGN,Tan Son Nhat International Airport,,2026-09-18T20:55,2026-09-18T22:05,1h 10m,0,True,4936176,99006,5035182,False,https://www.agoda.com/en-us/packages/book?cid=1753802&pk=G%3ANHA_20260918_A%3ASGN__1-0-0_BIZ___8232368&pt=AAAA.AAAADNy92fwb3pc4DbOJCpbppwbpkfgrBt%2F6%2FFAuT3dIq5uY%2Bs9Z7oHq%2F2R54Hg0Zgv%2F7xO4aL5IySrG%2B3lsDErJ0hOU3yBZhDJMKou8pH21I9EOLyAF4Wq32WXR2iqrp2KOsX9nXJ2uNEi%2BtUa5ZonQXB593I7jgFX%2FrG9VF%2BHqX6w7uQOJbISUqIVpFS0tgsvc545MQ%2B0iSvI%2FnXmEGssRvYG9bBcrcfnEjvVrzodUxxKnCbjRHxl0NJiVAoFvjcHzfgzMs04bjjjEvdQahAKgAl2bPTQ9%2Bsgws8B4ryWWpBYOFDUce7F78jbewJ4vsAXoTOL5%2F1pXMRkQK965ePmsi7tpPdnqCWyxaIbf9h%2BR5T%2F%2Fnm9BYytgOjtyKlHi&ptyp=4
55848203,G:NHA_20260918_A:SGN__1-0-0_BIZ___1071681103,2026-09-18,Business,Vietnam Airlines,VN,1343,VN 1343,Nha Trang,CXR,Cam Ranh International Airport,Terminal 1,Ho Chi Minh City,SGN,Tan Son Nhat International Airport,Terminal 3,2026-09-18T10:45,2026-09-18T11:50,1h 5m,0,True,5084528,101981,5186509,False,https://www.agoda.com/en-us/packages/book?cid=1753802&pk=G%3ANHA_20260918_A%3ASGN__1-0-0_BIZ___1071681103&pt=AAAA.AAAADKzSHEydAx7DEMLTdX4gXw94RfT8JdMKJDQNzU09HbpS1t9ysQwSRTQ1Mk8wsfayrveXet7phbpfFh07YGUInLF2qFgg1TdsikwW8SZQB8%2BK8nWrWuydZ5UpT1TprDUWH1%2B2Dp21NtzA%2BvLwodXHUrcFM46w%2FNFAGqSbtOFBzF%2B07Th76iplGlHZzaFibNG1g8pcYv%2B5YclbnV5hxQonkNolXuYI7Kqy6p3pilP139MkF9aWb%2F8ioiNKQDJTF1iaUOgpQU5PjAtXenT6vv%2FeYNOwcGuCcO2C4sVIqclB89rAJnkP7Xig6oVBlsI%2F2iKbkK25ueTsFugSQabuo1VhlFRMbwulPLwyqdq9n4NZTl5GkHOMdL0JIA%3D%3D&ptyp=4
1697453032,G:NHA_20260918_A:DAD__1-0-0_ECO___833386613,2026-09-18,Economy,Vietnam Airlines,VN,1940,VN 1940,Nha Trang,CXR,Cam Ranh International Airport,Terminal 1,Da Nang,DAD,Da Nang International Airport,Terminal 1,2026-09-18T19:50,2026-09-18T20:55,1h 5m,0,True,2839239,13301,2852540,False,https://www.agoda.com/en-us/packages/book?cid=1753802&pk=G%3ANHA_20260918_A%3ADAD__1-0-0_ECO___833386613&pt=AAAA.AAAADDhBKAhkWmJIz1LckNgPHIZhlQ8CQb%2Fnx%2F6e8ksXyanz4Y88X6MRjUS9VBYhgUmcHHhjj6nkqMWfAGHov9t1xFb5Spqt0fEpBL2bWBKP0vvJr8xQSnhf%2BpTu1fhQCyU9PN7G%2FhOnIcwidFicW3Mo7ctibFTNAUYPB%2FoZoVDBTLNo0hMjMEYdQiVYkb2xMIwlu9GuhEA7dbhjVJWVp8fpWmMJxKaD0IulqeWGfGYOtGLRs40619fO0HPI8WvL09UNcQDi5gIVsSdARhQAbMVhUgGPsfvH6GKydWM75VF6O0x3dyTque%2Fp1QVdfYPh8qsoERNHRf%2B7AJm50oTDmSp923jgEkwoAhLHusUL0%2BBO7%2Bk%3D&ptyp=4
1422337998,G:NHA_20260918_A:DAD__1-0-0_ECO___384492967,2026-09-18,Economy,VietJet Air,VJ,609,VJ 609,Nha Trang,CXR,Cam Ranh International Airport,Terminal 1,Da Nang,DAD,Da Nang International Airport,Terminal 1,2026-09-18T08:00,2026-09-18T20:40,12h 40m,1,False,2478013,0,2478013,False,https://www.agoda.com/en-us/packages/book?cid=1753802&pk=G%3ANHA_20260918_A%3ADAD__1-0-0_ECO___384492967&pt=AAAA.AAAADCRIJIuUAYKyb9Wd6saUETw4kz7OxBFj3g%2BqiJakEQMVcX1WB9S24p6luiMKZDeCQp%2FYoTTGQrS0F0DVS8eF486nL3Nt%2BYGCeSLDe3mI%2F6osYjZIsjYQAD6uMx7syYTa3sr3d2dmvpXYFqnHeFcgB6BDlUZU%2Byl1Qh7p%2FW%2Ba6SNgymmvoaT44OUbDdAIIh4PNeIXOts2501dQNPWcTZA%2BfcFSfDv2NDu48Ov4saALTPpTqR8BU62c%2FCNpdhe2wHYRn9Az1sAaYmoSX%2BNNQY9KugwNjGAqr35L7KSJbqOUSxalQO%2Fart6okk0xw6RsDiS%2FW3wi5TLD4chFQsuZNophB5t4k7tO%2Bn2&ptyp=4
1318214172,G:NHA_20260918_A:DAD__1-0-0_ECO___2025229601,2026-09-18,Economy,VietJet Air,VJ,609,VJ 609,Nha Trang,CXR,Cam Ranh International Airport,Terminal 1,Da Nang,DAD,Da Nang International Airport,Terminal 1,2026-09-18T08:00,2026-09-18T22:00,14h 0m,1,False,2478013,0,2478013,False,https://www.agoda.com/en-us/packages/book?cid=1753802&pk=G%3ANHA_20260918_A%3ADAD__1-0-0_ECO___2025229601&pt=AAAA.AAAADGaOUXHz9KilrYk%2Bs2Uim4UA8tfbTWMBNVe3TofyaO2b9SHeQB6fs5%2FWNVaOmYp3xfMvtyvnu1Z4cP%2FEgWhp8m%2Fn9aVdUWVwHTKaGtZO23Mj5wMRn%2FkQnKgZrzxAfoJzUmkeSE%2F3GYt3pXPpNKxnCe0g6jSflEvuXlL%2BWdywYdp2B3%2BbFciYqeAeUljjoToPHDOlk3H9OM%2FwsWv8X%2BxE8BxSgzOAFyy45DT2jmhfIWUeOi9f5%2FDbwjv71uzsgCYDP3gUYTDG41WVt4Gp1UPW%2BYmUYwYHRBdwOPd4%2Bmn0saB96x5fIiDZj%2Bs006Dd7o8Fp25wIBrh8MCGA82ZPbNbNscT1SZ64ksf4Q%3D%3D&ptyp=4
1127102871,G:NHA_20260918_A:DAD__1-0-0_ECO___1044125740,2026-09-18,Economy,VietJet Air,VJ,609,VJ 609,Nha Trang,CXR,Cam Ranh International Airport,Terminal 1,Da Nang,DAD,Da Nang International Airport,Terminal 1,2026-09-18T08:00,2026-09-18T22:30,14h 30m,1,False,2478013,0,2478013,False,https://www.agoda.com/en-us/packages/book?cid=1753802&pk=G%3ANHA_20260918_A%3ADAD__1-0-0_ECO___1044125740&pt=AAAA.AAAADMfKzJp1Bi4BQwhXHVpCWv8LwS9Y7Z6qTlUUBjFg7xQhBsG99Z%2BDtwaFhZbU7RftIC%2B%2FHHrkgAWVzQxA007g%2FdZUlwkHHmqq6dbXt5Yw7%2FGExNTIoZ7p%2FQSlBNslWSvs7E6j%2BWCOQzJqeXPpLlCrQYb2%2Fn86yIGaYf4w3EB0uvT%2FdBwLcSIdSk1UBdPAbQMBDVIR2%2B0GK4o8uyIg4vWfOOWcpaFWTuYa1Cf%2BFd1wwYxB49rWctAR69%2BDr%2FpfS49Hkdry%2BgSQ690nVfDMcqq8BZBZdcSfoRfRnQ4DRcpi8H4aoU2Pl3y3JzOz0Wru8DmSWZfN7mwchkYKxlyfaBElKAqpPFZ3yxWoPBg%3D&ptyp=4
534972703,G:NHA_20260918_A:DAD__1-0-0_ECO___1941802453,2026-09-18,Economy,VietJet Air,VJ,609,VJ 609,Nha Trang,CXR,Cam Ranh International Airport,Terminal 1,Da Nang,DAD,Da Nang International Airport,Terminal 1,2026-09-18T08:00,2026-09-19T06:20,22h 20m,1,False,2478013,0,2478013,False,https://www.agoda.com/en-us/packages/book?cid=1753802&pk=G%3ANHA_20260918_A%3ADAD__1-0-0_ECO___1941802453&pt=AAAA.AAAADKQUB2sJjGUGUfKD5ZfUy0lKn6QK%2FAZ3djIxBUIXEEBOD3jZmjEQ8S43N2TK6c2%2BA%2FOfD4AYDYhyNovWXb8uFEb7hmYoQwSiWdEU9ihPUJiJ5K%2FMeN8eGEkR1FJK5vzOlpwn%2B%2Fuk5Cf5mQpCEOvKxNUZtImjGZ4vMUSpbItn44%2Bcrqv59VMJ7kqB8VysVFz5X5mWh%2FYi7sV31HG5%2B0OC%2Bx6bdzFNGeilokRbv2K0s9B0hzH1Ljs0LCIuZlrVCEa5m4%2FaWu9O8vwKLgJ4K%2BOdjXMZ8GRePHQOm9ME7H5tlQC5YF%2BcXOm8QkD%2FYIv%2Fc8eHkOcWuASGfclWhRup9A2Qg9S8tx0cdkBP&ptyp=4
81875593,G:NHA_20260918_A:DAD__1-0-0_ECO___50777201,2026-09-18,Economy,VietJet Air,VJ,609,VJ 609,Nha Trang,CXR,Cam Ranh International Airport,Terminal 1,Da Nang,DAD,Da Nang International Airport,Terminal 1,2026-09-18T08:00,2026-09-18T20:20,12h 20m,1,False,2657674,0,2657674,False,https://www.agoda.com/en-us/packages/book?cid=1753802&pk=G%3ANHA_20260918_A%3ADAD__1-0-0_ECO___50777201&pt=AAAA.AAAADGOzrzozRIE1ulQdNqpgdLRJLEvVyoUgKlpPLBBVssugXhjLl578GRGzBCKMsVgKtRTKwHRSGoJDPLF7D1cn5MsINkLbWHH5kMTLS6j2rS8JnubFQiF4W8VXRbmPz%2B63pIYsLwqaXBL7xeJcxRfgEaP93T8fo3AitxEEX6uGtfSmuxrWlIo3OVNLtYrvgF385QvEIa%2FI%2B536r92RIyoEK43U%2FavZbsw0pBZHlkpMYYO3SvmVvyGhCL00rjXPDMI8XFEJ0CNe84C5GbIsgnNNQrXnVtXyzYE2gZjGX6m%2FelNalwkyibuRkOTnn3mvP1d8odOpMriEcjBRDr%2Bh0Qvh%2F%2F3veQ%3D%3D&ptyp=4
578271501,G:NHA_20260918_A:DAD__1-0-0_ECO___1865160461,2026-09-18,Economy,VietJet Air,VJ,609,VJ 609,Nha Trang,CXR,Cam Ranh International Airport,Terminal 1,Da Nang,DAD,Da Nang International Airport,Terminal 1,2026-09-18T08:00,2026-09-18T14:20,6h 20m,1,False,2899955,0,2899955,False,https://www.agoda.com/en-us/packages/book?cid=1753802&pk=G%3ANHA_20260918_A%3ADAD__1-0-0_ECO___1865160461&pt=AAAA.AAAADEwUCbg3ONfZr4%2BkeW32RQ%2FJGITCx%2FJVtbKIVycja684pZ9wm5Jr7XHCxcYmg6WcaOkjxY7diLBnKvvaKuUAjq3%2FDl5WSappfxwz3uuqkPufXd8HQFMNyGj08%2B9olrWLPAfJWN4WtVH0h6cobqd2CSSzK8AkxC8ICTIAaBH94aD9aGnJJ1rZd1%2B1WLUTdeL%2FMG2E4EFK1RZQu0AyxkbnTibGU5PEZMrHzdtw8QKb3e3X%2FCNrH1NeN0Bt6a%2BAesoiMIjRFUddPFdxLt1BDJLXA9cwJvMO7skhj5kVtD%2F0O%2F1NwhHx9rkm8ALS5sx2t59j2iYbb5RmC50zl3YxFHSqMVhqnsd3&ptyp=4
884465763,G:NHA_20260918_A:DAD__1-0-0_ECO___1995527635,2026-09-18,Economy,VietJet Air,VJ,780,VJ 780,Nha Trang,CXR,Cam Ranh International Airport,Terminal 1,Da Nang,DAD,Da Nang International Airport,Terminal 1,2026-09-18T20:35,2026-09-19T07:00,10h 25m,1,False,3797384,0,3797384,False,https://www.agoda.com/en-us/packages/book?cid=1753802&pk=G%3ANHA_20260918_A%3ADAD__1-0-0_ECO___1995527635&pt=AAAA.AAAADLC62PVzSTlHK0FCgxJoNUwAUZmZ%2BSAM3DnUSp69evgboitpNOidPg6ji9axRIinK0usvcNtx6XVVxYfyK45FQjoCNtaAC6okhXuBj98h2sYfr7w7glgn4cqCGpjA%2BAs1dNv3QXujnGt%2BUuQPyWZ6t1xe4P9dp3O5r0WIjEingacCi2iXUi%2BAXWrcW%2B1%2BWsD39uokchLxNlky5BAfQdPZ9d8dU3bHCsf0zf23BQ5zx%2FrSUG2yfH6P3NdNIsNoxLod4DTDCVB5cx5CD%2BLUxAu0KIzfWmxoDgUXDWYvQBrh%2FbVuB04q3vGlsleYfKgLSOVUSdhwGecvOkUVh1aGy%2BBaaVNv1PJTTM%3D&ptyp=4
1197663758,G:NHA_20260918_A:DAD__1-0-0_ECO___1811164451,2026-09-18,Economy,Vietnam Airlines,VN,7341,VN 7341,Nha Trang,CXR,Cam Ranh International Airport,Terminal 1,Da Nang,DAD,Da Nang International Airport,Terminal 1,2026-09-18T10:35,2026-09-19T10:25,23h 50m,1,False,3972690,0,3972690,False,https://www.agoda.com/en-us/packages/book?cid=1753802&pk=G%3ANHA_20260918_A%3ADAD__1-0-0_ECO___1811164451&pt=AAAA.AAAADNdeS5Jwb86EYsVvy56EvcsZmZgcBYzNxuEDd%2BtYFAmOBqW%2FS2EbVIeksn8IZhqBJyzH9UB6bLlrg07Ro%2BzcJEP2ROqHYGNw%2FzmemxEZwRIPlai1yI4Sr1h9y%2BaXrZgOT9rDEWH%2BKi0yyYappEE7uKo2iasJpNA6rT9EVjoILWgu8tcDu3t9LRyiUOIIhmFDqF7O9QvFTH3YSpI%2Fg6HAG5ougxTPuCLLzVJk9DL7tuE%2BHfTNy%2BbOAHPd4KxyXU0BrLUpEIab8ag%2B2yDGP%2Fo41NcQ8MLjOfFVJmGNn94yb3zd64MMoFiHzR0lSq09wtpty9tZ69%2FoR7TwTvAkdBIZYO5inw7GsDH7s52UowV2QMD4vjGbniu2QUUWmKi5L1T220dbkP0I&ptyp=4
1043478447,G:NHA_20260918_A:DAD__1-0-0_ECO___719900433,2026-09-18,Economy,Vietnam Airlines,VN,7341,VN 7341,Nha Trang,CXR,Cam Ranh International Airport,Terminal 1,Da Nang,DAD,Da Nang International Airport,Terminal 1,2026-09-18T10:35,2026-09-18T20:45,10h 10m,1,False,4001791,0,4001791,False,https://www.agoda.com/en-us/packages/book?cid=1753802&pk=G%3ANHA_20260918_A%3ADAD__1-0-0_ECO___719900433&pt=AAAA.AAAADOaJvfS7tuvAQfW39%2BulwNcvxh1U%2BRknuOXsgyVOHOTQzkCHz%2F7s0BCwauAFs0x8TaHm5%2BOSD7l1bLSiV3P%2F9wgw7Tm9XOhEshgjp6cn3AVymOO7UvE0XiKXaQs3Qt0cXeN9Fe%2BScjrpI1gIV1CA3%2BoQTFfxPVj%2B%2B7akOhmnZd%2FOcNQHNhosOGGVjq5a1lrYzXsSQbwO%2BIItPFxxYf%2FFECE97II5sF%2FL4ETXeNQfamVRtvFoZMT%2Fuv9JhgEmLTMLehvWHnmBmPLZcXKADJpgnF8WY0QVw3wmo48pxf6Yvh7OHnIg1irAcbkHbj07%2FT2c%2FClVqBY17soe5nNsU%2BqCD7KYOpusIGlo5Jj6KHqJ1SaYO6QWWZ9%2BRP7DulrjqXd8Fb7Jg5IpKZ4%3D&ptyp=4
1897851679,G:NHA_20260918_A:DAD__1-0-0_ECO___1902173448,2026-09-18,Economy,Vietnam Airlines,VN,1341,VN 1341,Nha Trang,CXR,Cam Ranh International Airport,Terminal 1,Da Nang,DAD,Da Nang International Airport,Terminal 1,2026-09-18T08:40,2026-09-18T20:45,12h 5m,1,False,4022882,0,4022882,False,https://www.agoda.com/en-us/packages/book?cid=1753802&pk=G%3ANHA_20260918_A%3ADAD__1-0-0_ECO___1902173448&pt=AAAA.AAAADGWivGeAi3%2Bq7qrNZDNwY9R6rt4Fgt4sB5s4oon7tNBYD26kbv53LGn3zwRVtYWq12k00djxcymZ3t3NN3DGFgaOyWmrIpPEE%2Bpy3%2FAG5xkKgx6w1EOmId6J%2BXjM4ObtvvAkbnIN5jNWHxEICAdrkRyBXtcttnA%2Fq%2FdikzL8Jf9vPb19O0z%2BeYCDZZ24cpbX6hBTXMnaDkx4eH8LSFfGT1ONUMs%2FtElkrPwo8TD5dfxDbqOvhz2qWRU7dVCChOas6KpBXpGxTs3IHkiLHD4VgtYZRqDWwnS9VnHDFxRzWpRhFXS2qLUYcbcjq4DAzYr1HfL2Xm7idvUl6w%2FC%2Fk1G6m32oZi7cLGj2xP9WNvN7KVCPdA2t%2F0zOAqEnqI%3D&ptyp=4
1726719541,G:NHA_20260918_A:DAD__1-0-0_ECO___866220445,2026-09-18,Economy,VietJet Air,VJ,780,VJ 780,Nha Trang,CXR,Cam Ranh International Airport,Terminal 1,Da Nang,DAD,Da Nang International Airport,Terminal 1,2026-09-18T20:35,2026-09-19T08:50,12h 15m,1,False,4077573,0,4077573,False,https://www.agoda.com/en-us/packages/book?cid=1753802&pk=G%3ANHA_20260918_A%3ADAD__1-0-0_ECO___866220445&pt=AAAA.AAAADLqps88kgkJIY%2FfHy1xme95Xxq6XH65JTn9aEhBjr%2BlXM1w6RC%2BewF%2BRf%2BcVmtJPc608O5a3FGkvyNv9xs0hG1YNxf08g6yi5SYhv6UHl%2B7jmapZ1m20z4znfrNujfWapxYYNwlxXTGJ3vtOR1is72g83vxvPl2uDRUhe90bYhazXgyTmD%2BPZQorek5%2FkCJ5eEFfF6qjSYiyfKxX%2F1JymAr%2F3EMQlwIfyJG5HP9fxB4QJVIOkvJw%2F%2BttAZRUXex6uTHVsgRTfwKn54NRYhgJcQytGOXI%2FMW6y5EtQtO6SMa1wVYl4qSysHMCiCWfwPHqySqJoDaIiCQhr%2B%2Fjgnj5NlWhUV3vS23%2B&ptyp=4
662499378,G:NHA_20260918_A:DAD__1-0-0_ECO___1001932053,2026-09-18,Economy,Vietnam Airlines,VN,7341,VN 7341,Nha Trang,CXR,Cam Ranh International Airport,Terminal 1,Da Nang,DAD,Da Nang International Airport,Terminal 1,2026-09-18T10:35,2026-09-19T09:20,22h 45m,1,False,4253021,0,4253021,False,https://www.agoda.com/en-us/packages/book?cid=1753802&pk=G%3ANHA_20260918_A%3ADAD__1-0-0_ECO___1001932053&pt=AAAA.AAAADCpeS%2B4aBt55uxTda9PMK22S%2FZb8ISe2MJAttBQkIG8ZscfWsZnYhoskwhVu7ZfJxPcxFMgm5og0XJuzRLtxUVNTs8mBJOhwaEl0vDEu820OQ2UzpCt%2B%2FrqvGGnIaf9q5Wj1nRsKJZr0eLbjD%2BdTxwS%2BZNaYwk08bzEZH2b%2BKKMmJxxD4zeaaq5gvGbL6AMlJS%2F9Y97BZpE8vPU04fe0LJojvftb%2BFE%2FbctzDTgXVXrRrXo1OZSc4%2BTcYnXAfCUlPbRCrccSlustZBMkbnx%2FcarAq8OwYkcrcys%2FSRAcZD6FJaR8Ys8LDS4ZQDuIAWiwuCEyqwShNGKiraG1N28HLqo1XxqzcFdQQ8OQgizUm5duwneWG%2FsHX6ot5vPKivu4yeWs%2BQEbsQ%3D%3D&ptyp=4
243236057,G:NHA_20260918_A:DAD__1-0-0_ECO___547121724,2026-09-18,Economy,Vietnam Airlines,VN,7341,VN 7341,Nha Trang,CXR,Cam Ranh International Airport,Terminal 1,Da Nang,DAD,Da Nang International Airport,Terminal 1,2026-09-18T10:35,2026-09-19T12:20,25h 45m,1,False,4253021,0,4253021,False,https://www.agoda.com/en-us/packages/book?cid=1753802&pk=G%3ANHA_20260918_A%3ADAD__1-0-0_ECO___547121724&pt=AAAA.AAAADDUYlZ9bPNOwBtSzwGg9cyppZcCcsIy%2FYpR3%2FYv6uLeB2uikF2v6BWRHJE4gRXdLqO94hihsiTusaQoGghvAFG2fA2muhHQyXXV0zwxghpyYRSCqZy0BTBpDac0Ra%2FPqUw2R9al6cO1qn9RbYKWIhgiFWvrMjg4r1KCtK%2BW4YuvlInrt2VeDIoe%2BSpzb2ULahzW3vq8h1rJ4OVnx%2FfWQYS0zyQcK3R1nmi4EvURIshCnKi5jezj9PCV7nGr2WvMbKPCyDiZwWDwrA5bAJEBW%2Fg4Ct9f3sqlWQ1gaTpPLMM6oXjiRaI7mMBJkcWIS958hHis7VoUEZytpZtdYAYXzp2BMI8rrbVj0r1t477GKekEzq9%2ByTVMz3%2FBh0TN7YCKhG5gUJ8ZdBw%3D%3D&ptyp=4
1138882113,G:NHA_20260918_A:DAD__1-0-0_ECO___924911399,2026-09-18,Economy,Vietnam Airlines,VN,7341,VN 7341,Nha Trang,CXR,Cam Ranh International Airport,Terminal 1,Da Nang,DAD,Da Nang International Airport,Terminal 1,2026-09-18T10:35,2026-09-18T21:00,10h 25m,1,False,4334717,0,4334717,False,https://www.agoda.com/en-us/packages/book?cid=1753802&pk=G%3ANHA_20260918_A%3ADAD__1-0-0_ECO___924911399&pt=AAAA.AAAADHR9f43QznPkYEe%2BQxuEHECjVWOhSDYdePAgfpaKeJ1gWWxj55Qy148M4YO3Pyb7nWxbcuaR4LwEs73dZzrqtxkKMYhGIvxN3e5A9%2Fji0H3ELEJxnBfAvZ1XJ94xYvcdWjWXgjY78yJt8%2FZGP%2FY2w1HGKO%2B0spKpt%2BFEQWMNq8w6xtiae7T%2F5tH5j7k9wB7PCEHO%2FJGLEh2%2FJoBVNQP2Qj7K4xx6mUycVJYnt0gGiGMGQxbig3SxBgB%2B4tieFfSGZvBHGEfrg3%2BHnS3wCem%2BJzsolQewSDPYxdhR5wrk1aabtC3EXM1hCcXMBDKxHGofUzEcPBf%2BpL9akZZc4ljsw9smeagq4AL2mUqIyeATWlXI38zpzbeDa1O%2BH58Hrz9Iac1TPcTsrK8%3D&ptyp=4
1298607489,G:NHA_20260918_A:DAD__1-0-0_ECO___686502207,2026-09-18,Economy,Vietnam Airlines,VN,6151,VN 6151,Nha Trang,CXR,Cam Ranh International Airport,,Da Nang,DAD,Da Nang International Airport,Terminal 1,2026-09-18T20:55,2026-09-19T10:25,13h 30m,1,False,4653493,0,4653493,False,https://www.agoda.com/en-us/packages/book?cid=1753802&pk=G%3ANHA_20260918_A%3ADAD__1-0-0_ECO___686502207&pt=AAAA.AAAADCt5ZXgkbJC9U45i6IfWOgVvq7mcqeO0hHjQqz8ik69ihQGtpJHuHvYRmmbNmwzAbee8A8YfmikaV9cTu7BvJFeHnVt7H%2F8TxY0k%2Fs%2BKZjmabwbR4ccM4FR1cF57fymkXNxzdu4GsigBrvnv8MVBb4Vn4CwfT0rwXxoYjWuK0q0PGabW2ffX78fq60yBcTrH8OkFSO5pbiMHzo8yYHA3e2ILRDuuEvjlkP7oNTV9sVsVXOIt5WTZVdtWqN2y3EBGuJMhrbEjKvDUq8yV3HJbELja6%2FY4a2EWk2b1zjviYsxIBinHQ2%2FNiW7CjtJpocxaHPULuBRkOLjhooqOSqCU%2BOTNf2ISt5pTvLhLYgHU5bU1fIa3Hi0LA1BGF0nTwY4nK44KTV5b&ptyp=4
48050994,G:NHA_20260918_A:DAD__1-0-0_ECO___1462151727,2026-09-18,Economy,Vietnam Airlines,VN,6151,VN 6151,Nha Trang,CXR,Cam Ranh International Airport,,Da Nang,DAD,Da Nang International Airport,Terminal 1,2026-09-18T20:55,2026-09-19T16:50,19h 55m,1,False,4653493,0,4653493,False,https://www.agoda.com/en-us/packages/book?cid=1753802&pk=G%3ANHA_20260918_A%3ADAD__1-0-0_ECO___1462151727&pt=AAAA.AAAADDGgPnAjnbv7LyhuKCRMo%2Bnq0vrlHhBUXLdZu2wXx96yVUT51raZqaTwnvDHj96AYkW5PToyDanUtwVQaboggDCUc4Jc7hEugHx2USvpf97qGoP0BxwGDpae1QiuSQsv%2FHmHIvuIKm0uN7XvId1KaisVbGwQHEJJqknoISpnZCvZQbtJe8JRIa6eKB2j4bDU1U4bdLL3owofrBK01bleRVI2W2ltjvFrhpNHh3MO7LLiJDEj7nKvQ9H%2Bqpjud4Clwkxl5Y8LhyXrUfOm6R076xBjvL3CDNr55n9quTOpPpsO5o01nuXjszI1SVx9HMAZzGy2lN9LKRUDWT%2BZ2rclPO7QbzOw9FIl9KfYMdK7UEjjRwzk7OTxy8V4WzcRHJ1e65sdhw%3D%3D&ptyp=4
1628132101,G:NHA_20260918_A:DAD__1-0-0_ECO___975221139,2026-09-18,Economy,Vietnam Airlines,VN,7341,VN 7341,Nha Trang,CXR,Cam Ranh International Airport,Terminal 1,Da Nang,DAD,Da Nang International Airport,Terminal 1,2026-09-18T10:35,2026-09-18T21:35,11h 0m,1,False,4729316,0,4729316,False,https://www.agoda.com/en-us/packages/book?cid=1753802&pk=G%3ANHA_20260918_A%3ADAD__1-0-0_ECO___975221139&pt=AAAA.AAAADI%2FoshTCRwtzDcmuH0zoV05ICmrSA2pvQ0AXs6HXWKAyuajSsGtZDOyT5lDXS99UrwX8ixs0vC%2BUHJillClhV70yy36FW8HZ1VYVfYNxrz2f7NhM15C0Rdlef4zwEZysZctKSTaWiPgbvsM5mw%2FBXXnRuQKvLcrAdr2HnwBNS0O5I1cgjV0FDug9zwS8emfr%2Bbb7CblgHO96UQ1i06Hj%2BFc2cYeSq6yAYJ9kzylX%2FfreEFabJtp83KIpGlhy6m%2Fv3tyVdCVhnh6RI52uXG2jKyH%2BFeQILNbcRlYVCE6F2Vau1nKHOGuJheZpqcZitZPvhk3uDd%2BfdCb9zo7BNyIYeGM4cIn3Fb4ivI54DJlEqhR7oILmvDRmzvZypA%3D%3D&ptyp=4
136811049,G:NHA_20260918_A:DAD__1-0-0_ECO___849525965,2026-09-18,Economy,Vietnam Airlines,VN,1341,VN 1341,Nha Trang,CXR,Cam Ranh International Airport,Terminal 1,Da Nang,DAD,Da Nang International Airport,Terminal 1,2026-09-18T08:40,2026-09-18T21:35,12h 55m,1,False,4750408,0,4750408,False,https://www.agoda.com/en-us/packages/book?cid=1753802&pk=G%3ANHA_20260918_A%3ADAD__1-0-0_ECO___849525965&pt=AAAA.AAAADKAiJLN9Xly9PGE6eLLuHawX39IYf%2BL6NlQmDGHxuao4nApf4pZnwBk4n54t34IRNURektZK6pFU0%2B8mrmkIHGVQ4ivI7vlOcAu9exro1V4CaWEna5AYjx7deIL00VJMiDkud3ClXjslvPY%2F1K6BDET%2FmiZf9h9CiKAbjHUWzgLSEN6XzcaeVu3K8rSvt3AocGqMfStQwUJ4OLoIbE3I0aHRlSr5UnJg4we%2BQkXD3T23kRa59aUiYhnDVoXUJHu8dPFc7vgyFaq8OnML99hFg%2FXqeFH84TZvQZrG4GGf4HNbU%2BIJLHuvJ%2BZXetKT5TmuQi0qfQuXq8R6qMNrw2mKcm1Mua2%2B4AiEfzJzJpxv%2BD08o2Yi6J2dhBI%3D&ptyp=4
1388781017,G:NHA_20260918_A:DAD__1-0-0_ECO___1424300769,2026-09-18,Economy,Vietnam Airlines,VN,7341,VN 7341,Nha Trang,CXR,Cam Ranh International Airport,Terminal 1,Da Nang,DAD,Da Nang International Airport,Terminal 1,2026-09-18T10:35,2026-09-18T17:05,6h 30m,1,False,4833706,0,4833706,False,https://www.agoda.com/en-us/packages/book?cid=1753802&pk=G%3ANHA_20260918_A%3ADAD__1-0-0_ECO___1424300769&pt=AAAA.AAAADO%2FcVmQicTiesn%2FJb13zwyUFny1gaNVTJv%2FAIVghBzQ35uVo4XZ%2FbVfjVOupl9oHU3YD769vmPOHQLi9%2BVG6%2BhocY1WZJJLrE0She0ctO%2BZZD5Jj%2BCVcxl1Wwv9p02rJe8Uo1yJE%2BbDqM5POQRKioaNjXZvHHkgGsf1KbQ9ook5PqqzvpVxzcFnEvksLiv6E8S%2Fh3q4FJColTfD7yxhIOCg%2FAMZAuFGY01oMNbTBVGmCjEkVaWkgsSA6u5Ucuo9uJEb7TYs7ThC3U2B%2FHHusQ40HtoFlxJhEgS3TH0roCcax52JhmF32USozwk0AUjVa03AZJE1Peq85yc3E7Q2tronXkTbq%2FhCItWruM97Y%2FcTA9m91FUsw%2FzAx4jIXmz3uhpshKSDaVA%3D%3D&ptyp=4
957223712,G:NHA_20260918_A:DAD__1-0-0_BIZ___833386613,2026-09-18,Business,Vietnam Airlines,VN,1940,VN 1940,Nha Trang,CXR,Cam Ranh International Airport,Terminal 1,Da Nang,DAD,Da Nang International Airport,Terminal 1,2026-09-18T19:50,2026-09-18T20:55,1h 5m,0,True,5583125,0,5583125,False,https://www.agoda.com/en-us/packages/book?cid=1753802&pk=G%3ANHA_20260918_A%3ADAD__1-0-0_BIZ___833386613&pt=AAAA.AAAADG7vbOm2eQYZV0hhJlvPJBVM%2FdEthoMu0SJRicMKBNiXaf33%2FncSofX5z54lm5yfRxD%2FYMhJGjiKZiBbxKd4nSGg5EAU6MHeSh4NUWLu8ZuDRy1SL2DrL4f%2Bt3arxv%2BfoD8J4nW8kn%2B3Lc2%2BxCGnsnobrkELmvaytMX%2BtI5F5fRWAs8gdjKlmWDbNzE6rZapgEK%2Fe%2Fjp5TdWo7TirNP17zbNz0olwMhlkFcTdz9KkmQRGOlLXb2au1xz8rMEX9ERpYJKspQXBqxGRMKyuuzhIHy0qR5N6Oogr5LJx%2FF1uZRjRsqyVsHhdGzRTz9yKe4sFM7qYN2N4gvGztaYyMjS7PAzajPj2BVW4TfDZ4kzrh%2Bohoy3ez4GOdU%3D&ptyp=4
1198746992,G:NHA_20260918_A:HAN__1-0-0_ECO___2135363542,2026-09-18,Economy,Vietravel Airlines,VU,1270,VU 1270,Nha Trang,CXR,Cam Ranh International Airport,,Hanoi,HAN,Noi Bai International Airport,Terminal 1,2026-09-18T09:55,2026-09-18T11:50,1h 55m,0,True,1377665,0,1377665,False,https://www.agoda.com/en-us/packages/book?cid=1753802&pk=G%3ANHA_20260918_A%3AHAN__1-0-0_ECO___2135363542&pt=AAAA.AAAADJ%2BLF%2BeshjSHH2WjKDPxtJBJlo%2B11aS6FR9jig1E%2FzGAP%2F3wWirbnDv204sDC%2BrUd1BMulN7Q%2FXZEy%2FhfY4%2Bqbj0D%2F0c2ZXhAK2PL7nwCuv9qoBL2xo7EA%2F0emVAgj5JLpfYY3r0ogwpuBtNkwOBwkR4wVlQXotU3cdl8DY6er7GSjDPd2uExVRX0wP4KcvxNhbBVOT%2BA3Y8PzqiDSaIcvHvJ6FdQD0YUriRKgLgmMetQ5bw7j4FVfgHg293AaV%2BvgCxg8aTqoOzOrw6wcE070X3sqqlL8s339tG%2BCcazn3jAfjus0BXcgQdYLVhxG4mr9qbGBQ9fLXdYzc0DbMhrwNE8J0FdMP7VfaMKUNtVmDyUtPeOj9plTpEvrOVA8Y5KQ%3D%3D&ptyp=4
1666369505,G:NHA_20260918_A:HAN__1-0-0_ECO___1080684891,2026-09-18,Economy,Sun PhuQuoc Airways,9G,1142,9G 1142,Nha Trang,CXR,Cam Ranh International Airport,Terminal 1,Hanoi,HAN,Noi Bai International Airport,Terminal 1,2026-09-18T09:45,2026-09-18T11:35,1h 50m,0,True,1652777,2753,1655530,False,https://www.agoda.com/en-us/packages/book?cid=1753802&pk=G%3ANHA_20260918_A%3AHAN__1-0-0_ECO___1080684891&pt=AAAA.AAAADPzC5cGF3rKciNItqs%2BXq73Nc005vtN9SZaf7RBg%2BPfl%2BSpAM8iI29KhwJRdnsrJcDvPyHfsz9q8YbGHyVpzbqjUqFGP2G1PIR4VykCXTAff3sW0gAD7EFOPtEun3C7h%2B%2F%2BPxyY3Wt6gkkFiTZ3HlPqIwpzTSUA5uuR0yU3IIn5pkbNCph4V%2BPSLXiXmJQpFJM3Q7Io6eDsVyoGT1hAJbSeN5zIbXJzmYqxL3WutqbD9oie6SuoDorZGvhjcDU7s2ariX92VqQaAe%2BX8IYROonieDEZwVNIZ%2BqRIs7mx3Oep2dsYb%2FVDYh2KBH9i4SyMDNbMa1hFGVu0agqk1JVr9oiM2GheVYxMdA%3D%3D&ptyp=4
1281428737,G:NHA_20260918_A:HAN__1-0-0_ECO___412188465,2026-09-18,Economy,VietJet Air,VJ,780,VJ 780,Nha Trang,CXR,Cam Ranh International Airport,Terminal 1,Hanoi,HAN,Noi Bai International Airport,Terminal 1,2026-09-18T20:35,2026-09-18T22:25,1h 50m,0,True,1928001,0,1928001,False,https://www.agoda.com/en-us/packages/book?cid=1753802&pk=G%3ANHA_20260918_A%3AHAN__1-0-0_ECO___412188465&pt=AAAA.AAAADL4YHXyYAfLMhFR19It%2BzK%2FkOzqsywI9GDARYQkbiH%2BsuqD1MfHppb6u37x6E0WT%2FiuHEY2r%2FP9G%2BkVS0lNc6B%2FVLGysq9CEMpTYiUu1XiXYGdbPgXxLc8K1aeoC0962k%2FGKgkiNgg%2BPnalUWr%2FoxiUzRu9jc6ffwZi%2F87%2Blro%2F4nupBj0ub7Wa2Es0pFNsRRH4YBhsSMPpR3Gc1TeMcjCRoCRqsQykWhULDvo40hWhFVi6leMq19dtWIP9gpiPdnOVI059HmYsmNA6yr5y7VmE0hQmuWWa4%2BaqLQ89Mo7qdlC5a%2BqgaKyCUHIFy%2FT1NjEVONrpXoStt3y84p9CudiRJUGDZycgm%2FKMaMLmKzrf1KphFO7JYJty5%2Bs%2BTDNtAlg%3D%3D&ptyp=4
625462947,G:NHA_20260918_A:HAN__1-0-0_ECO___278063914,2026-09-18,Economy,VietJet Air,VJ,774,VJ 774,Nha Trang,CXR,Cam Ranh International Airport,Terminal 1,Hanoi,HAN,Noi Bai International Airport,Terminal 1,2026-09-18T15:25,2026-09-18T17:15,1h 50m,0,True,2348979,0,2348979,False,https://www.agoda.com/en-us/packages/book?cid=1753802&pk=G%3ANHA_20260918_A%3AHAN__1-0-0_ECO___278063914&pt=AAAA.AAAADB7JOP5MxQy4GEmmlUiyOU9rn%2BUENq4F%2FuhjDL4U4x54C7%2FA9l4xTNNw8cHqvr9gn5SxRFwKUaQycZaid6gRradARTvyXMzHRFlcChzlx2F8JnnxVNbs5WsmUi48ax%2FQQ2afKVrB60igk4LxTbQzcXhPWkUUbBqK8baWZMAYKHGoLzO94MplT%2FkoIbxoAj0koF1ztRGo%2F1FF%2F6NdryYKGRt%2FK93eT%2B7cIbc3U2EA4XHy9ICiWK4lokXKSntGgoMcXHwh3PMj1hf7pHciP%2BA5BGvasv9WTNM4MCcBiEX%2B7Jx89Nypz27JkJwOyNL%2BaGiK5CcP24AphOyJsEAxDyUPHkqjMqqZuRarFBshAgrr9bs%3D&ptyp=4
314367200,G:NHA_20260918_A:HAN__1-0-0_ECO___1689444419,2026-09-18,Economy,Sun PhuQuoc Airways,9G,1144,9G 1144,Nha Trang,CXR,Cam Ranh International Airport,Terminal 1,Hanoi,HAN,Noi Bai International Airport,Terminal 1,2026-09-18T13:00,2026-09-18T14:50,1h 50m,0,True,2638961,0,2638961,False,https://www.agoda.com/en-us/packages/book?cid=1753802&pk=G%3ANHA_20260918_A%3AHAN__1-0-0_ECO___1689444419&pt=AAAA.AAAADF1U5YyejJaQzTAe8jCl3v5%2BTIK4HCXFZnLgR5yTDXjPsGBpWFRgw9ysNoMlH7rHQXXsNg04T3klcGorTNu8ePW8mLZ7aR63%2BF5vdxq10uydN0obGUy5QyuMZyeqiJGU6SkF%2BPzMZDzEA6dOMWxu6vbKyLrlB7YmSG6HLeXAC6CsxPM%2BuchZc0psNzjX5s%2B4m7kiPzGUdBOB890Uqy8hPS8lIPShjggSLO1gnHXSUhW%2BCkaLGycLKJNFQQpmQkaMWlng1fcjJi3jeX2SWdHcT7PgOj73peU95KS46Ary89B0vAuUWC36kkSU9rD%2Bqw6a4MbuyoobK23wz5UrLq0MqXj1kw9AhyZBKbe3K6xoag2LmFEQYg%3D%3D&ptyp=4
2074581132,G:NHA_20260918_A:HAN__1-0-0_ECO___732511029,2026-09-18,Economy,Vietnam Airlines,VN,1552,VN 1552,Nha Trang,CXR,Cam Ranh International Airport,Terminal 1,Hanoi,HAN,Noi Bai International Airport,Terminal 1,2026-09-18T12:30,2026-09-18T14:30,2h 0m,0,True,3188584,5311,3193895,False,https://www.agoda.com/en-us/packages/book?cid=1753802&pk=G%3ANHA_20260918_A%3AHAN__1-0-0_ECO___732511029&pt=AAAA.AAAADLqMqCqskPm7dqZsomoL2edPNC6Nb7JqA3jV0jwl5HZyrur9yuIybTz5CKYfdhqUQu6GbVHS%2Fn8NEhetPAc4a%2FY21qjWJH2j4YVsyRv1lG4EKkAtLfoblqRiomejIc%2Ftaa7BmmUx%2BhUmzeDkvoHbsno%2FD05lJSeEzRTRhwCPOiKMuwFzXcxiVOAdzUddz1RYalgYoV6eyxstchEfLqZMlRd3zb7gtFF6dCOM9V4Z1my9KxLMEmHw5%2FkjJcpnideZZGpxVKKAbs6%2BHINzZtJBQaK%2BF21X9k98A1OikdW8EhsIdVNFGSOLsWJuHYYO604B38vB7yLsTmFeT51L1j%2BZPTx2s2iqi383X3noW6J%2FzPt0VjOgqH78dq8%3D&ptyp=4
73986850,G:NHA_20260918_A:HAN__1-0-0_ECO___221280604,2026-09-18,Economy,Vietnam Airlines,VN,1558,VN 1558,Nha Trang,CXR,Cam Ranh International Airport,Terminal 1,Hanoi,HAN,Noi Bai International Airport,Terminal 1,2026-09-18T16:00,2026-09-18T18:00,2h 0m,0,True,3371900,5616,3377516,False,https://www.agoda.com/en-us/packages/book?cid=1753802&pk=G%3ANHA_20260918_A%3AHAN__1-0-0_ECO___221280604&pt=AAAA.AAAADKfyGX7z2i33QSVHNiYGsgoTm8KapYVshOWd%2FAUP%2Bg1UKQtJLT7Q14gTNrPt1Q1YEpFnEzXRJB65t2pne5QexUAD30HJodotVanPSUb%2BJnUGCnLw%2BXcMdXswHizVQD%2Fv6VkcMyoF6oCx48J5Gtx%2Bxa5XqnCekjGRi61OFI6wWZR4Gr2%2BPy5PV3TLcAy660vrSi%2BuXemtQtRE5KUClTH3KhiTcVKVciNAWOOYjIU%2FQ20qOZ7OX%2F938lebIx9ASGCIDGd4mrQepKc6lXu4%2BnrNsKkPOjz3VZuZVX%2FTAXfCi4qS0tBBDg%2FN3pUl6ftrph0BezL%2BJRKGXlXH8MBpAfMuKrcobWQ0Q2zmb3lF5%2B%2BuCFg3VpQg3nrGt50QUEIYy3hNXA%3D%3D&ptyp=4
2057175252,G:NHA_20260918_A:HAN__1-0-0_ECO___1170670704,2026-09-18,Economy,VietJet Air,VJ,772,VJ 772,Nha Trang,CXR,Cam Ranh International Airport,Terminal 1,Hanoi,HAN,Noi Bai International Airport,Terminal 1,2026-09-18T14:35,2026-09-18T16:25,1h 50m,0,True,3642826,0,3642826,False,https://www.agoda.com/en-us/packages/book?cid=1753802&pk=G%3ANHA_20260918_A%3AHAN__1-0-0_ECO___1170670704&pt=AAAA.AAAADM8a3sF%2BOyv1yozz267q4FRZqk6Ue05lWnS1CfXvVmSO9koRQMdyr8blbCviDRigvZd05WIzlvZz%2F7s9sjG0A9lgOt6zrSdNgVM68DVZiBeEfNt8snTv7R4BWEaw9M75X5aKmLPdvz723y5edYMsLtkALs9TtKoPhn9l47SxU5wAqU0onhODvo9%2BGIh%2FR85trgOCD1Ohch1TZLQj6u1dFTKBKA8tp04tzjdDpY0gWshv2SJ%2FfBWXRo%2FT8sIkbYXYjbc8Npn%2FW1xCzNnzpyr5rRo09eoLpw6UAGliaJwyO3mZmGjO338%2BxALxSOAhoNuG4dQzjWt7EQ6%2FCF7T0vLDEzMns1yHRXDVIH%2FQ%2FHXxWIbQ&ptyp=4
923109317,G:NHA_20260918_A:HAN__1-0-0_ECO___323676774,2026-09-18,Economy,VietJet Air,VJ,776,VJ 776,Nha Trang,CXR,Cam Ranh International Airport,Terminal 1,Hanoi,HAN,Noi Bai International Airport,Terminal 1,2026-09-18T18:45,2026-09-18T20:35,1h 50m,0,True,3642826,0,3642826,False,https://www.agoda.com/en-us/packages/book?cid=1753802&pk=G%3ANHA_20260918_A%3AHAN__1-0-0_ECO___323676774&pt=AAAA.AAAADIwwWJWlthCCT6Yx9LjWOpEhLTEzoMFsv%2BL0Kg0j2oRp91edPcDsWMdb8%2FZbPm3FohM8ZC4u7wbAhzxKdVk2JYL0wnvVQjqlpCK2W3kv%2Bl3OZ0PHVWSq2EySfT27p8Kcmd67%2BUVPg03dkfMZcDlK065O2NSWIQW5Dod%2FCWHZwBICZQb77GsYJv%2BAeEkbSeVUW8QBlC73054hIqbqPi2eq3Yjjm588FLaSujmfnyeqseN2X%2F7t9wBXh6JfNBH%2FeOQL4BiluRRiJ4doskXOrZxz5RQzRXv7CRzkxbaqDFrYGEDFrWAhpyeE2VyD0egfVTpFh4vOYep0CS4x98MfaTmlLN5CmIODrTnKbgjfJ%2F9vuk%3D&ptyp=4
1007113399,G:NHA_20260918_A:HAN__1-0-0_ECO___944324246,2026-09-18,Economy,VietJet Air,VJ,770,VJ 770,Nha Trang,CXR,Cam Ranh International Airport,Terminal 1,Hanoi,HAN,Noi Bai International Airport,Terminal 1,2026-09-18T08:05,2026-09-18T09:55,1h 50m,0,True,3642826,0,3642826,False,https://www.agoda.com/en-us/packages/book?cid=1753802&pk=G%3ANHA_20260918_A%3AHAN__1-0-0_ECO___944324246&pt=AAAA.AAAADLf6BwB4UXjUxZKXRH51qCf6oz3n82xTcKE1qjb8HfqnDBSwy2YklC%2Fyij4k2qBaX5jJLeQO0kVmyDh%2Fsq%2FGh5SbigZ%2BBLzZjxSnnWHPPjmB12IxdcfnK1SLJt2io2ItvSBJbpfJtptZuVu3icdwpKB%2Bk3MiAKx1866ndIr345KHxXWDCZtb8brU44pUPGt01ltLGe9J79jQYSGq5GqAbLiBsi1EvZWuT78m4gvPi%2FxPvlQws9yOmZjjgKxU3TDyq5jbfWCw6D0LKh4%2F5VIb2ZM%2BUG6lmFvjVlt%2FeiYm%2B3PKcPPcn3wmVUYWpXYkGIiY25UuHqqQGqqEoI5UMopVPZlD9uNxocEsK1mZ9KukDOM3&ptyp=4
606385280,G:NHA_20260918_A:HAN__1-0-0_ECO___1872971703,2026-09-18,Economy,Vietnam Airlines,VN,1560,VN 1560,Nha Trang,CXR,Cam Ranh International Airport,Terminal 1,Hanoi,HAN,Noi Bai International Airport,Terminal 1,2026-09-18T17:55,2026-09-18T19:55,2h 0m,0,True,3688707,6144,3694851,False,https://www.agoda.com/en-us/packages/book?cid=1753802&pk=G%3ANHA_20260918_A%3AHAN__1-0-0_ECO___1872971703&pt=AAAA.AAAADIt8LLZnMMhTAg4t60WI5DhPAGgD%2BSUB5cWBwzYHtcH6ZF4J0%2F52XUqeqKpx2XXyoQnmSXGR9CLeiGuQwyGU%2BGKaWT1p08ZPQgwgU34z%2Fvtrq3dCUX%2Fr9zamV8bhYWFyDSH4hCxfEPvzEMpOySg9Vdn5cBU6EgHffwwhIiu05OR7R10SIxZ936oHwgrE3fxeCmlzl9llpfFd5zRv9LwoLRneHHa2831hRKVFk6n89OkBs1yaf5ve92nskHJWAatkyqZZxcd5dBpKGhWmsm21mP%2FV47aVf9rEB8OIUhBEmgTUQ9acwg%2Byjq4at21uPW%2B5FRHa26FtJQjk8Eqx4%2BYp31RzXCoxkX3h9B%2F9ifnxFfJ9J3EQfHbs1Q%3D%3D&ptyp=4
1281741467,G:NHA_20260918_A:HAN__1-0-0_ECO___1218609071,2026-09-18,Economy,Sun PhuQuoc Airways,9G,2953,9G 2953,Nha Trang,CXR,Cam Ranh International Airport,Terminal 1,Hanoi,HAN,Noi Bai International Airport,Terminal 1,2026-09-18T14:25,2026-09-18T21:20,6h 55m,1,False,1815233,12176,1827409,False,https://www.agoda.com/en-us/packages/book?cid=1753802&pk=G%3ANHA_20260918_A%3AHAN__1-0-0_ECO___1218609071&pt=AAAA.AAAADBS9wP6z%2Bkb3ElT9sh82rmmC%2BgiVLhiGc%2Bq6pin2AaMz5adMlpUNiSVHTIGB8OSaCgJhc2tPz2aDbICCc%2FPx6ZNQfqxsn1Bm%2BE64vSdzUeJr%2Bh9dwCSaB3ofPTJiiE2EaO69LY0nXXaS4dbTHrqYy%2BryhlexMvCP5NSgM8GTFC3s0Ma5%2Bo5Woatka9zQ1A9uIWZv46RKThNpDnRbBVbAhQ%2BSJTyDbOS%2FV8FrURdwwP8fBFf38ZKMDdDlaq0d1ztCANdGL8ePcWFo75cMmLkv0%2Fba9lXdbfKkLXXt%2FEsxSHbdPRDcB4TP0bvct8YuW7WZ%2FCvaf%2FuyZ2tXPfee6iDjfANsqPiy%2BEN%2FFxAuVLsdNBDoUL%2FCaOqTImy6lA%3D%3D&ptyp=4
539369557,G:NHA_20260918_A:HAN__1-0-0_ECO___101032677,2026-09-18,Economy,Sun PhuQuoc Airways,9G,2204,9G 2204,Nha Trang,CXR,Cam Ranh International Airport,Terminal 1,Hanoi,HAN,Noi Bai International Airport,Terminal 1,2026-09-18T14:05,2026-09-18T17:20,3h 15m,1,False,2132917,3552,2136469,False,https://www.agoda.com/en-us/packages/book?cid=1753802&pk=G%3ANHA_20260918_A%3AHAN__1-0-0_ECO___101032677&pt=AAAA.AAAADBCT8ROi1iLeS3VQf5BqwOoWxAreyNhjIb38DpweRraInYxolwK5D33HE0PwcdFQ0UvGk99hQ0JhnGQFX4HUz43RGtzM%2F5MuqxT6xatVCEAXlm5pnKvkFJNLAzlbYF3XwXyUWCtnC47yNZ92YZFHy9e8ej1gH0YFMacLv5muhhX3isFh%2FqZO3nIRk2x9yd1ySJlu2KHjNs3k8B38t6bhoQpJSAIChU50WC84oQ6XXQy%2FF3Op32eUh1gR041jjK%2F0vHwlqcpT4N6G88EJsSruxa%2BYTyT7DEj77tSPPCvbt9H4JKLiIFoB4byU87Y0BE9jvgfWNzzxaQjdGeoZQcp2dsLlGVX9yuosQsJpxxQoQUQRD1NodgAh&ptyp=4
1469678843,G:NHA_20260918_A:HAN__1-0-0_ECO___726835348,2026-09-18,Economy,Sun PhuQuoc Airways,9G,2953,9G 2953,Nha Trang,CXR,Cam Ranh International Airport,Terminal 1,Hanoi,HAN,Noi Bai International Airport,Terminal 1,2026-09-18T14:25,2026-09-18T19:50,5h 25m,1,False,2915882,0,2915882,False,https://www.agoda.com/en-us/packages/book?cid=1753802&pk=G%3ANHA_20260918_A%3AHAN__1-0-0_ECO___726835348&pt=AAAA.AAAADLw4UMFNeWtETG%2FHFcLFHXy1A%2FybP5%2FWJvzksJwE7Sq%2Fc%2BWosYjt%2FMyqcNsVUB65UY7s3rajYSXrblEYiVElMyohtQvZHsQNoYyzChaxzw5O9cFdmq0Bz%2FhyCMZ5IJb44xtpRxG53ZKDOPDQhba6mam0QfLL1m0HjcyJy5DyYrZ3U%2BIW9UDp2TeQ1lyPKZc6rYteIrbxPGcdG2aP8xIYWcXIltCPTFc9ZPXZ9WVoD5jWOzjlA4zzI6lNq2O1eMUBf6dBikmdMlcDSzbwApd7d4v1VJXP1GXCF6OnzBVaP8lkofh97TuJL6PyrRAcFDodlHp7U7LvrJt4R9Sr1mQQTksaWvrKdzWdT7c%3D&ptyp=4
843505667,G:NHA_20260918_A:HAN__1-0-0_ECO___599767081,2026-09-18,Economy,VietJet Air,VJ,609,VJ 609,Nha Trang,CXR,Cam Ranh International Airport,Terminal 1,Hanoi,HAN,Noi Bai International Airport,Terminal 1,2026-09-18T08:00,2026-09-19T07:10,23h 10m,1,False,3086361,0,3086361,False,https://www.agoda.com/en-us/packages/book?cid=1753802&pk=G%3ANHA_20260918_A%3AHAN__1-0-0_ECO___599767081&pt=AAAA.AAAADBs7ZgZq2QTHy7LNcWSDBD8j6hb%2BVWihDtTk5nyzFLSLgDlXNrb0pfuqCOghvbAZ4tRrQmOmwbuQpFT9FZrfE96ifpoJ8aLpvRkI%2FLCmvT%2BLst6FHhiwSs5iQ0usEo%2FwWwQ5t8lguLiwjo%2FHliGr20aD8VTDtY8jxr%2BqC9bhain7Or7dxfHlaVX31dLxslUbtJaKcEAja3otsZVsEIOZz8eE4qexyRXgGYgUUqDfXFhJTRWVVbd8pY3ONbo9P19LtArkE%2BCfzPzJXVi1Ap4A%2FC918vyobd4kS9LoWXbfTk1yJKCiWgMBOj0Hku2Htyf%2Fd7khFyMn6sa%2BInqpRMlKvlTvGaEoM%2BhE%2BEgs%2FcimWzJlXeJ4&ptyp=4
1661405875,G:NHA_20260918_A:HAN__1-0-0_ECO___1305881838,2026-09-18,Economy,Vietnam Airlines,VN,1530,VN 1530,Nha Trang,CXR,Cam Ranh International Airport,Terminal 1,Hanoi,HAN,Noi Bai International Airport,Terminal 1,2026-09-18T11:50,2026-09-19T09:15,21h 25m,1,False,3421992,5699,3427691,False,https://www.agoda.com/en-us/packages/book?cid=1753802&pk=G%3ANHA_20260918_A%3AHAN__1-0-0_ECO___1305881838&pt=AAAA.AAAADKnfAKSbvwYuEgDPbG3LkTRfZzrnxlyFShGtjdbfcT6xrSnKYKLPKhClZoPWJo3%2BqQ%2Bkm3hEUc2EwKeAPZvV%2Bb9ftCzppDMuM%2BlFNAxcuTOD0zs1WhMpjLlbAxV3R8v%2BmnYrcTEvQohXaNDXOgSdTLCamGJvUJwzLurRbihZXCHO4kACaXXLOWHTlPoB94aLgisaLSpK4nIYiHnaZR2pgxdR2FYCheD6MPzmTFmyWv8m1LVoqCXNCxmd6ge6pTQx4Ha7%2B22PJejTHOEa5i%2FjKHlXIimeU%2FyMF3IWhpLxrJsorzZm6YdCEUbbWJeFQmonqfn%2BJEA34ZARkU%2FjOWpoy4uHIF2DHiY266fpOAsSQEEGhuscT8qB0CEbInkH%2BEiZhuPZAVQ%3D&ptyp=4
415102652,G:NHA_20260918_A:HAN__1-0-0_ECO___1824164494,2026-09-18,Economy,VietJet Air,VJ,609,VJ 609,Nha Trang,CXR,Cam Ranh International Airport,Terminal 1,Hanoi,HAN,Noi Bai International Airport,Terminal 1,2026-09-18T08:00,2026-09-18T21:50,13h 50m,1,False,3689063,0,3689063,False,https://www.agoda.com/en-us/packages/book?cid=1753802&pk=G%3ANHA_20260918_A%3AHAN__1-0-0_ECO___1824164494&pt=AAAA.AAAADIbGkMQly1285fVpdiXJ4F86VJyhkUkmR0C5pgxTCwCfhSZANjOvDm685v%2Fj9tlF%2BUnBXQkqA6zJ%2BWRMWHJ0x7P8l%2FKBVZOZgouXD26a6GFxwNS2H5xVUOgKf6zeMkb6EkhvnHMjlPmabpL06NoDFLsa2%2FCV5WV9P9yjdZ%2BNx2I04rXjmA%2BY8snSPetabQrO1rCuznPMMn80Lttc5cH2Rz4lbfeG3yoZjlgpq6ftICIpeWorQKtwtfwmjj25113NrU5hLtSpFcBDq6059yW0H45Fwx0n5hbon0dMQm13EzH3t6NyvhBdougoHk3aKbzIJG3zJ2vdwS4OuT7ifaOggu7%2Bw61aHezEdDZh%2FbTy5f9P5wgzVg%3D%3D&ptyp=4
1222686759,G:NHA_20260918_A:HAN__1-0-0_ECO___1769169756,2026-09-18,Economy,VietJet Air,VJ,609,VJ 609,Nha Trang,CXR,Cam Ranh International Airport,Terminal 1,Hanoi,HAN,Noi Bai International Airport,Terminal 1,2026-09-18T08:00,2026-09-19T01:10,17h 10m,1,False,3689063,0,3689063,False,https://www.agoda.com/en-us/packages/book?cid=1753802&pk=G%3ANHA_20260918_A%3AHAN__1-0-0_ECO___1769169756&pt=AAAA.AAAADO%2BlHowANIOBpONlyuo3uP4lhexMRQcBx90sF1Mi%2F2X2dZGxbvJAUGT5LFqa1Kb8nDmKWbiYBcBrk9RySg9qcfvC7xZQslMPfHLJJf8MDCZMEOGUWZTMm%2B24C7GFwv2p19O8Lq%2BNgrs5n3800Dd4kkiii9Nr%2BrMfj5kDiA7pQNkTPi4PbLasMipwvUgKahOhPDX7l%2FsyQXt8yvMnVRJzSQbFOJWBc7Yk0ft54qtZyih3zZuNydyOPS6Ay6cpBfo1VhZwVAfCTkd8EcY4sVWQzmR08u%2Fj2qsEFeAi2dEd74NKOCr8B2Ovrz%2BHN20reGL4UBLeIjdkVvOwdV2Jl8FKNl7tP2Z2%2FkCqV0FOKZunPYr5zNCFThR0&ptyp=4
539301063,G:NHA_20260918_A:HAN__1-0-0_ECO___287628558,2026-09-18,Economy,Sun PhuQuoc Airways,9G,2204,9G 2204,Nha Trang,CXR,Cam Ranh International Airport,Terminal 1,Hanoi,HAN,Noi Bai International Airport,Terminal 1,2026-09-18T14:05,2026-09-19T13:10,23h 5m,1,False,3705202,0,3705202,False,https://www.agoda.com/en-us/packages/book?cid=1753802&pk=G%3ANHA_20260918_A%3AHAN__1-0-0_ECO___287628558&pt=AAAA.AAAADHHzP1DEo7qhbo%2FIJ%2FrjF0OwSpwvvabHbNEDOBzAFUcisdgYmbc2efysTujyybO6DI6aGzUu9LdmiVNZazgN%2FDzksKFP59emo5XqlyY3TykSG7CswUTND2FtY8Nc5ntiq6f9rjKnStJm9x%2BcYF1A7efm%2FLAQ%2Bhix4HcqF56Vq55Gn7RuJfAqSasQa2dX4FmeORkcWNOIEuqLd6qPA4niPF3MeEP8xQoJuwM%2BaGz08P71G6LBF6d1IPT58bCBqQAT%2BYmQWWrc%2FB%2FEfqHNxJib%2FMwG%2BuXnop4JZu6xEdh2y4yELIZZr6mws2zT7BHbfoYVtGjSA4gG7Wcpc0EPl3SaW51E155oylVowVlKV4taPgG4Pcp0vyLM&ptyp=4
1567021472,G:NHA_20260918_A:HAN__1-0-0_ECO___41472390,2026-09-18,Economy,VietJet Air,VJ,609,VJ 609,Nha Trang,CXR,Cam Ranh International Airport,Terminal 1,Hanoi,HAN,Noi Bai International Airport,Terminal 1,2026-09-18T08:00,2026-09-18T22:40,14h 40m,1,False,3770248,0,3770248,False,https://www.agoda.com/en-us/packages/book?cid=1753802&pk=G%3ANHA_20260918_A%3AHAN__1-0-0_ECO___41472390&pt=AAAA.AAAADDHBAWHIBWi9xSCRKX272SdXjCQ%2BraP9QbJtFSfeNbSWuUIP3WbQAJTwVMOxZU%2FtuuC8GZhd2Bg7IbLeufpF5VvYwZpIWrBJ35gtH%2FibikU0LuIz7fL%2Fdbzc5Eu8SKAeo4Q%2FhtwPKKq%2BfUQFi8UBs3m%2BP06RoyK7aAsyJcZXMdNBhjQcNY0bPvAiiiCBPKFvHHv%2BJMSX99IWnHihvCib6jQ0UE8nI1LelGofu2WCJYxwXUSwqbhUvnJnVdNwTefhTGQG0YZaguYu1JpEhcTv%2BvK1TihrzG%2Fqxpgjxp6f1%2FJ9SGguloZaZx9kE31GmY0HxKcr%2FY51LQD%2F2IeUmtDf4qRatBZSZw%3D%3D&ptyp=4
2032160060,G:NHA_20260918_A:HAN__1-0-0_BIZ___732511029,2026-09-18,Business,Vietnam Airlines,VN,1552,VN 1552,Nha Trang,CXR,Cam Ranh International Airport,Terminal 1,Hanoi,HAN,Noi Bai International Airport,Terminal 1,2026-09-18T12:30,2026-09-18T14:30,2h 0m,0,True,6731249,0,6731249,False,https://www.agoda.com/en-us/packages/book?cid=1753802&pk=G%3ANHA_20260918_A%3AHAN__1-0-0_BIZ___732511029&pt=AAAA.AAAADMrOYKBm4ZR8sPJcQDLDjISfdO2ETF404gwNT6tkjVo4%2Fmp8LWubewKexD58VKLNFd7c4nyp49MPTyXAoDtoRmJr5A%2BUuzT11TIbFoTRpOIwgAjea1isnnOJB1GftmLOpfhfvEOSYDUX0sQw1gd9tmXA%2BD2GUoYNfFn31SHw3K8Dkg%2FyBEK2a4%2B0qLhqFlEIS3rXV42H%2BYuDvWzMnovscccbGsTWPVSHOMVXBbHygNPU%2BwBJ6ZJntopTdScD8AK0NZ047aXEVrXSzge4ubTeRF48%2F4RqmKDGstR9CCteCANSsUkPc%2BbvCGKF1fX%2BKqJxKQqToay5Ush8KrXiNYXDSthbR0iw%2Bhq%2Fu%2Fyl2ggfCGEX1uGaR2%2B%2Bflx58nOk7A%3D%3D&ptyp=4
1537200608,G:NHA_20260918_A:HAN__1-0-0_BIZ___1872971703,2026-09-18,Business,Vietnam Airlines,VN,1560,VN 1560,Nha Trang,CXR,Cam Ranh International Airport,Terminal 1,Hanoi,HAN,Noi Bai International Airport,Terminal 1,2026-09-18T17:55,2026-09-18T19:55,2h 0m,0,True,6791436,0,6791436,False,https://www.agoda.com/en-us/packages/book?cid=1753802&pk=G%3ANHA_20260918_A%3AHAN__1-0-0_BIZ___1872971703&pt=AAAA.AAAADHU5HHnjs1UC3R4jBFx3mJvTdlj%2F7eTSigpJQW%2BTauzvhXkHIqw2GC6E56FGHDj1yjKLd8%2BOl3KEqrHNRetv7bITpxt6yoyB3p7l%2FwJKnXJT3kBYbnEx9yqzFEWeh8acPCq8W6L2C04tjJS7%2BbYqiazL3lGManZdKqhFGSitrKsVw7RpXTi9KaAOil53boWqusI8mxdma%2FVaYQfIRahG1X3JyFDwzJ3SElC9tbSUYIrMErvQNK9AuZBI1B47008fFZfOtPPiHQyUn1ioY0GhpoghiHw3YWhrsV9lmhiwYKkq5D%2BxQf7FCxZJEYS5eUmE0mK5GpDM91qaKYbW14Xow2rgx9eBTeka6wn%2FMtjIK6enl8j%2B7wjLfMoHDwM%3D&ptyp=4
242710086,G:NHA_20260918_A:HAN__1-0-0_BIZ___221280604,2026-09-18,Business,Vietnam Airlines,VN,1558,VN 1558,Nha Trang,CXR,Cam Ranh International Airport,Terminal 1,Hanoi,HAN,Noi Bai International Airport,Terminal 1,2026-09-18T16:00,2026-09-18T18:00,2h 0m,0,True,7788245,0,7788245,False,https://www.agoda.com/en-us/packages/book?cid=1753802&pk=G%3ANHA_20260918_A%3AHAN__1-0-0_BIZ___221280604&pt=AAAA.AAAADLIdHHWYl9BngmHWLvojrZCQiYFX0P2%2FuWAOAJQ2dFT3hEgmxVBVi8W0aTQZL6NxLT0owiTEtAI7%2BOeDXYVVR2pcfoJfxOjJ2gbDE9Qo68SJ%2FZ3QQJhtfsfRzCbAknqN064PQ1mEmyOXZwabiHOs3vZAgrH8bwpy5x5ygpnLpLHUKfI8mS127Lovkng1IC7vozgLSFJYLwoci8bqLyUA%2BrC8fQ07nsxzDEwjsN7ugqEN1TufYUh2srirfS4bkCrC%2FhPscBJ9pUEqBET2NQ%2F7vNVuO3hNuxYM1ITCaZCwOnuZNeh%2F4Os50tbAzp2mG%2FPvOTP26TYDXRPXp42gmfO7AUGd1PqY6jBxcQNr3K7nzOVpMAbyjeku2w%3D%3D&ptyp=4
2047307599,G:NHA_20260918_A:HAN__1-0-0_BIZ___726835348,2026-09-18,Business,Sun PhuQuoc Airways,9G,2953,9G 2953,Nha Trang,CXR,Cam Ranh International Airport,Terminal 1,Hanoi,HAN,Noi Bai International Airport,Terminal 1,2026-09-18T14:25,2026-09-18T19:50,5h 25m,1,False,8894066,0,8894066,False,https://www.agoda.com/en-us/packages/book?cid=1753802&pk=G%3ANHA_20260918_A%3AHAN__1-0-0_BIZ___726835348&pt=AAAA.AAAADLUfbwpGzzwb6ZG2WR2cEaSBiFDlwMu6yYNcuq96cjd7BDnjLtw4OwurVIAaErUeaC4erV8%2BQ%2FTf13M20pxwvv9QbJSqU9ORwXTR90W9s6sMEW1eoaaQNoanhj2vnAl8NchYLHr93uMArN%2BnDW%2FpyBqRWiypXVMgQEpQYKlZYsoH0FMuE4MLsmdaheX2Xqb6sY%2BRhxWWxX4rf3JbSssd132KlgGf3s2%2BdwxbIiVTFXQbH3XRNlIIsq9AJr%2B%2FKPeUj7NsXqNva1Ht7pwA8mp%2BR3CgEA8v5kKpfUKE0g925abizgbIkh9MMmtkik5EM%2BOQaWlWy2WEsswQu7wC9GEcFzLVIXOLwoJGejx2W753LxjxbhrRGiT%2FlF0Iog%3D%3D&ptyp=4
45682249,G:NHA_20260918_A:DLI__1-0-0_ECO___263252755,2026-09-18,Economy,Vietnam Airlines,VN,7341,VN 7341,Nha Trang,CXR,Cam Ranh International Airport,Terminal 1,Dalat,DLI,Lien Khuong Airport,,2026-09-18T10:35,2026-09-18T15:00,4h 25m,1,False,3092101,46013,3138114,False,https://www.agoda.com/en-us/packages/book?cid=1753802&pk=G%3ANHA_20260918_A%3ADLI__1-0-0_ECO___263252755&pt=AAAA.AAAADEaWPUXDmza9hVwTdgxs7euu3%2Fm9LPRaRlhIcK567yR1cwxGXeL6TD21fG6IDar6mYh0Vm2M0kux8caX9UyMJ3lY4ZhzocuBiVYRWkXdyiovwQEWBS5crqEwZUsiBGXUQgyF7ErSDl%2FvGrLwYI1UNdv%2FyxLcw2XtFp%2ByEZ04oz6hw9h7LyXK%2B9hq%2BIpiQN3l9HzHfhVP8My2t6%2FT4WVV9TlgIvaDSZVn8MwGp8Va2Dgqz2FtXEWXUuee9XpBdqo%2F54dGeDeFhEuc%2Fp2CukbHppFDDNgdiq0At6onEU3MHLVkbw0I1r1nqH86f07StoiyZu%2BdRhjcD%2B6wiqutkROg1%2BXq%2B4aUrHVnM%2FXF0JaLh1oCJC5iybHEKJXzpPQzCRg%3D&ptyp=4
1497121341,G:NHA_20260918_A:DLI__1-0-0_ECO___906332872,2026-09-18,Economy,Vietnam Airlines,VN,1341,VN 1341,Nha Trang,CXR,Cam Ranh International Airport,Terminal 1,Dalat,DLI,Lien Khuong Airport,,2026-09-18T08:40,2026-09-18T15:00,6h 20m,1,False,3092101,46013,3138114,False,https://www.agoda.com/en-us/packages/book?cid=1753802&pk=G%3ANHA_20260918_A%3ADLI__1-0-0_ECO___906332872&pt=AAAA.AAAADJkB17AkPdZi2az3suYqGhwWGnVwMlpRd1nMzYR1w4cSBJfqopcHRrDLtBvpDNyIXqz%2BkK3zfNMZCw4rHJwujBbj%2Fzb5q%2BjsnInqkUxJoKXJJ9XwcJG9%2B4vCy6wTZRtQmXELZEQE8OgRGhI5qnus9i6oxFCBcSrQ5uxv0ctljFX2pdStM1T5Kp2r5s9jNjtU4UTgBS%2B%2FDlhIWNUfx6v299zjzGS0lEzku2AEgwGKd%2Bl49gQzABDCSCl%2BHJHLrgpjcWoUr9dcQrZ5Oa8MwIi5rWX74BDx5OREl6TZd8kXpUW6SFWAl6vSuEDCbbgTmN%2B7iFvP%2Bk0rZvJ8ozjqIn1oWDwHiN7p6saeKMUtEHT6u87aYW2WFhz12xIHjX1SK4IC&ptyp=4
930013866,G:NHA_20260918_A:DLI__1-0-0_ECO___2057977322,2026-09-18,Economy,Vietnam Airlines,VN,7341,VN 7341,Nha Trang,CXR,Cam Ranh International Airport,Terminal 1,Dalat,DLI,Lien Khuong Airport,,2026-09-18T10:35,2026-09-18T18:25,7h 50m,1,False,3092101,46013,3138114,False,https://www.agoda.com/en-us/packages/book?cid=1753802&pk=G%3ANHA_20260918_A%3ADLI__1-0-0_ECO___2057977322&pt=AAAA.AAAADFTdHa60ZW4W9g5jnnIL7xFCId5EacVslMZWhXry8nmxU7TYh9IWSMBVMJ5KE%2BBtoRHMbWki%2FBUoiKFeE8gBAF9ocz2GXHcEC7%2BeYt1d8gTRGiqhgNPzN03xZxjR6KOjDhmwg290rmxBAjr5NODEsOne%2F97iyvU2sEf9dfhJcgl7lpsFH1fLsX4YSRxfWa9sKGZB1B6%2BQxUh4KYF64sbm2%2FKt1qW4%2Biq94lAF0nsK4nugBZJPCvXsT5WcvYqmJ%2FGdn2LY%2F8OpxPCg4WOsWm%2Fx4ZMRaUuX8coXTBrAE9Zqcdx47ePXLbH4VCR3fzA6%2F7EgqNTdSvMhDplQ7qz9UHdaFpa3auhliVF1YZnQtciRsYD6%2BmrRMQicaH2NeckTHeRoQ%3D%3D&ptyp=4
1603745803,G:NHA_20260918_A:DLI__1-0-0_ECO___831094364,2026-09-18,Economy,Vietnam Airlines,VN,1341,VN 1341,Nha Trang,CXR,Cam Ranh International Airport,Terminal 1,Dalat,DLI,Lien Khuong Airport,,2026-09-18T08:40,2026-09-18T18:25,9h 45m,1,False,3092101,46013,3138114,False,https://www.agoda.com/en-us/packages/book?cid=1753802&pk=G%3ANHA_20260918_A%3ADLI__1-0-0_ECO___831094364&pt=AAAA.AAAADFBX203YBFlW6gOaNPfBco4Ks9iGyq85bm0Z4UBzICJM8wWxb%2Fqn2Q50wm4O%2BsJUeIxNVzFtpufExhI5NTzzHBK1SK8u61UCvCnvHlYqrsPLKy3StTf3TKXDTe1I%2BseFxRc9j%2Bju0hD8kyt0RbH8TzmEUgLZgY5HUkFW86T8cEgMrNI7I9ZwnGDyEVv6jcJOFsiGeKKPSxRbSQYtnjdeFGIOhdi5hhumhWspqWqibeVXT5DX0%2BYMY%2F1lo%2FHHfQe7pmBVQvZY68T3NxaR3hqOas7Qd9PgyriR8qptWY8Sj9W0cz5R7J7CYAlDFtpdnKHVu2axlvt1PQ3%2Bve5ocHnvUGS8L8Oe30SdCA4WdU9giUHKmSKUjE6UFJ7LbIe0%2FZO2&ptyp=4
987876853,G:NHA_20260918_A:DLI__1-0-0_ECO___1830630748,2026-09-18,Economy,VietJet Air,VJ,609,VJ 609,Nha Trang,CXR,Cam Ranh International Airport,Terminal 1,Dalat,DLI,Lien Khuong Airport,,2026-09-18T08:00,2026-09-18T15:30,7h 30m,1,False,3680300,0,3680300,False,https://www.agoda.com/en-us/packages/book?cid=1753802&pk=G%3ANHA_20260918_A%3ADLI__1-0-0_ECO___1830630748&pt=AAAA.AAAADNRiQLxRrKEdRMyGg6VdEE%2FsgLw0KGizCplyD7xM5uVaLxX4OtNepzeVYIKetOX1PrHLWYtPH1PwSgKAAC8ZQurXjBoTScACx6i4V5QQjwpFqWMpZfgjIMOrRIK5%2BNJVwCi2KJ8cmRcdBI3Vx8HeHbwazEeLNp%2FPHVCmMLXZ3ViE89IEvBeo%2FVqIILfS8eDxuHFOjq7nopaBc%2FGzkYqzO6bfZC23zo4muTHZJibmaPEpiH15U3FTF8qSSqNZi29lcSEXBkjvxL2QNrB%2B2gDSLpZ89OIcWX8XGd%2BJLe0D44vgbQHi2OSUwS1R4%2FF6SPfDOqilKsUtuUE1aA85zOtlEy3VQ6JhagTs1KqsoAGUDjb2jGdPEwyJlRv5AlWa6CGyl78cjlpCmyrg9XZmNGWy0PTjai71x5ZXEcmn5iwStezN9Xm%2BF8uo%2Bt0hZkkO6TksSSwwWtJ4zNYmNfyftsZT26sCk0cwxw7XvM7GP6w%3D&ptyp=4
271859217,G:NHA_20260918_A:DLI__1-0-0_ECO___1294971387,2026-09-18,Economy,Vietnam Airlines,VN,1343,VN 1343,Nha Trang,CXR,Cam Ranh International Airport,Terminal 1,Dalat,DLI,Lien Khuong Airport,,2026-09-18T10:45,2026-09-18T15:00,4h 15m,1,False,4784281,301477,5085758,False,https://www.agoda.com/en-us/packages/book?cid=1753802&pk=G%3ANHA_20260918_A%3ADLI__1-0-0_ECO___1294971387&pt=AAAA.AAAADBuruM7iKbAVSwzgxBdnE3%2F25NyPNeznOTXqHur1CgTpG7h2uFO6arQ5HEokB%2F1BMCCr%2BpyOIqF8VxBXWK4DgXnWU5F7ChZSnVPDeTYsO8bSxevSb2F4que8GwdusXfAmXXgznuAC2e4saJxtrWmIGFcDIWFHVK48qJaf3Gbqs%2B6C9LU5Hk2E30JFSKYy6fWJ1i6JyT2NnVlrU3OmjYQ486Iqmg4ekNl9NeZOkADTTL%2FO1Q3kZ3tk5GDj7WmZuAmGU04WGy98LXVS%2B3fPOjWcTMp5EM%2FQDxGK5k6hB8vZCgVrewyQfcjOoq1vAZzOUWUjnfwZHCIve40oStldA0OwfQHHCn8%2FYID5BCXqD%2FHzCA%2B8QeUFZdbzHiLgVFY8dz8sdtVIsitzjh0yMEfYizNiOOQkDZHdEMp3wPo3zjqixb%2FXrscDplxNNNLqmDlCpc5FGLzjzXW97vJprBuT6Z60M6k2GrsdP0%2BtlIQNyab%2B%2BCMkVb2SsJ%2Bl4M%2FK0FXzrHypZ%2BgOKn2sqrMD6i0BlOAsyE%3D&ptyp=4
1986042462,G:NHA_20260918_A:DLI__1-0-0_ECO___1183177379,2026-09-18,Economy,Vietnam Airlines,VN,1343,VN 1343,Nha Trang,CXR,Cam Ranh International Airport,Terminal 1,Dalat,DLI,Lien Khuong Airport,,2026-09-18T10:45,2026-09-18T18:25,7h 40m,1,False,4784281,301477,5085758,False,https://www.agoda.com/en-us/packages/book?cid=1753802&pk=G%3ANHA_20260918_A%3ADLI__1-0-0_ECO___1183177379&pt=AAAA.AAAADGWWOXOrDa482GKYxJxwtJMfDdnHKH%2Fd5OD9MmDKn2f8pGqkyBPaSW0%2BPr8guFHNzjI9hni6%2B9%2Bwz1uX%2BYLNL3T1yI1WB7sZWM2Aq5EAsot9qA6eYy%2F2Ba%2FYaWLa6d0%2FnlvBR4aAy8lwAL359v9VraZrCRrUGKseeB7bPhp78Jg3R%2FgBZShnVO%2BATgrQhIHlsOCD99bBx3PZsZcOvbe%2FzpWm%2FH%2Bp%2BW8z8GV32KA%2BnizICnJGWi3e%2BzSwg3bvZr2fjOhDY1gV8Exq1%2BwRDkXJpNu01HsMrmWFbl6z3%2FvK7RDelevCD9PhsaybebeLC7IKrufV0n5vRTy018FP6GZnyf%2F%2FsZsGcrp7YRIW0n2kwl0F2xWEhftT1QIXkzlIJeMd%2BMf6BSvjQlqTpz29%2B9JwAYg1OzrHSBRd98BI9FOk141wsWVShAanJgeS8g5S06maIvEWFPYTEW3AJXMBYLf6mtPllxI0Xk97Jd1aX3YrpIz7p1vhLB33UO6UvaX6VAxlt%2BquknWmIZWs3lioYGx0Qw4%3D&ptyp=4
2047913854,G:NHA_20260918_A:DLI__1-0-0_ECO___1483814801,2026-09-18,Economy,Vietnam Airlines,VN,1345,VN 1345,Nha Trang,CXR,Cam Ranh International Airport,Terminal 1,Dalat,DLI,Lien Khuong Airport,,2026-09-18T14:40,2026-09-18T18:25,3h 45m,1,False,5930734,0,5930734,False,https://www.agoda.com/en-us/packages/book?cid=1753802&pk=G%3ANHA_20260918_A%3ADLI__1-0-0_ECO___1483814801&pt=AAAA.AAAADPg%2BEB5otNbaYBXLVgGpWk2piPGZymrY9pc8bEYc%2F1ENajcs2oalavTHR%2FWauThs8w%2BdUkjAqPdnpW7AaIs0TlkEKi9HFYXcuZYNXYEn%2ByO5Tkc1g8MBRW19W29s9Km4ZvJOekeqpM3wva6aXj0S1m11kozQz6%2BT9uKDMDxa1CrX4N3j3b9aWuJykihiHH8fcmL%2BjoTj4jGr%2FS0iM%2FPC%2FIyDuFZDP8W4Zc%2BWpYu7GzQDJ7LhXL7ezPiiW9pngGaKJd91tWu56V8yTRwet0esAvTg2O8bBqNmpnoJkdPEG36xDqDcs%2FTbOmoHMGC%2BbADhAtlYi9ME%2FyqHdPzpfTm2jZybKDN8i9lsr0gM55qshqfJNyb%2FPIQLTiZauBzxSW8%3D&ptyp=4
1551714101,G:NHA_20260918_A:DLI__1-0-0_ECO___456298657,2026-09-18,Economy,VietJet Air,VJ,770,VJ 770,Nha Trang,CXR,Cam Ranh International Airport,Terminal 1,Dalat,DLI,Lien Khuong Airport,,2026-09-18T08:05,2026-09-18T15:50,7h 45m,1,False,5972320,0,5972320,False,https://www.agoda.com/en-us/packages/book?cid=1753802&pk=G%3ANHA_20260918_A%3ADLI__1-0-0_ECO___456298657&pt=AAAA.AAAADNKvzeDW52RNkWRVEMEbzX6AuAuRaxvOF1aHCl7WJPLRPhCvburcqq62gNm0nJpmwRbZ1KX6ftjHIk8Cm7wR%2BextZyAZ0a%2BTF7nQ%2BvweZwQw2FYYJFdcGbZfxWgpi%2FKLvfCqCDW3IURvqC%2FIXdcNmLLe2aUA7u%2F8tMrIFeLveLR7R1rYRE3giV41em5W2CCoU30mCTcgC99tI4PmNpoH6LyJ2gCKEF5xJKehzedv2eGco0ronCh6cZqTLdGgRkbdlDt5QvWa6mAD4txEteez5peM%2Bv3hFLPkr51D1sHCm7kQcD%2BDo8NI6%2Bfo6xfa3iicsEQHMmyADd5vzFldZ0fTDmpNPbFZhsjy4u%2BAa%2BjjSsv7WidGRhZgj1mm8vflxNECtrVyn%2BPq352uirD%2BJ4UJcg5FNWm8R1G5y3Mp2RxbFdAvegoBcfqiO3kxADc3Ml3D7oydcW5goLLYxg6Uc2FPFE4Hwriw34pa5qQ88DXx&ptyp=4
1817723789,G:NHA_20260918_A:DLI__1-0-0_ECO___21675966,2026-09-18,Economy,VietJet Air,VJ,770,VJ 770,Nha Trang,CXR,Cam Ranh International Airport,Terminal 1,Dalat,DLI,Lien Khuong Airport,,2026-09-18T08:05,2026-09-18T17:30,9h 25m,1,False,5972320,0,5972320,False,https://www.agoda.com/en-us/packages/book?cid=1753802&pk=G%3ANHA_20260918_A%3ADLI__1-0-0_ECO___21675966&pt=AAAA.AAAADDYp%2FXv1F7wI4CG3QA55CLOBICI%2FCrIiHUFW8rOUda8UKbRGDaB4q7tWGHrs8ttsI0s9vFk7BSWTHhr36vm6u2RFn3PXaPK3UDRdW88ZgzIdUyCA2uUFa3rpjTh1OSc7BpHPbRY062sGOU7%2Bvstq18OM4qdvQyOKxM4WjNDU0b%2BTe2NYiJDtzebRBYIpY%2F8pteZtkxlxECZA4w3M5vc%2BHI7Gcs%2FdvzCFJmo7RCXCURrJvMFym5Rh8MhIgdTtZaV54IbI4ePadMQ6tJh9TriZmgF3D9AjGqUjTFrb8XeVI939anZ%2BdnuC2z3v8xR%2Bqt1MUZUbfNdYmwvUt8dV%2BizXs03DB59Rg%2BLAEcxHla31qqmwsOmbkP9i6XAg%2F5MN5qjeZhWlVTpcvukn9OmlV658ZHQchTYRpBPy3icLMeaxURhEvzLB3u1fAfbORVtU0gOcIwat%2FfkPlzn%2Fuqx%2FelBSfFc3SuAdDkIhb4ZllYeg&ptyp=4
301645098,G:NHA_20260918_A:DLI__1-0-0_ECO___1483814801,2026-09-18,Economy,Vietnam Airlines,VN,1345,VN 1345,Nha Trang,CXR,Cam Ranh International Airport,Terminal 1,Dalat,DLI,Lien Khuong Airport,,2026-09-18T14:40,2026-09-18T18:25,3h 45m,1,False,6510632,259117,6769749,False,https://www.agoda.com/en-us/packages/book?cid=1753802&pk=G%3ANHA_20260918_A%3ADLI__1-0-0_ECO___1483814801&pt=AAAA.AAAADD8eRQlBFJgdGjuTfyWee%2FKaNRrxAxuE%2FTDrrPrFSOpnFzoDk1usRBJIVapkSoi1dM8L5lumZ1KHO54FeH3B3%2BqBx2eAPgYdXetEQcH%2Bhn79tB%2B%2Bbo26lBI1fGL5ZyGF9Ei8q9U09hm7EEroJuKkYmol78XUk3Jn3zuwhvo5%2FYGtPUPd5z3EeHL7zCDRIPNmoDfDjcVY5ocRugYQaXHAX2amwsnjPFBPB3Ib23hv3kgF0acbwWeLydMtXMHXJTs0L15cQ3F78RUVY1NnoVm6X5PLoUd6QR63Hy0458HXG8P2F8oUi7Cv9hx5hbqJUFsJHD%2BwLnMvovi2kitGPVzADUf0iWR%2BXS0e%2FpTJCTovB5n0yJqGtwiS7WI%2B6M1eaECGpFSaNFCECFO5U8hpcmkz8tcHJIY2yMWheadcUHhkCBb%2BP4Ol%2FvlXm8GK0KOvHRtCjpM%2F%2FfgTFHihgk6ZkEdHjhNvarpIpXZow2AAYeX6cztWWIS8LEnJ%2Bt%2B6sw%2FNGtT%2FWYxEcpSyGi8GG29x0Q%3D%3D&ptyp=4
1098605197,G:NHA_20260918_A:DLI__1-0-0_ECO___1796093737,2026-09-18,Economy,Vietnam Airlines,VN,7347,VN 7347,Nha Trang,CXR,Cam Ranh International Airport,Terminal 1,Dalat,DLI,Lien Khuong Airport,,2026-09-18T13:50,2026-09-18T18:25,4h 35m,1,False,6660930,0,6660930,False,https://www.agoda.com/en-us/packages/book?cid=1753802&pk=G%3ANHA_20260918_A%3ADLI__1-0-0_ECO___1796093737&pt=AAAA.AAAADLSTG23ahaASKN8CmwPLvZLo%2BJGhmtRpmcCk9mmKGcG5GNx5mRi6hQwDCEA32R%2BbADd6qGJGERcE2Y4zQJzOecTSyuljgHV3%2B%2FxTFWypS0ouJ1WFmjFasGHRUidwgFSdGnm2X6jdhS3sW37JA0zmA3GG4ap9j5X7czwa1AfuEfXkIwqOVaB6MewiNPk9BC96nC1vm4HOVX%2FaY%2FdQKYmRi1AlVY%2FbR5nEPeUcVx4fPiuUKYwtlJDTU%2F6wuMtTAGoax4fKNWV4P1adD13Z1aunkCEsapFrf4eOnhqurWaOBlbZu5nBh%2BcHzVakR9MrNpbXpYUHXD1dghb8kapH7xODkyBwBd5LovYfWJv7CDdvF7mnRjPjInMsv4F04DyiNkw%3D&ptyp=4
663523140,G:NHA_20260918_A:DLI__1-0-0_ECO___914553225,2026-09-18,Economy,VietJet Air,VJ,730,VJ 730,Nha Trang,CXR,Cam Ranh International Airport,Terminal 1,Dalat,DLI,Lien Khuong Airport,,2026-09-18T10:35,2026-09-18T17:55,7h 20m,1,False,6737235,0,6737235,False,https://www.agoda.com/en-us/packages/book?cid=1753802&pk=G%3ANHA_20260918_A%3ADLI__1-0-0_ECO___914553225&pt=AAAA.AAAADEHJWyKzsN1eENI%2BSg1o74m0ex60RZqSpithGgG7%2F%2FJiBrdqAWm42wk0NP%2FdPhK6GzJVy44647YI%2FfJzX8N3Xz4VrZ%2BjL6oKVasHUL4eiRpLX0FAEfSCGqgsSG6bTM8P8JDA%2BcG0rtTkYOXMHNMsKW2XJgoM4%2By3JgoTB04of8NiLP1yXG%2FtvqOmMD%2FgFpttfDjmfE%2B5P%2FkXADpx65Ri7igF42n2RnNW9MNagutz4CnmM8iFGqSMJ8Fcmt3aVkeJkiQicBqVYY0IMSsPlXmuVqs5YYPQap5k2QqkSajV84CshW9UqGhyxNMZqqQq8U%2BNR7EsnDN%2BkUtQG5vPMEReLpYKZCh4qK9OvXOd0p%2FPXjbQ2Xh6hxBlhifraHE1vM4NRlw3%2BsY67GSf%2FjgmByifGHm1UwwFf8TrS7uCNFu%2FnzKxDIt8LHKgX%2Bl34YD5wMJgnnPmQ0nYg8Ch1EAmqZS7P1cKNZSCh1tirgng0A%3D%3D&ptyp=4
1346675352,G:NHA_20260918_A:DLI__1-0-0_ECO___329169089,2026-09-18,Economy,VietJet Air,VJ,774,VJ 774,Nha Trang,CXR,Cam Ranh International Airport,Terminal 1,Dalat,DLI,Lien Khuong Airport,,2026-09-18T15:25,2026-09-18T21:05,5h 40m,1,False,7589257,0,7589257,False,https://www.agoda.com/en-us/packages/book?cid=1753802&pk=G%3ANHA_20260918_A%3ADLI__1-0-0_ECO___329169089&pt=AAAA.AAAADHfQg8JD3hYywQ9s2eI4j0HW%2FIftw1ocAVsjhwuQ5715SAA%2FjlwWjbu4MKmnM24yqjqpRbke1c9PmFuqDd0iQUJfy%2BiFEptbkU9L6fviNKVa9rktX17T7GbmogYOj1QS6qpGDI8wBuVyBz4ra3i0T%2B9mEpYEnuO53mqa7%2F2ZtyGt5ePwdvDMFTKeLd7ePPJXR16T0bJrwDwNpKcpMAo8C1tftF2942Exxbs7wSzHpozgdQwI6QJt4qU44oNk4mQUEtNtvEfBqJBv9SAFmaoDb8UdI87OHLfn5JhzvMPgryoCo3wTr6VH6kcwUeE1hw1mzLyVoXpnosAOD0o0yOZ6GKDr0mJ8eDzyqXVx1TtFyJBdSaSGpFa7p%2Bi5dy94pSBrAOoclJQ08hC8kIDVYErsnxMQ2lGwnsnA2tN9DtPtFpcMqSA4gI8Mm2ZvALeZWSWUWkm1PW7%2FdHtd4Q0pwC%2FSb134i5daBIDOR2lR0QuY&ptyp=4
1217289546,G:NHA_20260918_A:DLI__1-0-0_ECO___2126936229,2026-09-18,Economy,Vietnam Airlines,VN,1560,VN 1560,Nha Trang,CXR,Cam Ranh International Airport,Terminal 1,Dalat,DLI,Lien Khuong Airport,,2026-09-18T17:55,2026-09-19T13:25,19h 30m,1,False,8569850,0,8569850,False,https://www.agoda.com/en-us/packages/book?cid=1753802&pk=G%3ANHA_20260918_A%3ADLI__1-0-0_ECO___2126936229&pt=AAAA.AAAADDcEMrqNB0ZtbVobuFtJe7xU2NdHpXEdFPak95Yp8%2BLo9SuXsXn6MX7ogEX1yYyDqpRnLSKb8gruvUGo9GPcsOfOQBZN42RwslMUPHi%2Ff3sWVHMpUHZbnoSZloa1n24DTEoeUO0IfUA%2BiNZT81AgD47hltfWioiP4QjbwRj4UJme%2FfmRTQB%2BZ2RxT5woPgRlSmYcvSSDJcq6CLMtI63LGlywNJzBfcQRwjWkJTSoQpQrOUJ7uyAhJcI5ZhiogbHhptwRVhFKx8sVK3kgZ3c6oyV9fiLaUfDREUPQErMypEumcmUH0o5bToy7yDR%2BlC1wpdTifPfJnRFSQ08lBX3cDPQDpM33lVAuyLHyeRm2jVP5wPPCWtEr48fH9EG8xg%3D%3D&ptyp=4
1410602854,G:NHA_20260918_A:DLI__1-0-0_ECO___1005692894,2026-09-18,Economy,Vietnam Airlines,VN,1552,VN 1552,Nha Trang,CXR,Cam Ranh International Airport,Terminal 1,Dalat,DLI,Lien Khuong Airport,,2026-09-18T12:30,2026-09-19T08:50,20h 20m,1,False,8569850,0,8569850,False,https://www.agoda.com/en-us/packages/book?cid=1753802&pk=G%3ANHA_20260918_A%3ADLI__1-0-0_ECO___1005692894&pt=AAAA.AAAADBjeAVpC27qgaWZsAWSkIgPoEvM6tikNgD9cfhT05sQReK9npsJ1FfNFFUSgzJc6BkHuw5T25khkYpdji1Is91lZ02%2Bv9XvZUKPnhS%2Fp1IGF%2By4ZKB6ImX13WgnUz7hgyTS%2BO0gKCxtNhthW8bhGkilWEYP7Riwbf5eM2GS3B1b87CiT%2BhPup86Kca1ag%2BaUa0w9TN2X70xVzE9smOXfaEyHj3cbehj5VJNPxgCx9Znb51zOt3twccR0cs8yOEiWqidWbZqFG3MAP1TlDCxE6CdQqpw%2F4Xav%2BnnEVVpb6ZUhvbDyqBtCqUs6bfkAc5gRMUKzMWp8HjUV1bDv%2B9cgfhVAUhkMGyX4CQSJ%2BZdXoEzNtcAZxgv4Wkvs9BSN&ptyp=4
2131215959,G:NHA_20260918_A:DLI__1-0-0_ECO___1834784110,2026-09-18,Economy,Vietnam Airlines,VN,1560,VN 1560,Nha Trang,CXR,Cam Ranh International Airport,Terminal 1,Dalat,DLI,Lien Khuong Airport,,2026-09-18T17:55,2026-09-19T08:50,14h 55m,1,False,9424993,0,9424993,False,https://www.agoda.com/en-us/packages/book?cid=1753802&pk=G%3ANHA_20260918_A%3ADLI__1-0-0_ECO___1834784110&pt=AAAA.AAAADAJ4WV6Fy%2B0YhKzfn%2B9tgX8Ji%2Bfx66fw%2BpiXgIbtpbFRXj4YNHAavuDzhvLkF23QdkaLvISB6WA4u2IpkRayIqgNgFmOez%2BSmxHeMlhqMkGX9iVkUmXuDExsR1Uf9peWl9Ukmb%2BTM3uMUZ9jrw0zWg1eh5GCtflpxOE8xPgqsFNR2nqwUyE9ihGOyBn54kQy4HdfWrWcdIP8gquIz4glilP1l%2FysxeNC8mofALscOC9VlG6XvxD58SINKmAIGusFp%2B3ZRgzkEkW0yI9Sm6%2BArsCzIatX%2BBVLO%2BBi8nCVrt%2BHArxpuS7cPMGEb7Qa%2Bp9RMwiZYotokHuCdEtxYqiZP23FsYGq0OC3qQkei1UBWTSkq%2FYjLRpyeqX0w%2Fh3W9Y%3D&ptyp=4
1900692191,G:NHA_20260918_A:DLI__1-0-0_ECO___282042652,2026-09-18,Economy,Vietnam Airlines,VN,1558,VN 1558,Nha Trang,CXR,Cam Ranh International Airport,Terminal 1,Dalat,DLI,Lien Khuong Airport,,2026-09-18T16:00,2026-09-19T08:50,16h 50m,1,False,9711464,0,9711464,False,https://www.agoda.com/en-us/packages/book?cid=1753802&pk=G%3ANHA_20260918_A%3ADLI__1-0-0_ECO___282042652&pt=AAAA.AAAADCR5j%2FeraG9gThp4%2BVftpwvDYLRcBqfUCwAvYRy0bRVWw9Qlys74Ly6jVMdZtfvhbFvXZ0zVpxxiWOM8EK203TEzUUDoxCVV7TwughwKSAcZqGxXs3l%2FPjXUDm27LkKb6%2BsRjiMGEA8xwAnimKl6DZQLPgoH6Vs%2F6yks2861XecDDzAippc56%2FKvHufDL5hbiJ8i16dIhNM3DLTv9xM%2FakVkU18fVpSlm2FoNDpKxk%2Fa%2FLsXzSzuF9Gz1jaEgDjozquvT67jEQIkSFcZ4nAQKyAUaHDE0jvyrl2kCL%2FS7xlAfRn18%2FEjvYM2ruY5yJxiKmtgHvqjDlKSHU41EzWZmhvQ7yLOyHLOT5GNPV08MqVdQ2h0MYypckScna7X&ptyp=4
1769957726,G:NHA_20260918_A:DLI__1-0-0_PEO___1294971387,2026-09-18,PremiumEconomy,Vietnam Airlines,VN,1343,VN 1343,Nha Trang,CXR,Cam Ranh International Airport,Terminal 1,Dalat,DLI,Lien Khuong Airport,,2026-09-18T10:45,2026-09-18T15:00,4h 15m,1,False,7315630,296115,7611745,False,https://www.agoda.com/en-us/packages/book?cid=1753802&pk=G%3ANHA_20260918_A%3ADLI__1-0-0_PEO___1294971387&pt=AAAA.AAAADD%2FL4WVY5GCF6FOUpKlfY%2BR72ged14P26Zw3Ix5sXvL%2BbSKZnj9igjzISyZN0PWIallxDrs4sSuyP8NO1d%2FpWRYk5DkuICspkIVHPiAzUh97gvzIIqNraUCuaElu0B8l4GJ0Ti5haycWzGZ7ivtJTYLLjqFAE6qq9DeU7tEuK%2BXQk5QqeNwdmXhoaVVHI1F2a%2B8xvbF3J%2Fo6L%2B6Vv3UQ9jiDZTkbRSgwBBHvywUrKOOmPH%2BKI3WE2O75cYPGSRVHmRs3HwpVOnydfaqcuNmSoKqJZEuUVfsEzubT4o8ovsPS%2Bch2Cpxmw8wHV9f1Y17GCniZ%2FrwWgfKxHqlkCH7RSH1Zhnmdcq67G4kba%2FR3XFUNWjHxajj%2FcqSTmKS22Q%2FBMzHxjlaNt5aDcLfb6hvCHIYnA0DH8btVmcsz51wMn%2FjshXWoXoqzPSkxvgrcLEzySA23KXDZVxZNG3a4ohU%2B0QuqlkNU5mZI20qmnU84edDl8zr%2FqyIZaRenWDvjkWzpD12HCSZofgrqCjH1x0rLSoI%3D&ptyp=4
1770965274,G:NHA_20260918_A:DLI__1-0-0_PEO___263252755,2026-09-18,PremiumEconomy,Vietnam Airlines,VN,7341,VN 7341,Nha Trang,CXR,Cam Ranh International Airport,Terminal 1,Dalat,DLI,Lien Khuong Airport,,2026-09-18T10:35,2026-09-18T15:00,4h 25m,1,False,7315630,296115,7611745,False,https://www.agoda.com/en-us/packages/book?cid=1753802&pk=G%3ANHA_20260918_A%3ADLI__1-0-0_PEO___263252755&pt=AAAA.AAAADILlyPidxyjY08YG10XY3k17EsOBRKJ71LVwaYKXKjH9m0trEV350F2%2F10%2BYRtgG7wkfeNqWiBspeqNh2%2F04RaeBazjh7xgTzuHovruuc%2BIAnaGUPg6jqx%2FOrnaBvA822woDENQ4AyIHzjxvIw0TaojFK%2BksE2HVLGCdldzjULtWKGaHUwfMjjxneREHqoF%2FAAfB1CmIYc7JpgxodMhGc%2FyKwIrwk225XtTyk4icum8xA3cBtEjcb%2BMnZ5C7LRBwUw8Xn4MUdr4Yf9scFndRR9Oy9CzsFC%2BsUC7jJeRsE%2BJOZpV0NSMq%2Bt8it9JCmLZnbmoSPnzK54toKvlmPxh19TLpmfiaiiMbuCLcv4dU3EybbYIJS8G4m9GS0JnK0sfxQd5S82A6yL69ubgF%2BOiSrStUhnIC6OnU5kuIDTJr53yu2hmPwhY8D9LbLZ2W1KYSAgm4vHsxU2GIQONZGg%2BWuUKSwRrxib7lfl91VeP9IYUzCkYjiPfVfjCLwArW6%2BcqBPnDDh8r1m4qK8XJwDI6Jg%3D%3D&ptyp=4
190677930,G:NHA_20260918_A:DLI__1-0-0_PEO___906332872,2026-09-18,PremiumEconomy,Vietnam Airlines,VN,1341,VN 1341,Nha Trang,CXR,Cam Ranh International Airport,Terminal 1,Dalat,DLI,Lien Khuong Airport,,2026-09-18T08:40,2026-09-18T15:00,6h 20m,1,False,7315630,296115,7611745,False,https://www.agoda.com/en-us/packages/book?cid=1753802&pk=G%3ANHA_20260918_A%3ADLI__1-0-0_PEO___906332872&pt=AAAA.AAAADCzFbmndlgnjr4x9BE5wHdL6THJi5fiLM64iLKGSOrmXNoZ4UQA2BMts8PnnpehOXO7I9tjfBo5a4vSPf5oSVOXt1vArvykzwaoTDQ8lnfs5aN%2FL8a2MRlfRJVzvXmckmiR9qj8mj2YCOHh6kO0C1iQpU8JjzezZpJuIKIY9nkr38qWCi1h4X%2Be%2BGVx6bDZLopJrM16EATZ7IxBL%2BBmp9DQ3km%2BqtPXcjZ3M7kmoXkr2wzjPOPu5EpoTxH%2BgYwZNJMdhKy9gfNfkv4pzpQsZcCuGoOlVINGmyEiKS8qgoyhrpXvT2IzIQw0ztmIwMGqyLeMGf5bQNcsxZ2YrbEaZzEErfC5QSZq43n7DKKBui96ivq40S8ZxcHKzWmPfTOYPcxS0iDYhW1y0aihAvRg%2FF1aD7kKTcU%2FGjE6971Mh6d0KnMoTzkarIS4%2BkpkDBqR8Bx9EItI%2FlCFITuF%2BT979KM2bhu0eFjkdJPrXF8q53PGI8LwQHa4Np%2FKQKiGS8Ps90bYfkgUXkz8KD7fbcWA3&ptyp=4
1154090414,G:NHA_20260918_A:DLI__1-0-0_PEO___1183177379,2026-09-18,PremiumEconomy,Vietnam Airlines,VN,1343,VN 1343,Nha Trang,CXR,Cam Ranh International Airport,Terminal 1,Dalat,DLI,Lien Khuong Airport,,2026-09-18T10:45,2026-09-18T18:25,7h 40m,1,False,7315630,296115,7611745,False,https://www.agoda.com/en-us/packages/book?cid=1753802&pk=G%3ANHA_20260918_A%3ADLI__1-0-0_PEO___1183177379&pt=AAAA.AAAADD8q7T0eJjuVwowucqwrdPOMKKlDj8sB%2F5MXDmrdlT1CieSC9s1GZ%2FSK7M4zPXGEq%2FjuGuHqdNu9su6Q5%2Fzqc5%2Bdn47nWXLl8L8QQJxTsxc61rO0qjHH3yq4kxvFx%2Fg%2Bv408YpOjg%2FzrWHsWJL9DrAUmXGDjx4d9LCgXXuwAz8fPxmfjoKRb7koyTQt48jueVK%2FGJzu0r66OMbDH%2Bb9B%2FHXMziNhrXuLSJ4lcHJIoKQ7ZjaCArjraex2W2gOE16NqcZHYP4iEYUC7359safbKeSROoto1RwWRfOT8apTiJj4dLUH1b8X6U7Aoy2v2C41vaoLDxn4FB8H5WA30NcTgvTUSefizCSPirrOkJUO1W8nKuZ15Iz8Mzvw8KRF3nKEWU1PvQFKAVD9kcZY5zYkHly2e7GYNQAVCe%2BqMtnPDkKmwJiUsHnMT2VhdofHQz1sY7Ij6wPyZREEDZXoTVAWMTgujjSBmBHN59Plfyz80BTbzL64KkBaWAqGX%2BlqwWFOLWhOgOy6DOtzgVV31T6zqYMC&ptyp=4
438978859,G:NHA_20260918_A:DLI__1-0-0_PEO___2057977322,2026-09-18,PremiumEconomy,Vietnam Airlines,VN,7341,VN 7341,Nha Trang,CXR,Cam Ranh International Airport,Terminal 1,Dalat,DLI,Lien Khuong Airport,,2026-09-18T10:35,2026-09-18T18:25,7h 50m,1,False,7315630,296115,7611745,False,https://www.agoda.com/en-us/packages/book?cid=1753802&pk=G%3ANHA_20260918_A%3ADLI__1-0-0_PEO___2057977322&pt=AAAA.AAAADJ3LzrBgmGavzNMFdEgYSl%2FaA4PMl2f%2FJhe0tRx%2BWyIcRxcvPjtCflRzwuuGneaSZajkC2Bz8JtdZcb60E%2BEqjHsjYZShnWLO1YKztmVjhyWq2j2WFtyOENGqfjxDt5G6fKEtceh4TLl%2FPK0JwrWyVKKQ%2FUQvaxKQihyBcBnmZvuIuacaljuhdWrA4nWd6KO07il3j99JY1epz7TIrLb0POmq9GkLvRzIrNVX9%2BBk%2FAiOoFpsrgcVunK1LVzvwbxh124Fv6ZquKrIrP3rjKjdbIsoIWVYcyxuLw1Sa%2B74rJd0yZzIuVdijIgB7sTkxWp7cG4mEaYZ20QA4KmZd6YmUhWEfOoOZAUVfuszBMbVjFRr%2B2V%2BQlwDu8zQtU7Bv%2F%2FpD%2FK6UBWVaTj77U9oQeRmlHi%2FD%2FI3zUhj0%2BC0K8mSymE%2FADaIjcSVMalHrEabRl3FTruk8R%2FJ1Wd6l2U8tnulwF603ofM17Z2HKWVlm4Xy79HpJTYGYIXbnSiPohPwBK0pjm%2F5xWuSubf0uFXJsaGz43&ptyp=4
1756553950,G:NHA_20260918_A:DLI__1-0-0_PEO___1483814801,2026-09-18,PremiumEconomy,Vietnam Airlines,VN,1345,VN 1345,Nha Trang,CXR,Cam Ranh International Airport,Terminal 1,Dalat,DLI,Lien Khuong Airport,,2026-09-18T14:40,2026-09-18T18:25,3h 45m,1,False,8891063,264341,9155404,False,https://www.agoda.com/en-us/packages/book?cid=1753802&pk=G%3ANHA_20260918_A%3ADLI__1-0-0_PEO___1483814801&pt=AAAA.AAAADK5ak02urvjGnDCGh5R19pckoGebPFzR0x10aK59dF0L4eq4EFId%2Fz0jz8llPXkDlTXHZqtuFQ3XlBwgvEoQL%2FfTs5jZGeyzy6HoYjfCRrsu%2FUFMjn%2FiqOXeiRujUzibofuq5m3RnPERfnlvUj7cQtzRQw2jFVjQZjaX%2FUjVMiLQ2ZOMCgZaaCV7FRlCiY0aBCbN3fHaeeU%2FiSc6BZfvKWSu4NSzoe9WtT7uKGnKScl8pIgnTRIzF8xrIAZTmLaXIDPO2ZHCubnii6rGzYRKcMaXKC3qJ1XDCO1Cnfeb2sK8Qd783S07K%2FV32OAgV1d%2FhkwZEAwWVzwWRoCm1D0NQ4FPrz1RO7L0x8mrldsCxWdWWCXxrhFVLTgHvg6K3ZLLNgwGUnErHij7f8wXwy%2BknU28QAmyENw1R1f33Z%2F0M4Qop5A2vNXjMR8ME2keqlPbtyKaDsQz%2BXBwj2ZirySh%2BkOTsqOP6x0UJZHqQJuGnh4TtSJ063OP7Vv4p%2FfzbnkPC3xuW2OlGIzbvfVxO8dvtw%3D%3D&ptyp=4
728998514,G:NHA_20260918_A:DLI__1-0-0_PEO___1830630748,2026-09-18,PremiumEconomy,VietJet Air,VJ,609,VJ 609,Nha Trang,CXR,Cam Ranh International Airport,Terminal 1,Dalat,DLI,Lien Khuong Airport,,2026-09-18T08:00,2026-09-18T15:30,7h 30m,1,False,9590011,0,9590011,False,https://www.agoda.com/en-us/packages/book?cid=1753802&pk=G%3ANHA_20260918_A%3ADLI__1-0-0_PEO___1830630748&pt=AAAA.AAAADKOfM0HcX0sH3B0nNuZMOeQFR4Mi5v7sQAlAjpy3F4E5P1XIy285JCwYxR8ElkqWBTxkli28PLQKduVeqy7xwD17GoYtmQULNHMPOHyFT31PCcB8%2BNSKreJ2vePKEHFhrLUmexEvxYXFpZxz1actjyedy6X7ApJxHR5NWSf6ZAD1C%2BbnmDMFcnYSK7POJ4RPSBYrzUO9ajm%2Fe%2B62f4QVDXo5yAHONIykvkPiSIPL87MvoGFbKCNeI%2BjxN5tb4qU5D3U7BMtGW1oHVliTWLJ8gYFA%2FacfihD%2BbGwKLQ%2FYliNvCIhBhoBCxYO4fxrhBEhy7Isp7GOO5Tpv0YADDdjKYjzZRy4uacNROVRitvwDgSa0GAeOaRWLnS6pHnFiGliLzf1uaswmQ3R7qNa%2BT6BXNhlowzbT70B2qkjy041BAvfmoX4vmUKiDP4OoI1zM1tBqaCrjUpCHfoliPQ4WpIlTz%2BZ8h9%2B7Ts%3D&ptyp=4
1678227805,G:NHA_20260918_A:DLI__1-0-0_PEO___329169089,2026-09-18,PremiumEconomy,VietJet Air,VJ,774,VJ 774,Nha Trang,CXR,Cam Ranh International Airport,Terminal 1,Dalat,DLI,Lien Khuong Airport,,2026-09-18T15:25,2026-09-18T21:05,5h 40m,1,False,12763997,0,12763997,False,https://www.agoda.com/en-us/packages/book?cid=1753802&pk=G%3ANHA_20260918_A%3ADLI__1-0-0_PEO___329169089&pt=AAAA.AAAADIH4GeKmU71CYEaqOW3DXChSW%2F5Z1NXFfHdjRldcmj1BGuVuqr60aizeVMRiQQY66f%2FxKMvnUU2zpsVSfTkSuJ7f%2BwpXiS0AtYAgxssHULxx9WYzaAEWlIItzPZQaVoBQ7AVGJIK%2FDuoTbzolqmxUHl%2FC1JA1%2FdER1zxB6GV%2BjFlyhkmoAHTCmo0hnGFp5MxZfl9ru7jWe7Td%2BNr8ehvjW%2B6%2BmxrhZSVW8PnSYQoUASaItg9b8KIMXQWU3hgLR5p9nXxpObg99OZiYCsBWOOY12m2YySHTRqFgiV3qHS1gTqGsVKEyjyj0kfW4v4iwj289NyXVZBIt4tWyoTLiQZhYB9rSYcNswhmUJrfONArZobW6afWMf0Jeopc%2F7bfWuN5jRmBe50SVgW9oXN55ideWpWps6kipzAaBY4z7MHcbW6v2QMdF29gRtsTwOrSccg8ElFmSzq8yvyLT711h6wNf82YjC1&ptyp=4
1192201230,G:NHA_20260918_A:DLI__1-0-0_PEO___914553225,2026-09-18,PremiumEconomy,VietJet Air,VJ,730,VJ 730,Nha Trang,CXR,Cam Ranh International Airport,Terminal 1,Dalat,DLI,Lien Khuong Airport,,2026-09-18T10:35,2026-09-18T17:55,7h 20m,1,False,12763997,0,12763997,False,https://www.agoda.com/en-us/packages/book?cid=1753802&pk=G%3ANHA_20260918_A%3ADLI__1-0-0_PEO___914553225&pt=AAAA.AAAADJ8ZSpLPG7FxXTWtM72Qoziy8J25QilVbVEJg3uoeuN1GJ0zIHJtExTrot2RU72pfGPb73cR59G94sdCuUloC%2F58%2FY75ZvQZT2JMI7kMybsSJ1B9fw9%2B3qgZnAfC%2BPJZa9Ww4r2btK2oeCbM2mJhkvz1JWozB7vrvPkbBTDocnBp3kG6i6VUqZauYYcYu3b5GBm3WKVXmr4Lyd8F7AEDUkYhYaCClIggI1okiNK7HdKOb0wN2GyIiI%2FPQFS27LG%2FjEcfqNAShneDVJq9FaHIb13%2FYoCNA4qoCs%2BJ%2Ft3fk%2FQdXAEC6ybdn2vDopDbeT4iOX0OHN4vCX1zKuL%2FBt82B119Eq%2B8o6EVV%2BQUeK5%2FRMgu3tC7UHwDxPjgaZafpBAZyKRm%2FmGaS7k1cCEDkTgy0ZOP7vaAqAHVKXeJ%2FJiA0YKQpdIVBn3roP%2FPinEHVQZ80BVdLNhYtv%2FfwnDsQIM%2BU8tMPZQ%3D&ptyp=4
1613092239,G:NHA_20260918_A:DLI__1-0-0_PEO___456298657,2026-09-18,PremiumEconomy,VietJet Air,VJ,770,VJ 770,Nha Trang,CXR,Cam Ranh International Airport,Terminal 1,Dalat,DLI,Lien Khuong Airport,,2026-09-18T08:05,2026-09-18T15:50,7h 45m,1,False,12763997,0,12763997,False,https://www.agoda.com/en-us/packages/book?cid=1753802&pk=G%3ANHA_20260918_A%3ADLI__1-0-0_PEO___456298657&pt=AAAA.AAAADI7NWk0X8RZtKLIaYcp1%2BESJJRCm%2Fx1tQ0aX0Jc5xUYUoPAKhiHweiaFKGmQGECYds6HJZtllzRfbD7R378FvYiqi%2BLW9Zh%2Fd1gbM1qOEEx3Mc4HsGuhNjZh0ME4mNRm6Z2lefTZk2QT8X69XHKjC3U%2BpqYRfzC%2FDMCllL%2B272jOwBzN2bZQrtgBjrM7SFLOTC8iqSNeX4O35IHdqtefTEX1kc3uJJKpM7oQcBA2KjuXR%2F3Ailv7cRsHkR1ESWVUOFALFSzCB0OFiReS14TLXDg53tNQYSrxdAS8IR2N1fM55dJpa9CCoU6p5igCYjJpAjSKwgRO%2BVwGRNcTDZX7pUiVQbOUccO9xCRiT8pw%2FIbWXQy%2F3tF9RgyvgjZ3DVshKToeiePk2iN5Jn%2FtigUr34hMV1rpTywfgkhh7XF78PTXFTbYDc0o4pwCjRvBXaZsbchINvTW08dlBVPUboKj4HEEXLWBAg%3D%3D&ptyp=4
1656193249,G:NHA_20260918_A:DLI__1-0-0_PEO___21675966,2026-09-18,PremiumEconomy,VietJet Air,VJ,770,VJ 770,Nha Trang,CXR,Cam Ranh International Airport,Terminal 1,Dalat,DLI,Lien Khuong Airport,,2026-09-18T08:05,2026-09-18T17:30,9h 25m,1,False,12763997,0,12763997,False,https://www.agoda.com/en-us/packages/book?cid=1753802&pk=G%3ANHA_20260918_A%3ADLI__1-0-0_PEO___21675966&pt=AAAA.AAAADA3Kxb2MGYTS0ayeGlDSHFg5fXQr2xrGmhX3%2BDRzjkXyVlydQrn9r%2FMPDXff1QGO9pgnFU4wo6EcUZ7eXfviOkPAfh%2F648E1IaswKHuWIyLzbjnY0UIggap3884iz57ojMEnDpyPkgH%2BIElNJf%2Fr1IXhX%2FUv34vTmK5El80BXLsIkXyyMZg8DgAT57hJPLnQLLVBq1q%2F2sKeFdgtSMGmEFehNQFAlkdPzV0zijOZS2hBJRW0GN6qXRaPup9nG28HD8rmqxIsqVhm4AyX8dOuQTb6PuuE8Zml0HzasAH4a3Lf1X26OxCiu%2FwVF%2B8nT0IMWtSGEnMp7Ryb2AV91VZDql2pagsD6jcKAEf51JTOMsI85ZqfYBF87JbEzlbcUr2U0AQVl5om6P9UjTmUzg4MIP3nCtgFb5NCjaAVPa%2FuN7Au5GORZArA92DbwFcozQnbmmS98oPgN0qI1POsKdc0VCtUYJo0&ptyp=4
1249853799,G:NHA_20260918_A:DLI__1-0-0_BIZ___1294971387,2026-09-18,Business,Vietnam Airlines,VN,1343,VN 1343,Nha Trang,CXR,Cam Ranh International Airport,Terminal 1,Dalat,DLI,Lien Khuong Airport,,2026-09-18T10:45,2026-09-18T15:00,4h 15m,1,False,10239402,319327,10558729,False,https://www.agoda.com/en-us/packages/book?cid=1753802&pk=G%3ANHA_20260918_A%3ADLI__1-0-0_BIZ___1294971387&pt=AAAA.AAAADIj1zVy6nh7zBz8ecqz88hsZDvowBqLI7Fv7j8j6KejAcMpQm4z%2FaqW7INi2BvP%2FkVEwE4%2FRf8%2Fj%2FzjED8Hz%2FEFyl5EvbHe4BQ6%2FJsFgsxGW1tG94%2F%2B25rEz8c4hve%2F8UL3a9cqtgTo93RNj3h0Kh%2Bb6Db0kwMH7cirRPOP8N1Z1DzivZyriuRmgajDed86%2B4tjlRLJg9TVr9XQ9E6ghMUnRC2yHkn8BtldHU89tQQiXX2qMcHuiB7Yf2Pt5RIH4u1J%2BQBOaEfQgi2XUZvgQ%2BHEIGtJZx1exvGHmS1k%2B453jbMndnIRwbSElQBU24dW990XXo1b3lY94z94MljD%2BAs%2ByYh8inHXYoXdE6KG4%2BdoIjULsZckcXJcJDMmxorDH5LGqc9t02bX3wSMqRX%2FX06bkJ8fYMKaDhDcIjiuNgImMQDJXxo5DKpcKKSLYhfX8xPu2%2B4T0RVeJSTYfgInCay%2BUWaRbdbBtTZDAe6BIpWRBijSpJuWrL%2BjHIX3%2FepOgFIIpDfahezvD%2B5RbGShkSw%3D%3D&ptyp=4
295082292,G:NHA_20260918_A:DLI__1-0-0_BIZ___263252755,2026-09-18,Business,Vietnam Airlines,VN,7341,VN 7341,Nha Trang,CXR,Cam Ranh International Airport,Terminal 1,Dalat,DLI,Lien Khuong Airport,,2026-09-18T10:35,2026-09-18T15:00,4h 25m,1,False,10711041,268686,10979727,False,https://www.agoda.com/en-us/packages/book?cid=1753802&pk=G%3ANHA_20260918_A%3ADLI__1-0-0_BIZ___263252755&pt=AAAA.AAAADAK2DJNyn5Uc6aBx6Eap0O2s9qdNLBlrg7Ar%2Fe%2BBxLNr%2Bvsk404kgsCKvJBSwA4EA7rFThP0LZcmcHAN3ySLxzMtMyVY406yj9SlZOOtziXhf4In1DpFSXDzU2XbcwqMNUVIcEmoP1TfrFlW7bztzE%2FZheKQI80f06ycIVBP8iHbI1QlIhCO2SMXfgCwwJkq7zkQOyJ%2F5Ac15k1Ec5oVHIutGAVb3IklH6sN3Qfj7nFgafLIWSX%2BUtEraeSOMZVxi%2F2zH7C5gju1X%2FKSip75UT4krheldWPS8h2IBQUgPtqqsgv4RTml9k55wb8lqiEVv7cfbkSz1Ek5LY6qVSe3u8gQDSLcDgw9q6f%2FbFCHvEoMpSoCML0kf834kx2pGg2z9scoGIdD%2Bs9vKzNH4oGUuuETXYbP%2BuN58oTNvpuynT9zUUzhT05ITVtWKB%2F3bZG0%2FlFxdzj5WnEFFghjW5DNIY28lXLb84Katzpvq2SkDmFOa9d0pDfEkyUxRGu%2BVnea3AFRYY4DbQz2Dw%3D%3D&ptyp=4
1652251500,G:NHA_20260918_A:DLI__1-0-0_BIZ___1183177379,2026-09-18,Business,Vietnam Airlines,VN,1343,VN 1343,Nha Trang,CXR,Cam Ranh International Airport,Terminal 1,Dalat,DLI,Lien Khuong Airport,,2026-09-18T10:45,2026-09-18T18:25,7h 40m,1,False,11548988,272735,11821723,False,https://www.agoda.com/en-us/packages/book?cid=1753802&pk=G%3ANHA_20260918_A%3ADLI__1-0-0_BIZ___1183177379&pt=AAAA.AAAADDufZoI2BZH78bPvGUUgkTPSnXxud3Awpix%2FN3Eb46r21Y2fDwAaKL1kEs55Q6FT8K3rcHYMBWvVAY5p3EqpeHUmVteBUnf92uB%2Fp87oEVopR3kiAPWBBDXmBy43oKG%2FwLUBT7Dl%2FzffDRFD1s8IGYyIxFodD043%2B9fO%2FFkjRZl9w37ZJ2v0WGnoRDbNxw7v8eoozkdKjMU5yY7YnOitf8XPUdU%2BSoXLJRc%2FQgW%2BBPWyNF7lEJb3Xr3Bniv2Q5dvvNyAbkjjqkYQKgKgDZl0newSULIBzFIr%2Bl3QK4VsPTeP9yThqltjjqAOBNkEikVq4cS7VthwmIKRFVWRfeOSZ3Eeh9U2obrYsML4O8%2F2ot2sRrCDckEpCqsM1ZZS0STDZAMj4uuXE9QJRoL4CMtdw6mBZ6P1%2FedMFp%2B0616TttIs6xeYM0Y39tnAuWZjZ6AT17%2FkebW%2BOLQLnaH45cJxseZUh%2F9Kn3uL%2FVCNxrvRKpSfSlWf7cl7KBHidZ70ROTqj7Z9lFi6B3g0baye&ptyp=4
1206279456,G:NHA_20260918_A:DLI__1-0-0_BIZ___2057977322,2026-09-18,Business,Vietnam Airlines,VN,7341,VN 7341,Nha Trang,CXR,Cam Ranh International Airport,Terminal 1,Dalat,DLI,Lien Khuong Airport,,2026-09-18T10:35,2026-09-18T18:25,7h 50m,1,False,11968846,273875,12242721,False,https://www.agoda.com/en-us/packages/book?cid=1753802&pk=G%3ANHA_20260918_A%3ADLI__1-0-0_BIZ___2057977322&pt=AAAA.AAAADBiWNMqYv%2BUX%2BkVlwwymiuHVpXjtU6DIlYdp6n1BBwBfY43IDvfIsHuFFGpzuLKLrHjycYbIqvjuEnVlN3%2BBkQpiMg7cTTtM%2BcFzdgO%2BMta5piKn33YLIWIyyIz1omU4U0NitzlR9N%2FVSkjPnN%2BbidWIlM3JSqWvlt1vmfXIMkj5tmr00fycYDZ%2BJh1iJDJ%2BKrdQO3NM3Q25DZahOup8oPgfqbWf0lMvU0nzW%2F4qzBI906xj9PdbcJoi2AUgkfEYp6r%2FtK82HWaDT716VJTeLZoiKz7nbRPwzEAcIYIKSPy44cIGT2gZy%2FCKgS%2B%2F5iqQBC9hF3pcoLxSNkl7eZzo32yZ6K9YsHiBUZ09sVCRsCqFsz%2FQbKiSRQBUWUSztXRSWIaZARX%2BqfPYmTU9pvKZXWGgyfgQmXnJaR4XqTjU7WS8bPpv56cn0THkKMxnYLM%2FIDtpkC%2BSsU4tHRCgRj0F8ZIGJ7%2FrGOYVL7prqh39wJfdLOwpTESk%2FYxDB%2FAXYEmW2rZu6GJB5BC4gjR1&ptyp=4
1597584718,G:NHA_20260918_A:DLI__1-0-0_BIZ___1483814801,2026-09-18,Business,Vietnam Airlines,VN,1345,VN 1345,Nha Trang,CXR,Cam Ranh International Airport,Terminal 1,Dalat,DLI,Lien Khuong Airport,,2026-09-18T14:40,2026-09-18T18:25,3h 45m,1,False,12807713,277003,13084716,False,https://www.agoda.com/en-us/packages/book?cid=1753802&pk=G%3ANHA_20260918_A%3ADLI__1-0-0_BIZ___1483814801&pt=AAAA.AAAADJ%2Fse3LHFsXc3RzRoFLO85HGNBvyOjMaTNGXytQzQ6KGluf6iifjb4LAEOWHukgdwj8Be%2F2JjEaMxe6vrZB60uWoLDUpk%2BZUK4iwuA%2BJWrrHeVJsYI5zAoYL87tKNvazPz6tVJACysLBFZJU3yiEv8i8R10438e3MEvATN0Wq10V9YfE%2FyJxQ8JIa5eoj2o6pcyEiYxAlVC%2FYyMsJXKrw5DBdTETsAkKkXl80%2FM8OlFr8qgMIqhTZNNQu%2BVjjFYTLgSTgGBNp2yDAnePvshqPRhBIrDt9CSvxKEjQOEvFtCk%2Fmu1FKgc2eDfq5HUl15lUVaRA69tmQiDmkxi6v4TThewogKa5xgmOYD17RxLZ3wKmDX%2BCuI2SvmyfmthWI26SiP9unA5EeFP1M7tHfYEa6jsU%2Bkj3g7i0KYbuG9cAGGjO58HdAL2ptMlrYS9xZyyuhCuJcz%2B%2Fnc6vUSizbx5kyM4x909hZiVpwiBhNrSJvgOuUM8BUtkE%2BT08MphQK2gxa0ZyP5GXcp9UOg0&ptyp=4
826137748,G:NHA_20260918_A:PQC__1-0-0_ECO___1144384412,2026-09-18,Economy,Sun PhuQuoc Airways,9G,2953,9G 2953,Nha Trang,CXR,Cam Ranh International Airport,Terminal 1,Phu Quoc Island,PQC,Phu Quoc International Airport,Terminal D,2026-09-18T14:25,2026-09-18T15:45,1h 20m,0,True,780321,0,780321,False,https://www.agoda.com/en-us/packages/book?cid=1753802&pk=G%3ANHA_20260918_A%3APQC__1-0-0_ECO___1144384412&pt=AAAA.AAAADAdRPz%2BrEoxqEK%2BNtcRkhc5NGJxa%2FQuFn5EFxaGhZfhrKHQWitALNATDkGSfU6Lk91vgtXOk%2Bn2neM%2BQ7dUEFukXHkYl8H39YZfvV9AWPXODj9506YoddA6Aplki%2FVfQa6Lo0qagk4ZxFLQOmzR9GYcbS%2FHe9D%2FGZG030hVVk%2FX%2Fa80DIr8CzUA%2FdrvVrrQ62kpo9b2tLy0JhVGYzAlHLae835WqDVorFP3ZP9vvck02ALBQB4gVwaBgSG%2Ba3OMlc6YXdfbdRkm3QZQIqgJ4mzmgCde%2FvmVx8%2B3pq8gjOfTEcmShz124ZJyackU0SNn1qlpwqGg%2FR%2BaE0BukaEwDfzToMAeYzVAXO4sxbsqc2%2FCd&ptyp=4
1299677473,G:NHA_20260918_A:PQC__1-0-0_ECO___782763747,2026-09-18,Economy,Vietnam Airlines,VN,7341,VN 7341,Nha Trang,CXR,Cam Ranh International Airport,Terminal 1,Phu Quoc Island,PQC,Phu Quoc International Airport,Terminal D,2026-09-18T10:35,2026-09-18T16:30,5h 55m,1,False,1943937,28928,1972865,False,https://www.agoda.com/en-us/packages/book?cid=1753802&pk=G%3ANHA_20260918_A%3APQC__1-0-0_ECO___782763747&pt=AAAA.AAAADERvpTEOLGpTtFBVQ%2BTbJLATBnQShntwkIloYnl6bcP8OhCixTn3Dkj2AXv7u1yi34VEycbx2qjy%2BCZmUl2oGdm1JhZBRaHK5T%2BWKJNTZtkHoRpJ8PUyTSFy4wvXJjSwgMgmUA7wefMPMOMhk5fD8FDPZ735KjBlhvIUsQLRkI%2FY%2F2o7hvCFl6hi84wDYyr%2Fi7xi4n4O6HUiDUDqg%2Bah4vlbrM13AVb9GLDeA1Kib868GE6v03TUNrw4q32EdeqtoH0WOs3QVtMcwOoEyXWW7NnDoKwQ5lGXcOnrcSO2OHYHz3wNYEB4ncakdL3wrnwoPvX9ufb7jBSVjcaV7nMFf3HGnznuC4pwNruskAcRDDqLG2i4opUI&ptyp=4
1545368049,G:NHA_20260918_A:PQC__1-0-0_ECO___1476732383,2026-09-18,Economy,Sun PhuQuoc Airways,9G,1142,9G 1142,Nha Trang,CXR,Cam Ranh International Airport,Terminal 1,Phu Quoc Island,PQC,Phu Quoc International Airport,Terminal D,2026-09-18T09:45,2026-09-18T15:50,6h 5m,1,False,2715027,0,2715027,False,https://www.agoda.com/en-us/packages/book?cid=1753802&pk=G%3ANHA_20260918_A%3APQC__1-0-0_ECO___1476732383&pt=AAAA.AAAADJmdZrAfTJrep11TWsUxw1XgFg7DsXof4Yj6GML9A3kNuO%2FJ%2B0yIT6gDEzWfcRN5JkXN%2BILWpPX689lxjT5GANr3kzM0YcDOdi56ZsuTI33RE0zTH9JiOXFzqWfPD2ch5D1hkjtwDv1%2FgEXIs8n1CQukXkqyNAXc1XDm7JZEpDz%2B8gJG4nDUgFPT7XkKWrN6EepYf44cUjf5fU55T%2Fjeo3V4QgjDvO0JJdYyxJXhcX8JMq1AuH%2BnnARBRqP%2F9S8XwG3Y4aXe6tgFAax3MrfxxyfYzQ2880UUEvTXSAsl3fjS6aXF6u72k3J5mfwY3rHeQkpnM2WfqCup2lahqJObF7ZkmMmGJlnD4J1bk4pyjb0%3D&ptyp=4
842474749,G:NHA_20260918_A:PQC__1-0-0_ECO___306112764,2026-09-18,Economy,Sun PhuQuoc Airways,9G,1142,9G 1142,Nha Trang,CXR,Cam Ranh International Airport,Terminal 1,Phu Quoc Island,PQC,Phu Quoc International Airport,Terminal D,2026-09-18T09:45,2026-09-18T16:20,6h 35m,1,False,2715027,0,2715027,False,https://www.agoda.com/en-us/packages/book?cid=1753802&pk=G%3ANHA_20260918_A%3APQC__1-0-0_ECO___306112764&pt=AAAA.AAAADPW9mWBc9dTsX6X7L5%2FzwEf5ar11MTro09%2By%2FGHpYNCUYPEv3QWt3%2BmMr6WhJ4cnrK09mRGKO4CkrmtHkHMc3qo%2BZW7zGptqIOTi6iFPq2OjQfwK1dYLO0XeAUXyTpI5eEyTfgY87q3gcQWBSWb2M1wQmarIPCLPFFxE%2BpAOAUBQZ9ZmqaHH184c%2BBAA53QIrJCwAh%2BsOXYZSOXt0AN6kum%2B49v%2B5qr0ASRpLdYU1IfRCEkSNz0wBYd%2FsqyD5oKi7T7w1BpuI4bLFe1zEanACQhV4E50KMDrZx8coWRwfDhcFysjBjMXu2H2epyrZztn9pmxmZ7nv%2FByZ9WV5dtQDlnJRBW1Qc9O1cMQ3LHG&ptyp=4
870888272,G:NHA_20260918_A:PQC__1-0-0_ECO___2110199634,2026-09-18,Economy,Vietnam Airlines,VN,1341,VN 1341,Nha Trang,CXR,Cam Ranh International Airport,Terminal 1,Phu Quoc Island,PQC,Phu Quoc International Airport,Terminal D,2026-09-18T08:40,2026-09-18T16:30,7h 50m,1,False,2959227,0,2959227,False,https://www.agoda.com/en-us/packages/book?cid=1753802&pk=G%3ANHA_20260918_A%3APQC__1-0-0_ECO___2110199634&pt=AAAA.AAAADHJYZ0830TjXyG8dVnLUHpzpr%2B3JD9hTIUOpN23ql3Dj6T8Hh4djBDXqkgBfO55K3Q09yYk1pT3CknjDJj3SVtsgvH9U9yQsG2qG2cHAyLwBZul5afkK3QWLwDOk4O8%2BMdOjjPZXzQm0NTFs7yfPZkeLsNlJC%2FoA7n%2Fn4x1i3qmcPfR6giRJx3nvre107jCm9YqlgJzBAgmDi%2FkaZBQcze6QvpYmuu6l6whF8YRkONuBhjxaZsDTtcIPi42M8fXNhU3J4wveuMkugnQD8I8ivCKdRowmfzgr8dbc9FcPUjnW9%2FTcKgPjv0d2PXD7n%2BE%2F5u2FTEU6vBwUfmcrx4WguuePGjgh7qk81wrV%2FsUQSizHu6fbVaKvglM0YVyMX2Wtlrc%3D&ptyp=4
1197617893,G:NHA_20260918_A:PQC__1-0-0_ECO___1961807551,2026-09-18,Economy,Vietnam Airlines,VN,1343,VN 1343,Nha Trang,CXR,Cam Ranh International Airport,Terminal 1,Phu Quoc Island,PQC,Phu Quoc International Airport,Terminal D,2026-09-18T10:45,2026-09-18T16:30,5h 45m,1,False,2970974,0,2970974,False,https://www.agoda.com/en-us/packages/book?cid=1753802&pk=G%3ANHA_20260918_A%3APQC__1-0-0_ECO___1961807551&pt=AAAA.AAAADK0wLQTiKEXhpXjoRkT7QCE6hT7YG08IuijDFaexVJAIjlh5vt%2BiJ7YLTAPnnQFOg0cDLtkj9FtBezp1LetHbqjkshQbRhzvnil5p8d3AsArljrpl%2B%2FY3L8r7%2BmpBixccPdH5gAU0cPbEODZgIrMSeqQ1e%2FTGJCFeV5%2Fwt80HJ0sdNsR6LQF4Nw%2BGsTzOMl4skYmL%2B0LaPP%2FrXTDMY7TELLkuo%2FqsHRgic%2F2W5btizvg3%2B3Ni6%2FL10J2fSeg1LXMjnEioL2Uqoe0W7KFcL8nhKFqkOVQLsIbQGY7fD8BwZga2dfjqmFlCoQAXbHxtb8oYRhh4ENF4FO22Oh1DhyR7Ao6hnHBuNxkmNlY2i8SA7JwSUXadUQozSPz&ptyp=4
318820701,G:NHA_20260918_A:PQC__1-0-0_ECO___643049550,2026-09-18,Economy,VietJet Air,VJ,780,VJ 780,Nha Trang,CXR,Cam Ranh International Airport,Terminal 1,Phu Quoc Island,PQC,Phu Quoc International Airport,Terminal D,2026-09-18T20:35,2026-09-19T18:50,22h 15m,1,False,3986099,0,3986099,False,https://www.agoda.com/en-us/packages/book?cid=1753802&pk=G%3ANHA_20260918_A%3APQC__1-0-0_ECO___643049550&pt=AAAA.AAAADHeEiKwqu8q8SA%2B6apHz03jbdHY9pF69naNdA1WZvIE8Wyw9emFx9ubfMIJJSSokszyrJFml2jV0H6tOzDSE%2BNZWXFFw3C9fJFjvytO7boeLE8DQsyidPStQUpTnGDXomUvqJ637MnbHru88Piamv6uDvYLSPHUqSpOZn1lfFS11LqcQyIkjwUcjLG1XJk6zOmPxZvXTm3tQVEpjstsIbGDAWXiHF%2BcZPJIWItuKfANKpNT5%2FQ%2FNs3lrVX%2Bmt8kBZki441vmujgWNp7uUUriR1pXQw8iq4Y2o5O4nJEgN%2Br%2BO4A4gAyGBtiC0HQxjzBAEVRqGTxQXCEV41RoBZ3RBdc2ZbpT2k4gcZPI1ADfo5UlZDR6IIZ19BHiVi8AGdh9BYO3Rf0Pavid4OA%3D&ptyp=4
437779443,G:NHA_20260918_A:PQC__1-0-0_ECO___708900314,2026-09-18,Economy,VietJet Air,VJ,780,VJ 780,Nha Trang,CXR,Cam Ranh International Airport,Terminal 1,Phu Quoc Island,PQC,Phu Quoc International Airport,Terminal D,2026-09-18T20:35,2026-09-19T08:35,12h 0m,1,False,4228106,0,4228106,False,https://www.agoda.com/en-us/packages/book?cid=1753802&pk=G%3ANHA_20260918_A%3APQC__1-0-0_ECO___708900314&pt=AAAA.AAAADCs9aF2KUbGDJSJ7HA6bdpHavc7UvhHr3PUKmWMTDm7JtAprLBxKbMKl%2BrhNsn8jSnN47Aq%2B17N71kNCO3m3mIsixEJPG84vCkTqblCZuLkKLtsjXhB4n25uY5NyEJEAHaf7Uc%2BOGYZ7watF%2Ff0dnPjG38cJMizECwYYrErfbIwg9%2FGGcpShJH7clRwUP9wOQVsUhoU1Tnn7Swal7SgL%2BwVsplI3SdZlsuGC2KRSALQmtVb28BX9IkTj6ituFbQMusiu%2BiBxjZzuLvv%2FAk0tDWRqrOfvCdLnuE3dw2dOGdgyE34I7Dmujc6sKvYMnz610dRcgs2Fmj1yGgf4VAQ406uPYp4b6P%2BYA41WB4qiznARGhKMzmbcw7690MsaKe3aC%2F%2FoQbS%2FQeF1&ptyp=4
1816538660,G:NHA_20260918_A:PQC__1-0-0_ECO___121063116,2026-09-18,Economy,VietJet Air,VJ,780,VJ 780,Nha Trang,CXR,Cam Ranh International Airport,Terminal 1,Phu Quoc Island,PQC,Phu Quoc International Airport,Terminal D,2026-09-18T20:35,2026-09-19T10:50,14h 15m,1,False,4228106,0,4228106,False,https://www.agoda.com/en-us/packages/book?cid=1753802&pk=G%3ANHA_20260918_A%3APQC__1-0-0_ECO___121063116&pt=AAAA.AAAADE9ALJ%2Fg5%2BHJllLdIh5BJtlF1ATqyFSqeyQWI8Yf2E4TqubDHQYfv5y03%2FssUXNlS%2BwlQdtSur3WhcoKrmq8clFDsQJiESRzrmb7iq1M4iFIHPd1iGuD9sgI2TNrprUQPH8AIq0uBZ9O4syj06erymQhvnRySxB1JE9AzxZeP98WQoaS4S7yXjHw%2B%2F%2FFlftwGwMFGIr7RjCFx17KjLCjX%2BHF0WCJGEWxn7%2BN1xNOINhyjVCT5%2Buuj0hEBVBqBHikG9oPEMYqTsZ2A9KzvqBnLVdYkApZkbQsX77DnDpTptOjV8PyKJ7qBIy4PFZMO7%2FMXqPYS8oqg1vJYnKGqgXsw9QCoXTaMCGgvIwD5Balx0nQCVasD8FtBd5xIVQZQHElz11i9xpcxsa%2B8A%3D%3D&ptyp=4
1344985698,G:NHA_20260918_A:PQC__1-0-0_ECO___1311637275,2026-09-18,Economy,Vietnam Airlines,VN,1343,VN 1343,Nha Trang,CXR,Cam Ranh International Airport,Terminal 1,Phu Quoc Island,PQC,Phu Quoc International Airport,Terminal D,2026-09-18T10:45,2026-09-18T21:30,10h 45m,1,False,6288256,0,6288256,False,https://www.agoda.com/en-us/packages/book?cid=1753802&pk=G%3ANHA_20260918_A%3APQC__1-0-0_ECO___1311637275&pt=AAAA.AAAADNZM7fYZf2237Ouho9QuQS6hbyq%2B%2FuN8liwxQuf1arzrsvVwFH%2BbVv5NqsOsreGAst8C4MXIIhtAhNYNwEYbDudfHAhQCmfoSpoyE1L8n3qpfydmjhv4WcOXpl30Zy%2BWSRhvrGlmuPLg9CHZadSKvWiwhEe%2BcqjsUl6lX0fuHiH4%2FYKzBx6%2ForqEPMpjKwN6pLd2Ua8BebYtuJfjUGlvUfMtgpMYUpfHLPNP7CbCuFR6uEsQp4R84ufurapTkkwQjZJMxSwAjcSjR6Rd%2BkqIPZv8M9gbq3VjHGTXdQmv7QLV9c7z7ZAcKSdvdSAvmDO4TspWUD%2Bd4PQWYEMUs1xOVj%2F9Zj0NziOh5jMf7%2Fd1crsMeT1LK6o%3D&ptyp=4
1698185747,G:NHA_20260918_A:PQC__1-0-0_ECO___44739177,2026-09-18,Economy,Vietnam Airlines,VN,1345,VN 1345,Nha Trang,CXR,Cam Ranh International Airport,Terminal 1,Phu Quoc Island,PQC,Phu Quoc International Airport,Terminal D,2026-09-18T14:40,2026-09-18T21:30,6h 50m,1,False,6433328,0,6433328,False,https://www.agoda.com/en-us/packages/book?cid=1753802&pk=G%3ANHA_20260918_A%3APQC__1-0-0_ECO___44739177&pt=AAAA.AAAADNF9t53DYAYnhhxRMz3axH7GMamgb%2B%2B%2Bw6KW9rfuU21lYu2lZlKmfFSiBifUmyGDdlDGBjV%2BHueURxZhRzeHboF8goRD0ihj3WfMWKuFyHKQ50HRFpMJkeLucXvN%2ByBAKi6ng%2FLINCHxwCg2%2BaQ6fo1jhRPptlYOUWsWJd9V9FRFwblhkRSyVJFxj1rsBRNTrcw%2BK%2FDAawJbi4ynPdfJDORKEfMZcIAz8iNAWyd48htazTC5s%2FuP0UPiVdeuYgJ2oQ4BbwTjrVB9gOs699uzwg5HnJJpuDiLCqV7lAirjj%2B1C%2FkHZhrRAaQgyipyGUjF0n7OmjI4rjWtF7OVr0rtnidGp5reWYoUiXCBFrgV2Il3JoIl&ptyp=4
482212191,G:NHA_20260918_A:PQC__1-0-0_ECO___940268928,2026-09-18,Economy,Vietnam Airlines,VN,7347,VN 7347,Nha Trang,CXR,Cam Ranh International Airport,Terminal 1,Phu Quoc Island,PQC,Phu Quoc International Airport,Terminal D,2026-09-18T13:50,2026-09-18T21:30,7h 40m,1,False,7166508,0,7166508,False,https://www.agoda.com/en-us/packages/book?cid=1753802&pk=G%3ANHA_20260918_A%3APQC__1-0-0_ECO___940268928&pt=AAAA.AAAADBs4ALP37xWM6BHPYcdnZECiXOFPCyi%2F%2FGPNQ1abCtJn%2Bm8p0vejV%2B0MwsuUsdnMDa%2BbFEmHTBoKKGiFGjozanDoOZmQh%2Ft0aeH7ylLWojq%2FbhoLMbr1SqoyRI8kJewpCa7cGIvDxgunh9PMs1pAt9F8vzMkI2crHNjR1hFrUlD0wDngpiTSJI%2BlPbeO6EKLI9oVx6hMX3FEx9UovsPm0Blr5bOzr4MlRo4L3Qea8bYamp6MBkZw5e%2FZq33iZeb1uKDmDie60g%2F6Up16qENuJrBIaoWGr03hO%2FO%2FPgOZWEFWJMZsg2BonJ9Le1UAb69qPQtpQ2Q4wpJrUZ6F4qlEbCDzUWYodT2Nt1P07Zox0egNXvI%3D&ptyp=4
1034513140,G:NHA_20260918_A:PQC__1-0-0_ECO___309295179,2026-09-18,Economy,VietJet Air,VJ,774,VJ 774,Nha Trang,CXR,Cam Ranh International Airport,Terminal 1,Phu Quoc Island,PQC,Phu Quoc International Airport,Terminal D,2026-09-18T15:25,2026-09-18T22:10,6h 45m,1,False,7939235,0,7939235,False,https://www.agoda.com/en-us/packages/book?cid=1753802&pk=G%3ANHA_20260918_A%3APQC__1-0-0_ECO___309295179&pt=AAAA.AAAADE96j6dbpiacNnv3gaYpOWNc%2F8mKe5AgyKAtHM6sfPDvxC5GYM0F5r7avm1tmGLS2pSf5srSFWaqgbTwoOpzRamEss2K7mvFgiMGRa6DipvI2%2FH3kK71fDZtPjiFh2MHwCMkX%2B8EpVrDbEfv44fq6XES30JG0NELkBX05KacSM5PSts7jJ54NNF%2BKIw%2FFG2W4gt75Vok0Qu7vlMJ2FcXjWqbz5wtehldrHstvooKZGkLiU6UEkkOQj%2Frt3ZIL%2Be4IVGmuIZvjTc%2BOFkF%2FqwHNoIjI8x0wg9qds7GSkTK%2FofVZZPpfvw1EqjfDy4Bk19O0koHKGboa22KnFjfTuPemQ2mBGukZtnPXDMPpZEg0yPL2Gy0aMnWLtJRVavszSEvdC52cp9HfvLXzDY%3D&ptyp=4
938712374,G:NHA_20260918_A:PQC__1-0-0_BIZ___1144384412,2026-09-18,Business,Sun PhuQuoc Airways,9G,2953,9G 2953,Nha Trang,CXR,Cam Ranh International Airport,Terminal 1,Phu Quoc Island,PQC,Phu Quoc International Airport,Terminal D,2026-09-18T14:25,2026-09-18T15:45,1h 20m,0,True,3540693,0,3540693,False,https://www.agoda.com/en-us/packages/book?cid=1753802&pk=G%3ANHA_20260918_A%3APQC__1-0-0_BIZ___1144384412&pt=AAAA.AAAADA1SD2fcScUxPTti%2F9a9OMOIdmUJpIyUuBPNUEAq5HJDg5Jjd%2FgNHiYR4S46uKDt%2FHUxD9uELqSSmaH%2FbVQgOHnRvN%2FTrw1LjkbbeAm%2FekTNwQjEpxiF6Ej8F94AT4khyaQXvbUkIOBxIrDBFsBecm%2FLmsGukj32tcmJ%2FiBV0eTcsYBv104eAl%2FIuYraa3r9MqasBPs01CbR6R47%2FwbmFYz2Z0WnLNDEdtjBRmghn%2F0Uh0AAQk5k6KcP9rURjZys0juMvV8HzgEaXCANP72NfsTo2RWSUodqh4xgLZjsq2mHe0StKfLM0pnC3a0DRGR0EhxhDUEM8hmPwzkxcI40lYPpFp6IA8iWCiXNC4THjM8Lmg%3D%3D&ptyp=4
1193753953,G:NHA_20260918_A:HUI__1-0-0_ECO___548243724,2026-09-18,Economy,Vietnam Airlines,VN,7341,VN 7341,Nha Trang,CXR,Cam Ranh International Airport,Terminal 1,Hue,HUI,Phu Bai International Airport,Terminal 2,2026-09-18T10:35,2026-09-19T07:15,20h 40m,1,False,3054443,83671,3138114,False,https://www.agoda.com/en-us/packages/book?cid=1753802&pk=G%3ANHA_20260918_A%3AHUI__1-0-0_ECO___548243724&pt=AAAA.AAAADIvwig6bhCVgC2gJTsjglVwQBptPTd%2Bd8NvBjoiLxlm7CnAN9DlsMmNQ%2B2t%2FHI0kBNR9ezZLuZJPqXCL2HDqkRY9VQ22kImBwGRfAJHKtg%2BebwGGIrus3fgkYCscjTADAXhhtuVPs5zrX6NLxsLTiF5etZ0WS92DxrzplycOHP9SDLaUOODEql0hCAJ%2FyUDOAU8U%2Fh1kQHapAfmGhZWBseoaYqSPOJ5CTjPXEzmzsDIeBF0Uy3HfP0n8mI1CaybFmEiz7UuJlVc%2FPLSibj3ePByXmdsQ7aKBKuRJrqKUbSC8pB5gLWHgqOgajYp4jtG6s07oOSZpGw4La%2BmQq9aqwtcighwTgQ4JJ8MI1rJYbNu3pny0%2B%2BeMw5BYnivnkzPV&ptyp=4
1703406490,G:NHA_20260918_A:HUI__1-0-0_ECO___191404819,2026-09-18,Economy,Vietnam Airlines,VN,1341,VN 1341,Nha Trang,CXR,Cam Ranh International Airport,Terminal 1,Hue,HUI,Phu Bai International Airport,Terminal 2,2026-09-18T08:40,2026-09-19T07:15,22h 35m,1,False,3054443,83671,3138114,False,https://www.agoda.com/en-us/packages/book?cid=1753802&pk=G%3ANHA_20260918_A%3AHUI__1-0-0_ECO___191404819&pt=AAAA.AAAADF0Fllt%2BP2pA7hBHJ%2FjUKVJE5h78bw2ZVDLQ7TdgtoSAP4aTWNJQLFEZujk%2BrE%2F39KfETSrznHmqdUgyz3iuXK5CjkXa8Z3jW2t1tK4nYNKuWzHUVCHNxz62%2BQOqKl%2B%2BSKdXb5FBYfphqLR7djrdkxv35MGwDcZcRWauQPdQXh6Ob9FUQLzwNjskwJJTmR9iUWwjVIN5InstkH1dsHAgPzvTK9v%2FQYEJqfYEfX2m3tWN4Zbbe1C2hC5j3v%2BvX75DTyHKTWdF9bxfyGdMvOoDqmuWuZuFvW3fJEt2wlG2%2FTQiiptyxBBL0JHfspA2V%2Fx%2FpdqYDHNdu%2BsKFFErWvF46vhpcgxMV6frW4RoTIZE0wKWqUkj%2B%2BKy3EyjpYy94HYW&ptyp=4
1852503525,G:NHA_20260918_A:HUI__1-0-0_ECO___1039022945,2026-09-18,Economy,VietJet Air,VJ,609,VJ 609,Nha Trang,CXR,Cam Ranh International Airport,Terminal 1,Hue,HUI,Phu Bai International Airport,Terminal 2,2026-09-18T08:00,2026-09-18T15:40,7h 40m,1,False,3121610,40355,3161965,False,https://www.agoda.com/en-us/packages/book?cid=1753802&pk=G%3ANHA_20260918_A%3AHUI__1-0-0_ECO___1039022945&pt=AAAA.AAAADH1Fi7PJxmlULoCpZ9x1A%2BwZQJyh5ojM0YVCtlHTf4sRNfmrFh5MiG%2F1qlqEB8Iv7VnVzBPlHlG%2FeUICd%2F640D5PkF7POIbZexWPmXm6kh57ur%2Fi6HERe6tNFPE2lqTsmrC%2FHVN7lU93yDUcT7tUUtoGObcf%2F9u9uqaZ0O6TXLuxSeefAFxW2hfd3m3lOU8jLIe2MJKdXdHVMv4PLDC07swvZA%2FxCfYHl1HSQKQHED3H%2FAVCH4I%2F5aCxvmfXFtQ0wB51S4CZNMoNfKZajRBh0m1w%2FcXtkl%2BRNlL%2FMB9QyfegCLhTDFSooDODamVYrpHAFMZreZaCtzNv96IVZe16YWg8pVpaQrOhySD0%2F2q2h3oWTK3i5N0hN%2FHXhlCgSv5tzPCOgBe36kcD2f5gYDBJGhSZ57cRwKcZa35nTHycSMHTKdvUaHOql8RYPH7N69%2Fj8S1Q8x4IOIuHRj6sle%2BwOZ7HO5%2BDo0AaTUmwF9bKQO0%3D&ptyp=4
896702969,G:NHA_20260918_A:HUI__1-0-0_ECO___416027833,2026-09-18,Economy,Vietnam Airlines,VN,7341,VN 7341,Nha Trang,CXR,Cam Ranh International Airport,Terminal 1,Hue,HUI,Phu Bai International Airport,Terminal 2,2026-09-18T10:35,2026-09-18T17:05,6h 30m,1,False,3630476,80388,3710864,False,https://www.agoda.com/en-us/packages/book?cid=1753802&pk=G%3ANHA_20260918_A%3AHUI__1-0-0_ECO___416027833&pt=AAAA.AAAADH6HYwVNWk0O%2BgXK%2Bb42P%2BO4x2nMDs%2BWqcVQXtrfOpgrQw9qdeLp%2F0Tbq9UAwOm%2FvAj6zNM1xnyB3z8Kjg25eLxGZ1LQoKLVm%2BsqbfyaMqYkRlEq94JefwhMNadsWmFQo5pn1CR16BsCg4be4cNPqHQzb8hv5QlHCuZQ9NuiXwANYVRm2Xy3GMOJWMtBlPjKhOJEabbV2FyjdOdFcuvI1yY4JcXJWzvcaxscjDvynacujkyOY8iQrpnUbDR95gXLKLTHrzQWhg9TVe0cQH%2BRy9E5D9JvSyqduI%2F6eeU1k8HFPK0L7HRS0Vod5wmUDSq5IFC1keFM8ofP7lSoBkeTZE2aUfrHq%2Bi%2BMclAWJY2Yx1MAt%2FmHuUM7lDn0lI%3D&ptyp=4
400272273,G:NHA_20260918_A:HUI__1-0-0_ECO___482644351,2026-09-18,Economy,Vietnam Airlines,VN,1341,VN 1341,Nha Trang,CXR,Cam Ranh International Airport,Terminal 1,Hue,HUI,Phu Bai International Airport,Terminal 2,2026-09-18T08:40,2026-09-18T17:05,8h 25m,1,False,3630476,80388,3710864,False,https://www.agoda.com/en-us/packages/book?cid=1753802&pk=G%3ANHA_20260918_A%3AHUI__1-0-0_ECO___482644351&pt=AAAA.AAAADMqyJWzuaB7vxeOaT2vDSJnQYcbG9oI%2FGCjd6IqYf5iUXWT7mltqtpM9EFTTNuRF%2FoUutmmYnSWZUUUw7aKF%2BzKXRTdWKKs7gOR2tlyaE2vCLOu1agzcvdzhLoHj3BXHxJ%2BmSiJs1zs8Oe3Xzuusiil7f7dIoZVBCz7jfTVLDNL90TkLFx%2BwZx5eIjsIYG%2BRNa%2FCc%2FBmbkyTVn%2FtHIoTnofS0WUpYB9dPYJRQr4jn3CcoqexgavMMBhxmAd%2FGpv%2B%2BCJ%2FTvq5OajOjxzFBTrJU0AbBDFJtQL2fCkvt%2FLSuq%2Bf5d998YNOjPt0Yyb54%2B3IWc4OSLKlwSoxjkw%2FOanDqUcnkBKAaJdQSnl3kGblLuhZ5VoovYmC9RFG9VA%3D&ptyp=4
311547976,G:NHA_20260918_A:HUI__1-0-0_ECO___943504422,2026-09-18,Economy,Vietnam Airlines,VN,7341,VN 7341,Nha Trang,CXR,Cam Ranh International Airport,Terminal 1,Hue,HUI,Phu Bai International Airport,,2026-09-18T10:35,2026-09-18T17:40,7h 5m,1,False,4050603,89690,4140293,False,https://www.agoda.com/en-us/packages/book?cid=1753802&pk=G%3ANHA_20260918_A%3AHUI__1-0-0_ECO___943504422&pt=AAAA.AAAADIzmXkwcQhr8uqHRnuAVo%2BI%2BBE%2FdG%2BLA4cf%2BC%2B1jg1zCIa12RGPlYUM56gsFDr5%2BrLvF5pVo3QnME7gzYWJMNoxx3ir%2FAmbyoVuGFGqSxho9r%2BUj3KcqcOgfS9hVn8LC9UhQfFrJq8ML2xtlQWkGky5cPvRv%2F%2B0D0Xz211g8JLxdq3TttuIA3wRngVEGZLqQ9BkUwqvPWg6SvFbZBpUoepn4SdLR1LuQu6JxtQ0hEhnWFHYoIX0%2FoMob1gQsB725zRBY4ZX8%2FejPoYNz9ZRopRV8sPYS9ZvbYTVntrXa%2FTJVh08dfPM1mL3uHmfWbxgi%2BCPebhXCeYQKWtZKQM1bJcDHAgS28%2FZz4dbSNV1MjSt74ya%2F2k75mubAPT%2Fz&ptyp=4
924233731,G:NHA_20260918_A:HUI__1-0-0_ECO___706384117,2026-09-18,Economy,Vietnam Airlines,VN,1341,VN 1341,Nha Trang,CXR,Cam Ranh International Airport,Terminal 1,Hue,HUI,Phu Bai International Airport,,2026-09-18T08:40,2026-09-18T17:40,9h 0m,1,False,4050603,89690,4140293,False,https://www.agoda.com/en-us/packages/book?cid=1753802&pk=G%3ANHA_20260918_A%3AHUI__1-0-0_ECO___706384117&pt=AAAA.AAAADLHe3OvSfj4JaaWjUMRE3nHZ%2BY8ZwQwqfQr%2BxHBdbh5YOezWkaGqihAGRYe9OP6jvyhvA%2BDcG2Jh13PUviak6o8pQi0udLHB7gIWJI5JGcYHTsJrAVEitP3GJTtyzx9tNvJNUO4%2BSoICccim9n%2BSSTlr%2FM2jGOjboAyf8w275a8kTVM2XU8DldYeZ5X2TgL5m89CyNoftk4iOIkiZMsfNkemT4m6ScaKMFV%2FYCqBDX0HscnoF4%2BnzhQ8pGbsoNhFiSn2r4UtVZPG4E4PBe6bi1MF94G35S0sz%2FRkjvvJmfPwflC4EQzNzZHoB3EJkh1rGwGIEkTwUjfS1Se1sDfxUdlRDLohVZpqkbzKbLVT6vLNT28wq0F%2FXpmnUGg1&ptyp=4
154164782,G:NHA_20260918_A:HUI__1-0-0_ECO___792198802,2026-09-18,Economy,Vietnam Airlines,VN,6151,VN 6151,Nha Trang,CXR,Cam Ranh International Airport,,Hue,HUI,Phu Bai International Airport,Terminal 2,2026-09-18T20:55,2026-09-19T07:15,10h 20m,1,False,4470729,98993,4569722,False,https://www.agoda.com/en-us/packages/book?cid=1753802&pk=G%3ANHA_20260918_A%3AHUI__1-0-0_ECO___792198802&pt=AAAA.AAAADJTPb8ECzDeTBDmlSKuV7SjfW52n112qPeYBPHzbk91hI%2FBuAzTZ%2FIaB%2F3ljgcjMrPcju7o7ctr9g6J4XyPHfSbB8qkGtcZMDDtLMKa59lGLtTy3TCZ4QwBLl6aHDaZxt%2BHa7rtWIOJZ3yjej9lXomxjsJXP495IvS6xG3zvfQO%2BBdK%2FWSk0oqKkqvLb9toEB5Th4ULku3zkGplOwoqDX9P0Y814gq62jyJoBkJTWI1IdOR3GcWg6BwXP%2BXREEX%2FD1mqvx%2FHiJd0U7H77C03q9WFjMdZqklXT5AwjbibP6igwZB%2BiPseAn0dBXCxIjqaTloVJzpJtuCeC1Ul7ipD3TgVNVWIdaTWyleu5hpF4D3K%2FJpPzUXOxeTnVh9%2B&ptyp=4
1479402459,G:NHA_20260918_A:HUI__1-0-0_ECO___284357773,2026-09-18,Economy,Vietnam Airlines,VN,6151,VN 6151,Nha Trang,CXR,Cam Ranh International Airport,,Hue,HUI,Phu Bai International Airport,,2026-09-18T20:55,2026-09-19T17:40,20h 45m,1,False,4470729,98993,4569722,False,https://www.agoda.com/en-us/packages/book?cid=1753802&pk=G%3ANHA_20260918_A%3AHUI__1-0-0_ECO___284357773&pt=AAAA.AAAADI0mpt8c5ZuY7bjhDMS5VtCzeshH%2BeLna1H%2BJh2UV7hsEwRph2FcQsZFPkUAQubpSJ8vC1loitxcopBjoKIVvSmV0mhWxixmJdxIDoPBGryhPSaIHTYGXqTYMdcLpgEg3sxHqsS88DEaScRDSQLucY4MHrCHYHyek5wcOi3kbBnZ9%2FY7X0ISgPm4XsXlPSWKUo%2BVquRKt3OpfUEokx8I14iAj%2FPY%2FUfgmhjDx3EvT5IcAJIXrgds5%2F9zqrtra6y1yUB03XAFqRT%2FkwioWG8voM4nEjXrWfmj%2F6HldjRpkmqmSDkWkOHdXb9EH0IXXydTZiVrNxPEEpylgOHbtFlvk9cBvVOQ5pdLwy64sa9KfNVVAbsN7leriUm866MsQWM%3D&ptyp=4
1999174318,G:NHA_20260918_A:HUI__1-0-0_ECO___1779990133,2026-09-18,Economy,Vietnam Airlines,VN,1343,VN 1343,Nha Trang,CXR,Cam Ranh International Airport,Terminal 1,Hue,HUI,Phu Bai International Airport,Terminal 2,2026-09-18T10:45,2026-09-19T07:15,20h 30m,1,False,4748409,103950,4852359,False,https://www.agoda.com/en-us/packages/book?cid=1753802&pk=G%3ANHA_20260918_A%3AHUI__1-0-0_ECO___1779990133&pt=AAAA.AAAADAaCiVBg3Y9VrUBgUdWAUk2pDlh6Q6xNEp3CZw9WFsmFqtRJXTCGn12aLSSbts%2F9u%2FAR1Hb2tyZ8J07tzpPhr58Byl0tXOcHasmyxo2SsjMXbfqRE0wY%2F2cAsj%2BpcNI2BR2tjWrt4acIkxp4A0jcnzKsehvdDFbQcNDmtWPwM1HoH86PilWP4wu0ENKig5pNuWubHx6rNKO87ajWpV4IqYZqsEAhSleGNR6LtGs0N3T57ivF7KHmCxDO%2BhCPhxHcGWz7FgGPJ8ods1n7fyKkp%2Fmet0CqMpcYQvGuT%2F2RnFQa8SlRGRF0sEk9p9ySJ1I3i8s1HmqFVDXERn59w%2BdvKCFT2PMY6nvsiW%2BXsuZczTTg6XN0mZMHgVLE1KbrqdI%3D&ptyp=4
1297611435,G:NHA_20260918_A:HUI__1-0-0_ECO___1655528072,2026-09-18,Economy,Vietnam Airlines,VN,1343,VN 1343,Nha Trang,CXR,Cam Ranh International Airport,Terminal 1,Hue,HUI,Phu Bai International Airport,Terminal 2,2026-09-18T10:45,2026-09-18T17:05,6h 20m,1,False,5326165,320923,5647088,False,https://www.agoda.com/en-us/packages/book?cid=1753802&pk=G%3ANHA_20260918_A%3AHUI__1-0-0_ECO___1655528072&pt=AAAA.AAAADObsnhHfNU91mxb7s%2F0i5X3UD%2FbUdif3IrThnWlHZYp%2FlWwx8s%2B2kJ1xVj7AY9VMpVaaAeJxD5Y%2BM3Km%2BSFTSpnrP%2BBN8fJRrJkJyIZZjGC2uIwHTiOIUYRJyanqdaG8uBXbXUwmJmdbW6UQTfdl%2BVjKx8iLW%2Fb0istO0u0hKfm7ZIYPoooYFyH3NQuKwAjFYAHVf3zR4gV1LJdfhdVZjSVLNw%2BhcazM1YKNoeJmn0Q2bFBabp18aKj%2BzxyaQxR%2B0ogXHQ3RZDHe833cuQTeS36P2B6kFHYC3hGfyIKMVa%2FgMIQzp8Q1w3dKtlkEfWts5QQ%2Fq%2B913PKxzeWpluqmI35hHh8CGcg9S7d7prGtHtmb7jhqGf41IkwJYVYfELYfdu3BRM7BVVEO7aoLgfSoAixEUD%2B2eIrx7TGsJtlwNrxHV1ocOolOcgfSKxxafTAVfq1lToSZ6RIhIfwwnCdjvLNHp2FEPLu3iC%2FeyVNGceWRC6VKzPddKu2ENh3JEh1ibPgJIPn5H4On5SUvc7Vqo4Hj&ptyp=4
431263617,G:NHA_20260918_A:HUI__1-0-0_ECO___2007836216,2026-09-18,Economy,Vietnam Airlines,VN,1341,VN 1341,Nha Trang,CXR,Cam Ranh International Airport,Terminal 1,Hue,HUI,Phu Bai International Airport,Terminal 2,2026-09-18T08:40,2026-09-18T12:25,3h 45m,1,False,5603769,323984,5927753,False,https://www.agoda.com/en-us/packages/book?cid=1753802&pk=G%3ANHA_20260918_A%3AHUI__1-0-0_ECO___2007836216&pt=AAAA.AAAADOO2OEG45a8EhGcnzkGweOzPlzG%2BZdRXiydJo%2FLPqjVb90eIYOfDWdFwr5IlcPX62woSKARnztK%2BrvQyNZxP5zL80ibf4vPGagLo8d1NIlaH8tos0HQYFM%2FCPXEqd%2FuNsAlcziBccBMSdN%2BPFz%2B3yk26McsI%2BfPYIDsPUDO%2BSWgMh6Y5dgwxnLFxRhc3IfLUqRSk%2BQwMpscyKS69FBE98SMiLBgEY7L4qy%2B%2B1tyMCyD6egRww51frd0Ruzg8UwqpOHB3FyRlOY3CZ%2F3HzxbGYJ2HB99%2BAtqDmrzHX6YYWKx%2FVcz8jRRX5zbfB%2FbzbJHvoezxL7eUK5KrGwbvnlEc8SivvTOSYZ8RNp7xHIzNQ3%2F8QJzqyojRpgU2IxViMEGAYUXGlS7lffcEBhLQo4lYM8vytm%2Fyy4X8ecD%2BE4judZpptykmh3F8jf%2BenBVG5qsKTn2GGjHH%2BmLER2idbBHWR2%2Bo%2Bl2N7HrnhNZDhcnq3j63VBYlonmrC%2Fl9wscAad%2BUHSlNIHNp3s5ZAe1rbeyKANc%3D&ptyp=4
1745969745,G:NHA_20260918_A:HUI__1-0-0_ECO___258233947,2026-09-18,Economy,Vietnam Airlines,VN,7341,VN 7341,Nha Trang,CXR,Cam Ranh International Airport,Terminal 1,Hue,HUI,Phu Bai International Airport,Terminal 2,2026-09-18T10:35,2026-09-18T21:40,11h 5m,1,False,5640653,66562,5707215,False,https://www.agoda.com/en-us/packages/book?cid=1753802&pk=G%3ANHA_20260918_A%3AHUI__1-0-0_ECO___258233947&pt=AAAA.AAAADP8ny%2F9fkGxBR2LcgqgmchJdOhXYh0wgrjbTCll%2FO%2FGyfkbSq18v%2FBwPMw5y2I%2F1GFxoYqzupK54pHQ7Srvnhx2GFyhX1n8M2rDvsBuxnE7R4satzScHzSi8S%2BoE%2BKGQ7RDqItqdo6xmp%2B2UM3l1NHknl7bdOtiZUnx30BQyZTr2mDVlRpol0h4tzg5%2Bvt5myq5iXA4sz8B3KpRsgTYzqDx1ir1hTPw8MqS7V66zipWiQcXzZksnCa1QfPQIHx7GCfgyE9lENnQlq0D%2F8lBJgGR%2BsJxwC8lbVDM3wTuW9ZCv0ld5Y5%2BTX%2Fgvad9RdrypUruqeNaTimZdB24UsL9NT3qpNuyKaYX0DTWTGQMF7P8oV9I2gztZyjZu9ntfvg%3D%3D&ptyp=4
718309073,G:NHA_20260918_A:HUI__1-0-0_ECO___720205810,2026-09-18,Economy,Vietnam Airlines,VN,1341,VN 1341,Nha Trang,CXR,Cam Ranh International Airport,Terminal 1,Hue,HUI,Phu Bai International Airport,Terminal 2,2026-09-18T08:40,2026-09-18T21:40,13h 0m,1,False,5640653,66562,5707215,False,https://www.agoda.com/en-us/packages/book?cid=1753802&pk=G%3ANHA_20260918_A%3AHUI__1-0-0_ECO___720205810&pt=AAAA.AAAADPamLQc5ufBYnS0HbF5tmwNQ2lArmFAemiz492YNii3wzvRWpYiOY589XcJUk3La8pldQ2KrZDVbV2snIYNewa85ueeVGJbrVQx7edIep1%2FbWLvvZqHqgEMnbZxLCw9QXnv0fCCTofs0XsaNtEaeSSRGE9UzMUaOSMiXKuGHWkAQJo9bRjnaJjho9pTsPR6PWlgFiTMt5aQZ4JmlPCpt7uSbTPvZ%2BL5ppK5rX7%2Fy9dFDhpnAVqQI6PclKXA%2FDWvFzmWOoPHcoxZ2wQNYXoKueT3uwbgDhKxBsxNDoLnGkFxryxdeK%2FrY%2Bl64e15BWP6Qwx7ckTAPzsx%2F8JG0nr%2Fh3FCbdhwivCRixv2BnZPODUu%2FfGqYeMofop01xRij&ptyp=4
132091168,G:NHA_20260918_A:HUI__1-0-0_ECO___629262109,2026-09-18,Economy,Vietnam Airlines,VN,1552,VN 1552,Nha Trang,CXR,Cam Ranh International Airport,Terminal 1,Hue,HUI,Phu Bai International Airport,Terminal 2,2026-09-18T12:30,2026-09-18T17:55,5h 25m,1,False,5743629,324457,6068086,False,https://www.agoda.com/en-us/packages/book?cid=1753802&pk=G%3ANHA_20260918_A%3AHUI__1-0-0_ECO___629262109&pt=AAAA.AAAADO9CuqbqXIvyLvxR3ya5AhG%2FcXZBCqv72A%2B3h2sAAP%2FizNNpbQCLmnpu2MtFUtahYrIMdLdLWHnjVC974q0oObiO7xyy1IToaneTiNJB0lNmT0kJ3%2FZgxXRBPfSlOb8XVEoig7OocXEpz4fXeZX1bJ%2Bgyam8k7BfpjIRqzpN%2BkKn63ub8g0W4%2FxpqQi5FC7jSql7PnihJUd%2Foj4CAAXAqasvV0gf5kBDQ8sRrN3mUXIOKREcoZOvi0sDpbXMABFdTizvbe8%2BbEe4U6sPNzii4OY%2BRrDJwDIIm6dLErSwMLTFAU5uhoAQxqh6%2B46k%2Bw6GdJV3C4wwnQvwPoNwtvM9uBWZwatnRUpZsVn3OQwATC%2Bd7OyTQhsS5WcSXslzu9VG5sN9RM834d03AZpGFbY7csxjOLlOKiS58aWl1azc9%2F6uuUmKdpMEyQaeKsciorVJc3XNKU%2BbN9jkk9Q0Dy%2FXDgAf6H8HbKsOVDEWVK9yP8OOXCnjsjzBn9F%2BLrZjH138jrxxMB76zDPVcqz1ag%3D%3D&ptyp=4
1129902548,G:NHA_20260918_A:HUI__1-0-0_ECO___456531820,2026-09-18,Economy,Vietnam Airlines,VN,1552,VN 1552,Nha Trang,CXR,Cam Ranh International Airport,Terminal 1,Hue,HUI,Phu Bai International Airport,Terminal 2,2026-09-18T12:30,2026-09-18T18:50,6h 20m,1,False,5743629,324457,6068086,False,https://www.agoda.com/en-us/packages/book?cid=1753802&pk=G%3ANHA_20260918_A%3AHUI__1-0-0_ECO___456531820&pt=AAAA.AAAADOyGZYzwny1Gs8G7uBij9enh78DY1Ked2z3e4mpecX6S6RWAJtpDK7mYKcLrqAvaCwZK6ur59bgudUn1eRFj2MX7PhGl6Zo%2FvEwY9w1TPEYJud9kofADA4XIfsgYMRMFgcbyhi%2FclS6mgal4agD%2FznEPCvJcRZMLnnCn2hGppgb9IC2euYOB48mCfd45M%2FThYZUpyh9VjBy0GS3DX3G81Dy4%2FqnboXVVDEMkr3Ggt1Qy8cvm2GKcQ5%2BG8okhAB%2FgmAi%2BnZvzQVQc65n6lUZR4MGPVFw1K%2FbFzNoe7UMj1IPpiksqHejxOaU5aURn0yfGQO1Buxmb5XKlL40HqsBy93hcig0MUjZpMF1LlRBBHxVhLOAiKN7mFHfU1x08pIt%2FlHbdm4smYZsaPoZY7mKkPJpACn%2FrOCVNyD6DOvxBsqJL9Wxh9ovbTwsdJCakonjGQp6hHLjUubpi1fqO%2BTPJ9VSJlRDUwr07AnCJSo10jfKyWOvaD7CjFJJXC5EO4IbxK2OiSOiRA%2FvG3cqn1KI%3D&ptyp=4
1236797491,G:NHA_20260918_A:HUI__1-0-0_ECO___2089202239,2026-09-18,Economy,Vietnam Airlines,VN,1343,VN 1343,Nha Trang,CXR,Cam Ranh International Airport,Terminal 1,Hue,HUI,Phu Bai International Airport,,2026-09-18T10:45,2026-09-18T17:40,6h 55m,1,False,5786259,68280,5854539,False,https://www.agoda.com/en-us/packages/book?cid=1753802&pk=G%3ANHA_20260918_A%3AHUI__1-0-0_ECO___2089202239&pt=AAAA.AAAADE%2FZif3d0Y%2BQB1e2iQ5wkhmqo2px6d4yRmAdPllZv5F%2FonKIA5QtzWHm58Ft064bgNojUmiCFtEGuDEuETr5cRLYlMPfBay6bHo5D2QCGbQtbGsD2k%2Bk98yC8ZFZY%2B7%2FPd8SKduwxVweD%2Bgykj3HeR8QklGBfWCV8%2FSIw9HZLWPJWvp47iH03JjopAq1XAkZTL6afoPj9ni8NTYcyAEaHv%2BrywZx98JgrRTMQoE82ACD%2FEKXsD%2FQEqBiGBDJH4R7vOVq4ya19bxA%2BQoTevnTNALUhzUj5xjEBeh1q7EPtlO6k%2BeJDseAXcarKq%2FceQ1AHGEWrTX%2BAjrPWItTr3WZtqk4OKDRXx5Udh9RxsvgN3Pb6MGkSfJsZNOTtQYPddie&ptyp=4
97820067,G:NHA_20260918_A:HUI__1-0-0_ECO___667645727,2026-09-18,Economy,Vietnam Airlines,VN,1552,VN 1552,Nha Trang,CXR,Cam Ranh International Airport,Terminal 1,Hue,HUI,Phu Bai International Airport,Terminal 2,2026-09-18T12:30,2026-09-19T08:20,19h 50m,1,False,5786259,68280,5854539,False,https://www.agoda.com/en-us/packages/book?cid=1753802&pk=G%3ANHA_20260918_A%3AHUI__1-0-0_ECO___667645727&pt=AAAA.AAAADCZzOiTLzFL8kfIQdyHuhhj80b5pBF%2B8ji60Z%2BFcYBQ78NT068oa0KU3MIQqzJoeAffsQihGbHFj5ZETU0oDUvFQbEGGSJveq77UkQSduURIohkLXkyW%2BRjWj2N0gC1ZT5%2FD1b0VyYE%2BYbDapOg3Gsdi0m%2BrxiGTXH0saRa4TnHfFw3qM%2FS2DdzNYLsvQv595R%2BiW%2FOfeS0TlcrwZiaQvM7kvBSuyFdjDetC0nW989aAYwl6Gk2jieT3IvW1VPQ7OudOhS7yYjEgIKDbSV9IyiuK7WvTdB8Tlz%2FOp1F3FfuT7BcuEALI9oEUh2qtPnItr2xGzW2M%2B%2FkE5uuaTDlruMGr5eh%2BB2b3NFFCVeGWusp0e%2FMP1Sq8uOm7KnzC&ptyp=4
550026687,G:NHA_20260918_A:HUI__1-0-0_ECO___857789047,2026-09-18,Economy,Vietnam Airlines,VN,1560,VN 1560,Nha Trang,CXR,Cam Ranh International Airport,Terminal 1,Hue,HUI,Phu Bai International Airport,Terminal 2,2026-09-18T17:55,2026-09-19T08:20,14h 25m,1,False,6631144,78250,6709394,False,https://www.agoda.com/en-us/packages/book?cid=1753802&pk=G%3ANHA_20260918_A%3AHUI__1-0-0_ECO___857789047&pt=AAAA.AAAADIOJAfUrr8%2F%2FMKPdOk8OD9KmXN%2BbhM3MtEMsHQWizG779idZq%2Bxmq%2BkE1gvzB7yZIPs6HOJPdQTzZfQw5VKi8%2F9iA%2F5zlcZ8kRc6p9eJaRFJZUWJovzb5lbpSu0i4Qs28MqsIMnDBlxdrUyK4dAKVVkWLMSGZwV07HK3lndl6xryJ%2F0ixlcj27D2uuLoK2VauM2Xrk0pzuVyrxk7WxIwaVCG77%2BBF0CcBYN5gPR15w6Sf4rReSFnuurzFS4RHJYiglpeGHmvbcNjcWxUCkEYHQVRm7HwepqmOmSJaQ%2FCrOOqKxQ%2FCfz8h8htjwUEzV2Yx%2FsYpFjEdOh1o8WVwe8IWQyiWHb0gt%2BaCLwsKZK7rk%2BaxiT8aFPbgDm0bPJOsA%3D%3D&ptyp=4
1359271778,G:NHA_20260918_A:HUI__1-0-0_ECO___1172712149,2026-09-18,Economy,Vietnam Airlines,VN,1560,VN 1560,Nha Trang,CXR,Cam Ranh International Airport,Terminal 1,Hue,HUI,Phu Bai International Airport,Terminal 2,2026-09-18T17:55,2026-09-19T17:55,24h 0m,1,False,6631144,78250,6709394,False,https://www.agoda.com/en-us/packages/book?cid=1753802&pk=G%3ANHA_20260918_A%3AHUI__1-0-0_ECO___1172712149&pt=AAAA.AAAADBB%2FqPoyorRjU66a7dZxhPtr5HFFiCTjGxCef27sjF%2FNBpOKgyAaMFBK5GsQP6DjBuYuXlCdFCorMHWN4ofsKNQvRRS389vDsT30M3%2Fa%2FMqGtfazosnxxz0%2BbQVYmliAfY5pQHU87noetYOhJgv4MWCaW%2BsMkriWT9plFV%2BquGIuyT7t19wH8fkMfZTp8KMHOpwdK20qP6ayFGLs7tKHf7h%2BP%2Fr8sqrLFydpUweOijl2cdtAkuCmTw8BNI1pPP1szCMsOm0AB28wRYkSJApLcnhnaIFhsomLrrJGFrAfYprd7vONSwEN76vLOD8l30Fz5a000TIr1VdrrRWT5rFYZbdRBDvnv52aNs5cIpKKQPtJNR9aqwdC%2Br%2FG5Osc69o%3D&ptyp=4
1604810887,G:NHA_20260918_A:HUI__1-0-0_PEO___2007836216,2026-09-18,PremiumEconomy,Vietnam Airlines,VN,1341,VN 1341,Nha Trang,CXR,Cam Ranh International Airport,Terminal 1,Hue,HUI,Phu Bai International Airport,Terminal 2,2026-09-18T08:40,2026-09-18T12:25,3h 45m,1,False,7523275,369135,7892410,False,https://www.agoda.com/en-us/packages/book?cid=1753802&pk=G%3ANHA_20260918_A%3AHUI__1-0-0_PEO___2007836216&pt=AAAA.AAAADN0NyMwah64fgXiQlSVU6x8YlpWi9HmAoQN6zspYL3CdmuFH1%2FKUb4O62LcamV3%2FBUtFHoammo33twoe48Rs25Flz6IQO%2FC0KJcz%2B3dzCA3xyyzBxWEIpsaOzBE%2BPuxx6Kl84J3PGO56zGDk5coINyg85BKConAvvIid5UI2moKv0wouJgQQPbl3OSQFjjZBI9qi9%2BBiF%2B5sWA%2BYVpe%2FHeiZDj%2Ffehgk2X7dKgmxvgb6PyR5%2BpJ9DsYGWXJTaliIRD3tKvenQ2Dn81IRbnqPT6oQQpwRUWQ9jcjX3xO6RcfHBN70MaOGi%2F2Wer9uvo1xD%2B4YwI%2BIg%2Bbotrv0kYep88qFwQcuHCAqrwSqj23Pz7rAk%2BjsLRywYOF2AnaHvhsc1cMyIn9g%2BhUup2c7JuXBioMK%2B%2FxE4hNoO12oHwc86kNU784BXTwJQMvKmBe0u3sjJoGadxthb0Jqihf1U6HVcz96UBYF71Q%2F8lKOfUPM9VapbXahF3DB%2F8haZEOU6XkcYh8rCG94ytY8cstu8LY%3D&ptyp=4
446200056,G:NHA_20260918_A:HUI__1-0-0_PEO___1655528072,2026-09-18,PremiumEconomy,Vietnam Airlines,VN,1343,VN 1343,Nha Trang,CXR,Cam Ranh International Airport,Terminal 1,Hue,HUI,Phu Bai International Airport,Terminal 2,2026-09-18T10:45,2026-09-18T17:05,6h 20m,1,False,7523275,369135,7892410,False,https://www.agoda.com/en-us/packages/book?cid=1753802&pk=G%3ANHA_20260918_A%3AHUI__1-0-0_PEO___1655528072&pt=AAAA.AAAADPORGpmB1NiMQsNVVo8xUkfHdM1vZm%2BUZKTz6Cfka3gn%2BxXylGZr7aIsgElpCy60B7CSR6dRC5Ef2QmcMs1e4F6xlawkDtbX%2Fd31B6ECI6fBj4hu09WCsb1ncPhkd87hwdvw0%2BFd3F3ZfOvZ5v%2BQUHJ8sEML6IP6QCKDlD%2FR7X034jbNlAoU9e%2F1jS6SDXI8cUbCWIsqYKZ2BM1NULb2WaQu%2F4M%2FFksu8j5RqBTrJW9BMN4x5pptEf6IrKJXZdv0jXdGPVcThmAlWHFFikKpZg9nWzlsR1u3wcFo5ShFSdovFn8sJS0lwsRd4eEW%2BJeOSXlM5tCga%2FUS2%2FkfPhLB7Rb1a2EPWLmhJI8k%2BzxDh7FJ3f4rKZIM4jw9ZJoeXSKh0P8ngg2xoAdsw2lYwuGzrrziaKhRO8kzbRxW1zR2dKBpHKRCPt8wr0YVteycX4lPghJI24GvptBkjbeRWRqfqhABk0eXPJ%2BU5sS4XyFoKYApRU%2BC%2BzU%2BrFY9tg9wi99bAAnCOAKYSMjENYpN&ptyp=4
764197299,G:NHA_20260918_A:HUI__1-0-0_PEO___416027833,2026-09-18,PremiumEconomy,Vietnam Airlines,VN,7341,VN 7341,Nha Trang,CXR,Cam Ranh International Airport,Terminal 1,Hue,HUI,Phu Bai International Airport,Terminal 2,2026-09-18T10:35,2026-09-18T17:05,6h 30m,1,False,7523275,369135,7892410,False,https://www.agoda.com/en-us/packages/book?cid=1753802&pk=G%3ANHA_20260918_A%3AHUI__1-0-0_PEO___416027833&pt=AAAA.AAAADKwyd6NsHR2gC4%2BHAQRrHVb4D%2FyZuOZoJM17MV3N%2Fy42bVT8ixZxnwCigeSZ5S8XdVFYE5x%2Bd1m3t9dpnJtwk171XPKY%2FRJq3KBsBL2yy6oC4uy2c1iDW%2BGUrd3OO3mXyGZ1BLQTP%2BD2%2BWIzH%2FVC0T4c5fVdY88U09VYA4kzsdTMz40wPMFmAuahzfcorPQc6u8IDEB6jhBw4mahxB6bK5mQkZsdJwMRAmwIDs9hEDwMPFpSIyKfaxXWBIdOdknbu3aX2NXbaExjBaBZ6aChG4mM8kZEPMdG80%2BKLUoNKjkM8drI0Ja%2BP7OE1c7KgiXcm%2BJnh%2FAMJUnqDalefSSjsXrAFiuZXXDUcJwBbopNkcqteFS8bQaIDhWOXMvvNMsFaQFnFYWPkxztqiOeSogsIK9VfLm5ZkUgETsyWFiLDZulm14il7UDu4EVtkMa7fqGZ%2FpziI77FdpYOJGJcpzhLhTcZf1%2FlT2xrX49IMzGd%2FErbMaj7rm7P%2Fze8POZPJTcf4vkCvoVayun1YA%3D&ptyp=4
751027994,G:NHA_20260918_A:HUI__1-0-0_PEO___482644351,2026-09-18,PremiumEconomy,Vietnam Airlines,VN,1341,VN 1341,Nha Trang,CXR,Cam Ranh International Airport,Terminal 1,Hue,HUI,Phu Bai International Airport,Terminal 2,2026-09-18T08:40,2026-09-18T17:05,8h 25m,1,False,7523275,369135,7892410,False,https://www.agoda.com/en-us/packages/book?cid=1753802&pk=G%3ANHA_20260918_A%3AHUI__1-0-0_PEO___482644351&pt=AAAA.AAAADP2At4lOI%2F20VXM9fvtk2AZ1e%2BH3Fk0JYJDIICtF0Vigy7h5yQVshnEEWM6MYCzsAQ0WYbowPfDP8nKtCVaairRGADFfwSkHsL1ST1rJTL0DWSQ0X2cBqgPboMCiK0LskJyNBUwjd0sF9D%2B90s4Y7MR%2BO%2Fu%2BxkieEicmw0D2SJkKs1RyWV29oObOG9rgvxP6vHgs4e8thqUFYsg3okYpCPnTeU5WxfUgXcNkIZRgyT09AdRkgl0rf6hu68%2B5qxNWnKrTI9oApR2UU6JnjazQgJjq9fPMYWMT3Q5di9sYH3rFJyYv8GZEXbMT%2FkatDgQXjlJhYC1kpYfnhvXNGa2gF4dd3VaGa5ASrtHYSqMRZXYCGGx9yfhDfD0YnT1x0cnY5YuHxSQ63ue7c0GF11kqg5F%2B2lxi2pBXCwikKEF8fLWWYutL45r1fRfVPLOOGeRFKhxR8uoqY15e2WOsJ7E143IA8i1sMf0N41D3lAOC9m7OEIJdus2j4wz6mhjuzxwWfQSCRmMT%2FYRJ7De5&ptyp=4
1924098533,G:NHA_20260918_A:HUI__1-0-0_PEO___1039022945,2026-09-18,PremiumEconomy,VietJet Air,VJ,609,VJ 609,Nha Trang,CXR,Cam Ranh International Airport,Terminal 1,Hue,HUI,Phu Bai International Airport,Terminal 2,2026-09-18T08:00,2026-09-18T15:40,7h 40m,1,False,8279251,103950,8383201,False,https://www.agoda.com/en-us/packages/book?cid=1753802&pk=G%3ANHA_20260918_A%3AHUI__1-0-0_PEO___1039022945&pt=AAAA.AAAADAMDpOFiPQcoJehdr7XJHhvUb3f3%2B7c0AEDQKDgmfZPMFXUWLHMcGV1Y7Xwij9y6WRG9jLK7ByEKaCEo6psov77EYKuaOsH3OZGgjXrBai98PoYm%2F03QMG7qHLYWNXUx37Q2yDZlTjN5xjM22Iv1fFEU8wxKROgDZFy6GyYp%2FeanWjdWHlf5sdlDPmWabkU8QFKtluxTvRiXCiwnvqoYXbiCLkVi%2B3ObQ6nXREojSMiRiGWXbZXMewG9RAGECIBZ3TXD6GCAAnBnHEWNT4ydS2AbDL32FsdliyZvvrXFyOoMtfy%2BwSiv1f%2BY88N%2FjH6XTM8UzPbs%2BQJEFqgCzctWYGfvsm2E%2B6qK0kNR3BqZkkZx5KIeaQ%2FOg7RjMWRBpYg3G%2FB8j6JhHD0y86o5Lyd%2BJlaZzIICKVHKMcrhf7Sot21CeInd%2F5PT0fwnBTkiZcXcIk3MtrqziQ4AC2m4oZ2n6T0g%2B3Ww3AgYO4Fo&ptyp=4
979181352,G:NHA_20260918_A:HUI__1-0-0_PEO___1832906206,2026-09-18,PremiumEconomy,Vietnam Airlines,VN,1345,VN 1345,Nha Trang,CXR,Cam Ranh International Airport,Terminal 1,Hue,HUI,Phu Bai International Airport,Terminal 2,2026-09-18T14:40,2026-09-18T21:40,7h 0m,1,False,9062245,373822,9436067,False,https://www.agoda.com/en-us/packages/book?cid=1753802&pk=G%3ANHA_20260918_A%3AHUI__1-0-0_PEO___1832906206&pt=AAAA.AAAADOVW0dkCLgYpHsC7qAkCF0SULnrPduztFidnZEe7XjDcnQ0DuZGMNYVszHA05ffv5ss2JKHgPDn%2BHxWg3GWbZzq18%2FUhAUtrU4oqDZzux8eHFNgLLp98iCfgnHZEmVCRxd6EW6EU8TXdVmuPoBlPmckTTZcXOd3I5ypQ%2BmcVsTfTap4pdF%2B7wo15Qu4DPx0MhSIuoWjsf8yYoSp7QYtM9KeXUsR1eaCZc9GfyGsSqjie0twxbbpCaDAfg3RjQpyrslBROoLZfs%2BcF0jPR%2BW62f4Qvaijm6YNjyvKMejsWewM6tmwMNF%2FfP5DwBeOq2CV6VSua8gFQkRTmc7qiaAHcoPvg6v9ORuKsV9VmG0ewKtZjsgRkQGYedVhKc4dI3W%2FfNKVXlka8QYwUUwWqqKgoykd6qsD97ieDDUcm6AKvaX%2FO7gd%2BF3%2F159Y6S76RbFtr4%2FEnPF0mYdfS0nDupdUKxfITeNkw67XAeWnpk%2BjHZfKBMDy%2BpSx28%2FHz52SwPSd%2B1%2FuM8BYYKsAT11S708dBu8%3D&ptyp=4
1803959826,G:NHA_20260918_A:HUI__1-0-0_PEO___629262109,2026-09-18,PremiumEconomy,Vietnam Airlines,VN,1552,VN 1552,Nha Trang,CXR,Cam Ranh International Airport,Terminal 1,Hue,HUI,Phu Bai International Airport,Terminal 2,2026-09-18T12:30,2026-09-18T17:55,5h 25m,1,False,9484018,373048,9857066,False,https://www.agoda.com/en-us/packages/book?cid=1753802&pk=G%3ANHA_20260918_A%3AHUI__1-0-0_PEO___629262109&pt=AAAA.AAAADMw%2BUNRnBakPE6ptYpaGQ%2Fd3922s4uMo1h%2F1hN7moZLyqYRfhvfuUmAcDAhf6YsJg24dNeLElkHtMLtPkLQUAAIOulVhYmY5Gi3c4oJ5XCMYTRSRFTobnnPIQYtx6GqY92XzOJeHpmpAKZuQvIcecKgZUBK93txf1lwLk%2FOt84modwjxBPjXpQpOamXa%2F7UtV5o2E5ZcXg20N9kiCsD4BUEmzmuoemGZSg4SBwsL8zAagbuJzOVb%2BQDZAnujX91d4sts1b60J5jWYqW%2F%2BgQguRpPOLAnp2WG%2BaC59GcX03fX9LieD0WGwq%2Bo6gSkYecgIyN1Uky8gRBUaH2fm9fwTFVymQRrGAQq%2Bc3a4TVrlcqlxJf5Jf6nStYo%2Fvm7P8td8dJnW4aHuXld6CYZJeibVqX%2BCUDfdbpM1QOXRpmvu36U6w0DHvUTMcv%2FSyY7T0xjctc8k3lOXQ%2Fga30bh7wPWiMN1EcD83c8WC4VxXQqwTfvx0ndYBOl6RZF1CuLceC3SxZPP%2B4O%2Fel%2F5n9UwkGTGFA%3D&ptyp=4
763093250,G:NHA_20260918_A:HUI__1-0-0_PEO___456531820,2026-09-18,PremiumEconomy,Vietnam Airlines,VN,1552,VN 1552,Nha Trang,CXR,Cam Ranh International Airport,Terminal 1,Hue,HUI,Phu Bai International Airport,Terminal 2,2026-09-18T12:30,2026-09-18T18:50,6h 20m,1,False,9484018,373048,9857066,False,https://www.agoda.com/en-us/packages/book?cid=1753802&pk=G%3ANHA_20260918_A%3AHUI__1-0-0_PEO___456531820&pt=AAAA.AAAADFBj0yT%2FdLo4Pb0ULt%2Bp%2FE%2B%2FTeyJ%2Bp%2FzqHsuroBnHJYrJoZNzyX7Ee8Q55poJvrYZqP7dshGnCXwu%2Fpq6l9F33nahK2LpE4xnQyK1MaEU%2BoZl5pfbhnU27H7bra5hubwc%2FdyFxu97R%2FIpT7stCCQV4Fun74OmcnX3mhlfG%2FXXuN%2BQcCdxhryVwvnS51pvEm5T3e5t%2FkFu3UksKZpLXuf8px9aJ3cjdcUQbD0YfaeE1cWq6gbziXTW93NmxkZgOIAWBX3g9dnJHJOJ3uvA%2FeztZD4Th2pZGnoOnwvrpZBLM%2FUpMOEB1OvhL6yG51ySFHtsReJSAeb2BKstj%2BKIWYizX9LOk766Sq7i9tAeW480JaPn1nVcKGojd7V0BIWiTAWLTMMdwbV6hFw861v%2BhYIiI5lHB865J%2BViMQhUvaPfYw2ZKTkA9txhZN4TH5xVdKiuAiNUrhMkr%2B69f1uRVXZmO%2F47yPq%2BANJ%2FGiOqa738Gt2WE1W0GQDl9QbB5HkVko7%2BFtuFXpGLJXsEIiSA3tfXg%3D%3D&ptyp=4
1333878057,G:NHA_20260918_A:HUI__1-0-0_PEO___1795047246,2026-09-18,PremiumEconomy,Vietnam Airlines,VN,1341,VN 1341,Nha Trang,CXR,Cam Ranh International Airport,Terminal 1,Hue,HUI,Phu Bai International Airport,Terminal 2,2026-09-18T08:40,2026-09-18T17:55,9h 15m,2,False,18203187,523426,18726613,False,https://www.agoda.com/en-us/packages/book?cid=1753802&pk=G%3ANHA_20260918_A%3AHUI__1-0-0_PEO___1795047246&pt=AAAA.AAAADCnZ1jDX5%2Btwl6jM5sWGUWOoLEWRgt%2FyXVbt%2B9tjIzoX111b3wmzjIAOqOMyEXb0qTSkmXCHICR0I%2BOV3%2FXZQi%2BuEV65c%2FdUHc%2FX%2FW2PGemEtzOu97Im80XGTFlRG0yV60aL9WFhMrhTNybzwD%2BCUZUL%2BR8NdOHNipOOUrsIZD5%2FCmHqbgWtjvN5O1yXeVF5L3wrjXcjJw6b8I8Jtn5jPShLGxDpQlZOaat%2FTLICcnO2M5J4fEiBlOt%2BPkLyN5Al3RuAFfwFXYEx3PwvVGQ%2F%2BX%2BjXlmEjHskMmSMd1CqCFcfpzaxxeT6RFsioXWgkwDutXrIK8SJ65xO%2BbjbPiGvH7BxwJIWkWlCv%2FIInvBj6RDeNJC7cGDA%2BsoFQjjelPdVPyWH0HIq4utUc9SKMH8EqGtvdXDY0N%2B8e6kMsRrrJ%2Bn0%2FTDresKJVZKwaSPTyyweInxAagarNNHOqaIUMqHG3fQ2GqbL568V8WEKoDijptvXcjpVGKNhgo2nn0ojjaR1I4C6xc7p2YtMP%2BAHD91DHQ%3D%3D&ptyp=4
579671456,G:NHA_20260918_A:HUI__1-0-0_PEO___1013091174,2026-09-18,PremiumEconomy,Vietnam Airlines,VN,1341,VN 1341,Nha Trang,CXR,Cam Ranh International Airport,Terminal 1,Hue,HUI,Phu Bai International Airport,Terminal 2,2026-09-18T08:40,2026-09-18T17:55,9h 15m,2,False,25477564,546356,26023920,False,https://www.agoda.com/en-us/packages/book?cid=1753802&pk=G%3ANHA_20260918_A%3AHUI__1-0-0_PEO___1013091174&pt=AAAA.AAAADOpLefP7grEeaMWEjklVbi3JO3EXGxTE2MJnMdJjJ%2FtRBLJHtIUxuG1CJpbSuRZpYp8DwzrBRuYzdvw3cDzv%2BkUITQqBoY0I1Fhq2QKvLCh6BLa8W%2BGkSsH4diZHsrfU1czVeaH5kphnfIVUNRYHV8QaaEJUierm3G2k0ak%2FPqukRbdxIzA7cRKhVohTcvWD1bO6OxOxQFYHAZU4puo2PDOjFUcYxC9ByieDf1OgbA4MpHC4Cpn4M8wNuml%2Bf1ZupYuc%2BBQxzyOrDFJWvlbwjgpcKMvzLuOP4hznPpwBRpjpvG7nQ3Hao4F38UYKy3ds%2FZapM%2Fviph6hP8QW9OqiJFrSjlhLut3qs%2Ft1oP8JTMkx9Fv2uvfX17Vpz6Zpr6OkW3KVY5yoFcCJ9q7qTA83BaLJHv8wPQvQEGXhVVQGvMSoPWAfaDso22G0jaGIRQDUuhiQ2FVxRcCUEF3b%2B655LvDAfLx%2BhHKdJhzsg9F%2BT%2B%2B9mS1UQVvY3M%2BLR0OJEIoCd%2BE2KeUB3DqbQIF2KhhOM3vr%2FYA6hY5vq6tGSIqmTA%3D%3D&ptyp=4
745612190,G:NHA_20260918_A:HUI__1-0-0_PEO___168777673,2026-09-18,PremiumEconomy,Vietnam Airlines,VN,1341,VN 1341,Nha Trang,CXR,Cam Ranh International Airport,Terminal 1,Hue,HUI,Phu Bai International Airport,Terminal 2,2026-09-18T08:40,2026-09-18T17:55,9h 15m,2,False,25477564,546356,26023920,False,https://www.agoda.com/en-us/packages/book?cid=1753802&pk=G%3ANHA_20260918_A%3AHUI__1-0-0_PEO___168777673&pt=AAAA.AAAADL2ACRJG0sZCK5FZlh5yt1KcT3YUABnjM5p%2B917dZt76qTfOm6kdIuhuse1Xc1quHkJu3xf5qRiMFYuxVcW0pR6KsERADu1z8x1o5m8tBfsCVsOyTgGA8%2B2lV8YKZQExYKWLV2U81WaahPlMxwsMI0f%2FN6dXOWG0L6V%2BnhHwxhFjaNMzl0rkm6CyVMAzzNcl25HWnarF63u6UesQ2dZVR16rTF6zkPPbR72yXIIhu%2B4Yxsu8SbxHcJelD%2FdLvZaH%2BupohSCDJmyNEOM6PqOwVb6tbEImqZo9e3I1ssU5ti2wD6Ujz4iBe%2BH9dR7XkMrg5ew60Q9qeA1oOi9rNcye29u4f5zsxc4UJcz20ldEjT%2BHs0Q6%2F2DQ%2FfZJYQ5lydl9D1IN2B0Gb2BXM9L7K5moiaJWrJ4PTH0a4vK%2FRXroN2FtvQ%2F8qgjkaOx8sVPzKuZZvJKN8DaDDtmGmsN99ErNYPUdfMgtj6dcXhxDlxC4ypOrzb20%2F4B55CNs70GW7MQbMBx23axXA5ddYZgIwsyZtdARn4iDDTFixtq%2Bc68%3D&ptyp=4
517745929,G:NHA_20260918_A:HUI__1-0-0_BIZ___1655528072,2026-09-18,Business,Vietnam Airlines,VN,1343,VN 1343,Nha Trang,CXR,Cam Ranh International Airport,Terminal 1,Hue,HUI,Phu Bai International Airport,Terminal 2,2026-09-18T10:45,2026-09-18T17:05,6h 20m,1,False,10322289,376776,10699065,False,https://www.agoda.com/en-us/packages/book?cid=1753802&pk=G%3ANHA_20260918_A%3AHUI__1-0-0_BIZ___1655528072&pt=AAAA.AAAADBPTtMzAwgiOmLZV4uekLRLjg2oM8S41Ae0gxpdg7MCpWChfcDu27Muw%2F601LMYhkLptK91D0azSU6h9%2FynTEMAbMVAecbE%2BkGfi%2FQslpMUvBw9M1KZ1lChL%2BPCr0HmYHbctwNy9jEcluvvclCG4%2B6r4A1qQXvppUZXXQjG6voB%2BEP77K7kpRfCq9HTzdchBKFTtxYiavGiflZGKBX5ReRgRdnaLPbc4CWjTNS6t2bladOKZxoAslpCNSU110feYGxHm4A%2BXqToJnQ0j02Gn15jmj9lC1bJsiHz0mU5UP%2FcsWIX866UYKg291WFzRLG%2B9TggRny5Ftc6Sp2BFuqiGPmvg3xW8jhNVJgToJp1zwYRqPMFqcKzvzMieMTu8UOUswukplV83MDVbwc%2BBi7TW%2FMKQn2pN6%2BJnGiissHycslubFMaBrL5ueOqho5tzkNpzGQr0Z3lB7DofL%2BVAbp8dcYgVLYlPqq18RbuaCWyTqRWVG3FYZn9%2F64fKHE5QYw2%2F3s%2FcqspiBSTURwTrx0N5v7%2FiA%3D%3D&ptyp=4
126633569,G:NHA_20260918_A:HUI__1-0-0_BIZ___416027833,2026-09-18,Business,Vietnam Airlines,VN,7341,VN 7341,Nha Trang,CXR,Cam Ranh International Airport,Terminal 1,Hue,HUI,Phu Bai International Airport,Terminal 2,2026-09-18T10:35,2026-09-18T17:05,6h 30m,1,False,10741444,378616,11120060,False,https://www.agoda.com/en-us/packages/book?cid=1753802&pk=G%3ANHA_20260918_A%3AHUI__1-0-0_BIZ___416027833&pt=AAAA.AAAADGExVLQvHRt7MIocx3owxAAnP188jxZpgbD8ZdxKWUzFyUT2WpX2hueTE4XRPkJA%2B2drOoJWzNhzCiHwiM1vnSAUI6tjMHd3bMNFbhH6csnCC2b7atm%2FoEc8EyKO42HoNhl9mrOJwSJ67EjGvrO2BEoRCKKwmCQZRfDbBMJ8TDQjW6C%2FaLG5uo7jb0yaSadbm5gd7FSpfhm%2BP9J40irH0KNTyU8FXiYO8zL3IIG4b%2FCdjwTlAwMtNnsgL9%2Fwkhy327l7%2Btx2IBqKK05vaSqO0zRImiDFLh1O7VQOP8c%2FTM6vB5mqH930p9e1DFor07IqZ%2B%2F8knUX0ZyLsSBzjKB0iLmajKg7IUIVrsQrtUAPC2Pca0e5M%2Bu1vMlAwt%2BdINGF2kvnUkVqt6Xdc2xpcmIIiEmIHW9SntPYRh7CT6uDdotU6FeoaL1ZiRWL%2F1Q5FAlHr7z0IV78UAFj3Pw3smpyzaLSUAg0bzWFQ1m0nMBaAn4Kniy5fCMcXa7xYS7G9kW7rKjs3J%2BWuDtJHCN1R536L7s%3D&ptyp=4
1493252771,G:NHA_20260918_A:HUI__1-0-0_BIZ___1832906206,2026-09-18,Business,Vietnam Airlines,VN,1345,VN 1345,Nha Trang,CXR,Cam Ranh International Airport,Terminal 1,Hue,HUI,Phu Bai International Airport,Terminal 2,2026-09-18T14:40,2026-09-18T21:40,7h 0m,1,False,11580593,381470,11962063,False,https://www.agoda.com/en-us/packages/book?cid=1753802&pk=G%3ANHA_20260918_A%3AHUI__1-0-0_BIZ___1832906206&pt=AAAA.AAAADGLqBAGRK5RMis%2B%2ByNCGVhyqXUpSkqlDW8US1Vhysddr234PIB9%2BLoa29vi1Kd%2F1KrVn7jkdcdk429n%2BG3KYkp%2FKfwBlxA1A4Hy7v8cGyEICb8nm%2B17GcOwseZMqayUJAtawTGto9FhV6a6P7lg8MoQOzrd95iDlUBDUWa1dKrbpkvLLJFYtuRIKs6GjglS3qxKnZFim8D4dEz7UNxL02xMeogRo40STcWqLpLbTLKsHRuWlEaChworv5omWeURpyM1cbH9iMMY8Q3JaCGPRR0RM7sX7UkqrBSLT03VKxWBZC9xtc7SHv0gQAwRzPgMZcL7QWkaOF4Q0zIo6JF888EQad6r8E3kv%2B0%2BwC327J7c1wuEvPHOfdjWdU3xaw5ybdVt%2Bqt6gODIIu3wBdl9%2BE9kMhAu3xImBtTWVzCFr1OX0NxDauahTlDxH%2BwXf33s5%2BsAsFtMBJBZ0AcPBwj7CyvbkcUo3oekTRGBWCpg%2Bqp21%2BAXILJlUsgV31ofHRRZS0F8RTB9Vq%2FWd1n65Xh%2B0eos4WBs%3D&ptyp=4
1813411420,G:NHA_20260918_A:HUI__1-0-0_BIZ___629262109,2026-09-18,Business,Vietnam Airlines,VN,1552,VN 1552,Nha Trang,CXR,Cam Ranh International Airport,Terminal 1,Hue,HUI,Phu Bai International Airport,Terminal 2,2026-09-18T12:30,2026-09-18T17:55,5h 25m,1,False,12560835,383549,12944384,False,https://www.agoda.com/en-us/packages/book?cid=1753802&pk=G%3ANHA_20260918_A%3AHUI__1-0-0_BIZ___629262109&pt=AAAA.AAAADARJeehPwm4R3pLmJFUwiCsNeT2t9kACc2d1I8JjUr8gXDiZgKsc3LbW5XXo7h%2BGEb17HwiSJsJXp1YmnD2FrL8rdUATpXiv0DHknwt%2F07atPLtDhoEvhIqSR%2FGXKiO8Gf9JF%2Fn45e8S6SP7G5tgB60eVuK954J1psZfNx1oCjcMKDiUYwvUoTzuxpd4sj7V%2FwMxVQcN9oxW79hl%2FYe7dKYqEWIBnia6SDjS%2FK2tTuu%2F6540ZAGiSf4qXllgMacReVVPI5sMbT9Mt9ix1pm%2FEtXzs1hDyR0L9HtxMHv%2BcV%2BJ7UH0vJsTk%2BWBHhNTFGknfjFzsVb3wQnq42dPg0nkyYdisj2HxImzEVtMH7Ngn2N4yW3Ea9Zd1MJm5Jn48nQ9gCxO0YSSLzZODLCR4f0sUdJWOjjd9A4RD7vcNDzmFtzsM5v25pO8AEmaOsYaAGJxxfxbShVYlFjv0f8YDLYGceCUBonaOO%2B0agg18GmrgYDbcfzVDnxZXMagjmhBKet56uY2pigNy%2BXNWEz82rPh26g%3D&ptyp=4
319027039,G:NHA_20260918_A:HUI__1-0-0_BIZ___456531820,2026-09-18,Business,Vietnam Airlines,VN,1552,VN 1552,Nha Trang,CXR,Cam Ranh International Airport,Terminal 1,Hue,HUI,Phu Bai International Airport,Terminal 2,2026-09-18T12:30,2026-09-18T18:50,6h 20m,1,False,12560835,383549,12944384,False,https://www.agoda.com/en-us/packages/book?cid=1753802&pk=G%3ANHA_20260918_A%3AHUI__1-0-0_BIZ___456531820&pt=AAAA.AAAADMh%2BI2WHvipnKURZmn26mW8cXBjIIXw889%2BX8hA12pvWxLflmJog%2BZAXCseX5NQ%2BNnv7RPW0OUZF3W0G%2FajICuib9gvKfNRaSm0%2Faoi4392OOZSsbHH3Dmvxq%2FPHgBef5EhwmLRB6TEWG9PurO%2FMwdg1qCIFxU9XQyeo5sBtxkiid6TOYQAw7AhUpnsIIk864gZnyex3v2u%2FG0xd%2FDA35hHcwXT60%2FKzDoxK9srpvWcAmkixbZEn9kvJ%2FiY%2FatoRIcfTnR0Ap%2BxQcqpgiaW5eCtbsQqzOg38RziUzgrfhu707aKi1bf2oriwgqF4amu2ZSKRb%2BGAgiaePcHp8yuVuCaC68XMG6UWFSX%2BjfjhCpVO0OVnz8M1rUozM4NtYsuTp086x6b1TShKs9lnlN2ciGGkKvNGqXtB2SFJrCU30EcAn2lzSnFNKlopjWWxFry2JcGpiGWp9JLS22H2k%2FXEk5rD0f0IQgITm6qavDzwSP%2BflHDQOGmOuu9%2FdsyYU5JTtUmuhIssCNWIAmePJi9ncw%3D%3D&ptyp=4
1099072653,A:DLI_20260918_A:SGN__1-0-0_ECO___551948218,2026-09-18,Economy,VietJet Air,VJ,1363,VJ 1363,Dalat,DLI,Lien Khuong Airport,,Ho Chi Minh City,SGN,Tan Son Nhat International Airport,Terminal 1,2026-09-18T07:35,2026-09-18T08:30,0h 55m,0,True,894593,16178,910771,False,https://www.agoda.com/en-us/packages/book?cid=1753802&pk=A%3ADLI_20260918_A%3ASGN__1-0-0_ECO___551948218&pt=AAAA.AAAADI60RQMCzonpPC3O3OKDaSuqooHvHUq%2Bu8bCKo18VHys2zWjre95dAHyXCVGa4ir7h3gEZO8qIQcBtuN4OVIh6GKwMY%2F76sTJfLFpwIkqPnWGH%2FYAlmnG7BNp%2FtCV4vKetRQ86CalegnZQNw%2Ft4PFJS9vRbZg0qMaIcfC5CJbvjDHLbAiVgc%2FSgeO49MLmwUq1WwAJtvwVaPH%2Bmjw51jK72sIHqsjaLvxlNPJRo3ZNkohiFzu4ArgQy6orVyVD5CAteuLRm8K3QwD3vh5Ab5hMPFBLbuW5AOwT%2BMnqsL4Mb6bjH1ruwdt6WPk7E7oVBvK6vlSCvoa43zQMhXhFpotMPT48b4Jj%2B7KtoVJt0%3D&ptyp=4
1028890415,A:DLI_20260918_A:SGN__1-0-0_ECO___1809408711,2026-09-18,Economy,Vietnam Airlines,VN,6171,VN 6171,Dalat,DLI,Lien Khuong Airport,,Ho Chi Minh City,SGN,Tan Son Nhat International Airport,,2026-09-18T08:30,2026-09-18T09:25,0h 55m,0,True,931754,27989,959743,False,https://www.agoda.com/en-us/packages/book?cid=1753802&pk=A%3ADLI_20260918_A%3ASGN__1-0-0_ECO___1809408711&pt=AAAA.AAAADPOlJDUUGt%2FVVMQyRrlPEJD30fezYMrmI6dQj%2FEcP8DROe42B%2BBcCD9eTmOi6gU2sukSDYVfKY3ouF5xGCaYsH6FB7m0%2BWNyVgAonjOTCRU1bMdWz%2F2z8FsdCKkBJpAzzp9nQDd0NZhLENNeWunmLjuXDBf%2Bzcjf4vj7jhVF4wE3DIom5EEbayPfq9VJSnP9x%2Bhx0BRCvqSA12YXG4R3gq7EMHAk6LHiI9NddUo6YHetr8R8anDUZqsD8yGJWntxelpH6X9TDT7XijCi%2BCddIJbWRU0%2Fg%2F4y01aB%2F6RZnvDh3Xn%2F1U9cTJ%2Bw9nEiBF6wGgS2kdAFABI8UG3X1UqADg6GHorO0lwp6ntybegDGITzyCsQA%2Bb%2B5z%2FAOuQ%3D&ptyp=4
1755542638,A:DLI_20260918_A:SGN__1-0-0_ECO___1880371346,2026-09-18,Economy,Vietnam Airlines,VN,1381,VN 1381,Dalat,DLI,Lien Khuong Airport,,Ho Chi Minh City,SGN,Tan Son Nhat International Airport,Terminal 3,2026-09-18T07:20,2026-09-18T08:15,0h 55m,0,True,987463,29662,1017125,False,https://www.agoda.com/en-us/packages/book?cid=1753802&pk=A%3ADLI_20260918_A%3ASGN__1-0-0_ECO___1880371346&pt=AAAA.AAAADN7YpTnRTbIM%2Bd7s3%2BU3PxT6iiSEDxCXNYVAvC3l%2Fza3ZnVYbgkA710lJ6AewOlq7oUKZQ4fYRbORVYVRcNH18Clgyyk6P4nBgu9xEOC3Q%2BtYbiRIFI1w4ZkT1wBQmt8gKFjEyfwIpHXYEP6NtIYJFUVNxhlhlDIaAxEw7zKugWFMQJj9wxxgT9tT7vDJ0g1bh%2BB6Lyi7pXD27OaEsV7voM1SaDVMb6R6nftkRyemKqFeEBCgIVk3TYyv%2BfJr8IYTVTengQ%2FJMRLeHLv7YPG0Oo4fjtiW2C9VeMq40Ta0yQqa75itCF51q1UYcCVmyhrof7jcN%2BrLQOLZEoddkKY6vZtJaw%2FI4s4ArVhOXlSbfp9%2FhSqOBRirBKZPsw%3D&ptyp=4
1455953285,A:DLI_20260918_A:SGN__1-0-0_ECO___1226367142,2026-09-18,Economy,Vietnam Airlines,VN,1387,VN 1387,Dalat,DLI,Lien Khuong Airport,,Ho Chi Minh City,SGN,Tan Son Nhat International Airport,Terminal 3,2026-09-18T19:00,2026-09-18T19:55,0h 55m,0,True,1127899,33881,1161780,False,https://www.agoda.com/en-us/packages/book?cid=1753802&pk=A%3ADLI_20260918_A%3ASGN__1-0-0_ECO___1226367142&pt=AAAA.AAAADCk2t4yOhKH%2FuOcKhRQvs%2FNtunUgaFnITsWWECczQail1WKM8azp0E1xDZWwW57phRMwnxWOtP0a0WQ9vuOistYkv%2Bw673vLQtrkwFTJpr7Q26RQSTMjgGcVe4j%2BR3gLtfIQMkSEt0DOOEpevK%2FOAlXOdLrKtAch2I9THp1Yn3t8zoAWWqGgfY3jAbJQco%2FVM2yMH%2BDQcwOey440R9CIH0ziPoUb%2FaERQ%2FSYHCKDH%2F1nNDgBoyP7Mtt4C7adC3iXaQ1k9TQ8rc9b%2F9cWKhsIytL%2BhnBYQ5HHspN5Gs9lwF1E%2BQO806cpugH6CVMS07%2FzJIu8RzqWNWqvHSelDqRshcTtcWKCEyQfgtg1Dpbrn254kALbsuXiwcHOQew%3D&ptyp=4
1032072072,A:DLI_20260918_A:SGN__1-0-0_ECO___604089292,2026-09-18,Economy,Vietnam Airlines,VN,7389,VN 7389,Dalat,DLI,Lien Khuong Airport,,Ho Chi Minh City,SGN,Tan Son Nhat International Airport,Terminal 3,2026-09-18T15:40,2026-09-18T16:35,0h 55m,0,True,1370514,44813,1415327,False,https://www.agoda.com/en-us/packages/book?cid=1753802&pk=A%3ADLI_20260918_A%3ASGN__1-0-0_ECO___604089292&pt=AAAA.AAAADDeQtUGNc8XXKB0fTOCQqxc9BFLi1F5BRAVdZ2VYJDPSVUu5sZOTEb2EWjPqRk5TY17M%2FtFP4FLwrA5XJ0lCPd0OgT9mMx3gazRPDKwf0zXOPQjH7DAn0O2kknUkEmlrAOTsZTQ2Gi3ZxnTqci10KgjfJgfu0fAwdfdhH0yONlurGSLkiGQng%2Fh%2Bpo1E7RZm9r2Wru6YSjkRw8sE3PFWZ8T0NoQHpLeVA2h6oONnrB9XCh5cvFV4FcmIbI3%2BcEn57gnkXMQBimYXyE8qDn77DvzLuW6V0sWospuUujNWTnK9T7TPAhFmGJwKnsWgK47rtQXmnDxry4KRN4OP4%2B15pWxSN2%2FiBqLINTQ00ZASn47l4jXrwBfKQsjj9Yc%3D&ptyp=4
905584720,A:DLI_20260918_A:SGN__1-0-0_ECO___641545672,2026-09-18,Economy,VietJet Air,VJ,363,VJ 363,Dalat,DLI,Lien Khuong Airport,,Ho Chi Minh City,SGN,Tan Son Nhat International Airport,Terminal 1,2026-09-18T16:25,2026-09-18T17:20,0h 55m,0,True,1769569,22877,1792446,False,https://www.agoda.com/en-us/packages/book?cid=1753802&pk=A%3ADLI_20260918_A%3ASGN__1-0-0_ECO___641545672&pt=AAAA.AAAADLZunrFA46xiqsKrveuMskhhV6Bt%2FhJ98ORCYZ0akxSL4mV4xqGvVQmU9B%2BHiURssu7u8LfkWpcekkkrXxiRAXntH2A5jt4MmOJ6ZotiGZ2vKFkbLAFmnD6wavxLwaY7GeRhsTJSEPvt0zfwljDBpRtJFUEtUBq1fCDmwBu8JRXNsrD11ZwIrTFmP%2Fe9Hll5U0NFvxdCeQVrAZsUf4AUqJLZafz9JN%2FiHMj4A7l0aKizJeQOHsmWiKfhe4wRz9o0%2FhJc8isjoFr85IF7IzjufZv8hwMDQ3hIP2J2ngKMD8wLBJBb6RezOtj%2FC6Zet74XTuzbtstxSleFtWts4Ktlb4s5zhMfOAjGmK%2Bvuhe80wR%2B%2BjbP&ptyp=4
225776717,A:DLI_20260918_A:SGN__1-0-0_ECO___1918460968,2026-09-18,Economy,Vietnam Airlines,VN,1383,VN 1383,Dalat,DLI,Lien Khuong Airport,,Ho Chi Minh City,SGN,Tan Son Nhat International Airport,Terminal 3,2026-09-18T11:50,2026-09-18T12:45,0h 55m,0,True,1870340,61157,1931497,False,https://www.agoda.com/en-us/packages/book?cid=1753802&pk=A%3ADLI_20260918_A%3ASGN__1-0-0_ECO___1918460968&pt=AAAA.AAAADFHOD%2FIrfcYdK99yIq5LSQwEHwdw%2BQu%2BS0M3ZurxK8ZDMIePC%2B8LNzNJIFfBwWzx9jo%2F8iZz9WsikdZmIXaBdV8Y2dAZmYwcm%2FXUlDRncmRan3SrtVbvfhIQAtTq%2BtpFB452I19YX2nTzwQ88pzDG5I1tjEk0S5oAQ3sHnlbIzbCkUp1cJSuwDSTRhtTT9W3WGrrP3QLlLkEmebfuuhcCVmUeQLXRC4cGeBH%2B5jhWy3jtnjZ%2BxNzN80OAZi0ZoeE0xHxkaJtPznsBi7ggdc8m2216%2FglOTrsI5IoYoHrvZkWRM2kiYVZwyupm5eZqDR9wqJY%2BoryLhQjfZawcdc1Qw%3D%3D&ptyp=4
2145777041,A:DLI_20260918_A:SGN__1-0-0_ECO___874931815,2026-09-18,Economy,VietJet Air,VJ,798,VJ 798,Dalat,DLI,Lien Khuong Airport,,Ho Chi Minh City,SGN,Tan Son Nhat International Airport,Terminal 1,2026-09-18T09:20,2026-09-19T00:30,15h 10m,1,False,2109006,38139,2147145,False,https://www.agoda.com/en-us/packages/book?cid=1753802&pk=A%3ADLI_20260918_A%3ASGN__1-0-0_ECO___874931815&pt=AAAA.AAAADD3Y3kZpBczUvGv3ESs5ACSss8eJK2zTqI2V%2FfOnnjPKiXvfBwAwFI%2BzRV8IMU5SxqEfOcVJmAB89M1A53IG8MNIlN62q1jMpOi1pD9PQjxUmDUUuifo3nuFe8ZIfnKekMbl8BRj9ZsUyER2J6OEGw5QZRP7lhPtYLGhwdGn2I0SsHrHNx8FZ%2BbKAZ%2FDs48uk68SiNcl6RNfw7sQMz%2FPe1PCivTaIlnQfBmy6hqNXa3QntNEW9GDxUnl9%2F586M4dvt1UGtyyXo4oHeGl3WBNrCL2nkVF5ikLN%2BZqVz3%2BVyxyvo5UukPwNNviAHbKNEInbkOEEeJeQMIACgrBhMAsSPEQGj5TQ%2FpH2%2Bs%3D&ptyp=4
1494808514,A:DLI_20260918_A:SGN__1-0-0_ECO___2094650328,2026-09-18,Economy,VietJet Air,VJ,798,VJ 798,Dalat,DLI,Lien Khuong Airport,,Ho Chi Minh City,SGN,Tan Son Nhat International Airport,Terminal 1,2026-09-18T09:20,2026-09-19T10:15,24h 55m,1,False,2333692,30169,2363861,False,https://www.agoda.com/en-us/packages/book?cid=1753802&pk=A%3ADLI_20260918_A%3ASGN__1-0-0_ECO___2094650328&pt=AAAA.AAAADPhJrzqWPNCArFvlhJURki6zPsdQjVWrl84JSaI5ew1si3sFjlPy7HOCxqPoBgk4PrnHDzX%2FYmYQEuHcMM2MFFk3j77FhTZGWal2KmQLYAcqTTWhJH64aXFM3mLtj4nfuUhjkMexxjyuEMsORGZlONsjxhoiiqEPxnC1bjzZVhEat6NHcaGqC3wtij%2B5YV6rYT6huZFMhFjH2X0fLfZkjVeN4rCdhIMMI8KmCxh6RiwnCK%2BYYM95oR6Ysif1FsfV4dIHxxhVJMr99yjuS2GLeiM3DJ2mfT0JM%2FozBIM10Z63Jrdb%2F%2FzJ1w17lZku%2F4IcLNY4aw9R9wMhPpKQIk9Djuu5D20lfYHfLw%3D%3D&ptyp=4
1107413969,A:DLI_20260918_A:SGN__1-0-0_ECO___777056546,2026-09-18,Economy,VietJet Air,VJ,798,VJ 798,Dalat,DLI,Lien Khuong Airport,,Ho Chi Minh City,SGN,Tan Son Nhat International Airport,Terminal 1,2026-09-18T09:20,2026-09-19T12:10,26h 50m,1,False,3436115,44421,3480536,False,https://www.agoda.com/en-us/packages/book?cid=1753802&pk=A%3ADLI_20260918_A%3ASGN__1-0-0_ECO___777056546&pt=AAAA.AAAADJu8ByhHphIy1UMkX5OLfm5RWRo2BF%2Fjkg60rS2MU1X0gUyF4yEeDquHYpVyxjMFlNG41qA3C1Tzuwel95TCRnulAgmqI3reG98wyX4UepLAtF1sE%2FsNZwpvdbeptjgTayNAOut%2Bcfx8HdGy78vVlJylocUldm81Fh0PgnIRnFE3oDrN7CXUAnHKZl38T7%2FS%2B9WcwU3eCGWRt0wVx5dhaov2XkFdc2B6ZXg1947GMFj6qAzo5k9RRBe4aPureyUK6WWYZrfgZTXUC6E7QFCduOznMLCPxgrFhb3hYnO7UD44bCA21em8swdYFe8bGOPyP0QRccZTxNRIvaWp1PrmrjxNeNhs7hzvH1%2Fx7xsWOi0a%2Fq0tOLEEWSDPp94iHkbVTlL9hlJPqaimjg%3D%3D&ptyp=4
2062558010,A:DLI_20260918_A:SGN__1-0-0_ECO___1931279070,2026-09-18,Economy,VietJet Air,VJ,692,VJ 692,Dalat,DLI,Lien Khuong Airport,,Ho Chi Minh City,SGN,Tan Son Nhat International Airport,Terminal 1,2026-09-18T18:25,2026-09-19T12:00,17h 35m,1,False,3534659,45695,3580354,False,https://www.agoda.com/en-us/packages/book?cid=1753802&pk=A%3ADLI_20260918_A%3ASGN__1-0-0_ECO___1931279070&pt=AAAA.AAAADBJs2MR%2FnTsoVexgfXTynfhUFyn2EYCOqE%2Bph9hTXZEjcAjhjlYD8QoLnD6Oe8bCQi8m87ve06KaIugb8je2p%2BBeFOr%2Bi5i%2BGaIHi4XkFC8%2FNsZKCqR1GCwpSrV2ZXhwx6VjKw5%2F%2BTutXiKKojK67l56SYdYqjXogvTmw19Czkwh70CWAJ8gaMbR2BhXa8ko5v4RNlYkdc1dVJ14MgSqULXoEzBVw2I39QrX5fytJTo%2BLIkcnRkgmUfuD0L3ptpzECH6d79NdRc3FtZGhv8wpIMzHr5GnGZhxBozR2JoIYQs4chw3Fo3bYFNdtjkbBT2jl1Fp6DGjuynSfmTBKlXsmMpjjzZ8p4YOg%3D%3D&ptyp=4
591091860,A:DLI_20260918_A:SGN__1-0-0_ECO___1645673351,2026-09-18,Economy,VietJet Air,VJ,692,VJ 692,Dalat,DLI,Lien Khuong Airport,,Ho Chi Minh City,SGN,Tan Son Nhat International Airport,Terminal 1,2026-09-18T18:25,2026-09-19T13:30,19h 5m,1,False,3534659,45695,3580354,False,https://www.agoda.com/en-us/packages/book?cid=1753802&pk=A%3ADLI_20260918_A%3ASGN__1-0-0_ECO___1645673351&pt=AAAA.AAAADCFkxS8XUceshuY%2BeYZbunmfNmHOG5l3JC4h1n%2FWbDV2fIMfH7UXO0hL8Tg235EFdQw%2FaxHbBmgZRvMhqj%2FHjQXmfDjCYjUf9bzuRsgm0RdyPSpStG1sypKrNlu8qBn%2BZ%2FnZpTa4m8OfUTUt8HpvlW0IgSbXS7EjylSgAu3GbARLbMYTu0DpUZBvnykCSEGFh3KyiYqManmw82SkVPAB0ARFeBJKYJcviJF1pCQB1UERhseguNzP71VRjLnpkulv0O5632h8at5K8nEfxImWY6lgi3k92F0Ug4SG9JlbpEOvzukhd%2FrEG9HBtEFIdx71axVU8%2BxwD68vGfm8%2Fw0x3BGBHMIn3Pxl&ptyp=4
836304779,A:DLI_20260918_A:SGN__1-0-0_ECO___1329353374,2026-09-18,Economy,VietJet Air,VJ,692,VJ 692,Dalat,DLI,Lien Khuong Airport,,Ho Chi Minh City,SGN,Tan Son Nhat International Airport,,2026-09-18T18:25,2026-09-19T15:30,21h 5m,1,False,3534659,45695,3580354,False,https://www.agoda.com/en-us/packages/book?cid=1753802&pk=A%3ADLI_20260918_A%3ASGN__1-0-0_ECO___1329353374&pt=AAAA.AAAADIAgnzdCj3LLXSPpIuwgeyW9qktFGhKXLzXTfGrpRLMnf%2FzXpgnCGgmW59XaExbObLCETP8wbLBPDkRRWLhc1qgmgPX%2F0Pnk%2BFsE28gNx%2B5cE1odnrLztR9c1GL%2FpiINB%2Bfjgt%2BPejej7uKWGrj8cO7q9k2hycduIvt09TebbzkFu9mYuD7fk8vf2F%2BcVGiE8hCL%2FAfXGddpSIui6eCg8f68YJoiRyrCxWUI7kFhzk7rxpYDTCQc1R3hj%2ByTX9cpe5Wiuy8t7T9y3FUXa7Kxnhwkbf5qUwrz%2Bt8iMv9KxkgxjKvTzoPSFeCeNc5EmN0P8nK57bE1hbPuq2umxIPFWHuxeSg%2Flm0%3D&ptyp=4
1345897378,A:DLI_20260918_A:SGN__1-0-0_ECO___263016768,2026-09-18,Economy,VietJet Air,VJ,692,VJ 692,Dalat,DLI,Lien Khuong Airport,,Ho Chi Minh City,SGN,Tan Son Nhat International Airport,Terminal 1,2026-09-18T18:25,2026-09-19T19:45,25h 20m,1,False,3534659,45695,3580354,False,https://www.agoda.com/en-us/packages/book?cid=1753802&pk=A%3ADLI_20260918_A%3ASGN__1-0-0_ECO___263016768&pt=AAAA.AAAADHT6ETWzUkkv%2FnzCdm1qncd405J1UM6k3dyH8N%2FLQH%2FaQa%2B4Dl%2BAIhsRak%2BiSPIK%2FJ6JBtvVvWHOpNF1t6Na7JQ6AzRXg1BnDNs64auF6CAIlA8Kp39Yz3SBXioRXlL4KBS1E3ZViFowIgIxd9%2FXLpMLhWkBu30Q%2B3RKK1t7whE5KTEkr4TBXIPWkZGUrsckeOKDRMdVmJVqjwSZXPNn5C38i%2FUGFVxn6uXOwVmB7cR14x%2FJpWLW%2BFdSlPCjVVQgYoh5GsjEfIxMFLVVltGizKFnkeBIWfFSK7XfwwDdD3xAZZ67b19DSH3kze9eQIVmT9zGYCtmu9LNt4O3%2F3UdqjFVVuv3todb&ptyp=4
37728798,A:DLI_20260918_A:SGN__1-0-0_ECO___1388481289,2026-09-18,Economy,VietJet Air,VJ,692,VJ 692,Dalat,DLI,Lien Khuong Airport,,Ho Chi Minh City,SGN,Tan Son Nhat International Airport,Terminal 1,2026-09-18T18:25,2026-09-19T22:10,27h 45m,1,False,3534659,45695,3580354,False,https://www.agoda.com/en-us/packages/book?cid=1753802&pk=A%3ADLI_20260918_A%3ASGN__1-0-0_ECO___1388481289&pt=AAAA.AAAADHG6T97y%2FZVjtLECrPEKTfOznGAbo2zfXu8tGC9E9a3wiu6pKPB26QOj5p3IgYUWumT%2Bs1jkH3Ug4Mn5GwWZKgzHO5dMRFDV0CAH%2Bc6zgTkF6uipqH6W5cWsOynX0u5IBEz1CGJHIN%2FaEZM9XOYw%2Fu2JwNdoGHazh9DbVGNh29csYVyWsXT1MjTDDybn%2BZKXvSPrrv6DR5WaKMfHE5gzQfUc5GH2j%2FieErYTpMnoJihcQBx%2Fh%2FZD6x0tEbeKJwMJWS4tm1VX%2BJZzrmIUrGnZLM0CaEh2ElOLOUqhaQD7%2BTyVczd3p19qJyAxXVlymgy%2FejUrmZCi4wYHxA2iTWKmrOcjt1vxKPw%3D&ptyp=4
1909603889,A:DLI_20260918_A:SGN__1-0-0_ECO___1630499140,2026-09-18,Economy,VietJet Air,VJ,406,VJ 406,Dalat,DLI,Lien Khuong Airport,,Ho Chi Minh City,SGN,Tan Son Nhat International Airport,Terminal 1,2026-09-18T18:00,2026-09-19T01:35,7h 35m,1,False,3713829,48011,3761840,False,https://www.agoda.com/en-us/packages/book?cid=1753802&pk=A%3ADLI_20260918_A%3ASGN__1-0-0_ECO___1630499140&pt=AAAA.AAAADCCqaiQspbu%2FSeFklzxi%2FKT7AgJ5v%2B9%2FANnYtr6PK8TFfGciwnvqR3oJMekExBHuWIwc%2BenjbNnGLxx78rcHqUk8EUH5dPDx9R2qXK%2FKdtepcfOyMIACU%2FAJ0IIs8U7P9gPvZ%2B3yNVxB3rZULz6Vrn3vNPbFEGFHI0LwejuVH9s0zx5OXY2Bzc%2Bma6KsMg5xlQwqkXgHm%2FYgEbg0cm8lrfCP3I4F5ru%2FgsctvQ71YMhjWKXboxzWvL1MUcdqDlfFXnqqoDxt7DqKp%2F74Gxzfi1GAgQX9dM90z%2FfV9H0LwG6iti2q5WbOyAX0LiaWU9Eq3VvIuscKeBoHCIdg5YK8258Ca4Jtdps%3D&ptyp=4
263568169,A:DLI_20260918_A:SGN__1-0-0_ECO___1906209970,2026-09-18,Economy,Vietnam Airlines,VN,1954,VN 1954,Dalat,DLI,Lien Khuong Airport,,Ho Chi Minh City,SGN,Tan Son Nhat International Airport,Terminal 3,2026-09-18T07:50,2026-09-18T11:30,3h 40m,1,False,3911170,86603,3997773,False,https://www.agoda.com/en-us/packages/book?cid=1753802&pk=A%3ADLI_20260918_A%3ASGN__1-0-0_ECO___1906209970&pt=AAAA.AAAADCIGlk%2FQhRrYZpQTrLYesWW14C0iDZcuS9uha4avnfkSxE%2FMTIiFn2imw6hN%2BnY%2BgQga6%2F4oWwnSEa8lLVklUeq9j4y%2B%2FIk4DCdw3vwMuQry%2F1U3rC2GEj%2FRMB4xsgYJqkBiI5S5qztWYgdhq8ChxZUy%2FdCa%2F89z%2Fz%2BzZF8shKIkLd1%2F7J02dNW0T2RQmtTgbrgwoCoKg%2FmAMNax052E0KoMAk5egbuli9NFLK23C6AXGEEBRW58Cg8ilW4s00lrEu5YnEhwrDF8mIcx7HwvKe4GruSlpLdzZ29b6B2ilkBA4bvKrKrc6Y%2BEXA4xgWN55wosoEG0feiQuylrZfRl1SrMAkQ9yILlr5AaVzsIyKJs0sXa8FV%2B6oyzN7E%2FlEX5McIQ2j5YctwI3B0BosFm%2BjYQ5O4ejdgRGzJVyA%3D%3D&ptyp=4
538375348,A:DLI_20260918_A:SGN__1-0-0_ECO___1909094569,2026-09-18,Economy,Vietnam Airlines,VN,1954,VN 1954,Dalat,DLI,Lien Khuong Airport,,Ho Chi Minh City,SGN,Tan Son Nhat International Airport,Terminal 3,2026-09-18T07:50,2026-09-18T12:35,4h 45m,1,False,3911170,86603,3997773,False,https://www.agoda.com/en-us/packages/book?cid=1753802&pk=A%3ADLI_20260918_A%3ASGN__1-0-0_ECO___1909094569&pt=AAAA.AAAADAePpegtwdv1gXni%2FRyin0UW2H991a7vouG3Kdes400U4YrDoZUzU436Ug0FdcX31RRMCgYmv77sF%2FCZlhdJeFd6Dk6qwvy7ktrw2k2mKVa6Rj2BPaLt1MRDYONZAA0BHrvVfK8tdnG8Nu82XAkZjVRYewY0n%2BC%2FX7fqWh%2FVGPPUn8Cylaf8Ogc1Onn0fI%2BNhOG770VUwbmiqdLdSMJuIUJIBTJ%2FZ1R%2F5Cbvk%2F0E7wLj02mR1WgairrW4ZPZphw2WdSOB8z8iUBwk8u25OeWIVvAWLM616rNc5k%2BvmGq3PVQMS2QbLBTq3fKQ7MEcbbZFornrY8Rm9KrXBhPGpiQlzvKL7qIxANQqrgXUSVk2yQB1ikjsjyRjy0YNrL8xZtXa3nZcCsdrKRGpkfUCoKT3N%2B1%2FKvGPDqf%2ByQ1CEM%3D&ptyp=4
1427063946,A:DLI_20260918_A:SGN__1-0-0_ECO___407825310,2026-09-18,Economy,VietJet Air,VJ,692,VJ 692,Dalat,DLI,Lien Khuong Airport,,Ho Chi Minh City,SGN,Tan Son Nhat International Airport,Terminal 1,2026-09-18T18:25,2026-09-19T10:00,15h 35m,1,False,3945960,51012,3996972,False,https://www.agoda.com/en-us/packages/book?cid=1753802&pk=A%3ADLI_20260918_A%3ASGN__1-0-0_ECO___407825310&pt=AAAA.AAAADLbsi7tp010fnk%2Fd%2FDy6dqenTqmm2Gk5bnn%2B%2FSCFo3ZSoeqaDpjZg%2BRHfZ3Bmr9p9ifGUCHh5oSTCCI8Z8fc6LJcymhr0zcNfH6JnPf0A7cSK1njkkp6RU9iID70J0MEOiuZKQDH5%2B9QA4viPR%2BVgvYWiqR0g9RhwLcNtt6R6dfIsEsmyN65rrNyPyhchAhBoRqkNbqZLuk6cVb7Ym1%2BwbeW42UFII7cvjTPkRbWJ36%2BUDshXStefbY8M6ULROdlix7UnkfFqUBMMn9fJv5%2BOSsoQmbxgFMXGqkJ4ZleaEDzgRomnQoF%2BqKTd2aQt7JD6SxVEve3A4DJb%2FjEBBcJw7CBuDV7xas%3D&ptyp=4
91423313,A:DLI_20260918_A:SGN__1-0-0_ECO___1093830825,2026-09-18,Economy,VietJet Air,VJ,406,VJ 406,Dalat,DLI,Lien Khuong Airport,,Ho Chi Minh City,SGN,Tan Son Nhat International Airport,Terminal 1,2026-09-18T18:00,2026-09-19T00:55,6h 55m,1,False,4269520,55195,4324715,False,https://www.agoda.com/en-us/packages/book?cid=1753802&pk=A%3ADLI_20260918_A%3ASGN__1-0-0_ECO___1093830825&pt=AAAA.AAAADJ0Uhw0dfGnGK0S4HKrtDcoyCiefC6ds9yGbf76vstIh2EJLz7dTqXyxaQhdB0dVZ1yDAW3TbDwJE9xkq1RXkMpOLcTAyeFIscqPqRNOEAyzM3UkBQF9RuiwoAtwVpbA1%2FrJLMSKJeMh1dUsBn9gm6wYx6MDiokZqxzSXRt3a1WoY0IcvKKCPg3kSV%2B%2FDaDJj1jSZgVvanrpwzNSixvr7xfVUrHZLrWUoxsEPTwGhGTECeIuvTOTsSJNf3WME2KdLx4UhMIeLdSzq7to5PCrDvtMDdrj%2FyFj3gISvh%2FyCYb1g3sqo%2BuJ%2BsRJE7CQ2jogTg3sOlZ%2FiNUFZbpfzUTu1mL8v62lbGs%3D&ptyp=4
198136112,A:DLI_20260918_A:SGN__1-0-0_PEO___551948218,2026-09-18,PremiumEconomy,VietJet Air,VJ,1363,VJ 1363,Dalat,DLI,Lien Khuong Airport,,Ho Chi Minh City,SGN,Tan Son Nhat International Airport,Terminal 1,2026-09-18T07:35,2026-09-18T08:30,0h 55m,0,True,1758410,31799,1790209,False,https://www.agoda.com/en-us/packages/book?cid=1753802&pk=A%3ADLI_20260918_A%3ASGN__1-0-0_PEO___551948218&pt=AAAA.AAAADD94OEN1JqZ5SG%2FZCyD6V9fyj4Qz8%2B3wufX4QKKBy%2FQsga5wAT2HhW%2BQnqFPIWEMS2Qa%2FXLJl5DmnfinO5JinzNSSZR%2Ff0Csyb8%2Bae%2FvSIIwxQ%2Fat6Aq24nt4x3vMgmBenwduTmgaDWd7NeZ0%2FFWA4pr0WZbdL108MeS%2B7Ozwd5sHobOCTaO71CoXf4R1rofTEVqpPe5B%2F92eX1YTj%2FAHWIabBDo%2BIPRRRTzWbf%2FRn7zPFl5qZnd%2Fu89Oozvu%2FYRZTK8OUGf1XxD6CRifNKuYdIxb0YcZR%2F3hG2IZzwCaEp7hyIs8ki1gK%2BIuZVaOcaeKJeqsXFgZVyDNkqdAC2doOTuUEX7tVHyyOHRXp8%3D&ptyp=4
1213217454,A:DLI_20260918_A:SGN__1-0-0_PEO___641545672,2026-09-18,PremiumEconomy,VietJet Air,VJ,363,VJ 363,Dalat,DLI,Lien Khuong Airport,,Ho Chi Minh City,SGN,Tan Son Nhat International Airport,Terminal 1,2026-09-18T16:25,2026-09-18T17:20,0h 55m,0,True,4914659,63536,4978195,False,https://www.agoda.com/en-us/packages/book?cid=1753802&pk=A%3ADLI_20260918_A%3ASGN__1-0-0_PEO___641545672&pt=AAAA.AAAADOrMZpClk7FUpgULwU52G54ipMerPUE5sEiq0RVwL6qHtuU%2FTIcTKuF2P0yGxAZ1Kn1R5MGS9wTvXb%2BhbWNFNaGFaSydYGRP1YWbFDL%2FqLApWKUGb%2FYXUGwq6U%2BLNfLxBCtNDoME0oG35r3Z8flSMe4T3JPth878IOGrqz6iaZCIY5%2FjB%2FQOOPvK5vtoJ2KHY%2F6SxvWm%2B2RjLsWXDcEXJ2CQZHMOMgaz9ssGWFGmnnQxaXxqlKCSqP5VfZI2%2B720H%2FEmIOydHHpSoYLAOUMDE8Iclmah3%2Fd0dcfd%2BUgZURTSZHCyha2BFPjs3Lzbd6%2FiNDeps%2BGRh4x4h7XhXsZCJxjtgS3muJtdPFy6&ptyp=4
1581348565,A:DLI_20260918_A:SGN__1-0-0_BIZ___1880371346,2026-09-18,Business,Vietnam Airlines,VN,1381,VN 1381,Dalat,DLI,Lien Khuong Airport,,Ho Chi Minh City,SGN,Tan Son Nhat International Airport,Terminal 3,2026-09-18T07:20,2026-09-18T08:15,0h 55m,0,True,4779370,103950,4883320,False,https://www.agoda.com/en-us/packages/book?cid=1753802&pk=A%3ADLI_20260918_A%3ASGN__1-0-0_BIZ___1880371346&pt=AAAA.AAAADPmMtvck1ocUdRUSPLVQ0gbgNAXphWj%2F8h%2F298XS7iYpKJXzguzcnyUFjjBL2hUbFbx7CeMF5gsA%2FaXO%2B1kxVX46Lclwc7Ws8zDcYw%2BZRui7ysqljViRLZDQO%2F9NlRwNAa17b6A06eo9ASMT8ZvrtLzYt%2BtS5trXZNHI%2BQyIFNwq0PgM69RtWkRVqpG5gqV69bYFa8mF4fWwm4vY8coSsa%2BMtJUXQK5oUQwGFMPoZW%2F7CPFU8ONHmUwWV%2FMoX4b9BM%2BlrwO0EqtQoazkYnelgygts%2F2gUisob56CwmJgfiqVmh2jbBTTBUTxTYKGsuc60QtLSHysVHDcoC30qfrGW0XIExxSq28%2BVKHvcf6uEUEb8%2BgcrEiFWIhzaw%3D%3D&ptyp=4
26761105,A:DLI_20260918_A:SGN__1-0-0_BIZ___1918460968,2026-09-18,Business,Vietnam Airlines,VN,1383,VN 1383,Dalat,DLI,Lien Khuong Airport,,Ho Chi Minh City,SGN,Tan Son Nhat International Airport,Terminal 3,2026-09-18T11:50,2026-09-18T12:45,0h 55m,0,True,4779370,103950,4883320,False,https://www.agoda.com/en-us/packages/book?cid=1753802&pk=A%3ADLI_20260918_A%3ASGN__1-0-0_BIZ___1918460968&pt=AAAA.AAAADEVi3zNJyL2eq9HWSw2SXoD7LWOqlM9FeeJmAkyo4HoIJV%2FqPb28vRmElrhMuWmu%2F%2BiL14f9OTQ5UB1BxncvcHNsau3zlMYctu6TcIiYSLAxe65OfmP6J24j%2FRBlF7zYGZYYjRH4KhKGJuod8mmqoEoRfzcCP%2BEx4vzOGnkDYMDSaA6%2Bn3t6DArP3i9FZ9qcHvhM85UR9jHn%2BCoucbzWM4U6pXUxntpfYDcc5fdyMNYkGu5t7LnOI0KlNZj57tgv3DMQbxJstlewW6fbux8ufxChNv%2Bek%2F3VgHh0I3AM6JpIoLnQZCbii8XLYJo1s8apucXJ%2FJZOSqJLjXiMl0oxDqMwB1X5TpSeqbdWxY3rcQHGN9I4EuAM9kGS&ptyp=4
62940184,A:DLI_20260918_A:SGN__1-0-0_BIZ___1944381904,2026-09-18,Business,Vietnam Airlines,VN,6171,VN 6171,Dalat,DLI,Lien Khuong Airport,,Ho Chi Minh City,SGN,Tan Son Nhat International Airport,Terminal 3,2026-09-18T08:30,2026-09-18T09:25,0h 55m,0,True,4779370,103950,4883320,False,https://www.agoda.com/en-us/packages/book?cid=1753802&pk=A%3ADLI_20260918_A%3ASGN__1-0-0_BIZ___1944381904&pt=AAAA.AAAADMWtU9XPnhKaNzzlg4AJLMn01WCYqxF3wLmqtHcO8M1p0sajPi0VG4Wvs6pksY1XXADH%2BIzYWDEiJxxgL0uM3hyUss91SydRTVBX%2B2KFwsqbiSUsqmffGUrcQtx6SwffLzajmkGjVmWpoyl5mvEGYVM0PcrUnUEvJeGXIyaziNUIcqbllVK1plro9x%2BsWzty7tceVNYzArgzk38iuv15cmlYq%2BE5aj9pLGNUJvEHIAVZzlpFkTPoVJuSSzHupb6nuszPNAIfBUsvFQYj%2BpU93Kiy0QUK5U%2F2b4X5D9GUp%2F6sTX6ElqLD7jv6MpFRv7okorGtAbtB%2BsKq6SZUQOUYRjwbCmZ4dchbqq7QkkddeXdp5ppd1EA7cXI%3D&ptyp=4
599521953,A:DLI_20260918_A:SGN__1-0-0_BIZ___604089292,2026-09-18,Business,Vietnam Airlines,VN,7389,VN 7389,Dalat,DLI,Lien Khuong Airport,,Ho Chi Minh City,SGN,Tan Son Nhat International Airport,Terminal 3,2026-09-18T15:40,2026-09-18T16:35,0h 55m,0,True,4779370,103950,4883320,False,https://www.agoda.com/en-us/packages/book?cid=1753802&pk=A%3ADLI_20260918_A%3ASGN__1-0-0_BIZ___604089292&pt=AAAA.AAAADFO53qwBwauRGPJJS1SBrGtG%2BTpeFhcmv4TBMQPiPhcgYHcqMj8fslPUjE%2FWYaYoIXLUv5V8X1%2B3%2FJItADdoTr4onui1xK%2FYQpQq0zIH1eXaXIxCkkUo2GhiSV8%2FLU2dm7lFKggPQE%2BbJByGUuq%2F%2FvQBLrT6fpQuPslypFKRG2Z%2Fu7g21pEvDLrDF8gUbPRRWgwRWYtiIcPtUT1tHNUsGwKU92ro4WeYGekrJ5hGDdyW1Ptm0XE51F1kg1LJyKM5Pf9We9U%2BsRShNEWwu9P9cbCovMO0uAayHENoOd%2FrpKhFgdphbFSJgP9q3APDDGCxqLAmmh00jtUwLiwozcxsHapsFOxA%2BExvhDO1Dgcjnp9dt3TBauLkFjwk&ptyp=4
2066460157,A:DLI_20260918_A:SGN__1-0-0_BIZ___1226367142,2026-09-18,Business,Vietnam Airlines,VN,1387,VN 1387,Dalat,DLI,Lien Khuong Airport,,Ho Chi Minh City,SGN,Tan Son Nhat International Airport,Terminal 3,2026-09-18T19:00,2026-09-18T19:55,0h 55m,0,True,5228630,61700,5290330,False,https://www.agoda.com/en-us/packages/book?cid=1753802&pk=A%3ADLI_20260918_A%3ASGN__1-0-0_BIZ___1226367142&pt=AAAA.AAAADKzLTiqgcfNzG2895HhqXZu1wFd4zepkK%2Fq%2FNaQrZGYM7rJjRl2utLcjAULWQ2mL8kwUBe5sJDT7mCyD4Ny6WKDPkZ8k%2BEcmYkmKbzGiOvMrq1fkh1b3%2BkXFM1SB%2FUedQcqxhB82ZgCONwu%2FmC0K7G7E6yiExdRp5cXuASFZ2Xk0M9Q6nUVSr8F4FXH%2FPaRYG8D8yDI9oP2KF5gkZwoNBXLA0gOMex6F8grAN0%2BYBY%2BnCiVs7Lb0UKXFB8Ww%2BtVxsdVsk3AAPU%2Bta%2BKATTJTWtsDZNcSbqoIiz49ks7KwntlvFzQC8pRNoeXAi20ZvlPfaI1ylXXJ30JQPc668vK8wpu87sKK499%2FNZhdREUPdOBYQRAxCtgwn4%3D&ptyp=4
1257397567,A:DLI_20260918_A:DAD__1-0-0_ECO___1291334504,2026-09-18,Economy,Vietnam Airlines,VN,1954,VN 1954,Dalat,DLI,Lien Khuong Airport,,Da Nang,DAD,Da Nang International Airport,Terminal 1,2026-09-18T07:50,2026-09-18T08:55,1h 5m,0,True,1742857,11690,1754547,False,https://www.agoda.com/en-us/packages/book?cid=1753802&pk=A%3ADLI_20260918_A%3ADAD__1-0-0_ECO___1291334504&pt=AAAA.AAAADBO2YPTyo2p1NOMPhwz2H%2F7ggxDK1pipdaKs03ekVZDFnTuHPcYRk6RFUVBRBwmqEEW4rsvpcmWqegMCiA6ENsRWyrr9t8kPi%2B450k08XWbV6PQqOiyBVcUAUp3aQJBryF7ol7eXfhPQMO5Gu1uHTipKEbo3caA%2B9VUx6M5hmFgCEtqNaSKgCUAuR1YmhmL%2BJIMs0EB7oCkoSkLP11PA4tSFq277Gzi%2FBmMlXmFJuDaHruKQeabjaqKAc0CUOFx9uymDAyK7ZKvsjkj0O8VXzz%2F5eI%2B5QN34NbqmdEMKJvgZRfL1Z9L1l5AwJTW6%2FtUH4onTsPr3OJ3Oybu%2Bu%2Bjw8t7GYfkd1wTBj64OzpWH9KmCj%2FBg8T14v3DYTErKk0FkThItEd7UU5VsCZ1e%2B0ILvkXxqY6st6l3BQSl3LklzaQ%3D&ptyp=4
1674284457,A:DLI_20260918_A:DAD__1-0-0_ECO___204887475,2026-09-18,Economy,Vietnam Airlines,VN,6171,VN 6171,Dalat,DLI,Lien Khuong Airport,,Da Nang,DAD,Da Nang International Airport,Terminal 1,2026-09-18T08:30,2026-09-18T12:20,3h 50m,1,False,2813323,0,2813323,False,https://www.agoda.com/en-us/packages/book?cid=1753802&pk=A%3ADLI_20260918_A%3ADAD__1-0-0_ECO___204887475&pt=AAAA.AAAADLrLtOzwpntJzzHS35BZLP0yMyEv9N6nuU61CkBhsKYVwsBcGaW4cRPoHJrOPZbPW9fNPVdHw29JRGhMhC%2Bp0UOAE6y1yI%2FeAjngpJCa0eUFiGyB%2Fp84CfzlAetvrdnaegZ49eiBglhswgVLL%2Fk%2Ftgaz1SUT4gToF3VW2iGwhZcYkWkY750HvXQZsfFkDKDIlOfq2wb4lO3cYIBrukfVtLuBlIwlNcakSjwwE2HkxwSumUABMsx6m5Y3NPKO9YMYPR1uRTIUYHSJ9l4wAhoS%2F%2FBR0zCaJWEXRb5cW0GJx838uc%2B%2FO5VvSrB2NpF29LqNG3rXcZrXQQTjcFLaPnMegbsY2dxMH8%2FuiLqTUn91b0M0168f576YP2Y%3D&ptyp=4
1005475056,A:DLI_20260918_A:DAD__1-0-0_ECO___243653959,2026-09-18,Economy,Vietnam Airlines,VN,1381,VN 1381,Dalat,DLI,Lien Khuong Airport,,Da Nang,DAD,Da Nang International Airport,Terminal 1,2026-09-18T07:20,2026-09-18T11:20,4h 0m,1,False,3127947,0,3127947,False,https://www.agoda.com/en-us/packages/book?cid=1753802&pk=A%3ADLI_20260918_A%3ADAD__1-0-0_ECO___243653959&pt=AAAA.AAAADPYxUo0sAABH8VGyKt3w%2B3Bhwh9M92VUzCOoIkakirEW3Kdy05UzIExoCoJM3ps8ZVHCT82ByxOKbZc0qvz5DaHFcbHwMVaGlLa3a%2BAAMSqwc8M50SHB5%2B5hRt1tG0NtEZFCN3wf8GV7Iz0pqcmFYMrKoCwVs0UBgff1w7kd6H4h9rkPtP%2BWbapb%2FOd3PadsmwxqFjmmnMj%2BAXrOr%2FC%2B7gL7ru8sUBbKQN2eKp9raeBucAJNRyjQ223%2Bg9uI8PzcAfe6iw%2BmoOuk2yDP%2BGKaJMuqD%2BbWzZ474K7tPlwiY%2B1oeOiNqLD%2BJd1Ibs3As93T9N7k1Hw4bLTWrhLwtuQe2eXVNbs3KDcJg4qoU6rteVniHiSgHJuwIbe%2BhxXQvNdiE0td8LZlFV5rb8JZYH30t%2FAocIA3kejtv7U%3D&ptyp=4
658600883,A:DLI_20260918_A:DAD__1-0-0_ECO___1150600532,2026-09-18,Economy,Vietnam Airlines,VN,8021,VN 8021,Dalat,DLI,Lien Khuong Airport,,Da Nang,DAD,Da Nang International Airport,Terminal 1,2026-09-18T09:50,2026-09-18T17:25,7h 35m,1,False,3570913,0,3570913,False,https://www.agoda.com/en-us/packages/book?cid=1753802&pk=A%3ADLI_20260918_A%3ADAD__1-0-0_ECO___1150600532&pt=AAAA.AAAADOLxYJe4x353n4EqginDyawFNBe6qeZu6ZuHBhqaRR%2BGVCBhQJfTCLFgLpc5VMSABOGBIaISjzZrTeGzcOfM08XIDYP%2BN2CX2Zpo76cu10ZI9xvNHJL85DVvVFNLxSr3fY7FZ%2FIV9QqkmZLVx7a9vhTFNoYT406zVXbyqevd4FROm3mqqsUMCwCv3DpH2yoYTvDFHWT%2BjcGd1Navm%2BnxKZ7KJ%2FF0bFIz5Mp80YexLT%2F5yzpXQXci6BgCqxARWrKBa0K2s3siEP%2Bmezk80u%2FuGXuHdp2P%2BU%2B%2FsfEpHYnQBHIiTwXX6tStiMOV2IX%2BF3Lr6JTDlyll%2F2EJwznRx%2Bob80GOzG2OPj4jnk6c3rrLJgoi2D%2Bqo68jThPV%2Btnjl9ZYwBR3tY0%3D&ptyp=4
99521041,A:DLI_20260918_A:DAD__1-0-0_ECO___1244076570,2026-09-18,Economy,VietJet Air,VJ,1363,VJ 1363,Dalat,DLI,Lien Khuong Airport,,Da Nang,DAD,Da Nang International Airport,Terminal 1,2026-09-18T07:35,2026-09-18T20:40,13h 5m,1,False,3798720,0,3798720,False,https://www.agoda.com/en-us/packages/book?cid=1753802&pk=A%3ADLI_20260918_A%3ADAD__1-0-0_ECO___1244076570&pt=AAAA.AAAADBg5GoQ8hsvFhRDE%2BZJ6iMrtIGbCrjfu55Si8ES6ENk%2FkXQAIgUXlv1TRYtnYmJRc81y0U1uFvNtuVV4Sq8zHHrpxf3Nfe73dGE7ToojeSskBe27Qc1z4bEPLw4w2I%2BdXkmGY3Iet24%2BPKVfP7Uuonn4albBrvvncjz61Y%2FHp7GVGTko5CB%2FwmH4CrxuF7dqMLWewtPS2Ieu7KDk0FFV7H0T0olNLK9QqgnFPhR5t5x%2FTqhwT%2BTJw7oOc8l9AFf%2B5aNezeOvZW%2BGKRDqXTXie1vQhVy2iFCEWYKYavxto5x9tuzSMqEbwAhsQlAbozHHAvBLjl4kUNFA%2ByrHjorWcf42QPfBr%2BhGxCGrK9A%2B%2FXU%3D&ptyp=4
700174263,A:DLI_20260918_A:DAD__1-0-0_ECO___877998680,2026-09-18,Economy,VietJet Air,VJ,1363,VJ 1363,Dalat,DLI,Lien Khuong Airport,,Da Nang,DAD,Da Nang International Airport,Terminal 1,2026-09-18T07:35,2026-09-18T22:00,14h 25m,1,False,3798720,0,3798720,False,https://www.agoda.com/en-us/packages/book?cid=1753802&pk=A%3ADLI_20260918_A%3ADAD__1-0-0_ECO___877998680&pt=AAAA.AAAADLVTPySLd64GJSveOdjzMNaScJSnFy8zcuLXmW5ODlpIkbaWUOIms1KLmr323RjaqPI0huxHxN6L0P7pJZar60V00TCiATLCKbv9sBLWGbQwXc%2BY3zmwJ9krAR%2FuyafztxEaEBC56D4Plkkm59bbtf1YYeoZ%2BTByVDtHAWMQFE%2FXJfWd70CKCBPkJlngzwuiHeUGFIkTupeukNyLLGwvzdWB2nI2jSUEvnwU3kw6Q9OIskhn%2BT%2FzuaZSK7tH8bzoXj6SquLF7rW41KMilDOujdh54DQqYfVEqkR6Tld3W7aCgp1SAbIifx7sCb5H6r57u2JaHiYsU3O4xq0sq2%2BQCBLSl2ZZijYbGzXY9XnY2g95&ptyp=4
254901314,A:DLI_20260918_A:DAD__1-0-0_ECO___509211093,2026-09-18,Economy,VietJet Air,VJ,406,VJ 406,Dalat,DLI,Lien Khuong Airport,,Da Nang,DAD,Da Nang International Airport,Terminal 1,2026-09-18T18:00,2026-09-19T08:50,14h 50m,1,False,4322429,0,4322429,False,https://www.agoda.com/en-us/packages/book?cid=1753802&pk=A%3ADLI_20260918_A%3ADAD__1-0-0_ECO___509211093&pt=AAAA.AAAADG29%2BTboYI7XttAtXesOD27i0GHB8MeY1hKbrJHTn58sPpy%2B30Q7MJnJqpZ5lkgcxFsYIxoTo05YXxSJyuD2GR%2FSGeUCmkR1VCHgWQRdARIYVvRvKBn9hUNIoZqVICFjIAf6%2Fachd81L6S63T7G9tItRKR21eQYh7QLUR70TrzIXdffuItxo2VVJQpTqqEZQAdWiP5L2ycMgQBHGNl8xXG1v3gg4J9IwF9m2pbi7exrn8X48w6lIdEJyXwZ%2FK2A%2BylwdKwk%2B%2BIeUvjeSVWuMDz0%2BS%2BKffpPmhfVZWroBYX9PUrTkQG3XBTcPMGEphOmBc5ZTH6xDYc7MlnNDYqKdGsELY5CC6OohwhQAI%2FgRXhRKKg%3D%3D&ptyp=4
1888426053,A:DLI_20260918_A:DAD__1-0-0_ECO___74467633,2026-09-18,Economy,Vietnam Airlines,VN,7578,VN 7578,Dalat,DLI,Lien Khuong Airport,,Da Nang,DAD,Da Nang International Airport,Terminal 1,2026-09-18T11:15,2026-09-18T17:40,6h 25m,1,False,4872363,0,4872363,False,https://www.agoda.com/en-us/packages/book?cid=1753802&pk=A%3ADLI_20260918_A%3ADAD__1-0-0_ECO___74467633&pt=AAAA.AAAADCZB%2FTzHL29fpZpq86ZtYu%2B6MIV0VJQRd9w1CRiRDIcEsXaC17rBpeAS1IlVp4b55icoMVbAc5VPo8T3vxx1%2FZ2lXYZ%2FAaRE1fWIskVaJgVQhdSz0peizGGs0k9bBn%2BsYHvDg0bh5VkYo6cpge5wpRW1xySe0cUpioDmrlJ0JNlVOsFEszjLd%2ByOqDTiJjfAleEboFAlj5p4BMxS46so%2BDDunhsKCBaG9AXncPOZihLT4qurl461r2o6tS9HWGV9RwFPybXCLVRxNBjU%2BYWOT4c%2FHzGNVS%2F1CwPN7kqrddZYzF4yuXi5XOdgPvYUrIOb0KWNepJtDyi%2BAU63ieSPF4lXcSjzL8plRaOfkXvHMNC%2Ff5WTy%2BdSX9yyvdjxCUEmnj4%3D&ptyp=4
1759757283,A:DLI_20260918_A:DAD__1-0-0_ECO___1037810007,2026-09-18,Economy,Vietnam Airlines,VN,6171,VN 6171,Dalat,DLI,Lien Khuong Airport,,Da Nang,DAD,Da Nang International Airport,Terminal 1,2026-09-18T08:30,2026-09-18T20:45,12h 15m,1,False,4984315,0,4984315,False,https://www.agoda.com/en-us/packages/book?cid=1753802&pk=A%3ADLI_20260918_A%3ADAD__1-0-0_ECO___1037810007&pt=AAAA.AAAADIBpsx9eGXIoDw81SUeCtzPb19Jc4kpmzX6ZPMpJOeGE775wR3fHPAPYT72jOA9meO2c8arqtBAaV%2BPBOOn6iUC4O2xjBL6SIefHCdGeZoJaQLGcGQXHCsNdiml69dX2XhLvQOcBrfIRx2s94dfjAPvY4ldWQ9dqWTkWK4%2BAXyiuhhFq1NkivMjCfFD58HSlIyM9LIILwrXDZ47J2NIFHSh%2BYCpmUxuFtBs9NQVZeGIYEZIfDCd%2FyfjiCTmMBl0mSXhPmBaKkOyHdXuc52N7zP%2Bd7BRYmVFvf81gCL1c0BPev3etH%2FGJ9SUUIXBRhbQUMwYS2O6681ZB5Nsza8jDXk0fTCnaCs9FXadCZD9Dp4gSwUDGMJ1%2FTQ%3D%3D&ptyp=4
1952769213,A:DLI_20260918_A:DAD__1-0-0_ECO___701615115,2026-09-18,Economy,Vietnam Airlines,VN,1381,VN 1381,Dalat,DLI,Lien Khuong Airport,,Da Nang,DAD,Da Nang International Airport,Terminal 1,2026-09-18T07:20,2026-09-18T20:45,13h 25m,1,False,4984315,0,4984315,False,https://www.agoda.com/en-us/packages/book?cid=1753802&pk=A%3ADLI_20260918_A%3ADAD__1-0-0_ECO___701615115&pt=AAAA.AAAADN2BbihXx62raTmDLA50hUOcdOsAR6vM4stn5ohBSNciy34z6gN%2B6eajCEOdVfWsQKpTKCn45RasKXo5QiGz1bZOSx%2BzMn4R7cuf%2BihArxDEfbANS5ZQ1oV9st8Br5IWucDfVwZ%2FUYnVmrHb8O9tRcdf0U1AFqFpmCc%2F2K1SkcwvKSAQc1QU1XdSwUcNy8gqDKeZp9EIR6AlGeAWHMVgJjQNPwuml0jZTAHruSrgB7TF2x2UBgVZWFHTKBbqWCHB8PX%2Fy9h0DsHhrCalP9Cg8go0qhy%2BgOa6wjeKJ1yhomadIiZcaZ3y7ylb%2FAzxw4qc%2Fhrnb30ZUOZUmiZmnFzp7CIz8m9FMZLtQnyDFxDNFYJV6wsRPd7KNe4%3D&ptyp=4
532454004,A:DLI_20260918_A:DAD__1-0-0_ECO___1824111897,2026-09-18,Economy,Vietnam Airlines,VN,1387,VN 1387,Dalat,DLI,Lien Khuong Airport,,Da Nang,DAD,Da Nang International Airport,Terminal 1,2026-09-18T19:00,2026-09-19T10:25,15h 25m,1,False,4996426,0,4996426,False,https://www.agoda.com/en-us/packages/book?cid=1753802&pk=A%3ADLI_20260918_A%3ADAD__1-0-0_ECO___1824111897&pt=AAAA.AAAADGCOtwIW%2FnzFsVUb0wRzQroUe2h4pMcYW%2BOARlRmk7R3J1rvO6UzOvMVgKccbbic0SDPkd1rnXAuWlmbAFwucKoerSV72cZnO2jRnQgixIab7pT4%2FCoXAgUf09UZaHQ0GKH4Od9MVb74IjrG%2FzyXgvUE6PJ%2BqfO8whY1ZjCh2NwBOOFXx4dAEAW9Z%2FUIHuYmV5TLXP5w2%2B29aAbJaY1ERE%2B8eDDvdyKoS1gfym3sbM9C6ECAaCxAOnlabYqPJ737iyz7Yvi7XQdcql41Tzdl%2BII3yDFOUDd7rdiLjZ9PoEDvVpGPM%2BeY0%2BY%2B4pN9Ut1wVH31ShTCyUq7KfjBEeWHrs7GImx6Pm7D9i%2B9%2F3sqJDpSkB1YnrSYcyA%3D&ptyp=4
1614347107,A:DLI_20260918_A:DAD__1-0-0_ECO___452110274,2026-09-18,Economy,Vietnam Airlines,VN,1574,VN 1574,Dalat,DLI,Lien Khuong Airport,,Da Nang,DAD,Da Nang International Airport,Terminal 1,2026-09-18T14:00,2026-09-19T12:25,22h 25m,1,False,5174312,0,5174312,False,https://www.agoda.com/en-us/packages/book?cid=1753802&pk=A%3ADLI_20260918_A%3ADAD__1-0-0_ECO___452110274&pt=AAAA.AAAADBhPqut5XGvPo7KtbnMrosoUEydzjtPvDQ73VZvykM3ttKzbMEXKrj%2F%2FknlaPuAIhOYjLVSic2i1LKcUmbL9iOHx8PdFMEBVgyzaCB1%2B9xW2PXv1m1GbCNKRsS8q2dx2lcXuoU2Qq7w5sRj6bWY0gpRbIR3AOF1PByOPRme1WtRWKhK4gYG757DugKBDKat3SXIOvO5%2Bf%2FV9ymcBJSNvk1h%2Fqrr7%2BUfZY6oaT6F1CnBo1BwcTLxah1mLY6gKxWsAbS8iAA8tYqZM5tTvT%2F7V3Dlh%2BvUuadq8Ds0nmvnMNZAwykE%2BF%2FFQ4Y%2BjfZY8X97urMCXBJKl%2Bgopbw11N1NyxAtzIlQ5t4jrDb7tMT%2Byhf36pWZBszRpgZQaJW9wFtP40teNQAk%3D&ptyp=4
823663851,A:DLI_20260918_A:DAD__1-0-0_ECO___69040003,2026-09-18,Economy,Vietnam Airlines,VN,7578,VN 7578,Dalat,DLI,Lien Khuong Airport,,Da Nang,DAD,Da Nang International Airport,Terminal 1,2026-09-18T11:15,2026-09-19T12:25,25h 10m,1,False,5174312,0,5174312,False,https://www.agoda.com/en-us/packages/book?cid=1753802&pk=A%3ADLI_20260918_A%3ADAD__1-0-0_ECO___69040003&pt=AAAA.AAAADPSibZ6f28qGQjCmVrnE3%2FaRnBA3VgAUqyZGQx7IwYka1wb5%2FFHr3FBV6ovgAy%2FgIrQT86p%2B2MASDiGBkWXBf66%2FI1QgSWXjj0fPAF85Z5h%2F2r5x%2FZ4kuc%2BQcxy95PjsM0bRiT3enjLG%2FkpFqEgwV6stYfnL1tOySrIoSC3EyfEykQHOsE7%2B6kRn4EzJCZZ5DjYYNooWGId5STjggFtTWnFshpJiFcVjlnWOuDiS00bYP4eT9NMm6yyhxtSrvF3%2F24NltL46a1bjZvovLxLX89MvimPg7s%2FLcUVLN%2BUfSgGFM6MYaYj%2FwT8hLUey3TVjNaU9qeHf8Tkul4IbeVdeQkODdrffOCNyqUi2ADIOlpmrjCy47SCfG5XuN8GfYnuriL6c&ptyp=4
1889384738,A:DLI_20260918_A:DAD__1-0-0_ECO___174922520,2026-09-18,Economy,Vietnam Airlines,VN,6171,VN 6171,Dalat,DLI,Lien Khuong Airport,,Da Nang,DAD,Da Nang International Airport,Terminal 1,2026-09-18T08:30,2026-09-18T21:35,13h 5m,1,False,5594441,0,5594441,False,https://www.agoda.com/en-us/packages/book?cid=1753802&pk=A%3ADLI_20260918_A%3ADAD__1-0-0_ECO___174922520&pt=AAAA.AAAADAOfrr2Cd4YrNx%2BStI8coAsu7sLCyYjsmu03vDUQEOeTbgkMTHC3NAvUDc%2BI7A27%2FbduLiJbJRPbuZVyX69%2FioKlbZJfP6LIEYfRn2FIRGKHmwHnbnoDG4fslrEWStwVIsdoCgxFMw0Ykqmz7Gp3%2BDuwf%2BMccsXGgU0uFu5GET2waNG1hnCBeIU73XwdzYiSgxXYf3cZ20JE4Ju7NybRn%2F7bmgyZN6BAD0GXFC3nuk1gFVQgDbSZ7im1%2Ba72AcdePcSPHXEDZFWa2XBjafwsECnC45g8sRDCbK08aXu2Y4t%2FZEWuZV%2BN3ljqEaVMeBTdisr%2Bhy%2FV0%2BJVVAJEzJtwY4upVuRUvqBuUefcKD99EFilBCU3Hm8wLQ%3D%3D&ptyp=4
1469943211,A:DLI_20260918_A:DAD__1-0-0_ECO___1788391670,2026-09-18,Economy,Vietnam Airlines,VN,1381,VN 1381,Dalat,DLI,Lien Khuong Airport,,Da Nang,DAD,Da Nang International Airport,Terminal 1,2026-09-18T07:20,2026-09-18T21:35,14h 15m,1,False,5594441,0,5594441,False,https://www.agoda.com/en-us/packages/book?cid=1753802&pk=A%3ADLI_20260918_A%3ADAD__1-0-0_ECO___1788391670&pt=AAAA.AAAADNuDUwOb9bSosL05bzh4sxcyAHAoUcI26mnQzdI1Yf%2F0DhxzAs4FykM6DT1zf4SnxmSKSzZXgZZNC2g6E3F1JMTTGyfcAbmmSbzau5Hgid6NpInSlRF8muycoNyPS1ZPaGD%2BbSTAPJFNBG08RKPYvSYLB20iiN%2FY17C2ubcy0%2Byc8ngBe5TmgX46ciLQodnfc4ongscPrr%2BIUmFi45qXWnBBteK46wVUQHFmGoJ2DGCdqJwQ5443cXjmnVNHWSAQRI2wWcRT0N2odA6EtsLM8JpEdnCTkUWfrbyRxfAktLH1tXQwYWr0pH3wtb9%2Fd5uXAF4llQXd1ovCU%2FA%2FFd%2BROBhFW4MoKNkmHgFKmkjUzJKhV%2BEZ7XJoMB4%3D&ptyp=4
2125526361,A:DLI_20260918_A:DAD__1-0-0_ECO___1989865609,2026-09-18,Economy,Vietnam Airlines,VN,7389,VN 7389,Dalat,DLI,Lien Khuong Airport,,Da Nang,DAD,Da Nang International Airport,Terminal 1,2026-09-18T15:40,2026-09-18T20:45,5h 5m,1,False,5627055,0,5627055,False,https://www.agoda.com/en-us/packages/book?cid=1753802&pk=A%3ADLI_20260918_A%3ADAD__1-0-0_ECO___1989865609&pt=AAAA.AAAADCiXTu3Owlx%2BUcgvOOCA8bgQ9y586s78TEQdvSJRViA2QzcZML3CXKAdgEM6WAtqV05xXZ7PDUU3%2BdRA6PpDOtSobvvrXdZFvAhYk1SUW6jMY4pfrDDBZzYFMYI%2BnvsYpQQtsFPaL7ZUDKLT9boXQwx73ibSIw%2FkLQu1Wu7lSxR92ak3kCL%2FjtMHyleMgCv5frdih7IKTGn3gfTzkUV6PbXvMMZ5YqDEyvZbO07E3A7%2FOCLEFZj83RAT2tbr5DZpGVdH3FG%2F6db9cNmV8pfkJXKwGEJ76p9FyAZkrXtBHU1sMzpd%2B0NNo93CDePFuatIm4E5TmYGdcHeOFoWiCspRWleFW5hmVO0JT4ASDcsVgFFGibnpZkx864%3D&ptyp=4
1107524140,A:DLI_20260918_A:DAD__1-0-0_ECO___35329469,2026-09-18,Economy,Vietnam Airlines,VN,1383,VN 1383,Dalat,DLI,Lien Khuong Airport,,Da Nang,DAD,Da Nang International Airport,Terminal 1,2026-09-18T11:50,2026-09-18T20:45,8h 55m,1,False,5627055,0,5627055,False,https://www.agoda.com/en-us/packages/book?cid=1753802&pk=A%3ADLI_20260918_A%3ADAD__1-0-0_ECO___35329469&pt=AAAA.AAAADHq%2FxvSHra0%2BlCDjNFNPIB9V0J5lWMIDYubyw9BoW76XmxTe%2FFJaYCFbaWWYPHNzp1UtVGN%2BnwETRuGMnxdT1U9Fb2OeMZYGdT4doWIiLANFMaK18iJpDYl9sYFVaF1DRe1geGkJBpLQkXsFkB%2B1kMlgtkwyXmZWTAOvlK%2F9vrsmEHJYq8tv%2Bd0AzbFjbuLrB%2FNVjqOVOWuXOu%2FKVG6NRWmdFnE4ETNRPK0ooHZXf8tcaUGvwRHEm8ZWpW6DIuFCRXRCvlwcd4DFfOqanzEgJfIV1cmqBZ1cg%2BzYuGF3a0jdw1XSxk8dbUDEm1A%2FtKVsVNNoU6XC8VQO%2BKcuTiaXK0%2BvFuxkAL%2B66yfvbm1ujcAy6KaM%2Fm5nkQ%3D%3D&ptyp=4
1461963027,A:DLI_20260918_A:DAD__1-0-0_ECO___1960464094,2026-09-18,Economy,Vietnam Airlines,VN,7578,VN 7578,Dalat,DLI,Lien Khuong Airport,,Da Nang,DAD,Da Nang International Airport,Terminal 1,2026-09-18T11:15,2026-09-19T08:15,21h 0m,1,False,5662931,0,5662931,False,https://www.agoda.com/en-us/packages/book?cid=1753802&pk=A%3ADLI_20260918_A%3ADAD__1-0-0_ECO___1960464094&pt=AAAA.AAAADOoX0%2B%2FID73S9kQdQdkegJXNIhXrvSilg%2FxlLl5NAuff1H9MC6RIqCLyzGrberWW7YqZ5mhANGxEO%2FJ0XZX1faUf04yeF3lLf%2BjRmAOAhnt4JXfocXvXGTp5fHWNs2hlCg5X6DD46Ca3%2Bc%2Fwa5JaEAQYXoABoahDToI713%2BjjnsiOyI8C5HxC5yUIRuPGNDXNBI0qfE5%2B9UQa9jOmc4sbhAHNYTG8vyYrDuBsftZpCMSLwhLVH5p2U9cJEw2sawAnyKPA9rncFC1J3QCECWd7BuewNkkmeVRxwE4xlOCFg6pI0D8lJuazE7jw8ZuMJLYhuzRIv32r%2FBMvdrv5Ub9OzSp330t%2Bcc5%2B7Y%2B7bd%2BVZc5Q7%2FaNH11zp6wtNOJPC7uCeuj30U%3D&ptyp=4
2078630278,A:DLI_20260918_A:DAD__1-0-0_ECO___956070457,2026-09-18,Economy,Vietnam Airlines,VN,7578,VN 7578,Dalat,DLI,Lien Khuong Airport,,Da Nang,DAD,Da Nang International Airport,,2026-09-18T11:15,2026-09-19T09:45,22h 30m,1,False,5769199,0,5769199,False,https://www.agoda.com/en-us/packages/book?cid=1753802&pk=A%3ADLI_20260918_A%3ADAD__1-0-0_ECO___956070457&pt=AAAA.AAAADPb7ufxKqPBCCLQRjny%2BtXfy5QSrTOQWk%2BoDcf8%2Bpzaef0NgRSd58dQQEtdRuXGy1Dpa8y8NqggYC0d0uZOqwaB3bQD5ENFKdYD9TStJRQeojrxsu4azJskntUZBp27pyju%2BYMTWO%2FpwvRNkvMrLDg3SgtjZ4A00i5c%2FbNMQQ8VtqlcDU0xdwBDKL%2BnZgoqCXwwQ84%2BfXOUEg7ek4C02v%2B3tMIIzTRXxs%2Bgfe60EZhDzHOJQdFhdb0jW90bllZ1YdmWTcB%2Bgsx7rXHWVGQxMlPr06b9QHKtDPVG3BEMiXK5mQKRiymKTtff5GHknLrkmnpKf23uMwstNG7OG4ErYhrjYC96WPkIhNYJwP9d7Ibb7Kkfz0TIv&ptyp=4
1268831689,A:DLI_20260918_A:DAD__1-0-0_ECO___273437657,2026-09-18,Economy,Vietnam Airlines,VN,1574,VN 1574,Dalat,DLI,Lien Khuong Airport,,Da Nang,DAD,Da Nang International Airport,Terminal 1,2026-09-18T14:00,2026-09-19T09:45,19h 45m,1,False,5816490,0,5816490,False,https://www.agoda.com/en-us/packages/book?cid=1753802&pk=A%3ADLI_20260918_A%3ADAD__1-0-0_ECO___273437657&pt=AAAA.AAAADCW0u8fIHM9BWT2CQ3U%2FYBb7vrxbTQtO%2F8w9dcoGYp8bK4sAHCmVMLUpklP6AqwxCweD7sjV%2B81lhvjNuL3Z269wMuVOTjSlzFfRQvDEA8J8aISom%2BO3o9JiTG6LWT4FBKknvdXarre0fDDSFoT5cpDLb4MZbDfrNhIaVclKw9CBjT2iVc63GhxruoV2I8d8uj14RhpjpOaoyu9S8EdGUuvJEQMR0AK6qQd7mCDjwDziw5PfUzLl%2BAAB1afR8oB5JqtG569M5A8YkSXIHZhH%2B9HmGlZMkMm%2FRjTslHMQIic1PuhfcbaBBkB6ipwPwQ8lwKW%2BOtnJzbUWc%2FGE2wnNFA3%2BO1iMkCgELnCOTpIQBGuZxdDlJpgwoQPHQRnyX8iDcZgr20o%3D&ptyp=4
1492731776,A:DLI_20260918_A:DAD__1-0-0_PEO___1334719597,2026-09-18,PremiumEconomy,VietJet Air,VJ,1728,VJ 1728,Dalat,DLI,Lien Khuong Airport,,Da Nang,DAD,Da Nang International Airport,Terminal 1,2026-09-18T15:50,2026-09-18T16:55,1h 5m,0,True,2813601,0,2813601,False,https://www.agoda.com/en-us/packages/book?cid=1753802&pk=A%3ADLI_20260918_A%3ADAD__1-0-0_PEO___1334719597&pt=AAAA.AAAADPqfJb8jP4nR6MfoKMbkgXILZcNK5v8F1FpjTxN8TOQI0jgeIyfXMfdAoe2VdVauE5j2%2BFhge1tA%2BrSMyHbg1Z00hMmD4SDwsjDVWHpwWpULEG4xYNmzdy3c7G0STmrMxMu11NgrFC9YboMpnstvDQe5og%2FofpZY0K7uMIoVwmtT4UpuUZSY6ktgLK1HKlnlO8eLPIGkcG8QY9hlkcUDaME6ZfJ0NMXdYHdVAm0Zc59ctZwZzhaFknbobddt7%2BFA0VwxjNClVpRxpnQSjvbgL4jNP1LGqxkQIf12F%2FBzj4R8LaRu7LxPuDNIgFDK%2FEK0lCN7AQoI4dtB3QlZaK7olKDSaM4yL8zcwo%2BNsA%3D%3D&ptyp=4
535484823,A:DLI_20260918_A:DAD__1-0-0_BIZ___1291334504,2026-09-18,Business,Vietnam Airlines,VN,1954,VN 1954,Dalat,DLI,Lien Khuong Airport,,Da Nang,DAD,Da Nang International Airport,Terminal 1,2026-09-18T07:50,2026-09-18T08:55,1h 5m,0,True,3492955,0,3492955,False,https://www.agoda.com/en-us/packages/book?cid=1753802&pk=A%3ADLI_20260918_A%3ADAD__1-0-0_BIZ___1291334504&pt=AAAA.AAAADDBob7c6n83g3NuwrUJBlLP%2B%2FqeALnC4Li7DePzEMkg4xEoa8jpr%2FoML8V5oZ9wQgC2F9kU7mEXW95eoAAJxnbDyA1HH6jTllgGjUE81Kd5Z44pxT67kFjuQQiqUPJnq6dDsFCkrWUHKBkhpEjTbjg%2Fu8PwRdt2yBKN08MZah8O93yq2pzb3D%2BJLwfvTgsaiaJR3xxaXkABhqWNUd%2B4KGX3yv3Q6LEyiXI7ib0bGl1eEbeKKwAnOsNJ9tUDsxf7BTKa7o7SCZD7PiQYpnbFoDqm50IXT9mU1XY6Rbbwq4EPrNZ8VZjgtHmo9I0eGMSEq8Lf9jCDx1WulK86TNhiRWU%2FZ1ZkmL7Sw0tZkI1Dx5PHOmerj5t9vYPK7mSM%3D&ptyp=4
652469227,A:DLI_20260918_A:HAN__1-0-0_ECO___1899623138,2026-09-18,Economy,Vietravel Airlines,VU,1282,VU 1282,Dalat,DLI,Lien Khuong Airport,,Hanoi,HAN,Noi Bai International Airport,Terminal 1,2026-09-18T19:40,2026-09-18T21:35,1h 55m,0,True,1076275,6238,1082513,False,https://www.agoda.com/en-us/packages/book?cid=1753802&pk=A%3ADLI_20260918_A%3AHAN__1-0-0_ECO___1899623138&pt=AAAA.AAAADABvTPUqm5sQ7Lnlqx5CkuF7ISITw%2Fswp3LY4UTyAP3fapPPfNl4Sbm9K1p5exELjiG19wYNfmdskJ0Q%2BXaetNSeZ08f1Ig5WVcsENIfLXGElIRKbKvN7WknhI0NGrZiUVpSAMghkW8wlMfmf%2BmVgRijhdBa3LW0%2Bi76FuqoR%2FkB2B1FNJagXSqKpoOHuiTi8tyr%2Fb0VXy0bqT122uO%2F7NAtY%2FVDc7AgjGAGU%2Fu24ltqxIJc%2Bp6Ut7V6pYTiERSPKvdtClt67PlQX%2BMNcYZrM6P3c6O7xe2zfGDHhkeBEdqzSlp4Vs9m%2BUd1tMM9DYVtIXpwMlNGisfxapxuWeEkccb2WdVEskIGiBXSp7wfjRaWq1FCbLqZ4qy%2FxvmN%2F9XgPBQ%3D&ptyp=4
389812852,A:DLI_20260918_A:HAN__1-0-0_ECO___648625318,2026-09-18,Economy,VietJet Air,VJ,406,VJ 406,Dalat,DLI,Lien Khuong Airport,,Hanoi,HAN,Noi Bai International Airport,Terminal 1,2026-09-18T18:00,2026-09-18T19:50,1h 50m,0,True,1277378,16514,1293892,False,https://www.agoda.com/en-us/packages/book?cid=1753802&pk=A%3ADLI_20260918_A%3AHAN__1-0-0_ECO___648625318&pt=AAAA.AAAADGKjqmmcMaLJd0EmUQ%2BpJIDlkccMGlW6FI4yZSoOkakZLKuOhp9kQBlKj4fZRVSxxa4eBS3QqKcfyePy4GtNlBkz%2BtNvbgvuzIwMEunwcEoi%2BqLVmAVFqrLW6vmVLeiW3fYb6kkCeDy5JYemhUIM2CuyRpMVBZ7F9Sg28g7H2Th8me3YaQEZjDbeSfJlTMBmGUSXiBtCfjsarrABRy6ll2RDeOG3np16oqIiZsbOQcZimGWbOZdtMRJHTAQbMMDx3WNuFyyrE0bD1Ym0viuFKfsAbbRTYGhRYMcxVzHN5zzTSlLi6Z8XjSdXR2LZV8Ux1Pug0ygmImvjHkQaP6HEbxOqouiJq3zyOqpf0rcXS6jUb1J2ypc4D%2BpGgBf7xA%3D%3D&ptyp=4
1810561287,A:DLI_20260918_A:HAN__1-0-0_ECO___174686008,2026-09-18,Economy,VietJet Air,VJ,404,VJ 404,Dalat,DLI,Lien Khuong Airport,,Hanoi,HAN,Noi Bai International Airport,Terminal 1,2026-09-18T12:45,2026-09-18T14:20,1h 35m,0,True,1544025,19961,1563986,False,https://www.agoda.com/en-us/packages/book?cid=1753802&pk=A%3ADLI_20260918_A%3AHAN__1-0-0_ECO___174686008&pt=AAAA.AAAADL9WuE6VnSFn%2Bd8yRNjdyRI%2B0vbBvWjruVfdpS2ka0v9u0v9KvLuLGBFkYiDrd9z%2BHuiVwZuYlchbHgLaExstm%2B%2FMtRK9%2FGVhIsjPBvGXt0xSNJyWjiFvsN%2FkNUDo0jkQ%2FuaSkMmKY2mC8i%2BcnAfY78Bj9ew3TADorzdDZggVTgUbOn3LrpACKBIRFfHAeUYAyvpak1t6zyZwLVSSsYtJHT8X35ROV%2BMfALPYYRHsd7%2BmOlaNnHtQA75BNGZS%2B8IGlpMb1FIjR%2BUO3C5qID574d4KKK0LnGI9OvdtpmvypPn2UmeE4hSLI%2BR2XB%2Bvji5d6HBW5IN5gDB3SB1Y1PONyAvxTYPPiuNy0KzdiAXMXxFvw%3D%3D&ptyp=4
1687891880,A:DLI_20260918_A:HAN__1-0-0_ECO___1143040735,2026-09-18,Economy,VietJet Air,VJ,402,VJ 402,Dalat,DLI,Lien Khuong Airport,,Hanoi,HAN,Noi Bai International Airport,Terminal 1,2026-09-18T13:35,2026-09-18T15:25,1h 50m,0,True,1544025,19961,1563986,False,https://www.agoda.com/en-us/packages/book?cid=1753802&pk=A%3ADLI_20260918_A%3AHAN__1-0-0_ECO___1143040735&pt=AAAA.AAAADASldZfM3KdV%2FHioxMKYhIvZbAa4Q%2FJBJhujTt9IG%2FqYO%2BqvoqIhN%2BxW9i9LGQX8rWVuq4b4alnzv%2B1pDiWPNILEmEXkqYuZZK%2BI5iZM6hIi0f6Qk%2BAWgrCV8DWT56wmyoK7bE9FKyEEryaLP4HhxyiVbxGBQ1Eucc3z%2Fiuk%2FL2Iov9hF1zSmTWUe7sniAcbS0EeIQhwVbOj1m2EcWCYb2y5lItGnzpYmFx1tK1F2S%2FV0mX5UNMxsTfMz2m9JYYKOSP3ESIWPvv01owkPLhjWSFwNVuCo8PzePTE%2B0yRRVBka4rgwYFN6UP4f0QMA6AfVIerFkR0REErD9Go%2FwwP4x0Y6%2BXAq%2B9becOTRtW0jz8smEs%3D&ptyp=4
494060390,A:DLI_20260918_A:HAN__1-0-0_ECO___2069926208,2026-09-18,Economy,Vietnam Airlines,VN,7578,VN 7578,Dalat,DLI,Lien Khuong Airport,,Hanoi,HAN,Noi Bai International Airport,Terminal 1,2026-09-18T11:15,2026-09-18T13:10,1h 55m,0,True,1588639,51945,1640584,False,https://www.agoda.com/en-us/packages/book?cid=1753802&pk=A%3ADLI_20260918_A%3AHAN__1-0-0_ECO___2069926208&pt=AAAA.AAAADNf%2Fx%2BBokrF7m4sFEeFQfymkOEex680XZ%2F1KWJS8AXisysMgkBDtsceW7WVZuiYvBdgUWYyHaXDG1Ke0YzzMsZjAtfxAPvbqoLhRWh1AhO5BAFgVH59nyUn7pq4TKo6ExjN620ruSV8qnD7zAdtL1ryX6NybuZ5mn9xSM5cLqoTcisncuGX21dg7Qgjlsel%2BqSmNmNYSsPf7KEUSIbvEqE%2F%2BbJNb6xwL5YKDbWrOjXRC3X7D8UBkRrX9%2F49SQpcJf5EPFySBhZHWUSCOIVKD16lr79wO4WiT%2BjiWMv2Nsg3yTPED6JDsYGmQkxtjegB23KubfB0IQMVRTOC1iOCKAW0Hm2%2F7tzf1dUwwQRj73LGI0ReQHny7%2Ffg%3D&ptyp=4
1835552470,A:DLI_20260918_A:HAN__1-0-0_ECO___357338735,2026-09-18,Economy,Vietnam Airlines,VN,1574,VN 1574,Dalat,DLI,Lien Khuong Airport,,Hanoi,HAN,Noi Bai International Airport,Terminal 1,2026-09-18T14:00,2026-09-18T15:55,1h 55m,0,True,1671340,54650,1725990,False,https://www.agoda.com/en-us/packages/book?cid=1753802&pk=A%3ADLI_20260918_A%3AHAN__1-0-0_ECO___357338735&pt=AAAA.AAAADJ5Kw%2Fv1QRdoxyoGHD6Frt0Aurdw%2BJi4mSe3GRvtzTqYnOQaVm2UXjKuIDfLssmkSDMav8ZDu3s3MMzPaF85fvUOrMG53e2aRSSu%2BZQNBISaYjPByHJGLwmZhI3SGSjswOAhp2PpVQH5rX1AnDeyk%2Beh1zk%2BV1QUgIpCC53LSLlQ4cIFEs7KMD%2BY0KPsu0YoJVW8Ci2CppfhXrXv5jbqg10zUghVCxX9Xuv2g%2FUbX63Qp37v5MVZ%2FpwqEFRa9kE1W6VY5zddFk3oHmqV0kL4t9x4l95dxnJZskfePNW09bVpEeasibwHawAAnpsPaWDe00a52bqp6giwPwDbhbPXZIvaYwS8%2BTw%3D&ptyp=4
207670698,A:DLI_20260918_A:HAN__1-0-0_ECO___400068070,2026-09-18,Economy,Vietnam Airlines,VN,1572,VN 1572,Dalat,DLI,Lien Khuong Airport,,Hanoi,HAN,Noi Bai International Airport,Terminal 1,2026-09-18T09:25,2026-09-18T11:20,1h 55m,0,True,2422629,79215,2501844,False,https://www.agoda.com/en-us/packages/book?cid=1753802&pk=A%3ADLI_20260918_A%3AHAN__1-0-0_ECO___400068070&pt=AAAA.AAAADFla5WpnmyCeNAUB%2BLH9hIt53mt7Zj23OG3NftvA2KU4Rpyp6%2B5%2BiFPzo3KtZ36r0037hf0hOgyQHpO2Q%2F2LZMsPLlCT%2BN9hRM0x48mPgYTWTQRy3pL3udwNFbjSuOkeysPgwd02AFT50PanGoVcHkGKY05Pe4oWxw981dp7IpkpAjQB3BsAE5aACy%2Fc7ygD8Sb6M1TDN3OnWLjyLgXYGEahqWK50OunBBrXaMpIhdtTBjtBiLMlawpO9WkyAAkwubQzEK47kDPJQ4%2BT%2BDcyGT%2BIH2JTSLurhpuKNuDkxMaRfH3VtHiV%2Fd7mdNYOtPY7N%2FKSoEzHIJnPoxIdMHrehqKYPjkbCGgJ0q7KWM%2FmThzX4LFjdg%3D%3D&ptyp=4
53544437,A:DLI_20260918_A:HAN__1-0-0_ECO___1532675321,2026-09-18,Economy,VietJet Air,VJ,408,VJ 408,Dalat,DLI,Lien Khuong Airport,,Hanoi,HAN,Noi Bai International Airport,Terminal 1,2026-09-18T16:20,2026-09-18T18:10,1h 50m,0,True,3570493,46158,3616651,False,https://www.agoda.com/en-us/packages/book?cid=1753802&pk=A%3ADLI_20260918_A%3AHAN__1-0-0_ECO___1532675321&pt=AAAA.AAAADIZsvmbwDjKdVpbDK8d%2BDzpXhgv64N3lWH4cySvhCI6gxV4eqFGUJoD%2BW9tI2YBKgaTej%2BXYQ5AXFH10oiraKumpj1XFrE1oGLesWXYwhB0VeUVftqHQhE%2FwDTBLTkiWjbuCFJ5RQQbz71PFzbSTYmmwY7WKtPTUEiRSed5ojAKFAbYf3zSaOEf2tyRLsTsGPk2liIixUbBC6w6u0Ibjr7tywRb0vJdmFLr9ItL7uJffP85DJTGyUI4C90IpfrvRxgRJYpq%2FYbBeW7eFhy92rctLEApQnco4sQjxdGfeY7erDaUysRGPA9i6AvArTYGj0RcY8Fp9%2BKEcgXZnmzCvxxmugmp92pig9FsS812jO%2B0%3D&ptyp=4
451124289,A:DLI_20260918_A:HAN__1-0-0_ECO___717619249,2026-09-18,Economy,VietJet Air,VJ,410,VJ 410,Dalat,DLI,Lien Khuong Airport,,Hanoi,HAN,Noi Bai International Airport,Terminal 1,2026-09-18T21:35,2026-09-18T23:25,1h 50m,0,True,3570493,46158,3616651,False,https://www.agoda.com/en-us/packages/book?cid=1753802&pk=A%3ADLI_20260918_A%3AHAN__1-0-0_ECO___717619249&pt=AAAA.AAAADCmmkhH8svmkBle%2BxyNDTrTWJl4c2GTqSP61U%2FtkTyStaU4Pqlu1lJHCx0q1YCIAG91l%2B0WqyMCrItiqVdEyiwplTo4kk1h8zeIHfpKa5uUHoV9RAMSm%2BAt%2BHc20KbCBXBZeRW717oRh9u62L8HPC0mf%2BdwqB8BRMNSXKWqQMwue2KWkXqUYQ7HEn3e%2B%2FaLx5mLWpgzjjXjFEccvxah%2BBjoEYXDecDc4x%2FhaiJNVaoZxzz94YaL1Fe0qDVlmmra6kLJ2BbK%2FHROey%2FSJXZTT57glqC0hRi5M2ySpotXafOcANNICe%2F6ut8Wd83wk1rRWLjKeYokB9f%2F9f6pRajnYE64f8lootiPuRuB4n2aNDdQ%3D&ptyp=4
942919540,A:DLI_20260918_A:HAN__1-0-0_ECO___855173971,2026-09-18,Economy,VietJet Air,VJ,1363,VJ 1363,Dalat,DLI,Lien Khuong Airport,,Hanoi,HAN,Noi Bai International Airport,Terminal 1,2026-09-18T07:35,2026-09-19T07:10,23h 35m,1,False,3411896,61701,3473597,False,https://www.agoda.com/en-us/packages/book?cid=1753802&pk=A%3ADLI_20260918_A%3AHAN__1-0-0_ECO___855173971&pt=AAAA.AAAADGxWlAWtGnI7hY7zcmorKUZr%2BV4lSQDhFgZlzSkGYcKR4nQVM6zNnw%2BbtDkMLI6FZrMhdC4D9lDQEDhnVmwYlxBXMYi8NREoit4bn%2FsvxevgYdY3ewwv%2F7ar7d%2FASwt5Vetyljqx9pKvm38aKMTOTeX6NNIqY0C44O9%2Bxv2fX5oYzbV4H2%2FFe0Y3yKUaNH5mwcij%2FxRV5tql4%2FS4%2B35PAgPLOJqBGZEVCgiKT5gfoyI%2Fe%2FyBvtem1gUJrk7ngY7Y%2BgyO4dmJpe4DaO28aHR8KdHjSuqxQk%2BB2eFGeI3C63nFfJ7vl2VlWLyBoCYyuW1poNmw6AUxQBy4dtkyVNJemVpi8EVP&ptyp=4
861712495,A:DLI_20260918_A:HAN__1-0-0_ECO___150344675,2026-09-18,Economy,VietJet Air,VJ,1363,VJ 1363,Dalat,DLI,Lien Khuong Airport,,Hanoi,HAN,Noi Bai International Airport,Terminal 1,2026-09-18T07:35,2026-09-18T21:50,14h 15m,1,False,3892736,50324,3943060,False,https://www.agoda.com/en-us/packages/book?cid=1753802&pk=A%3ADLI_20260918_A%3AHAN__1-0-0_ECO___150344675&pt=AAAA.AAAADMzO1lzwh%2BVR%2BMldmmXeg%2F02GWD3G6XZTOsNAXq9lJ9OhjgJyuajZNJG6%2BkUsJlXUk52Vc6CT5mJUBC%2FcJP5twDq%2FiQL%2BoerFGsR%2FSTxsG6ZwOj6sMmKPrCapsQWTWArwohpaEOdiC3t1ci%2FeKKE%2BhrJbFBbDSRhjvgV2IgJ%2FPDHnp1ykM8%2BJ%2FYVSbFmN11J2Y4%2FJgGu005to16v1dNZGLri%2FasZWq6wX%2BiP8ME6pLzCk%2FKbkHCQtKYkS1X0LtvGLo6uHw4drvv%2FjGltV6xVe8gYhs4LLhad2oqNZ3DWV8DijBSKnB2EEBoXb3vSSvIl6QUjUisXghVv%2FtlAspkSucJoOQ%3D%3D&ptyp=4
1597818273,A:DLI_20260918_A:HAN__1-0-0_ECO___375696298,2026-09-18,Economy,VietJet Air,VJ,1363,VJ 1363,Dalat,DLI,Lien Khuong Airport,,Hanoi,HAN,Noi Bai International Airport,Terminal 1,2026-09-18T07:35,2026-09-18T22:40,15h 5m,1,False,3892736,50324,3943060,False,https://www.agoda.com/en-us/packages/book?cid=1753802&pk=A%3ADLI_20260918_A%3AHAN__1-0-0_ECO___375696298&pt=AAAA.AAAADKRarCU6M3aR02vZvdeDkOHD3c5eDDVRb%2Feate8XthyY6%2Ftty2Tkv2eRTUShrdyrW6h%2BzWXulHPXA60n7zp%2Bd2OXM7Q7PT6JpPSFf0ZsL3wghasJrlBcfaYJiX1PyrGlm9r%2BLIZYjeT1VYAz9YGxIu82daN41PB6Rs7jOo7YyBG7vla%2BncTIoKWw%2BkrQYFhGEmnZMo80UEH2kyLt3Kel0lluKupwxX12r715TuhlZy2Djeubz2uxRVMBmhUb5M7ESPBuFFh%2F1FbfF1Yfib4D1UMDrXKpc2GpSm7BMZ0XOWCucLglS1K629ONP4t0b5sSOvPMNlrENg%2Bf2v%2BwovSSRr8XZPCw&ptyp=4
1563500400,A:DLI_20260918_A:HAN__1-0-0_ECO___407323130,2026-09-18,Economy,Vietnam Airlines,VN,1954,VN 1954,Dalat,DLI,Lien Khuong Airport,,Hanoi,HAN,Noi Bai International Airport,,2026-09-18T07:50,2026-09-18T11:50,4h 0m,1,False,3939109,87221,4026330,False,https://www.agoda.com/en-us/packages/book?cid=1753802&pk=A%3ADLI_20260918_A%3AHAN__1-0-0_ECO___407323130&pt=AAAA.AAAADEByqGGPlrB7IYVBjMeTxQBfSX8heTptCj4UwKxfrO1ixpKZrkGTP%2Fa7RlCcoEIRwtjuQT40ARgciPkKwkBkxZP1KqsdRxb2Sa5Uwl%2BNisJNPLqP4t1bd5YELbABNKlXdPpbjqt8ch43j1WYKvyRYO2Bae%2BkRK7ExFMYDvmKprFhPMArHm%2ByOiiYDcV%2FkHBxTiGPdYBdNaq99pLgU9Hb4TntgvuDAAGIVRqhjvInO8ls1zysSoSGSuxXaS5R8t4OBinlyUQ1TV%2FiKF2DwXPOuHiHL8r%2FmUons3nErSDhu6VjURTM6hqyDzN0%2B0BCHFtLJVXU0oNIjqxPv2ruxEd2FV5wgkdEaoc4DNUDBZLTW5bfA8KioF4P%2BpJQb2FbS3zCK0IjpdHqeHYVFWvBjFjr4OcWhqGiUU0%3D&ptyp=4
624183510,A:DLI_20260918_A:HAN__1-0-0_ECO___1193647281,2026-09-18,Economy,VietJet Air,VJ,1363,VJ 1363,Dalat,DLI,Lien Khuong Airport,,Hanoi,HAN,Noi Bai International Airport,Terminal 1,2026-09-18T07:35,2026-09-19T00:50,17h 15m,1,False,4032646,52133,4084779,False,https://www.agoda.com/en-us/packages/book?cid=1753802&pk=A%3ADLI_20260918_A%3AHAN__1-0-0_ECO___1193647281&pt=AAAA.AAAADEWfhxgzcKHM0UmaMYxLvNJUsYpB27U53YcpowpHC15tLdKBTIZ85H5OIcEDpLqDGbUNquHTE3RrMsOsMS%2Fwgch5BXoNduxqyuONK9WVm2GNSeB4rB%2BO%2F0wAo%2FzoImIzFo8ma9i0tJsBj%2B8sQLdzr7dejCkg7PLKQbysvBdcCSe5kppt6ROhOt9NbJ6YewwURfn7jfOp2HkRZ83Wdh8MTyf%2BXLmKs3Betzip53AzJknnOw%2BBGK17aX%2BhraZzWJimKOOi%2BABPTNZgO0kGzIsFFEfQswmVoS9A7iczImDN%2BYqq5X63xYOpttjbD%2BvHYCfqJ0WH%2FkvFB0fh1Hl56yNnw47S6%2FM%3D&ptyp=4
1769782336,A:DLI_20260918_A:HAN__1-0-0_ECO___101609087,2026-09-18,Economy,VietJet Air,VJ,1363,VJ 1363,Dalat,DLI,Lien Khuong Airport,,Hanoi,HAN,Noi Bai International Airport,Terminal 1,2026-09-18T07:35,2026-09-19T01:10,17h 35m,1,False,4032646,52133,4084779,False,https://www.agoda.com/en-us/packages/book?cid=1753802&pk=A%3ADLI_20260918_A%3AHAN__1-0-0_ECO___101609087&pt=AAAA.AAAADBCkCpxJdz4BUM4QvuBn4W6iJe5x7MPavKcMLsHLkq%2Fi85tMLrP7bsgGbMn25Z%2BxqG%2B82GDu%2BGuxLIE9zCj14q3dLD%2FkTR5ESv3OPqzJ77wgX2vLxOQDOeUX1935GU6yq2y6SilbnfYQ9FyqJBXPb%2FDp56GZ1q0N2HtSMkoDIckxXhbOYqXQo4w3GeYMvuLFlILvX5r1nXp8iOpgwa2f2HcMIzdwpGwJSE0kN40Sc8PyGOADfe9vk4JqbQ3ywFr2okfpE63fejDnaM8XlMsWq2fnRR2DNufKmXNfW%2BZVYxsQE%2BLjGmM39xJ4vkOYVpWf7%2FcqrfH%2FCPFE6iVI2KAn9pgnXpY%3D&ptyp=4
2142264870,A:DLI_20260918_A:HAN__1-0-0_ECO___1423101894,2026-09-18,Economy,Vietnam Airlines,VN,8021,VN 8021,Dalat,DLI,Lien Khuong Airport,,Hanoi,HAN,Noi Bai International Airport,Terminal 1,2026-09-18T09:50,2026-09-18T23:25,13h 35m,1,False,4092380,90615,4182995,False,https://www.agoda.com/en-us/packages/book?cid=1753802&pk=A%3ADLI_20260918_A%3AHAN__1-0-0_ECO___1423101894&pt=AAAA.AAAADKGygtfKX2y3Lt1kcGcC9OpEEBRT%2BK8mSMjCDCT8HyOcEldDuWfQkrv2Iit0DZldtm8VjItDfSGavrVM5AgXrDeOJngEHr32Isd3YDLP2L8ROoi2%2F88EXu1RgbH6%2BxSJxvfVRJm1RCuO3npnHTj8hOJxmL2wCLGbTevdzJKmP%2B3j8QpqyG1xjkvT1AjGV6ititrVG61EWaaW%2FBvXG7UhR3nZhAJRcOZDYetIpq6K3nA%2FDvtopJxa7z0musq8uO%2BwK8SFqVYqlnrRISbxQwMn3KTJBdmuCWwnd%2FZ8muazHmDFmfUShsXnoE2IebFs9dolcJ2vZR3XVe1iEeEpJgbY07Q35vHzdUm7dOXNTaho9F0ncoyL9SEeKHWSdAnQGO2rqQth&ptyp=4
1518494557,A:DLI_20260918_A:HAN__1-0-0_ECO___1719376990,2026-09-18,Economy,VietJet Air,VJ,363,VJ 363,Dalat,DLI,Lien Khuong Airport,,Hanoi,HAN,Noi Bai International Airport,Terminal 1,2026-09-18T16:00,2026-09-19T07:10,15h 10m,1,False,4161491,53799,4215290,False,https://www.agoda.com/en-us/packages/book?cid=1753802&pk=A%3ADLI_20260918_A%3AHAN__1-0-0_ECO___1719376990&pt=AAAA.AAAADGHUjMMr8LfYLENbGBFn8L4IDdPcwxDNlIeEBukf23g%2BdagV99gmXdxd%2BsNNDyM31K%2FPwCyyCG870hkfUsydPpN%2FcP10aLKBShY0cyuZRasokd%2B66UI64P3sLOCSmVnGNWERnCZKGnDYFyvH%2BnxZeL2kXnrOIjMKokvXhHqdx8vn4JwQldaQbI1M4CToJZNxaP25WZlw%2BTlAQSmRmkUYUvR0WbEFKZioS26eX5vf5OtA0rXDtNOsgQVPPIfGrQTX4mMnXrwcoPX4nTbATXn6%2FGoEqT5b3Fk9AAEhofqdDtQbEZDMxpYzeHN33uoIB%2BZ5jgGTW5jURdcrdd5aezAubJBSAqsXqQ%3D%3D&ptyp=4
56169314,A:DLI_20260918_A:HAN__1-0-0_ECO___657319637,2026-09-18,Economy,VietJet Air,VJ,363,VJ 363,Dalat,DLI,Lien Khuong Airport,,Hanoi,HAN,Noi Bai International Airport,Terminal 1,2026-09-18T16:00,2026-09-19T08:15,16h 15m,1,False,4161491,53799,4215290,False,https://www.agoda.com/en-us/packages/book?cid=1753802&pk=A%3ADLI_20260918_A%3AHAN__1-0-0_ECO___657319637&pt=AAAA.AAAADJRRee%2FOc%2FdLwgYt5cdqlzmAhQEYt9frRUDNAzCu36QE69PSj8JBCqp2yswAbTjm4BWdtX7l0ekpBWPoSruwuw%2F2ZkE0eF477Xqxjn%2Bdbk7xw1ZNRQV1prO1pW%2BkZM7PeMqNRIYZOQ3mt5%2BciA2LRaqgWkn6gznZkbY3NlHmaB8unVpyIg29EfRpH1hY5JN81HDHrDA9n2o9P7FHOerNN3yMPnylyw%2Bu1SEbDs9nK5mg2fO9IEC1TvMjgdtHWC371TnWvTUVtH8H3uSkVGMeqk%2BymE2rSXdjFj9%2BE%2F59RbYbfUgI%2F5gjU8KxWhye1YrdGwFNAwJA%2FPXVnOnXQyPIocRxkw%3D%3D&ptyp=4
1911957702,A:DLI_20260918_A:HAN__1-0-0_ECO___448577854,2026-09-18,Economy,VietJet Air,VJ,363,VJ 363,Dalat,DLI,Lien Khuong Airport,,Hanoi,HAN,Noi Bai International Airport,Terminal 1,2026-09-18T16:00,2026-09-19T09:05,17h 5m,1,False,4161491,53799,4215290,False,https://www.agoda.com/en-us/packages/book?cid=1753802&pk=A%3ADLI_20260918_A%3AHAN__1-0-0_ECO___448577854&pt=AAAA.AAAADOGDSWtTE0phoKIGLjWxgLCOtmqaQg%2BM%2F%2BOxVBzMDp%2BrZe71AQxkWifyiQ7rePKHw8JPGBhyyR%2BG4g%2FtJNbUx%2BrAL4ybHGsDh24gPiIwFFLirZZ4klxb4UKanY2ZMSbq7dKqVUdeCpPb%2FI%2B7KGpYH%2Bxycf%2FWEBc%2BdVIzALQvG8q8vN2wUAXiXl3DxJlZbJtBsCwJWxu9B%2BCbQ2zUj2P58W1vgwH7yz6AZmnlOaGjDs88zY4Mj3%2ByktWUkDOvzDhDizFA8Yjxb19Lp1kSIP8khPy56IZwMpbaToGRnm%2FXiTSIkSp2XYxW%2FkzHpVz6xKQGreJJURAax%2FuDdRX%2BxYmAmQBeMQ%3D%3D&ptyp=4
2020604589,A:DLI_20260918_A:HAN__1-0-0_ECO___1397389730,2026-09-18,Economy,VietJet Air,VJ,363,VJ 363,Dalat,DLI,Lien Khuong Airport,,Hanoi,HAN,Noi Bai International Airport,Terminal 1,2026-09-18T16:00,2026-09-19T09:40,17h 40m,1,False,4161491,53799,4215290,False,https://www.agoda.com/en-us/packages/book?cid=1753802&pk=A%3ADLI_20260918_A%3AHAN__1-0-0_ECO___1397389730&pt=AAAA.AAAADHbg7aOqYHsfvphUqsTtpKGFoh6NZznLhf0OBNI9iWzGIJzjF4mtAEPaafeUHxV3OrFIyjNWOVkFcd1roBnC%2FFubdml3a6yJWnarV2cNXYsi82yezXVTkNpqo2w0L%2BCsp0NHNQA6nQTdwEXjrS8AovyPj02J0dXAVrPLLMgF5PTpxXJwxGmPgi8LODaDRkfX2fyErO9j8ygslyBsYg9hYHKzGZWYZGBlmN6IaSYrVo9ZRPjTfwshVLo1mfJYLI17V5rqKr4kyYyiFUWGUWm15lgb7vqrL40xFckF0E9T9zHjQrk1zJ4VUtXA53ala4hyHPyvP9oUXf1nvcVKuV2hJMcBQChw&ptyp=4
1159647462,A:DLI_20260918_A:HAN__1-0-0_PEO___174686008,2026-09-18,PremiumEconomy,VietJet Air,VJ,404,VJ 404,Dalat,DLI,Lien Khuong Airport,,Hanoi,HAN,Noi Bai International Airport,Terminal 1,2026-09-18T12:45,2026-09-18T14:20,1h 35m,0,True,2514257,45468,2559725,False,https://www.agoda.com/en-us/packages/book?cid=1753802&pk=A%3ADLI_20260918_A%3AHAN__1-0-0_PEO___174686008&pt=AAAA.AAAADMPR1U7uaqlGbfY6Pnu8l2q9rX4MrzULzbnsjNorDxWMC8ojigXDXbt4k8SowQv%2FuGnrtnD6bCIo1SsWBUkSxGpy%2F6TnqBsPBdj5Ge14cxzK7TnzlIe5qaEYimc5nz55PDeO3oIrIWE2L%2FkubXr%2Bjg3o31zZUm%2F88fW%2FAc%2FyupPe2SekBv930oOuqRhAeeBKobOQc2CX9xPptvFUzJ4s9O%2BCdjWd4pyoI7ipseNbTKRKTvsq1SITBcuZjP%2B%2B0w3lPeZ2IA7yqaUrzWMiWDJgaep5by6%2FjSaIuc%2B93rw%2FPR6wVXbYhbZH73JoBtb7bimmVOLP%2F%2BCpohwuePopRMLqQrMM9p%2F%2Bhvz3iM8%3D&ptyp=4
1911842553,A:DLI_20260918_A:HAN__1-0-0_PEO___1143040735,2026-09-18,PremiumEconomy,VietJet Air,VJ,402,VJ 402,Dalat,DLI,Lien Khuong Airport,,Hanoi,HAN,Noi Bai International Airport,Terminal 1,2026-09-18T13:35,2026-09-18T15:25,1h 50m,0,True,2514257,45468,2559725,False,https://www.agoda.com/en-us/packages/book?cid=1753802&pk=A%3ADLI_20260918_A%3AHAN__1-0-0_PEO___1143040735&pt=AAAA.AAAADANBetuKyqNDMWhWIm8FtqIIetxEaHV%2BvTrB1SAv8uQaUSOe%2FJpR2sGv9ICYvQQTCK%2FWh%2BKHFuAvlBKKFDaIjZk%2B0LRI8WLisdqb81x%2BbJTleDT%2BgJaH75%2B4poZn6%2FJKp9rF3Trx9Tyr4JZTLaIXAJgnmr0QvXwL9VUKMA37umpVdvS2VqUdAAYTSPGriT5pe8vhuzow9VrhiNo%2F3ZGwXeaAu8dNfiRLKr2VewHBS0%2FbAP3idmnF7sIPbUILfKUbigfkQ4jeBh9JLz3mzPE1Gv%2BYWT2wIS0JNXA8MRXTdu5HNWC%2F6%2Fe3xbl2zcdyNPxk3S3mQyPsWTZwobn489dD5m5sVrUqyckBRebH6Q%3D%3D&ptyp=4
156115363,A:DLI_20260918_A:HAN__1-0-0_PEO___648625318,2026-09-18,PremiumEconomy,VietJet Air,VJ,406,VJ 406,Dalat,DLI,Lien Khuong Airport,,Hanoi,HAN,Noi Bai International Airport,Terminal 1,2026-09-18T18:00,2026-09-18T19:50,1h 50m,0,True,2514257,45468,2559725,False,https://www.agoda.com/en-us/packages/book?cid=1753802&pk=A%3ADLI_20260918_A%3AHAN__1-0-0_PEO___648625318&pt=AAAA.AAAADCIK07DMvwpw6cEYMAQrIoP67AxWYU7KGUiFMIot2jcirolQNqB69rbuSpIEO63JAY4XJJkGGUBWwvfnpKA0T2LsfInZlypt8DM%2FXplZdBUoXWgLgyYohVY1IvInXabz1RIdI0YC3zFeFho8%2FevpADN5tf%2FvJ4Ozcvy09vkbfN9u7cHcTa1d9QDE4ypAH2%2B4SVXRAEXYlNV22gR06UE9k8Qu%2B2ouk20xbp4mw9eagkqOO97UTybLy4fgpbr6IiVi1vHL0iJz6VeN4agY2GXabOqmtDe2F0DmwQjfJ4yhppzBkWhvGn9ol1yidkop8wccwoEskvh5b6h4kM%2FyCCiig%2BTV7w0kP3gZtw%3D%3D&ptyp=4
882562349,A:DLI_20260918_A:HAN__1-0-0_PEO___1532675321,2026-09-18,PremiumEconomy,VietJet Air,VJ,408,VJ 408,Dalat,DLI,Lien Khuong Airport,,Hanoi,HAN,Noi Bai International Airport,Terminal 1,2026-09-18T16:20,2026-09-18T18:10,1h 50m,0,True,5891409,76163,5967572,False,https://www.agoda.com/en-us/packages/book?cid=1753802&pk=A%3ADLI_20260918_A%3AHAN__1-0-0_PEO___1532675321&pt=AAAA.AAAADIn9KDevurCar93uadC%2B3e5HSsHsnXll7n96EFHd3l5rT%2F83JVzyKHpktPEeZd%2Fm7QorZr%2B4UdYVnW7YPaykNkRYRIjSzT6r4iSgGtjrVpVE%2Fb6bOC97Z0Haipq%2BnwzJOfT26APjxypXof9gHDoC1JIOWT2NeNdeNGD7CJisSR82kzOpHD9YHB2EcjJ9PaB0%2FX8nC5jq%2BW2u%2FxxLn9nt9GEIeqx5vC1Ioj7R%2BTC5CGsNIS2znSS1cU5gWnEjwXCuf1PkXn4%2B5kYAFNxtG6SGfhEK0Vro0ir8JJNRoUXkHPbUyKb8Igx8uv3ms484JpE5cUtOmKJkf3d18nf2b5XJkVmC3nYyCNeT9A%3D%3D&ptyp=4
895896066,A:DLI_20260918_A:HAN__1-0-0_PEO___717619249,2026-09-18,PremiumEconomy,VietJet Air,VJ,410,VJ 410,Dalat,DLI,Lien Khuong Airport,,Hanoi,HAN,Noi Bai International Airport,Terminal 1,2026-09-18T21:35,2026-09-18T23:25,1h 50m,0,True,5891409,76163,5967572,False,https://www.agoda.com/en-us/packages/book?cid=1753802&pk=A%3ADLI_20260918_A%3AHAN__1-0-0_PEO___717619249&pt=AAAA.AAAADEAFxKF%2FN8YVbXDf9xEZuvLNxyOBKL%2BhtIX0lbRhZa4yJOs%2BBWDcO7ZchEjhIvQVOXqPzrWzxwiG0mKoKBjvDtkv0f13x8BjhQEONyl28BmEd3tOH%2FS7J%2FqO3bZajAG64PXuipxJtaeXtbpZQW0OPvMj3GZpev7xMISCdlNsvVXXF0WcVA6oo%2FGEtWIUsnGebui1gfvKRbQjv8PZdPzinXjFkQJkVTDjzGZhmtUeI%2FFTLSMZyGey1ZgkQ3cpyNfQ50LKORrtvhcY4GG8tDJxmVzNUVsQtx91zptnsdAL7UghJOh0KH4n6w4oB5VszGxIsOv1mDYswaPnoA3s%2FMdTYd7zhT6b7Per&ptyp=4
104053996,A:DLI_20260918_A:HAN__1-0-0_BIZ___2069926208,2026-09-18,Business,Vietnam Airlines,VN,7578,VN 7578,Dalat,DLI,Lien Khuong Airport,,Hanoi,HAN,Noi Bai International Airport,Terminal 1,2026-09-18T11:15,2026-09-18T13:10,1h 55m,0,True,5311093,89997,5401090,False,https://www.agoda.com/en-us/packages/book?cid=1753802&pk=A%3ADLI_20260918_A%3AHAN__1-0-0_BIZ___2069926208&pt=AAAA.AAAADNrk2Lz26I8zd%2FKsW93A3yPwLDOlTptuQeA7QRoShh4US9OnLv8ZtZkIlgfgOT%2FGstZ%2FUfFhbKzqwehDpd2%2BdQEEFu%2BqPNNhnIUxOhHY3oPZ%2BGlxq%2Bg73XHq3hxYEMjclpA1PSrOtRJUcL9sfXxwr%2BQC95dXmarH1VsZm3wbij4k9dc%2BmLVatpnxLAY5E%2BdXmCORgXwPE6KRnkXQrz8y2Gv6gliySXqKaaalhwgf8%2BGGloLIareQhDqWU06n1vProxHl8I60CSvuU6sPLt0%2BZAwang%2FkDSXQcmFdOCvnjc5TcE6sbuasVv0eloylj6UgUtOcgd42eMm1jnfb782n5Fn62GCRjW2AkOohrriP3JK1ZQY90xVYF8A0wdc%3D&ptyp=4
1477500127,A:DLI_20260918_A:HAN__1-0-0_BIZ___357338735,2026-09-18,Business,Vietnam Airlines,VN,1574,VN 1574,Dalat,DLI,Lien Khuong Airport,,Hanoi,HAN,Noi Bai International Airport,Terminal 1,2026-09-18T14:00,2026-09-18T15:55,1h 55m,0,True,5348649,63116,5411765,False,https://www.agoda.com/en-us/packages/book?cid=1753802&pk=A%3ADLI_20260918_A%3AHAN__1-0-0_BIZ___357338735&pt=AAAA.AAAADJfzuUhvXZClNFssG5JeyL2Hxb0gTdHQW9mMjd8yqX4nKDJxoaoPl6BtjODTCutBZoh8ohk1aTMEScTTWPwNQFJgY2lNKNCtfpSy1xNESQfh5e738YfMf0TbdhtL%2BqO%2BaSs7HlDqzfHQlVRLKGEWuczqVxfruMhxzlriH5uG5huon50GRU3Atyf3QFR8uDsgqS97xe99I9%2FzZiLtT%2B1QO0FetZn49eholHCWW30hgon2xwe%2B88q4EaP6ZEqJHF1Iks45CPHcE7eFvFOmveXvOBOn%2F8O18YBRh30hOnMeY%2B3NO6p%2FYBhVIMe5qHQ%2FTwheZmAs4aybgqzfxFTtnLklyzNmPcKSynM0u7BqYc4JHnXbxxAhhwWqsgV0&ptyp=4
817554457,A:DLI_20260918_G:NHA__1-0-0_ECO___1639098471,2026-09-18,Economy,Vietnam Airlines,VN,1381,VN 1381,Dalat,DLI,Lien Khuong Airport,,Nha Trang,CXR,Cam Ranh International Airport,Terminal 1,2026-09-18T07:20,2026-09-18T13:15,5h 55m,1,False,2929145,49635,2978780,False,https://www.agoda.com/en-us/packages/book?cid=1753802&pk=A%3ADLI_20260918_G%3ANHA__1-0-0_ECO___1639098471&pt=AAAA.AAAADF%2FhU53QM2WUbGfnBWeevreg7H%2BxdxtADYmwoeHeJwnpWiAysfNvHFHrkJHLPrCp%2BOrDr2GNPe8Uo52bWeWTewz1NWsZyO4szoYE7bFEpdq8mvJbzY8wAY2C3cDfY0NUfN4m6s2qPL%2Be8Shm15vDB9zfBrM0bL%2FaBC7vutInT9rtueOCmlkedsu1YyonCiYX6kL2bvoMglmGcN6hLM%2FcXOap8aM2df4LVA3mfETa0UELmfr%2FTTLAoLgFh0hi6NO%2BTVz%2BY6feTyiPrv7jtl5V2ry1bKuciVsbrs3%2BEqFt6rRIp2H3ygidnsKVtrlttnL3d%2FnRQgNKADQRlJ0vU678AmUnof7C3ZZHCEFpzCb5eaYdgn87nw%3D%3D&ptyp=4
1350558658,A:DLI_20260918_G:NHA__1-0-0_ECO___1584281743,2026-09-18,Economy,Vietnam Airlines,VN,6171,VN 6171,Dalat,DLI,Lien Khuong Airport,,Nha Trang,CXR,Cam Ranh International Airport,Terminal 1,2026-09-18T08:30,2026-09-18T13:15,4h 45m,1,False,2955645,34878,2990523,False,https://www.agoda.com/en-us/packages/book?cid=1753802&pk=A%3ADLI_20260918_G%3ANHA__1-0-0_ECO___1584281743&pt=AAAA.AAAADMCh0edr44cruYOB%2FHToOj1V4HQyhnmNbxzwDBIyzwPDJb8gY%2FXQ86ur1F1%2BmpzB2fAVRsIx40k68EB8k5yJhb5zvv%2FY4mDMsrL6KBclSc%2Bbpl%2FxI46fiZxn2qfiV1qpCWpHxr04Iy3OcsIFyr0dfbJRb9l6pP74%2Brh6fAlVTqMp7q28kFT5BMzt4bLBgHqTAig1L4iqmeEkEUXaM%2FRPIUYBP2KrHoFXmeKLSVp7%2FiXs9YMkiZlHAwh%2Fx57vgc5061358ZB5G1jZhNSKyiOxozGYdfo%2BsgpToK%2FNOhnTHpzc4YuQ48ZZxHbZ0M%2FRWkbAk7iRPUhPkDQTeHq3ISskHuoZywpu%2BmXXZBUs5Veq8BKBFAho&ptyp=4
2020652617,A:DLI_20260918_G:NHA__1-0-0_ECO___1762154321,2026-09-18,Economy,Vietnam Airlines,VN,1381,VN 1381,Dalat,DLI,Lien Khuong Airport,,Nha Trang,CXR,Cam Ranh International Airport,Terminal 1,2026-09-18T07:20,2026-09-18T13:35,6h 15m,1,False,2955645,34878,2990523,False,https://www.agoda.com/en-us/packages/book?cid=1753802&pk=A%3ADLI_20260918_G%3ANHA__1-0-0_ECO___1762154321&pt=AAAA.AAAADK2WBS6DrR5WxHYGPecaFryhHCTUrr8icAgY3O1Vyiu6Gr9PFhAb%2FsCxbrMFrsozCGvB96n%2FlfMZjmM6lt0%2FlyDg8ih4Ke6l2XBF%2BTsrnibt3gRECIFCv6EZmfLuqKs%2Bz2I8l4OajaY3aIXxN1cQ7Wyaq1q9S1pjDV8GBMc0fCQNEQoOXkwsntaS4MLKNbWp8z%2BffR17Sxaytj%2F4z5QrXOckLdhXkKpChNrZeheN6EDxZob9SZlswLoBTJptWnETLLEisIUwWBSEf1WRdjTrVi3Rg5eiL5YC9r3skZET%2FX5TstuuJ%2BIBMi%2BRWQj1EWJ92bswEXQt3J%2FITHV60v%2BsXPt1Kv4B7ihcGaPj2ShLf4S%2FgDMd&ptyp=4
1039003651,A:DLI_20260918_G:NHA__1-0-0_ECO___882154648,2026-09-18,Economy,Vietnam Airlines,VN,6171,VN 6171,Dalat,DLI,Lien Khuong Airport,,Nha Trang,CXR,Cam Ranh International Airport,Terminal 1,2026-09-18T08:30,2026-09-18T13:35,5h 5m,1,False,2959866,34928,2994794,False,https://www.agoda.com/en-us/packages/book?cid=1753802&pk=A%3ADLI_20260918_G%3ANHA__1-0-0_ECO___882154648&pt=AAAA.AAAADEY5mVXecq7MinAvmEy2ytiA1HugWO%2FA%2Fgu3NQmYx%2ByK%2BmZwWmS2839G5%2BJba43hplppA8Daik9UnpJMQvDlU%2BGV7xAyvH0JFRtHWkVP1ZEpYMeyTy5MRUdSBm5jNDfRV2lKFv%2BqmbhBzPNXa4Eda6PPd4oZoHNQoVTVynd1nHpmzbjKqsQYHrvF25Xde8HzFPXiXXq%2Bz8kWV3ygULxh%2BSPofzGApYwieOfDIW0n%2FscwfqGo7%2FFE7X5647JJkaBqbZzTVcgb1GmbTbuLQSFH4NfU2MmL2vYrnOUG1%2BfiFjRsTJ%2BgjNTsBGEN5DPWHxnp%2BC1UHNW%2FR3uDOCzmY2bATpImRk9Iw0BS5Uxz2sQU9RHTZSnWBmg%3D&ptyp=4
205715463,A:DLI_20260918_G:NHA__1-0-0_ECO___439981227,2026-09-18,Economy,Vietnam Airlines,VN,1381,VN 1381,Dalat,DLI,Lien Khuong Airport,,Nha Trang,CXR,Cam Ranh International Airport,Terminal 1,2026-09-18T07:20,2026-09-18T14:05,6h 45m,1,False,2978066,35142,3013208,False,https://www.agoda.com/en-us/packages/book?cid=1753802&pk=A%3ADLI_20260918_G%3ANHA__1-0-0_ECO___439981227&pt=AAAA.AAAADP82hdFgr8Aqhv0iTC9LSq7mBiyClbogbA43UM0MW1qYm5nWdEsDumMmWl2NjMLgkzLjf072Rq%2BaGI%2FetCwjFb%2F5QeYlZ0IMGi7YmafNZhIRIiqwa62jDQpK1xYzesmfsdyOZiY57NzPZO6D9dp2Q8iKy6jMRSCvaIscPj0W7eIgGpFxqzCFjRtD6YfRT3%2ForanB7t67NtwIb%2BkMLLY2sleuF3r7YHS9Ws5e6tMa7qqLjZCzFyJ4wJadj0fdaoPKjSNROUyWNHgp3Rk2OHIU9%2B26QD7t%2FzlqN8ptM4LUmHGe%2BYt4ju9oTpXOziSUTTwX6iMyW%2BzucXMN8ydoWDVRFpF0JRvNaAzYMmYRwRthbxu%2Bmg%3D%3D&ptyp=4
1919392822,A:DLI_20260918_G:NHA__1-0-0_ECO___358137640,2026-09-18,Economy,Vietnam Airlines,VN,6171,VN 6171,Dalat,DLI,Lien Khuong Airport,,Nha Trang,CXR,Cam Ranh International Airport,Terminal 1,2026-09-18T08:30,2026-09-18T14:05,5h 35m,1,False,3101515,36599,3138114,False,https://www.agoda.com/en-us/packages/book?cid=1753802&pk=A%3ADLI_20260918_G%3ANHA__1-0-0_ECO___358137640&pt=AAAA.AAAADK7jo479YpaGFGJDCDEaZFAUOOrBqSwlabQIsUTKGFjbsRIc6xDZdc8JmGX7NClk%2BbTaXtV6C9tFpttf%2BJ5Q9l7SrV74KowMXauZvRoPHrf%2Fnocdbb9wi23W3w%2BY3VDvvGPAenenrMVnLwh1GEdJLM6xw9dyQPwc5rspBU%2BbtLoFdBaWHJsD4tBCll3PhrX2mFtL%2FapyzrpijeFwBOSjpyg5Yn80mJXveN43p%2BSLgduF65AXlzDXDZHD248yD5aHAe%2BSXS0Wge5vw3CtdmZU7pZFsi5OI68%2F3%2BisOzsgt7dxKfciTbHvSqspTuzSxI%2BDb54bvVnAr0OIwlV4OhSrVhWoFVRVyF628LfAK64og1HC9s0nDZ8%3D&ptyp=4
672389453,A:DLI_20260918_G:NHA__1-0-0_ECO___3196357,2026-09-18,Economy,Vietnam Airlines,VN,7389,VN 7389,Dalat,DLI,Lien Khuong Airport,,Nha Trang,CXR,Cam Ranh International Airport,Terminal 1,2026-09-18T15:40,2026-09-18T20:20,4h 40m,1,False,3695282,43606,3738888,False,https://www.agoda.com/en-us/packages/book?cid=1753802&pk=A%3ADLI_20260918_G%3ANHA__1-0-0_ECO___3196357&pt=AAAA.AAAADCPN1nmZjLRzsIKGWARFeEG5gpvhyA0UkJgaITsjE6lOoQ3PHc5m1yKBWe75SlDq9K3sp4mYIqC%2FBWZBXfAPX7IIxYKajE97PxRh3AdvpNpJfCRF%2F47UPQVdwxMfOR72t9vWoHCFDPnjEVi%2B%2BgFB2zo3dIHDrIM%2BYmgV7PgvF54ds9%2Bbfi1fpy6ajkPfv2Oby1PceH5ko946h9g3yorQWblBQYDevBNSwycKsbLq5QhRbHJBwDLdWLxzNiOI1jQ0Avz4CdzksgjL8HCvsiFwsBTevBFV82abtF251px9CZZpVPBoyGMe%2FrsYkL1FXHagud%2BrGNjJkSTH3aFtrWFCqRq4WG4I1M6%2Fhq0Fh4t0JloTFSU%3D&ptyp=4
305923549,A:DLI_20260918_G:NHA__1-0-0_ECO___1035082901,2026-09-18,Economy,Vietnam Airlines,VN,1387,VN 1387,Dalat,DLI,Lien Khuong Airport,,Nha Trang,CXR,Cam Ranh International Airport,,2026-09-18T19:00,2026-09-19T12:50,17h 50m,1,False,4092006,48287,4140293,False,https://www.agoda.com/en-us/packages/book?cid=1753802&pk=A%3ADLI_20260918_G%3ANHA__1-0-0_ECO___1035082901&pt=AAAA.AAAADF7nEPRv55T2IT1Kox3ydA%2BSI4TJfyaR5v2smVqomoll7rwLT8fDkoGaVSj6%2BwpiXF2ApbZ6BL%2BssB6AbizaJEYkD2SlrgkR2FVH9CDOfw98HeZeUbeSHjVT%2FqwrWLuhxfRYbvU80fZjwKOpzOQWtLF%2BPfSALoFndLed4SG72QquZ%2FZngxPTeJIdUCVt9FAC5lCWcEh9GtksvsZzOsvKhhhj1YGmr4yKfCGIk6pLBQcG2erWUM1xvAVaEAOy3YnR9bCbsw4%2BuWd5KTFn5Av%2FsL07eYoXrhx0xUKSZs4UbrD7b50pcPJMyeHVu%2BDalO%2BBzSnj3%2FZVinoXY%2BsCAeR1KECPCQrOzfZLeFpLWgKmC9pd6jGT&ptyp=4
1972218972,A:DLI_20260918_G:NHA__1-0-0_ECO___2098594418,2026-09-18,Economy,Vietnam Airlines,VN,1387,VN 1387,Dalat,DLI,Lien Khuong Airport,,Nha Trang,CXR,Cam Ranh International Airport,Terminal 1,2026-09-18T19:00,2026-09-19T14:05,19h 5m,1,False,4092006,48287,4140293,False,https://www.agoda.com/en-us/packages/book?cid=1753802&pk=A%3ADLI_20260918_G%3ANHA__1-0-0_ECO___2098594418&pt=AAAA.AAAADL6NidUXJPY9IQsGoxTb6c%2FBoPwj%2BASnfz%2FFkM8t172SSBHWZtMyWyhwxBDS0%2F1MPR08Gnq1KfEDGwmd9QdVRvm4kiwKbJtbeodOX%2Bbo%2B3DobFJEg7k7Z0cDRl9vq7QfbktRW6tGbn6fDpm3Rf5ITOhDMXM77HwB9ziypuOaD4iByOp3EYEbWvduEhYSv%2FKuP3lm0oe36hbrMPisUv7BvyPcDu1uCre6xRpSjUmPnLOSvmwJn0azsYarO769WOqkAVz6a8ypvv8nFodB2jrKltmKM9oeFKRjP075cox2M70A%2BCTYdPeudxWsBrN44Z6BZyGYoBHEbH7Xvh%2FT8F24sVctkC81nubHKCcaJp%2FriOy%2BCvsi&ptyp=4
918730453,A:DLI_20260918_G:NHA__1-0-0_ECO___1195580380,2026-09-18,Economy,Vietnam Airlines,VN,6171,VN 6171,Dalat,DLI,Lien Khuong Airport,,Nha Trang,CXR,Cam Ranh International Airport,,2026-09-18T08:30,2026-09-18T20:20,11h 50m,1,False,4516426,53296,4569722,False,https://www.agoda.com/en-us/packages/book?cid=1753802&pk=A%3ADLI_20260918_G%3ANHA__1-0-0_ECO___1195580380&pt=AAAA.AAAADMc0fLZzwdVcy0C2N7IZmYhNMiKt0K03EKPKsAjEQaqSofheHwyzODXd7EO52sC4%2Fl0CTYtSUHz6fC0MEZWCtwRupVzt3VnvEy0kGvtknTATxnCHK6dInQzXTR6rxapPHqeiuAogBNqknqHFkSGcmfFzHtYaFNGq6Y6zU8byeuKtIrOmA39bA4PcYcNIp7hIwgZ9J2zr%2FG4k8b%2B1RaVww%2F9hgFv9FAPzn7eR3npNrLE0ckKmcT6SfrQ%2FWWWfoya6EI%2FqCnC4q5y0RaCrLLWqokSvM7Usdf9R9bjuAqyfkEqCmW9HoWsP%2B5pN0ZjOmM9gHUAR%2FwWZtCIt0XZnPeg0shuhNozZHethRKo7chpOm5dXVFG7k2E%3D&ptyp=4
384164048,A:DLI_20260918_G:NHA__1-0-0_ECO___2034250739,2026-09-18,Economy,Vietnam Airlines,VN,1381,VN 1381,Dalat,DLI,Lien Khuong Airport,,Nha Trang,CXR,Cam Ranh International Airport,,2026-09-18T07:20,2026-09-18T20:20,13h 0m,1,False,4531725,53476,4585201,False,https://www.agoda.com/en-us/packages/book?cid=1753802&pk=A%3ADLI_20260918_G%3ANHA__1-0-0_ECO___2034250739&pt=AAAA.AAAADA3L%2FZqpvvDCPH0obmdYMCqJn%2FEXX88DV15tZNXyNlro82Y%2FWX3ig6sr7IY7sQCww0GoHVRgGsVGUPTTuARYN%2FYErtL7w1GKB4%2FM7N4NfSgtInrfFsFc41m6MFNLPABj7sR1z6ElzFxXZOerNGCm5hZdfEoho3ViknPbA6K5DYfAKxzH6l0p5p4WlgHB%2BMZWXxLN8UmK%2B6LPxJErcgUCFiAGJ05NmERl7fAwSzj1MKyX7aDFHGkoDim56CZ%2BFc6ZXHrmsOH1XzH7hJ5NM0aOQDUEOBgjaUFvKltiwX3P2Rd50PS%2BjbvHo7HjW6pVD4kxXktCJWI3%2F4JcOqiivtQDQxAh8sip2HrXGUJk8S0LVXO2HQ%3D%3D&ptyp=4
449217439,A:DLI_20260918_G:NHA__1-0-0_ECO___306679374,2026-09-18,Economy,Vietnam Airlines,VN,1387,VN 1387,Dalat,DLI,Lien Khuong Airport,,Nha Trang,CXR,Cam Ranh International Airport,Terminal 1,2026-09-18T19:00,2026-09-19T10:10,15h 10m,1,False,4654119,54920,4709039,False,https://www.agoda.com/en-us/packages/book?cid=1753802&pk=A%3ADLI_20260918_G%3ANHA__1-0-0_ECO___306679374&pt=AAAA.AAAADFcKJ6eO5Lsoam9nAr%2Ba86sKh%2Bhuri3liMjIpGcL4RDjaL9mL8DeMarYzizX6NGr9mulC3XA%2Bcup4oWtPBm67NZeQ4i0cgVPCf4HITXSPJTXN5%2FWlrBYH6Mbo3v7cnmqf6%2B2Tng6J%2B1ust%2BxfmEhUksQ%2FmpluF2Gm33V0PhksnYYe%2BT3JFQVkYes0vUph2SuIF6QqVW0rxCSF5kE%2BpB5DS2zPOTh8P9hyfd2iyfZR2xXsHF4I1fgUmOByeGuPN9px6ys%2BE5DQEArjmRk6vjF0X5ncWXcX6f2ufTJQyr294y0o%2BZ2Tz03k%2FG7FhUHTihWN6T2j3%2Bu1V2RydpOwptvXnfOgHSnThfMxa6l6mnNA9ZDrWM%3D&ptyp=4
945206985,A:DLI_20260918_G:NHA__1-0-0_ECO___1507358168,2026-09-18,Economy,Vietnam Airlines,VN,6171,VN 6171,Dalat,DLI,Lien Khuong Airport,,Nha Trang,CXR,Cam Ranh International Airport,Terminal 1,2026-09-18T08:30,2026-09-19T10:10,25h 40m,1,False,4686036,55297,4741333,False,https://www.agoda.com/en-us/packages/book?cid=1753802&pk=A%3ADLI_20260918_G%3ANHA__1-0-0_ECO___1507358168&pt=AAAA.AAAADCDrljDl56EL3uDMQgn1frGPlk02fe%2BKfZnQkVvuJMIM4v4OordvWjgn6Ba3pTImFKAFFJLE5hTAxRwl2cjDCCbUdTnFPBU3hhKu02Y%2FvcL0OjjnJWFWg5zTNRNd%2Fye12X7eF1O3UATrIQ6CiCETO9flAcaq0hiCiJIckg8B3h7EGak4Z4o8HPlYDTOga81CCwgkUrMHfXLWvDrh2c9LQRDl%2FRwGEiHDb%2FRUMc2NF261zLow8vIC1yUz2qD57QNNOME3WY9tB3q9%2FCIw6P9BDEhuVRgh8rufB9hNoQGCE7v5bHqCzMJrIC4Fnlzm5gktFV%2BRyYc%2BqUcGmV9G9VptaQrErdrzqaNmDX6xm1vV%2BtL4msot&ptyp=4
1809552590,A:DLI_20260918_G:NHA__1-0-0_ECO___1062532097,2026-09-18,Economy,Vietnam Airlines,VN,7389,VN 7389,Dalat,DLI,Lien Khuong Airport,,Nha Trang,CXR,Cam Ranh International Airport,,2026-09-18T15:40,2026-09-19T12:50,21h 10m,1,False,4795768,56592,4852360,False,https://www.agoda.com/en-us/packages/book?cid=1753802&pk=A%3ADLI_20260918_G%3ANHA__1-0-0_ECO___1062532097&pt=AAAA.AAAADDExD9AstfU8ejfEbrzRZgbb9VTG98lexzv0O%2Fmhs5bBQiKV8o8dOXPxDa%2Fn%2FD3j7n1X0Y8%2FrVqkQE8Yzu0tYvWrv2AdeGYvGn7ebdAURygl3b%2B7v146RVGwCopi4%2FEHi6ZxFM59l1%2BjPmEnvcJlX8S5AVg2hRhQCMcqxMW85Eu9ScNl3sXqqH%2B8JkfWlaMeSxCc34HVnpkii7B4MoJFHJptLdKWxKa1HAwV%2FdRJCChRchBHNJHHwspO3PYHM88yHC00XLlgXNP4Dde2JKvab9wjPDIHy1weObGuRPFEiG5ihHfTDAn4LOcCJYXx35OyhA7IgpS9uGycLwAS5tGQIB35G08enZdfMswUfAZWGBA6%2Bwt9y7a5&ptyp=4
1476118240,A:DLI_20260918_G:NHA__1-0-0_ECO___616847849,2026-09-18,Economy,Vietnam Airlines,VN,7389,VN 7389,Dalat,DLI,Lien Khuong Airport,,Nha Trang,CXR,Cam Ranh International Airport,Terminal 1,2026-09-18T15:40,2026-09-19T14:05,22h 25m,1,False,4795768,56592,4852360,False,https://www.agoda.com/en-us/packages/book?cid=1753802&pk=A%3ADLI_20260918_G%3ANHA__1-0-0_ECO___616847849&pt=AAAA.AAAADOKEYqkBHRSPJ1G1MJH%2BmuZ7LDmNIaFunCR4JfY%2BfcLMgerL3%2FbvWgkrO0A8x0QwZz%2Bp1wCra8C7eAf099f%2B3KPlwjf8YbF6wtsczrd%2FyNGqBaOoi9ETGoLqI3DoEQn5S9dbOTVPmA2ksJjsSB4kyUC7NPFUSZGj6TCuFLqptSPSQs%2BYk3It3%2F92PoZMc%2F5tNJ%2F1qUmcq%2BFmsj3m0lAGALvD26SqEoYRY8zsq75wt1ZLtKGt21460ltKDUzK8glrfdsxTgwR01jZUX7u3pQRqGRCWXL95EKV8IeIFe1yLdpcyHOiBK1fgjNx7FPOVVV4mwTMkofk4dVW2Ze2zMpglZdfhtW%2FTJ6NNeF4yrMH2ByXDTH9Zw8%3D&ptyp=4
1718841988,A:DLI_20260918_G:NHA__1-0-0_ECO___1171464550,2026-09-18,Economy,Vietnam Airlines,VN,7578,VN 7578,Dalat,DLI,Lien Khuong Airport,,Nha Trang,CXR,Cam Ranh International Airport,Terminal 1,2026-09-18T11:15,2026-09-18T18:30,7h 15m,1,False,5416090,9021,5425111,False,https://www.agoda.com/en-us/packages/book?cid=1753802&pk=A%3ADLI_20260918_G%3ANHA__1-0-0_ECO___1171464550&pt=AAAA.AAAADJjqWkcAXQr0KrhMzK%2Fc%2BUBnDwQRf4sQ0%2FOpAJCVUYXUI7e6FFJrxz2Cw8xwb5T%2BIOtI1Y7W%2BJmbF0M8Gtxy0HTT2rZ%2F2kHCPcfVKIY7OAsf%2FNxMdVm%2FRzDeHhWP3aP%2BdVtErwlKhI85rSM5ZzO8qduX3kGStdqZCXk9BjHgQOR20FO960BPQCAsok3NV5YTXyercmDI%2FuHleZtoyc9JE2l9uuOjUUC9zs9Hd4EDG58sjNqot58BSAKvHYSbJlpFj8LhiXosinrQCKwP0BiAxzGEnB3x4d5Vy9wVubw3ZV0vlU5PgECc0ZnP7tZjaoz6nqOgJ90Jm0MTPQRm%2BslEdtWYhnQfvgHvtZig2%2BHgwNBwbyEm3P0%3D&ptyp=4
619950680,A:DLI_20260918_G:NHA__1-0-0_ECO___1768678778,2026-09-18,Economy,Vietnam Airlines,VN,7389,VN 7389,Dalat,DLI,Lien Khuong Airport,,Nha Trang,CXR,Cam Ranh International Airport,Terminal 1,2026-09-18T15:40,2026-09-19T10:10,18h 30m,1,False,5416090,9021,5425111,False,https://www.agoda.com/en-us/packages/book?cid=1753802&pk=A%3ADLI_20260918_G%3ANHA__1-0-0_ECO___1768678778&pt=AAAA.AAAADG7ak%2FrHKim3tbAenhkqvo7rAsEm9GsOGPnayy4Pal8fMsY6VIpV06yoFtzLZcn9K6hF4Uwnytc40%2BO8CT474PZ4a%2BQmPPFEx9%2BFGy%2BpG5VwCF7m1Iv7rLqBwPbEE%2BbT86c%2BqkSD8Ou%2BXEuhBuNTFI4q6yNN%2BGc6Dphv6Nt654zHj9auDWxqdsoJVGLrTn%2BKML9W%2B%2BVVMnWMpPF%2B%2F66R4%2F3iX5CqPATli53wxhJUHEL3Rh%2BWQCl7uWBpB047jHJWyaQ4uuoJhd7mB%2BfYf%2BUVYNoRfFZRnZom4N98qiw4u%2BzDcIRir%2Bvxa%2FckToH0ir5xSB8Ly0Y7mHHOITsrqnhDld2Z85aEF5Yr7QXK6tn9ixY2CHVIMEc%3D&ptyp=4
1696306149,A:DLI_20260918_G:NHA__1-0-0_ECO___2082953396,2026-09-18,Economy,Vietnam Airlines,VN,6171,VN 6171,Dalat,DLI,Lien Khuong Airport,,Nha Trang,CXR,Cam Ranh International Airport,Terminal 1,2026-09-18T08:30,2026-09-19T08:05,23h 35m,1,False,6353720,10582,6364302,False,https://www.agoda.com/en-us/packages/book?cid=1753802&pk=A%3ADLI_20260918_G%3ANHA__1-0-0_ECO___2082953396&pt=AAAA.AAAADC%2B3EGoUCoPkaBl7sUti%2FADb03XtH1XGPI4BLTGKq3r5pgz%2BebkgcDiFh5MDx3TYgUjlJohRNo5KZ8o3gyAqXkTTE6fYeQGkM6pgjGUqcd9Y%2FZPEUU1Z0MQOs%2F5EL5ImiQ76K%2FdOXKuCISxJgTQEIOnjYKQRw3PB2yRdArshhZKAANAkALYkhAla2iL8QEIiWc34Ezd%2FdG1ukRGYBPo4zujZONsOj9vQlHXuk2iOhNKb91PKKCfEd672EjWKc6j1FNXoVW66VO%2B%2B9q%2Fuzah51%2B0eaSrfLt0GLFq8oOHs7xT8cDher5k%2BAQ10IMpZzMV2TS7dtezmkecmGNijm1EuIa7UM0Ax9AioZa8LbGHr6dc7Hg%3D%3D&ptyp=4
1232118382,A:DLI_20260918_G:NHA__1-0-0_ECO___1989109771,2026-09-18,Economy,Vietnam Airlines,VN,1383,VN 1383,Dalat,DLI,Lien Khuong Airport,,Nha Trang,CXR,Cam Ranh International Airport,,2026-09-18T11:50,2026-09-19T12:50,25h 0m,1,False,6490142,10810,6500952,False,https://www.agoda.com/en-us/packages/book?cid=1753802&pk=A%3ADLI_20260918_G%3ANHA__1-0-0_ECO___1989109771&pt=AAAA.AAAADGqiLeCSgxb%2Bf%2BO4oGwGDzZPsZD2W%2FJNpmNCnmgis8%2BUPkfF%2FeQvIklWcXQoBMfXRhEcIvbZjkEhWjjl2usmqWfW7RIZxm2wQtKljUzZ9PGCQ6KSy8oQy1oM3t48rt%2Fqz38ui3odExc1BG7WdnV10jsTCXItgyvIUsU4H4n59j8Frx%2FCFb84DHQgcrLb3mp%2BteyBDNBP3ggABcK6CycErkZGm1OoGVKfl0lXlWsWyNGgAlP2el33VSqAapvBOjFgYSpTs26l%2Bpue%2FJWpB2kcgEcorJtqEzrd5fNHv3dOdGuJzjqIutMMUduy3r0o%2B727fPZp9zJzMuE4nu43D2UlQYevvakETZGnXxGOcuIUml5ycl5sCQ%3D%3D&ptyp=4
83318360,A:DLI_20260918_G:NHA__1-0-0_ECO___321846037,2026-09-18,Economy,Vietnam Airlines,VN,7389,VN 7389,Dalat,DLI,Lien Khuong Airport,,Nha Trang,CXR,Cam Ranh International Airport,Terminal 1,2026-09-18T15:40,2026-09-19T08:05,16h 25m,1,False,6499201,10825,6510026,False,https://www.agoda.com/en-us/packages/book?cid=1753802&pk=A%3ADLI_20260918_G%3ANHA__1-0-0_ECO___321846037&pt=AAAA.AAAADBprfCpgz5zaO9TAaFRpXly7cKhGHzx0HceE32ZB6ome1RB0xBfiidVHOcBpT%2FvU1%2BW64sFok3ObarQGDb2iDkvpz8%2BUGjp%2Ff%2B9hkUfdqypdgXSId3X0DT601yeNuAYvhlmdpdAvRl2bSIo5YAmHjAGDcgIZINwSku3yCM31DeZeJ82sX%2B31M5qqP6UaKtWctd9w23HPjU7mvyi1DVYJZzD2mf1TlvQBXcjZHzrUV2OCG39kjabE%2FFEaYx5Jt5LYKG%2B86eSia4cVMj39WPFyxmtc5E0OsIECfDc4sp1HvDpioKR9qdUgnTLhcsHOvHsfD%2FU3tEJ15XT8hA19kV7cHyAk%2Bsbx75q9caR5OUNHO%2F0%3D&ptyp=4
793205168,A:DLI_20260918_A:PQC__1-0-0_ECO___1005210926,2026-09-18,Economy,Vietnam Airlines,VN,1381,VN 1381,Dalat,DLI,Lien Khuong Airport,,Phu Quoc Island,PQC,Phu Quoc International Airport,Terminal D,2026-09-18T07:20,2026-09-18T16:30,9h 10m,1,False,2916168,43395,2959563,False,https://www.agoda.com/en-us/packages/book?cid=1753802&pk=A%3ADLI_20260918_A%3APQC__1-0-0_ECO___1005210926&pt=AAAA.AAAADMtZvhJexDIT0xN4%2F9n%2FqlIzl4J%2Fno6xmiYgmhJ0usxMEKTk33QLY20P3aPpo5ZxcyhQDLXus53KvtUXAzJDw6FoCBEevg0tYFmn2alEQvqsqalxgpQezM8oF1h%2BjRBXa36ryRtCGhc3N5%2BlBWTXMaRkzG5LYLh8LXM%2FLvZ%2BiIdSMiIiSI082F1RVSUpl9CpE9g2n9La0nqr%2BRoqIsfVVyI5PdE9k3iIS9q3N6HxzUsCwT0DCgZOS%2F95VP9EoCkQ%2FmWAE8EN3Fh3GPVO9KDBwOtsPbRxi517IJaI4f9lAAZfxuz3GSXKXcppF69zVuiJiujH92O0IVaQUFxn372Xr0rgNQBEEzv2b7F4iqjW5hg2iVvIGra%2BR0Cn&ptyp=4
2139254716,A:DLI_20260918_A:PQC__1-0-0_ECO___778791301,2026-09-18,Economy,Vietnam Airlines,VN,6171,VN 6171,Dalat,DLI,Lien Khuong Airport,,Phu Quoc Island,PQC,Phu Quoc International Airport,Terminal D,2026-09-18T08:30,2026-09-19T09:00,24h 30m,1,False,2916168,43395,2959563,False,https://www.agoda.com/en-us/packages/book?cid=1753802&pk=A%3ADLI_20260918_A%3APQC__1-0-0_ECO___778791301&pt=AAAA.AAAADEx7UA5JuZcwtdDHUb7yxyqdJFriPNIbZyyOh5EkZdntn0yHgJEobvK8NFN3F9qZ%2BErsbH27yyPtu%2FusTaU8x8U%2FVsItHziAj2mmFMI74oG6DWI3y4fw0h%2B9TEnoiZnH90stKswZ4rKKp8UWHXQe6aK12Q7aMATcOu81OSo117DaC8NTc0YLPjI9wPvOwwqobv0dwXoKbYDQkkEurSlGxxoNM1ak3Fiam2HLnUZeRd%2BydPXxhfWi7qL21ElZWJFT7a8WxJhYGz8939s8bPUUzGhUwg8%2BoUDQS0R8nxJwUNrp902z2Tcowz6wTPxoJv%2BdYXjrPw1NLrnLJJqy5%2Bej0Tc%2BVpN7Ko9Y4VHlKYg4FwZH1iYiz%2BzXhyE%3D&ptyp=4
1588472254,A:DLI_20260918_A:PQC__1-0-0_ECO___1222239505,2026-09-18,Economy,Vietnam Airlines,VN,1381,VN 1381,Dalat,DLI,Lien Khuong Airport,,Phu Quoc Island,PQC,Phu Quoc International Airport,Terminal D,2026-09-18T07:20,2026-09-19T09:00,25h 40m,1,False,2936781,28654,2965435,False,https://www.agoda.com/en-us/packages/book?cid=1753802&pk=A%3ADLI_20260918_A%3APQC__1-0-0_ECO___1222239505&pt=AAAA.AAAADKf22jA11t7LjsGQw%2FNgF6z0b4BcnLyKV3LGNPlJ2ZiUnCi8g5khBMUTq99Qc4%2F26Lylwx1wUxYFdo2Sdp6%2BWRyj9Nos1kLYC3xodld0zMPzWIL6UF1Us0qzdkV3sT3uzjiAHzPDUh3auKvJwEkCtsRHxBQzh1ujSfEKMMi3MqgGWnhEkJyrlRMp61tZborhtz%2Fd28%2Fq8FLZMae0%2FFTUJSJ1OH%2BEi96Ba%2Fa0NYak6pyJkwvdA7qRdICFfnHqxM8Y50ZlY3%2FacvJCFBfzuEqvk%2BPhP8LiYrQw0TgVDmgheVr7AdHa7h7qOB5ev%2BiclRRx4h1zIgvnSNt1hzDh63aZAQjrH%2BnP71eI0%2BP3jD2BsSlJNeYSy9j%2BloObKw%3D%3D&ptyp=4
82254398,A:DLI_20260918_A:PQC__1-0-0_ECO___1692981054,2026-09-18,Economy,Vietnam Airlines,VN,1383,VN 1383,Dalat,DLI,Lien Khuong Airport,,Phu Quoc Island,PQC,Phu Quoc International Airport,Terminal D,2026-09-18T11:50,2026-09-18T16:30,4h 40m,1,False,2965855,28938,2994793,False,https://www.agoda.com/en-us/packages/book?cid=1753802&pk=A%3ADLI_20260918_A%3APQC__1-0-0_ECO___1692981054&pt=AAAA.AAAADH1gLuBz2PvgnYuCuatOyQY80mIoD79EcAr6r4Xl%2FHVyYDtNijLdccyn8lxGaXrgeiFUHDlWfPlJTKSgmTsUCcBVpHAi4m2yNSEu6FLZI5LazyiMBZu9sCMZwk5i8%2BNL4UBl67S%2BRaj5QJbBtLD%2FmbiXTOP6iiHZ6j4UypNnEVK7WBdtVuzwM8mmNZmGgdQt1RaXL%2BN1Wg6Ds9ss3z1Ceg4%2BVGZJG%2FrvoyPdK5IAThWZj4kHk2LmCFNMFsKSnmNvWj9fq6eLqwtyq%2FGWsQ6iXuWXNKn4Y7TGGBsmgO0QPuX%2B1aV2pF8udVX8wGhzyWiidhfaPe0SRJzYegrep1OtN4r5fo7DXN509BQ4%2B%2FY1jQalNMjYAi%2F8OVd%2F&ptyp=4
1417266498,A:DLI_20260918_A:PQC__1-0-0_ECO___641419779,2026-09-18,Economy,Vietnam Airlines,VN,6171,VN 6171,Dalat,DLI,Lien Khuong Airport,,Phu Quoc Island,PQC,Phu Quoc International Airport,Terminal D,2026-09-18T08:30,2026-09-18T16:30,8h 0m,1,False,2965855,28938,2994793,False,https://www.agoda.com/en-us/packages/book?cid=1753802&pk=A%3ADLI_20260918_A%3APQC__1-0-0_ECO___641419779&pt=AAAA.AAAADFNop7Nf3yV34sJu8zitPceUGqN%2Bxv3rt1Hquv2K7fxgwBlenkens1%2BXW3JAbwO0RMf4SLom0kaBy2xOv%2FUcfB21To%2FI6i73nigzGFPcGCiBNGQGDJ9XYNDS5E64k3LGxaZRJIEev5ZEsIhbZAl8gkipX8U1vkuYua3ZZL715r0C6nOSxjC9ghQbK8n0IEjwvyNJjE1cTVRhh4gETiiSoWeCp7UAtz47e87wStULqSlnmgfseXB8saa4va2sO%2BNpekqYy%2BC%2FubxR%2FxQLixZR%2BFmORTGu0e5CTl0cErzlzZ4%2FrhHLXc0iXCznEmbmDAzQxUdj%2BDc2XIwvCT2%2FVSSBgEoMkvcfOq3bGRH7F0RHz3sXA2qUaHb5jAw1awA%3D&ptyp=4
1591514645,A:DLI_20260918_A:PQC__1-0-0_ECO___276151250,2026-09-18,Economy,Vietnam Airlines,VN,1387,VN 1387,Dalat,DLI,Lien Khuong Airport,,Phu Quoc Island,PQC,Phu Quoc International Airport,Terminal D,2026-09-18T19:00,2026-09-19T09:00,14h 0m,1,False,2965855,28938,2994793,False,https://www.agoda.com/en-us/packages/book?cid=1753802&pk=A%3ADLI_20260918_A%3APQC__1-0-0_ECO___276151250&pt=AAAA.AAAADLM3cWCVHB6zQtKf4HL%2FPeCMEQCgGU6bP4etSMydY19wT3lHLqtC9hElF1r9OJo1WCO%2Ftu9bp8sAWINdyLkgJI4poAV8a3ugDD8WLHpeXX4eVwOLSogy%2Be%2BqzWxNONd7DkwizLCC%2FnIz4I7UoYWwJuKc%2Fq8s0NM27iyknJl24FjgugXC5wNy%2FZiaIiVpq2O8Km%2BC4LrRT0CGzGZKOamUahp6u0acpXJpftD2ukjwpl0WkNp%2FVfIg48aaBDEMtdwCz3%2FxFeSoNXhHXmZZ1eq%2F%2FmC3xl3Tgs54clgYQfZGbFW%2FZUDo3JWyQx8Y2A90k%2F49mAwmlG0%2FOVCcGnzhAxpdqLs2z9fdKENPgV34yUDtGokmb22Ih6XTYxrLWeA%3D&ptyp=4
1443795795,A:DLI_20260918_A:PQC__1-0-0_ECO___63027491,2026-09-18,Economy,Vietnam Airlines,VN,1387,VN 1387,Dalat,DLI,Lien Khuong Airport,,Phu Quoc Island,PQC,Phu Quoc International Airport,Terminal D,2026-09-18T19:00,2026-09-19T11:25,16h 25m,1,False,2965855,28938,2994793,False,https://www.agoda.com/en-us/packages/book?cid=1753802&pk=A%3ADLI_20260918_A%3APQC__1-0-0_ECO___63027491&pt=AAAA.AAAADMKusaeb%2FV3ZWUo%2F6y5%2F368YH2uFCXQHoeHsyTqDO7MmlYNz9barNZZ7leV9K7o8wQEepiF%2BZVaGs%2Fx8UGRSUaQ1jX%2FuvPLPVAProdTDaFYLAwZiSg%2FE%2FhGf6VwrRHY19wN9yC0dNOw9ZKZzCG9HvXxQlcPvYZ54EuVPaN6dpPKOumC2DW5BTZl78xc%2BW%2F0r%2BMh2mMdiiwI55ZWgt7MKkC3eYBo5Fwpdd9Fngd1RGkXXI7OJ%2FhW3F%2FgNCSEEdPCOtOHshKBkVKok2H%2BE1zd6PX5yZdI61lVueADjPLyHNiFsmwe0uubjpSdkIVzKOKWut%2BpWfVejupCw4gAQl3aDYXCu192BjvpmBeqmLzByptJX77tv74lv0use&ptyp=4
293096695,A:DLI_20260918_A:PQC__1-0-0_ECO___259629463,2026-09-18,Economy,Vietnam Airlines,VN,1383,VN 1383,Dalat,DLI,Lien Khuong Airport,,Phu Quoc Island,PQC,Phu Quoc International Airport,Terminal D,2026-09-18T11:50,2026-09-19T09:00,21h 10m,1,False,2965855,28938,2994793,False,https://www.agoda.com/en-us/packages/book?cid=1753802&pk=A%3ADLI_20260918_A%3APQC__1-0-0_ECO___259629463&pt=AAAA.AAAADLTI%2FQ5cEZCKP79l%2FW7y8dVZKu7hHWEhM9tiZiFtEzBAE5Y%2Bzj3JQ1YSRtsBMH8PSjEUbRsYVy8bw%2FGynMVfgOTjuzD3IqFHorJJ1DlEWiozEMxJYAbJo2qAdiTJYywyOOhPSE566e4uF03ehwZgnQsiu7saVGV2wm%2FQP1T%2FWnIXQiZ7nqT5eybtQsjBque5F9%2Fh6NFdgtJ2vFaF4DxuwZ6FHW7zAnXJ0UDK2svCIwyKkxgYYmxpgIz0VfYcX1HHdPd1F8cJOg2apzpyU%2FNZec5uFsI3dXVcCY0%2F9OMRaKuZ0eziEKna1XZQceazIEZ589sQvmT9H31CZNWa6vkz6uL%2BJUTDIgsAF%2B%2FRR8KRpldQE6AKarG5ro4%3D&ptyp=4
1227047216,A:DLI_20260918_A:PQC__1-0-0_ECO___1535559837,2026-09-18,Economy,Vietnam Airlines,VN,1387,VN 1387,Dalat,DLI,Lien Khuong Airport,,Phu Quoc Island,PQC,Phu Quoc International Airport,Terminal D,2026-09-18T19:00,2026-09-19T16:30,21h 30m,1,False,2965855,28938,2994793,False,https://www.agoda.com/en-us/packages/book?cid=1753802&pk=A%3ADLI_20260918_A%3APQC__1-0-0_ECO___1535559837&pt=AAAA.AAAADC5AL5uGN1JNhcSM9f%2BOqr%2BhWCZZXtH2stywsLp4D%2Bq9%2BMfn0vk0aykoUBwnzOMcxhnD8yGNS8I6PZs8lR%2BPWz8IgWoO%2F3gwxJWDzaSWYK6W5HdI4s4lrwobXhitIDWjKAX9VbuaCv6msGcqLKGgfKtTj9npJiG3u0qWjwq1vrk7FCk70NrTcD%2B3uSH33hQCveR0ei3fvt5WOe1ttucWNIrKdpY%2BKLFJ4Wsd2cCNkJKdMBbFquxLSgg7aDd6yz1BhpQz7IdWR08znrJLAj%2F2KHlNGtr1PAcaKLL4ZTe7falK0jrDUIIZyiEpXyu%2BQjmFu1jSLmI0i98chdy%2F8w6MF5dhXc7h7nNGIjLJ6jGyESNdWrLHbdQGE105hx5X&ptyp=4
1654513343,A:DLI_20260918_A:PQC__1-0-0_ECO___573692769,2026-09-18,Economy,Vietnam Airlines,VN,1383,VN 1383,Dalat,DLI,Lien Khuong Airport,,Phu Quoc Island,PQC,Phu Quoc International Airport,Terminal D,2026-09-18T11:50,2026-09-19T11:25,23h 35m,1,False,2965855,28938,2994793,False,https://www.agoda.com/en-us/packages/book?cid=1753802&pk=A%3ADLI_20260918_A%3APQC__1-0-0_ECO___573692769&pt=AAAA.AAAADNgfO30cByV2xQmQ3S9fymwadhYmAnA7B7IUeNVqQpruzZ%2FvW7n8dqmfOwXrSk5bVl%2FVqScdV%2BEiQOoh98s6AEF185j4g13cMZ2xhtyQl4o0KX62%2ByCrfIhZJzCXKC%2FgfuTj%2BBLWgeO4R7NVNOb1mdLYPhpF4mZFPxgT5my2ppdMar1yELoKL6VdOTRaarP7lIEefPFWusufWAU1IF1saklCQhdwRkIkACyR%2FZ7qBhBHLGfwIKrHOioyooRcrMgMooXlsViLGkIAeKXuuq5V4K6QJsVV0deEMDyt2YDGSsMva3oSUYxkvG6Mc8CnXPxSjElffI4zGGLRXd0CZMLCGI0%2BlzVmsUTe0AJKR7wufkZw%2BsNhVgkAPxdI7Q%3D%3D&ptyp=4
843199519,A:DLI_20260918_A:PQC__1-0-0_ECO___1677118277,2026-09-18,Economy,VietJet Air,VJ,1363,VJ 1363,Dalat,DLI,Lien Khuong Airport,,Phu Quoc Island,PQC,Phu Quoc International Airport,Terminal D,2026-09-18T07:35,2026-09-18T12:20,4h 45m,1,False,3149487,0,3149487,False,https://www.agoda.com/en-us/packages/book?cid=1753802&pk=A%3ADLI_20260918_A%3APQC__1-0-0_ECO___1677118277&pt=AAAA.AAAADOCzNV8%2BYbMYP5Gynt%2BK8JLJbsZHNH7rn2NfWkpViIWrA8FOEXelKhJnBtcmPlOtwGhlRuvzvnK87%2BsaRq2Zdk99229GEFgDV9VoOzw1KAuavRss7i7AflaqSiKuLBW8j%2BkmNYqdHJDRCFLhd%2F4uznPx%2FkB2MgtKeGr99P443R8ZPWhhyxBZugqQ6fTp7lPF1uMkujqX6oaViWsQKTPckaW6peCjdZ99%2F%2Foi2%2FcPRca%2FmuvBPbZveJx5Zst6CTLwKEZ020TLONmPAgD79EukkLsbYeoY4ZYt9Hu3LO7dtie2ZAxMljPKTyTnlrXWEcxY4pdyTsWAGb6czXL3sUqtdLJ7Dl8AUjgyVS75YF2a%2FLKx3pHwvLggNYmczkEOiZhgXDp9%2Be62fItjA%2F10%2BHOwLYjF1%2F5ElQGX0uKvFR0NA7jq2USIB6JEfei0OOLjLB8D0mZJCCjY%2FoKpDFBoqyG97hisu2q2RB43o27NlCWiIiA%3D&ptyp=4
1373146762,A:DLI_20260918_A:PQC__1-0-0_ECO___1485842121,2026-09-18,Economy,Vietnam Airlines,VN,7389,VN 7389,Dalat,DLI,Lien Khuong Airport,,Phu Quoc Island,PQC,Phu Quoc International Airport,Terminal D,2026-09-18T15:40,2026-09-19T09:00,17h 20m,1,False,3675007,35857,3710864,False,https://www.agoda.com/en-us/packages/book?cid=1753802&pk=A%3ADLI_20260918_A%3APQC__1-0-0_ECO___1485842121&pt=AAAA.AAAADNQH%2BsujQZUvVd6C34mpK2IWMmsBwaZWuN9LkNPOYN9B9TZkiKFRJeZ46ieJx4fiqPztxLgVIme%2F%2BanBcV0VBacBJMqHIguhBj3WrKfrm7J1Vt3yT9frCIc%2FBTCmrXukzWVt9RsnE5W8sfciIfTU5%2BD%2F3PckpxlkkWKFiU4XfN%2BdJxUbbzirLWnNIfLB0lpWy%2BAnf5U1K6dnCEUqntq2qzQ%2FvIJkzOqiVvm5xB3lgWnkSiIkih47vzn%2B9QoZu8yXzvzubr9DGVvN8v2Gmhl48pZzMSmqcRg7Mx2erQo5Sj%2BRnkYnqnlCTC2Eg95z2DEmwuK%2FYYLcg7ybYEceSUNNWZjqlwH3ulmXPLO2LjJS0OQfSi2za5kGtJDCvlw%3D&ptyp=4
2105902085,A:DLI_20260918_A:PQC__1-0-0_ECO___1979753853,2026-09-18,Economy,Vietnam Airlines,VN,7389,VN 7389,Dalat,DLI,Lien Khuong Airport,,Phu Quoc Island,PQC,Phu Quoc International Airport,Terminal D,2026-09-18T15:40,2026-09-19T11:25,19h 45m,1,False,3675007,35857,3710864,False,https://www.agoda.com/en-us/packages/book?cid=1753802&pk=A%3ADLI_20260918_A%3APQC__1-0-0_ECO___1979753853&pt=AAAA.AAAADDszG%2F6QZeG8Kihc9brr6b9tBOy51BateaZPl1bh2KMXj3fXBp2C3UIV6uh0ET4XTAXpHG9yvdAfG3KjP5cJ8Hqjakkd3l5Cc8u5fxQbZEbyvMMc0%2Brl3pmkhyBKn8nhBgnGOpTZO4QLJ1OTDbH5HxtAUv5T30ZaVtb8%2FUelLlTWajHS9xUZchkQLs4cwRIc%2Fv%2BoUVTijzWjWyEMTpK3kL6OZCpV%2B%2Fi5TmvIH9q%2BDBYJf5zYi%2Bt2V5x6WsbwYY%2FA3dMbZ%2F9AkYzBmp%2BR6thlbCLqAkGRAvxwzGDHiDa9JfiSHoU75SJhJkxQmmi46Ad6Av5L87rUHS%2BQ5tYzfrjRGEYx9KjSDoZGNQoIHkXzemKw0RMdvsLMJAnJkQ%3D%3D&ptyp=4
1045642809,A:DLI_20260918_A:PQC__1-0-0_ECO___1621367775,2026-09-18,Economy,Vietnam Airlines,VN,7389,VN 7389,Dalat,DLI,Lien Khuong Airport,,Phu Quoc Island,PQC,Phu Quoc International Airport,Terminal D,2026-09-18T15:40,2026-09-19T16:30,24h 50m,1,False,3700117,36102,3736219,False,https://www.agoda.com/en-us/packages/book?cid=1753802&pk=A%3ADLI_20260918_A%3APQC__1-0-0_ECO___1621367775&pt=AAAA.AAAADI%2BgmSWPCG1RJzOe7CnZ3yZxeDzU9S%2BIMh5Uy3Z6mnmxELV00LATwOWPbFUvzCPnKRrsbEeb0iz6DEGTs8AXFS6%2BoeRkoe%2BgHqbxv1SQTOEyv53kSXgSj4SdIvHjQWfSNCHtRDQ0Znz6FqFWzm21OFfclHwrx6TKFptF68C5WyuSnKbLjBW9S0xa%2Fi5U1xn2cnm3z%2BZqqmBwGx2fSKve0WFmQ%2BR29GRUpdKvRQLf32VA4JwiA8r0eZrmvo2g94sVSgyad5GZV8sUrH6TZ3SPL8AOMcmGgj3eWuL3V3R2t8P6EuZqG1s8aI1H0lwpVLMy5w8OBbiZ70tAOLjq%2BcNTcALuMl9UPyFZjmKhRM5ZBTZaFY3an0LvLSuU6g%3D%3D&ptyp=4
427730186,A:DLI_20260918_A:PQC__1-0-0_ECO___1039535791,2026-09-18,Economy,Vietnam Airlines,VN,8021,VN 8021,Dalat,DLI,Lien Khuong Airport,,Phu Quoc Island,PQC,Phu Quoc International Airport,,2026-09-18T09:50,2026-09-18T17:05,7h 15m,1,False,3812978,37203,3850181,False,https://www.agoda.com/en-us/packages/book?cid=1753802&pk=A%3ADLI_20260918_A%3APQC__1-0-0_ECO___1039535791&pt=AAAA.AAAADCl9qQvU7OpaMuQ2IdoaVAK2CVDAy%2BfML0OevKW4GhZOYx1QqztijhmhseyK64voLYMCj%2Fpa5OoQmyUcvUT2fSk6CuBAlYW4JZun5YWzDm83G9UmnPaK%2BIYM4w4yX33h6T6acNb3hFF8LbXAcGpXRUUiut2MW2l%2BMj8P5pKG%2FjlZfzSCXD3eRnSNGlIBBjdpSfY7NDoBz9%2F0hRxxNOmVI9DWB3tlQPZMSxw9Eedd0Xflvrp26o5M73FauUuK9a8S%2F6ZU5D9bWxjlRT9%2FkDtr90robv%2BVavvRPpCmyYJOs2%2BbRYKbbvwEH5nvsnsUVPeYP1qLrzqj0%2B3HWkrajgspocAqHX0ZGnM3eDBK7BQJ3StYj64ievtiLDxYlg%3D%3D&ptyp=4
92473756,A:DLI_20260918_A:PQC__1-0-0_ECO___2073837090,2026-09-18,Economy,VietJet Air,VJ,1363,VJ 1363,Dalat,DLI,Lien Khuong Airport,,Phu Quoc Island,PQC,Phu Quoc International Airport,Terminal D,2026-09-18T07:35,2026-09-18T15:35,8h 0m,1,False,3884458,0,3884458,False,https://www.agoda.com/en-us/packages/book?cid=1753802&pk=A%3ADLI_20260918_A%3APQC__1-0-0_ECO___2073837090&pt=AAAA.AAAADGEEkCWAFlWW272Epmh%2BMyKyLUqVuXXAckxJwEWzQbGCpfahn%2FFtJhr9yim1ODbQqbSxvqacxk%2FglHwv2FrMR2PSnxbxBZhUBehm%2BBAIip4wyz8DVcmvEKiCSFoO70kpm19bp75V5NOV%2F5FD%2BsFRCs%2FHvFgeowJZUfTLKlEtvcwXPpO2goCV3AQfaC9nb8GPvhs1S%2BFwyaFkhOaZ4PREPrKBA%2B1iqZa%2B5RM%2BP%2Bl53fiKaPU3tvUrrW9Qa0a0nLL7Az2QqgQfGekPiK8S0DsB9sPFQKERD6WjfPkxNXJvfdnOc4nmphtdAxe%2FKKqx8Kkj8LeaveKSyR1%2BoEZCZxdGw2EvMb0HWuK7yv0QF7TqshNNrEWUa0uEQGIOQ7cbzAKPCBqeg3Y61kHGXCATP%2Bn%2FDr5BYqPJ37uFEQ3c9Xx23oL9jZUpmfNFUEG%2BV9dlP43IaHn6ooxfa46TdJum116WLmyVtgO2%2BxhGBvc%3D&ptyp=4
2003797560,A:DLI_20260918_A:PQC__1-0-0_ECO___2125819824,2026-09-18,Economy,VietJet Air,VJ,404,VJ 404,Dalat,DLI,Lien Khuong Airport,,Phu Quoc Island,PQC,Phu Quoc International Airport,Terminal D,2026-09-18T12:45,2026-09-18T18:50,6h 5m,1,False,3914401,0,3914401,False,https://www.agoda.com/en-us/packages/book?cid=1753802&pk=A%3ADLI_20260918_A%3APQC__1-0-0_ECO___2125819824&pt=AAAA.AAAADAnBDKf%2B3CQ%2BCDaZ8Njy5mSFzt3EqQWpQBStcU1MO9Hjk61mFRJRycKFcyS8onBwTTB%2FRSpGIXxrpqJsGb6ABdn6fYvcZgPvc%2FahpSZyCCeCePyOB2wRXJax61kHGdAl2vQRkWjluS2dNt8pPtAx1uVM%2FcNgEUHvWJ812bblLB%2FE%2BNv23VkBTFUZZ81%2BTzPySC8YdnwW9GL76mHmXItxVP0Yh8dB5LSQq3wat3HIJW1rBG3RWTcS6RN8jggAWj1xAQVfRzCOe3fZ3wYYii%2BOPywiezIzgyfsjwMFqDy59pHVWwHbkbYnJ9pEft12F4pLhh9fm0IXElT9vjK5GopwEU8HBWcp15lZWlWafOllYEs5K6YVC8jj9V95cbuxw3iSSM3FFZ%2BuF2vjJK5PJGjVl2drHN6gQCrD3i5gi%2FStMIubD8%2F8TTj3jDdlpmMD7Zu0m922KvNnESqOcyzIs7njUNdJiH8t5IKD1SHbkoUQEts%3D&ptyp=4
1994574638,A:DLI_20260918_A:PQC__1-0-0_ECO___1558086270,2026-09-18,Economy,Vietnam Airlines,VN,1383,VN 1383,Dalat,DLI,Lien Khuong Airport,,Phu Quoc Island,PQC,Phu Quoc International Airport,Terminal D,2026-09-18T11:50,2026-09-18T21:30,9h 40m,1,False,4238258,41353,4279611,False,https://www.agoda.com/en-us/packages/book?cid=1753802&pk=A%3ADLI_20260918_A%3APQC__1-0-0_ECO___1558086270&pt=AAAA.AAAADOxInmJA5jwWcddhQ31QYi9%2FDZPtID2yKffuFPBSkXEHIgmJRTIrjMccHvjRPAHftex5a%2FVjS6KxB5LYD9bFvqSzjot%2FypI3E59bsU%2BnqUPBuFymNdf6Vt%2FSQP83t4yQWoXoz9Wyalv1szduUiJseXEVCO%2BfAOwaQRxXTi20P2Fd0dzStXr9QDTtOTA4QHu7QNu%2B7Y5%2BbJWNFpPi09ceg78gGg0X7dtJcyNbC7%2BGPJeyZbVIUtAzw6PfTroCCa%2FBLZNJquXL%2FiG1Dyg4Lj8itmgbr%2F2L0cNbUBtLXYmCXz%2FWILsbk5ExUdamQtvGHtOrjk5Jl5Oq2kOSb%2Bk6NawFBKWI3wZyqdHft9gMt8T2i%2BHrLM34cmP14x9vLQ%3D%3D&ptyp=4
157611789,A:DLI_20260918_A:PQC__1-0-0_ECO___233699540,2026-09-18,Economy,Vietnam Airlines,VN,6171,VN 6171,Dalat,DLI,Lien Khuong Airport,,Phu Quoc Island,PQC,Phu Quoc International Airport,Terminal D,2026-09-18T08:30,2026-09-18T21:30,13h 0m,1,False,4238258,41353,4279611,False,https://www.agoda.com/en-us/packages/book?cid=1753802&pk=A%3ADLI_20260918_A%3APQC__1-0-0_ECO___233699540&pt=AAAA.AAAADOuTxe3TpwClj3U7sUlawZDbZA3%2BQ3qGGAPSC6QSJ%2BwPQCVtYCEJSdX%2FItxOSMunQfAzgjUhilToIzpJ4j9HVuxsspGmBA8YeQgALKnpnVJBLvZgvX%2Fj3mZwfA9oNXWimpEzgcZp%2BSFZyYTLz04TsZIuLMhFSsQcpwkf%2Fm%2Bme2BlqRoOvs2Vvo7YmXhw17bHjcBiqVsjVGEcehke6hOOiI5SJ5zI%2F5lzVX05KpuYH%2FrHfV31dbiLxuGYHo60vhNHPDWjkiIXZ00Na2XpCo1frP3P0p%2BGuElG6B9mAK3OBE8HtOLq4KcVlSILJVobcExlKnKMnq%2ByJ45uckgNyvMXUfFd9miyHY5aXazX%2FrgBIA7FJF36ow1Bg3M%3D&ptyp=4
1142933146,A:DLI_20260918_A:PQC__1-0-0_ECO___1825085756,2026-09-18,Economy,Vietnam Airlines,VN,1381,VN 1381,Dalat,DLI,Lien Khuong Airport,,Phu Quoc Island,PQC,Phu Quoc International Airport,Terminal D,2026-09-18T07:20,2026-09-18T21:30,14h 10m,1,False,4276583,41727,4318310,False,https://www.agoda.com/en-us/packages/book?cid=1753802&pk=A%3ADLI_20260918_A%3APQC__1-0-0_ECO___1825085756&pt=AAAA.AAAADJUhpJfFpksZrzZSRfVqCrIG5q2L7HswAhnrIbAaDrGv9qJtSF7Ypy8oR%2B0dxmStit6TO1m%2Fx41OLG0zoS7KhyXGR9ZOjD51ltUz8Kk1YOetc8WWjjvFEk2WsSfu4T%2FnmfFrnhVGF9rMRMEvpX%2FJGM4YGijCwtl2gOgYvuqEMnQf9lS2cmEpU8hrF%2BWWEL9Pi3mKAEVE578jADFOWBdQ0uHd3Rb9ad9xOpcGQ1nBHl6Lgs6JQR0QxIYWtkRV9pDvHoVDEyJgU7C9IkzbdErzisnY%2BWyUZayzCndkOnhEzcNdbviVKlviOYx%2BX3XX%2BRmPE5fe%2BcKyPdqwzo4oDQXw0r9XK8Mf8%2B06U0Yc0JHzs9WnPC9sHsUwSFc%3D&ptyp=4
242430169,A:DLI_20260918_A:PQC__1-0-0_PEO___1692981054,2026-09-18,PremiumEconomy,Vietnam Airlines,VN,1383,VN 1383,Dalat,DLI,Lien Khuong Airport,,Phu Quoc Island,PQC,Phu Quoc International Airport,Terminal D,2026-09-18T11:50,2026-09-18T16:30,4h 40m,1,False,6339844,289573,6629417,False,https://www.agoda.com/en-us/packages/book?cid=1753802&pk=A%3ADLI_20260918_A%3APQC__1-0-0_PEO___1692981054&pt=AAAA.AAAADNHLgPD55%2FECOShsOgPyAZZzTR2T8QDdHn2Xz0OlOLIck9uDLyQLYt3LDv2YuobvIgwi3KxytRZZWKHYpUYbBziwTNK9jIv0T37HoCaMg%2FDF8nUoANdxMi%2FragiuvWw5bFjGjau33pYUCTenlr0D8A4ULm8bAGxFySq6TpnGDUEJ7qL3xiS34z1EnQco%2FRcVbAVmaoooD6EOobzzp%2Fc00Woe%2FxvLdhrj73YRuIBN0RUAnk4S%2BWbXWRINVjUVT5e00WIaPagmZRYs1EMKIKVL%2BebDtt6I3wMwYYjLgldSsFCBkVl04qV%2Ffaw6aQRkB162KZp1N8aA0z2HzkPaHE5%2F%2BCGEPPMQj02tMue4UhoSC2ZEivNiUpkDxjDAdDpIrsZG9WDsHHk43ALn%2FvfSfOSyb4XQLWoH5jxJ9ceYqEuXqX2dEsCNnBgby2NWz2KB%2BRq3ZxJTywSu7IDQI9Nv4%2FfUIuv%2FU24uvKB9hj6JoYNQTs%2FZKo7S7vacmLHZYSPDKm0I8D%2F22d7OXA%3D%3D&ptyp=4
358343332,A:DLI_20260918_A:PQC__1-0-0_PEO___14301058,2026-09-18,PremiumEconomy,Vietnam Airlines,VN,7389,VN 7389,Dalat,DLI,Lien Khuong Airport,,Phu Quoc Island,PQC,Phu Quoc International Airport,Terminal D,2026-09-18T15:40,2026-09-18T21:30,5h 50m,1,False,6339844,289573,6629417,False,https://www.agoda.com/en-us/packages/book?cid=1753802&pk=A%3ADLI_20260918_A%3APQC__1-0-0_PEO___14301058&pt=AAAA.AAAADJGkQ0Jf6aZYNCfHCkX4IqvdNESIbWr4%2FXDEel8J9S9DAFvEa2p3xOZDmc4J2GjzM7ye7lUWB6ebyafdCM%2FXxd9%2BPnFUrEDoN5FLdPmfYkSw2mO4p74dI2q0ag%2BnuKNGxCsXIq9zgGam0D9j7be3mEundA8j%2FAVS%2BuSWF4z99nqtk1PD2ikOL%2FKFeg6B0zBAnPehcK%2BaOoJ9r5XjbjmoMtPMGFvHKbA1XZAFTI0x0Fh4nMYoxp7wOMXjLzYkoHlUfFDn4m7nDEQw0Kf1wVr0w%2FYiJJgnYMB7Lg11Aq%2BpUCl0ot7Vt4JXGAJ0ULjsLYhM%2B7o%2BiXgawbMpn2L8KpmE4eeJLGHIjv135vgSUiMh6Q0FpTzXphbFUBiAvsTmwgXyI8FDsiw31U7Ezu2P3W7Ho6GQsHMoxDjvHUZE0xj%2BP4fIktrtY3t6mXFHHexhEGThse%2FFkoxWX%2FQ1z5ZXVnAIBHM24F8KCEmTA%2FNuBHA%2Fa0XCxsUYXnUNqgUfa%2FherJJftH6D&ptyp=4
833681805,A:DLI_20260918_A:PQC__1-0-0_PEO___1039535791,2026-09-18,PremiumEconomy,Vietnam Airlines,VN,8021,VN 8021,Dalat,DLI,Lien Khuong Airport,,Phu Quoc Island,PQC,Phu Quoc International Airport,,2026-09-18T09:50,2026-09-18T17:05,7h 15m,1,False,6545441,83975,6629416,False,https://www.agoda.com/en-us/packages/book?cid=1753802&pk=A%3ADLI_20260918_A%3APQC__1-0-0_PEO___1039535791&pt=AAAA.AAAADK1BNY2vvIOrUUoWAS%2BVmKnx4R8j3lO1FQ502OE02VppclfmVWyYs7sBhV6rQ1tLbiSahfGuny183xerPhjZ3XFVkxSqcTfq%2FOlTekByNSCPek209%2BSo6kET7J2v%2B28Bqa%2FnObxoWGmDNTwd%2Blnr%2Fz%2FQF3Y8WqYDy2pg0I1Pnyeo6k8FkXcxkzVM%2BDtty%2FhOh%2BFbP6n6Lk99IDF%2FOhxOX5uJt1J2MWmFdr0Q2CXHFcvUUgJ2qPOyBhGx5bGDLtOeEtlV4cFXP1MHIdjVDznMVwDwgFs4%2BVsKmUCU9JRxv3NbFcm1EtI%2Bd4g7Drd13vhrvoB8f%2FTsXs%2FbFMriRXO3qHrwhTctVIkS%2BBJliznup%2FUmBDCtiWsKUBjIKK5FrxbUDuZsEHGm97UWCQwlNo%2FmeWenEOL3xFFOTEgPt3uX%2B%2FlJrXYUxxbezSJmzaed7KAde49K%2BTGCrzFi92He9nL%2F5Ng9FGFIznYKOsTr1CwofWOQayM7Ig%3D%3D&ptyp=4
960186266,A:DLI_20260918_A:PQC__1-0-0_PEO___1677118277,2026-09-18,PremiumEconomy,VietJet Air,VJ,1363,VJ 1363,Dalat,DLI,Lien Khuong Airport,,Phu Quoc Island,PQC,Phu Quoc International Airport,Terminal D,2026-09-18T07:35,2026-09-18T12:20,4h 45m,1,False,10177988,0,10177988,False,https://www.agoda.com/en-us/packages/book?cid=1753802&pk=A%3ADLI_20260918_A%3APQC__1-0-0_PEO___1677118277&pt=AAAA.AAAADGyaTVQ8ln%2F2TPPa7GPBSCvrd%2FLHZJQKABfYDQjcc7YuBUWJIJrAzSX%2FQi1oXxVpRzuIgQ2z9t6mB4YP0FrdmVspfK%2Be3N63T%2BMDD2v0DazdxWlJDlMl1zYnRN8j9odbvbn4AI3%2FEac3UXOqKkY9woYl04S7i%2FMmXRuXWJQkz6cLz4V3ril7Btt6MXSn5NouJCS1%2BASQHcjzGwzIQlknZuLpzh4XgWCmadLFQ9GsNXmb4KC7Nqn%2FZ0NrYCTGkT4zKZg4fprIkWjgpqFQog4XfVwle8BMZ%2F7cT56WZ3cOfF773E13wdxHlzHEeM7MaFypYUXhj3KnjUoxxcwy8a53ifkZfmCnba9kSUC7kQdXDqlqqesWk0vWv08QsiC9fbiKR6pYsXXMBNBxTaj7yw%2BNLbJWH4dchNkvAw%2FpET%2FwwD2TvrWsnmLFMsJjv4fL5jOYaklmdPToWEitdapDl5WJn8k10iLi&ptyp=4
276290277,A:DLI_20260918_A:PQC__1-0-0_PEO___2073837090,2026-09-18,PremiumEconomy,VietJet Air,VJ,1363,VJ 1363,Dalat,DLI,Lien Khuong Airport,,Phu Quoc Island,PQC,Phu Quoc International Airport,Terminal D,2026-09-18T07:35,2026-09-18T15:35,8h 0m,1,False,10793186,0,10793186,False,https://www.agoda.com/en-us/packages/book?cid=1753802&pk=A%3ADLI_20260918_A%3APQC__1-0-0_PEO___2073837090&pt=AAAA.AAAADC1CsOKx2jPcGaSnL1UghU%2Fwk8F1deobKF62%2B2VruQ3gPklbRiiwIUMC8NLa18jU2V3OuMTEf6SqTd1Z1yM9sp80o2dUOYIeB1QiF73A3FBLDypf4kWvwPzGHy8r94uDERdJt6hjhxTEAWYuNOfQL1YZ1aZmzDZb4VK19fdyW26IIOmUASE6q183zpqFHkAygsmhomrjfbQlSQgBYslxGNw%2FwtOsOrfW4Yo9JXEMEYqBa9AT7L2nq0JJsELGYvOvlyjFe5S7P8F1HYhknppb4yjAWvO2aaz31foLfPuvSAH4FyfcZbpJolVfFkArHnAEq7Cc9GxT3X7gvLxAb7iXK6sIaNeelDs8j4vAm5e0VVf22ApvWEcx%2BvueFGDxi%2F%2F2qA4eBUt9ONpkmarUmPgFjP6UyWbeqkYGwPbG0cGoBfXodEynrHpEia63Ma9TPvqntywK0JIs%2FsykzIXNJyZRQjPEfSA%3D&ptyp=4
487796415,A:DLI_20260918_A:PQC__1-0-0_PEO___2125819824,2026-09-18,PremiumEconomy,VietJet Air,VJ,404,VJ 404,Dalat,DLI,Lien Khuong Airport,,Phu Quoc Island,PQC,Phu Quoc International Airport,Terminal D,2026-09-18T12:45,2026-09-18T18:50,6h 5m,1,False,11941919,0,11941919,False,https://www.agoda.com/en-us/packages/book?cid=1753802&pk=A%3ADLI_20260918_A%3APQC__1-0-0_PEO___2125819824&pt=AAAA.AAAADO0bBLfw8Z20WWFe05MzXPS52ZzHCnXw61Qd5%2FoalKW9xr59gzLSNhvi99jACJffnjaroRtx%2F5i%2FVACxypozeX2%2FcAkcAzdYpeIz1NP48iXGm9tz556F686CeMB%2BIPdtrFh1ByBqB%2B9AT5DNWqbHaJHCR9OoI%2FiSEmIO657HobyjIKmZ2oHYz%2FnQJFDtuff33DxGOpHk%2BzLXB%2Fv%2BFcud85kC3VrXjfbUDkUS8BYplViMRjFBnlgNCDIGV2lF139LJNkaEUbUCjUUx%2FUIInyjb9Vn4j%2Bstg4HpC4TglSmNtPcA4bYgc%2FGLHgWreEA4Gjr25K%2F6jgDGT%2BKatYNBVKV%2BzIBiK5%2FDKOUjaC%2BifXHg4Ty%2FxZLR%2B7ipRDnQ%2F7cX7FicSIe8d9jOJCbIUNFywGC1P2Zj0Mvb%2Bu%2FsUUMqYksLXWvq9dbRTbmyGpmGx564P5ODL4r7vG8fgvJMbG2EMamcsbdXg%3D%3D&ptyp=4
2085380469,A:DLI_20260918_A:PQC__1-0-0_PEO___1090107273,2026-09-18,PremiumEconomy,Vietnam Airlines,VN,1954,VN 1954,Dalat,DLI,Lien Khuong Airport,,Phu Quoc Island,PQC,Phu Quoc International Airport,Terminal D,2026-09-18T07:50,2026-09-18T16:30,8h 40m,2,False,11537306,453336,11990642,False,https://www.agoda.com/en-us/packages/book?cid=1753802&pk=A%3ADLI_20260918_A%3APQC__1-0-0_PEO___1090107273&pt=AAAA.AAAADF6BEADAKzkwzmAT0meH9oWVK5OrqI6PCgXY7CUe%2B9tT5WDlHfJMWOboOWKheTrGu0Tca99lgqB6QMyXGKFFO2BgDcCLym5z9WBNNcwin0V1KiVD7L7tattAoVvhCMkjrn%2F%2FKmFPwUVrsiImWTPwRpIWEsx30tD5oPs9sWZ9ylHAbzvklbvXOKT%2FRJh0CRMHCX%2BGNhHIe8MEx3lHpTC4kImmMxZ0ppCpx81e7Pe9zoDhiv2JikvZmHj%2BSjTeqwdlpo9IV%2F0z0ijGkkWCMOiusom73pQh6C6%2FrqePQhV6ii0NOgULOWptzg8kIxJ17XPeaqfyOIk9tDF%2B7jYyVO5hFLMqAh9IUYDtPQlTGv%2F1wFE0xGFz9pLmgrkPM%2BoS6tlRA62dLmHsheGfu3lNtqTs%2BDC5yVmK3Yf3KmK8tVwIA3hFX3rZWZnBqapT11if%2BLtDK78r1BXrLUXwnIp%2Bsi6evK1XcTrL0ZjUfWSUNZTGx%2FliBSa79P%2BAM5BM409tQfx3d7cDaQMtzf0ZOc2Pw0w85f%2B8&ptyp=4
551467229,A:DLI_20260918_A:PQC__1-0-0_PEO___1129331308,2026-09-18,PremiumEconomy,Vietnam Airlines,VN,1954,VN 1954,Dalat,DLI,Lien Khuong Airport,,Phu Quoc Island,PQC,Phu Quoc International Airport,Terminal D,2026-09-18T07:50,2026-09-18T16:30,8h 40m,2,False,11537306,453336,11990642,False,https://www.agoda.com/en-us/packages/book?cid=1753802&pk=A%3ADLI_20260918_A%3APQC__1-0-0_PEO___1129331308&pt=AAAA.AAAADOIxOm9zmL4rQcM9qcYyg9xf58b2e%2BxWqRZUs2u6DCZ3g0oMAwadySrcWrFOexkW%2Fi0rejujuRVetV0U88lgHGWHFQWZiv3oGpvhyCClYLPNap1ZJRInHbjUt9EogJTHT%2BiPLsxWwbG244hL3C5uiuP1MFCnpEsu7ygPBxslyIfSrmAe%2FkJpQavH2kNIn8D5ZHZDaY6l3acsXYMD7gP3mnjBiHE%2B31a4jYkI504wTiCSxQyU5VnyI4GIx9dnzDpLm%2BCIOUi1EApiJ%2FGhRb9oWVDS2WVxd43qrcIftNbo%2BWkej6lHRI0Iwk03zyHiN56tUSyeYtG%2Bp2k9C4caDwE0oTxzDj0A1duxZ0%2FpCIeOLPvsjz0jOE5oWjccutF3FmAaeOBaJZjSInDVCBbBXIXdP9ibhg%2BWJ7HfF5fMTHzCkvKxCKBYpxU7khDQl%2BpU1rwXUGpBsuc01I9iEwoVwh%2BltoZwTA8KQoHYRuSmTUYiZojSpwdkoP%2B22bPmOVZxSQ8sTSK7CwZ5jDXkd5zz61iudio%3D&ptyp=4
1640144377,A:DLI_20260918_A:PQC__1-0-0_PEO___233487200,2026-09-18,PremiumEconomy,Vietnam Airlines,VN,1954,VN 1954,Dalat,DLI,Lien Khuong Airport,,Phu Quoc Island,PQC,Phu Quoc International Airport,Terminal D,2026-09-18T07:50,2026-09-18T16:30,8h 40m,2,False,11537306,453336,11990642,False,https://www.agoda.com/en-us/packages/book?cid=1753802&pk=A%3ADLI_20260918_A%3APQC__1-0-0_PEO___233487200&pt=AAAA.AAAADKwoNYr%2Fc9yJeh0I6JzXOOY%2Fn%2B%2B85l0FGCCjOsofKR%2FQeyfrkNo75%2BNswpVi2xEd9qeGFEQgc2YEY8Bxvld%2F4kXgNDmFWOfIygrHThgazVhpWf8VWdmFxq9IMePbdcMsHCG%2FBbmX5pTWToZ45%2FpMStuGH9off19Q0fkQn2qG7sdEYT21Ar%2B0U6vNbscIa4vc09%2BaSp8fcA67ZKFeURk2d%2Bj2%2BcDi7Y1piqB8EGGcnWAuhB07XRcjCAZV4bKNxC0fAbgKCW7q4aFIjoCDTbnqceC%2FhAVXpYKFHdsVEhMmcL0U14V2HURdz3Ot4AsVsSniUaOlEcRKWutRSn73KMxG33XS7O46PRORA4ZWokGq6fgczZ8U5LhBz%2BXcLma3C9FKxZ2t5d9%2BzA1Nf3GNS0H7VQaEGlX%2FkAQJRCk6i9NA8vl%2BvlRikr6xiF7XzRZam5m0Qp%2FHs5%2FRdFvoyIVl2U56nMp6r4mTzVSiTZcJQM5FrUmXp0Rf6NmfHt4J3N6WYwmT68V5V%2FYU5K7WszYgV2LYhw%3D%3D&ptyp=4
609553118,A:DLI_20260918_A:PQC__1-0-0_PEO___299901917,2026-09-18,PremiumEconomy,Vietnam Airlines,VN,1954,VN 1954,Dalat,DLI,Lien Khuong Airport,,Phu Quoc Island,PQC,Phu Quoc International Airport,Terminal D,2026-09-18T07:50,2026-09-18T16:30,8h 40m,2,False,11537306,453336,11990642,False,https://www.agoda.com/en-us/packages/book?cid=1753802&pk=A%3ADLI_20260918_A%3APQC__1-0-0_PEO___299901917&pt=AAAA.AAAADDv1Jri74%2BkG8meBLwX7P5HWb9ztUEhvmcLxx%2B8SuSYnH4HyfAYluthSjP5MS4uV3XNC8eQwI4HX9k9RzGRTuV04go2A49QBWGwMFMKVN4GAoCwprH36MT15uLA2Ey7lZcP9aTOy8nSajGGpVZnFWGp6wZYXY5xelOOPpnQ8ZkbZt9yvguE25aagl%2BMUR%2BJWBzCBznBQlbddVS71WZedOaHr3bMiEPDEaX2AO38lfSIdwDFk%2F40gdi%2FktTHTBtmB67lainHwZNf8xz%2FhT595MMUoNcnbgvym4n69GSMioHrikrDBvqF20yW6J3GJE0VZtQT%2BpS1V7Anp4kC07v88%2FISadHLrJpxo4kuFDTHPolK2fcLdwXXSDwLQl6AxsrmLFJ3JZGDMad5EYODpaO9JsmgGd53OHWaWpQtmLZ5qnilFKvL1cg95TSzyO0B399ARM41510c0jtcfZnS6%2FmNLcfh7Px7D49axxExmQaEUgjj4RlMy0SteNQUEJVyi8dN3HApj6IMCvWjiclMk6rqZ&ptyp=4
2094569005,A:DLI_20260918_A:PQC__1-0-0_PEO___289405954,2026-09-18,PremiumEconomy,Vietnam Airlines,VN,1954,VN 1954,Dalat,DLI,Lien Khuong Airport,,Phu Quoc Island,PQC,Phu Quoc International Airport,Terminal D,2026-09-18T07:50,2026-09-18T21:30,13h 40m,2,False,11537306,453336,11990642,False,https://www.agoda.com/en-us/packages/book?cid=1753802&pk=A%3ADLI_20260918_A%3APQC__1-0-0_PEO___289405954&pt=AAAA.AAAADArSMiujMOF3xpqisT%2BL4VgLS%2B3iSR0T3twTHDWBpENoe2KUWlMWbz9ZCP2zUSQsju20%2BUbMK8uIwWsQ6WrKPS1xEp4uhI9pU8VJiYN0ySBabqWLjBROyURoHVhkGWGHEIbgzhnDw%2FP5%2FHnmwLn%2BrdqULK%2FA4dsV8ZnBBdG6Hbfqui3O7w%2FNGq9UqMZDZIqyZkibimSI%2FuMjPonxyJ1y1tmvelMez8x2LTyaIKcJ%2BlvRFdl4OwJflYaYfP5IlRWmSl%2Fnd1kVOLNo%2BNUUNe72Xg5TYlfDiIT5PE6F4pob61XLNLZM%2BFP3%2FqrE0WX7AD64vcWlHwdzN9zw58kGse4pBSqAAc2tclAv6EMHgQJIYztgrlK%2BZNqaPukwp6CmHB0Phmeh%2Fv35IvPHUwtY5A19KFxB7X4ErNhGeWiPISwcvybBq63MI%2Fwn3Gke%2BORsd2zi6boSbDAg9Nx6c8np79zNqkjPB2e%2B2PwcliZXS6BhleH0Z3saCk2CFasQK8fQvnU9DMOqmz7MScVE9Lf8wmvghng%3D&ptyp=4
2118582547,A:DLI_20260918_A:PQC__1-0-0_BIZ___14301058,2026-09-18,Business,Vietnam Airlines,VN,7389,VN 7389,Dalat,DLI,Lien Khuong Airport,,Phu Quoc Island,PQC,Phu Quoc International Airport,Terminal D,2026-09-18T15:40,2026-09-18T21:30,5h 50m,1,False,9960064,318000,10278064,False,https://www.agoda.com/en-us/packages/book?cid=1753802&pk=A%3ADLI_20260918_A%3APQC__1-0-0_BIZ___14301058&pt=AAAA.AAAADKIjwhZ0LcnEJ0u4POEvbWGgj5qrF8EpRTW953%2BLFGXuk%2FpycuRFC0%2BXOx4jq64vAQT7jBgkiBJMcteOjz7nO4mVXedN80KU3m4471byWEMGaNPea5UVn333whchaCRcEqeD1%2FQ9E81aITLgVdd6cG7x4LDCMZSq7eBo5nxR0Td%2Fk6Ws9aqAQMu4vnoZPfF93QbUZHWcPxjWaAiv1V%2FstVX3Rw5CoHa1RkryZRkj9tSJTDOq3AZqdd%2F%2BcLSdfWStdvdjFxdw7CpkU3Lkfr0bazRuKlLx4KdN1zmc1tnVOhWZnD%2Fnh4YtMBUG%2BOpIZk3l71Gjnwjn2BmusstHNioDyF7FND4M2tmgYMMEoeqo1LG1c8xjtPnsqnqlzgV3eVd5gam29diV%2Br0dckhTQcrk0IDblEnYYSEHce%2Flf04RmZq%2BVAbuN3Ngy%2BZuRHrU9bXNAAqMjc9A4H7mUFxLYvAhBmtVrPs6ThrMAHcHs0b7Kfjdo5gWgcA3fop8VCNv%2FJGddBu10vv1%2FdAJuTSM4Vg%3D&ptyp=4
1879119829,A:DLI_20260918_A:PQC__1-0-0_BIZ___1692981054,2026-09-18,Business,Vietnam Airlines,VN,1383,VN 1383,Dalat,DLI,Lien Khuong Airport,,Phu Quoc Island,PQC,Phu Quoc International Airport,Terminal D,2026-09-18T11:50,2026-09-18T16:30,4h 40m,1,False,10290839,267890,10558729,False,https://www.agoda.com/en-us/packages/book?cid=1753802&pk=A%3ADLI_20260918_A%3APQC__1-0-0_BIZ___1692981054&pt=AAAA.AAAADALvugO%2B28vI0TFdbqzMpVoJGmyKsrEcJXQujK2O3R9lOx5KUPv%2Bf%2BXocFDZc0BWocO9CgNOeI7GC9Ems3z5w5%2BfJEoy4ynG8ukAGjCwm%2F7VwkL96eG364ximjjKSCBpHXSiwReLud1vj70M1%2FiBGVVngRVlgZSPhxEEKBskMQnoEnxtzQY%2FeYryNQQOx%2FplnK0Q0VMOR2Ev3MR%2BklVoJeoVrP%2FyXuY0SsbtufYLX0IzjjFwtSaAA3fgaCCzqCvkyrU49%2BlW015tKrf%2B3LH%2BORMTZPZqMtAD%2BCoK7Xm%2FQF3hpZN8BlreftZMpUSEz2OjFvS4VuJORrK7S3zzS6JzIt9KadFKNXZJI72C1h8BDOfl1GmfA2EXCQXsOgzU1sRrjcPE2axoc3bjtpDPvMT23sqgtxoejyQ8RVZO3Fc3XJyn%2FJzRS02l3Pg%2B6oY7CbXV286DaUtZD5qFOtWnlWpSLDrdhrZUO9bTm3uqeYCic2FQt4o19Iw9LVtq5cudT%2FiozjFnsp9voVSurwA%3D&ptyp=4
965579784,A:DLI_20260918_A:PQC__1-0-0_BIZ___289405954,2026-09-18,Business,Vietnam Airlines,VN,1954,VN 1954,Dalat,DLI,Lien Khuong Airport,,Phu Quoc Island,PQC,Phu Quoc International Airport,Terminal D,2026-09-18T07:50,2026-09-18T21:30,13h 40m,2,False,15854887,486066,16340953,False,https://www.agoda.com/en-us/packages/book?cid=1753802&pk=A%3ADLI_20260918_A%3APQC__1-0-0_BIZ___289405954&pt=AAAA.AAAADLGq259rjx8fQ2d%2F%2BVmTq1egz30obVgZWO0aG4uEfr7a%2Bt0hfNyOVTfE49CkSps4g4jnbMPKLdE47FbVXmRkH%2BjgHBfCGGOBdWs574Ypr8l8YdMscBw1UqAVtrCazVOfCisBlbVNaZSoJ0L9VRl8hfq9vUYd0EtG3gJfqTEDl%2B%2BHHs95VVHY4%2Fn3oF6T%2BQu%2B7XikHViPUkogMJ8Rv4Et8PqILmta50YgtpkkiOS3rBjNbTa3jH%2FLvZvdbPVJNvwNpuH3IyJ5I3L2%2B1hJzIvDk1IhUHTBBFx2xzRpRZg3enAy2wp5BhndE1xA4043zn1D2LYL1IeUksuZxvlcyZLNhRQ%2FF3SJdSeib6fFFltvwnVlH%2FCihRpjh1wLrPCIRcix6CRJOi1gTp%2Bwz6iYuq8OCwLA8YqBy79rpElnxjhxm2YtuYtlJ6W0G0rX76wpujDqvHuh%2BygLn1MKVeGk%2FkbyH03YMUK54pNuOIJ0Qp8yzeVDoJ%2Bn%2Fp2UWZE06bK4y7of1zb4yXrQ3y2SnmhTNciZBe%2Bv&ptyp=4
1573044395,A:DLI_20260918_A:PQC__1-0-0_BIZ___1090107273,2026-09-18,Business,Vietnam Airlines,VN,1954,VN 1954,Dalat,DLI,Lien Khuong Airport,,Phu Quoc Island,PQC,Phu Quoc International Airport,Terminal D,2026-09-18T07:50,2026-09-18T16:30,8h 40m,2,False,16213205,408412,16621617,False,https://www.agoda.com/en-us/packages/book?cid=1753802&pk=A%3ADLI_20260918_A%3APQC__1-0-0_BIZ___1090107273&pt=AAAA.AAAADBJIEcd308b2%2FFlm1DgDktPQGjK5RInHWRBIUfVk3l25p1iRzH0vaSTn0u1%2BD6N8vsuXwRVrhvVqBtc6%2Fydb9M9BmjAuPFbvChj9yPC1Xz4l8cVZRpdgVXTrl2lSdguAMa5wkKrVZxr1rjvCT0bcc%2F3kJ7spjoLGHD7Qg6Zv15o150xLStlAg1u%2BnF9HFd1oQ%2FXLSTlZn0DFpb%2BwC7qeQ4ffFHGg%2FPBfGTCLLnOVJSW6Q6zCkynNsOfs%2F2qQf29B2MSdQIKybHtI44PUXJKNGaoCNei77up6bS0GqCswV4%2BqlDoO%2Bt7sTN7scXm5IoHX50ipipdzNSe8WbDjNWmalZqLytNw89NavyUBPYYRvBzZaMYC54TYZNn6MyVBIZShYEL0eBxO4D8aOVJj4XVz4hSOw1S%2BZQ%2Byjxmb65BTR8ldgVARiN8LItrHZ6fA8yKJGJs4kp0exrifz%2FQNNPKEjKQO%2BKdTRAebbDT7RGui8YsvG3n8B6ayDyeIJf3Y8se7ryLBvK%2Bm9DttcvGZB2Zx8PJuqQ%3D%3D&ptyp=4
1373363782,A:DLI_20260918_A:PQC__1-0-0_BIZ___1129331308,2026-09-18,Business,Vietnam Airlines,VN,1954,VN 1954,Dalat,DLI,Lien Khuong Airport,,Phu Quoc Island,PQC,Phu Quoc International Airport,Terminal D,2026-09-18T07:50,2026-09-18T16:30,8h 40m,2,False,16213205,408412,16621617,False,https://www.agoda.com/en-us/packages/book?cid=1753802&pk=A%3ADLI_20260918_A%3APQC__1-0-0_BIZ___1129331308&pt=AAAA.AAAADBJ6MC7oXmLfoYxtjLKANejmPzvEMY0PmZvH9ipQuL2v0EGt%2BWldpin1AnUVea8aDdVhwOvHNQDZWk8pGUoOVYzmVJjYKcXasSxdTQXXHxi7RRu4f0rKx0c75t4bss%2BFIs8tBCh0kKyowEIGzH6gVkIS0D%2Fc0rrAGpozcA1WhnGeFMvDgwKSmPOb8DiS00KcJOPIyF8e%2FKri7L4Gu%2BK4kLt6SfYDJOij0kJtJ894OoWkxeSTQtCpWVxxe82siimivLNd%2BOYVqBtre%2FUYsePn4mBtZQVGazLLVXyGCsVFuyDUdHqEnEQfqNgZfGp1eqilE23YJshok8VK%2BvuL1D0k7D6dy2wTbSPwdwBzrDYpLwwf7ikal1q6l8MTdXS3Ml8d0cgOayXe5sFcdSqtthnIttfMCZm9jpB%2BLGHmzjWScbmZX5WpMR1ghgDwYjIfmltWF%2BwBJxPa%2FG4DKafvJED%2Bx%2FPmGjwXI6RyvS%2FCvD%2F77wjLzHOUsb7OlOmgDsMVBrG%2BynPoNN0OZpiR0NuwQuBA%2BSKcbw%3D%3D&ptyp=4
1666008806,A:DLI_20260918_A:PQC__1-0-0_BIZ___299901917,2026-09-18,Business,Vietnam Airlines,VN,1954,VN 1954,Dalat,DLI,Lien Khuong Airport,,Phu Quoc Island,PQC,Phu Quoc International Airport,Terminal D,2026-09-18T07:50,2026-09-18T16:30,8h 40m,2,False,17053729,409885,17463614,False,https://www.agoda.com/en-us/packages/book?cid=1753802&pk=A%3ADLI_20260918_A%3APQC__1-0-0_BIZ___299901917&pt=AAAA.AAAADJAGdM6oZDWTv%2Bnb5Qv2TZidVw4GWzjubiV0BSWuzL0DZpP8xMsDDsMdeTwDn2MKCUYCwovjGj4p05GoOsPdeHtqCfSeEiYYT1HPCLuTHRzfhBnH3uNifTidee%2F9YNnkfjvscb1C6lLmg%2Bc0p1PIZK8wT84S4ZN451loSWBc4jCSwgl%2Bv2%2Fhg8jQcOHVXhKs8n5wsGbpPUyXpA1S%2B9zVF9OsMxwTyyIlU%2FZDDiLJCxneiO2tGLp52xeclpj4XByWMeq%2F9UOXT8itSyZ%2BQwc4QtUIgSSVFRjO%2F4TckNE%2FXZChoAufSjBJAt%2BoLjW5nGlzTfHBpnO8ZMMwu6VzrAJsdy7GiYuev2tNrF2uykvSvMGKnxP7KZoASTvKVAIhtCpeNyUPpswzxg1qcOKe34LAe4doEVhlCQ3hUjotUUAkOB3biZCj6hk03leCq9D4%2BeajDuY7EGM6nC6e71IS1ojCbXJDtINvFRk68AA48No9G0d9sP9u%2BKmzQf6LXyp3dWsgs7YzWHEbkkXewDs%3D&ptyp=4
88162786,A:DLI_20260918_A:HUI__1-0-0_ECO___453864629,2026-09-18,Economy,VietJet Air,VJ,1363,VJ 1363,Dalat,DLI,Lien Khuong Airport,,Hue,HUI,Phu Bai International Airport,Terminal 2,2026-09-18T07:35,2026-09-19T06:55,23h 20m,1,False,3015098,14125,3029223,False,https://www.agoda.com/en-us/packages/book?cid=1753802&pk=A%3ADLI_20260918_A%3AHUI__1-0-0_ECO___453864629&pt=AAAA.AAAADJjczmJoCL7zxdIiXIHNZu7vLBipDdKvLxg2cZLZu0HFVo8%2F27p0v83YithdAXAHF1kq4M139SYV7RD6KmJBqlduCo7JhmW9NfJqkNdX7GIgxNL%2BucUX%2FVszMQEy6ImYxlq4nUKNkyvzioRRH4n3rBe4lgeJREsLuzcwVkyrH6EOkDnqZ86VK9mzK1APJ76eQB6gRAANHl2OeiipNWmRysZXB3XHPxTfbtymtI5L2rLVe7UZPLGsCcLrAdscS6p1HCMU46ZYRUcRI%2BJna0vxm5DQlJGPQAzbJ1IIk%2FW3P9E1Z%2FGNk5%2FBuKbcIwetU3UNf5gu6VFIn%2FH4Ilben9jmClPI9MLr4g%3D%3D&ptyp=4
327571741,A:DLI_20260918_A:HUI__1-0-0_ECO___338001992,2026-09-18,Economy,Vietnam Airlines,VN,6171,VN 6171,Dalat,DLI,Lien Khuong Airport,,Hue,HUI,Phu Bai International Airport,Terminal 2,2026-09-18T08:30,2026-09-19T07:15,22h 45m,1,False,3028196,92571,3120767,False,https://www.agoda.com/en-us/packages/book?cid=1753802&pk=A%3ADLI_20260918_A%3AHUI__1-0-0_ECO___338001992&pt=AAAA.AAAADOaSbf%2FT8AHgdJ5LJ%2FfiZtgeqGSDaG8DzjoJ200cKEyWslHB7lheXLNUI0v1DSzTx0WbWrsj4ppCB2FjGfsiftJ4LoutJxZAgIITin02Q2ebfmHVYEyaJw3SCR9RvgrRU14bQwyh6c2wQ16C24KU3ADfi3UYB5gawYv0zWcVZV2CxHoniCSVDm9yAtDfeaCV3geJ0xv%2FlK03yIaENy1qutU3fWqBByJckE0ejz9mcjRakUzZFD5FJN8GFCVKN9lG8xDeZCD6baWVeKnQc%2BK4AgBwfml964at7lbtcxZEyH4gfsBLjfZsLJGuq6yZDiWARRahJ%2FMbJ2dtAySXsTpFQg%3D%3D&ptyp=4
1201931933,A:DLI_20260918_A:HUI__1-0-0_ECO___1580814160,2026-09-18,Economy,Vietnam Airlines,VN,1381,VN 1381,Dalat,DLI,Lien Khuong Airport,,Hue,HUI,Phu Bai International Airport,Terminal 2,2026-09-18T07:20,2026-09-19T07:15,23h 55m,1,False,3028196,92571,3120767,False,https://www.agoda.com/en-us/packages/book?cid=1753802&pk=A%3ADLI_20260918_A%3AHUI__1-0-0_ECO___1580814160&pt=AAAA.AAAADPrqH8CdAMw%2FdHeAxsQZlq74g%2FRPxC9j4Dx7sqwRqQ%2Fo9DqCTaAfTY2p8h0tXPWh0jFOBIJYcdW%2FXb1ppCqVe4%2FiYLBZZiCdr%2Bk3r0mzn7fqqFULOwr%2BjpHIr1nOdTZOf%2Blw4QthPwy4CgYtCX67QfssUUfm%2FsTQNTtrKeRNYMRWyvCNZ%2FTy6Gt7Vuw96ZnC8EH7UdrYgU9rX7QcAzBWTKkDrE4Ehem%2BL11NSO5UGL47SzZLD75MK0gBhuQVGbpKMh5gIxRdFavDMC4vkI%2FJgwUaifO4vhUgplu9eZ%2F2VPLW3roAHWXA%2BqW5XZAClk4%2FQV0Y7%2BU%2FOWfZtU3KhR4etyVF&ptyp=4
693718742,A:DLI_20260918_A:HUI__1-0-0_ECO___947888566,2026-09-18,Economy,Vietnam Airlines,VN,1387,VN 1387,Dalat,DLI,Lien Khuong Airport,,Hue,HUI,Phu Bai International Airport,Terminal 2,2026-09-18T19:00,2026-09-19T07:15,12h 15m,1,False,3076106,94035,3170141,False,https://www.agoda.com/en-us/packages/book?cid=1753802&pk=A%3ADLI_20260918_A%3AHUI__1-0-0_ECO___947888566&pt=AAAA.AAAADC7P%2B0ahJdW8LsA3sL%2BsbtVxzmHQ07ivkeF5WCAj%2BDCcqmwkoP2G8mN4WaqNQuxT4sQ73QlD7JILvJ8YC4E3YIIp174YCy18yShFsilqb%2Fd7lR4lt48BpgnmJs6bMuVYu%2FSViNNIOsRGkRBrx1V5LAZgLNw%2FlMOQrS9%2FCUOI3Gb4zmGI3%2FBYCOlLdLCLGEUQRB3Iu63t7w3SrQaEIQI25drLLOTWMlYMw3PTzs8GES6HOofrN%2BOCt1mZ2MKXhsxX%2FjqjeJ5N4wQG%2BfSIiwxJOTK1j4vx6LNseFRpBoAs5KFAQxJ9Vku72uBuUJslctuN%2FdFsC0%2FTN%2BbjIx%2F74I5jvg%3D%3D&ptyp=4
663867716,A:DLI_20260918_A:HUI__1-0-0_ECO___987532730,2026-09-18,Economy,Vietnam Airlines,VN,1387,VN 1387,Dalat,DLI,Lien Khuong Airport,,Hue,HUI,Phu Bai International Airport,,2026-09-18T19:00,2026-09-19T17:40,22h 40m,1,False,3095011,94613,3189624,False,https://www.agoda.com/en-us/packages/book?cid=1753802&pk=A%3ADLI_20260918_A%3AHUI__1-0-0_ECO___987532730&pt=AAAA.AAAADBARlnTWJUajtLlRtGGUNe5TxMp%2BhmgwcUGON5A22U3KvrPl3HAozRvSvPp%2FtVW2usYqFrF4HM7AjOibllpkmdK0RUSsEgVGZRWBnpn1MjY4q4aqP9MlKVH2LrUz8DncufTtdohzraMJ%2BGOBnazYE%2FPA0rYbmKLoKjrtXLGgA8%2B0o6L0mU8j1x3OT4h8tGopTToDZCdB1VX7HJoFbMT%2FSh3VcosOZj2wajDTFzMGUT82uJP58UFRARMhNVdLD3pzvlg3gisUOYkLjmKq%2BF8evFV%2BbODLSkz67qh3cLHN%2Bdscskfk4iVLrM0FvB03rSGgC%2BH%2Fylu1oY3ItbbYDE0%3D&ptyp=4
1707569811,A:DLI_20260918_A:HUI__1-0-0_ECO___863447312,2026-09-18,Economy,Vietnam Airlines,VN,6171,VN 6171,Dalat,DLI,Lien Khuong Airport,,Hue,HUI,Phu Bai International Airport,Terminal 2,2026-09-18T08:30,2026-09-18T17:05,8h 35m,1,False,3304522,101018,3405540,False,https://www.agoda.com/en-us/packages/book?cid=1753802&pk=A%3ADLI_20260918_A%3AHUI__1-0-0_ECO___863447312&pt=AAAA.AAAADEBgaI12mMmQFbPjmHOn621tY7HtdOjQwQd7hgJsYaYvQO6ezV5R3UNenXY95VhshwsPbSlFVqac6p%2B6bkQR1WcWeFqTPthWAyjiINYt0lR%2Ba%2B9FqAyNNqEYOMW2aCMns2KgTnF8Yu3WpyFz02D3jiSXM%2Bkb8Ere17fsrHplHPqVPlO2EBB3QnAVZAZFinPYq0qHUK4Gx%2F%2BdNfg3lczVIywTel%2FusTJCboMV29waPPoGR3JGUON8lTZHGa7QVUyjS9makJdanpR0wyczYrqiUyD9jBz5mYzqsY50aHvfrPrSpr15pFtr4DWRBEz2WunEMMYHHavA0Th%2BKNouQL2lqss%3D&ptyp=4
259996066,A:DLI_20260918_A:HUI__1-0-0_ECO___672558730,2026-09-18,Economy,Vietnam Airlines,VN,1387,VN 1387,Dalat,DLI,Lien Khuong Airport,,Hue,HUI,Phu Bai International Airport,Terminal 2,2026-09-18T19:00,2026-09-19T17:05,22h 5m,1,False,3379107,103298,3482405,False,https://www.agoda.com/en-us/packages/book?cid=1753802&pk=A%3ADLI_20260918_A%3AHUI__1-0-0_ECO___672558730&pt=AAAA.AAAADNnPpuHy78ReFpi5tPRlRVlEYrql5EHIB6KO%2BZsgdeHslF49m7VnFE6oSJhwSQDfuScku50rH50%2Fdh6LtBbLsIkRUoRNChqEKduNvNGNKTm57OfC0NKeAJKP%2Bw3GPMBDp7V4qN7%2B3bvA88db31bP80UXreqPcq%2BGFoix0Sc9XMiGmZ8mvfdW3kNmRKpYQISWy1Xy%2B2MmX16AHRMI9NZQ6Sxonyqgw7e8xY1zbhJkw8tp%2FgFaBGnuhLtKTfBSeNTjR6ufxgynv3nXmMw2FWPz9P8Z0wCSPA4D%2BAfwueSypwR5MixZCPyP6585nAPqLAAsaRNdUGsqfIFOU8%2Bw4TE%2BEGY%3D&ptyp=4
1531861236,A:DLI_20260918_A:HUI__1-0-0_ECO___1382841388,2026-09-18,Economy,Vietnam Airlines,VN,1381,VN 1381,Dalat,DLI,Lien Khuong Airport,,Hue,HUI,Phu Bai International Airport,Terminal 2,2026-09-18T07:20,2026-09-18T17:05,9h 45m,1,False,3586099,103950,3690049,False,https://www.agoda.com/en-us/packages/book?cid=1753802&pk=A%3ADLI_20260918_A%3AHUI__1-0-0_ECO___1382841388&pt=AAAA.AAAADLh8jUl8aCaf9QqkHjW%2F6livpehNW%2FedjrrZrohjR%2BeZR1zKA7ae%2F1J4XpsU9z9yNgvH1nsVAwELXPgrZZRAhgTBpblDDdLbRsLmV57EUe2aTEqLX%2Ff%2FVauk1eIOEpCrvLiF%2F4NGU6%2F%2BpGyvqNIzQz2fp8EeG0%2BV%2Ffow5g8k2Z8cbWmyaClpiuApKeLmzJEvD3mC%2BLJ%2Bq9scu8%2FPHNQzj9PqUIwgx7mgPo82KNMWAaKWFJ5nfEC%2BuDZovfkLwyZAtGPoNmyB%2B0MEpYxFDVmEwPyNnHbJoKg2sVNLVEUA7R4G%2FGD0K6lVFsST8HOK%2Fjd1wwetex0Lug1aN%2BRPcoX5MuzI&ptyp=4
881939395,A:DLI_20260918_A:HUI__1-0-0_ECO___892818348,2026-09-18,Economy,VietJet Air,VJ,1363,VJ 1363,Dalat,DLI,Lien Khuong Airport,,Hue,HUI,Phu Bai International Airport,Terminal 2,2026-09-18T07:35,2026-09-18T15:40,8h 5m,1,False,3639763,0,3639763,False,https://www.agoda.com/en-us/packages/book?cid=1753802&pk=A%3ADLI_20260918_A%3AHUI__1-0-0_ECO___892818348&pt=AAAA.AAAADB7Bz%2BCWaoDrmhH8X2d2Oa7Jgf1ks0SHOGcHbzZFCdzZ3fWB6QnfFmfoea5FEZgZ8xeYQIsGUZ41p6oUNyF2S25moMFtZ0efeAuyx%2FBwZarNR%2BXksegnOnKdoj0jFaodXO6x%2F2vIQ0UYQjcQn%2FT%2FZPwLWdhjZwFXQovxurZ7VCf%2BjgWyGN0ECc%2B85Qig5UqaOzJ%2FS6qlRB0DGCfMDBYJwQ9L27jBA3Qru1%2Br5kgCb6N5eCaCRZen2vAyPi5D%2Br7q229w2w035kFOHmg%2Bprm2uznjMvvUQIsO8L%2FrmVlDwCBzf4eDRnspz98kxzKGCTBSVr8Xoe2bcaAJvCF83zkvlMgCxQ472yE%3D&ptyp=4
1801526681,A:DLI_20260918_A:HUI__1-0-0_ECO___1266857406,2026-09-18,Economy,Vietnam Airlines,VN,1574,VN 1574,Dalat,DLI,Lien Khuong Airport,,Hue,HUI,Phu Bai International Airport,Terminal 2,2026-09-18T14:00,2026-09-18T18:50,4h 50m,1,False,3866866,103950,3970816,False,https://www.agoda.com/en-us/packages/book?cid=1753802&pk=A%3ADLI_20260918_A%3AHUI__1-0-0_ECO___1266857406&pt=AAAA.AAAADHUuBQowlFDGvqM7dWNtTN%2B99NYPr4OHdCtEhqt7IfIishp3LOVD9HH%2FCMA77spsqsawWw%2FTHhPN1ITN4boRbHEgRMYfg1DHmIR8kVgrpFZArtBNbAxG5lc%2Bobm9CDBByq3km9WOp7TQgVOogxNFin9L59HFJC3nYPJITMAjn4g%2FymKJj6RxiYt0lMhMj7DsDJDxJFu02Q3PfLnbADEqgYdq2MdCEFi3upuFOWFdFaqMdBURFpqg5qUD2owd2lF388kHy4QmVsXMXV%2B7maRBltcloCFBroilq%2FQtaODhnj7duPI4ziAi5sc8%2BIn8FsI%2BqUsHcMy88gfaAtP3mdQRCZ6D&ptyp=4
700277909,A:DLI_20260918_A:HUI__1-0-0_ECO___295177364,2026-09-18,Economy,Vietnam Airlines,VN,7578,VN 7578,Dalat,DLI,Lien Khuong Airport,,Hue,HUI,Phu Bai International Airport,Terminal 2,2026-09-18T11:15,2026-09-18T17:55,6h 40m,1,False,3866866,103950,3970816,False,https://www.agoda.com/en-us/packages/book?cid=1753802&pk=A%3ADLI_20260918_A%3AHUI__1-0-0_ECO___295177364&pt=AAAA.AAAADMNdKUfvB1v8Cs5N%2BayjIQYhYdFq5WRfVHuXRQPuomNIK58xiXgVVkqzV%2FTgtUtDlJTKRXR88Pvn93sVvFeIpIuu%2BGyzYgF0TsJlGCBaICAEtR3br38w%2BoRGX5yfb4LFdiItHl5XEECwEYmuWWMVbkI7v%2BZmvquZgttEdkUQsHCWizps48GPRB5izVZrtu%2BTvUwFkvbnbbmsTf1802eD71vQy%2Ffq6y8utdyt%2BwU1uTdqIFKKQ02gROkM9VMqWn5f9YQHEvLhj9u%2B1056zhfpF3bspcF4Sf8GyuXM9COTyGcyY3RkgXKoCobOZYDf5cSpp3Cn2MCAu5J%2Bxdad9M1D&ptyp=4
2024173265,A:DLI_20260918_A:HUI__1-0-0_ECO___299563470,2026-09-18,Economy,Vietnam Airlines,VN,7578,VN 7578,Dalat,DLI,Lien Khuong Airport,,Hue,HUI,Phu Bai International Airport,Terminal 2,2026-09-18T11:15,2026-09-18T18:50,7h 35m,1,False,3866866,103950,3970816,False,https://www.agoda.com/en-us/packages/book?cid=1753802&pk=A%3ADLI_20260918_A%3AHUI__1-0-0_ECO___299563470&pt=AAAA.AAAADBe6tn7sHo9TfyX54NJe3vBtBbG5UpIBPWTCWMbdAbWWGFK66IE4m3bNhoCqYWhuJPHkDdF2fdwhFN59fjifDEh%2Bi4ep9ys%2BMlcrksr4TK%2FAqhHOOM0aG15OFgJs%2FWzXdKkpH%2FDIQivoYPDbItRGH5qKoaqU8FOA%2FQk4cONZWVZjDpcZwse%2F4ORe0PtYAyUqcgNqJiypeKGjPCgVKy3ZSNE6wvXhbQ1FRfiMWWYWGXhynDWfOA%2Beg5dDvNHEtm%2FshFVxXaCAykd8dpywFIUz1l6LykRT%2BxEHtcG4BS87c94U4DnSumCMvDJj4SL%2BeYgjAjOTK9PuC3n0TjuaGAGjuL4%3D&ptyp=4
1759972170,A:DLI_20260918_A:HUI__1-0-0_ECO___1848455989,2026-09-18,Economy,Vietnam Airlines,VN,1574,VN 1574,Dalat,DLI,Lien Khuong Airport,,Hue,HUI,Phu Bai International Airport,Terminal 2,2026-09-18T14:00,2026-09-19T08:20,18h 20m,1,False,3866866,103950,3970816,False,https://www.agoda.com/en-us/packages/book?cid=1753802&pk=A%3ADLI_20260918_A%3AHUI__1-0-0_ECO___1848455989&pt=AAAA.AAAADAC9VuLOrUaiT5bWYBipqg4Ahj1rkguDlUrAIXCn4t1qg%2BQ%2BmK%2B47xSDZwTwtR6%2BFypcsKqBTh4ay2bu%2BQ%2BQ9OspJTgk3wclmAF1Pbo9pIdGVKwho%2BGBbNIXzHnvkulyJqfjWFxUsMLtbbvTqKCskmJ%2BNy4x6bJOZsGoQu%2FHUpZMifeC3i1NwV5tnwG%2FEzgDxJTTUYRaA%2BR64bxfWl3sDxKGhGwcgifEvzkXFizjAzNd80RRMRipOAwYkVsHmlBCT%2BCp2UKWmdeO47XQkZnr1ipPLaDh6zemKI%2FXTjU9yEImMnSazqoXy6gjt5tcPpq1%2B9Q77HFmYgKcMBc71LfybLXKcQ%3D%3D&ptyp=4
1000339154,A:DLI_20260918_A:HUI__1-0-0_ECO___480437714,2026-09-18,Economy,Vietnam Airlines,VN,7578,VN 7578,Dalat,DLI,Lien Khuong Airport,,Hue,HUI,Phu Bai International Airport,Terminal 2,2026-09-18T11:15,2026-09-19T08:20,21h 5m,1,False,3866866,103950,3970816,False,https://www.agoda.com/en-us/packages/book?cid=1753802&pk=A%3ADLI_20260918_A%3AHUI__1-0-0_ECO___480437714&pt=AAAA.AAAADOenUc5iYXw%2Bd9eF4u8Zh%2B5fjMTFmkR5Uc%2BCku0TcWb%2FJGZsqTUWpjdgR%2F5Jt8NqNKd0L8xF6%2BStHN01r%2FgSTnEccsAnjtV8YZ1beEfDAvSCCguuHWEmw8A5G5EUiXXgB3kQPOC1Wh3RdlB8ikT1IjCJIohLS0EZVgPJNuz1rIKsUZzD4PHYTz4aLzEYyianX4kVipAE061QjzY4Xl5fB75ff2%2FKm0LwAfbRW%2F6U2Y1lRE4PGxr5TsTcFxuvzZ7s555%2F0L4wS0GTq%2Bjk%2FIYB8zuV8JM6DR2IhIdYWF7LUoJ4WlvaQmIKr9xMJAUNARoLA6xcJhDuh81v8u6v8P1mUiw0&ptyp=4
892820072,A:DLI_20260918_A:HUI__1-0-0_ECO___1368339042,2026-09-18,Economy,Vietnam Airlines,VN,6171,VN 6171,Dalat,DLI,Lien Khuong Airport,,Hue,HUI,Phu Bai International Airport,Terminal 2,2026-09-18T08:30,2026-09-18T17:40,9h 10m,1,False,4009922,103950,4113872,False,https://www.agoda.com/en-us/packages/book?cid=1753802&pk=A%3ADLI_20260918_A%3AHUI__1-0-0_ECO___1368339042&pt=AAAA.AAAADLVguMWq3T3wni5ahCDxvZm1udxWrDQmfog1pxqEKFgeslIj1U%2BGx0731%2FWfxD7HDPwxB8v1DqmeefvT0OrWe0OnJ6yD1UutHG%2BIva7CtRHsQwYi91f9nOi3oLDPGdiuo2j5i%2Fbp8p7HpgwgGAdiSTEvwB3%2B%2Fdg7TzNvJVL0GpTbrL%2BR%2F%2BKcejbKDtXkH3iW2MeknoDrl%2Frf0VOU59IDpda45%2B09UskTSo1Gd9%2BmyGdCZxMMTYZzlfV%2FMFxP%2FNJpxjkocOpd35ycgp5kUHFD5Gtcb%2F7Hx4u%2FExNrIBD3nO%2BiAvhNoiowc0zVrI0ECHDw5OgT6U0AQ027trS%2BOF88bnHN&ptyp=4
1755713913,A:DLI_20260918_A:HUI__1-0-0_ECO___1521412330,2026-09-18,Economy,Vietnam Airlines,VN,1381,VN 1381,Dalat,DLI,Lien Khuong Airport,,Hue,HUI,Phu Bai International Airport,Terminal 2,2026-09-18T07:20,2026-09-18T17:40,10h 20m,1,False,4009922,103950,4113872,False,https://www.agoda.com/en-us/packages/book?cid=1753802&pk=A%3ADLI_20260918_A%3AHUI__1-0-0_ECO___1521412330&pt=AAAA.AAAADOwY1j9PU2btuwJhbw4mDAdv7POm68DYEjyJogY6NdOkWyqXK4%2FPN8xQbUMgTdNf8yNqAhYHi%2Bo87Bjk66JCp606Y3wz8q1og0y3x7sk%2F74VHnaPD%2FcqeWOY7cHMX9435vln54BDVlWMVJLC5AWOALwxM91UmBYz%2BtbJzR%2BMnjhybgf490DFMErCwaVH9aVXKsg%2FGQClMj3Momwie1irjSmf%2Bs%2BVvl3qX7Nh4cDPsj8wYm92GeFYnHneGD79wnDAFgU8MUcA9QWFNOipD4iXPF8bJz6tmNij%2FV0lsgE7kpzZyqVWNRQg3JtuQP3FUy%2BhxcGZIehsPpcrSzKKlx1OQw4nEA%3D%3D&ptyp=4
2028628075,A:DLI_20260918_A:HUI__1-0-0_ECO___2033550059,2026-09-18,Economy,Vietnam Airlines,VN,1383,VN 1383,Dalat,DLI,Lien Khuong Airport,,Hue,HUI,Phu Bai International Airport,,2026-09-18T11:50,2026-09-18T17:40,5h 50m,1,False,4053693,103950,4157643,False,https://www.agoda.com/en-us/packages/book?cid=1753802&pk=A%3ADLI_20260918_A%3AHUI__1-0-0_ECO___2033550059&pt=AAAA.AAAADBGmaX8kmqJuM87KLVARqYSGJEQ3fey2gioX0iEebG95IBTVU2aSgLHXPePRdEbLeFURPzKtTvlt2oOHL72s9NB%2BWKthmU5Ux2kS2EA%2Bp1c2dQSCxXUqRZDhq7gd6BYk5N8yEcu3xEhTm4XY50xsCwuAimIwWDBBJH1ERSTYvqcgH2hCLQ8djdofiPQnDwoL66GKNICKYZ%2FeiXFPqycRh7nuLpyZOyeiYppE8Nf7GTPwcPT4iRo6uDfNUoRXStG%2F6Z70qia8tnwYnj8y3S6mAwTG6GGY7LQuqWFJU7ZBM9rI47yQJ5djZBW2Wz9J6%2BMDKrRR5R1AK8LCJoWNy5xyiko%3D&ptyp=4
156974876,A:DLI_20260918_A:HUI__1-0-0_ECO___1332856773,2026-09-18,Economy,Vietnam Airlines,VN,1572,VN 1572,Dalat,DLI,Lien Khuong Airport,,Hue,HUI,Phu Bai International Airport,Terminal 2,2026-09-18T09:25,2026-09-18T17:55,8h 30m,1,False,5287268,103950,5391218,False,https://www.agoda.com/en-us/packages/book?cid=1753802&pk=A%3ADLI_20260918_A%3AHUI__1-0-0_ECO___1332856773&pt=AAAA.AAAADDIHSxR6Si34iUYqotGgiEaKWYadw6qQs8AOHqSTCP5FpK13x6NYL1RW0oUym4hBBjkPoPw6VAEuSbmWuCosYEpOKxbA5kw6NzK3e2hpJCplI%2BiguPZpZvgz8G3friBkWyVv%2Bbw8Lwl3rk1CscPaVnuYONaj1hWo5azKeVvzPRqvTjjs352%2Bd4%2FzypubzEizGXv6wo2vNacie5Zo7AusPGf5cyAOl11sHnwKgnyHSMWZSyaLo96%2FYus1NQcPAsLv2RBCcxY7sU4DUz9qcfCjRP9Lr5HL9iuqMfyq1iUvcSle1ATAdOGmRlgb8il6UfLLq0B%2BFzfja%2BwC7ARCdmmqPg%3D%3D&ptyp=4
422518666,A:DLI_20260918_A:HUI__1-0-0_ECO___257605433,2026-09-18,Economy,Vietnam Airlines,VN,1572,VN 1572,Dalat,DLI,Lien Khuong Airport,,Hue,HUI,Phu Bai International Airport,Terminal 2,2026-09-18T09:25,2026-09-18T18:50,9h 25m,1,False,5287268,103950,5391218,False,https://www.agoda.com/en-us/packages/book?cid=1753802&pk=A%3ADLI_20260918_A%3AHUI__1-0-0_ECO___257605433&pt=AAAA.AAAADGqqDjo9TMTgyxIZPHYdUFZdsCWicIkdcx0UgY1fhu73vZJyhLmZmZo5U9KlTJWoda%2BJhCqe0g7ypnOCMYlEiuPqgWN84eWWl9dQGbl1i%2FILp1aDEv6qulpr3t3oTOp7lM6YQStKp89BAyW9kDdV4lG%2Fwl1CxfjOoMdS9naBPMg3fBURWTG58Jrc9Z4ZgjuY2%2B%2Bk6Ij1jQCv0aT4fxiEb2hO11dJY6KM6a%2BTSMuHuWN5Ea4m2OTpf4w7vv910WBHLbu6sQJchVCB2GamtgtTbIaLfj%2Bf4JsgIq%2Fa%2BxIJkbRYcuFtUS2ZWOYl1SPNH%2BxMNL%2Fr4ikZrcXrX6b%2Fv4uacg%3D%3D&ptyp=4
2147026288,A:DLI_20260918_A:HUI__1-0-0_ECO___1956979746,2026-09-18,Economy,Vietnam Airlines,VN,1383,VN 1383,Dalat,DLI,Lien Khuong Airport,,Hue,HUI,Phu Bai International Airport,Terminal 2,2026-09-18T11:50,2026-09-19T07:15,19h 25m,1,False,5287268,103950,5391218,False,https://www.agoda.com/en-us/packages/book?cid=1753802&pk=A%3ADLI_20260918_A%3AHUI__1-0-0_ECO___1956979746&pt=AAAA.AAAADHl6dJZhuQYk0z%2Fe0wcSPUzZ7XqSCXBQTsX8z85x4Pi62wZDPfUkU7N%2FiTVr6Jf5eNA1hSSwj0IrDsSCaAHWmvgrRgmZJUp6UbMhoB6EFB33ePF8dVhQwWTYsJZZgSSa%2BzCU5YJIBh0JkXpcOLwapk956cXDGHR1yZCfA8h4kcDUw9w1FtTErX7NrRGd4QYr7LShcCw3aiJw9DbQDxg3%2FLIko52W%2FAvnz9TeJycLlKQg%2BykJ0g%2BSr6xZTe8RwvmBk52oJ8U0BD9LhZZDQdfCLVT666afuD%2BX3J2NDV0SKA%2BRgHBoyiClx27GVbnq1%2BpALZi4LddgzVpRJ8E1QkwekIQ%3D&ptyp=4
1456726583,A:PQC_20260918_A:SGN__1-0-0_ECO___1185563976,2026-09-18,Economy,VietJet Air,VJ,338,VJ 338,Phu Quoc Island,PQC,Phu Quoc International Airport,Terminal D,Ho Chi Minh City,SGN,Tan Son Nhat International Airport,Terminal 1,2026-09-18T18:20,2026-09-18T19:20,1h 0m,0,True,631623,0,631623,False,https://www.agoda.com/en-us/packages/book?cid=1753802&pk=A%3APQC_20260918_A%3ASGN__1-0-0_ECO___1185563976&pt=AAAA.AAAADOugtkir7lsc29amL2vj1epm3kj1%2Be8p9bp2idxAviC6FA4qIL4nn2CiR%2FYZ1DKBuF9THkd0X1ToxmOGEKPa8qmxjDfMQiaiSiraK1pgueUb6Q%2BO%2FWg5UtvuMujqw0j1SlXyMT1A5F%2BAkWUu%2B2KOLwGxrvfnozjiOXl10O4urhN%2FEQykRkpjE06xQqykyKTiQKFe6RVuhVU%2BqIQ6HXlC4al7MP6NpWfGAUYJBND6tMw%2FYESd7pRHIP66xD0KqGT59BCm%2B29qr2Ax3hB2qFvFsiPsvITwuyST5ThQClt1ImG6%2BqjCP13jgBpBEcsaralDE1mS4V5%2FAJkDwceUeF5HM9BeGbyCtmdanBQJ&ptyp=4
1718773514,A:PQC_20260918_A:SGN__1-0-0_ECO___1097054557,2026-09-18,Economy,VietJet Air,VJ,326,VJ 326,Phu Quoc Island,PQC,Phu Quoc International Airport,Terminal D,Ho Chi Minh City,SGN,Tan Son Nhat International Airport,Terminal 1,2026-09-18T16:25,2026-09-18T17:30,1h 5m,0,True,631623,0,631623,False,https://www.agoda.com/en-us/packages/book?cid=1753802&pk=A%3APQC_20260918_A%3ASGN__1-0-0_ECO___1097054557&pt=AAAA.AAAADAQ%2FxxEDre7TQ7nvlglZOB7hslgInUQTcmfXRBUrYfmIoXKxnRCD7ozlE4e%2BBfrKPc%2F47UUV1lOqg%2BnV8q00DUE1jZduoaLy0PV4HdtbzaZcvbVpqQQOIsrPCcFLa0YP3T441rx2VCo%2F%2BQz4hUQed8knFRhSfqABNFPaxZw%2Fuf%2FSr%2FreJcYIhZNFeJNa%2FXmh0zkXVKOeBsS5ZK9NgZ%2BFYDYTf5lcumkOkr%2BCS%2BKIRl2E%2BLc1v7OX77sFxnX%2FQJGbJcLp1%2BqJwUMtp9JKtu8rvwrmfCEhg0JHvSCxX7rLCmnRCZ%2ByDzmx0d25jTj2Ri0IJtDOe8qrn3nU8AUUVgw5PHnRrnk8OGyaLdU%3D&ptyp=4
510588320,A:PQC_20260918_A:SGN__1-0-0_ECO___1573450795,2026-09-18,Economy,Sun PhuQuoc Airways,9G,1976,9G 1976,Phu Quoc Island,PQC,Phu Quoc International Airport,Terminal D,Ho Chi Minh City,SGN,Tan Son Nhat International Airport,Terminal 3,2026-09-18T17:00,2026-09-18T18:05,1h 5m,0,True,690267,0,690267,False,https://www.agoda.com/en-us/packages/book?cid=1753802&pk=A%3APQC_20260918_A%3ASGN__1-0-0_ECO___1573450795&pt=AAAA.AAAADLNKykJIcZ73WRlP7iD0gsKOKO7rVw9Rfk%2FqXCTCTszOoBIsfjnrgRZVfsg8xTCX6cgD9SWO%2BOrB58Zuk6ZSyzLxpawsBnFdXbD5s%2FL60%2B8Rp26BRfJd76WCXlmwRNZWrU80hXgy%2BcmqfGNBO8qUtzx6cCEHKLDhD3k%2FlxIDyrCNFgi0VGlzqIdLtdP6bEU46ePbq612IYP9BhytTRur2xNSf%2Bt%2FCP4uXUshj9umwjh%2Bc%2F24T12bYO7%2Bx9CJe7fVbga1v6p7tg1M1QxZHl4XCLsJuURgMXcSv3UY48L1NPtppWKbLiWn6VvHU%2FpSOHhBv%2BXjqdltyDxilkjmYOSItKX5H17HimcMUNE6qyKs2ARYAg%3D%3D&ptyp=4
2022292563,A:PQC_20260918_A:SGN__1-0-0_ECO___1803962932,2026-09-18,Economy,Sun PhuQuoc Airways,9G,1984,9G 1984,Phu Quoc Island,PQC,Phu Quoc International Airport,Terminal D,Ho Chi Minh City,SGN,Tan Son Nhat International Airport,Terminal 3,2026-09-18T20:00,2026-09-18T21:05,1h 5m,0,True,749953,0,749953,False,https://www.agoda.com/en-us/packages/book?cid=1753802&pk=A%3APQC_20260918_A%3ASGN__1-0-0_ECO___1803962932&pt=AAAA.AAAADLlkTR08xjyJQBPWxXnF1OTi3tRlovFmUZuwTKz8Q1J7D%2B7QBF%2BwcmonEKs4krjmc1kXScRPCoItBwxqWgTJuo3Xr23ZZt5C6w6KHH5mX40uWyPYDxqUObTTDF9TcV87gnv%2FO1Vk4df5reaEqTEX4Ud0LTFLlsxP2XUt9ZBZXl%2FYFv3KlW2iZ3lw5Va8BA0DPm8UnnbE2k%2FokZXQjq%2FqqjpxYsCzaiItV4TJko%2FAYhHjANoVHqVDmSpUjqL31cG5Fh5OS%2B5J3nzF0Tf06WvHQw%2BvZ560C4zFp%2FG6tfWkpkoQ8f26CUlJ7nxeA4s4og6OAHJD82aUt7UBQuO0qvvjdMF5GncNfnAThgjKk7l5Nfo%3D&ptyp=4
533225984,A:PQC_20260918_A:SGN__1-0-0_ECO___2024327274,2026-09-18,Economy,Sun PhuQuoc Airways,9G,1974,9G 1974,Phu Quoc Island,PQC,Phu Quoc International Airport,Terminal D,Ho Chi Minh City,SGN,Tan Son Nhat International Airport,Terminal 3,2026-09-18T16:30,2026-09-18T17:35,1h 5m,0,True,749953,0,749953,False,https://www.agoda.com/en-us/packages/book?cid=1753802&pk=A%3APQC_20260918_A%3ASGN__1-0-0_ECO___2024327274&pt=AAAA.AAAADPKyorcddZaWWQ77JCl1olFAmHR1VNENoy1DngoWJ37EdyRiX0X54hvoB3iauEUSK3%2BefJg4EwhuQMjRKmvsZN9egMTipKaPwCLmqtWxMmJ9shn6k1bFU%2BJljLg2AlVJrGRLbiWwOQToirrr55%2BHb9FZ%2BbZvFoVhR6YfPcU3joTA8VnxYEhHWioGbaWnjXnyEG9CLKGIZtjZH5kdS0lmXMNNteDgU0OHbdSvrLQy1Mgi2ebHLq%2F%2FfEYSFrEFCE8A61HJ1Il6xDD3R7ypugQ7f4FexuyKjwSk8Cc%2B%2FFP3Ty2Q%2FWmjaW%2F%2B4mLpkIOQr6GJFHMmztkjDSvbrFw%2FnqcttP4Y3NebZT4WqqOJO3w6Qw%3D%3D&ptyp=4
1697496648,A:PQC_20260918_A:SGN__1-0-0_ECO___524648514,2026-09-18,Economy,Sun PhuQuoc Airways,9G,1978,9G 1978,Phu Quoc Island,PQC,Phu Quoc International Airport,Terminal D,Ho Chi Minh City,SGN,Tan Son Nhat International Airport,Terminal 3,2026-09-18T18:05,2026-09-18T19:10,1h 5m,0,True,749953,0,749953,False,https://www.agoda.com/en-us/packages/book?cid=1753802&pk=A%3APQC_20260918_A%3ASGN__1-0-0_ECO___524648514&pt=AAAA.AAAADPiNIh2ct5B%2BzfOYlQI%2FJ%2Bn2iRhepNJgZm%2FWkOFbDIfbxRewgdeinK%2FfZnPEs9McT5xnr88ZJiN8oPHQ8sKTvJyHribH%2FqlfLw8LjyGj%2B1lToad9co%2FdRevB%2BfdRubKmbR8ljMj09aXTKo%2FO60SE%2BHCwLWhmeos5K9h7Nff4eML08nV0Tf1SFPIc2i4f3JNbsfRK0BbehCFRtFGmzAb9yNnoEtzKXtaBWpqSrAK7hOkNY%2FcZcylbSw5NPclubD8jZuJGJUxdwZQJ0nu3TCzHXs%2BCs25L4R4ulHr6dAYEYD8FYXfi6OwemcghLM0odzOa1nJopCuqQa4u4XVSL5xnFQfhmhzdxcR5LAyAt4SIwg%3D%3D&ptyp=4
1585149449,A:PQC_20260918_A:SGN__1-0-0_ECO___951501063,2026-09-18,Economy,Sun PhuQuoc Airways,9G,1980,9G 1980,Phu Quoc Island,PQC,Phu Quoc International Airport,Terminal D,Ho Chi Minh City,SGN,Tan Son Nhat International Airport,Terminal 3,2026-09-18T19:20,2026-09-18T20:25,1h 5m,0,True,749953,0,749953,False,https://www.agoda.com/en-us/packages/book?cid=1753802&pk=A%3APQC_20260918_A%3ASGN__1-0-0_ECO___951501063&pt=AAAA.AAAADFtDFrU79M9N3ySIL67te%2BlRI8i%2BOBo634H2hzHRD%2BomCuxeV4lZHuWe4qMw7EScnX2a3gBhdNYuZP9DSjuBp3RiNkQMP7pW%2BMruvD45divVNuGymzRYgoitE3N7EnfgZ%2BzwYOl66wyJ%2BbMT83tIEiCuZXa%2BPzIWedGP276tcyjMW9mAFQdTiMF%2Bm4N18ISQB47JRH3L8xw%2BQYmKBkuNAv3RGq%2BuaSgxCcA8VF3ANUEiSnXg%2FAVEIRiF0bmJhT52CcZTNaDDw5M2qHjbAGU5D%2BnBrmX5pbTnx2OaXY3NwtOKeVSc5l8tFkgsdUIf2r2gqx94ZCgKb2q3i2a8AEs9e44yOF6jrByuWOWleQom%2FeA%3D&ptyp=4
1651674963,A:PQC_20260918_A:SGN__1-0-0_ECO___1268219198,2026-09-18,Economy,Vietnam Airlines,VN,1828,VN 1828,Phu Quoc Island,PQC,Phu Quoc International Airport,Terminal D,Ho Chi Minh City,SGN,Tan Son Nhat International Airport,Terminal 3,2026-09-18T17:05,2026-09-18T18:15,1h 10m,0,True,848577,14818,863395,False,https://www.agoda.com/en-us/packages/book?cid=1753802&pk=A%3APQC_20260918_A%3ASGN__1-0-0_ECO___1268219198&pt=AAAA.AAAADCNYefX7RU6sciOWMThDJdYNSzp5XRy36xxqpgePHBRYWMusr14N2ZXSM33BzaA2OixlryNwoM1rmCY%2B%2BANahGCUBPYTtJy%2BRTHc8EUPuOxruNbHQ2MMEPuc8IKguVk7k%2BNz%2ByO6r9uXyXqGOFpQySCYdseaOYZKox2UKGrqnuVFyOMG0TnK96Lmw%2FSMelEdla1e8j1c12gmmtnTOqsa%2BotkjT9y9jpuhNf4nfSdIqftCuHtgycPN88JxxdlndeDiIXyWzj6aEFdo6knatj3MOssLw56iegMdvjg%2FrjgyhAN6WWsJUkMydXav%2FfAzL4CkA97LjvS9xahhG45iSK6TZxVl6DsLyI9y0RXfsW5xfE3Id41yw%3D%3D&ptyp=4
844143838,A:PQC_20260918_A:SGN__1-0-0_ECO___1609617903,2026-09-18,Economy,Vietnam Airlines,VN,1822,VN 1822,Phu Quoc Island,PQC,Phu Quoc International Airport,Terminal D,Ho Chi Minh City,SGN,Tan Son Nhat International Airport,Terminal 3,2026-09-18T09:35,2026-09-18T10:45,1h 10m,0,True,848577,14818,863395,False,https://www.agoda.com/en-us/packages/book?cid=1753802&pk=A%3APQC_20260918_A%3ASGN__1-0-0_ECO___1609617903&pt=AAAA.AAAADOp69pqxFiCdhE%2F48NffHADSjwJGW9bupgQwcVnx7iP9dkVyWSojSV1fM9UNOdSpBvSekUKOH1iaVIVP1h1iUY8KByJMFa19SGPrBq6JCzE3t8KZDnmBY48tLSndBcWLXtgD47ah%2BB2Upw3EyNSQh03R8COsRCVlwxjQd61GmLG7zPAoN38jOEI1NdB7%2Fh0PA%2BywD2dItlviz218TmPslo23ia7oluhyADTktuJCcwSbN2WEU4ZKx9GUmeTeMvegqkKxye9KcYrFIRfDo1cx36ukvdSEmO4g6eltGyvcidbgEeiSey3h%2BqQd%2BuUQCN6kAZNbl%2BiawNu5L7BOEg74pEBksF3qM%2F9oNm9Xtih20GHEirg%3D&ptyp=4
1420391628,A:PQC_20260918_A:SGN__1-0-0_ECO___1132418180,2026-09-18,Economy,Sun PhuQuoc Airways,9G,1954,9G 1954,Phu Quoc Island,PQC,Phu Quoc International Airport,Terminal D,Ho Chi Minh City,SGN,Tan Son Nhat International Airport,Terminal 3,2026-09-18T08:45,2026-09-18T09:50,1h 5m,0,True,1220480,0,1220480,False,https://www.agoda.com/en-us/packages/book?cid=1753802&pk=A%3APQC_20260918_A%3ASGN__1-0-0_ECO___1132418180&pt=AAAA.AAAADC0icIzNZRsLpeNKwohdm9f1u5MwudUXDzinBgs1Lh482%2BZ6e74V92DdOzJyaf9rKZh3JVBmD8tMQIiEiZEM3W0h8OnqmHu9rbLC%2FVRy9cLJQgv3UW5KIM8%2F0RwYI6Cnyq%2FU6JbGbqcFqYrInBLrpX%2BCQloIC9Zz6qU0IbNF%2FPYUjytv5oiB4O9QcudHr83jIA8F1V0rK0VFFXyi3rZniCS9cO5mJc2rpS6TXIYlzhYCDXiiDdTuFXFTcP4LOL75XtjwDCH7dr%2BBBxS1z1O%2F%2BDbhg0dFgr%2FKvPFDn1Lzp9f0waz6lGcIQTYRPupi3%2B25yqYmQC9MdczqkkqZMb8%2F5%2B%2FQYP7kK2tNlv6IlfKLKgBa1lw%3D&ptyp=4
1101580066,A:PQC_20260918_A:SGN__1-0-0_ECO___1143000415,2026-09-18,Economy,VietJet Air,VJ,324,VJ 324,Phu Quoc Island,PQC,Phu Quoc International Airport,Terminal D,Ho Chi Minh City,SGN,Tan Son Nhat International Airport,Terminal 1,2026-09-18T10:50,2026-09-18T11:50,1h 0m,0,True,1272810,0,1272810,False,https://www.agoda.com/en-us/packages/book?cid=1753802&pk=A%3APQC_20260918_A%3ASGN__1-0-0_ECO___1143000415&pt=AAAA.AAAADH7qh4C37ryXQmhMEQ%2BEVQVYZT95GdMkTMiNLZTNEUqEDa133j1jSHXQ%2F7GIkBCXTZdE7OH4Qz6cXZt%2BhAi670rSoqsCAqMSm%2F%2BISyMrWVaBLCxklKNi%2BxP7naZhwUyzXfEtWtgQMZDkNFnAlNjhkJXyZn9WEcsg7SNV6jUl%2BUv0fnuuZUfilP8BkaZoziGy0hgQvrNWNlwvHXvVg6MoHTeOiZEGkvhbCvTQdwng2UAGNY4GXk2TPUSA8KTlJmYtSO6%2FCHmmb6qzCS%2FCapM%2BRkFMghqpL3N%2FFN875aRTmi%2FFccydVipFKt0XEEGrkXLy%2B2Vbx98yEENx34qflhlq4lLhhqrLijWXCfQ7yJ9MvXlIVio%3D&ptyp=4
1263411766,A:PQC_20260918_A:SGN__1-0-0_ECO___1252795064,2026-09-18,Economy,VietJet Air,VJ,330,VJ 330,Phu Quoc Island,PQC,Phu Quoc International Airport,Terminal D,Ho Chi Minh City,SGN,Tan Son Nhat International Airport,Terminal 1,2026-09-18T10:30,2026-09-18T11:30,1h 0m,0,True,1272810,0,1272810,False,https://www.agoda.com/en-us/packages/book?cid=1753802&pk=A%3APQC_20260918_A%3ASGN__1-0-0_ECO___1252795064&pt=AAAA.AAAADAto604u6VuJKGA4LhXrG3%2Fiz%2FcXkmGfZ0dS%2ByoJK8btFgnzyTc1fcYESXnBFkT7PCKHGDg95xDUenbAFMMz%2BylY4rwH0JgOn%2F3nvxxsee7IiNezx%2FUU2UT%2FFfFdnrnQVNilQIcUi3W9E1ZCnIXzuqq7g1qLO%2FZVuuXFq5pJyDIftWjvEIvNi2zh1XIvU98TpnR8TO%2B0JvA69VtEnvtnHi2oi%2BklOuDgeOwetaMQiUEiGMyf2HQ9%2BR6UG0keL7EV0%2B%2BzApfaCBBtbFGgpDg0wbmL1SOCU4%2FLAcRpBWUQT01dyu0o0ISSkL8iCHgNI3l3fHsfkO3cQFqL17bMiStqlqYSdULHK68BHLXKQ206JNaCGRE%3D&ptyp=4
1364010367,A:PQC_20260918_A:SGN__1-0-0_ECO___1921185365,2026-09-18,Economy,Sun PhuQuoc Airways,9G,1972,9G 1972,Phu Quoc Island,PQC,Phu Quoc International Airport,Terminal D,Ho Chi Minh City,SGN,Tan Son Nhat International Airport,Terminal 3,2026-09-18T15:50,2026-09-18T16:55,1h 5m,0,True,1345054,0,1345054,False,https://www.agoda.com/en-us/packages/book?cid=1753802&pk=A%3APQC_20260918_A%3ASGN__1-0-0_ECO___1921185365&pt=AAAA.AAAADNKEm8nb25tyZuCSReU7%2F25l8OTNEWvZsRaJ%2BcPyOsnAprzWIBids2Spihlx3hNRbY0yaplniYKEAGpBqMflUFXM62eofLA%2Bg9KQZmebIv5Kztm%2F3jtXAXOehOeCxk2fXzEYX6udGK1upXG5UPCMtYVs02klBquhQ9B1rKvhYqtHCe03qmZU8lbrbX2cb0hxDMtOpJX2qWYOEIeRf0hTezP%2FKr%2FIkTilVIksv77cAzI%2Bu4k2mmBMPG85fC11D0e50SIA9hplGnvjgFBM9dZmf7UbXtS4qNUcsTRKhj2%2Bp4%2BywPKpsD32j6quepxWLr7OZZZjXQODMal%2FNoWKMgKY7xew7%2FUVlhWGC8rIhhOQ5zBIq1o%3D&ptyp=4
75078414,A:PQC_20260918_A:SGN__1-0-0_ECO___1250222197,2026-09-18,Economy,Vietnam Airlines,VN,6104,VN 6104,Phu Quoc Island,PQC,Phu Quoc International Airport,,Ho Chi Minh City,SGN,Tan Son Nhat International Airport,,2026-09-18T11:45,2026-09-18T12:55,1h 10m,0,True,1473056,29545,1502601,False,https://www.agoda.com/en-us/packages/book?cid=1753802&pk=A%3APQC_20260918_A%3ASGN__1-0-0_ECO___1250222197&pt=AAAA.AAAADOrJf7waEtN8%2BslnhzIo%2Frw4YMV%2BbtBpTSDCBPS6D3jIZUOwck8CgcR74eIUcSf3VPJ1HR2Xfl57X4spXVzcZqKJ6cPOjEVqi1QHoqHjZwtm9GxLuKg6VIaJ2Jq%2BgbWr4O7WNZNtcdbxAPVCvydpSmBYgrmOK4UoMuCHPXOjgaErPcqiSPoN48A7PV23Rci28ARf86aTZaCW%2FQ6qLF%2BStVftCqYfeQbbZbfV5FqIan1gbRPYTyKxaqm7iFMxNGrR7MH0ZGNT%2FpqlgemWY5HDlriA5bcfpek0EFHnPllkZRqugcqxwvAbo5LqJk2SoPkBcC1gT8%2Bn1DAjfx6QL2yj2FxD2bJslA%3D%3D&ptyp=4
690703857,A:PQC_20260918_A:SGN__1-0-0_ECO___1575276323,2026-09-18,Economy,Pacific Airlines,BL,6104,BL 6104,Phu Quoc Island,PQC,Phu Quoc International Airport,,Ho Chi Minh City,SGN,Tan Son Nhat International Airport,,2026-09-18T11:45,2026-09-18T12:55,1h 10m,0,True,1658038,33256,1691294,False,https://www.agoda.com/en-us/packages/book?cid=1753802&pk=A%3APQC_20260918_A%3ASGN__1-0-0_ECO___1575276323&pt=AAAA.AAAADD6IWkdFm1mu5V5PgWMbFJL%2F0UX0h7o7iHgw1p4HO1WGkoXBhOmHV0CMsz1iJVTTdxUzbAOcu7H3J5zpEom551j8Yib2rmCdGXIN2OBR5YcVKcfROO4ayQtNbGq7g%2BtvO0ZIxfRpBpLyeL%2FSXPbFkWO1uW9BYyPkWg9wZYjYOMhv0Ur%2FZUw90Z2BygceBFVaXGReu74e9SQnmk2vrA8621tkopTT8exLB0ff6gN%2BeUJEXFqwj%2F1Y8jVz3Ul6sajxbvCQdk0%2FTKPQOjauwfgE86lMY0hfJSiQixRbyF0OmwAMhVSTzZv34HEd5bPxISSY0BUUzMKmdvS4D%2F8GxPEJCDL2UgoW4um5VbNZcs%2FNc9iWgiI%3D&ptyp=4
1959151632,A:PQC_20260918_A:SGN__1-0-0_ECO___538144822,2026-09-18,Economy,VietJet Air,VJ,336,VJ 336,Phu Quoc Island,PQC,Phu Quoc International Airport,Terminal D,Ho Chi Minh City,SGN,Tan Son Nhat International Airport,Terminal 1,2026-09-18T08:30,2026-09-18T09:35,1h 5m,0,True,1826927,0,1826927,False,https://www.agoda.com/en-us/packages/book?cid=1753802&pk=A%3APQC_20260918_A%3ASGN__1-0-0_ECO___538144822&pt=AAAA.AAAADFNN8C4nZOKpBKP%2BdliZNt%2FrKe1ixsXndF5KoQyfb%2F0pURUC8UpGFaFOZ23fE1JO37VfvFcUepf75ArwcqU4MbbnQiBhJfGK%2BWvc9BOp6yLadmBXB24qLnFYU1%2BnXxuR7e8gsEVQXMpmhO6TPorrXJwPsXrWcI27U04%2BfkieH3fabcsaV%2BvatXhYlRNAY8Navh0Icb87%2BHcqtoOkWHHBpliuD2MxxKmEw5sd4ehQ53AfGuzH2C1t7uMsbrWkTMyjPZINEDa7MuuQilmRoLmwskVNztxBS6s4aHZyIKp5KUHwRYhs0hlHldHI1DXZP1N%2BI5zKrkUt223Ojkd4uiPST1GAKcT30oN6fCmEOVLvCkmo&ptyp=4
785243437,A:PQC_20260918_A:SGN__1-0-0_ECO___438550027,2026-09-18,Economy,VietJet Air,VJ,766,VJ 766,Phu Quoc Island,PQC,Phu Quoc International Airport,Terminal D,Ho Chi Minh City,SGN,Tan Son Nhat International Airport,Terminal 1,2026-09-18T13:00,2026-09-19T12:00,23h 0m,1,False,2318745,0,2318745,False,https://www.agoda.com/en-us/packages/book?cid=1753802&pk=A%3APQC_20260918_A%3ASGN__1-0-0_ECO___438550027&pt=AAAA.AAAADL4f1AiiWx9NdvHTnHZlRfgcgGVYRuJ0zE3T32NV2DBnIeQPNJ1vlfMJ7xa3boF186opV5RFXa%2FAr5ijM%2FTdB289OQa04Ul13xiz%2F6NbsLg4EmD8BBjUzx4VWvubD64cjcRvCSyyl%2Fyx2b8Gf1xKAVPny6Ys33d%2B8h26%2BFIh%2BBYhqGK25ta%2FdumHJpDEnO4J0%2B8wW1rZWj4odpuQdyoBCYdUoaK%2B1Bo9O6AmXMFCVrntDGaqE8QSF9BI3fcHE%2FqK7u4J%2FOkgVumeRlmyoZxXgqvemUx84jp1BDu6dGA8IteWb5zQhgGNesJ3cpD%2BKiXgDqEanjy5GLh9q%2BlSeHr0VoWVtylLUlpn7yXjY5xKocNdhv8%3D&ptyp=4
2046589182,A:PQC_20260918_A:SGN__1-0-0_ECO___287413343,2026-09-18,Economy,VietJet Air,VJ,766,VJ 766,Phu Quoc Island,PQC,Phu Quoc International Airport,Terminal D,Ho Chi Minh City,SGN,Tan Son Nhat International Airport,Terminal 1,2026-09-18T13:00,2026-09-19T13:30,24h 30m,1,False,2318745,0,2318745,False,https://www.agoda.com/en-us/packages/book?cid=1753802&pk=A%3APQC_20260918_A%3ASGN__1-0-0_ECO___287413343&pt=AAAA.AAAADMcTWNVYH7cYyVDCcllLlR6sO4Mi%2BQnDrZT6GOKcZKz5B6ZxHGeaN7oFemb4yWWwhrlKqhnNnfwMzB5nVOu4g%2FggBG5UlaSv7FrWpx2u1Mfr6qDIR%2FG8TiVaGxlhXGLVkQpI9F%2BEAF%2B72QMQ3tlLwQr0xy4bpoon3f%2F9lnFVPyTtRE%2FSuKCZFhGfCSifhUT1olz56M3zrasWPxwbmcswyLPsQIdKsmNw9piO4RBNRmcLDZebaPOl79Y7uYklZKfHVqt1%2FezrTf3g64%2FhCujfJqe%2B9zqsVgBYeTyJaXl0dw0VOIhSgDdLNClz66oz7XsAStgVaJrUfG%2F15vwvFq7bpfD4G%2BpTOmojdmwP1Bipj%2Fyx%2BNk%3D&ptyp=4
1186390116,A:PQC_20260918_A:SGN__1-0-0_ECO___1662403442,2026-09-18,Economy,VietJet Air,VJ,766,VJ 766,Phu Quoc Island,PQC,Phu Quoc International Airport,Terminal D,Ho Chi Minh City,SGN,Tan Son Nhat International Airport,,2026-09-18T13:00,2026-09-19T15:30,26h 30m,1,False,2318745,0,2318745,False,https://www.agoda.com/en-us/packages/book?cid=1753802&pk=A%3APQC_20260918_A%3ASGN__1-0-0_ECO___1662403442&pt=AAAA.AAAADML31rnvm9Mlegi5Y3wqp4gIh5uy7SNqKN4AcNqMPW4AlCFcBNjVfvSbPQ3%2FHxz%2BhJJcNVPRV9gqdsMxs1sU9BKdkIY8TEzum%2BVdR0NmbQs5FZzDHOuJCeBE8OHTOLP%2BH%2FQLeDRyOz33Ncyi7ghGb0G1928l3xxi161ZTRBQteZFHQACMjdVpud7W5nKuFoMufu52%2FZgisVE1jamoDEU7jD1JvIugwwi3mN3NWyNxNqO6yBRUbjcTPpFTDBUzQr1W80Gx5AIt%2BPY8hVDG%2BWk9rBe0YeqYvSoKvK4ByL7DP7CnJqvaRnCATLZCWf38vnO1HIytpb1PsTdXgZfQR9zxAFI7SKOQzwTErmtuULjvUr8y7NvkQ%3D%3D&ptyp=4
1989015513,A:PQC_20260918_A:SGN__1-0-0_ECO___1887499160,2026-09-18,Economy,VietJet Air,VJ,716,VJ 716,Phu Quoc Island,PQC,Phu Quoc International Airport,Terminal D,Ho Chi Minh City,SGN,Tan Son Nhat International Airport,Terminal 1,2026-09-18T19:45,2026-09-19T08:10,12h 25m,1,False,2594585,0,2594585,False,https://www.agoda.com/en-us/packages/book?cid=1753802&pk=A%3APQC_20260918_A%3ASGN__1-0-0_ECO___1887499160&pt=AAAA.AAAADIjLSRxZHKvVi3PapYJ59RbdgND66WJTK4J0Ax4XnN%2B2IPzdxXOkOh2WhlqNZlfm%2Bo3i8PG3Twq6j%2Fg0HW0U9HxqZDsDYHBX8HbY%2BK6Ezb2zIsst45o9QCYkOZvEchgW9pny%2FAzHdiYcUzCuKOfe%2FNLVA%2Bfv6Ue5EIQJ4cIxGT%2Fdkh1jACQPg4neJQI3UuNMSMWKSvAQQmOymNNPTMGEkYFdvEzdfGrmgoQ3USoA6g2ltwPH0cRZpLnxa%2F1F0onFGLLOMFKaecnxnHbVqKgVCkvviJ8AbLJ1%2BnZAu3E3hrzOvg3odDxWApBO7iDbHmlFT9jChmRlpzchQZ4kM4ZQIGhA%2Fkli0hDO5oqVeaGtpwcy7SMD&ptyp=4
1719731319,A:PQC_20260918_A:SGN__1-0-0_PEO___1185563976,2026-09-18,PremiumEconomy,VietJet Air,VJ,338,VJ 338,Phu Quoc Island,PQC,Phu Quoc International Airport,Terminal D,Ho Chi Minh City,SGN,Tan Son Nhat International Airport,Terminal 1,2026-09-18T18:20,2026-09-18T19:20,1h 0m,0,True,1815697,0,1815697,False,https://www.agoda.com/en-us/packages/book?cid=1753802&pk=A%3APQC_20260918_A%3ASGN__1-0-0_PEO___1185563976&pt=AAAA.AAAADOh2ZpbS1evJtdkpgZmY2PcZgsvEW1RzIMKtFw3UCbl3NMI5zsPCSzUI%2BT2W9%2Fz1R3rP8%2FplP3D2fZM6Glb3LBB3HXUCmvjjyKVN4xBoc5pe59OgWcmBeeVRgMZddy2vE4h%2FSyDts0EJ3ak%2BD94DaLikpNeR3mzRykIlePeAJmrW%2BKpwgnZ%2FLddHfqQ6PTNPhQeGIdD1RypobXLKz%2FsfVNxT4ShUdSi36Mt1%2BY1OxkATTbhnMJbCUOc5YbCGC9eGAeJAeE4AbCEE4xcbgkpkPn1wwAfnneL%2BUQl6o3U9elwavsr9j75iL9WU0Z8aYrXGjiX5Rs6fPBKY1FjieqI5SUW9PYXR3OqlwFoM&ptyp=4
1186876317,A:PQC_20260918_A:SGN__1-0-0_PEO___1097054557,2026-09-18,PremiumEconomy,VietJet Air,VJ,326,VJ 326,Phu Quoc Island,PQC,Phu Quoc International Airport,Terminal D,Ho Chi Minh City,SGN,Tan Son Nhat International Airport,Terminal 1,2026-09-18T16:25,2026-09-18T17:30,1h 5m,0,True,1815697,0,1815697,False,https://www.agoda.com/en-us/packages/book?cid=1753802&pk=A%3APQC_20260918_A%3ASGN__1-0-0_PEO___1097054557&pt=AAAA.AAAADMntzwP7BHqKWt7YVsFbuJMIuEHrgvBGlHcpJ4LPAcKE91pJNAZTnwoR0DRsT3AjZtCnpSvoQPk8ATM6knFNmZJPFLr0QN%2BljXWs7NNMnwp%2Bx51JCCb83q5s6F4GzSVe4P%2FQqigJmLBBzWUQI5oxD3nr2TDql2FBJZ1zmnS2UprNbGDYMDt6YZHothmg0xXrfNJ2utT9C5dnqAI9HzgdsMyKCcxaGgpsuzIe%2F5u90EFy5bmjbDuxLYoIzoZQN41acem%2Bj8YAtFh1vP%2F32i5mFHrxjYGTEUPRMlJ1GJUMccXq9ye2tKzUGOZxAvq7z4rZrls4Zupo274tDA4%2FXVsgt8dUeNUreICH6z0Pag%3D%3D&ptyp=4
1300675797,A:PQC_20260918_A:SGN__1-0-0_PEO___1143000415,2026-09-18,PremiumEconomy,VietJet Air,VJ,324,VJ 324,Phu Quoc Island,PQC,Phu Quoc International Airport,Terminal D,Ho Chi Minh City,SGN,Tan Son Nhat International Airport,Terminal 1,2026-09-18T10:50,2026-09-18T11:50,1h 0m,0,True,2833058,0,2833058,False,https://www.agoda.com/en-us/packages/book?cid=1753802&pk=A%3APQC_20260918_A%3ASGN__1-0-0_PEO___1143000415&pt=AAAA.AAAADM5GstKaaiPBlCVwGUjQrpTStk%2Bh6PICHI%2F1PyL0prCDIhy9ZWrEClcHO29IPtUWEBs0JLNqybrXOjfWHqplIU%2FWi3xQOE8XXD3oou3aU2ZENekcj4R45bebY08XD%2FBBDhjS9IUXIGjUUl9jgS8JZeOErXmNLrfN9ayr4kYtw1PZLOJDkPqMG%2FpXGPYNGVfhpktwF9uJoyRshAI6NLVT6bgdsBoy7%2BE%2B8jsDZZm8%2B33n7TN%2F75RbSOJLQw3%2FO7RLl9%2FX49Ah2QJv2Jya5Ru%2BVu%2BU8RW2sASjDBR68ufyvLhGW2hacXN8YJdtJKWcy%2BZrQ%2FaAgA9J%2FoRGdJRWidTW%2FXiHPzMgmc4PSuI%3D&ptyp=4
296717872,A:PQC_20260918_A:SGN__1-0-0_PEO___1252795064,2026-09-18,PremiumEconomy,VietJet Air,VJ,330,VJ 330,Phu Quoc Island,PQC,Phu Quoc International Airport,Terminal D,Ho Chi Minh City,SGN,Tan Son Nhat International Airport,Terminal 1,2026-09-18T10:30,2026-09-18T11:30,1h 0m,0,True,2833058,0,2833058,False,https://www.agoda.com/en-us/packages/book?cid=1753802&pk=A%3APQC_20260918_A%3ASGN__1-0-0_PEO___1252795064&pt=AAAA.AAAADGqrOaP0gLRyD9eMeKKhb3YuSg1L4ZMXsxKa6DEGNPI9JHPfUEPIm8NgbPD5ynIhQD1As6aqt3Q07pdSuRDWW7xqBb3bajIQNi4LQnvgS6Si6Mv91DRGJ22KVqQB7EF1dBJJlDWX1zZ02UBVci54n4DVKv8ymyYxcGK4Sj4Ulo%2FJTE6o9axtE0hQWS29VK%2BWlQAiDJwS3wM4fj%2Bw9Z%2BPZXyeRCmQ7Uz4%2BYA2eBXnJnf8YAdF9cX9zgoOc1STBlaNdKA2%2FUxd%2BBV2fHj8gd0HFYmuIX51A%2BBBfHipW8JD7yCMnIExnYGG3RT%2BKj7yFDzuzzUXjl%2FZO2f2YSG%2BVzllova96cVxvL6JRA%3D%3D&ptyp=4
212864527,A:PQC_20260918_A:SGN__1-0-0_PEO___538144822,2026-09-18,PremiumEconomy,VietJet Air,VJ,336,VJ 336,Phu Quoc Island,PQC,Phu Quoc International Airport,Terminal D,Ho Chi Minh City,SGN,Tan Son Nhat International Airport,Terminal 1,2026-09-18T08:30,2026-09-18T09:35,1h 5m,0,True,5073961,0,5073961,False,https://www.agoda.com/en-us/packages/book?cid=1753802&pk=A%3APQC_20260918_A%3ASGN__1-0-0_PEO___538144822&pt=AAAA.AAAADCI%2FgXgHPwOxOi8R4XdU3pFOhTTz1sgqmyYy4PqRwxCf12H%2FLyn1OjMVQlATLivtTJ9TV3D2Xy%2FDASJsHXHIWJE5sLONuc%2BmXuYhD8AIGmeFjlMvzG2YHe1FRwI%2BYozhL%2FPDx%2Bxe2TbjFvdK6x8vGuxu%2BXZrHLyfXzf%2FbBxrt94SJUlfhVwIA49wdahT0%2Basgq8lYl8BSkYBupLcircOKluudQrMgQey5KqgRyvnzZGFTGComJX67adruZJ%2BtUAsap6hFExn0f4%2BYskfYSaCGVfhbqjFJd5pVELZdotZ%2B6F%2F%2BclJHPHlRO4ZqTm42BqP%2F%2FTd1CLE0AKU%2Bi5RkWDU1hUkKcE7eYg%3D&ptyp=4
866310953,A:PQC_20260918_A:SGN__1-0-0_BIZ___1132418180,2026-09-18,Business,Sun PhuQuoc Airways,9G,1954,9G 1954,Phu Quoc Island,PQC,Phu Quoc International Airport,Terminal D,Ho Chi Minh City,SGN,Tan Son Nhat International Airport,Terminal 3,2026-09-18T08:45,2026-09-18T09:50,1h 5m,0,True,3164791,0,3164791,False,https://www.agoda.com/en-us/packages/book?cid=1753802&pk=A%3APQC_20260918_A%3ASGN__1-0-0_BIZ___1132418180&pt=AAAA.AAAADCitJJyDpLARuB9OgkYUWVMkhuwnT267S2Bw1OuVgmrpLse1cksbxfI6YbF3sHXvzsTADBOGdNx%2F%2Bi%2BfKLatAUijnarNker8FhAHSpnpsW74NmlayHi2E5zVtHxf1fBDBDI2iUUQjnNV81EuRWuAO5IQ8XSMyECW7ZmFC9ImI0OnXU0X4vxxaDAjtL%2BBh5Jft8MqJJZbeHoKZcta5BcBYTIgS1Un%2FUsUY9lO6D5S9b3oIVyHYrlHc%2FpjNxxbZMo1yGYCO0BLS8gLiSAONu2e6CJEwcikwPX2ENXB3oPZ9Do%2F8woJVqiGFi58jJnCU8tvgFQvqvb9cXUr1UQgR%2B6yJqTjwKaEMxejdiryNCU7ebDGgX7x&ptyp=4
898106177,A:PQC_20260918_A:SGN__1-0-0_BIZ___1573450795,2026-09-18,Business,Sun PhuQuoc Airways,9G,1976,9G 1976,Phu Quoc Island,PQC,Phu Quoc International Airport,Terminal D,Ho Chi Minh City,SGN,Tan Son Nhat International Airport,Terminal 3,2026-09-18T17:00,2026-09-18T18:05,1h 5m,0,True,3164791,0,3164791,False,https://www.agoda.com/en-us/packages/book?cid=1753802&pk=A%3APQC_20260918_A%3ASGN__1-0-0_BIZ___1573450795&pt=AAAA.AAAADAHwWbJA4C7TfzfAWzDG6h237MB3kDwyUi%2FN%2By9AyrpMn9ewmSpYrI1TXs5wXF8ERlxdCwt%2Bz5hT%2BTHK8FvvmeAaa1pPDis6kwElrP%2Bwre5Wwf%2FT6UPlDEkA1eMPxNTnJ%2FeWKbUFYMq9QMpH1YHhD3eRY5gvKNJqgHsJOu4ZxynmMXxf%2BxVYJbTZOVRFqK9pTEypzpTFpgenABWkQ%2BE6a7eL2NZbs8sQI6GdgELgbVhXz%2BZqb31z4a0jzF%2FrTZQK5YHYgVgYfoCUynFgMsFfqb%2FPUrKF8dhFTGVFs6gheRcE9FBXnqqx%2Bu3NBrQ%2BjBFzbML242%2FgA4pWFSjFsJfrDYaW%2F6ClGiKopzejtGgqu7c6mvZD&ptyp=4
249422356,A:PQC_20260918_A:SGN__1-0-0_BIZ___1609617903,2026-09-18,Business,Vietnam Airlines,VN,1822,VN 1822,Phu Quoc Island,PQC,Phu Quoc International Airport,Terminal D,Ho Chi Minh City,SGN,Tan Son Nhat International Airport,Terminal 3,2026-09-18T09:35,2026-09-18T10:45,1h 10m,0,True,3800820,37085,3837905,False,https://www.agoda.com/en-us/packages/book?cid=1753802&pk=A%3APQC_20260918_A%3ASGN__1-0-0_BIZ___1609617903&pt=AAAA.AAAADMG3N8KHLI6ZdrweERmmaPOj476dhEcUJFywPhw0p6iOHrd%2BDwzIsu%2FdIvfzn3pPu0janaReqFeqzCLK6jhLs8bZt%2F76jzNh6Xn%2B3xsRWGFr9g6GftxjriUTLNLAX5%2B%2BznXDau%2BzVNwNCBFEK%2BmBYPxUuzL6mHBJk3P9AgIq%2BD0eVrgoP0Q6v0mWvDsKK5UB3rwUP2vaMIPCtxMJlZFxL15DUqfjdzv8YBiexR%2Fi%2FqhR8xPgeFZTnPSoIKBggacD4Wh%2B7Oq8ugAKtd2i0WsDJLwpHWbqkF7HwyO7qnN3SMxGzOPtFBL1A1SUDANik0In9gTTyFTNkhgTFXwWlZCSEN%2B9bHMfT6uIj8tQ1LsfqHY%3D&ptyp=4
1712679664,A:PQC_20260918_A:SGN__1-0-0_BIZ___1123665125,2026-09-18,Business,Vietnam Airlines,VN,6104,VN 6104,Phu Quoc Island,PQC,Phu Quoc International Airport,Terminal D,Ho Chi Minh City,SGN,Tan Son Nhat International Airport,Terminal 3,2026-09-18T11:45,2026-09-18T12:55,1h 10m,0,True,4504156,43947,4548103,False,https://www.agoda.com/en-us/packages/book?cid=1753802&pk=A%3APQC_20260918_A%3ASGN__1-0-0_BIZ___1123665125&pt=AAAA.AAAADNl75weuIH3%2Fq%2FUNSwMEoeUSWKcEdb0Y67hptTGJYOBcii5PgNv%2FQYEcUCvo%2Fu5iZ5Eva0D6TfAcakYlurp%2FaHkVD92cK8RzbT9peqosmpIiMhIddcwJU%2ByfSUiEc8iXnfWohcx74kLkNmwH6Ibp9AZYqLmTxdH7fcfbyzbJFpJAnnbw34iEW7EWrW4i24jbtBBsP6qBj%2FqLh2lZiACnpQDejIeZP1r2LeO%2FyUK1x27T3XnKpv6bhZVxmDUO1oTFEU%2Fu49tf%2B0AbN68kQ8DGxol95Roupyb5JElumLSWbMh0%2BWwDNT8naDakFAaqODUcY%2BiwM6%2Fgp8doKuzczkFKazYiDJUgjL0OWbF%2B3e0Nidtniw%3D%3D&ptyp=4
1238308807,A:PQC_20260918_A:SGN__1-0-0_BIZ___832399342,2026-09-18,Business,Sun PhuQuoc Airways,9G,1224,9G 1224,Phu Quoc Island,PQC,Phu Quoc International Airport,Terminal D,Ho Chi Minh City,SGN,Tan Son Nhat International Airport,Terminal 3,2026-09-18T16:25,2026-09-18T22:45,6h 20m,1,False,11191960,0,11191960,False,https://www.agoda.com/en-us/packages/book?cid=1753802&pk=A%3APQC_20260918_A%3ASGN__1-0-0_BIZ___832399342&pt=AAAA.AAAADFc%2FPy38tojH77s4AQI5Vw3J72FgtcYVjGGQtc7Yise01oYW7db2F88yT5Aa%2Bi6HL%2FBY1a3OUpw5agJRaqtRJiz%2F%2F0%2FcLs57X2wBajQM%2FSBuohNq5O2ZAH0TIVIHnaUpzo%2FCHZ58E%2BfIRQXyCUjpMoD1jAVh40xEm2JjE%2Fb76ztzTRNk0OQrCawatx1m9YllOjnaWy8Q8px5w1HFXR2v%2FZduXajcXGkTUQ34cFVNYs6fkoe%2FOYK0M2D87Xm3FfPBU4EGeThQ1Z1OpA1x4rthSuU4ydfg0mKhJIPnNc4ClaiCXFmNQ0rDSVTq1bAHhfORYvkiesufEQuBzkXDVF8LL7DxQEZfG630BpqLjaD1QP3wQ6S8VDrfeQ%3D%3D&ptyp=4
1704410875,A:PQC_20260918_A:DAD__1-0-0_ECO___1581607937,2026-09-18,Economy,VietJet Air,VJ,716,VJ 716,Phu Quoc Island,PQC,Phu Quoc International Airport,Terminal D,Da Nang,DAD,Da Nang International Airport,Terminal 1,2026-09-18T19:45,2026-09-18T21:30,1h 45m,0,True,662434,11979,674413,False,https://www.agoda.com/en-us/packages/book?cid=1753802&pk=A%3APQC_20260918_A%3ADAD__1-0-0_ECO___1581607937&pt=AAAA.AAAADKuJTZVJKiC6kx8xQ%2BC2qv%2Bm4rZ2NILk2aCI4thaZa590w3f9FXAgbaTeR3UmzUByhXhv09wAFIQ6194m%2FWAUggudUT5n%2FWNkeeuyAzEEOnBOfgZAKDCjjWgle6fLlntGH0BFQp%2BWOhT2w2m4VLnb%2BvbcOLyF8iOLf0k9LTIreCFkDlcbBVUuamCNFcSvck5YQhqSBe4%2BayKqp80ZfKcWQiwQY9huNFe7dLnranPHQIrdUyHWzecYgPFBzLP56naISu35wny%2B%2BtZmQFurX%2BflHSz92262fL%2FvLaxDOsC9Oo14jpmsJBE1tbqwKdF6IfJ4iEP%2BJ79uWQpYv28Qoi2jJCH2n84RMj6hIyp&ptyp=4
369332228,A:PQC_20260918_A:DAD__1-0-0_ECO___1691158760,2026-09-18,Economy,Sun PhuQuoc Airways,9G,2962,9G 2962,Phu Quoc Island,PQC,Phu Quoc International Airport,Terminal D,Da Nang,DAD,Da Nang International Airport,Terminal 1,2026-09-18T11:35,2026-09-18T13:20,1h 45m,0,True,686904,13420,700324,False,https://www.agoda.com/en-us/packages/book?cid=1753802&pk=A%3APQC_20260918_A%3ADAD__1-0-0_ECO___1691158760&pt=AAAA.AAAADEO%2FiDnxDMHGZBS4OhJL1Rm2YEd2fgaN3Rr0o%2BZenoFSkdDM6Zsc%2BgeRpVuULcOyt2sXRdmuYVXgs7SdWCv%2Fn4cZmOR2jMRe6NaO%2BuzOHygopyPgbJ29MCkA8CsQjAt0zlu%2FzjSUX71pVXMxiicwejcm64SeCK%2FA7se1oLT8YPHRpkOspbQVoZpddTPmncgYGOs3eiLSN6PYOpVsmWm4wfFfUuPrVniyv88ivJ0F%2B0LHujmRT8C9haYlvonnirytaxasoeaUnFLn021T%2BvsZ%2BZ7raQpPMFKl6t4YmVPt2BxOe%2Bo11%2BHZgx9G1gmdWU22SlDooFMLGoQZbUvq0So4eP8pZDMsVsA2uK%2FY%2BRHQYQ%3D%3D&ptyp=4
346695039,A:PQC_20260918_A:DAD__1-0-0_ECO___1984329387,2026-09-18,Economy,Sun PhuQuoc Airways,9G,2966,9G 2966,Phu Quoc Island,PQC,Phu Quoc International Airport,Terminal D,Da Nang,DAD,Da Nang International Airport,Terminal 1,2026-09-18T13:15,2026-09-18T15:00,1h 45m,0,True,705752,13788,719540,False,https://www.agoda.com/en-us/packages/book?cid=1753802&pk=A%3APQC_20260918_A%3ADAD__1-0-0_ECO___1984329387&pt=AAAA.AAAADCwj4OtJl3%2F6YBX8F07xDpKdDwPrmRVtsmejrgSqaCP3a7eYWF9zoGU4ZJjcZ2ye8feYVEJtrWK1peNVYRiXXdmlPs5AbC9oFpQQiZoE6zqKUmhZ1PdZHZ%2BY%2FC%2BPfn1OCVMBoOFsO7g0f64SH6oeqajto3ELGhdKQcjzKVApsI1%2BsQlc%2FQ2UtCiYUyFg3%2FIHyrQP9CK3%2FINW1%2FCDopjTh56dePlmvGr093L0NDp8JB03DxYyKs4bZu7aTaEVKiy7b9MJBijulBkgro8rAk6mulgx12IEdj9eH1zvOnAwMeZD%2ByH5tz83l2ntuVOdZ4VKPcYOCzaEp97Ay4EJPO0soyzLmeOLLS4m&ptyp=4
1376710815,A:PQC_20260918_A:DAD__1-0-0_ECO___698042888,2026-09-18,Economy,VietJet Air,VJ,718,VJ 718,Phu Quoc Island,PQC,Phu Quoc International Airport,Terminal D,Da Nang,DAD,Da Nang International Airport,Terminal 1,2026-09-18T09:25,2026-09-18T11:10,1h 45m,0,True,1094492,14149,1108641,False,https://www.agoda.com/en-us/packages/book?cid=1753802&pk=A%3APQC_20260918_A%3ADAD__1-0-0_ECO___698042888&pt=AAAA.AAAADG4q3ZVkD%2Ft8Ux9f7fEUYLQ78jTmEsWZ2UAcVcAyxxvtgvEtHwSjwZjZE9GR5gBENLM6uVuUdPf%2B%2B5y1hURB%2BG75DHMNnkP1rQ0RWFUNaedk%2FdJxXPZyXsoyKIZ2Lb1%2FQL7VXL7EfYFcHWNdtZpppLpstGeMt1sZAhZSC3jl%2B0zcED%2FFeskSW9sJsg8wGZN9acuQssOzt7U4gWxWh6KAJOm8RBuD9JuavCKpTXfzTFV%2FRtA5DrymNED5%2B5YdFqBy8T7tYxj2K2MRlulmZhe5twpr8gYhG3ytMaU7uywrkwL4agN4hMP4fnr%2FXNiLjzzBtxcamTHPkSIGIRdrSdBLgz%2FBRswmoIx1&ptyp=4
181942072,A:PQC_20260918_A:DAD__1-0-0_ECO___1198797552,2026-09-18,Economy,Sun PhuQuoc Airways,9G,1208,9G 1208,Phu Quoc Island,PQC,Phu Quoc International Airport,Terminal D,Da Nang,DAD,Da Nang International Airport,Terminal 1,2026-09-18T11:00,2026-09-18T17:30,6h 30m,1,False,1815573,49734,1865307,False,https://www.agoda.com/en-us/packages/book?cid=1753802&pk=A%3APQC_20260918_A%3ADAD__1-0-0_ECO___1198797552&pt=AAAA.AAAADMdzHiDCEQ9PCF10NMGi10d%2Fbb4p8Eg94EtzTwe1Cx6Ty6Q7qr5v2G3zIHo1jihKpk4pty6SqiVQmiNLU3ppLoZ48QRDuj5VABP6bpeC6pprIIhWMKrDBCI%2FA30jw4Kvq0ZaXfsG%2BhFBhPMC8cLJLkQoHGHYN%2BHNlMPbnUDUTKJoCJE3ju3AtD2ymvaQbsvU4SNeTXHE%2FMHekrJ1JqGxfWiksBcQQ%2BvFqko8%2FSRTrmmTblaoknaxVMMkfBWtLun8WSs7rYnSDDkUY3woeqIdS8P64tjqoLjHCOJZVKFI4%2FrEbR4rgMWVtKRmA9fZM4YklN3mzD%2BS8c7tBJ%2FvePJBb8gGOvNtlza8GrLgU3yuj3AVHVXuAw%3D%3D&ptyp=4
697151475,A:PQC_20260918_A:DAD__1-0-0_ECO___956856147,2026-09-18,Economy,Sun PhuQuoc Airways,9G,1976,9G 1976,Phu Quoc Island,PQC,Phu Quoc International Airport,Terminal D,Da Nang,DAD,Da Nang International Airport,Terminal 1,2026-09-18T17:00,2026-09-18T20:55,3h 55m,1,False,1973471,43697,2017168,False,https://www.agoda.com/en-us/packages/book?cid=1753802&pk=A%3APQC_20260918_A%3ADAD__1-0-0_ECO___956856147&pt=AAAA.AAAADNfI0qJRCc5pxOcIk9VTHBmQZ0lcXr1%2FbOSJnQ2nX1jJvy8hr0StHrDArt3Myr2aIVQrcHUcgiB1YmlCHnbLtE8tnAqdXTvblTBIBUf%2Fh7SNhBiYdGXnBs6BI31lX8jIT8Asl9MUfzhyYTQgYjw5ei%2Fvx0q2FwShN6pKq7kavL0SCBtsJDvhCI00m6WSPkAQFwvqwWsesTmBR%2FnoovbnNeRw6qqqgBE6HLC2%2Fu3SpbSquhB8Dm9ZmmwZ%2FYQfdTmHby8nSkaAgGyRIXsJDGjZf23n06M5J8jU7EPClB7QKKXEbD2Zu8xZO14iuuENQ5dC%2BgugdOvVsWIpe2QKwD1ijhMYsWYtNgg%3D&ptyp=4
113350822,A:PQC_20260918_A:DAD__1-0-0_ECO___1189667782,2026-09-18,Economy,Sun PhuQuoc Airways,9G,1974,9G 1974,Phu Quoc Island,PQC,Phu Quoc International Airport,Terminal D,Da Nang,DAD,Da Nang International Airport,Terminal 1,2026-09-18T16:30,2026-09-18T20:55,4h 25m,1,False,2027521,44894,2072415,False,https://www.agoda.com/en-us/packages/book?cid=1753802&pk=A%3APQC_20260918_A%3ADAD__1-0-0_ECO___1189667782&pt=AAAA.AAAADF3jiwVO39VoGkhFIyg79P9AfvvKE%2BLFam6ne%2BmlQXdYXcJACuZvdmCX3dJE3iCjTgjZKyWu%2FBe48kSqLkrhI97B4%2F8zZwxlckcV4joN2vF26ACdtgFY3vqXJ3Oxa3bPqtzJ2RI%2BQNC9JdBrSTJxAG1mUmKY9WjT7Ih2cTGyGgCkQrqryCaYkf7Ibjyq6GIt1yQqZ3lLPXNVTGHDjRt7L5IwAbf1AnjTAXp%2BuD7%2B%2B%2Bu5DcBISn3Y%2FFs%2BrwjU%2BvBxobK3LHjB0Zy18Tq%2F%2BhIImokQxNBQ06uJzMkN87ztg5VNLIaDU%2FHsh%2F1VTXOFpvbDEpa6QZScYL%2FaVWzH1%2FSMmPWAcgDhhQyp3mpOK5V4KMiIJ9Y%3D&ptyp=4
1776637131,A:PQC_20260918_A:DAD__1-0-0_ECO___227308411,2026-09-18,Economy,Vietnam Airlines,VN,1828,VN 1828,Phu Quoc Island,PQC,Phu Quoc International Airport,Terminal D,Da Nang,DAD,Da Nang International Airport,Terminal 1,2026-09-18T17:05,2026-09-18T21:35,4h 30m,1,False,2579508,57117,2636625,False,https://www.agoda.com/en-us/packages/book?cid=1753802&pk=A%3APQC_20260918_A%3ADAD__1-0-0_ECO___227308411&pt=AAAA.AAAADEvaiLDxPt9KbW5lWEKHZJ7fXXaSfK09crP3gz6KjwP8nC8Jv%2F71gVZ%2Fe8Epy%2Fj%2BRll42J1aAgpLm2tdqwP2mmmRShQW4lFpJE4h7jx2iZRLVyYBn%2BvNUoDItNDZpTFTYx%2F1f98K4U4hCT1I96f4Xm%2F3nyPPtjCuv12c5BiLznKDrOCJZ0yqH5sHqj9fMl%2FQzJzlI7mG%2FQQb69svjB9jzaHCxAZcSiY1cV4I8zUKDNH5I%2FATR6MqWqVPmlttuSlQVCWDwwVh4N4d0Ghn2HiBaIDz5ntWCGveJxb6QBpLZl4epIKZq1VNL6A08UvGu1jQRFt8ctFoLM4gJN8SjeA5LVnJXPCBDX21aiHHHp22ew%3D%3D&ptyp=4
240609495,A:PQC_20260918_A:DAD__1-0-0_ECO___1234713845,2026-09-18,Economy,Vietnam Airlines,VN,1822,VN 1822,Phu Quoc Island,PQC,Phu Quoc International Airport,Terminal D,Da Nang,DAD,Da Nang International Airport,Terminal 1,2026-09-18T09:35,2026-09-18T14:45,5h 10m,1,False,2739829,60667,2800496,False,https://www.agoda.com/en-us/packages/book?cid=1753802&pk=A%3APQC_20260918_A%3ADAD__1-0-0_ECO___1234713845&pt=AAAA.AAAADBTE8P2rQv1rFlGc8HSfHon2RChxTrVpZuM5IM27oz1WtMBepVBo1YPtsXJJiouobAdWmWN%2B3rj18WjqZFph2CnLhoFVGqtuPIgFdH36NavXyCRWFDabEUONwFmFPbeKYGTzsx7nKSdOfDEW%2Bt6LqVewDkM5ngMOC%2FQvnXKWLNXL4b0NknNqEZZUGBszoTkwUiNlZxGzlLDZsUPwvNtH1IOC%2Fp2GUHUlkPrGVCWsbgZtLuAhYJef%2BxJ4qDWWwWlduBomNwJ1BdvcyJ9Bt74dF833a4pCU9KEuwd8ao8mW63Hbfb5CH4kDpC9UqLMF9wofFg76a%2BQzeYpJ89ngvuFbHx1N8OHyzoBHVBlHDq2&ptyp=4
197284612,A:PQC_20260918_A:DAD__1-0-0_ECO___401484428,2026-09-18,Economy,Vietnam Airlines,VN,1822,VN 1822,Phu Quoc Island,PQC,Phu Quoc International Airport,Terminal D,Da Nang,DAD,Da Nang International Airport,Terminal 1,2026-09-18T09:35,2026-09-18T13:15,3h 40m,1,False,2778213,61516,2839729,False,https://www.agoda.com/en-us/packages/book?cid=1753802&pk=A%3APQC_20260918_A%3ADAD__1-0-0_ECO___401484428&pt=AAAA.AAAADDUkGip7lvAY7742sNg%2FE2l4RSECt%2FP2UPLUKF35svkeiIDWfl4b67TMWiJ93aJTBAqAMfnPQHyXJvIb6BQo32MVTSpeKtIP93Duqk9Po2k%2BTzqaR4dKPC5U2DCsfJBoz%2FbT31HwsBVWVt8nv110Ho8TxcEh%2BTmsea5fNus0L5V7HDPaCOje2qSTooTCHtHjTIJX98alU4Qt0xjGZLY98KSVKsIz6V1iimX4G8nnBvOm2Z98nw1rEViJp6PggcSzd0JONGe1nIeDAQ5fJCnzdLj7usjnFB9BZvxUf%2B3DlfgYbX1nnR1VWgpvav30RROdDGyooqNkpAoe5KidMAYh5BB%2BvK%2F3aKUzow%3D%3D&ptyp=4
1050093730,A:PQC_20260918_A:DAD__1-0-0_ECO___567294133,2026-09-18,Economy,Sun PhuQuoc Airways,9G,1972,9G 1972,Phu Quoc Island,PQC,Phu Quoc International Airport,Terminal D,Da Nang,DAD,Da Nang International Airport,Terminal 1,2026-09-18T15:50,2026-09-18T20:55,5h 5m,1,False,2814260,33209,2847469,False,https://www.agoda.com/en-us/packages/book?cid=1753802&pk=A%3APQC_20260918_A%3ADAD__1-0-0_ECO___567294133&pt=AAAA.AAAADE9eQG71aita9%2BLc3UCWs1dbNg%2BY3VRnxwsqov3JiK6gSTYRl9%2FHGV3V8arkEd1fTR2BTrjjjZGghMR%2FET9cauSoTlXVT9W2JdH5jsVkTJPjArGlGkGrJE6%2BOQdkbXE35%2Fi0y2Hoh2%2BhqTr%2BFzJh8yLwAAbD%2FWyREkgAyz1gvwYy6a7XtFDTULa%2BuhKJUNJwKHEPf1OJ27Iv%2BW2xCYW87X8Fx7Y0TH2%2FaNhVgbtmvjb9phkvSOnQD7eXmDI96W6%2BwC%2BxX8WzkSLRkjIFPPd8DPp6n%2BFjs7TWeXx13WioaCTOjANhPhxh0fO85KhUvAi7yijeaYZ08ydz%2FARW8UZKGXkuZntytraLZboAZZ%2BiiW0eE9P%2FR6BUoXc%3D&ptyp=4
1731624318,A:PQC_20260918_A:DAD__1-0-0_ECO___1416195876,2026-09-18,Economy,VietJet Air,VJ,326,VJ 326,Phu Quoc Island,PQC,Phu Quoc International Airport,Terminal D,Da Nang,DAD,Da Nang International Airport,Terminal 1,2026-09-18T16:25,2026-09-18T22:00,5h 35m,1,False,2830098,36587,2866685,False,https://www.agoda.com/en-us/packages/book?cid=1753802&pk=A%3APQC_20260918_A%3ADAD__1-0-0_ECO___1416195876&pt=AAAA.AAAADMYDi7rfGSj42xaFrO6m3FJg3lrl7yiGHpWBFpTIBe6BRa30vcm4ucy3fOAimgki6i2X6WDiTMf5RxxEfAPKQ79J7OdKPKupEUH8mcAqQ6jR%2ByQZd3y9KVpiZzUVsA%2FUfjOj6C3ZwJtWKmId%2BhLL98yPgR%2FA2qbaNNtKlP6DVYPLYGDEVDaaZQ6dXm0aojUn2puS9xNh37DPvXgNoz%2FB%2Frkg%2FgT20cseO8TRpEwxMD59D%2FK9zWNRreqFeyEiAbr6%2BpQsyo%2FwB1NtR6Dll9Hx9WYAvJm9GoVmsqASPFQul5YXtyJeO2fyVluXYLd9Hj6aIqtJkvO66O7gVS61U5blhNwFO4oQsOuil68cH0YK2NHjFSXMOPHQx6tzC0ogYK9e2XFi0gGH9lKT044%3D&ptyp=4
1613947886,A:PQC_20260918_A:DAD__1-0-0_ECO___434431922,2026-09-18,Economy,VietJet Air,VJ,326,VJ 326,Phu Quoc Island,PQC,Phu Quoc International Airport,Terminal D,Da Nang,DAD,Da Nang International Airport,Terminal 1,2026-09-18T16:25,2026-09-18T22:30,6h 5m,1,False,2830098,36587,2866685,False,https://www.agoda.com/en-us/packages/book?cid=1753802&pk=A%3APQC_20260918_A%3ADAD__1-0-0_ECO___434431922&pt=AAAA.AAAADMEjRe9VmW%2FaR6TD42lAPzMcXMbsjV2CL5xmhFVCEzKyviVKSfbTnGo2l9u4spJ43PAqvxIUKVCq1EOZUee5XfCzLm0BLtA2KfEAyJ9RHem3oDvavEe00lUVjIIPQi2UH9%2FDmBRegnm6%2FUsD1N5IkbMcyC1v%2F%2BSl5JhQM0Vqvxg%2BpGU2S5BAivi%2B6xXruJLMxBkU0BthEsOj5CaSztjXCjOyy07jsfv3c8ZAJpuT1ApOYzLqTF73%2BYXoe5klaVMVYFuNKzHJVINL33ZZ94lqVK9159z7RkszEiTKEa1UftqrrbrV6SKIUZsoPyfwyJYgPZL5jX7t%2FQ2Zsa0Zmiw%2FJxn1g9RcNIHuHz2qh%2BDx9OJDVFuDPTyqOg49K2QX5Lr3HNIvbeQl9en%2Fvlg%3D&ptyp=4
1618065722,A:PQC_20260918_A:DAD__1-0-0_ECO___863292651,2026-09-18,Economy,Vietnam Airlines,VN,1828,VN 1828,Phu Quoc Island,PQC,Phu Quoc International Airport,Terminal D,Da Nang,DAD,Da Nang International Airport,Terminal 1,2026-09-18T17:05,2026-09-18T21:20,4h 15m,1,False,3128100,69264,3197364,False,https://www.agoda.com/en-us/packages/book?cid=1753802&pk=A%3APQC_20260918_A%3ADAD__1-0-0_ECO___863292651&pt=AAAA.AAAADA2y8JxjYnIMh9FFqeo5%2BB0b7uiFIixOKnBY%2BhoSqxIeP4xe9%2FM5wBF9WbKeZgfAUAW83Fg03xBsO4kEphvlJyhUlXBF0NKXd4ZhZ%2FSa7TMPBu2cE65BXUaXMXlEBY%2B2n5JIKYFeXHeE47uAqO9JRRlRN%2F3IeEkVRkWQkOubR%2FCCwHCG4R5L%2FpoKNaQf5xpBkPCZLLt%2BuSn173MsB57rtzaf6FhQKuys8kvlaQYbTGsBvi4YFVuZZEVKAFOQyQZetoGJBg5%2FoRSpSiIa6xDaVE18QrNIzJG%2FwyYuWvshPxbR5hoLvQCxkUAzk5BRa8Ki1Sbg79DF0SoTnvmLHCTNhZCWR8RlCDs2IMQ%3D&ptyp=4
1938768593,A:PQC_20260918_A:DAD__1-0-0_ECO___805954853,2026-09-18,Economy,Vietnam Airlines,VN,6104,VN 6104,Phu Quoc Island,PQC,Phu Quoc International Airport,,Da Nang,DAD,Da Nang International Airport,Terminal 1,2026-09-18T11:45,2026-09-18T17:05,5h 20m,1,False,3200689,70871,3271560,False,https://www.agoda.com/en-us/packages/book?cid=1753802&pk=A%3APQC_20260918_A%3ADAD__1-0-0_ECO___805954853&pt=AAAA.AAAADIFi7tTnaotFR2Z7kETrd84K8XaFlTJNR5u8BiOUCm6FU0s%2FbVU0cKyghpgjq1H63I1RUFg1hO4%2BK7Vd5usfJi680uZBgRtNue11p1joZni9CYiVMegsug1M73gvKwXjlR6v2FbeYf0fkpXpqXLv6e8SchEDCiprs8iMcBjKSXA5TFD2Wo%2BB0zonSSqiL5DwFkHVVPmpkFdlmPgmOLOLV5bKRhviyzZtV8XwLIQg5g%2BP6tQ0wQSf6JQzgLr74qpmYx9bPGuvpQfrjA9pVdyrMpWu7mbJUsh%2FLGXBrS1yAXdOAlBRpUdAfngHX7H1xmywqRf934wT5lyndEBKdqwYi1ShjY7A7GPZSMzi%2BASPuA%3D%3D&ptyp=4
1816744995,A:PQC_20260918_A:DAD__1-0-0_ECO___773042905,2026-09-18,Economy,VietJet Air,VJ,440,VJ 440,Phu Quoc Island,PQC,Phu Quoc International Airport,Terminal D,Da Nang,DAD,Da Nang International Airport,Terminal 1,2026-09-18T11:25,2026-09-18T19:05,7h 40m,1,False,3220847,41638,3262485,False,https://www.agoda.com/en-us/packages/book?cid=1753802&pk=A%3APQC_20260918_A%3ADAD__1-0-0_ECO___773042905&pt=AAAA.AAAADEzSLO4xEwSh1npBngMy2005hCyMmjcEUYjAcd5BRqPuGx8%2BrefcGR7OlPje9ubyx3D0k94Xc1x%2BQlppL0MATljVH5df9OFConlZT7EY36IEmETkO9Q10mDvvYchdD62%2BzIiIPOE1xsOjAEYbgHqcJX0Pxgz6Edix%2FIB7Eh8YgdaGnm37sMX832Q%2F9mssCT9tQkh1v%2BVW6R22ad6h%2F4PlgnowNJys226L4N%2FFef%2FVI9fQSwCbb3t%2FyS9%2BG%2BCXVV2eqIQ1r58mm2XcALjsCVug0%2Bxw7W%2Fbr8tXbgD9y5DAg%2BbRpDyPzbiqZ68b9LAoOPLwUrtN23znJQ0MiYU7jC%2FTGXTeyYkUB5CmbYpQmN9M5AAimhjxURiI7Yw0cX5bXxg7hiaVRtXJ%2B1LYIdoQQ%3D%3D&ptyp=4
1976733650,A:PQC_20260918_A:DAD__1-0-0_ECO___1420808901,2026-09-18,Economy,Vietnam Airlines,VN,1828,VN 1828,Phu Quoc Island,PQC,Phu Quoc International Airport,Terminal D,Da Nang,DAD,Da Nang International Airport,Terminal 1,2026-09-18T17:05,2026-09-19T18:05,25h 0m,1,False,3230194,71524,3301718,False,https://www.agoda.com/en-us/packages/book?cid=1753802&pk=A%3APQC_20260918_A%3ADAD__1-0-0_ECO___1420808901&pt=AAAA.AAAADKYcRhtx9rnebNUsdz4XBkHpPTpLStdbYcKNd2YTbfDgjT6K59FsGafWJ24EXEmLSraBbap3HzWCrnim%2Bvd0K5pgyu3GpjGDRQQE2AaBmYEXAqayMyJmG5qJLYLGj1RFA1w4EUtmIzPeCD7ddP%2BgbTUxvDbE4SwBmwP9m%2Ba7cK%2FkdbwSaVKfj3FhtFN7W3T3MfjNq4WkBAluBJEIfEe%2BF%2FGqIKxwFDlNVA55yKO9q46B22E3z%2BuQVe7kuFJkpsqkPIEJEm1Zho6RZxPi2PSRzdyNuAOhV1jSgKDkITTtoYWX3hgLpC4kUZWqnQv8jBJzDnC8MTEsU1NsnatCBMM6fsMHr%2Buqpk7kWOEVqW3KwqsEaLhyTDjpnm%2F1Gq05gET%2BV2HNAgLT&ptyp=4
418129340,A:PQC_20260918_A:DAD__1-0-0_ECO___795508660,2026-09-18,Economy,Vietnam Airlines,VN,6104,VN 6104,Phu Quoc Island,PQC,Phu Quoc International Airport,,Da Nang,DAD,Da Nang International Airport,Terminal 1,2026-09-18T11:45,2026-09-18T17:20,5h 35m,1,False,3353700,74259,3427959,False,https://www.agoda.com/en-us/packages/book?cid=1753802&pk=A%3APQC_20260918_A%3ADAD__1-0-0_ECO___795508660&pt=AAAA.AAAADJYUZGLImB417xauixIoixCKmLwOKdMrf5iv3okAR7o%2FU2n56Yjnihm6fn3lDbbgarsoB6WWfRRYz4B8MZO%2Fp02QssWLsfB0Pd9ztxZykrfI2tUPMEQJyeI%2BkZxxT%2BcmaMuVPGjGusIJmJE%2Bj8kp1yezB2OrKDMX%2Ft249GQYFvldnPPrSJfzCw6V7tU6M%2FpNwVWBiOOrekukOorEgLNH6J6D3Z7lHzplHu3oPO4HTSzzDvAvvGViOtMhVWbalLUdxnAwVk8hkKLxZYB8DpcDEx6WdMZoZ2b%2BSYaZhVUe%2FlcyxUadolagHmQ3qETPjtXBpxvva2Vgki%2BrtgOITNRQhkwVTUpjM8OIpGZJlQ%3D%3D&ptyp=4
966752611,A:PQC_20260918_A:DAD__1-0-0_ECO___715147601,2026-09-18,Economy,VietJet Air,VJ,324,VJ 324,Phu Quoc Island,PQC,Phu Quoc International Airport,Terminal D,Da Nang,DAD,Da Nang International Airport,Terminal 1,2026-09-18T10:50,2026-09-18T20:20,9h 30m,1,False,3417408,44179,3461587,False,https://www.agoda.com/en-us/packages/book?cid=1753802&pk=A%3APQC_20260918_A%3ADAD__1-0-0_ECO___715147601&pt=AAAA.AAAADB9bbpSyWjufhAvwqAnT9WFpGAMrQMHppp%2F0tUS93xcHnKxgZqe9LLb08P5QPVTF7JDC%2BNsoc3gd7iOJ6gSb5CHZHkN27a4afIF%2BufiClxyXPqnCJcAtEJpC%2Fo2Nq56EdFdRYZ7DKk2dJPBzM4flHg%2BJKWka4r0Naf3FErDpsogO%2BQhv9JRC5zk2OGBx83%2FNXKFpx4lTUUwKpMYSHcofifobbKX7cGXZGy6R4QZdJ0QFtV0p0JZzE3y%2FJEuR4jbiu%2FPHirqn1Inzl3j0wKPGnBtcFC3c5OE4Bj2ZLBB%2BYZS4sd4bKiD8G9TPu8ENMgEWblRcTXnEXS1F9GIGb2IN%2BI6w4Oo9LxwPpBa7YQl4d1CHNbKWPz38adBYShuLOgCfsQmWJ%2Fn%2FNWj8PUtg&ptyp=4
575042666,A:PQC_20260918_A:DAD__1-0-0_ECO___1863328993,2026-09-18,Economy,VietJet Air,VJ,324,VJ 324,Phu Quoc Island,PQC,Phu Quoc International Airport,Terminal D,Da Nang,DAD,Da Nang International Airport,Terminal 1,2026-09-18T10:50,2026-09-18T20:40,9h 50m,1,False,3417408,44179,3461587,False,https://www.agoda.com/en-us/packages/book?cid=1753802&pk=A%3APQC_20260918_A%3ADAD__1-0-0_ECO___1863328993&pt=AAAA.AAAADB6GFGgHruuawc3v4woLvydVTyIfgC6Ef5P1lG8G7ar3%2FbMhQhSWUwDNHd5%2B7cEhKBsf3PipUVYjc86TAJLbPfvqnjApyV94WDExh7xZFKEhOaJXxOf9hYVhO7abD3zMOcKmiBUWKfrMmz5nPBF2cuOhq7s7HEcF%2BTbw1YxefDxYD3fKvw7RY7iCwJ6psvJ0ZZg7YLI0E14%2Fd1t%2F3r9sd5suFykqiMtCRpOLHquFa5E0z%2B6UvbWUrzFFJ7AAElibtmOtIQePeU4rKJaNdsxAAcqUIoRlm%2B16tndlMjc2MDHSJzoLe%2B%2BWcGwp4baBJB7EVy0%2BFMpjLQDCfoyiq7mwgoLsk4rG4N17sTMCFOXVU6uJui9xmrsgHRikkHsird3T8YTEBhwltTBSN%2FaT%2BdE%3D&ptyp=4
207464721,A:PQC_20260918_A:DAD__1-0-0_PEO___1581607937,2026-09-18,PremiumEconomy,VietJet Air,VJ,716,VJ 716,Phu Quoc Island,PQC,Phu Quoc International Airport,Terminal D,Da Nang,DAD,Da Nang International Airport,Terminal 1,2026-09-18T19:45,2026-09-18T21:30,1h 45m,0,True,2514257,45468,2559725,False,https://www.agoda.com/en-us/packages/book?cid=1753802&pk=A%3APQC_20260918_A%3ADAD__1-0-0_PEO___1581607937&pt=AAAA.AAAADBjd9rKHDkQTyBEvnMsFuMkuaVU%2BJ1rO3a%2Bnigri9adfzpMpt9E0QJcF2hGT1hX2GQD0D1n36s8hawhvoWEnheyZCM4luL1o7HcoMbh5tyRC2dmeVWl1oCmScZXXhKSJiZ1XWty5dKA2tMB8sFV8YJwFI8rNwdDzK727fx%2BBCcj8RMSoXiD64YbDEd92XufIArvshvcLPYE%2FZ1sUMaNMIQwVTXhgh3EOv89oYj31Pb6%2Bi8uaEnCJ9qdufugtU5xmcyKqulcJmykrYokJLKWLoUIxINAFH80aDb%2FCBfRNtfwuS5lffJjdG7oZfDAOlVcXhKDXNVVvooGRAef3KugiJZMufnfnQX3%2BwiA%3D&ptyp=4
2114301998,A:PQC_20260918_A:DAD__1-0-0_PEO___698042888,2026-09-18,PremiumEconomy,VietJet Air,VJ,718,VJ 718,Phu Quoc Island,PQC,Phu Quoc International Airport,Terminal D,Da Nang,DAD,Da Nang International Airport,Terminal 1,2026-09-18T09:25,2026-09-18T11:10,1h 45m,0,True,2514257,45468,2559725,False,https://www.agoda.com/en-us/packages/book?cid=1753802&pk=A%3APQC_20260918_A%3ADAD__1-0-0_PEO___698042888&pt=AAAA.AAAADFqQf5H1ezGVqu2Jg1sxIfWuoluUGtLlk4Jbw%2BiQZzrrTRwdZ7bAwq7K%2Bf1%2Bz701k9KCivHCurHNsut7Z1kXWXLs%2FZX7SGSDpGU%2Br286zXnucWW8ivsvjO1LIb%2B%2BR6w1Rm0tKQva1LzAexw%2Ff%2FvK6pfLJ3JaJv2cv%2Fg4SynWBG3zZyZCfV8S7HTBC7ZzK6Piy%2BlrQ551y8vq%2B7TVYczVjLipyL7bX3NKurlN1yVBD50%2B4eF6pWqGydqSYaIva3he7JnblfHJDx2qamg%2Bu39tc8uoAjLzy%2BkhnhFTu1%2BgOkoEcLQJzqsUVSNEd%2F596QQrvm5aH2KMqHLpwcR5nQ8BNJS0PgxUK4kvEm%2Fz&ptyp=4
1096034773,A:PQC_20260918_A:DAD__1-0-0_BIZ___1691158760,2026-09-18,Business,Sun PhuQuoc Airways,9G,2962,9G 2962,Phu Quoc Island,PQC,Phu Quoc International Airport,Terminal D,Da Nang,DAD,Da Nang International Airport,Terminal 1,2026-09-18T11:35,2026-09-18T13:20,1h 45m,0,True,4409595,74721,4484316,False,https://www.agoda.com/en-us/packages/book?cid=1753802&pk=A%3APQC_20260918_A%3ADAD__1-0-0_BIZ___1691158760&pt=AAAA.AAAADJRK2uBcQYXvafnc4Ows0cO7gZcuR72MJPTbs%2BC2938u8he%2Bqp76gIEeTGoMjuHcI0NOw5MUh3ZStOkDXBUkGEGtPwAf8w7kNZGSwY7WUnQea%2B7uigShwRplYZHe84fc%2FK1%2BiH%2BFA8o8%2BhOLb8ko8BB1ijlRNC9tO8%2FyWu3koZ7kLnKo6lfS%2FDhOoDaYtA68VLVfCqVXQJAJFm%2F%2FipHHpKCQueSSmP8L7nsGBTF%2FILKwYovrpM%2FHa%2FwT9P%2FByVPKahlaCOPhs4uyeBJYpx7WwUMoyIXrN0om8JuOOZWd0AnWaHYY0tTnEj%2Fji7yD1smwUqioBq10H2Mp%2FSf6Fe%2Bgvux4kO3UjUPFfptwfudlESdjMSEqkA%3D%3D&ptyp=4
2028614310,A:PQC_20260918_A:DAD__1-0-0_BIZ___956856147,2026-09-18,Business,Sun PhuQuoc Airways,9G,1976,9G 1976,Phu Quoc Island,PQC,Phu Quoc International Airport,Terminal D,Da Nang,DAD,Da Nang International Airport,Terminal 1,2026-09-18T17:00,2026-09-18T20:55,3h 55m,1,False,6519143,43727,6562870,False,https://www.agoda.com/en-us/packages/book?cid=1753802&pk=A%3APQC_20260918_A%3ADAD__1-0-0_BIZ___956856147&pt=AAAA.AAAADKKnBCMlq2CJC0vtQzzkJ9fNuWvVSh6Tb5tjV2oUxdCC2MUHkmu9OQw3%2B50KoZRC7FwgzQL6aQqyQFCa%2BUf%2F0yYt2IstV4PrGAvOjEzjw9xJR%2BZZwrwvqozlnzcsuXre0xHh6aROcYfq%2Fr5o4XlEiL34HbV8%2BP1QTqAe0BzKPxuDlqImK1B%2BVnVKRGURTvcJ31SpcdhDd57Iv2U7d4j4T2Le2t7zrTItEBF2jZYuZOGt9zOvrSicvdPAO%2BJ7A5HP58yuYg1P7Vw2%2B0jDAOG7rui3W7krABcSmps7NlcMRrADNxM%2B3m4UctIk3arcWXQfHJ96WCeqGPHjSg%2BIwaHgw5Ym7FgWaHt76B%2F7xwAF%2F5GPa%2BSnmwpZfA%3D%3D&ptyp=4
34226921,A:PQC_20260918_A:HAN__1-0-0_ECO___1523239613,2026-09-18,Economy,VietJet Air,VJ,442,VJ 442,Phu Quoc Island,PQC,Phu Quoc International Airport,Terminal D,Hanoi,HAN,Noi Bai International Airport,Terminal 1,2026-09-18T19:20,2026-09-18T21:25,2h 5m,0,True,672660,0,672660,False,https://www.agoda.com/en-us/packages/book?cid=1753802&pk=A%3APQC_20260918_A%3AHAN__1-0-0_ECO___1523239613&pt=AAAA.AAAADLsK%2BkG1sbx18XMxuTj9VWZlK%2FQPxwR06Whk5prWdPm4bimf9sUySaqEwUQqVkR75eBx%2BwRC6LpqsY2YL0d7p5zY6Jg%2FFsQ2StBMlVNkF5pmvjiHwshNTcgpGW8s4iIDNuvDU7pxdDgIwBLzKrHu%2BTdtKX6ZSEj0vnM8fk1am7hR3ElrNiAE2KAIcMpz8m3xRWeyvToSk1STNXm0UGdFRtbzvf0JauZFEhRaO8gXy3Z%2Bgo3Kd8qiwEMnUsouWBcZ8u747qZ42UglAhOL%2B4LcK0eeqYa737tX5DIeSAUrX2%2BebfbWkaYlcEPke4AbD%2B2Yzd5s%2Bw%2FV44FQ8AyPxmeD6tXcFbVcNQ%3D%3D&ptyp=4
1262981558,A:PQC_20260918_A:HAN__1-0-0_ECO___888962715,2026-09-18,Economy,VietJet Air,VJ,440,VJ 440,Phu Quoc Island,PQC,Phu Quoc International Airport,Terminal D,Hanoi,HAN,Noi Bai International Airport,Terminal 1,2026-09-18T11:25,2026-09-18T13:30,2h 5m,0,True,672660,0,672660,False,https://www.agoda.com/en-us/packages/book?cid=1753802&pk=A%3APQC_20260918_A%3AHAN__1-0-0_ECO___888962715&pt=AAAA.AAAADDzf1iBisGr692kreku%2FUmk2xSSsnqgSFIUk0f5M0TSvIDO%2BCzU%2B5W23qUzwjPiCPJemqJ9CTdvS43xnlNCXW340HGnH85ArEdJL3HfutEjyXmueLIXqe8ccENNDBw7IMzTGhR0ozlGYT1hsO0hIqxDPpMvK8f010KitI0lX2DA1zAMxEGTJB627C64vhv5aO66cNu6Vnrj1NRMWrGdNGzN98qIUNeGTBA90XBXedKVW2V%2Bl18drwy2stcVn4ImMtp7LOPI%2B0OUJlGOpGRjq%2FXawZeLgzSq54EHlEls6i2HKqUAIXejfmWMrih4%2FdEXkv%2FsWqeKIbHvM827zq5%2BcJBEGaZcvjlU%3D&ptyp=4
1948399367,A:PQC_20260918_A:HAN__1-0-0_ECO___1361840184,2026-09-18,Economy,Sun PhuQuoc Airways,9G,1208,9G 1208,Phu Quoc Island,PQC,Phu Quoc International Airport,Terminal D,Hanoi,HAN,Noi Bai International Airport,Terminal 1,2026-09-18T11:00,2026-09-18T13:05,2h 5m,0,True,820414,0,820414,False,https://www.agoda.com/en-us/packages/book?cid=1753802&pk=A%3APQC_20260918_A%3AHAN__1-0-0_ECO___1361840184&pt=AAAA.AAAADDFC5jU3AyerGy%2BnkFoTUQDenUtyMrpaz9YLZWiAP%2Bq%2B0qYbqVM7huLXoCX1V9LwTtG%2F7bxE726EYftiFvLKhmF0bhd98MlcsPgOH3SKJZ%2B%2BnYZxdnssxOuLWhewbA0pDgxh7cXfzLnPG4RFudpSfCbOWvIi5HzxHzd6n4Naa2VkH79gTgde%2FbgtvotEVMCK%2BBOUO1BlGyG%2BXRE1lLe4UWVQb5HOvPJrwkCk6haEwgolWerPl6AGigQStN%2BiywR2ms%2B1uGniwS%2FJ8VfUja1MrYApyH7sOEElGizBFommz8dqY4CZAB5L04XKntDoif%2FoXR4dmChOWGZMX%2Fjo8VPm72HFrffwHHChfKaEgihe&ptyp=4
1990782237,A:PQC_20260918_A:HAN__1-0-0_ECO___1350031316,2026-09-18,Economy,Sun PhuQuoc Airways,9G,1206,9G 1206,Phu Quoc Island,PQC,Phu Quoc International Airport,Terminal D,Hanoi,HAN,Noi Bai International Airport,Terminal 1,2026-09-18T10:15,2026-09-18T12:20,2h 5m,0,True,840648,0,840648,False,https://www.agoda.com/en-us/packages/book?cid=1753802&pk=A%3APQC_20260918_A%3AHAN__1-0-0_ECO___1350031316&pt=AAAA.AAAADF7cYJyuo4rRtqPMD5%2FdzPKgJ31Uizzpjz6qb9wpVdb6u%2BPBcq5HWJcZAsBSsUbOm3nlFV7PvuFaCz8Hed2CjbRbRRj%2FPweqJaXZQ%2FdOiCwUIuoscwM7bWyDRgoUJ%2Fen16o2aNu3rUZz0FxYLQuta7lpm2b9fKmzpX6yMhoSdnGhPc00y0IVtGED5kTn8HAGbvA7jp%2Fd%2FnjtZTwL5rXRdeDjgsnE8hW%2FK%2B9FujuRUSDxij3qIukhogbBgaysvF86WhZUgmy7T%2FmExZhf5%2BJI35h%2FUm55IddVqWOSDBiy%2BgCPbxcK8M8rU65ooqe04AYGyFDTrIUq0bAKlJzuxXYri2t61J99A%2Bac2Lsme9l%2B8gBk&ptyp=4
1738931873,A:PQC_20260918_A:HAN__1-0-0_ECO___2034124358,2026-09-18,Economy,VietJet Air,VJ,456,VJ 456,Phu Quoc Island,PQC,Phu Quoc International Airport,Terminal D,Hanoi,HAN,Noi Bai International Airport,Terminal 1,2026-09-18T15:40,2026-09-18T17:45,2h 5m,0,True,1094385,0,1094385,False,https://www.agoda.com/en-us/packages/book?cid=1753802&pk=A%3APQC_20260918_A%3AHAN__1-0-0_ECO___2034124358&pt=AAAA.AAAADCgX5MUBZVe4bugCN8ZO73K%2FNrWSsM%2F5Ou2s8G2xv2ztNa%2Fd%2FnEmj29az%2Bba1EW7LtA%2BqdXB1HTY2sFxNMlpZ5lQMKnOoSRpBWzozWkSkkrOe1Cg%2Fz%2FfDEssdWpZFY%2BIs02P6c4rT%2BEsKmp8uCVu8KZuWh4c2rN7fbfphHbp3RTYA0qEEIKHL1DFaWLNwW%2FBA%2FKdGCY8vZ4CblAQhGCnV120RPGipu3JHipr3IP8uOOYHfYYAMQHmlvNXimHzXC0tukeqlBjPn9ogHl96r0JXHROIJre3qdtYAE2xGFLtyTra%2F2DL6trRONAItJkLLKRGPUnrq3uKGLQE9spRD%2FTkjk78CgyP5OMKWXmNSyo30vEN6n8ZMU97aBsNO8%3D&ptyp=4
119390173,A:PQC_20260918_A:HAN__1-0-0_ECO___1077086833,2026-09-18,Economy,VietJet Air,VJ,452,VJ 452,Phu Quoc Island,PQC,Phu Quoc International Airport,Terminal D,Hanoi,HAN,Noi Bai International Airport,Terminal 1,2026-09-18T14:00,2026-09-18T16:05,2h 5m,0,True,1125518,0,1125518,False,https://www.agoda.com/en-us/packages/book?cid=1753802&pk=A%3APQC_20260918_A%3AHAN__1-0-0_ECO___1077086833&pt=AAAA.AAAADLX2O0ydSKLuGjw7jHgGUvdu2VgU5pKoG%2Fam2dgjpSwCen3CF24gShXoZb4zqEIgj7fEDERNSRk1GYqaz08QHJ9S7PBh5%2BafLegMayl9ruAh9Q16v5W8IxlxQugrMy%2FHfvDamsGTVlotFK8jXkk1VQ%2BSbRvgam%2F2a5RCD3M2QNZCzpnF3mbSUhjZDRSAbQRSoGGz4cPpKL7Fcf4fHAUNYNoXnPGMBFuKhmUTq1sS1BWgA4VV6%2BZLjPnXiy83JnW6pT1abWxZqx%2B8CowEm1uDOto9eeB4jg7aeBNwhNjIoFXh5ug22qA%2F%2Frq%2F2E76b9kBkmx2udsUDSUseNjof5SvG5Zg65Q0&ptyp=4
341670155,A:PQC_20260918_A:HAN__1-0-0_ECO___998300793,2026-09-18,Economy,VietJet Air,VJ,454,VJ 454,Phu Quoc Island,PQC,Phu Quoc International Airport,Terminal D,Hanoi,HAN,Noi Bai International Airport,Terminal 1,2026-09-18T14:35,2026-09-18T16:45,2h 10m,0,True,1125518,0,1125518,False,https://www.agoda.com/en-us/packages/book?cid=1753802&pk=A%3APQC_20260918_A%3AHAN__1-0-0_ECO___998300793&pt=AAAA.AAAADDK%2FiUVs%2BN8eBnT04C5DxbIw5W621YSzSC%2FA3cBuOpy8xop0iHwjQUB%2BHGhVDcmMIzrk7dZuuMYGTdEIRb%2BLBKBZz%2B0bkb5D5ETo2ytYn71HZww%2BKe2QV4V72OWIADabJoz8o6seEy3TrkLL4JXkyLSrwVC5wuhJ7j8DlkvlWQXJUwiubzfn%2FKLyRLvUGTmZj1LIq9E0BXipwGlj8aaR2GSIE4ChTbQe%2BpNd6elZ76Z7zR9wfyJqUfg6P%2BaOR8u8l9Gks784%2FFafeDkWBEHeupJnRJ70Nk6QKwnxx4voxkKbxPF5j9TqPrOTQh0uMANQogSSPfuB43wDCU2DecXI18Ge6nBH&ptyp=4
466223639,A:PQC_20260918_A:HAN__1-0-0_ECO___1234533214,2026-09-18,Economy,Sun PhuQuoc Airways,9G,1232,9G 1232,Phu Quoc Island,PQC,Phu Quoc International Airport,Terminal D,Hanoi,HAN,Noi Bai International Airport,Terminal 1,2026-09-18T19:15,2026-09-18T21:20,2h 5m,0,True,1141997,0,1141997,False,https://www.agoda.com/en-us/packages/book?cid=1753802&pk=A%3APQC_20260918_A%3AHAN__1-0-0_ECO___1234533214&pt=AAAA.AAAADH2h377dC88hK3krzfni%2FICvdyIW2SxRLdHi1jbRJZiD%2FdK095Ryl2cxAFF1jnuB6rpJ3Gsj8IhkvXNM86f0se28HN4x2qcFBh8psK%2BjbqnY9cFoQULKmCLeLEFJ7E27wA415uhPamT9k3w9nssq%2FCISfJo07sIYzO9%2FTcwt1ItIim2dddvOINKwSAEGLqmlLzUwt50Q8SQm709CVngeRJlO2uwdNk8Q1pMKsvpVJvrKIipN6J4cM6mAzsxMPz6InrLMO5J%2BHPolACmMFmigEtkwNyLbaj%2FwMej9jvOeej4Mcq4F4jgHBN9jQ6mB2eY%2BrewfiO9y8uuHl%2FgoWC4xKuq%2FWXuVGdFc574uhGQs&ptyp=4
1438610199,A:PQC_20260918_A:HAN__1-0-0_ECO___735616066,2026-09-18,Economy,Sun PhuQuoc Airways,9G,1224,9G 1224,Phu Quoc Island,PQC,Phu Quoc International Airport,Terminal D,Hanoi,HAN,Noi Bai International Airport,Terminal 1,2026-09-18T16:25,2026-09-18T18:30,2h 5m,0,True,1848834,0,1848834,False,https://www.agoda.com/en-us/packages/book?cid=1753802&pk=A%3APQC_20260918_A%3AHAN__1-0-0_ECO___735616066&pt=AAAA.AAAADBUN76BOUki5gQz1nsmJU0vzJ56EXxDqHSBmBUi7d7lUYXvnUmthA8pviPGmMVYoQeNhs1IWeW4CLeRmKZBuyb%2BrMp%2BqiKNnvWUdSxDQ5yaypT1%2BarBjYDVQOdZeBLYtIInS3XW%2FyLlp5%2FuZJo2GLuk8E568WKZTav11%2Bg4gVXOmWAWyrG4jOSqqtziePUfguxD4nsf1OMrPNo%2BDqA8hSuF67CzUxsuev6kUw7y7YAchgmSMWbso5S%2BJ2fc5tLEsNMfTAwB0DKna2Y0SHTHSXx7zrGAuX0QqemDPTpxrDyMqHD9Z%2BkWQnWd56w5LA9OJFsoqRdbKCEe2s0X%2BZGmY1CZn9SiuGt5VG5fBBI%2F1BA%3D%3D&ptyp=4
527309721,A:PQC_20260918_A:HAN__1-0-0_ECO___1002642214,2026-09-18,Economy,Sun PhuQuoc Airways,9G,1230,9G 1230,Phu Quoc Island,PQC,Phu Quoc International Airport,Terminal D,Hanoi,HAN,Noi Bai International Airport,Terminal 1,2026-09-18T17:45,2026-09-18T19:50,2h 5m,0,True,2133559,0,2133559,False,https://www.agoda.com/en-us/packages/book?cid=1753802&pk=A%3APQC_20260918_A%3AHAN__1-0-0_ECO___1002642214&pt=AAAA.AAAADAgfva2H9YtYBF%2B6kqsYkhmmfD%2BuRAvcWOBJ9%2Fxrt8ym0Lr1xuPj67BWh6Ld1c3ON08wj9DLVZdCZklwCMZ9w9fuFn%2BepH1AXYX%2FNua%2F7taqOjPrxx6d078LCjZ323boIym3HMbrlAmWbXHhGQq4uVV78Ff%2BDErEa3DeVKaAkBKdaurnd1AffcsoYjEn0A0mLb%2FjuIEM6O7LKLBUl260fWw%2FVlFwRRCrFSIzUzV6K6Ra4weV6MX%2FK5MwLuhHvYy6kL1%2FND1qfOIR9hiB0tZZJ9AbAiSg1aLoNY8fAKzQhbVfv%2BR%2Fv%2Fs%2Barqgt3KDb%2BwP7%2Fe1gUyT6SLMYhcIqLIrgmDlu8Z76EOV6NmO2JU%2Fxn8%3D&ptyp=4
1806292851,A:PQC_20260918_A:HAN__1-0-0_ECO___839364492,2026-09-18,Economy,VietJet Air,VJ,450,VJ 450,Phu Quoc Island,PQC,Phu Quoc International Airport,Terminal D,Hanoi,HAN,Noi Bai International Airport,Terminal 1,2026-09-18T09:10,2026-09-18T11:15,2h 5m,0,True,4348221,0,4348221,False,https://www.agoda.com/en-us/packages/book?cid=1753802&pk=A%3APQC_20260918_A%3AHAN__1-0-0_ECO___839364492&pt=AAAA.AAAADOZ8PbrG9LypDgXX%2FxamoDPvuvR%2BMsajea7aq%2BT04zrMiwZsWqafIG0SiamaALf7mPMwe7XnqQUeqHr1%2Bvvkxzmm0rW%2F2nQOHeD5su1CUtL7C6zz86rNgxeIpRg%2BijZd6wCFC7gTpST6XzhwcSpuzzsGSyJkkjxAmK3qYtK4xtBRtSFGGeNTwptezC9xC5JDQDqghzen4I6lWbr6lvv%2FMfjtbLO%2FfvGPMJop%2BSoOQ84b93LuC2SsRCmSi8flxRnkBmb%2BDwxbqxg8gW7NvhE7THjtp0uMoeopI9o1VKpxkC97CdkPz8yPKsDe%2BGXqV%2BfaLFHsAfWcepED9tCHJ70fI2p3mHBsRZoIQs3tp6U%3D&ptyp=4
922474362,A:PQC_20260918_A:HAN__1-0-0_ECO___977893204,2026-09-18,Economy,Vietnam Airlines,VN,1232,VN 1232,Phu Quoc Island,PQC,Phu Quoc International Airport,Terminal D,Hanoi,HAN,Noi Bai International Airport,Terminal 1,2026-09-18T13:55,2026-09-18T16:10,2h 15m,0,True,4738073,0,4738073,False,https://www.agoda.com/en-us/packages/book?cid=1753802&pk=A%3APQC_20260918_A%3AHAN__1-0-0_ECO___977893204&pt=AAAA.AAAADGGoV0TIBAAbMV9tqj%2FVcNZqgjQf7i3j2EWPhMlVNY238OXqc12Oh64EezmhRlUYEMCD9wqHgJ2QupXkIloe9t%2Bhpc9Vu3cfRLTwcgGyG7%2Fq5Z3Qhky0Y8%2Faifaysj42ZJwiI13SRANy4TljyLWooZ%2BZ%2FweZaKVNbrzyrJs61SnfflOyV6GNErTWrQDa70soZGk3kPHJ%2Fxvv1V60s4hfzaGJNKHSvwEt10eqaJz%2FSpwafJRXGCCB9JN%2F302TVpPZcm%2BIPxTfihkPHyb2g1jdBEn164f2yGbYq46Q2rePdD7azjTo06%2F%2F7S6lQ%2B9Y5zPBSo1VDGqr%2B5RcJba2KJXdJ7eeE80mdsA746HBTtDSaLtLIXSOO%2B8SF6apJyjFCtpufnUmcAmn8Cks4WYBg1qRHsojS0ARmC8b&ptyp=4
1917846713,A:PQC_20260918_A:HAN__1-0-0_ECO___185336628,2026-09-18,Economy,VietJet Air,VJ,716,VJ 716,Phu Quoc Island,PQC,Phu Quoc International Airport,Terminal D,Hanoi,HAN,Noi Bai International Airport,Terminal 1,2026-09-18T19:45,2026-09-19T08:50,13h 5m,1,False,2390357,0,2390357,False,https://www.agoda.com/en-us/packages/book?cid=1753802&pk=A%3APQC_20260918_A%3AHAN__1-0-0_ECO___185336628&pt=AAAA.AAAADAWh4J6g8af5C4uKGU5%2FPLFLQXI%2FRWB1E69MTXguAHqFEdh2BWfw703O%2BvMOBfwK5xzEQjh2YiTqDDV5QhxN%2BIpCng1zq876GjmAmJ9NYkwDuFSpzW7dueHoFIW43sxFYOhdMwTDlHIahQUfTJTYOfM3WbDIajZlB8BkF9shJ2ttnRmYpihryu4zJbJc2j7srVU0RGyyZJsYDJp1tnnsZXnVaS2njZNkpCSIMXlyLJd8%2F4PcaaKgFv9tgvy9Of2og5JAWp1ObdDBtkyx5FLpIHpHs%2F%2F5cnx7BtgN%2F%2F32dIE%2B6966AigFDaXKQrlRQX1vOGpueMo3RZs4yWxWCsZhJUmIfqZMonbhHw38cSfVIHMijX%2BiVyERuPA0UOYmLEmPTw%3D%3D&ptyp=4
492659244,A:PQC_20260918_A:HAN__1-0-0_ECO___181308748,2026-09-18,Economy,VietJet Air,VJ,716,VJ 716,Phu Quoc Island,PQC,Phu Quoc International Airport,Terminal D,Hanoi,HAN,Noi Bai International Airport,Terminal 1,2026-09-18T19:45,2026-09-19T10:40,14h 55m,1,False,2474924,0,2474924,False,https://www.agoda.com/en-us/packages/book?cid=1753802&pk=A%3APQC_20260918_A%3AHAN__1-0-0_ECO___181308748&pt=AAAA.AAAADHkXIneUYNx9DAFvA7nZ%2BwuVvQbA7%2FvjF44sc%2FDoZwlTdS1nfvyPIkbB%2BgReXLgP8890yL3ANNSq9a6JXSyVYyK10%2B6z5BV1rOTJ1cgJ%2F1Y0yDM68aMBBEuwrFT3AcdQhp6q8CjydS2B8968MxIkU911oWbuF3da3zKKUXTiOUM1yjN68q8QbSCBudQ1fXkF7zrPSexz3vCX24LV2NJpSV%2FyD6KfiZlf03XClvHZHfjrqgwkqjNJf4GL7CsD1kxBhzc1ce%2BDb%2B8pbsOswf%2FVtJb8GVFeuxkYIi1xfsE6eBbOBn6h2zaKqOKDkRfcFHNn4INCDTzw2aS2nAWwqrwu46Qp8kSPemFqmpD9b7fYKX46lPCjsedObcwhOYhA&ptyp=4
1979247642,A:PQC_20260918_A:HAN__1-0-0_ECO___228041326,2026-09-18,Economy,Vietnam Airlines,VN,8074,VN 8074,Phu Quoc Island,PQC,Phu Quoc International Airport,,Hanoi,HAN,Noi Bai International Airport,Terminal 1,2026-09-18T17:35,2026-09-18T23:25,5h 50m,1,False,2534987,4222,2539209,False,https://www.agoda.com/en-us/packages/book?cid=1753802&pk=A%3APQC_20260918_A%3AHAN__1-0-0_ECO___228041326&pt=AAAA.AAAADPfqTLUn0xZvIXzwgfGND7NFvkwzcym0GXQnLc%2BDhMm2TTvi4LYr30%2BdrqzZx4IYFtTK%2FRIQa7ebO3ZgD%2FNlIkg%2B797VZJc6vBPOiWxRl7bmSrfOL5xU0JFFCMxAKw9TyIn0J5nKWQSz5GK%2B6WeTfAgrPiWJcuMMn0kt5frPUmt6iY2t%2BDLCCBg7RtUkT0xqDEt9Q9RFvPajntHZtBOM3RhYcRXuW2ooyrAW4GFkXrvopH%2FNNk5eOoZX%2B7FN6ivSt%2FZxdPVh9YILxQqdT49M3ybw%2FJYDitUSaEDdno4vh0ntRibBq1AXIcWkPvhO3Z2uzYYtsknQlmZeUaA2XYO9h%2BsvxXWZ2ztctVvQYA%3D%3D&ptyp=4
468885374,A:PQC_20260918_A:HAN__1-0-0_ECO___1659960860,2026-09-18,Economy,VietJet Air,VJ,718,VJ 718,Phu Quoc Island,PQC,Phu Quoc International Airport,Terminal D,Hanoi,HAN,Noi Bai International Airport,Terminal 1,2026-09-18T09:25,2026-09-18T14:35,5h 10m,1,False,2769493,0,2769493,False,https://www.agoda.com/en-us/packages/book?cid=1753802&pk=A%3APQC_20260918_A%3AHAN__1-0-0_ECO___1659960860&pt=AAAA.AAAADGOjqD92U2FyNJz4983XDolgdNF0dklWrhln6wzOIKYjKeTQta6uZfNSv%2Ftz8ZjFkRtsr9bUv%2BacXhHVx71S30yLZwC1895bTnUXrk0042CeacsGx7QzjvUXdk36rnaAEiMl7SG1PLlukG%2BCAgG6oIlxMMbBc8kOwufdJRQW6IoN7e0nJR8IR7i3XPEKiC%2B%2BdsuMphS4u5w2LaA3GAODDQuqDkttzuC0qKGVuXyAjrzo3wPupLgQx5ly77MJePiLIlAwwac6fvW7CLPxPgVPnYLwFKISf%2B%2B7ez9kkqCQuTWQvQPRrq9LvAuY7XNxdFyOmhg4EGRho372TnYn54O39yoR5Hmfupg%2B9weifXGRu0OHUyd%2BUE06hZ8aOZe9xZB%2FXyQ6&ptyp=4
446927567,A:PQC_20260918_A:HAN__1-0-0_ECO___1286738323,2026-09-18,Economy,VietJet Air,VJ,338,VJ 338,Phu Quoc Island,PQC,Phu Quoc International Airport,Terminal D,Hanoi,HAN,Noi Bai International Airport,Terminal 1,2026-09-18T18:20,2026-09-19T07:10,12h 50m,1,False,3181075,0,3181075,False,https://www.agoda.com/en-us/packages/book?cid=1753802&pk=A%3APQC_20260918_A%3AHAN__1-0-0_ECO___1286738323&pt=AAAA.AAAADAUg5yjES%2FVwe3pFF38BFVpWfqghxV6S7Qr5caMA2nXR2r3gHQR7AhtXRmuoQ6C25BZOd%2BFL7ETa5k6bYCnt8POY1RNYte671f3nbqfKk3GFgaZpPDepkHInRKhCLQLdLJwYm80j9t8qpKL7xpe7nMBXw%2BSnQpSbWbQL5g5VJeJczunrsuZcZCBSPZHNxfLkiP3T9eSQwLZ3R7Do9GniEC9JxQLoiytIHgfnNOFuV%2F5q%2FOae9bKAiR3HmAMFQVPDhmPShD2U%2BqD61wVjpe9CKsb%2B0QHq2j2DemUdcEe3JsTEC517mGQ%2FcM87BxIJOkiwAcrZLQ5%2BWRYFmTPOGXkWJOwiC5wJe0t7sM8r98hC8431POCwJy%2BxALPeASg1rI8%3D&ptyp=4
828986800,A:PQC_20260918_A:HAN__1-0-0_ECO___1235513802,2026-09-18,Economy,VietJet Air,VJ,718,VJ 718,Phu Quoc Island,PQC,Phu Quoc International Airport,Terminal D,Hanoi,HAN,Noi Bai International Airport,Terminal 1,2026-09-18T09:25,2026-09-18T20:55,11h 30m,1,False,3560622,0,3560622,False,https://www.agoda.com/en-us/packages/book?cid=1753802&pk=A%3APQC_20260918_A%3AHAN__1-0-0_ECO___1235513802&pt=AAAA.AAAADM%2FpUM6mTyJRDhJ8mkeFDarXApJ7WNeW0Jr3f5di5cfXf8bUkBHO7fEuhBmChIhkeE8pMUXnHieDyBJIM%2FZZCtfsb725JFzPJDGAGH2BE65rbaYkC5IWGz6vKBsjZ8JQZC0oR%2F6aZx7s3pKygCm2gLMgSHqNCPFkfPum34nPaNmzvYxxyIzXEVfCTqWsYh0IRXPSPKw0iMnUPNvV7OzMQtFc07RSi29kmuQcIHtgViVFjODecNVBsm%2FwOSDZbdVToYDbBFpjblFCjPcnSEkTIpMy9pQIN26guvsjzj0KnVDP8LjPmzpJQe5A2zh58zjQAIXlqXXCxBN6BFB%2Fz6%2FWedt%2FTVAngQ0dqqAXeHaPR1BSWhGh3YLOaWIPZzh3G80nra16&ptyp=4
2066359379,A:PQC_20260918_A:HAN__1-0-0_ECO___916316626,2026-09-18,Economy,VietJet Air,VJ,338,VJ 338,Phu Quoc Island,PQC,Phu Quoc International Airport,Terminal D,Hanoi,HAN,Noi Bai International Airport,Terminal 1,2026-09-18T18:20,2026-09-19T01:10,6h 50m,1,False,3673834,0,3673834,False,https://www.agoda.com/en-us/packages/book?cid=1753802&pk=A%3APQC_20260918_A%3AHAN__1-0-0_ECO___916316626&pt=AAAA.AAAADFApBPUOwUX5jpuAbqnjC530Ua3qiBohfj5oR8WN%2BIf7fLwbqVZSK4FZXHmAYqwkVV4o43XtLHSzeKjFRWIgAXdKW5a0FTxXzZJx5JfzeY%2BVa%2FEe5HJa45rLhaVYSMupFg2cmahmPGp3un0y2CpEcqq3lJBJ3jr%2BYHs3wvjBfBulsDWAdbxWNHQoL%2FVLm3bDf7W%2BWWUq7Sb70qdVnVhJYRUHVuZLhwVlIvsP8BipgrnGzCx2MzZmjZ4FA%2FyadKwRm8Ce29NGSgOOl2HGZ3B8OdyXJmQK0zm%2FFwDih1o8N8yKs%2FwUJK%2FTnkqvlR2QeB26%2FaY4RW1zPnRAdMzWZABnjjZt0OIBk7iGj7a5tyySfUVvX9U1BUNLGv1QLsZUG8I%3D&ptyp=4
1400350931,A:PQC_20260918_A:HAN__1-0-0_ECO___1596668721,2026-09-18,Economy,Sun PhuQuoc Airways,9G,1980,9G 1980,Phu Quoc Island,PQC,Phu Quoc International Airport,Terminal D,Hanoi,HAN,Noi Bai International Airport,Terminal 1,2026-09-18T19:20,2026-09-19T00:05,4h 45m,1,False,3823484,0,3823484,False,https://www.agoda.com/en-us/packages/book?cid=1753802&pk=A%3APQC_20260918_A%3AHAN__1-0-0_ECO___1596668721&pt=AAAA.AAAADFDbvCINxJJDCFbOV64pwOGKjr2E5zY%2BJT4mXxL6Rf7SpskIfv5Y0KDO7S9UBShztC%2FyC0RvZXHoDmJaVZySdV8Ky98S7Ibo46AniXYQr72jvRUJ%2FbYsMaxAR%2FJmR3JWy4hHH0XmtzMZfKFdhVSknV%2BZxUR3GMalTMv7t1Gfx%2BaFx2KNk8nNEj%2BdYxq7PuoJFYcWTgtjNsLvMoMv%2B7m5twzC6AUS%2FIFfHmFcvlLQ1PFGFDSdgJdsC%2FvoOylLasSZBQ0rwg5K9GprVty%2Br2A1DxHc2r%2Byun2SEbD6l8fe1e0L1IvqDQCOkiLNGu27OkogTEf8%2BkueKn7rhF7rBfxSfVKbFPZUqx96oZ7MUotCj%2B8%3D&ptyp=4
1408208313,A:PQC_20260918_A:HAN__1-0-0_PEO___1077086833,2026-09-18,PremiumEconomy,VietJet Air,VJ,452,VJ 452,Phu Quoc Island,PQC,Phu Quoc International Airport,Terminal D,Hanoi,HAN,Noi Bai International Airport,Terminal 1,2026-09-18T14:00,2026-09-18T16:05,2h 5m,0,True,2591048,0,2591048,False,https://www.agoda.com/en-us/packages/book?cid=1753802&pk=A%3APQC_20260918_A%3AHAN__1-0-0_PEO___1077086833&pt=AAAA.AAAADOZDVdD1EmkrOtjlrA3oJhcvw0blEZV1eFHis2PUPo4Zy%2FzSiK3y5HFHl%2FxB%2B6d1%2F2IoXprJaOAWhnfYiLhbIf0V8aCETP8sqNoMno3tXVSgOYknEAyTG6J2eLw%2F4xZ%2BvAOb9Hv3BxsX3E5MkepdzGw8rAquTA7Dem9QzaYuIOh%2FhxNP%2FUAo0%2BCgHBCs%2FBLvmmgdP%2BGXVYqL8ZTJldRM%2B%2Fhs0xV8He%2Fvcndbkw0azWcykW7LBlK2sp3ikTXeiANxdkW4X0DXRYPouShd7AEPe5aURhndU87scQUAIHWyOkU9teK%2FkRsKQgFcUbjSHEsxsWZtdKBcBtD47EQY1IYJEPO1AUQQUfuh&ptyp=4
213641189,A:PQC_20260918_A:HAN__1-0-0_PEO___1523239613,2026-09-18,PremiumEconomy,VietJet Air,VJ,442,VJ 442,Phu Quoc Island,PQC,Phu Quoc International Airport,Terminal D,Hanoi,HAN,Noi Bai International Airport,Terminal 1,2026-09-18T19:20,2026-09-18T21:25,2h 5m,0,True,2591048,0,2591048,False,https://www.agoda.com/en-us/packages/book?cid=1753802&pk=A%3APQC_20260918_A%3AHAN__1-0-0_PEO___1523239613&pt=AAAA.AAAADFu%2FxMOgyVThfXxnm8%2FA3ZgKSfT8Kyvtb7WsoyfiPwEaCwpABrYlQCYfRELHmAIsbDchz2DdjRjo4zPrF4JBUWCO3RczTYOvgm9pbfc16SLo9VDjqq%2BL4ibtzjhU%2Bf5j9OnhGAgXwQ%2B4DWI%2B0HkohtHbrPM7CN%2BCLvD3pdbmvBG625c2lh6PJMolJGt2aQXzJ%2FHVBbTDuhdKSiiz0wSsjaRGoHFYUj60R7lnCH2kC1m6lFM75e5nan79NSW70EzazItVfDeh2PZ%2Byggld%2B280VaPzo8oaXNVeJSHcwIeqD3e81%2BDXz1owQ9O9s7jSlat%2BmQVacB2%2BepUUGMSRUE6EZRgLg6qdww%3D&ptyp=4
1730615087,A:PQC_20260918_A:HAN__1-0-0_PEO___888962715,2026-09-18,PremiumEconomy,VietJet Air,VJ,440,VJ 440,Phu Quoc Island,PQC,Phu Quoc International Airport,Terminal D,Hanoi,HAN,Noi Bai International Airport,Terminal 1,2026-09-18T11:25,2026-09-18T13:30,2h 5m,0,True,2591048,0,2591048,False,https://www.agoda.com/en-us/packages/book?cid=1753802&pk=A%3APQC_20260918_A%3AHAN__1-0-0_PEO___888962715&pt=AAAA.AAAADDsSjWQg3Lkk9WFIMSgdLwB40LBXXCOoArURplev445RJzObho5HGgxZSFdEpa2sRmqaacr%2FpwdBUd7QROMJi%2BCKFVIgD7y%2B7pB1kt3S98fhwEHWWTHDS2j4mBstRBJzk6MqwCjowWhZ46hvnmhXDy%2B0838GaRIo4I0oH%2BuhLI%2BBVbR8Gn%2BiEriFkgZ2UXbMj2xt2IGdJnK3CpJ596fTzA9nTl4fLbGts8%2B2r3uAg%2F0m1DAZKOk2k3oL6ksJk7F8BZtxDJWuGXzgXIQaiHz9m6ZUNo74%2BRZv8lpCK4S%2Bs4Ad43XQbKDvhP5%2FWfRaoNIWM%2FYpvSr0rKzaQe8ffnve14BNBm4FYoA%3D&ptyp=4
778986754,A:PQC_20260918_A:HAN__1-0-0_PEO___998300793,2026-09-18,PremiumEconomy,VietJet Air,VJ,454,VJ 454,Phu Quoc Island,PQC,Phu Quoc International Airport,Terminal D,Hanoi,HAN,Noi Bai International Airport,Terminal 1,2026-09-18T14:35,2026-09-18T16:45,2h 10m,0,True,2591048,0,2591048,False,https://www.agoda.com/en-us/packages/book?cid=1753802&pk=A%3APQC_20260918_A%3AHAN__1-0-0_PEO___998300793&pt=AAAA.AAAADFEC8V9KOXPh%2Fau5dr5MZrjQFpXJZHjOfVJmRC2aoEZI6eeGt6ONrmFvBYSQZiwq%2BLtDlJg4ejKeW6dZe0tYRPAsZa50UT%2BP5kgrsE0cToshU2QFl%2FmNGG8di32CdzxIutdo9T5lkOah6G3ozpkSk6uQnTIUif2EzdmkDa5FtVJXSwzQiwHJTSY%2BQPMR79yai6qIrqjrTaqhClTPpJiKucCS6jqDQHqpSMI%2BzTT9hHiGIZR1VYGWoSkjjRGE5VKFPfJaQ%2FGpUhWoGv0aOc0zl80oJ0O%2BsETPsei4iP1U7AZT%2BSbQ%2FhbgCXEnHbpzgZcXrPV8wkI1fPOURZGTB2GibOMz85L8vww%3D&ptyp=4
755731865,A:PQC_20260918_A:HAN__1-0-0_PEO___839364492,2026-09-18,PremiumEconomy,VietJet Air,VJ,450,VJ 450,Phu Quoc Island,PQC,Phu Quoc International Airport,Terminal D,Hanoi,HAN,Noi Bai International Airport,Terminal 1,2026-09-18T09:10,2026-09-18T11:15,2h 5m,0,True,6070436,0,6070436,False,https://www.agoda.com/en-us/packages/book?cid=1753802&pk=A%3APQC_20260918_A%3AHAN__1-0-0_PEO___839364492&pt=AAAA.AAAADArKIsmMWT6Ae%2F4DyLE5O%2FnGS3YmTwleNZ7d2zaxsP7HO1AnnDDLcZJX35KRBRBXho9mY0450nbXir0RoNAIPUEOKtMJ9fqNZJ%2FbyKJuT885eFaz9w0rCJWCqRH07RGb5PF1an4CUiixJOvJII%2BayUbJdawZ4E06no1VhJoiWGgRH5Kc2mb2mRQ6XWYz30lyXeT2xv6rtFESSV%2Fg3YqshlkR8ly39PvFSX2gWfZ9waGybeKqDVUh9cTTSy35oiJHvVNNo8ABSU1TZ%2BrKddltbv9ZZYSGTqRfYxgRpG5d0L4OnIrSFzg6OAMVfJ9g06ft6MwMsl%2FlOUKV2fKw6T2dtIJAxks%3D&ptyp=4
829675006,A:PQC_20260918_A:HAN__1-0-0_BIZ___1002642214,2026-09-18,Business,Sun PhuQuoc Airways,9G,1230,9G 1230,Phu Quoc Island,PQC,Phu Quoc International Airport,Terminal D,Hanoi,HAN,Noi Bai International Airport,Terminal 1,2026-09-18T17:45,2026-09-18T19:50,2h 5m,0,True,5568924,0,5568924,False,https://www.agoda.com/en-us/packages/book?cid=1753802&pk=A%3APQC_20260918_A%3AHAN__1-0-0_BIZ___1002642214&pt=AAAA.AAAADFOT8pgE07uOKil1OCpf3y5Hy9gY%2BtLBrRC%2BswfWRqjJcI8hQH%2Fz0ayqbeRbcy0rg5ctNTfcEa66j1VUoBw3nbes1zqB3lDnS1FirFlDpB6x6yShJzSRzuwemA9E43ZF7xP60goRt4OOnNX2ckw32Tjzf4rHLlqiDQm7teEvimZxr4G5wOIpvoPC%2BTjsZC5XwvZtUOK1uKB3tmPQYU9hTMS9sii9vfqpVNjmSjI4dLPc4vuacvHPgQUv3JsMSzNsLmidrjdV0HSCfssqqR2V6EDHI5oCR0EOUtWTR9p1rZGKOnltJEhbOzHemk9FvH7k00TrLyJFVa%2BWSZ9yyit8XfBAyqYlK8pOTromzdiYgo%2Bzgw%3D%3D&ptyp=4
792235048,A:PQC_20260918_A:HAN__1-0-0_BIZ___1350031316,2026-09-18,Business,Sun PhuQuoc Airways,9G,1206,9G 1206,Phu Quoc Island,PQC,Phu Quoc International Airport,Terminal D,Hanoi,HAN,Noi Bai International Airport,Terminal 1,2026-09-18T10:15,2026-09-18T12:20,2h 5m,0,True,5568924,0,5568924,False,https://www.agoda.com/en-us/packages/book?cid=1753802&pk=A%3APQC_20260918_A%3AHAN__1-0-0_BIZ___1350031316&pt=AAAA.AAAADMTKj0wf8s8xjE9PiEdvyFyD5Yod9CoaGLILzPlx0tAGjmpqU8d4jnfVEZ1QiS3EkAQvSpZS%2B8O6CQBm0lomBdZZ0Uwg3yP%2FEvdacIO2GBYaMiRDnODbx7LiX%2Bupa2qb%2Bn9a5oNpjDF4cnPWC%2Bmt9bU2J1Dfib7sKXoR%2BdlqngvI6jAbstkVtphpBhHFrLmFoG%2Fhb8ApoyZq4IvUrwJfMqLoeRs%2FuhPsyNj%2BX05zIZFBLbCrbO2CniCKLrBV5rMqDz1%2BGrFhEsrpQsZx48xBrpkQbOsdhiE5SJpKpXU54sBerHAiEyVrS5jWOJbI%2FGv8wNnFk4tsc2uQv13bf0a%2B868qPWrycCedSByqVk0aOGs0HQ%3D%3D&ptyp=4
409456387,A:PQC_20260918_A:HAN__1-0-0_BIZ___1361840184,2026-09-18,Business,Sun PhuQuoc Airways,9G,1208,9G 1208,Phu Quoc Island,PQC,Phu Quoc International Airport,Terminal D,Hanoi,HAN,Noi Bai International Airport,Terminal 1,2026-09-18T11:00,2026-09-18T13:05,2h 5m,0,True,5568924,0,5568924,False,https://www.agoda.com/en-us/packages/book?cid=1753802&pk=A%3APQC_20260918_A%3AHAN__1-0-0_BIZ___1361840184&pt=AAAA.AAAADFBJ8h7QwKl3Ah39JHnKeJLuGvE1njpHll%2FrP6%2B6M1FPNK3CUo0jOjs%2B9PWLnRWT%2FtZWfhEoNBBXPQRWRHYrn7jEUI9WMq0JWJO4ZvGrVGQqlrcpgHMaxxqZgnC7Gyd271LqoBFB58RTFR8BABYjy2HO22bf01L93vG3YUd%2FXPii9%2FtLM%2F9%2BHc0oHG%2Bt1YeLOu0OVswXDskLugtRectks8xvurRsv5wZGhQ1jL9CzgeUpaQSyuZChimsTwPmSsVyjoaQvMlsBU6GagwIlrRhriLh%2B6xqf0Oz2b9OW03tgUdyzYDsVuQz7OZTusBFb%2FI0dUejvRvRd2dFjyi4gJWcwbZM9%2FH3hGXx8SI1gcSDcQOT&ptyp=4
1197614560,A:PQC_20260918_A:HAN__1-0-0_BIZ___735616066,2026-09-18,Business,Sun PhuQuoc Airways,9G,1224,9G 1224,Phu Quoc Island,PQC,Phu Quoc International Airport,Terminal D,Hanoi,HAN,Noi Bai International Airport,Terminal 1,2026-09-18T16:25,2026-09-18T18:30,2h 5m,0,True,5568924,0,5568924,False,https://www.agoda.com/en-us/packages/book?cid=1753802&pk=A%3APQC_20260918_A%3AHAN__1-0-0_BIZ___735616066&pt=AAAA.AAAADJu1W7vDuEz%2BkP%2Fbk0OK3EMkBqZNVH40%2Fon6UlG9AbqBx8kCrC8ewn%2FO639uqXJgbhl2KfURGwfyekIs0zCaKQeUXZ8mzMkyzUF%2BggQGTWAhi26sZQqTXtZe4qJ%2BJjP%2B69NkUTAIE0ILjAt%2B4yuC3qJeUEflDGYyCFsPgc66qF2X0%2BtLcuwdhJCJiHGOFvRRxkvr%2BMF%2By23n4cduTCHL3IaxFYVaepnBGa84qzj1JdmXRwydx8jfVq20zrjvAfqwZiBBGJOHPeP4XoyL49vWUAIwGYBeVmxomyZv7I%2Fj6RiVPLvCjn54FLaeCYejV8Ft0V0jQ6VI2bQnvdlTebG8XWtt%2BfAishIllCXns%2B6bd4412w%3D%3D&ptyp=4
980143888,A:PQC_20260918_A:HAN__1-0-0_BIZ___667269927,2026-09-18,Business,Vietnam Airlines,VN,6104,VN 6104,Phu Quoc Island,PQC,Phu Quoc International Airport,,Hanoi,HAN,Noi Bai International Airport,,2026-09-18T11:45,2026-09-18T16:25,4h 40m,1,False,7117470,0,7117470,False,https://www.agoda.com/en-us/packages/book?cid=1753802&pk=A%3APQC_20260918_A%3AHAN__1-0-0_BIZ___667269927&pt=AAAA.AAAADGTy7VSwloL5Ablc1mfy1%2FlSmF3ZTMMg62CaQQMyhx%2BX2g8PSMUbFvtZbTYkMBU%2Bl3n9dbIaeRVg4lriH2dWN8vYUZslmZf%2BUTk63eyEbA%2FREPyTyCw8b3bx2%2BtFhR3hkAhLzoz95jS1%2BCa42rSw7NOzUHLIA0GfVxPWhHOeE2yWAzkwJPbpfzfd1H13l%2F6jP2cmcvNc0rsT%2BSk4zPUFVAtWNvZo2SGxfP0a1KDqcE5THtwqBuaTBjOuKu8cYaFJ288kC6GC%2Fn5EIwY0%2BCBXeHJvdngbFoqDhFcD0QVG3v5EYG4iCS9tL3IpMKOUsVsL9wQPQ4Wke4tHBuPHpI1KrzUP1eClXgBrjNmuv9CHcqPDuIQJdAw%3D&ptyp=4
394650243,A:PQC_20260918_A:HAN__1-0-0_BIZ___21873737,2026-09-18,Business,Vietnam Airlines,VN,1822,VN 1822,Phu Quoc Island,PQC,Phu Quoc International Airport,Terminal D,Hanoi,HAN,Noi Bai International Airport,Terminal 1,2026-09-18T09:35,2026-09-18T14:10,4h 35m,1,False,9918826,0,9918826,False,https://www.agoda.com/en-us/packages/book?cid=1753802&pk=A%3APQC_20260918_A%3AHAN__1-0-0_BIZ___21873737&pt=AAAA.AAAADFNKhL%2BINtUSAI1VLRgmPI1EgP4e3FEzpyIpPgxnlHf4slYt4AZgpeX1U19rDOGgV6Ij2D2HV%2F9%2BaXV95Z5NVhhQNGFBJTrhxNsep%2BGzKSxrcU1wRXnxGgIAdHmWFewtc6SczGLgTvuxHCWlDijR2BM3FeIe%2BYTpvLw%2Bb36nitxoG6YoxgJ0kmKLdw6dUJ1P0Coy4M6rsyQ%2FsCXwxrhc20piqDfP7Gix3kbaXCle%2FNmiI6SOXTh75sddmSDFcMQXnd4u1hCU12vaL7ZDnJK8xTz8vNlrHO9DDSY25ZwZDW5re5X%2BW2yNNKnlxwANuTUEyOFIf841wRtpU37GehvH2XSSnhfgMYD1w2mjmKBQAENmcQ%3D%3D&ptyp=4
817417618,A:PQC_20260918_A:HAN__1-0-0_BIZ___1312841196,2026-09-18,Business,Vietnam Airlines,VN,1822,VN 1822,Phu Quoc Island,PQC,Phu Quoc International Airport,Terminal D,Hanoi,HAN,Noi Bai International Airport,Terminal 1,2026-09-18T09:35,2026-09-18T14:15,4h 40m,1,False,13997245,0,13997245,False,https://www.agoda.com/en-us/packages/book?cid=1753802&pk=A%3APQC_20260918_A%3AHAN__1-0-0_BIZ___1312841196&pt=AAAA.AAAADNDFkPOg81haDX%2BZB99XTqfxzff76jfyOyPOIfnzXNsEM7jtgg9ZLfzbQPlAEcpAmPCBtYTLEIDby2bCXHol2kgGumLpO53HfQEJU%2Br3m4sCQDixJhTO7zHL53scKAq6SbEOU9X8e9sN%2F6A%2F%2B7LmqyoeZY5MCjWVvFiTFIAcR229gbY6ffb3ZaC07K%2BsMaCI8M%2FPsWrE69qERSgJyOijNeCvq0yCFO5RcUllD8wdDL1oCH%2Bpuv7aJ%2F5bhQtH55uZsYzP0CLAeh3x4Xi6zenrgoce8e6QgMjhEPWFF%2B%2FaTaRndmUCxjm1EcYV2mfIo36c16pkP2cSFcQfVpvroTRDJ2wAuiTD9uW9RcJXwgKBLiyiXFhBQA%3D%3D&ptyp=4
1602907538,A:PQC_20260918_G:NHA__1-0-0_ECO___226995559,2026-09-18,Economy,Sun PhuQuoc Airways,9G,2952,9G 2952,Phu Quoc Island,PQC,Phu Quoc International Airport,Terminal D,Nha Trang,CXR,Cam Ranh International Airport,Terminal 1,2026-09-18T12:15,2026-09-18T13:35,1h 20m,0,True,772579,1675,774254,False,https://www.agoda.com/en-us/packages/book?cid=1753802&pk=A%3APQC_20260918_G%3ANHA__1-0-0_ECO___226995559&pt=AAAA.AAAADIrEuFDHpNfu7IBd7ZrTLvziUSHrc41%2F2bc1NWt%2Btr55kkCbogS%2F%2Fwjq%2BxcJPrl9%2BmhfbRHPP9EbiCXE%2FR2O1JPbeVZo7hrpj0rCWnD2mEhYGFZtZ2LAPFZO0OdxP%2Fgq8lWpfyo%2F1gie5%2BDIR1GNSedztRHNMzRAJvsJ8AH0eZV480SvSxWQnbtbtWUbQmqrX15JrzMUSdGnW47m0kEPQkSLSKBv5OpQxiI5Tz7hEoChbB2ec7Mtw85fw3SZvkSg%2BuZ6GgWWmc8KOAqdzjUda%2Fhy0OT6snVmim7RXw0E37df3MUUtUM8tixQFxBczJdPKLWvAVVBO0NOmycY7vIp0G8OgaDcq2UQITicSOIwTx5%2FprnQ%2BFpNSA%3D%3D&ptyp=4
1826784743,A:PQC_20260918_G:NHA__1-0-0_ECO___1573118137,2026-09-18,Economy,Vietnam Airlines,VN,1822,VN 1822,Phu Quoc Island,PQC,Phu Quoc International Airport,Terminal D,Nha Trang,CXR,Cam Ranh International Airport,Terminal 1,2026-09-18T09:35,2026-09-18T13:15,3h 40m,1,False,1792491,45326,1837817,False,https://www.agoda.com/en-us/packages/book?cid=1753802&pk=A%3APQC_20260918_G%3ANHA__1-0-0_ECO___1573118137&pt=AAAA.AAAADNi0ksaGSxg0NQzHb89QKQaMBwoqt1r%2FyUjgZbtUqjR4NNksUSljOo2ofo1PUp%2F0f%2BL1pp6RWO2Mojgg0CiAhHhoV8jk5SHD9hVC3LImhiw%2BGMarsaBFAB32PipZ6p%2BR%2BetA7pwhajYTjWtTt4ARgSzIPUfHnyupPMWXSSuOPpR2wCGVQpjTHsO%2FknnnSEbtjhk9Gczqz24MX09ZpUt32afb4maHR2RXnjurfp9uqxUM9HkLzbHhvFmmY68LQm0iNNfPYIqhg3YX%2FE4kjRd%2FBiqarGc196nNOD25wYw3Vf7VUIX%2B135tM03HxMycGJaHu%2FDDQxIRkE%2F%2FsYazvyhUOqn%2FpXaR%2B4Yi2EXdy8QhGhA%3D&ptyp=4
2049897836,A:PQC_20260918_G:NHA__1-0-0_ECO___1491250089,2026-09-18,Economy,Vietnam Airlines,VN,1822,VN 1822,Phu Quoc Island,PQC,Phu Quoc International Airport,Terminal D,Nha Trang,CXR,Cam Ranh International Airport,Terminal 1,2026-09-18T09:35,2026-09-18T13:35,4h 0m,1,False,1792491,45326,1837817,False,https://www.agoda.com/en-us/packages/book?cid=1753802&pk=A%3APQC_20260918_G%3ANHA__1-0-0_ECO___1491250089&pt=AAAA.AAAADOIVO7tYPnukt6z6gWz9dUp2ckjrssC2RSydiZxI8dRia5A6Vv87WODCpgu0IHw%2Bt2TpgIr9HrRXNUmKXUpD3EHsgn6qw5lfwkA%2FbqyeumLLXO3cYt1oskPqwT6K5upCYMY0uLn%2BE328vrW5drA04rzJ2Cr9yJNewZWXxolOzhzlHcoXVV%2BGRApMDQri32NpUzTkivrfV0rhZ6X8aDS7sy30KB4GVGjVWruQkXTFuFZgSVCt6XoCByUUPLv8QqFbPULhE1u0fCc4oI5ycZblAuzC5Hnd3ToejIvINRzoDfPCXDtbBGjw6m%2FuvgEDg7mvqQpianz5z4l5RG0QpV5qQP9m9yWSeEAd3BzVL%2F9RD79w&ptyp=4
235161531,A:PQC_20260918_G:NHA__1-0-0_ECO___988495425,2026-09-18,Economy,VietJet Air,VJ,338,VJ 338,Phu Quoc Island,PQC,Phu Quoc International Airport,Terminal D,Nha Trang,CXR,Cam Ranh International Airport,Terminal 1,2026-09-18T18:20,2026-09-19T15:35,21h 15m,1,False,2207220,0,2207220,False,https://www.agoda.com/en-us/packages/book?cid=1753802&pk=A%3APQC_20260918_G%3ANHA__1-0-0_ECO___988495425&pt=AAAA.AAAADF43jl1rG7R8YLLTD6mftNl5ukux76VBDqs3pjMFqVMJm%2BFy8rv9kFQJ9YlsePVCMvlqMEdzz%2FDPmrMUa%2FE%2F39vErO6KK7oMX1Yx1ld7YKT4o2MoxNAyYL2Olamp1adpSD7qZIHGznmRqMwo%2BMI1bY9bjy8nqdypvZIuZPPEJbQv9iHXEZpwLx6ZslC32lBbb7kxtrCzyYVsvp1QStEyb1IbQiHL%2FXL02%2FjYVBbwWFbcNpDAzMYXZQiWxg55D2fJeIC1j7dRHEmOW0Ux7FDk2RqMPNXMPP2ty05C4egXeR62XWyqe1MbB%2BEXIJ04EQobgPBX%2B9Qb1fCwcl1wX%2BvA0ZVY36FPbQ%3D%3D&ptyp=4
443284648,A:PQC_20260918_G:NHA__1-0-0_ECO___563350570,2026-09-18,Economy,VietJet Air,VJ,326,VJ 326,Phu Quoc Island,PQC,Phu Quoc International Airport,Terminal D,Nha Trang,CXR,Cam Ranh International Airport,Terminal 1,2026-09-18T16:25,2026-09-19T15:35,23h 10m,1,False,2207220,0,2207220,False,https://www.agoda.com/en-us/packages/book?cid=1753802&pk=A%3APQC_20260918_G%3ANHA__1-0-0_ECO___563350570&pt=AAAA.AAAADH7q8YMtWxbCDU3Q209eVJcQqV7WTDkfq2%2B%2BVBZFXb8vMiwHrLF6Y3gSOmPnrIJu2MwnGJUb93%2FysHp92OKPIso9WJqNrzD9tEE6XE9SGZgh9YCQtRklSifUrotBVArLlytnyqrkb2JDjzlbqnVnpKHU5POS0MyGyIAimzDqge9lAwUWRYrdvV%2F1QzIcs81pPpEHV02S%2FmP%2BwQ3ddRzekObxkNPvtdLPeq%2F58D1L6HthMDNHMxZNfmrGTSTZQPz6LJztWmwfgI4OwISOxs9FN5iD1Z5Pwbbq%2BbDmEQfOXuIywKxcnsHLiLTy7jKKYJ0S%2FO%2BXJEc6yPgPDTjg5GG8fa897KSrU8U%3D&ptyp=4
1846998714,A:PQC_20260918_G:NHA__1-0-0_ECO___1946867809,2026-09-18,Economy,VietJet Air,VJ,324,VJ 324,Phu Quoc Island,PQC,Phu Quoc International Airport,Terminal D,Nha Trang,CXR,Cam Ranh International Airport,Terminal 1,2026-09-18T10:50,2026-09-18T15:35,4h 45m,1,False,2762153,0,2762153,False,https://www.agoda.com/en-us/packages/book?cid=1753802&pk=A%3APQC_20260918_G%3ANHA__1-0-0_ECO___1946867809&pt=AAAA.AAAADNrgWosGnIjHLzNBOc5g%2B0B2otxiCKHPLGOAKKv8sKikORpOfnm14GsfCYcj%2FjBNIFwzCcWP%2BLcp1WwRNkjS5T4pFeZ4RuLFI0AzKAAam4vFUMiX2l3DRc%2BqvDtZwchY7AzGuzz3ge3ahQGUu31%2F4y9j1GsXbYrGlOUm5QSHTBBEbDV%2FJQvGL5Mmhh%2B2RcM2fU2DeYjcjO5dbDhXqmW2yaT7onbwZ4m2br3b0xgykJ1aEnZZJXX64E7cjYPYzl3DFPI3fdEkoMnOS1SG8wmrF64VM1e%2BuWBGZLRM68umZ5NQBPbavGRyllWbaAFmmTdobhBt14zsciMAzjU4N%2FFlgrXWUYlZlw%3D%3D&ptyp=4
1448831902,A:PQC_20260918_G:NHA__1-0-0_ECO___536315978,2026-09-18,Economy,VietJet Air,VJ,330,VJ 330,Phu Quoc Island,PQC,Phu Quoc International Airport,Terminal D,Nha Trang,CXR,Cam Ranh International Airport,Terminal 1,2026-09-18T10:30,2026-09-18T15:35,5h 5m,1,False,2762153,0,2762153,False,https://www.agoda.com/en-us/packages/book?cid=1753802&pk=A%3APQC_20260918_G%3ANHA__1-0-0_ECO___536315978&pt=AAAA.AAAADJNhzt4HanRHc0N7XsXQ8a2543qNtH4x%2FmjuTbJAX3yDPzC3AVsdPCP5H%2BN9YUn5e29Fqxs%2B8N1351b6Slh5sC%2FVziNFe0Z0xv89rXQMM0bE27M1L9spWyTdEq3gto6uItG0RHkJ9c9otW%2FS6eeekJ0yg1Bxv8yVmA8bw49xzeymrKhw2ZpPOJ1rSnk4dVMuCqtGhZEqhiOd5RTsgyxzX3Xx%2B0gizmzzzVWx9LXYAp7mJx8RSgX3%2F42SRELytzDsDEFnxEzOt%2BKBIwkvrnjexp9Bb6d3DYy%2BuoWYG1qL2KxW6KpPFEaGLjFfg%2BakCh3O59Iy%2FColDz%2BQITQHtrveIrT4GpRu&ptyp=4
399302154,A:PQC_20260918_G:NHA__1-0-0_ECO___1775260437,2026-09-18,Economy,VietJet Air,VJ,440,VJ 440,Phu Quoc Island,PQC,Phu Quoc International Airport,Terminal D,Nha Trang,CXR,Cam Ranh International Airport,Terminal 1,2026-09-18T11:25,2026-09-18T18:15,6h 50m,1,False,2835872,0,2835872,False,https://www.agoda.com/en-us/packages/book?cid=1753802&pk=A%3APQC_20260918_G%3ANHA__1-0-0_ECO___1775260437&pt=AAAA.AAAADPY9Mh%2B6oNRCudoDUD6UMQ2UaBvOvMXGXwWEsi7ZZa5uNhPYpboe%2B4ji0qHFtqwjg76L4lvFFkCOOwT9Lcz7KDNTcl%2BvhwbTMcaxfjJyfEjACqL4bNsmXVhzaQvSO2wFOLrb4FezZv%2B8Dv7o%2BJJ7zm48Gtq4n5qoonZV3wjjllpWAYUud8ZhSrB8RFm04fhtqeeil4P6FkMPx7wbhvMp4a7meaZJze1nlWHlmHoyrm3BrVysZAEUnYvnIhxGexwriWdPO6EUaW4iuT7ETwv%2BlMR5QJcHwm0vhQQs8pSfaLLe6UNJmUsDHqx0pWEyOqWw9%2BlskdgdTDgvlIl6suwZ1pOpaaQ0Ykk%3D&ptyp=4
411506143,A:PQC_20260918_G:NHA__1-0-0_ECO___1690975441,2026-09-18,Economy,VietJet Air,VJ,442,VJ 442,Phu Quoc Island,PQC,Phu Quoc International Airport,Terminal D,Nha Trang,CXR,Cam Ranh International Airport,Terminal 1,2026-09-18T19:20,2026-09-19T17:50,22h 30m,1,False,2835872,0,2835872,False,https://www.agoda.com/en-us/packages/book?cid=1753802&pk=A%3APQC_20260918_G%3ANHA__1-0-0_ECO___1690975441&pt=AAAA.AAAADA2MV8rPJERHfGHkAPinLXJhb%2B8R2kRodDjYcUr4CfnCC%2F9AhcqKgs1%2B2zG8hyIvHE10Gi%2BPlMxym%2BCJGaSSmo2jLUnsjkHfWu9DWH9DorZeGD3HgT92%2Bqe%2BInBnXWaA9Y95pqZbVL6lr6cWa5NgldH2znh0HPMYyLnF5VRC1eXvvOKNdDBwaP9UNQ3hFyX9lSRPNjFfh1%2BdIq4a2Gx2g%2FkjhTOEqpnm2ljtAlRozqwMdulj%2FIlZPCw9kOoFYTvurFNvTTJxY5ijCdhjlG%2B4sYEjXqRbE275M1w16Jy0IH3JOhDTVGIW8J2pxN7YcYlObmpzRAQxWzF5SWRnq50Ey9t5ZUVIwpk%3D&ptyp=4
603750630,A:PQC_20260918_G:NHA__1-0-0_ECO___546867042,2026-09-18,Economy,VietJet Air,VJ,442,VJ 442,Phu Quoc Island,PQC,Phu Quoc International Airport,Terminal D,Nha Trang,CXR,Cam Ranh International Airport,Terminal 1,2026-09-18T19:20,2026-09-19T20:05,24h 45m,1,False,2835872,0,2835872,False,https://www.agoda.com/en-us/packages/book?cid=1753802&pk=A%3APQC_20260918_G%3ANHA__1-0-0_ECO___546867042&pt=AAAA.AAAADFlDot%2FgKR95gXvvnV4DX8pPnxgr%2F%2F0Bm5kaTt6LQlwhyo%2B4DhacJ2HqXxap95GKDVOAILxVgB%2B00p%2BgI4gg2zlRcrXIo6pE0VnA49v0NPk8UfGuGcbz3rZxLmLyexFqWmyf0jLBN%2BzoKarmUQtWALjAVUs0yz0uyKcEqu4XzUo1VxcZQh1RpauEWarTxrNwv8h%2F7H2FVbhIirzpmi943ltheb5ZR%2BMnag8x%2BU3S0ypYUf6dt0MoPj9XIXQDNH592Old7yftQiwXbdius8TPucUrfpnwotGWIlQ%2BAnIRzQqQFxBjTnKIc%2BnllT2BAvFtEaOQTCLNHWu08%2BOgdCztopFOuvBhMw%3D%3D&ptyp=4
973621414,A:PQC_20260918_G:NHA__1-0-0_ECO___2073693947,2026-09-18,Economy,VietJet Air,VJ,442,VJ 442,Phu Quoc Island,PQC,Phu Quoc International Airport,Terminal D,Nha Trang,CXR,Cam Ranh International Airport,Terminal 1,2026-09-18T19:20,2026-09-19T13:35,18h 15m,1,False,2947131,0,2947131,False,https://www.agoda.com/en-us/packages/book?cid=1753802&pk=A%3APQC_20260918_G%3ANHA__1-0-0_ECO___2073693947&pt=AAAA.AAAADDV4AlFExle68%2BlrtNhjJHloU%2F7XEi%2F%2F4nB86GGMyNnl%2BQ5pyW49vYSNkG%2FZDiMsa%2F1uFk5bwc3Xcmati5lPcDUlUdOFPE%2FVt5CVgWNXYiq%2FNZVaJYyxp0CcZKKbsU4NpIDDIAYv2G8H2WQWuLb%2Bs%2B7QQFpptWY4M3OtqK956HC9EzMcuBtyCQZ%2FW4UgEpqV4Buy8pwvljJgbjsblcr1%2BWPETMgt02pu3vm8q%2BkJM2ibr%2BQAuZqcKcMYMCUd4GghDBy4cTi6DXwJxFF5SJ8pEuqIjPZbHXAZkoyh5y0fo2aRlrMdKB4dVX26fluYgWGJJ2kj8VExhaSDCv1G36EkJzoSM4qG&ptyp=4
1475273114,A:PQC_20260918_G:NHA__1-0-0_ECO___721696956,2026-09-18,Economy,VietJet Air,VJ,442,VJ 442,Phu Quoc Island,PQC,Phu Quoc International Airport,Terminal D,Nha Trang,CXR,Cam Ranh International Airport,Terminal 1,2026-09-18T19:20,2026-09-19T14:55,19h 35m,1,False,2947131,0,2947131,False,https://www.agoda.com/en-us/packages/book?cid=1753802&pk=A%3APQC_20260918_G%3ANHA__1-0-0_ECO___721696956&pt=AAAA.AAAADMIM4e4epDDUg7WjWP9CtyFhyn5IFnpHy6RjtIjlBj4RoRTIGtx9hetsxnaYEXFiNmaiHXih5oFLVBu4Jnl2LxlniYZ3%2F7zJUhf0wdQkbIpVqy%2B1K50eag%2BFIFkUZ8vTjpvq5duv49hhQuDP7nO%2BBjgPGgriD5hTIqi7r6y90nW296yiDGRS3jgdgCiqXilyf5Pn155Ha6lMzQfpjfnbUEaNXib2%2FHfYVIHBmSTPyK%2FxYuwT1pH88OHItp8Kl6WS%2Fx1C4xVRgrp5aMgqh60hTxIUacUjPpPIbWgs7c1JU4FNJhYPWXUtJ5y29QV4k49YXfTTBc4XtB8XXu7WDJ18rLUksOyV&ptyp=4
96926919,A:PQC_20260918_G:NHA__1-0-0_ECO___1726513825,2026-09-18,Economy,VietJet Air,VJ,440,VJ 440,Phu Quoc Island,PQC,Phu Quoc International Airport,Terminal D,Nha Trang,CXR,Cam Ranh International Airport,Terminal 1,2026-09-18T11:25,2026-09-19T13:35,26h 10m,1,False,2947131,0,2947131,False,https://www.agoda.com/en-us/packages/book?cid=1753802&pk=A%3APQC_20260918_G%3ANHA__1-0-0_ECO___1726513825&pt=AAAA.AAAADFhQHFPPjX0%2Bh5xyGawR5tOzLAuXjpGGqhBdrMvLcwqGKE0d3OMa%2FBxP9n0s6hJubJd71ZXKomUKUAj0ygtO9P2S%2Byulgfz9m8z1qkyx4%2BfOxJA2eDlmBQMW8YtN3ZufiCn6cC1NkVwn3qmEJ141lg662HGsv56vNIQLwimdZhtOkKpg329YRFNGekQ%2B8glTCjHaTbwY9O8fVeErFU32XjgHxgeB9UkQ5L8mGMwPdVT%2Fq8lgcrS%2BtFwqGQHxWMarg7atE%2Bk82h0YdzlKOydPHEhBLSSiJQP4HEbLuA9%2Bo5ChMgPEtXI5eKRJ7Be1gs2wCDk9NJJ4yHXhAQDAmOYGBdg0V1k%3D&ptyp=4
2056348349,A:PQC_20260918_G:NHA__1-0-0_ECO___1189777654,2026-09-18,Economy,VietJet Air,VJ,440,VJ 440,Phu Quoc Island,PQC,Phu Quoc International Airport,Terminal D,Nha Trang,CXR,Cam Ranh International Airport,Terminal 1,2026-09-18T11:25,2026-09-19T14:55,27h 30m,1,False,2947131,0,2947131,False,https://www.agoda.com/en-us/packages/book?cid=1753802&pk=A%3APQC_20260918_G%3ANHA__1-0-0_ECO___1189777654&pt=AAAA.AAAADBwAVZ%2FBoCwvmKdJiwfeJ4H0rpUQcMiHkSYnJJVvyH7LNbTwnBuXmLu%2BmF7YOkqsc785%2Bb3YMD0VnsRoonRsB50imBoQc7%2FRt9GY5HbCP2VHIUWkQNXU5o3R2UpF9ZcOVVW0iruxD29N5368QKJVYvPqLrabszGGImPTm3JYyQFLcyoS13%2FxH6OqfC1sa0mFMtlAQ4SsG1AiE79YRvSgLgiXx2Vhwykv1pbNz%2BVa5zdIAjveeMbZIUf6L6RC9ARUaYCOuD%2Fjw4G5KPLdtN6Ys6xf1TFlaHYbRebDLkV%2F3vNVGU%2FVbYLVYwxxW3J9%2FhVxGuu%2BjcTTPEkxUSj8ftAfDmnVY%2BNzfw%3D%3D&ptyp=4
1612435044,A:PQC_20260918_G:NHA__1-0-0_ECO___2145799859,2026-09-18,Economy,VietJet Air,VJ,452,VJ 452,Phu Quoc Island,PQC,Phu Quoc International Airport,Terminal D,Nha Trang,CXR,Cam Ranh International Airport,Terminal 1,2026-09-18T14:00,2026-09-19T17:50,27h 50m,1,False,3075255,0,3075255,False,https://www.agoda.com/en-us/packages/book?cid=1753802&pk=A%3APQC_20260918_G%3ANHA__1-0-0_ECO___2145799859&pt=AAAA.AAAADBmvQX%2BxfhqCZ00L%2F9v9rDVUHzPG2QOucG%2F8LKzKO10H4kVPXbTdLSFTnwawTChzWip3SFoiOn7WPmft1hicdo2%2Btc8vVqKEjBUlQ%2B9vgp62vQMLRxVT0A%2BKj891q69Q6lcOmxaD2i%2BUKieQmJ5pDIoT%2FPqbZkwDENoQPPEeEcw%2F0jQasrldvFXH%2Bm7eTgjj6Ot5J34AJ9APHkKAbe%2FfG4iE3OUgPpHMeVOB3DmSfglcrx3Pug1ZPQce3nG8XivtoEw8uDp8gyjQAVWi46qlG4Vr2T1%2B%2F61BZwxLGyoUeBbYCEzNQ%2FQMtU%2BIl8cQm1C8SZeACAVfCk%2FoF55ZArBh7KinyTqch%2BY%3D&ptyp=4
492350090,A:PQC_20260918_G:NHA__1-0-0_ECO___1359063845,2026-09-18,Economy,Vietnam Airlines,VN,1822,VN 1822,Phu Quoc Island,PQC,Phu Quoc International Airport,Terminal D,Nha Trang,CXR,Cam Ranh International Airport,Terminal 1,2026-09-18T09:35,2026-09-18T14:05,4h 30m,1,False,3106998,30315,3137313,False,https://www.agoda.com/en-us/packages/book?cid=1753802&pk=A%3APQC_20260918_G%3ANHA__1-0-0_ECO___1359063845&pt=AAAA.AAAADKeShnHK%2FbuCLaLmIh4vO6VLc%2FiDPj%2FyhfNk4YfqAoZwlWcTmgJAsjjWFXC5K6vYAB6HMVz4BQciTsH0a%2BQ7i%2Bt5BQfghVdMJPKqeycc1ewMxDu5Zg7zIN3JoolqnuwBbamHt%2FabI339YmiyjyJ5DWgG9e44vlRZ4yMi0YaSocP6py6S5Hy9BQ9VJ7%2BSTaYjbhjCJ8%2F8DjUs40oVYkUZEGJmD4w5l95YA0njWT815FRey54c4Ob1Xya7P4OjRp10SvEcuArUqeS4zPhutusgBg%2Bpd7eCNyKLNc%2FVry7iT5RYsrSjMduQdN495b%2Bo3WihRIqycJq47prE9r2TSeJripEtCRrmA8qzBY2ujQXppZ7ivT8j%2FRbAdaZyK9ybO7%2FuE7s%3D&ptyp=4
2102614241,A:PQC_20260918_G:NHA__1-0-0_ECO___46755859,2026-09-18,Economy,VietJet Air,VJ,452,VJ 452,Phu Quoc Island,PQC,Phu Quoc International Airport,Terminal D,Nha Trang,CXR,Cam Ranh International Airport,Terminal 1,2026-09-18T14:00,2026-09-19T13:35,23h 35m,1,False,3186786,0,3186786,False,https://www.agoda.com/en-us/packages/book?cid=1753802&pk=A%3APQC_20260918_G%3ANHA__1-0-0_ECO___46755859&pt=AAAA.AAAADLxL%2Fz0NbZuVdkQbhQHoe9ZLM35CImT0x2yLofWAs63kjckP01KQGrA5SY1kzTyB75XJGwYRQc2eRl8b0YgMxR6MEPeyT8tamdN%2BThe2MQVg40uIAey8GMfhTnk46rdiqXgEqId4xq7VE1S2PHfl11VmCGg7J%2BwYUGDGiiikLwhYZlKDQ4xSQcHt1LS5ojrdVwfGFPS644fDsAnINVINMQIKOgpi9a6YijD%2BYWNKOooh2YIrKNXh%2F6WcDwy8AGTy%2BJg0FWDT5J00usLg5WDJvH10Luye4Q7SeJaABWy1GrcJ4UQxSb%2FZA3RadUyIXsGx%2FDo7PbA%2BW5TNW51qPq0gZPA27PQ%3D&ptyp=4
81519842,A:PQC_20260918_G:NHA__1-0-0_ECO___739342229,2026-09-18,Economy,VietJet Air,VJ,452,VJ 452,Phu Quoc Island,PQC,Phu Quoc International Airport,Terminal D,Nha Trang,CXR,Cam Ranh International Airport,Terminal 1,2026-09-18T14:00,2026-09-19T14:55,24h 55m,1,False,3186786,0,3186786,False,https://www.agoda.com/en-us/packages/book?cid=1753802&pk=A%3APQC_20260918_G%3ANHA__1-0-0_ECO___739342229&pt=AAAA.AAAADB%2FlGLuLy1gpj74Rd3AcjDXFoW3tani3vfeeGaoHdGLTOZod3F%2F9TVlGsWXhpWnbMGMLlpQB6ZQAVwVvFHrMQFIR%2FSGnhM8Ww61C8RYfMUa%2BnA%2FW1m2F3UG%2Bj8%2FvCj%2FVfdn%2FnBlaCCVE2A1pjpHGMlfxSBeKQ1K7Eh%2BPsgw1qmX5PAwYi5xmMc5Iub3N7kZcZXFxJ%2FL9zwbgGCndwU%2BoHLPsI1bWm7iOYClK8zNtJOXlv8DRiG2aGMS%2BBijTSPcT7peobUEV98%2BpCF5b0g0Pcqmby8DozbG4zE%2FKS184Y8m3eh3ie%2ForZW95ZFqdHHUsUt2yYkSsor4ldesQMWrRwgvI1eA%3D&ptyp=4
2084560423,A:PQC_20260918_G:NHA__1-0-0_ECO___593966612,2026-09-18,Economy,VietJet Air,VJ,336,VJ 336,Phu Quoc Island,PQC,Phu Quoc International Airport,Terminal D,Nha Trang,CXR,Cam Ranh International Airport,Terminal 1,2026-09-18T08:30,2026-09-18T15:35,7h 5m,1,False,3298044,0,3298044,False,https://www.agoda.com/en-us/packages/book?cid=1753802&pk=A%3APQC_20260918_G%3ANHA__1-0-0_ECO___593966612&pt=AAAA.AAAADHbYadUscboKuB45xqr%2BdDAgiwehzfL3baRc%2BCIIW2BpwDw%2FGysFewgxeLtcRwvJkHyaKmihZz0WfbvENIyA%2Bw4L%2BOoEOWyLrlqxxwpMJePtvQ2GlptOskyuZK5DriVPYa5cvhwFKZjveKCCh5R7QOrEJ0WGpTBUkHSz3DA70kUXTFha%2B29CKdDGr9rFeOaUweA9USKPCIVI5icUHlRi5nE8zdOhFQ4e9bPiXubCWZdc61UTf6MaUkzeadV8qcWOspoG8Ro4HAByfLyNp8KY0MlW03HxEkhBoMrXGZLrwLOuVlJaoOEJmbJh4o4ydg9gILPdsjQO9Uv5gMKE43lrxYqwwaf0RjfG&ptyp=4
948466056,A:PQC_20260918_G:NHA__1-0-0_ECO___823352415,2026-09-18,Economy,Vietnam Airlines,VN,1828,VN 1828,Phu Quoc Island,PQC,Phu Quoc International Airport,Terminal D,Nha Trang,CXR,Cam Ranh International Airport,,2026-09-18T17:05,2026-09-19T12:50,19h 45m,1,False,4106630,40069,4146699,False,https://www.agoda.com/en-us/packages/book?cid=1753802&pk=A%3APQC_20260918_G%3ANHA__1-0-0_ECO___823352415&pt=AAAA.AAAADP3IBwQE8UzhsCXq9NMCMZ5ALAOVCeobsn%2Bg%2BwkEqMjnGkUWIDwtkpAtvQ06SqUhcv%2BeIDKuTSgkJh%2Fas0X7Im%2FOqXUtMKuVrsZlX2tK768wQ62scx8Jz7fZM6lWkwzDNpCDikBA6xVI57OqCBuY6Plu1UG%2FLxSltmEKlS8zgbnyr3W%2FMqKSgd48xrrRoIX5T5kcCfFvIZ%2Fwls44JX7dxpI6t2KT0ssGndHAr8H4kxFCVsZwpOVaMehXXlVYgOiyDbyX6cT00Rwqg00%2B%2BLAIkB1eo8vsp6EKjKXZ1b8s3fjnW4%2FbbJefRHaMEPCMtMlBpo1%2BCdfQWHSpqcDp0R5UQxozy7H7lhb05cbHobw66Iq5OMRO1IPoVKb5Yr6KKxhVmXSmyeLz9g%3D%3D&ptyp=4
540064601,A:PQC_20260918_G:NHA__1-0-0_BIZ___226995559,2026-09-18,Business,Sun PhuQuoc Airways,9G,2952,9G 2952,Phu Quoc Island,PQC,Phu Quoc International Airport,Terminal D,Nha Trang,CXR,Cam Ranh International Airport,Terminal 1,2026-09-18T12:15,2026-09-18T13:35,1h 20m,0,True,3505821,0,3505821,False,https://www.agoda.com/en-us/packages/book?cid=1753802&pk=A%3APQC_20260918_G%3ANHA__1-0-0_BIZ___226995559&pt=AAAA.AAAADErRWAo5%2Fz5eIjgrK2pYRjdvC6s5LIwlvtMvefqJZMTfwpdCaBeRJ6WWuzbR%2FlUNy6E8ZjKVdrXBgslKLTXWlZQaZrFW1EEBChjEgEkrwQzrk9av0OZig%2FjXG9OASN7%2BTmQpahvcLFw8kblxNvmBOzdVGyp%2FiZ%2BCV8DGzlEf3Y19dhTPdvz1h0pRWtNJxxYmG89sLrGM3Hgm%2BwtG3jwUcnsZZZI4Gm5dRlYjYBXMtxoQ4LtW%2B1PrBbTOC9RH4En9tRXd3%2FQprskXrUbOqPr%2FUXf2t6mftmVF4HqJlJXbtvMRicMzJh1leesRzoMvmC4pUDWJtw1GrgZNTUzdNXrPtjKDyTfj%2B9StVa5M%2BjY0FcvhLCr5qhw%3D&ptyp=4
635198588,A:PQC_20260918_A:DLI__1-0-0_ECO___525013711,2026-09-18,Economy,VietJet Air,VJ,338,VJ 338,Phu Quoc Island,PQC,Phu Quoc International Airport,Terminal D,Dalat,DLI,Lien Khuong Airport,,2026-09-18T18:20,2026-09-19T07:05,12h 45m,1,False,1994439,0,1994439,False,https://www.agoda.com/en-us/packages/book?cid=1753802&pk=A%3APQC_20260918_A%3ADLI__1-0-0_ECO___525013711&pt=AAAA.AAAADB1%2FXYyuN3skUq1ioMsLe7m4X8ar4oIBrAyf%2BgD%2BeYJgQPGBlfECQbnrSM1ClVobhGp3wcXqMmAkpW1nD2fQu2JTdMefZnnDVhgGr%2FqteqIaI%2FfPjTAx1V5Kj9%2B7mD6JmPJXNtJ2nkmX5yiUnnGtgQOOmDeBJwRPM1oaXserrHhJxNQ4tZAeg4oBHxJMRf10GvclauJWthr%2BG4s%2FPxzYNRtflIAMUA8uZFhH%2F%2FfNJoCyDb%2FjGXkKtubiYt0NDHvq1%2Bz0GgUAgMV%2Blsow35aVjmw1TnZa%2BW9FPdvaVQ30Bn19hAM6D5OB8JmN%2FzAF%2B5Q9hab2AS6%2B0VVCQt7%2BtL3K1uFWskPaI41Bu%2BsK5g%3D%3D&ptyp=4
248596583,A:PQC_20260918_A:DLI__1-0-0_ECO___852008896,2026-09-18,Economy,VietJet Air,VJ,326,VJ 326,Phu Quoc Island,PQC,Phu Quoc International Airport,Terminal D,Dalat,DLI,Lien Khuong Airport,,2026-09-18T16:25,2026-09-19T07:05,14h 40m,1,False,1994439,0,1994439,False,https://www.agoda.com/en-us/packages/book?cid=1753802&pk=A%3APQC_20260918_A%3ADLI__1-0-0_ECO___852008896&pt=AAAA.AAAADPjtJKxIfs1WAlzTXbu0BRAxDUTlX1JM%2BCKppJTMRt5Cbqhvs%2FiD47XrFfLVQdOWDQ7HessN176nr2Z9ybrs0Qd7U10m%2FBK2%2F4v%2BQJ9h%2BFIadpKP1%2FdOi4Pi4MW%2FJ%2FYHb812fkdZ3pN1kiV0LxTCVY8sdHQHdWj68TQbemFgjahGFVf1X72gfS3eyfD2bp1cHy1282SKnis%2B3HwKVT%2FfqsShZdw7F9AQnbSR44GMjH5gKaq%2Bq8CxKIdA36UUHxJus4hddFXmMhO4sJ%2F8%2BXqQseA5VXmcXHeizwYxIgEraY1PDxKdAs4jGhYor4%2BKdwSQs%2FrffuujAyGBcgQ89srcUjwdHM9OTrcHeVfUmw%3D%3D&ptyp=4
716725916,A:PQC_20260918_A:DLI__1-0-0_ECO___1825785467,2026-09-18,Economy,VietJet Air,VJ,440,VJ 440,Phu Quoc Island,PQC,Phu Quoc International Airport,Terminal D,Dalat,DLI,Lien Khuong Airport,,2026-09-18T11:25,2026-09-18T17:30,6h 5m,1,False,2209921,0,2209921,False,https://www.agoda.com/en-us/packages/book?cid=1753802&pk=A%3APQC_20260918_A%3ADLI__1-0-0_ECO___1825785467&pt=AAAA.AAAADGP419QusbTN7zzY6ak3uPgDaU29skraEaPgVtLUUKV6z5wq5mfJoM%2BlbkOY38IEKyC1DnYTIGNeQIAdlke99qfQXGrzLrOJ9ZTOxwbw5hK0uGTp8AO13WysjQ%2FUPr3LVmDk3w14aiAy3kXFPzLl2OfNZoDKA3q5QSi3PHB43a9mMfXOR7rRMkF1kcoGH69ds%2Bko3an%2F2bIjl5UrcPuiCmDdFmwl2ZltPgYQN4VdtNqkoq%2BwWx5jzDl8YLJ7zMVFKNaCgGSZk3Fep9ekrQY9pdeW9aQeToIMkMI7kOyLL0%2BzW%2BIizM1uF%2B3lEhMvH8WraLJjJvjv92FyvdN9G33xx8QtLryd8Pqb&ptyp=4
1355283612,A:PQC_20260918_A:DLI__1-0-0_ECO___2023537625,2026-09-18,Economy,VietJet Air,VJ,442,VJ 442,Phu Quoc Island,PQC,Phu Quoc International Airport,Terminal D,Dalat,DLI,Lien Khuong Airport,,2026-09-18T19:20,2026-09-19T21:05,25h 45m,1,False,2209921,0,2209921,False,https://www.agoda.com/en-us/packages/book?cid=1753802&pk=A%3APQC_20260918_A%3ADLI__1-0-0_ECO___2023537625&pt=AAAA.AAAADNE6lm9ykIYy%2FPTTsbz5efdXnBykt%2FR00LI2Mbp7XswRz%2BiJ7sNr1wEfIVX%2BUFhWahf3rT90dIcmnl%2FQNHZLrvHwRTYdAHEUGF9gHIGxFgPi733ghqt9nsGRcdSqoOvcgb7gwDCR9NEpyc5QUIPsXbJ9lC8fs3YBze%2B8v36UMpGI55iihkjBs71TrulozOj4w1WioaxYGA3ww5IypjVJaciF%2FZ5LDdnaE8EIz%2F%2FZiO1dpyAyATC7A7xeawaco6h3jSYBjlI4DEjnWvpJGLIFX04BdaW3%2FQkT3xbE%2FPY6VoJAK%2F7KN6EX2E4JKSjr%2FlIxCDfNF3imE2Nw5mf4IuZksyFXeJhpIkyjYUwT%2BQ%3D%3D&ptyp=4
2128085890,A:PQC_20260918_A:DLI__1-0-0_ECO___180387987,2026-09-18,Economy,VietJet Air,VJ,338,VJ 338,Phu Quoc Island,PQC,Phu Quoc International Airport,Terminal D,Dalat,DLI,Lien Khuong Airport,,2026-09-18T18:20,2026-09-19T15:30,21h 10m,1,False,2228875,0,2228875,False,https://www.agoda.com/en-us/packages/book?cid=1753802&pk=A%3APQC_20260918_A%3ADLI__1-0-0_ECO___180387987&pt=AAAA.AAAADAnPfPsq5cdr0c14%2BWBlM4JSZrQgkHiRtIRxuOnBsmqLYm6vNwcT1TLZuTZHUHjjGUf8x0NJ7r4EcqVR7ZDNXHPeeNP6dWHaRy9F587Kf%2BSw2ZFvauRxO8RPbd8%2FA5eXytWxWatpWvH%2FxALgyjkBbGRKgXxpUBjEpegApdD5wxJhB0aGG1oIY%2BegNIc7FXkKIqkhTbzUi2co8sTS4KgS%2BHhKMmf8kEeRcqmkSNz6n0dzJkTF9G7X4ynCKE%2Ff7Ji4Tj8gKYojcevkID40NBw8ktjeL2z79uApW5YjcaoUugPKC1B4Ab7rUaL1EG73ttwxFZrLdLk4jt2ZpaErXRWhjIIF871SiemxHU5P&ptyp=4
1058872778,A:PQC_20260918_A:DLI__1-0-0_ECO___130147680,2026-09-18,Economy,VietJet Air,VJ,326,VJ 326,Phu Quoc Island,PQC,Phu Quoc International Airport,Terminal D,Dalat,DLI,Lien Khuong Airport,,2026-09-18T16:25,2026-09-19T15:30,23h 5m,1,False,2228875,0,2228875,False,https://www.agoda.com/en-us/packages/book?cid=1753802&pk=A%3APQC_20260918_A%3ADLI__1-0-0_ECO___130147680&pt=AAAA.AAAADKpOti%2Blih0%2FjUK2WRr9U6t3NjvPLc5H3hqK%2BVsfc3QDKQc1yXown1GRaTCunedfulL4T7JuZYl3W8boCd0Dd9kU0By0izzx7pCkG5ibIR0AnhaeNm9yRTx5LEOCkNy1mYTxi9G2s9fWclPyIZnHPljJSc68kzVzmLYvlBYjSlV63RnKBh8UY%2Fcuesr0tTiVoeYAh2tgZ5jUBTvSaUT72N2NSlxy95uWAzVTrBYi%2FqrTet1UxKEBrd%2BhGrQYza388Kpftx%2BZOnvJm5qnWPCZS9DEZIgXswDnPig0h1cfFTDSFmBjAODSism6UNZFJHqs0STvb0ZgcwRVsexaFqKj0hvqUGZiG4XZUHI%3D&ptyp=4
1207859953,A:PQC_20260918_A:DLI__1-0-0_ECO___788083957,2026-09-18,Economy,VietJet Air,VJ,716,VJ 716,Phu Quoc Island,PQC,Phu Quoc International Airport,Terminal D,Dalat,DLI,Lien Khuong Airport,,2026-09-18T19:45,2026-09-19T11:25,15h 40m,1,False,2545324,0,2545324,False,https://www.agoda.com/en-us/packages/book?cid=1753802&pk=A%3APQC_20260918_A%3ADLI__1-0-0_ECO___788083957&pt=AAAA.AAAADACfTAGsGvXlM9%2B6jNe8my5tVSbnjMXRsjKQcWrc3NK9vszh4zEN%2FD%2F2JO0W%2FAs0SpMFmmREhRbQmdgvTp6eMPskYYZYyDa%2BRE34Qd0eFPnsXi394hqvliBnP3Ma6B19TYicw3y8zhbQXfF6CLJ863HNW5fgjg%2BP7GAuEeMzBkAEh2k1n2cgSKSa5JKi%2BjlaaIAaAffpsZAQDEgXWrMQRy4u5iT%2FxG5gx7rkyB%2B3QICAR4AyF%2BzasKPtDG5MshnlzL7CGMoGM4GNjwX1s4q7YQE0E3rQfxZglxOxyZjCOFK544OaH2sVxYnGFV%2BP8UAJhBiKTTAraf8MVrMhtzYY0PRA6R54jl1Z3BvD&ptyp=4
984873799,A:PQC_20260918_A:DLI__1-0-0_ECO___408827263,2026-09-18,Economy,VietJet Air,VJ,324,VJ 324,Phu Quoc Island,PQC,Phu Quoc International Airport,Terminal D,Dalat,DLI,Lien Khuong Airport,,2026-09-18T10:50,2026-09-19T07:05,20h 15m,1,False,2545324,0,2545324,False,https://www.agoda.com/en-us/packages/book?cid=1753802&pk=A%3APQC_20260918_A%3ADLI__1-0-0_ECO___408827263&pt=AAAA.AAAADOHj7PriKEmiGnL9mL8AvwJiY6dyscibcdHcJN5SIDAUUDvbQ8zJwmsO6Vp%2BIGDJHaJ0SIn2%2BNSq50V%2BT3tkAuq1hTX1M0G%2B9d9UDnq0MWTDy0Lm7G80EtF07KdlSXOy8gFiwJMfW6hrrAm5QwHJ3yHFqUB8YD6E0v6izxrk6yu4znHdMnAtiTMwoX7uFTIlinKjDTQzS8PviOXhCWFNdOgMVj%2FKumHJ2i8aqnmuV22Lmp7DMwzmYuST5Hv5xQalYvc5lo9KcKSQUNoLaOGYUXmY27KIUMAgTDxOekDxY59FVVvFwfCTuBmGn2NBh0DPg6mqjn9kICkZK0p%2F2vUAE6ZEoVJDcazKwN4%3D&ptyp=4
1574694672,A:PQC_20260918_A:DLI__1-0-0_ECO___1968911822,2026-09-18,Economy,VietJet Air,VJ,330,VJ 330,Phu Quoc Island,PQC,Phu Quoc International Airport,Terminal D,Dalat,DLI,Lien Khuong Airport,,2026-09-18T10:30,2026-09-19T07:05,20h 35m,1,False,2545324,0,2545324,False,https://www.agoda.com/en-us/packages/book?cid=1753802&pk=A%3APQC_20260918_A%3ADLI__1-0-0_ECO___1968911822&pt=AAAA.AAAADGE%2FlBxM50fz76U7oKtcoVg7SLPzZE9l45p9qrxvRAKAfJFNrDeJ5p96jYhgHpD2E%2F9KX91fHsQNqnVh45CzMFy6XELUMMC31wFv4uMj50me4B0LlC7PzP8RwZ7XuST4MTS8NL9AzNpVcOTDgYslgB1GX4rgR9hIg85fG4jXUHsuwhXIY8jpfrU25a%2BT%2B0QGmjjXOcsR%2F3CqKMR8NoqTvtk6Ds2QLHmB2TnxaS9Cy4DcZOvqgPTb3CjK2WTWmg1htW8DYtluBaGrrd0ZdTGY4N5Fpq5Rg8%2BiJxvyIVjiM07rYlDvVaWLTAiA%2BUEA6M9TqXK1L9sWQCPJZIhUOFR9tJWQhKvoFUA3cjak&ptyp=4
1719133051,A:PQC_20260918_A:DLI__1-0-0_ECO___1623471533,2026-09-18,Economy,VietJet Air,VJ,718,VJ 718,Phu Quoc Island,PQC,Phu Quoc International Airport,Terminal D,Dalat,DLI,Lien Khuong Airport,,2026-09-18T09:25,2026-09-19T11:25,26h 0m,1,False,2789253,0,2789253,False,https://www.agoda.com/en-us/packages/book?cid=1753802&pk=A%3APQC_20260918_A%3ADLI__1-0-0_ECO___1623471533&pt=AAAA.AAAADGOixcGYZ7hIpT8Lpb94wf52NYJfK3p7dJOjkOU4RbCQOqJGLWymqfxAsj%2BwPE74NdV4DiohxXnyL4u%2B7v09qApZZYKOsmil0mJ6IaCzJktQqgK1uYppxpmHZGi1EVpEkxWA%2BeulU8XLwp4AQV04UbaMV5JYYb2A6CyLi%2F9pZ34h%2Fzbm%2FEAcmtVMiYDhaSyFfUn%2BQ%2FNpxwpKqaHMLcfYzUmGm7Qvr8FDjqLg4UWq9BLm4P3yOZgLWUgXDnCDNiCkoo3iTJObfgM48HxVGqDHyrNxG9GXA5kp4YNufw%2BFDy9C79P4GbczxVeMF%2BQxd7ZKj6PlbkFoD%2BBp2h3nHyzZuFfuiD%2FaCQPOZ14%3D&ptyp=4
1456962145,A:PQC_20260918_A:DLI__1-0-0_ECO___1720038117,2026-09-18,Economy,VietJet Air,VJ,442,VJ 442,Phu Quoc Island,PQC,Phu Quoc International Airport,Terminal D,Dalat,DLI,Lien Khuong Airport,,2026-09-18T19:20,2026-09-19T15:50,20h 30m,1,False,2863695,0,2863695,False,https://www.agoda.com/en-us/packages/book?cid=1753802&pk=A%3APQC_20260918_A%3ADLI__1-0-0_ECO___1720038117&pt=AAAA.AAAADLjqOOXDP0syipT6Aj40aLqJQjRsXDa5nphKRjqDeANLEmxejDSSD9hO2cYGnuzFm%2BpfKlibAn0Bp%2FFb%2B%2BRcPWwq3yIrZx%2FiJhj2akybTD18Fdg%2FgfXPI7XwMyP%2FBB8kHMVw54cxyPwY%2Bb353MFpDV60yBV8vz2KPAZtpnnRdPxDCR0c0N9ognlXUtmrx1jC30av01uEGzVV4KYJHDW4ZeOUBWQCeKfzLo3eHO92V2DgQAI2S3rSvGB%2Fe7H7eBqoc1Tj6rjsOVrweval7%2FLqqWqehT8EIII3rIIilmF0UhncjakvNZPcP2oBx8IE0aiQJRgc0097DgOsE74Ad5KiIuRTDrUvRcakgvKe&ptyp=4
1905393158,A:PQC_20260918_A:DLI__1-0-0_ECO___386411231,2026-09-18,Economy,VietJet Air,VJ,442,VJ 442,Phu Quoc Island,PQC,Phu Quoc International Airport,Terminal D,Dalat,DLI,Lien Khuong Airport,,2026-09-18T19:20,2026-09-19T17:30,22h 10m,1,False,2863695,0,2863695,False,https://www.agoda.com/en-us/packages/book?cid=1753802&pk=A%3APQC_20260918_A%3ADLI__1-0-0_ECO___386411231&pt=AAAA.AAAADMKcxD2KvL7pcO3s0msTKA1NmeJhT83SvoXOGFqT9zxokgYDOj4XTUYaVhtOuv7bJBs8kxWYiMX1UxyKMFkcGZJqhHM%2BqG95lJRgEG80AutZyIqxerrVy2pc8xG2DJUf7aXSDnoAo3fC%2Fxr%2Bkq%2BSfiO8yrzPuF%2FR815z3T5QqytTs4Ipsm01mPeS9RksCocy4C6i5t1r1gOyR3y%2B%2BswRdN7XnpAL1dgOZvN8%2F%2BOJMRzCyBeoVD9T9547LxLvzCQkF38yJcajUenZrtB9L68%2BP9aktB6R3lBSpyH4pVC9EgI0BV%2FYxO0GeFmi59EOyOorEPLQ0GfPI9%2Bu0ADTimLRSI3yqQoBz75HeQ%3D%3D&ptyp=4
1891337076,A:PQC_20260918_A:DLI__1-0-0_ECO___1326170087,2026-09-18,Economy,VietJet Air,VJ,336,VJ 336,Phu Quoc Island,PQC,Phu Quoc International Airport,Terminal D,Dalat,DLI,Lien Khuong Airport,,2026-09-18T08:30,2026-09-19T07:05,22h 35m,1,False,3105427,0,3105427,False,https://www.agoda.com/en-us/packages/book?cid=1753802&pk=A%3APQC_20260918_A%3ADLI__1-0-0_ECO___1326170087&pt=AAAA.AAAADD68iPlAkIuQm4hVjpnnL1NnFuHli31aNkBbJwfxOCwVNpfrcCXh0R4%2Bd122Q1KBzl9qEgIiys%2BQVHiaEwt7k7918wPYaZSZ%2BoKSxdsABVcpwdc30PK5ikB%2FZJ%2FPKCCIw7kKEinDgFlJi15iY3mARHpjngwFXdEsQtUjf%2F2%2FJwo0bUOUxRnw24WHqrSRPjxWG09%2FvebEpmJss78rbVC0fkVPWDbC8E05IEM4jeEQOu7pTMtXUwGQunvBsuptuxmO%2BaiVBoHmWB%2BcHFYRSFun7EGVMWqk1Ohrn%2FXOyfuoFYCHhz%2F%2BbpthWxDOLjwtNfOPjd2BelmwPsU1th4z3IBZyNE84Fr6eesVRYm6&ptyp=4
718530469,A:PQC_20260918_A:DLI__1-0-0_ECO___1056891117,2026-09-18,Economy,VietJet Air,VJ,452,VJ 452,Phu Quoc Island,PQC,Phu Quoc International Airport,Terminal D,Dalat,DLI,Lien Khuong Airport,,2026-09-18T14:00,2026-09-19T15:50,25h 50m,1,False,3105427,0,3105427,False,https://www.agoda.com/en-us/packages/book?cid=1753802&pk=A%3APQC_20260918_A%3ADLI__1-0-0_ECO___1056891117&pt=AAAA.AAAADJK9TGvo82BVlaRJPn2WeoR%2BPl4I6HC4wa5AnMYfpu8wXZw2LCT1yL70zNKGiS4bxTRgAyMZb7FwsxDm7wSoN%2FO9JaTv8ZwgBezmlqHPxMCoJkXTAw5yRwVBzGAqWjNqnD%2F51u4HExXBnBKCUQADAt%2BYJ%2Fw0Fy6a0AgifoYx%2FDlNI5VjjBDgrLrrKDUggDRRt5uNv5m5owb2iZipWIWK7lyDMsT4HrRa57bx81DF78fQ93L2HHnNmhymi%2FaZphrqTwLeZOwRv3Lhei7QrWty8RvpUuntVvFenou0mFB9AEkufJtIhtd%2BuBiqWInkoizN1h9wTY5dhr5biHBdJa%2BunohElpih9NyLJQ%3D%3D&ptyp=4
1629904653,A:PQC_20260918_A:DLI__1-0-0_ECO___534502490,2026-09-18,Economy,VietJet Air,VJ,452,VJ 452,Phu Quoc Island,PQC,Phu Quoc International Airport,Terminal D,Dalat,DLI,Lien Khuong Airport,,2026-09-18T14:00,2026-09-19T17:30,27h 30m,1,False,3105427,0,3105427,False,https://www.agoda.com/en-us/packages/book?cid=1753802&pk=A%3APQC_20260918_A%3ADLI__1-0-0_ECO___534502490&pt=AAAA.AAAADBg2QleGnDe37clNAaqbF4YdxaCcvwetC07HKSNfakEPm4vYo7Rz79qoujNK8%2FhR9i7SDstTbLbRvFuMd15BRMhXjM9v7RRHX6trS%2FIdKiWphjjNvUL3D4zmedj6GQbku6WS9yxQSKXbPCOubmFWqG9KTkY78bmDAvDj4cybG3ERhzx8pQBWKKOrQj6jf3Vtc3j9DEJefJEAP%2FtM6Oj97ElNZYR8WCj%2F101d0DmS5MgFFGeGdrwL1i2JfjJPqe%2FlgO6hLQ%2BJ4%2BxtZ1hLnLodFIzMdGNKAoc9xCIreiglCOiKPLF1BsPR5ew1%2FHCP8uTUt4SNwvjfXZx5T7sMSixS7uaEgFoDjg3qrg%3D%3D&ptyp=4
1052823871,A:PQC_20260918_A:DLI__1-0-0_ECO___218370428,2026-09-18,Economy,Vietnam Airlines,VN,1822,VN 1822,Phu Quoc Island,PQC,Phu Quoc International Airport,Terminal D,Dalat,DLI,Lien Khuong Airport,,2026-09-18T09:35,2026-09-18T15:00,5h 25m,1,False,3139172,0,3139172,False,https://www.agoda.com/en-us/packages/book?cid=1753802&pk=A%3APQC_20260918_A%3ADLI__1-0-0_ECO___218370428&pt=AAAA.AAAADIx14p5SD9EqQ7N16QXGjGMcBKzqTuMgpJPqAe2UuYWrVx7uH3sn4AlTbRcrBlIuNveIcql1bCDm9nTQ6ayQ55gxr85yXpB7yjLCk0kvYNH1uKplb5m97bM9k1Ol4BfbwE%2B8H9h%2BiOP2iRYd1tEfwX%2FbFRHrcelxqXQI4PBUhNf2CNVNQDhakIOBjKkuboU1ql7zmmnAnd1tv2VNMxd0wALW9WBC4k0Ma7BUKqqh5E4pHHW7kuuF3xnsEZ51lhhMnUzhJmybSVKiOPAorVScRwn3GqY%2Bv1RZCbShc7hPHrsRL5IUJu9blOqO3o7ZlLzQHhEbMUum9dZzXsPkTy8t1HBcbCg5hcCijQXJ6wSokYY4eYBRjtbmMMUZ48Q%3D&ptyp=4
159858692,A:PQC_20260918_A:DLI__1-0-0_ECO___1951515365,2026-09-18,Economy,Vietnam Airlines,VN,1822,VN 1822,Phu Quoc Island,PQC,Phu Quoc International Airport,Terminal D,Dalat,DLI,Lien Khuong Airport,,2026-09-18T09:35,2026-09-18T18:25,8h 50m,1,False,3139172,0,3139172,False,https://www.agoda.com/en-us/packages/book?cid=1753802&pk=A%3APQC_20260918_A%3ADLI__1-0-0_ECO___1951515365&pt=AAAA.AAAADHK6rVLg%2BoJoIx5BJiViGageaWs1Mh8cssfzlIXx6j04NE5m9WrrH622gNX7QCBZiJyo0nuKCtQjVeOBxtO%2FgDq4U%2FB7i9rZBgNldTdAXOTrzmRFD8x6eUM6sWru6IVuAu3hym9lYEieWk5YpAS0G00sxVSLdhFrwWkXLnow7VIxDiNEblNVE0hH4MH2B3pAzJLcVtv90kWvyq6h1onVRy64FuFhDpf5cQhSiICW7u%2FFN5gmm8%2BN%2FJn1HFubv%2FjReyfPTQ6b%2Fh%2FObxsqQZVRlEfuYtlBswbimeeFXH01n1ihNL5JoFVIHkxg9gr3JCtk5DtLuNz0ckjVMKvlro2kc9Nr8cgzsQZzGUOW5efv3G1YjpFVEydNlKE0gHqKXXU%3D&ptyp=4
2088808369,A:PQC_20260918_A:DLI__1-0-0_ECO___238660769,2026-09-18,Economy,Vietnam Airlines,VN,8074,VN 8074,Phu Quoc Island,PQC,Phu Quoc International Airport,,Dalat,DLI,Lien Khuong Airport,,2026-09-18T17:35,2026-09-19T09:20,15h 45m,1,False,3139172,0,3139172,False,https://www.agoda.com/en-us/packages/book?cid=1753802&pk=A%3APQC_20260918_A%3ADLI__1-0-0_ECO___238660769&pt=AAAA.AAAADGAvWRXMSOhOVAYtTtVjKmoAoMh%2Bisrz%2FPMCg6ORKFAzNYyYRscnc%2F4EQXbluEWKymvPsNnyH18nF8jurCEMwlscZIZBAs0aFHDVVU73BZhtVmHKeuexxUtS%2FdO4NE9VMPbraLQ9OtoQVj2YeeOLZInhNrb2PhZBU4NDq%2B14Xw3zn%2Bmv84dU7TzvMQZzD3erKfMWGtxAWRNKrFRYj61SkXmsSY7OfMHSR0CtGsfSpbFyAK3mW%2BSoEr5ANPGJcWUJzaFk9xkksk7b2RoPl6gOAGw41cmqYEHDS0xhjaLAi2S9rQscrM9YJET5q2lkbwm4Js5zFqAJuljc9vlyvtPSuA4MT2G84M9XFuKygy4npjUBMbNvPqPtj%2BJW90KUvw%3D%3D&ptyp=4
1009005976,A:PQC_20260918_A:DLI__1-0-0_ECO___1894859209,2026-09-18,Economy,VietJet Air,VJ,324,VJ 324,Phu Quoc Island,PQC,Phu Quoc International Airport,Terminal D,Dalat,DLI,Lien Khuong Airport,,2026-09-18T10:50,2026-09-18T15:30,4h 40m,1,False,3442753,0,3442753,False,https://www.agoda.com/en-us/packages/book?cid=1753802&pk=A%3APQC_20260918_A%3ADLI__1-0-0_ECO___1894859209&pt=AAAA.AAAADMMPxGSIpILCEovajrWWoHpCv8BZKtCf3U5%2FODScf%2FDiklUPY7oV5zyoEnmQ3ORpRcVp978mHfPPZEkhRQISfEoHPdI9%2BExieQZzyoLXK%2FNvEqHkt0QWNN1CHb06lFICN7A7X1WQ0Cv0PntZ2VA0LkvAlI1Sc7oZ%2B0SB%2BiOF%2BBeyH6JHnJInBmKyysUHYV9pnFyH%2F6eWkOlzIsZskUX7Ic%2F8%2BAkBIEDqQPoascz276d1kDqToi2lLf32vK5S5MqOqHm97oLZdV%2BKpmHAQeQ%2BZ51It%2F8QKrlF8n4VHy58gTPTOghE%2B2Yy5VYQpShEx7d%2Biq52FnFhmKgzkFoGhTmzRXdHZ8Cn4rjn%2BecWwg%3D%3D&ptyp=4
590115983,A:PQC_20260918_A:DLI__1-0-0_ECO___1256403961,2026-09-18,Economy,VietJet Air,VJ,330,VJ 330,Phu Quoc Island,PQC,Phu Quoc International Airport,Terminal D,Dalat,DLI,Lien Khuong Airport,,2026-09-18T10:30,2026-09-18T15:30,5h 0m,1,False,3442753,0,3442753,False,https://www.agoda.com/en-us/packages/book?cid=1753802&pk=A%3APQC_20260918_A%3ADLI__1-0-0_ECO___1256403961&pt=AAAA.AAAADD6%2BHzL1kfshKT5%2F2AJkiHDsUcwP0DSCRj98Wkd%2BP9d2D8j9wEDfU8uP3%2BaIqf5M4WcYkJY%2FZmfL5fLiqfqNifILcU147zKpW3kfvjVNQUUef5ywGgZH%2F5zK55x22qxuPAvq93OZoXmuaqUlnWsPUsC3%2BEuYFRYsCC8VTaZ8O%2FhvzykZ3bXAMoCWMeE5n%2FlXRjzkmjq4G1VLK%2Bl03hRndGV8XlUBf4%2B42FxC%2FNjtxIpCLSmwTI6STWcCSZ%2FP4fjpRR2R41Fu%2Bs3dF2n3UuJnUnSeOj6Cdcq%2BN1ZTgA5qW5ofKKizMEjumoaV0zmuyvI5S4R4IdTJAMfUMQNuUb%2Fim6ppW0KOPk%2FOZOMf&ptyp=4
1407958863,A:PQC_20260918_A:DLI__1-0-0_PEO___218370428,2026-09-18,PremiumEconomy,Vietnam Airlines,VN,1822,VN 1822,Phu Quoc Island,PQC,Phu Quoc International Airport,Terminal D,Dalat,DLI,Lien Khuong Airport,,2026-09-18T09:35,2026-09-18T15:00,5h 25m,1,False,7107091,223989,7331080,False,https://www.agoda.com/en-us/packages/book?cid=1753802&pk=A%3APQC_20260918_A%3ADLI__1-0-0_PEO___218370428&pt=AAAA.AAAADE4xzdN%2BiWikAkEl3wUO1Y1miSIPvQUx%2BOlIsudZNOhrYvvOQEmIivP2ZX4dKDOacI0YUFphWPWbBnG5An2QW0SwQcuqNCJ4Yki2SF2%2B11B%2FL6ogF%2BNa3Vmd%2BygFM2kfeqg%2FlJCSLgyV0Lmyc6B8jAw2n%2BBJVVfOzG3VYtj7xyS%2Fgm2jiwi6nqm1s%2FOF0xZGtPYNkuV150gIHNZVtfYNSM8miRLHMYQcgYcNpapFw%2FaiE6tY%2FZNcqu2iIaeDghaHNMWv2jfo1SinO5uQrJHrkMzpS238aVf%2BpAmEQM%2F81PKBD9y6kFRq5Pks5zRuYyiFXJABuO4lgkPiD7wWHnVhp86uThrXVuZJ%2FF8Lj0J%2BJHw7etwx9DTraLQnTk1ctrQrBu7Gbm75NoMdoiNUSUBwsq05NNHKogAMdS58m4C964Hui0whjg3an9zXH8LtyN3uIN3sHMwuVrs%2FK81R9bSO201GjZQkE2KOEjOBbBIZFDcnKU%2Fcz7X%2FTa7%2FLZh%2FH9ScqCxfvoHtVFY0f6XezASlY4qOFw%3D%3D&ptyp=4
1297651091,A:PQC_20260918_A:DLI__1-0-0_PEO___1894859209,2026-09-18,PremiumEconomy,VietJet Air,VJ,324,VJ 324,Phu Quoc Island,PQC,Phu Quoc International Airport,Terminal D,Dalat,DLI,Lien Khuong Airport,,2026-09-18T10:50,2026-09-18T15:30,4h 40m,1,False,10899081,0,10899081,False,https://www.agoda.com/en-us/packages/book?cid=1753802&pk=A%3APQC_20260918_A%3ADLI__1-0-0_PEO___1894859209&pt=AAAA.AAAADBrQrJ%2BrOGY0FZonrTptZa6o1F92Rep87dNAqRU34sYCmcsCIZh%2B8l1oDIN7frj9rJdfPuhwgfYgMbe9esS2OppHUwyDTCoKk0Mc1gOFMrhNSOkMms5knbLUUIzHPx0yCyTThStxmKzCdMYELwvKpHlB3Bw12rHEa3Fz9KX%2FBipW2oG1TbIoHbgsVoobtwH%2FDEM5%2BOKlDLGpgFY7%2F00zPvC0P7O04cXHedAUFFwfhz7Blscme40flLoYEaDL1EQ2RQBg5YPhy7ecVXqj%2FxhXeCeYczjUHTxvH5RybtkueQKjUcQCSnP9SZZdP7jk3qFAl8hzeOeoMLJfJW260t%2BDZs2KWFm8c5%2Bxfgvu%2BvDKkFepRQ9QJKptN388Vgkc9Mf%2FrMrq3Is1X69PwsX%2BWINB2Ep7LyjpzJndxTSZvOkgaYEEeXqGwQAL3Y8nkvsK0QJ4Wx69JlQyHVdDkTI%2FO5cQkC0kLC78%2Brbu&ptyp=4
789680526,A:PQC_20260918_A:DLI__1-0-0_PEO___1256403961,2026-09-18,PremiumEconomy,VietJet Air,VJ,330,VJ 330,Phu Quoc Island,PQC,Phu Quoc International Airport,Terminal D,Dalat,DLI,Lien Khuong Airport,,2026-09-18T10:30,2026-09-18T15:30,5h 0m,1,False,10899081,0,10899081,False,https://www.agoda.com/en-us/packages/book?cid=1753802&pk=A%3APQC_20260918_A%3ADLI__1-0-0_PEO___1256403961&pt=AAAA.AAAADIro29sCQ7cOolNx%2B%2Bv7MUYd%2FokaaC0vV3tXgSU6O4hrTnFk0EiFg20%2FqF3zRg9AZGVm1VgBVk%2BYEuA3e%2BVb%2B99zDfa9MRd%2Fg4pFeuJ2t3xvyhIJfplzGkpKZ0t5ICSc%2BkPZKEIAs%2Fb5bmDFXF3ZVO7qStMhWNKm7fyOaveAZyzjc%2BGTheHZXcVMcJvhz85pFV7E%2FvYJOIUZWKXSr%2F9Dv0lF1FW0q%2BTsTGw8Hn5p0lfS%2Bbv%2BZAXquJlNACPA9KO413u49dOhKnmjcqG%2FFVngwySPuATEj05hF8aAxQVL6dMkG1H96XJghKxK%2BWRqf3zNdpRO843rP9zaUiTG0okNXKO8ZUI5OGNq6HMDsakuJN%2Bg3a4RnEk8EIB7wg8kfRsI4PwpUPkInWcMW3hYfI0EFEFonsKYg3CtAQCVmL2Uxty9dsmUgehbp4p74EhuyYfaYz%2FkbfS53EvlYfWEzgM28ej0o6UpYH0%3D&ptyp=4
1411876276,A:PQC_20260918_A:DLI__1-0-0_PEO___949611021,2026-09-18,PremiumEconomy,VietJet Air,VJ,336,VJ 336,Phu Quoc Island,PQC,Phu Quoc International Airport,Terminal D,Dalat,DLI,Lien Khuong Airport,,2026-09-18T08:30,2026-09-18T15:30,7h 0m,1,False,11523064,0,11523064,False,https://www.agoda.com/en-us/packages/book?cid=1753802&pk=A%3APQC_20260918_A%3ADLI__1-0-0_PEO___949611021&pt=AAAA.AAAADFzSiSYc4N5S2gQ98h1MLDXwnH8InRTn4oFVRMMfZow1s9EHLq%2Bp0nI6MAdH%2Bu7A%2Ff9QQx%2B27Q2Xk1gsmULUBixo3CtEGWli8t%2FnLu1lnePOekwIAqf7A0n%2FJHhvZcDwqq87D4BBpIux7KLqHBX9mJwkPwplSIC9nuauSL139X8Dg5UMA8UyvGiytKtG1ru9RHXsTsJeBfo0PK5Ixa1cP2%2BeWgwj7SxfabPSBp%2BV%2FG3rh9z7xkRVL9kYKv0O7SxYd%2BcAdKCYIQahWyhA3y8MhTRkv2jtSSE62xQXu42reEI%2FhRLx%2FU0RITNdhx0OmSC2umAoDN3Bwg68Bc4shQDig2cCZMF2M28zhB0rSBwdSBYNTHhivyNdH3hra7N7EfWZcTcT5LWHcJXZPw%2FyMNE6PrZuB7yYMoOUiMF%2FAP15z5tKnIA2JYJ7qm3IfSFAEhNJE9Yrr8xEjhSUTpbTjzp4NeRvzGsErQ%3D%3D&ptyp=4
1835460732,A:PQC_20260918_A:DLI__1-0-0_BIZ___218370428,2026-09-18,Business,Vietnam Airlines,VN,1822,VN 1822,Phu Quoc Island,PQC,Phu Quoc International Airport,Terminal D,Dalat,DLI,Lien Khuong Airport,,2026-09-18T09:35,2026-09-18T15:00,5h 25m,1,False,10060131,217933,10278064,False,https://www.agoda.com/en-us/packages/book?cid=1753802&pk=A%3APQC_20260918_A%3ADLI__1-0-0_BIZ___218370428&pt=AAAA.AAAADFIYLnQremvnWwEqn0OCHogKTw%2FKH4zKqYv%2BSDugwuzQOzEJSpW4C0mObndRkTbQ7x0oH18b6muDoUIMYvfBAurA5awfBcI%2BdyePJge28IpoLonLziCMFsdsRFLU80E8zUShVo5zESJgz9YFDcYBC9YIYWEsTriKj9h1D%2F9DK53QBaGOFQbUJc28ZYyl3zo269J2QeFYll41zr3Q6xb1p1PwkiqKd13iZuzaDbD1q91V8reb4Wpi8X2%2BnBCum8Sj98z2%2FbmMbPdYbUWtlHP75TfUwYkK76aepWJMEmFoyy9oM%2FNrdPnHX7SelEvDSAUj8CA%2BiB8fWxtTIDzWGCyb%2FSYe%2BpwoDS%2FBL8uwHU5E6abKumCDcmgkBCWvvcoIRfWak4hM4x5%2F9U%2Ff2XaHlG1hQf1e1D3Up24EyzvRVuiA%2FPpobMrAeo7%2F%2FyCdB7GOupxOiArW%2BxfDQYijRc3h5Z0iFfNjlgUbcR4WVJMaM4zlLsMf0mN4OEAe9GyPbiXXM9J5nKIoFp6z6wzWo4aOnzuzTWUm6w%3D%3D&ptyp=4
1712912630,A:PQC_20260918_A:HUI__1-0-0_ECO___234595331,2026-09-18,Economy,Vietnam Airlines,VN,1828,VN 1828,Phu Quoc Island,PQC,Phu Quoc International Airport,Terminal D,Hue,HUI,Phu Bai International Airport,Terminal 2,2026-09-18T17:05,2026-09-19T07:15,14h 10m,1,False,3117206,20909,3138115,False,https://www.agoda.com/en-us/packages/book?cid=1753802&pk=A%3APQC_20260918_A%3AHUI__1-0-0_ECO___234595331&pt=AAAA.AAAADDPPKL7hLCTPFneMZMgSwc9gmuku0Xc8XQD5Yq6mEzhuzQ85JH9w517Dh3lm3k6RDO4EuNGBI0cr3F7%2BW5RQaOiiTL3hq%2B%2B%2FM7Zq4o%2FTRmPNcS3sDXxTPi83HFq%2FxNVTfr4McsYrgAHIeTa%2BM9APeL3v4fGKXvWRWYAar%2Bs5dxiOsIz7XUmfd%2FzVJMOBMM23%2FS9aWEpqBMH8RykLFA4jyB%2BLMW3fdD0i5Y3JSZ5hHQFUonxU%2F%2B4K5gbhXx40a48XEJ%2F%2BNLyR4lRwDq387pTcMLTzU8ElGkpJBgLEI07HjlLPak%2FR0t3uu2OHIu7leZnlMUVZUx%2B3HoI4rSkJNlJ6s53pnBTrbeARQqed0n3PUbehP3C%2FjTSPeheO&ptyp=4
815736317,A:PQC_20260918_A:HUI__1-0-0_ECO___205635671,2026-09-18,Economy,Vietnam Airlines,VN,1822,VN 1822,Phu Quoc Island,PQC,Phu Quoc International Airport,Terminal D,Hue,HUI,Phu Bai International Airport,Terminal 2,2026-09-18T09:35,2026-09-19T07:15,21h 40m,1,False,3117206,20909,3138115,False,https://www.agoda.com/en-us/packages/book?cid=1753802&pk=A%3APQC_20260918_A%3AHUI__1-0-0_ECO___205635671&pt=AAAA.AAAADDI%2FDmPGCQSHBvScIlwjukrfYyWZunQJ2n72ZrV5%2FqDgVbDRx9doEtHtMfM8XLgdHAOZeVETSfAH%2BQsBA5H9ZC%2BO6MVyvBDssAghXKBbrh%2FOoGPTibEq%2Fn14CXh6JLlKiMGLYI9DpUo%2F5WNFaF5heC4pa60DsmzuFt1Onpw2ebzJ3GqWq6PiiPk27VBb23vLtg2omUpBXEQLoCSo%2B3cfTkiFj2gcjEk4vVx9qrBh47gW%2F25jly4bnhYRzfh4tBGo9dLfmeQDxYQhJsns365iarfy77V8SsGzjjCWJRN74AJzqKncJX1BPAYzrnVs9OtXqE9emBlGHUQLj37q2UbqHvMBtY0WPVpFAqBDHriyRb1KrkCHMphu%2FrKD&ptyp=4
1229594510,A:PQC_20260918_A:HUI__1-0-0_ECO___1174745506,2026-09-18,Economy,Vietnam Airlines,VN,1828,VN 1828,Phu Quoc Island,PQC,Phu Quoc International Airport,Terminal D,Hue,HUI,Phu Bai International Airport,,2026-09-18T17:05,2026-09-19T17:40,24h 35m,1,False,3117206,20909,3138115,False,https://www.agoda.com/en-us/packages/book?cid=1753802&pk=A%3APQC_20260918_A%3AHUI__1-0-0_ECO___1174745506&pt=AAAA.AAAADGWNMgZvWg%2BE9a9TvKweJ49PAf%2FfQPI46yBVOR%2BxNMzw%2Bm20ZrSt%2BGHlVpuBLcC8ILl86241D7EoVuxdTdrqVKn38qt1wonUBw8vrpRICjER9y8wtOsk6RlyquWdZLcsjs0geOpnakr6Dl21hR7ABLwNXO6uB1pVR%2B52kw%2F68k4lT%2FSw4Nt14CX6XcrWPVWwVkTp0%2F4S%2FWd4nFdyA4cVb5hamSOZkM2%2BZuGgPCKlb%2FBoXwEEQdMsm7LAl5F5hcdGkJKN72QYt9ypT3NnTc7%2FWWMxuvmz0r4g0x5uKfqKZbZfj8RND1XKpggp9SQxqjdjLDRQHRfs1jVyQpV2jaPrzoNTziUXZySH31vUgqJnXuWqNAZ20FPopws6ip0%3D&ptyp=4
1185202357,A:PQC_20260918_A:HUI__1-0-0_ECO___1961140968,2026-09-18,Economy,Vietnam Airlines,VN,1828,VN 1828,Phu Quoc Island,PQC,Phu Quoc International Airport,Terminal D,Hue,HUI,Phu Bai International Airport,Terminal 2,2026-09-18T17:05,2026-09-18T21:40,4h 35m,1,False,3283706,5469,3289175,False,https://www.agoda.com/en-us/packages/book?cid=1753802&pk=A%3APQC_20260918_A%3AHUI__1-0-0_ECO___1961140968&pt=AAAA.AAAADD5EbNu%2Fx%2B9IgmbtHSe0v%2BlkcscArwa7fJM1W5hSUYVe3sOmTkkpFEBwUnSdksCY4PRIs36YaoleWZufjNGytoJuBJjWJkEpNt2b%2FEm8GWs3r55GlUaCGfSCiPTwXtmK6311%2BmTcY0Qh43BZmf14ZwGWSaoHrAaIUhmC3Hxi%2BJVVZlaEf9MOynrObRj%2FtuuWumd8nwoOHk23%2F%2FXijuyUOw1mLXBr0zRQgAFAjs2ekpMM0YLZ2rZKTJJJ1PrcZfraCbuDa%2BTh4PDI4pqCWKTyWajsQs%2BR2T2du0zxJZuRzPri4FzGUHWSAf9lrNmWQzG206qs8NYwQlehXXfrkqA3eA5UvRR9f3Bf6GfEYm1ChQ4MQ%2FOoyNxG&ptyp=4
271715260,A:PQC_20260918_A:HUI__1-0-0_ECO___716392770,2026-09-18,Economy,Vietnam Airlines,VN,1828,VN 1828,Phu Quoc Island,PQC,Phu Quoc International Airport,Terminal D,Hue,HUI,Phu Bai International Airport,Terminal 2,2026-09-18T17:05,2026-09-19T17:05,24h 0m,1,False,3419061,5695,3424756,False,https://www.agoda.com/en-us/packages/book?cid=1753802&pk=A%3APQC_20260918_A%3AHUI__1-0-0_ECO___716392770&pt=AAAA.AAAADBj5S19DS8C7Onvlv9RPakHNxpGhuDAyoch%2FpB92gwdXYPqaIJ3WRrMWu%2BBjvqAs3HEHw9aqc0%2FiUH1OzBTo5CW05nAXeZKec97jojhpnHGxpPtAuyIhNrsf0GggQWCfhpBG7VMPd%2FyNUdGjhRcgCvoJdt4Sc1P9YI9Z0Tak70Iz%2FrhgHPW6VXz4mGYahNC7RgE0lBxI2nXONZU5GO1f1LjDJKWv08kx2x%2FC7d4%2FPB99CFDvk8zhzT09a8s3Jihj4Z7N9IyafTaVseuiSyF4BfARIdd1xUwMD9ZjV6RnLt4tno5tCCY0GBfQmpnnyw2MkO%2FmF0Qmthqn8RIK69LHkFYKzGDZucFKlr8vQ55u069xLWvABENmGw%3D%3D&ptyp=4
1586371584,A:PQC_20260918_A:HUI__1-0-0_ECO___1204809548,2026-09-18,Economy,Vietnam Airlines,VN,1828,VN 1828,Phu Quoc Island,PQC,Phu Quoc International Airport,Terminal D,Hue,HUI,Phu Bai International Airport,Terminal 2,2026-09-18T17:05,2026-09-19T12:25,19h 20m,1,False,3704694,6170,3710864,False,https://www.agoda.com/en-us/packages/book?cid=1753802&pk=A%3APQC_20260918_A%3AHUI__1-0-0_ECO___1204809548&pt=AAAA.AAAADBOZc1%2Fmg3htZL0WL2GXYlX9segIumEhDQpNZNfgqru49T0HlRPzsJ30D4jOqwRkzmRPHVQV3EIHBwTlGVgK2n1mFSCShO%2FyeoPjQWmQWwvRi4hal8k18hhgQKtdEU%2Fq2fQKjiKJbnvNQf8YTUDnk2UpkaU%2FQhgGeBC8cea4ribuEnRbqHzO8qmlwjH6Bcs3%2BQQ5RPTXGyW2XHnPb64HGu5qiFZwv0gelGkJrFmmsGdHu1KfPjFGqeibClx8HH2hKut2upt0cJLFaP5fvjq6xcjOjTDRUeMtoX1QCPxD%2BZ6zWaeFxirLtEZbZy4lAainpTbxu2TWcAGeD3a4z2Zxi0zmenVeXq3yge6jnbf9dlkCHDc9p1%2FPaQ%3D%3D&ptyp=4
376703703,A:PQC_20260918_A:HUI__1-0-0_ECO___1591027008,2026-09-18,Economy,Vietnam Airlines,VN,1822,VN 1822,Phu Quoc Island,PQC,Phu Quoc International Airport,Terminal D,Hue,HUI,Phu Bai International Airport,Terminal 2,2026-09-18T09:35,2026-09-18T17:05,7h 30m,1,False,3843780,6402,3850182,False,https://www.agoda.com/en-us/packages/book?cid=1753802&pk=A%3APQC_20260918_A%3AHUI__1-0-0_ECO___1591027008&pt=AAAA.AAAADExjFRgVgt3nB1prB4P4SBmMhO5uuoYvs0Ipp5iexxbh5z3lK0d4zhoxZWv%2FS8FWUHWqEq%2F%2B%2BRic0PIjWLDILc9T%2BvVjR%2FESwQUjd99cYovjRbwCqcayrHU8ScIt9jTrWXscFeMY1wBnpFJkkEA9jKkMCSnaKNDr9NTMQj2gV3MPEbhmcp6MMOmut4K6rMK6N2dwmGSNoLU0SBdxy%2FGCE1PVJ32s58%2FtCOxoDK9b4KdRfubmtITRkPCsEU92IDL%2BODZF5nz9d3sbeQ0VxgFL9Ux3%2BwUUj%2BHQQOasJXY9Q99MLLQm%2BJjYNS%2FEFr8lNVwlLKdRPgsjo3TXxJp%2Be5qqyaf%2BXCRst%2Bld8EDTFbZIiAuAocK7Wp1nJFM%3D&ptyp=4
841111760,A:PQC_20260918_A:HUI__1-0-0_ECO___1059430431,2026-09-18,Economy,Vietnam Airlines,VN,1822,VN 1822,Phu Quoc Island,PQC,Phu Quoc International Airport,Terminal D,Hue,HUI,Phu Bai International Airport,,2026-09-18T09:35,2026-09-18T17:40,8h 5m,1,False,4133409,6884,4140293,False,https://www.agoda.com/en-us/packages/book?cid=1753802&pk=A%3APQC_20260918_A%3AHUI__1-0-0_ECO___1059430431&pt=AAAA.AAAADH%2FpbpOLX2hJt3%2BGsLOHLrd7GP6dlqh5HpUhvoBoDtj0mYy%2Fi7wK7CRReBKYb1JzFiVehtp7ODPiFsjh3%2BQHZveNhu8ghB2QX44YdzrbtZT4%2F6PjwjmRXZ2FWDcsdgyZsdgnhQZWHZT3qwoq7U2lwn%2FTfqRGl4Wwj69R75%2BgvNKiZcTCEXUDkC3Zu0ZhMGQWRC0tVW1MFvo%2FOt8uoYr8ufkMcySNpAWbRJdWiq0fjgnko0QuguCHy2ny7vV8r%2F1uu85CEpC4f5GBspbVnmdOdemwfNHVickWx9%2BvWFNN9rTwq3%2BBkqpPeHA%2FhpVQNdnHwDNuGyIwozEPKjIDpTwvdNTmeeM6GiiEAiRmqIgg30Z03mcehJy5EQ%3D%3D&ptyp=4
1209821775,A:PQC_20260918_A:HUI__1-0-0_ECO___1886793968,2026-09-18,Economy,VietJet Air,VJ,324,VJ 324,Phu Quoc Island,PQC,Phu Quoc International Airport,Terminal D,Hue,HUI,Phu Bai International Airport,Terminal 2,2026-09-18T10:50,2026-09-18T15:40,4h 50m,1,False,4247615,0,4247615,False,https://www.agoda.com/en-us/packages/book?cid=1753802&pk=A%3APQC_20260918_A%3AHUI__1-0-0_ECO___1886793968&pt=AAAA.AAAADE%2FTq8Oa%2B3oIdwSlPLGIB74uwdzzDwEoE7gxU9FiQobrnLBiOOEfDa2yegV7pHBJ%2BcHOSyBXePwUhDvMcQtCazZSH8%2FJcXNFeE%2FHX4dg3cru%2FkaEJVckGp5NexKS6r%2BrXzPm4gcSe4iH8MSSPEi2AvcB8bU7zFqJIrreEM8VROKHPC4L9jiEO8GN%2FjHdgHzuo3zp6AMF8e1DNSrFEwZ1VFyJYLZrASImaqnGU1x1E%2FtTC9a5eBJTxbVpyxdbAwB8O4kVLlwUtn9tX%2FToc%2BcwFj%2F2dwcE%2B1VV2rVXPsk3U2ee4%2F%2BSmWtexh3tmODvetLZEZIF88WemyMsT8W0W9gv6brP7M6deT4uZyEDvFuWt6imkg4upYweBucXPXIIswBZg%2B2sDhdDHJUjSfUTDiJNWxsPXgXwmOBNqs4SqDgZ4Maxo79dz3puGSsofC2CtoemXNyv4n12D08JDS%2BNR%2FWllwfqxPOT0PwNyyUXJXg%3D&ptyp=4
332491150,A:PQC_20260918_A:HUI__1-0-0_ECO___1473209957,2026-09-18,Economy,VietJet Air,VJ,330,VJ 330,Phu Quoc Island,PQC,Phu Quoc International Airport,Terminal D,Hue,HUI,Phu Bai International Airport,Terminal 2,2026-09-18T10:30,2026-09-18T15:40,5h 10m,1,False,4247615,0,4247615,False,https://www.agoda.com/en-us/packages/book?cid=1753802&pk=A%3APQC_20260918_A%3AHUI__1-0-0_ECO___1473209957&pt=AAAA.AAAADMOfNDGDIPwyws4PwS2anfOIWWCvsmcrg8w%2FXl6E30YBfvAlcTGYuSN1EZUlMghftzfgd3ylWAYrMdoTpfP8GQyc%2BL%2FH%2B6Q84cMmnlamBhkAQTxJdXuR6JZ1Bi2Cx4Jty2JgP4nOna0hecTwLnLc9YCw%2BHThdCGBxPdwOkvdEGEplOssAQaYqh3bdyU2ZtYJvbFDZARh9O30mNa6Dv8ZtpZkjY439pKXyY1j3YrjDVLw7RAAKy%2BFlKADXFP740LWpNV20k4QvlHO2Ms%2Fr6BYtd%2FmbRqhb%2FmAVGh7uu55SQCx5S7wB96d7psySVsrgPbU7DW1HnQdke8N5cU683bihiDFaGlRh3Ejrcah%2BDphUtysFEV1GaWez9SgQQJwuWBr3fWwB754Upjd0cyG%2FXbsBlYGRVi2DsqcT8JjvOP9XLt9zif1q1SQuEsTZiUKLYtIaBxb%2Bfhak7CBl1y8BF%2B%2FMwBJ8rNgZmL3fqlTSQ%3D%3D&ptyp=4
237598311,A:PQC_20260918_A:HUI__1-0-0_ECO___1201409854,2026-09-18,Economy,Vietnam Airlines,VN,6104,VN 6104,Phu Quoc Island,PQC,Phu Quoc International Airport,,Hue,HUI,Phu Bai International Airport,Terminal 2,2026-09-18T11:45,2026-09-19T07:15,19h 30m,1,False,4272494,7116,4279610,False,https://www.agoda.com/en-us/packages/book?cid=1753802&pk=A%3APQC_20260918_A%3AHUI__1-0-0_ECO___1201409854&pt=AAAA.AAAADEpXgOn8eCmyxf%2BXONBAIz3X9%2FoYSsjy78AX1M2vTSMLE0zoZ6MRpGPJQf3Rs1o5QhL4H8VMo%2B3UfJCUGASCZ4J6DNEYsixHNbxw4kKp%2FP8uwo5bJ3vwERUPaDAwpyhW9ytA69VTCQRLnQJp98DiiJWKCw%2F8NmowkZ2ErWdyDw6bIxRIWsDHKf8TWEqgAEleXEfa6YXinPSIA5FPnUnw5X6RyE%2BIpaCDjDXrZ7fUMK7vkl6gKN4DhCm5iLL1rmqhBKF7vgta6YGH7bsgYCcCbdib6F1MaFi%2BVLlBcPhaEv1csDcq97KLSTn1Oj1bTeXSBRHGbVrYzOOoqH72s89T9RR9sAZvdU9wruP9lFgrAqdWLpbbcpo6Rg%3D%3D&ptyp=4
21100627,A:PQC_20260918_A:HUI__1-0-0_ECO___54740136,2026-09-18,Economy,VietJet Air,VJ,326,VJ 326,Phu Quoc Island,PQC,Phu Quoc International Airport,Terminal D,Hue,HUI,Phu Bai International Airport,Terminal 2,2026-09-18T16:25,2026-09-18T21:25,5h 0m,1,False,4333697,0,4333697,False,https://www.agoda.com/en-us/packages/book?cid=1753802&pk=A%3APQC_20260918_A%3AHUI__1-0-0_ECO___54740136&pt=AAAA.AAAADLYBHlUyVHQSxFefJ9XUq1noxgYdGUQQkwqv8u0K4xB1KFWp0yBW5YjnTY6TIrNuoSFiy1ztplezZ4PiSD3uFOaMydSbCI9nFVGhqbbE7nCi%2B6J%2FZTYPkkJ8UpMw1Xhnn3nnLCSktflc%2BLwSGjKLclA7T4TP0sX6WIRT4VY9vHkUlFbjQvFs45MfL0Ve0%2BKxOTQKMPCMH5gDIuw2yAzFc0CIB48h6t%2BXUSmxsqIdYI7asOndYzw8CbL6uPb886acA9JE1LNFQQKFqvGT2US7u8apr4uNBn6ZUNJsWIUoWJe5CRfzTU79%2FeNsye9Hq6FPRBIAdt68Rv4Rt84aBDmkPUQXD84OaE%2BM8EQIFuPVg8TQKLu1pkRsb%2Fo6ltmcL8NGUQ4EDSo2a7Y4wMuNBpbzo8M4llq%2BHnj9%2Fcv2TvZgRe%2Faq1PSz5oucgDldpLLB0mFYw0R8Ae61e%2BNE2V81d7bBkG9KYhJefc%3D&ptyp=4
1551270995,A:PQC_20260918_A:HUI__1-0-0_ECO___1714984819,2026-09-18,Economy,VietJet Air,VJ,336,VJ 336,Phu Quoc Island,PQC,Phu Quoc International Airport,Terminal D,Hue,HUI,Phu Bai International Airport,Terminal 2,2026-09-18T08:30,2026-09-18T15:40,7h 10m,1,False,4828669,0,4828669,False,https://www.agoda.com/en-us/packages/book?cid=1753802&pk=A%3APQC_20260918_A%3AHUI__1-0-0_ECO___1714984819&pt=AAAA.AAAADBMQjtytHoVeP2e18hRbm%2B0d6visaCNWzcEoM5vFb6iNOfqxf1ZcZm4mukYY%2B1M%2FnSxE9KGQZBGBC2jwsG3nSpJzMx8Co5zNhS74Oa4mcRBgMb7S4JTnyM1XXwHbK39k6P32MOKVWpKCYPL4dbzJk3GXRw3pQ8IMElpjaC3%2BV1puKQn%2FCqibqAGdP1ZI%2BUyu6uLsInlecFnU%2BBjf%2BnZWt4z2FQtUi6HjOJjmWEBkT3fQDQc%2BwH%2BHQT5lQeIW3RcDW8nFsUZCGU4whs7xOJNTf%2BENBkrorRrdh%2FE84owgEtq0zJAlYEq1K7bAyDOqKwyem%2FaEWJ%2Ff9lZTr5DRvCmfFxbkGMgBbuKWPPUvBG8I9C2R8nhBczSIN0oKXxn3cDh4LZyFUlgW9GfNPNv888%2Bll%2BnGoZDd2HR4We7P5cMp0Nd9QsavzMXFTF5ncXsMtq6l8VSn%2BI%2BQcXTFE1qxr5i6sAnXoqn7NuqNKhsz&ptyp=4
1648086919,A:PQC_20260918_A:HUI__1-0-0_ECO___513903325,2026-09-18,Economy,Vietnam Airlines,VN,6104,VN 6104,Phu Quoc Island,PQC,Phu Quoc International Airport,,Hue,HUI,Phu Bai International Airport,Terminal 2,2026-09-18T11:45,2026-09-19T12:25,24h 40m,1,False,4844292,8068,4852360,False,https://www.agoda.com/en-us/packages/book?cid=1753802&pk=A%3APQC_20260918_A%3AHUI__1-0-0_ECO___513903325&pt=AAAA.AAAADJkvMvb4pC2VBgqotBW4d%2BGpdxRqPZ%2FzYsvqL%2F5ea8%2BlBuOF%2FgqjNd9h7XgPcSTxw7smeAegB5eu2xoZ2nT1foU0EJ5KRM5axgYx6MkoeGi%2BWB%2BNhRe24R1FDHw2uf02TxQ97zzBCIQ9RvSW%2BxJmfnSWMMsB3O2ILo%2Ft6vFOuHkWhGIn1qJKYCYKPu7ibqSKvYSAyA8zO9vRyErRBmlVxSuUaBods63epbDE70Ak3IMADXPpXywdrE%2FMpDyOob2oPwe4%2FipxW%2BpnPU0gn%2F%2FmoiEu%2BqAIKhC7bxgJXtOrfWDvucg4QrZEfjzU2KjOR2uPcFUS0YUUWSzjxKbG%2B5taP2iWQwQx%2B3aj8PE%2BML0ceVWccQ%2F669iX0Lg%3D&ptyp=4
1079993253,A:PQC_20260918_A:HUI__1-0-0_ECO___1219019210,2026-09-18,Economy,Vietnam Airlines,VN,6104,VN 6104,Phu Quoc Island,PQC,Phu Quoc International Airport,,Hue,HUI,Phu Bai International Airport,Terminal 2,2026-09-18T11:45,2026-09-18T17:05,5h 20m,1,False,4987375,8307,4995682,False,https://www.agoda.com/en-us/packages/book?cid=1753802&pk=A%3APQC_20260918_A%3AHUI__1-0-0_ECO___1219019210&pt=AAAA.AAAADOzky71EeKKJo0%2BnRrct422r5%2BNi5kE9pvQgnfnI0HX9Y8OopJmky78Z5bPPnUIwZc4Qh7WeZBC0BAROS755ubN7KrkWy69iCz7W2xs1Y5PnUODmgjX8S4TutRky2QEauPoAmHVGyIpnixG3lSl9JGhZz4Mi3%2BwJ69PVhfPZD86q27x6tB7ImfqNIV5559nK28no9HD%2Fk6X6IlmofruRrpN5SNS7TQdj02g8OGIytDPi2zo6dmXeQ3ipkmSKHDas3mlKjkgJW0QH34gztKivPDwmJWUXZxOqvnbaRcgbs1wPbceh4kUj7KsJE2HR2fyOKvLnhDgj8R1R0gxI%2BP30x6wB1al37irWg2%2BEBbHvt8f0hMH4XGqxKoda&ptyp=4
2067949224,A:PQC_20260918_A:HUI__1-0-0_ECO___1712382523,2026-09-18,Economy,Vietnam Airlines,VN,6104,VN 6104,Phu Quoc Island,PQC,Phu Quoc International Airport,,Hue,HUI,Phu Bai International Airport,,2026-09-18T11:45,2026-09-18T17:40,5h 55m,1,False,5325825,0,5325825,False,https://www.agoda.com/en-us/packages/book?cid=1753802&pk=A%3APQC_20260918_A%3AHUI__1-0-0_ECO___1712382523&pt=AAAA.AAAADBXja7gaLsqZZHYIWlJriSo2oDMuwgZkDjh4Jy4qWa4Rx2MJSl6KR%2FCLmFlRb0yyUUecnBd9scVlUPnwWBtPYoS15%2BrxeCHU%2FMODiJeE2z7rKsImsZIjkpmcRiSZJSEtDgg5p0NaDFrKghGwA89KeJgsoAImj4KvNn4E2HRn3VIV%2B9I58MAnv0k%2BbI9vGEYH474VnP6xyNWgMapWvkWDCCC2rvlw%2B15yXL%2FgrQq8QFT9e2oVtJmRyhh%2BpyFeXBpIPg02vcSyfO5IWv6ydRUt%2FBJRnUWrSNhSHVzC7EV8C%2BLmbW4y1BFah5TgEMdGgw6byqqFXicptcV%2BrGEvMH2FedZEkKUdetLI7NhTf7i1tK9Pz6PjRC2atEM%3D&ptyp=4
1393265328,A:PQC_20260918_A:HUI__1-0-0_ECO___2116524009,2026-09-18,Economy,Vietnam Airlines,VN,1822,VN 1822,Phu Quoc Island,PQC,Phu Quoc International Airport,Terminal D,Hue,HUI,Phu Bai International Airport,Terminal 2,2026-09-18T09:35,2026-09-18T21:40,12h 5m,1,False,5754797,0,5754797,False,https://www.agoda.com/en-us/packages/book?cid=1753802&pk=A%3APQC_20260918_A%3AHUI__1-0-0_ECO___2116524009&pt=AAAA.AAAADLuEBcEw8h5ffQiCr7lQT%2FpzTL51h2ZXj1BZ3UfetAQaUSPm67XrGaU2GicimAHlb%2BACrrPGGXUMcqCV2ivZKnPuURuCf0wnf5u%2BcQTI34QIuMA1C6xpPGEzFO4bTQDyBYoISL6ads%2FZwdfGkD%2BJ6CV5YVzAx0xgUmLNq3bkql4K6331fovmYUsiKIA6DB8YvFX%2Btahn9A9tXH%2FK4d3d%2F5bTwTfyu4OE3N%2F2PenxHui6Uo60AxRemrZcrZapItf2bktg%2Blu%2B3d9BqanOCnVQ7gUz%2FFZa8%2BfMa5EFcPWzCRYS%2FuyiXm6D1QOG6UNNytEtjVALTR6GoCwddIMXuv0yOpfz7GxbXTnOoLDXAQCSWSdPVcmaqrsdpwk%3D&ptyp=4
1418168948,A:PQC_20260918_A:HUI__1-0-0_ECO___1734213167,2026-09-18,Economy,Vietnam Airlines,VN,1232,VN 1232,Phu Quoc Island,PQC,Phu Quoc International Airport,Terminal D,Hue,HUI,Phu Bai International Airport,Terminal 2,2026-09-18T13:55,2026-09-18T18:50,4h 55m,1,False,5859215,0,5859215,False,https://www.agoda.com/en-us/packages/book?cid=1753802&pk=A%3APQC_20260918_A%3AHUI__1-0-0_ECO___1734213167&pt=AAAA.AAAADMpu%2Bfo8rL2Rv8VjqFKk%2Btjw%2BQPJRfMzE44HGpvCEesSvqn6TE56NEpypglv8vfuot5RJH8Ua43N1UgBkLEHLbZrnASuJKI%2F57qpPNbZQ%2BMLhOg6AZazL%2FMOieWQ%2FORAHKolGkapnmnLaNxPaZH1PRmk1a7am6aTndtG%2F63A33D8ves55%2F%2BtwMpBZ9nlCpexx%2BEaRW%2Fny1Wex50TUqBepFdSaTb2w%2FNXOfU60F61QilzHAXC1ZgrZA24BSp6DhY7SxMSaIOyql2yf2X2TdJB92kuCjuJUZlKBTxtqzkcHiuIT5IG8goO5YhD2jF1T3OWOHMqO%2BpwfhuAtnOsBs%2FaP40t2T1vD6mYrhHplBAhJMhJ4S0EdsWD3nh4&ptyp=4
279369157,A:PQC_20260918_A:HUI__1-0-0_ECO___997667927,2026-09-18,Economy,Vietnam Airlines,VN,6104,VN 6104,Phu Quoc Island,PQC,Phu Quoc International Airport,,Hue,HUI,Phu Bai International Airport,Terminal 2,2026-09-18T11:45,2026-09-18T21:40,9h 55m,1,False,6909847,0,6909847,False,https://www.agoda.com/en-us/packages/book?cid=1753802&pk=A%3APQC_20260918_A%3AHUI__1-0-0_ECO___997667927&pt=AAAA.AAAADBGMEInwRx5XQ8Owvu1B6Fs8IipQ3EWROaHzs5GPe2rEI2iuUUpTruMr1A2Ye8xzYv%2FLfVLsiZTI2h6hFdo8Mr%2FXVCDQtEURZT9i6Gxo2C3nMyI9pLv6cpfXnENmmZge4B5Hp5kvuU6UH1Z3q393PHZLnMxnyf9li%2Fie8dNROS8p587GtkLk0GPmAajHkTgECkZwnTYzAhikKbWcWubsEGwQEftONA9QlIBLGITYz8cmvSmwI2y4FnxSXoMweMNCPHrhOlvzZ4Ss19bmlTDnUUB7Bx7On9XY4%2Bugn8mqSiaefcMnAB%2BShw5c558vzQj3VjSkNg%2FZGkzMW1FqFLVKeSE7PRpaFnosZ8v0s%2B7ce8uxqOo0Ni34&ptyp=4
319840018,A:PQC_20260918_A:HUI__1-0-0_ECO___1734213167,2026-09-18,Economy,Vietnam Airlines,VN,1232,VN 1232,Phu Quoc Island,PQC,Phu Quoc International Airport,Terminal D,Hue,HUI,Phu Bai International Airport,Terminal 2,2026-09-18T13:55,2026-09-18T18:50,4h 55m,1,False,7128299,202781,7331080,False,https://www.agoda.com/en-us/packages/book?cid=1753802&pk=A%3APQC_20260918_A%3AHUI__1-0-0_ECO___1734213167&pt=AAAA.AAAADPPa7EjBTIT%2FudU0qJe1NA8r0Y7rOkZ7pz6MVZrGhlOjPsB1PyG94hQCZCvL75AkpPJIF9I9A95GlHEKfHT7DZQ28zM5KNfa20SML26zT3wzwIpb2tSiMmHVwFbmLYuVPWHEklVn49WnE6CYC6x3ZGpVEKlA%2FRwpL9qBxn5TMrVqxdBqH47xyEiOWIFYGcYCHsnmLrE52GWzezvljccQ7j85DJ9UDsTCRltSq4P86WSfPsuFMaQ8U2twcxfdhvzARA4MQ291J11vbOZ0A6VQM6q8nckmJOiZMcEjoTUfhYY7Q9uDV8szZoMFt7BCffeLFxJ1gVOp0GaX7vpZ2Y81jnUvHBZBiWbE9Fary%2FFQpB37%2F4Zz71Pit%2BjBPrxfndem7aRAAzoCOrRFY3paqCllHGh%2BK%2Fud%2FZuPwCtT3IvDSEjzciqgst949c0Of33WBK9AA3fcL1TakcsKDz%2F7hH0pApD3%2FObWd4dnSmpU1%2FyXC7pjZliJceW5t19aaLlzThvCUYBA%2BRxMdtrSog%3D%3D&ptyp=4
1013776368,A:PQC_20260918_A:HUI__1-0-0_PEO___1961140968,2026-09-18,PremiumEconomy,Vietnam Airlines,VN,1828,VN 1828,Phu Quoc Island,PQC,Phu Quoc International Airport,Terminal D,Hue,HUI,Phu Bai International Airport,Terminal 2,2026-09-18T17:05,2026-09-18T21:40,4h 35m,1,False,7374429,237316,7611745,False,https://www.agoda.com/en-us/packages/book?cid=1753802&pk=A%3APQC_20260918_A%3AHUI__1-0-0_PEO___1961140968&pt=AAAA.AAAADEluM95sAYUKnejP8bfygvw8230mqjASR%2Fd1yi2bHozjW%2F0Lyfkuwu8mGX8R15Li2IbcBmPIua9CnSV098e3n%2BKEBQ0pxXcFRkdmvqIy1JFQSa93LOEIdOt9QbxPTEuHNfXuERxNAJcZbfB8QtqWJAeB%2BGGCof0z%2BpkVXkqq9XOdpTX3ycPer06RH65rmYow1HOPdc6Kv3XJX4Y2JI9iH%2BiiwmHWFu53dt%2FDjEsiSdmAHIJ3DKD9QkjE78aVAuPLsEbpatbnMCSD6I3KQednW7Dwm3GrecuBCGoa24yHLJ%2B5PDmrdJvPFUCJ09E1qvf44BSm4%2FHHA%2Fca514dxnoIU6AuWUHzx0pCKpb8BnRrzjJszn9o%2BG%2Fl3OmRpZoF%2Fyw6WMx2jYMTP4tejWMT7m8cw4P37MwXunZXJWELrrWsKMj9TeiwhP4e8QWPnx7DdGh0OS86ax%2BRmEji0e4RpGmftljVgl%2FlGRklfQn2QLiBFnMx803pGNgtMAJrT6mF%2FKpmk6pK%2FF2Qv1vEghw%3D&ptyp=4
172004019,A:PQC_20260918_A:HUI__1-0-0_PEO___1591027008,2026-09-18,PremiumEconomy,Vietnam Airlines,VN,1822,VN 1822,Phu Quoc Island,PQC,Phu Quoc International Airport,Terminal D,Hue,HUI,Phu Bai International Airport,Terminal 2,2026-09-18T09:35,2026-09-18T17:05,7h 30m,1,False,7374429,237316,7611745,False,https://www.agoda.com/en-us/packages/book?cid=1753802&pk=A%3APQC_20260918_A%3AHUI__1-0-0_PEO___1591027008&pt=AAAA.AAAADBinZqN3vucoFqjvrCXs%2FenU0wNGflOhUIo7Rh2tFhzbew37S8xjIIr3zE3wpX9IBNHj8s6%2FTu9XEeGuJCjKpC1arzIsmkYHmjnerr5yGo5rlOo0zB7NgJ4FUcKZ1kKEeWum%2B%2BqZ5%2BjRfJSKxJp52rgpmqpQPDE7lWXbV%2BBRnkAFnKuGwU2%2BuiI%2FPY3Mx9VlpcbMWEKwiFDi6Jm6Yi5udM0hf7Q69L27SCCx4KMSVckvR8lhgrQ3LiHK88jZHdDaskArJRAP6XJhmm%2Fdr9TLkbrViipQZSId3JpjHIIsIW6rhMvf5BZKPqITGGLdLgCOrUg8jVrMHf7AftDTIjc4Gha4ILK7aY9Yre3xmZUIZe4NDkL4y77Rhx6DXz%2B9nZc7EV6O%2BEj3h3g%2BKfSOm4A4VLHOH3Mx0AL0%2F7W5OIWvBKxxQZUik0sIO%2BfjaWTtfE%2FF7eQiW1MUb2qLX0%2BCOz02zvqHf14ev%2Br4INxcHlbT%2FNgUPgRQTe5OkmTV7uMUxJcU2zH675Gzxfe7HQ%3D%3D&ptyp=4
838290016,A:PQC_20260918_A:HUI__1-0-0_PEO___1734213167,2026-09-18,PremiumEconomy,Vietnam Airlines,VN,1232,VN 1232,Phu Quoc Island,PQC,Phu Quoc International Airport,Terminal D,Hue,HUI,Phu Bai International Airport,Terminal 2,2026-09-18T13:55,2026-09-18T18:50,4h 55m,1,False,9807561,189838,9997399,False,https://www.agoda.com/en-us/packages/book?cid=1753802&pk=A%3APQC_20260918_A%3AHUI__1-0-0_PEO___1734213167&pt=AAAA.AAAADGr8dbyRcf%2BAI%2BpBKT8O8AdMCieEqpE4x5WaD4SknP6z3gZ2NLgjtB41LpNdxng6InHITF8Y7rhjFMZNmBvttv49YiWXW0ZoqZRkJCtboK9rVRerWxYsrMfzDiQeoA5zaO4FaR3uhhz9KoEmsJNQMzVa3n1UfHUpV1uOx56OYTy9A1wI8qD2mbS4THHFzwfBr6vp0dOE7iv47seXz1B3YC3BUnhSWS3RwORwbsEOvzA1v1FvL%2F%2FhCOEGadnJdqwJuSFvkGRFXBLf5%2BrtYV1uM%2FpveBVOETzFW%2FUlREO2yWQXqAz7aXO3%2FRpIUvH1mrmyC9mEPC%2F4%2FI9A91UJNI%2BmvXXEL1Bj6bCcE7GNmkfOlKtGj%2BdH%2FOjseTZOvnQQhR4GYWW6AQvpkMNykquhfh%2BTjzWjU0YFOqE851nth%2BREyaagrQb8A117PcH4Egi6GpvIcPZymcaHtsS%2BcvLuD9JCxyiQu2b8wiec4itR%2BcMnZaJMywKDJ%2B6ZU%2BXz5XEHdsUyKGSFbDjvdQ%3D%3D&ptyp=4
548566874,A:PQC_20260918_A:HUI__1-0-0_PEO___1886793968,2026-09-18,PremiumEconomy,VietJet Air,VJ,324,VJ 324,Phu Quoc Island,PQC,Phu Quoc International Airport,Terminal D,Hue,HUI,Phu Bai International Airport,Terminal 2,2026-09-18T10:50,2026-09-18T15:40,4h 50m,1,False,10666112,0,10666112,False,https://www.agoda.com/en-us/packages/book?cid=1753802&pk=A%3APQC_20260918_A%3AHUI__1-0-0_PEO___1886793968&pt=AAAA.AAAADDFiy91FeLyPz%2BAUPJlgvfOuey2Fzk304uhLH4bkYVmJC7qbYZbtfE680eGrBb3rXaFOH%2Br%2BtYbd5lE05R0P%2B0PMTgUM%2BGJsReaxCoPQbVJGa0NRLpMLvX%2BZilZmN2D1L6EPdcxSz4WLDjF%2BzXNT77RMUJCykt%2BA3nLnNlirO%2F5fV70ZDVmilBdKM6%2FkRdfqBAuJwrfwIKZ7OxIAuWfrnrSb6RlHgsI19XEkzk3VjB8lxOZYeLlyxqPV66MclunHkzkff6UDx3bnvfaVPQg%2BSpVdlhiUzkJolCkybyntI4SimbzUHvv%2BZ%2B36UrvMADX%2FFV3icbAwQ4%2B2dOdCx5T3IC%2Fwd9S4XL2vmTLqvg0GEdfagaz9cQpb7lTpnUsC4bLVDzlXGBFCmfrYysJHAwMcyrRXBSc0L%2FsX%2BF8pe9Whwl9zKMDcIZZLtsxS%2BpXW71j87XxIPcFzKv%2BnH0lnG2ft&ptyp=4
405170607,A:PQC_20260918_A:HUI__1-0-0_PEO___54740136,2026-09-18,PremiumEconomy,VietJet Air,VJ,326,VJ 326,Phu Quoc Island,PQC,Phu Quoc International Airport,Terminal D,Hue,HUI,Phu Bai International Airport,Terminal 2,2026-09-18T16:25,2026-09-18T21:25,5h 0m,1,False,10666112,0,10666112,False,https://www.agoda.com/en-us/packages/book?cid=1753802&pk=A%3APQC_20260918_A%3AHUI__1-0-0_PEO___54740136&pt=AAAA.AAAADNmRG64mFR%2ByEtoK00096YjLdpaLS6k93byXc8iDYn%2BV7BAYoh1p9U2QlyWFXfrUwSMlKLGMsw%2BZRpLdUOytuoFhpGzN%2FppVymHwLTJ%2FhqgTmOV04p7Q%2BArPwIpcYQO0sHbyglc2qCPXWING6cDIG5H25Q3haTdm4UrydZcPZqRmYz7xRf6w0hPD9ZMbKUFZxqUqQuMVE0O%2FOotlcrZ2%2By1DgbGaZeK2Oh2NC7UkWZGjBpPzsG945DQV1za1zZcLmZ46Hj5wj8BOGc8o6Z7E2kTLhpA7t8YHEGonyjeCblngnrgOxL1M42TcPn2ValWzCFDRBNnk9VtGO0y3SEmFGIZDNgWrbNo4Qgg%2FJWm7MLz9f5uwBJHfu620ptNxFKHhi4Cs46RwtPV56kuVLTJC4TjNPPxFVUY5Tpy%2F0O3cR4WTciB5Sx%2BmpOy4rEj%2FC9sutz%2BqoNAEXAAhHYyT&ptyp=4
1359835957,A:PQC_20260918_A:HUI__1-0-0_PEO___1473209957,2026-09-18,PremiumEconomy,VietJet Air,VJ,330,VJ 330,Phu Quoc Island,PQC,Phu Quoc International Airport,Terminal D,Hue,HUI,Phu Bai International Airport,Terminal 2,2026-09-18T10:30,2026-09-18T15:40,5h 10m,1,False,10666112,0,10666112,False,https://www.agoda.com/en-us/packages/book?cid=1753802&pk=A%3APQC_20260918_A%3AHUI__1-0-0_PEO___1473209957&pt=AAAA.AAAADGtuHGhkGNYMWevqFS42KMWggKjZtqZj3nBnUXG%2BebWX56nXMaPnhyZIsofo7%2FZzBR3aNmMLl8IrgsKB7HrewnnzOC0f99ckMflQdEG6KFvL8nxPIFaJNhDiTLrvgBAEbpuJPqR%2F5b%2F7%2FakTRDptCFzcF3i7hc02kt2KvWbsAURF4ARazVh1Qs8%2BQBaGLWn2yYEo0QhaSHETYnRY3Bo5exel4zMLw4GoXQ9vep0IPLt7UpjJG50rmR%2Fr8rTbQCPCBxPVDwYzHItbACu4dvdViIBZEYPTVO%2Byr5Fow56mgAdOmj15w37Tk7YoUtJFYxYM%2B6RvY1sY0MssWWKynQLFkiJ%2FUAqdnIddYEhTEZdctGAO0xLMJ8SzHdxziOoiYkUcHr6aqwOhu%2F1jLAOla2F3u1svHVvI6Dzra%2FB53mogn4D8Z1zzk7Z1xz%2FgQa8R2caAauXkNows%2FFYpF0OjWKufGkc%3D&ptyp=4
1538628412,A:PQC_20260918_A:HUI__1-0-0_PEO___1714984819,2026-09-18,PremiumEconomy,VietJet Air,VJ,336,VJ 336,Phu Quoc Island,PQC,Phu Quoc International Airport,Terminal D,Hue,HUI,Phu Bai International Airport,Terminal 2,2026-09-18T08:30,2026-09-18T15:40,7h 10m,1,False,11276757,0,11276757,False,https://www.agoda.com/en-us/packages/book?cid=1753802&pk=A%3APQC_20260918_A%3AHUI__1-0-0_PEO___1714984819&pt=AAAA.AAAADF%2BwJAY0ircDiW77l7%2BoNKQfmrXYGUlh8whyyj0UjcTv52Zh0otFBMXONVC%2FjIb4CZccil1Ti%2B6vd9iiwlsGSxFd0BDlHJLnI6HkN1oIqKU4OWEGyOWqeJxbjL2BGle%2FJD5I4vSDUz55bvS2JDwf4iOVSHUG9rlKC6pfobOpsgBN%2B2XNBzdu3eQWNkjznLejAmSgljaP4v6mX7MSunZibPPuiwyvBaTQbyTRLzXvQ4SvrRwbYVh%2F%2BZqA%2BE4hl3zvou07FMtqsQdvSDBG3kCyolNYnfGrxHid%2FlOetsN6UiaCdOtsa76wFEvAGUlKlQD0KAhDzCGAt1FL0%2F8u9ILOFoZgYn2maKCvm2mTXcdwhekFfA%2FCbh3TC%2FiSk%2FzQ7Y3SiAWN8BaySTjQ655sJeQF6E0aRtJKgp%2FTzoae2uaDQ9BeHqfXhUmJqfJlFcnkC0DVXtW4tpIji88EKyhLhkmjngW4&ptyp=4
1115199343,A:PQC_20260918_A:HUI__1-0-0_PEO___1454958836,2026-09-18,PremiumEconomy,Vietnam Airlines,VN,1232,VN 1232,Phu Quoc Island,PQC,Phu Quoc International Airport,Terminal D,Hue,HUI,Phu Bai International Airport,Terminal 2,2026-09-18T13:55,2026-09-19T07:15,17h 20m,2,False,15701369,358918,16060287,False,https://www.agoda.com/en-us/packages/book?cid=1753802&pk=A%3APQC_20260918_A%3AHUI__1-0-0_PEO___1454958836&pt=AAAA.AAAADNONb0lw6T2PRVLcHWNeR5t5jA%2B7wiRLzgLBQk4LPBQm3cfLojxxwj2JIcC0NyMnNr5FsSpYAL2fbkq7g1OEj1zBdDVAFJSXl%2FKkMQzOKrxlIU8zxcqJQbINB%2FGS%2FgO99W0fVgovOB6DaDQ3Dx5OrfDagQHqQmsOkrD%2BqmZYh0luhZHRmEbmk7EtBKj1jmWgzx17tL2yP9mgEgtHrEiJoUTM1yp8ixsxZbwXZ%2BXYUpnQeFEEv3f%2BSSAI9psjmaNIlglLM%2BIRwcOg%2BSARQb9LDeOKut2zlpblabntmffwR48cQf0Sn%2FuWAOfY8jJ%2FtXUL8AtezmcQgTEIcBsxKcXnnt7xV8bi1GddhFgDzOWwDYJjnsH4Cep8UTIKBbRHX5GKxI%2FfWWmSYBtYz9kYD3HeMgP9lz9cTSGOgaBPeGihNUZTw%2B52%2F5iGvqLUjHYaXFOEWvgbOzlfHgIFhkAjVrv4U5TZ%2F7%2BoXEb%2F%2FD433CCjTiFd2s%2FGeMEE6OkItWNTn0WI54JlfqpEDfb0Sw%3D%3D&ptyp=4
961290858,A:PQC_20260918_A:HUI__1-0-0_PEO___1860383862,2026-09-18,PremiumEconomy,VietJet Air,VJ,442,VJ 442,Phu Quoc Island,PQC,Phu Quoc International Airport,Terminal D,Hue,HUI,Phu Bai International Airport,Terminal 2,2026-09-18T19:20,2026-09-19T06:55,11h 35m,2,False,16767182,0,16767182,False,https://www.agoda.com/en-us/packages/book?cid=1753802&pk=A%3APQC_20260918_A%3AHUI__1-0-0_PEO___1860383862&pt=AAAA.AAAADBOot2uF0MjCHhD5MuZeQapli7LqXuvuYnqxqr3FXYetTWaznfcL9ltNnnSblliASvBFj12AU%2FVBWcd7Sy3uMul9fvgE%2FR2lZaCrh756rQq6zdEyWNfS6sNRWBdebO4iNPVLF71jqJ5mrOYCgt6LAot2G%2B3EzoHD18%2B3H5oKf3HH1NzWYY2KJLNF9Puyvb02qKwRXi8p0nFvc82n44ew%2Bj2iDC%2FjfinFWjiuWqoTAJlJhqKObefjslRpBJQOb4JWsZvTWfSfrIyc5yXdasNRSJG66XhfL%2F1rgL9qlCEvJUq4E4kf4Urk58ls%2FFETt8ovvG%2F0p%2B1yJ3qC4FwyzWVB5eTiukA%2FF6hCCV9%2FrcYXqe1mOzAAKMoMhQYQJzUDOg60Lzx%2B%2BfwT1D4PGEJnQCqj0u0gRLI%2Bjr8EClrweGmoZ3zFaSWNGaoRe4I3Wb%2FWFrdX%2F4ueaFo4MHhKQ%2FswIoCM&ptyp=4
1453420473,A:PQC_20260918_A:HUI__1-0-0_PEO___1650461051,2026-09-18,PremiumEconomy,VietJet Air,VJ,440,VJ 440,Phu Quoc Island,PQC,Phu Quoc International Airport,Terminal D,Hue,HUI,Phu Bai International Airport,Terminal 2,2026-09-18T11:25,2026-09-18T21:25,10h 0m,2,False,17377828,0,17377828,False,https://www.agoda.com/en-us/packages/book?cid=1753802&pk=A%3APQC_20260918_A%3AHUI__1-0-0_PEO___1650461051&pt=AAAA.AAAADA%2BEbnb%2FV%2FNfGGLFQ%2BjFpBgv6jdbHPd0ZF2nWWBWM52ttQh2Elf%2B0bw8HqfdaWrp80RSUz4T5JDnldQrs44sOsYXBbAXs8vBZODvXwCDb9HfJ1AybPlyYK5LwQfRSA5WPguO3%2B8V%2Fya1A5nkssCYu9LRTozVIFw3MdNN6IWMq3qgkFRY5kKd7DqZ47yhCeJXGrKLXVKqJviaRWqy6tUg7LROeVolL51GJBO01sad6TNYzYoeTlD5lkvXOmTwgW2QQtR2P8Mzc6W%2Bbbf7hb8rB8lfHUSgD%2FUQtjjbJMyPhVoqBnC3OayBITM3bqci0bNq%2Fe5aqi11v%2B7sfiYGXH%2BNEFT%2BiW5pTQaBsEA%2FWrefbxBXnKGZeLzxAhW%2BNuKvKKQNcMz4ALd5URTQ8FsaIPVSLs2FBb8Vb7FGA3q90RPndRgCwNZZlBgPtJw%2F2IX4YezBKtb0HljQJ5%2BG7vDT0eIecO6BzQ%3D%3D&ptyp=4
1042112494,A:PQC_20260918_A:HUI__1-0-0_PEO___1348476192,2026-09-18,PremiumEconomy,VietJet Air,VJ,452,VJ 452,Phu Quoc Island,PQC,Phu Quoc International Airport,Terminal D,Hue,HUI,Phu Bai International Airport,Terminal 2,2026-09-18T14:00,2026-09-19T06:55,16h 55m,2,False,17582273,0,17582273,False,https://www.agoda.com/en-us/packages/book?cid=1753802&pk=A%3APQC_20260918_A%3AHUI__1-0-0_PEO___1348476192&pt=AAAA.AAAADMSmLyX9Uk4RTKHjWEAfNdmQxpY7jhJEaDV9WGkG0nvprYIwWXw%2Fzu1s7lJDMPUbQbVhe3w5svt6uFY%2BmHWdYMu3%2BXiDJ8XWgK5kTobVif5gXeRfy%2BG5nemfYVRwy%2BnRd3TTtZ%2BoEjF2UHSAIMI36LvoIwwPyluTTKjDxP0%2BPilJs6tf8k0okvfQRkioqjPu0ceLVx58xmqXf8ouiYlxS6Pn5qd%2FsrEYxVXhvYdDGhk6vXe47GSP7SVq3pjmYXS4MPD0IS5RELO6k%2Br7cEKmfIrbF6XK3arQdwOzmZC%2FCJ3LeN1pgHykN12DWAUY9GWgYLgd%2BDBnKD73CSognfqpzCHiIzlHrzD38WEQ6NgOYFBaYfbVZycLnOZR28rzhw1%2Baq1zS9aG0Gaq8Md3Cihq4FuGz6Kn%2BdjZSZ70OuVHCEcFf43fR06WCNHsYOLJSfJhXB6sgZffwS%2FKb33xb9aLMQoli0Df&ptyp=4
887228569,A:PQC_20260918_A:HUI__1-0-0_BIZ___1591027008,2026-09-18,Business,Vietnam Airlines,VN,1822,VN 1822,Phu Quoc Island,PQC,Phu Quoc International Airport,Terminal D,Hue,HUI,Phu Bai International Airport,Terminal 2,2026-09-18T09:35,2026-09-18T17:05,7h 30m,1,False,10180338,238059,10418397,False,https://www.agoda.com/en-us/packages/book?cid=1753802&pk=A%3APQC_20260918_A%3AHUI__1-0-0_BIZ___1591027008&pt=AAAA.AAAADBfqaulFwvzAdM2QUtaOncWkDAx4Q7aTXlgggI%2BCmzyQnFRI1dUUdGNhWAZKtJCRjCAWOLFkjZq7B6iRPiBqDrrGqoKM35W0D92CHWKGOl56GXJ85vS8Cy%2FSQEtfTH6MdJBfnNc%2BaNqjNq5z9M4XfBg7kESo9wcSaHx4ABuzi0zOyatSFvXYidCHHfVBNYZroGxj3Is9NpNgPQUpTOxgjUbSi9O1JCdIjkLAy68b3Zh3RyOwiEn6pI13oTxk%2FDOkaRXb9u7wvnrMemi7Hhio%2BYwgYhrj5NGDg1OJ8t7lYEq7MAUCXBTlZMIREJZL5oUpPcpMCtoQJnB5K3T5xwJZZrmkZFR5%2FWxpHBAjJJokeUWxPxOKTI3%2FpzDyWlDcPX6WIEI%2FKRzsyRr1xWbzJC%2BDILjjZx1YDQmfxXGiV5oNuxxDgADYtloIJ0sPx%2FtqhnTy3aI4A1%2BPCUMuNo7J5nYb2yETNUFGw3xdKaO%2BBCsUcda%2B53L9IyB1p%2F6VIbNXqbYzKLsqdepL07zof1nWj8Y%3D&ptyp=4
677542535,A:HUI_20260918_A:SGN__1-0-0_ECO___1113674056,2026-09-18,Economy,VietJet Air,VJ,301,VJ 301,Hue,HUI,Phu Bai International Airport,Terminal 2,Ho Chi Minh City,SGN,Tan Son Nhat International Airport,Terminal 1,2026-09-18T07:25,2026-09-18T08:50,1h 25m,0,True,1583125,0,1583125,False,https://www.agoda.com/en-us/packages/book?cid=1753802&pk=A%3AHUI_20260918_A%3ASGN__1-0-0_ECO___1113674056&pt=AAAA.AAAADFrFibgiS3vHn43XcFyKmU2zDFNmo1eK9Q2jivfJXYztmTHrb0NYz21%2FwtfzG3PKYImaEIM0cbfP83rpcYsZF6AtgUlnpzis94dlhbRh%2Fb5MHcS8ezvdKq0TTCn7XS8l0yLbbi7f7h6N%2FIToBQYqK8hssoRjpxHreBC9TggctX39SUkrBy%2FkvoSPRBJbq85g9mOX3e2MXOUOcSJk6x8luXMxq9MWR%2BeyvqYFyCOe7uv%2F4gy%2FOWZAggY1i19%2FCH7m6NpNgTypH5aiKEcWLYQuDT0PpaaI7Mj2%2FxMydI9D9wTF51J9VCtIeMaJACXZ5do0Wjb54jOOntK8BYproCHegKBTD%2FiWY6ZtNYtNmEgxitvC2FSAM9Q%3D&ptyp=4
46884869,A:HUI_20260918_A:SGN__1-0-0_ECO___1688409374,2026-09-18,Economy,Vietnam Airlines,VN,1375,VN 1375,Hue,HUI,Phu Bai International Airport,Terminal 2,Ho Chi Minh City,SGN,Tan Son Nhat International Airport,Terminal 3,2026-09-18T17:40,2026-09-18T19:10,1h 30m,0,True,1696475,2826,1699301,False,https://www.agoda.com/en-us/packages/book?cid=1753802&pk=A%3AHUI_20260918_A%3ASGN__1-0-0_ECO___1688409374&pt=AAAA.AAAADPKpJAa1KhCS%2FHGNY%2B1naJtSd79mlIW3DZL4UIzcXy1VgYY6H1XKOthvIfrqu7yzfRAdzvbuDccHdAkaVoaoNQ%2B4qWlUw%2BH6lIrt9lv5DAUZGDa2oNsyA1Zg%2Fmcw6IentCCYOy93H%2FaIf5x0PT2oWZVF4zCbyx3zwTlp%2BtVq46x6lRP%2B2vekdM0Bs%2BtF3InDwpAa33KX%2BRCi5vO3SixpKu2Jcv4kNRdHzvJ%2FM%2BwB9HvJJ%2ByTqxkLQSHL%2FO1kPXXw4KVf734X2jDJrDFUMUTsVMmti%2Bqf1C7nNIFaGIeIld4cTZaRftqWCSIZun%2FlBBqQvg2mRFsdW5GZkd9pvZpN5A%3D%3D&ptyp=4
302396028,A:HUI_20260918_A:SGN__1-0-0_ECO___1609888598,2026-09-18,Economy,VietJet Air,VJ,307,VJ 307,Hue,HUI,Phu Bai International Airport,Terminal 2,Ho Chi Minh City,SGN,Tan Son Nhat International Airport,Terminal 1,2026-09-18T16:10,2026-09-18T17:35,1h 25m,0,True,1823342,0,1823342,False,https://www.agoda.com/en-us/packages/book?cid=1753802&pk=A%3AHUI_20260918_A%3ASGN__1-0-0_ECO___1609888598&pt=AAAA.AAAADGdYTQIxnNN9LLog2eKI%2BiUm5WiQ5gVM6AP6kkyeAfBNz%2Fr7cD3eidK6UtKvdoZd%2FtAbdfZZHIpdBOYESVRkzr9a%2BGDHqRlsH4rwDkl4F%2F3sO6pKU0POVOLRMoys%2F3x70RbSTkl%2Fm%2FqWD61XIR%2F2jO6VBnmuC4maT7tltfiTvdYi9A4hXll4iJmpYzdTbOrG5kLX9101kd%2F5RJxDPJE6a55N2Z5PuierJMl%2BlZCSU4Y2n42%2BGtn%2BrlkTNf23V9z0ukB5MvazYx9%2FNUs1JxPh89V7XsZ1qw44w2AIoKRBPE9KdwdDKOyFvyEtwpGwU6C3a6dh1v47xr0qqTm%2BOp37W62rgaLREA6JkLxuuNbNUM%2BUk2aJ%2FQ%3D%3D&ptyp=4
448164445,A:HUI_20260918_A:SGN__1-0-0_ECO___826934200,2026-09-18,Economy,VietJet Air,VJ,303,VJ 303,Hue,HUI,Phu Bai International Airport,Terminal 2,Ho Chi Minh City,SGN,Tan Son Nhat International Airport,Terminal 1,2026-09-18T10:55,2026-09-18T12:20,1h 25m,0,True,1823342,0,1823342,False,https://www.agoda.com/en-us/packages/book?cid=1753802&pk=A%3AHUI_20260918_A%3ASGN__1-0-0_ECO___826934200&pt=AAAA.AAAADDeEEpwSu7xCZVgfi4psC6wVxbdO75k5%2BUmwmH0nrk%2F9xvFQ2AXf4hyDHOQnfzzRB2mFkPncHK4jcvIWZzISzSNvChoAtg1SX3dg9faMEGsw%2FsG1zuTeGwXfPFLc9AMgODoGpfJXhWRLgMNe%2B2pMAdMK1vJRJ%2FBjWFVvhP%2F7hVOAi91wupTUjqR7yJwVzdgzbfVCKzd2Z%2B2CP%2BTa%2FikUaNFowTSrrtO015Axy3SVcXKs7KFQjYzztSxNwMgU0f%2FmoLFztHgrcaugM%2F209zihMxhC7PZcWK5LE5sw6VCUhx4BkPaSm6%2BN6GCDdxsnU7vnpztJ5yD3RPrjpxdAK006hic%2B2vBLgujyb1q7kZ3REQf6r6Wj&ptyp=4
1288796305,A:HUI_20260918_A:SGN__1-0-0_ECO___1527661831,2026-09-18,Economy,VietJet Air,VJ,1311,VJ 1311,Hue,HUI,Phu Bai International Airport,Terminal 2,Ho Chi Minh City,SGN,Tan Son Nhat International Airport,Terminal 1,2026-09-18T21:55,2026-09-18T23:20,1h 25m,0,True,2432571,0,2432571,False,https://www.agoda.com/en-us/packages/book?cid=1753802&pk=A%3AHUI_20260918_A%3ASGN__1-0-0_ECO___1527661831&pt=AAAA.AAAADHTMUs0AN9jbS3ys%2Fga4b19T9mTaVSO8JDrgRlYOIvOI1X%2BE0EU1lW%2BKvD5JmMDDe4h%2FoGsCaKoO%2BviP6g4s%2BxZ1vND1dxC6pHne9SYr6EUCkVFqFJx6qHIRiJ2ncqFw9xYd2OgdHWpc%2FE71xkOHkS5vtFh6TnW%2B80uxY%2BDbxSeCFMRHivxSl69wsCdTU9Z5rExAvpzPDHQ98v7YXBYAQs%2Fx3cD6wBry3DQeLBWQy9QQ3RD4njIbDJBKSiXdsCWiLi9VHF%2BIzfx%2B77SVxO52gX%2B4i%2FfLZbnV5H4SDO1OgTfrNpgRO%2BASEow1zq9KEtnkdaYNGbCPFFwnHV9KICE881%2FiNUTxv1L5KteivaL0bzzAcH4%3D&ptyp=4
1271575080,A:HUI_20260918_A:SGN__1-0-0_ECO___218851690,2026-09-18,Economy,VietJet Air,VJ,309,VJ 309,Hue,HUI,Phu Bai International Airport,Terminal 2,Ho Chi Minh City,SGN,Tan Son Nhat International Airport,Terminal 1,2026-09-18T18:15,2026-09-18T19:40,1h 25m,0,True,2432571,0,2432571,False,https://www.agoda.com/en-us/packages/book?cid=1753802&pk=A%3AHUI_20260918_A%3ASGN__1-0-0_ECO___218851690&pt=AAAA.AAAADEZPQTRVL%2FNqArZ52jGGy%2FQoE5g%2FIP82pnYfjEbUVBBDDCC81JhpBjDh%2BzlvlMl8ZXXgx5QeV7WDRBkQgwyotFEF0Rd5%2FjBWumlv4xSKjQ8rBrkCXAl7hvkmhnSEXeqkPUgC4E1hidpcuUpIDwnxD4vLrmquKZ8vSsB2PmcKtiKjmoe81%2BJzWYkn70630JnVfyno1jYspmUOZOf4E00eRfcny2SC2FjSK0Xe3zMeQeA%2B44IwqSj40%2B0cWN2m9wPVE2v678Gd21jaDuKOMNcrpCQP4Pwpye7XCYN46VtU2Pu7pu8MwcxRfhKFBC2Gd6%2FYTSVXX9r39Bxq7KWQD%2FKHnvXMsqfkxhHiypOOSP9AzS119w%3D%3D&ptyp=4
1112903268,A:HUI_20260918_A:SGN__1-0-0_ECO___945067255,2026-09-18,Economy,VietJet Air,VJ,311,VJ 311,Hue,HUI,Phu Bai International Airport,Terminal 2,Ho Chi Minh City,SGN,Tan Son Nhat International Airport,Terminal 1,2026-09-18T19:55,2026-09-18T21:20,1h 25m,0,True,2432571,0,2432571,False,https://www.agoda.com/en-us/packages/book?cid=1753802&pk=A%3AHUI_20260918_A%3ASGN__1-0-0_ECO___945067255&pt=AAAA.AAAADKtCAK7%2BxbefxXcQT80as7Mou3rXhsqXbH5QSLCCodqC5BoCHrQi1jSSwi9RTlpNstTFNWF%2FTm1xNtY7emceOyxcepL5pv2eLNTFTsIWli54Oqc6Jh9CP53ioT8gDQ4GZReaOUtCFDcuuJ2pbKmFAfbNDLbtPtA2n2BfO450qCEdfEuMZgEK7%2FvkkssECG2SoLIszjzyBA%2B7ja1nXk2IrrVNWRyMhfiQAFNpFy6H1jAb0dgysYualVBvZMxLo5KmYsolqOqV%2FLTepWLG%2FWLFhzMpxa50D77pxzTV%2FmJ3EuQ6lzsHTaSWrjkclo%2FHTX26LyKjcDEa6tuk4STl1bSM9YNHlRF8ZQ%2F0Q8UQxAtxud7PTLU%3D&ptyp=4
100384080,A:HUI_20260918_A:SGN__1-0-0_ECO___753506322,2026-09-18,Economy,Vietnam Airlines,VN,6161,VN 6161,Hue,HUI,Phu Bai International Airport,,Ho Chi Minh City,SGN,Tan Son Nhat International Airport,,2026-09-18T18:15,2026-09-18T19:50,1h 35m,0,True,2476901,4125,2481026,False,https://www.agoda.com/en-us/packages/book?cid=1753802&pk=A%3AHUI_20260918_A%3ASGN__1-0-0_ECO___753506322&pt=AAAA.AAAADHUQdPseaO032GVXGZnk4IfUj2o5GSWZJ9KcjpvUksvdFlPgiLFQUahvT66EnH4Suz3UOXWFJgxAtwyirpOIz0vbDNUBCcq6LNdNw4x3J29NtKTReybMXvQ264vz0Xke4vjboUJgNbnIYLTdjQN8QLpaz5mGwq%2BB0zK4LaSjd7FjENkY%2F2g1poMzx5kr14Aada5KsiwpzX%2Fvp5z8LUmTiwmtSO0IvRwnu7ZCssy7KFocze8q%2Bj9nMuDOztE8k0dkt3pAHWaJTtY2mwArKCFlInNdbLyw0APlTN1RwegC5lpxCNb5i6XTqFKwwSGJfwZNzFyZCWad2frQ5ILSPjMbvL%2B4DO05owb%2BSdYn&ptyp=4
640491395,A:HUI_20260918_A:SGN__1-0-0_ECO___973872139,2026-09-18,Economy,Pacific Airlines,BL,6161,BL 6161,Hue,HUI,Phu Bai International Airport,,Ho Chi Minh City,SGN,Tan Son Nhat International Airport,,2026-09-18T18:15,2026-09-18T19:50,1h 35m,0,True,2803391,0,2803391,False,https://www.agoda.com/en-us/packages/book?cid=1753802&pk=A%3AHUI_20260918_A%3ASGN__1-0-0_ECO___973872139&pt=AAAA.AAAADD48QBdMz0CUjbmZUI0CBiWgn4%2BtaauyniSM25M6U1e3EqYF9OlGt2D3zb3yqAsonW2eRl8bk%2BeslZG0VyxBPObm2b3JC8JUI7j5opuibRy9FLS3iWFqdpCpBKgPBNNsAGtZtOK417aJoY3Ff5lhn4gzvJ8saZFQxP17vp3qa3kHxTzDYkGyeXgTjZwIIc1aDpo3BmISamQ42vKZvq2j56g3KygJlLwpBxQlJH77LM%2BOv%2Bqk5nfrG8VoWEEoSh%2BOeuW8fqJ555%2Fh%2FQ3Yw%2BbAaqQHM1m90l4WeoGYfB7NJmPgUrL4utzHa0KhOtJObqhn4J%2F8lkpXTZ6UmxqkJFQCBhg3S5MdnHDckjlJPLHSVYERcEA%3D&ptyp=4
1141572004,A:HUI_20260918_A:SGN__1-0-0_ECO___154153369,2026-09-18,Economy,Vietnam Airlines,VN,1367,VN 1367,Hue,HUI,Phu Bai International Airport,Terminal 2,Ho Chi Minh City,SGN,Tan Son Nhat International Airport,Terminal 3,2026-09-18T07:50,2026-09-18T09:20,1h 30m,0,True,2872285,0,2872285,False,https://www.agoda.com/en-us/packages/book?cid=1753802&pk=A%3AHUI_20260918_A%3ASGN__1-0-0_ECO___154153369&pt=AAAA.AAAADNnvg%2FGAq%2BhgGxaHYt043%2BAXzbtzKzCkMgAavT4yL6RiN9nAGUhlfVbAokavtC%2FgRseizmUqxmLXL3ADWa1uSZUeEELdy9D%2FCi5zum3TLMH0Ghe5A0KIujOvopXRZF9ce118wtmQYBQh%2BDkx4rkHrqhAGpc1V7Z%2F4PJ%2Fva4TNqqnPz4JK%2FG5uQ%2Bc%2B32DptajLBRsv83vMwR7cGXZqt1mji3IpmiKn1rW9p5dYeorRBWmlXNmz0xvRj%2BlrQM516d%2FnN5emPAj4nKgzzFZ3O3CbZ7aGvhJkxa222NSFh5NHFyQTEB%2BUbbSgQobyIrZwucK6KCvSQO7k11abeQSFdUDveVvubswDr9F&ptyp=4
747961566,A:HUI_20260918_A:SGN__1-0-0_ECO___703106813,2026-09-18,Economy,Vietnam Airlines,VN,1377,VN 1377,Hue,HUI,Phu Bai International Airport,Terminal 2,Ho Chi Minh City,SGN,Tan Son Nhat International Airport,Terminal 3,2026-09-18T22:15,2026-09-18T23:45,1h 30m,0,True,2982354,0,2982354,False,https://www.agoda.com/en-us/packages/book?cid=1753802&pk=A%3AHUI_20260918_A%3ASGN__1-0-0_ECO___703106813&pt=AAAA.AAAADDjGW7XKMu3y9Pz3or%2Fw1ek08uSK%2F2rQ8k%2FvKPLAQfdL6iqrOafJ0338TRcTCM8YjelEJ0lHsDQx5UrzNQ%2BxQU8L0WIy6VqPBlzn0Olgc8wS2nfqnspeGWUmdY%2BHABL23TisTeGCCmyCvlei7nZ3yz2W5QSQ%2FqdAMCXU3aywd5xBIneeDN8h3C50SHw15%2FhV7TrES7y8cQX4%2F25O6sZIsW%2BSNkYU2kR1raQPW34n9TAVFWYg4FsV1orgxV5YqxizftaE9OFBR8AWyYqk%2Bb%2Fcv5bCp3daz34j0E4vug5p4D6%2BARR5UcSG5kHeL83suZwZF4ICTpfpYM6wWgcVDHJTZcLJbkbDHQDk%2Bl5L&ptyp=4
454900,A:HUI_20260918_A:SGN__1-0-0_ECO___1531319955,2026-09-18,Economy,VietJet Air,VJ,568,VJ 568,Hue,HUI,Phu Bai International Airport,Terminal 2,Ho Chi Minh City,SGN,Tan Son Nhat International Airport,Terminal 1,2026-09-18T17:40,2026-09-19T08:10,14h 30m,1,False,4561075,0,4561075,False,https://www.agoda.com/en-us/packages/book?cid=1753802&pk=A%3AHUI_20260918_A%3ASGN__1-0-0_ECO___1531319955&pt=AAAA.AAAADJ2Y%2Bjowx8F7hRjxmcW7qtLB82G%2FFilGsH4NX4n4OlmN2qlpzEM5ogFmld80Ahvii6U2yB0b30vLmh90OcUNyyUL0ZTbbyIrFuBxLXZg8OYgvERA9exeuXIUG%2FnCdRLRtERP79e2MqwcCXedP%2BYvsMobUAWcmaSDqiXkDgUA2XJaqMTb0ip7VgxiwS6bhcyaSVg5gZ9qSeftA%2BThEVyV5CZR0W%2BfdEihoYYtgVBm9Lcse%2FbjHVnKaRHgUDbmiWNAmLFP2JXt1k7%2B9KmdznuFEjhuEJ9W%2BEzzXZXHwnBeQgDjqm1q8T6cbbG5MjD4xFCF4KkAl4N0TOXbLEQRo8Aj4XToikyp0As%3D&ptyp=4
1890611217,A:HUI_20260918_A:SGN__1-0-0_ECO___1383092690,2026-09-18,Economy,VietJet Air,VJ,568,VJ 568,Hue,HUI,Phu Bai International Airport,Terminal 2,Ho Chi Minh City,SGN,Tan Son Nhat International Airport,Terminal 1,2026-09-18T17:40,2026-09-19T09:10,15h 30m,1,False,4561075,0,4561075,False,https://www.agoda.com/en-us/packages/book?cid=1753802&pk=A%3AHUI_20260918_A%3ASGN__1-0-0_ECO___1383092690&pt=AAAA.AAAADBtsrwjKYflb7lA5jH108l4u9RpZvzRNnrQ3f4TatS9%2BZYD44J0lT1vNeq%2BSbz%2B0fSv9NAdGP%2FPjeopGiczTCeu3etlZOWs4PdgrciefCpTIaNR8uy4oUBAge%2Bbgize0oUWXMgHY3TR%2B%2B1iH2Dy2pT%2BcuWW7kBw8gXDFYJvuxPrN9GQm7rWhmFG3AdO8ksgT67EYjDeNNkkFozL4UGe%2BVMKbYd%2B1VoKbF8eoPiKa1%2BGsQ7Jfc9wF%2Fox7ym0LJxpAr36S7zFli3D14OI%2BbDWF3TbgauiwPVCs6MYm1KhCFvFH6C5bQZzoLpZbhLfmke1ZRjn3v%2Bwno%2F3jr2enlCSkeC7Nn%2FTgghExIIc%3D&ptyp=4
1333769439,A:HUI_20260918_A:SGN__1-0-0_ECO___1292318450,2026-09-18,Economy,VietJet Air,VJ,568,VJ 568,Hue,HUI,Phu Bai International Airport,Terminal 2,Ho Chi Minh City,SGN,Tan Son Nhat International Airport,Terminal 1,2026-09-18T17:40,2026-09-19T10:20,16h 40m,1,False,4561075,0,4561075,False,https://www.agoda.com/en-us/packages/book?cid=1753802&pk=A%3AHUI_20260918_A%3ASGN__1-0-0_ECO___1292318450&pt=AAAA.AAAADINvQo%2BsmOW5DvSeZOf5bFNqUPR6UTJTdxK1FBbj%2FiHoi1SLZyPRea1zrnhZNzPTSTxgCz0xplQiQBuvOW4nIrmtI7hkQIom7DE%2BVM1MuVYJ%2B%2FPfTzdSvA37NWD9hIOFvahr%2F4AmRXOJmkN8j6eiirvSfFTqkPUhNHLl0gV3qM8jY21JwTJ9OG9jyDiJZFO5e0wiz%2FiXPRx%2BH0HXkARunB4x7L%2Fw3oPTWTJtOiLzhfZd7qe2u%2B4L6GEF0n5Mrp8cuPaUL14sNtTS2%2BFCPy%2Fc9G5aYN7gpq3ZWOdIK60K6pxhRZr51w%2BkOxPN2XXwaa%2BZxHAmFPiPkaZykdMDWEMRXzwaOBOoVPznTQ9M&ptyp=4
1657278155,A:HUI_20260918_A:SGN__1-0-0_ECO___1650074834,2026-09-18,Economy,VietJet Air,VJ,568,VJ 568,Hue,HUI,Phu Bai International Airport,Terminal 2,Ho Chi Minh City,SGN,Tan Son Nhat International Airport,Terminal 1,2026-09-18T17:40,2026-09-19T10:55,17h 15m,1,False,4561075,0,4561075,False,https://www.agoda.com/en-us/packages/book?cid=1753802&pk=A%3AHUI_20260918_A%3ASGN__1-0-0_ECO___1650074834&pt=AAAA.AAAADK9tcFg0AwSn53rh00kWdtnvv8bpzz92%2Bmzqz1sAgql%2BIA8aZuAA3XTQZa0WSShljcCxcAtICwwQ%2FzADzssW16IDQTdVhCLr4MidVLWZJUHHplI97c69gF98OFeh9ytePxDb0Me8mF6qU%2FiARRvA0H%2B5TBU5SpoPDoIDZseRQ5IzyogsC%2BkRmEO9UvrG3B8h15VHM08BpZjDrsb3WZaulvHmTsSYE%2FUJSMbw7WDlBMGLmHiUXv6bmbURVStPbAJJB4czG%2FafI6ZgNXFpN5fKyySAmGmVbybSP6HmifyiiiMuSsPzaSq%2FmVa9D6ihSHi%2FbGM2NZES4QH8gZDVrHdy2dKD3V6hZUV2R1s%3D&ptyp=4
1150696743,A:HUI_20260918_A:SGN__1-0-0_ECO___469410030,2026-09-18,Economy,VietJet Air,VJ,568,VJ 568,Hue,HUI,Phu Bai International Airport,Terminal 2,Ho Chi Minh City,SGN,Tan Son Nhat International Airport,Terminal 1,2026-09-18T17:40,2026-09-19T12:20,18h 40m,1,False,4561075,0,4561075,False,https://www.agoda.com/en-us/packages/book?cid=1753802&pk=A%3AHUI_20260918_A%3ASGN__1-0-0_ECO___469410030&pt=AAAA.AAAADPUyao7HWvhtexc%2F7IhGE1Id4x7eJz7gHNkw9zx4SoMJ5fn7X5bcK5VkxrLT3P5JIMs488ShJW0sgnMZ1s0175VHQenvziEhGD6XXOTBozD8WMENIZ7g2rizEN7AorRRH6stlGpEyFZ80InUuBfBiTv4WVB%2Bnwj51fBxZzTeqPgRgCvevNwM72pINWtQWCTP0jOBtkiJLl8IHAdzJ0brMHYokxF9tiqU4%2By1j5R2AZluK%2F2jyGjfcgf1YVmECqxcc7XEIfVE2XWbdHEOIB4O3qEqiAUNV0Lsi%2FtFB9Sp9dFjRUWGb1goqjdxf5IcT34bKmQYqr8m2NVzJFvQ6SVGrdNTprX0Q5N2OGo%3D&ptyp=4
885378933,A:HUI_20260918_A:SGN__1-0-0_ECO___826009367,2026-09-18,Economy,VietJet Air,VJ,568,VJ 568,Hue,HUI,Phu Bai International Airport,Terminal 2,Ho Chi Minh City,SGN,Tan Son Nhat International Airport,Terminal 1,2026-09-18T17:40,2026-09-19T12:20,18h 40m,1,False,4561075,0,4561075,False,https://www.agoda.com/en-us/packages/book?cid=1753802&pk=A%3AHUI_20260918_A%3ASGN__1-0-0_ECO___826009367&pt=AAAA.AAAADLTi%2Fc5c6cTR2FW%2BeYm9qE8S4qPtRXhIAYt1x5R0rKh6eWtuwkHV5HP7GxPy2bkQbB2sB7BeuP%2BjNg%2FxCqnguMzlryl9%2F%2F0tXTfm0htRqLRWd8W782TNofov0mhduVbUsXDwfbuWNxwm499um9jV0%2F%2FzqTkTZ8tdwWZH6F0%2Fe1s17hs9uImp9f5xhB0REtwUQlm8hjxbTd14TjSV9UzkCPHSYD8PynG3d4yzx0%2F%2BoDUZ0oNaVzUOtQV4Bd84sCnvy5FZtFfSbh%2FYbayhbvvKHrsJCdw0S2eTnakRlp5uc%2BcXzFEpe7Km%2FYGwS63lMal4HHVjUD0aptMF7KU%2FFptf1iNPs5U6oHhj&ptyp=4
1935620643,A:HUI_20260918_A:SGN__1-0-0_ECO___2139286704,2026-09-18,Economy,VietJet Air,VJ,568,VJ 568,Hue,HUI,Phu Bai International Airport,Terminal 2,Ho Chi Minh City,SGN,Tan Son Nhat International Airport,Terminal 1,2026-09-18T17:40,2026-09-19T13:30,19h 50m,1,False,4561075,0,4561075,False,https://www.agoda.com/en-us/packages/book?cid=1753802&pk=A%3AHUI_20260918_A%3ASGN__1-0-0_ECO___2139286704&pt=AAAA.AAAADDKmDRYthDopi%2BjunC4b13cK11rIQaHjaeRASolYvW0aI2df3mMLA%2BKpoathy5z8EABAxG%2Bnut6WWLTv1KMTKRD%2Bwzv%2BLnZ%2BHfSZuFysqWyekgXn7xiklThMY964nTj4iNLdDECKWXhIbjadnPXIJ8ugGVg7bd95K2qfeazi%2F3%2Fwr1%2FxLXKWDmvve4%2BlSFV756lOi5YFPruK%2BIW4CIbDPtNaSMT%2FgQkkXLB1eFZImEDXHyNmBMfYayjex0IH0%2FdhABbHgoNSFfMbumzezf%2BUgDlWwk%2BIp7Olp2oPCQ7H%2F3fViWE2hTIdIHovUuHXHV%2BRm%2BqjykXtW%2BZPFstogl5t%2BO76nAmQU%2B0yIYA%3D&ptyp=4
1319655367,A:HUI_20260918_A:SGN__1-0-0_ECO___965974193,2026-09-18,Economy,VietJet Air,VJ,568,VJ 568,Hue,HUI,Phu Bai International Airport,Terminal 2,Ho Chi Minh City,SGN,Tan Son Nhat International Airport,Terminal 1,2026-09-18T17:40,2026-09-19T14:30,20h 50m,1,False,4561075,0,4561075,False,https://www.agoda.com/en-us/packages/book?cid=1753802&pk=A%3AHUI_20260918_A%3ASGN__1-0-0_ECO___965974193&pt=AAAA.AAAADI1t2QEJXCTPj33oZkFttpHtbtjfpLBdyj7HgpdtGqiqOT8FbtH%2BPNcMUuP%2BRMJypWh6CPQoBhvWD%2Bc20Qf0%2F03YrX5sASAfd35tqWc7YluG6RvoTQsYZM46Ojif5YWCOxZk3uVw%2FtCSMWNE5q%2FyWa8YCjCKzpd6es%2FfPwINIpjvQI4mcU2n02QAeVOmd9CB1%2FedC0hiUhneqgru2S1mkV9022eb7%2FVMFcNjKYuwSdOXBF3BV%2FI09Eu6Bovgoqo5Hh21%2F5lxIqX4SQoD2fBrl3bBOQpwaVLzDpwbTyoKOTs%2FMMsrmExJ%2FNHFeUu137drgm%2BUaeePyoVHBV6y9KFXpc7z346%2FUG5puOU%3D&ptyp=4
1031075323,A:HUI_20260918_A:SGN__1-0-0_ECO___1978122653,2026-09-18,Economy,VietJet Air,VJ,568,VJ 568,Hue,HUI,Phu Bai International Airport,Terminal 2,Ho Chi Minh City,SGN,Tan Son Nhat International Airport,Terminal 1,2026-09-18T17:40,2026-09-18T23:05,5h 25m,1,False,5098626,0,5098626,False,https://www.agoda.com/en-us/packages/book?cid=1753802&pk=A%3AHUI_20260918_A%3ASGN__1-0-0_ECO___1978122653&pt=AAAA.AAAADD5j8BtMgZIcXz26AwmseF%2Fzw4NLqKCUitXYU%2Boh7vxuf%2F38z05mQd8F51PrkM1%2Bx8ZFborkL%2Bx1dm80Tba%2B1OM3w3TZC%2Fb0d2n3ox4M%2Fbfhe3mC%2BMJhsKmjskofc4RvTSXAURKOokgZqvfdidoRnGx1Vgx2HCbG%2FUSRg0uVAFoQU4ynne%2FNpfBMBLjnttUarXtG2pTE2GXIPoS%2BwVACXEcvc3U4gOTN3mae%2F0UCFRw%2FgYpkwEwG8sauXG%2B8SekS%2FYHS32S1cEOWxi%2FOg8lochUFI6Mfshu08jSC1qzCngmfi4%2Feb%2BkETp5gkNNIfKsQ28k1gG33nogOrR14W1jxXmsLKwxSkZQsg%2B0hnM9JzPhj8wYxdbJspok%2B9dOgqe%2Fm6MXj8JDMBtjEeOg%3D&ptyp=4
1811652053,A:HUI_20260918_A:SGN__1-0-0_PEO___1113674056,2026-09-18,PremiumEconomy,VietJet Air,VJ,301,VJ 301,Hue,HUI,Phu Bai International Airport,Terminal 2,Ho Chi Minh City,SGN,Tan Son Nhat International Airport,Terminal 1,2026-09-18T07:25,2026-09-18T08:50,1h 25m,0,True,2813601,0,2813601,False,https://www.agoda.com/en-us/packages/book?cid=1753802&pk=A%3AHUI_20260918_A%3ASGN__1-0-0_PEO___1113674056&pt=AAAA.AAAADKfY4ZtVYbK2Ss5F0BWRV8LvEZQ9A40DjpTrdk09KXaa%2FTFUuV2xVp6k%2BVutam6K8mqOXT1PSikjCHvbKb3BBe%2BHGQcUncqb7%2FrdcD25RzJ%2FD6WKg7JDSFI8hizTmilqxZMc4CiVWiiTHEr%2FMatIsfwtp9T6d%2BuWsIBDlesbffGqUhazWe08eiZ34b7pdN%2BdMk%2FdHr02gnhqCUjYWLrwtP485d1OPOiiIi7rgrEyuw2iOs1gDgbHWcZ00W1NyrnxN8%2BuHM908nl1LJG8JLGyNRJPYkWXGhmyr25FM%2BvLQjpKjtELf2HeLO9FI5dkf90BWXtwm62%2BJlURPMf5TSEyGH2AREQfJ426OnRj992PrA%3D%3D&ptyp=4
996473215,A:HUI_20260918_A:SGN__1-0-0_PEO___1609888598,2026-09-18,PremiumEconomy,VietJet Air,VJ,307,VJ 307,Hue,HUI,Phu Bai International Airport,Terminal 2,Ho Chi Minh City,SGN,Tan Son Nhat International Airport,Terminal 1,2026-09-18T16:10,2026-09-18T17:35,1h 25m,0,True,2813601,0,2813601,False,https://www.agoda.com/en-us/packages/book?cid=1753802&pk=A%3AHUI_20260918_A%3ASGN__1-0-0_PEO___1609888598&pt=AAAA.AAAADA5Eoioldlhq97LDFYztO2SPGJ%2FrByb10RZZmh3FRtD4T0FopFGJDRgyi1UlZA2hfdgBPVRDvOCeKWm5b3KkKjuCaB1P0uZr6E3ewzZk%2BZeu6pp%2FR6uP1q75bKN47arl32I1p%2FJ0HlxREaJWfsWFq0NYZTB0hUx2J%2FxcF9vNOqq63JVveQT3A2c2MMl7svHSZ44%2BDYL1Q3%2F2I592y3midHFMu6Ch4lc5ryzgOvEN0C7U9o5ytZiSbi4gLV4cv6e2ZbK%2BVK7GF9oFQpuNNk0eW884apKEG2TYGGKoVwZcKLSEV7YTtUOoxMalL3Zjf1zCNJOrQD%2BDy3mfGrXlStcmolma%2BL9WnRMLRPwrMofC&ptyp=4
1295511493,A:HUI_20260918_A:SGN__1-0-0_PEO___826934200,2026-09-18,PremiumEconomy,VietJet Air,VJ,303,VJ 303,Hue,HUI,Phu Bai International Airport,Terminal 2,Ho Chi Minh City,SGN,Tan Son Nhat International Airport,Terminal 1,2026-09-18T10:55,2026-09-18T12:20,1h 25m,0,True,2813601,0,2813601,False,https://www.agoda.com/en-us/packages/book?cid=1753802&pk=A%3AHUI_20260918_A%3ASGN__1-0-0_PEO___826934200&pt=AAAA.AAAADEKqSlWJhd1dM79bWNop%2BnbRMiYH4%2Bom5zankGvCf1IHm5c0qb%2FpS7tEt5NHBHUUVVc534zN6%2BTdeHKaaKfqfQvAKcHZ3xbSz5yWY1OBM5zWfbGUQKHS%2FgaHTtgkZvcHUVqfcMFj%2FWTN6UzaC4nmhSoBB%2BUkWZ1FEZfcfs%2FHEFNMCv6CipdGUXwLvK6YGqaaatROM1yOiU9CWkkwf7cNEUhRZV3Uoj1TbwuUd7WgfRDF%2BtkhZOs027h4jSn8cccF0C627KNx24HZ6mIxaoC6BYa4xVYLgoBRdSCRMwDZbumo1wkPASzkGGU795pWCQLs5TmrxCRwt7cVKSqEdz1%2FtBE4Ic6tdvXqwuSQySg%3D&ptyp=4
1955199377,A:HUI_20260918_A:SGN__1-0-0_PEO___1527661831,2026-09-18,PremiumEconomy,VietJet Air,VJ,1311,VJ 1311,Hue,HUI,Phu Bai International Airport,Terminal 2,Ho Chi Minh City,SGN,Tan Son Nhat International Airport,Terminal 1,2026-09-18T21:55,2026-09-18T23:20,1h 25m,0,True,5064004,0,5064004,False,https://www.agoda.com/en-us/packages/book?cid=1753802&pk=A%3AHUI_20260918_A%3ASGN__1-0-0_PEO___1527661831&pt=AAAA.AAAADDm4cVf4nnDujx%2BljzKswQo%2FmfGxpAxwWUU%2FcAPL7JXi5vC9YG5da1VnDXehPRNiDWIjK%2FZhJnO8bCmrtl1KqkLlrZvUwwinGPHPLgwdGPaF1vUspQiZ5nwnNV7qi0bGnie5ePF1p9lUbQHgIsE3NsvqjAk8eLWQtweMiQ5sLQ3oxGBjEEkKbbu0aDywMeDEB5GanBGNCZgDKo3GueqrrfXnlZUbQyhofK5ELfQdDND54sQbV39Xwsk9rqlAu%2FgSIMOKSIivf2NgXT4Q2x4c8VYEWXrC70STX6gYcWIbDml7wujFJ6%2BBDPeVTNaKDL7emUejoE84X4u68%2FTm7khkoKtksxp5y2wElwA6jMY%3D&ptyp=4
353463090,A:HUI_20260918_A:SGN__1-0-0_PEO___218851690,2026-09-18,PremiumEconomy,VietJet Air,VJ,309,VJ 309,Hue,HUI,Phu Bai International Airport,Terminal 2,Ho Chi Minh City,SGN,Tan Son Nhat International Airport,Terminal 1,2026-09-18T18:15,2026-09-18T19:40,1h 25m,0,True,5064004,0,5064004,False,https://www.agoda.com/en-us/packages/book?cid=1753802&pk=A%3AHUI_20260918_A%3ASGN__1-0-0_PEO___218851690&pt=AAAA.AAAADIijOGVF2cGpBG6Ei0vOWnKXFnGOYMUi48tBNVJjdLUKZpY1cLLk7qlWUDIQXyfehLw0hIRfpxFPdarmyWObQQ%2BwfviNErnXCjkP2dJNSzvtaxp%2FmX6e7RbDACsgQdYK%2B3FXGc7pfIFNzo8Rsxbf%2BhIUdHzB%2FK7wRzNV36syF7CBBLF88LDMTj5BEfre8MSk2Nsk4t%2Bp4fNZRMcL%2F4L2IM2ET4mXz1JecsZ0Dd%2FNc2awKnoRfEHBPklEaBC6o9LyY6HW%2Fz8oEut9J4l3e6R3a5P4NtSfmtTPRAPKsiMf1yggZ5uJ8QdqiagdcD40ClUbZXoD9yL5cNXLAv6Iw1YJ6i7nreIwxKWfQ0WC&ptyp=4
1527516458,A:HUI_20260918_A:SGN__1-0-0_PEO___945067255,2026-09-18,PremiumEconomy,VietJet Air,VJ,311,VJ 311,Hue,HUI,Phu Bai International Airport,Terminal 2,Ho Chi Minh City,SGN,Tan Son Nhat International Airport,Terminal 1,2026-09-18T19:55,2026-09-18T21:20,1h 25m,0,True,5064004,0,5064004,False,https://www.agoda.com/en-us/packages/book?cid=1753802&pk=A%3AHUI_20260918_A%3ASGN__1-0-0_PEO___945067255&pt=AAAA.AAAADKsk%2B7YOEkB8%2BlvF13vkoJeV7hPZj1Exsf9BRTb1hUGDNgM30Xi8GEYjilHKrt%2F%2B5rpa0flye6jElYkMi60jCA9TrT7bDdC2KStkbQI4zUe6GT1A92UWp6e%2F44xKEsBTKn%2FOPtqsFSnRxiOYEKm1W4Qp%2F7M76vRh7NMjjJgnDSO7u8Ggs5HTys%2F%2BUmgzKnCcGr5QNrKspaiH%2BdL9zZcgDwiYkmGcDtWkFYcLYQuU3ywzHIzRHaC08OR2Bbs2GN15CSlvMo%2Fx3AoWCavBjodAD8mUajvrOtlg1UoY%2FL6ERdEUUlzSIPre29gkD6kDFZpnAR9iCvoIPT6sKR20lVdlBwXAg2DV%2Bq%2FFT7X7&ptyp=4
2039953670,A:HUI_20260918_A:SGN__1-0-0_BIZ___703106813,2026-09-18,Business,Vietnam Airlines,VN,1377,VN 1377,Hue,HUI,Phu Bai International Airport,Terminal 2,Ho Chi Minh City,SGN,Tan Son Nhat International Airport,Terminal 3,2026-09-18T22:15,2026-09-18T23:45,1h 30m,0,True,3222227,0,3222227,False,https://www.agoda.com/en-us/packages/book?cid=1753802&pk=A%3AHUI_20260918_A%3ASGN__1-0-0_BIZ___703106813&pt=AAAA.AAAADPh%2B11RZAmtToVSAzT4QqCYDOXGXz3bUYZGAkbe%2FxVCjRXyPnGsSTS3FxpM8UZPnrgLt9KBFkqv8L7OfY%2BkPNxuf7FMtKTMQsE5%2FvWhwlrre%2BTSUl%2B3LSukhwo83F%2ByQ2st33TEvxyZrmQTnb%2FDdklgzC8%2FeBM9hv5c5DxkJLI%2F9xYVzmSQ9Z4Gcc%2Bk87r7xhgw%2Be%2BWgJ9t6F7TTVEfpLCzEsO9B3KSODMde3yRCiUsuUJ8tJ8CTmZmS9zNofA2gm1Ue8h9TUZvnjEOecx6nIh4KnyjJs59pde0KjWaq2udg4XBbsQduMOurY6YXUAwGqO%2BlbPvLyU1BndAHW6uoV5YntSe7Lw2hKpMx0UE8X6DhzwBNx%2BhqkBw%3D&ptyp=4
1062872652,A:HUI_20260918_A:SGN__1-0-0_BIZ___1560470944,2026-09-18,Business,Vietnam Airlines,VN,6161,VN 6161,Hue,HUI,Phu Bai International Airport,Terminal 2,Ho Chi Minh City,SGN,Tan Son Nhat International Airport,Terminal 3,2026-09-18T18:15,2026-09-18T19:50,1h 35m,0,True,3313368,0,3313368,False,https://www.agoda.com/en-us/packages/book?cid=1753802&pk=A%3AHUI_20260918_A%3ASGN__1-0-0_BIZ___1560470944&pt=AAAA.AAAADAGSq3eSd%2F5TzIFGzbRVknIKuvBkB513z%2Fh56Jztp65lQDaV03ItxoN8h0UDSLdeSi1rMh1XRSsUkNI4IY9LBS7HRKW3DjSWBaqdMFBXJNfdD2xHco2OKP5F5rgIuadU5%2F5cWtPu7OQKT8qUpXiK2iI7O%2BtBqyxnoMfndnm9qXQ%2B1KJ1M%2F%2B%2B5XLr6zpCdb31I%2BHO9k8v%2F1i2Nz8mjF99uZis1mGmCNi2eD0hg%2FGHcGwb641hdXB0dW%2Fj3RTWGs2j40FI8eapgoDrG9I1i7BTtUKjKR2SLCzEEhqnM69s2RP5GUpmrQSUcxRiDMvg74Ah3nY9nzK%2BVkZAE6glvo7pVLGWprf%2F4Uv1bQjnwrmyTkvp3QYVx8%2BbrSHbiHHpWA%3D%3D&ptyp=4
307366946,A:HUI_20260918_A:SGN__1-0-0_BIZ___1688409374,2026-09-18,Business,Vietnam Airlines,VN,1375,VN 1375,Hue,HUI,Phu Bai International Airport,Terminal 2,Ho Chi Minh City,SGN,Tan Son Nhat International Airport,Terminal 3,2026-09-18T17:40,2026-09-18T19:10,1h 30m,0,True,4079006,0,4079006,False,https://www.agoda.com/en-us/packages/book?cid=1753802&pk=A%3AHUI_20260918_A%3ASGN__1-0-0_BIZ___1688409374&pt=AAAA.AAAADGAmKOdgg6pIEDfcFLw2ei2kDd4Z5PAh8OdY2S6B8eK8C7YtsO7OKbp0dZobKdZZh%2Bz9gmQd3zEEYj65vPDUSUVOIWAQMB34b7QhOQQvjhI3bHuMN1M33Z7vvKGZu45or%2BVrnG6WHHncOtZGt38h3F3lseeW5YruEK%2B2yvEnClU2zt5WSMzd0hj%2FekxC7Kd3Ud%2BH1nhvBGbLpwOX8GX%2BAxagdBE9czEhvC9A4DS9FztScWGs%2F0zwkT8Bk7w1O%2F0bKMeKqblCUM0ZURcux6gJbdvz%2BYiEWtvO7UCgnKw%2B2m60%2FsjQTBY0IZyh55f1BtDpPxNAixWdKAzKokfFglzTwfnFCL%2Bmsjyg&ptyp=4
1813870894,A:HUI_20260918_A:DAD__1-0-0_ECO___1210873054,2026-09-18,Economy,Vietnam Airlines,VN,6161,VN 6161,Hue,HUI,Phu Bai International Airport,,Da Nang,DAD,Da Nang International Airport,Terminal 1,2026-09-18T18:15,2026-09-19T18:05,23h 50m,1,False,4393462,29469,4422931,False,https://www.agoda.com/en-us/packages/book?cid=1753802&pk=A%3AHUI_20260918_A%3ADAD__1-0-0_ECO___1210873054&pt=AAAA.AAAADKq7YyCBaAYXCjRlcSipLuJmDie5%2FvmnrLNVkueV3jZCXQ7QyCuQCsea9lZMoj7PWT0vuYcKbLIf%2BhW7ydri%2FPyrbJgO53LBCyrc8hkGqWJY4HBb%2FSkm6ieJPJ7iSIYg%2Fkeyl4M%2BL%2B84kJ1%2F%2BWk5P9N%2FED7CUBrVBPfhPj%2F6ZHMPmj7QAhg7dGPKjzeYuG8uNGdShCxWrIpJDsqmP5icZSco2srHOxs7vHBHnAggCQfudosOBpvJkspPhmcncWw2fW5thp8PZpU%2FavOpNJR%2BCAlEZVysEw4njwTX0kkzz4EwzUgpqYy1%2Fh%2B542SGRaNjOQtne5X%2Ba52pnGCrKffpTzkUgl4lJU%2FpnbEMUBqzMzhxalZ3o1HXy1JTHGw%3D&ptyp=4
574757887,A:HUI_20260918_A:DAD__1-0-0_ECO___1283639963,2026-09-18,Economy,Vietnam Airlines,VN,1375,VN 1375,Hue,HUI,Phu Bai International Airport,Terminal 2,Da Nang,DAD,Da Nang International Airport,Terminal 1,2026-09-18T17:40,2026-09-19T18:05,24h 25m,1,False,4393462,29469,4422931,False,https://www.agoda.com/en-us/packages/book?cid=1753802&pk=A%3AHUI_20260918_A%3ADAD__1-0-0_ECO___1283639963&pt=AAAA.AAAADKiutnQV%2FygfCzXjVYsLxSlTi2Nc8cxCHYMaLkUKFFZbxiby2%2BmMIgNfunnGgEaKg%2BWR4M8p4L9Xx9URFIA6BuAQFHNq%2FMAU%2Bi%2BNC8Rf0ZjsYusPJgUJ2ejvRIgq6BAT02r7i0ONwtCyrnIwijiqqc2%2Bwb3n%2FkR49RXUQ%2FR7tJwT3ddYQM7PS7wu4t0mFwiVyCUwj3R3BULaAfcY5xXYH9LhizKp2P6OI4960%2FvbFqOlwZLJIjYVJWpCtRPPrPqL8Rr1ojXGTdKBHoAYN6x%2F6zmSeFgbjXdnW07ymBLRaNVY2MsyZ15kkGJMgAAd8qNxJJ5rO32jTaMn9OMILY2QBGDvC5LrFRSJkngmXM%2F0bs24s4rxbufP6hs%3D&ptyp=4
1335344036,A:HUI_20260918_A:DAD__1-0-0_ECO___1281131635,2026-09-18,Economy,Vietnam Airlines,VN,6161,VN 6161,Hue,HUI,Phu Bai International Airport,,Da Nang,DAD,Da Nang International Airport,Terminal 1,2026-09-18T18:15,2026-09-19T10:25,16h 10m,1,False,4987375,8307,4995682,False,https://www.agoda.com/en-us/packages/book?cid=1753802&pk=A%3AHUI_20260918_A%3ADAD__1-0-0_ECO___1281131635&pt=AAAA.AAAADKM939FjM5WU2EQ8MDgLrquktaMw24Ty0FjrVXpa0mnf%2BhVKljJ69X5sbO5Ml%2B%2FQE%2F0d1Uf4S3yxMb2zfSxP12kFOTx3HCOBvRsovY6yR%2BSBzfEKVj9x9Mf6gPl62Lg9p7YL2P9%2BSLgUL6ZIEUzYyK2%2BrmPxTbOkuILF32pQPx1rh7wm5%2BW3YYClmGn2bvZqsqqks2za3YlD4jNE%2FkkXpSt3WiNCudM7O8q9lfG8fErtbms%2FMAEDwGKTM29DWPYCyNF6oz9i5%2BjBT4lZY6Hfd9%2FsijY2GBWz0BVwQV3neeH%2BF9pPP%2FStDxuOnqOawUvcKA3pRQuB3VZYMB7PDrKtouzaqkSKf7WJGfc%2FyXNu9xA0lTx7%2BkNmesj8&ptyp=4
249598102,A:HUI_20260918_A:DAD__1-0-0_ECO___350165044,2026-09-18,Economy,Vietnam Airlines,VN,1375,VN 1375,Hue,HUI,Phu Bai International Airport,Terminal 2,Da Nang,DAD,Da Nang International Airport,Terminal 1,2026-09-18T17:40,2026-09-19T10:25,16h 45m,1,False,4987375,8307,4995682,False,https://www.agoda.com/en-us/packages/book?cid=1753802&pk=A%3AHUI_20260918_A%3ADAD__1-0-0_ECO___350165044&pt=AAAA.AAAADHHUcjfdIEfSS3%2FyGRyB5X6BpS3VjpvZ5AG00FeUPdAJc29MkkqeIXHynZ%2BWR8I5yBnwmwiU%2FDKezt5udskGHkg5TO4N9JwJe6qYX2xtby5Hvog9rLlQSk0OBB%2BFrTTsFeQVuvb9sAb4P%2FGHauFzOv%2FG8VDfH67bi9EJqwNcZKnmNCzlt%2FcPpASGfSXydlkD8Mn0AtXjoyBFbFySQP5FopZD%2BkBmrxgDQegNgCCyHhKOrxdBBp%2B8iB6Kqv9cYIV3SDETLj3DMtUd096vGslsujFv%2BD7rBf8UpzlZaP0xgbmmS1ekDl50PFKD5e5p9QecuVIJxj4YLUePAEeR1Q3wl67WSnWPghcN38RH4oDNkO7yF3fLkBwAKQ%3D%3D&ptyp=4
1942266756,A:HUI_20260918_A:DAD__1-0-0_ECO___773224807,2026-09-18,Economy,Vietnam Airlines,VN,6161,VN 6161,Hue,HUI,Phu Bai International Airport,,Da Nang,DAD,Da Nang International Airport,Terminal 1,2026-09-18T18:15,2026-09-19T09:20,15h 5m,1,False,5325825,0,5325825,False,https://www.agoda.com/en-us/packages/book?cid=1753802&pk=A%3AHUI_20260918_A%3ADAD__1-0-0_ECO___773224807&pt=AAAA.AAAADPqe4szXbHczK49Eq02vm%2FrLd0sDUdpfMZc8EImBTb671ZQbOLNWq2U6sB8TuI7sGv40pR3ct4H5qwU%2FpeAMVo6H6Y%2FgRu43nmJoNZO%2FtCuo2lWpvNSdVsL4vFvPdFwA5ohv5ZPOhRDtVL8Z%2B6Zd0kYVw95NYe3aWTFupvoFZFjIDeIrP1Mvx9Jyg%2FBk7sLfFGEEK%2F2vX5yCrBIEyvI8aqk4UvdodqLfpCWT3YAPxlBTSYbWIvjqRcNeNU1sF%2BQ4pqAWFf8Nvo4tk9SSuMlj7j%2BIhnCKfRlMfQu6tjwgDTSOhOEn3N310pUyZ4QMIl5zJJ9BiQO2bYc2%2FftnX8eUeR60NLpltIWGkUsc4Q58mFPLH6Fn06wuZCE%3D&ptyp=4
248392014,A:HUI_20260918_A:DAD__1-0-0_ECO___974583523,2026-09-18,Economy,Vietnam Airlines,VN,1375,VN 1375,Hue,HUI,Phu Bai International Airport,Terminal 2,Da Nang,DAD,Da Nang International Airport,Terminal 1,2026-09-18T17:40,2026-09-19T09:20,15h 40m,1,False,5325825,0,5325825,False,https://www.agoda.com/en-us/packages/book?cid=1753802&pk=A%3AHUI_20260918_A%3ADAD__1-0-0_ECO___974583523&pt=AAAA.AAAADA6sYY5J938NnxQAD3n2gGpH9uR0VEPizxzWAm%2BrdK0MnsDFjoza4aTdofMn6YPXlPJ41%2B7UZajFs4gDjjZQHs1Exi1GbnLKEpb4WLJUiHVqM2o5BhyBBAguiBlOZVn8aGLw76NnqZ9ZPIwtUeNS%2Bhoo%2FlP%2BlJ5qJvsKpBIWIbgQGBGbIpYUlIlA3%2BesHf3izGRI1WOaopIOgcytVSuZGZScJINtqEj9JCoTP3xXwhhu2dd2OjKPGCSXfHumC8tiQr8IsHCjWVhCgrma7fI30gd%2F9yOnu67c6vq1f%2BZ3ik7Ubsn0nRgK5qRxDatfk8qqIGFglAZGWeKKB%2FB6JSR9h2z1Y0V3tq%2Bb40Iknk3Hu%2FG0CtUKg5p%2Blw%3D%3D&ptyp=4
280884963,A:HUI_20260918_A:DAD__1-0-0_ECO___1256837599,2026-09-18,Economy,Vietnam Airlines,VN,6161,VN 6161,Hue,HUI,Phu Bai International Airport,,Da Nang,DAD,Da Nang International Airport,Terminal 1,2026-09-18T18:15,2026-09-19T12:20,18h 5m,1,False,5325825,0,5325825,False,https://www.agoda.com/en-us/packages/book?cid=1753802&pk=A%3AHUI_20260918_A%3ADAD__1-0-0_ECO___1256837599&pt=AAAA.AAAADLyr8i0EjzpWIm%2BuFd8H8psDjDiYPItuiEcJwgtwyj%2FEnQchyRuYKdTvJMrPon5cTqZlv67XatfIxnhgXYFQ14MINVHNRP%2FNsBdKCgoRB%2FzIJs1AdsOL1v1YsORA79c%2BVRz8PHGtjlvduJVG9vP45xD4auvItTKBXCdKSeGnMRIojearx4SoqbTPDpgLiH1mDNNI9fbhNov4XIJmn%2FjQ%2BDqzIJyFtjemEgrk%2BlQsYq5%2FyzfYOBe6sPTeksIG8EZCi4a2ggsJOt%2FYJ2vxeDyK71hdnvPdGwrf6%2FZUR6dyK4xJy5ywRgUE9bBQf8YxDdKQTlNIkgusmwt0bXMN%2BTJSpmQ3IryhYxOut75UrjIiAc84v%2Bls00P85ZA%3D&ptyp=4
1912810626,A:HUI_20260918_A:DAD__1-0-0_ECO___452141335,2026-09-18,Economy,Vietnam Airlines,VN,1375,VN 1375,Hue,HUI,Phu Bai International Airport,Terminal 2,Da Nang,DAD,Da Nang International Airport,Terminal 1,2026-09-18T17:40,2026-09-19T12:20,18h 40m,1,False,5325825,0,5325825,False,https://www.agoda.com/en-us/packages/book?cid=1753802&pk=A%3AHUI_20260918_A%3ADAD__1-0-0_ECO___452141335&pt=AAAA.AAAADKndjtCOsmC2JyJAtJMLE1%2FepLku8iKw%2BVUWSRxhkJbpf6UXa5MDLnCAA1uiQyI%2BWtda6YAmpJBCA9E3pUCg2IBviCDpTHU7rFYSXZbUNFaYT75dhtlh8iVO1uQBSFkxUWUNK4rRb6e6gIY1%2B6aM6WW7S%2BFCmI15qm4hoygZUQ1KgPxLiWpZ5SrR4BEUbjqB4Lg4oah%2FUWMbE41%2Fh6u9lZDbKjF8fGkzaK1YAUXJFnQHrp4gz1NB8uhoABNyu8tuoZnyf8Jb5bfeXiCUYeJ%2BVeqx%2FpGV%2FH%2FVzfiQnfYletG%2FsX03LX9c2KvR6thwQXCRoXlTFKRqlhWKesVLJpGhjYNjsJmYpbcpmV00yibZZM3NQ3LJvSr3fvo%3D&ptyp=4
761852412,A:HUI_20260918_A:DAD__1-0-0_ECO___1530065298,2026-09-18,Economy,Vietnam Airlines,VN,6161,VN 6161,Hue,HUI,Phu Bai International Airport,,Da Nang,DAD,Da Nang International Airport,Terminal 1,2026-09-18T18:15,2026-09-19T07:05,12h 50m,1,False,5754797,0,5754797,False,https://www.agoda.com/en-us/packages/book?cid=1753802&pk=A%3AHUI_20260918_A%3ADAD__1-0-0_ECO___1530065298&pt=AAAA.AAAADO2KN53aDFp8supmeLYycdHFTp0rysTnnCqrXsKmx1KuMOnzdgX8pMooBCfKuRZLLCL6PqiQ8f%2BJyQ%2BYkvUM2Z3RKrRH6QlTwLrxRWf50TG3u8RnTSzM89alyF6PCOmD32oNh4%2FleZxXShpYMVMiRe3yKjBpL6f5c0Dv%2B9BEFqJAkAmf9is%2BPLGL3WACCFNdTCUpV9qeOzFBZKcZ61vRe7hTWKPLN37cFCE1yMBga4BAT7%2FL%2BfOyPd5Zv5RwUIy8htKstrXUj6TZZTr1FdsO87lgok3ArJGj1J9fKgG2DitbIZHKoqCsvoplcGgItVLWpgpXsUxsK8YNhr5InBjOVbLtRW%2B3%2BPJ190beYcwvyiwraQNdT%2Bok&ptyp=4
411112539,A:HUI_20260918_A:DAD__1-0-0_ECO___988374264,2026-09-18,Economy,Vietnam Airlines,VN,1375,VN 1375,Hue,HUI,Phu Bai International Airport,Terminal 2,Da Nang,DAD,Da Nang International Airport,Terminal 1,2026-09-18T17:40,2026-09-19T07:05,13h 25m,1,False,5754797,0,5754797,False,https://www.agoda.com/en-us/packages/book?cid=1753802&pk=A%3AHUI_20260918_A%3ADAD__1-0-0_ECO___988374264&pt=AAAA.AAAADIfzwgKN7PQ%2FU4L2r63QFE%2BLqmZmGAHKNxyAzBwzO0ugRKdmlHiDxILzSLGiaX33YSlNOlzygvSNY22Bs49HAOrvLdrl9X9rUAgx4DcQs0gbt81J2OUUGJrL82S3M4uLFT%2B80JenBt93Gk9tOIkYsb0novFtKa3X5HJCAKKKHewoBOIbIhNZeIsISiUXYF8MYE5HiofkcKCttlqpk70J5dKA7yH1JOKiwF2e%2Fi2PUbrj6yc9yQqlMyQ9ue0goo2qkoVL%2BHCxmte2IDJWTg0cyrAR%2BNAIrTD%2FT4bKKvZxFHM%2FwBC3pXPIoQUzFwIQ6X4l0wNFrQ%2F5gCf4MJtKhXHt%2F%2FHnsL%2FfP1aWBfoP7AcgWi17qcV8L%2F9c&ptyp=4
276140486,A:HUI_20260918_A:DAD__1-0-0_ECO___259320328,2026-09-18,Economy,Vietnam Airlines,VN,1375,VN 1375,Hue,HUI,Phu Bai International Airport,Terminal 2,Da Nang,DAD,Da Nang International Airport,Terminal 1,2026-09-18T17:40,2026-09-18T21:35,3h 55m,1,False,5903350,0,5903350,False,https://www.agoda.com/en-us/packages/book?cid=1753802&pk=A%3AHUI_20260918_A%3ADAD__1-0-0_ECO___259320328&pt=AAAA.AAAADEu%2B0erPi%2BWZEc5A2XSKzNKwTP68tchpYfzNC1IkFYfTslkLAZqSvJZF9ir6q6Wko5hE5YOCcD%2BIxddxbA5%2FAd%2Bd2HjBr65I0vqh3FeL0lzmpJdPD1HkynfIxGtW3rZ4BJFQdVB4tfS9CURjihNTBzq6O%2FeG2l1NbSGOlSoqwXAPBWOYcZ7humQHBNq%2BSnE%2F5DHKHmAqRdR%2BDUHYZ6hE9Xyk1hCcL%2BIKvy%2FTNAuzx%2FYY9sAeIwmf1%2FGl08Nvr894NRvwXG0EQ6b0ZGH6q8w1pYS1xDKGsdjt4zrseBzqVkp0dnLnvqumyAQXV9PymRNeVwn0%2Fvy15161k0%2BDvCOrQ8wGly3vrs9wtVmV1WdNZ1aCzJeMpbfGBA%3D%3D&ptyp=4
1237434329,A:HUI_20260918_A:DAD__1-0-0_ECO___579459604,2026-09-18,Economy,Vietnam Airlines,VN,6161,VN 6161,Hue,HUI,Phu Bai International Airport,,Da Nang,DAD,Da Nang International Airport,Terminal 1,2026-09-18T18:15,2026-09-19T11:20,17h 5m,1,False,6188076,0,6188076,False,https://www.agoda.com/en-us/packages/book?cid=1753802&pk=A%3AHUI_20260918_A%3ADAD__1-0-0_ECO___579459604&pt=AAAA.AAAADC8e%2FiU%2BZWd%2BsQdpmmrp1Sd050vJ0XlRQbzcFbzenDAkxU5uHhz%2BJ%2BRzhHg7bo2z2vB0jQQW71L0fjsA9OEAZw35j7o2myO1a0k86s1GGG4D0UxOAKz47vUy9oTJ7tJrqYwgi25On3ZLs50ww7Iuemz1LJVMA%2FHIIoiVqobBz9XeQ3NJaKhgL%2FxZMGk9divKXCRVfCg%2BP3jMf%2Buh8Kgwwyt2WZtNahNvlP4jUjHqw0GwGYokO9IthHnf1LJoLa4txBGnuPTG8uEcM5WEaL6emlKpeAQkSqJgGnjykC%2Fcycu0I0VlJcX4%2FzEV48xW0AyQwBTMfLMS0iYTwOYWjtS%2BYxgzTjnEPzSHrrcvipQ8FlF9Y1cRbNXU&ptyp=4
1474114492,A:HUI_20260918_A:DAD__1-0-0_ECO___1045243977,2026-09-18,Economy,Vietnam Airlines,VN,1375,VN 1375,Hue,HUI,Phu Bai International Airport,Terminal 2,Da Nang,DAD,Da Nang International Airport,Terminal 1,2026-09-18T17:40,2026-09-19T11:20,17h 40m,1,False,6188076,0,6188076,False,https://www.agoda.com/en-us/packages/book?cid=1753802&pk=A%3AHUI_20260918_A%3ADAD__1-0-0_ECO___1045243977&pt=AAAA.AAAADEOrREdJkSCzZeZUNM9x0%2BHjNAIuWxBCGQSP2KS7UGl5JEtiHtqpml%2F1%2BmjAGiTzYzLoO8Oj0YM%2FM0vtKcfYCffXq%2FyWtwRsLxgT2kt8Q%2F2Fnu7K5ttPgufif1Zbc0hbVtgrO63MYOlmCZgwLHw6F33QaaZbMjq379A%2F4AzvY6HwIqsMhtyTYjASPtHP%2BN%2B7qjcAKyocSAv9w2fcLVi9dq1gXVHNARz1oVNZVrvIoFBEoCISJiTIRuxDyzYxGPqh51%2BMf1O4vgzzcBDzFVWpK5bgneXWNx%2BcFkmV5CESKMKXGWALe8izwkiw2up9e7VIyb2aVdfmOd7%2BQuhRlOivlrJ5sSZYoYJhOR883dpqKWOFABx%2Bn%2F5Ttjw%3D&ptyp=4
201144485,A:HUI_20260918_A:DAD__1-0-0_ECO___1855049429,2026-09-18,Economy,Vietnam Airlines,VN,6161,VN 6161,Hue,HUI,Phu Bai International Airport,,Da Nang,DAD,Da Nang International Airport,Terminal 1,2026-09-18T18:15,2026-09-19T16:50,22h 35m,1,False,6565378,0,6565378,False,https://www.agoda.com/en-us/packages/book?cid=1753802&pk=A%3AHUI_20260918_A%3ADAD__1-0-0_ECO___1855049429&pt=AAAA.AAAADDwL7aonea7PReAIY2St6DFsvp4utXXvwQDUeNGiGid5i7CkmG2OpKzomOjODc4jqgELsfY%2FwrZFvF6abDSoJl9QGpzSVPjLUHZO1kxUr4NBAxqj5lvK0CmNfEC3GGA6hVyqTBVWBRMNf6qb8%2BO0%2FmJfCZFi7yvIpHkmohcfOcm60bfpz8b2sm%2FL%2BLpec7IWyFi5%2BFh9Mx42%2BIR%2BUN8uTbj%2BBXbAG5laVPJwIqq7qUZcNfClvVSsLabdMBEyfWma9GJ%2FhazEuMVT98yw%2FkfsAPM9PScn7d1KgriKlJElq%2Bgip64nQWh%2ByHZj%2Bek92ALyqcZz%2FeplHPK2CGwZStXrnZPY25oHBLFzLnbpX430%2FzedEAHQ1WevAA%3D%3D&ptyp=4
168109356,A:HUI_20260918_A:DAD__1-0-0_ECO___959773727,2026-09-18,Economy,Vietnam Airlines,VN,6161,VN 6161,Hue,HUI,Phu Bai International Airport,,Da Nang,DAD,Da Nang International Airport,Terminal 1,2026-09-18T18:15,2026-09-19T08:05,13h 50m,1,False,6909847,0,6909847,False,https://www.agoda.com/en-us/packages/book?cid=1753802&pk=A%3AHUI_20260918_A%3ADAD__1-0-0_ECO___959773727&pt=AAAA.AAAADMYA%2Be0Y%2Fmr0uU1H4qXuc5zQjDYjUnz3VH3Ux3XWqp%2FCFlWiuf4DknR4CFNxsFDndx6419cUUSbbC7cukDBBtEJrjW%2FJZmmR1Zg8mpCh9Z%2FY15ynVytj%2FhUSE5zmWkBK9y7ga6mzFj4PBTCCLEePVRAT%2FGj2X8JXPxW3J3TjsRVeI5K5WvOr396yTtEa8aFZF2UfB0P%2BrAQYYpjoMvjeM9SwrO8FOh9yLO%2F%2Fnd4iohfWk%2FuTFqkY%2FUxT9p1v7utFDrFfI8MAufkinG8kYsOv0SyY3LOIqbRXPusWXnGzacoInkCmuCXm9Gl%2BrtX4snvE8rXufPspvtS53CnUxV1nMrJzR2N5Ik%2FjS2aIpTIWnYTrquRo%2B3I%3D&ptyp=4
1003607251,A:HUI_20260918_A:DAD__1-0-0_ECO___1745145086,2026-09-18,Economy,Vietnam Airlines,VN,1375,VN 1375,Hue,HUI,Phu Bai International Airport,Terminal 2,Da Nang,DAD,Da Nang International Airport,Terminal 1,2026-09-18T17:40,2026-09-19T08:05,14h 25m,1,False,6909847,0,6909847,False,https://www.agoda.com/en-us/packages/book?cid=1753802&pk=A%3AHUI_20260918_A%3ADAD__1-0-0_ECO___1745145086&pt=AAAA.AAAADBDfLDm7%2Bvpml80jFxFVuC8n4ww8ZEjEiRjdEKmYlCTEHcJoM%2F8swX%2FCRPDehM3yvbmcbTh8DYLyhmRQ1AKEZnnJ9otB%2FBvrM6ogJ3PZ3Vyxk%2FEOFDKML6R8gJhIs50n4S2A7xJLYwq6jV%2BPLnTAzuWDkDP8vCaLXPIYlH077Expj52SC3JCg2wyYF6Zx1%2BWzWAfCymqheS6L%2Bc243ELi6bjihTZrq64i3ZsKNFSsvTaN1iolwtczZ6DDfOiW8tYpawMOJ%2BIfMoyD4L0dSJES5o08w%2FTH4XGXTc3%2FBOupYUAKBFOQ28DJTwgOtUhQaanLUFoQyp2unLWuC1vF%2BU94SRv9BhguH7LoEiLaLL1YUpaEd0tm%2FIBJKA%3D&ptyp=4
390816839,A:HUI_20260918_A:DAD__1-0-0_ECO___1692900407,2026-09-18,Economy,Vietnam Airlines,VN,6161,VN 6161,Hue,HUI,Phu Bai International Airport,,Da Nang,DAD,Da Nang International Airport,Terminal 1,2026-09-18T18:15,2026-09-19T14:45,20h 30m,1,False,7735767,0,7735767,False,https://www.agoda.com/en-us/packages/book?cid=1753802&pk=A%3AHUI_20260918_A%3ADAD__1-0-0_ECO___1692900407&pt=AAAA.AAAADIqZ2Aj2izCtxfdgnKMh7dY2ymTp6jEE9AekeGRm5HLwaECoLw3eeUCcpkzbolDZEuD1%2FUHmnMqJAJNf2PbqVwIxvPIbjPgxyhfa%2FKvphwl097HuoXrcRIlPkl%2F1EnhUF2AIDRZ9qt%2Bx22ZH8aKJYnn5iYDVy1%2BqSKshVFExNRjHhjh23UJHtAVo2UFpxfyJmZsrivPMOO6GaRjxJEKPAE7ydfLdzruotQbaF%2Faia31lCs9HTpALpZAvgtzplVNPuesr%2BanIlwmYBMMZ3ltMI8pAagd6o5SX0AzqdPTAwDvSgLvyVoRbGGGnJgJT40d4AxkswWTwnO8EyJ%2BM5NikyJtI6s95XMWOkvAEPvToloe2TGn8MMnW&ptyp=4
58820463,A:HUI_20260918_A:HAN__1-0-0_ECO___2047216289,2026-09-18,Economy,VietJet Air,VJ,568,VJ 568,Hue,HUI,Phu Bai International Airport,Terminal 2,Hanoi,HAN,Noi Bai International Airport,Terminal 1,2026-09-18T17:40,2026-09-18T18:55,1h 15m,0,True,2396701,0,2396701,False,https://www.agoda.com/en-us/packages/book?cid=1753802&pk=A%3AHUI_20260918_A%3AHAN__1-0-0_ECO___2047216289&pt=AAAA.AAAADHUULq2mT8ovmZ7AqjpmLQQS04m4ku8Vf8Qza7CFm4WUMDiCwfTLTmMygFiPrWOEd%2B82qoMoOxFXGGT%2Fkl9Qqltwvfh9nWzZz2JsVGIT57%2B%2B0o4WrkssIfFasDmBysBgcOWN1n9S3p%2FI4VDiY3UqpktedV1XXaUVieSVPlUVerI8BtYYHmi5OFIJIKSczyUSW8bkjvMpAf9EghyFnXv8WkCSG0SLms1geyNo0kM36whaTYrnLQ5fp%2Ba1ESf4lIT8CJ7BK5qDqHhf%2B6fb85kR482JnxVVT968FPKJt0LBFsnB%2B9iNBz7tqrK30HvSbw4OqmlwLxIiE7qWA4zbBX9X8XvTTumvdQDoxOK7KRGKKoH4awBn&ptyp=4
2019815004,A:HUI_20260918_A:HAN__1-0-0_ECO___411999462,2026-09-18,Economy,Vietnam Airlines,VN,1544,VN 1544,Hue,HUI,Phu Bai International Airport,Terminal 2,Hanoi,HAN,Noi Bai International Airport,Terminal 1,2026-09-18T18:30,2026-09-18T19:50,1h 20m,0,True,2835807,4723,2840530,False,https://www.agoda.com/en-us/packages/book?cid=1753802&pk=A%3AHUI_20260918_A%3AHAN__1-0-0_ECO___411999462&pt=AAAA.AAAADB2qRVp7aL9EI1LU5sD9NUJHIb5%2FqDXivujdGMdHPCcHcVzA3Lh24d81y2byKdGHeGLk7a3lT95z%2FOgo4WYUx%2BvTB35ESsS1KG%2BfBFNDUpQKGf2iseb4By7S%2BQlJ0VQKHaZ1v7jn%2B0OOhAyg2pBtUKdwHDQUfCqckFnPuVcBatZhkF%2FUllz5S5FY%2BI4KRMPzL15qMJeQPt3esIrWu1iWGq42aSuxr0tx9Gxd%2BAtOB02TnnMfbDpEOgBVJgTaM%2Fvu5401K53%2FXopLB%2FOORl%2FTi%2BZzM9YMYKZN%2Bf%2FA0UMWIGuU4gjm0wcj%2Fo2qIG4LModrHkyUcLePfAghGbxuSPu7Pz6f5PK5SQTn&ptyp=4
279627317,A:HUI_20260918_A:HAN__1-0-0_ECO___339078694,2026-09-18,Economy,Vietnam Airlines,VN,7546,VN 7546,Hue,HUI,Phu Bai International Airport,Terminal 2,Hanoi,HAN,Noi Bai International Airport,Terminal 1,2026-09-18T19:25,2026-09-18T20:45,1h 20m,0,True,3664726,6104,3670830,False,https://www.agoda.com/en-us/packages/book?cid=1753802&pk=A%3AHUI_20260918_A%3AHAN__1-0-0_ECO___339078694&pt=AAAA.AAAADNt8NYcZ9tLGf1gikgo8qOXPHFR0OOmYEgAaWfhgm%2BGX5WJMPLsLjUpRfTBXsZ%2Fcw6qF9YXAcaGnVs7vim28Fn4RiXO%2FYJfjpBiKD6Xn8WlHw6WW3veoG9kTTvD3V72Y94NROr%2BueUboMb87AqBmIuZLmhR5%2BTyIfNQmHFFJFBdN%2BNHj9IhTF9yPw72mjYO2cPKDNSIxTx0Eeu6Ny%2F2yW13I%2FAWv%2BfQfTUqU67jtP3qALpsDUHFkP5wagUnm9SBXAuJ9F1uu45gV%2B5mLaM4czG%2Fi16NRBCy5jA7QMQ%2FfMev0ftnK4%2F6JmYzEEd53SmboQWUNEZH5wE3PDaPqfzVK%2Fj86geAtO9vXkIgs8Q%3D%3D&ptyp=4
1649197092,A:HUI_20260918_A:HAN__1-0-0_ECO___1377691623,2026-09-18,Economy,VietJet Air,VJ,307,VJ 307,Hue,HUI,Phu Bai International Airport,Terminal 2,Hanoi,HAN,Noi Bai International Airport,Terminal 1,2026-09-18T16:10,2026-09-19T07:10,15h 0m,1,False,4146613,0,4146613,False,https://www.agoda.com/en-us/packages/book?cid=1753802&pk=A%3AHUI_20260918_A%3AHAN__1-0-0_ECO___1377691623&pt=AAAA.AAAADKB3LyHI%2FNkc8pIG2Dt%2FjP78qL8aX9jHcxCSfJutI8Rg8PVQW3Mpg24Q1rDQsTHtd4o3jOdQUTf7huOLTGhhimdtTT3IQCi%2F53%2BPqagS8zvico6WDjqWlQKkneAAzYIQxTjazl3H%2B7KtF2pvIgWgiwixR8FmXrxfr55ewPhIrcSkXHr5%2FWvQZ8Calg1ybvEd69Cjwz0JZ9zphT%2BbcbFdfwo5p9Yu2A9uQTImzb7hI4UoIT4fyRro%2FCC6x3%2BoZoHCpEu1R8OxEkXfWbgABGF1h%2Fsgdb7z%2FrR2DMb6CmBC%2BXMxOBmzX1ICvwe5NmjvvfRKjqB1vG88UY9QfKPKjEgb5CGtSn8pCTkJkMWmUVgwN4IIFdq%2BbZVRgg%3D%3D&ptyp=4
1284315954,A:HUI_20260918_A:HAN__1-0-0_ECO___1780203091,2026-09-18,Economy,VietJet Air,VJ,301,VJ 301,Hue,HUI,Phu Bai International Airport,Terminal 2,Hanoi,HAN,Noi Bai International Airport,Terminal 1,2026-09-18T07:25,2026-09-18T21:50,14h 25m,1,False,4536932,0,4536932,False,https://www.agoda.com/en-us/packages/book?cid=1753802&pk=A%3AHUI_20260918_A%3AHAN__1-0-0_ECO___1780203091&pt=AAAA.AAAADLY%2FKrexmoOvEN5WQ6Au0xaWbpMFmiMtPAUT8wkHpsKrzf9rIkcSrSID19YnXGUS6ZIWVHiTNTx5OJo6qv21W7Oc0ptSEd1nXQ2RwdGg%2BGLnsPlFQfRSnNdlo53CtFStIMwb9Dx%2Bf8WH%2FQ5Jz3%2BkxJtt3cOCW8MyXtoU3tu46vVif9vnfig2t%2Fv1dSo3OFviDzIZaBZW0o33KqjK%2FsYJ6XDl4giIQKY0%2Fmo9Xg8nFl%2B6%2Fm51iMUw4qU8Z0ybK8q7zLgJeKCnVLFPGXgcIilcyKwWa6fMJ6tQKg5XbgyJ65RU9EpAkl2Y45W9dzWQvjE%2FQwKUEC5f6f43jzQOiBuEWmxwY6ci7twk1VU4EBYthvUyIz17%2FgYa&ptyp=4
385656715,A:HUI_20260918_A:HAN__1-0-0_ECO___278199543,2026-09-18,Economy,VietJet Air,VJ,307,VJ 307,Hue,HUI,Phu Bai International Airport,Terminal 2,Hanoi,HAN,Noi Bai International Airport,Terminal 1,2026-09-18T16:10,2026-09-18T21:50,5h 40m,1,False,4774035,0,4774035,False,https://www.agoda.com/en-us/packages/book?cid=1753802&pk=A%3AHUI_20260918_A%3AHAN__1-0-0_ECO___278199543&pt=AAAA.AAAADOiluccQxaFZraidLyNgcUnRpOTKGc8x%2FmX2CUfUc1E0fLvKqI%2FNJv2n3s9hFkmuC%2Fik3wg3thiLnnxtDQcsthzK4MaKIy3i5yw8dChu6s%2FXvCKfZcIFDG%2F%2FcKO4cm0eBmO9bh9yv4EcdnRnNbYW80sXsFwR49Kag1np7w8Oo39nYIoDN5H0v5Qqgcr2iO7tM0BRUL8sTVQ3m6rLU56kYcxZtRBRnjfLY3jW8jYiQPH%2BovTP8OMk3GzEcTtpORtMiQtQbROwXGfhb%2F%2BysjO%2FO6w7v%2FRskIVGQDggj23d9pqryexONXP4j38MhbzMFeAcFg5cC7W16lL9qFEbc637cx84XtdjIKdGqvdg7uBYc47cnblqkg%3D%3D&ptyp=4
1828034207,A:HUI_20260918_A:HAN__1-0-0_ECO___1725017217,2026-09-18,Economy,VietJet Air,VJ,307,VJ 307,Hue,HUI,Phu Bai International Airport,Terminal 2,Hanoi,HAN,Noi Bai International Airport,Terminal 1,2026-09-18T16:10,2026-09-19T01:10,9h 0m,1,False,4774035,0,4774035,False,https://www.agoda.com/en-us/packages/book?cid=1753802&pk=A%3AHUI_20260918_A%3AHAN__1-0-0_ECO___1725017217&pt=AAAA.AAAADCcjtZhCdeVPUgJmUVKKRpNYICxHAP4c8NqT48pkSERNMsuFuE4Bbjidcj2%2B0mO3tapWaqjAji6E%2BjZmBOqyCIJxNn%2FOY%2BYVpCohDMK3SCgxEwV0hQQjiLAITN7%2B3ZZpS%2BC4FNGsoz5XY6pUkp5dUuCXaeGWd7HDqGCZqBizTakmVadhiZhLDHRSvaeSkpRII46b5Xx7AwX5%2FHMVIOgzuDJzaEXZ95dBZAAaeBfcgEgaf4%2F%2BYgeFvvn2KtROOUBxbsirPzsUU3d49eSjzhZj91bueHHSg%2FYsaRAuyK80%2Fu6pOzzCasXpEijCJV1I9bO5pMXq3xU8jUm2uqxRFY96TXAl%2Febp%2Bv1uqTlzXNfN%2BjxHKSkATg%3D%3D&ptyp=4
713100238,A:HUI_20260918_A:HAN__1-0-0_ECO___1723060031,2026-09-18,Economy,VietJet Air,VJ,303,VJ 303,Hue,HUI,Phu Bai International Airport,Terminal 2,Hanoi,HAN,Noi Bai International Airport,Terminal 1,2026-09-18T10:45,2026-09-18T21:50,11h 5m,1,False,4774035,0,4774035,False,https://www.agoda.com/en-us/packages/book?cid=1753802&pk=A%3AHUI_20260918_A%3AHAN__1-0-0_ECO___1723060031&pt=AAAA.AAAADHcI45Kl5tsbhAw12PgelbOtpeSwUT%2BBFk3d5GuRLFZrk9RFbtbnTyIJv9W7myfjyCMFXvwLiFIQAZDnuEsf9PVN%2Bj1v3LxM1lDK9yYk7FP4H%2F3zv7OOzIsCrhpaXw8XMcwgkst1zZQtEGG%2FbnEDv1V8MCX3D6FmUCB63AkXoRWmcMXaZx0qKCHapLX%2Fu43hkwXbjKovNqKd%2FGCmQdb%2FGIptgcWGsNGP3TsLH90Q8xeFxZUPeW3ircEtrtHeCwdVrFV8KRYb%2F8HJpWBDNKgIhjQlNEuLrJT2iv1q%2ByRyyYS8QAe5ZG4aiFTKdqxkch4W6pXCUBFdrDDFg1J9fjvh%2FzYYWxCA3KvWrDDdoOJltesxOzSDNA%3D%3D&ptyp=4
1741665344,A:HUI_20260918_A:HAN__1-0-0_ECO___468001197,2026-09-18,Economy,VietJet Air,VJ,303,VJ 303,Hue,HUI,Phu Bai International Airport,Terminal 2,Hanoi,HAN,Noi Bai International Airport,Terminal 1,2026-09-18T10:45,2026-09-19T01:10,14h 25m,1,False,4774035,0,4774035,False,https://www.agoda.com/en-us/packages/book?cid=1753802&pk=A%3AHUI_20260918_A%3AHAN__1-0-0_ECO___468001197&pt=AAAA.AAAADEPuDEC99SF0lLeTlphFiXyVq1vcnKimXTMVivaJI5hol41IE3EUdPuDBjgqfP0Gpk47q6lbZZSvdfL1X5zlokpyQUEM12AV%2BjEs8ih7EvX44vLHbHAxaWAs70B1Y6wD7j5fZQLFpN3atcTUMv1skG0DjyYczlBIEvfk1CrNWp1yDpr1S1XXC%2Bo%2Fv9pAYiuzwsM9bxp4yxhHJ0jzKNSx7RCnNopGYo9bCISPnZOZpmHKynRymFJwgOxarSyIMPoEJM47JiOurk7V2ohuDTRpDGKUpomSb48VxzL7an7oJQAANJzi20gJbl37lz09reTRKS1r7SgnG%2F8vJcpPYDsWflh6TUu0QIWRbJ4lBnSUNgDPaDMeqew%3D&ptyp=4
1011827655,A:HUI_20260918_A:HAN__1-0-0_ECO___890856278,2026-09-18,Economy,Vietnam Airlines,VN,6161,VN 6161,Hue,HUI,Phu Bai International Airport,,Hanoi,HAN,Noi Bai International Airport,Terminal 1,2026-09-18T18:15,2026-09-18T23:10,4h 55m,1,False,5897968,0,5897968,False,https://www.agoda.com/en-us/packages/book?cid=1753802&pk=A%3AHUI_20260918_A%3AHAN__1-0-0_ECO___890856278&pt=AAAA.AAAADGqYIbtPDl678Dk0QjDptgzsz9QlhMYU4jDQbXLoDnNGBCiegdQgTZCSaFS984hEld8oKcIu4fMsGsGu%2BalPXgqi0RS88G70T0pYC7Av8rIcU7zqkbVxJq4To3yEOQBXcXRZ%2F%2BWI3N3yQLc7QhCkNC4IqeKFUCSL0dYAENiJqsyAsmAjxpw0lvDHHwDh5LWlvg2iHOG5oHLcDaXdYXuvsV0su0CFNjSDOl2Axa26GVCPYN07hwNvjcTn%2B7tGgOASMVJJK0QoyxXc2FHJRAMDopg8gYlpKausuAIDe5BwQ9GjztbYWrvJajNrsFDh4ge9feNKhF3rm2g06GrfID%2BneFtiA85X0LopOyjBieh0fPDTtYfiOia10evVmnVKYAQpmxe6iM%2BRFGzft9wKEDKPDXrhiqZcrRmw6WZMZ7Y%3D&ptyp=4
945750338,A:HUI_20260918_A:HAN__1-0-0_ECO___994811543,2026-09-18,Economy,VietJet Air,VJ,301,VJ 301,Hue,HUI,Phu Bai International Airport,Terminal 2,Hanoi,HAN,Noi Bai International Airport,Terminal 1,2026-09-18T07:25,2026-09-18T22:55,15h 30m,1,False,6686713,0,6686713,False,https://www.agoda.com/en-us/packages/book?cid=1753802&pk=A%3AHUI_20260918_A%3AHAN__1-0-0_ECO___994811543&pt=AAAA.AAAADKXYRaNq5u9X%2BZfw9n%2Ft0%2FfFqJaLT44DhlyllbqlBJk41LL5Swk6BN4PDS%2FIkLi48VzlXH71MVT7nuxYfySZlCYZU9BqH7J7woGBlWmMQX51gkfrxhxfWUgnDQaaRQVHfdezF5Ig%2B8GszBW1slPiAB8jOzDpRm5Ssx8MUqCdpOwdUXkbmCI%2FqlaKkiz5Vf9xnopUap79Pip1rO9nIT4PRp28T8WXYN8GDKGvWBZvBJuEoP8Kxv2A0Wcc6CvVd6j5sPJdAprLTwBWwUfZGnNr0mhChBvO4YvxmW50DhWn28amyBf7F2I90UMtHJiToC6NpsuL%2BAYUx%2F6h94wXTwzyWoZvVYFm4IX%2B147Q58cKghrvU2N4&ptyp=4
345174787,A:HUI_20260918_A:HAN__1-0-0_ECO___436476890,2026-09-18,Economy,Vietnam Airlines,VN,1375,VN 1375,Hue,HUI,Phu Bai International Airport,Terminal 2,Hanoi,HAN,Noi Bai International Airport,Terminal 1,2026-09-18T17:40,2026-09-19T00:10,6h 30m,1,False,6891009,0,6891009,False,https://www.agoda.com/en-us/packages/book?cid=1753802&pk=A%3AHUI_20260918_A%3AHAN__1-0-0_ECO___436476890&pt=AAAA.AAAADOEbFwS384U1HCwe2jVu0EPTekjeXnQV0V5vEDVVAQBLeZmjP8jgJfPDbhY4Hv9yhbKzBuulL9G9AORr5Zljgx%2BgTUbMEhlBNiQeAvN1zkGufmENfikoE2QGuk%2Fp%2BuoaeGB95uKipGk91ID3DKj56GsgkTUm%2F2DBevNejd4D49q%2BCbSTJyTx%2FKfgWbxUx5L%2F4ptHMjRVdHv%2FuQNYQKCSybCeoRf2HuJnd72ovlwSEiXA3jKS%2Fr7Wxm0JBJ5j%2Fkl9wSq1vZ4VGosc56tmiaQzmSlPOaq8rFYjKZR1XIyi06EyLf4B%2FQ7BtbbKeFYiQEVzkExC%2BPpnBPQY1HjYi7EZ1N78YTUtLJ3Z9kSnItRQcs8zRSeCvv1tfVg%3D&ptyp=4
931168950,A:HUI_20260918_A:HAN__1-0-0_ECO___1055614390,2026-09-18,Economy,Vietnam Airlines,VN,1375,VN 1375,Hue,HUI,Phu Bai International Airport,Terminal 2,Hanoi,HAN,Noi Bai International Airport,Terminal 1,2026-09-18T17:40,2026-09-18T23:10,5h 30m,1,False,7172775,0,7172775,False,https://www.agoda.com/en-us/packages/book?cid=1753802&pk=A%3AHUI_20260918_A%3AHAN__1-0-0_ECO___1055614390&pt=AAAA.AAAADIBWpJqjZDLjXa0ooLnAOwfgtf95Hi4QapccMIDbWb7QEzer18Tept003Y2Z5SLvDOCzKxDLjtUgXVyEp7PvxonTGq4S1D7QUchKcazvtqsxqjANIQiCuPFvO16bV4zwMZcYiNXgp8mFV3kH%2BFQ6bJz59cJRt3Rb7F4l9cSo5x7SE9ACyNGNBnu2Nn%2Bv3u6SvcaPWl2GWHEK1JEj8Sn9iWcOUcU%2BaHfrI7tIk13z7Q43np89H4%2Bxz2QhZdwrn5F6m5EbrZoOQaFNetBNYANCffAZKqBAFINu4DQhqaV2JusZDLmotxDga3NIsNImEsgshPRKX5G%2FtUwIE6CnS5b2pbTUEkSNSCQDDkMjIrhCKEKFsNQzNyPZk%2FN0u%2FE%3D&ptyp=4
450775822,A:HUI_20260918_A:HAN__1-0-0_ECO___725611423,2026-09-18,Economy,Vietnam Airlines,VN,1375,VN 1375,Hue,HUI,Phu Bai International Airport,Terminal 2,Hanoi,HAN,Noi Bai International Airport,Terminal 1,2026-09-18T17:40,2026-09-19T01:10,7h 30m,1,False,7172775,0,7172775,False,https://www.agoda.com/en-us/packages/book?cid=1753802&pk=A%3AHUI_20260918_A%3AHAN__1-0-0_ECO___725611423&pt=AAAA.AAAADCD%2BI0RGkElq635jwY8uaXSaBbIgWmMVbRu8TOPIARnbjNhbrwwYwgr3CAi0yYqTGr2J4Q%2F3K7vTfJg9bS8zE%2FLeK2UeqGkpp5rGMR7Fl7VbLSweHWpI4TTL9bfIgczZFllY1mDh8qWlIS0co36OsnpxFZu%2BPo1dMBzAx1DVhHjvbuepFceEV5TtdYixuKU0E4NZVYvTxP%2F2Sc8qFYnuunyMPX5iyFplAxRjacH3bAf7m8Lzhs7cF%2B5fuaQqdAlz8OgYgZ%2BHDPkz2WzqS7%2FlWq1AG27IegmkampsS34MGWeYVuyKt5eLOEFpFCn24wzqWPtuNPduLSzCyiGVJLW2BVwYH%2FD%2FqrQW7zATHzbwlh1CLdLBpJ0nRZ85ew%3D%3D&ptyp=4
2020975233,A:HUI_20260918_A:HAN__1-0-0_ECO___70200581,2026-09-18,Economy,Vietnam Airlines,VN,6161,VN 6161,Hue,HUI,Phu Bai International Airport,Terminal 2,Hanoi,HAN,Noi Bai International Airport,Terminal 1,2026-09-18T18:15,2026-09-19T00:10,5h 55m,1,False,7619240,0,7619240,False,https://www.agoda.com/en-us/packages/book?cid=1753802&pk=A%3AHUI_20260918_A%3AHAN__1-0-0_ECO___70200581&pt=AAAA.AAAADK9zpXrQdfB2TxIVsAzJzA8sVz159YbWsTXMFsNhw6fWTDMWniZ9p3DaScMpy%2FznnguCFMtoq%2F7FbOeqjve6U6abeO2T%2FZGsKJQRP%2BvPTz5nkJMPTbgvtAgV9BwWnUnLxydRW7f7Ouc%2Boeq9hxwzX43%2FT4iAjE2ankoLsJCOq3ckw3ZYXHV2kGKZd%2Bp7DWx7ZaqNcXEKIdpMFqluzwt7wUGtR3CmIfMU4Xad0tEQfG76prYT0Tz5AinkHU4ecJ5gRjtXQNC7dNlDHGzSv5o0PXzvY4i1JKToVh5nASJfZupXPfQ0x%2FlzdvYIUApQM%2BurzyPYH43%2BM70ohY6icPT%2FqhfMTb0UPPcHgnfUWtey4mpJWIlLxGWIbJhT&ptyp=4
1893072686,A:HUI_20260918_A:HAN__1-0-0_ECO___1164966319,2026-09-18,Economy,Vietnam Airlines,VN,6161,VN 6161,Hue,HUI,Phu Bai International Airport,Terminal 2,Hanoi,HAN,Noi Bai International Airport,Terminal 1,2026-09-18T18:15,2026-09-19T01:10,6h 55m,1,False,7904773,0,7904773,False,https://www.agoda.com/en-us/packages/book?cid=1753802&pk=A%3AHUI_20260918_A%3AHAN__1-0-0_ECO___1164966319&pt=AAAA.AAAADPYJT7hZg8NNlWdvhfX01Jzj%2FK2u2DrGswJmNiTsfxOWfDjDJpwcZZ3SGvlOrgJXGH%2BL8quftN6F7rqVha7iHQ13qU3bTHXc5%2Ffgr96eVIlhdyttlpLYZnvW%2BqZL3zCh9HLyvl3uBk1NdG%2BOynFxOkTdwxeCC1VKnsVyX3OYcUqff87eu%2FiLOKVlhioD2%2BSFAxk4ItVvWtRU0N8o4YfxznYQDvu9FuRWU1hFnIj1FKgaHW0r8gZjmed6DlpZRiyUEGqmxfvDeFsMh4CEkR7RVojN14VaGzwteVJCqIfTnUWdHylJPNZHsrLPw21VY6aObbMVndG2Ta%2FN8cTiMXO620BIXN9DVoUVeY8UGkawcPW1Gk3lgXCqzo9BStI%3D&ptyp=4
769490373,A:HUI_20260918_A:HAN__1-0-0_ECO___284713014,2026-09-18,Economy,Vietnam Airlines,VN,1375,VN 1375,Hue,HUI,Phu Bai International Airport,Terminal 2,Hanoi,HAN,Noi Bai International Airport,Terminal 1,2026-09-18T17:40,2026-09-18T23:55,6h 15m,1,False,8914500,0,8914500,False,https://www.agoda.com/en-us/packages/book?cid=1753802&pk=A%3AHUI_20260918_A%3AHAN__1-0-0_ECO___284713014&pt=AAAA.AAAADCea7EZ%2F7lxkO9LDmXt2d4hqKY%2Bz95gKii5EWAj7lbf4sLHVkoCOAv%2F%2Beogu5PwmPTU298Xo5BXZv61aZGDVg5bHdBh1T4qVCtoOA68nQL9vNbr1Xcvilx%2BFKQaN678t9f1dGvPbcuashjiPN3iI5PbcPUpH4NEg2NbxG7kL1KOtuetlkct4QAk9guAvBgyPmF9%2Fhf00EL5U7bH9q%2FphafTrqpy5nuqx5ZDzKCHGnoAB6LBCg6INUBlvpuzQUR8X6l8xkBxSmJqzuiXuytaKuT0XcxIuMbRoY6tp5Guxu6UgCtt0z%2BTxef1BThMfMRTe4M8d6ouq83dLCF%2BXHFmdIx2xXeFckzcCHrgNmnGLYtryU3p3XpW%2F6IjZ&ptyp=4
392437407,A:HUI_20260918_A:HAN__1-0-0_ECO___1703713105,2026-09-18,Economy,Vietnam Airlines,VN,6161,VN 6161,Hue,HUI,Phu Bai International Airport,Terminal 2,Hanoi,HAN,Noi Bai International Airport,Terminal 1,2026-09-18T18:15,2026-09-18T23:55,5h 40m,1,False,9646498,0,9646498,False,https://www.agoda.com/en-us/packages/book?cid=1753802&pk=A%3AHUI_20260918_A%3AHAN__1-0-0_ECO___1703713105&pt=AAAA.AAAADM9Woop3PzEqMTpRM05rRYq4VjVnc9yp186skV2MLQRIerZFkpTO2vxSH8S8EzGoQCeFUlyQ1RWpY8mka0Sv%2BLNNeGSIoB1mNIJGVjqTy4qwCITaUAAe23BHZbfcjcRcckve50KuC8ApGKEyWvnskayjj2wLNhiX6p6BpR8JjxoGH7OQL7Ak2P880Tu35sWHFLzGZ8DQY5Xo5p59nq%2Fzzui1q%2FEIZEiQY8hQGlSEjPTUF2nyUWXHvyXDbYzTAQIgy4JrGke0bb%2FKxb2cFz7UqlOK5CwIMXQRoQqpD4sZeVoB%2BKkYkP6KACNfihu9HaxGUAKDdBNL3qS7c9awvkQtxOvVYoJ0UWgXbj8cV5y2pSHFh0Fgv1HjOt78&ptyp=4
563232239,A:HUI_20260918_A:HAN__1-0-0_ECO___743840921,2026-09-18,Economy,Vietnam Airlines,VN,1375,VN 1375,Hue,HUI,Phu Bai International Airport,Terminal 2,Hanoi,HAN,Noi Bai International Airport,Terminal 1,2026-09-18T17:40,2026-09-19T12:10,18h 30m,1,False,10077085,0,10077085,False,https://www.agoda.com/en-us/packages/book?cid=1753802&pk=A%3AHUI_20260918_A%3AHAN__1-0-0_ECO___743840921&pt=AAAA.AAAADD8ot2dPyiKC%2BsdrJ7YT%2F%2FaHgvwi%2F3rqQAvz6uXWgGfOUaoFj%2F8GJllVYgoH6ZD%2BkykUH9M4oibJdnfOd1f6hlh44lR4pMA88exBavwpMwo6NOP8pvvR2PGDRi9%2BfLGLmYmt5khjv%2FEw3uC4vFbQzSAB6THyBxM1sRx2eA2%2B9OUX6fMXBeHpa9Hrd4vOm4kjX81sOzDlYGNb721yM70vwq1aD2T31YEa2i7alKSDeaGvYvRfmvF3wlMlqdHzd4pi6pD3D6ymWrln4az%2F7wwrmwnbHn9zOmj47FQtoPFYNErlsHe1w%2BO0W4vwaKaiykzv9W%2Ba5JZegn3wfOhNjW9ePMVB8O3RbSp5TuCOrqQ%2BZtBmduypghbnFjpp&ptyp=4
601907201,A:HUI_20260918_A:HAN__1-0-0_PEO___2047216289,2026-09-18,PremiumEconomy,VietJet Air,VJ,568,VJ 568,Hue,HUI,Phu Bai International Airport,Terminal 2,Hanoi,HAN,Noi Bai International Airport,Terminal 1,2026-09-18T17:40,2026-09-18T18:55,1h 15m,0,True,4989332,0,4989332,False,https://www.agoda.com/en-us/packages/book?cid=1753802&pk=A%3AHUI_20260918_A%3AHAN__1-0-0_PEO___2047216289&pt=AAAA.AAAADAyoOUEU%2BQlUSWc0SVbgTVMh2C8y%2FHOMkfe%2BtZ4Ov5uSctt%2BnBfndQI%2B%2FzJ5QxtNczQeQnVhEgyXXcOoCzYaDNEczWDsoZXIRjyoUYZ9djJoWCmyTQaN1J6p4G6eSh8BdvNfmJCSeUy1iy7vH7rQfKNF4L8sBLI%2FegTaVLQQiS64TwG2E0y1K%2FVNoee924ZYkRuehnR0BuKNK1mvvRAsxrDxlOXf%2B1RjtfHaWJLAyrEEQDnqrgCQWPvwjI6hZrOLj7nzLqlk4vlJBgPpYdqjAnAvYaxbS7%2BLhMXobrn0SAKiNqkGpMoWHcFOTqEbMrEShc7GKdPjhV7%2BC%2Fs7lz95QBXkeT%2Bn3ez%2F0%2FPWacg%3D&ptyp=4
